2026-02-22 16:00:40,488 [INFO] Activator:176 - 


2026-02-22 16:00:40,510 [INFO] Activator:177 - !SESSION log4j initialized
2026-02-22 16:00:57,694 [INFO] LogOutputStream:77 - [STDOUT_REDIRECT] 
2026-02-22 16:01:04,202 [INFO] ApplicationProperties:184 - Using Application install path: D:\Documentos\Electronica\Nueva carpeta\STM32CubeIDE_1.15.0\STM32CubeIDE\plugins\com.st.stm32cube.common.mx_6.11.0.202403141607
2026-02-22 16:01:04,289 [INFO] DbMcusXml:78 - Set database path to: D:\Documentos\Electronica\Nueva carpeta\STM32CubeIDE_1.15.0\STM32CubeIDE\plugins\com.st.stm32cube.common.mx_6.11.0.202403141607\\db\/mcu/
2026-02-22 16:01:04,290 [INFO] ApiDb:274 - Set plugin database path to: D:\Documentos\Electronica\Nueva carpeta\STM32CubeIDE_1.15.0\STM32CubeIDE\plugins\com.st.stm32cube.common.mx_6.11.0.202403141607\\db\/plugins/boardmanager/
2026-02-22 16:01:04,290 [WARN] ApiDb:259 - Overriding images path with different value:  => D:\Documentos\Electronica\Nueva carpeta\STM32CubeIDE_1.15.0\STM32CubeIDE\plugins\com.st.stm32cube.common.mx_6.11.0.202403141607\\db\/plugins/mcufinder/images/
2026-02-22 16:01:04,405 [INFO] ApiDb:250 - Set database path to: C:\Users\USER\.stmcufinder\plugins\mcufinder//mcu/
2026-02-22 16:01:04,406 [INFO] DbMcusAds:125 - Set database path to: C:\Users\USER\.stmcufinder\plugins\mcufinder//mcu/
2026-02-22 16:01:04,408 [INFO] CrossReferenceDbSqlite:203 - Set database path to: C:\Users\USER\.stmcufinder\plugins\mcufinder//mcu/cs/
2026-02-22 16:01:04,672 [INFO] RulesReader:64 - Compatibility file has been processed (297 Rules)
2026-02-22 16:01:05,033 [INFO] DbMcusXml:78 - Set database path to: D:\Documentos\Electronica\Nueva carpeta\STM32CubeIDE_1.15.0\STM32CubeIDE\plugins\com.st.stm32cube.common.mx_6.11.0.202403141607\\db\/mcu/
2026-02-22 16:01:05,033 [INFO] ApiDb:274 - Set plugin database path to: D:\Documentos\Electronica\Nueva carpeta\STM32CubeIDE_1.15.0\STM32CubeIDE\plugins\com.st.stm32cube.common.mx_6.11.0.202403141607\\db\/plugins/boardmanager/
2026-02-22 16:01:05,033 [INFO] ApiDb:261 - Set plugin images path to: D:\Documentos\Electronica\Nueva carpeta\STM32CubeIDE_1.15.0\STM32CubeIDE\plugins\com.st.stm32cube.common.mx_6.11.0.202403141607\\db\/plugins/mcufinder/images/
2026-02-22 16:01:05,033 [WARN] DbFile:41 - Overriding database path with different value: C:\Users\USER\.stmcufinder\plugins\mcufinder/ => C:\Users\USER\.stmcufinder\plugins\mcufinder
2026-02-22 16:01:05,034 [INFO] ApiDb:250 - Set database path to: C:\Users\USER\.stmcufinder\plugins\mcufinder//mcu/
2026-02-22 16:01:05,034 [WARN] DbFile:41 - Overriding database path with different value: C:\Users\USER\.stmcufinder\plugins\mcufinder/ => C:\Users\USER\.stmcufinder\plugins\mcufinder
2026-02-22 16:01:05,034 [INFO] DbMcusAds:125 - Set database path to: C:\Users\USER\.stmcufinder\plugins\mcufinder//mcu/
2026-02-22 16:01:05,034 [WARN] DbFile:41 - Overriding database path with different value: C:\Users\USER\.stmcufinder\plugins\mcufinder/ => C:\Users\USER\.stmcufinder\plugins\mcufinder
2026-02-22 16:01:05,034 [WARN] DbFile:41 - Overriding database path with different value: C:\Users\USER\.stmcufinder\plugins\mcufinder/ => C:\Users\USER\.stmcufinder\plugins\mcufinder
2026-02-22 16:01:05,034 [INFO] CrossReferenceDbSqlite:203 - Set database path to: C:\Users\USER\.stmcufinder\plugins\mcufinder//mcu/cs/
2026-02-22 16:01:05,452 [INFO] MainPanel:264 - HeapMemory: 268435456
2026-02-22 16:01:06,020 [INFO] DbMcusXml:78 - Set database path to: D:\Documentos\Electronica\Nueva carpeta\STM32CubeIDE_1.15.0\STM32CubeIDE\plugins\com.st.stm32cube.common.mx_6.11.0.202403141607\\db\/mcu/
2026-02-22 16:01:06,020 [INFO] ApiDb:274 - Set plugin database path to: D:\Documentos\Electronica\Nueva carpeta\STM32CubeIDE_1.15.0\STM32CubeIDE\plugins\com.st.stm32cube.common.mx_6.11.0.202403141607\\db\/plugins/boardmanager/
2026-02-22 16:01:06,020 [INFO] ApiDb:261 - Set plugin images path to: D:\Documentos\Electronica\Nueva carpeta\STM32CubeIDE_1.15.0\STM32CubeIDE\plugins\com.st.stm32cube.common.mx_6.11.0.202403141607\\db\/plugins/mcufinder/images/
2026-02-22 16:01:06,020 [WARN] DbFile:41 - Overriding database path with different value: C:\Users\USER\.stmcufinder\plugins\mcufinder/ => C:\Users\USER\.stmcufinder\plugins\mcufinder
2026-02-22 16:01:06,021 [INFO] ApiDb:250 - Set database path to: C:\Users\USER\.stmcufinder\plugins\mcufinder//mcu/
2026-02-22 16:01:06,021 [WARN] DbFile:41 - Overriding database path with different value: C:\Users\USER\.stmcufinder\plugins\mcufinder/ => C:\Users\USER\.stmcufinder\plugins\mcufinder
2026-02-22 16:01:06,021 [INFO] DbMcusAds:125 - Set database path to: C:\Users\USER\.stmcufinder\plugins\mcufinder//mcu/
2026-02-22 16:01:06,021 [WARN] DbFile:41 - Overriding database path with different value: C:\Users\USER\.stmcufinder\plugins\mcufinder/ => C:\Users\USER\.stmcufinder\plugins\mcufinder
2026-02-22 16:01:06,021 [WARN] DbFile:41 - Overriding database path with different value: C:\Users\USER\.stmcufinder\plugins\mcufinder/ => C:\Users\USER\.stmcufinder\plugins\mcufinder
2026-02-22 16:01:06,021 [INFO] CrossReferenceDbSqlite:203 - Set database path to: C:\Users\USER\.stmcufinder\plugins\mcufinder//mcu/cs/
2026-02-22 16:01:06,114 [INFO] ApplicationProperties:184 - Using Application install path: D:\Documentos\Electronica\Nueva carpeta\STM32CubeIDE_1.15.0\STM32CubeIDE\plugins\com.st.stm32cube.common.mx_6.11.0.202403141607
2026-02-22 16:01:06,127 [INFO] PluginManage:196 - Search for loadable plugins [exclusion list=, ]
2026-02-22 16:01:06,141 [INFO] PluginManage:310 - Check plugin analytics
2026-02-22 16:01:06,478 [INFO] AnalyticsPlugin:253 - Accepted Software Licenses: 
2026-02-22 16:01:06,478 [INFO] AnalyticsPlugin:255 - Accepted CMSIS Pack Licenses: 
2026-02-22 16:01:06,479 [INFO] AnalyticsPlugin:257 - Accepted Firmware Licenses: FW.F7.1.17.0,FW.H7.1.11.0,FW.F4.1.28.0
2026-02-22 16:01:06,483 [INFO] PluginManage:359 - Loaded plugin analytics (category:tool,tabindex:-1)
2026-02-22 16:01:06,483 [INFO] PluginManage:310 - Check plugin cadmodel
2026-02-22 16:01:06,562 [INFO] CADModel:105 - Init CAD model plugin
2026-02-22 16:01:06,563 [INFO] PluginManage:359 - Loaded plugin cadmodel (category:power,tabindex:5)
2026-02-22 16:01:06,563 [INFO] PluginManage:310 - Check plugin clock
2026-02-22 16:01:06,625 [INFO] PluginManage:359 - Loaded plugin clock (category:base,tabindex:2)
2026-02-22 16:01:06,625 [INFO] PluginManage:310 - Check plugin ddr
2026-02-22 16:01:06,634 [INFO] PluginManage:359 - Loaded plugin ddr (category:tool,tabindex:6)
2026-02-22 16:01:06,635 [INFO] PluginManage:310 - Check plugin filemanager
2026-02-22 16:01:07,140 [INFO] PluginManage:359 - Loaded plugin filemanager (category:base,tabindex:10)
2026-02-22 16:01:07,140 [INFO] PluginManage:310 - Check plugin ipmanager
2026-02-22 16:01:07,187 [INFO] PluginManage:359 - Loaded plugin ipmanager (category:base,tabindex:5)
2026-02-22 16:01:07,187 [INFO] PluginManage:310 - Check plugin lpbam
2026-02-22 16:01:07,236 [INFO] PluginManage:359 - Loaded plugin lpbam (category:base,tabindex:0)
2026-02-22 16:01:07,236 [INFO] PluginManage:310 - Check plugin memorymap
2026-02-22 16:01:07,314 [INFO] PluginManage:359 - Loaded plugin memorymap (category:base,tabindex:4)
2026-02-22 16:01:07,314 [INFO] PluginManage:310 - Check plugin pinoutandconfiguration
2026-02-22 16:01:07,358 [INFO] PluginManage:359 - Loaded plugin pinoutandconfiguration (category:base,tabindex:1)
2026-02-22 16:01:07,358 [INFO] PluginManage:310 - Check plugin pinoutconfig
2026-02-22 16:01:07,591 [WARN] SupportedApi:132 - Cannot load RTOS API schema: s4s-elt-must-match.1: The content of 'definitions' must match (annotation?, (simpleType | complexType)?, (unique | key | keyref)*)). A problem was found starting at: attribute.
2026-02-22 16:01:07,845 [INFO] PluginManage:359 - Loaded plugin pinoutconfig (category:base,tabindex:0)
2026-02-22 16:01:07,845 [INFO] PluginManage:310 - Check plugin power
2026-02-22 16:01:07,933 [INFO] PluginManage:359 - Loaded plugin power (category:power,tabindex:4)
2026-02-22 16:01:07,934 [INFO] PluginManage:310 - Check plugin projectmanager
2026-02-22 16:01:07,972 [INFO] PluginManage:359 - Loaded plugin projectmanager (category:projectmanager,tabindex:3)
2026-02-22 16:01:07,972 [INFO] PluginManage:310 - Check plugin thirdparty
2026-02-22 16:01:08,611 [INFO] PluginManage:359 - Loaded plugin thirdparty (category:base,tabindex:-1)
2026-02-22 16:01:08,611 [WARN] IntegrityCheckThread:84 - waiting for thirdparty lock release [integrity check]
2026-02-22 16:01:08,611 [INFO] PluginManage:310 - Check plugin tools
2026-02-22 16:01:08,611 [INFO] IntegrityCheckThread:86 - entering critical section [integrity check]
2026-02-22 16:01:08,612 [INFO] ThirdPartyUpdaterWithRetryManager:70 - Updater plugin not ready yet. [1/15]
2026-02-22 16:01:08,688 [INFO] PluginManage:359 - Loaded plugin tools (category:base,tabindex:7)
2026-02-22 16:01:08,688 [INFO] PluginManage:310 - Check plugin tutovideos
2026-02-22 16:01:08,996 [INFO] PluginManage:359 - Loaded plugin tutovideos (category:base,tabindex:-1)
2026-02-22 16:01:08,996 [INFO] PluginManage:310 - Check plugin updater
2026-02-22 16:01:09,038 [INFO] PluginManage:359 - Loaded plugin updater (category:base,tabindex:12)
2026-02-22 16:01:09,038 [INFO] PluginManage:310 - Check plugin userauth
2026-02-22 16:01:09,077 [INFO] UserAuth:114 - Init User Auth plugin
2026-02-22 16:01:09,077 [INFO] PluginManage:359 - Loaded plugin userauth (category:base,tabindex:14)
2026-02-22 16:01:09,078 [INFO] PluginManage:283 - PluginManage : Loaded plugins [17]
2026-02-22 16:01:09,629 [INFO] McuFinderGlobals:63 - Set McuFinder mode to 2 (CubeIDE integrated)
2026-02-22 16:01:10,263 [INFO] PinOutPanel:1561 - setPackage(No Configuration,No Configuration)
2026-02-22 16:01:10,589 [INFO] CADModel:165 - CPN selected for project level
2026-02-22 16:01:10,590 [INFO] CADModel:114 - Register for checkConnection events
2026-02-22 16:01:10,683 [INFO] IPUIPlugin:80 - create IPUIPlugin
2026-02-22 16:01:10,683 [INFO] PluginManager:220 - loadIPPluginJar : add adc
2026-02-22 16:01:10,749 [INFO] IPUIPlugin:80 - create IPUIPlugin
2026-02-22 16:01:10,750 [INFO] PluginManager:220 - loadIPPluginJar : add aes
2026-02-22 16:01:10,846 [INFO] IPUIPlugin:80 - create IPUIPlugin
2026-02-22 16:01:10,846 [INFO] PluginManager:220 - loadIPPluginJar : add can
2026-02-22 16:01:10,897 [INFO] IPUIPlugin:80 - create IPUIPlugin
2026-02-22 16:01:10,897 [INFO] PluginManager:220 - loadIPPluginJar : add comp
2026-02-22 16:01:10,958 [INFO] IPUIPlugin:80 - create IPUIPlugin
2026-02-22 16:01:10,958 [INFO] PluginManager:220 - loadIPPluginJar : add cryp
2026-02-22 16:01:11,008 [INFO] IPUIPlugin:80 - create IPUIPlugin
2026-02-22 16:01:11,008 [INFO] PluginManager:220 - loadIPPluginJar : add dfsdm
2026-02-22 16:01:11,064 [INFO] IPUIPlugin:80 - create IPUIPlugin
2026-02-22 16:01:11,065 [INFO] PluginManager:220 - loadIPPluginJar : add dma
2026-02-22 16:01:11,145 [INFO] IPUIPlugin:80 - create IPUIPlugin
2026-02-22 16:01:11,146 [INFO] PluginManager:220 - loadIPPluginJar : add dma3
2026-02-22 16:01:11,227 [INFO] IPUIPlugin:80 - create IPUIPlugin
2026-02-22 16:01:11,227 [INFO] PluginManager:220 - loadIPPluginJar : add extmemmanager
2026-02-22 16:01:11,276 [INFO] IPUIPlugin:80 - create IPUIPlugin
2026-02-22 16:01:11,277 [INFO] PluginManager:220 - loadIPPluginJar : add fatfs
2026-02-22 16:01:11,376 [INFO] IPUIPlugin:80 - create IPUIPlugin
2026-02-22 16:01:11,376 [INFO] PluginManager:220 - loadIPPluginJar : add fmc
2026-02-22 16:01:11,415 [INFO] IPUIPlugin:80 - create IPUIPlugin
2026-02-22 16:01:11,415 [INFO] PluginManager:220 - loadIPPluginJar : add freertos
2026-02-22 16:01:11,455 [INFO] IPUIPlugin:80 - create IPUIPlugin
2026-02-22 16:01:11,455 [INFO] PluginManager:220 - loadIPPluginJar : add genericplugin
2026-02-22 16:01:11,612 [INFO] ThirdPartyUpdaterWithRetryManager:70 - Updater plugin not ready yet. [2/15]
2026-02-22 16:01:11,616 [INFO] IPUIPlugin:80 - create IPUIPlugin
2026-02-22 16:01:11,616 [INFO] PluginManager:220 - loadIPPluginJar : add gfxmmu
2026-02-22 16:01:11,864 [INFO] IPUIPlugin:80 - create IPUIPlugin
2026-02-22 16:01:11,864 [INFO] PluginManager:220 - loadIPPluginJar : add gic
2026-02-22 16:01:11,892 [INFO] IPUIPlugin:80 - create IPUIPlugin
2026-02-22 16:01:11,892 [INFO] PluginManager:220 - loadIPPluginJar : add gpio
2026-02-22 16:01:12,037 [INFO] IPUIPlugin:80 - create IPUIPlugin
2026-02-22 16:01:12,037 [INFO] PluginManager:220 - loadIPPluginJar : add gtzc
2026-02-22 16:01:12,100 [INFO] IPUIPlugin:80 - create IPUIPlugin
2026-02-22 16:01:12,100 [INFO] PluginManager:220 - loadIPPluginJar : add hash
2026-02-22 16:01:12,206 [INFO] IPUIPlugin:80 - create IPUIPlugin
2026-02-22 16:01:12,206 [INFO] PluginManager:220 - loadIPPluginJar : add i2c
2026-02-22 16:01:12,269 [INFO] IPUIPlugin:80 - create IPUIPlugin
2026-02-22 16:01:12,269 [INFO] PluginManager:220 - loadIPPluginJar : add i2s
2026-02-22 16:01:12,338 [INFO] IPUIPlugin:80 - create IPUIPlugin
2026-02-22 16:01:12,338 [INFO] PluginManager:220 - loadIPPluginJar : add i3c
2026-02-22 16:01:12,496 [INFO] IPUIPlugin:80 - create IPUIPlugin
2026-02-22 16:01:12,497 [INFO] PluginManager:220 - loadIPPluginJar : add ipddr
2026-02-22 16:01:12,703 [INFO] IPUIPlugin:80 - create IPUIPlugin
2026-02-22 16:01:12,703 [INFO] PluginManager:220 - loadIPPluginJar : add linkedlist
2026-02-22 16:01:12,772 [INFO] IPUIPlugin:80 - create IPUIPlugin
2026-02-22 16:01:12,772 [INFO] PluginManager:220 - loadIPPluginJar : add lorawan
2026-02-22 16:01:12,833 [INFO] IPUIPlugin:80 - create IPUIPlugin
2026-02-22 16:01:12,833 [INFO] PluginManager:220 - loadIPPluginJar : add ltdc
2026-02-22 16:01:12,866 [INFO] IPUIPlugin:80 - create IPUIPlugin
2026-02-22 16:01:12,867 [INFO] PluginManager:220 - loadIPPluginJar : add mdma
2026-02-22 16:01:12,901 [INFO] IPUIPlugin:80 - create IPUIPlugin
2026-02-22 16:01:12,901 [INFO] PluginManager:220 - loadIPPluginJar : add nvic
2026-02-22 16:01:12,982 [INFO] IPUIPlugin:80 - create IPUIPlugin
2026-02-22 16:01:12,982 [INFO] PluginManager:220 - loadIPPluginJar : add opamp
2026-02-22 16:01:13,100 [INFO] IPUIPlugin:80 - create IPUIPlugin
2026-02-22 16:01:13,100 [INFO] PluginManager:220 - loadIPPluginJar : add openamp
2026-02-22 16:01:13,177 [INFO] IPUIPlugin:80 - create IPUIPlugin
2026-02-22 16:01:13,177 [INFO] PluginManager:220 - loadIPPluginJar : add pdm2pcm
2026-02-22 16:01:13,223 [INFO] IPUIPlugin:80 - create IPUIPlugin
2026-02-22 16:01:13,226 [INFO] PluginManager:220 - loadIPPluginJar : add plateformsettings
2026-02-22 16:01:13,272 [INFO] IPUIPlugin:80 - create IPUIPlugin
2026-02-22 16:01:13,272 [INFO] PluginManager:220 - loadIPPluginJar : add quadspi
2026-02-22 16:01:13,299 [INFO] IPUIPlugin:80 - create IPUIPlugin
2026-02-22 16:01:13,300 [INFO] PluginManager:220 - loadIPPluginJar : add resmgrutility
2026-02-22 16:01:13,372 [INFO] IPUIPlugin:80 - create IPUIPlugin
2026-02-22 16:01:13,372 [INFO] PluginManager:220 - loadIPPluginJar : add sai
2026-02-22 16:01:13,478 [INFO] IPUIPlugin:80 - create IPUIPlugin
2026-02-22 16:01:13,478 [INFO] PluginManager:220 - loadIPPluginJar : add spi
2026-02-22 16:01:13,590 [INFO] IPUIPlugin:80 - create IPUIPlugin
2026-02-22 16:01:13,590 [INFO] PluginManager:220 - loadIPPluginJar : add stm32_wpan
2026-02-22 16:01:13,630 [INFO] IPUIPlugin:80 - create IPUIPlugin
2026-02-22 16:01:13,630 [INFO] PluginManager:220 - loadIPPluginJar : add tim
2026-02-22 16:01:13,723 [INFO] IPUIPlugin:80 - create IPUIPlugin
2026-02-22 16:01:13,723 [INFO] PluginManager:220 - loadIPPluginJar : add touchsensing
2026-02-22 16:01:13,792 [INFO] IPUIPlugin:80 - create IPUIPlugin
2026-02-22 16:01:13,793 [INFO] PluginManager:220 - loadIPPluginJar : add tracer_emb
2026-02-22 16:01:13,839 [INFO] IPUIPlugin:80 - create IPUIPlugin
2026-02-22 16:01:13,839 [INFO] PluginManager:220 - loadIPPluginJar : add ts
2026-02-22 16:01:13,880 [INFO] IPUIPlugin:80 - create IPUIPlugin
2026-02-22 16:01:13,880 [INFO] PluginManager:220 - loadIPPluginJar : add tsc
2026-02-22 16:01:13,921 [INFO] IPUIPlugin:80 - create IPUIPlugin
2026-02-22 16:01:13,921 [INFO] PluginManager:220 - loadIPPluginJar : add ucpd
2026-02-22 16:01:14,016 [INFO] IPUIPlugin:80 - create IPUIPlugin
2026-02-22 16:01:14,016 [INFO] PluginManager:220 - loadIPPluginJar : add usart
2026-02-22 16:01:14,089 [INFO] IPUIPlugin:80 - create IPUIPlugin
2026-02-22 16:01:14,089 [INFO] PluginManager:220 - loadIPPluginJar : add usbx
2026-02-22 16:01:14,290 [INFO] CADModel:165 - CPN selected for project level
2026-02-22 16:01:14,291 [INFO] CADModel:114 - Register for checkConnection events
2026-02-22 16:01:14,291 [FATAL] Updater:308 - Updater called before beeing initialized
2026-02-22 16:01:14,291 [ERROR] CADModel:125 - Updater not yet initialized, retry later 
2026-02-22 16:01:14,615 [INFO] ThirdPartyUpdaterWithRetryManager:70 - Updater plugin not ready yet. [3/15]
2026-02-22 16:01:14,849 [INFO] CADModel:165 - CPN selected for project level
2026-02-22 16:01:14,849 [INFO] CADModel:114 - Register for checkConnection events
2026-02-22 16:01:14,849 [FATAL] Updater:308 - Updater called before beeing initialized
2026-02-22 16:01:14,849 [ERROR] CADModel:125 - Updater not yet initialized, retry later 
2026-02-22 16:01:14,860 [FATAL] Updater:308 - Updater called before beeing initialized
2026-02-22 16:01:15,049 [FATAL] Updater:308 - Updater called before beeing initialized
2026-02-22 16:01:15,072 [INFO] DbMcusAds:53 - JSON generation date=Thu Jan 08 09:57:37 CST 2026 (1767887857056)
2026-02-22 16:01:15,072 [FATAL] Updater:308 - Updater called before beeing initialized
2026-02-22 16:01:15,297 [WARN] DetailPanel:346 - Failed to get advertising image, set to default
2026-02-22 16:01:15,407 [FATAL] Updater:308 - Updater called before beeing initialized
2026-02-22 16:01:15,419 [FATAL] Updater:308 - Updater called before beeing initialized
2026-02-22 16:01:15,419 [FATAL] Updater:308 - Updater called before beeing initialized
2026-02-22 16:01:15,419 [WARN] DetailPanel:346 - Failed to get advertising image, set to default
2026-02-22 16:01:15,420 [FATAL] Updater:308 - Updater called before beeing initialized
2026-02-22 16:01:15,594 [ERROR] Updater:1120 - MainUpdater not yet initialized. External WinMGr cannot be set.
2026-02-22 16:01:15,624 [INFO] Updater:1056 - Updater Version found : 6.11.0
2026-02-22 16:01:15,662 [INFO] ApplicationProperties:184 - Using Application install path: D:\Documentos\Electronica\Nueva carpeta\STM32CubeIDE_1.15.0\STM32CubeIDE\plugins\com.st.stm32cube.common.mx_6.11.0.202403141607
2026-02-22 16:01:17,258 [ERROR] LogOutputStream:75 - [STDERR_REDIRECT] Feb 22, 2026 4:01:17 PM java.util.prefs.WindowsPreferences <init>
2026-02-22 16:01:17,259 [ERROR] LogOutputStream:75 - [STDERR_REDIRECT] WARNING: Could not open/create prefs root node Software\JavaSoft\Prefs at root 0xffffffff80000002. Windows RegCreateKeyEx(...) returned error code 5.
2026-02-22 16:01:17,259 [ERROR] LogOutputStream:75 - [STDERR_REDIRECT] 
2026-02-22 16:01:17,615 [FATAL] Updater:308 - Updater called before beeing initialized
2026-02-22 16:01:17,615 [ERROR] IntegrityCheckThread:130 - Cannot retrieve database content from updater: error 21
2026-02-22 16:01:17,616 [INFO] ThirdParty:978 - Integrity check success = false
2026-02-22 16:01:17,616 [INFO] IntegrityCheckThread:100 - exiting critical section [integrity check]
2026-02-22 16:01:17,616 [INFO] IntegrityCheckThread:103 - End integrity checks thread
2026-02-22 16:01:18,022 [INFO] MainUpdater:2873 - connection check result : 10
2026-02-22 16:01:18,023 [INFO] MainUpdater:290 - Updater Check For Update Now.
2026-02-22 16:01:18,023 [INFO] MicroXplorer:498 - Change Database Version : DB.6.0.110
2026-02-22 16:01:18,070 [INFO] McuFinderGlobals:63 - Set McuFinder mode to 2 (CubeIDE integrated)
2026-02-22 16:01:18,133 [INFO] UserAuth:415 - Internet connection configuration mode: 1
2026-02-22 16:01:18,255 [INFO] CheckServerUpdateThread:120 - End of CheckServer Thread
2026-02-22 16:01:18,297 [INFO] JxBrowserEngine:152 - Initiate JxBrowser Engine with user profile folder
2026-02-22 16:01:18,312 [INFO] MainUpdater:2873 - connection check result : 10
2026-02-22 16:01:18,372 [INFO] McuFinderGlobals:76 - Set McuFinderConnectedMode to true
2026-02-22 16:01:18,605 [INFO] ServerAccessManage:473 - Download File mcusAds.json._tmp_
2026-02-22 16:01:18,754 [INFO] LoadUrlFilesThread:156 - End of LoadUrlFiles Thread
2026-02-22 16:01:18,986 [INFO] ServerAccessManage:473 - Download File cube-finder-db.zip
2026-02-22 16:01:23,491 [INFO] FileExtend:240 - Unzip File : cube-finder-db.zip
2026-02-22 16:01:23,492 [INFO] FileExtend:255 - Standard Zip Deflate
2026-02-22 16:01:25,157 [INFO] LoadUrlFilesThread:156 - End of LoadUrlFiles Thread
2026-02-22 16:01:25,511 [INFO] WebApp:161 - Instantiating new browser for Auth
2026-02-22 16:01:26,053 [INFO] ServerAccessManage:473 - Download File crdb.zip
2026-02-22 16:01:26,948 [INFO] FileExtend:240 - Unzip File : crdb.zip
2026-02-22 16:01:26,949 [INFO] FileExtend:255 - Standard Zip Deflate
2026-02-22 16:01:27,086 [INFO] LoadUrlFilesThread:156 - End of LoadUrlFiles Thread
2026-02-22 16:01:27,383 [INFO] WebApp:779 - Register for checkConnection events
2026-02-22 16:01:27,383 [INFO] WebApp:414 - Apply proxy settings
2026-02-22 16:01:27,383 [INFO] WebApp:499 - Chromium requires no authentication
2026-02-22 16:01:27,400 [INFO] WebApp:442 - Direct internet connection detected
2026-02-22 16:01:28,283 [INFO] ServerAccessManage:473 - Download File tutoVideoDB.zip
2026-02-22 16:01:28,300 [INFO] FileExtend:240 - Unzip File : tutoVideoDB.zip
2026-02-22 16:01:28,301 [INFO] FileExtend:255 - Standard Zip Deflate
2026-02-22 16:01:28,310 [INFO] WebApp:192 - Starting web application
2026-02-22 16:01:28,310 [INFO] WebApp:544 - Web application path used D:\Documentos\Electronica\Nueva carpeta\STM32CubeIDE_1.15.0\STM32CubeIDE\plugins\com.st.stm32cube.common.mx_6.11.0.202403141607\db\plugins\mcufinder\reactClient1\index.html
2026-02-22 16:01:28,425 [INFO] LoadUrlFilesThread:156 - End of LoadUrlFiles Thread
2026-02-22 16:01:28,427 [WARN] DbFile:41 - Overriding database path with different value: C:\Users\USER\.stmcufinder\plugins\mcufinder/ => C:\Users\USER\.stmcufinder\plugins\mcufinder
2026-02-22 16:01:28,667 [INFO] ServerAccessManage:473 - Download File api_config.json
2026-02-22 16:01:28,781 [INFO] LoadUrlFilesThread:156 - End of LoadUrlFiles Thread
2026-02-22 16:01:28,782 [INFO] DbMcusAds:53 - JSON generation date=Wed Feb 18 08:32:49 CST 2026 (1771425169444)
2026-02-22 16:01:29,915 [INFO] ServerAccessManage:473 - Download File 
2026-02-22 16:01:29,932 [INFO] LoadUrlFilesThread:185 - End of LoadServerUrlFiles without Thread
2026-02-22 16:01:29,933 [INFO] TargetSelectorAdapter:259 - Refresh data is successful
2026-02-22 16:01:30,158 [INFO] ApiDb:581 - Connected to CubeFinder SQLite database (C:\Users\USER\.stmcufinder\plugins\mcufinder\mcu\cube-finder-db.db)
2026-02-22 16:01:30,244 [INFO] ApiDb:668 - CubeFinder database Data Model version=2.1
2026-02-22 16:01:30,245 [INFO] ApiDb:669 - CubeFinder database Configuration version=3.0.39
2026-02-22 16:01:30,245 [INFO] ApiDb:670 - CubeFinder database generation date=2025-12-22 (1766407740)
2026-02-22 16:01:30,245 [INFO] ApiDb:671 - CubeFinder database FW Pack versions=[FP-ATR-ASTRA1_V2.0.0, FP-SNS-FLIGHT1_V5.1.0, FP-SNS-MOTENV1_V5.1.0, FP-SNS-MOTENVWB1_V1.4.0, FP-SNS-SMARTAG2_V1.2.0, FP-SNS-STBOX1_V2.1.0, STM32Cube_FW_C0_V1.4.0, STM32Cube_FW_F4_V1.28.3, STM32Cube_FW_F7_V1.17.4, STM32Cube_FW_G0_V1.6.2, STM32Cube_FW_G4_V1.6.1, STM32Cube_FW_H5_V1.5.1, STM32Cube_FW_H7RS_V1.3.0, STM32Cube_FW_H7_V1.12.1, STM32Cube_FW_L0_V1.12.2, STM32Cube_FW_L4_V1.18.1, STM32Cube_FW_L5_V1.6.0, STM32Cube_FW_N6_V1.3.0, STM32Cube_FW_U0_V1.3.0, STM32Cube_FW_U3_V1.2.1, STM32Cube_FW_U5_V1.8.0, STM32Cube_FW_WB0_V1.4.0, STM32Cube_FW_WBA_V1.8.0, STM32Cube_FW_WB_V1.24.0, STM32Cube_FW_WL3_V1.3.0, STM32Cube_FW_WL_V1.4.0, X-CUBE-ALGOBUILD_V1.4.0, X-CUBE-ALS_V1.0.2, X-CUBE-AZRTOS-F4_V1.1.0, X-CUBE-AZRTOS-F7_V1.1.0, X-CUBE-AZRTOS-G0_V1.1.0, X-CUBE-AZRTOS-G4_V2.0.0, X-CUBE-AZRTOS-H7RS_V1.1.0, X-CUBE-AZRTOS-H7_V3.4.0, X-CUBE-AZRTOS-L4_V2.0.0, X-CUBE-AZRTOS-L5_V2.0.0, X-CUBE-AZRTOS-WB_V2.0.0, X-CUBE-AZRTOS-WL_V2.0.0, X-CUBE-BLE1_V7.1.0, X-CUBE-BLE2_V3.3.0, X-CUBE-BLEMGR_V4.1.0, X-CUBE-EEPRMA1_V5.2.0, X-CUBE-FREERTOS_V1.3.1, X-CUBE-GNSS1_V6.0.0, X-CUBE-MEMS1_V12.0.0, X-CUBE-NFC4_V3.0.0, X-CUBE-NFC7_V2.0.0, X-CUBE-SFXS2LP1_V4.0.0, X-CUBE-ST67W61_V1.1.0, X-CUBE-SUBG2_V5.0.0, X-CUBE-TOF1_V3.4.3]
2026-02-22 16:01:32,450 [INFO] ApiDb:240 - Found 483 in-development CPN: [B-G473E-ZEST1S, B-WB1M-WPAN1, B-WL5M-SUBG1, NUCLEO-C031C6, NUCLEO-H503RB, NUCLEO-H533RE, NUCLEO-H563ZI, NUCLEO-H7S3L8, NUCLEO-U031R8, NUCLEO-U083RC, NUCLEO-U545RE-Q, NUCLEO-U5A5ZJ-Q, NUCLEO-WBA52CG, NUCLEO-WBA55CG, STEVAL-PROTEUS1, STEVAL-SMARTAG2, STEVAL-STWINBX1, STM320518-EVAL, STM32C0116-DK, STM32C011D6Y3TR, STM32C011D6Y6TR, STM32C011F4P3, STM32C011F4P6, STM32C011F4U3, STM32C011F4U6TR, STM32C011F6P3, STM32C011F6P6, STM32C011F6U3, STM32C011F6U6TR, STM32C011J4M3, STM32C011J4M6, STM32C011J6M3, STM32C011J6M6, STM32C0316-DK, STM32C031C4T3, STM32C031C4T6, STM32C031C4U3, STM32C031C4U6, STM32C031C6T3, STM32C031C6T6, STM32C031C6U3, STM32C031C6U6, STM32C031F4P3, STM32C031F4P6, STM32C031F6P3, STM32C031F6P6, STM32C031G4U3, STM32C031G4U6, STM32C031G6U3, STM32C031G6U6, STM32C031K4T3, STM32C031K4T6, STM32C031K4U3, STM32C031K4U6, STM32C031K6T3, STM32C031K6T6, STM32C031K6U3, STM32C031K6U6, STM32G071K8TXN, STM32G071K8UXN, STM32G081GBU6N, STM32G081KBT6N, STM32G081KBUXN, STM32G0B1CCT6N, STM32G0B1KCT6, STM32G0B1NEY6TR, STM32G0B1RCT6N, STM32G0C1CCT6, STM32G0C1CCT6N, STM32G0C1CCU6N, STM32G0C1CET6N, STM32G0C1CEU6N, STM32G0C1KCT6, STM32G0C1NEY6TR, STM32G0C1RCI6N, STM32G0C1RCT6N, STM32G0C1REI6N, STM32G0C1RET6N, STM32G0C1VCI6, STM32G0C1VEI6, STM32G471CCT6, STM32G471CCU6, STM32G471CET3, STM32G471CET6, STM32G471CEU3, STM32G471CEU6, STM32G471MCT6, STM32G471MET3, STM32G471MET6, STM32G471MEY6TR, STM32G471QCT6, STM32G471QET3, STM32G471RCT6, STM32G471RET3, STM32G471RET6, STM32G471VCH6, STM32G471VCI6, STM32G471VCT6, STM32G471VEH3, STM32G471VEH6, STM32G471VEI3, STM32G471VEI6, STM32G471VET3, STM32G471VET6, STM32G474CCT6, STM32H503CBT6, STM32H503CBU6, STM32H503EBY6TR, STM32H503KBU6, STM32H503RBT6, STM32H523CCT6, STM32H523CCU6, STM32H523CET6, STM32H523CEU6, STM32H523HEY6TR, STM32H523RCT6, STM32H523RET6, STM32H523VCI6, STM32H523VCT6, STM32H523VEI6, STM32H523VET6, STM32H523ZCJ6, STM32H523ZCT6, STM32H523ZEJ6, STM32H523ZET6, STM32H533CET6, STM32H533CEU6, STM32H533HEY6TR, STM32H533RET6, STM32H533VEI6, STM32H533VET6, STM32H533ZEJ6, STM32H533ZET6, STM32H562AGI6, STM32H562AII6, STM32H562IGK6, STM32H562IGT6, STM32H562IIK6, STM32H562IIT6, STM32H562RGT6, STM32H562RGV6, STM32H562RIT6, STM32H562RIV6, STM32H562VGT6, STM32H562VIT6, STM32H562ZGT6, STM32H562ZIT6, STM32H563AGI6, STM32H563AII3Q, STM32H563AII6, STM32H563IGK6, STM32H563IGT6, STM32H563IIK3Q, STM32H563IIK6, STM32H563IIT3Q, STM32H563IIT6, STM32H563MIY3QTR, STM32H563RGT6, STM32H563RGV6, STM32H563RIT6, STM32H563RIV6, STM32H563VGT6, STM32H563VIT3Q, STM32H563VIT6, STM32H563ZGT6, STM32H563ZIT3Q, STM32H563ZIT6, STM32H573AII3Q, STM32H573AII6, STM32H573I-DK, STM32H573IIK3Q, STM32H573IIK6, STM32H573IIT3Q, STM32H573IIT6, STM32H573MIY3QTR, STM32H573RIT6, STM32H573RIV6, STM32H573VIT3Q, STM32H573VIT6, STM32H573ZIT3Q, STM32H573ZIT6, STM32H7R3A8I6, STM32H7R3I8K6, STM32H7R3I8T6, STM32H7R3L8H6, STM32H7R3L8H6H, STM32H7R3R8V6, STM32H7R3V8H6, STM32H7R3V8T6, STM32H7R3V8Y6, STM32H7R3Z8J6, STM32H7R3Z8T6, STM32H7R7A8I6, STM32H7R7I8K6, STM32H7R7I8T6, STM32H7R7L8H6, STM32H7R7L8H6H, STM32H7R7Z8J6, STM32H7S3A8I6, STM32H7S3I8K6, STM32H7S3I8T6, STM32H7S3L8H6, STM32H7S3L8H6H, STM32H7S3R8V6, STM32H7S3V8H6, STM32H7S3V8T6, STM32H7S3V8Y6, STM32H7S3Z8J6, STM32H7S3Z8T6, STM32H7S78-DK, STM32H7S7A8I6, STM32H7S7I8K6, STM32H7S7I8T6, STM32H7S7L8H6, STM32H7S7L8H6H, STM32H7S7Z8J6, STM32L4R5QGI6STR, STM32MP131AAE3, STM32MP131AAF3, STM32MP131AAG3, STM32MP131CAE3, STM32MP131CAF3, STM32MP131CAG3, STM32MP131DAE7, STM32MP131DAF7, STM32MP131DAG7, STM32MP131FAE7, STM32MP131FAF7, STM32MP131FAG7, STM32MP133AAE3, STM32MP133AAF3, STM32MP133AAG3, STM32MP133CAE3, STM32MP133CAF3, STM32MP133CAG3, STM32MP133DAE7, STM32MP133DAF7, STM32MP133DAG7, STM32MP133FAE7, STM32MP133FAF7, STM32MP133FAG7, STM32MP135AAE3, STM32MP135AAF3, STM32MP135AAG3, STM32MP135CAE3, STM32MP135CAF3, STM32MP135CAG3, STM32MP135DAE7, STM32MP135DAF7, STM32MP135DAG7, STM32MP135F-DK, STM32MP135FAE7, STM32MP135FAF7, STM32MP135FAF7T, STM32MP135FAF7U, STM32MP135FAG7, STM32U031C6T6, STM32U031C6U6, STM32U031C8T6, STM32U031C8U6, STM32U031F4P6, STM32U031F6P6, STM32U031F8P6, STM32U031G6Y6TR, STM32U031G8Y6TR, STM32U031K4U6, STM32U031K6U6, STM32U031K8U6, STM32U031R6I6, STM32U031R6T6, STM32U031R8I6, STM32U031R8T6, STM32U073C8T6, STM32U073C8U6, STM32U073CBT6, STM32U073CBU6, STM32U073CCT6, STM32U073CCU6, STM32U073H8Y6TR, STM32U073HBY6TR, STM32U073HCY6TR, STM32U073K8U6, STM32U073KBU6, STM32U073KCU6, STM32U073M8I6, STM32U073M8T6, STM32U073MBI6, STM32U073MBT6, STM32U073MCI6, STM32U073MCT6, STM32U073R8I6, STM32U073R8T6, STM32U073RBI6, STM32U073RBT6, STM32U073RCI6, STM32U073RCT6, STM32U083C-DK, STM32U083CCT6, STM32U083CCU6, STM32U083HCY6TR, STM32U083KCU6, STM32U083MCI6, STM32U083MCT6, STM32U083RCI6, STM32U083RCT6, STM32U535CBT6, STM32U535CBT6Q, STM32U535CBU6, STM32U535CBU6Q, STM32U535CCT6, STM32U535CCT6Q, STM32U535CCU6, STM32U535CCU6Q, STM32U535CET6, STM32U535CET6Q, STM32U535CEU6, STM32U535CEU6Q, STM32U535JEY6QTR, STM32U535NCY6QTR, STM32U535NEY6QTR, STM32U535RBI6, STM32U535RBI6Q, STM32U535RBT6, STM32U535RBT6Q, STM32U535RCI6, STM32U535RCI6Q, STM32U535RCT6, STM32U535RCT6Q, STM32U535REI6, STM32U535REI6Q, STM32U535RET6, STM32U535RET6Q, STM32U535VCI6, STM32U535VCI6Q, STM32U535VCT6, STM32U535VCT6Q, STM32U535VEI6, STM32U535VEI6Q, STM32U535VET6, STM32U535VET6Q, STM32U545CET6, STM32U545CET6Q, STM32U545CEU6, STM32U545CEU6Q, STM32U545JEY6QTR, STM32U545NEY6QTR, STM32U545REI6, STM32U545REI6Q, STM32U545RET6, STM32U545RET6Q, STM32U545VEI6, STM32U545VEI6Q, STM32U545VET6, STM32U545VET6Q, STM32U595AIH6, STM32U595AIH6Q, STM32U595AJH6, STM32U595AJH6Q, STM32U595QII6, STM32U595QII6Q, STM32U595QJI6, STM32U595QJI6Q, STM32U595RIT6, STM32U595RIT6Q, STM32U595RJT6, STM32U595RJT6Q, STM32U595VIT6, STM32U595VIT6Q, STM32U595VJT6, STM32U595VJT6Q, STM32U595ZIT6, STM32U595ZIT6Q, STM32U595ZIY6QTR, STM32U595ZJT6, STM32U595ZJT6Q, STM32U595ZJY6QTR, STM32U599BJY6QTR, STM32U599NIH6Q, STM32U599NJH6Q, STM32U599VIT6Q, STM32U599VJT6, STM32U599VJT6Q, STM32U599ZIT6Q, STM32U599ZIY6QTR, STM32U599ZJT6Q, STM32U599ZJY6QTR, STM32U5A5AJH6, STM32U5A5AJH6Q, STM32U5A5QII3Q , STM32U5A5QJI6, STM32U5A5QJI6Q, STM32U5A5RJT6, STM32U5A5RJT6Q, STM32U5A5VJT6, STM32U5A5VJT6Q, STM32U5A5ZJT6, STM32U5A5ZJT6Q, STM32U5A5ZJY6QTR, STM32U5A9BJY6QTR, STM32U5A9J-DK, STM32U5A9NJH6Q, STM32U5A9VJT6Q, STM32U5A9ZJT6Q, STM32U5A9ZJY6QTR, STM32U5F7VIT6, STM32U5F7VIT6Q, STM32U5F7VJT6, STM32U5F7VJT6Q, STM32U5F9BJY6QTR, STM32U5F9NJH6Q, STM32U5F9VIT6Q, STM32U5F9VJT6Q, STM32U5F9ZIJ6QTR, STM32U5F9ZIT6Q, STM32U5F9ZJJ6QTR, STM32U5F9ZJT6Q, STM32U5G7VJT6, STM32U5G7VJT6Q, STM32U5G9BJY6QTR, STM32U5G9J-DK1, STM32U5G9J-DK2, STM32U5G9NJH6Q, STM32U5G9VJT6Q, STM32U5G9ZJJ6QTR, STM32U5G9ZJT6Q, STM32WB1MMCH6, STM32WBA50KEU6, STM32WBA50KEU6TR, STM32WBA50KGU6, STM32WBA50KGU6TR, STM32WBA52CEU6, STM32WBA52CEU6TR, STM32WBA52CEU7, STM32WBA52CEU7TR, STM32WBA52CGU6, STM32WBA52CGU6TR, STM32WBA52CGU6U, STM32WBA52CGU7, STM32WBA52CGU7TR, STM32WBA52KEU6, STM32WBA52KEU6TR, STM32WBA52KGU6, STM32WBA52KGU6TR, STM32WBA54CEU6, STM32WBA54CEU6TR, STM32WBA54CEU7, STM32WBA54CEU7TR, STM32WBA54CGU6, STM32WBA54CGU6TR, STM32WBA54CGU7, STM32WBA54CGU7TR, STM32WBA54KEU6, STM32WBA54KEU6TR, STM32WBA54KEU7, STM32WBA54KEU7TR, STM32WBA54KGU6, STM32WBA54KGU6TR, STM32WBA54KGU7, STM32WBA54KGU7TR, STM32WBA55CEU6, STM32WBA55CEU6TR, STM32WBA55CEU7, STM32WBA55CEU7TR, STM32WBA55CGU6, STM32WBA55CGU6TR, STM32WBA55CGU6U, STM32WBA55CGU7, STM32WBA55CGU7TR, STM32WBA55G-DK1, STM32WBA55HEF6, STM32WBA55HEF7, STM32WBA55HGF6, STM32WBA55HGF7, STM32WBA55UEI6, STM32WBA55UEI6TR, STM32WBA55UEI7, STM32WBA55UEI7TR, STM32WBA55UGI6, STM32WBA55UGI6TR, STM32WBA55UGI7, STM32WBA55UGI7TR, STM32WL5MOCH6, STM32WL5MOCH6TR]
2026-02-22 16:01:32,455 [INFO] DbMcus:218 - Found 4816 MCUs, 4816 are supported
2026-02-22 16:01:32,457 [INFO] ApiDb:423 - Load user favorites file C:\Users\USER/.stm32cubeide/favorites.mcus.txt: 0 item(s)
2026-02-22 16:01:32,457 [INFO] ApiDb:427 - User favorites MCUs=[]
2026-02-22 16:01:32,457 [INFO] DbMcus:224 - Set 0 / 0 favorites MCUs
2026-02-22 16:01:32,822 [INFO] ApiDb:668 - CubeFinder database Data Model version=2.1
2026-02-22 16:01:32,822 [INFO] ApiDb:669 - CubeFinder database Configuration version=3.0.39
2026-02-22 16:01:32,822 [INFO] ApiDb:670 - CubeFinder database generation date=2025-12-22 (1766407740)
2026-02-22 16:01:32,822 [INFO] ApiDb:671 - CubeFinder database FW Pack versions=[FP-ATR-ASTRA1_V2.0.0, FP-SNS-FLIGHT1_V5.1.0, FP-SNS-MOTENV1_V5.1.0, FP-SNS-MOTENVWB1_V1.4.0, FP-SNS-SMARTAG2_V1.2.0, FP-SNS-STBOX1_V2.1.0, STM32Cube_FW_C0_V1.4.0, STM32Cube_FW_F4_V1.28.3, STM32Cube_FW_F7_V1.17.4, STM32Cube_FW_G0_V1.6.2, STM32Cube_FW_G4_V1.6.1, STM32Cube_FW_H5_V1.5.1, STM32Cube_FW_H7RS_V1.3.0, STM32Cube_FW_H7_V1.12.1, STM32Cube_FW_L0_V1.12.2, STM32Cube_FW_L4_V1.18.1, STM32Cube_FW_L5_V1.6.0, STM32Cube_FW_N6_V1.3.0, STM32Cube_FW_U0_V1.3.0, STM32Cube_FW_U3_V1.2.1, STM32Cube_FW_U5_V1.8.0, STM32Cube_FW_WB0_V1.4.0, STM32Cube_FW_WBA_V1.8.0, STM32Cube_FW_WB_V1.24.0, STM32Cube_FW_WL3_V1.3.0, STM32Cube_FW_WL_V1.4.0, X-CUBE-ALGOBUILD_V1.4.0, X-CUBE-ALS_V1.0.2, X-CUBE-AZRTOS-F4_V1.1.0, X-CUBE-AZRTOS-F7_V1.1.0, X-CUBE-AZRTOS-G0_V1.1.0, X-CUBE-AZRTOS-G4_V2.0.0, X-CUBE-AZRTOS-H7RS_V1.1.0, X-CUBE-AZRTOS-H7_V3.4.0, X-CUBE-AZRTOS-L4_V2.0.0, X-CUBE-AZRTOS-L5_V2.0.0, X-CUBE-AZRTOS-WB_V2.0.0, X-CUBE-AZRTOS-WL_V2.0.0, X-CUBE-BLE1_V7.1.0, X-CUBE-BLE2_V3.3.0, X-CUBE-BLEMGR_V4.1.0, X-CUBE-EEPRMA1_V5.2.0, X-CUBE-FREERTOS_V1.3.1, X-CUBE-GNSS1_V6.0.0, X-CUBE-MEMS1_V12.0.0, X-CUBE-NFC4_V3.0.0, X-CUBE-NFC7_V2.0.0, X-CUBE-SFXS2LP1_V4.0.0, X-CUBE-ST67W61_V1.1.0, X-CUBE-SUBG2_V5.0.0, X-CUBE-TOF1_V3.4.3]
2026-02-22 16:01:32,868 [INFO] DbBoardsSqlite:226 - include board P-NUCLEO-WB55-NUCLEO as a kit item of type 'Nucleo-64'
2026-02-22 16:01:32,868 [INFO] DbBoardsSqlite:226 - include board P-NUCLEO-WB55-USBDONGLE as a kit item of type 'Nucleo USB Dongle'
2026-02-22 16:01:32,868 [INFO] DbBoardsSqlite:226 - include board STEVAL-IDP005V1 as a kit item of type 'Evaluation Board'
2026-02-22 16:01:32,868 [INFO] DbBoardsSqlite:226 - include board STEVAL-IDP005V2 as a kit item of type 'Evaluation Board'
2026-02-22 16:01:32,929 [INFO] ApiDb:240 - Found 483 in-development CPN: [B-G473E-ZEST1S, B-WB1M-WPAN1, B-WL5M-SUBG1, NUCLEO-C031C6, NUCLEO-H503RB, NUCLEO-H533RE, NUCLEO-H563ZI, NUCLEO-H7S3L8, NUCLEO-U031R8, NUCLEO-U083RC, NUCLEO-U545RE-Q, NUCLEO-U5A5ZJ-Q, NUCLEO-WBA52CG, NUCLEO-WBA55CG, STEVAL-PROTEUS1, STEVAL-SMARTAG2, STEVAL-STWINBX1, STM320518-EVAL, STM32C0116-DK, STM32C011D6Y3TR, STM32C011D6Y6TR, STM32C011F4P3, STM32C011F4P6, STM32C011F4U3, STM32C011F4U6TR, STM32C011F6P3, STM32C011F6P6, STM32C011F6U3, STM32C011F6U6TR, STM32C011J4M3, STM32C011J4M6, STM32C011J6M3, STM32C011J6M6, STM32C0316-DK, STM32C031C4T3, STM32C031C4T6, STM32C031C4U3, STM32C031C4U6, STM32C031C6T3, STM32C031C6T6, STM32C031C6U3, STM32C031C6U6, STM32C031F4P3, STM32C031F4P6, STM32C031F6P3, STM32C031F6P6, STM32C031G4U3, STM32C031G4U6, STM32C031G6U3, STM32C031G6U6, STM32C031K4T3, STM32C031K4T6, STM32C031K4U3, STM32C031K4U6, STM32C031K6T3, STM32C031K6T6, STM32C031K6U3, STM32C031K6U6, STM32G071K8TXN, STM32G071K8UXN, STM32G081GBU6N, STM32G081KBT6N, STM32G081KBUXN, STM32G0B1CCT6N, STM32G0B1KCT6, STM32G0B1NEY6TR, STM32G0B1RCT6N, STM32G0C1CCT6, STM32G0C1CCT6N, STM32G0C1CCU6N, STM32G0C1CET6N, STM32G0C1CEU6N, STM32G0C1KCT6, STM32G0C1NEY6TR, STM32G0C1RCI6N, STM32G0C1RCT6N, STM32G0C1REI6N, STM32G0C1RET6N, STM32G0C1VCI6, STM32G0C1VEI6, STM32G471CCT6, STM32G471CCU6, STM32G471CET3, STM32G471CET6, STM32G471CEU3, STM32G471CEU6, STM32G471MCT6, STM32G471MET3, STM32G471MET6, STM32G471MEY6TR, STM32G471QCT6, STM32G471QET3, STM32G471RCT6, STM32G471RET3, STM32G471RET6, STM32G471VCH6, STM32G471VCI6, STM32G471VCT6, STM32G471VEH3, STM32G471VEH6, STM32G471VEI3, STM32G471VEI6, STM32G471VET3, STM32G471VET6, STM32G474CCT6, STM32H503CBT6, STM32H503CBU6, STM32H503EBY6TR, STM32H503KBU6, STM32H503RBT6, STM32H523CCT6, STM32H523CCU6, STM32H523CET6, STM32H523CEU6, STM32H523HEY6TR, STM32H523RCT6, STM32H523RET6, STM32H523VCI6, STM32H523VCT6, STM32H523VEI6, STM32H523VET6, STM32H523ZCJ6, STM32H523ZCT6, STM32H523ZEJ6, STM32H523ZET6, STM32H533CET6, STM32H533CEU6, STM32H533HEY6TR, STM32H533RET6, STM32H533VEI6, STM32H533VET6, STM32H533ZEJ6, STM32H533ZET6, STM32H562AGI6, STM32H562AII6, STM32H562IGK6, STM32H562IGT6, STM32H562IIK6, STM32H562IIT6, STM32H562RGT6, STM32H562RGV6, STM32H562RIT6, STM32H562RIV6, STM32H562VGT6, STM32H562VIT6, STM32H562ZGT6, STM32H562ZIT6, STM32H563AGI6, STM32H563AII3Q, STM32H563AII6, STM32H563IGK6, STM32H563IGT6, STM32H563IIK3Q, STM32H563IIK6, STM32H563IIT3Q, STM32H563IIT6, STM32H563MIY3QTR, STM32H563RGT6, STM32H563RGV6, STM32H563RIT6, STM32H563RIV6, STM32H563VGT6, STM32H563VIT3Q, STM32H563VIT6, STM32H563ZGT6, STM32H563ZIT3Q, STM32H563ZIT6, STM32H573AII3Q, STM32H573AII6, STM32H573I-DK, STM32H573IIK3Q, STM32H573IIK6, STM32H573IIT3Q, STM32H573IIT6, STM32H573MIY3QTR, STM32H573RIT6, STM32H573RIV6, STM32H573VIT3Q, STM32H573VIT6, STM32H573ZIT3Q, STM32H573ZIT6, STM32H7R3A8I6, STM32H7R3I8K6, STM32H7R3I8T6, STM32H7R3L8H6, STM32H7R3L8H6H, STM32H7R3R8V6, STM32H7R3V8H6, STM32H7R3V8T6, STM32H7R3V8Y6, STM32H7R3Z8J6, STM32H7R3Z8T6, STM32H7R7A8I6, STM32H7R7I8K6, STM32H7R7I8T6, STM32H7R7L8H6, STM32H7R7L8H6H, STM32H7R7Z8J6, STM32H7S3A8I6, STM32H7S3I8K6, STM32H7S3I8T6, STM32H7S3L8H6, STM32H7S3L8H6H, STM32H7S3R8V6, STM32H7S3V8H6, STM32H7S3V8T6, STM32H7S3V8Y6, STM32H7S3Z8J6, STM32H7S3Z8T6, STM32H7S78-DK, STM32H7S7A8I6, STM32H7S7I8K6, STM32H7S7I8T6, STM32H7S7L8H6, STM32H7S7L8H6H, STM32H7S7Z8J6, STM32L4R5QGI6STR, STM32MP131AAE3, STM32MP131AAF3, STM32MP131AAG3, STM32MP131CAE3, STM32MP131CAF3, STM32MP131CAG3, STM32MP131DAE7, STM32MP131DAF7, STM32MP131DAG7, STM32MP131FAE7, STM32MP131FAF7, STM32MP131FAG7, STM32MP133AAE3, STM32MP133AAF3, STM32MP133AAG3, STM32MP133CAE3, STM32MP133CAF3, STM32MP133CAG3, STM32MP133DAE7, STM32MP133DAF7, STM32MP133DAG7, STM32MP133FAE7, STM32MP133FAF7, STM32MP133FAG7, STM32MP135AAE3, STM32MP135AAF3, STM32MP135AAG3, STM32MP135CAE3, STM32MP135CAF3, STM32MP135CAG3, STM32MP135DAE7, STM32MP135DAF7, STM32MP135DAG7, STM32MP135F-DK, STM32MP135FAE7, STM32MP135FAF7, STM32MP135FAF7T, STM32MP135FAF7U, STM32MP135FAG7, STM32U031C6T6, STM32U031C6U6, STM32U031C8T6, STM32U031C8U6, STM32U031F4P6, STM32U031F6P6, STM32U031F8P6, STM32U031G6Y6TR, STM32U031G8Y6TR, STM32U031K4U6, STM32U031K6U6, STM32U031K8U6, STM32U031R6I6, STM32U031R6T6, STM32U031R8I6, STM32U031R8T6, STM32U073C8T6, STM32U073C8U6, STM32U073CBT6, STM32U073CBU6, STM32U073CCT6, STM32U073CCU6, STM32U073H8Y6TR, STM32U073HBY6TR, STM32U073HCY6TR, STM32U073K8U6, STM32U073KBU6, STM32U073KCU6, STM32U073M8I6, STM32U073M8T6, STM32U073MBI6, STM32U073MBT6, STM32U073MCI6, STM32U073MCT6, STM32U073R8I6, STM32U073R8T6, STM32U073RBI6, STM32U073RBT6, STM32U073RCI6, STM32U073RCT6, STM32U083C-DK, STM32U083CCT6, STM32U083CCU6, STM32U083HCY6TR, STM32U083KCU6, STM32U083MCI6, STM32U083MCT6, STM32U083RCI6, STM32U083RCT6, STM32U535CBT6, STM32U535CBT6Q, STM32U535CBU6, STM32U535CBU6Q, STM32U535CCT6, STM32U535CCT6Q, STM32U535CCU6, STM32U535CCU6Q, STM32U535CET6, STM32U535CET6Q, STM32U535CEU6, STM32U535CEU6Q, STM32U535JEY6QTR, STM32U535NCY6QTR, STM32U535NEY6QTR, STM32U535RBI6, STM32U535RBI6Q, STM32U535RBT6, STM32U535RBT6Q, STM32U535RCI6, STM32U535RCI6Q, STM32U535RCT6, STM32U535RCT6Q, STM32U535REI6, STM32U535REI6Q, STM32U535RET6, STM32U535RET6Q, STM32U535VCI6, STM32U535VCI6Q, STM32U535VCT6, STM32U535VCT6Q, STM32U535VEI6, STM32U535VEI6Q, STM32U535VET6, STM32U535VET6Q, STM32U545CET6, STM32U545CET6Q, STM32U545CEU6, STM32U545CEU6Q, STM32U545JEY6QTR, STM32U545NEY6QTR, STM32U545REI6, STM32U545REI6Q, STM32U545RET6, STM32U545RET6Q, STM32U545VEI6, STM32U545VEI6Q, STM32U545VET6, STM32U545VET6Q, STM32U595AIH6, STM32U595AIH6Q, STM32U595AJH6, STM32U595AJH6Q, STM32U595QII6, STM32U595QII6Q, STM32U595QJI6, STM32U595QJI6Q, STM32U595RIT6, STM32U595RIT6Q, STM32U595RJT6, STM32U595RJT6Q, STM32U595VIT6, STM32U595VIT6Q, STM32U595VJT6, STM32U595VJT6Q, STM32U595ZIT6, STM32U595ZIT6Q, STM32U595ZIY6QTR, STM32U595ZJT6, STM32U595ZJT6Q, STM32U595ZJY6QTR, STM32U599BJY6QTR, STM32U599NIH6Q, STM32U599NJH6Q, STM32U599VIT6Q, STM32U599VJT6, STM32U599VJT6Q, STM32U599ZIT6Q, STM32U599ZIY6QTR, STM32U599ZJT6Q, STM32U599ZJY6QTR, STM32U5A5AJH6, STM32U5A5AJH6Q, STM32U5A5QII3Q , STM32U5A5QJI6, STM32U5A5QJI6Q, STM32U5A5RJT6, STM32U5A5RJT6Q, STM32U5A5VJT6, STM32U5A5VJT6Q, STM32U5A5ZJT6, STM32U5A5ZJT6Q, STM32U5A5ZJY6QTR, STM32U5A9BJY6QTR, STM32U5A9J-DK, STM32U5A9NJH6Q, STM32U5A9VJT6Q, STM32U5A9ZJT6Q, STM32U5A9ZJY6QTR, STM32U5F7VIT6, STM32U5F7VIT6Q, STM32U5F7VJT6, STM32U5F7VJT6Q, STM32U5F9BJY6QTR, STM32U5F9NJH6Q, STM32U5F9VIT6Q, STM32U5F9VJT6Q, STM32U5F9ZIJ6QTR, STM32U5F9ZIT6Q, STM32U5F9ZJJ6QTR, STM32U5F9ZJT6Q, STM32U5G7VJT6, STM32U5G7VJT6Q, STM32U5G9BJY6QTR, STM32U5G9J-DK1, STM32U5G9J-DK2, STM32U5G9NJH6Q, STM32U5G9VJT6Q, STM32U5G9ZJJ6QTR, STM32U5G9ZJT6Q, STM32WB1MMCH6, STM32WBA50KEU6, STM32WBA50KEU6TR, STM32WBA50KGU6, STM32WBA50KGU6TR, STM32WBA52CEU6, STM32WBA52CEU6TR, STM32WBA52CEU7, STM32WBA52CEU7TR, STM32WBA52CGU6, STM32WBA52CGU6TR, STM32WBA52CGU6U, STM32WBA52CGU7, STM32WBA52CGU7TR, STM32WBA52KEU6, STM32WBA52KEU6TR, STM32WBA52KGU6, STM32WBA52KGU6TR, STM32WBA54CEU6, STM32WBA54CEU6TR, STM32WBA54CEU7, STM32WBA54CEU7TR, STM32WBA54CGU6, STM32WBA54CGU6TR, STM32WBA54CGU7, STM32WBA54CGU7TR, STM32WBA54KEU6, STM32WBA54KEU6TR, STM32WBA54KEU7, STM32WBA54KEU7TR, STM32WBA54KGU6, STM32WBA54KGU6TR, STM32WBA54KGU7, STM32WBA54KGU7TR, STM32WBA55CEU6, STM32WBA55CEU6TR, STM32WBA55CEU7, STM32WBA55CEU7TR, STM32WBA55CGU6, STM32WBA55CGU6TR, STM32WBA55CGU6U, STM32WBA55CGU7, STM32WBA55CGU7TR, STM32WBA55G-DK1, STM32WBA55HEF6, STM32WBA55HEF7, STM32WBA55HGF6, STM32WBA55HGF7, STM32WBA55UEI6, STM32WBA55UEI6TR, STM32WBA55UEI7, STM32WBA55UEI7TR, STM32WBA55UGI6, STM32WBA55UGI6TR, STM32WBA55UGI7, STM32WBA55UGI7TR, STM32WL5MOCH6, STM32WL5MOCH6TR]
2026-02-22 16:01:33,036 [INFO] BoardInfo:889 - No configuration file found for board B-WBA5M-WPAN
2026-02-22 16:01:33,036 [INFO] DbBoards:161 - Board is not supported: B-WBA5M-WPAN
2026-02-22 16:01:33,039 [INFO] BoardInfo:889 - No configuration file found for board NUCLEO-C051C8
2026-02-22 16:01:33,040 [INFO] DbBoards:161 - Board is not supported: NUCLEO-C051C8
2026-02-22 16:01:33,041 [INFO] BoardInfo:889 - No configuration file found for board NUCLEO-C071RB
2026-02-22 16:01:33,042 [INFO] DbBoards:161 - Board is not supported: NUCLEO-C071RB
2026-02-22 16:01:33,043 [INFO] BoardInfo:889 - No configuration file found for board NUCLEO-C092RC
2026-02-22 16:01:33,044 [INFO] DbBoards:161 - Board is not supported: NUCLEO-C092RC
2026-02-22 16:01:33,126 [INFO] BoardInfo:889 - No configuration file found for board NUCLEO-N657X0-Q
2026-02-22 16:01:33,126 [INFO] DbBoards:161 - Board is not supported: NUCLEO-N657X0-Q
2026-02-22 16:01:33,130 [INFO] BoardInfo:889 - No configuration file found for board NUCLEO-U385RG-Q
2026-02-22 16:01:33,131 [INFO] DbBoards:161 - Board is not supported: NUCLEO-U385RG-Q
2026-02-22 16:01:33,135 [INFO] BoardInfo:889 - No configuration file found for board NUCLEO-WB05KZ
2026-02-22 16:01:33,135 [INFO] DbBoards:161 - Board is not supported: NUCLEO-WB05KZ
2026-02-22 16:01:33,136 [INFO] BoardInfo:889 - No configuration file found for board NUCLEO-WB07CC
2026-02-22 16:01:33,137 [INFO] DbBoards:161 - Board is not supported: NUCLEO-WB07CC
2026-02-22 16:01:33,138 [INFO] BoardInfo:889 - No configuration file found for board NUCLEO-WB09KE
2026-02-22 16:01:33,138 [INFO] DbBoards:161 - Board is not supported: NUCLEO-WB09KE
2026-02-22 16:01:33,143 [INFO] BoardInfo:889 - No configuration file found for board NUCLEO-WBA65RI
2026-02-22 16:01:33,144 [INFO] DbBoards:161 - Board is not supported: NUCLEO-WBA65RI
2026-02-22 16:01:33,145 [INFO] BoardInfo:889 - No configuration file found for board NUCLEO-WL33CC1
2026-02-22 16:01:33,145 [INFO] DbBoards:161 - Board is not supported: NUCLEO-WL33CC1
2026-02-22 16:01:33,147 [INFO] BoardInfo:889 - No configuration file found for board NUCLEO-WL33CC2
2026-02-22 16:01:33,147 [INFO] DbBoards:161 - Board is not supported: NUCLEO-WL33CC2
2026-02-22 16:01:33,152 [INFO] BoardInfo:889 - No configuration file found for board P-NUCLEO-WB55
2026-02-22 16:01:33,152 [INFO] DbBoards:161 - Kit is not supported: P-NUCLEO-WB55
2026-02-22 16:01:33,156 [INFO] BoardInfo:889 - No configuration file found for board STEVAL-BFA001V1B
2026-02-22 16:01:33,157 [INFO] DbBoards:161 - Kit is not supported: STEVAL-BFA001V1B
2026-02-22 16:01:33,157 [INFO] BoardInfo:889 - No configuration file found for board STEVAL-BFA001V2B
2026-02-22 16:01:33,158 [INFO] DbBoards:161 - Kit is not supported: STEVAL-BFA001V2B
2026-02-22 16:01:33,256 [INFO] BoardInfo:889 - No configuration file found for board STM32MP257F-DK
2026-02-22 16:01:33,256 [INFO] DbBoards:161 - Board is not supported: STM32MP257F-DK
2026-02-22 16:01:33,257 [INFO] BoardInfo:889 - No configuration file found for board STM32MP257F-EV1
2026-02-22 16:01:33,258 [INFO] DbBoards:161 - Board is not supported: STM32MP257F-EV1
2026-02-22 16:01:33,259 [INFO] BoardInfo:889 - No configuration file found for board STM32N6570-DK
2026-02-22 16:01:33,259 [INFO] DbBoards:161 - Board is not supported: STM32N6570-DK
2026-02-22 16:01:33,268 [INFO] BoardInfo:889 - No configuration file found for board STM32WBA65I-DK1
2026-02-22 16:01:33,268 [INFO] DbBoards:161 - Board is not supported: STM32WBA65I-DK1
2026-02-22 16:01:33,269 [INFO] DbBoards:168 - Found 211 boards, 192 are supported
2026-02-22 16:01:33,269 [INFO] DbBoards:169 - Found 211 boards, 8 of them is supported for  Bsp
2026-02-22 16:01:33,271 [INFO] ApiDb:423 - Load user favorites file C:\Users\USER/.stm32cubeide/favorites.boards.txt: 0 item(s)
2026-02-22 16:01:33,272 [INFO] ApiDb:427 - User favorites Boards=[]
2026-02-22 16:01:33,272 [INFO] DbBoards:198 - Set 0 / 0 favorites Boards
2026-02-22 16:01:33,274 [INFO] ApiDb:668 - CubeFinder database Data Model version=2.1
2026-02-22 16:01:33,274 [INFO] ApiDb:669 - CubeFinder database Configuration version=3.0.39
2026-02-22 16:01:33,274 [INFO] ApiDb:670 - CubeFinder database generation date=2025-12-22 (1766407740)
2026-02-22 16:01:33,274 [INFO] ApiDb:671 - CubeFinder database FW Pack versions=[FP-ATR-ASTRA1_V2.0.0, FP-SNS-FLIGHT1_V5.1.0, FP-SNS-MOTENV1_V5.1.0, FP-SNS-MOTENVWB1_V1.4.0, FP-SNS-SMARTAG2_V1.2.0, FP-SNS-STBOX1_V2.1.0, STM32Cube_FW_C0_V1.4.0, STM32Cube_FW_F4_V1.28.3, STM32Cube_FW_F7_V1.17.4, STM32Cube_FW_G0_V1.6.2, STM32Cube_FW_G4_V1.6.1, STM32Cube_FW_H5_V1.5.1, STM32Cube_FW_H7RS_V1.3.0, STM32Cube_FW_H7_V1.12.1, STM32Cube_FW_L0_V1.12.2, STM32Cube_FW_L4_V1.18.1, STM32Cube_FW_L5_V1.6.0, STM32Cube_FW_N6_V1.3.0, STM32Cube_FW_U0_V1.3.0, STM32Cube_FW_U3_V1.2.1, STM32Cube_FW_U5_V1.8.0, STM32Cube_FW_WB0_V1.4.0, STM32Cube_FW_WBA_V1.8.0, STM32Cube_FW_WB_V1.24.0, STM32Cube_FW_WL3_V1.3.0, STM32Cube_FW_WL_V1.4.0, X-CUBE-ALGOBUILD_V1.4.0, X-CUBE-ALS_V1.0.2, X-CUBE-AZRTOS-F4_V1.1.0, X-CUBE-AZRTOS-F7_V1.1.0, X-CUBE-AZRTOS-G0_V1.1.0, X-CUBE-AZRTOS-G4_V2.0.0, X-CUBE-AZRTOS-H7RS_V1.1.0, X-CUBE-AZRTOS-H7_V3.4.0, X-CUBE-AZRTOS-L4_V2.0.0, X-CUBE-AZRTOS-L5_V2.0.0, X-CUBE-AZRTOS-WB_V2.0.0, X-CUBE-AZRTOS-WL_V2.0.0, X-CUBE-BLE1_V7.1.0, X-CUBE-BLE2_V3.3.0, X-CUBE-BLEMGR_V4.1.0, X-CUBE-EEPRMA1_V5.2.0, X-CUBE-FREERTOS_V1.3.1, X-CUBE-GNSS1_V6.0.0, X-CUBE-MEMS1_V12.0.0, X-CUBE-NFC4_V3.0.0, X-CUBE-NFC7_V2.0.0, X-CUBE-SFXS2LP1_V4.0.0, X-CUBE-ST67W61_V1.1.0, X-CUBE-SUBG2_V5.0.0, X-CUBE-TOF1_V3.4.3]
2026-02-22 16:01:33,862 [ERROR] DbExamplesSqlite:437 - Missing JSON key: board_cpn
2026-02-22 16:01:33,862 [ERROR] DbExamplesSqlite:437 - Missing JSON key: board_cpn
2026-02-22 16:01:33,862 [ERROR] DbExamplesSqlite:437 - Missing JSON key: board_cpn
2026-02-22 16:01:33,862 [ERROR] DbExamplesSqlite:437 - Missing JSON key: board_cpn
2026-02-22 16:01:34,146 [ERROR] DbExamplesSqlite:437 - Missing JSON key: board_cpn
2026-02-22 16:01:34,146 [ERROR] DbExamplesSqlite:437 - Missing JSON key: board_cpn
2026-02-22 16:01:34,157 [INFO] DbExamplesSqlite:395 - Ignored 42 examples not supported by CubeIDE
2026-02-22 16:01:34,157 [INFO] DbExamplesSqlite:396 - Found 10819 examples active
2026-02-22 16:01:34,158 [INFO] DbExamplesSqlite:397 - Found 0 examples obsolete
2026-02-22 16:01:34,158 [INFO] DbExamplesSqlite:398 - Found 0 examples under development
2026-02-22 16:01:34,158 [INFO] DbExamplesSqlite:399 - Found 85 examples not building
2026-02-22 16:01:34,160 [INFO] DbExamples:125 - Found 10862 examples
2026-02-22 16:01:34,208 [ERROR] DbExamples:208 - Found 73 examples with invalid data (board or MCU)
2026-02-22 16:01:34,208 [INFO] DbExamples:222 - Found 134 boards with related examples
2026-02-22 16:01:34,211 [INFO] DbExamples:235 - Found 111 MCUs with related examples
2026-02-22 16:01:34,236 [INFO] ApiDb:423 - Load user favorites file C:\Users\USER/.stm32cubeide/favorites.examples.txt: 0 item(s)
2026-02-22 16:01:34,236 [INFO] ApiDb:427 - User favorites Examples=[]
2026-02-22 16:01:34,237 [INFO] DbExamples:250 - Set 0 / 0 favorites Examples
2026-02-22 16:01:35,005 [INFO] McuFinderGlobals:76 - Set McuFinderConnectedMode to true
2026-02-22 16:01:35,034 [INFO] MultiScanPanel:200 - Auto-refresh data requested => check proxy status ongoing
2026-02-22 16:01:35,037 [INFO] FinderPluginLoader:95 - Searching for filters in installed packs
2026-02-22 16:01:36,782 [INFO] LoadUrlFilesThread:185 - End of LoadServerUrlFiles without Thread
2026-02-22 16:01:36,807 [INFO] DetailPanel:341 - Set advertising image to C:/Users/USER/STM32Cube/Repository/\en.prom-stm32cubeaistudio-0226.png
2026-02-22 16:04:46,008 [INFO] MainUpdater:2873 - connection check result : 10
2026-02-22 16:04:46,008 [INFO] MainUpdater:2873 - connection check result : 10
2026-02-22 16:04:46,077 [INFO] MicroXplorer:468 - Change Database Path : 
2026-02-22 16:04:46,077 [INFO] MicroXplorer:498 - Change Database Version : DB.6.0.110
2026-02-22 16:04:46,114 [WARN] ThirdParty:871 - waiting for thirdparty lock release [close project]
2026-02-22 16:04:46,114 [INFO] ThirdParty:873 - entering critical section [close project]
2026-02-22 16:04:46,115 [INFO] ThirdParty:883 - exiting critical section [close project]
2026-02-22 16:04:46,116 [INFO] PinOutPanel:1561 - setPackage(No Configuration,No Configuration)
2026-02-22 16:04:46,118 [INFO] UtilMem:75 - Begin LoadConfig() Used Memory: 789013888 Bytes (1073741824)
2026-02-22 16:04:46,120 [INFO] MicroXplorer:468 - Change Database Path : 
2026-02-22 16:04:46,120 [INFO] MicroXplorer:498 - Change Database Version : DB.6.0.110
2026-02-22 16:04:46,120 [INFO] OpenFileManager:312 - Change cursor
2026-02-22 16:04:46,166 [WARN] IntegrityCheckThread:84 - waiting for thirdparty lock release [integrity check]
2026-02-22 16:04:46,166 [INFO] IntegrityCheckThread:86 - entering critical section [integrity check]
2026-02-22 16:04:46,726 [WARN] PackLoader:240 - Cannot read IP mode file for STMicroelectronics.FP-SNS-MOTENVWB1.1.4.0
2026-02-22 16:04:46,749 [WARN] PackLoader:240 - Cannot read IP mode file for STMicroelectronics.FP-ATR-ASTRA1.2.0.2
2026-02-22 16:04:46,766 [WARN] PackLoader:240 - Cannot read IP mode file for STMicroelectronics.FP-ATR-ASTRA1.2.0.1
2026-02-22 16:04:46,786 [WARN] PackLoader:240 - Cannot read IP mode file for STMicroelectronics.X-CUBE-SMBUS.2.1.0
2026-02-22 16:04:46,805 [WARN] PackLoader:240 - Cannot read IP mode file for STMicroelectronics.X-CUBE-WB05N.1.1.0
2026-02-22 16:04:46,824 [WARN] PackLoader:240 - Cannot read IP mode file for STMicroelectronics.X-CUBE-TOUCHGFX.4.23.2
2026-02-22 16:04:46,870 [WARN] PackLoader:240 - Cannot read IP mode file for STMicroelectronics.X-CUBE-AZRTOS-F7.1.1.0
2026-02-22 16:04:46,939 [WARN] PackLoader:240 - Cannot read IP mode file for STMicroelectronics.X-CUBE-MEMS1.11.0.0
2026-02-22 16:04:47,068 [ERROR] Engine:466 - C:\Users\USER\.stm32cubemx\thirdparties\pdsc\STMicroelectronics.FP-SNS-MOTENV1.5.1.0.pdsc: PDSC version is not supported
2026-02-22 16:04:47,088 [WARN] PackLoader:240 - Cannot read IP mode file for STMicroelectronics.FP-SNS-FLIGHT1.5.0.2
2026-02-22 16:04:47,129 [WARN] PackLoader:240 - Cannot read IP mode file for STMicroelectronics.X-CUBE-AZRTOS-H7.3.4.0
2026-02-22 16:04:47,155 [WARN] PackLoader:240 - Cannot read IP mode file for STMicroelectronics.X-CUBE-DISPLAY.3.0.0
2026-02-22 16:04:47,182 [ERROR] Engine:466 - C:\Users\USER\.stm32cubemx\thirdparties\pdsc\STMicroelectronics.FP-SNS-MOTENVWB1.1.5.0.pdsc: PDSC version is not supported
2026-02-22 16:04:47,203 [WARN] PackLoader:240 - Cannot read IP mode file for STMicroelectronics.X-CUBE-BLE1.7.0.0
2026-02-22 16:04:47,227 [WARN] PackLoader:240 - Cannot read IP mode file for STMicroelectronics.X-CUBE-NFC10.1.0.0
2026-02-22 16:04:47,254 [WARN] PackLoader:240 - Cannot read IP mode file for STMicroelectronics.X-CUBE-BLEMGR.4.0.0
2026-02-22 16:04:47,276 [ERROR] Engine:466 - C:\Users\USER\.stm32cubemx\thirdparties\pdsc\STMicroelectronics.X-CUBE-ST60.1.1.0.pdsc: PDSC version is not supported
2026-02-22 16:04:47,299 [WARN] PackLoader:240 - Cannot read IP mode file for emotas.I-CUBE-CANOPEN.1.3.0
2026-02-22 16:04:47,320 [WARN] PackLoader:240 - Cannot read IP mode file for STMicroelectronics.X-CUBE-GNSS1.7.1.0
2026-02-22 16:04:47,345 [WARN] PackLoader:240 - Cannot read IP mode file for STMicroelectronics.X-CUBE-BLEMGR.3.1.0
2026-02-22 16:04:47,369 [WARN] PackLoader:240 - Cannot read IP mode file for STMicroelectronics.X-CUBE-AI.10.0.0
2026-02-22 16:04:47,390 [ERROR] Engine:466 - C:\Users\USER\.stm32cubemx\thirdparties\pdsc\STMicroelectronics.FP-SNS-STBOX1.2.1.0.pdsc: PDSC version is not supported
2026-02-22 16:04:47,411 [WARN] PackLoader:240 - Cannot read IP mode file for STMicroelectronics.FP-SNS-SMARTAG2.1.2.0
2026-02-22 16:04:47,430 [ERROR] Engine:466 - C:\Users\USER\.stm32cubemx\thirdparties\pdsc\STMicroelectronics.FP-SNS-FLIGHT1.5.1.0.pdsc: PDSC version is not supported
2026-02-22 16:04:47,492 [WARN] PackLoader:240 - Cannot read IP mode file for STMicroelectronics.X-CUBE-MEMS1.11.1.0
2026-02-22 16:04:47,593 [INFO] LogOutputStream:77 - [STDOUT_REDIRECT] 1 : Invalid condition id : UX_CORESTACK_Condition cause : null
2026-02-22 16:04:47,595 [INFO] LogOutputStream:77 - [STDOUT_REDIRECT] 1 : Invalid condition id : UX_CORESTACK_Condition cause : null
2026-02-22 16:04:47,596 [INFO] LogOutputStream:77 - [STDOUT_REDIRECT] 1 : Invalid condition id : UX_CORESTACK_Condition cause : null
2026-02-22 16:04:47,597 [INFO] LogOutputStream:77 - [STDOUT_REDIRECT] 1 : Invalid condition id : UX_CORESTACK_Condition cause : null
2026-02-22 16:04:47,599 [INFO] LogOutputStream:77 - [STDOUT_REDIRECT] 1 : Invalid condition id : UX_CORESTACK_Condition cause : null
2026-02-22 16:04:47,601 [WARN] PackLoader:240 - Cannot read IP mode file for STMicroelectronics.X-CUBE-AZRTOS-WL.2.0.0
2026-02-22 16:04:47,620 [WARN] PackLoader:240 - Cannot read IP mode file for STMicroelectronics.FP-SNS-MOTENV1.5.0.0
2026-02-22 16:04:47,659 [WARN] PackLoader:240 - Cannot read IP mode file for STMicroelectronics.X-CUBE-AZRTOS-H7RS.1.2.0
2026-02-22 16:04:47,679 [WARN] PackLoader:240 - Cannot read IP mode file for wolfSSL.I-CUBE-wolfMQTT.1.19.0
2026-02-22 16:04:47,702 [WARN] PackLoader:240 - Cannot read IP mode file for WES.I-CUBE-Cesium.1.3.0
2026-02-22 16:04:47,722 [WARN] PackLoader:240 - Cannot read IP mode file for STMicroelectronics.X-CUBE-BLE2.3.3.0
2026-02-22 16:04:47,739 [ERROR] Engine:466 - C:\Users\USER\.stm32cubemx\thirdparties\pdsc\Avnet-IOTCONNECT.X-CUBE-iotc-st67-sdk.1.0.0.pdsc: PDSC version is not supported
2026-02-22 16:04:47,758 [WARN] PackLoader:240 - Cannot read IP mode file for STMicroelectronics.X-CUBE-NFC9.1.0.0
2026-02-22 16:04:47,777 [WARN] PackLoader:240 - Cannot read IP mode file for STMicroelectronics.X-CUBE-BLE1.7.1.0
2026-02-22 16:04:47,800 [WARN] PackLoader:240 - Cannot read IP mode file for STMicroelectronics.X-CUBE-TCPP.4.1.0
2026-02-22 16:04:47,818 [ERROR] Engine:466 - C:\Users\USER\.stm32cubemx\thirdparties\pdsc\STMicroelectronics.X-CUBE-FREERTOS.1.4.0.pdsc: PDSC version is not supported
2026-02-22 16:04:47,837 [WARN] PackLoader:240 - Cannot read IP mode file for STMicroelectronics.X-CUBE-EEPRMA1.5.2.0
2026-02-22 16:04:47,855 [ERROR] Engine:466 - C:\Users\USER\.stm32cubemx\thirdparties\pdsc\STMicroelectronics.X-CUBE-ST67W61.1.1.0.pdsc: PDSC version is not supported
2026-02-22 16:04:47,901 [WARN] PackLoader:240 - Cannot read IP mode file for STMicroelectronics.X-CUBE-MEMS1.12.0.0
2026-02-22 16:04:47,965 [WARN] PackLoader:240 - Cannot read IP mode file for STMicroelectronics.X-CUBE-ALGOBUILD.1.3.0
2026-02-22 16:04:48,014 [WARN] PackLoader:240 - Cannot read IP mode file for STMicroelectronics.X-CUBE-MEMS1.11.2.0
2026-02-22 16:04:48,120 [WARN] PackLoader:240 - Cannot read IP mode file for STMicroelectronics.X-CUBE-AZRTOS-G0.1.1.0
2026-02-22 16:04:48,142 [WARN] PackLoader:240 - Cannot read IP mode file for STMicroelectronics.X-CUBE-SAFEA1.1.2.2
2026-02-22 16:04:48,161 [WARN] PackLoader:240 - Cannot read IP mode file for STMicroelectronics.X-CUBE-NFC4.3.0.0
2026-02-22 16:04:48,185 [WARN] PackLoader:240 - Cannot read IP mode file for EmbeddedOffice.I-CUBE-FS-RTOS.1.0.1
2026-02-22 16:04:48,185 [ERROR] ConditionMgr:805 - Attr not supported : Dmpu
2026-02-22 16:04:48,185 [ERROR] ConditionMgr:805 - Attr not supported : Dmpu
2026-02-22 16:04:48,185 [ERROR] ConditionMgr:805 - Attr not supported : Dmpu
2026-02-22 16:04:48,186 [ERROR] ConditionMgr:805 - Attr not supported : Dmpu
2026-02-22 16:04:48,186 [ERROR] ConditionMgr:805 - Attr not supported : Dmpu
2026-02-22 16:04:48,186 [ERROR] ConditionMgr:805 - Attr not supported : Dmpu
2026-02-22 16:04:48,186 [ERROR] ConditionMgr:805 - Attr not supported : Dmpu
2026-02-22 16:04:48,186 [ERROR] ConditionMgr:805 - Attr not supported : Dmpu
2026-02-22 16:04:48,186 [ERROR] ConditionMgr:805 - Attr not supported : Dmpu
2026-02-22 16:04:48,186 [ERROR] ConditionMgr:805 - Attr not supported : Dmpu
2026-02-22 16:04:48,186 [ERROR] ConditionMgr:805 - Attr not supported : Dmpu
2026-02-22 16:04:48,186 [ERROR] ConditionMgr:805 - Attr not supported : Dmpu
2026-02-22 16:04:48,186 [ERROR] ConditionMgr:805 - Attr not supported : Dmpu
2026-02-22 16:04:48,186 [ERROR] ConditionMgr:805 - Attr not supported : Dmpu
2026-02-22 16:04:48,186 [ERROR] ConditionMgr:805 - Attr not supported : Dmpu
2026-02-22 16:04:48,186 [ERROR] ConditionMgr:805 - Attr not supported : Dmpu
2026-02-22 16:04:48,186 [ERROR] ConditionMgr:805 - Attr not supported : Dmpu
2026-02-22 16:04:48,187 [ERROR] ConditionMgr:805 - Attr not supported : Dmpu
2026-02-22 16:04:48,187 [ERROR] ConditionMgr:805 - Attr not supported : Dmpu
2026-02-22 16:04:48,187 [ERROR] ConditionMgr:805 - Attr not supported : Dmpu
2026-02-22 16:04:48,187 [ERROR] ConditionMgr:805 - Attr not supported : Dmpu
2026-02-22 16:04:48,187 [ERROR] ConditionMgr:805 - Attr not supported : Dmpu
2026-02-22 16:04:48,187 [ERROR] ConditionMgr:805 - Attr not supported : Dmpu
2026-02-22 16:04:48,187 [ERROR] ConditionMgr:805 - Attr not supported : Dmpu
2026-02-22 16:04:48,187 [ERROR] ConditionMgr:805 - Attr not supported : Dmpu
2026-02-22 16:04:48,187 [ERROR] ConditionMgr:805 - Attr not supported : Dmpu
2026-02-22 16:04:48,187 [ERROR] ConditionMgr:805 - Attr not supported : Dmpu
2026-02-22 16:04:48,187 [ERROR] ConditionMgr:805 - Attr not supported : Dmpu
2026-02-22 16:04:48,187 [ERROR] ConditionMgr:805 - Attr not supported : Dmpu
2026-02-22 16:04:48,187 [ERROR] ConditionMgr:805 - Attr not supported : Dmpu
2026-02-22 16:04:48,187 [ERROR] ConditionMgr:805 - Attr not supported : Dmpu
2026-02-22 16:04:48,187 [ERROR] ConditionMgr:805 - Attr not supported : Dmpu
2026-02-22 16:04:48,187 [ERROR] ConditionMgr:805 - Attr not supported : Dmpu
2026-02-22 16:04:48,187 [ERROR] ConditionMgr:805 - Attr not supported : Dmpu
2026-02-22 16:04:48,187 [ERROR] ConditionMgr:805 - Attr not supported : Dmpu
2026-02-22 16:04:48,187 [ERROR] ConditionMgr:805 - Attr not supported : Dmpu
2026-02-22 16:04:48,188 [ERROR] ConditionMgr:805 - Attr not supported : Dmpu
2026-02-22 16:04:48,188 [ERROR] ConditionMgr:805 - Attr not supported : Dmpu
2026-02-22 16:04:48,188 [ERROR] ConditionMgr:805 - Attr not supported : Dmpu
2026-02-22 16:04:48,188 [ERROR] ConditionMgr:805 - Attr not supported : Dmpu
2026-02-22 16:04:48,188 [ERROR] ConditionMgr:805 - Attr not supported : Dmpu
2026-02-22 16:04:48,188 [ERROR] ConditionMgr:805 - Attr not supported : Dmpu
2026-02-22 16:04:48,188 [ERROR] ConditionMgr:805 - Attr not supported : Dmpu
2026-02-22 16:04:48,188 [ERROR] ConditionMgr:805 - Attr not supported : Dmpu
2026-02-22 16:04:48,188 [ERROR] ConditionMgr:805 - Attr not supported : Dmpu
2026-02-22 16:04:48,188 [ERROR] ConditionMgr:805 - Attr not supported : Dmpu
2026-02-22 16:04:48,188 [ERROR] ConditionMgr:805 - Attr not supported : Dmpu
2026-02-22 16:04:48,189 [ERROR] ConditionMgr:805 - Attr not supported : Dmpu
2026-02-22 16:04:48,189 [ERROR] ConditionMgr:805 - Attr not supported : Dmpu
2026-02-22 16:04:48,189 [ERROR] ConditionMgr:805 - Attr not supported : Dmpu
2026-02-22 16:04:48,189 [ERROR] ConditionMgr:805 - Attr not supported : Dmpu
2026-02-22 16:04:48,189 [ERROR] ConditionMgr:805 - Attr not supported : Dmpu
2026-02-22 16:04:48,189 [ERROR] ConditionMgr:805 - Attr not supported : Dmpu
2026-02-22 16:04:48,189 [ERROR] ConditionMgr:805 - Attr not supported : Dmpu
2026-02-22 16:04:48,189 [ERROR] ConditionMgr:805 - Attr not supported : Dmpu
2026-02-22 16:04:48,189 [ERROR] ConditionMgr:805 - Attr not supported : Dmpu
2026-02-22 16:04:48,189 [ERROR] ConditionMgr:805 - Attr not supported : Dmpu
2026-02-22 16:04:48,189 [ERROR] ConditionMgr:805 - Attr not supported : Dmpu
2026-02-22 16:04:48,189 [ERROR] ConditionMgr:805 - Attr not supported : Dmpu
2026-02-22 16:04:48,189 [ERROR] ConditionMgr:805 - Attr not supported : Dmpu
2026-02-22 16:04:48,189 [ERROR] ConditionMgr:805 - Attr not supported : Dmpu
2026-02-22 16:04:48,189 [ERROR] ConditionMgr:805 - Attr not supported : Dmpu
2026-02-22 16:04:48,189 [ERROR] ConditionMgr:805 - Attr not supported : Dmpu
2026-02-22 16:04:48,189 [ERROR] ConditionMgr:805 - Attr not supported : Dmpu
2026-02-22 16:04:48,208 [WARN] PackLoader:240 - Cannot read IP mode file for STMicroelectronics.X-CUBE-WB05N.2.0.0
2026-02-22 16:04:48,225 [ERROR] Engine:466 - C:\Users\USER\.stm32cubemx\thirdparties\pdsc\STMicroelectronics.X-CUBE-TCPP.4.2.0.pdsc: PDSC version is not supported
2026-02-22 16:04:48,243 [WARN] PackLoader:240 - Cannot read IP mode file for RealThread.X-CUBE-RT-Thread_Nano.4.1.1
2026-02-22 16:04:48,259 [WARN] PackLoader:240 - Cannot read IP mode file for wolfSSL.I-CUBE-wolfSSL.5.7.0
2026-02-22 16:04:48,276 [WARN] PackLoader:240 - Cannot read IP mode file for STMicroelectronics.FP-ATR-SIGFOX1.3.2.0
2026-02-22 16:04:48,292 [WARN] ConditionMgr:438 - getConditionDescription Invalid condition id : Cortex-A Device cause : null
2026-02-22 16:04:48,358 [WARN] ConditionMgr:1039 - genDependencies : Invalid condition id : Cortex-A Device cause : null
2026-02-22 16:04:48,358 [WARN] ConditionMgr:1039 - genDependencies : Invalid condition id : Cortex-A Device cause : null
2026-02-22 16:04:48,358 [WARN] ConditionMgr:1039 - genDependencies : Invalid condition id : Cortex-A Device cause : null
2026-02-22 16:04:48,374 [WARN] PackLoader:240 - Cannot read IP mode file for STMicroelectronics.X-CUBE-EEPRMA1.5.1.0
2026-02-22 16:04:48,395 [WARN] PackLoader:240 - Cannot read IP mode file for ITTIA_DB.I-CUBE-ITTIADB.8.9.0
2026-02-22 16:04:48,414 [WARN] PackLoader:240 - Cannot read IP mode file for STMicroelectronics.X-CUBE-NFC6.3.2.0
2026-02-22 16:04:48,433 [WARN] PackLoader:240 - Cannot read IP mode file for STMicroelectronics.X-CUBE-AI.10.2.0
2026-02-22 16:04:48,466 [WARN] PackLoader:240 - Cannot read IP mode file for SEGGER.I-CUBE-embOS.1.3.1
2026-02-22 16:04:48,506 [WARN] PackLoader:240 - Cannot read IP mode file for STMicroelectronics.X-CUBE-ALGOBUILD.1.4.0
2026-02-22 16:04:48,525 [WARN] PackLoader:240 - Cannot read IP mode file for STMicroelectronics.X-CUBE-AI.9.1.0
2026-02-22 16:04:48,543 [WARN] PackLoader:240 - Cannot read IP mode file for STMicroelectronics.X-CUBE-PM33A1.1.0.0
2026-02-22 16:04:48,560 [WARN] PackLoader:240 - Cannot read IP mode file for STMicroelectronics.X-CUBE-GNSS1.6.0.0
2026-02-22 16:04:48,590 [WARN] PackLoader:240 - Cannot read IP mode file for STMicroelectronics.X-CUBE-AZRTOS-F4.1.1.0
2026-02-22 16:04:48,608 [ERROR] Engine:466 - C:\Users\USER\.stm32cubemx\thirdparties\pdsc\Avnet-IotConnect.X-CUBE-IoTC-DA16k-PMOD.1.0.0.pdsc: PDSC version is not supported
2026-02-22 16:04:48,624 [WARN] PackLoader:240 - Cannot read IP mode file for STMicroelectronics.X-CUBE-ISPU.2.1.0
2026-02-22 16:04:48,643 [ERROR] Engine:466 - C:\Users\USER\.stm32cubemx\thirdparties\pdsc\STMicroelectronics.X-CUBE-IPS.3.2.0.pdsc: PDSC version is not supported
2026-02-22 16:04:48,661 [WARN] PackLoader:240 - Cannot read IP mode file for STMicroelectronics.X-CUBE-FREERTOS.1.2.0
2026-02-22 16:04:48,680 [WARN] PackLoader:240 - Cannot read IP mode file for STMicroelectronics.X-CUBE-NFC12.1.0.0
2026-02-22 16:04:48,710 [WARN] PackLoader:240 - Cannot read IP mode file for STMicroelectronics.X-CUBE-AZRTOS-L5.2.0.0
2026-02-22 16:04:48,728 [WARN] PackLoader:240 - Cannot read IP mode file for STMicroelectronics.X-CUBE-NFC6.3.1.0
2026-02-22 16:04:48,749 [WARN] PackLoader:240 - Cannot read IP mode file for STMicroelectronics.X-CUBE-DPower.1.2.0
2026-02-22 16:04:48,767 [WARN] PackLoader:240 - Cannot read IP mode file for STMicroelectronics.X-CUBE-AI.9.0.0
2026-02-22 16:04:48,783 [WARN] PackLoader:240 - Cannot read IP mode file for STMicroelectronics.X-CUBE-FREERTOS.1.3.1
2026-02-22 16:04:48,801 [WARN] PackLoader:240 - Cannot read IP mode file for STMicroelectronics.X-CUBE-FREERTOS.1.3.0
2026-02-22 16:04:48,819 [WARN] PackLoader:240 - Cannot read IP mode file for STMicroelectronics.X-CUBE-NFC7.1.0.1
2026-02-22 16:04:48,836 [WARN] PackLoader:240 - Cannot read IP mode file for STMicroelectronics.X-CUBE-TOUCHGFX.4.26.0
2026-02-22 16:04:48,852 [ERROR] Engine:466 - C:\Users\USER\.stm32cubemx\thirdparties\pdsc\STMicroelectronics.FP-SNS-STAIOTCFT.1.0.0.pdsc: PDSC version is not supported
2026-02-22 16:04:48,868 [WARN] PackLoader:240 - Cannot read IP mode file for STMicroelectronics.X-CUBE-DPower.1.3.0
2026-02-22 16:04:48,896 [WARN] ConditionMgr:438 - getConditionDescription Invalid condition id : LAN8742 Phy interface Condition cause : null
2026-02-22 16:04:48,897 [WARN] PackLoader:240 - Cannot read IP mode file for STMicroelectronics.X-CUBE-AZRTOS-L4.2.0.0
2026-02-22 16:04:48,898 [WARN] ConditionMgr:1039 - genDependencies : Invalid condition id : LAN8742 Phy interface Condition cause : null
2026-02-22 16:04:48,899 [WARN] ConditionMgr:1039 - genDependencies : Invalid condition id : LAN8742 Phy interface Condition cause : null
2026-02-22 16:04:48,899 [WARN] ConditionMgr:1039 - genDependencies : Invalid condition id : LAN8742 Phy interface Condition cause : null
2026-02-22 16:04:48,918 [WARN] PackLoader:240 - Cannot read IP mode file for STMicroelectronics.X-CUBE-SFXS2LP1.4.0.0
2026-02-22 16:04:48,936 [ERROR] Engine:466 - C:\Users\USER\.stm32cubemx\thirdparties\pdsc\STMicroelectronics.X-CUBE-ST67W61.1.2.0.pdsc: PDSC version is not supported
2026-02-22 16:04:48,966 [WARN] PackLoader:240 - Cannot read IP mode file for STMicroelectronics.X-CUBE-AZRTOS-H7.3.3.0
2026-02-22 16:04:48,983 [ERROR] Engine:466 - C:\Users\USER\.stm32cubemx\thirdparties\pdsc\STMicroelectronics.X-CUBE-BLEMGR.4.1.0.pdsc: PDSC version is not supported
2026-02-22 16:04:49,007 [WARN] PackLoader:240 - Cannot read IP mode file for STMicroelectronics.X-CUBE-IPS.3.0.0
2026-02-22 16:04:49,044 [WARN] ConditionMgr:438 - getConditionDescription Invalid condition id : UX DEVICE CLASS RTOS Condition cause : null
2026-02-22 16:04:49,045 [WARN] ConditionMgr:438 - getConditionDescription Invalid condition id : UX DEVICE CLASS RTOS Condition cause : null
2026-02-22 16:04:49,046 [WARN] PackLoader:240 - Cannot read IP mode file for STMicroelectronics.X-CUBE-AZRTOS-WB.2.0.0
2026-02-22 16:04:49,046 [WARN] ConditionMgr:1039 - genDependencies : Invalid condition id : UX DEVICE CLASS RTOS Condition cause : null
2026-02-22 16:04:49,046 [WARN] ConditionMgr:1039 - genDependencies : Invalid condition id : UX DEVICE CLASS RTOS Condition cause : null
2026-02-22 16:04:49,046 [WARN] ConditionMgr:1039 - genDependencies : Invalid condition id : UX DEVICE CLASS RTOS Condition cause : null
2026-02-22 16:04:49,046 [WARN] ConditionMgr:1039 - genDependencies : Invalid condition id : UX DEVICE CLASS RTOS Condition cause : null
2026-02-22 16:04:49,047 [WARN] ConditionMgr:1039 - genDependencies : Invalid condition id : UX DEVICE CLASS RTOS Condition cause : null
2026-02-22 16:04:49,069 [WARN] PackLoader:240 - Cannot read IP mode file for STMicroelectronics.X-CUBE-GNSS1.7.0.0
2026-02-22 16:04:49,086 [WARN] PackLoader:240 - Cannot read IP mode file for STMicroelectronics.X-CUBE-GNSS1.7.0.1
2026-02-22 16:04:49,103 [WARN] PackLoader:240 - Cannot read IP mode file for STMicroelectronics.X-CUBE-TOUCHGFX.4.25.0
2026-02-22 16:04:49,123 [WARN] PackLoader:240 - Cannot read IP mode file for STMicroelectronics.FP-SNS-STBOX1.2.0.0
2026-02-22 16:04:49,142 [WARN] PackLoader:240 - Cannot read IP mode file for STMicroelectronics.X-CUBE-STSE01.2.0.0
2026-02-22 16:04:49,165 [WARN] PackLoader:240 - Cannot read IP mode file for STMicroelectronics.X-CUBE-SUBG2.5.0.0
2026-02-22 16:04:49,197 [WARN] PackLoader:240 - Cannot read IP mode file for STMicroelectronics.X-CUBE-AZRTOS-H7RS.1.1.0
2026-02-22 16:04:49,216 [WARN] PackLoader:240 - Cannot read IP mode file for Cesanta.I-CUBE-Mongoose.7.13.0
2026-02-22 16:04:49,247 [WARN] PackLoader:240 - Cannot read IP mode file for STMicroelectronics.X-CUBE-AZRTOS-G4.2.0.0
2026-02-22 16:04:49,266 [WARN] PackLoader:240 - Cannot read IP mode file for STMicroelectronics.X-CUBE-NFC7.2.0.0
2026-02-22 16:04:49,281 [WARN] PackLoader:240 - Cannot read IP mode file for STMicroelectronics.X-CUBE-ISPU.2.0.0
2026-02-22 16:04:49,299 [ERROR] Engine:466 - C:\Users\USER\.stm32cubemx\thirdparties\pdsc\STMicroelectronics.X-CUBE-IPS.3.1.0.pdsc: PDSC version is not supported
2026-02-22 16:04:49,317 [WARN] PackLoader:240 - Cannot read IP mode file for STMicroelectronics.X-CUBE-ALS.1.0.2
2026-02-22 16:04:49,359 [WARN] PackLoader:240 - Cannot read IP mode file for STMicroelectronics.X-CUBE-MEMS1.10.0.0
2026-02-22 16:04:49,424 [WARN] PackLoader:240 - Cannot read IP mode file for STMicroelectronics.X-CUBE-FREERTOS.1.1.0
2026-02-22 16:04:49,440 [WARN] PackLoader:240 - Cannot read IP mode file for STMicroelectronics.X-CUBE-TOUCHGFX.4.24.2
2026-02-22 16:04:49,458 [WARN] PackLoader:240 - Cannot read IP mode file for STMicroelectronics.X-CUBE-TOUCHGFX.4.24.1
2026-02-22 16:04:49,476 [WARN] PackLoader:240 - Cannot read IP mode file for STMicroelectronics.X-CUBE-STSE01.1.0.0
2026-02-22 16:04:49,493 [WARN] PackLoader:240 - Cannot read IP mode file for wolfSSL.I-CUBE-wolfTPM.3.4.0
2026-02-22 16:04:49,511 [WARN] PackLoader:240 - Cannot read IP mode file for portGmbH.I-Cube-SoM-uGOAL.1.1.0
2026-02-22 16:04:49,526 [WARN] PackLoader:240 - Cannot read IP mode file for STMicroelectronics.X-CUBE-ALS.1.0.1
2026-02-22 16:04:49,553 [WARN] PackLoader:240 - Cannot read IP mode file for STMicroelectronics.X-CUBE-AZRTOS-H7RS.1.0.0
2026-02-22 16:04:49,570 [WARN] PackLoader:240 - Cannot read IP mode file for STMicroelectronics.FP-ATR-ASTRA1.2.0.0
2026-02-22 16:04:49,589 [WARN] PackLoader:240 - Cannot read IP mode file for STMicroelectronics.X-CUBE-TOF1.3.4.2
2026-02-22 16:04:49,611 [ERROR] Engine:466 - C:\Users\USER\.stm32cubemx\thirdparties\pdsc\STMicroelectronics.X-CUBE-TOF1.3.4.3.pdsc: PDSC version is not supported
2026-02-22 16:04:49,632 [WARN] PackLoader:240 - Cannot read IP mode file for STMicroelectronics.X-CUBE-TOF1.3.4.1
2026-02-22 16:04:49,665 [WARN] PackLoader:240 - Cannot read IP mode file for STMicroelectronics.X-CUBE-AZRTOS-H7.3.2.0
2026-02-22 16:04:49,690 [WARN] PackLoader:240 - Cannot read IP mode file for Infineon.AIROC-Wi-Fi-Bluetooth-STM32.1.6.0
2026-02-22 16:04:49,708 [WARN] PackLoader:240 - Cannot read IP mode file for wolfSSL.I-CUBE-wolfSSH.1.4.17
2026-02-22 16:04:49,708 [INFO] ThirdParty:978 - Integrity check success = true
2026-02-22 16:04:49,708 [INFO] IntegrityCheckThread:100 - exiting critical section [integrity check]
2026-02-22 16:04:49,708 [INFO] IntegrityCheckThread:103 - End integrity checks thread
2026-02-22 16:04:49,874 [INFO] Mcu:2021 - Initializing MCU STM32F411CEUx STM32F411CEUx STM32F411CEU6
2026-02-22 16:04:51,699 [INFO] Context:663 - Trying to add GPIOservice into a context  which must be forbidden
2026-02-22 16:04:52,101 [INFO] ImportTextPane:194 - (OptionalMessage_ERROR) Unable to find key (Mcu.ThirdPartyNb) in loaded IOC file
2026-02-22 16:04:52,101 [INFO] ImportTextPane:194 - (OptionalMessage_ERROR) Unable to find key (Mcu.PinsNb) in loaded IOC file
2026-02-22 16:04:52,101 [INFO] ImportTextPane:194 - (OptionalMessage_ERROR) Unable to find key (Mcu.IPNb) in loaded IOC file
2026-02-22 16:04:52,298 [INFO] RtosManager:555 - Registered RTOS mode: class=CMSIS, group=RTOS, mode=CMSIS_V1, owner=FREERTOS
2026-02-22 16:04:52,298 [INFO] RtosManager:555 - Registered RTOS mode: class=CMSIS, group=RTOS2, mode=CMSIS_V2, owner=FREERTOS
2026-02-22 16:04:52,298 [INFO] RtosManager:555 - Registered RTOS mode: class=RTOS, group=Core, mode=CMSIS_V1, owner=FREERTOS
2026-02-22 16:04:52,298 [INFO] RtosManager:555 - Registered RTOS mode: class=RTOS, group=Core, mode=CMSIS_V2, owner=FREERTOS
2026-02-22 16:04:52,298 [WARN] ModelIntegratedComponent:184 - Missing modes for component STMicroelectronics:FreeRTOS:0.0.1:STMicroelectronics:RTOS:FreeRTOS:Core:::10.2.0:
2026-02-22 16:04:52,309 [WARN] ModelIntegratedComponent:63 - No mode defined for component null
2026-02-22 16:04:52,309 [WARN] ModelIntegratedComponent:63 - No mode defined for component null
2026-02-22 16:04:52,309 [WARN] ModelIntegratedComponent:63 - No mode defined for component null
2026-02-22 16:04:52,309 [WARN] ModelIntegratedComponent:63 - No mode defined for component null
2026-02-22 16:04:52,309 [WARN] ModelIntegratedComponent:63 - No mode defined for component null
2026-02-22 16:04:52,309 [WARN] ModelIntegratedComponent:63 - No mode defined for component null
2026-02-22 16:04:52,309 [WARN] ModelIntegratedComponent:63 - No mode defined for component null
2026-02-22 16:04:52,309 [WARN] ModelIntegratedComponent:63 - No mode defined for component null
2026-02-22 16:04:52,309 [WARN] ModelIntegratedComponent:63 - No mode defined for component null
2026-02-22 16:04:52,309 [WARN] ModelIntegratedComponent:63 - No mode defined for component null
2026-02-22 16:04:52,309 [WARN] ModelIntegratedComponent:63 - No mode defined for component null
2026-02-22 16:04:52,309 [WARN] ModelIntegratedComponent:63 - No mode defined for component null
2026-02-22 16:04:52,309 [WARN] ModelIntegratedComponent:63 - No mode defined for component null
2026-02-22 16:04:52,309 [WARN] ModelIntegratedComponent:63 - No mode defined for component null
2026-02-22 16:04:52,309 [WARN] ModelIntegratedComponent:63 - No mode defined for component null
2026-02-22 16:04:52,309 [WARN] ModelIntegratedComponent:63 - No mode defined for component null
2026-02-22 16:04:52,310 [WARN] ModelIntegratedComponent:63 - No mode defined for component null
2026-02-22 16:04:52,310 [WARN] ModelIntegratedComponent:63 - No mode defined for component null
2026-02-22 16:04:52,310 [WARN] ModelIntegratedComponent:63 - No mode defined for component null
2026-02-22 16:04:52,310 [WARN] ModelIntegratedComponent:63 - No mode defined for component null
2026-02-22 16:04:52,310 [WARN] ModelIntegratedComponent:63 - No mode defined for component null
2026-02-22 16:04:52,310 [WARN] ModelIntegratedComponent:63 - No mode defined for component null
2026-02-22 16:04:52,310 [WARN] ModelIntegratedComponent:63 - No mode defined for component null
2026-02-22 16:04:52,310 [WARN] ModelIntegratedComponent:63 - No mode defined for component null
2026-02-22 16:04:52,310 [WARN] ModelIntegratedComponent:63 - No mode defined for component null
2026-02-22 16:04:52,310 [WARN] ModelIntegratedComponent:63 - No mode defined for component null
2026-02-22 16:04:52,310 [WARN] ModelIntegratedComponent:63 - No mode defined for component null
2026-02-22 16:04:52,310 [WARN] ModelIntegratedComponent:63 - No mode defined for component null
2026-02-22 16:04:52,310 [WARN] ModelIntegratedComponent:63 - No mode defined for component null
2026-02-22 16:04:52,310 [WARN] ModelIntegratedComponent:63 - No mode defined for component null
2026-02-22 16:04:52,310 [WARN] ModelIntegratedComponent:63 - No mode defined for component null
2026-02-22 16:04:52,310 [WARN] ModelIntegratedComponent:63 - No mode defined for component null
2026-02-22 16:04:52,310 [WARN] ModelIntegratedComponent:63 - No mode defined for component null
2026-02-22 16:04:52,310 [WARN] ModelIntegratedComponent:63 - No mode defined for component null
2026-02-22 16:04:52,381 [WARN] ModelIntegratedComponent:182 - Modes not found for component STMicroelectronics:USB_DEVICE:1.0.0:STMicroelectronics:USB::USB Device:Audio HS::1.0:USB_DEVICE_1_0_RESTRICTED_HS
2026-02-22 16:04:52,381 [WARN] ModelIntegratedComponent:188 - Modes not found for component STMicroelectronics:USB_DEVICE:1.0.0:STMicroelectronics:USB::USB Device:Audio HS::1.0:USB_DEVICE_1_0_RESTRICTED_HS
2026-02-22 16:04:52,381 [WARN] ModelIntegratedComponent:182 - Modes not found for component STMicroelectronics:USB_DEVICE:1.0.0:STMicroelectronics:USB::USB Device:CDC HS::1.0:USB_DEVICE_1_0_RESTRICTED_HS
2026-02-22 16:04:52,381 [WARN] ModelIntegratedComponent:188 - Modes not found for component STMicroelectronics:USB_DEVICE:1.0.0:STMicroelectronics:USB::USB Device:CDC HS::1.0:USB_DEVICE_1_0_RESTRICTED_HS
2026-02-22 16:04:52,381 [WARN] ModelIntegratedComponent:182 - Modes not found for component STMicroelectronics:USB_DEVICE:1.0.0:STMicroelectronics:USB::USB Device:DFU HS::1.0:USB_DEVICE_1_0_RESTRICTED_HS
2026-02-22 16:04:52,381 [WARN] ModelIntegratedComponent:188 - Modes not found for component STMicroelectronics:USB_DEVICE:1.0.0:STMicroelectronics:USB::USB Device:DFU HS::1.0:USB_DEVICE_1_0_RESTRICTED_HS
2026-02-22 16:04:52,381 [WARN] ModelIntegratedComponent:182 - Modes not found for component STMicroelectronics:USB_DEVICE:1.0.0:STMicroelectronics:USB::USB Device:HID HS::1.0:USB_DEVICE_1_0_RESTRICTED_HS
2026-02-22 16:04:52,381 [WARN] ModelIntegratedComponent:188 - Modes not found for component STMicroelectronics:USB_DEVICE:1.0.0:STMicroelectronics:USB::USB Device:HID HS::1.0:USB_DEVICE_1_0_RESTRICTED_HS
2026-02-22 16:04:52,381 [WARN] ModelIntegratedComponent:182 - Modes not found for component STMicroelectronics:USB_DEVICE:1.0.0:STMicroelectronics:USB::USB Device:Custom HID HS::1.0:USB_DEVICE_1_0_RESTRICTED_HS
2026-02-22 16:04:52,381 [WARN] ModelIntegratedComponent:188 - Modes not found for component STMicroelectronics:USB_DEVICE:1.0.0:STMicroelectronics:USB::USB Device:Custom HID HS::1.0:USB_DEVICE_1_0_RESTRICTED_HS
2026-02-22 16:04:52,381 [WARN] ModelIntegratedComponent:182 - Modes not found for component STMicroelectronics:USB_DEVICE:1.0.0:STMicroelectronics:USB::USB Device:MSC HS::1.0:USB_DEVICE_1_0_RESTRICTED_HS
2026-02-22 16:04:52,381 [WARN] ModelIntegratedComponent:188 - Modes not found for component STMicroelectronics:USB_DEVICE:1.0.0:STMicroelectronics:USB::USB Device:MSC HS::1.0:USB_DEVICE_1_0_RESTRICTED_HS
2026-02-22 16:04:52,498 [WARN] ModelIntegratedComponent:182 - Modes not found for component STMicroelectronics:USB_HOST:1.0.0:STMicroelectronics:USB::USB Host:Audio HS::1.0:USB_HOST_1_0_RESTRICTED_HS
2026-02-22 16:04:52,498 [WARN] ModelIntegratedComponent:188 - Modes not found for component STMicroelectronics:USB_HOST:1.0.0:STMicroelectronics:USB::USB Host:Audio HS::1.0:USB_HOST_1_0_RESTRICTED_HS
2026-02-22 16:04:52,498 [WARN] ModelIntegratedComponent:182 - Modes not found for component STMicroelectronics:USB_HOST:1.0.0:STMicroelectronics:USB::USB Host:CDC HS::1.0:USB_HOST_1_0_RESTRICTED_HS
2026-02-22 16:04:52,499 [WARN] ModelIntegratedComponent:188 - Modes not found for component STMicroelectronics:USB_HOST:1.0.0:STMicroelectronics:USB::USB Host:CDC HS::1.0:USB_HOST_1_0_RESTRICTED_HS
2026-02-22 16:04:52,499 [WARN] ModelIntegratedComponent:182 - Modes not found for component STMicroelectronics:USB_HOST:1.0.0:STMicroelectronics:USB::USB Host:MSC HS::1.0:USB_HOST_1_0_RESTRICTED_HS
2026-02-22 16:04:52,499 [WARN] ModelIntegratedComponent:188 - Modes not found for component STMicroelectronics:USB_HOST:1.0.0:STMicroelectronics:USB::USB Host:MSC HS::1.0:USB_HOST_1_0_RESTRICTED_HS
2026-02-22 16:04:52,499 [WARN] ModelIntegratedComponent:182 - Modes not found for component STMicroelectronics:USB_HOST:1.0.0:STMicroelectronics:USB::USB Host:HID HS::1.0:USB_HOST_1_0_RESTRICTED_HS
2026-02-22 16:04:52,499 [WARN] ModelIntegratedComponent:188 - Modes not found for component STMicroelectronics:USB_HOST:1.0.0:STMicroelectronics:USB::USB Host:HID HS::1.0:USB_HOST_1_0_RESTRICTED_HS
2026-02-22 16:04:52,499 [WARN] ModelIntegratedComponent:182 - Modes not found for component STMicroelectronics:USB_HOST:1.0.0:STMicroelectronics:USB::USB Host:MTP HS::1.0:USB_HOST_1_0_RESTRICTED_HS
2026-02-22 16:04:52,499 [WARN] ModelIntegratedComponent:188 - Modes not found for component STMicroelectronics:USB_HOST:1.0.0:STMicroelectronics:USB::USB Host:MTP HS::1.0:USB_HOST_1_0_RESTRICTED_HS
2026-02-22 16:04:52,584 [INFO] ThirdPartyModel:298 - Start build external matchings
2026-02-22 16:04:54,631 [INFO] ThirdPartyModel:316 - End build external matchings
2026-02-22 16:04:54,951 [INFO] UtilMem:75 - End LoadConfig() Used Memory: 870391664 Bytes (1073741824)
2026-02-22 16:04:55,039 [WARN] ThirdParty:833 - waiting for thirdparty lock release [change project]
2026-02-22 16:04:55,039 [INFO] ThirdParty:835 - entering critical section [change project]
2026-02-22 16:04:55,039 [INFO] ThirdParty:1030 - CMSIS Pack Vendor :STMicroelectronics X-CUBE-PM33A1 1.0.0
2026-02-22 16:04:55,039 [INFO] ThirdParty:1030 - CMSIS Pack Vendor :STMicroelectronics USBPD 4.1
2026-02-22 16:04:55,039 [INFO] ThirdParty:1030 - CMSIS Pack Vendor :STMicroelectronics X-CUBE-GNSS1 6.0.0
2026-02-22 16:04:55,039 [INFO] ThirdParty:1030 - CMSIS Pack Vendor :STMicroelectronics USB_HOST 2.0.0
2026-02-22 16:04:55,039 [INFO] ThirdParty:1030 - CMSIS Pack Vendor :STMicroelectronics FP-SNS-MOTENVWB1 1.4.0
2026-02-22 16:04:55,039 [INFO] ThirdParty:1030 - CMSIS Pack Vendor :STMicroelectronics X-CUBE-AZRTOS-F4 1.1.0
2026-02-22 16:04:55,039 [INFO] ThirdParty:1030 - CMSIS Pack Vendor :STMicroelectronics LIBJPEG 8.0.0
2026-02-22 16:04:55,039 [INFO] ThirdParty:1030 - CMSIS Pack Vendor :STMicroelectronics FP-ATR-ASTRA1 2.0.2
2026-02-22 16:04:55,039 [INFO] ThirdParty:1030 - CMSIS Pack Vendor :STMicroelectronics FP-ATR-ASTRA1 2.0.1
2026-02-22 16:04:55,039 [INFO] ThirdParty:1030 - CMSIS Pack Vendor :STMicroelectronics X-CUBE-SMBUS 2.1.0
2026-02-22 16:04:55,039 [INFO] ThirdParty:1030 - CMSIS Pack Vendor :STMicroelectronics X-CUBE-WB05N 1.1.0
2026-02-22 16:04:55,039 [INFO] ThirdParty:1030 - CMSIS Pack Vendor :STMicroelectronics X-CUBE-ISPU 2.1.0
2026-02-22 16:04:55,040 [INFO] ThirdParty:1030 - CMSIS Pack Vendor :STMicroelectronics X-CUBE-FREERTOS 1.2.0
2026-02-22 16:04:55,040 [INFO] ThirdParty:1030 - CMSIS Pack Vendor :STMicroelectronics X-CUBE-NFC12 1.0.0
2026-02-22 16:04:55,040 [INFO] ThirdParty:1030 - CMSIS Pack Vendor :STMicroelectronics X-CUBE-TOUCHGFX 4.23.2
2026-02-22 16:04:55,040 [INFO] ThirdParty:1030 - CMSIS Pack Vendor :STMicroelectronics X-CUBE-AZRTOS-F7 1.1.0
2026-02-22 16:04:55,040 [INFO] ThirdParty:1030 - CMSIS Pack Vendor :STMicroelectronics X-CUBE-AZRTOS-L5 2.0.0
2026-02-22 16:04:55,040 [INFO] ThirdParty:1030 - CMSIS Pack Vendor :STMicroelectronics USB_DEVICE 2.0.0
2026-02-22 16:04:55,040 [INFO] ThirdParty:1030 - CMSIS Pack Vendor :STMicroelectronics X-CUBE-NFC6 3.1.0
2026-02-22 16:04:55,040 [INFO] ThirdParty:1030 - CMSIS Pack Vendor :STMicroelectronics X-CUBE-MEMS1 11.0.0
2026-02-22 16:04:55,040 [INFO] ThirdParty:1030 - CMSIS Pack Vendor :STMicroelectronics FreeRTOS 0.0.1
2026-02-22 16:04:55,040 [INFO] ThirdParty:1030 - CMSIS Pack Vendor :STMicroelectronics X-CUBE-DPower 1.2.0
2026-02-22 16:04:55,040 [INFO] ThirdParty:1030 - CMSIS Pack Vendor :STMicroelectronics FP-SNS-FLIGHT1 5.0.2
2026-02-22 16:04:55,040 [INFO] ThirdParty:1030 - CMSIS Pack Vendor :STMicroelectronics X-CUBE-AI 9.0.0
2026-02-22 16:04:55,040 [INFO] ThirdParty:1030 - CMSIS Pack Vendor :STMicroelectronics PDM2PCM 3.3.0
2026-02-22 16:04:55,040 [INFO] ThirdParty:1030 - CMSIS Pack Vendor :STMicroelectronics X-CUBE-AZRTOS-H7 3.4.0
2026-02-22 16:04:55,040 [INFO] ThirdParty:1030 - CMSIS Pack Vendor :STMicroelectronics X-CUBE-DISPLAY 3.0.0
2026-02-22 16:04:55,040 [INFO] ThirdParty:1030 - CMSIS Pack Vendor :STMicroelectronics X-CUBE-BLE1 7.0.0
2026-02-22 16:04:55,040 [INFO] ThirdParty:1030 - CMSIS Pack Vendor :STMicroelectronics X-CUBE-NFC10 1.0.0
2026-02-22 16:04:55,040 [INFO] ThirdParty:1030 - CMSIS Pack Vendor :STMicroelectronics X-CUBE-BLEMGR 4.0.0
2026-02-22 16:04:55,040 [INFO] ThirdParty:1030 - CMSIS Pack Vendor :STMicroelectronics X-CUBE-FREERTOS 1.3.1
2026-02-22 16:04:55,040 [INFO] ThirdParty:1030 - CMSIS Pack Vendor :STMicroelectronics HAL Drivers 0.0.0
2026-02-22 16:04:55,040 [INFO] ThirdParty:1030 - CMSIS Pack Vendor :emotas I-CUBE-CANOPEN 1.3.0
2026-02-22 16:04:55,040 [INFO] ThirdParty:1030 - CMSIS Pack Vendor :STMicroelectronics X-CUBE-FREERTOS 1.3.0
2026-02-22 16:04:55,040 [INFO] ThirdParty:1030 - CMSIS Pack Vendor :STMicroelectronics X-CUBE-NFC7 1.0.1
2026-02-22 16:04:55,040 [INFO] ThirdParty:1030 - CMSIS Pack Vendor :STMicroelectronics MBEDTLS 2.14.1
2026-02-22 16:04:55,040 [INFO] ThirdParty:1030 - CMSIS Pack Vendor :STMicroelectronics X-CUBE-GNSS1 7.1.0
2026-02-22 16:04:55,040 [INFO] ThirdParty:1030 - CMSIS Pack Vendor :STMicroelectronics X-CUBE-TOUCHGFX 4.26.0
2026-02-22 16:04:55,040 [INFO] ThirdParty:1030 - CMSIS Pack Vendor :STMicroelectronics X-CUBE-BLEMGR 3.1.0
2026-02-22 16:04:55,040 [INFO] ThirdParty:1030 - CMSIS Pack Vendor :STMicroelectronics X-CUBE-AI 10.0.0
2026-02-22 16:04:55,040 [INFO] ThirdParty:1030 - CMSIS Pack Vendor :STMicroelectronics FP-SNS-SMARTAG2 1.2.0
2026-02-22 16:04:55,040 [INFO] ThirdParty:1030 - CMSIS Pack Vendor :STMicroelectronics X-CUBE-MEMS1 11.1.0
2026-02-22 16:04:55,041 [INFO] ThirdParty:1030 - CMSIS Pack Vendor :STMicroelectronics X-CUBE-AZRTOS-WL 2.0.0
2026-02-22 16:04:55,041 [INFO] ThirdParty:1030 - CMSIS Pack Vendor :STMicroelectronics X-CUBE-DPower 1.3.0
2026-02-22 16:04:55,041 [INFO] ThirdParty:1030 - CMSIS Pack Vendor :STMicroelectronics FP-SNS-MOTENV1 5.0.0
2026-02-22 16:04:55,041 [INFO] ThirdParty:1030 - CMSIS Pack Vendor :STMicroelectronics USB_DEVICE 1.0.0
2026-02-22 16:04:55,041 [INFO] ThirdParty:1030 - CMSIS Pack Vendor :STMicroelectronics X-CUBE-AZRTOS-H7RS 1.2.0
2026-02-22 16:04:55,041 [INFO] ThirdParty:1030 - CMSIS Pack Vendor :wolfSSL I-CUBE-wolfMQTT 1.19.0
2026-02-22 16:04:55,041 [INFO] ThirdParty:1030 - CMSIS Pack Vendor :STMicroelectronics X-CUBE-AZRTOS-L4 2.0.0
2026-02-22 16:04:55,041 [INFO] ThirdParty:1030 - CMSIS Pack Vendor :STMicroelectronics ThreadX 0.0.2
2026-02-22 16:04:55,041 [INFO] ThirdParty:1030 - CMSIS Pack Vendor :WES I-CUBE-Cesium 1.3.0
2026-02-22 16:04:55,041 [INFO] ThirdParty:1030 - CMSIS Pack Vendor :STMicroelectronics lwIP 2.1.2
2026-02-22 16:04:55,041 [INFO] ThirdParty:1030 - CMSIS Pack Vendor :STMicroelectronics X-CUBE-SFXS2LP1 4.0.0
2026-02-22 16:04:55,041 [INFO] ThirdParty:1030 - CMSIS Pack Vendor :STMicroelectronics X-CUBE-BLE2 3.3.0
2026-02-22 16:04:55,041 [INFO] ThirdParty:1030 - CMSIS Pack Vendor :STMicroelectronics PDM2PCM 3.2.0
2026-02-22 16:04:55,041 [INFO] ThirdParty:1030 - CMSIS Pack Vendor :STMicroelectronics X-CUBE-AZRTOS-H7 3.3.0
2026-02-22 16:04:55,041 [INFO] ThirdParty:1030 - CMSIS Pack Vendor :STMicroelectronics X-CUBE-NFC9 1.0.0
2026-02-22 16:04:55,041 [INFO] ThirdParty:1030 - CMSIS Pack Vendor :STMicroelectronics X-CUBE-BLE1 7.1.0
2026-02-22 16:04:55,041 [INFO] ThirdParty:1030 - CMSIS Pack Vendor :STMicroelectronics USB_DEVICE 3.0.0
2026-02-22 16:04:55,041 [INFO] ThirdParty:1030 - CMSIS Pack Vendor :STMicroelectronics X-CUBE-TCPP 4.1.0
2026-02-22 16:04:55,041 [INFO] ThirdParty:1030 - CMSIS Pack Vendor :STMicroelectronics X-CUBE-EEPRMA1 5.2.0
2026-02-22 16:04:55,041 [INFO] ThirdParty:1030 - CMSIS Pack Vendor :STMicroelectronics X-CUBE-IPS 3.0.0
2026-02-22 16:04:55,041 [INFO] ThirdParty:1030 - CMSIS Pack Vendor :STMicroelectronics X-CUBE-AZRTOS-WB 2.0.0
2026-02-22 16:04:55,041 [INFO] ThirdParty:1030 - CMSIS Pack Vendor :STMicroelectronics X-CUBE-GNSS1 7.0.0
2026-02-22 16:04:55,041 [INFO] ThirdParty:1030 - CMSIS Pack Vendor :STMicroelectronics X-CUBE-GNSS1 7.0.1
2026-02-22 16:04:55,041 [INFO] ThirdParty:1030 - CMSIS Pack Vendor :STMicroelectronics X-CUBE-TOUCHGFX 4.25.0
2026-02-22 16:04:55,041 [INFO] ThirdParty:1030 - CMSIS Pack Vendor :STMicroelectronics FP-SNS-STBOX1 2.0.0
2026-02-22 16:04:55,041 [INFO] ThirdParty:1030 - CMSIS Pack Vendor :STMicroelectronics X-CUBE-MEMS1 12.0.0
2026-02-22 16:04:55,041 [INFO] ThirdParty:1030 - CMSIS Pack Vendor :STMicroelectronics X-CUBE-ALGOBUILD 1.3.0
2026-02-22 16:04:55,041 [INFO] ThirdParty:1030 - CMSIS Pack Vendor :STMicroelectronics X-CUBE-STSE01 2.0.0
2026-02-22 16:04:55,041 [INFO] ThirdParty:1030 - CMSIS Pack Vendor :STMicroelectronics X-CUBE-MEMS1 11.2.0
2026-02-22 16:04:55,041 [INFO] ThirdParty:1030 - CMSIS Pack Vendor :STMicroelectronics X-CUBE-AZRTOS-G0 1.1.0
2026-02-22 16:04:55,041 [INFO] ThirdParty:1030 - CMSIS Pack Vendor :STMicroelectronics X-CUBE-SAFEA1 1.2.2
2026-02-22 16:04:55,041 [INFO] ThirdParty:1030 - CMSIS Pack Vendor :STMicroelectronics X-CUBE-NFC4 3.0.0
2026-02-22 16:04:55,041 [INFO] ThirdParty:1030 - CMSIS Pack Vendor :STMicroelectronics X-CUBE-SUBG2 5.0.0
2026-02-22 16:04:55,041 [INFO] ThirdParty:1030 - CMSIS Pack Vendor :STMicroelectronics X-CUBE-AZRTOS-H7RS 1.1.0
2026-02-22 16:04:55,041 [INFO] ThirdParty:1030 - CMSIS Pack Vendor :STMicroelectronics STM32_WPAN 1.0.0
2026-02-22 16:04:55,041 [INFO] ThirdParty:1030 - CMSIS Pack Vendor :EmbeddedOffice I-CUBE-FS-RTOS 1.0.1
2026-02-22 16:04:55,041 [INFO] ThirdParty:1030 - CMSIS Pack Vendor :STMicroelectronics lwIP 2.0.3
2026-02-22 16:04:55,041 [INFO] ThirdParty:1030 - CMSIS Pack Vendor :Cesanta I-CUBE-Mongoose 7.13.0
2026-02-22 16:04:55,041 [INFO] ThirdParty:1030 - CMSIS Pack Vendor :STMicroelectronics USB_HOST 1.0.0
2026-02-22 16:04:55,041 [INFO] ThirdParty:1030 - CMSIS Pack Vendor :STMicroelectronics X-CUBE-AZRTOS-G4 2.0.0
2026-02-22 16:04:55,041 [INFO] ThirdParty:1030 - CMSIS Pack Vendor :STMicroelectronics X-CUBE-WB05N 2.0.0
2026-02-22 16:04:55,041 [INFO] ThirdParty:1030 - CMSIS Pack Vendor :STMicroelectronics PDM2PCM 3.1.0
2026-02-22 16:04:55,041 [INFO] ThirdParty:1030 - CMSIS Pack Vendor :STMicroelectronics X-CUBE-NFC7 2.0.0
2026-02-22 16:04:55,041 [INFO] ThirdParty:1030 - CMSIS Pack Vendor :RealThread X-CUBE-RT-Thread_Nano 4.1.1
2026-02-22 16:04:55,041 [INFO] ThirdParty:1030 - CMSIS Pack Vendor :wolfSSL I-CUBE-wolfSSL 5.7.0
2026-02-22 16:04:55,041 [INFO] ThirdParty:1030 - CMSIS Pack Vendor :STMicroelectronics FP-ATR-SIGFOX1 3.2.0
2026-02-22 16:04:55,041 [INFO] ThirdParty:1030 - CMSIS Pack Vendor :quantropi X-CUBE-qispace-sdk-base 1.9.3
2026-02-22 16:04:55,041 [INFO] ThirdParty:1030 - CMSIS Pack Vendor :STMicroelectronics X-CUBE-ISPU 2.0.0
2026-02-22 16:04:55,041 [INFO] ThirdParty:1030 - CMSIS Pack Vendor :STMicroelectronics X-CUBE-EEPRMA1 5.1.0
2026-02-22 16:04:55,041 [INFO] ThirdParty:1030 - CMSIS Pack Vendor :STMicroelectronics MBEDTLS 2.16.2
2026-02-22 16:04:55,041 [INFO] ThirdParty:1030 - CMSIS Pack Vendor :STMicroelectronics X-CUBE-ALS 1.0.2
2026-02-22 16:04:55,042 [INFO] ThirdParty:1030 - CMSIS Pack Vendor :STMicroelectronics X-CUBE-MEMS1 10.0.0
2026-02-22 16:04:55,042 [INFO] ThirdParty:1030 - CMSIS Pack Vendor :STMicroelectronics X-CUBE-FREERTOS 1.1.0
2026-02-22 16:04:55,042 [INFO] ThirdParty:1030 - CMSIS Pack Vendor :ITTIA_DB I-CUBE-ITTIADB 8.9.0
2026-02-22 16:04:55,042 [INFO] ThirdParty:1030 - CMSIS Pack Vendor :STMicroelectronics X-CUBE-TOUCHGFX 4.24.2
2026-02-22 16:04:55,042 [INFO] ThirdParty:1030 - CMSIS Pack Vendor :STMicroelectronics X-CUBE-TOUCHGFX 4.24.1
2026-02-22 16:04:55,042 [INFO] ThirdParty:1030 - CMSIS Pack Vendor :STMicroelectronics X-CUBE-STSE01 1.0.0
2026-02-22 16:04:55,042 [INFO] ThirdParty:1030 - CMSIS Pack Vendor :wolfSSL I-CUBE-wolfTPM 3.4.0
2026-02-22 16:04:55,042 [INFO] ThirdParty:1030 - CMSIS Pack Vendor :portGmbH I-Cube-SoM-uGOAL 1.1.0
2026-02-22 16:04:55,042 [INFO] ThirdParty:1030 - CMSIS Pack Vendor :STMicroelectronics X-CUBE-ALS 1.0.1
2026-02-22 16:04:55,042 [INFO] ThirdParty:1030 - CMSIS Pack Vendor :STMicroelectronics X-CUBE-NFC6 3.2.0
2026-02-22 16:04:55,042 [INFO] ThirdParty:1030 - CMSIS Pack Vendor :STMicroelectronics X-CUBE-AI 10.2.0
2026-02-22 16:04:55,042 [INFO] ThirdParty:1030 - CMSIS Pack Vendor :STMicroelectronics ThreadX 1.0.0
2026-02-22 16:04:55,042 [INFO] ThirdParty:1030 - CMSIS Pack Vendor :SEGGER I-CUBE-embOS 1.3.1
2026-02-22 16:04:55,042 [INFO] ThirdParty:1030 - CMSIS Pack Vendor :STMicroelectronics X-CUBE-ALGOBUILD 1.4.0
2026-02-22 16:04:55,042 [INFO] ThirdParty:1030 - CMSIS Pack Vendor :STMicroelectronics X-CUBE-AZRTOS-H7RS 1.0.0
2026-02-22 16:04:55,042 [INFO] ThirdParty:1030 - CMSIS Pack Vendor :STMicroelectronics FP-ATR-ASTRA1 2.0.0
2026-02-22 16:04:55,042 [INFO] ThirdParty:1030 - CMSIS Pack Vendor :STMicroelectronics X-CUBE-TOF1 3.4.2
2026-02-22 16:04:55,042 [INFO] ThirdParty:1030 - CMSIS Pack Vendor :STMicroelectronics X-CUBE-AI 9.1.0
2026-02-22 16:04:55,042 [INFO] ThirdParty:1030 - CMSIS Pack Vendor :STMicroelectronics X-CUBE-TOF1 3.4.1
2026-02-22 16:04:55,042 [INFO] ThirdParty:1030 - CMSIS Pack Vendor :STMicroelectronics X-CUBE-AZRTOS-H7 3.2.0
2026-02-22 16:04:55,042 [INFO] ThirdParty:1030 - CMSIS Pack Vendor :Infineon AIROC-Wi-Fi-Bluetooth-STM32 1.6.0
2026-02-22 16:04:55,042 [INFO] ThirdParty:1030 - CMSIS Pack Vendor :wolfSSL I-CUBE-wolfSSH 1.4.17
2026-02-22 16:04:55,042 [INFO] ThirdParty:841 - exiting critical section [change project]
2026-02-22 16:04:55,358 [INFO] PinOutPanel:1561 - setPackage(No Configuration,No Configuration)
2026-02-22 16:04:55,359 [INFO] PinOutPanel:1561 - setPackage(STM32F411CEUx,UFQFPN48)
2026-02-22 16:04:55,936 [INFO] UtilMem:75 - Before build in PCC Used Memory: 729697056 Bytes (1073741824)
2026-02-22 16:04:57,668 [INFO] UtilMem:75 - After build in PCC Used Memory: 819346208 Bytes (1073741824)
2026-02-22 16:04:57,699 [INFO] IPUIPlugin:80 - create IPUIPlugin
2026-02-22 16:04:57,699 [INFO] IPUIPlugin:80 - create IPUIPlugin
2026-02-22 16:04:57,699 [INFO] IPUIPlugin:80 - create IPUIPlugin
2026-02-22 16:04:57,700 [INFO] IPUIPlugin:80 - create IPUIPlugin
2026-02-22 16:04:57,700 [INFO] IPUIPlugin:80 - create IPUIPlugin
2026-02-22 16:04:57,700 [INFO] IPUIPlugin:80 - create IPUIPlugin
2026-02-22 16:04:57,700 [INFO] IPUIPlugin:80 - create IPUIPlugin
2026-02-22 16:04:57,700 [INFO] IPUIPlugin:80 - create IPUIPlugin
2026-02-22 16:04:57,700 [INFO] IPUIPlugin:80 - create IPUIPlugin
2026-02-22 16:04:57,700 [INFO] IPUIPlugin:80 - create IPUIPlugin
2026-02-22 16:04:57,700 [INFO] IPUIPlugin:80 - create IPUIPlugin
2026-02-22 16:04:57,700 [INFO] IPUIPlugin:80 - create IPUIPlugin
2026-02-22 16:04:57,700 [INFO] IPUIPlugin:80 - create IPUIPlugin
2026-02-22 16:04:57,700 [INFO] IPUIPlugin:80 - create IPUIPlugin
2026-02-22 16:04:57,701 [INFO] IPUIPlugin:80 - create IPUIPlugin
2026-02-22 16:04:57,701 [INFO] IPUIPlugin:80 - create IPUIPlugin
2026-02-22 16:04:57,701 [INFO] IPUIPlugin:80 - create IPUIPlugin
2026-02-22 16:04:57,701 [INFO] IPUIPlugin:80 - create IPUIPlugin
2026-02-22 16:04:57,701 [INFO] IPUIPlugin:80 - create IPUIPlugin
2026-02-22 16:04:57,701 [INFO] IPUIPlugin:80 - create IPUIPlugin
2026-02-22 16:04:57,701 [INFO] IPUIPlugin:80 - create IPUIPlugin
2026-02-22 16:04:57,702 [INFO] IPUIPlugin:80 - create IPUIPlugin
2026-02-22 16:04:57,702 [INFO] IPUIPlugin:80 - create IPUIPlugin
2026-02-22 16:04:57,702 [INFO] IPUIPlugin:80 - create IPUIPlugin
2026-02-22 16:04:57,702 [INFO] IPUIPlugin:80 - create IPUIPlugin
2026-02-22 16:04:57,702 [INFO] IPUIPlugin:80 - create IPUIPlugin
2026-02-22 16:04:57,702 [INFO] IPUIPlugin:80 - create IPUIPlugin
2026-02-22 16:04:57,702 [INFO] IPUIPlugin:80 - create IPUIPlugin
2026-02-22 16:04:57,703 [INFO] IPUIPlugin:80 - create IPUIPlugin
2026-02-22 16:04:57,703 [INFO] IPUIPlugin:80 - create IPUIPlugin
2026-02-22 16:04:57,703 [INFO] IPUIPlugin:80 - create IPUIPlugin
2026-02-22 16:04:57,703 [INFO] IPUIPlugin:80 - create IPUIPlugin
2026-02-22 16:04:57,703 [INFO] IPUIPlugin:80 - create IPUIPlugin
2026-02-22 16:04:57,703 [INFO] IPUIPlugin:80 - create IPUIPlugin
2026-02-22 16:04:57,703 [INFO] IPUIPlugin:80 - create IPUIPlugin
2026-02-22 16:04:57,703 [INFO] IPUIPlugin:80 - create IPUIPlugin
2026-02-22 16:04:57,703 [INFO] IPUIPlugin:80 - create IPUIPlugin
2026-02-22 16:04:57,703 [INFO] IPUIPlugin:80 - create IPUIPlugin
2026-02-22 16:04:57,704 [INFO] IPUIPlugin:80 - create IPUIPlugin
2026-02-22 16:04:57,704 [INFO] IPUIPlugin:80 - create IPUIPlugin
2026-02-22 16:04:57,704 [INFO] IPUIPlugin:80 - create IPUIPlugin
2026-02-22 16:04:57,704 [INFO] IPUIPlugin:80 - create IPUIPlugin
2026-02-22 16:04:57,705 [INFO] IPUIPlugin:80 - create IPUIPlugin
2026-02-22 16:04:58,010 [INFO] ApiDbMcu:508 - Load IP Config File for PDM2PCM
2026-02-22 16:04:58,377 [INFO] CADModel:165 - CPN selected for project levelSTM32F411CEU6
2026-02-22 16:04:58,377 [INFO] CADModel:114 - Register for checkConnection events
2026-02-22 16:04:58,431 [INFO] OpenFileManager:343 - Restore cursor
2026-02-22 16:04:59,679 [INFO] UtilMem:75 - End SaveConfig() Used Memory: 944977488 Bytes (1073741824)
2026-02-22 16:04:59,774 [INFO] UtilMem:75 - End SaveConfig() Used Memory: 729062296 Bytes (1073741824)
2026-02-22 16:05:00,275 [INFO] BlockDiagram:2759 - set Specific Code input for plugin: NVIC
2026-02-22 16:05:00,275 [INFO] BlockDiagram:2759 - set Specific Code input for plugin: RCC
2026-02-22 16:05:00,278 [INFO] CodeGenerator:807 - code generatio: config db path: D:\Documentos\Electronica\Nueva carpeta\STM32CubeIDE_1.15.0\STM32CubeIDE\plugins\com.st.stm32cube.common.mx_6.11.0.202403141607\\db\
2026-02-22 16:05:00,556 [INFO] CodeEngine:255 - oldGeneratedFile, C:\git\VehiculoTT\HMITT\MXTmpFiles\license.tmp_save
2026-02-22 16:05:01,075 [INFO] CodeEngine:279 - Generated code: C:\git\VehiculoTT\HMITT\MXTmpFiles\license.tmp
2026-02-22 16:05:01,177 [INFO] CodeEngine:255 - oldGeneratedFile, C:\git\VehiculoTT\HMITT\Core\Src\stm32f4xx_it.c_save
2026-02-22 16:05:01,464 [INFO] CodeEngine:279 - Generated code: C:\git\VehiculoTT\HMITT\Core\Src\stm32f4xx_it.c
2026-02-22 16:05:01,500 [INFO] CodeEngine:255 - oldGeneratedFile, C:\git\VehiculoTT\HMITT\Core\Inc\stm32f4xx_it.h_save
2026-02-22 16:05:01,633 [INFO] CodeEngine:279 - Generated code: C:\git\VehiculoTT\HMITT\Core\Inc\stm32f4xx_it.h
2026-02-22 16:05:02,013 [INFO] CodeEngine:255 - oldGeneratedFile, C:\git\VehiculoTT\HMITT\Core\Src\stm32f4xx_hal_msp.c_save
2026-02-22 16:05:02,190 [INFO] CodeEngine:279 - Generated code: C:\git\VehiculoTT\HMITT\Core\Src\stm32f4xx_hal_msp.c
2026-02-22 16:05:02,236 [INFO] CodeEngine:255 - oldGeneratedFile, C:\git\VehiculoTT\HMITT\MXTmpFiles\system.tmp_save
2026-02-22 16:05:02,319 [INFO] CodeEngine:279 - Generated code: C:\git\VehiculoTT\HMITT\MXTmpFiles\system.tmp
2026-02-22 16:05:02,383 [INFO] CodeEngine:311 - oldGeneratedFile, C:\git\VehiculoTT\HMITT\Core\Inc\stm32f4xx_hal_conf.h_save
2026-02-22 16:05:02,495 [INFO] CodeEngine:335 - Generated code: C:\git\VehiculoTT\HMITT\Core\Inc\stm32f4xx_hal_conf.h
2026-02-22 16:05:02,634 [INFO] CodeEngine:255 - oldGeneratedFile, C:\git\VehiculoTT\HMITT\Core\Inc\main.h_save
2026-02-22 16:05:02,770 [INFO] CodeEngine:279 - Generated code: C:\git\VehiculoTT\HMITT\Core\Inc\main.h
2026-02-22 16:05:02,815 [INFO] CodeEngine:255 - oldGeneratedFile, C:\git\VehiculoTT\HMITT\Core\Src\main.c_save
2026-02-22 16:05:03,004 [INFO] CodeEngine:279 - Generated code: C:\git\VehiculoTT\HMITT\Core\Src\main.c
2026-02-22 16:05:03,518 [INFO] ProjectBuilder:3163 - Time for Copy HAL[1] : 347mS.
2026-02-22 16:05:03,529 [INFO] ProjectBuilder:4736 - Project Generator version: 4.3.0-B58
2026-02-22 16:05:03,669 [INFO] ConfigFileManager:1503 - The Die is : DIE431
2026-02-22 16:05:03,771 [INFO] ApiDbMcu:508 - Load IP Config File for FATFS
2026-02-22 16:05:03,843 [INFO] ApiDbMcu:508 - Load IP Config File for FREERTOS
2026-02-22 16:05:03,869 [INFO] ApiDbMcu:508 - Load IP Config File for LIBJPEG
2026-02-22 16:05:03,893 [INFO] ApiDbMcu:508 - Load IP Config File for MBEDTLS
2026-02-22 16:05:03,936 [INFO] ApiDbMcu:508 - Load IP Config File for USB_DEVICE
2026-02-22 16:05:03,965 [INFO] ApiDbMcu:508 - Load IP Config File for USB_HOST
2026-02-22 16:05:04,982 [INFO] LogOutputStream:77 - [STDOUT_REDIRECT] 
2026-02-22 16:05:13,898 [INFO] ProjectBuilder:5002 - Time for Generating toolchain IDE Files: 10368mS.
2026-02-22 16:05:13,899 [INFO] ProjectBuilder:3034 - Time for Copy CMSIS : 1mS.
2026-02-22 16:05:13,904 [INFO] ProjectBuilder:3034 - Time for Copy CMSIS : 0mS.
2026-02-22 16:05:15,695 [INFO] McuFinderGlobals:76 - Set McuFinderConnectedMode to true
2026-02-22 16:05:15,699 [INFO] ApiDb:448 - Save user favorites file C:\Users\USER/.stm32cubeide/favorites.mcus.txt: 0 item(s)
2026-02-22 16:05:15,699 [INFO] ApiDb:452 - User favorites MCUs=[]
2026-02-22 16:07:09,923 [INFO] ServerAccessManage:473 - Download File STMicroelectronics.X-CUBE-TOUCHGFX.4.26.0.pack
2026-02-22 16:09:00,587 [INFO] AnalyticsPlugin:368 - Accepted License(s): [STMicroelectronics.X-CUBE-TOUCHGFX.4.26.0]
2026-02-22 16:09:00,588 [INFO] FileExtend:240 - Unzip File : STMicroelectronics.X-CUBE-TOUCHGFX.4.26.0.pack
2026-02-22 16:09:00,588 [INFO] FileExtend:255 - Standard Zip Deflate
2026-02-22 16:09:05,953 [INFO] LoadServerPackagesThread:196 - End of LoadServerPackages Thread
2026-02-22 16:09:06,144 [WARN] ThirdParty:509 - waiting for thirdparty lock release [add software pack]
2026-02-22 16:09:06,144 [INFO] ThirdParty:511 - entering critical section [add software pack]
2026-02-22 16:09:06,228 [INFO] ThirdPartyModel:298 - Start build external matchings
2026-02-22 16:09:08,515 [INFO] ThirdPartyModel:316 - End build external matchings
2026-02-22 16:09:08,639 [INFO] ThirdPartyPackRequestProcessor:621 - CMSIS Pack Vendor :STMicroelectronics X-CUBE-PM33A1 1.0.0
2026-02-22 16:09:08,639 [INFO] ThirdPartyPackRequestProcessor:621 - CMSIS Pack Vendor :STMicroelectronics USBPD 4.1
2026-02-22 16:09:08,639 [INFO] ThirdPartyPackRequestProcessor:621 - CMSIS Pack Vendor :STMicroelectronics X-CUBE-GNSS1 6.0.0
2026-02-22 16:09:08,639 [INFO] ThirdPartyPackRequestProcessor:621 - CMSIS Pack Vendor :STMicroelectronics USB_HOST 2.0.0
2026-02-22 16:09:08,639 [INFO] ThirdPartyPackRequestProcessor:621 - CMSIS Pack Vendor :STMicroelectronics FP-SNS-MOTENVWB1 1.4.0
2026-02-22 16:09:08,639 [INFO] ThirdPartyPackRequestProcessor:621 - CMSIS Pack Vendor :STMicroelectronics X-CUBE-AZRTOS-F4 1.1.0
2026-02-22 16:09:08,639 [INFO] ThirdPartyPackRequestProcessor:621 - CMSIS Pack Vendor :STMicroelectronics LIBJPEG 8.0.0
2026-02-22 16:09:08,639 [INFO] ThirdPartyPackRequestProcessor:621 - CMSIS Pack Vendor :STMicroelectronics FP-ATR-ASTRA1 2.0.2
2026-02-22 16:09:08,639 [INFO] ThirdPartyPackRequestProcessor:621 - CMSIS Pack Vendor :STMicroelectronics FP-ATR-ASTRA1 2.0.1
2026-02-22 16:09:08,639 [INFO] ThirdPartyPackRequestProcessor:621 - CMSIS Pack Vendor :STMicroelectronics X-CUBE-SMBUS 2.1.0
2026-02-22 16:09:08,639 [INFO] ThirdPartyPackRequestProcessor:621 - CMSIS Pack Vendor :STMicroelectronics X-CUBE-WB05N 1.1.0
2026-02-22 16:09:08,639 [INFO] ThirdPartyPackRequestProcessor:621 - CMSIS Pack Vendor :STMicroelectronics X-CUBE-ISPU 2.1.0
2026-02-22 16:09:08,639 [INFO] ThirdPartyPackRequestProcessor:621 - CMSIS Pack Vendor :STMicroelectronics X-CUBE-FREERTOS 1.2.0
2026-02-22 16:09:08,639 [INFO] ThirdPartyPackRequestProcessor:621 - CMSIS Pack Vendor :STMicroelectronics X-CUBE-NFC12 1.0.0
2026-02-22 16:09:08,639 [INFO] ThirdPartyPackRequestProcessor:621 - CMSIS Pack Vendor :STMicroelectronics X-CUBE-TOUCHGFX 4.23.2
2026-02-22 16:09:08,639 [INFO] ThirdPartyPackRequestProcessor:621 - CMSIS Pack Vendor :STMicroelectronics X-CUBE-AZRTOS-F7 1.1.0
2026-02-22 16:09:08,639 [INFO] ThirdPartyPackRequestProcessor:621 - CMSIS Pack Vendor :STMicroelectronics X-CUBE-AZRTOS-L5 2.0.0
2026-02-22 16:09:08,639 [INFO] ThirdPartyPackRequestProcessor:621 - CMSIS Pack Vendor :STMicroelectronics USB_DEVICE 2.0.0
2026-02-22 16:09:08,639 [INFO] ThirdPartyPackRequestProcessor:621 - CMSIS Pack Vendor :STMicroelectronics X-CUBE-NFC6 3.1.0
2026-02-22 16:09:08,639 [INFO] ThirdPartyPackRequestProcessor:621 - CMSIS Pack Vendor :STMicroelectronics X-CUBE-MEMS1 11.0.0
2026-02-22 16:09:08,639 [INFO] ThirdPartyPackRequestProcessor:621 - CMSIS Pack Vendor :STMicroelectronics FreeRTOS 0.0.1
2026-02-22 16:09:08,639 [INFO] ThirdPartyPackRequestProcessor:621 - CMSIS Pack Vendor :STMicroelectronics X-CUBE-DPower 1.2.0
2026-02-22 16:09:08,640 [INFO] ThirdPartyPackRequestProcessor:621 - CMSIS Pack Vendor :STMicroelectronics FP-SNS-FLIGHT1 5.0.2
2026-02-22 16:09:08,640 [INFO] ThirdPartyPackRequestProcessor:621 - CMSIS Pack Vendor :STMicroelectronics X-CUBE-AI 9.0.0
2026-02-22 16:09:08,640 [INFO] ThirdPartyPackRequestProcessor:621 - CMSIS Pack Vendor :STMicroelectronics PDM2PCM 3.3.0
2026-02-22 16:09:08,640 [INFO] ThirdPartyPackRequestProcessor:621 - CMSIS Pack Vendor :STMicroelectronics X-CUBE-AZRTOS-H7 3.4.0
2026-02-22 16:09:08,640 [INFO] ThirdPartyPackRequestProcessor:621 - CMSIS Pack Vendor :STMicroelectronics X-CUBE-DISPLAY 3.0.0
2026-02-22 16:09:08,640 [INFO] ThirdPartyPackRequestProcessor:621 - CMSIS Pack Vendor :STMicroelectronics X-CUBE-BLE1 7.0.0
2026-02-22 16:09:08,640 [INFO] ThirdPartyPackRequestProcessor:621 - CMSIS Pack Vendor :STMicroelectronics X-CUBE-NFC10 1.0.0
2026-02-22 16:09:08,640 [INFO] ThirdPartyPackRequestProcessor:621 - CMSIS Pack Vendor :STMicroelectronics X-CUBE-BLEMGR 4.0.0
2026-02-22 16:09:08,640 [INFO] ThirdPartyPackRequestProcessor:621 - CMSIS Pack Vendor :STMicroelectronics X-CUBE-FREERTOS 1.3.1
2026-02-22 16:09:08,640 [INFO] ThirdPartyPackRequestProcessor:621 - CMSIS Pack Vendor :STMicroelectronics HAL Drivers 0.0.0
2026-02-22 16:09:08,640 [INFO] ThirdPartyPackRequestProcessor:621 - CMSIS Pack Vendor :emotas I-CUBE-CANOPEN 1.3.0
2026-02-22 16:09:08,640 [INFO] ThirdPartyPackRequestProcessor:621 - CMSIS Pack Vendor :STMicroelectronics X-CUBE-FREERTOS 1.3.0
2026-02-22 16:09:08,640 [INFO] ThirdPartyPackRequestProcessor:621 - CMSIS Pack Vendor :STMicroelectronics X-CUBE-NFC7 1.0.1
2026-02-22 16:09:08,640 [INFO] ThirdPartyPackRequestProcessor:621 - CMSIS Pack Vendor :STMicroelectronics MBEDTLS 2.14.1
2026-02-22 16:09:08,640 [INFO] ThirdPartyPackRequestProcessor:621 - CMSIS Pack Vendor :STMicroelectronics X-CUBE-GNSS1 7.1.0
2026-02-22 16:09:08,640 [INFO] ThirdPartyPackRequestProcessor:621 - CMSIS Pack Vendor :STMicroelectronics X-CUBE-TOUCHGFX 4.26.0
2026-02-22 16:09:08,640 [INFO] ThirdPartyPackRequestProcessor:621 - CMSIS Pack Vendor :STMicroelectronics X-CUBE-BLEMGR 3.1.0
2026-02-22 16:09:08,640 [INFO] ThirdPartyPackRequestProcessor:621 - CMSIS Pack Vendor :STMicroelectronics X-CUBE-AI 10.0.0
2026-02-22 16:09:08,640 [INFO] ThirdPartyPackRequestProcessor:621 - CMSIS Pack Vendor :STMicroelectronics FP-SNS-SMARTAG2 1.2.0
2026-02-22 16:09:08,640 [INFO] ThirdPartyPackRequestProcessor:621 - CMSIS Pack Vendor :STMicroelectronics X-CUBE-MEMS1 11.1.0
2026-02-22 16:09:08,640 [INFO] ThirdPartyPackRequestProcessor:621 - CMSIS Pack Vendor :STMicroelectronics X-CUBE-AZRTOS-WL 2.0.0
2026-02-22 16:09:08,640 [INFO] ThirdPartyPackRequestProcessor:621 - CMSIS Pack Vendor :STMicroelectronics X-CUBE-DPower 1.3.0
2026-02-22 16:09:08,640 [INFO] ThirdPartyPackRequestProcessor:621 - CMSIS Pack Vendor :STMicroelectronics FP-SNS-MOTENV1 5.0.0
2026-02-22 16:09:08,640 [INFO] ThirdPartyPackRequestProcessor:621 - CMSIS Pack Vendor :STMicroelectronics USB_DEVICE 1.0.0
2026-02-22 16:09:08,640 [INFO] ThirdPartyPackRequestProcessor:621 - CMSIS Pack Vendor :STMicroelectronics X-CUBE-AZRTOS-H7RS 1.2.0
2026-02-22 16:09:08,640 [INFO] ThirdPartyPackRequestProcessor:621 - CMSIS Pack Vendor :wolfSSL I-CUBE-wolfMQTT 1.19.0
2026-02-22 16:09:08,640 [INFO] ThirdPartyPackRequestProcessor:621 - CMSIS Pack Vendor :STMicroelectronics X-CUBE-AZRTOS-L4 2.0.0
2026-02-22 16:09:08,640 [INFO] ThirdPartyPackRequestProcessor:621 - CMSIS Pack Vendor :STMicroelectronics ThreadX 0.0.2
2026-02-22 16:09:08,640 [INFO] ThirdPartyPackRequestProcessor:621 - CMSIS Pack Vendor :WES I-CUBE-Cesium 1.3.0
2026-02-22 16:09:08,640 [INFO] ThirdPartyPackRequestProcessor:621 - CMSIS Pack Vendor :STMicroelectronics lwIP 2.1.2
2026-02-22 16:09:08,640 [INFO] ThirdPartyPackRequestProcessor:621 - CMSIS Pack Vendor :STMicroelectronics X-CUBE-SFXS2LP1 4.0.0
2026-02-22 16:09:08,640 [INFO] ThirdPartyPackRequestProcessor:621 - CMSIS Pack Vendor :STMicroelectronics X-CUBE-BLE2 3.3.0
2026-02-22 16:09:08,640 [INFO] ThirdPartyPackRequestProcessor:621 - CMSIS Pack Vendor :STMicroelectronics PDM2PCM 3.2.0
2026-02-22 16:09:08,640 [INFO] ThirdPartyPackRequestProcessor:621 - CMSIS Pack Vendor :STMicroelectronics X-CUBE-AZRTOS-H7 3.3.0
2026-02-22 16:09:08,640 [INFO] ThirdPartyPackRequestProcessor:621 - CMSIS Pack Vendor :STMicroelectronics X-CUBE-NFC9 1.0.0
2026-02-22 16:09:08,640 [INFO] ThirdPartyPackRequestProcessor:621 - CMSIS Pack Vendor :STMicroelectronics X-CUBE-BLE1 7.1.0
2026-02-22 16:09:08,640 [INFO] ThirdPartyPackRequestProcessor:621 - CMSIS Pack Vendor :STMicroelectronics USB_DEVICE 3.0.0
2026-02-22 16:09:08,640 [INFO] ThirdPartyPackRequestProcessor:621 - CMSIS Pack Vendor :STMicroelectronics X-CUBE-TCPP 4.1.0
2026-02-22 16:09:08,640 [INFO] ThirdPartyPackRequestProcessor:621 - CMSIS Pack Vendor :STMicroelectronics X-CUBE-EEPRMA1 5.2.0
2026-02-22 16:09:08,640 [INFO] ThirdPartyPackRequestProcessor:621 - CMSIS Pack Vendor :STMicroelectronics X-CUBE-IPS 3.0.0
2026-02-22 16:09:08,640 [INFO] ThirdPartyPackRequestProcessor:621 - CMSIS Pack Vendor :STMicroelectronics X-CUBE-AZRTOS-WB 2.0.0
2026-02-22 16:09:08,640 [INFO] ThirdPartyPackRequestProcessor:621 - CMSIS Pack Vendor :STMicroelectronics X-CUBE-GNSS1 7.0.0
2026-02-22 16:09:08,640 [INFO] ThirdPartyPackRequestProcessor:621 - CMSIS Pack Vendor :STMicroelectronics X-CUBE-GNSS1 7.0.1
2026-02-22 16:09:08,640 [INFO] ThirdPartyPackRequestProcessor:621 - CMSIS Pack Vendor :STMicroelectronics X-CUBE-TOUCHGFX 4.25.0
2026-02-22 16:09:08,640 [INFO] ThirdPartyPackRequestProcessor:621 - CMSIS Pack Vendor :STMicroelectronics FP-SNS-STBOX1 2.0.0
2026-02-22 16:09:08,640 [INFO] ThirdPartyPackRequestProcessor:621 - CMSIS Pack Vendor :STMicroelectronics X-CUBE-MEMS1 12.0.0
2026-02-22 16:09:08,640 [INFO] ThirdPartyPackRequestProcessor:621 - CMSIS Pack Vendor :STMicroelectronics X-CUBE-ALGOBUILD 1.3.0
2026-02-22 16:09:08,640 [INFO] ThirdPartyPackRequestProcessor:621 - CMSIS Pack Vendor :STMicroelectronics X-CUBE-STSE01 2.0.0
2026-02-22 16:09:08,640 [INFO] ThirdPartyPackRequestProcessor:621 - CMSIS Pack Vendor :STMicroelectronics X-CUBE-MEMS1 11.2.0
2026-02-22 16:09:08,640 [INFO] ThirdPartyPackRequestProcessor:621 - CMSIS Pack Vendor :STMicroelectronics X-CUBE-AZRTOS-G0 1.1.0
2026-02-22 16:09:08,640 [INFO] ThirdPartyPackRequestProcessor:621 - CMSIS Pack Vendor :STMicroelectronics X-CUBE-SAFEA1 1.2.2
2026-02-22 16:09:08,640 [INFO] ThirdPartyPackRequestProcessor:621 - CMSIS Pack Vendor :STMicroelectronics X-CUBE-NFC4 3.0.0
2026-02-22 16:09:08,640 [INFO] ThirdPartyPackRequestProcessor:621 - CMSIS Pack Vendor :STMicroelectronics X-CUBE-SUBG2 5.0.0
2026-02-22 16:09:08,640 [INFO] ThirdPartyPackRequestProcessor:621 - CMSIS Pack Vendor :STMicroelectronics X-CUBE-AZRTOS-H7RS 1.1.0
2026-02-22 16:09:08,640 [INFO] ThirdPartyPackRequestProcessor:621 - CMSIS Pack Vendor :STMicroelectronics STM32_WPAN 1.0.0
2026-02-22 16:09:08,640 [INFO] ThirdPartyPackRequestProcessor:621 - CMSIS Pack Vendor :EmbeddedOffice I-CUBE-FS-RTOS 1.0.1
2026-02-22 16:09:08,640 [INFO] ThirdPartyPackRequestProcessor:621 - CMSIS Pack Vendor :STMicroelectronics lwIP 2.0.3
2026-02-22 16:09:08,640 [INFO] ThirdPartyPackRequestProcessor:621 - CMSIS Pack Vendor :Cesanta I-CUBE-Mongoose 7.13.0
2026-02-22 16:09:08,640 [INFO] ThirdPartyPackRequestProcessor:621 - CMSIS Pack Vendor :STMicroelectronics USB_HOST 1.0.0
2026-02-22 16:09:08,641 [INFO] ThirdPartyPackRequestProcessor:621 - CMSIS Pack Vendor :STMicroelectronics X-CUBE-AZRTOS-G4 2.0.0
2026-02-22 16:09:08,641 [INFO] ThirdPartyPackRequestProcessor:621 - CMSIS Pack Vendor :STMicroelectronics X-CUBE-WB05N 2.0.0
2026-02-22 16:09:08,641 [INFO] ThirdPartyPackRequestProcessor:621 - CMSIS Pack Vendor :STMicroelectronics PDM2PCM 3.1.0
2026-02-22 16:09:08,641 [INFO] ThirdPartyPackRequestProcessor:621 - CMSIS Pack Vendor :STMicroelectronics X-CUBE-NFC7 2.0.0
2026-02-22 16:09:08,641 [INFO] ThirdPartyPackRequestProcessor:621 - CMSIS Pack Vendor :RealThread X-CUBE-RT-Thread_Nano 4.1.1
2026-02-22 16:09:08,641 [INFO] ThirdPartyPackRequestProcessor:621 - CMSIS Pack Vendor :wolfSSL I-CUBE-wolfSSL 5.7.0
2026-02-22 16:09:08,641 [INFO] ThirdPartyPackRequestProcessor:621 - CMSIS Pack Vendor :STMicroelectronics FP-ATR-SIGFOX1 3.2.0
2026-02-22 16:09:08,641 [INFO] ThirdPartyPackRequestProcessor:621 - CMSIS Pack Vendor :quantropi X-CUBE-qispace-sdk-base 1.9.3
2026-02-22 16:09:08,641 [INFO] ThirdPartyPackRequestProcessor:621 - CMSIS Pack Vendor :STMicroelectronics X-CUBE-ISPU 2.0.0
2026-02-22 16:09:08,641 [INFO] ThirdPartyPackRequestProcessor:621 - CMSIS Pack Vendor :STMicroelectronics X-CUBE-EEPRMA1 5.1.0
2026-02-22 16:09:08,641 [INFO] ThirdPartyPackRequestProcessor:621 - CMSIS Pack Vendor :STMicroelectronics MBEDTLS 2.16.2
2026-02-22 16:09:08,641 [INFO] ThirdPartyPackRequestProcessor:621 - CMSIS Pack Vendor :STMicroelectronics X-CUBE-ALS 1.0.2
2026-02-22 16:09:08,641 [INFO] ThirdPartyPackRequestProcessor:621 - CMSIS Pack Vendor :STMicroelectronics X-CUBE-MEMS1 10.0.0
2026-02-22 16:09:08,641 [INFO] ThirdPartyPackRequestProcessor:621 - CMSIS Pack Vendor :STMicroelectronics X-CUBE-FREERTOS 1.1.0
2026-02-22 16:09:08,641 [INFO] ThirdPartyPackRequestProcessor:621 - CMSIS Pack Vendor :ITTIA_DB I-CUBE-ITTIADB 8.9.0
2026-02-22 16:09:08,641 [INFO] ThirdPartyPackRequestProcessor:621 - CMSIS Pack Vendor :STMicroelectronics X-CUBE-TOUCHGFX 4.24.2
2026-02-22 16:09:08,641 [INFO] ThirdPartyPackRequestProcessor:621 - CMSIS Pack Vendor :STMicroelectronics X-CUBE-TOUCHGFX 4.24.1
2026-02-22 16:09:08,641 [INFO] ThirdPartyPackRequestProcessor:621 - CMSIS Pack Vendor :STMicroelectronics X-CUBE-STSE01 1.0.0
2026-02-22 16:09:08,641 [INFO] ThirdPartyPackRequestProcessor:621 - CMSIS Pack Vendor :wolfSSL I-CUBE-wolfTPM 3.4.0
2026-02-22 16:09:08,641 [INFO] ThirdPartyPackRequestProcessor:621 - CMSIS Pack Vendor :portGmbH I-Cube-SoM-uGOAL 1.1.0
2026-02-22 16:09:08,641 [INFO] ThirdPartyPackRequestProcessor:621 - CMSIS Pack Vendor :STMicroelectronics X-CUBE-ALS 1.0.1
2026-02-22 16:09:08,641 [INFO] ThirdPartyPackRequestProcessor:621 - CMSIS Pack Vendor :STMicroelectronics X-CUBE-NFC6 3.2.0
2026-02-22 16:09:08,641 [INFO] ThirdPartyPackRequestProcessor:621 - CMSIS Pack Vendor :STMicroelectronics X-CUBE-AI 10.2.0
2026-02-22 16:09:08,641 [INFO] ThirdPartyPackRequestProcessor:621 - CMSIS Pack Vendor :STMicroelectronics ThreadX 1.0.0
2026-02-22 16:09:08,641 [INFO] ThirdPartyPackRequestProcessor:621 - CMSIS Pack Vendor :SEGGER I-CUBE-embOS 1.3.1
2026-02-22 16:09:08,641 [INFO] ThirdPartyPackRequestProcessor:621 - CMSIS Pack Vendor :STMicroelectronics X-CUBE-ALGOBUILD 1.4.0
2026-02-22 16:09:08,641 [INFO] ThirdPartyPackRequestProcessor:621 - CMSIS Pack Vendor :STMicroelectronics X-CUBE-AZRTOS-H7RS 1.0.0
2026-02-22 16:09:08,641 [INFO] ThirdPartyPackRequestProcessor:621 - CMSIS Pack Vendor :STMicroelectronics FP-ATR-ASTRA1 2.0.0
2026-02-22 16:09:08,641 [INFO] ThirdPartyPackRequestProcessor:621 - CMSIS Pack Vendor :STMicroelectronics X-CUBE-TOF1 3.4.2
2026-02-22 16:09:08,641 [INFO] ThirdPartyPackRequestProcessor:621 - CMSIS Pack Vendor :STMicroelectronics X-CUBE-AI 9.1.0
2026-02-22 16:09:08,641 [INFO] ThirdPartyPackRequestProcessor:621 - CMSIS Pack Vendor :STMicroelectronics X-CUBE-TOF1 3.4.1
2026-02-22 16:09:08,641 [INFO] ThirdPartyPackRequestProcessor:621 - CMSIS Pack Vendor :STMicroelectronics X-CUBE-AZRTOS-H7 3.2.0
2026-02-22 16:09:08,641 [INFO] ThirdPartyPackRequestProcessor:621 - CMSIS Pack Vendor :Infineon AIROC-Wi-Fi-Bluetooth-STM32 1.6.0
2026-02-22 16:09:08,641 [INFO] ThirdPartyPackRequestProcessor:621 - CMSIS Pack Vendor :wolfSSL I-CUBE-wolfSSH 1.4.17
2026-02-22 16:09:08,641 [INFO] ThirdParty:514 - exiting critical section [add software pack]
2026-02-22 16:09:08,642 [INFO] LoadServerUpdatesThread:375 - End of LoadServerUpdate Thread
2026-02-22 16:09:08,820 [INFO] ThirdPartyModel:298 - Start build external matchings
2026-02-22 16:09:08,827 [INFO] MainUpdater:1611 - ProgressBar Return now
2026-02-22 16:09:11,108 [INFO] ThirdPartyModel:316 - End build external matchings
2026-02-22 16:09:11,255 [INFO] CheckServerUpdateThread:120 - End of CheckServer Thread
2026-02-22 16:09:35,303 [WARN] IP:2120 - I2C_Coeff_DF not found: check if there is a RefParameter without a condition.
2026-02-22 16:09:35,304 [WARN] IP:2120 - Analog_Filter not found: check if there is a RefParameter without a condition.
2026-02-22 16:09:35,305 [WARN] IP:2120 - I2C_Coeff_DF not found: check if there is a RefParameter without a condition.
2026-02-22 16:09:35,305 [WARN] IP:2120 - Analog_Filter not found: check if there is a RefParameter without a condition.
2026-02-22 16:09:35,306 [WARN] IP:2120 - I2C_Coeff_DF not found: check if there is a RefParameter without a condition.
2026-02-22 16:09:35,306 [WARN] IP:2120 - Analog_Filter not found: check if there is a RefParameter without a condition.
2026-02-22 16:09:35,473 [WARN] IP:2120 - I2C_Coeff_DF not found: check if there is a RefParameter without a condition.
2026-02-22 16:09:35,473 [WARN] IP:2120 - Analog_Filter not found: check if there is a RefParameter without a condition.
2026-02-22 16:09:35,476 [WARN] IP:2120 - I2C_Coeff_DF not found: check if there is a RefParameter without a condition.
2026-02-22 16:09:35,476 [WARN] IP:2120 - Analog_Filter not found: check if there is a RefParameter without a condition.
2026-02-22 16:09:35,575 [WARN] IP:2120 - I2C_Coeff_DF not found: check if there is a RefParameter without a condition.
2026-02-22 16:09:35,575 [WARN] IP:2120 - Analog_Filter not found: check if there is a RefParameter without a condition.
2026-02-22 16:09:35,575 [WARN] IP:2120 - I2C_Coeff_DF not found: check if there is a RefParameter without a condition.
2026-02-22 16:09:35,576 [WARN] IP:2120 - Analog_Filter not found: check if there is a RefParameter without a condition.
2026-02-22 16:09:35,644 [WARN] IP:2120 - I2C_Coeff_DF not found: check if there is a RefParameter without a condition.
2026-02-22 16:09:35,644 [WARN] IP:2120 - Analog_Filter not found: check if there is a RefParameter without a condition.
2026-02-22 16:09:50,495 [INFO] NvicIntPanel:101 - NVIC parent = com.st.microxplorer.plugins.ip.nvic.MultiNvicIntPanel[,0,0,0x0,invalid,layout=javax.swing.BoxLayout,alignmentX=0.0,alignmentY=0.0,border=,flags=9,maximumSize=,minimumSize=,preferredSize=]
2026-02-22 16:09:50,568 [INFO] NvicIntPanel:101 - NVIC parent = com.st.microxplorer.plugins.ip.nvic.MultiNvicIntPanel[,0,0,0x0,invalid,layout=javax.swing.BoxLayout,alignmentX=0.0,alignmentY=0.0,border=,flags=9,maximumSize=,minimumSize=,preferredSize=]
2026-02-22 16:09:53,870 [INFO] NvicIntPanel:101 - NVIC parent = com.st.microxplorer.plugins.ip.nvic.MultiNvicIntPanel[,0,0,0x0,invalid,layout=javax.swing.BoxLayout,alignmentX=0.0,alignmentY=0.0,border=,flags=9,maximumSize=,minimumSize=,preferredSize=]
2026-02-22 16:09:55,808 [INFO] NvicIntPanel:101 - NVIC parent = com.st.microxplorer.plugins.ip.nvic.MultiNvicIntPanel[,0,0,0x0,invalid,layout=javax.swing.BoxLayout,alignmentX=0.0,alignmentY=0.0,border=,flags=9,maximumSize=,minimumSize=,preferredSize=]
2026-02-22 16:10:25,845 [INFO] NvicIntPanel:101 - NVIC parent = com.st.microxplorer.plugins.ip.nvic.MultiNvicIntPanel[,0,0,0x0,invalid,layout=javax.swing.BoxLayout,alignmentX=0.0,alignmentY=0.0,border=,flags=9,maximumSize=,minimumSize=,preferredSize=]
2026-02-22 16:10:25,903 [INFO] NvicIntPanel:101 - NVIC parent = com.st.microxplorer.plugins.ip.nvic.MultiNvicIntPanel[,0,0,0x0,invalid,layout=javax.swing.BoxLayout,alignmentX=0.0,alignmentY=0.0,border=,flags=9,maximumSize=,minimumSize=,preferredSize=]
2026-02-22 16:10:31,077 [INFO] NvicIntPanel:101 - NVIC parent = com.st.microxplorer.plugins.ip.nvic.MultiNvicIntPanel[,0,0,0x0,invalid,layout=javax.swing.BoxLayout,alignmentX=0.0,alignmentY=0.0,border=,flags=9,maximumSize=,minimumSize=,preferredSize=]
2026-02-22 16:10:32,131 [INFO] NvicIntPanel:101 - NVIC parent = com.st.microxplorer.plugins.ip.nvic.MultiNvicIntPanel[,0,0,0x0,invalid,layout=javax.swing.BoxLayout,alignmentX=0.0,alignmentY=0.0,border=,flags=9,maximumSize=,minimumSize=,preferredSize=]
2026-02-22 16:12:21,496 [INFO] NvicIntPanel:101 - NVIC parent = com.st.microxplorer.plugins.ip.nvic.MultiNvicIntPanel[,0,0,0x0,invalid,layout=javax.swing.BoxLayout,alignmentX=0.0,alignmentY=0.0,border=,flags=9,maximumSize=,minimumSize=,preferredSize=]
2026-02-22 16:12:21,549 [INFO] NvicIntPanel:101 - NVIC parent = com.st.microxplorer.plugins.ip.nvic.MultiNvicIntPanel[,0,0,0x0,invalid,layout=javax.swing.BoxLayout,alignmentX=0.0,alignmentY=0.0,border=,flags=9,maximumSize=,minimumSize=,preferredSize=]
2026-02-22 16:16:30,853 [INFO] NvicIntPanel:101 - NVIC parent = com.st.microxplorer.plugins.ip.nvic.MultiNvicIntPanel[,0,0,0x0,invalid,layout=javax.swing.BoxLayout,alignmentX=0.0,alignmentY=0.0,border=,flags=9,maximumSize=,minimumSize=,preferredSize=]
2026-02-22 16:16:45,516 [INFO] NvicIntPanel:101 - NVIC parent = com.st.microxplorer.plugins.ip.nvic.MultiNvicIntPanel[,0,0,0x0,invalid,layout=javax.swing.BoxLayout,alignmentX=0.0,alignmentY=0.0,border=,flags=9,maximumSize=,minimumSize=,preferredSize=]
2026-02-22 16:18:08,152 [INFO] NvicIntPanel:101 - NVIC parent = com.st.microxplorer.plugins.ip.nvic.MultiNvicIntPanel[,0,0,0x0,invalid,layout=javax.swing.BoxLayout,alignmentX=0.0,alignmentY=0.0,border=,flags=9,maximumSize=,minimumSize=,preferredSize=]
2026-02-22 16:19:36,875 [INFO] ApiDbMcu:508 - Load IP Config File for STMicroelectronics.X-CUBE-TOUCHGFX.4.26.0
2026-02-22 16:19:36,978 [WARN] SupportedApi:132 - Cannot load RTOS API schema: s4s-elt-must-match.1: The content of 'definitions' must match (annotation?, (simpleType | complexType)?, (unique | key | keyref)*)). A problem was found starting at: attribute.
2026-02-22 16:19:37,208 [INFO] IPUIPlugin:80 - create IPUIPlugin
2026-02-22 16:19:50,602 [WARN] IP:2120 - tgfx_framebuffer_stride_value_custom not found: check if there is a RefParameter without a condition.
2026-02-22 16:19:50,605 [WARN] IP:2120 - tgfx_framebuffer_stride_value_custom not found: check if there is a RefParameter without a condition.
2026-02-22 16:19:50,608 [INFO] ParamManager:896 - [Generic UI] PropertyChangeEvent: TAB_STATUS_CHANGED , "dont care", "never mind"
2026-02-22 16:19:50,627 [WARN] IP:2120 - tgfx_framebuffer_stride_value_custom not found: check if there is a RefParameter without a condition.
2026-02-22 16:20:11,352 [WARN] IP:2120 - tgfx_framebuffer_stride_value_custom not found: check if there is a RefParameter without a condition.
2026-02-22 16:20:11,355 [INFO] ParamManager:896 - [Generic UI] PropertyChangeEvent: TAB_STATUS_CHANGED , "dont care", "never mind"
2026-02-22 16:20:40,105 [WARN] IP:2120 - tgfx_framebuffer_stride_value_custom not found: check if there is a RefParameter without a condition.
2026-02-22 16:20:42,569 [WARN] IP:2120 - tgfx_framebuffer_stride_value_custom not found: check if there is a RefParameter without a condition.
2026-02-22 16:20:54,138 [WARN] IP:2120 - tgfx_framebuffer_stride_value_custom not found: check if there is a RefParameter without a condition.
2026-02-22 16:22:30,968 [INFO] NvicIntPanel:101 - NVIC parent = com.st.microxplorer.plugins.ip.nvic.MultiNvicIntPanel[,0,0,0x0,invalid,layout=javax.swing.BoxLayout,alignmentX=0.0,alignmentY=0.0,border=,flags=9,maximumSize=,minimumSize=,preferredSize=]
2026-02-22 16:22:39,803 [INFO] NvicIntPanel:101 - NVIC parent = com.st.microxplorer.plugins.ip.nvic.MultiNvicIntPanel[,0,0,0x0,invalid,layout=javax.swing.BoxLayout,alignmentX=0.0,alignmentY=0.0,border=,flags=9,maximumSize=,minimumSize=,preferredSize=]
2026-02-22 16:22:50,733 [INFO] UtilMem:75 - End SaveConfig() Used Memory: 830592200 Bytes (1073741824)
2026-02-22 16:22:51,680 [INFO] UtilMem:75 - End SaveConfig() Used Memory: 896652488 Bytes (1073741824)
2026-02-22 16:22:51,908 [INFO] BlockDiagram:2759 - set Specific Code input for plugin: SPI
2026-02-22 16:22:51,908 [INFO] BlockDiagram:2759 - set Specific Code input for plugin: SPI
2026-02-22 16:22:51,908 [INFO] BlockDiagram:2759 - set Specific Code input for plugin: NVIC
2026-02-22 16:22:51,908 [INFO] BlockDiagram:2759 - set Specific Code input for plugin: DMA
2026-02-22 16:22:51,908 [INFO] BlockDiagram:2759 - set Specific Code input for plugin: STMicroelectronics.X-CUBE-TOUCHGFX.4.26.0
2026-02-22 16:22:51,908 [INFO] BlockDiagram:2759 - set Specific Code input for plugin: TIM1_8
2026-02-22 16:22:51,908 [INFO] BlockDiagram:2759 - set Specific Code input for plugin: SYS
2026-02-22 16:22:51,908 [INFO] BlockDiagram:2759 - set Specific Code input for plugin: GPIO
2026-02-22 16:22:51,908 [INFO] BlockDiagram:2759 - set Specific Code input for plugin: RCC
2026-02-22 16:22:51,908 [INFO] BlockDiagram:2759 - set Specific Code input for plugin: CRC
2026-02-22 16:22:51,915 [WARN] IP:2120 - tgfx_framebuffer_stride_value_custom not found: check if there is a RefParameter without a condition.
2026-02-22 16:22:51,922 [INFO] CodeGenerator:807 - code generatio: config db path: D:\Documentos\Electronica\Nueva carpeta\STM32CubeIDE_1.15.0\STM32CubeIDE\plugins\com.st.stm32cube.common.mx_6.11.0.202403141607\\db\
2026-02-22 16:22:51,934 [WARN] IP:2120 - tgfx_framebuffer_stride_value_custom not found: check if there is a RefParameter without a condition.
2026-02-22 16:22:51,987 [INFO] IP:3348 - RTE Config file name : RTE_Component
2026-02-22 16:22:51,987 [INFO] IP:3366 - RTE template : RTE_Components.ftl
2026-02-22 16:22:52,077 [INFO] CodeEngine:255 - oldGeneratedFile, C:\git\VehiculoTT\HMITT\MXTmpFiles\license.tmp_save
2026-02-22 16:22:52,200 [INFO] CodeEngine:279 - Generated code: C:\git\VehiculoTT\HMITT\MXTmpFiles\license.tmp
2026-02-22 16:22:52,340 [INFO] CodeEngine:255 - oldGeneratedFile, C:\git\VehiculoTT\HMITT\MXTmpFiles\gpio.tmp_save
2026-02-22 16:22:52,460 [INFO] CodeEngine:279 - Generated code: C:\git\VehiculoTT\HMITT\MXTmpFiles\gpio.tmp
2026-02-22 16:22:52,817 [INFO] Middleware:1439 - No code input for Bsp Dependency
2026-02-22 16:22:52,818 [INFO] IP:3348 - RTE Config file name : RTE_Component
2026-02-22 16:22:52,818 [INFO] IP:3366 - RTE template : RTE_Components.ftl
2026-02-22 16:22:52,832 [INFO] CodeEngine:255 - oldGeneratedFile, C:\git\VehiculoTT\HMITT\MXTmpFiles\SCB_CleanInvalidateDCache.tmp_save
2026-02-22 16:22:52,920 [INFO] CodeEngine:279 - Generated code: C:\git\VehiculoTT\HMITT\MXTmpFiles\SCB_CleanInvalidateDCache.tmp
2026-02-22 16:22:52,931 [INFO] CodeEngine:255 - oldGeneratedFile, C:\git\VehiculoTT\HMITT\MXTmpFiles\SCB_InvalidateDCache.tmp_save
2026-02-22 16:22:53,020 [INFO] CodeEngine:279 - Generated code: C:\git\VehiculoTT\HMITT\MXTmpFiles\SCB_InvalidateDCache.tmp
2026-02-22 16:22:53,029 [INFO] CodeEngine:255 - oldGeneratedFile, C:\git\VehiculoTT\HMITT\MXTmpFiles\touchgfx_license.tmp_save
2026-02-22 16:22:53,127 [INFO] CodeEngine:279 - Generated code: C:\git\VehiculoTT\HMITT\MXTmpFiles\touchgfx_license.tmp
2026-02-22 16:22:53,137 [INFO] CodeEngine:255 - oldGeneratedFile, C:\git\VehiculoTT\HMITT\MXTmpFiles\touchgfx_gen_license.tmp_save
2026-02-22 16:22:53,216 [INFO] CodeEngine:279 - Generated code: C:\git\VehiculoTT\HMITT\MXTmpFiles\touchgfx_gen_license.tmp
2026-02-22 16:22:53,227 [INFO] CodeEngine:255 - oldGeneratedFile, C:\git\VehiculoTT\HMITT\MXTmpFiles\oswrappers_noos.tmp_save
2026-02-22 16:22:53,309 [INFO] CodeEngine:279 - Generated code: C:\git\VehiculoTT\HMITT\MXTmpFiles\oswrappers_noos.tmp
2026-02-22 16:22:53,362 [INFO] CodeEngine:255 - oldGeneratedFile, C:\git\VehiculoTT\HMITT\MXTmpFiles\dma.tmp_save
2026-02-22 16:22:53,443 [INFO] CodeEngine:279 - Generated code: C:\git\VehiculoTT\HMITT\MXTmpFiles\dma.tmp
2026-02-22 16:22:53,458 [INFO] CodeEngine:255 - oldGeneratedFile, C:\git\VehiculoTT\HMITT\MXTmpFiles\dma_GV.tmp_save
2026-02-22 16:22:53,516 [INFO] CodeEngine:279 - Generated code: C:\git\VehiculoTT\HMITT\MXTmpFiles\dma_GV.tmp
2026-02-22 16:22:53,525 [INFO] Middleware:1439 - No code input for Bsp Dependency
2026-02-22 16:22:53,525 [INFO] IP:3348 - RTE Config file name : RTE_Component
2026-02-22 16:22:53,525 [INFO] IP:3366 - RTE template : RTE_Components.ftl
2026-02-22 16:22:53,542 [INFO] CodeEngine:255 - oldGeneratedFile, C:\git\VehiculoTT\HMITT\MXTmpFiles\SCB_CleanInvalidateDCache.tmp_save
2026-02-22 16:22:53,607 [INFO] CodeEngine:279 - Generated code: C:\git\VehiculoTT\HMITT\MXTmpFiles\SCB_CleanInvalidateDCache.tmp
2026-02-22 16:22:53,617 [INFO] CodeEngine:255 - oldGeneratedFile, C:\git\VehiculoTT\HMITT\MXTmpFiles\SCB_InvalidateDCache.tmp_save
2026-02-22 16:22:53,673 [INFO] CodeEngine:279 - Generated code: C:\git\VehiculoTT\HMITT\MXTmpFiles\SCB_InvalidateDCache.tmp
2026-02-22 16:22:53,683 [INFO] CodeEngine:255 - oldGeneratedFile, C:\git\VehiculoTT\HMITT\MXTmpFiles\touchgfx_license.tmp_save
2026-02-22 16:22:53,743 [INFO] CodeEngine:279 - Generated code: C:\git\VehiculoTT\HMITT\MXTmpFiles\touchgfx_license.tmp
2026-02-22 16:22:53,756 [INFO] CodeEngine:255 - oldGeneratedFile, C:\git\VehiculoTT\HMITT\MXTmpFiles\touchgfx_gen_license.tmp_save
2026-02-22 16:22:53,811 [INFO] CodeEngine:279 - Generated code: C:\git\VehiculoTT\HMITT\MXTmpFiles\touchgfx_gen_license.tmp
2026-02-22 16:22:53,822 [INFO] CodeEngine:255 - oldGeneratedFile, C:\git\VehiculoTT\HMITT\MXTmpFiles\oswrappers_noos.tmp_save
2026-02-22 16:22:53,875 [INFO] CodeEngine:279 - Generated code: C:\git\VehiculoTT\HMITT\MXTmpFiles\oswrappers_noos.tmp
2026-02-22 16:22:53,885 [INFO] CodeEngine:255 - oldGeneratedFile, C:\git\VehiculoTT\HMITT\TouchGFX\App\app_touchgfx.h_save
2026-02-22 16:22:53,954 [INFO] CodeEngine:279 - Generated code: C:\git\VehiculoTT\HMITT\TouchGFX\App\app_touchgfx.h
2026-02-22 16:22:53,961 [INFO] CodeEngine:255 - oldGeneratedFile, C:\git\VehiculoTT\HMITT\TouchGFX\ApplicationTemplate.touchgfx.part_save
2026-02-22 16:22:54,062 [INFO] CodeEngine:279 - Generated code: C:\git\VehiculoTT\HMITT\TouchGFX\ApplicationTemplate.touchgfx.part
2026-02-22 16:22:54,073 [INFO] CodeEngine:255 - oldGeneratedFile, C:\git\VehiculoTT\HMITT\TouchGFX\target\generated\TouchGFXConfiguration.cpp_save
2026-02-22 16:22:54,191 [INFO] CodeEngine:279 - Generated code: C:\git\VehiculoTT\HMITT\TouchGFX\target\generated\TouchGFXConfiguration.cpp
2026-02-22 16:22:54,199 [INFO] CodeEngine:255 - oldGeneratedFile, C:\git\VehiculoTT\HMITT\TouchGFX\target\generated\TouchGFXGeneratedHAL.hpp_save
2026-02-22 16:22:54,311 [INFO] CodeEngine:279 - Generated code: C:\git\VehiculoTT\HMITT\TouchGFX\target\generated\TouchGFXGeneratedHAL.hpp
2026-02-22 16:22:54,322 [INFO] CodeEngine:255 - oldGeneratedFile, C:\git\VehiculoTT\HMITT\TouchGFX\target\generated\TouchGFXGeneratedHAL.cpp_save
2026-02-22 16:22:54,456 [INFO] CodeEngine:279 - Generated code: C:\git\VehiculoTT\HMITT\TouchGFX\target\generated\TouchGFXGeneratedHAL.cpp
2026-02-22 16:22:54,465 [INFO] CodeEngine:255 - oldGeneratedFile, C:\git\VehiculoTT\HMITT\TouchGFX\target\TouchGFXHAL.hpp_save
2026-02-22 16:22:54,575 [INFO] CodeEngine:279 - Generated code: C:\git\VehiculoTT\HMITT\TouchGFX\target\TouchGFXHAL.hpp
2026-02-22 16:22:54,589 [INFO] CodeEngine:255 - oldGeneratedFile, C:\git\VehiculoTT\HMITT\TouchGFX\target\TouchGFXHAL.cpp_save
2026-02-22 16:22:54,681 [INFO] CodeEngine:279 - Generated code: C:\git\VehiculoTT\HMITT\TouchGFX\target\TouchGFXHAL.cpp
2026-02-22 16:22:54,691 [INFO] CodeEngine:255 - oldGeneratedFile, C:\git\VehiculoTT\HMITT\TouchGFX\target\STM32TouchController.hpp_save
2026-02-22 16:22:54,786 [INFO] CodeEngine:279 - Generated code: C:\git\VehiculoTT\HMITT\TouchGFX\target\STM32TouchController.hpp
2026-02-22 16:22:54,794 [INFO] CodeEngine:255 - oldGeneratedFile, C:\git\VehiculoTT\HMITT\TouchGFX\target\STM32TouchController.cpp_save
2026-02-22 16:22:54,875 [INFO] CodeEngine:279 - Generated code: C:\git\VehiculoTT\HMITT\TouchGFX\target\STM32TouchController.cpp
2026-02-22 16:22:54,895 [INFO] CodeEngine:255 - oldGeneratedFile, C:\git\VehiculoTT\HMITT\TouchGFX\target\generated\STM32DMA.hpp_save
2026-02-22 16:22:54,997 [INFO] CodeEngine:279 - Generated code: C:\git\VehiculoTT\HMITT\TouchGFX\target\generated\STM32DMA.hpp
2026-02-22 16:22:55,005 [INFO] CodeEngine:255 - oldGeneratedFile, C:\git\VehiculoTT\HMITT\TouchGFX\target\generated\STM32DMA.cpp_save
2026-02-22 16:22:55,083 [INFO] CodeEngine:279 - Generated code: C:\git\VehiculoTT\HMITT\TouchGFX\target\generated\STM32DMA.cpp
2026-02-22 16:22:55,091 [INFO] CodeEngine:255 - oldGeneratedFile, C:\git\VehiculoTT\HMITT\TouchGFX\target\generated\OSWrappers.cpp_save
2026-02-22 16:22:55,202 [INFO] CodeEngine:279 - Generated code: C:\git\VehiculoTT\HMITT\TouchGFX\target\generated\OSWrappers.cpp
2026-02-22 16:22:55,211 [INFO] CodeEngine:255 - oldGeneratedFile, C:\git\VehiculoTT\HMITT\TouchGFX\target\TouchGFXGPIO.cpp_save
2026-02-22 16:22:55,305 [INFO] CodeEngine:279 - Generated code: C:\git\VehiculoTT\HMITT\TouchGFX\target\TouchGFXGPIO.cpp
2026-02-22 16:22:55,314 [INFO] CodeEngine:255 - oldGeneratedFile, C:\git\VehiculoTT\HMITT\TouchGFX\App\app_touchgfx.c_save
2026-02-22 16:22:55,401 [INFO] CodeEngine:279 - Generated code: C:\git\VehiculoTT\HMITT\TouchGFX\App\app_touchgfx.c
2026-02-22 16:22:55,448 [INFO] CodeEngine:255 - oldGeneratedFile, C:\git\VehiculoTT\HMITT\Core\Src\stm32f4xx_it.c_save
2026-02-22 16:22:55,670 [INFO] CodeEngine:279 - Generated code: C:\git\VehiculoTT\HMITT\Core\Src\stm32f4xx_it.c
2026-02-22 16:22:55,703 [INFO] CodeEngine:255 - oldGeneratedFile, C:\git\VehiculoTT\HMITT\Core\Inc\stm32f4xx_it.h_save
2026-02-22 16:22:55,815 [INFO] CodeEngine:279 - Generated code: C:\git\VehiculoTT\HMITT\Core\Inc\stm32f4xx_it.h
2026-02-22 16:22:55,822 [INFO] IP:3348 - RTE Config file name : RTE_Component
2026-02-22 16:22:55,822 [INFO] IP:3366 - RTE template : RTE_Components.ftl
2026-02-22 16:22:55,822 [INFO] CodeGenerator:2119 - Add RTE Code Input 
2026-02-22 16:22:55,882 [INFO] CodeEngine:255 - oldGeneratedFile, C:\git\VehiculoTT\HMITT\Core\Inc\RTE_Components.h_save
2026-02-22 16:22:55,980 [INFO] CodeEngine:279 - Generated code: C:\git\VehiculoTT\HMITT\Core\Inc\RTE_Components.h
2026-02-22 16:22:56,026 [INFO] CodeEngine:255 - oldGeneratedFile, C:\git\VehiculoTT\HMITT\Core\Src\stm32f4xx_hal_msp.c_save
2026-02-22 16:22:56,212 [INFO] CodeEngine:279 - Generated code: C:\git\VehiculoTT\HMITT\Core\Src\stm32f4xx_hal_msp.c
2026-02-22 16:22:56,245 [INFO] CodeEngine:255 - oldGeneratedFile, C:\git\VehiculoTT\HMITT\MXTmpFiles\system.tmp_save
2026-02-22 16:22:56,323 [INFO] CodeEngine:279 - Generated code: C:\git\VehiculoTT\HMITT\MXTmpFiles\system.tmp
2026-02-22 16:22:56,362 [INFO] CodeEngine:311 - oldGeneratedFile, C:\git\VehiculoTT\HMITT\Core\Inc\stm32f4xx_hal_conf.h_save
2026-02-22 16:22:56,480 [INFO] CodeEngine:335 - Generated code: C:\git\VehiculoTT\HMITT\Core\Inc\stm32f4xx_hal_conf.h
2026-02-22 16:22:56,525 [WARN] IPConfigManager:3513 - IP not found : TIM
2026-02-22 16:22:56,526 [WARN] CodeGenerator:3951 - IP not found : null
2026-02-22 16:22:56,563 [INFO] CodeEngine:255 - oldGeneratedFile, C:\git\VehiculoTT\HMITT\Core\Inc\main.h_save
2026-02-22 16:22:56,678 [INFO] CodeEngine:279 - Generated code: C:\git\VehiculoTT\HMITT\Core\Inc\main.h
2026-02-22 16:22:56,710 [INFO] CodeEngine:255 - oldGeneratedFile, C:\git\VehiculoTT\HMITT\Core\Src\main.c_save
2026-02-22 16:22:56,875 [INFO] CodeEngine:279 - Generated code: C:\git\VehiculoTT\HMITT\Core\Src\main.c
2026-02-22 16:22:57,548 [INFO] ProjectBuilder:3163 - Time for Copy HAL[1] : 473mS.
2026-02-22 16:22:57,548 [ERROR] Middleware:2969 - Invalid RefComponent liste
2026-02-22 16:22:57,548 [ERROR] Middleware:2969 - Invalid RefComponent liste
2026-02-22 16:22:57,548 [ERROR] Middleware:2969 - Invalid RefComponent liste
2026-02-22 16:22:57,548 [ERROR] Middleware:2969 - Invalid RefComponent liste
2026-02-22 16:22:57,548 [ERROR] Middleware:2969 - Invalid RefComponent liste
2026-02-22 16:22:57,548 [ERROR] Middleware:2969 - Invalid RefComponent liste
2026-02-22 16:22:57,548 [ERROR] Middleware:2969 - Invalid RefComponent liste
2026-02-22 16:22:57,548 [ERROR] Middleware:2969 - Invalid RefComponent liste
2026-02-22 16:22:57,548 [ERROR] Middleware:2969 - Invalid RefComponent liste
2026-02-22 16:22:57,548 [ERROR] Middleware:2969 - Invalid RefComponent liste
2026-02-22 16:22:57,548 [ERROR] Middleware:2969 - Invalid RefComponent liste
2026-02-22 16:22:57,548 [ERROR] Middleware:2969 - Invalid RefComponent liste
2026-02-22 16:22:57,548 [ERROR] Middleware:2969 - Invalid RefComponent liste
2026-02-22 16:22:57,548 [ERROR] Middleware:2969 - Invalid RefComponent liste
2026-02-22 16:22:57,548 [ERROR] Middleware:2969 - Invalid RefComponent liste
2026-02-22 16:22:57,548 [ERROR] Middleware:2969 - Invalid RefComponent liste
2026-02-22 16:22:57,548 [ERROR] Middleware:2969 - Invalid RefComponent liste
2026-02-22 16:22:57,548 [ERROR] Middleware:2969 - Invalid RefComponent liste
2026-02-22 16:22:57,548 [ERROR] Middleware:2969 - Invalid RefComponent liste
2026-02-22 16:22:57,548 [ERROR] Middleware:2969 - Invalid RefComponent liste
2026-02-22 16:22:57,548 [ERROR] Middleware:2969 - Invalid RefComponent liste
2026-02-22 16:22:57,548 [ERROR] Middleware:2969 - Invalid RefComponent liste
2026-02-22 16:22:57,548 [ERROR] Middleware:2969 - Invalid RefComponent liste
2026-02-22 16:22:57,548 [ERROR] Middleware:2969 - Invalid RefComponent liste
2026-02-22 16:22:57,548 [ERROR] Middleware:2969 - Invalid RefComponent liste
2026-02-22 16:22:57,548 [ERROR] Middleware:2969 - Invalid RefComponent liste
2026-02-22 16:22:57,548 [ERROR] Middleware:2969 - Invalid RefComponent liste
2026-02-22 16:22:57,548 [ERROR] Middleware:2969 - Invalid RefComponent liste
2026-02-22 16:22:57,548 [ERROR] Middleware:2969 - Invalid RefComponent liste
2026-02-22 16:22:57,548 [ERROR] Middleware:2969 - Invalid RefComponent liste
2026-02-22 16:22:57,548 [ERROR] Middleware:2969 - Invalid RefComponent liste
2026-02-22 16:22:57,548 [ERROR] Middleware:2969 - Invalid RefComponent liste
2026-02-22 16:22:57,548 [ERROR] Middleware:2969 - Invalid RefComponent liste
2026-02-22 16:22:57,548 [ERROR] Middleware:2969 - Invalid RefComponent liste
2026-02-22 16:22:57,548 [ERROR] Middleware:2969 - Invalid RefComponent liste
2026-02-22 16:22:57,548 [ERROR] Middleware:2969 - Invalid RefComponent liste
2026-02-22 16:22:57,548 [ERROR] Middleware:2969 - Invalid RefComponent liste
2026-02-22 16:22:57,548 [ERROR] Middleware:2969 - Invalid RefComponent liste
2026-02-22 16:22:57,548 [ERROR] Middleware:2969 - Invalid RefComponent liste
2026-02-22 16:22:57,548 [ERROR] Middleware:2969 - Invalid RefComponent liste
2026-02-22 16:22:57,548 [ERROR] Middleware:2969 - Invalid RefComponent liste
2026-02-22 16:22:57,548 [ERROR] Middleware:2969 - Invalid RefComponent liste
2026-02-22 16:22:57,548 [ERROR] Middleware:2969 - Invalid RefComponent liste
2026-02-22 16:22:57,548 [ERROR] Middleware:2969 - Invalid RefComponent liste
2026-02-22 16:22:57,548 [ERROR] Middleware:2969 - Invalid RefComponent liste
2026-02-22 16:22:57,548 [ERROR] Middleware:2969 - Invalid RefComponent liste
2026-02-22 16:22:57,548 [ERROR] Middleware:2969 - Invalid RefComponent liste
2026-02-22 16:22:57,548 [ERROR] Middleware:2969 - Invalid RefComponent liste
2026-02-22 16:22:57,548 [ERROR] Middleware:2969 - Invalid RefComponent liste
2026-02-22 16:22:57,548 [ERROR] Middleware:2969 - Invalid RefComponent liste
2026-02-22 16:22:57,548 [ERROR] Middleware:2969 - Invalid RefComponent liste
2026-02-22 16:22:57,548 [ERROR] Middleware:2969 - Invalid RefComponent liste
2026-02-22 16:22:57,548 [ERROR] Middleware:2969 - Invalid RefComponent liste
2026-02-22 16:22:57,548 [ERROR] Middleware:2969 - Invalid RefComponent liste
2026-02-22 16:22:57,548 [ERROR] Middleware:2969 - Invalid RefComponent liste
2026-02-22 16:22:57,548 [ERROR] Middleware:2969 - Invalid RefComponent liste
2026-02-22 16:22:57,548 [ERROR] Middleware:2969 - Invalid RefComponent liste
2026-02-22 16:22:57,548 [ERROR] Middleware:2969 - Invalid RefComponent liste
2026-02-22 16:22:57,548 [ERROR] Middleware:2969 - Invalid RefComponent liste
2026-02-22 16:22:57,548 [ERROR] Middleware:2969 - Invalid RefComponent liste
2026-02-22 16:22:57,548 [ERROR] Middleware:2969 - Invalid RefComponent liste
2026-02-22 16:22:57,548 [ERROR] Middleware:2969 - Invalid RefComponent liste
2026-02-22 16:22:57,548 [ERROR] Middleware:2969 - Invalid RefComponent liste
2026-02-22 16:22:57,548 [ERROR] Middleware:2969 - Invalid RefComponent liste
2026-02-22 16:22:57,548 [ERROR] Middleware:2969 - Invalid RefComponent liste
2026-02-22 16:22:57,548 [ERROR] Middleware:2969 - Invalid RefComponent liste
2026-02-22 16:22:57,548 [ERROR] Middleware:2969 - Invalid RefComponent liste
2026-02-22 16:22:57,548 [ERROR] Middleware:2969 - Invalid RefComponent liste
2026-02-22 16:22:57,548 [ERROR] Middleware:2969 - Invalid RefComponent liste
2026-02-22 16:22:57,548 [ERROR] Middleware:2969 - Invalid RefComponent liste
2026-02-22 16:22:57,548 [ERROR] Middleware:2969 - Invalid RefComponent liste
2026-02-22 16:22:57,548 [ERROR] Middleware:2969 - Invalid RefComponent liste
2026-02-22 16:22:57,548 [ERROR] Middleware:2969 - Invalid RefComponent liste
2026-02-22 16:22:57,548 [ERROR] Middleware:2969 - Invalid RefComponent liste
2026-02-22 16:22:57,548 [ERROR] Middleware:2969 - Invalid RefComponent liste
2026-02-22 16:22:57,548 [ERROR] Middleware:2969 - Invalid RefComponent liste
2026-02-22 16:22:57,548 [ERROR] Middleware:2969 - Invalid RefComponent liste
2026-02-22 16:22:57,548 [ERROR] Middleware:2969 - Invalid RefComponent liste
2026-02-22 16:22:57,548 [ERROR] Middleware:2969 - Invalid RefComponent liste
2026-02-22 16:22:57,548 [ERROR] Middleware:2969 - Invalid RefComponent liste
2026-02-22 16:22:57,548 [ERROR] Middleware:2969 - Invalid RefComponent liste
2026-02-22 16:22:57,548 [ERROR] Middleware:2969 - Invalid RefComponent liste
2026-02-22 16:22:57,548 [ERROR] Middleware:2969 - Invalid RefComponent liste
2026-02-22 16:22:57,548 [ERROR] Middleware:2969 - Invalid RefComponent liste
2026-02-22 16:22:57,548 [ERROR] Middleware:2969 - Invalid RefComponent liste
2026-02-22 16:22:57,548 [ERROR] Middleware:2969 - Invalid RefComponent liste
2026-02-22 16:22:57,548 [ERROR] Middleware:2969 - Invalid RefComponent liste
2026-02-22 16:22:57,548 [ERROR] Middleware:2969 - Invalid RefComponent liste
2026-02-22 16:22:57,548 [ERROR] Middleware:2969 - Invalid RefComponent liste
2026-02-22 16:22:57,548 [ERROR] Middleware:2969 - Invalid RefComponent liste
2026-02-22 16:22:57,548 [ERROR] Middleware:2969 - Invalid RefComponent liste
2026-02-22 16:22:57,548 [ERROR] Middleware:2969 - Invalid RefComponent liste
2026-02-22 16:22:57,548 [ERROR] Middleware:2969 - Invalid RefComponent liste
2026-02-22 16:22:57,548 [ERROR] Middleware:2969 - Invalid RefComponent liste
2026-02-22 16:22:57,548 [ERROR] Middleware:2969 - Invalid RefComponent liste
2026-02-22 16:22:57,548 [ERROR] Middleware:2969 - Invalid RefComponent liste
2026-02-22 16:22:57,548 [ERROR] Middleware:2969 - Invalid RefComponent liste
2026-02-22 16:22:57,548 [ERROR] Middleware:2969 - Invalid RefComponent liste
2026-02-22 16:22:57,548 [ERROR] Middleware:2969 - Invalid RefComponent liste
2026-02-22 16:22:57,548 [ERROR] Middleware:2969 - Invalid RefComponent liste
2026-02-22 16:22:57,548 [ERROR] Middleware:2969 - Invalid RefComponent liste
2026-02-22 16:22:57,548 [ERROR] Middleware:2969 - Invalid RefComponent liste
2026-02-22 16:22:57,566 [INFO] ProjectBuilder:4736 - Project Generator version: 4.3.0-B58
2026-02-22 16:22:57,646 [INFO] ConfigFileManager:1503 - The Die is : DIE431
2026-02-22 16:23:00,734 [INFO] ProjectBuilder:5002 - Time for Generating toolchain IDE Files: 3168mS.
2026-02-22 16:23:00,736 [INFO] ProjectBuilder:3034 - Time for Copy CMSIS : 1mS.
2026-02-22 16:23:00,748 [INFO] ProjectBuilder:3034 - Time for Copy CMSIS : 0mS.
2026-02-22 18:39:08,959 [INFO] UtilMem:75 - End SaveConfig() Used Memory: 854537840 Bytes (1073741824)
2026-02-22 18:39:09,884 [INFO] UtilMem:75 - End SaveConfig() Used Memory: 905331392 Bytes (1073741824)
2026-02-22 18:39:10,125 [INFO] BlockDiagram:2759 - set Specific Code input for plugin: SPI
2026-02-22 18:39:10,125 [INFO] BlockDiagram:2759 - set Specific Code input for plugin: SPI
2026-02-22 18:39:10,125 [INFO] BlockDiagram:2759 - set Specific Code input for plugin: NVIC
2026-02-22 18:39:10,125 [INFO] BlockDiagram:2759 - set Specific Code input for plugin: DMA
2026-02-22 18:39:10,125 [INFO] BlockDiagram:2759 - set Specific Code input for plugin: STMicroelectronics.X-CUBE-TOUCHGFX.4.26.0
2026-02-22 18:39:10,125 [INFO] BlockDiagram:2759 - set Specific Code input for plugin: TIM1_8
2026-02-22 18:39:10,125 [INFO] BlockDiagram:2759 - set Specific Code input for plugin: SYS
2026-02-22 18:39:10,125 [INFO] BlockDiagram:2759 - set Specific Code input for plugin: GPIO
2026-02-22 18:39:10,125 [INFO] BlockDiagram:2759 - set Specific Code input for plugin: RCC
2026-02-22 18:39:10,125 [INFO] BlockDiagram:2759 - set Specific Code input for plugin: CRC
2026-02-22 18:39:10,127 [WARN] IP:2120 - tgfx_framebuffer_stride_value_custom not found: check if there is a RefParameter without a condition.
2026-02-22 18:39:10,131 [INFO] CodeGenerator:807 - code generatio: config db path: D:\Documentos\Electronica\Nueva carpeta\STM32CubeIDE_1.15.0\STM32CubeIDE\plugins\com.st.stm32cube.common.mx_6.11.0.202403141607\\db\
2026-02-22 18:39:10,142 [INFO] Argument:325 - Argument : hdmavalue: null
2026-02-22 18:39:10,142 [INFO] Argument:327 - 	 sub Args: 
2026-02-22 18:39:10,142 [INFO] Argument:325 - Argument : Instancevalue: DMA2_Stream2
2026-02-22 18:39:10,142 [INFO] Argument:335 - Argument : Instancevalue: DMA2_Stream2
2026-02-22 18:39:10,142 [INFO] Argument:325 - Argument : Initvalue: null
2026-02-22 18:39:10,142 [INFO] Argument:327 - 	 sub Args: 
2026-02-22 18:39:10,142 [INFO] Argument:325 - Argument : Channelvalue: DMA_CHANNEL_2
2026-02-22 18:39:10,142 [INFO] Argument:335 - Argument : Channelvalue: DMA_CHANNEL_2
2026-02-22 18:39:10,142 [INFO] Argument:325 - Argument : Directionvalue: DMA_MEMORY_TO_PERIPH
2026-02-22 18:39:10,142 [INFO] Argument:335 - Argument : Directionvalue: DMA_MEMORY_TO_PERIPH
2026-02-22 18:39:10,142 [INFO] Argument:325 - Argument : PeriphIncvalue: DMA_PINC_DISABLE
2026-02-22 18:39:10,142 [INFO] Argument:335 - Argument : PeriphIncvalue: DMA_PINC_DISABLE
2026-02-22 18:39:10,143 [INFO] Argument:325 - Argument : MemIncvalue: DMA_MINC_ENABLE
2026-02-22 18:39:10,143 [INFO] Argument:335 - Argument : MemIncvalue: DMA_MINC_ENABLE
2026-02-22 18:39:10,143 [INFO] Argument:325 - Argument : PeriphDataAlignmentvalue: DMA_PDATAALIGN_BYTE
2026-02-22 18:39:10,143 [INFO] Argument:335 - Argument : PeriphDataAlignmentvalue: DMA_PDATAALIGN_BYTE
2026-02-22 18:39:10,143 [INFO] Argument:325 - Argument : MemDataAlignmentvalue: DMA_MDATAALIGN_BYTE
2026-02-22 18:39:10,143 [INFO] Argument:335 - Argument : MemDataAlignmentvalue: DMA_MDATAALIGN_BYTE
2026-02-22 18:39:10,143 [INFO] Argument:325 - Argument : Modevalue: DMA_NORMAL
2026-02-22 18:39:10,143 [INFO] Argument:335 - Argument : Modevalue: DMA_NORMAL
2026-02-22 18:39:10,143 [INFO] Argument:325 - Argument : Priorityvalue: DMA_PRIORITY_LOW
2026-02-22 18:39:10,143 [INFO] Argument:335 - Argument : Priorityvalue: DMA_PRIORITY_LOW
2026-02-22 18:39:10,143 [INFO] Argument:325 - Argument : FIFOModevalue: DMA_FIFOMODE_ENABLE
2026-02-22 18:39:10,143 [INFO] Argument:335 - Argument : FIFOModevalue: DMA_FIFOMODE_ENABLE
2026-02-22 18:39:10,143 [INFO] Argument:325 - Argument : FIFOThresholdvalue: DMA_FIFO_THRESHOLD_FULL
2026-02-22 18:39:10,143 [INFO] Argument:335 - Argument : FIFOThresholdvalue: DMA_FIFO_THRESHOLD_FULL
2026-02-22 18:39:10,143 [INFO] Argument:325 - Argument : MemBurstvalue: DMA_MBURST_SINGLE
2026-02-22 18:39:10,143 [INFO] Argument:335 - Argument : MemBurstvalue: DMA_MBURST_SINGLE
2026-02-22 18:39:10,143 [INFO] Argument:325 - Argument : PeriphBurstvalue: DMA_PBURST_SINGLE
2026-02-22 18:39:10,143 [INFO] Argument:335 - Argument : PeriphBurstvalue: DMA_PBURST_SINGLE
2026-02-22 18:39:10,143 [INFO] Argument:325 - Argument : Lockvalue: null
2026-02-22 18:39:10,143 [INFO] Argument:335 - Argument : Lockvalue: null
2026-02-22 18:39:10,143 [INFO] Argument:325 - Argument : Statevalue: null
2026-02-22 18:39:10,143 [INFO] Argument:335 - Argument : Statevalue: null
2026-02-22 18:39:10,143 [INFO] Argument:325 - Argument : Parentvalue: null
2026-02-22 18:39:10,143 [INFO] Argument:335 - Argument : Parentvalue: null
2026-02-22 18:39:10,143 [INFO] Argument:325 - Argument : XferCpltCallbackvalue: null
2026-02-22 18:39:10,143 [INFO] Argument:335 - Argument : XferCpltCallbackvalue: null
2026-02-22 18:39:10,143 [INFO] Argument:325 - Argument : XferHalfCpltCallbackvalue: null
2026-02-22 18:39:10,143 [INFO] Argument:335 - Argument : XferHalfCpltCallbackvalue: null
2026-02-22 18:39:10,143 [INFO] Argument:325 - Argument : XferM1CpltCallbackvalue: null
2026-02-22 18:39:10,143 [INFO] Argument:335 - Argument : XferM1CpltCallbackvalue: null
2026-02-22 18:39:10,143 [INFO] Argument:325 - Argument : XferErrorCallbackvalue: null
2026-02-22 18:39:10,143 [INFO] Argument:335 - Argument : XferErrorCallbackvalue: null
2026-02-22 18:39:10,143 [INFO] Argument:325 - Argument : ErrorCodevalue: null
2026-02-22 18:39:10,143 [INFO] Argument:335 - Argument : ErrorCodevalue: null
2026-02-22 18:39:10,146 [WARN] IP:2120 - tgfx_framebuffer_stride_value_custom not found: check if there is a RefParameter without a condition.
2026-02-22 18:39:10,205 [INFO] IP:3348 - RTE Config file name : RTE_Component
2026-02-22 18:39:10,205 [INFO] IP:3366 - RTE template : RTE_Components.ftl
2026-02-22 18:39:10,217 [INFO] CodeEngine:255 - oldGeneratedFile, C:\git\VehiculoTT\HMITT\MXTmpFiles\license.tmp_save
2026-02-22 18:39:10,361 [INFO] CodeEngine:279 - Generated code: C:\git\VehiculoTT\HMITT\MXTmpFiles\license.tmp
2026-02-22 18:39:10,390 [INFO] CodeEngine:255 - oldGeneratedFile, C:\git\VehiculoTT\HMITT\MXTmpFiles\gpio.tmp_save
2026-02-22 18:39:10,498 [INFO] CodeEngine:279 - Generated code: C:\git\VehiculoTT\HMITT\MXTmpFiles\gpio.tmp
2026-02-22 18:39:10,600 [INFO] Middleware:1439 - No code input for Bsp Dependency
2026-02-22 18:39:10,601 [INFO] IP:3348 - RTE Config file name : RTE_Component
2026-02-22 18:39:10,601 [INFO] IP:3366 - RTE template : RTE_Components.ftl
2026-02-22 18:39:10,613 [INFO] CodeEngine:255 - oldGeneratedFile, C:\git\VehiculoTT\HMITT\MXTmpFiles\SCB_CleanInvalidateDCache.tmp_save
2026-02-22 18:39:10,685 [INFO] CodeEngine:279 - Generated code: C:\git\VehiculoTT\HMITT\MXTmpFiles\SCB_CleanInvalidateDCache.tmp
2026-02-22 18:39:10,693 [INFO] CodeEngine:255 - oldGeneratedFile, C:\git\VehiculoTT\HMITT\MXTmpFiles\SCB_InvalidateDCache.tmp_save
2026-02-22 18:39:10,748 [INFO] CodeEngine:279 - Generated code: C:\git\VehiculoTT\HMITT\MXTmpFiles\SCB_InvalidateDCache.tmp
2026-02-22 18:39:10,755 [INFO] CodeEngine:255 - oldGeneratedFile, C:\git\VehiculoTT\HMITT\MXTmpFiles\touchgfx_license.tmp_save
2026-02-22 18:39:10,828 [INFO] CodeEngine:279 - Generated code: C:\git\VehiculoTT\HMITT\MXTmpFiles\touchgfx_license.tmp
2026-02-22 18:39:10,835 [INFO] CodeEngine:255 - oldGeneratedFile, C:\git\VehiculoTT\HMITT\MXTmpFiles\touchgfx_gen_license.tmp_save
2026-02-22 18:39:10,909 [INFO] CodeEngine:279 - Generated code: C:\git\VehiculoTT\HMITT\MXTmpFiles\touchgfx_gen_license.tmp
2026-02-22 18:39:10,916 [INFO] CodeEngine:255 - oldGeneratedFile, C:\git\VehiculoTT\HMITT\MXTmpFiles\oswrappers_noos.tmp_save
2026-02-22 18:39:11,006 [INFO] CodeEngine:279 - Generated code: C:\git\VehiculoTT\HMITT\MXTmpFiles\oswrappers_noos.tmp
2026-02-22 18:39:11,024 [INFO] CodeEngine:255 - oldGeneratedFile, C:\git\VehiculoTT\HMITT\MXTmpFiles\dma.tmp_save
2026-02-22 18:39:11,100 [INFO] CodeEngine:279 - Generated code: C:\git\VehiculoTT\HMITT\MXTmpFiles\dma.tmp
2026-02-22 18:39:11,106 [INFO] CodeEngine:255 - oldGeneratedFile, C:\git\VehiculoTT\HMITT\MXTmpFiles\dma_GV.tmp_save
2026-02-22 18:39:11,162 [INFO] CodeEngine:279 - Generated code: C:\git\VehiculoTT\HMITT\MXTmpFiles\dma_GV.tmp
2026-02-22 18:39:11,169 [INFO] Middleware:1439 - No code input for Bsp Dependency
2026-02-22 18:39:11,169 [INFO] IP:3348 - RTE Config file name : RTE_Component
2026-02-22 18:39:11,169 [INFO] IP:3366 - RTE template : RTE_Components.ftl
2026-02-22 18:39:11,182 [INFO] CodeEngine:255 - oldGeneratedFile, C:\git\VehiculoTT\HMITT\MXTmpFiles\SCB_CleanInvalidateDCache.tmp_save
2026-02-22 18:39:11,245 [INFO] CodeEngine:279 - Generated code: C:\git\VehiculoTT\HMITT\MXTmpFiles\SCB_CleanInvalidateDCache.tmp
2026-02-22 18:39:11,255 [INFO] CodeEngine:255 - oldGeneratedFile, C:\git\VehiculoTT\HMITT\MXTmpFiles\SCB_InvalidateDCache.tmp_save
2026-02-22 18:39:11,307 [INFO] CodeEngine:279 - Generated code: C:\git\VehiculoTT\HMITT\MXTmpFiles\SCB_InvalidateDCache.tmp
2026-02-22 18:39:11,316 [INFO] CodeEngine:255 - oldGeneratedFile, C:\git\VehiculoTT\HMITT\MXTmpFiles\touchgfx_license.tmp_save
2026-02-22 18:39:11,373 [INFO] CodeEngine:279 - Generated code: C:\git\VehiculoTT\HMITT\MXTmpFiles\touchgfx_license.tmp
2026-02-22 18:39:11,382 [INFO] CodeEngine:255 - oldGeneratedFile, C:\git\VehiculoTT\HMITT\MXTmpFiles\touchgfx_gen_license.tmp_save
2026-02-22 18:39:11,436 [INFO] CodeEngine:279 - Generated code: C:\git\VehiculoTT\HMITT\MXTmpFiles\touchgfx_gen_license.tmp
2026-02-22 18:39:11,446 [INFO] CodeEngine:255 - oldGeneratedFile, C:\git\VehiculoTT\HMITT\MXTmpFiles\oswrappers_noos.tmp_save
2026-02-22 18:39:11,500 [INFO] CodeEngine:279 - Generated code: C:\git\VehiculoTT\HMITT\MXTmpFiles\oswrappers_noos.tmp
2026-02-22 18:39:11,518 [INFO] CodeEngine:255 - oldGeneratedFile, C:\git\VehiculoTT\HMITT\TouchGFX\App\app_touchgfx.h_save
2026-02-22 18:39:11,583 [INFO] CodeEngine:279 - Generated code: C:\git\VehiculoTT\HMITT\TouchGFX\App\app_touchgfx.h
2026-02-22 18:39:11,601 [INFO] CodeEngine:255 - oldGeneratedFile, C:\git\VehiculoTT\HMITT\TouchGFX\ApplicationTemplate.touchgfx.part_save
2026-02-22 18:39:11,678 [INFO] CodeEngine:279 - Generated code: C:\git\VehiculoTT\HMITT\TouchGFX\ApplicationTemplate.touchgfx.part
2026-02-22 18:39:11,697 [INFO] CodeEngine:255 - oldGeneratedFile, C:\git\VehiculoTT\HMITT\TouchGFX\target\generated\TouchGFXConfiguration.cpp_save
2026-02-22 18:39:11,776 [INFO] CodeEngine:279 - Generated code: C:\git\VehiculoTT\HMITT\TouchGFX\target\generated\TouchGFXConfiguration.cpp
2026-02-22 18:39:11,795 [INFO] CodeEngine:255 - oldGeneratedFile, C:\git\VehiculoTT\HMITT\TouchGFX\target\generated\TouchGFXGeneratedHAL.hpp_save
2026-02-22 18:39:11,862 [INFO] CodeEngine:279 - Generated code: C:\git\VehiculoTT\HMITT\TouchGFX\target\generated\TouchGFXGeneratedHAL.hpp
2026-02-22 18:39:11,882 [INFO] CodeEngine:255 - oldGeneratedFile, C:\git\VehiculoTT\HMITT\TouchGFX\target\generated\TouchGFXGeneratedHAL.cpp_save
2026-02-22 18:39:11,959 [INFO] CodeEngine:279 - Generated code: C:\git\VehiculoTT\HMITT\TouchGFX\target\generated\TouchGFXGeneratedHAL.cpp
2026-02-22 18:39:11,979 [INFO] CodeEngine:255 - oldGeneratedFile, C:\git\VehiculoTT\HMITT\TouchGFX\target\TouchGFXHAL.hpp_save
2026-02-22 18:39:12,057 [INFO] CodeEngine:279 - Generated code: C:\git\VehiculoTT\HMITT\TouchGFX\target\TouchGFXHAL.hpp
2026-02-22 18:39:12,077 [INFO] CodeEngine:255 - oldGeneratedFile, C:\git\VehiculoTT\HMITT\TouchGFX\target\TouchGFXHAL.cpp_save
2026-02-22 18:39:12,155 [INFO] CodeEngine:279 - Generated code: C:\git\VehiculoTT\HMITT\TouchGFX\target\TouchGFXHAL.cpp
2026-02-22 18:39:12,174 [INFO] CodeEngine:255 - oldGeneratedFile, C:\git\VehiculoTT\HMITT\TouchGFX\target\STM32TouchController.hpp_save
2026-02-22 18:39:12,256 [INFO] CodeEngine:279 - Generated code: C:\git\VehiculoTT\HMITT\TouchGFX\target\STM32TouchController.hpp
2026-02-22 18:39:12,275 [INFO] CodeEngine:255 - oldGeneratedFile, C:\git\VehiculoTT\HMITT\TouchGFX\target\STM32TouchController.cpp_save
2026-02-22 18:39:12,350 [INFO] CodeEngine:279 - Generated code: C:\git\VehiculoTT\HMITT\TouchGFX\target\STM32TouchController.cpp
2026-02-22 18:39:12,360 [INFO] CodeEngine:255 - oldGeneratedFile, C:\git\VehiculoTT\HMITT\TouchGFX\target\generated\STM32DMA.hpp_save
2026-02-22 18:39:12,435 [INFO] CodeEngine:279 - Generated code: C:\git\VehiculoTT\HMITT\TouchGFX\target\generated\STM32DMA.hpp
2026-02-22 18:39:12,453 [INFO] CodeEngine:255 - oldGeneratedFile, C:\git\VehiculoTT\HMITT\TouchGFX\target\generated\STM32DMA.cpp_save
2026-02-22 18:39:12,529 [INFO] CodeEngine:279 - Generated code: C:\git\VehiculoTT\HMITT\TouchGFX\target\generated\STM32DMA.cpp
2026-02-22 18:39:12,548 [INFO] CodeEngine:255 - oldGeneratedFile, C:\git\VehiculoTT\HMITT\TouchGFX\target\generated\OSWrappers.cpp_save
2026-02-22 18:39:12,639 [INFO] CodeEngine:279 - Generated code: C:\git\VehiculoTT\HMITT\TouchGFX\target\generated\OSWrappers.cpp
2026-02-22 18:39:12,658 [INFO] CodeEngine:255 - oldGeneratedFile, C:\git\VehiculoTT\HMITT\TouchGFX\target\TouchGFXGPIO.cpp_save
2026-02-22 18:39:12,740 [INFO] CodeEngine:279 - Generated code: C:\git\VehiculoTT\HMITT\TouchGFX\target\TouchGFXGPIO.cpp
2026-02-22 18:39:12,760 [INFO] CodeEngine:255 - oldGeneratedFile, C:\git\VehiculoTT\HMITT\TouchGFX\App\app_touchgfx.c_save
2026-02-22 18:39:12,849 [INFO] CodeEngine:279 - Generated code: C:\git\VehiculoTT\HMITT\TouchGFX\App\app_touchgfx.c
2026-02-22 18:39:12,888 [INFO] CodeEngine:255 - oldGeneratedFile, C:\git\VehiculoTT\HMITT\Core\Src\stm32f4xx_it.c_save
2026-02-22 18:39:13,062 [INFO] CodeEngine:279 - Generated code: C:\git\VehiculoTT\HMITT\Core\Src\stm32f4xx_it.c
2026-02-22 18:39:13,080 [INFO] CodeEngine:255 - oldGeneratedFile, C:\git\VehiculoTT\HMITT\Core\Inc\stm32f4xx_it.h_save
2026-02-22 18:39:13,159 [INFO] CodeEngine:279 - Generated code: C:\git\VehiculoTT\HMITT\Core\Inc\stm32f4xx_it.h
2026-02-22 18:39:13,164 [INFO] IP:3348 - RTE Config file name : RTE_Component
2026-02-22 18:39:13,164 [INFO] IP:3366 - RTE template : RTE_Components.ftl
2026-02-22 18:39:13,164 [INFO] CodeGenerator:2119 - Add RTE Code Input 
2026-02-22 18:39:13,184 [INFO] CodeEngine:255 - oldGeneratedFile, C:\git\VehiculoTT\HMITT\Core\Inc\RTE_Components.h_save
2026-02-22 18:39:13,265 [INFO] CodeEngine:279 - Generated code: C:\git\VehiculoTT\HMITT\Core\Inc\RTE_Components.h
2026-02-22 18:39:13,293 [INFO] CodeEngine:255 - oldGeneratedFile, C:\git\VehiculoTT\HMITT\Core\Src\stm32f4xx_hal_msp.c_save
2026-02-22 18:39:13,408 [INFO] CodeEngine:279 - Generated code: C:\git\VehiculoTT\HMITT\Core\Src\stm32f4xx_hal_msp.c
2026-02-22 18:39:13,414 [INFO] CodeEngine:255 - oldGeneratedFile, C:\git\VehiculoTT\HMITT\MXTmpFiles\system.tmp_save
2026-02-22 18:39:13,476 [INFO] CodeEngine:279 - Generated code: C:\git\VehiculoTT\HMITT\MXTmpFiles\system.tmp
2026-02-22 18:39:13,501 [INFO] CodeEngine:311 - oldGeneratedFile, C:\git\VehiculoTT\HMITT\Core\Inc\stm32f4xx_hal_conf.h_save
2026-02-22 18:39:13,597 [INFO] CodeEngine:335 - Generated code: C:\git\VehiculoTT\HMITT\Core\Inc\stm32f4xx_hal_conf.h
2026-02-22 18:39:13,625 [WARN] IPConfigManager:3513 - IP not found : TIM
2026-02-22 18:39:13,625 [WARN] CodeGenerator:3951 - IP not found : null
2026-02-22 18:39:13,646 [INFO] CodeEngine:255 - oldGeneratedFile, C:\git\VehiculoTT\HMITT\Core\Inc\main.h_save
2026-02-22 18:39:13,740 [INFO] CodeEngine:279 - Generated code: C:\git\VehiculoTT\HMITT\Core\Inc\main.h
2026-02-22 18:39:13,761 [INFO] CodeEngine:255 - oldGeneratedFile, C:\git\VehiculoTT\HMITT\Core\Src\main.c_save
2026-02-22 18:39:13,896 [INFO] CodeEngine:279 - Generated code: C:\git\VehiculoTT\HMITT\Core\Src\main.c
2026-02-22 18:39:14,553 [INFO] ProjectBuilder:3163 - Time for Copy HAL[1] : 401mS.
2026-02-22 18:39:14,553 [ERROR] Middleware:2969 - Invalid RefComponent liste
2026-02-22 18:39:14,553 [ERROR] Middleware:2969 - Invalid RefComponent liste
2026-02-22 18:39:14,553 [ERROR] Middleware:2969 - Invalid RefComponent liste
2026-02-22 18:39:14,553 [ERROR] Middleware:2969 - Invalid RefComponent liste
2026-02-22 18:39:14,553 [ERROR] Middleware:2969 - Invalid RefComponent liste
2026-02-22 18:39:14,554 [ERROR] Middleware:2969 - Invalid RefComponent liste
2026-02-22 18:39:14,554 [ERROR] Middleware:2969 - Invalid RefComponent liste
2026-02-22 18:39:14,554 [ERROR] Middleware:2969 - Invalid RefComponent liste
2026-02-22 18:39:14,554 [ERROR] Middleware:2969 - Invalid RefComponent liste
2026-02-22 18:39:14,554 [ERROR] Middleware:2969 - Invalid RefComponent liste
2026-02-22 18:39:14,554 [ERROR] Middleware:2969 - Invalid RefComponent liste
2026-02-22 18:39:14,554 [ERROR] Middleware:2969 - Invalid RefComponent liste
2026-02-22 18:39:14,554 [ERROR] Middleware:2969 - Invalid RefComponent liste
2026-02-22 18:39:14,554 [ERROR] Middleware:2969 - Invalid RefComponent liste
2026-02-22 18:39:14,554 [ERROR] Middleware:2969 - Invalid RefComponent liste
2026-02-22 18:39:14,554 [ERROR] Middleware:2969 - Invalid RefComponent liste
2026-02-22 18:39:14,554 [ERROR] Middleware:2969 - Invalid RefComponent liste
2026-02-22 18:39:14,554 [ERROR] Middleware:2969 - Invalid RefComponent liste
2026-02-22 18:39:14,554 [ERROR] Middleware:2969 - Invalid RefComponent liste
2026-02-22 18:39:14,554 [ERROR] Middleware:2969 - Invalid RefComponent liste
2026-02-22 18:39:14,554 [ERROR] Middleware:2969 - Invalid RefComponent liste
2026-02-22 18:39:14,554 [ERROR] Middleware:2969 - Invalid RefComponent liste
2026-02-22 18:39:14,554 [ERROR] Middleware:2969 - Invalid RefComponent liste
2026-02-22 18:39:14,554 [ERROR] Middleware:2969 - Invalid RefComponent liste
2026-02-22 18:39:14,554 [ERROR] Middleware:2969 - Invalid RefComponent liste
2026-02-22 18:39:14,554 [ERROR] Middleware:2969 - Invalid RefComponent liste
2026-02-22 18:39:14,554 [ERROR] Middleware:2969 - Invalid RefComponent liste
2026-02-22 18:39:14,554 [ERROR] Middleware:2969 - Invalid RefComponent liste
2026-02-22 18:39:14,554 [ERROR] Middleware:2969 - Invalid RefComponent liste
2026-02-22 18:39:14,554 [ERROR] Middleware:2969 - Invalid RefComponent liste
2026-02-22 18:39:14,554 [ERROR] Middleware:2969 - Invalid RefComponent liste
2026-02-22 18:39:14,554 [ERROR] Middleware:2969 - Invalid RefComponent liste
2026-02-22 18:39:14,554 [ERROR] Middleware:2969 - Invalid RefComponent liste
2026-02-22 18:39:14,554 [ERROR] Middleware:2969 - Invalid RefComponent liste
2026-02-22 18:39:14,554 [ERROR] Middleware:2969 - Invalid RefComponent liste
2026-02-22 18:39:14,554 [ERROR] Middleware:2969 - Invalid RefComponent liste
2026-02-22 18:39:14,554 [ERROR] Middleware:2969 - Invalid RefComponent liste
2026-02-22 18:39:14,554 [ERROR] Middleware:2969 - Invalid RefComponent liste
2026-02-22 18:39:14,554 [ERROR] Middleware:2969 - Invalid RefComponent liste
2026-02-22 18:39:14,554 [ERROR] Middleware:2969 - Invalid RefComponent liste
2026-02-22 18:39:14,554 [ERROR] Middleware:2969 - Invalid RefComponent liste
2026-02-22 18:39:14,554 [ERROR] Middleware:2969 - Invalid RefComponent liste
2026-02-22 18:39:14,554 [ERROR] Middleware:2969 - Invalid RefComponent liste
2026-02-22 18:39:14,554 [ERROR] Middleware:2969 - Invalid RefComponent liste
2026-02-22 18:39:14,555 [ERROR] Middleware:2969 - Invalid RefComponent liste
2026-02-22 18:39:14,555 [ERROR] Middleware:2969 - Invalid RefComponent liste
2026-02-22 18:39:14,555 [ERROR] Middleware:2969 - Invalid RefComponent liste
2026-02-22 18:39:14,555 [ERROR] Middleware:2969 - Invalid RefComponent liste
2026-02-22 18:39:14,555 [ERROR] Middleware:2969 - Invalid RefComponent liste
2026-02-22 18:39:14,555 [ERROR] Middleware:2969 - Invalid RefComponent liste
2026-02-22 18:39:14,555 [ERROR] Middleware:2969 - Invalid RefComponent liste
2026-02-22 18:39:14,555 [ERROR] Middleware:2969 - Invalid RefComponent liste
2026-02-22 18:39:14,555 [ERROR] Middleware:2969 - Invalid RefComponent liste
2026-02-22 18:39:14,555 [ERROR] Middleware:2969 - Invalid RefComponent liste
2026-02-22 18:39:14,555 [ERROR] Middleware:2969 - Invalid RefComponent liste
2026-02-22 18:39:14,555 [ERROR] Middleware:2969 - Invalid RefComponent liste
2026-02-22 18:39:14,555 [ERROR] Middleware:2969 - Invalid RefComponent liste
2026-02-22 18:39:14,555 [ERROR] Middleware:2969 - Invalid RefComponent liste
2026-02-22 18:39:14,555 [ERROR] Middleware:2969 - Invalid RefComponent liste
2026-02-22 18:39:14,555 [ERROR] Middleware:2969 - Invalid RefComponent liste
2026-02-22 18:39:14,555 [ERROR] Middleware:2969 - Invalid RefComponent liste
2026-02-22 18:39:14,555 [ERROR] Middleware:2969 - Invalid RefComponent liste
2026-02-22 18:39:14,555 [ERROR] Middleware:2969 - Invalid RefComponent liste
2026-02-22 18:39:14,555 [ERROR] Middleware:2969 - Invalid RefComponent liste
2026-02-22 18:39:14,555 [ERROR] Middleware:2969 - Invalid RefComponent liste
2026-02-22 18:39:14,555 [ERROR] Middleware:2969 - Invalid RefComponent liste
2026-02-22 18:39:14,555 [ERROR] Middleware:2969 - Invalid RefComponent liste
2026-02-22 18:39:14,555 [ERROR] Middleware:2969 - Invalid RefComponent liste
2026-02-22 18:39:14,555 [ERROR] Middleware:2969 - Invalid RefComponent liste
2026-02-22 18:39:14,555 [ERROR] Middleware:2969 - Invalid RefComponent liste
2026-02-22 18:39:14,555 [ERROR] Middleware:2969 - Invalid RefComponent liste
2026-02-22 18:39:14,555 [ERROR] Middleware:2969 - Invalid RefComponent liste
2026-02-22 18:39:14,555 [ERROR] Middleware:2969 - Invalid RefComponent liste
2026-02-22 18:39:14,555 [ERROR] Middleware:2969 - Invalid RefComponent liste
2026-02-22 18:39:14,555 [ERROR] Middleware:2969 - Invalid RefComponent liste
2026-02-22 18:39:14,555 [ERROR] Middleware:2969 - Invalid RefComponent liste
2026-02-22 18:39:14,555 [ERROR] Middleware:2969 - Invalid RefComponent liste
2026-02-22 18:39:14,555 [ERROR] Middleware:2969 - Invalid RefComponent liste
2026-02-22 18:39:14,555 [ERROR] Middleware:2969 - Invalid RefComponent liste
2026-02-22 18:39:14,555 [ERROR] Middleware:2969 - Invalid RefComponent liste
2026-02-22 18:39:14,555 [ERROR] Middleware:2969 - Invalid RefComponent liste
2026-02-22 18:39:14,555 [ERROR] Middleware:2969 - Invalid RefComponent liste
2026-02-22 18:39:14,555 [ERROR] Middleware:2969 - Invalid RefComponent liste
2026-02-22 18:39:14,555 [ERROR] Middleware:2969 - Invalid RefComponent liste
2026-02-22 18:39:14,555 [ERROR] Middleware:2969 - Invalid RefComponent liste
2026-02-22 18:39:14,556 [ERROR] Middleware:2969 - Invalid RefComponent liste
2026-02-22 18:39:14,556 [ERROR] Middleware:2969 - Invalid RefComponent liste
2026-02-22 18:39:14,556 [ERROR] Middleware:2969 - Invalid RefComponent liste
2026-02-22 18:39:14,556 [ERROR] Middleware:2969 - Invalid RefComponent liste
2026-02-22 18:39:14,556 [ERROR] Middleware:2969 - Invalid RefComponent liste
2026-02-22 18:39:14,556 [ERROR] Middleware:2969 - Invalid RefComponent liste
2026-02-22 18:39:14,556 [ERROR] Middleware:2969 - Invalid RefComponent liste
2026-02-22 18:39:14,556 [ERROR] Middleware:2969 - Invalid RefComponent liste
2026-02-22 18:39:14,556 [ERROR] Middleware:2969 - Invalid RefComponent liste
2026-02-22 18:39:14,556 [ERROR] Middleware:2969 - Invalid RefComponent liste
2026-02-22 18:39:14,556 [ERROR] Middleware:2969 - Invalid RefComponent liste
2026-02-22 18:39:14,556 [ERROR] Middleware:2969 - Invalid RefComponent liste
2026-02-22 18:39:14,556 [ERROR] Middleware:2969 - Invalid RefComponent liste
2026-02-22 18:39:14,556 [ERROR] Middleware:2969 - Invalid RefComponent liste
2026-02-22 18:39:14,556 [ERROR] Middleware:2969 - Invalid RefComponent liste
2026-02-22 18:39:14,556 [ERROR] Middleware:2969 - Invalid RefComponent liste
2026-02-22 18:39:14,556 [ERROR] Middleware:2969 - Invalid RefComponent liste
2026-02-22 18:39:14,570 [INFO] ProjectBuilder:4736 - Project Generator version: 4.3.0-B58
2026-02-22 18:39:14,636 [INFO] ConfigFileManager:1503 - The Die is : DIE431
2026-02-22 18:39:16,733 [INFO] ProjectBuilder:5002 - Time for Generating toolchain IDE Files: 2163mS.
2026-02-22 18:39:16,735 [INFO] ProjectBuilder:3034 - Time for Copy CMSIS : 1mS.
2026-02-22 18:39:16,937 [INFO] ProjectBuilder:3034 - Time for Copy CMSIS : 0mS.
2026-02-22 19:04:28,979 [WARN] IP:2120 - tgfx_framebuffer_stride_value_custom not found: check if there is a RefParameter without a condition.
2026-02-22 19:04:34,587 [WARN] IP:2120 - tgfx_framebuffer_stride_value_custom not found: check if there is a RefParameter without a condition.
2026-02-22 19:05:06,564 [INFO] UtilMem:75 - End SaveConfig() Used Memory: 819460960 Bytes (1073741824)
2026-02-22 19:05:10,355 [INFO] UtilMem:75 - End SaveConfig() Used Memory: 841629272 Bytes (1073741824)
2026-02-22 19:05:11,104 [INFO] UtilMem:75 - End SaveConfig() Used Memory: 895480672 Bytes (1073741824)
2026-02-22 19:05:11,288 [INFO] BlockDiagram:2759 - set Specific Code input for plugin: SPI
2026-02-22 19:05:11,288 [INFO] BlockDiagram:2759 - set Specific Code input for plugin: SPI
2026-02-22 19:05:11,288 [INFO] BlockDiagram:2759 - set Specific Code input for plugin: NVIC
2026-02-22 19:05:11,288 [INFO] BlockDiagram:2759 - set Specific Code input for plugin: DMA
2026-02-22 19:05:11,288 [INFO] BlockDiagram:2759 - set Specific Code input for plugin: STMicroelectronics.X-CUBE-TOUCHGFX.4.26.0
2026-02-22 19:05:11,288 [INFO] BlockDiagram:2759 - set Specific Code input for plugin: TIM1_8
2026-02-22 19:05:11,288 [INFO] BlockDiagram:2759 - set Specific Code input for plugin: SYS
2026-02-22 19:05:11,289 [INFO] BlockDiagram:2759 - set Specific Code input for plugin: GPIO
2026-02-22 19:05:11,289 [INFO] BlockDiagram:2759 - set Specific Code input for plugin: RCC
2026-02-22 19:05:11,289 [INFO] BlockDiagram:2759 - set Specific Code input for plugin: CRC
2026-02-22 19:05:11,295 [WARN] IP:2120 - tgfx_framebuffer_stride_value_custom not found: check if there is a RefParameter without a condition.
2026-02-22 19:05:11,299 [INFO] CodeGenerator:807 - code generatio: config db path: D:\Documentos\Electronica\Nueva carpeta\STM32CubeIDE_1.15.0\STM32CubeIDE\plugins\com.st.stm32cube.common.mx_6.11.0.202403141607\\db\
2026-02-22 19:05:11,305 [INFO] Argument:325 - Argument : hdmavalue: null
2026-02-22 19:05:11,305 [INFO] Argument:327 - 	 sub Args: 
2026-02-22 19:05:11,305 [INFO] Argument:325 - Argument : Instancevalue: DMA2_Stream2
2026-02-22 19:05:11,305 [INFO] Argument:335 - Argument : Instancevalue: DMA2_Stream2
2026-02-22 19:05:11,305 [INFO] Argument:325 - Argument : Initvalue: null
2026-02-22 19:05:11,305 [INFO] Argument:327 - 	 sub Args: 
2026-02-22 19:05:11,305 [INFO] Argument:325 - Argument : Channelvalue: DMA_CHANNEL_2
2026-02-22 19:05:11,305 [INFO] Argument:335 - Argument : Channelvalue: DMA_CHANNEL_2
2026-02-22 19:05:11,305 [INFO] Argument:325 - Argument : Directionvalue: DMA_MEMORY_TO_PERIPH
2026-02-22 19:05:11,305 [INFO] Argument:335 - Argument : Directionvalue: DMA_MEMORY_TO_PERIPH
2026-02-22 19:05:11,305 [INFO] Argument:325 - Argument : PeriphIncvalue: DMA_PINC_DISABLE
2026-02-22 19:05:11,305 [INFO] Argument:335 - Argument : PeriphIncvalue: DMA_PINC_DISABLE
2026-02-22 19:05:11,305 [INFO] Argument:325 - Argument : MemIncvalue: DMA_MINC_ENABLE
2026-02-22 19:05:11,305 [INFO] Argument:335 - Argument : MemIncvalue: DMA_MINC_ENABLE
2026-02-22 19:05:11,305 [INFO] Argument:325 - Argument : PeriphDataAlignmentvalue: DMA_PDATAALIGN_BYTE
2026-02-22 19:05:11,305 [INFO] Argument:335 - Argument : PeriphDataAlignmentvalue: DMA_PDATAALIGN_BYTE
2026-02-22 19:05:11,305 [INFO] Argument:325 - Argument : MemDataAlignmentvalue: DMA_MDATAALIGN_BYTE
2026-02-22 19:05:11,305 [INFO] Argument:335 - Argument : MemDataAlignmentvalue: DMA_MDATAALIGN_BYTE
2026-02-22 19:05:11,305 [INFO] Argument:325 - Argument : Modevalue: DMA_NORMAL
2026-02-22 19:05:11,305 [INFO] Argument:335 - Argument : Modevalue: DMA_NORMAL
2026-02-22 19:05:11,305 [INFO] Argument:325 - Argument : Priorityvalue: DMA_PRIORITY_LOW
2026-02-22 19:05:11,305 [INFO] Argument:335 - Argument : Priorityvalue: DMA_PRIORITY_LOW
2026-02-22 19:05:11,305 [INFO] Argument:325 - Argument : FIFOModevalue: DMA_FIFOMODE_ENABLE
2026-02-22 19:05:11,305 [INFO] Argument:335 - Argument : FIFOModevalue: DMA_FIFOMODE_ENABLE
2026-02-22 19:05:11,305 [INFO] Argument:325 - Argument : FIFOThresholdvalue: DMA_FIFO_THRESHOLD_FULL
2026-02-22 19:05:11,305 [INFO] Argument:335 - Argument : FIFOThresholdvalue: DMA_FIFO_THRESHOLD_FULL
2026-02-22 19:05:11,305 [INFO] Argument:325 - Argument : MemBurstvalue: DMA_MBURST_SINGLE
2026-02-22 19:05:11,305 [INFO] Argument:335 - Argument : MemBurstvalue: DMA_MBURST_SINGLE
2026-02-22 19:05:11,305 [INFO] Argument:325 - Argument : PeriphBurstvalue: DMA_PBURST_SINGLE
2026-02-22 19:05:11,305 [INFO] Argument:335 - Argument : PeriphBurstvalue: DMA_PBURST_SINGLE
2026-02-22 19:05:11,305 [INFO] Argument:325 - Argument : Lockvalue: null
2026-02-22 19:05:11,305 [INFO] Argument:335 - Argument : Lockvalue: null
2026-02-22 19:05:11,305 [INFO] Argument:325 - Argument : Statevalue: null
2026-02-22 19:05:11,305 [INFO] Argument:335 - Argument : Statevalue: null
2026-02-22 19:05:11,305 [INFO] Argument:325 - Argument : Parentvalue: null
2026-02-22 19:05:11,306 [INFO] Argument:335 - Argument : Parentvalue: null
2026-02-22 19:05:11,306 [INFO] Argument:325 - Argument : XferCpltCallbackvalue: null
2026-02-22 19:05:11,306 [INFO] Argument:335 - Argument : XferCpltCallbackvalue: null
2026-02-22 19:05:11,306 [INFO] Argument:325 - Argument : XferHalfCpltCallbackvalue: null
2026-02-22 19:05:11,306 [INFO] Argument:335 - Argument : XferHalfCpltCallbackvalue: null
2026-02-22 19:05:11,306 [INFO] Argument:325 - Argument : XferM1CpltCallbackvalue: null
2026-02-22 19:05:11,306 [INFO] Argument:335 - Argument : XferM1CpltCallbackvalue: null
2026-02-22 19:05:11,306 [INFO] Argument:325 - Argument : XferErrorCallbackvalue: null
2026-02-22 19:05:11,306 [INFO] Argument:335 - Argument : XferErrorCallbackvalue: null
2026-02-22 19:05:11,306 [INFO] Argument:325 - Argument : ErrorCodevalue: null
2026-02-22 19:05:11,306 [INFO] Argument:335 - Argument : ErrorCodevalue: null
2026-02-22 19:05:11,307 [WARN] IP:2120 - tgfx_framebuffer_stride_value_custom not found: check if there is a RefParameter without a condition.
2026-02-22 19:05:11,352 [INFO] IP:3348 - RTE Config file name : RTE_Component
2026-02-22 19:05:11,352 [INFO] IP:3366 - RTE template : RTE_Components.ftl
2026-02-22 19:05:11,361 [INFO] CodeEngine:255 - oldGeneratedFile, C:\git\VehiculoTT\HMITT\MXTmpFiles\license.tmp_save
2026-02-22 19:05:11,437 [INFO] CodeEngine:279 - Generated code: C:\git\VehiculoTT\HMITT\MXTmpFiles\license.tmp
2026-02-22 19:05:11,457 [INFO] CodeEngine:255 - oldGeneratedFile, C:\git\VehiculoTT\HMITT\MXTmpFiles\gpio.tmp_save
2026-02-22 19:05:11,533 [INFO] CodeEngine:279 - Generated code: C:\git\VehiculoTT\HMITT\MXTmpFiles\gpio.tmp
2026-02-22 19:05:11,620 [INFO] Middleware:1439 - No code input for Bsp Dependency
2026-02-22 19:05:11,620 [INFO] IP:3348 - RTE Config file name : RTE_Component
2026-02-22 19:05:11,620 [INFO] IP:3366 - RTE template : RTE_Components.ftl
2026-02-22 19:05:11,630 [INFO] CodeEngine:255 - oldGeneratedFile, C:\git\VehiculoTT\HMITT\MXTmpFiles\SCB_CleanInvalidateDCache.tmp_save
2026-02-22 19:05:11,702 [INFO] CodeEngine:279 - Generated code: C:\git\VehiculoTT\HMITT\MXTmpFiles\SCB_CleanInvalidateDCache.tmp
2026-02-22 19:05:11,709 [INFO] CodeEngine:255 - oldGeneratedFile, C:\git\VehiculoTT\HMITT\MXTmpFiles\SCB_InvalidateDCache.tmp_save
2026-02-22 19:05:11,761 [INFO] CodeEngine:279 - Generated code: C:\git\VehiculoTT\HMITT\MXTmpFiles\SCB_InvalidateDCache.tmp
2026-02-22 19:05:11,769 [INFO] CodeEngine:255 - oldGeneratedFile, C:\git\VehiculoTT\HMITT\MXTmpFiles\touchgfx_license.tmp_save
2026-02-22 19:05:11,825 [INFO] CodeEngine:279 - Generated code: C:\git\VehiculoTT\HMITT\MXTmpFiles\touchgfx_license.tmp
2026-02-22 19:05:11,832 [INFO] CodeEngine:255 - oldGeneratedFile, C:\git\VehiculoTT\HMITT\MXTmpFiles\touchgfx_gen_license.tmp_save
2026-02-22 19:05:11,888 [INFO] CodeEngine:279 - Generated code: C:\git\VehiculoTT\HMITT\MXTmpFiles\touchgfx_gen_license.tmp
2026-02-22 19:05:11,895 [INFO] CodeEngine:255 - oldGeneratedFile, C:\git\VehiculoTT\HMITT\MXTmpFiles\oswrappers_noos.tmp_save
2026-02-22 19:05:11,958 [INFO] CodeEngine:279 - Generated code: C:\git\VehiculoTT\HMITT\MXTmpFiles\oswrappers_noos.tmp
2026-02-22 19:05:11,979 [INFO] CodeEngine:255 - oldGeneratedFile, C:\git\VehiculoTT\HMITT\MXTmpFiles\dma.tmp_save
2026-02-22 19:05:12,063 [INFO] CodeEngine:279 - Generated code: C:\git\VehiculoTT\HMITT\MXTmpFiles\dma.tmp
2026-02-22 19:05:12,070 [INFO] CodeEngine:255 - oldGeneratedFile, C:\git\VehiculoTT\HMITT\MXTmpFiles\dma_GV.tmp_save
2026-02-22 19:05:12,123 [INFO] CodeEngine:279 - Generated code: C:\git\VehiculoTT\HMITT\MXTmpFiles\dma_GV.tmp
2026-02-22 19:05:12,131 [INFO] Middleware:1439 - No code input for Bsp Dependency
2026-02-22 19:05:12,131 [INFO] IP:3348 - RTE Config file name : RTE_Component
2026-02-22 19:05:12,131 [INFO] IP:3366 - RTE template : RTE_Components.ftl
2026-02-22 19:05:12,147 [INFO] CodeEngine:255 - oldGeneratedFile, C:\git\VehiculoTT\HMITT\MXTmpFiles\SCB_CleanInvalidateDCache.tmp_save
2026-02-22 19:05:12,233 [INFO] CodeEngine:279 - Generated code: C:\git\VehiculoTT\HMITT\MXTmpFiles\SCB_CleanInvalidateDCache.tmp
2026-02-22 19:05:12,243 [INFO] CodeEngine:255 - oldGeneratedFile, C:\git\VehiculoTT\HMITT\MXTmpFiles\SCB_InvalidateDCache.tmp_save
2026-02-22 19:05:12,297 [INFO] CodeEngine:279 - Generated code: C:\git\VehiculoTT\HMITT\MXTmpFiles\SCB_InvalidateDCache.tmp
2026-02-22 19:05:12,308 [INFO] CodeEngine:255 - oldGeneratedFile, C:\git\VehiculoTT\HMITT\MXTmpFiles\touchgfx_license.tmp_save
2026-02-22 19:05:12,369 [INFO] CodeEngine:279 - Generated code: C:\git\VehiculoTT\HMITT\MXTmpFiles\touchgfx_license.tmp
2026-02-22 19:05:12,377 [INFO] CodeEngine:255 - oldGeneratedFile, C:\git\VehiculoTT\HMITT\MXTmpFiles\touchgfx_gen_license.tmp_save
2026-02-22 19:05:12,432 [INFO] CodeEngine:279 - Generated code: C:\git\VehiculoTT\HMITT\MXTmpFiles\touchgfx_gen_license.tmp
2026-02-22 19:05:12,441 [INFO] CodeEngine:255 - oldGeneratedFile, C:\git\VehiculoTT\HMITT\MXTmpFiles\oswrappers_noos.tmp_save
2026-02-22 19:05:12,494 [INFO] CodeEngine:279 - Generated code: C:\git\VehiculoTT\HMITT\MXTmpFiles\oswrappers_noos.tmp
2026-02-22 19:05:12,504 [INFO] CodeEngine:255 - oldGeneratedFile, C:\git\VehiculoTT\HMITT\TouchGFX\App\app_touchgfx.h_save
2026-02-22 19:05:12,578 [INFO] CodeEngine:279 - Generated code: C:\git\VehiculoTT\HMITT\TouchGFX\App\app_touchgfx.h
2026-02-22 19:05:12,588 [INFO] CodeEngine:255 - oldGeneratedFile, C:\git\VehiculoTT\HMITT\TouchGFX\ApplicationTemplate.touchgfx.part_save
2026-02-22 19:05:12,669 [INFO] CodeEngine:279 - Generated code: C:\git\VehiculoTT\HMITT\TouchGFX\ApplicationTemplate.touchgfx.part
2026-02-22 19:05:12,691 [INFO] CodeEngine:255 - oldGeneratedFile, C:\git\VehiculoTT\HMITT\TouchGFX\target\generated\TouchGFXConfiguration.cpp_save
2026-02-22 19:05:12,776 [INFO] CodeEngine:279 - Generated code: C:\git\VehiculoTT\HMITT\TouchGFX\target\generated\TouchGFXConfiguration.cpp
2026-02-22 19:05:12,809 [INFO] CodeEngine:255 - oldGeneratedFile, C:\git\VehiculoTT\HMITT\TouchGFX\target\generated\TouchGFXGeneratedHAL.hpp_save
2026-02-22 19:05:12,890 [INFO] CodeEngine:279 - Generated code: C:\git\VehiculoTT\HMITT\TouchGFX\target\generated\TouchGFXGeneratedHAL.hpp
2026-02-22 19:05:12,911 [INFO] CodeEngine:255 - oldGeneratedFile, C:\git\VehiculoTT\HMITT\TouchGFX\target\generated\TouchGFXGeneratedHAL.cpp_save
2026-02-22 19:05:13,038 [INFO] CodeEngine:279 - Generated code: C:\git\VehiculoTT\HMITT\TouchGFX\target\generated\TouchGFXGeneratedHAL.cpp
2026-02-22 19:05:13,056 [INFO] CodeEngine:255 - oldGeneratedFile, C:\git\VehiculoTT\HMITT\TouchGFX\target\TouchGFXHAL.hpp_save
2026-02-22 19:05:13,145 [INFO] CodeEngine:279 - Generated code: C:\git\VehiculoTT\HMITT\TouchGFX\target\TouchGFXHAL.hpp
2026-02-22 19:05:13,159 [INFO] CodeEngine:255 - oldGeneratedFile, C:\git\VehiculoTT\HMITT\TouchGFX\target\TouchGFXHAL.cpp_save
2026-02-22 19:05:13,256 [INFO] CodeEngine:279 - Generated code: C:\git\VehiculoTT\HMITT\TouchGFX\target\TouchGFXHAL.cpp
2026-02-22 19:05:13,266 [INFO] CodeEngine:255 - oldGeneratedFile, C:\git\VehiculoTT\HMITT\TouchGFX\target\STM32TouchController.hpp_save
2026-02-22 19:05:13,355 [INFO] CodeEngine:279 - Generated code: C:\git\VehiculoTT\HMITT\TouchGFX\target\STM32TouchController.hpp
2026-02-22 19:05:13,366 [INFO] CodeEngine:255 - oldGeneratedFile, C:\git\VehiculoTT\HMITT\TouchGFX\target\STM32TouchController.cpp_save
2026-02-22 19:05:13,437 [INFO] CodeEngine:279 - Generated code: C:\git\VehiculoTT\HMITT\TouchGFX\target\STM32TouchController.cpp
2026-02-22 19:05:13,448 [INFO] CodeEngine:255 - oldGeneratedFile, C:\git\VehiculoTT\HMITT\TouchGFX\target\generated\STM32DMA.hpp_save
2026-02-22 19:05:13,524 [INFO] CodeEngine:279 - Generated code: C:\git\VehiculoTT\HMITT\TouchGFX\target\generated\STM32DMA.hpp
2026-02-22 19:05:13,536 [INFO] CodeEngine:255 - oldGeneratedFile, C:\git\VehiculoTT\HMITT\TouchGFX\target\generated\STM32DMA.cpp_save
2026-02-22 19:05:13,614 [INFO] CodeEngine:279 - Generated code: C:\git\VehiculoTT\HMITT\TouchGFX\target\generated\STM32DMA.cpp
2026-02-22 19:05:13,634 [INFO] CodeEngine:255 - oldGeneratedFile, C:\git\VehiculoTT\HMITT\TouchGFX\target\generated\OSWrappers.cpp_save
2026-02-22 19:05:13,720 [INFO] CodeEngine:279 - Generated code: C:\git\VehiculoTT\HMITT\TouchGFX\target\generated\OSWrappers.cpp
2026-02-22 19:05:13,731 [INFO] CodeEngine:255 - oldGeneratedFile, C:\git\VehiculoTT\HMITT\TouchGFX\target\TouchGFXGPIO.cpp_save
2026-02-22 19:05:13,813 [INFO] CodeEngine:279 - Generated code: C:\git\VehiculoTT\HMITT\TouchGFX\target\TouchGFXGPIO.cpp
2026-02-22 19:05:13,835 [INFO] CodeEngine:255 - oldGeneratedFile, C:\git\VehiculoTT\HMITT\TouchGFX\App\app_touchgfx.c_save
2026-02-22 19:05:13,911 [INFO] CodeEngine:279 - Generated code: C:\git\VehiculoTT\HMITT\TouchGFX\App\app_touchgfx.c
2026-02-22 19:05:13,946 [INFO] CodeEngine:255 - oldGeneratedFile, C:\git\VehiculoTT\HMITT\Core\Src\stm32f4xx_it.c_save
2026-02-22 19:05:14,093 [INFO] CodeEngine:279 - Generated code: C:\git\VehiculoTT\HMITT\Core\Src\stm32f4xx_it.c
2026-02-22 19:05:14,106 [INFO] CodeEngine:255 - oldGeneratedFile, C:\git\VehiculoTT\HMITT\Core\Inc\stm32f4xx_it.h_save
2026-02-22 19:05:14,176 [INFO] CodeEngine:279 - Generated code: C:\git\VehiculoTT\HMITT\Core\Inc\stm32f4xx_it.h
2026-02-22 19:05:14,181 [INFO] IP:3348 - RTE Config file name : RTE_Component
2026-02-22 19:05:14,181 [INFO] IP:3366 - RTE template : RTE_Components.ftl
2026-02-22 19:05:14,181 [INFO] CodeGenerator:2119 - Add RTE Code Input 
2026-02-22 19:05:14,194 [INFO] CodeEngine:255 - oldGeneratedFile, C:\git\VehiculoTT\HMITT\Core\Inc\RTE_Components.h_save
2026-02-22 19:05:14,271 [INFO] CodeEngine:279 - Generated code: C:\git\VehiculoTT\HMITT\Core\Inc\RTE_Components.h
2026-02-22 19:05:14,303 [INFO] CodeEngine:255 - oldGeneratedFile, C:\git\VehiculoTT\HMITT\Core\Src\stm32f4xx_hal_msp.c_save
2026-02-22 19:05:14,427 [INFO] CodeEngine:279 - Generated code: C:\git\VehiculoTT\HMITT\Core\Src\stm32f4xx_hal_msp.c
2026-02-22 19:05:14,436 [INFO] CodeEngine:255 - oldGeneratedFile, C:\git\VehiculoTT\HMITT\MXTmpFiles\system.tmp_save
2026-02-22 19:05:14,512 [INFO] CodeEngine:279 - Generated code: C:\git\VehiculoTT\HMITT\MXTmpFiles\system.tmp
2026-02-22 19:05:14,545 [INFO] CodeEngine:311 - oldGeneratedFile, C:\git\VehiculoTT\HMITT\Core\Inc\stm32f4xx_hal_conf.h_save
2026-02-22 19:05:14,656 [INFO] CodeEngine:335 - Generated code: C:\git\VehiculoTT\HMITT\Core\Inc\stm32f4xx_hal_conf.h
2026-02-22 19:05:14,690 [WARN] IPConfigManager:3513 - IP not found : TIM
2026-02-22 19:05:14,691 [WARN] CodeGenerator:3951 - IP not found : null
2026-02-22 19:05:14,719 [INFO] CodeEngine:255 - oldGeneratedFile, C:\git\VehiculoTT\HMITT\Core\Inc\main.h_save
2026-02-22 19:05:14,809 [INFO] CodeEngine:279 - Generated code: C:\git\VehiculoTT\HMITT\Core\Inc\main.h
2026-02-22 19:05:14,831 [INFO] CodeEngine:255 - oldGeneratedFile, C:\git\VehiculoTT\HMITT\Core\Src\main.c_save
2026-02-22 19:05:15,023 [INFO] CodeEngine:279 - Generated code: C:\git\VehiculoTT\HMITT\Core\Src\main.c
2026-02-22 19:05:15,679 [INFO] ProjectBuilder:3163 - Time for Copy HAL[1] : 398mS.
2026-02-22 19:05:15,679 [ERROR] Middleware:2969 - Invalid RefComponent liste
2026-02-22 19:05:15,679 [ERROR] Middleware:2969 - Invalid RefComponent liste
2026-02-22 19:05:15,679 [ERROR] Middleware:2969 - Invalid RefComponent liste
2026-02-22 19:05:15,679 [ERROR] Middleware:2969 - Invalid RefComponent liste
2026-02-22 19:05:15,679 [ERROR] Middleware:2969 - Invalid RefComponent liste
2026-02-22 19:05:15,679 [ERROR] Middleware:2969 - Invalid RefComponent liste
2026-02-22 19:05:15,679 [ERROR] Middleware:2969 - Invalid RefComponent liste
2026-02-22 19:05:15,679 [ERROR] Middleware:2969 - Invalid RefComponent liste
2026-02-22 19:05:15,679 [ERROR] Middleware:2969 - Invalid RefComponent liste
2026-02-22 19:05:15,679 [ERROR] Middleware:2969 - Invalid RefComponent liste
2026-02-22 19:05:15,679 [ERROR] Middleware:2969 - Invalid RefComponent liste
2026-02-22 19:05:15,679 [ERROR] Middleware:2969 - Invalid RefComponent liste
2026-02-22 19:05:15,679 [ERROR] Middleware:2969 - Invalid RefComponent liste
2026-02-22 19:05:15,679 [ERROR] Middleware:2969 - Invalid RefComponent liste
2026-02-22 19:05:15,679 [ERROR] Middleware:2969 - Invalid RefComponent liste
2026-02-22 19:05:15,680 [ERROR] Middleware:2969 - Invalid RefComponent liste
2026-02-22 19:05:15,680 [ERROR] Middleware:2969 - Invalid RefComponent liste
2026-02-22 19:05:15,680 [ERROR] Middleware:2969 - Invalid RefComponent liste
2026-02-22 19:05:15,680 [ERROR] Middleware:2969 - Invalid RefComponent liste
2026-02-22 19:05:15,680 [ERROR] Middleware:2969 - Invalid RefComponent liste
2026-02-22 19:05:15,680 [ERROR] Middleware:2969 - Invalid RefComponent liste
2026-02-22 19:05:15,680 [ERROR] Middleware:2969 - Invalid RefComponent liste
2026-02-22 19:05:15,680 [ERROR] Middleware:2969 - Invalid RefComponent liste
2026-02-22 19:05:15,680 [ERROR] Middleware:2969 - Invalid RefComponent liste
2026-02-22 19:05:15,680 [ERROR] Middleware:2969 - Invalid RefComponent liste
2026-02-22 19:05:15,680 [ERROR] Middleware:2969 - Invalid RefComponent liste
2026-02-22 19:05:15,680 [ERROR] Middleware:2969 - Invalid RefComponent liste
2026-02-22 19:05:15,680 [ERROR] Middleware:2969 - Invalid RefComponent liste
2026-02-22 19:05:15,680 [ERROR] Middleware:2969 - Invalid RefComponent liste
2026-02-22 19:05:15,680 [ERROR] Middleware:2969 - Invalid RefComponent liste
2026-02-22 19:05:15,680 [ERROR] Middleware:2969 - Invalid RefComponent liste
2026-02-22 19:05:15,680 [ERROR] Middleware:2969 - Invalid RefComponent liste
2026-02-22 19:05:15,680 [ERROR] Middleware:2969 - Invalid RefComponent liste
2026-02-22 19:05:15,680 [ERROR] Middleware:2969 - Invalid RefComponent liste
2026-02-22 19:05:15,680 [ERROR] Middleware:2969 - Invalid RefComponent liste
2026-02-22 19:05:15,680 [ERROR] Middleware:2969 - Invalid RefComponent liste
2026-02-22 19:05:15,680 [ERROR] Middleware:2969 - Invalid RefComponent liste
2026-02-22 19:05:15,680 [ERROR] Middleware:2969 - Invalid RefComponent liste
2026-02-22 19:05:15,680 [ERROR] Middleware:2969 - Invalid RefComponent liste
2026-02-22 19:05:15,680 [ERROR] Middleware:2969 - Invalid RefComponent liste
2026-02-22 19:05:15,680 [ERROR] Middleware:2969 - Invalid RefComponent liste
2026-02-22 19:05:15,680 [ERROR] Middleware:2969 - Invalid RefComponent liste
2026-02-22 19:05:15,680 [ERROR] Middleware:2969 - Invalid RefComponent liste
2026-02-22 19:05:15,680 [ERROR] Middleware:2969 - Invalid RefComponent liste
2026-02-22 19:05:15,680 [ERROR] Middleware:2969 - Invalid RefComponent liste
2026-02-22 19:05:15,680 [ERROR] Middleware:2969 - Invalid RefComponent liste
2026-02-22 19:05:15,680 [ERROR] Middleware:2969 - Invalid RefComponent liste
2026-02-22 19:05:15,680 [ERROR] Middleware:2969 - Invalid RefComponent liste
2026-02-22 19:05:15,680 [ERROR] Middleware:2969 - Invalid RefComponent liste
2026-02-22 19:05:15,680 [ERROR] Middleware:2969 - Invalid RefComponent liste
2026-02-22 19:05:15,680 [ERROR] Middleware:2969 - Invalid RefComponent liste
2026-02-22 19:05:15,680 [ERROR] Middleware:2969 - Invalid RefComponent liste
2026-02-22 19:05:15,680 [ERROR] Middleware:2969 - Invalid RefComponent liste
2026-02-22 19:05:15,680 [ERROR] Middleware:2969 - Invalid RefComponent liste
2026-02-22 19:05:15,680 [ERROR] Middleware:2969 - Invalid RefComponent liste
2026-02-22 19:05:15,680 [ERROR] Middleware:2969 - Invalid RefComponent liste
2026-02-22 19:05:15,680 [ERROR] Middleware:2969 - Invalid RefComponent liste
2026-02-22 19:05:15,680 [ERROR] Middleware:2969 - Invalid RefComponent liste
2026-02-22 19:05:15,680 [ERROR] Middleware:2969 - Invalid RefComponent liste
2026-02-22 19:05:15,681 [ERROR] Middleware:2969 - Invalid RefComponent liste
2026-02-22 19:05:15,681 [ERROR] Middleware:2969 - Invalid RefComponent liste
2026-02-22 19:05:15,681 [ERROR] Middleware:2969 - Invalid RefComponent liste
2026-02-22 19:05:15,681 [ERROR] Middleware:2969 - Invalid RefComponent liste
2026-02-22 19:05:15,681 [ERROR] Middleware:2969 - Invalid RefComponent liste
2026-02-22 19:05:15,681 [ERROR] Middleware:2969 - Invalid RefComponent liste
2026-02-22 19:05:15,681 [ERROR] Middleware:2969 - Invalid RefComponent liste
2026-02-22 19:05:15,681 [ERROR] Middleware:2969 - Invalid RefComponent liste
2026-02-22 19:05:15,681 [ERROR] Middleware:2969 - Invalid RefComponent liste
2026-02-22 19:05:15,681 [ERROR] Middleware:2969 - Invalid RefComponent liste
2026-02-22 19:05:15,681 [ERROR] Middleware:2969 - Invalid RefComponent liste
2026-02-22 19:05:15,681 [ERROR] Middleware:2969 - Invalid RefComponent liste
2026-02-22 19:05:15,681 [ERROR] Middleware:2969 - Invalid RefComponent liste
2026-02-22 19:05:15,681 [ERROR] Middleware:2969 - Invalid RefComponent liste
2026-02-22 19:05:15,681 [ERROR] Middleware:2969 - Invalid RefComponent liste
2026-02-22 19:05:15,681 [ERROR] Middleware:2969 - Invalid RefComponent liste
2026-02-22 19:05:15,681 [ERROR] Middleware:2969 - Invalid RefComponent liste
2026-02-22 19:05:15,681 [ERROR] Middleware:2969 - Invalid RefComponent liste
2026-02-22 19:05:15,681 [ERROR] Middleware:2969 - Invalid RefComponent liste
2026-02-22 19:05:15,681 [ERROR] Middleware:2969 - Invalid RefComponent liste
2026-02-22 19:05:15,681 [ERROR] Middleware:2969 - Invalid RefComponent liste
2026-02-22 19:05:15,681 [ERROR] Middleware:2969 - Invalid RefComponent liste
2026-02-22 19:05:15,681 [ERROR] Middleware:2969 - Invalid RefComponent liste
2026-02-22 19:05:15,681 [ERROR] Middleware:2969 - Invalid RefComponent liste
2026-02-22 19:05:15,681 [ERROR] Middleware:2969 - Invalid RefComponent liste
2026-02-22 19:05:15,681 [ERROR] Middleware:2969 - Invalid RefComponent liste
2026-02-22 19:05:15,681 [ERROR] Middleware:2969 - Invalid RefComponent liste
2026-02-22 19:05:15,681 [ERROR] Middleware:2969 - Invalid RefComponent liste
2026-02-22 19:05:15,681 [ERROR] Middleware:2969 - Invalid RefComponent liste
2026-02-22 19:05:15,681 [ERROR] Middleware:2969 - Invalid RefComponent liste
2026-02-22 19:05:15,681 [ERROR] Middleware:2969 - Invalid RefComponent liste
2026-02-22 19:05:15,681 [ERROR] Middleware:2969 - Invalid RefComponent liste
2026-02-22 19:05:15,681 [ERROR] Middleware:2969 - Invalid RefComponent liste
2026-02-22 19:05:15,681 [ERROR] Middleware:2969 - Invalid RefComponent liste
2026-02-22 19:05:15,681 [ERROR] Middleware:2969 - Invalid RefComponent liste
2026-02-22 19:05:15,681 [ERROR] Middleware:2969 - Invalid RefComponent liste
2026-02-22 19:05:15,681 [ERROR] Middleware:2969 - Invalid RefComponent liste
2026-02-22 19:05:15,681 [ERROR] Middleware:2969 - Invalid RefComponent liste
2026-02-22 19:05:15,682 [ERROR] Middleware:2969 - Invalid RefComponent liste
2026-02-22 19:05:15,682 [ERROR] Middleware:2969 - Invalid RefComponent liste
2026-02-22 19:05:15,682 [ERROR] Middleware:2969 - Invalid RefComponent liste
2026-02-22 19:05:15,682 [ERROR] Middleware:2969 - Invalid RefComponent liste
2026-02-22 19:05:15,682 [ERROR] Middleware:2969 - Invalid RefComponent liste
2026-02-22 19:05:15,696 [INFO] ProjectBuilder:4736 - Project Generator version: 4.3.0-B58
2026-02-22 19:05:15,761 [INFO] ConfigFileManager:1503 - The Die is : DIE431
2026-02-22 19:05:17,908 [INFO] ProjectBuilder:5002 - Time for Generating toolchain IDE Files: 2212mS.
2026-02-22 19:05:17,909 [INFO] ProjectBuilder:3034 - Time for Copy CMSIS : 1mS.
2026-02-22 19:05:18,065 [INFO] ProjectBuilder:3034 - Time for Copy CMSIS : 0mS.
2026-02-22 19:14:59,069 [INFO] Gpio:277 - dependency for GPIO [SPI1, SPI2]
2026-02-22 19:23:42,150 [INFO] Gpio:277 - dependency for GPIO [SPI1, SPI2]
2026-02-22 19:35:35,038 [WARN] IP:2120 - tgfx_framebuffer_stride_value_custom not found: check if there is a RefParameter without a condition.
2026-02-22 19:35:35,040 [WARN] IP:2120 - tgfx_framebuffer_stride_value_custom not found: check if there is a RefParameter without a condition.
2026-02-22 19:35:35,059 [WARN] IP:2120 - tgfx_framebuffer_stride_value_custom not found: check if there is a RefParameter without a condition.
2026-02-22 19:35:35,072 [WARN] IP:2120 - tgfx_framebuffer_stride_value_custom not found: check if there is a RefParameter without a condition.
2026-02-22 19:35:36,750 [WARN] IP:2120 - tgfx_framebuffer_stride_value_custom not found: check if there is a RefParameter without a condition.
2026-02-22 19:35:36,752 [WARN] IP:2120 - tgfx_framebuffer_stride_value_custom not found: check if there is a RefParameter without a condition.
2026-02-22 19:35:36,770 [WARN] IP:2120 - tgfx_framebuffer_stride_value_custom not found: check if there is a RefParameter without a condition.
2026-02-22 19:35:36,784 [WARN] IP:2120 - tgfx_framebuffer_stride_value_custom not found: check if there is a RefParameter without a condition.
2026-02-22 19:35:38,023 [WARN] IP:2120 - tgfx_framebuffer_stride_value_custom not found: check if there is a RefParameter without a condition.
2026-02-22 19:35:38,026 [WARN] IP:2120 - tgfx_framebuffer_stride_value_custom not found: check if there is a RefParameter without a condition.
2026-02-22 19:35:38,044 [WARN] IP:2120 - tgfx_framebuffer_stride_value_custom not found: check if there is a RefParameter without a condition.
2026-02-22 19:35:38,062 [WARN] IP:2120 - tgfx_framebuffer_stride_value_custom not found: check if there is a RefParameter without a condition.
2026-02-22 19:36:04,067 [WARN] IP:2120 - tgfx_framebuffer_stride_value_custom not found: check if there is a RefParameter without a condition.
2026-02-22 19:36:04,069 [WARN] IP:2120 - tgfx_framebuffer_stride_value_custom not found: check if there is a RefParameter without a condition.
2026-02-22 19:36:04,092 [WARN] IP:2120 - tgfx_framebuffer_stride_value_custom not found: check if there is a RefParameter without a condition.
2026-02-22 19:36:04,109 [WARN] IP:2120 - tgfx_framebuffer_stride_value_custom not found: check if there is a RefParameter without a condition.
2026-02-22 19:36:17,751 [WARN] IP:2120 - tgfx_framebuffer_stride_value_custom not found: check if there is a RefParameter without a condition.
2026-02-22 19:36:17,754 [WARN] IP:2120 - tgfx_framebuffer_stride_value_custom not found: check if there is a RefParameter without a condition.
2026-02-22 19:36:17,771 [WARN] IP:2120 - tgfx_framebuffer_stride_value_custom not found: check if there is a RefParameter without a condition.
2026-02-22 19:36:17,785 [WARN] IP:2120 - tgfx_framebuffer_stride_value_custom not found: check if there is a RefParameter without a condition.
2026-02-22 19:36:55,154 [WARN] IP:2120 - tgfx_framebuffer_stride_value_custom not found: check if there is a RefParameter without a condition.
2026-02-22 19:36:55,156 [WARN] IP:2120 - tgfx_framebuffer_stride_value_custom not found: check if there is a RefParameter without a condition.
2026-02-22 19:36:55,174 [WARN] IP:2120 - tgfx_framebuffer_stride_value_custom not found: check if there is a RefParameter without a condition.
2026-02-22 19:36:55,188 [WARN] IP:2120 - tgfx_framebuffer_stride_value_custom not found: check if there is a RefParameter without a condition.
2026-02-22 19:37:08,982 [INFO] Gpio:277 - dependency for GPIO [SPI1, SPI2]
2026-02-22 19:37:39,021 [INFO] UtilMem:75 - End SaveConfig() Used Memory: 787366024 Bytes (1073741824)
2026-02-22 19:37:40,602 [INFO] UtilMem:75 - End SaveConfig() Used Memory: 823017608 Bytes (1073741824)
2026-02-22 19:37:51,889 [INFO] UtilMem:75 - End SaveConfig() Used Memory: 802800400 Bytes (1073741824)
2026-02-22 19:37:52,079 [INFO] BlockDiagram:2759 - set Specific Code input for plugin: SPI
2026-02-22 19:37:52,079 [INFO] BlockDiagram:2759 - set Specific Code input for plugin: SPI
2026-02-22 19:37:52,079 [INFO] BlockDiagram:2759 - set Specific Code input for plugin: NVIC
2026-02-22 19:37:52,079 [INFO] BlockDiagram:2759 - set Specific Code input for plugin: DMA
2026-02-22 19:37:52,079 [INFO] BlockDiagram:2759 - set Specific Code input for plugin: STMicroelectronics.X-CUBE-TOUCHGFX.4.26.0
2026-02-22 19:37:52,079 [INFO] BlockDiagram:2759 - set Specific Code input for plugin: TIM1_8
2026-02-22 19:37:52,079 [INFO] BlockDiagram:2759 - set Specific Code input for plugin: SYS
2026-02-22 19:37:52,079 [INFO] BlockDiagram:2759 - set Specific Code input for plugin: GPIO
2026-02-22 19:37:52,079 [INFO] BlockDiagram:2759 - set Specific Code input for plugin: RCC
2026-02-22 19:37:52,079 [INFO] BlockDiagram:2759 - set Specific Code input for plugin: CRC
2026-02-22 19:37:52,080 [WARN] IP:2120 - tgfx_framebuffer_stride_value_custom not found: check if there is a RefParameter without a condition.
2026-02-22 19:37:52,084 [INFO] CodeGenerator:807 - code generatio: config db path: D:\Documentos\Electronica\Nueva carpeta\STM32CubeIDE_1.15.0\STM32CubeIDE\plugins\com.st.stm32cube.common.mx_6.11.0.202403141607\\db\
2026-02-22 19:37:52,090 [INFO] Argument:325 - Argument : hdmavalue: null
2026-02-22 19:37:52,090 [INFO] Argument:327 - 	 sub Args: 
2026-02-22 19:37:52,090 [INFO] Argument:325 - Argument : Instancevalue: DMA2_Stream2
2026-02-22 19:37:52,090 [INFO] Argument:335 - Argument : Instancevalue: DMA2_Stream2
2026-02-22 19:37:52,090 [INFO] Argument:325 - Argument : Initvalue: null
2026-02-22 19:37:52,090 [INFO] Argument:327 - 	 sub Args: 
2026-02-22 19:37:52,090 [INFO] Argument:325 - Argument : Channelvalue: DMA_CHANNEL_2
2026-02-22 19:37:52,090 [INFO] Argument:335 - Argument : Channelvalue: DMA_CHANNEL_2
2026-02-22 19:37:52,090 [INFO] Argument:325 - Argument : Directionvalue: DMA_MEMORY_TO_PERIPH
2026-02-22 19:37:52,090 [INFO] Argument:335 - Argument : Directionvalue: DMA_MEMORY_TO_PERIPH
2026-02-22 19:37:52,091 [INFO] Argument:325 - Argument : PeriphIncvalue: DMA_PINC_DISABLE
2026-02-22 19:37:52,091 [INFO] Argument:335 - Argument : PeriphIncvalue: DMA_PINC_DISABLE
2026-02-22 19:37:52,091 [INFO] Argument:325 - Argument : MemIncvalue: DMA_MINC_ENABLE
2026-02-22 19:37:52,091 [INFO] Argument:335 - Argument : MemIncvalue: DMA_MINC_ENABLE
2026-02-22 19:37:52,091 [INFO] Argument:325 - Argument : PeriphDataAlignmentvalue: DMA_PDATAALIGN_BYTE
2026-02-22 19:37:52,091 [INFO] Argument:335 - Argument : PeriphDataAlignmentvalue: DMA_PDATAALIGN_BYTE
2026-02-22 19:37:52,091 [INFO] Argument:325 - Argument : MemDataAlignmentvalue: DMA_MDATAALIGN_BYTE
2026-02-22 19:37:52,091 [INFO] Argument:335 - Argument : MemDataAlignmentvalue: DMA_MDATAALIGN_BYTE
2026-02-22 19:37:52,091 [INFO] Argument:325 - Argument : Modevalue: DMA_NORMAL
2026-02-22 19:37:52,091 [INFO] Argument:335 - Argument : Modevalue: DMA_NORMAL
2026-02-22 19:37:52,091 [INFO] Argument:325 - Argument : Priorityvalue: DMA_PRIORITY_LOW
2026-02-22 19:37:52,091 [INFO] Argument:335 - Argument : Priorityvalue: DMA_PRIORITY_LOW
2026-02-22 19:37:52,091 [INFO] Argument:325 - Argument : FIFOModevalue: DMA_FIFOMODE_ENABLE
2026-02-22 19:37:52,091 [INFO] Argument:335 - Argument : FIFOModevalue: DMA_FIFOMODE_ENABLE
2026-02-22 19:37:52,091 [INFO] Argument:325 - Argument : FIFOThresholdvalue: DMA_FIFO_THRESHOLD_FULL
2026-02-22 19:37:52,091 [INFO] Argument:335 - Argument : FIFOThresholdvalue: DMA_FIFO_THRESHOLD_FULL
2026-02-22 19:37:52,091 [INFO] Argument:325 - Argument : MemBurstvalue: DMA_MBURST_SINGLE
2026-02-22 19:37:52,091 [INFO] Argument:335 - Argument : MemBurstvalue: DMA_MBURST_SINGLE
2026-02-22 19:37:52,091 [INFO] Argument:325 - Argument : PeriphBurstvalue: DMA_PBURST_SINGLE
2026-02-22 19:37:52,091 [INFO] Argument:335 - Argument : PeriphBurstvalue: DMA_PBURST_SINGLE
2026-02-22 19:37:52,091 [INFO] Argument:325 - Argument : Lockvalue: null
2026-02-22 19:37:52,091 [INFO] Argument:335 - Argument : Lockvalue: null
2026-02-22 19:37:52,091 [INFO] Argument:325 - Argument : Statevalue: null
2026-02-22 19:37:52,091 [INFO] Argument:335 - Argument : Statevalue: null
2026-02-22 19:37:52,091 [INFO] Argument:325 - Argument : Parentvalue: null
2026-02-22 19:37:52,091 [INFO] Argument:335 - Argument : Parentvalue: null
2026-02-22 19:37:52,091 [INFO] Argument:325 - Argument : XferCpltCallbackvalue: null
2026-02-22 19:37:52,091 [INFO] Argument:335 - Argument : XferCpltCallbackvalue: null
2026-02-22 19:37:52,091 [INFO] Argument:325 - Argument : XferHalfCpltCallbackvalue: null
2026-02-22 19:37:52,091 [INFO] Argument:335 - Argument : XferHalfCpltCallbackvalue: null
2026-02-22 19:37:52,091 [INFO] Argument:325 - Argument : XferM1CpltCallbackvalue: null
2026-02-22 19:37:52,091 [INFO] Argument:335 - Argument : XferM1CpltCallbackvalue: null
2026-02-22 19:37:52,091 [INFO] Argument:325 - Argument : XferErrorCallbackvalue: null
2026-02-22 19:37:52,091 [INFO] Argument:335 - Argument : XferErrorCallbackvalue: null
2026-02-22 19:37:52,091 [INFO] Argument:325 - Argument : ErrorCodevalue: null
2026-02-22 19:37:52,091 [INFO] Argument:335 - Argument : ErrorCodevalue: null
2026-02-22 19:37:52,094 [WARN] IP:2120 - tgfx_framebuffer_stride_value_custom not found: check if there is a RefParameter without a condition.
2026-02-22 19:37:52,147 [INFO] IP:3348 - RTE Config file name : RTE_Component
2026-02-22 19:37:52,147 [INFO] IP:3366 - RTE template : RTE_Components.ftl
2026-02-22 19:37:52,161 [INFO] CodeEngine:255 - oldGeneratedFile, C:\git\VehiculoTT\HMITT\MXTmpFiles\license.tmp_save
2026-02-22 19:37:52,241 [INFO] CodeEngine:279 - Generated code: C:\git\VehiculoTT\HMITT\MXTmpFiles\license.tmp
2026-02-22 19:37:52,267 [INFO] CodeEngine:255 - oldGeneratedFile, C:\git\VehiculoTT\HMITT\MXTmpFiles\gpio.tmp_save
2026-02-22 19:37:52,383 [INFO] CodeEngine:279 - Generated code: C:\git\VehiculoTT\HMITT\MXTmpFiles\gpio.tmp
2026-02-22 19:37:52,468 [INFO] Middleware:1439 - No code input for Bsp Dependency
2026-02-22 19:37:52,469 [INFO] IP:3348 - RTE Config file name : RTE_Component
2026-02-22 19:37:52,469 [INFO] IP:3366 - RTE template : RTE_Components.ftl
2026-02-22 19:37:52,483 [INFO] CodeEngine:255 - oldGeneratedFile, C:\git\VehiculoTT\HMITT\MXTmpFiles\SCB_CleanInvalidateDCache.tmp_save
2026-02-22 19:37:52,556 [INFO] CodeEngine:279 - Generated code: C:\git\VehiculoTT\HMITT\MXTmpFiles\SCB_CleanInvalidateDCache.tmp
2026-02-22 19:37:52,563 [INFO] CodeEngine:255 - oldGeneratedFile, C:\git\VehiculoTT\HMITT\MXTmpFiles\SCB_InvalidateDCache.tmp_save
2026-02-22 19:37:52,623 [INFO] CodeEngine:279 - Generated code: C:\git\VehiculoTT\HMITT\MXTmpFiles\SCB_InvalidateDCache.tmp
2026-02-22 19:37:52,631 [INFO] CodeEngine:255 - oldGeneratedFile, C:\git\VehiculoTT\HMITT\MXTmpFiles\touchgfx_license.tmp_save
2026-02-22 19:37:52,699 [INFO] CodeEngine:279 - Generated code: C:\git\VehiculoTT\HMITT\MXTmpFiles\touchgfx_license.tmp
2026-02-22 19:37:52,705 [INFO] CodeEngine:255 - oldGeneratedFile, C:\git\VehiculoTT\HMITT\MXTmpFiles\touchgfx_gen_license.tmp_save
2026-02-22 19:37:52,768 [INFO] CodeEngine:279 - Generated code: C:\git\VehiculoTT\HMITT\MXTmpFiles\touchgfx_gen_license.tmp
2026-02-22 19:37:52,775 [INFO] CodeEngine:255 - oldGeneratedFile, C:\git\VehiculoTT\HMITT\MXTmpFiles\oswrappers_noos.tmp_save
2026-02-22 19:37:52,858 [INFO] CodeEngine:279 - Generated code: C:\git\VehiculoTT\HMITT\MXTmpFiles\oswrappers_noos.tmp
2026-02-22 19:37:52,876 [INFO] CodeEngine:255 - oldGeneratedFile, C:\git\VehiculoTT\HMITT\MXTmpFiles\dma.tmp_save
2026-02-22 19:37:52,944 [INFO] CodeEngine:279 - Generated code: C:\git\VehiculoTT\HMITT\MXTmpFiles\dma.tmp
2026-02-22 19:37:52,951 [INFO] CodeEngine:255 - oldGeneratedFile, C:\git\VehiculoTT\HMITT\MXTmpFiles\dma_GV.tmp_save
2026-02-22 19:37:53,001 [INFO] CodeEngine:279 - Generated code: C:\git\VehiculoTT\HMITT\MXTmpFiles\dma_GV.tmp
2026-02-22 19:37:53,009 [INFO] Middleware:1439 - No code input for Bsp Dependency
2026-02-22 19:37:53,009 [INFO] IP:3348 - RTE Config file name : RTE_Component
2026-02-22 19:37:53,009 [INFO] IP:3366 - RTE template : RTE_Components.ftl
2026-02-22 19:37:53,022 [INFO] CodeEngine:255 - oldGeneratedFile, C:\git\VehiculoTT\HMITT\MXTmpFiles\SCB_CleanInvalidateDCache.tmp_save
2026-02-22 19:37:53,084 [INFO] CodeEngine:279 - Generated code: C:\git\VehiculoTT\HMITT\MXTmpFiles\SCB_CleanInvalidateDCache.tmp
2026-02-22 19:37:53,095 [INFO] CodeEngine:255 - oldGeneratedFile, C:\git\VehiculoTT\HMITT\MXTmpFiles\SCB_InvalidateDCache.tmp_save
2026-02-22 19:37:53,148 [INFO] CodeEngine:279 - Generated code: C:\git\VehiculoTT\HMITT\MXTmpFiles\SCB_InvalidateDCache.tmp
2026-02-22 19:37:53,158 [INFO] CodeEngine:255 - oldGeneratedFile, C:\git\VehiculoTT\HMITT\MXTmpFiles\touchgfx_license.tmp_save
2026-02-22 19:37:53,218 [INFO] CodeEngine:279 - Generated code: C:\git\VehiculoTT\HMITT\MXTmpFiles\touchgfx_license.tmp
2026-02-22 19:37:53,229 [INFO] CodeEngine:255 - oldGeneratedFile, C:\git\VehiculoTT\HMITT\MXTmpFiles\touchgfx_gen_license.tmp_save
2026-02-22 19:37:53,287 [INFO] CodeEngine:279 - Generated code: C:\git\VehiculoTT\HMITT\MXTmpFiles\touchgfx_gen_license.tmp
2026-02-22 19:37:53,298 [INFO] CodeEngine:255 - oldGeneratedFile, C:\git\VehiculoTT\HMITT\MXTmpFiles\oswrappers_noos.tmp_save
2026-02-22 19:37:53,352 [INFO] CodeEngine:279 - Generated code: C:\git\VehiculoTT\HMITT\MXTmpFiles\oswrappers_noos.tmp
2026-02-22 19:37:53,365 [INFO] CodeEngine:255 - oldGeneratedFile, C:\git\VehiculoTT\HMITT\TouchGFX\App\app_touchgfx.h_save
2026-02-22 19:37:53,434 [INFO] CodeEngine:279 - Generated code: C:\git\VehiculoTT\HMITT\TouchGFX\App\app_touchgfx.h
2026-02-22 19:37:53,445 [INFO] CodeEngine:255 - oldGeneratedFile, C:\git\VehiculoTT\HMITT\TouchGFX\ApplicationTemplate.touchgfx.part_save
2026-02-22 19:37:53,518 [INFO] CodeEngine:279 - Generated code: C:\git\VehiculoTT\HMITT\TouchGFX\ApplicationTemplate.touchgfx.part
2026-02-22 19:37:53,538 [INFO] CodeEngine:255 - oldGeneratedFile, C:\git\VehiculoTT\HMITT\TouchGFX\target\generated\TouchGFXConfiguration.cpp_save
2026-02-22 19:37:53,613 [INFO] CodeEngine:279 - Generated code: C:\git\VehiculoTT\HMITT\TouchGFX\target\generated\TouchGFXConfiguration.cpp
2026-02-22 19:37:53,634 [INFO] CodeEngine:255 - oldGeneratedFile, C:\git\VehiculoTT\HMITT\TouchGFX\target\generated\TouchGFXGeneratedHAL.hpp_save
2026-02-22 19:37:53,708 [INFO] CodeEngine:279 - Generated code: C:\git\VehiculoTT\HMITT\TouchGFX\target\generated\TouchGFXGeneratedHAL.hpp
2026-02-22 19:37:53,727 [INFO] CodeEngine:255 - oldGeneratedFile, C:\git\VehiculoTT\HMITT\TouchGFX\target\generated\TouchGFXGeneratedHAL.cpp_save
2026-02-22 19:37:53,816 [INFO] CodeEngine:279 - Generated code: C:\git\VehiculoTT\HMITT\TouchGFX\target\generated\TouchGFXGeneratedHAL.cpp
2026-02-22 19:37:53,826 [INFO] CodeEngine:255 - oldGeneratedFile, C:\git\VehiculoTT\HMITT\TouchGFX\target\TouchGFXHAL.hpp_save
2026-02-22 19:37:53,898 [INFO] CodeEngine:279 - Generated code: C:\git\VehiculoTT\HMITT\TouchGFX\target\TouchGFXHAL.hpp
2026-02-22 19:37:53,919 [INFO] CodeEngine:255 - oldGeneratedFile, C:\git\VehiculoTT\HMITT\TouchGFX\target\TouchGFXHAL.cpp_save
2026-02-22 19:37:54,006 [INFO] CodeEngine:279 - Generated code: C:\git\VehiculoTT\HMITT\TouchGFX\target\TouchGFXHAL.cpp
2026-02-22 19:37:54,018 [INFO] CodeEngine:255 - oldGeneratedFile, C:\git\VehiculoTT\HMITT\TouchGFX\target\STM32TouchController.hpp_save
2026-02-22 19:37:54,091 [INFO] CodeEngine:279 - Generated code: C:\git\VehiculoTT\HMITT\TouchGFX\target\STM32TouchController.hpp
2026-02-22 19:37:54,102 [INFO] CodeEngine:255 - oldGeneratedFile, C:\git\VehiculoTT\HMITT\TouchGFX\target\STM32TouchController.cpp_save
2026-02-22 19:37:54,190 [INFO] CodeEngine:279 - Generated code: C:\git\VehiculoTT\HMITT\TouchGFX\target\STM32TouchController.cpp
2026-02-22 19:37:54,210 [INFO] CodeEngine:255 - oldGeneratedFile, C:\git\VehiculoTT\HMITT\TouchGFX\target\generated\STM32DMA.hpp_save
2026-02-22 19:37:54,290 [INFO] CodeEngine:279 - Generated code: C:\git\VehiculoTT\HMITT\TouchGFX\target\generated\STM32DMA.hpp
2026-02-22 19:37:54,302 [INFO] CodeEngine:255 - oldGeneratedFile, C:\git\VehiculoTT\HMITT\TouchGFX\target\generated\STM32DMA.cpp_save
2026-02-22 19:37:54,376 [INFO] CodeEngine:279 - Generated code: C:\git\VehiculoTT\HMITT\TouchGFX\target\generated\STM32DMA.cpp
2026-02-22 19:37:54,386 [INFO] CodeEngine:255 - oldGeneratedFile, C:\git\VehiculoTT\HMITT\TouchGFX\target\generated\OSWrappers.cpp_save
2026-02-22 19:37:54,465 [INFO] CodeEngine:279 - Generated code: C:\git\VehiculoTT\HMITT\TouchGFX\target\generated\OSWrappers.cpp
2026-02-22 19:37:54,476 [INFO] CodeEngine:255 - oldGeneratedFile, C:\git\VehiculoTT\HMITT\TouchGFX\target\TouchGFXGPIO.cpp_save
2026-02-22 19:37:54,545 [INFO] CodeEngine:279 - Generated code: C:\git\VehiculoTT\HMITT\TouchGFX\target\TouchGFXGPIO.cpp
2026-02-22 19:37:54,556 [INFO] CodeEngine:255 - oldGeneratedFile, C:\git\VehiculoTT\HMITT\TouchGFX\App\app_touchgfx.c_save
2026-02-22 19:37:54,634 [INFO] CodeEngine:279 - Generated code: C:\git\VehiculoTT\HMITT\TouchGFX\App\app_touchgfx.c
2026-02-22 19:37:54,671 [INFO] CodeEngine:255 - oldGeneratedFile, C:\git\VehiculoTT\HMITT\Core\Src\stm32f4xx_it.c_save
2026-02-22 19:37:54,782 [INFO] CodeEngine:279 - Generated code: C:\git\VehiculoTT\HMITT\Core\Src\stm32f4xx_it.c
2026-02-22 19:37:54,791 [INFO] CodeEngine:255 - oldGeneratedFile, C:\git\VehiculoTT\HMITT\Core\Inc\stm32f4xx_it.h_save
2026-02-22 19:37:54,850 [INFO] CodeEngine:279 - Generated code: C:\git\VehiculoTT\HMITT\Core\Inc\stm32f4xx_it.h
2026-02-22 19:37:54,855 [INFO] IP:3348 - RTE Config file name : RTE_Component
2026-02-22 19:37:54,855 [INFO] IP:3366 - RTE template : RTE_Components.ftl
2026-02-22 19:37:54,855 [INFO] CodeGenerator:2119 - Add RTE Code Input 
2026-02-22 19:37:54,867 [INFO] CodeEngine:255 - oldGeneratedFile, C:\git\VehiculoTT\HMITT\Core\Inc\RTE_Components.h_save
2026-02-22 19:37:54,939 [INFO] CodeEngine:279 - Generated code: C:\git\VehiculoTT\HMITT\Core\Inc\RTE_Components.h
2026-02-22 19:37:54,969 [INFO] CodeEngine:255 - oldGeneratedFile, C:\git\VehiculoTT\HMITT\Core\Src\stm32f4xx_hal_msp.c_save
2026-02-22 19:37:55,081 [INFO] CodeEngine:279 - Generated code: C:\git\VehiculoTT\HMITT\Core\Src\stm32f4xx_hal_msp.c
2026-02-22 19:37:55,088 [INFO] CodeEngine:255 - oldGeneratedFile, C:\git\VehiculoTT\HMITT\MXTmpFiles\system.tmp_save
2026-02-22 19:37:55,151 [INFO] CodeEngine:279 - Generated code: C:\git\VehiculoTT\HMITT\MXTmpFiles\system.tmp
2026-02-22 19:37:55,178 [INFO] CodeEngine:311 - oldGeneratedFile, C:\git\VehiculoTT\HMITT\Core\Inc\stm32f4xx_hal_conf.h_save
2026-02-22 19:37:55,285 [INFO] CodeEngine:335 - Generated code: C:\git\VehiculoTT\HMITT\Core\Inc\stm32f4xx_hal_conf.h
2026-02-22 19:37:55,315 [WARN] IPConfigManager:3513 - IP not found : TIM
2026-02-22 19:37:55,316 [WARN] CodeGenerator:3951 - IP not found : null
2026-02-22 19:37:55,343 [INFO] CodeEngine:255 - oldGeneratedFile, C:\git\VehiculoTT\HMITT\Core\Inc\main.h_save
2026-02-22 19:37:55,436 [INFO] CodeEngine:279 - Generated code: C:\git\VehiculoTT\HMITT\Core\Inc\main.h
2026-02-22 19:37:55,457 [INFO] CodeEngine:255 - oldGeneratedFile, C:\git\VehiculoTT\HMITT\Core\Src\main.c_save
2026-02-22 19:37:55,592 [INFO] CodeEngine:279 - Generated code: C:\git\VehiculoTT\HMITT\Core\Src\main.c
2026-02-22 19:37:56,356 [INFO] ProjectBuilder:3163 - Time for Copy HAL[1] : 450mS.
2026-02-22 19:37:56,356 [ERROR] Middleware:2969 - Invalid RefComponent liste
2026-02-22 19:37:56,356 [ERROR] Middleware:2969 - Invalid RefComponent liste
2026-02-22 19:37:56,356 [ERROR] Middleware:2969 - Invalid RefComponent liste
2026-02-22 19:37:56,356 [ERROR] Middleware:2969 - Invalid RefComponent liste
2026-02-22 19:37:56,356 [ERROR] Middleware:2969 - Invalid RefComponent liste
2026-02-22 19:37:56,356 [ERROR] Middleware:2969 - Invalid RefComponent liste
2026-02-22 19:37:56,356 [ERROR] Middleware:2969 - Invalid RefComponent liste
2026-02-22 19:37:56,356 [ERROR] Middleware:2969 - Invalid RefComponent liste
2026-02-22 19:37:56,356 [ERROR] Middleware:2969 - Invalid RefComponent liste
2026-02-22 19:37:56,356 [ERROR] Middleware:2969 - Invalid RefComponent liste
2026-02-22 19:37:56,356 [ERROR] Middleware:2969 - Invalid RefComponent liste
2026-02-22 19:37:56,356 [ERROR] Middleware:2969 - Invalid RefComponent liste
2026-02-22 19:37:56,356 [ERROR] Middleware:2969 - Invalid RefComponent liste
2026-02-22 19:37:56,356 [ERROR] Middleware:2969 - Invalid RefComponent liste
2026-02-22 19:37:56,356 [ERROR] Middleware:2969 - Invalid RefComponent liste
2026-02-22 19:37:56,356 [ERROR] Middleware:2969 - Invalid RefComponent liste
2026-02-22 19:37:56,356 [ERROR] Middleware:2969 - Invalid RefComponent liste
2026-02-22 19:37:56,356 [ERROR] Middleware:2969 - Invalid RefComponent liste
2026-02-22 19:37:56,356 [ERROR] Middleware:2969 - Invalid RefComponent liste
2026-02-22 19:37:56,356 [ERROR] Middleware:2969 - Invalid RefComponent liste
2026-02-22 19:37:56,356 [ERROR] Middleware:2969 - Invalid RefComponent liste
2026-02-22 19:37:56,356 [ERROR] Middleware:2969 - Invalid RefComponent liste
2026-02-22 19:37:56,356 [ERROR] Middleware:2969 - Invalid RefComponent liste
2026-02-22 19:37:56,356 [ERROR] Middleware:2969 - Invalid RefComponent liste
2026-02-22 19:37:56,357 [ERROR] Middleware:2969 - Invalid RefComponent liste
2026-02-22 19:37:56,357 [ERROR] Middleware:2969 - Invalid RefComponent liste
2026-02-22 19:37:56,357 [ERROR] Middleware:2969 - Invalid RefComponent liste
2026-02-22 19:37:56,357 [ERROR] Middleware:2969 - Invalid RefComponent liste
2026-02-22 19:37:56,357 [ERROR] Middleware:2969 - Invalid RefComponent liste
2026-02-22 19:37:56,357 [ERROR] Middleware:2969 - Invalid RefComponent liste
2026-02-22 19:37:56,357 [ERROR] Middleware:2969 - Invalid RefComponent liste
2026-02-22 19:37:56,357 [ERROR] Middleware:2969 - Invalid RefComponent liste
2026-02-22 19:37:56,357 [ERROR] Middleware:2969 - Invalid RefComponent liste
2026-02-22 19:37:56,357 [ERROR] Middleware:2969 - Invalid RefComponent liste
2026-02-22 19:37:56,357 [ERROR] Middleware:2969 - Invalid RefComponent liste
2026-02-22 19:37:56,357 [ERROR] Middleware:2969 - Invalid RefComponent liste
2026-02-22 19:37:56,357 [ERROR] Middleware:2969 - Invalid RefComponent liste
2026-02-22 19:37:56,357 [ERROR] Middleware:2969 - Invalid RefComponent liste
2026-02-22 19:37:56,357 [ERROR] Middleware:2969 - Invalid RefComponent liste
2026-02-22 19:37:56,357 [ERROR] Middleware:2969 - Invalid RefComponent liste
2026-02-22 19:37:56,357 [ERROR] Middleware:2969 - Invalid RefComponent liste
2026-02-22 19:37:56,357 [ERROR] Middleware:2969 - Invalid RefComponent liste
2026-02-22 19:37:56,357 [ERROR] Middleware:2969 - Invalid RefComponent liste
2026-02-22 19:37:56,357 [ERROR] Middleware:2969 - Invalid RefComponent liste
2026-02-22 19:37:56,357 [ERROR] Middleware:2969 - Invalid RefComponent liste
2026-02-22 19:37:56,357 [ERROR] Middleware:2969 - Invalid RefComponent liste
2026-02-22 19:37:56,357 [ERROR] Middleware:2969 - Invalid RefComponent liste
2026-02-22 19:37:56,357 [ERROR] Middleware:2969 - Invalid RefComponent liste
2026-02-22 19:37:56,357 [ERROR] Middleware:2969 - Invalid RefComponent liste
2026-02-22 19:37:56,357 [ERROR] Middleware:2969 - Invalid RefComponent liste
2026-02-22 19:37:56,357 [ERROR] Middleware:2969 - Invalid RefComponent liste
2026-02-22 19:37:56,357 [ERROR] Middleware:2969 - Invalid RefComponent liste
2026-02-22 19:37:56,357 [ERROR] Middleware:2969 - Invalid RefComponent liste
2026-02-22 19:37:56,357 [ERROR] Middleware:2969 - Invalid RefComponent liste
2026-02-22 19:37:56,357 [ERROR] Middleware:2969 - Invalid RefComponent liste
2026-02-22 19:37:56,357 [ERROR] Middleware:2969 - Invalid RefComponent liste
2026-02-22 19:37:56,357 [ERROR] Middleware:2969 - Invalid RefComponent liste
2026-02-22 19:37:56,358 [ERROR] Middleware:2969 - Invalid RefComponent liste
2026-02-22 19:37:56,358 [ERROR] Middleware:2969 - Invalid RefComponent liste
2026-02-22 19:37:56,358 [ERROR] Middleware:2969 - Invalid RefComponent liste
2026-02-22 19:37:56,358 [ERROR] Middleware:2969 - Invalid RefComponent liste
2026-02-22 19:37:56,358 [ERROR] Middleware:2969 - Invalid RefComponent liste
2026-02-22 19:37:56,358 [ERROR] Middleware:2969 - Invalid RefComponent liste
2026-02-22 19:37:56,358 [ERROR] Middleware:2969 - Invalid RefComponent liste
2026-02-22 19:37:56,358 [ERROR] Middleware:2969 - Invalid RefComponent liste
2026-02-22 19:37:56,358 [ERROR] Middleware:2969 - Invalid RefComponent liste
2026-02-22 19:37:56,358 [ERROR] Middleware:2969 - Invalid RefComponent liste
2026-02-22 19:37:56,358 [ERROR] Middleware:2969 - Invalid RefComponent liste
2026-02-22 19:37:56,358 [ERROR] Middleware:2969 - Invalid RefComponent liste
2026-02-22 19:37:56,358 [ERROR] Middleware:2969 - Invalid RefComponent liste
2026-02-22 19:37:56,358 [ERROR] Middleware:2969 - Invalid RefComponent liste
2026-02-22 19:37:56,358 [ERROR] Middleware:2969 - Invalid RefComponent liste
2026-02-22 19:37:56,358 [ERROR] Middleware:2969 - Invalid RefComponent liste
2026-02-22 19:37:56,358 [ERROR] Middleware:2969 - Invalid RefComponent liste
2026-02-22 19:37:56,358 [ERROR] Middleware:2969 - Invalid RefComponent liste
2026-02-22 19:37:56,358 [ERROR] Middleware:2969 - Invalid RefComponent liste
2026-02-22 19:37:56,358 [ERROR] Middleware:2969 - Invalid RefComponent liste
2026-02-22 19:37:56,358 [ERROR] Middleware:2969 - Invalid RefComponent liste
2026-02-22 19:37:56,358 [ERROR] Middleware:2969 - Invalid RefComponent liste
2026-02-22 19:37:56,358 [ERROR] Middleware:2969 - Invalid RefComponent liste
2026-02-22 19:37:56,358 [ERROR] Middleware:2969 - Invalid RefComponent liste
2026-02-22 19:37:56,358 [ERROR] Middleware:2969 - Invalid RefComponent liste
2026-02-22 19:37:56,358 [ERROR] Middleware:2969 - Invalid RefComponent liste
2026-02-22 19:37:56,358 [ERROR] Middleware:2969 - Invalid RefComponent liste
2026-02-22 19:37:56,358 [ERROR] Middleware:2969 - Invalid RefComponent liste
2026-02-22 19:37:56,358 [ERROR] Middleware:2969 - Invalid RefComponent liste
2026-02-22 19:37:56,358 [ERROR] Middleware:2969 - Invalid RefComponent liste
2026-02-22 19:37:56,358 [ERROR] Middleware:2969 - Invalid RefComponent liste
2026-02-22 19:37:56,358 [ERROR] Middleware:2969 - Invalid RefComponent liste
2026-02-22 19:37:56,358 [ERROR] Middleware:2969 - Invalid RefComponent liste
2026-02-22 19:37:56,358 [ERROR] Middleware:2969 - Invalid RefComponent liste
2026-02-22 19:37:56,358 [ERROR] Middleware:2969 - Invalid RefComponent liste
2026-02-22 19:37:56,358 [ERROR] Middleware:2969 - Invalid RefComponent liste
2026-02-22 19:37:56,358 [ERROR] Middleware:2969 - Invalid RefComponent liste
2026-02-22 19:37:56,358 [ERROR] Middleware:2969 - Invalid RefComponent liste
2026-02-22 19:37:56,358 [ERROR] Middleware:2969 - Invalid RefComponent liste
2026-02-22 19:37:56,359 [ERROR] Middleware:2969 - Invalid RefComponent liste
2026-02-22 19:37:56,359 [ERROR] Middleware:2969 - Invalid RefComponent liste
2026-02-22 19:37:56,359 [ERROR] Middleware:2969 - Invalid RefComponent liste
2026-02-22 19:37:56,359 [ERROR] Middleware:2969 - Invalid RefComponent liste
2026-02-22 19:37:56,359 [ERROR] Middleware:2969 - Invalid RefComponent liste
2026-02-22 19:37:56,359 [ERROR] Middleware:2969 - Invalid RefComponent liste
2026-02-22 19:37:56,373 [INFO] ProjectBuilder:4736 - Project Generator version: 4.3.0-B58
2026-02-22 19:37:56,436 [INFO] ConfigFileManager:1503 - The Die is : DIE431
2026-02-22 19:37:58,319 [INFO] ProjectBuilder:5002 - Time for Generating toolchain IDE Files: 1946mS.
2026-02-22 19:37:58,320 [INFO] ProjectBuilder:3034 - Time for Copy CMSIS : 1mS.
2026-02-22 19:37:58,427 [INFO] ProjectBuilder:3034 - Time for Copy CMSIS : 0mS.
2026-02-22 19:39:27,431 [INFO] NvicIntPanel:101 - NVIC parent = com.st.microxplorer.plugins.ip.nvic.MultiNvicIntPanel[,0,0,497x222,layout=javax.swing.BoxLayout,alignmentX=0.0,alignmentY=0.0,border=,flags=9,maximumSize=,minimumSize=,preferredSize=]
2026-02-22 19:39:37,395 [INFO] NvicIntPanel:101 - NVIC parent = com.st.microxplorer.plugins.ip.nvic.MultiNvicIntPanel[,0,0,0x0,invalid,layout=javax.swing.BoxLayout,alignmentX=0.0,alignmentY=0.0,border=,flags=9,maximumSize=,minimumSize=,preferredSize=]
2026-02-22 19:39:51,236 [INFO] MainUpdater:2873 - connection check result : 10
2026-02-22 19:39:51,236 [INFO] MainUpdater:2873 - connection check result : 10
2026-02-22 19:39:51,297 [INFO] MicroXplorer:468 - Change Database Path : 
2026-02-22 19:39:51,297 [INFO] MicroXplorer:498 - Change Database Version : DB.6.0.110
2026-02-22 19:39:51,318 [ERROR] ProjectManagerView:394 - 
java.lang.NullPointerException: Cannot invoke "javax.swing.JTextField.getText()" because the return value of "java.util.List.get(int)" is null
	at com.st.microxplorer.plugins.projectmanager.gui.ProjectChoiceTab$10.caretUpdate(ProjectChoiceTab.java:2504) ~[filemanager.jar:?]
	at javax.swing.text.JTextComponent.fireCaretUpdate(JTextComponent.java:412) ~[?:?]
	at javax.swing.text.JTextComponent$MutableCaretEvent.fire(JTextComponent.java:4491) ~[?:?]
	at javax.swing.text.JTextComponent$MutableCaretEvent.stateChanged(JTextComponent.java:4513) ~[?:?]
	at javax.swing.text.DefaultCaret.fireStateChanged(DefaultCaret.java:842) ~[?:?]
	at javax.swing.text.DefaultCaret.changeCaretPosition(DefaultCaret.java:1313) ~[?:?]
	at javax.swing.text.DefaultCaret.handleSetDot(DefaultCaret.java:1212) ~[?:?]
	at javax.swing.text.DefaultCaret.setDot(DefaultCaret.java:1193) ~[?:?]
	at javax.swing.text.DefaultCaret$Handler.insertUpdate(DefaultCaret.java:1789) ~[?:?]
	at javax.swing.text.AbstractDocument.fireInsertUpdate(AbstractDocument.java:226) ~[?:?]
	at javax.swing.text.AbstractDocument.handleInsertString(AbstractDocument.java:780) ~[?:?]
	at javax.swing.text.AbstractDocument.insertString(AbstractDocument.java:739) ~[?:?]
	at javax.swing.text.PlainDocument.insertString(PlainDocument.java:131) ~[?:?]
	at javax.swing.text.AbstractDocument.replace(AbstractDocument.java:698) ~[?:?]
	at javax.swing.text.JTextComponent.setText(JTextComponent.java:1729) ~[?:?]
	at com.st.microxplorer.plugins.projectmanager.gui.ProjectChoiceTab.createHeapStackFields(ProjectChoiceTab.java:944) ~[filemanager.jar:?]
	at com.st.microxplorer.plugins.projectmanager.gui.ProjectChoiceTab.buildLinkSettingsPanel(ProjectChoiceTab.java:3475) ~[filemanager.jar:?]
	at com.st.microxplorer.plugins.projectmanager.gui.ProjectChoiceTab.defineWindowsFields(ProjectChoiceTab.java:1816) ~[filemanager.jar:?]
	at com.st.microxplorer.plugins.projectmanager.gui.ProjectChoiceTab.updateSettings(ProjectChoiceTab.java:544) ~[filemanager.jar:?]
	at com.st.microxplorer.plugins.projectmanager.gui.ProjectSettingsPanel.UpdateDialog(ProjectSettingsPanel.java:245) ~[filemanager.jar:?]
	at com.st.microxplorer.plugins.projectmanager.ProjectManagerView.propertyChange(ProjectManagerView.java:391) ~[filemanager.jar:?]
	at java.beans.PropertyChangeSupport.fire(PropertyChangeSupport.java:343) ~[?:?]
	at java.beans.PropertyChangeSupport.firePropertyChange(PropertyChangeSupport.java:335) ~[?:?]
	at java.beans.PropertyChangeSupport.firePropertyChange(PropertyChangeSupport.java:268) ~[?:?]
	at com.st.microxplorer.util.MXPropertyChangeSupport.firePropertyChange(MXPropertyChangeSupport.java:54) ~[STM32CubeMX.jar:?]
	at com.st.microxplorer.mxsystem.MxSystem.closeConfig(MxSystem.java:900) ~[STM32CubeMX.jar:?]
	at com.st.microxplorer.maingui.MainPanel.closeConfig(MainPanel.java:776) ~[STM32CubeMX.jar:?]
	at com.st.microxplorer.plugins.filemanager.engine.OpenFileManager.loadConfigurationFile(OpenFileManager.java:245) ~[filemanager.jar:?]
	at com.st.microxplorer.plugins.filemanager.engine.MainFileManager.userLoadConfig(MainFileManager.java:315) ~[filemanager.jar:?]
	at com.st.microxplorer.plugins.filemanager.engine.MainFileManager.userLoadConfig(MainFileManager.java:293) ~[filemanager.jar:?]
	at com.st.microxplorer.plugins.filemanager.FileManagerView.getSpecificTask(FileManagerView.java:247) ~[filemanager.jar:?]
	at com.st.stm32cube.common.mx.editor.CubeMxEditor.getMxTabbedPaneInstance(CubeMxEditor.java:1198) ~[com.st.stm32cube.common.mx_6.11.0.202403141607/:?]
	at com.st.stm32cube.common.mx.editor.CubeMxEditor$12$1.createSwingComponent(CubeMxEditor.java:1068) ~[com.st.stm32cube.common.mx_6.11.0.202403141607/:?]
	at com.st.stm32cube.common.mx.oss.core.awtswtbridge.EmbeddedSwingComposite.doComponentCreation(EmbeddedSwingComposite.java:492) ~[com.st.stm32cube.common.mx.oss_6.11.0.202403141607/:?]
	at com.st.stm32cube.common.mx.oss.core.awtswtbridge.EmbeddedSwingComposite$4.run(EmbeddedSwingComposite.java:291) ~[com.st.stm32cube.common.mx.oss_6.11.0.202403141607/:?]
	at com.st.stm32cube.common.mx.oss.core.awtswtbridge.AwtEnvironment$2.run(AwtEnvironment.java:166) ~[com.st.stm32cube.common.mx.oss_6.11.0.202403141607/:?]
	at java.awt.event.InvocationEvent.dispatch(InvocationEvent.java:318) ~[?:?]
	at java.awt.EventQueue.dispatchEventImpl(EventQueue.java:773) ~[?:?]
	at java.awt.EventQueue$4.run(EventQueue.java:720) ~[?:?]
	at java.awt.EventQueue$4.run(EventQueue.java:714) ~[?:?]
	at java.security.AccessController.doPrivileged(AccessController.java:399) ~[?:?]
	at java.security.ProtectionDomain$JavaSecurityAccessImpl.doIntersectionPrivilege(ProtectionDomain.java:86) ~[?:?]
	at java.awt.EventQueue.dispatchEvent(EventQueue.java:742) ~[?:?]
	at java.awt.EventDispatchThread.pumpOneEventForFilters(EventDispatchThread.java:203) ~[?:?]
	at java.awt.EventDispatchThread.pumpEventsForFilter(EventDispatchThread.java:124) ~[?:?]
	at java.awt.EventDispatchThread.pumpEventsForHierarchy(EventDispatchThread.java:113) ~[?:?]
	at java.awt.EventDispatchThread.pumpEvents(EventDispatchThread.java:109) ~[?:?]
	at java.awt.EventDispatchThread.pumpEvents(EventDispatchThread.java:101) ~[?:?]
	at java.awt.EventDispatchThread.run(EventDispatchThread.java:90) ~[?:?]
2026-02-22 19:39:51,379 [WARN] ThirdParty:871 - waiting for thirdparty lock release [close project]
2026-02-22 19:39:51,380 [INFO] ThirdParty:873 - entering critical section [close project]
2026-02-22 19:39:51,381 [INFO] ThirdParty:883 - exiting critical section [close project]
2026-02-22 19:39:51,382 [INFO] PinOutPanel:1561 - setPackage(No Configuration,No Configuration)
2026-02-22 19:39:51,387 [WARN] IpParametersView:151 - Warning: This peripheral hasn't parameters
2026-02-22 19:39:51,390 [WARN] MainPanel:272 - <html><b><center>Warning: This peripheral has no parameters to be configured<br></b></html>
2026-02-22 19:39:51,416 [INFO] UtilMem:75 - Begin LoadConfig() Used Memory: 918421792 Bytes (1073741824)
2026-02-22 19:39:51,416 [INFO] MicroXplorer:468 - Change Database Path : 
2026-02-22 19:39:51,416 [INFO] MicroXplorer:498 - Change Database Version : DB.6.0.110
2026-02-22 19:39:51,416 [INFO] OpenFileManager:312 - Change cursor
2026-02-22 19:39:51,440 [INFO] RulesReader:64 - Compatibility file has been processed (297 Rules)
2026-02-22 19:39:51,455 [INFO] Mcu:2021 - Initializing MCU STM32F411C(C-E)Ux STM32F411CEUx STM32F411CEU6
2026-02-22 19:39:52,451 [INFO] Context:663 - Trying to add GPIOservice into a context  which must be forbidden
2026-02-22 19:39:52,825 [INFO] RtosManager:555 - Registered RTOS mode: class=CMSIS, group=RTOS, mode=CMSIS_V1, owner=FREERTOS
2026-02-22 19:39:52,825 [INFO] RtosManager:555 - Registered RTOS mode: class=CMSIS, group=RTOS2, mode=CMSIS_V2, owner=FREERTOS
2026-02-22 19:39:52,825 [INFO] RtosManager:555 - Registered RTOS mode: class=RTOS, group=Core, mode=CMSIS_V1, owner=FREERTOS
2026-02-22 19:39:52,825 [INFO] RtosManager:555 - Registered RTOS mode: class=RTOS, group=Core, mode=CMSIS_V2, owner=FREERTOS
2026-02-22 19:39:52,825 [WARN] ModelIntegratedComponent:184 - Missing modes for component STMicroelectronics:FreeRTOS:0.0.1:STMicroelectronics:RTOS:FreeRTOS:Core:::10.2.0:
2026-02-22 19:39:52,829 [WARN] ModelIntegratedComponent:63 - No mode defined for component null
2026-02-22 19:39:52,829 [WARN] ModelIntegratedComponent:63 - No mode defined for component null
2026-02-22 19:39:52,829 [WARN] ModelIntegratedComponent:63 - No mode defined for component null
2026-02-22 19:39:52,829 [WARN] ModelIntegratedComponent:63 - No mode defined for component null
2026-02-22 19:39:52,829 [WARN] ModelIntegratedComponent:63 - No mode defined for component null
2026-02-22 19:39:52,829 [WARN] ModelIntegratedComponent:63 - No mode defined for component null
2026-02-22 19:39:52,829 [WARN] ModelIntegratedComponent:63 - No mode defined for component null
2026-02-22 19:39:52,829 [WARN] ModelIntegratedComponent:63 - No mode defined for component null
2026-02-22 19:39:52,829 [WARN] ModelIntegratedComponent:63 - No mode defined for component null
2026-02-22 19:39:52,829 [WARN] ModelIntegratedComponent:63 - No mode defined for component null
2026-02-22 19:39:52,829 [WARN] ModelIntegratedComponent:63 - No mode defined for component null
2026-02-22 19:39:52,829 [WARN] ModelIntegratedComponent:63 - No mode defined for component null
2026-02-22 19:39:52,829 [WARN] ModelIntegratedComponent:63 - No mode defined for component null
2026-02-22 19:39:52,829 [WARN] ModelIntegratedComponent:63 - No mode defined for component null
2026-02-22 19:39:52,829 [WARN] ModelIntegratedComponent:63 - No mode defined for component null
2026-02-22 19:39:52,829 [WARN] ModelIntegratedComponent:63 - No mode defined for component null
2026-02-22 19:39:52,829 [WARN] ModelIntegratedComponent:63 - No mode defined for component null
2026-02-22 19:39:52,829 [WARN] ModelIntegratedComponent:63 - No mode defined for component null
2026-02-22 19:39:52,829 [WARN] ModelIntegratedComponent:63 - No mode defined for component null
2026-02-22 19:39:52,829 [WARN] ModelIntegratedComponent:63 - No mode defined for component null
2026-02-22 19:39:52,829 [WARN] ModelIntegratedComponent:63 - No mode defined for component null
2026-02-22 19:39:52,829 [WARN] ModelIntegratedComponent:63 - No mode defined for component null
2026-02-22 19:39:52,829 [WARN] ModelIntegratedComponent:63 - No mode defined for component null
2026-02-22 19:39:52,829 [WARN] ModelIntegratedComponent:63 - No mode defined for component null
2026-02-22 19:39:52,829 [WARN] ModelIntegratedComponent:63 - No mode defined for component null
2026-02-22 19:39:52,829 [WARN] ModelIntegratedComponent:63 - No mode defined for component null
2026-02-22 19:39:52,829 [WARN] ModelIntegratedComponent:63 - No mode defined for component null
2026-02-22 19:39:52,829 [WARN] ModelIntegratedComponent:63 - No mode defined for component null
2026-02-22 19:39:52,829 [WARN] ModelIntegratedComponent:63 - No mode defined for component null
2026-02-22 19:39:52,829 [WARN] ModelIntegratedComponent:63 - No mode defined for component null
2026-02-22 19:39:52,829 [WARN] ModelIntegratedComponent:63 - No mode defined for component null
2026-02-22 19:39:52,829 [WARN] ModelIntegratedComponent:63 - No mode defined for component null
2026-02-22 19:39:52,829 [WARN] ModelIntegratedComponent:63 - No mode defined for component null
2026-02-22 19:39:52,830 [WARN] ModelIntegratedComponent:63 - No mode defined for component null
2026-02-22 19:39:52,904 [WARN] ModelIntegratedComponent:182 - Modes not found for component STMicroelectronics:USB_DEVICE:1.0.0:STMicroelectronics:USB::USB Device:Audio HS::1.0:USB_DEVICE_1_0_RESTRICTED_HS
2026-02-22 19:39:52,904 [WARN] ModelIntegratedComponent:188 - Modes not found for component STMicroelectronics:USB_DEVICE:1.0.0:STMicroelectronics:USB::USB Device:Audio HS::1.0:USB_DEVICE_1_0_RESTRICTED_HS
2026-02-22 19:39:52,904 [WARN] ModelIntegratedComponent:182 - Modes not found for component STMicroelectronics:USB_DEVICE:1.0.0:STMicroelectronics:USB::USB Device:CDC HS::1.0:USB_DEVICE_1_0_RESTRICTED_HS
2026-02-22 19:39:52,904 [WARN] ModelIntegratedComponent:188 - Modes not found for component STMicroelectronics:USB_DEVICE:1.0.0:STMicroelectronics:USB::USB Device:CDC HS::1.0:USB_DEVICE_1_0_RESTRICTED_HS
2026-02-22 19:39:52,904 [WARN] ModelIntegratedComponent:182 - Modes not found for component STMicroelectronics:USB_DEVICE:1.0.0:STMicroelectronics:USB::USB Device:DFU HS::1.0:USB_DEVICE_1_0_RESTRICTED_HS
2026-02-22 19:39:52,905 [WARN] ModelIntegratedComponent:188 - Modes not found for component STMicroelectronics:USB_DEVICE:1.0.0:STMicroelectronics:USB::USB Device:DFU HS::1.0:USB_DEVICE_1_0_RESTRICTED_HS
2026-02-22 19:39:52,905 [WARN] ModelIntegratedComponent:182 - Modes not found for component STMicroelectronics:USB_DEVICE:1.0.0:STMicroelectronics:USB::USB Device:HID HS::1.0:USB_DEVICE_1_0_RESTRICTED_HS
2026-02-22 19:39:52,905 [WARN] ModelIntegratedComponent:188 - Modes not found for component STMicroelectronics:USB_DEVICE:1.0.0:STMicroelectronics:USB::USB Device:HID HS::1.0:USB_DEVICE_1_0_RESTRICTED_HS
2026-02-22 19:39:52,905 [WARN] ModelIntegratedComponent:182 - Modes not found for component STMicroelectronics:USB_DEVICE:1.0.0:STMicroelectronics:USB::USB Device:Custom HID HS::1.0:USB_DEVICE_1_0_RESTRICTED_HS
2026-02-22 19:39:52,905 [WARN] ModelIntegratedComponent:188 - Modes not found for component STMicroelectronics:USB_DEVICE:1.0.0:STMicroelectronics:USB::USB Device:Custom HID HS::1.0:USB_DEVICE_1_0_RESTRICTED_HS
2026-02-22 19:39:52,905 [WARN] ModelIntegratedComponent:182 - Modes not found for component STMicroelectronics:USB_DEVICE:1.0.0:STMicroelectronics:USB::USB Device:MSC HS::1.0:USB_DEVICE_1_0_RESTRICTED_HS
2026-02-22 19:39:52,905 [WARN] ModelIntegratedComponent:188 - Modes not found for component STMicroelectronics:USB_DEVICE:1.0.0:STMicroelectronics:USB::USB Device:MSC HS::1.0:USB_DEVICE_1_0_RESTRICTED_HS
2026-02-22 19:39:53,042 [WARN] ModelIntegratedComponent:182 - Modes not found for component STMicroelectronics:USB_HOST:1.0.0:STMicroelectronics:USB::USB Host:Audio HS::1.0:USB_HOST_1_0_RESTRICTED_HS
2026-02-22 19:39:53,042 [WARN] ModelIntegratedComponent:188 - Modes not found for component STMicroelectronics:USB_HOST:1.0.0:STMicroelectronics:USB::USB Host:Audio HS::1.0:USB_HOST_1_0_RESTRICTED_HS
2026-02-22 19:39:53,042 [WARN] ModelIntegratedComponent:182 - Modes not found for component STMicroelectronics:USB_HOST:1.0.0:STMicroelectronics:USB::USB Host:CDC HS::1.0:USB_HOST_1_0_RESTRICTED_HS
2026-02-22 19:39:53,042 [WARN] ModelIntegratedComponent:188 - Modes not found for component STMicroelectronics:USB_HOST:1.0.0:STMicroelectronics:USB::USB Host:CDC HS::1.0:USB_HOST_1_0_RESTRICTED_HS
2026-02-22 19:39:53,042 [WARN] ModelIntegratedComponent:182 - Modes not found for component STMicroelectronics:USB_HOST:1.0.0:STMicroelectronics:USB::USB Host:MSC HS::1.0:USB_HOST_1_0_RESTRICTED_HS
2026-02-22 19:39:53,042 [WARN] ModelIntegratedComponent:188 - Modes not found for component STMicroelectronics:USB_HOST:1.0.0:STMicroelectronics:USB::USB Host:MSC HS::1.0:USB_HOST_1_0_RESTRICTED_HS
2026-02-22 19:39:53,042 [WARN] ModelIntegratedComponent:182 - Modes not found for component STMicroelectronics:USB_HOST:1.0.0:STMicroelectronics:USB::USB Host:HID HS::1.0:USB_HOST_1_0_RESTRICTED_HS
2026-02-22 19:39:53,042 [WARN] ModelIntegratedComponent:188 - Modes not found for component STMicroelectronics:USB_HOST:1.0.0:STMicroelectronics:USB::USB Host:HID HS::1.0:USB_HOST_1_0_RESTRICTED_HS
2026-02-22 19:39:53,042 [WARN] ModelIntegratedComponent:182 - Modes not found for component STMicroelectronics:USB_HOST:1.0.0:STMicroelectronics:USB::USB Host:MTP HS::1.0:USB_HOST_1_0_RESTRICTED_HS
2026-02-22 19:39:53,043 [WARN] ModelIntegratedComponent:188 - Modes not found for component STMicroelectronics:USB_HOST:1.0.0:STMicroelectronics:USB::USB Host:MTP HS::1.0:USB_HOST_1_0_RESTRICTED_HS
2026-02-22 19:39:53,172 [INFO] ThirdPartyModel:298 - Start build external matchings
2026-02-22 19:39:55,290 [INFO] ThirdPartyModel:316 - End build external matchings
2026-02-22 19:39:55,323 [INFO] RtosManager:919 - Current active RTOS is FREERTOS [Cortex-M4NS]
2026-02-22 19:39:55,329 [INFO] ImportTextPane:194 - (OptionalMessage_ERROR) IP (DMA) : Parameter (Instance) has Id (USART1_RX) currently not set
2026-02-22 19:39:55,329 [INFO] ImportTextPane:194 - (OptionalMessage_ERROR) IP (DMA) : Parameter (Channel) has Id (USART1_RX) currently not set
2026-02-22 19:39:55,329 [INFO] ImportTextPane:194 - (OptionalMessage_ERROR) IP (DMA) : Parameter (Direction) has Id (USART1_RX) currently not set
2026-02-22 19:39:55,329 [INFO] ImportTextPane:194 - (OptionalMessage_ERROR) IP (DMA) : Parameter (PeriphInc) has Id (USART1_RX) currently not set
2026-02-22 19:39:55,329 [INFO] ImportTextPane:194 - (OptionalMessage_ERROR) IP (DMA) : Parameter (MemInc) has Id (USART1_RX) currently not set
2026-02-22 19:39:55,329 [INFO] ImportTextPane:194 - (OptionalMessage_ERROR) IP (DMA) : Parameter (PeriphDataAlignment) has Id (USART1_RX) currently not set
2026-02-22 19:39:55,329 [INFO] ImportTextPane:194 - (OptionalMessage_ERROR) IP (DMA) : Parameter (MemDataAlignment) has Id (USART1_RX) currently not set
2026-02-22 19:39:55,329 [INFO] ImportTextPane:194 - (OptionalMessage_ERROR) IP (DMA) : Parameter (Mode) has Id (USART1_RX) currently not set
2026-02-22 19:39:55,330 [INFO] ImportTextPane:194 - (OptionalMessage_ERROR) IP (DMA) : Parameter (Priority) has Id (USART1_RX) currently not set
2026-02-22 19:39:55,330 [INFO] ImportTextPane:194 - (OptionalMessage_ERROR) IP (DMA) : Parameter (FIFOMode) has Id (USART1_RX) currently not set
2026-02-22 19:39:55,332 [INFO] ImportTextPane:194 - (OptionalMessage_ERROR) IP (RCC) : Parameter (RTCHSEDivFreq_Value) has invalid value (12500000)
2026-02-22 19:39:55,622 [INFO] UtilMem:75 - End LoadConfig() Used Memory: 927632880 Bytes (1073741824)
2026-02-22 19:39:55,670 [WARN] ThirdParty:833 - waiting for thirdparty lock release [change project]
2026-02-22 19:39:55,670 [INFO] ThirdParty:835 - entering critical section [change project]
2026-02-22 19:39:55,670 [INFO] ThirdParty:1030 - CMSIS Pack Vendor :STMicroelectronics X-CUBE-PM33A1 1.0.0
2026-02-22 19:39:55,670 [INFO] ThirdParty:1030 - CMSIS Pack Vendor :STMicroelectronics USBPD 4.1
2026-02-22 19:39:55,670 [INFO] ThirdParty:1030 - CMSIS Pack Vendor :STMicroelectronics X-CUBE-GNSS1 6.0.0
2026-02-22 19:39:55,670 [INFO] ThirdParty:1030 - CMSIS Pack Vendor :STMicroelectronics USB_HOST 2.0.0
2026-02-22 19:39:55,670 [INFO] ThirdParty:1030 - CMSIS Pack Vendor :STMicroelectronics FP-SNS-MOTENVWB1 1.4.0
2026-02-22 19:39:55,670 [INFO] ThirdParty:1030 - CMSIS Pack Vendor :STMicroelectronics X-CUBE-AZRTOS-F4 1.1.0
2026-02-22 19:39:55,670 [INFO] ThirdParty:1030 - CMSIS Pack Vendor :STMicroelectronics LIBJPEG 8.0.0
2026-02-22 19:39:55,670 [INFO] ThirdParty:1030 - CMSIS Pack Vendor :STMicroelectronics FP-ATR-ASTRA1 2.0.2
2026-02-22 19:39:55,670 [INFO] ThirdParty:1030 - CMSIS Pack Vendor :STMicroelectronics FP-ATR-ASTRA1 2.0.1
2026-02-22 19:39:55,670 [INFO] ThirdParty:1030 - CMSIS Pack Vendor :STMicroelectronics X-CUBE-SMBUS 2.1.0
2026-02-22 19:39:55,670 [INFO] ThirdParty:1030 - CMSIS Pack Vendor :STMicroelectronics X-CUBE-WB05N 1.1.0
2026-02-22 19:39:55,670 [INFO] ThirdParty:1030 - CMSIS Pack Vendor :STMicroelectronics X-CUBE-ISPU 2.1.0
2026-02-22 19:39:55,670 [INFO] ThirdParty:1030 - CMSIS Pack Vendor :STMicroelectronics X-CUBE-FREERTOS 1.2.0
2026-02-22 19:39:55,670 [INFO] ThirdParty:1030 - CMSIS Pack Vendor :STMicroelectronics X-CUBE-NFC12 1.0.0
2026-02-22 19:39:55,670 [INFO] ThirdParty:1030 - CMSIS Pack Vendor :STMicroelectronics X-CUBE-TOUCHGFX 4.23.2
2026-02-22 19:39:55,670 [INFO] ThirdParty:1030 - CMSIS Pack Vendor :STMicroelectronics X-CUBE-AZRTOS-F7 1.1.0
2026-02-22 19:39:55,670 [INFO] ThirdParty:1030 - CMSIS Pack Vendor :STMicroelectronics X-CUBE-AZRTOS-L5 2.0.0
2026-02-22 19:39:55,670 [INFO] ThirdParty:1030 - CMSIS Pack Vendor :STMicroelectronics USB_DEVICE 2.0.0
2026-02-22 19:39:55,670 [INFO] ThirdParty:1030 - CMSIS Pack Vendor :STMicroelectronics X-CUBE-NFC6 3.1.0
2026-02-22 19:39:55,670 [INFO] ThirdParty:1030 - CMSIS Pack Vendor :STMicroelectronics X-CUBE-MEMS1 11.0.0
2026-02-22 19:39:55,670 [INFO] ThirdParty:1030 - CMSIS Pack Vendor :STMicroelectronics FreeRTOS 0.0.1
2026-02-22 19:39:55,670 [INFO] ThirdParty:1030 - CMSIS Pack Vendor :STMicroelectronics X-CUBE-DPower 1.2.0
2026-02-22 19:39:55,670 [INFO] ThirdParty:1030 - CMSIS Pack Vendor :STMicroelectronics FP-SNS-FLIGHT1 5.0.2
2026-02-22 19:39:55,670 [INFO] ThirdParty:1030 - CMSIS Pack Vendor :STMicroelectronics X-CUBE-AI 9.0.0
2026-02-22 19:39:55,670 [INFO] ThirdParty:1030 - CMSIS Pack Vendor :STMicroelectronics PDM2PCM 3.3.0
2026-02-22 19:39:55,670 [INFO] ThirdParty:1030 - CMSIS Pack Vendor :STMicroelectronics X-CUBE-AZRTOS-H7 3.4.0
2026-02-22 19:39:55,670 [INFO] ThirdParty:1030 - CMSIS Pack Vendor :STMicroelectronics X-CUBE-DISPLAY 3.0.0
2026-02-22 19:39:55,670 [INFO] ThirdParty:1030 - CMSIS Pack Vendor :STMicroelectronics X-CUBE-BLE1 7.0.0
2026-02-22 19:39:55,670 [INFO] ThirdParty:1030 - CMSIS Pack Vendor :STMicroelectronics X-CUBE-NFC10 1.0.0
2026-02-22 19:39:55,670 [INFO] ThirdParty:1030 - CMSIS Pack Vendor :STMicroelectronics X-CUBE-BLEMGR 4.0.0
2026-02-22 19:39:55,670 [INFO] ThirdParty:1030 - CMSIS Pack Vendor :STMicroelectronics X-CUBE-FREERTOS 1.3.1
2026-02-22 19:39:55,670 [INFO] ThirdParty:1030 - CMSIS Pack Vendor :STMicroelectronics HAL Drivers 0.0.0
2026-02-22 19:39:55,670 [INFO] ThirdParty:1030 - CMSIS Pack Vendor :emotas I-CUBE-CANOPEN 1.3.0
2026-02-22 19:39:55,670 [INFO] ThirdParty:1030 - CMSIS Pack Vendor :STMicroelectronics X-CUBE-FREERTOS 1.3.0
2026-02-22 19:39:55,670 [INFO] ThirdParty:1030 - CMSIS Pack Vendor :STMicroelectronics X-CUBE-NFC7 1.0.1
2026-02-22 19:39:55,670 [INFO] ThirdParty:1030 - CMSIS Pack Vendor :STMicroelectronics MBEDTLS 2.14.1
2026-02-22 19:39:55,670 [INFO] ThirdParty:1030 - CMSIS Pack Vendor :STMicroelectronics X-CUBE-GNSS1 7.1.0
2026-02-22 19:39:55,670 [INFO] ThirdParty:1030 - CMSIS Pack Vendor :STMicroelectronics X-CUBE-TOUCHGFX 4.26.0
2026-02-22 19:39:55,670 [INFO] ThirdParty:1030 - CMSIS Pack Vendor :STMicroelectronics X-CUBE-BLEMGR 3.1.0
2026-02-22 19:39:55,670 [INFO] ThirdParty:1030 - CMSIS Pack Vendor :STMicroelectronics X-CUBE-AI 10.0.0
2026-02-22 19:39:55,670 [INFO] ThirdParty:1030 - CMSIS Pack Vendor :STMicroelectronics FP-SNS-SMARTAG2 1.2.0
2026-02-22 19:39:55,670 [INFO] ThirdParty:1030 - CMSIS Pack Vendor :STMicroelectronics X-CUBE-MEMS1 11.1.0
2026-02-22 19:39:55,670 [INFO] ThirdParty:1030 - CMSIS Pack Vendor :STMicroelectronics X-CUBE-AZRTOS-WL 2.0.0
2026-02-22 19:39:55,670 [INFO] ThirdParty:1030 - CMSIS Pack Vendor :STMicroelectronics X-CUBE-DPower 1.3.0
2026-02-22 19:39:55,670 [INFO] ThirdParty:1030 - CMSIS Pack Vendor :STMicroelectronics FP-SNS-MOTENV1 5.0.0
2026-02-22 19:39:55,670 [INFO] ThirdParty:1030 - CMSIS Pack Vendor :STMicroelectronics USB_DEVICE 1.0.0
2026-02-22 19:39:55,670 [INFO] ThirdParty:1030 - CMSIS Pack Vendor :STMicroelectronics X-CUBE-AZRTOS-H7RS 1.2.0
2026-02-22 19:39:55,671 [INFO] ThirdParty:1030 - CMSIS Pack Vendor :wolfSSL I-CUBE-wolfMQTT 1.19.0
2026-02-22 19:39:55,671 [INFO] ThirdParty:1030 - CMSIS Pack Vendor :STMicroelectronics X-CUBE-AZRTOS-L4 2.0.0
2026-02-22 19:39:55,671 [INFO] ThirdParty:1030 - CMSIS Pack Vendor :STMicroelectronics ThreadX 0.0.2
2026-02-22 19:39:55,671 [INFO] ThirdParty:1030 - CMSIS Pack Vendor :WES I-CUBE-Cesium 1.3.0
2026-02-22 19:39:55,671 [INFO] ThirdParty:1030 - CMSIS Pack Vendor :STMicroelectronics lwIP 2.1.2
2026-02-22 19:39:55,671 [INFO] ThirdParty:1030 - CMSIS Pack Vendor :STMicroelectronics X-CUBE-SFXS2LP1 4.0.0
2026-02-22 19:39:55,671 [INFO] ThirdParty:1030 - CMSIS Pack Vendor :STMicroelectronics X-CUBE-BLE2 3.3.0
2026-02-22 19:39:55,671 [INFO] ThirdParty:1030 - CMSIS Pack Vendor :STMicroelectronics PDM2PCM 3.2.0
2026-02-22 19:39:55,671 [INFO] ThirdParty:1030 - CMSIS Pack Vendor :STMicroelectronics X-CUBE-AZRTOS-H7 3.3.0
2026-02-22 19:39:55,671 [INFO] ThirdParty:1030 - CMSIS Pack Vendor :STMicroelectronics X-CUBE-NFC9 1.0.0
2026-02-22 19:39:55,671 [INFO] ThirdParty:1030 - CMSIS Pack Vendor :STMicroelectronics X-CUBE-BLE1 7.1.0
2026-02-22 19:39:55,671 [INFO] ThirdParty:1030 - CMSIS Pack Vendor :STMicroelectronics USB_DEVICE 3.0.0
2026-02-22 19:39:55,671 [INFO] ThirdParty:1030 - CMSIS Pack Vendor :STMicroelectronics X-CUBE-TCPP 4.1.0
2026-02-22 19:39:55,671 [INFO] ThirdParty:1030 - CMSIS Pack Vendor :STMicroelectronics X-CUBE-EEPRMA1 5.2.0
2026-02-22 19:39:55,671 [INFO] ThirdParty:1030 - CMSIS Pack Vendor :STMicroelectronics X-CUBE-IPS 3.0.0
2026-02-22 19:39:55,671 [INFO] ThirdParty:1030 - CMSIS Pack Vendor :STMicroelectronics X-CUBE-AZRTOS-WB 2.0.0
2026-02-22 19:39:55,671 [INFO] ThirdParty:1030 - CMSIS Pack Vendor :STMicroelectronics X-CUBE-GNSS1 7.0.0
2026-02-22 19:39:55,671 [INFO] ThirdParty:1030 - CMSIS Pack Vendor :STMicroelectronics X-CUBE-GNSS1 7.0.1
2026-02-22 19:39:55,671 [INFO] ThirdParty:1030 - CMSIS Pack Vendor :STMicroelectronics X-CUBE-TOUCHGFX 4.25.0
2026-02-22 19:39:55,671 [INFO] ThirdParty:1030 - CMSIS Pack Vendor :STMicroelectronics FP-SNS-STBOX1 2.0.0
2026-02-22 19:39:55,671 [INFO] ThirdParty:1030 - CMSIS Pack Vendor :STMicroelectronics X-CUBE-MEMS1 12.0.0
2026-02-22 19:39:55,671 [INFO] ThirdParty:1030 - CMSIS Pack Vendor :STMicroelectronics X-CUBE-ALGOBUILD 1.3.0
2026-02-22 19:39:55,671 [INFO] ThirdParty:1030 - CMSIS Pack Vendor :STMicroelectronics X-CUBE-STSE01 2.0.0
2026-02-22 19:39:55,671 [INFO] ThirdParty:1030 - CMSIS Pack Vendor :STMicroelectronics X-CUBE-MEMS1 11.2.0
2026-02-22 19:39:55,671 [INFO] ThirdParty:1030 - CMSIS Pack Vendor :STMicroelectronics X-CUBE-AZRTOS-G0 1.1.0
2026-02-22 19:39:55,671 [INFO] ThirdParty:1030 - CMSIS Pack Vendor :STMicroelectronics X-CUBE-SAFEA1 1.2.2
2026-02-22 19:39:55,671 [INFO] ThirdParty:1030 - CMSIS Pack Vendor :STMicroelectronics X-CUBE-NFC4 3.0.0
2026-02-22 19:39:55,671 [INFO] ThirdParty:1030 - CMSIS Pack Vendor :STMicroelectronics X-CUBE-SUBG2 5.0.0
2026-02-22 19:39:55,671 [INFO] ThirdParty:1030 - CMSIS Pack Vendor :STMicroelectronics X-CUBE-AZRTOS-H7RS 1.1.0
2026-02-22 19:39:55,671 [INFO] ThirdParty:1030 - CMSIS Pack Vendor :STMicroelectronics STM32_WPAN 1.0.0
2026-02-22 19:39:55,671 [INFO] ThirdParty:1030 - CMSIS Pack Vendor :EmbeddedOffice I-CUBE-FS-RTOS 1.0.1
2026-02-22 19:39:55,671 [INFO] ThirdParty:1030 - CMSIS Pack Vendor :STMicroelectronics lwIP 2.0.3
2026-02-22 19:39:55,671 [INFO] ThirdParty:1030 - CMSIS Pack Vendor :Cesanta I-CUBE-Mongoose 7.13.0
2026-02-22 19:39:55,671 [INFO] ThirdParty:1030 - CMSIS Pack Vendor :STMicroelectronics USB_HOST 1.0.0
2026-02-22 19:39:55,671 [INFO] ThirdParty:1030 - CMSIS Pack Vendor :STMicroelectronics X-CUBE-AZRTOS-G4 2.0.0
2026-02-22 19:39:55,671 [INFO] ThirdParty:1030 - CMSIS Pack Vendor :STMicroelectronics X-CUBE-WB05N 2.0.0
2026-02-22 19:39:55,671 [INFO] ThirdParty:1030 - CMSIS Pack Vendor :STMicroelectronics PDM2PCM 3.1.0
2026-02-22 19:39:55,671 [INFO] ThirdParty:1030 - CMSIS Pack Vendor :STMicroelectronics X-CUBE-NFC7 2.0.0
2026-02-22 19:39:55,671 [INFO] ThirdParty:1030 - CMSIS Pack Vendor :RealThread X-CUBE-RT-Thread_Nano 4.1.1
2026-02-22 19:39:55,671 [INFO] ThirdParty:1030 - CMSIS Pack Vendor :wolfSSL I-CUBE-wolfSSL 5.7.0
2026-02-22 19:39:55,671 [INFO] ThirdParty:1030 - CMSIS Pack Vendor :STMicroelectronics FP-ATR-SIGFOX1 3.2.0
2026-02-22 19:39:55,671 [INFO] ThirdParty:1030 - CMSIS Pack Vendor :quantropi X-CUBE-qispace-sdk-base 1.9.3
2026-02-22 19:39:55,671 [INFO] ThirdParty:1030 - CMSIS Pack Vendor :STMicroelectronics X-CUBE-ISPU 2.0.0
2026-02-22 19:39:55,671 [INFO] ThirdParty:1030 - CMSIS Pack Vendor :STMicroelectronics X-CUBE-EEPRMA1 5.1.0
2026-02-22 19:39:55,671 [INFO] ThirdParty:1030 - CMSIS Pack Vendor :STMicroelectronics MBEDTLS 2.16.2
2026-02-22 19:39:55,671 [INFO] ThirdParty:1030 - CMSIS Pack Vendor :STMicroelectronics X-CUBE-ALS 1.0.2
2026-02-22 19:39:55,671 [INFO] ThirdParty:1030 - CMSIS Pack Vendor :STMicroelectronics X-CUBE-MEMS1 10.0.0
2026-02-22 19:39:55,671 [INFO] ThirdParty:1030 - CMSIS Pack Vendor :STMicroelectronics X-CUBE-FREERTOS 1.1.0
2026-02-22 19:39:55,671 [INFO] ThirdParty:1030 - CMSIS Pack Vendor :ITTIA_DB I-CUBE-ITTIADB 8.9.0
2026-02-22 19:39:55,671 [INFO] ThirdParty:1030 - CMSIS Pack Vendor :STMicroelectronics X-CUBE-TOUCHGFX 4.24.2
2026-02-22 19:39:55,671 [INFO] ThirdParty:1030 - CMSIS Pack Vendor :STMicroelectronics X-CUBE-TOUCHGFX 4.24.1
2026-02-22 19:39:55,671 [INFO] ThirdParty:1030 - CMSIS Pack Vendor :STMicroelectronics X-CUBE-STSE01 1.0.0
2026-02-22 19:39:55,671 [INFO] ThirdParty:1030 - CMSIS Pack Vendor :wolfSSL I-CUBE-wolfTPM 3.4.0
2026-02-22 19:39:55,671 [INFO] ThirdParty:1030 - CMSIS Pack Vendor :portGmbH I-Cube-SoM-uGOAL 1.1.0
2026-02-22 19:39:55,671 [INFO] ThirdParty:1030 - CMSIS Pack Vendor :STMicroelectronics X-CUBE-ALS 1.0.1
2026-02-22 19:39:55,671 [INFO] ThirdParty:1030 - CMSIS Pack Vendor :STMicroelectronics X-CUBE-NFC6 3.2.0
2026-02-22 19:39:55,671 [INFO] ThirdParty:1030 - CMSIS Pack Vendor :STMicroelectronics X-CUBE-AI 10.2.0
2026-02-22 19:39:55,671 [INFO] ThirdParty:1030 - CMSIS Pack Vendor :STMicroelectronics ThreadX 1.0.0
2026-02-22 19:39:55,671 [INFO] ThirdParty:1030 - CMSIS Pack Vendor :SEGGER I-CUBE-embOS 1.3.1
2026-02-22 19:39:55,671 [INFO] ThirdParty:1030 - CMSIS Pack Vendor :STMicroelectronics X-CUBE-ALGOBUILD 1.4.0
2026-02-22 19:39:55,671 [INFO] ThirdParty:1030 - CMSIS Pack Vendor :STMicroelectronics X-CUBE-AZRTOS-H7RS 1.0.0
2026-02-22 19:39:55,671 [INFO] ThirdParty:1030 - CMSIS Pack Vendor :STMicroelectronics FP-ATR-ASTRA1 2.0.0
2026-02-22 19:39:55,671 [INFO] ThirdParty:1030 - CMSIS Pack Vendor :STMicroelectronics X-CUBE-TOF1 3.4.2
2026-02-22 19:39:55,671 [INFO] ThirdParty:1030 - CMSIS Pack Vendor :STMicroelectronics X-CUBE-AI 9.1.0
2026-02-22 19:39:55,671 [INFO] ThirdParty:1030 - CMSIS Pack Vendor :STMicroelectronics X-CUBE-TOF1 3.4.1
2026-02-22 19:39:55,672 [INFO] ThirdParty:1030 - CMSIS Pack Vendor :STMicroelectronics X-CUBE-AZRTOS-H7 3.2.0
2026-02-22 19:39:55,672 [INFO] ThirdParty:1030 - CMSIS Pack Vendor :Infineon AIROC-Wi-Fi-Bluetooth-STM32 1.6.0
2026-02-22 19:39:55,672 [INFO] ThirdParty:1030 - CMSIS Pack Vendor :wolfSSL I-CUBE-wolfSSH 1.4.17
2026-02-22 19:39:55,672 [INFO] ThirdParty:841 - exiting critical section [change project]
2026-02-22 19:39:55,769 [INFO] PinOutPanel:1561 - setPackage(No Configuration,No Configuration)
2026-02-22 19:39:55,770 [INFO] PinOutPanel:1561 - setPackage(STM32F411CEUx,UFQFPN48)
2026-02-22 19:39:55,933 [INFO] UtilMem:75 - Before build in PCC Used Memory: 818519976 Bytes (1073741824)
2026-02-22 19:39:56,196 [INFO] UtilMem:75 - After build in PCC Used Memory: 861511592 Bytes (1073741824)
2026-02-22 19:39:56,212 [INFO] ApiDbMcu:508 - Load IP Config File for FREERTOS
2026-02-22 19:39:56,226 [INFO] IPUIPlugin:80 - create IPUIPlugin
2026-02-22 19:39:56,226 [INFO] IPUIPlugin:80 - create IPUIPlugin
2026-02-22 19:39:56,226 [INFO] IPUIPlugin:80 - create IPUIPlugin
2026-02-22 19:39:56,226 [INFO] IPUIPlugin:80 - create IPUIPlugin
2026-02-22 19:39:56,226 [INFO] IPUIPlugin:80 - create IPUIPlugin
2026-02-22 19:39:56,226 [INFO] IPUIPlugin:80 - create IPUIPlugin
2026-02-22 19:39:56,226 [INFO] IPUIPlugin:80 - create IPUIPlugin
2026-02-22 19:39:56,226 [INFO] IPUIPlugin:80 - create IPUIPlugin
2026-02-22 19:39:56,226 [INFO] IPUIPlugin:80 - create IPUIPlugin
2026-02-22 19:39:56,226 [INFO] IPUIPlugin:80 - create IPUIPlugin
2026-02-22 19:39:56,226 [INFO] IPUIPlugin:80 - create IPUIPlugin
2026-02-22 19:39:56,226 [INFO] IPUIPlugin:80 - create IPUIPlugin
2026-02-22 19:39:56,227 [INFO] IPUIPlugin:80 - create IPUIPlugin
2026-02-22 19:39:56,227 [INFO] IPUIPlugin:80 - create IPUIPlugin
2026-02-22 19:39:56,228 [INFO] IPUIPlugin:80 - create IPUIPlugin
2026-02-22 19:39:56,228 [INFO] IPUIPlugin:80 - create IPUIPlugin
2026-02-22 19:39:56,229 [INFO] IPUIPlugin:80 - create IPUIPlugin
2026-02-22 19:39:56,229 [INFO] IPUIPlugin:80 - create IPUIPlugin
2026-02-22 19:39:56,229 [INFO] IPUIPlugin:80 - create IPUIPlugin
2026-02-22 19:39:56,229 [INFO] IPUIPlugin:80 - create IPUIPlugin
2026-02-22 19:39:56,229 [INFO] IPUIPlugin:80 - create IPUIPlugin
2026-02-22 19:39:56,230 [INFO] IPUIPlugin:80 - create IPUIPlugin
2026-02-22 19:39:56,230 [INFO] IPUIPlugin:80 - create IPUIPlugin
2026-02-22 19:39:56,230 [INFO] IPUIPlugin:80 - create IPUIPlugin
2026-02-22 19:39:56,230 [INFO] IPUIPlugin:80 - create IPUIPlugin
2026-02-22 19:39:56,230 [INFO] IPUIPlugin:80 - create IPUIPlugin
2026-02-22 19:39:56,230 [INFO] IPUIPlugin:80 - create IPUIPlugin
2026-02-22 19:39:56,230 [INFO] IPUIPlugin:80 - create IPUIPlugin
2026-02-22 19:39:56,230 [INFO] IPUIPlugin:80 - create IPUIPlugin
2026-02-22 19:39:56,230 [INFO] IPUIPlugin:80 - create IPUIPlugin
2026-02-22 19:39:56,231 [INFO] IPUIPlugin:80 - create IPUIPlugin
2026-02-22 19:39:56,231 [INFO] IPUIPlugin:80 - create IPUIPlugin
2026-02-22 19:39:56,231 [INFO] IPUIPlugin:80 - create IPUIPlugin
2026-02-22 19:39:56,231 [INFO] IPUIPlugin:80 - create IPUIPlugin
2026-02-22 19:39:56,231 [INFO] IPUIPlugin:80 - create IPUIPlugin
2026-02-22 19:39:56,231 [INFO] IPUIPlugin:80 - create IPUIPlugin
2026-02-22 19:39:56,231 [INFO] IPUIPlugin:80 - create IPUIPlugin
2026-02-22 19:39:56,232 [INFO] IPUIPlugin:80 - create IPUIPlugin
2026-02-22 19:39:56,232 [INFO] IPUIPlugin:80 - create IPUIPlugin
2026-02-22 19:39:56,232 [INFO] IPUIPlugin:80 - create IPUIPlugin
2026-02-22 19:39:56,232 [INFO] IPUIPlugin:80 - create IPUIPlugin
2026-02-22 19:39:56,232 [INFO] IPUIPlugin:80 - create IPUIPlugin
2026-02-22 19:39:56,232 [INFO] IPUIPlugin:80 - create IPUIPlugin
2026-02-22 19:39:56,276 [INFO] ApiDbMcu:508 - Load IP Config File for PDM2PCM
2026-02-22 19:39:56,276 [WARN] IP:2120 - I2C_Coeff_DF not found: check if there is a RefParameter without a condition.
2026-02-22 19:39:56,276 [WARN] IP:2120 - Analog_Filter not found: check if there is a RefParameter without a condition.
2026-02-22 19:39:56,333 [WARN] FreeRTOS:1023 - Null or empty value: should not occur! (nothing added to the table)
2026-02-22 19:39:56,390 [INFO] CADModel:165 - CPN selected for project levelSTM32F411CEU6
2026-02-22 19:39:56,390 [INFO] CADModel:114 - Register for checkConnection events
2026-02-22 19:39:56,392 [INFO] RtosManager:697 - Active RTOS found at IOC load: FREERTOS [Cortex-M4NS]
2026-02-22 19:39:56,452 [INFO] OpenFileManager:343 - Restore cursor
2026-02-22 19:39:56,457 [INFO] ApiDb:581 - Connected to CubeFinder SQLite database (C:\Users\USER\.stmcufinder\plugins\mcufinder\mcu\cube-finder-db.db)
2026-02-22 19:39:56,648 [WARN] IP:2120 - I2C_Coeff_DF not found: check if there is a RefParameter without a condition.
2026-02-22 19:39:56,648 [WARN] IP:2120 - Analog_Filter not found: check if there is a RefParameter without a condition.
2026-02-22 19:39:56,648 [WARN] IP:2120 - I2C_Coeff_DF not found: check if there is a RefParameter without a condition.
2026-02-22 19:39:56,648 [WARN] IP:2120 - Analog_Filter not found: check if there is a RefParameter without a condition.
2026-02-22 19:46:58,451 [INFO] MainUpdater:2873 - connection check result : 10
2026-02-22 19:46:58,452 [INFO] MainUpdater:2873 - connection check result : 10
2026-02-22 19:46:58,509 [INFO] MicroXplorer:468 - Change Database Path : 
2026-02-22 19:46:58,509 [INFO] MicroXplorer:498 - Change Database Version : DB.6.0.110
2026-02-22 19:46:58,512 [ERROR] ProjectManagerView:394 - 
java.lang.NullPointerException: Cannot invoke "javax.swing.JTextField.getText()" because the return value of "java.util.List.get(int)" is null
	at com.st.microxplorer.plugins.projectmanager.gui.ProjectChoiceTab$10.caretUpdate(ProjectChoiceTab.java:2504) ~[filemanager.jar:?]
	at javax.swing.text.JTextComponent.fireCaretUpdate(JTextComponent.java:412) ~[?:?]
	at javax.swing.text.JTextComponent$MutableCaretEvent.fire(JTextComponent.java:4491) ~[?:?]
	at javax.swing.text.JTextComponent$MutableCaretEvent.stateChanged(JTextComponent.java:4513) ~[?:?]
	at javax.swing.text.DefaultCaret.fireStateChanged(DefaultCaret.java:842) ~[?:?]
	at javax.swing.text.DefaultCaret.changeCaretPosition(DefaultCaret.java:1313) ~[?:?]
	at javax.swing.text.DefaultCaret.handleSetDot(DefaultCaret.java:1212) ~[?:?]
	at javax.swing.text.DefaultCaret.setDot(DefaultCaret.java:1193) ~[?:?]
	at javax.swing.text.DefaultCaret$Handler.insertUpdate(DefaultCaret.java:1789) ~[?:?]
	at javax.swing.text.AbstractDocument.fireInsertUpdate(AbstractDocument.java:226) ~[?:?]
	at javax.swing.text.AbstractDocument.handleInsertString(AbstractDocument.java:780) ~[?:?]
	at javax.swing.text.AbstractDocument.insertString(AbstractDocument.java:739) ~[?:?]
	at javax.swing.text.PlainDocument.insertString(PlainDocument.java:131) ~[?:?]
	at javax.swing.text.AbstractDocument.replace(AbstractDocument.java:698) ~[?:?]
	at javax.swing.text.JTextComponent.setText(JTextComponent.java:1729) ~[?:?]
	at com.st.microxplorer.plugins.projectmanager.gui.ProjectChoiceTab.createHeapStackFields(ProjectChoiceTab.java:944) ~[filemanager.jar:?]
	at com.st.microxplorer.plugins.projectmanager.gui.ProjectChoiceTab.buildLinkSettingsPanel(ProjectChoiceTab.java:3475) ~[filemanager.jar:?]
	at com.st.microxplorer.plugins.projectmanager.gui.ProjectChoiceTab.defineWindowsFields(ProjectChoiceTab.java:1816) ~[filemanager.jar:?]
	at com.st.microxplorer.plugins.projectmanager.gui.ProjectChoiceTab.updateSettings(ProjectChoiceTab.java:544) ~[filemanager.jar:?]
	at com.st.microxplorer.plugins.projectmanager.gui.ProjectSettingsPanel.UpdateDialog(ProjectSettingsPanel.java:245) ~[filemanager.jar:?]
	at com.st.microxplorer.plugins.projectmanager.ProjectManagerView.propertyChange(ProjectManagerView.java:391) ~[filemanager.jar:?]
	at java.beans.PropertyChangeSupport.fire(PropertyChangeSupport.java:343) ~[?:?]
	at java.beans.PropertyChangeSupport.firePropertyChange(PropertyChangeSupport.java:335) ~[?:?]
	at java.beans.PropertyChangeSupport.firePropertyChange(PropertyChangeSupport.java:268) ~[?:?]
	at com.st.microxplorer.util.MXPropertyChangeSupport.firePropertyChange(MXPropertyChangeSupport.java:54) ~[STM32CubeMX.jar:?]
	at com.st.microxplorer.mxsystem.MxSystem.closeConfig(MxSystem.java:900) ~[STM32CubeMX.jar:?]
	at com.st.microxplorer.maingui.MainPanel.closeConfig(MainPanel.java:776) ~[STM32CubeMX.jar:?]
	at com.st.microxplorer.plugins.filemanager.engine.OpenFileManager.loadConfigurationFile(OpenFileManager.java:245) ~[filemanager.jar:?]
	at com.st.microxplorer.plugins.filemanager.engine.MainFileManager.userLoadConfig(MainFileManager.java:315) ~[filemanager.jar:?]
	at com.st.microxplorer.plugins.filemanager.engine.MainFileManager.userLoadConfig(MainFileManager.java:293) ~[filemanager.jar:?]
	at com.st.microxplorer.plugins.filemanager.FileManagerView.getSpecificTask(FileManagerView.java:247) ~[filemanager.jar:?]
	at com.st.stm32cube.common.mx.editor.CubeMxEditor.getMxTabbedPaneInstance(CubeMxEditor.java:1198) ~[com.st.stm32cube.common.mx_6.11.0.202403141607/:?]
	at com.st.stm32cube.common.mx.editor.CubeMxEditor$12$1.createSwingComponent(CubeMxEditor.java:1068) ~[com.st.stm32cube.common.mx_6.11.0.202403141607/:?]
	at com.st.stm32cube.common.mx.oss.core.awtswtbridge.EmbeddedSwingComposite.doComponentCreation(EmbeddedSwingComposite.java:492) ~[com.st.stm32cube.common.mx.oss_6.11.0.202403141607/:?]
	at com.st.stm32cube.common.mx.oss.core.awtswtbridge.EmbeddedSwingComposite$4.run(EmbeddedSwingComposite.java:291) ~[com.st.stm32cube.common.mx.oss_6.11.0.202403141607/:?]
	at com.st.stm32cube.common.mx.oss.core.awtswtbridge.AwtEnvironment$2.run(AwtEnvironment.java:166) ~[com.st.stm32cube.common.mx.oss_6.11.0.202403141607/:?]
	at java.awt.event.InvocationEvent.dispatch(InvocationEvent.java:318) ~[?:?]
	at java.awt.EventQueue.dispatchEventImpl(EventQueue.java:773) ~[?:?]
	at java.awt.EventQueue$4.run(EventQueue.java:720) ~[?:?]
	at java.awt.EventQueue$4.run(EventQueue.java:714) ~[?:?]
	at java.security.AccessController.doPrivileged(AccessController.java:399) ~[?:?]
	at java.security.ProtectionDomain$JavaSecurityAccessImpl.doIntersectionPrivilege(ProtectionDomain.java:86) ~[?:?]
	at java.awt.EventQueue.dispatchEvent(EventQueue.java:742) ~[?:?]
	at java.awt.EventDispatchThread.pumpOneEventForFilters(EventDispatchThread.java:203) ~[?:?]
	at java.awt.EventDispatchThread.pumpEventsForFilter(EventDispatchThread.java:124) ~[?:?]
	at java.awt.EventDispatchThread.pumpEventsForHierarchy(EventDispatchThread.java:113) ~[?:?]
	at java.awt.EventDispatchThread.pumpEvents(EventDispatchThread.java:109) ~[?:?]
	at java.awt.EventDispatchThread.pumpEvents(EventDispatchThread.java:101) ~[?:?]
	at java.awt.EventDispatchThread.run(EventDispatchThread.java:90) ~[?:?]
2026-02-22 19:46:58,513 [WARN] ThirdParty:871 - waiting for thirdparty lock release [close project]
2026-02-22 19:46:58,513 [INFO] ThirdParty:873 - entering critical section [close project]
2026-02-22 19:46:58,513 [INFO] ThirdParty:883 - exiting critical section [close project]
2026-02-22 19:46:58,514 [INFO] PinOutPanel:1561 - setPackage(No Configuration,No Configuration)
2026-02-22 19:46:58,518 [WARN] IpParametersView:151 - Warning: This peripheral hasn't parameters
2026-02-22 19:46:58,520 [WARN] MainPanel:272 - <html><b><center>Warning: This peripheral has no parameters to be configured<br></b></html>
2026-02-22 19:46:58,522 [INFO] UtilMem:75 - Begin LoadConfig() Used Memory: 821987344 Bytes (1073741824)
2026-02-22 19:46:58,522 [INFO] MicroXplorer:468 - Change Database Path : 
2026-02-22 19:46:58,522 [INFO] MicroXplorer:498 - Change Database Version : DB.6.0.110
2026-02-22 19:46:58,523 [INFO] OpenFileManager:312 - Change cursor
2026-02-22 19:46:58,531 [INFO] Mcu:2021 - Initializing MCU STM32F411C(C-E)Ux STM32F411CEUx STM32F411CEU6
2026-02-22 19:46:59,278 [INFO] Context:663 - Trying to add GPIOservice into a context  which must be forbidden
2026-02-22 19:46:59,534 [INFO] ApiDbMcu:508 - Load IP Config File for STMicroelectronics.X-CUBE-TOUCHGFX.4.26.0
2026-02-22 19:46:59,641 [INFO] RtosManager:555 - Registered RTOS mode: class=CMSIS, group=RTOS, mode=CMSIS_V1, owner=FREERTOS
2026-02-22 19:46:59,641 [INFO] RtosManager:555 - Registered RTOS mode: class=CMSIS, group=RTOS2, mode=CMSIS_V2, owner=FREERTOS
2026-02-22 19:46:59,641 [INFO] RtosManager:555 - Registered RTOS mode: class=RTOS, group=Core, mode=CMSIS_V1, owner=FREERTOS
2026-02-22 19:46:59,641 [INFO] RtosManager:555 - Registered RTOS mode: class=RTOS, group=Core, mode=CMSIS_V2, owner=FREERTOS
2026-02-22 19:46:59,641 [WARN] ModelIntegratedComponent:184 - Missing modes for component STMicroelectronics:FreeRTOS:0.0.1:STMicroelectronics:RTOS:FreeRTOS:Core:::10.2.0:
2026-02-22 19:46:59,644 [WARN] ModelIntegratedComponent:63 - No mode defined for component null
2026-02-22 19:46:59,644 [WARN] ModelIntegratedComponent:63 - No mode defined for component null
2026-02-22 19:46:59,644 [WARN] ModelIntegratedComponent:63 - No mode defined for component null
2026-02-22 19:46:59,644 [WARN] ModelIntegratedComponent:63 - No mode defined for component null
2026-02-22 19:46:59,644 [WARN] ModelIntegratedComponent:63 - No mode defined for component null
2026-02-22 19:46:59,644 [WARN] ModelIntegratedComponent:63 - No mode defined for component null
2026-02-22 19:46:59,644 [WARN] ModelIntegratedComponent:63 - No mode defined for component null
2026-02-22 19:46:59,644 [WARN] ModelIntegratedComponent:63 - No mode defined for component null
2026-02-22 19:46:59,644 [WARN] ModelIntegratedComponent:63 - No mode defined for component null
2026-02-22 19:46:59,644 [WARN] ModelIntegratedComponent:63 - No mode defined for component null
2026-02-22 19:46:59,644 [WARN] ModelIntegratedComponent:63 - No mode defined for component null
2026-02-22 19:46:59,644 [WARN] ModelIntegratedComponent:63 - No mode defined for component null
2026-02-22 19:46:59,644 [WARN] ModelIntegratedComponent:63 - No mode defined for component null
2026-02-22 19:46:59,644 [WARN] ModelIntegratedComponent:63 - No mode defined for component null
2026-02-22 19:46:59,644 [WARN] ModelIntegratedComponent:63 - No mode defined for component null
2026-02-22 19:46:59,644 [WARN] ModelIntegratedComponent:63 - No mode defined for component null
2026-02-22 19:46:59,644 [WARN] ModelIntegratedComponent:63 - No mode defined for component null
2026-02-22 19:46:59,644 [WARN] ModelIntegratedComponent:63 - No mode defined for component null
2026-02-22 19:46:59,644 [WARN] ModelIntegratedComponent:63 - No mode defined for component null
2026-02-22 19:46:59,644 [WARN] ModelIntegratedComponent:63 - No mode defined for component null
2026-02-22 19:46:59,644 [WARN] ModelIntegratedComponent:63 - No mode defined for component null
2026-02-22 19:46:59,644 [WARN] ModelIntegratedComponent:63 - No mode defined for component null
2026-02-22 19:46:59,644 [WARN] ModelIntegratedComponent:63 - No mode defined for component null
2026-02-22 19:46:59,644 [WARN] ModelIntegratedComponent:63 - No mode defined for component null
2026-02-22 19:46:59,644 [WARN] ModelIntegratedComponent:63 - No mode defined for component null
2026-02-22 19:46:59,644 [WARN] ModelIntegratedComponent:63 - No mode defined for component null
2026-02-22 19:46:59,644 [WARN] ModelIntegratedComponent:63 - No mode defined for component null
2026-02-22 19:46:59,644 [WARN] ModelIntegratedComponent:63 - No mode defined for component null
2026-02-22 19:46:59,644 [WARN] ModelIntegratedComponent:63 - No mode defined for component null
2026-02-22 19:46:59,644 [WARN] ModelIntegratedComponent:63 - No mode defined for component null
2026-02-22 19:46:59,644 [WARN] ModelIntegratedComponent:63 - No mode defined for component null
2026-02-22 19:46:59,644 [WARN] ModelIntegratedComponent:63 - No mode defined for component null
2026-02-22 19:46:59,644 [WARN] ModelIntegratedComponent:63 - No mode defined for component null
2026-02-22 19:46:59,644 [WARN] ModelIntegratedComponent:63 - No mode defined for component null
2026-02-22 19:46:59,698 [WARN] ModelIntegratedComponent:182 - Modes not found for component STMicroelectronics:USB_DEVICE:1.0.0:STMicroelectronics:USB::USB Device:Audio HS::1.0:USB_DEVICE_1_0_RESTRICTED_HS
2026-02-22 19:46:59,698 [WARN] ModelIntegratedComponent:188 - Modes not found for component STMicroelectronics:USB_DEVICE:1.0.0:STMicroelectronics:USB::USB Device:Audio HS::1.0:USB_DEVICE_1_0_RESTRICTED_HS
2026-02-22 19:46:59,698 [WARN] ModelIntegratedComponent:182 - Modes not found for component STMicroelectronics:USB_DEVICE:1.0.0:STMicroelectronics:USB::USB Device:CDC HS::1.0:USB_DEVICE_1_0_RESTRICTED_HS
2026-02-22 19:46:59,698 [WARN] ModelIntegratedComponent:188 - Modes not found for component STMicroelectronics:USB_DEVICE:1.0.0:STMicroelectronics:USB::USB Device:CDC HS::1.0:USB_DEVICE_1_0_RESTRICTED_HS
2026-02-22 19:46:59,698 [WARN] ModelIntegratedComponent:182 - Modes not found for component STMicroelectronics:USB_DEVICE:1.0.0:STMicroelectronics:USB::USB Device:DFU HS::1.0:USB_DEVICE_1_0_RESTRICTED_HS
2026-02-22 19:46:59,698 [WARN] ModelIntegratedComponent:188 - Modes not found for component STMicroelectronics:USB_DEVICE:1.0.0:STMicroelectronics:USB::USB Device:DFU HS::1.0:USB_DEVICE_1_0_RESTRICTED_HS
2026-02-22 19:46:59,698 [WARN] ModelIntegratedComponent:182 - Modes not found for component STMicroelectronics:USB_DEVICE:1.0.0:STMicroelectronics:USB::USB Device:HID HS::1.0:USB_DEVICE_1_0_RESTRICTED_HS
2026-02-22 19:46:59,698 [WARN] ModelIntegratedComponent:188 - Modes not found for component STMicroelectronics:USB_DEVICE:1.0.0:STMicroelectronics:USB::USB Device:HID HS::1.0:USB_DEVICE_1_0_RESTRICTED_HS
2026-02-22 19:46:59,698 [WARN] ModelIntegratedComponent:182 - Modes not found for component STMicroelectronics:USB_DEVICE:1.0.0:STMicroelectronics:USB::USB Device:Custom HID HS::1.0:USB_DEVICE_1_0_RESTRICTED_HS
2026-02-22 19:46:59,698 [WARN] ModelIntegratedComponent:188 - Modes not found for component STMicroelectronics:USB_DEVICE:1.0.0:STMicroelectronics:USB::USB Device:Custom HID HS::1.0:USB_DEVICE_1_0_RESTRICTED_HS
2026-02-22 19:46:59,698 [WARN] ModelIntegratedComponent:182 - Modes not found for component STMicroelectronics:USB_DEVICE:1.0.0:STMicroelectronics:USB::USB Device:MSC HS::1.0:USB_DEVICE_1_0_RESTRICTED_HS
2026-02-22 19:46:59,698 [WARN] ModelIntegratedComponent:188 - Modes not found for component STMicroelectronics:USB_DEVICE:1.0.0:STMicroelectronics:USB::USB Device:MSC HS::1.0:USB_DEVICE_1_0_RESTRICTED_HS
2026-02-22 19:46:59,848 [WARN] ModelIntegratedComponent:182 - Modes not found for component STMicroelectronics:USB_HOST:1.0.0:STMicroelectronics:USB::USB Host:Audio HS::1.0:USB_HOST_1_0_RESTRICTED_HS
2026-02-22 19:46:59,848 [WARN] ModelIntegratedComponent:188 - Modes not found for component STMicroelectronics:USB_HOST:1.0.0:STMicroelectronics:USB::USB Host:Audio HS::1.0:USB_HOST_1_0_RESTRICTED_HS
2026-02-22 19:46:59,848 [WARN] ModelIntegratedComponent:182 - Modes not found for component STMicroelectronics:USB_HOST:1.0.0:STMicroelectronics:USB::USB Host:CDC HS::1.0:USB_HOST_1_0_RESTRICTED_HS
2026-02-22 19:46:59,848 [WARN] ModelIntegratedComponent:188 - Modes not found for component STMicroelectronics:USB_HOST:1.0.0:STMicroelectronics:USB::USB Host:CDC HS::1.0:USB_HOST_1_0_RESTRICTED_HS
2026-02-22 19:46:59,848 [WARN] ModelIntegratedComponent:182 - Modes not found for component STMicroelectronics:USB_HOST:1.0.0:STMicroelectronics:USB::USB Host:MSC HS::1.0:USB_HOST_1_0_RESTRICTED_HS
2026-02-22 19:46:59,848 [WARN] ModelIntegratedComponent:188 - Modes not found for component STMicroelectronics:USB_HOST:1.0.0:STMicroelectronics:USB::USB Host:MSC HS::1.0:USB_HOST_1_0_RESTRICTED_HS
2026-02-22 19:46:59,848 [WARN] ModelIntegratedComponent:182 - Modes not found for component STMicroelectronics:USB_HOST:1.0.0:STMicroelectronics:USB::USB Host:HID HS::1.0:USB_HOST_1_0_RESTRICTED_HS
2026-02-22 19:46:59,848 [WARN] ModelIntegratedComponent:188 - Modes not found for component STMicroelectronics:USB_HOST:1.0.0:STMicroelectronics:USB::USB Host:HID HS::1.0:USB_HOST_1_0_RESTRICTED_HS
2026-02-22 19:46:59,848 [WARN] ModelIntegratedComponent:182 - Modes not found for component STMicroelectronics:USB_HOST:1.0.0:STMicroelectronics:USB::USB Host:MTP HS::1.0:USB_HOST_1_0_RESTRICTED_HS
2026-02-22 19:46:59,848 [WARN] ModelIntegratedComponent:188 - Modes not found for component STMicroelectronics:USB_HOST:1.0.0:STMicroelectronics:USB::USB Host:MTP HS::1.0:USB_HOST_1_0_RESTRICTED_HS
2026-02-22 19:46:59,936 [WARN] IP:2120 - tgfx_framebuffer_stride_value_custom not found: check if there is a RefParameter without a condition.
2026-02-22 19:46:59,939 [WARN] IP:2120 - tgfx_framebuffer_stride_value_custom not found: check if there is a RefParameter without a condition.
2026-02-22 19:47:00,085 [INFO] ThirdPartyModel:298 - Start build external matchings
2026-02-22 19:47:02,142 [INFO] ThirdPartyModel:316 - End build external matchings
2026-02-22 19:47:02,196 [INFO] ImportTextPane:194 - (OptionalMessage_ERROR) IP (DMA) : Parameter (Instance) has Id (SPI1_TX) currently not set
2026-02-22 19:47:02,196 [INFO] ImportTextPane:194 - (OptionalMessage_ERROR) IP (DMA) : Parameter (Channel) has Id (SPI1_TX) currently not set
2026-02-22 19:47:02,196 [INFO] ImportTextPane:194 - (OptionalMessage_ERROR) IP (DMA) : Parameter (Direction) has Id (SPI1_TX) currently not set
2026-02-22 19:47:02,196 [INFO] ImportTextPane:194 - (OptionalMessage_ERROR) IP (DMA) : Parameter (PeriphInc) has Id (SPI1_TX) currently not set
2026-02-22 19:47:02,196 [INFO] ImportTextPane:194 - (OptionalMessage_ERROR) IP (DMA) : Parameter (MemInc) has Id (SPI1_TX) currently not set
2026-02-22 19:47:02,196 [INFO] ImportTextPane:194 - (OptionalMessage_ERROR) IP (DMA) : Parameter (PeriphDataAlignment) has Id (SPI1_TX) currently not set
2026-02-22 19:47:02,196 [INFO] ImportTextPane:194 - (OptionalMessage_ERROR) IP (DMA) : Parameter (MemDataAlignment) has Id (SPI1_TX) currently not set
2026-02-22 19:47:02,196 [INFO] ImportTextPane:194 - (OptionalMessage_ERROR) IP (DMA) : Parameter (Mode) has Id (SPI1_TX) currently not set
2026-02-22 19:47:02,196 [INFO] ImportTextPane:194 - (OptionalMessage_ERROR) IP (DMA) : Parameter (Priority) has Id (SPI1_TX) currently not set
2026-02-22 19:47:02,196 [INFO] ImportTextPane:194 - (OptionalMessage_ERROR) IP (DMA) : Parameter (FIFOMode) has Id (SPI1_TX) currently not set
2026-02-22 19:47:02,196 [INFO] ImportTextPane:194 - (OptionalMessage_ERROR) IP (DMA) : Parameter (FIFOThreshold) has Id (SPI1_TX) currently not set
2026-02-22 19:47:02,196 [INFO] ImportTextPane:194 - (OptionalMessage_ERROR) IP (DMA) : Parameter (FIFOThreshold) has invalid value (null)
2026-02-22 19:47:02,196 [INFO] ImportTextPane:194 - (OptionalMessage_ERROR) IP (DMA) : Parameter (MemBurst) has Id (SPI1_TX) currently not set
2026-02-22 19:47:02,196 [INFO] ImportTextPane:194 - (OptionalMessage_ERROR) IP (DMA) : Parameter (MemBurst) has invalid value (null)
2026-02-22 19:47:02,196 [INFO] ImportTextPane:194 - (OptionalMessage_ERROR) IP (DMA) : Parameter (PeriphBurst) has Id (SPI1_TX) currently not set
2026-02-22 19:47:02,196 [INFO] ImportTextPane:194 - (OptionalMessage_ERROR) IP (DMA) : Parameter (PeriphBurst) has invalid value (null)
2026-02-22 19:47:02,197 [WARN] IP:2120 - tgfx_framebuffer_stride_value_custom not found: check if there is a RefParameter without a condition.
2026-02-22 19:47:02,198 [INFO] ImportTextPane:194 - (OptionalMessage_ERROR) IP (STMicroelectronics.X-CUBE-TOUCHGFX.4.26.0) : Parameter (ApplicationCcGraphicsJjApplication) has invalid value (TouchGFXOoGenerator)
2026-02-22 19:47:02,416 [INFO] UtilMem:75 - End LoadConfig() Used Memory: 835418960 Bytes (1073741824)
2026-02-22 19:47:02,459 [WARN] ThirdParty:833 - waiting for thirdparty lock release [change project]
2026-02-22 19:47:02,459 [INFO] ThirdParty:835 - entering critical section [change project]
2026-02-22 19:47:02,459 [INFO] ThirdParty:1030 - CMSIS Pack Vendor :STMicroelectronics X-CUBE-PM33A1 1.0.0
2026-02-22 19:47:02,461 [INFO] ThirdParty:1030 - CMSIS Pack Vendor :STMicroelectronics USBPD 4.1
2026-02-22 19:47:02,461 [INFO] ThirdParty:1030 - CMSIS Pack Vendor :STMicroelectronics X-CUBE-GNSS1 6.0.0
2026-02-22 19:47:02,461 [INFO] ThirdParty:1030 - CMSIS Pack Vendor :STMicroelectronics USB_HOST 2.0.0
2026-02-22 19:47:02,461 [INFO] ThirdParty:1030 - CMSIS Pack Vendor :STMicroelectronics FP-SNS-MOTENVWB1 1.4.0
2026-02-22 19:47:02,461 [INFO] ThirdParty:1030 - CMSIS Pack Vendor :STMicroelectronics X-CUBE-AZRTOS-F4 1.1.0
2026-02-22 19:47:02,461 [INFO] ThirdParty:1030 - CMSIS Pack Vendor :STMicroelectronics LIBJPEG 8.0.0
2026-02-22 19:47:02,461 [INFO] ThirdParty:1030 - CMSIS Pack Vendor :STMicroelectronics FP-ATR-ASTRA1 2.0.2
2026-02-22 19:47:02,461 [INFO] ThirdParty:1030 - CMSIS Pack Vendor :STMicroelectronics FP-ATR-ASTRA1 2.0.1
2026-02-22 19:47:02,461 [INFO] ThirdParty:1030 - CMSIS Pack Vendor :STMicroelectronics X-CUBE-SMBUS 2.1.0
2026-02-22 19:47:02,461 [INFO] ThirdParty:1030 - CMSIS Pack Vendor :STMicroelectronics X-CUBE-WB05N 1.1.0
2026-02-22 19:47:02,461 [INFO] ThirdParty:1030 - CMSIS Pack Vendor :STMicroelectronics X-CUBE-ISPU 2.1.0
2026-02-22 19:47:02,461 [INFO] ThirdParty:1030 - CMSIS Pack Vendor :STMicroelectronics X-CUBE-FREERTOS 1.2.0
2026-02-22 19:47:02,461 [INFO] ThirdParty:1030 - CMSIS Pack Vendor :STMicroelectronics X-CUBE-NFC12 1.0.0
2026-02-22 19:47:02,461 [INFO] ThirdParty:1030 - CMSIS Pack Vendor :STMicroelectronics X-CUBE-TOUCHGFX 4.23.2
2026-02-22 19:47:02,461 [INFO] ThirdParty:1030 - CMSIS Pack Vendor :STMicroelectronics X-CUBE-AZRTOS-F7 1.1.0
2026-02-22 19:47:02,461 [INFO] ThirdParty:1030 - CMSIS Pack Vendor :STMicroelectronics X-CUBE-AZRTOS-L5 2.0.0
2026-02-22 19:47:02,461 [INFO] ThirdParty:1030 - CMSIS Pack Vendor :STMicroelectronics USB_DEVICE 2.0.0
2026-02-22 19:47:02,461 [INFO] ThirdParty:1030 - CMSIS Pack Vendor :STMicroelectronics X-CUBE-NFC6 3.1.0
2026-02-22 19:47:02,461 [INFO] ThirdParty:1030 - CMSIS Pack Vendor :STMicroelectronics X-CUBE-MEMS1 11.0.0
2026-02-22 19:47:02,461 [INFO] ThirdParty:1030 - CMSIS Pack Vendor :STMicroelectronics FreeRTOS 0.0.1
2026-02-22 19:47:02,461 [INFO] ThirdParty:1030 - CMSIS Pack Vendor :STMicroelectronics X-CUBE-DPower 1.2.0
2026-02-22 19:47:02,461 [INFO] ThirdParty:1030 - CMSIS Pack Vendor :STMicroelectronics FP-SNS-FLIGHT1 5.0.2
2026-02-22 19:47:02,461 [INFO] ThirdParty:1030 - CMSIS Pack Vendor :STMicroelectronics X-CUBE-AI 9.0.0
2026-02-22 19:47:02,461 [INFO] ThirdParty:1030 - CMSIS Pack Vendor :STMicroelectronics PDM2PCM 3.3.0
2026-02-22 19:47:02,461 [INFO] ThirdParty:1030 - CMSIS Pack Vendor :STMicroelectronics X-CUBE-AZRTOS-H7 3.4.0
2026-02-22 19:47:02,461 [INFO] ThirdParty:1030 - CMSIS Pack Vendor :STMicroelectronics X-CUBE-DISPLAY 3.0.0
2026-02-22 19:47:02,461 [INFO] ThirdParty:1030 - CMSIS Pack Vendor :STMicroelectronics X-CUBE-BLE1 7.0.0
2026-02-22 19:47:02,461 [INFO] ThirdParty:1030 - CMSIS Pack Vendor :STMicroelectronics X-CUBE-NFC10 1.0.0
2026-02-22 19:47:02,461 [INFO] ThirdParty:1030 - CMSIS Pack Vendor :STMicroelectronics X-CUBE-BLEMGR 4.0.0
2026-02-22 19:47:02,461 [INFO] ThirdParty:1030 - CMSIS Pack Vendor :STMicroelectronics X-CUBE-FREERTOS 1.3.1
2026-02-22 19:47:02,461 [INFO] ThirdParty:1030 - CMSIS Pack Vendor :STMicroelectronics HAL Drivers 0.0.0
2026-02-22 19:47:02,461 [INFO] ThirdParty:1030 - CMSIS Pack Vendor :emotas I-CUBE-CANOPEN 1.3.0
2026-02-22 19:47:02,461 [INFO] ThirdParty:1030 - CMSIS Pack Vendor :STMicroelectronics X-CUBE-FREERTOS 1.3.0
2026-02-22 19:47:02,461 [INFO] ThirdParty:1030 - CMSIS Pack Vendor :STMicroelectronics X-CUBE-NFC7 1.0.1
2026-02-22 19:47:02,461 [INFO] ThirdParty:1030 - CMSIS Pack Vendor :STMicroelectronics MBEDTLS 2.14.1
2026-02-22 19:47:02,461 [INFO] ThirdParty:1030 - CMSIS Pack Vendor :STMicroelectronics X-CUBE-GNSS1 7.1.0
2026-02-22 19:47:02,461 [INFO] ThirdParty:1030 - CMSIS Pack Vendor :STMicroelectronics X-CUBE-TOUCHGFX 4.26.0
2026-02-22 19:47:02,461 [INFO] ThirdParty:1030 - CMSIS Pack Vendor :STMicroelectronics X-CUBE-BLEMGR 3.1.0
2026-02-22 19:47:02,461 [INFO] ThirdParty:1030 - CMSIS Pack Vendor :STMicroelectronics X-CUBE-AI 10.0.0
2026-02-22 19:47:02,461 [INFO] ThirdParty:1030 - CMSIS Pack Vendor :STMicroelectronics FP-SNS-SMARTAG2 1.2.0
2026-02-22 19:47:02,461 [INFO] ThirdParty:1030 - CMSIS Pack Vendor :STMicroelectronics X-CUBE-MEMS1 11.1.0
2026-02-22 19:47:02,461 [INFO] ThirdParty:1030 - CMSIS Pack Vendor :STMicroelectronics X-CUBE-AZRTOS-WL 2.0.0
2026-02-22 19:47:02,461 [INFO] ThirdParty:1030 - CMSIS Pack Vendor :STMicroelectronics X-CUBE-DPower 1.3.0
2026-02-22 19:47:02,461 [INFO] ThirdParty:1030 - CMSIS Pack Vendor :STMicroelectronics FP-SNS-MOTENV1 5.0.0
2026-02-22 19:47:02,461 [INFO] ThirdParty:1030 - CMSIS Pack Vendor :STMicroelectronics USB_DEVICE 1.0.0
2026-02-22 19:47:02,461 [INFO] ThirdParty:1030 - CMSIS Pack Vendor :STMicroelectronics X-CUBE-AZRTOS-H7RS 1.2.0
2026-02-22 19:47:02,461 [INFO] ThirdParty:1030 - CMSIS Pack Vendor :wolfSSL I-CUBE-wolfMQTT 1.19.0
2026-02-22 19:47:02,461 [INFO] ThirdParty:1030 - CMSIS Pack Vendor :STMicroelectronics X-CUBE-AZRTOS-L4 2.0.0
2026-02-22 19:47:02,461 [INFO] ThirdParty:1030 - CMSIS Pack Vendor :STMicroelectronics ThreadX 0.0.2
2026-02-22 19:47:02,461 [INFO] ThirdParty:1030 - CMSIS Pack Vendor :WES I-CUBE-Cesium 1.3.0
2026-02-22 19:47:02,461 [INFO] ThirdParty:1030 - CMSIS Pack Vendor :STMicroelectronics lwIP 2.1.2
2026-02-22 19:47:02,461 [INFO] ThirdParty:1030 - CMSIS Pack Vendor :STMicroelectronics X-CUBE-SFXS2LP1 4.0.0
2026-02-22 19:47:02,461 [INFO] ThirdParty:1030 - CMSIS Pack Vendor :STMicroelectronics X-CUBE-BLE2 3.3.0
2026-02-22 19:47:02,461 [INFO] ThirdParty:1030 - CMSIS Pack Vendor :STMicroelectronics PDM2PCM 3.2.0
2026-02-22 19:47:02,461 [INFO] ThirdParty:1030 - CMSIS Pack Vendor :STMicroelectronics X-CUBE-AZRTOS-H7 3.3.0
2026-02-22 19:47:02,461 [INFO] ThirdParty:1030 - CMSIS Pack Vendor :STMicroelectronics X-CUBE-NFC9 1.0.0
2026-02-22 19:47:02,461 [INFO] ThirdParty:1030 - CMSIS Pack Vendor :STMicroelectronics X-CUBE-BLE1 7.1.0
2026-02-22 19:47:02,461 [INFO] ThirdParty:1030 - CMSIS Pack Vendor :STMicroelectronics USB_DEVICE 3.0.0
2026-02-22 19:47:02,461 [INFO] ThirdParty:1030 - CMSIS Pack Vendor :STMicroelectronics X-CUBE-TCPP 4.1.0
2026-02-22 19:47:02,461 [INFO] ThirdParty:1030 - CMSIS Pack Vendor :STMicroelectronics X-CUBE-EEPRMA1 5.2.0
2026-02-22 19:47:02,461 [INFO] ThirdParty:1030 - CMSIS Pack Vendor :STMicroelectronics X-CUBE-IPS 3.0.0
2026-02-22 19:47:02,461 [INFO] ThirdParty:1030 - CMSIS Pack Vendor :STMicroelectronics X-CUBE-AZRTOS-WB 2.0.0
2026-02-22 19:47:02,461 [INFO] ThirdParty:1030 - CMSIS Pack Vendor :STMicroelectronics X-CUBE-GNSS1 7.0.0
2026-02-22 19:47:02,461 [INFO] ThirdParty:1030 - CMSIS Pack Vendor :STMicroelectronics X-CUBE-GNSS1 7.0.1
2026-02-22 19:47:02,461 [INFO] ThirdParty:1030 - CMSIS Pack Vendor :STMicroelectronics X-CUBE-TOUCHGFX 4.25.0
2026-02-22 19:47:02,461 [INFO] ThirdParty:1030 - CMSIS Pack Vendor :STMicroelectronics FP-SNS-STBOX1 2.0.0
2026-02-22 19:47:02,461 [INFO] ThirdParty:1030 - CMSIS Pack Vendor :STMicroelectronics X-CUBE-MEMS1 12.0.0
2026-02-22 19:47:02,461 [INFO] ThirdParty:1030 - CMSIS Pack Vendor :STMicroelectronics X-CUBE-ALGOBUILD 1.3.0
2026-02-22 19:47:02,461 [INFO] ThirdParty:1030 - CMSIS Pack Vendor :STMicroelectronics X-CUBE-STSE01 2.0.0
2026-02-22 19:47:02,461 [INFO] ThirdParty:1030 - CMSIS Pack Vendor :STMicroelectronics X-CUBE-MEMS1 11.2.0
2026-02-22 19:47:02,461 [INFO] ThirdParty:1030 - CMSIS Pack Vendor :STMicroelectronics X-CUBE-AZRTOS-G0 1.1.0
2026-02-22 19:47:02,461 [INFO] ThirdParty:1030 - CMSIS Pack Vendor :STMicroelectronics X-CUBE-SAFEA1 1.2.2
2026-02-22 19:47:02,461 [INFO] ThirdParty:1030 - CMSIS Pack Vendor :STMicroelectronics X-CUBE-NFC4 3.0.0
2026-02-22 19:47:02,461 [INFO] ThirdParty:1030 - CMSIS Pack Vendor :STMicroelectronics X-CUBE-SUBG2 5.0.0
2026-02-22 19:47:02,461 [INFO] ThirdParty:1030 - CMSIS Pack Vendor :STMicroelectronics X-CUBE-AZRTOS-H7RS 1.1.0
2026-02-22 19:47:02,461 [INFO] ThirdParty:1030 - CMSIS Pack Vendor :STMicroelectronics STM32_WPAN 1.0.0
2026-02-22 19:47:02,461 [INFO] ThirdParty:1030 - CMSIS Pack Vendor :EmbeddedOffice I-CUBE-FS-RTOS 1.0.1
2026-02-22 19:47:02,461 [INFO] ThirdParty:1030 - CMSIS Pack Vendor :STMicroelectronics lwIP 2.0.3
2026-02-22 19:47:02,461 [INFO] ThirdParty:1030 - CMSIS Pack Vendor :Cesanta I-CUBE-Mongoose 7.13.0
2026-02-22 19:47:02,461 [INFO] ThirdParty:1030 - CMSIS Pack Vendor :STMicroelectronics USB_HOST 1.0.0
2026-02-22 19:47:02,461 [INFO] ThirdParty:1030 - CMSIS Pack Vendor :STMicroelectronics X-CUBE-AZRTOS-G4 2.0.0
2026-02-22 19:47:02,461 [INFO] ThirdParty:1030 - CMSIS Pack Vendor :STMicroelectronics X-CUBE-WB05N 2.0.0
2026-02-22 19:47:02,461 [INFO] ThirdParty:1030 - CMSIS Pack Vendor :STMicroelectronics PDM2PCM 3.1.0
2026-02-22 19:47:02,461 [INFO] ThirdParty:1030 - CMSIS Pack Vendor :STMicroelectronics X-CUBE-NFC7 2.0.0
2026-02-22 19:47:02,461 [INFO] ThirdParty:1030 - CMSIS Pack Vendor :RealThread X-CUBE-RT-Thread_Nano 4.1.1
2026-02-22 19:47:02,461 [INFO] ThirdParty:1030 - CMSIS Pack Vendor :wolfSSL I-CUBE-wolfSSL 5.7.0
2026-02-22 19:47:02,461 [INFO] ThirdParty:1030 - CMSIS Pack Vendor :STMicroelectronics FP-ATR-SIGFOX1 3.2.0
2026-02-22 19:47:02,461 [INFO] ThirdParty:1030 - CMSIS Pack Vendor :quantropi X-CUBE-qispace-sdk-base 1.9.3
2026-02-22 19:47:02,461 [INFO] ThirdParty:1030 - CMSIS Pack Vendor :STMicroelectronics X-CUBE-ISPU 2.0.0
2026-02-22 19:47:02,461 [INFO] ThirdParty:1030 - CMSIS Pack Vendor :STMicroelectronics X-CUBE-EEPRMA1 5.1.0
2026-02-22 19:47:02,461 [INFO] ThirdParty:1030 - CMSIS Pack Vendor :STMicroelectronics MBEDTLS 2.16.2
2026-02-22 19:47:02,461 [INFO] ThirdParty:1030 - CMSIS Pack Vendor :STMicroelectronics X-CUBE-ALS 1.0.2
2026-02-22 19:47:02,461 [INFO] ThirdParty:1030 - CMSIS Pack Vendor :STMicroelectronics X-CUBE-MEMS1 10.0.0
2026-02-22 19:47:02,461 [INFO] ThirdParty:1030 - CMSIS Pack Vendor :STMicroelectronics X-CUBE-FREERTOS 1.1.0
2026-02-22 19:47:02,461 [INFO] ThirdParty:1030 - CMSIS Pack Vendor :ITTIA_DB I-CUBE-ITTIADB 8.9.0
2026-02-22 19:47:02,461 [INFO] ThirdParty:1030 - CMSIS Pack Vendor :STMicroelectronics X-CUBE-TOUCHGFX 4.24.2
2026-02-22 19:47:02,461 [INFO] ThirdParty:1030 - CMSIS Pack Vendor :STMicroelectronics X-CUBE-TOUCHGFX 4.24.1
2026-02-22 19:47:02,461 [INFO] ThirdParty:1030 - CMSIS Pack Vendor :STMicroelectronics X-CUBE-STSE01 1.0.0
2026-02-22 19:47:02,461 [INFO] ThirdParty:1030 - CMSIS Pack Vendor :wolfSSL I-CUBE-wolfTPM 3.4.0
2026-02-22 19:47:02,461 [INFO] ThirdParty:1030 - CMSIS Pack Vendor :portGmbH I-Cube-SoM-uGOAL 1.1.0
2026-02-22 19:47:02,461 [INFO] ThirdParty:1030 - CMSIS Pack Vendor :STMicroelectronics X-CUBE-ALS 1.0.1
2026-02-22 19:47:02,461 [INFO] ThirdParty:1030 - CMSIS Pack Vendor :STMicroelectronics X-CUBE-NFC6 3.2.0
2026-02-22 19:47:02,461 [INFO] ThirdParty:1030 - CMSIS Pack Vendor :STMicroelectronics X-CUBE-AI 10.2.0
2026-02-22 19:47:02,461 [INFO] ThirdParty:1030 - CMSIS Pack Vendor :STMicroelectronics ThreadX 1.0.0
2026-02-22 19:47:02,461 [INFO] ThirdParty:1030 - CMSIS Pack Vendor :SEGGER I-CUBE-embOS 1.3.1
2026-02-22 19:47:02,462 [INFO] ThirdParty:1030 - CMSIS Pack Vendor :STMicroelectronics X-CUBE-ALGOBUILD 1.4.0
2026-02-22 19:47:02,462 [INFO] ThirdParty:1030 - CMSIS Pack Vendor :STMicroelectronics X-CUBE-AZRTOS-H7RS 1.0.0
2026-02-22 19:47:02,462 [INFO] ThirdParty:1030 - CMSIS Pack Vendor :STMicroelectronics FP-ATR-ASTRA1 2.0.0
2026-02-22 19:47:02,462 [INFO] ThirdParty:1030 - CMSIS Pack Vendor :STMicroelectronics X-CUBE-TOF1 3.4.2
2026-02-22 19:47:02,462 [INFO] ThirdParty:1030 - CMSIS Pack Vendor :STMicroelectronics X-CUBE-AI 9.1.0
2026-02-22 19:47:02,462 [INFO] ThirdParty:1030 - CMSIS Pack Vendor :STMicroelectronics X-CUBE-TOF1 3.4.1
2026-02-22 19:47:02,462 [INFO] ThirdParty:1030 - CMSIS Pack Vendor :STMicroelectronics X-CUBE-AZRTOS-H7 3.2.0
2026-02-22 19:47:02,462 [INFO] ThirdParty:1030 - CMSIS Pack Vendor :Infineon AIROC-Wi-Fi-Bluetooth-STM32 1.6.0
2026-02-22 19:47:02,462 [INFO] ThirdParty:1030 - CMSIS Pack Vendor :wolfSSL I-CUBE-wolfSSH 1.4.17
2026-02-22 19:47:02,462 [INFO] ThirdParty:841 - exiting critical section [change project]
2026-02-22 19:47:02,535 [INFO] PinOutPanel:1561 - setPackage(No Configuration,No Configuration)
2026-02-22 19:47:02,536 [INFO] PinOutPanel:1561 - setPackage(STM32F411CEUx,UFQFPN48)
2026-02-22 19:47:02,632 [INFO] UtilMem:75 - Before build in PCC Used Memory: 952859632 Bytes (1073741824)
2026-02-22 19:47:02,751 [INFO] UtilMem:75 - After build in PCC Used Memory: 856578608 Bytes (1073741824)
2026-02-22 19:47:02,769 [INFO] IPUIPlugin:80 - create IPUIPlugin
2026-02-22 19:47:02,769 [INFO] IPUIPlugin:80 - create IPUIPlugin
2026-02-22 19:47:02,769 [INFO] IPUIPlugin:80 - create IPUIPlugin
2026-02-22 19:47:02,769 [INFO] IPUIPlugin:80 - create IPUIPlugin
2026-02-22 19:47:02,769 [INFO] IPUIPlugin:80 - create IPUIPlugin
2026-02-22 19:47:02,769 [INFO] IPUIPlugin:80 - create IPUIPlugin
2026-02-22 19:47:02,769 [INFO] IPUIPlugin:80 - create IPUIPlugin
2026-02-22 19:47:02,769 [INFO] IPUIPlugin:80 - create IPUIPlugin
2026-02-22 19:47:02,769 [INFO] IPUIPlugin:80 - create IPUIPlugin
2026-02-22 19:47:02,769 [INFO] IPUIPlugin:80 - create IPUIPlugin
2026-02-22 19:47:02,769 [INFO] IPUIPlugin:80 - create IPUIPlugin
2026-02-22 19:47:02,769 [INFO] IPUIPlugin:80 - create IPUIPlugin
2026-02-22 19:47:02,769 [INFO] IPUIPlugin:80 - create IPUIPlugin
2026-02-22 19:47:02,769 [INFO] IPUIPlugin:80 - create IPUIPlugin
2026-02-22 19:47:02,769 [INFO] IPUIPlugin:80 - create IPUIPlugin
2026-02-22 19:47:02,769 [INFO] IPUIPlugin:80 - create IPUIPlugin
2026-02-22 19:47:02,769 [INFO] IPUIPlugin:80 - create IPUIPlugin
2026-02-22 19:47:02,769 [INFO] IPUIPlugin:80 - create IPUIPlugin
2026-02-22 19:47:02,771 [INFO] IPUIPlugin:80 - create IPUIPlugin
2026-02-22 19:47:02,771 [INFO] IPUIPlugin:80 - create IPUIPlugin
2026-02-22 19:47:02,771 [INFO] IPUIPlugin:80 - create IPUIPlugin
2026-02-22 19:47:02,771 [INFO] IPUIPlugin:80 - create IPUIPlugin
2026-02-22 19:47:02,771 [INFO] IPUIPlugin:80 - create IPUIPlugin
2026-02-22 19:47:02,771 [INFO] IPUIPlugin:80 - create IPUIPlugin
2026-02-22 19:47:02,771 [INFO] IPUIPlugin:80 - create IPUIPlugin
2026-02-22 19:47:02,771 [INFO] IPUIPlugin:80 - create IPUIPlugin
2026-02-22 19:47:02,771 [INFO] IPUIPlugin:80 - create IPUIPlugin
2026-02-22 19:47:02,771 [INFO] IPUIPlugin:80 - create IPUIPlugin
2026-02-22 19:47:02,771 [INFO] IPUIPlugin:80 - create IPUIPlugin
2026-02-22 19:47:02,771 [INFO] IPUIPlugin:80 - create IPUIPlugin
2026-02-22 19:47:02,772 [INFO] IPUIPlugin:80 - create IPUIPlugin
2026-02-22 19:47:02,772 [INFO] IPUIPlugin:80 - create IPUIPlugin
2026-02-22 19:47:02,772 [INFO] IPUIPlugin:80 - create IPUIPlugin
2026-02-22 19:47:02,772 [INFO] IPUIPlugin:80 - create IPUIPlugin
2026-02-22 19:47:02,772 [INFO] IPUIPlugin:80 - create IPUIPlugin
2026-02-22 19:47:02,772 [INFO] IPUIPlugin:80 - create IPUIPlugin
2026-02-22 19:47:02,772 [INFO] IPUIPlugin:80 - create IPUIPlugin
2026-02-22 19:47:02,773 [INFO] IPUIPlugin:80 - create IPUIPlugin
2026-02-22 19:47:02,773 [INFO] IPUIPlugin:80 - create IPUIPlugin
2026-02-22 19:47:02,773 [INFO] IPUIPlugin:80 - create IPUIPlugin
2026-02-22 19:47:02,773 [INFO] IPUIPlugin:80 - create IPUIPlugin
2026-02-22 19:47:02,773 [INFO] IPUIPlugin:80 - create IPUIPlugin
2026-02-22 19:47:02,773 [INFO] IPUIPlugin:80 - create IPUIPlugin
2026-02-22 19:47:02,773 [INFO] IPUIPlugin:80 - create IPUIPlugin
2026-02-22 19:47:02,775 [INFO] ApiDbMcu:508 - Load IP Config File for PDM2PCM
2026-02-22 19:47:02,817 [INFO] CADModel:165 - CPN selected for project levelSTM32F411CEU6
2026-02-22 19:47:02,817 [INFO] CADModel:114 - Register for checkConnection events
2026-02-22 19:47:02,871 [INFO] OpenFileManager:343 - Restore cursor
2026-02-22 19:47:02,988 [WARN] IP:2120 - tgfx_framebuffer_stride_value_custom not found: check if there is a RefParameter without a condition.
2026-02-22 19:47:02,990 [WARN] IP:2120 - tgfx_framebuffer_stride_value_custom not found: check if there is a RefParameter without a condition.
2026-02-22 19:47:11,977 [INFO] Gpio:277 - dependency for GPIO [SPI1, SPI2]
2026-02-22 19:55:41,546 [INFO] UtilMem:75 - End SaveConfig() Used Memory: 932622112 Bytes (1073741824)
2026-02-22 19:55:42,375 [INFO] UtilMem:75 - End SaveConfig() Used Memory: 847821680 Bytes (1073741824)
2026-02-22 19:55:42,481 [INFO] BlockDiagram:2759 - set Specific Code input for plugin: SPI
2026-02-22 19:55:42,481 [INFO] BlockDiagram:2759 - set Specific Code input for plugin: SPI
2026-02-22 19:55:42,481 [INFO] BlockDiagram:2759 - set Specific Code input for plugin: NVIC
2026-02-22 19:55:42,481 [INFO] BlockDiagram:2759 - set Specific Code input for plugin: DMA
2026-02-22 19:55:42,481 [INFO] BlockDiagram:2759 - set Specific Code input for plugin: STMicroelectronics.X-CUBE-TOUCHGFX.4.26.0
2026-02-22 19:55:42,481 [INFO] BlockDiagram:2759 - set Specific Code input for plugin: TIM1_8
2026-02-22 19:55:42,481 [INFO] BlockDiagram:2759 - set Specific Code input for plugin: SYS
2026-02-22 19:55:42,481 [INFO] BlockDiagram:2759 - set Specific Code input for plugin: GPIO
2026-02-22 19:55:42,482 [INFO] BlockDiagram:2759 - set Specific Code input for plugin: RCC
2026-02-22 19:55:42,482 [INFO] BlockDiagram:2759 - set Specific Code input for plugin: CRC
2026-02-22 19:55:42,482 [WARN] IP:2120 - tgfx_framebuffer_stride_value_custom not found: check if there is a RefParameter without a condition.
2026-02-22 19:55:42,486 [INFO] CodeGenerator:807 - code generatio: config db path: D:\Documentos\Electronica\Nueva carpeta\STM32CubeIDE_1.15.0\STM32CubeIDE\plugins\com.st.stm32cube.common.mx_6.11.0.202403141607\\db\
2026-02-22 19:55:42,492 [INFO] Argument:325 - Argument : hdmavalue: null
2026-02-22 19:55:42,492 [INFO] Argument:327 - 	 sub Args: 
2026-02-22 19:55:42,492 [INFO] Argument:325 - Argument : Instancevalue: DMA2_Stream2
2026-02-22 19:55:42,492 [INFO] Argument:335 - Argument : Instancevalue: DMA2_Stream2
2026-02-22 19:55:42,492 [INFO] Argument:325 - Argument : Initvalue: null
2026-02-22 19:55:42,492 [INFO] Argument:327 - 	 sub Args: 
2026-02-22 19:55:42,492 [INFO] Argument:325 - Argument : Channelvalue: DMA_CHANNEL_2
2026-02-22 19:55:42,492 [INFO] Argument:335 - Argument : Channelvalue: DMA_CHANNEL_2
2026-02-22 19:55:42,492 [INFO] Argument:325 - Argument : Directionvalue: DMA_MEMORY_TO_PERIPH
2026-02-22 19:55:42,492 [INFO] Argument:335 - Argument : Directionvalue: DMA_MEMORY_TO_PERIPH
2026-02-22 19:55:42,492 [INFO] Argument:325 - Argument : PeriphIncvalue: DMA_PINC_DISABLE
2026-02-22 19:55:42,492 [INFO] Argument:335 - Argument : PeriphIncvalue: DMA_PINC_DISABLE
2026-02-22 19:55:42,492 [INFO] Argument:325 - Argument : MemIncvalue: DMA_MINC_ENABLE
2026-02-22 19:55:42,492 [INFO] Argument:335 - Argument : MemIncvalue: DMA_MINC_ENABLE
2026-02-22 19:55:42,492 [INFO] Argument:325 - Argument : PeriphDataAlignmentvalue: DMA_PDATAALIGN_BYTE
2026-02-22 19:55:42,492 [INFO] Argument:335 - Argument : PeriphDataAlignmentvalue: DMA_PDATAALIGN_BYTE
2026-02-22 19:55:42,492 [INFO] Argument:325 - Argument : MemDataAlignmentvalue: DMA_MDATAALIGN_BYTE
2026-02-22 19:55:42,492 [INFO] Argument:335 - Argument : MemDataAlignmentvalue: DMA_MDATAALIGN_BYTE
2026-02-22 19:55:42,492 [INFO] Argument:325 - Argument : Modevalue: DMA_NORMAL
2026-02-22 19:55:42,492 [INFO] Argument:335 - Argument : Modevalue: DMA_NORMAL
2026-02-22 19:55:42,492 [INFO] Argument:325 - Argument : Priorityvalue: DMA_PRIORITY_LOW
2026-02-22 19:55:42,492 [INFO] Argument:335 - Argument : Priorityvalue: DMA_PRIORITY_LOW
2026-02-22 19:55:42,492 [INFO] Argument:325 - Argument : FIFOModevalue: DMA_FIFOMODE_ENABLE
2026-02-22 19:55:42,492 [INFO] Argument:335 - Argument : FIFOModevalue: DMA_FIFOMODE_ENABLE
2026-02-22 19:55:42,492 [INFO] Argument:325 - Argument : FIFOThresholdvalue: DMA_FIFO_THRESHOLD_FULL
2026-02-22 19:55:42,492 [INFO] Argument:335 - Argument : FIFOThresholdvalue: DMA_FIFO_THRESHOLD_FULL
2026-02-22 19:55:42,492 [INFO] Argument:325 - Argument : MemBurstvalue: DMA_MBURST_SINGLE
2026-02-22 19:55:42,492 [INFO] Argument:335 - Argument : MemBurstvalue: DMA_MBURST_SINGLE
2026-02-22 19:55:42,492 [INFO] Argument:325 - Argument : PeriphBurstvalue: DMA_PBURST_SINGLE
2026-02-22 19:55:42,492 [INFO] Argument:335 - Argument : PeriphBurstvalue: DMA_PBURST_SINGLE
2026-02-22 19:55:42,492 [INFO] Argument:325 - Argument : Lockvalue: null
2026-02-22 19:55:42,492 [INFO] Argument:335 - Argument : Lockvalue: null
2026-02-22 19:55:42,492 [INFO] Argument:325 - Argument : Statevalue: null
2026-02-22 19:55:42,492 [INFO] Argument:335 - Argument : Statevalue: null
2026-02-22 19:55:42,492 [INFO] Argument:325 - Argument : Parentvalue: null
2026-02-22 19:55:42,492 [INFO] Argument:335 - Argument : Parentvalue: null
2026-02-22 19:55:42,492 [INFO] Argument:325 - Argument : XferCpltCallbackvalue: null
2026-02-22 19:55:42,492 [INFO] Argument:335 - Argument : XferCpltCallbackvalue: null
2026-02-22 19:55:42,492 [INFO] Argument:325 - Argument : XferHalfCpltCallbackvalue: null
2026-02-22 19:55:42,492 [INFO] Argument:335 - Argument : XferHalfCpltCallbackvalue: null
2026-02-22 19:55:42,492 [INFO] Argument:325 - Argument : XferM1CpltCallbackvalue: null
2026-02-22 19:55:42,492 [INFO] Argument:335 - Argument : XferM1CpltCallbackvalue: null
2026-02-22 19:55:42,492 [INFO] Argument:325 - Argument : XferErrorCallbackvalue: null
2026-02-22 19:55:42,492 [INFO] Argument:335 - Argument : XferErrorCallbackvalue: null
2026-02-22 19:55:42,492 [INFO] Argument:325 - Argument : ErrorCodevalue: null
2026-02-22 19:55:42,492 [INFO] Argument:335 - Argument : ErrorCodevalue: null
2026-02-22 19:55:42,493 [WARN] IP:2120 - tgfx_framebuffer_stride_value_custom not found: check if there is a RefParameter without a condition.
2026-02-22 19:55:42,566 [INFO] IP:3348 - RTE Config file name : RTE_Component
2026-02-22 19:55:42,566 [INFO] IP:3366 - RTE template : RTE_Components.ftl
2026-02-22 19:55:42,576 [INFO] CodeEngine:255 - oldGeneratedFile, C:\git\VehiculoTT\HMITT\MXTmpFiles\license.tmp_save
2026-02-22 19:55:42,654 [INFO] CodeEngine:279 - Generated code: C:\git\VehiculoTT\HMITT\MXTmpFiles\license.tmp
2026-02-22 19:55:42,684 [INFO] CodeEngine:255 - oldGeneratedFile, C:\git\VehiculoTT\HMITT\MXTmpFiles\gpio.tmp_save
2026-02-22 19:55:42,774 [INFO] CodeEngine:279 - Generated code: C:\git\VehiculoTT\HMITT\MXTmpFiles\gpio.tmp
2026-02-22 19:55:42,859 [INFO] Middleware:1439 - No code input for Bsp Dependency
2026-02-22 19:55:42,859 [INFO] IP:3348 - RTE Config file name : RTE_Component
2026-02-22 19:55:42,859 [INFO] IP:3366 - RTE template : RTE_Components.ftl
2026-02-22 19:55:42,870 [INFO] CodeEngine:255 - oldGeneratedFile, C:\git\VehiculoTT\HMITT\MXTmpFiles\SCB_CleanInvalidateDCache.tmp_save
2026-02-22 19:55:42,935 [INFO] CodeEngine:279 - Generated code: C:\git\VehiculoTT\HMITT\MXTmpFiles\SCB_CleanInvalidateDCache.tmp
2026-02-22 19:55:42,943 [INFO] CodeEngine:255 - oldGeneratedFile, C:\git\VehiculoTT\HMITT\MXTmpFiles\SCB_InvalidateDCache.tmp_save
2026-02-22 19:55:42,995 [INFO] CodeEngine:279 - Generated code: C:\git\VehiculoTT\HMITT\MXTmpFiles\SCB_InvalidateDCache.tmp
2026-02-22 19:55:43,003 [INFO] CodeEngine:255 - oldGeneratedFile, C:\git\VehiculoTT\HMITT\MXTmpFiles\touchgfx_license.tmp_save
2026-02-22 19:55:43,060 [INFO] CodeEngine:279 - Generated code: C:\git\VehiculoTT\HMITT\MXTmpFiles\touchgfx_license.tmp
2026-02-22 19:55:43,067 [INFO] CodeEngine:255 - oldGeneratedFile, C:\git\VehiculoTT\HMITT\MXTmpFiles\touchgfx_gen_license.tmp_save
2026-02-22 19:55:43,121 [INFO] CodeEngine:279 - Generated code: C:\git\VehiculoTT\HMITT\MXTmpFiles\touchgfx_gen_license.tmp
2026-02-22 19:55:43,129 [INFO] CodeEngine:255 - oldGeneratedFile, C:\git\VehiculoTT\HMITT\MXTmpFiles\oswrappers_noos.tmp_save
2026-02-22 19:55:43,181 [INFO] CodeEngine:279 - Generated code: C:\git\VehiculoTT\HMITT\MXTmpFiles\oswrappers_noos.tmp
2026-02-22 19:55:43,199 [INFO] CodeEngine:255 - oldGeneratedFile, C:\git\VehiculoTT\HMITT\MXTmpFiles\dma.tmp_save
2026-02-22 19:55:43,267 [INFO] CodeEngine:279 - Generated code: C:\git\VehiculoTT\HMITT\MXTmpFiles\dma.tmp
2026-02-22 19:55:43,273 [INFO] CodeEngine:255 - oldGeneratedFile, C:\git\VehiculoTT\HMITT\MXTmpFiles\dma_GV.tmp_save
2026-02-22 19:55:43,324 [INFO] CodeEngine:279 - Generated code: C:\git\VehiculoTT\HMITT\MXTmpFiles\dma_GV.tmp
2026-02-22 19:55:43,331 [INFO] Middleware:1439 - No code input for Bsp Dependency
2026-02-22 19:55:43,332 [INFO] IP:3348 - RTE Config file name : RTE_Component
2026-02-22 19:55:43,332 [INFO] IP:3366 - RTE template : RTE_Components.ftl
2026-02-22 19:55:43,345 [INFO] CodeEngine:255 - oldGeneratedFile, C:\git\VehiculoTT\HMITT\MXTmpFiles\SCB_CleanInvalidateDCache.tmp_save
2026-02-22 19:55:43,405 [INFO] CodeEngine:279 - Generated code: C:\git\VehiculoTT\HMITT\MXTmpFiles\SCB_CleanInvalidateDCache.tmp
2026-02-22 19:55:43,415 [INFO] CodeEngine:255 - oldGeneratedFile, C:\git\VehiculoTT\HMITT\MXTmpFiles\SCB_InvalidateDCache.tmp_save
2026-02-22 19:55:43,474 [INFO] CodeEngine:279 - Generated code: C:\git\VehiculoTT\HMITT\MXTmpFiles\SCB_InvalidateDCache.tmp
2026-02-22 19:55:43,486 [INFO] CodeEngine:255 - oldGeneratedFile, C:\git\VehiculoTT\HMITT\MXTmpFiles\touchgfx_license.tmp_save
2026-02-22 19:55:43,549 [INFO] CodeEngine:279 - Generated code: C:\git\VehiculoTT\HMITT\MXTmpFiles\touchgfx_license.tmp
2026-02-22 19:55:43,561 [INFO] CodeEngine:255 - oldGeneratedFile, C:\git\VehiculoTT\HMITT\MXTmpFiles\touchgfx_gen_license.tmp_save
2026-02-22 19:55:43,622 [INFO] CodeEngine:279 - Generated code: C:\git\VehiculoTT\HMITT\MXTmpFiles\touchgfx_gen_license.tmp
2026-02-22 19:55:43,632 [INFO] CodeEngine:255 - oldGeneratedFile, C:\git\VehiculoTT\HMITT\MXTmpFiles\oswrappers_noos.tmp_save
2026-02-22 19:55:43,691 [INFO] CodeEngine:279 - Generated code: C:\git\VehiculoTT\HMITT\MXTmpFiles\oswrappers_noos.tmp
2026-02-22 19:55:43,703 [INFO] CodeEngine:255 - oldGeneratedFile, C:\git\VehiculoTT\HMITT\TouchGFX\App\app_touchgfx.h_save
2026-02-22 19:55:43,797 [INFO] CodeEngine:279 - Generated code: C:\git\VehiculoTT\HMITT\TouchGFX\App\app_touchgfx.h
2026-02-22 19:55:43,809 [INFO] CodeEngine:255 - oldGeneratedFile, C:\git\VehiculoTT\HMITT\TouchGFX\ApplicationTemplate.touchgfx.part_save
2026-02-22 19:55:43,888 [INFO] CodeEngine:279 - Generated code: C:\git\VehiculoTT\HMITT\TouchGFX\ApplicationTemplate.touchgfx.part
2026-02-22 19:55:43,909 [INFO] CodeEngine:255 - oldGeneratedFile, C:\git\VehiculoTT\HMITT\TouchGFX\target\generated\TouchGFXConfiguration.cpp_save
2026-02-22 19:55:43,983 [INFO] CodeEngine:279 - Generated code: C:\git\VehiculoTT\HMITT\TouchGFX\target\generated\TouchGFXConfiguration.cpp
2026-02-22 19:55:44,005 [INFO] CodeEngine:255 - oldGeneratedFile, C:\git\VehiculoTT\HMITT\TouchGFX\target\generated\TouchGFXGeneratedHAL.hpp_save
2026-02-22 19:55:44,079 [INFO] CodeEngine:279 - Generated code: C:\git\VehiculoTT\HMITT\TouchGFX\target\generated\TouchGFXGeneratedHAL.hpp
2026-02-22 19:55:44,099 [INFO] CodeEngine:255 - oldGeneratedFile, C:\git\VehiculoTT\HMITT\TouchGFX\target\generated\TouchGFXGeneratedHAL.cpp_save
2026-02-22 19:55:44,175 [INFO] CodeEngine:279 - Generated code: C:\git\VehiculoTT\HMITT\TouchGFX\target\generated\TouchGFXGeneratedHAL.cpp
2026-02-22 19:55:44,186 [INFO] CodeEngine:255 - oldGeneratedFile, C:\git\VehiculoTT\HMITT\TouchGFX\target\TouchGFXHAL.hpp_save
2026-02-22 19:55:44,255 [INFO] CodeEngine:279 - Generated code: C:\git\VehiculoTT\HMITT\TouchGFX\target\TouchGFXHAL.hpp
2026-02-22 19:55:44,265 [INFO] CodeEngine:255 - oldGeneratedFile, C:\git\VehiculoTT\HMITT\TouchGFX\target\TouchGFXHAL.cpp_save
2026-02-22 19:55:44,346 [INFO] CodeEngine:279 - Generated code: C:\git\VehiculoTT\HMITT\TouchGFX\target\TouchGFXHAL.cpp
2026-02-22 19:55:44,365 [INFO] CodeEngine:255 - oldGeneratedFile, C:\git\VehiculoTT\HMITT\TouchGFX\target\STM32TouchController.hpp_save
2026-02-22 19:55:44,436 [INFO] CodeEngine:279 - Generated code: C:\git\VehiculoTT\HMITT\TouchGFX\target\STM32TouchController.hpp
2026-02-22 19:55:44,446 [INFO] CodeEngine:255 - oldGeneratedFile, C:\git\VehiculoTT\HMITT\TouchGFX\target\STM32TouchController.cpp_save
2026-02-22 19:55:44,517 [INFO] CodeEngine:279 - Generated code: C:\git\VehiculoTT\HMITT\TouchGFX\target\STM32TouchController.cpp
2026-02-22 19:55:44,529 [INFO] CodeEngine:255 - oldGeneratedFile, C:\git\VehiculoTT\HMITT\TouchGFX\target\generated\STM32DMA.hpp_save
2026-02-22 19:55:44,609 [INFO] CodeEngine:279 - Generated code: C:\git\VehiculoTT\HMITT\TouchGFX\target\generated\STM32DMA.hpp
2026-02-22 19:55:44,620 [INFO] CodeEngine:255 - oldGeneratedFile, C:\git\VehiculoTT\HMITT\TouchGFX\target\generated\STM32DMA.cpp_save
2026-02-22 19:55:44,689 [INFO] CodeEngine:279 - Generated code: C:\git\VehiculoTT\HMITT\TouchGFX\target\generated\STM32DMA.cpp
2026-02-22 19:55:44,700 [INFO] CodeEngine:255 - oldGeneratedFile, C:\git\VehiculoTT\HMITT\TouchGFX\target\generated\OSWrappers.cpp_save
2026-02-22 19:55:44,779 [INFO] CodeEngine:279 - Generated code: C:\git\VehiculoTT\HMITT\TouchGFX\target\generated\OSWrappers.cpp
2026-02-22 19:55:44,790 [INFO] CodeEngine:255 - oldGeneratedFile, C:\git\VehiculoTT\HMITT\TouchGFX\target\TouchGFXGPIO.cpp_save
2026-02-22 19:55:44,859 [INFO] CodeEngine:279 - Generated code: C:\git\VehiculoTT\HMITT\TouchGFX\target\TouchGFXGPIO.cpp
2026-02-22 19:55:44,869 [INFO] CodeEngine:255 - oldGeneratedFile, C:\git\VehiculoTT\HMITT\TouchGFX\App\app_touchgfx.c_save
2026-02-22 19:55:44,941 [INFO] CodeEngine:279 - Generated code: C:\git\VehiculoTT\HMITT\TouchGFX\App\app_touchgfx.c
2026-02-22 19:55:44,976 [INFO] CodeEngine:255 - oldGeneratedFile, C:\git\VehiculoTT\HMITT\Core\Src\stm32f4xx_it.c_save
2026-02-22 19:55:45,104 [INFO] CodeEngine:279 - Generated code: C:\git\VehiculoTT\HMITT\Core\Src\stm32f4xx_it.c
2026-02-22 19:55:45,114 [INFO] CodeEngine:255 - oldGeneratedFile, C:\git\VehiculoTT\HMITT\Core\Inc\stm32f4xx_it.h_save
2026-02-22 19:55:45,182 [INFO] CodeEngine:279 - Generated code: C:\git\VehiculoTT\HMITT\Core\Inc\stm32f4xx_it.h
2026-02-22 19:55:45,190 [INFO] IP:3348 - RTE Config file name : RTE_Component
2026-02-22 19:55:45,191 [INFO] IP:3366 - RTE template : RTE_Components.ftl
2026-02-22 19:55:45,191 [INFO] CodeGenerator:2119 - Add RTE Code Input 
2026-02-22 19:55:47,306 [INFO] CodeEngine:255 - oldGeneratedFile, C:\git\VehiculoTT\HMITT\Core\Inc\RTE_Components.h_save
2026-02-22 19:55:47,371 [INFO] CodeEngine:279 - Generated code: C:\git\VehiculoTT\HMITT\Core\Inc\RTE_Components.h
2026-02-22 19:55:47,401 [INFO] CodeEngine:255 - oldGeneratedFile, C:\git\VehiculoTT\HMITT\Core\Src\stm32f4xx_hal_msp.c_save
2026-02-22 19:55:47,516 [INFO] CodeEngine:279 - Generated code: C:\git\VehiculoTT\HMITT\Core\Src\stm32f4xx_hal_msp.c
2026-02-22 19:55:47,525 [INFO] CodeEngine:255 - oldGeneratedFile, C:\git\VehiculoTT\HMITT\MXTmpFiles\system.tmp_save
2026-02-22 19:55:47,580 [INFO] CodeEngine:279 - Generated code: C:\git\VehiculoTT\HMITT\MXTmpFiles\system.tmp
2026-02-22 19:55:47,608 [INFO] CodeEngine:311 - oldGeneratedFile, C:\git\VehiculoTT\HMITT\Core\Inc\stm32f4xx_hal_conf.h_save
2026-02-22 19:55:47,700 [INFO] CodeEngine:335 - Generated code: C:\git\VehiculoTT\HMITT\Core\Inc\stm32f4xx_hal_conf.h
2026-02-22 19:55:47,731 [WARN] IPConfigManager:3513 - IP not found : TIM
2026-02-22 19:55:47,731 [WARN] CodeGenerator:3951 - IP not found : null
2026-02-22 19:55:47,759 [INFO] CodeEngine:255 - oldGeneratedFile, C:\git\VehiculoTT\HMITT\Core\Inc\main.h_save
2026-02-22 19:55:47,827 [INFO] CodeEngine:279 - Generated code: C:\git\VehiculoTT\HMITT\Core\Inc\main.h
2026-02-22 19:55:47,849 [INFO] CodeEngine:255 - oldGeneratedFile, C:\git\VehiculoTT\HMITT\Core\Src\main.c_save
2026-02-22 19:55:47,993 [INFO] CodeEngine:279 - Generated code: C:\git\VehiculoTT\HMITT\Core\Src\main.c
2026-02-22 19:55:48,642 [INFO] ProjectBuilder:3163 - Time for Copy HAL[1] : 368mS.
2026-02-22 19:55:48,642 [ERROR] Middleware:2969 - Invalid RefComponent liste
2026-02-22 19:55:48,642 [ERROR] Middleware:2969 - Invalid RefComponent liste
2026-02-22 19:55:48,642 [ERROR] Middleware:2969 - Invalid RefComponent liste
2026-02-22 19:55:48,642 [ERROR] Middleware:2969 - Invalid RefComponent liste
2026-02-22 19:55:48,642 [ERROR] Middleware:2969 - Invalid RefComponent liste
2026-02-22 19:55:48,642 [ERROR] Middleware:2969 - Invalid RefComponent liste
2026-02-22 19:55:48,642 [ERROR] Middleware:2969 - Invalid RefComponent liste
2026-02-22 19:55:48,642 [ERROR] Middleware:2969 - Invalid RefComponent liste
2026-02-22 19:55:48,642 [ERROR] Middleware:2969 - Invalid RefComponent liste
2026-02-22 19:55:48,642 [ERROR] Middleware:2969 - Invalid RefComponent liste
2026-02-22 19:55:48,642 [ERROR] Middleware:2969 - Invalid RefComponent liste
2026-02-22 19:55:48,642 [ERROR] Middleware:2969 - Invalid RefComponent liste
2026-02-22 19:55:48,642 [ERROR] Middleware:2969 - Invalid RefComponent liste
2026-02-22 19:55:48,642 [ERROR] Middleware:2969 - Invalid RefComponent liste
2026-02-22 19:55:48,642 [ERROR] Middleware:2969 - Invalid RefComponent liste
2026-02-22 19:55:48,642 [ERROR] Middleware:2969 - Invalid RefComponent liste
2026-02-22 19:55:48,642 [ERROR] Middleware:2969 - Invalid RefComponent liste
2026-02-22 19:55:48,642 [ERROR] Middleware:2969 - Invalid RefComponent liste
2026-02-22 19:55:48,642 [ERROR] Middleware:2969 - Invalid RefComponent liste
2026-02-22 19:55:48,642 [ERROR] Middleware:2969 - Invalid RefComponent liste
2026-02-22 19:55:48,642 [ERROR] Middleware:2969 - Invalid RefComponent liste
2026-02-22 19:55:48,642 [ERROR] Middleware:2969 - Invalid RefComponent liste
2026-02-22 19:55:48,642 [ERROR] Middleware:2969 - Invalid RefComponent liste
2026-02-22 19:55:48,642 [ERROR] Middleware:2969 - Invalid RefComponent liste
2026-02-22 19:55:48,642 [ERROR] Middleware:2969 - Invalid RefComponent liste
2026-02-22 19:55:48,642 [ERROR] Middleware:2969 - Invalid RefComponent liste
2026-02-22 19:55:48,642 [ERROR] Middleware:2969 - Invalid RefComponent liste
2026-02-22 19:55:48,642 [ERROR] Middleware:2969 - Invalid RefComponent liste
2026-02-22 19:55:48,642 [ERROR] Middleware:2969 - Invalid RefComponent liste
2026-02-22 19:55:48,642 [ERROR] Middleware:2969 - Invalid RefComponent liste
2026-02-22 19:55:48,642 [ERROR] Middleware:2969 - Invalid RefComponent liste
2026-02-22 19:55:48,643 [ERROR] Middleware:2969 - Invalid RefComponent liste
2026-02-22 19:55:48,643 [ERROR] Middleware:2969 - Invalid RefComponent liste
2026-02-22 19:55:48,643 [ERROR] Middleware:2969 - Invalid RefComponent liste
2026-02-22 19:55:48,643 [ERROR] Middleware:2969 - Invalid RefComponent liste
2026-02-22 19:55:48,643 [ERROR] Middleware:2969 - Invalid RefComponent liste
2026-02-22 19:55:48,643 [ERROR] Middleware:2969 - Invalid RefComponent liste
2026-02-22 19:55:48,643 [ERROR] Middleware:2969 - Invalid RefComponent liste
2026-02-22 19:55:48,643 [ERROR] Middleware:2969 - Invalid RefComponent liste
2026-02-22 19:55:48,643 [ERROR] Middleware:2969 - Invalid RefComponent liste
2026-02-22 19:55:48,643 [ERROR] Middleware:2969 - Invalid RefComponent liste
2026-02-22 19:55:48,643 [ERROR] Middleware:2969 - Invalid RefComponent liste
2026-02-22 19:55:48,643 [ERROR] Middleware:2969 - Invalid RefComponent liste
2026-02-22 19:55:48,643 [ERROR] Middleware:2969 - Invalid RefComponent liste
2026-02-22 19:55:48,643 [ERROR] Middleware:2969 - Invalid RefComponent liste
2026-02-22 19:55:48,643 [ERROR] Middleware:2969 - Invalid RefComponent liste
2026-02-22 19:55:48,643 [ERROR] Middleware:2969 - Invalid RefComponent liste
2026-02-22 19:55:48,643 [ERROR] Middleware:2969 - Invalid RefComponent liste
2026-02-22 19:55:48,643 [ERROR] Middleware:2969 - Invalid RefComponent liste
2026-02-22 19:55:48,643 [ERROR] Middleware:2969 - Invalid RefComponent liste
2026-02-22 19:55:48,643 [ERROR] Middleware:2969 - Invalid RefComponent liste
2026-02-22 19:55:48,643 [ERROR] Middleware:2969 - Invalid RefComponent liste
2026-02-22 19:55:48,643 [ERROR] Middleware:2969 - Invalid RefComponent liste
2026-02-22 19:55:48,643 [ERROR] Middleware:2969 - Invalid RefComponent liste
2026-02-22 19:55:48,643 [ERROR] Middleware:2969 - Invalid RefComponent liste
2026-02-22 19:55:48,643 [ERROR] Middleware:2969 - Invalid RefComponent liste
2026-02-22 19:55:48,643 [ERROR] Middleware:2969 - Invalid RefComponent liste
2026-02-22 19:55:48,643 [ERROR] Middleware:2969 - Invalid RefComponent liste
2026-02-22 19:55:48,643 [ERROR] Middleware:2969 - Invalid RefComponent liste
2026-02-22 19:55:48,643 [ERROR] Middleware:2969 - Invalid RefComponent liste
2026-02-22 19:55:48,643 [ERROR] Middleware:2969 - Invalid RefComponent liste
2026-02-22 19:55:48,643 [ERROR] Middleware:2969 - Invalid RefComponent liste
2026-02-22 19:55:48,643 [ERROR] Middleware:2969 - Invalid RefComponent liste
2026-02-22 19:55:48,643 [ERROR] Middleware:2969 - Invalid RefComponent liste
2026-02-22 19:55:48,643 [ERROR] Middleware:2969 - Invalid RefComponent liste
2026-02-22 19:55:48,643 [ERROR] Middleware:2969 - Invalid RefComponent liste
2026-02-22 19:55:48,643 [ERROR] Middleware:2969 - Invalid RefComponent liste
2026-02-22 19:55:48,643 [ERROR] Middleware:2969 - Invalid RefComponent liste
2026-02-22 19:55:48,643 [ERROR] Middleware:2969 - Invalid RefComponent liste
2026-02-22 19:55:48,643 [ERROR] Middleware:2969 - Invalid RefComponent liste
2026-02-22 19:55:48,643 [ERROR] Middleware:2969 - Invalid RefComponent liste
2026-02-22 19:55:48,643 [ERROR] Middleware:2969 - Invalid RefComponent liste
2026-02-22 19:55:48,643 [ERROR] Middleware:2969 - Invalid RefComponent liste
2026-02-22 19:55:48,643 [ERROR] Middleware:2969 - Invalid RefComponent liste
2026-02-22 19:55:48,643 [ERROR] Middleware:2969 - Invalid RefComponent liste
2026-02-22 19:55:48,643 [ERROR] Middleware:2969 - Invalid RefComponent liste
2026-02-22 19:55:48,643 [ERROR] Middleware:2969 - Invalid RefComponent liste
2026-02-22 19:55:48,644 [ERROR] Middleware:2969 - Invalid RefComponent liste
2026-02-22 19:55:48,644 [ERROR] Middleware:2969 - Invalid RefComponent liste
2026-02-22 19:55:48,644 [ERROR] Middleware:2969 - Invalid RefComponent liste
2026-02-22 19:55:48,644 [ERROR] Middleware:2969 - Invalid RefComponent liste
2026-02-22 19:55:48,644 [ERROR] Middleware:2969 - Invalid RefComponent liste
2026-02-22 19:55:48,644 [ERROR] Middleware:2969 - Invalid RefComponent liste
2026-02-22 19:55:48,644 [ERROR] Middleware:2969 - Invalid RefComponent liste
2026-02-22 19:55:48,644 [ERROR] Middleware:2969 - Invalid RefComponent liste
2026-02-22 19:55:48,644 [ERROR] Middleware:2969 - Invalid RefComponent liste
2026-02-22 19:55:48,644 [ERROR] Middleware:2969 - Invalid RefComponent liste
2026-02-22 19:55:48,644 [ERROR] Middleware:2969 - Invalid RefComponent liste
2026-02-22 19:55:48,644 [ERROR] Middleware:2969 - Invalid RefComponent liste
2026-02-22 19:55:48,644 [ERROR] Middleware:2969 - Invalid RefComponent liste
2026-02-22 19:55:48,644 [ERROR] Middleware:2969 - Invalid RefComponent liste
2026-02-22 19:55:48,644 [ERROR] Middleware:2969 - Invalid RefComponent liste
2026-02-22 19:55:48,644 [ERROR] Middleware:2969 - Invalid RefComponent liste
2026-02-22 19:55:48,644 [ERROR] Middleware:2969 - Invalid RefComponent liste
2026-02-22 19:55:48,644 [ERROR] Middleware:2969 - Invalid RefComponent liste
2026-02-22 19:55:48,644 [ERROR] Middleware:2969 - Invalid RefComponent liste
2026-02-22 19:55:48,644 [ERROR] Middleware:2969 - Invalid RefComponent liste
2026-02-22 19:55:48,644 [ERROR] Middleware:2969 - Invalid RefComponent liste
2026-02-22 19:55:48,644 [ERROR] Middleware:2969 - Invalid RefComponent liste
2026-02-22 19:55:48,644 [ERROR] Middleware:2969 - Invalid RefComponent liste
2026-02-22 19:55:48,644 [ERROR] Middleware:2969 - Invalid RefComponent liste
2026-02-22 19:55:48,644 [ERROR] Middleware:2969 - Invalid RefComponent liste
2026-02-22 19:55:48,658 [INFO] ProjectBuilder:4736 - Project Generator version: 4.3.0-B58
2026-02-22 19:55:48,724 [INFO] ConfigFileManager:1503 - The Die is : DIE431
2026-02-22 19:55:48,735 [INFO] ApiDbMcu:508 - Load IP Config File for FATFS
2026-02-22 19:55:48,738 [INFO] ApiDbMcu:508 - Load IP Config File for FREERTOS
2026-02-22 19:55:48,750 [INFO] ApiDbMcu:508 - Load IP Config File for LIBJPEG
2026-02-22 19:55:48,764 [INFO] ApiDbMcu:508 - Load IP Config File for MBEDTLS
2026-02-22 19:55:48,780 [INFO] ApiDbMcu:508 - Load IP Config File for USB_DEVICE
2026-02-22 19:55:48,793 [INFO] ApiDbMcu:508 - Load IP Config File for USB_HOST
2026-02-22 19:55:50,508 [INFO] ProjectBuilder:5002 - Time for Generating toolchain IDE Files: 1849mS.
2026-02-22 19:55:50,509 [INFO] ProjectBuilder:3034 - Time for Copy CMSIS : 1mS.
2026-02-22 19:55:50,615 [INFO] ProjectBuilder:3034 - Time for Copy CMSIS : 0mS.
2026-02-22 20:27:04,947 [INFO] NvicIntPanel:101 - NVIC parent = com.st.microxplorer.plugins.ip.nvic.MultiNvicIntPanel[,0,0,0x0,invalid,layout=javax.swing.BoxLayout,alignmentX=0.0,alignmentY=0.0,border=,flags=9,maximumSize=,minimumSize=,preferredSize=]
2026-02-22 20:27:05,003 [INFO] NvicIntPanel:101 - NVIC parent = com.st.microxplorer.plugins.ip.nvic.MultiNvicIntPanel[,0,0,0x0,invalid,layout=javax.swing.BoxLayout,alignmentX=0.0,alignmentY=0.0,border=,flags=9,maximumSize=,minimumSize=,preferredSize=]
2026-02-22 20:27:06,452 [INFO] NvicIntPanel:101 - NVIC parent = com.st.microxplorer.plugins.ip.nvic.MultiNvicIntPanel[,0,0,0x0,invalid,layout=javax.swing.BoxLayout,alignmentX=0.0,alignmentY=0.0,border=,flags=9,maximumSize=,minimumSize=,preferredSize=]
2026-02-22 20:27:06,503 [INFO] NvicIntPanel:101 - NVIC parent = com.st.microxplorer.plugins.ip.nvic.MultiNvicIntPanel[,0,0,0x0,invalid,layout=javax.swing.BoxLayout,alignmentX=0.0,alignmentY=0.0,border=,flags=9,maximumSize=,minimumSize=,preferredSize=]
2026-02-22 20:27:15,535 [INFO] UtilMem:75 - End SaveConfig() Used Memory: 834624008 Bytes (1073741824)
2026-02-22 20:27:16,711 [INFO] UtilMem:75 - End SaveConfig() Used Memory: 854546952 Bytes (1073741824)
2026-02-22 20:27:17,511 [INFO] UtilMem:75 - End SaveConfig() Used Memory: 933226280 Bytes (1073741824)
2026-02-22 20:27:17,625 [INFO] BlockDiagram:2759 - set Specific Code input for plugin: SPI
2026-02-22 20:27:17,625 [INFO] BlockDiagram:2759 - set Specific Code input for plugin: SPI
2026-02-22 20:27:17,625 [INFO] BlockDiagram:2759 - set Specific Code input for plugin: NVIC
2026-02-22 20:27:17,625 [INFO] BlockDiagram:2759 - set Specific Code input for plugin: DMA
2026-02-22 20:27:17,625 [INFO] BlockDiagram:2759 - set Specific Code input for plugin: STMicroelectronics.X-CUBE-TOUCHGFX.4.26.0
2026-02-22 20:27:17,625 [INFO] BlockDiagram:2759 - set Specific Code input for plugin: TIM1_8
2026-02-22 20:27:17,625 [INFO] BlockDiagram:2759 - set Specific Code input for plugin: SYS
2026-02-22 20:27:17,625 [INFO] BlockDiagram:2759 - set Specific Code input for plugin: GPIO
2026-02-22 20:27:17,625 [INFO] BlockDiagram:2759 - set Specific Code input for plugin: RCC
2026-02-22 20:27:17,625 [INFO] BlockDiagram:2759 - set Specific Code input for plugin: CRC
2026-02-22 20:27:17,626 [WARN] IP:2120 - tgfx_framebuffer_stride_value_custom not found: check if there is a RefParameter without a condition.
2026-02-22 20:27:17,630 [INFO] CodeGenerator:807 - code generatio: config db path: D:\Documentos\Electronica\Nueva carpeta\STM32CubeIDE_1.15.0\STM32CubeIDE\plugins\com.st.stm32cube.common.mx_6.11.0.202403141607\\db\
2026-02-22 20:27:17,637 [INFO] Argument:325 - Argument : hdmavalue: null
2026-02-22 20:27:17,637 [INFO] Argument:327 - 	 sub Args: 
2026-02-22 20:27:17,637 [INFO] Argument:325 - Argument : Instancevalue: DMA2_Stream2
2026-02-22 20:27:17,637 [INFO] Argument:335 - Argument : Instancevalue: DMA2_Stream2
2026-02-22 20:27:17,637 [INFO] Argument:325 - Argument : Initvalue: null
2026-02-22 20:27:17,637 [INFO] Argument:327 - 	 sub Args: 
2026-02-22 20:27:17,637 [INFO] Argument:325 - Argument : Channelvalue: DMA_CHANNEL_2
2026-02-22 20:27:17,637 [INFO] Argument:335 - Argument : Channelvalue: DMA_CHANNEL_2
2026-02-22 20:27:17,637 [INFO] Argument:325 - Argument : Directionvalue: DMA_MEMORY_TO_PERIPH
2026-02-22 20:27:17,637 [INFO] Argument:335 - Argument : Directionvalue: DMA_MEMORY_TO_PERIPH
2026-02-22 20:27:17,637 [INFO] Argument:325 - Argument : PeriphIncvalue: DMA_PINC_DISABLE
2026-02-22 20:27:17,637 [INFO] Argument:335 - Argument : PeriphIncvalue: DMA_PINC_DISABLE
2026-02-22 20:27:17,637 [INFO] Argument:325 - Argument : MemIncvalue: DMA_MINC_ENABLE
2026-02-22 20:27:17,637 [INFO] Argument:335 - Argument : MemIncvalue: DMA_MINC_ENABLE
2026-02-22 20:27:17,637 [INFO] Argument:325 - Argument : PeriphDataAlignmentvalue: DMA_PDATAALIGN_BYTE
2026-02-22 20:27:17,637 [INFO] Argument:335 - Argument : PeriphDataAlignmentvalue: DMA_PDATAALIGN_BYTE
2026-02-22 20:27:17,637 [INFO] Argument:325 - Argument : MemDataAlignmentvalue: DMA_MDATAALIGN_BYTE
2026-02-22 20:27:17,637 [INFO] Argument:335 - Argument : MemDataAlignmentvalue: DMA_MDATAALIGN_BYTE
2026-02-22 20:27:17,637 [INFO] Argument:325 - Argument : Modevalue: DMA_NORMAL
2026-02-22 20:27:17,637 [INFO] Argument:335 - Argument : Modevalue: DMA_NORMAL
2026-02-22 20:27:17,637 [INFO] Argument:325 - Argument : Priorityvalue: DMA_PRIORITY_LOW
2026-02-22 20:27:17,638 [INFO] Argument:335 - Argument : Priorityvalue: DMA_PRIORITY_LOW
2026-02-22 20:27:17,638 [INFO] Argument:325 - Argument : FIFOModevalue: DMA_FIFOMODE_ENABLE
2026-02-22 20:27:17,638 [INFO] Argument:335 - Argument : FIFOModevalue: DMA_FIFOMODE_ENABLE
2026-02-22 20:27:17,638 [INFO] Argument:325 - Argument : FIFOThresholdvalue: DMA_FIFO_THRESHOLD_FULL
2026-02-22 20:27:17,638 [INFO] Argument:335 - Argument : FIFOThresholdvalue: DMA_FIFO_THRESHOLD_FULL
2026-02-22 20:27:17,638 [INFO] Argument:325 - Argument : MemBurstvalue: DMA_MBURST_SINGLE
2026-02-22 20:27:17,638 [INFO] Argument:335 - Argument : MemBurstvalue: DMA_MBURST_SINGLE
2026-02-22 20:27:17,638 [INFO] Argument:325 - Argument : PeriphBurstvalue: DMA_PBURST_SINGLE
2026-02-22 20:27:17,638 [INFO] Argument:335 - Argument : PeriphBurstvalue: DMA_PBURST_SINGLE
2026-02-22 20:27:17,638 [INFO] Argument:325 - Argument : Lockvalue: null
2026-02-22 20:27:17,638 [INFO] Argument:335 - Argument : Lockvalue: null
2026-02-22 20:27:17,638 [INFO] Argument:325 - Argument : Statevalue: null
2026-02-22 20:27:17,638 [INFO] Argument:335 - Argument : Statevalue: null
2026-02-22 20:27:17,638 [INFO] Argument:325 - Argument : Parentvalue: null
2026-02-22 20:27:17,638 [INFO] Argument:335 - Argument : Parentvalue: null
2026-02-22 20:27:17,638 [INFO] Argument:325 - Argument : XferCpltCallbackvalue: null
2026-02-22 20:27:17,638 [INFO] Argument:335 - Argument : XferCpltCallbackvalue: null
2026-02-22 20:27:17,638 [INFO] Argument:325 - Argument : XferHalfCpltCallbackvalue: null
2026-02-22 20:27:17,638 [INFO] Argument:335 - Argument : XferHalfCpltCallbackvalue: null
2026-02-22 20:27:17,638 [INFO] Argument:325 - Argument : XferM1CpltCallbackvalue: null
2026-02-22 20:27:17,638 [INFO] Argument:335 - Argument : XferM1CpltCallbackvalue: null
2026-02-22 20:27:17,638 [INFO] Argument:325 - Argument : XferErrorCallbackvalue: null
2026-02-22 20:27:17,638 [INFO] Argument:335 - Argument : XferErrorCallbackvalue: null
2026-02-22 20:27:17,638 [INFO] Argument:325 - Argument : ErrorCodevalue: null
2026-02-22 20:27:17,638 [INFO] Argument:335 - Argument : ErrorCodevalue: null
2026-02-22 20:27:17,640 [WARN] IP:2120 - tgfx_framebuffer_stride_value_custom not found: check if there is a RefParameter without a condition.
2026-02-22 20:27:17,692 [INFO] IP:3348 - RTE Config file name : RTE_Component
2026-02-22 20:27:17,692 [INFO] IP:3366 - RTE template : RTE_Components.ftl
2026-02-22 20:27:17,704 [INFO] CodeEngine:255 - oldGeneratedFile, C:\git\VehiculoTT\HMITT\MXTmpFiles\license.tmp_save
2026-02-22 20:27:17,784 [INFO] CodeEngine:279 - Generated code: C:\git\VehiculoTT\HMITT\MXTmpFiles\license.tmp
2026-02-22 20:27:17,810 [INFO] CodeEngine:255 - oldGeneratedFile, C:\git\VehiculoTT\HMITT\MXTmpFiles\gpio.tmp_save
2026-02-22 20:27:17,923 [INFO] CodeEngine:279 - Generated code: C:\git\VehiculoTT\HMITT\MXTmpFiles\gpio.tmp
2026-02-22 20:27:18,014 [INFO] Middleware:1439 - No code input for Bsp Dependency
2026-02-22 20:27:18,014 [INFO] IP:3348 - RTE Config file name : RTE_Component
2026-02-22 20:27:18,014 [INFO] IP:3366 - RTE template : RTE_Components.ftl
2026-02-22 20:27:18,027 [INFO] CodeEngine:255 - oldGeneratedFile, C:\git\VehiculoTT\HMITT\MXTmpFiles\SCB_CleanInvalidateDCache.tmp_save
2026-02-22 20:27:18,103 [INFO] CodeEngine:279 - Generated code: C:\git\VehiculoTT\HMITT\MXTmpFiles\SCB_CleanInvalidateDCache.tmp
2026-02-22 20:27:18,110 [INFO] CodeEngine:255 - oldGeneratedFile, C:\git\VehiculoTT\HMITT\MXTmpFiles\SCB_InvalidateDCache.tmp_save
2026-02-22 20:27:18,161 [INFO] CodeEngine:279 - Generated code: C:\git\VehiculoTT\HMITT\MXTmpFiles\SCB_InvalidateDCache.tmp
2026-02-22 20:27:18,169 [INFO] CodeEngine:255 - oldGeneratedFile, C:\git\VehiculoTT\HMITT\MXTmpFiles\touchgfx_license.tmp_save
2026-02-22 20:27:18,223 [INFO] CodeEngine:279 - Generated code: C:\git\VehiculoTT\HMITT\MXTmpFiles\touchgfx_license.tmp
2026-02-22 20:27:18,231 [INFO] CodeEngine:255 - oldGeneratedFile, C:\git\VehiculoTT\HMITT\MXTmpFiles\touchgfx_gen_license.tmp_save
2026-02-22 20:27:18,284 [INFO] CodeEngine:279 - Generated code: C:\git\VehiculoTT\HMITT\MXTmpFiles\touchgfx_gen_license.tmp
2026-02-22 20:27:18,291 [INFO] CodeEngine:255 - oldGeneratedFile, C:\git\VehiculoTT\HMITT\MXTmpFiles\oswrappers_noos.tmp_save
2026-02-22 20:27:18,353 [INFO] CodeEngine:279 - Generated code: C:\git\VehiculoTT\HMITT\MXTmpFiles\oswrappers_noos.tmp
2026-02-22 20:27:18,371 [INFO] CodeEngine:255 - oldGeneratedFile, C:\git\VehiculoTT\HMITT\MXTmpFiles\dma.tmp_save
2026-02-22 20:27:18,438 [INFO] CodeEngine:279 - Generated code: C:\git\VehiculoTT\HMITT\MXTmpFiles\dma.tmp
2026-02-22 20:27:18,444 [INFO] CodeEngine:255 - oldGeneratedFile, C:\git\VehiculoTT\HMITT\MXTmpFiles\dma_GV.tmp_save
2026-02-22 20:27:18,496 [INFO] CodeEngine:279 - Generated code: C:\git\VehiculoTT\HMITT\MXTmpFiles\dma_GV.tmp
2026-02-22 20:27:18,504 [INFO] Middleware:1439 - No code input for Bsp Dependency
2026-02-22 20:27:18,504 [INFO] IP:3348 - RTE Config file name : RTE_Component
2026-02-22 20:27:18,504 [INFO] IP:3366 - RTE template : RTE_Components.ftl
2026-02-22 20:27:18,517 [INFO] CodeEngine:255 - oldGeneratedFile, C:\git\VehiculoTT\HMITT\MXTmpFiles\SCB_CleanInvalidateDCache.tmp_save
2026-02-22 20:27:18,576 [INFO] CodeEngine:279 - Generated code: C:\git\VehiculoTT\HMITT\MXTmpFiles\SCB_CleanInvalidateDCache.tmp
2026-02-22 20:27:18,589 [INFO] CodeEngine:255 - oldGeneratedFile, C:\git\VehiculoTT\HMITT\MXTmpFiles\SCB_InvalidateDCache.tmp_save
2026-02-22 20:27:18,641 [INFO] CodeEngine:279 - Generated code: C:\git\VehiculoTT\HMITT\MXTmpFiles\SCB_InvalidateDCache.tmp
2026-02-22 20:27:18,651 [INFO] CodeEngine:255 - oldGeneratedFile, C:\git\VehiculoTT\HMITT\MXTmpFiles\touchgfx_license.tmp_save
2026-02-22 20:27:18,713 [INFO] CodeEngine:279 - Generated code: C:\git\VehiculoTT\HMITT\MXTmpFiles\touchgfx_license.tmp
2026-02-22 20:27:18,723 [INFO] CodeEngine:255 - oldGeneratedFile, C:\git\VehiculoTT\HMITT\MXTmpFiles\touchgfx_gen_license.tmp_save
2026-02-22 20:27:18,777 [INFO] CodeEngine:279 - Generated code: C:\git\VehiculoTT\HMITT\MXTmpFiles\touchgfx_gen_license.tmp
2026-02-22 20:27:18,787 [INFO] CodeEngine:255 - oldGeneratedFile, C:\git\VehiculoTT\HMITT\MXTmpFiles\oswrappers_noos.tmp_save
2026-02-22 20:27:18,839 [INFO] CodeEngine:279 - Generated code: C:\git\VehiculoTT\HMITT\MXTmpFiles\oswrappers_noos.tmp
2026-02-22 20:27:18,849 [INFO] CodeEngine:255 - oldGeneratedFile, C:\git\VehiculoTT\HMITT\TouchGFX\App\app_touchgfx.h_save
2026-02-22 20:27:18,919 [INFO] CodeEngine:279 - Generated code: C:\git\VehiculoTT\HMITT\TouchGFX\App\app_touchgfx.h
2026-02-22 20:27:18,939 [INFO] CodeEngine:255 - oldGeneratedFile, C:\git\VehiculoTT\HMITT\TouchGFX\ApplicationTemplate.touchgfx.part_save
2026-02-22 20:27:19,024 [INFO] CodeEngine:279 - Generated code: C:\git\VehiculoTT\HMITT\TouchGFX\ApplicationTemplate.touchgfx.part
2026-02-22 20:27:19,044 [INFO] CodeEngine:255 - oldGeneratedFile, C:\git\VehiculoTT\HMITT\TouchGFX\target\generated\TouchGFXConfiguration.cpp_save
2026-02-22 20:27:19,117 [INFO] CodeEngine:279 - Generated code: C:\git\VehiculoTT\HMITT\TouchGFX\target\generated\TouchGFXConfiguration.cpp
2026-02-22 20:27:19,139 [INFO] CodeEngine:255 - oldGeneratedFile, C:\git\VehiculoTT\HMITT\TouchGFX\target\generated\TouchGFXGeneratedHAL.hpp_save
2026-02-22 20:27:19,209 [INFO] CodeEngine:279 - Generated code: C:\git\VehiculoTT\HMITT\TouchGFX\target\generated\TouchGFXGeneratedHAL.hpp
2026-02-22 20:27:19,228 [INFO] CodeEngine:255 - oldGeneratedFile, C:\git\VehiculoTT\HMITT\TouchGFX\target\generated\TouchGFXGeneratedHAL.cpp_save
2026-02-22 20:27:19,306 [INFO] CodeEngine:279 - Generated code: C:\git\VehiculoTT\HMITT\TouchGFX\target\generated\TouchGFXGeneratedHAL.cpp
2026-02-22 20:27:19,318 [INFO] CodeEngine:255 - oldGeneratedFile, C:\git\VehiculoTT\HMITT\TouchGFX\target\TouchGFXHAL.hpp_save
2026-02-22 20:27:19,386 [INFO] CodeEngine:279 - Generated code: C:\git\VehiculoTT\HMITT\TouchGFX\target\TouchGFXHAL.hpp
2026-02-22 20:27:19,396 [INFO] CodeEngine:255 - oldGeneratedFile, C:\git\VehiculoTT\HMITT\TouchGFX\target\TouchGFXHAL.cpp_save
2026-02-22 20:27:19,476 [INFO] CodeEngine:279 - Generated code: C:\git\VehiculoTT\HMITT\TouchGFX\target\TouchGFXHAL.cpp
2026-02-22 20:27:19,486 [INFO] CodeEngine:255 - oldGeneratedFile, C:\git\VehiculoTT\HMITT\TouchGFX\target\STM32TouchController.hpp_save
2026-02-22 20:27:19,560 [INFO] CodeEngine:279 - Generated code: C:\git\VehiculoTT\HMITT\TouchGFX\target\STM32TouchController.hpp
2026-02-22 20:27:19,570 [INFO] CodeEngine:255 - oldGeneratedFile, C:\git\VehiculoTT\HMITT\TouchGFX\target\STM32TouchController.cpp_save
2026-02-22 20:27:19,639 [INFO] CodeEngine:279 - Generated code: C:\git\VehiculoTT\HMITT\TouchGFX\target\STM32TouchController.cpp
2026-02-22 20:27:19,649 [INFO] CodeEngine:255 - oldGeneratedFile, C:\git\VehiculoTT\HMITT\TouchGFX\target\generated\STM32DMA.hpp_save
2026-02-22 20:27:19,717 [INFO] CodeEngine:279 - Generated code: C:\git\VehiculoTT\HMITT\TouchGFX\target\generated\STM32DMA.hpp
2026-02-22 20:27:19,728 [INFO] CodeEngine:255 - oldGeneratedFile, C:\git\VehiculoTT\HMITT\TouchGFX\target\generated\STM32DMA.cpp_save
2026-02-22 20:27:19,805 [INFO] CodeEngine:279 - Generated code: C:\git\VehiculoTT\HMITT\TouchGFX\target\generated\STM32DMA.cpp
2026-02-22 20:27:19,820 [INFO] CodeEngine:255 - oldGeneratedFile, C:\git\VehiculoTT\HMITT\TouchGFX\target\generated\OSWrappers.cpp_save
2026-02-22 20:27:19,891 [INFO] CodeEngine:279 - Generated code: C:\git\VehiculoTT\HMITT\TouchGFX\target\generated\OSWrappers.cpp
2026-02-22 20:27:19,901 [INFO] CodeEngine:255 - oldGeneratedFile, C:\git\VehiculoTT\HMITT\TouchGFX\target\TouchGFXGPIO.cpp_save
2026-02-22 20:27:19,970 [INFO] CodeEngine:279 - Generated code: C:\git\VehiculoTT\HMITT\TouchGFX\target\TouchGFXGPIO.cpp
2026-02-22 20:27:19,980 [INFO] CodeEngine:255 - oldGeneratedFile, C:\git\VehiculoTT\HMITT\TouchGFX\App\app_touchgfx.c_save
2026-02-22 20:27:20,054 [INFO] CodeEngine:279 - Generated code: C:\git\VehiculoTT\HMITT\TouchGFX\App\app_touchgfx.c
2026-02-22 20:27:20,084 [INFO] CodeEngine:255 - oldGeneratedFile, C:\git\VehiculoTT\HMITT\Core\Src\stm32f4xx_it.c_save
2026-02-22 20:27:20,220 [INFO] CodeEngine:279 - Generated code: C:\git\VehiculoTT\HMITT\Core\Src\stm32f4xx_it.c
2026-02-22 20:27:20,237 [INFO] CodeEngine:255 - oldGeneratedFile, C:\git\VehiculoTT\HMITT\Core\Inc\stm32f4xx_it.h_save
2026-02-22 20:27:20,304 [INFO] CodeEngine:279 - Generated code: C:\git\VehiculoTT\HMITT\Core\Inc\stm32f4xx_it.h
2026-02-22 20:27:20,311 [INFO] IP:3348 - RTE Config file name : RTE_Component
2026-02-22 20:27:20,311 [INFO] IP:3366 - RTE template : RTE_Components.ftl
2026-02-22 20:27:20,311 [INFO] CodeGenerator:2119 - Add RTE Code Input 
2026-02-22 20:27:20,324 [INFO] CodeEngine:255 - oldGeneratedFile, C:\git\VehiculoTT\HMITT\Core\Inc\RTE_Components.h_save
2026-02-22 20:27:20,411 [INFO] CodeEngine:279 - Generated code: C:\git\VehiculoTT\HMITT\Core\Inc\RTE_Components.h
2026-02-22 20:27:20,445 [INFO] CodeEngine:255 - oldGeneratedFile, C:\git\VehiculoTT\HMITT\Core\Src\stm32f4xx_hal_msp.c_save
2026-02-22 20:27:20,590 [INFO] CodeEngine:279 - Generated code: C:\git\VehiculoTT\HMITT\Core\Src\stm32f4xx_hal_msp.c
2026-02-22 20:27:20,599 [INFO] CodeEngine:255 - oldGeneratedFile, C:\git\VehiculoTT\HMITT\MXTmpFiles\system.tmp_save
2026-02-22 20:27:20,674 [INFO] CodeEngine:279 - Generated code: C:\git\VehiculoTT\HMITT\MXTmpFiles\system.tmp
2026-02-22 20:27:20,704 [INFO] CodeEngine:311 - oldGeneratedFile, C:\git\VehiculoTT\HMITT\Core\Inc\stm32f4xx_hal_conf.h_save
2026-02-22 20:27:20,793 [INFO] CodeEngine:335 - Generated code: C:\git\VehiculoTT\HMITT\Core\Inc\stm32f4xx_hal_conf.h
2026-02-22 20:27:20,820 [WARN] IPConfigManager:3513 - IP not found : TIM
2026-02-22 20:27:20,820 [WARN] CodeGenerator:3951 - IP not found : null
2026-02-22 20:27:20,843 [INFO] CodeEngine:255 - oldGeneratedFile, C:\git\VehiculoTT\HMITT\Core\Inc\main.h_save
2026-02-22 20:27:20,906 [INFO] CodeEngine:279 - Generated code: C:\git\VehiculoTT\HMITT\Core\Inc\main.h
2026-02-22 20:27:20,926 [INFO] CodeEngine:255 - oldGeneratedFile, C:\git\VehiculoTT\HMITT\Core\Src\main.c_save
2026-02-22 20:27:21,056 [INFO] CodeEngine:279 - Generated code: C:\git\VehiculoTT\HMITT\Core\Src\main.c
2026-02-22 20:27:21,747 [INFO] ProjectBuilder:3163 - Time for Copy HAL[1] : 406mS.
2026-02-22 20:27:21,747 [ERROR] Middleware:2969 - Invalid RefComponent liste
2026-02-22 20:27:21,747 [ERROR] Middleware:2969 - Invalid RefComponent liste
2026-02-22 20:27:21,747 [ERROR] Middleware:2969 - Invalid RefComponent liste
2026-02-22 20:27:21,747 [ERROR] Middleware:2969 - Invalid RefComponent liste
2026-02-22 20:27:21,747 [ERROR] Middleware:2969 - Invalid RefComponent liste
2026-02-22 20:27:21,747 [ERROR] Middleware:2969 - Invalid RefComponent liste
2026-02-22 20:27:21,747 [ERROR] Middleware:2969 - Invalid RefComponent liste
2026-02-22 20:27:21,747 [ERROR] Middleware:2969 - Invalid RefComponent liste
2026-02-22 20:27:21,747 [ERROR] Middleware:2969 - Invalid RefComponent liste
2026-02-22 20:27:21,747 [ERROR] Middleware:2969 - Invalid RefComponent liste
2026-02-22 20:27:21,747 [ERROR] Middleware:2969 - Invalid RefComponent liste
2026-02-22 20:27:21,747 [ERROR] Middleware:2969 - Invalid RefComponent liste
2026-02-22 20:27:21,747 [ERROR] Middleware:2969 - Invalid RefComponent liste
2026-02-22 20:27:21,748 [ERROR] Middleware:2969 - Invalid RefComponent liste
2026-02-22 20:27:21,748 [ERROR] Middleware:2969 - Invalid RefComponent liste
2026-02-22 20:27:21,748 [ERROR] Middleware:2969 - Invalid RefComponent liste
2026-02-22 20:27:21,748 [ERROR] Middleware:2969 - Invalid RefComponent liste
2026-02-22 20:27:21,748 [ERROR] Middleware:2969 - Invalid RefComponent liste
2026-02-22 20:27:21,748 [ERROR] Middleware:2969 - Invalid RefComponent liste
2026-02-22 20:27:21,748 [ERROR] Middleware:2969 - Invalid RefComponent liste
2026-02-22 20:27:21,748 [ERROR] Middleware:2969 - Invalid RefComponent liste
2026-02-22 20:27:21,748 [ERROR] Middleware:2969 - Invalid RefComponent liste
2026-02-22 20:27:21,748 [ERROR] Middleware:2969 - Invalid RefComponent liste
2026-02-22 20:27:21,748 [ERROR] Middleware:2969 - Invalid RefComponent liste
2026-02-22 20:27:21,748 [ERROR] Middleware:2969 - Invalid RefComponent liste
2026-02-22 20:27:21,748 [ERROR] Middleware:2969 - Invalid RefComponent liste
2026-02-22 20:27:21,748 [ERROR] Middleware:2969 - Invalid RefComponent liste
2026-02-22 20:27:21,748 [ERROR] Middleware:2969 - Invalid RefComponent liste
2026-02-22 20:27:21,748 [ERROR] Middleware:2969 - Invalid RefComponent liste
2026-02-22 20:27:21,748 [ERROR] Middleware:2969 - Invalid RefComponent liste
2026-02-22 20:27:21,748 [ERROR] Middleware:2969 - Invalid RefComponent liste
2026-02-22 20:27:21,748 [ERROR] Middleware:2969 - Invalid RefComponent liste
2026-02-22 20:27:21,748 [ERROR] Middleware:2969 - Invalid RefComponent liste
2026-02-22 20:27:21,748 [ERROR] Middleware:2969 - Invalid RefComponent liste
2026-02-22 20:27:21,748 [ERROR] Middleware:2969 - Invalid RefComponent liste
2026-02-22 20:27:21,748 [ERROR] Middleware:2969 - Invalid RefComponent liste
2026-02-22 20:27:21,748 [ERROR] Middleware:2969 - Invalid RefComponent liste
2026-02-22 20:27:21,748 [ERROR] Middleware:2969 - Invalid RefComponent liste
2026-02-22 20:27:21,748 [ERROR] Middleware:2969 - Invalid RefComponent liste
2026-02-22 20:27:21,748 [ERROR] Middleware:2969 - Invalid RefComponent liste
2026-02-22 20:27:21,748 [ERROR] Middleware:2969 - Invalid RefComponent liste
2026-02-22 20:27:21,748 [ERROR] Middleware:2969 - Invalid RefComponent liste
2026-02-22 20:27:21,748 [ERROR] Middleware:2969 - Invalid RefComponent liste
2026-02-22 20:27:21,748 [ERROR] Middleware:2969 - Invalid RefComponent liste
2026-02-22 20:27:21,748 [ERROR] Middleware:2969 - Invalid RefComponent liste
2026-02-22 20:27:21,748 [ERROR] Middleware:2969 - Invalid RefComponent liste
2026-02-22 20:27:21,748 [ERROR] Middleware:2969 - Invalid RefComponent liste
2026-02-22 20:27:21,748 [ERROR] Middleware:2969 - Invalid RefComponent liste
2026-02-22 20:27:21,748 [ERROR] Middleware:2969 - Invalid RefComponent liste
2026-02-22 20:27:21,748 [ERROR] Middleware:2969 - Invalid RefComponent liste
2026-02-22 20:27:21,748 [ERROR] Middleware:2969 - Invalid RefComponent liste
2026-02-22 20:27:21,748 [ERROR] Middleware:2969 - Invalid RefComponent liste
2026-02-22 20:27:21,748 [ERROR] Middleware:2969 - Invalid RefComponent liste
2026-02-22 20:27:21,748 [ERROR] Middleware:2969 - Invalid RefComponent liste
2026-02-22 20:27:21,748 [ERROR] Middleware:2969 - Invalid RefComponent liste
2026-02-22 20:27:21,748 [ERROR] Middleware:2969 - Invalid RefComponent liste
2026-02-22 20:27:21,748 [ERROR] Middleware:2969 - Invalid RefComponent liste
2026-02-22 20:27:21,748 [ERROR] Middleware:2969 - Invalid RefComponent liste
2026-02-22 20:27:21,749 [ERROR] Middleware:2969 - Invalid RefComponent liste
2026-02-22 20:27:21,749 [ERROR] Middleware:2969 - Invalid RefComponent liste
2026-02-22 20:27:21,749 [ERROR] Middleware:2969 - Invalid RefComponent liste
2026-02-22 20:27:21,749 [ERROR] Middleware:2969 - Invalid RefComponent liste
2026-02-22 20:27:21,749 [ERROR] Middleware:2969 - Invalid RefComponent liste
2026-02-22 20:27:21,749 [ERROR] Middleware:2969 - Invalid RefComponent liste
2026-02-22 20:27:21,749 [ERROR] Middleware:2969 - Invalid RefComponent liste
2026-02-22 20:27:21,749 [ERROR] Middleware:2969 - Invalid RefComponent liste
2026-02-22 20:27:21,749 [ERROR] Middleware:2969 - Invalid RefComponent liste
2026-02-22 20:27:21,749 [ERROR] Middleware:2969 - Invalid RefComponent liste
2026-02-22 20:27:21,749 [ERROR] Middleware:2969 - Invalid RefComponent liste
2026-02-22 20:27:21,749 [ERROR] Middleware:2969 - Invalid RefComponent liste
2026-02-22 20:27:21,749 [ERROR] Middleware:2969 - Invalid RefComponent liste
2026-02-22 20:27:21,749 [ERROR] Middleware:2969 - Invalid RefComponent liste
2026-02-22 20:27:21,749 [ERROR] Middleware:2969 - Invalid RefComponent liste
2026-02-22 20:27:21,749 [ERROR] Middleware:2969 - Invalid RefComponent liste
2026-02-22 20:27:21,749 [ERROR] Middleware:2969 - Invalid RefComponent liste
2026-02-22 20:27:21,749 [ERROR] Middleware:2969 - Invalid RefComponent liste
2026-02-22 20:27:21,749 [ERROR] Middleware:2969 - Invalid RefComponent liste
2026-02-22 20:27:21,749 [ERROR] Middleware:2969 - Invalid RefComponent liste
2026-02-22 20:27:21,749 [ERROR] Middleware:2969 - Invalid RefComponent liste
2026-02-22 20:27:21,749 [ERROR] Middleware:2969 - Invalid RefComponent liste
2026-02-22 20:27:21,749 [ERROR] Middleware:2969 - Invalid RefComponent liste
2026-02-22 20:27:21,749 [ERROR] Middleware:2969 - Invalid RefComponent liste
2026-02-22 20:27:21,749 [ERROR] Middleware:2969 - Invalid RefComponent liste
2026-02-22 20:27:21,749 [ERROR] Middleware:2969 - Invalid RefComponent liste
2026-02-22 20:27:21,749 [ERROR] Middleware:2969 - Invalid RefComponent liste
2026-02-22 20:27:21,750 [ERROR] Middleware:2969 - Invalid RefComponent liste
2026-02-22 20:27:21,750 [ERROR] Middleware:2969 - Invalid RefComponent liste
2026-02-22 20:27:21,750 [ERROR] Middleware:2969 - Invalid RefComponent liste
2026-02-22 20:27:21,750 [ERROR] Middleware:2969 - Invalid RefComponent liste
2026-02-22 20:27:21,750 [ERROR] Middleware:2969 - Invalid RefComponent liste
2026-02-22 20:27:21,750 [ERROR] Middleware:2969 - Invalid RefComponent liste
2026-02-22 20:27:21,750 [ERROR] Middleware:2969 - Invalid RefComponent liste
2026-02-22 20:27:21,750 [ERROR] Middleware:2969 - Invalid RefComponent liste
2026-02-22 20:27:21,750 [ERROR] Middleware:2969 - Invalid RefComponent liste
2026-02-22 20:27:21,750 [ERROR] Middleware:2969 - Invalid RefComponent liste
2026-02-22 20:27:21,750 [ERROR] Middleware:2969 - Invalid RefComponent liste
2026-02-22 20:27:21,750 [ERROR] Middleware:2969 - Invalid RefComponent liste
2026-02-22 20:27:21,750 [ERROR] Middleware:2969 - Invalid RefComponent liste
2026-02-22 20:27:21,750 [ERROR] Middleware:2969 - Invalid RefComponent liste
2026-02-22 20:27:21,750 [ERROR] Middleware:2969 - Invalid RefComponent liste
2026-02-22 20:27:21,750 [ERROR] Middleware:2969 - Invalid RefComponent liste
2026-02-22 20:27:21,750 [ERROR] Middleware:2969 - Invalid RefComponent liste
2026-02-22 20:27:21,763 [INFO] ProjectBuilder:4736 - Project Generator version: 4.3.0-B58
2026-02-22 20:27:21,827 [INFO] ConfigFileManager:1503 - The Die is : DIE431
2026-02-22 20:27:23,718 [INFO] ProjectBuilder:5002 - Time for Generating toolchain IDE Files: 1955mS.
2026-02-22 20:27:23,719 [INFO] ProjectBuilder:3034 - Time for Copy CMSIS : 1mS.
2026-02-22 20:27:23,850 [INFO] ProjectBuilder:3034 - Time for Copy CMSIS : 1mS.
2026-02-22 20:51:20,337 [ERROR] ConfigurationRetriever:142 - IOException on connection: sw-center.st.com
2026-02-22 20:51:20,337 [ERROR] ConfigurationRetriever:142 - IOException on connection: sw-center.st.com
2026-02-22 20:51:20,337 [ERROR] ConfigurationRetriever:142 - IOException on connection: sw-center.st.com
2026-02-22 20:51:22,227 [ERROR] LogOutputStream:75 - [STDERR_REDIRECT] 
2026-02-22 20:51:22,227 [ERROR] LogOutputStream:75 - [STDERR_REDIRECT] 
2026-02-22 21:43:30,503 [INFO] Activator:176 - 


2026-02-22 21:43:30,515 [INFO] Activator:177 - !SESSION log4j initialized
2026-02-22 21:43:50,381 [INFO] LogOutputStream:77 - [STDOUT_REDIRECT] 
2026-02-22 21:44:00,261 [INFO] ApplicationProperties:184 - Using Application install path: D:\Documentos\Electronica\Nueva carpeta\STM32CubeIDE_1.15.0\STM32CubeIDE\plugins\com.st.stm32cube.common.mx_6.11.0.202403141607
2026-02-22 21:44:00,316 [INFO] DbMcusXml:78 - Set database path to: D:\Documentos\Electronica\Nueva carpeta\STM32CubeIDE_1.15.0\STM32CubeIDE\plugins\com.st.stm32cube.common.mx_6.11.0.202403141607\\db\/mcu/
2026-02-22 21:44:00,316 [INFO] ApiDb:274 - Set plugin database path to: D:\Documentos\Electronica\Nueva carpeta\STM32CubeIDE_1.15.0\STM32CubeIDE\plugins\com.st.stm32cube.common.mx_6.11.0.202403141607\\db\/plugins/boardmanager/
2026-02-22 21:44:00,316 [WARN] ApiDb:259 - Overriding images path with different value:  => D:\Documentos\Electronica\Nueva carpeta\STM32CubeIDE_1.15.0\STM32CubeIDE\plugins\com.st.stm32cube.common.mx_6.11.0.202403141607\\db\/plugins/mcufinder/images/
2026-02-22 21:44:00,467 [INFO] ApiDb:250 - Set database path to: C:\Users\USER\.stmcufinder\plugins\mcufinder//mcu/
2026-02-22 21:44:00,468 [INFO] DbMcusAds:125 - Set database path to: C:\Users\USER\.stmcufinder\plugins\mcufinder//mcu/
2026-02-22 21:44:00,470 [INFO] CrossReferenceDbSqlite:203 - Set database path to: C:\Users\USER\.stmcufinder\plugins\mcufinder//mcu/cs/
2026-02-22 21:44:00,935 [INFO] RulesReader:64 - Compatibility file has been processed (297 Rules)
2026-02-22 21:44:01,368 [INFO] DbMcusXml:78 - Set database path to: D:\Documentos\Electronica\Nueva carpeta\STM32CubeIDE_1.15.0\STM32CubeIDE\plugins\com.st.stm32cube.common.mx_6.11.0.202403141607\\db\/mcu/
2026-02-22 21:44:01,368 [INFO] ApiDb:274 - Set plugin database path to: D:\Documentos\Electronica\Nueva carpeta\STM32CubeIDE_1.15.0\STM32CubeIDE\plugins\com.st.stm32cube.common.mx_6.11.0.202403141607\\db\/plugins/boardmanager/
2026-02-22 21:44:01,368 [INFO] ApiDb:261 - Set plugin images path to: D:\Documentos\Electronica\Nueva carpeta\STM32CubeIDE_1.15.0\STM32CubeIDE\plugins\com.st.stm32cube.common.mx_6.11.0.202403141607\\db\/plugins/mcufinder/images/
2026-02-22 21:44:01,368 [WARN] DbFile:41 - Overriding database path with different value: C:\Users\USER\.stmcufinder\plugins\mcufinder/ => C:\Users\USER\.stmcufinder\plugins\mcufinder
2026-02-22 21:44:01,368 [INFO] ApiDb:250 - Set database path to: C:\Users\USER\.stmcufinder\plugins\mcufinder//mcu/
2026-02-22 21:44:01,368 [WARN] DbFile:41 - Overriding database path with different value: C:\Users\USER\.stmcufinder\plugins\mcufinder/ => C:\Users\USER\.stmcufinder\plugins\mcufinder
2026-02-22 21:44:01,368 [INFO] DbMcusAds:125 - Set database path to: C:\Users\USER\.stmcufinder\plugins\mcufinder//mcu/
2026-02-22 21:44:01,368 [WARN] DbFile:41 - Overriding database path with different value: C:\Users\USER\.stmcufinder\plugins\mcufinder/ => C:\Users\USER\.stmcufinder\plugins\mcufinder
2026-02-22 21:44:01,368 [WARN] DbFile:41 - Overriding database path with different value: C:\Users\USER\.stmcufinder\plugins\mcufinder/ => C:\Users\USER\.stmcufinder\plugins\mcufinder
2026-02-22 21:44:01,376 [INFO] CrossReferenceDbSqlite:203 - Set database path to: C:\Users\USER\.stmcufinder\plugins\mcufinder//mcu/cs/
2026-02-22 21:44:02,034 [INFO] MainPanel:264 - HeapMemory: 268435456
2026-02-22 21:44:02,647 [INFO] DbMcusXml:78 - Set database path to: D:\Documentos\Electronica\Nueva carpeta\STM32CubeIDE_1.15.0\STM32CubeIDE\plugins\com.st.stm32cube.common.mx_6.11.0.202403141607\\db\/mcu/
2026-02-22 21:44:02,647 [INFO] ApiDb:274 - Set plugin database path to: D:\Documentos\Electronica\Nueva carpeta\STM32CubeIDE_1.15.0\STM32CubeIDE\plugins\com.st.stm32cube.common.mx_6.11.0.202403141607\\db\/plugins/boardmanager/
2026-02-22 21:44:02,647 [INFO] ApiDb:261 - Set plugin images path to: D:\Documentos\Electronica\Nueva carpeta\STM32CubeIDE_1.15.0\STM32CubeIDE\plugins\com.st.stm32cube.common.mx_6.11.0.202403141607\\db\/plugins/mcufinder/images/
2026-02-22 21:44:02,647 [WARN] DbFile:41 - Overriding database path with different value: C:\Users\USER\.stmcufinder\plugins\mcufinder/ => C:\Users\USER\.stmcufinder\plugins\mcufinder
2026-02-22 21:44:02,647 [INFO] ApiDb:250 - Set database path to: C:\Users\USER\.stmcufinder\plugins\mcufinder//mcu/
2026-02-22 21:44:02,648 [WARN] DbFile:41 - Overriding database path with different value: C:\Users\USER\.stmcufinder\plugins\mcufinder/ => C:\Users\USER\.stmcufinder\plugins\mcufinder
2026-02-22 21:44:02,648 [INFO] DbMcusAds:125 - Set database path to: C:\Users\USER\.stmcufinder\plugins\mcufinder//mcu/
2026-02-22 21:44:02,648 [WARN] DbFile:41 - Overriding database path with different value: C:\Users\USER\.stmcufinder\plugins\mcufinder/ => C:\Users\USER\.stmcufinder\plugins\mcufinder
2026-02-22 21:44:02,648 [WARN] DbFile:41 - Overriding database path with different value: C:\Users\USER\.stmcufinder\plugins\mcufinder/ => C:\Users\USER\.stmcufinder\plugins\mcufinder
2026-02-22 21:44:02,648 [INFO] CrossReferenceDbSqlite:203 - Set database path to: C:\Users\USER\.stmcufinder\plugins\mcufinder//mcu/cs/
2026-02-22 21:44:02,729 [INFO] ApplicationProperties:184 - Using Application install path: D:\Documentos\Electronica\Nueva carpeta\STM32CubeIDE_1.15.0\STM32CubeIDE\plugins\com.st.stm32cube.common.mx_6.11.0.202403141607
2026-02-22 21:44:02,752 [INFO] PluginManage:196 - Search for loadable plugins [exclusion list=, ]
2026-02-22 21:44:02,756 [INFO] PluginManage:310 - Check plugin analytics
2026-02-22 21:44:03,114 [INFO] AnalyticsPlugin:253 - Accepted Software Licenses: 
2026-02-22 21:44:03,115 [INFO] AnalyticsPlugin:255 - Accepted CMSIS Pack Licenses: STMicroelectronics.X-CUBE-TOUCHGFX.4.26.0
2026-02-22 21:44:03,115 [INFO] AnalyticsPlugin:257 - Accepted Firmware Licenses: FW.F7.1.17.0,FW.H7.1.11.0,FW.F4.1.28.0
2026-02-22 21:44:03,117 [INFO] PluginManage:359 - Loaded plugin analytics (category:tool,tabindex:-1)
2026-02-22 21:44:03,118 [INFO] PluginManage:310 - Check plugin cadmodel
2026-02-22 21:44:03,169 [INFO] CADModel:105 - Init CAD model plugin
2026-02-22 21:44:03,169 [INFO] PluginManage:359 - Loaded plugin cadmodel (category:power,tabindex:5)
2026-02-22 21:44:03,170 [INFO] PluginManage:310 - Check plugin clock
2026-02-22 21:44:03,237 [INFO] PluginManage:359 - Loaded plugin clock (category:base,tabindex:2)
2026-02-22 21:44:03,237 [INFO] PluginManage:310 - Check plugin ddr
2026-02-22 21:44:03,249 [INFO] PluginManage:359 - Loaded plugin ddr (category:tool,tabindex:6)
2026-02-22 21:44:03,250 [INFO] PluginManage:310 - Check plugin filemanager
2026-02-22 21:44:03,798 [INFO] PluginManage:359 - Loaded plugin filemanager (category:base,tabindex:10)
2026-02-22 21:44:03,799 [INFO] PluginManage:310 - Check plugin ipmanager
2026-02-22 21:44:03,835 [INFO] PluginManage:359 - Loaded plugin ipmanager (category:base,tabindex:5)
2026-02-22 21:44:03,835 [INFO] PluginManage:310 - Check plugin lpbam
2026-02-22 21:44:03,908 [INFO] PluginManage:359 - Loaded plugin lpbam (category:base,tabindex:0)
2026-02-22 21:44:03,908 [INFO] PluginManage:310 - Check plugin memorymap
2026-02-22 21:44:03,986 [INFO] PluginManage:359 - Loaded plugin memorymap (category:base,tabindex:4)
2026-02-22 21:44:03,986 [INFO] PluginManage:310 - Check plugin pinoutandconfiguration
2026-02-22 21:44:04,064 [INFO] PluginManage:359 - Loaded plugin pinoutandconfiguration (category:base,tabindex:1)
2026-02-22 21:44:04,065 [INFO] PluginManage:310 - Check plugin pinoutconfig
2026-02-22 21:44:04,433 [WARN] SupportedApi:132 - Cannot load RTOS API schema: s4s-elt-must-match.1: The content of 'definitions' must match (annotation?, (simpleType | complexType)?, (unique | key | keyref)*)). A problem was found starting at: attribute.
2026-02-22 21:44:04,860 [INFO] PluginManage:359 - Loaded plugin pinoutconfig (category:base,tabindex:0)
2026-02-22 21:44:04,860 [INFO] PluginManage:310 - Check plugin power
2026-02-22 21:44:05,049 [INFO] PluginManage:359 - Loaded plugin power (category:power,tabindex:4)
2026-02-22 21:44:05,049 [INFO] PluginManage:310 - Check plugin projectmanager
2026-02-22 21:44:05,154 [INFO] PluginManage:359 - Loaded plugin projectmanager (category:projectmanager,tabindex:3)
2026-02-22 21:44:05,154 [INFO] PluginManage:310 - Check plugin thirdparty
2026-02-22 21:44:06,570 [INFO] PluginManage:359 - Loaded plugin thirdparty (category:base,tabindex:-1)
2026-02-22 21:44:06,570 [INFO] PluginManage:310 - Check plugin tools
2026-02-22 21:44:06,570 [WARN] IntegrityCheckThread:84 - waiting for thirdparty lock release [integrity check]
2026-02-22 21:44:06,570 [INFO] IntegrityCheckThread:86 - entering critical section [integrity check]
2026-02-22 21:44:06,571 [INFO] ThirdPartyUpdaterWithRetryManager:70 - Updater plugin not ready yet. [1/15]
2026-02-22 21:44:06,731 [INFO] PluginManage:359 - Loaded plugin tools (category:base,tabindex:7)
2026-02-22 21:44:06,731 [INFO] PluginManage:310 - Check plugin tutovideos
2026-02-22 21:44:08,032 [INFO] PluginManage:359 - Loaded plugin tutovideos (category:base,tabindex:-1)
2026-02-22 21:44:08,033 [INFO] PluginManage:310 - Check plugin updater
2026-02-22 21:44:08,083 [INFO] PluginManage:359 - Loaded plugin updater (category:base,tabindex:12)
2026-02-22 21:44:08,083 [INFO] PluginManage:310 - Check plugin userauth
2026-02-22 21:44:08,114 [INFO] UserAuth:114 - Init User Auth plugin
2026-02-22 21:44:08,114 [INFO] PluginManage:359 - Loaded plugin userauth (category:base,tabindex:14)
2026-02-22 21:44:08,115 [INFO] PluginManage:283 - PluginManage : Loaded plugins [17]
2026-02-22 21:44:09,422 [INFO] PinOutPanel:1561 - setPackage(No Configuration,No Configuration)
2026-02-22 21:44:09,572 [INFO] ThirdPartyUpdaterWithRetryManager:70 - Updater plugin not ready yet. [2/15]
2026-02-22 21:44:09,894 [INFO] CADModel:165 - CPN selected for project level
2026-02-22 21:44:09,894 [INFO] CADModel:114 - Register for checkConnection events
2026-02-22 21:44:10,003 [INFO] IPUIPlugin:80 - create IPUIPlugin
2026-02-22 21:44:10,003 [INFO] PluginManager:220 - loadIPPluginJar : add adc
2026-02-22 21:44:10,075 [INFO] IPUIPlugin:80 - create IPUIPlugin
2026-02-22 21:44:10,075 [INFO] PluginManager:220 - loadIPPluginJar : add aes
2026-02-22 21:44:10,155 [INFO] IPUIPlugin:80 - create IPUIPlugin
2026-02-22 21:44:10,156 [INFO] PluginManager:220 - loadIPPluginJar : add can
2026-02-22 21:44:10,213 [INFO] IPUIPlugin:80 - create IPUIPlugin
2026-02-22 21:44:10,213 [INFO] PluginManager:220 - loadIPPluginJar : add comp
2026-02-22 21:44:10,275 [INFO] IPUIPlugin:80 - create IPUIPlugin
2026-02-22 21:44:10,275 [INFO] PluginManager:220 - loadIPPluginJar : add cryp
2026-02-22 21:44:10,322 [INFO] IPUIPlugin:80 - create IPUIPlugin
2026-02-22 21:44:10,322 [INFO] PluginManager:220 - loadIPPluginJar : add dfsdm
2026-02-22 21:44:10,367 [INFO] IPUIPlugin:80 - create IPUIPlugin
2026-02-22 21:44:10,367 [INFO] PluginManager:220 - loadIPPluginJar : add dma
2026-02-22 21:44:10,469 [INFO] IPUIPlugin:80 - create IPUIPlugin
2026-02-22 21:44:10,469 [INFO] PluginManager:220 - loadIPPluginJar : add dma3
2026-02-22 21:44:10,548 [INFO] IPUIPlugin:80 - create IPUIPlugin
2026-02-22 21:44:10,548 [INFO] PluginManager:220 - loadIPPluginJar : add extmemmanager
2026-02-22 21:44:10,597 [INFO] IPUIPlugin:80 - create IPUIPlugin
2026-02-22 21:44:10,597 [INFO] PluginManager:220 - loadIPPluginJar : add fatfs
2026-02-22 21:44:10,687 [INFO] IPUIPlugin:80 - create IPUIPlugin
2026-02-22 21:44:10,687 [INFO] PluginManager:220 - loadIPPluginJar : add fmc
2026-02-22 21:44:10,717 [INFO] IPUIPlugin:80 - create IPUIPlugin
2026-02-22 21:44:10,717 [INFO] PluginManager:220 - loadIPPluginJar : add freertos
2026-02-22 21:44:10,790 [INFO] IPUIPlugin:80 - create IPUIPlugin
2026-02-22 21:44:10,791 [INFO] PluginManager:220 - loadIPPluginJar : add genericplugin
2026-02-22 21:44:10,946 [INFO] IPUIPlugin:80 - create IPUIPlugin
2026-02-22 21:44:10,946 [INFO] PluginManager:220 - loadIPPluginJar : add gfxmmu
2026-02-22 21:44:11,175 [INFO] IPUIPlugin:80 - create IPUIPlugin
2026-02-22 21:44:11,175 [INFO] PluginManager:220 - loadIPPluginJar : add gic
2026-02-22 21:44:11,206 [INFO] IPUIPlugin:80 - create IPUIPlugin
2026-02-22 21:44:11,206 [INFO] PluginManager:220 - loadIPPluginJar : add gpio
2026-02-22 21:44:11,365 [INFO] IPUIPlugin:80 - create IPUIPlugin
2026-02-22 21:44:11,366 [INFO] PluginManager:220 - loadIPPluginJar : add gtzc
2026-02-22 21:44:11,436 [INFO] IPUIPlugin:80 - create IPUIPlugin
2026-02-22 21:44:11,436 [INFO] PluginManager:220 - loadIPPluginJar : add hash
2026-02-22 21:44:11,539 [INFO] IPUIPlugin:80 - create IPUIPlugin
2026-02-22 21:44:11,539 [INFO] PluginManager:220 - loadIPPluginJar : add i2c
2026-02-22 21:44:11,595 [INFO] IPUIPlugin:80 - create IPUIPlugin
2026-02-22 21:44:11,595 [INFO] PluginManager:220 - loadIPPluginJar : add i2s
2026-02-22 21:44:11,652 [INFO] IPUIPlugin:80 - create IPUIPlugin
2026-02-22 21:44:11,653 [INFO] PluginManager:220 - loadIPPluginJar : add i3c
2026-02-22 21:44:11,798 [INFO] IPUIPlugin:80 - create IPUIPlugin
2026-02-22 21:44:11,798 [INFO] PluginManager:220 - loadIPPluginJar : add ipddr
2026-02-22 21:44:12,010 [INFO] IPUIPlugin:80 - create IPUIPlugin
2026-02-22 21:44:12,010 [INFO] PluginManager:220 - loadIPPluginJar : add linkedlist
2026-02-22 21:44:12,084 [INFO] IPUIPlugin:80 - create IPUIPlugin
2026-02-22 21:44:12,084 [INFO] PluginManager:220 - loadIPPluginJar : add lorawan
2026-02-22 21:44:12,138 [INFO] IPUIPlugin:80 - create IPUIPlugin
2026-02-22 21:44:12,139 [INFO] PluginManager:220 - loadIPPluginJar : add ltdc
2026-02-22 21:44:12,191 [INFO] IPUIPlugin:80 - create IPUIPlugin
2026-02-22 21:44:12,191 [INFO] PluginManager:220 - loadIPPluginJar : add mdma
2026-02-22 21:44:12,225 [INFO] IPUIPlugin:80 - create IPUIPlugin
2026-02-22 21:44:12,225 [INFO] PluginManager:220 - loadIPPluginJar : add nvic
2026-02-22 21:44:12,311 [INFO] IPUIPlugin:80 - create IPUIPlugin
2026-02-22 21:44:12,311 [INFO] PluginManager:220 - loadIPPluginJar : add opamp
2026-02-22 21:44:12,414 [INFO] IPUIPlugin:80 - create IPUIPlugin
2026-02-22 21:44:12,415 [INFO] PluginManager:220 - loadIPPluginJar : add openamp
2026-02-22 21:44:12,514 [INFO] IPUIPlugin:80 - create IPUIPlugin
2026-02-22 21:44:12,514 [INFO] PluginManager:220 - loadIPPluginJar : add pdm2pcm
2026-02-22 21:44:12,573 [INFO] ThirdPartyUpdaterWithRetryManager:70 - Updater plugin not ready yet. [3/15]
2026-02-22 21:44:12,592 [INFO] IPUIPlugin:80 - create IPUIPlugin
2026-02-22 21:44:12,594 [INFO] PluginManager:220 - loadIPPluginJar : add plateformsettings
2026-02-22 21:44:12,663 [INFO] IPUIPlugin:80 - create IPUIPlugin
2026-02-22 21:44:12,664 [INFO] PluginManager:220 - loadIPPluginJar : add quadspi
2026-02-22 21:44:12,703 [INFO] IPUIPlugin:80 - create IPUIPlugin
2026-02-22 21:44:12,704 [INFO] PluginManager:220 - loadIPPluginJar : add resmgrutility
2026-02-22 21:44:12,775 [INFO] IPUIPlugin:80 - create IPUIPlugin
2026-02-22 21:44:12,775 [INFO] PluginManager:220 - loadIPPluginJar : add sai
2026-02-22 21:44:12,898 [INFO] IPUIPlugin:80 - create IPUIPlugin
2026-02-22 21:44:12,898 [INFO] PluginManager:220 - loadIPPluginJar : add spi
2026-02-22 21:44:13,007 [INFO] IPUIPlugin:80 - create IPUIPlugin
2026-02-22 21:44:13,007 [INFO] PluginManager:220 - loadIPPluginJar : add stm32_wpan
2026-02-22 21:44:13,045 [INFO] IPUIPlugin:80 - create IPUIPlugin
2026-02-22 21:44:13,045 [INFO] PluginManager:220 - loadIPPluginJar : add tim
2026-02-22 21:44:13,146 [INFO] IPUIPlugin:80 - create IPUIPlugin
2026-02-22 21:44:13,146 [INFO] PluginManager:220 - loadIPPluginJar : add touchsensing
2026-02-22 21:44:13,210 [INFO] IPUIPlugin:80 - create IPUIPlugin
2026-02-22 21:44:13,210 [INFO] PluginManager:220 - loadIPPluginJar : add tracer_emb
2026-02-22 21:44:13,262 [INFO] IPUIPlugin:80 - create IPUIPlugin
2026-02-22 21:44:13,262 [INFO] PluginManager:220 - loadIPPluginJar : add ts
2026-02-22 21:44:13,297 [INFO] IPUIPlugin:80 - create IPUIPlugin
2026-02-22 21:44:13,298 [INFO] PluginManager:220 - loadIPPluginJar : add tsc
2026-02-22 21:44:13,332 [INFO] IPUIPlugin:80 - create IPUIPlugin
2026-02-22 21:44:13,333 [INFO] PluginManager:220 - loadIPPluginJar : add ucpd
2026-02-22 21:44:13,404 [INFO] IPUIPlugin:80 - create IPUIPlugin
2026-02-22 21:44:13,404 [INFO] PluginManager:220 - loadIPPluginJar : add usart
2026-02-22 21:44:13,465 [INFO] IPUIPlugin:80 - create IPUIPlugin
2026-02-22 21:44:13,465 [INFO] PluginManager:220 - loadIPPluginJar : add usbx
2026-02-22 21:44:13,716 [INFO] CADModel:165 - CPN selected for project level
2026-02-22 21:44:13,716 [INFO] CADModel:114 - Register for checkConnection events
2026-02-22 21:44:13,716 [FATAL] Updater:308 - Updater called before beeing initialized
2026-02-22 21:44:13,717 [ERROR] CADModel:125 - Updater not yet initialized, retry later 
2026-02-22 21:44:14,642 [INFO] CADModel:165 - CPN selected for project level
2026-02-22 21:44:14,643 [INFO] CADModel:114 - Register for checkConnection events
2026-02-22 21:44:14,643 [FATAL] Updater:308 - Updater called before beeing initialized
2026-02-22 21:44:14,643 [ERROR] CADModel:125 - Updater not yet initialized, retry later 
2026-02-22 21:44:14,708 [FATAL] Updater:308 - Updater called before beeing initialized
2026-02-22 21:44:15,265 [FATAL] Updater:308 - Updater called before beeing initialized
2026-02-22 21:44:15,310 [INFO] DbMcusAds:53 - JSON generation date=Wed Feb 18 08:32:49 CST 2026 (1771425169444)
2026-02-22 21:44:15,310 [FATAL] Updater:308 - Updater called before beeing initialized
2026-02-22 21:44:15,574 [INFO] ThirdPartyUpdaterWithRetryManager:70 - Updater plugin not ready yet. [4/15]
2026-02-22 21:44:15,719 [WARN] DetailPanel:346 - Failed to get advertising image, set to default
2026-02-22 21:44:15,893 [FATAL] Updater:308 - Updater called before beeing initialized
2026-02-22 21:44:15,957 [FATAL] Updater:308 - Updater called before beeing initialized
2026-02-22 21:44:15,957 [FATAL] Updater:308 - Updater called before beeing initialized
2026-02-22 21:44:15,957 [WARN] DetailPanel:346 - Failed to get advertising image, set to default
2026-02-22 21:44:15,958 [FATAL] Updater:308 - Updater called before beeing initialized
2026-02-22 21:44:16,276 [ERROR] Updater:1120 - MainUpdater not yet initialized. External WinMGr cannot be set.
2026-02-22 21:44:16,305 [INFO] Updater:1056 - Updater Version found : 6.11.0
2026-02-22 21:44:16,388 [INFO] ApplicationProperties:184 - Using Application install path: D:\Documentos\Electronica\Nueva carpeta\STM32CubeIDE_1.15.0\STM32CubeIDE\plugins\com.st.stm32cube.common.mx_6.11.0.202403141607
2026-02-22 21:44:18,062 [ERROR] LogOutputStream:75 - [STDERR_REDIRECT] Feb 22, 2026 9:44:18 PM java.util.prefs.WindowsPreferences <init>
2026-02-22 21:44:18,063 [ERROR] LogOutputStream:75 - [STDERR_REDIRECT] WARNING: Could not open/create prefs root node Software\JavaSoft\Prefs at root 0xffffffff80000002. Windows RegCreateKeyEx(...) returned error code 5.
2026-02-22 21:44:18,063 [ERROR] LogOutputStream:75 - [STDERR_REDIRECT] 
2026-02-22 21:44:18,575 [FATAL] Updater:308 - Updater called before beeing initialized
2026-02-22 21:44:18,575 [ERROR] IntegrityCheckThread:130 - Cannot retrieve database content from updater: error 21
2026-02-22 21:44:18,575 [INFO] ThirdParty:978 - Integrity check success = false
2026-02-22 21:44:18,575 [INFO] IntegrityCheckThread:100 - exiting critical section [integrity check]
2026-02-22 21:44:18,575 [INFO] IntegrityCheckThread:103 - End integrity checks thread
2026-02-22 21:44:21,920 [INFO] MainUpdater:2873 - connection check result : 10
2026-02-22 21:44:21,921 [INFO] MainUpdater:290 - Updater Check For Update Now.
2026-02-22 21:44:21,922 [INFO] MicroXplorer:498 - Change Database Version : DB.6.0.110
2026-02-22 21:44:21,962 [INFO] McuFinderGlobals:63 - Set McuFinder mode to 2 (CubeIDE integrated)
2026-02-22 21:44:22,091 [INFO] UserAuth:415 - Internet connection configuration mode: 1
2026-02-22 21:44:22,294 [INFO] JxBrowserEngine:152 - Initiate JxBrowser Engine with user profile folder
2026-02-22 21:44:22,365 [INFO] CheckServerUpdateThread:120 - End of CheckServer Thread
2026-02-22 21:44:40,752 [INFO] WebApp:161 - Instantiating new browser for Auth
2026-02-22 21:44:43,878 [INFO] WebApp:779 - Register for checkConnection events
2026-02-22 21:44:43,878 [INFO] WebApp:414 - Apply proxy settings
2026-02-22 21:44:43,879 [INFO] WebApp:499 - Chromium requires no authentication
2026-02-22 21:44:43,891 [INFO] WebApp:442 - Direct internet connection detected
2026-02-22 21:44:45,148 [INFO] WebApp:192 - Starting web application
2026-02-22 21:44:45,149 [INFO] WebApp:544 - Web application path used D:\Documentos\Electronica\Nueva carpeta\STM32CubeIDE_1.15.0\STM32CubeIDE\plugins\com.st.stm32cube.common.mx_6.11.0.202403141607\db\plugins\mcufinder\reactClient1\index.html
2026-02-22 21:49:18,739 [INFO] McuFinderGlobals:63 - Set McuFinder mode to 2 (CubeIDE integrated)
2026-02-22 21:49:18,783 [INFO] MainUpdater:2873 - connection check result : 10
2026-02-22 21:49:18,792 [INFO] MainUpdater:2873 - connection check result : 10
2026-02-22 21:49:19,171 [INFO] MicroXplorer:468 - Change Database Path : 
2026-02-22 21:49:19,171 [INFO] MicroXplorer:498 - Change Database Version : DB.6.0.110
2026-02-22 21:49:19,208 [WARN] ThirdParty:871 - waiting for thirdparty lock release [close project]
2026-02-22 21:49:19,209 [INFO] ThirdParty:873 - entering critical section [close project]
2026-02-22 21:49:19,209 [INFO] ThirdParty:883 - exiting critical section [close project]
2026-02-22 21:49:19,212 [INFO] PinOutPanel:1561 - setPackage(No Configuration,No Configuration)
2026-02-22 21:49:19,214 [INFO] UtilMem:75 - Begin LoadConfig() Used Memory: 858428664 Bytes (1073741824)
2026-02-22 21:49:19,215 [INFO] MicroXplorer:468 - Change Database Path : 
2026-02-22 21:49:19,215 [INFO] MicroXplorer:498 - Change Database Version : DB.6.0.110
2026-02-22 21:49:19,215 [INFO] OpenFileManager:312 - Change cursor
2026-02-22 21:49:19,225 [INFO] ThirdPartyDownloadManager:103 - Found SW packSTMicroelectronics.X-CUBE-TOUCHGFX.4.26.0up-to-date on disk
2026-02-22 21:49:19,241 [WARN] IntegrityCheckThread:84 - waiting for thirdparty lock release [integrity check]
2026-02-22 21:49:19,241 [INFO] IntegrityCheckThread:86 - entering critical section [integrity check]
2026-02-22 21:49:19,913 [WARN] PackLoader:240 - Cannot read IP mode file for STMicroelectronics.FP-SNS-MOTENVWB1.1.4.0
2026-02-22 21:49:19,933 [WARN] PackLoader:240 - Cannot read IP mode file for STMicroelectronics.FP-ATR-ASTRA1.2.0.2
2026-02-22 21:49:19,949 [WARN] PackLoader:240 - Cannot read IP mode file for STMicroelectronics.FP-ATR-ASTRA1.2.0.1
2026-02-22 21:49:19,968 [WARN] PackLoader:240 - Cannot read IP mode file for STMicroelectronics.X-CUBE-SMBUS.2.1.0
2026-02-22 21:49:19,987 [WARN] PackLoader:240 - Cannot read IP mode file for STMicroelectronics.X-CUBE-WB05N.1.1.0
2026-02-22 21:49:20,006 [WARN] PackLoader:240 - Cannot read IP mode file for STMicroelectronics.X-CUBE-TOUCHGFX.4.23.2
2026-02-22 21:49:20,045 [WARN] PackLoader:240 - Cannot read IP mode file for STMicroelectronics.X-CUBE-AZRTOS-F7.1.1.0
2026-02-22 21:49:20,117 [WARN] PackLoader:240 - Cannot read IP mode file for STMicroelectronics.X-CUBE-MEMS1.11.0.0
2026-02-22 21:49:20,291 [ERROR] Engine:466 - C:\Users\USER\.stm32cubemx\thirdparties\pdsc\STMicroelectronics.FP-SNS-MOTENV1.5.1.0.pdsc: PDSC version is not supported
2026-02-22 21:49:20,318 [WARN] PackLoader:240 - Cannot read IP mode file for STMicroelectronics.FP-SNS-FLIGHT1.5.0.2
2026-02-22 21:49:20,374 [WARN] PackLoader:240 - Cannot read IP mode file for STMicroelectronics.X-CUBE-AZRTOS-H7.3.4.0
2026-02-22 21:49:20,406 [WARN] PackLoader:240 - Cannot read IP mode file for STMicroelectronics.X-CUBE-DISPLAY.3.0.0
2026-02-22 21:49:20,431 [ERROR] Engine:466 - C:\Users\USER\.stm32cubemx\thirdparties\pdsc\STMicroelectronics.FP-SNS-MOTENVWB1.1.5.0.pdsc: PDSC version is not supported
2026-02-22 21:49:20,473 [WARN] PackLoader:240 - Cannot read IP mode file for STMicroelectronics.X-CUBE-BLE1.7.0.0
2026-02-22 21:49:20,502 [WARN] PackLoader:240 - Cannot read IP mode file for STMicroelectronics.X-CUBE-NFC10.1.0.0
2026-02-22 21:49:20,540 [WARN] PackLoader:240 - Cannot read IP mode file for STMicroelectronics.X-CUBE-BLEMGR.4.0.0
2026-02-22 21:49:20,564 [ERROR] Engine:466 - C:\Users\USER\.stm32cubemx\thirdparties\pdsc\STMicroelectronics.X-CUBE-ST60.1.1.0.pdsc: PDSC version is not supported
2026-02-22 21:49:20,597 [WARN] PackLoader:240 - Cannot read IP mode file for emotas.I-CUBE-CANOPEN.1.3.0
2026-02-22 21:49:20,627 [WARN] PackLoader:240 - Cannot read IP mode file for STMicroelectronics.X-CUBE-GNSS1.7.1.0
2026-02-22 21:49:20,657 [WARN] PackLoader:240 - Cannot read IP mode file for STMicroelectronics.X-CUBE-BLEMGR.3.1.0
2026-02-22 21:49:20,683 [WARN] PackLoader:240 - Cannot read IP mode file for STMicroelectronics.X-CUBE-AI.10.0.0
2026-02-22 21:49:20,706 [ERROR] Engine:466 - C:\Users\USER\.stm32cubemx\thirdparties\pdsc\STMicroelectronics.FP-SNS-STBOX1.2.1.0.pdsc: PDSC version is not supported
2026-02-22 21:49:20,731 [WARN] PackLoader:240 - Cannot read IP mode file for STMicroelectronics.FP-SNS-SMARTAG2.1.2.0
2026-02-22 21:49:20,750 [ERROR] Engine:466 - C:\Users\USER\.stm32cubemx\thirdparties\pdsc\STMicroelectronics.FP-SNS-FLIGHT1.5.1.0.pdsc: PDSC version is not supported
2026-02-22 21:49:20,803 [WARN] PackLoader:240 - Cannot read IP mode file for STMicroelectronics.X-CUBE-MEMS1.11.1.0
2026-02-22 21:49:20,916 [INFO] LogOutputStream:77 - [STDOUT_REDIRECT] 1 : Invalid condition id : UX_CORESTACK_Condition cause : null
2026-02-22 21:49:20,917 [INFO] LogOutputStream:77 - [STDOUT_REDIRECT] 1 : Invalid condition id : UX_CORESTACK_Condition cause : null
2026-02-22 21:49:20,919 [INFO] LogOutputStream:77 - [STDOUT_REDIRECT] 1 : Invalid condition id : UX_CORESTACK_Condition cause : null
2026-02-22 21:49:20,920 [INFO] LogOutputStream:77 - [STDOUT_REDIRECT] 1 : Invalid condition id : UX_CORESTACK_Condition cause : null
2026-02-22 21:49:20,922 [INFO] LogOutputStream:77 - [STDOUT_REDIRECT] 1 : Invalid condition id : UX_CORESTACK_Condition cause : null
2026-02-22 21:49:20,924 [WARN] PackLoader:240 - Cannot read IP mode file for STMicroelectronics.X-CUBE-AZRTOS-WL.2.0.0
2026-02-22 21:49:20,947 [WARN] PackLoader:240 - Cannot read IP mode file for STMicroelectronics.FP-SNS-MOTENV1.5.0.0
2026-02-22 21:49:20,986 [WARN] PackLoader:240 - Cannot read IP mode file for STMicroelectronics.X-CUBE-AZRTOS-H7RS.1.2.0
2026-02-22 21:49:21,011 [WARN] PackLoader:240 - Cannot read IP mode file for wolfSSL.I-CUBE-wolfMQTT.1.19.0
2026-02-22 21:49:21,036 [WARN] PackLoader:240 - Cannot read IP mode file for WES.I-CUBE-Cesium.1.3.0
2026-02-22 21:49:21,058 [WARN] PackLoader:240 - Cannot read IP mode file for STMicroelectronics.X-CUBE-BLE2.3.3.0
2026-02-22 21:49:21,075 [ERROR] Engine:466 - C:\Users\USER\.stm32cubemx\thirdparties\pdsc\Avnet-IOTCONNECT.X-CUBE-iotc-st67-sdk.1.0.0.pdsc: PDSC version is not supported
2026-02-22 21:49:21,095 [WARN] PackLoader:240 - Cannot read IP mode file for STMicroelectronics.X-CUBE-NFC9.1.0.0
2026-02-22 21:49:21,114 [WARN] PackLoader:240 - Cannot read IP mode file for STMicroelectronics.X-CUBE-BLE1.7.1.0
2026-02-22 21:49:21,132 [WARN] PackLoader:240 - Cannot read IP mode file for STMicroelectronics.X-CUBE-TCPP.4.1.0
2026-02-22 21:49:21,149 [ERROR] Engine:466 - C:\Users\USER\.stm32cubemx\thirdparties\pdsc\STMicroelectronics.X-CUBE-FREERTOS.1.4.0.pdsc: PDSC version is not supported
2026-02-22 21:49:21,168 [WARN] PackLoader:240 - Cannot read IP mode file for STMicroelectronics.X-CUBE-EEPRMA1.5.2.0
2026-02-22 21:49:21,184 [ERROR] Engine:466 - C:\Users\USER\.stm32cubemx\thirdparties\pdsc\STMicroelectronics.X-CUBE-ST67W61.1.1.0.pdsc: PDSC version is not supported
2026-02-22 21:49:21,238 [WARN] PackLoader:240 - Cannot read IP mode file for STMicroelectronics.X-CUBE-MEMS1.12.0.0
2026-02-22 21:49:21,319 [WARN] PackLoader:240 - Cannot read IP mode file for STMicroelectronics.X-CUBE-ALGOBUILD.1.3.0
2026-02-22 21:49:21,370 [WARN] PackLoader:240 - Cannot read IP mode file for STMicroelectronics.X-CUBE-MEMS1.11.2.0
2026-02-22 21:49:21,468 [WARN] PackLoader:240 - Cannot read IP mode file for STMicroelectronics.X-CUBE-AZRTOS-G0.1.1.0
2026-02-22 21:49:21,488 [WARN] PackLoader:240 - Cannot read IP mode file for STMicroelectronics.X-CUBE-SAFEA1.1.2.2
2026-02-22 21:49:21,508 [WARN] PackLoader:240 - Cannot read IP mode file for STMicroelectronics.X-CUBE-NFC4.3.0.0
2026-02-22 21:49:21,533 [WARN] PackLoader:240 - Cannot read IP mode file for EmbeddedOffice.I-CUBE-FS-RTOS.1.0.1
2026-02-22 21:49:21,534 [ERROR] ConditionMgr:805 - Attr not supported : Dmpu
2026-02-22 21:49:21,534 [ERROR] ConditionMgr:805 - Attr not supported : Dmpu
2026-02-22 21:49:21,534 [ERROR] ConditionMgr:805 - Attr not supported : Dmpu
2026-02-22 21:49:21,534 [ERROR] ConditionMgr:805 - Attr not supported : Dmpu
2026-02-22 21:49:21,534 [ERROR] ConditionMgr:805 - Attr not supported : Dmpu
2026-02-22 21:49:21,534 [ERROR] ConditionMgr:805 - Attr not supported : Dmpu
2026-02-22 21:49:21,534 [ERROR] ConditionMgr:805 - Attr not supported : Dmpu
2026-02-22 21:49:21,534 [ERROR] ConditionMgr:805 - Attr not supported : Dmpu
2026-02-22 21:49:21,534 [ERROR] ConditionMgr:805 - Attr not supported : Dmpu
2026-02-22 21:49:21,534 [ERROR] ConditionMgr:805 - Attr not supported : Dmpu
2026-02-22 21:49:21,534 [ERROR] ConditionMgr:805 - Attr not supported : Dmpu
2026-02-22 21:49:21,534 [ERROR] ConditionMgr:805 - Attr not supported : Dmpu
2026-02-22 21:49:21,534 [ERROR] ConditionMgr:805 - Attr not supported : Dmpu
2026-02-22 21:49:21,534 [ERROR] ConditionMgr:805 - Attr not supported : Dmpu
2026-02-22 21:49:21,534 [ERROR] ConditionMgr:805 - Attr not supported : Dmpu
2026-02-22 21:49:21,534 [ERROR] ConditionMgr:805 - Attr not supported : Dmpu
2026-02-22 21:49:21,534 [ERROR] ConditionMgr:805 - Attr not supported : Dmpu
2026-02-22 21:49:21,534 [ERROR] ConditionMgr:805 - Attr not supported : Dmpu
2026-02-22 21:49:21,534 [ERROR] ConditionMgr:805 - Attr not supported : Dmpu
2026-02-22 21:49:21,534 [ERROR] ConditionMgr:805 - Attr not supported : Dmpu
2026-02-22 21:49:21,536 [ERROR] ConditionMgr:805 - Attr not supported : Dmpu
2026-02-22 21:49:21,536 [ERROR] ConditionMgr:805 - Attr not supported : Dmpu
2026-02-22 21:49:21,536 [ERROR] ConditionMgr:805 - Attr not supported : Dmpu
2026-02-22 21:49:21,536 [ERROR] ConditionMgr:805 - Attr not supported : Dmpu
2026-02-22 21:49:21,536 [ERROR] ConditionMgr:805 - Attr not supported : Dmpu
2026-02-22 21:49:21,536 [ERROR] ConditionMgr:805 - Attr not supported : Dmpu
2026-02-22 21:49:21,536 [ERROR] ConditionMgr:805 - Attr not supported : Dmpu
2026-02-22 21:49:21,536 [ERROR] ConditionMgr:805 - Attr not supported : Dmpu
2026-02-22 21:49:21,536 [ERROR] ConditionMgr:805 - Attr not supported : Dmpu
2026-02-22 21:49:21,536 [ERROR] ConditionMgr:805 - Attr not supported : Dmpu
2026-02-22 21:49:21,536 [ERROR] ConditionMgr:805 - Attr not supported : Dmpu
2026-02-22 21:49:21,536 [ERROR] ConditionMgr:805 - Attr not supported : Dmpu
2026-02-22 21:49:21,536 [ERROR] ConditionMgr:805 - Attr not supported : Dmpu
2026-02-22 21:49:21,536 [ERROR] ConditionMgr:805 - Attr not supported : Dmpu
2026-02-22 21:49:21,536 [ERROR] ConditionMgr:805 - Attr not supported : Dmpu
2026-02-22 21:49:21,536 [ERROR] ConditionMgr:805 - Attr not supported : Dmpu
2026-02-22 21:49:21,537 [ERROR] ConditionMgr:805 - Attr not supported : Dmpu
2026-02-22 21:49:21,537 [ERROR] ConditionMgr:805 - Attr not supported : Dmpu
2026-02-22 21:49:21,537 [ERROR] ConditionMgr:805 - Attr not supported : Dmpu
2026-02-22 21:49:21,537 [ERROR] ConditionMgr:805 - Attr not supported : Dmpu
2026-02-22 21:49:21,537 [ERROR] ConditionMgr:805 - Attr not supported : Dmpu
2026-02-22 21:49:21,537 [ERROR] ConditionMgr:805 - Attr not supported : Dmpu
2026-02-22 21:49:21,537 [ERROR] ConditionMgr:805 - Attr not supported : Dmpu
2026-02-22 21:49:21,537 [ERROR] ConditionMgr:805 - Attr not supported : Dmpu
2026-02-22 21:49:21,537 [ERROR] ConditionMgr:805 - Attr not supported : Dmpu
2026-02-22 21:49:21,537 [ERROR] ConditionMgr:805 - Attr not supported : Dmpu
2026-02-22 21:49:21,537 [ERROR] ConditionMgr:805 - Attr not supported : Dmpu
2026-02-22 21:49:21,537 [ERROR] ConditionMgr:805 - Attr not supported : Dmpu
2026-02-22 21:49:21,537 [ERROR] ConditionMgr:805 - Attr not supported : Dmpu
2026-02-22 21:49:21,537 [ERROR] ConditionMgr:805 - Attr not supported : Dmpu
2026-02-22 21:49:21,537 [ERROR] ConditionMgr:805 - Attr not supported : Dmpu
2026-02-22 21:49:21,537 [ERROR] ConditionMgr:805 - Attr not supported : Dmpu
2026-02-22 21:49:21,537 [ERROR] ConditionMgr:805 - Attr not supported : Dmpu
2026-02-22 21:49:21,537 [ERROR] ConditionMgr:805 - Attr not supported : Dmpu
2026-02-22 21:49:21,537 [ERROR] ConditionMgr:805 - Attr not supported : Dmpu
2026-02-22 21:49:21,537 [ERROR] ConditionMgr:805 - Attr not supported : Dmpu
2026-02-22 21:49:21,537 [ERROR] ConditionMgr:805 - Attr not supported : Dmpu
2026-02-22 21:49:21,537 [ERROR] ConditionMgr:805 - Attr not supported : Dmpu
2026-02-22 21:49:21,538 [ERROR] ConditionMgr:805 - Attr not supported : Dmpu
2026-02-22 21:49:21,538 [ERROR] ConditionMgr:805 - Attr not supported : Dmpu
2026-02-22 21:49:21,538 [ERROR] ConditionMgr:805 - Attr not supported : Dmpu
2026-02-22 21:49:21,538 [ERROR] ConditionMgr:805 - Attr not supported : Dmpu
2026-02-22 21:49:21,538 [ERROR] ConditionMgr:805 - Attr not supported : Dmpu
2026-02-22 21:49:21,538 [ERROR] ConditionMgr:805 - Attr not supported : Dmpu
2026-02-22 21:49:21,556 [WARN] PackLoader:240 - Cannot read IP mode file for STMicroelectronics.X-CUBE-WB05N.2.0.0
2026-02-22 21:49:21,573 [ERROR] Engine:466 - C:\Users\USER\.stm32cubemx\thirdparties\pdsc\STMicroelectronics.X-CUBE-TCPP.4.2.0.pdsc: PDSC version is not supported
2026-02-22 21:49:21,594 [WARN] PackLoader:240 - Cannot read IP mode file for RealThread.X-CUBE-RT-Thread_Nano.4.1.1
2026-02-22 21:49:21,612 [WARN] PackLoader:240 - Cannot read IP mode file for wolfSSL.I-CUBE-wolfSSL.5.7.0
2026-02-22 21:49:21,628 [WARN] PackLoader:240 - Cannot read IP mode file for STMicroelectronics.FP-ATR-SIGFOX1.3.2.0
2026-02-22 21:49:21,646 [WARN] ConditionMgr:438 - getConditionDescription Invalid condition id : Cortex-A Device cause : null
2026-02-22 21:49:21,671 [WARN] ConditionMgr:1039 - genDependencies : Invalid condition id : Cortex-A Device cause : null
2026-02-22 21:49:21,671 [WARN] ConditionMgr:1039 - genDependencies : Invalid condition id : Cortex-A Device cause : null
2026-02-22 21:49:21,671 [WARN] ConditionMgr:1039 - genDependencies : Invalid condition id : Cortex-A Device cause : null
2026-02-22 21:49:21,688 [WARN] PackLoader:240 - Cannot read IP mode file for STMicroelectronics.X-CUBE-EEPRMA1.5.1.0
2026-02-22 21:49:21,708 [WARN] PackLoader:240 - Cannot read IP mode file for ITTIA_DB.I-CUBE-ITTIADB.8.9.0
2026-02-22 21:49:21,727 [WARN] PackLoader:240 - Cannot read IP mode file for STMicroelectronics.X-CUBE-NFC6.3.2.0
2026-02-22 21:49:21,746 [WARN] PackLoader:240 - Cannot read IP mode file for STMicroelectronics.X-CUBE-AI.10.2.0
2026-02-22 21:49:21,778 [WARN] PackLoader:240 - Cannot read IP mode file for SEGGER.I-CUBE-embOS.1.3.1
2026-02-22 21:49:21,816 [WARN] PackLoader:240 - Cannot read IP mode file for STMicroelectronics.X-CUBE-ALGOBUILD.1.4.0
2026-02-22 21:49:21,835 [WARN] PackLoader:240 - Cannot read IP mode file for STMicroelectronics.X-CUBE-AI.9.1.0
2026-02-22 21:49:21,852 [WARN] PackLoader:240 - Cannot read IP mode file for STMicroelectronics.X-CUBE-PM33A1.1.0.0
2026-02-22 21:49:21,869 [WARN] PackLoader:240 - Cannot read IP mode file for STMicroelectronics.X-CUBE-GNSS1.6.0.0
2026-02-22 21:49:21,901 [WARN] PackLoader:240 - Cannot read IP mode file for STMicroelectronics.X-CUBE-AZRTOS-F4.1.1.0
2026-02-22 21:49:21,917 [ERROR] Engine:466 - C:\Users\USER\.stm32cubemx\thirdparties\pdsc\Avnet-IotConnect.X-CUBE-IoTC-DA16k-PMOD.1.0.0.pdsc: PDSC version is not supported
2026-02-22 21:49:21,932 [WARN] PackLoader:240 - Cannot read IP mode file for STMicroelectronics.X-CUBE-ISPU.2.1.0
2026-02-22 21:49:21,949 [ERROR] Engine:466 - C:\Users\USER\.stm32cubemx\thirdparties\pdsc\STMicroelectronics.X-CUBE-IPS.3.2.0.pdsc: PDSC version is not supported
2026-02-22 21:49:21,965 [WARN] PackLoader:240 - Cannot read IP mode file for STMicroelectronics.X-CUBE-FREERTOS.1.2.0
2026-02-22 21:49:21,983 [WARN] PackLoader:240 - Cannot read IP mode file for STMicroelectronics.X-CUBE-NFC12.1.0.0
2026-02-22 21:49:22,013 [WARN] PackLoader:240 - Cannot read IP mode file for STMicroelectronics.X-CUBE-AZRTOS-L5.2.0.0
2026-02-22 21:49:22,033 [WARN] PackLoader:240 - Cannot read IP mode file for STMicroelectronics.X-CUBE-NFC6.3.1.0
2026-02-22 21:49:22,051 [WARN] PackLoader:240 - Cannot read IP mode file for STMicroelectronics.X-CUBE-DPower.1.2.0
2026-02-22 21:49:22,067 [WARN] PackLoader:240 - Cannot read IP mode file for STMicroelectronics.X-CUBE-AI.9.0.0
2026-02-22 21:49:22,084 [WARN] PackLoader:240 - Cannot read IP mode file for STMicroelectronics.X-CUBE-FREERTOS.1.3.1
2026-02-22 21:49:22,102 [WARN] PackLoader:240 - Cannot read IP mode file for STMicroelectronics.X-CUBE-FREERTOS.1.3.0
2026-02-22 21:49:22,122 [WARN] PackLoader:240 - Cannot read IP mode file for STMicroelectronics.X-CUBE-NFC7.1.0.1
2026-02-22 21:49:22,146 [WARN] PackLoader:240 - Cannot read IP mode file for STMicroelectronics.X-CUBE-TOUCHGFX.4.26.0
2026-02-22 21:49:22,346 [ERROR] Engine:466 - C:\Users\USER\.stm32cubemx\thirdparties\pdsc\STMicroelectronics.FP-SNS-STAIOTCFT.1.0.0.pdsc: PDSC version is not supported
2026-02-22 21:49:22,361 [WARN] PackLoader:240 - Cannot read IP mode file for STMicroelectronics.X-CUBE-DPower.1.3.0
2026-02-22 21:49:22,389 [WARN] ConditionMgr:438 - getConditionDescription Invalid condition id : LAN8742 Phy interface Condition cause : null
2026-02-22 21:49:22,389 [WARN] PackLoader:240 - Cannot read IP mode file for STMicroelectronics.X-CUBE-AZRTOS-L4.2.0.0
2026-02-22 21:49:22,390 [WARN] ConditionMgr:1039 - genDependencies : Invalid condition id : LAN8742 Phy interface Condition cause : null
2026-02-22 21:49:22,390 [WARN] ConditionMgr:1039 - genDependencies : Invalid condition id : LAN8742 Phy interface Condition cause : null
2026-02-22 21:49:22,391 [WARN] ConditionMgr:1039 - genDependencies : Invalid condition id : LAN8742 Phy interface Condition cause : null
2026-02-22 21:49:22,412 [WARN] PackLoader:240 - Cannot read IP mode file for STMicroelectronics.X-CUBE-SFXS2LP1.4.0.0
2026-02-22 21:49:22,430 [ERROR] Engine:466 - C:\Users\USER\.stm32cubemx\thirdparties\pdsc\STMicroelectronics.X-CUBE-ST67W61.1.2.0.pdsc: PDSC version is not supported
2026-02-22 21:49:22,460 [WARN] PackLoader:240 - Cannot read IP mode file for STMicroelectronics.X-CUBE-AZRTOS-H7.3.3.0
2026-02-22 21:49:22,479 [ERROR] Engine:466 - C:\Users\USER\.stm32cubemx\thirdparties\pdsc\STMicroelectronics.X-CUBE-BLEMGR.4.1.0.pdsc: PDSC version is not supported
2026-02-22 21:49:22,502 [WARN] PackLoader:240 - Cannot read IP mode file for STMicroelectronics.X-CUBE-IPS.3.0.0
2026-02-22 21:49:22,530 [WARN] ConditionMgr:438 - getConditionDescription Invalid condition id : UX DEVICE CLASS RTOS Condition cause : null
2026-02-22 21:49:22,530 [WARN] ConditionMgr:438 - getConditionDescription Invalid condition id : UX DEVICE CLASS RTOS Condition cause : null
2026-02-22 21:49:22,531 [WARN] PackLoader:240 - Cannot read IP mode file for STMicroelectronics.X-CUBE-AZRTOS-WB.2.0.0
2026-02-22 21:49:22,531 [WARN] ConditionMgr:1039 - genDependencies : Invalid condition id : UX DEVICE CLASS RTOS Condition cause : null
2026-02-22 21:49:22,532 [WARN] ConditionMgr:1039 - genDependencies : Invalid condition id : UX DEVICE CLASS RTOS Condition cause : null
2026-02-22 21:49:22,532 [WARN] ConditionMgr:1039 - genDependencies : Invalid condition id : UX DEVICE CLASS RTOS Condition cause : null
2026-02-22 21:49:22,532 [WARN] ConditionMgr:1039 - genDependencies : Invalid condition id : UX DEVICE CLASS RTOS Condition cause : null
2026-02-22 21:49:22,532 [WARN] ConditionMgr:1039 - genDependencies : Invalid condition id : UX DEVICE CLASS RTOS Condition cause : null
2026-02-22 21:49:22,551 [WARN] PackLoader:240 - Cannot read IP mode file for STMicroelectronics.X-CUBE-GNSS1.7.0.0
2026-02-22 21:49:22,567 [WARN] PackLoader:240 - Cannot read IP mode file for STMicroelectronics.X-CUBE-GNSS1.7.0.1
2026-02-22 21:49:22,587 [WARN] PackLoader:240 - Cannot read IP mode file for STMicroelectronics.X-CUBE-TOUCHGFX.4.25.0
2026-02-22 21:49:22,607 [WARN] PackLoader:240 - Cannot read IP mode file for STMicroelectronics.FP-SNS-STBOX1.2.0.0
2026-02-22 21:49:22,629 [WARN] PackLoader:240 - Cannot read IP mode file for STMicroelectronics.X-CUBE-STSE01.2.0.0
2026-02-22 21:49:22,657 [WARN] PackLoader:240 - Cannot read IP mode file for STMicroelectronics.X-CUBE-SUBG2.5.0.0
2026-02-22 21:49:22,694 [WARN] PackLoader:240 - Cannot read IP mode file for STMicroelectronics.X-CUBE-AZRTOS-H7RS.1.1.0
2026-02-22 21:49:22,715 [WARN] PackLoader:240 - Cannot read IP mode file for Cesanta.I-CUBE-Mongoose.7.13.0
2026-02-22 21:49:22,749 [WARN] PackLoader:240 - Cannot read IP mode file for STMicroelectronics.X-CUBE-AZRTOS-G4.2.0.0
2026-02-22 21:49:22,770 [WARN] PackLoader:240 - Cannot read IP mode file for STMicroelectronics.X-CUBE-NFC7.2.0.0
2026-02-22 21:49:22,787 [WARN] PackLoader:240 - Cannot read IP mode file for STMicroelectronics.X-CUBE-ISPU.2.0.0
2026-02-22 21:49:22,807 [ERROR] Engine:466 - C:\Users\USER\.stm32cubemx\thirdparties\pdsc\STMicroelectronics.X-CUBE-IPS.3.1.0.pdsc: PDSC version is not supported
2026-02-22 21:49:22,823 [WARN] PackLoader:240 - Cannot read IP mode file for STMicroelectronics.X-CUBE-ALS.1.0.2
2026-02-22 21:49:22,868 [WARN] PackLoader:240 - Cannot read IP mode file for STMicroelectronics.X-CUBE-MEMS1.10.0.0
2026-02-22 21:49:22,951 [WARN] PackLoader:240 - Cannot read IP mode file for STMicroelectronics.X-CUBE-FREERTOS.1.1.0
2026-02-22 21:49:22,969 [WARN] PackLoader:240 - Cannot read IP mode file for STMicroelectronics.X-CUBE-TOUCHGFX.4.24.2
2026-02-22 21:49:22,990 [WARN] PackLoader:240 - Cannot read IP mode file for STMicroelectronics.X-CUBE-TOUCHGFX.4.24.1
2026-02-22 21:49:23,009 [WARN] PackLoader:240 - Cannot read IP mode file for STMicroelectronics.X-CUBE-STSE01.1.0.0
2026-02-22 21:49:23,031 [WARN] PackLoader:240 - Cannot read IP mode file for wolfSSL.I-CUBE-wolfTPM.3.4.0
2026-02-22 21:49:23,051 [WARN] PackLoader:240 - Cannot read IP mode file for portGmbH.I-Cube-SoM-uGOAL.1.1.0
2026-02-22 21:49:23,069 [WARN] PackLoader:240 - Cannot read IP mode file for STMicroelectronics.X-CUBE-ALS.1.0.1
2026-02-22 21:49:23,103 [WARN] PackLoader:240 - Cannot read IP mode file for STMicroelectronics.X-CUBE-AZRTOS-H7RS.1.0.0
2026-02-22 21:49:23,122 [WARN] PackLoader:240 - Cannot read IP mode file for STMicroelectronics.FP-ATR-ASTRA1.2.0.0
2026-02-22 21:49:23,144 [WARN] PackLoader:240 - Cannot read IP mode file for STMicroelectronics.X-CUBE-TOF1.3.4.2
2026-02-22 21:49:23,167 [ERROR] Engine:466 - C:\Users\USER\.stm32cubemx\thirdparties\pdsc\STMicroelectronics.X-CUBE-TOF1.3.4.3.pdsc: PDSC version is not supported
2026-02-22 21:49:23,190 [WARN] PackLoader:240 - Cannot read IP mode file for STMicroelectronics.X-CUBE-TOF1.3.4.1
2026-02-22 21:49:23,227 [WARN] PackLoader:240 - Cannot read IP mode file for STMicroelectronics.X-CUBE-AZRTOS-H7.3.2.0
2026-02-22 21:49:23,258 [WARN] PackLoader:240 - Cannot read IP mode file for Infineon.AIROC-Wi-Fi-Bluetooth-STM32.1.6.0
2026-02-22 21:49:23,281 [WARN] PackLoader:240 - Cannot read IP mode file for wolfSSL.I-CUBE-wolfSSH.1.4.17
2026-02-22 21:49:23,281 [INFO] ThirdParty:978 - Integrity check success = true
2026-02-22 21:49:23,281 [INFO] IntegrityCheckThread:100 - exiting critical section [integrity check]
2026-02-22 21:49:23,281 [INFO] IntegrityCheckThread:103 - End integrity checks thread
2026-02-22 21:49:23,414 [INFO] Mcu:2021 - Initializing MCU STM32F411C(C-E)Ux STM32F411CEUx STM32F411CEU6
2026-02-22 21:49:25,372 [INFO] Context:663 - Trying to add GPIOservice into a context  which must be forbidden
2026-02-22 21:49:25,934 [INFO] ApiDbMcu:508 - Load IP Config File for STMicroelectronics.X-CUBE-TOUCHGFX.4.26.0
2026-02-22 21:49:26,200 [INFO] RtosManager:555 - Registered RTOS mode: class=CMSIS, group=RTOS, mode=CMSIS_V1, owner=FREERTOS
2026-02-22 21:49:26,200 [INFO] RtosManager:555 - Registered RTOS mode: class=CMSIS, group=RTOS2, mode=CMSIS_V2, owner=FREERTOS
2026-02-22 21:49:26,200 [INFO] RtosManager:555 - Registered RTOS mode: class=RTOS, group=Core, mode=CMSIS_V1, owner=FREERTOS
2026-02-22 21:49:26,200 [INFO] RtosManager:555 - Registered RTOS mode: class=RTOS, group=Core, mode=CMSIS_V2, owner=FREERTOS
2026-02-22 21:49:26,201 [WARN] ModelIntegratedComponent:184 - Missing modes for component STMicroelectronics:FreeRTOS:0.0.1:STMicroelectronics:RTOS:FreeRTOS:Core:::10.2.0:
2026-02-22 21:49:26,210 [WARN] ModelIntegratedComponent:63 - No mode defined for component null
2026-02-22 21:49:26,210 [WARN] ModelIntegratedComponent:63 - No mode defined for component null
2026-02-22 21:49:26,210 [WARN] ModelIntegratedComponent:63 - No mode defined for component null
2026-02-22 21:49:26,210 [WARN] ModelIntegratedComponent:63 - No mode defined for component null
2026-02-22 21:49:26,210 [WARN] ModelIntegratedComponent:63 - No mode defined for component null
2026-02-22 21:49:26,210 [WARN] ModelIntegratedComponent:63 - No mode defined for component null
2026-02-22 21:49:26,210 [WARN] ModelIntegratedComponent:63 - No mode defined for component null
2026-02-22 21:49:26,210 [WARN] ModelIntegratedComponent:63 - No mode defined for component null
2026-02-22 21:49:26,210 [WARN] ModelIntegratedComponent:63 - No mode defined for component null
2026-02-22 21:49:26,210 [WARN] ModelIntegratedComponent:63 - No mode defined for component null
2026-02-22 21:49:26,210 [WARN] ModelIntegratedComponent:63 - No mode defined for component null
2026-02-22 21:49:26,210 [WARN] ModelIntegratedComponent:63 - No mode defined for component null
2026-02-22 21:49:26,210 [WARN] ModelIntegratedComponent:63 - No mode defined for component null
2026-02-22 21:49:26,210 [WARN] ModelIntegratedComponent:63 - No mode defined for component null
2026-02-22 21:49:26,211 [WARN] ModelIntegratedComponent:63 - No mode defined for component null
2026-02-22 21:49:26,211 [WARN] ModelIntegratedComponent:63 - No mode defined for component null
2026-02-22 21:49:26,211 [WARN] ModelIntegratedComponent:63 - No mode defined for component null
2026-02-22 21:49:26,211 [WARN] ModelIntegratedComponent:63 - No mode defined for component null
2026-02-22 21:49:26,211 [WARN] ModelIntegratedComponent:63 - No mode defined for component null
2026-02-22 21:49:26,211 [WARN] ModelIntegratedComponent:63 - No mode defined for component null
2026-02-22 21:49:26,211 [WARN] ModelIntegratedComponent:63 - No mode defined for component null
2026-02-22 21:49:26,211 [WARN] ModelIntegratedComponent:63 - No mode defined for component null
2026-02-22 21:49:26,211 [WARN] ModelIntegratedComponent:63 - No mode defined for component null
2026-02-22 21:49:26,211 [WARN] ModelIntegratedComponent:63 - No mode defined for component null
2026-02-22 21:49:26,211 [WARN] ModelIntegratedComponent:63 - No mode defined for component null
2026-02-22 21:49:26,211 [WARN] ModelIntegratedComponent:63 - No mode defined for component null
2026-02-22 21:49:26,211 [WARN] ModelIntegratedComponent:63 - No mode defined for component null
2026-02-22 21:49:26,211 [WARN] ModelIntegratedComponent:63 - No mode defined for component null
2026-02-22 21:49:26,211 [WARN] ModelIntegratedComponent:63 - No mode defined for component null
2026-02-22 21:49:26,211 [WARN] ModelIntegratedComponent:63 - No mode defined for component null
2026-02-22 21:49:26,211 [WARN] ModelIntegratedComponent:63 - No mode defined for component null
2026-02-22 21:49:26,211 [WARN] ModelIntegratedComponent:63 - No mode defined for component null
2026-02-22 21:49:26,211 [WARN] ModelIntegratedComponent:63 - No mode defined for component null
2026-02-22 21:49:26,211 [WARN] ModelIntegratedComponent:63 - No mode defined for component null
2026-02-22 21:49:26,276 [WARN] ModelIntegratedComponent:182 - Modes not found for component STMicroelectronics:USB_DEVICE:1.0.0:STMicroelectronics:USB::USB Device:Audio HS::1.0:USB_DEVICE_1_0_RESTRICTED_HS
2026-02-22 21:49:26,276 [WARN] ModelIntegratedComponent:188 - Modes not found for component STMicroelectronics:USB_DEVICE:1.0.0:STMicroelectronics:USB::USB Device:Audio HS::1.0:USB_DEVICE_1_0_RESTRICTED_HS
2026-02-22 21:49:26,276 [WARN] ModelIntegratedComponent:182 - Modes not found for component STMicroelectronics:USB_DEVICE:1.0.0:STMicroelectronics:USB::USB Device:CDC HS::1.0:USB_DEVICE_1_0_RESTRICTED_HS
2026-02-22 21:49:26,276 [WARN] ModelIntegratedComponent:188 - Modes not found for component STMicroelectronics:USB_DEVICE:1.0.0:STMicroelectronics:USB::USB Device:CDC HS::1.0:USB_DEVICE_1_0_RESTRICTED_HS
2026-02-22 21:49:26,276 [WARN] ModelIntegratedComponent:182 - Modes not found for component STMicroelectronics:USB_DEVICE:1.0.0:STMicroelectronics:USB::USB Device:DFU HS::1.0:USB_DEVICE_1_0_RESTRICTED_HS
2026-02-22 21:49:26,276 [WARN] ModelIntegratedComponent:188 - Modes not found for component STMicroelectronics:USB_DEVICE:1.0.0:STMicroelectronics:USB::USB Device:DFU HS::1.0:USB_DEVICE_1_0_RESTRICTED_HS
2026-02-22 21:49:26,276 [WARN] ModelIntegratedComponent:182 - Modes not found for component STMicroelectronics:USB_DEVICE:1.0.0:STMicroelectronics:USB::USB Device:HID HS::1.0:USB_DEVICE_1_0_RESTRICTED_HS
2026-02-22 21:49:26,276 [WARN] ModelIntegratedComponent:188 - Modes not found for component STMicroelectronics:USB_DEVICE:1.0.0:STMicroelectronics:USB::USB Device:HID HS::1.0:USB_DEVICE_1_0_RESTRICTED_HS
2026-02-22 21:49:26,276 [WARN] ModelIntegratedComponent:182 - Modes not found for component STMicroelectronics:USB_DEVICE:1.0.0:STMicroelectronics:USB::USB Device:Custom HID HS::1.0:USB_DEVICE_1_0_RESTRICTED_HS
2026-02-22 21:49:26,276 [WARN] ModelIntegratedComponent:188 - Modes not found for component STMicroelectronics:USB_DEVICE:1.0.0:STMicroelectronics:USB::USB Device:Custom HID HS::1.0:USB_DEVICE_1_0_RESTRICTED_HS
2026-02-22 21:49:26,276 [WARN] ModelIntegratedComponent:182 - Modes not found for component STMicroelectronics:USB_DEVICE:1.0.0:STMicroelectronics:USB::USB Device:MSC HS::1.0:USB_DEVICE_1_0_RESTRICTED_HS
2026-02-22 21:49:26,276 [WARN] ModelIntegratedComponent:188 - Modes not found for component STMicroelectronics:USB_DEVICE:1.0.0:STMicroelectronics:USB::USB Device:MSC HS::1.0:USB_DEVICE_1_0_RESTRICTED_HS
2026-02-22 21:49:26,375 [WARN] ModelIntegratedComponent:182 - Modes not found for component STMicroelectronics:USB_HOST:1.0.0:STMicroelectronics:USB::USB Host:Audio HS::1.0:USB_HOST_1_0_RESTRICTED_HS
2026-02-22 21:49:26,375 [WARN] ModelIntegratedComponent:188 - Modes not found for component STMicroelectronics:USB_HOST:1.0.0:STMicroelectronics:USB::USB Host:Audio HS::1.0:USB_HOST_1_0_RESTRICTED_HS
2026-02-22 21:49:26,375 [WARN] ModelIntegratedComponent:182 - Modes not found for component STMicroelectronics:USB_HOST:1.0.0:STMicroelectronics:USB::USB Host:CDC HS::1.0:USB_HOST_1_0_RESTRICTED_HS
2026-02-22 21:49:26,375 [WARN] ModelIntegratedComponent:188 - Modes not found for component STMicroelectronics:USB_HOST:1.0.0:STMicroelectronics:USB::USB Host:CDC HS::1.0:USB_HOST_1_0_RESTRICTED_HS
2026-02-22 21:49:26,375 [WARN] ModelIntegratedComponent:182 - Modes not found for component STMicroelectronics:USB_HOST:1.0.0:STMicroelectronics:USB::USB Host:MSC HS::1.0:USB_HOST_1_0_RESTRICTED_HS
2026-02-22 21:49:26,375 [WARN] ModelIntegratedComponent:188 - Modes not found for component STMicroelectronics:USB_HOST:1.0.0:STMicroelectronics:USB::USB Host:MSC HS::1.0:USB_HOST_1_0_RESTRICTED_HS
2026-02-22 21:49:26,375 [WARN] ModelIntegratedComponent:182 - Modes not found for component STMicroelectronics:USB_HOST:1.0.0:STMicroelectronics:USB::USB Host:HID HS::1.0:USB_HOST_1_0_RESTRICTED_HS
2026-02-22 21:49:26,376 [WARN] ModelIntegratedComponent:188 - Modes not found for component STMicroelectronics:USB_HOST:1.0.0:STMicroelectronics:USB::USB Host:HID HS::1.0:USB_HOST_1_0_RESTRICTED_HS
2026-02-22 21:49:26,376 [WARN] ModelIntegratedComponent:182 - Modes not found for component STMicroelectronics:USB_HOST:1.0.0:STMicroelectronics:USB::USB Host:MTP HS::1.0:USB_HOST_1_0_RESTRICTED_HS
2026-02-22 21:49:26,376 [WARN] ModelIntegratedComponent:188 - Modes not found for component STMicroelectronics:USB_HOST:1.0.0:STMicroelectronics:USB::USB Host:MTP HS::1.0:USB_HOST_1_0_RESTRICTED_HS
2026-02-22 21:49:26,452 [WARN] IP:2120 - tgfx_framebuffer_stride_value_custom not found: check if there is a RefParameter without a condition.
2026-02-22 21:49:26,459 [WARN] IP:2120 - tgfx_framebuffer_stride_value_custom not found: check if there is a RefParameter without a condition.
2026-02-22 21:49:27,106 [INFO] ThirdPartyModel:298 - Start build external matchings
2026-02-22 21:49:28,528 [INFO] ThirdPartyModel:316 - End build external matchings
2026-02-22 21:49:28,581 [INFO] ImportTextPane:194 - (OptionalMessage_ERROR) IP (DMA) : Parameter (Instance) has Id (SPI1_TX) currently not set
2026-02-22 21:49:28,581 [INFO] ImportTextPane:194 - (OptionalMessage_ERROR) IP (DMA) : Parameter (Channel) has Id (SPI1_TX) currently not set
2026-02-22 21:49:28,581 [INFO] ImportTextPane:194 - (OptionalMessage_ERROR) IP (DMA) : Parameter (Direction) has Id (SPI1_TX) currently not set
2026-02-22 21:49:28,581 [INFO] ImportTextPane:194 - (OptionalMessage_ERROR) IP (DMA) : Parameter (PeriphInc) has Id (SPI1_TX) currently not set
2026-02-22 21:49:28,581 [INFO] ImportTextPane:194 - (OptionalMessage_ERROR) IP (DMA) : Parameter (MemInc) has Id (SPI1_TX) currently not set
2026-02-22 21:49:28,581 [INFO] ImportTextPane:194 - (OptionalMessage_ERROR) IP (DMA) : Parameter (PeriphDataAlignment) has Id (SPI1_TX) currently not set
2026-02-22 21:49:28,581 [INFO] ImportTextPane:194 - (OptionalMessage_ERROR) IP (DMA) : Parameter (MemDataAlignment) has Id (SPI1_TX) currently not set
2026-02-22 21:49:28,581 [INFO] ImportTextPane:194 - (OptionalMessage_ERROR) IP (DMA) : Parameter (Mode) has Id (SPI1_TX) currently not set
2026-02-22 21:49:28,581 [INFO] ImportTextPane:194 - (OptionalMessage_ERROR) IP (DMA) : Parameter (Priority) has Id (SPI1_TX) currently not set
2026-02-22 21:49:28,581 [INFO] ImportTextPane:194 - (OptionalMessage_ERROR) IP (DMA) : Parameter (FIFOMode) has Id (SPI1_TX) currently not set
2026-02-22 21:49:28,581 [INFO] ImportTextPane:194 - (OptionalMessage_ERROR) IP (DMA) : Parameter (FIFOThreshold) has Id (SPI1_TX) currently not set
2026-02-22 21:49:28,581 [INFO] ImportTextPane:194 - (OptionalMessage_ERROR) IP (DMA) : Parameter (FIFOThreshold) has invalid value (null)
2026-02-22 21:49:28,582 [INFO] ImportTextPane:194 - (OptionalMessage_ERROR) IP (DMA) : Parameter (MemBurst) has Id (SPI1_TX) currently not set
2026-02-22 21:49:28,582 [INFO] ImportTextPane:194 - (OptionalMessage_ERROR) IP (DMA) : Parameter (MemBurst) has invalid value (null)
2026-02-22 21:49:28,582 [INFO] ImportTextPane:194 - (OptionalMessage_ERROR) IP (DMA) : Parameter (PeriphBurst) has Id (SPI1_TX) currently not set
2026-02-22 21:49:28,582 [INFO] ImportTextPane:194 - (OptionalMessage_ERROR) IP (DMA) : Parameter (PeriphBurst) has invalid value (null)
2026-02-22 21:49:28,585 [WARN] IP:2120 - tgfx_framebuffer_stride_value_custom not found: check if there is a RefParameter without a condition.
2026-02-22 21:49:28,586 [INFO] ImportTextPane:194 - (OptionalMessage_ERROR) IP (STMicroelectronics.X-CUBE-TOUCHGFX.4.26.0) : Parameter (ApplicationCcGraphicsJjApplication) has invalid value (TouchGFXOoGenerator)
2026-02-22 21:49:29,104 [INFO] ApiDb:581 - Connected to CubeFinder SQLite database (C:\Users\USER\.stmcufinder\plugins\mcufinder\mcu\cube-finder-db.db)
2026-02-22 21:49:29,206 [INFO] ApiDb:668 - CubeFinder database Data Model version=2.1
2026-02-22 21:49:29,207 [INFO] ApiDb:669 - CubeFinder database Configuration version=3.0.39
2026-02-22 21:49:29,207 [INFO] ApiDb:670 - CubeFinder database generation date=2025-12-22 (1766407740)
2026-02-22 21:49:29,207 [INFO] ApiDb:671 - CubeFinder database FW Pack versions=[FP-ATR-ASTRA1_V2.0.0, FP-SNS-FLIGHT1_V5.1.0, FP-SNS-MOTENV1_V5.1.0, FP-SNS-MOTENVWB1_V1.4.0, FP-SNS-SMARTAG2_V1.2.0, FP-SNS-STBOX1_V2.1.0, STM32Cube_FW_C0_V1.4.0, STM32Cube_FW_F4_V1.28.3, STM32Cube_FW_F7_V1.17.4, STM32Cube_FW_G0_V1.6.2, STM32Cube_FW_G4_V1.6.1, STM32Cube_FW_H5_V1.5.1, STM32Cube_FW_H7RS_V1.3.0, STM32Cube_FW_H7_V1.12.1, STM32Cube_FW_L0_V1.12.2, STM32Cube_FW_L4_V1.18.1, STM32Cube_FW_L5_V1.6.0, STM32Cube_FW_N6_V1.3.0, STM32Cube_FW_U0_V1.3.0, STM32Cube_FW_U3_V1.2.1, STM32Cube_FW_U5_V1.8.0, STM32Cube_FW_WB0_V1.4.0, STM32Cube_FW_WBA_V1.8.0, STM32Cube_FW_WB_V1.24.0, STM32Cube_FW_WL3_V1.3.0, STM32Cube_FW_WL_V1.4.0, X-CUBE-ALGOBUILD_V1.4.0, X-CUBE-ALS_V1.0.2, X-CUBE-AZRTOS-F4_V1.1.0, X-CUBE-AZRTOS-F7_V1.1.0, X-CUBE-AZRTOS-G0_V1.1.0, X-CUBE-AZRTOS-G4_V2.0.0, X-CUBE-AZRTOS-H7RS_V1.1.0, X-CUBE-AZRTOS-H7_V3.4.0, X-CUBE-AZRTOS-L4_V2.0.0, X-CUBE-AZRTOS-L5_V2.0.0, X-CUBE-AZRTOS-WB_V2.0.0, X-CUBE-AZRTOS-WL_V2.0.0, X-CUBE-BLE1_V7.1.0, X-CUBE-BLE2_V3.3.0, X-CUBE-BLEMGR_V4.1.0, X-CUBE-EEPRMA1_V5.2.0, X-CUBE-FREERTOS_V1.3.1, X-CUBE-GNSS1_V6.0.0, X-CUBE-MEMS1_V12.0.0, X-CUBE-NFC4_V3.0.0, X-CUBE-NFC7_V2.0.0, X-CUBE-SFXS2LP1_V4.0.0, X-CUBE-ST67W61_V1.1.0, X-CUBE-SUBG2_V5.0.0, X-CUBE-TOF1_V3.4.3]
2026-02-22 21:49:29,344 [INFO] DbBoardsSqlite:226 - include board P-NUCLEO-WB55-NUCLEO as a kit item of type 'Nucleo-64'
2026-02-22 21:49:29,344 [INFO] DbBoardsSqlite:226 - include board P-NUCLEO-WB55-USBDONGLE as a kit item of type 'Nucleo USB Dongle'
2026-02-22 21:49:29,345 [INFO] DbBoardsSqlite:226 - include board STEVAL-IDP005V1 as a kit item of type 'Evaluation Board'
2026-02-22 21:49:29,347 [INFO] DbBoardsSqlite:226 - include board STEVAL-IDP005V2 as a kit item of type 'Evaluation Board'
2026-02-22 21:49:29,940 [INFO] ApiDb:240 - Found 483 in-development CPN: [B-G473E-ZEST1S, B-WB1M-WPAN1, B-WL5M-SUBG1, NUCLEO-C031C6, NUCLEO-H503RB, NUCLEO-H533RE, NUCLEO-H563ZI, NUCLEO-H7S3L8, NUCLEO-U031R8, NUCLEO-U083RC, NUCLEO-U545RE-Q, NUCLEO-U5A5ZJ-Q, NUCLEO-WBA52CG, NUCLEO-WBA55CG, STEVAL-PROTEUS1, STEVAL-SMARTAG2, STEVAL-STWINBX1, STM320518-EVAL, STM32C0116-DK, STM32C011D6Y3TR, STM32C011D6Y6TR, STM32C011F4P3, STM32C011F4P6, STM32C011F4U3, STM32C011F4U6TR, STM32C011F6P3, STM32C011F6P6, STM32C011F6U3, STM32C011F6U6TR, STM32C011J4M3, STM32C011J4M6, STM32C011J6M3, STM32C011J6M6, STM32C0316-DK, STM32C031C4T3, STM32C031C4T6, STM32C031C4U3, STM32C031C4U6, STM32C031C6T3, STM32C031C6T6, STM32C031C6U3, STM32C031C6U6, STM32C031F4P3, STM32C031F4P6, STM32C031F6P3, STM32C031F6P6, STM32C031G4U3, STM32C031G4U6, STM32C031G6U3, STM32C031G6U6, STM32C031K4T3, STM32C031K4T6, STM32C031K4U3, STM32C031K4U6, STM32C031K6T3, STM32C031K6T6, STM32C031K6U3, STM32C031K6U6, STM32G071K8TXN, STM32G071K8UXN, STM32G081GBU6N, STM32G081KBT6N, STM32G081KBUXN, STM32G0B1CCT6N, STM32G0B1KCT6, STM32G0B1NEY6TR, STM32G0B1RCT6N, STM32G0C1CCT6, STM32G0C1CCT6N, STM32G0C1CCU6N, STM32G0C1CET6N, STM32G0C1CEU6N, STM32G0C1KCT6, STM32G0C1NEY6TR, STM32G0C1RCI6N, STM32G0C1RCT6N, STM32G0C1REI6N, STM32G0C1RET6N, STM32G0C1VCI6, STM32G0C1VEI6, STM32G471CCT6, STM32G471CCU6, STM32G471CET3, STM32G471CET6, STM32G471CEU3, STM32G471CEU6, STM32G471MCT6, STM32G471MET3, STM32G471MET6, STM32G471MEY6TR, STM32G471QCT6, STM32G471QET3, STM32G471RCT6, STM32G471RET3, STM32G471RET6, STM32G471VCH6, STM32G471VCI6, STM32G471VCT6, STM32G471VEH3, STM32G471VEH6, STM32G471VEI3, STM32G471VEI6, STM32G471VET3, STM32G471VET6, STM32G474CCT6, STM32H503CBT6, STM32H503CBU6, STM32H503EBY6TR, STM32H503KBU6, STM32H503RBT6, STM32H523CCT6, STM32H523CCU6, STM32H523CET6, STM32H523CEU6, STM32H523HEY6TR, STM32H523RCT6, STM32H523RET6, STM32H523VCI6, STM32H523VCT6, STM32H523VEI6, STM32H523VET6, STM32H523ZCJ6, STM32H523ZCT6, STM32H523ZEJ6, STM32H523ZET6, STM32H533CET6, STM32H533CEU6, STM32H533HEY6TR, STM32H533RET6, STM32H533VEI6, STM32H533VET6, STM32H533ZEJ6, STM32H533ZET6, STM32H562AGI6, STM32H562AII6, STM32H562IGK6, STM32H562IGT6, STM32H562IIK6, STM32H562IIT6, STM32H562RGT6, STM32H562RGV6, STM32H562RIT6, STM32H562RIV6, STM32H562VGT6, STM32H562VIT6, STM32H562ZGT6, STM32H562ZIT6, STM32H563AGI6, STM32H563AII3Q, STM32H563AII6, STM32H563IGK6, STM32H563IGT6, STM32H563IIK3Q, STM32H563IIK6, STM32H563IIT3Q, STM32H563IIT6, STM32H563MIY3QTR, STM32H563RGT6, STM32H563RGV6, STM32H563RIT6, STM32H563RIV6, STM32H563VGT6, STM32H563VIT3Q, STM32H563VIT6, STM32H563ZGT6, STM32H563ZIT3Q, STM32H563ZIT6, STM32H573AII3Q, STM32H573AII6, STM32H573I-DK, STM32H573IIK3Q, STM32H573IIK6, STM32H573IIT3Q, STM32H573IIT6, STM32H573MIY3QTR, STM32H573RIT6, STM32H573RIV6, STM32H573VIT3Q, STM32H573VIT6, STM32H573ZIT3Q, STM32H573ZIT6, STM32H7R3A8I6, STM32H7R3I8K6, STM32H7R3I8T6, STM32H7R3L8H6, STM32H7R3L8H6H, STM32H7R3R8V6, STM32H7R3V8H6, STM32H7R3V8T6, STM32H7R3V8Y6, STM32H7R3Z8J6, STM32H7R3Z8T6, STM32H7R7A8I6, STM32H7R7I8K6, STM32H7R7I8T6, STM32H7R7L8H6, STM32H7R7L8H6H, STM32H7R7Z8J6, STM32H7S3A8I6, STM32H7S3I8K6, STM32H7S3I8T6, STM32H7S3L8H6, STM32H7S3L8H6H, STM32H7S3R8V6, STM32H7S3V8H6, STM32H7S3V8T6, STM32H7S3V8Y6, STM32H7S3Z8J6, STM32H7S3Z8T6, STM32H7S78-DK, STM32H7S7A8I6, STM32H7S7I8K6, STM32H7S7I8T6, STM32H7S7L8H6, STM32H7S7L8H6H, STM32H7S7Z8J6, STM32L4R5QGI6STR, STM32MP131AAE3, STM32MP131AAF3, STM32MP131AAG3, STM32MP131CAE3, STM32MP131CAF3, STM32MP131CAG3, STM32MP131DAE7, STM32MP131DAF7, STM32MP131DAG7, STM32MP131FAE7, STM32MP131FAF7, STM32MP131FAG7, STM32MP133AAE3, STM32MP133AAF3, STM32MP133AAG3, STM32MP133CAE3, STM32MP133CAF3, STM32MP133CAG3, STM32MP133DAE7, STM32MP133DAF7, STM32MP133DAG7, STM32MP133FAE7, STM32MP133FAF7, STM32MP133FAG7, STM32MP135AAE3, STM32MP135AAF3, STM32MP135AAG3, STM32MP135CAE3, STM32MP135CAF3, STM32MP135CAG3, STM32MP135DAE7, STM32MP135DAF7, STM32MP135DAG7, STM32MP135F-DK, STM32MP135FAE7, STM32MP135FAF7, STM32MP135FAF7T, STM32MP135FAF7U, STM32MP135FAG7, STM32U031C6T6, STM32U031C6U6, STM32U031C8T6, STM32U031C8U6, STM32U031F4P6, STM32U031F6P6, STM32U031F8P6, STM32U031G6Y6TR, STM32U031G8Y6TR, STM32U031K4U6, STM32U031K6U6, STM32U031K8U6, STM32U031R6I6, STM32U031R6T6, STM32U031R8I6, STM32U031R8T6, STM32U073C8T6, STM32U073C8U6, STM32U073CBT6, STM32U073CBU6, STM32U073CCT6, STM32U073CCU6, STM32U073H8Y6TR, STM32U073HBY6TR, STM32U073HCY6TR, STM32U073K8U6, STM32U073KBU6, STM32U073KCU6, STM32U073M8I6, STM32U073M8T6, STM32U073MBI6, STM32U073MBT6, STM32U073MCI6, STM32U073MCT6, STM32U073R8I6, STM32U073R8T6, STM32U073RBI6, STM32U073RBT6, STM32U073RCI6, STM32U073RCT6, STM32U083C-DK, STM32U083CCT6, STM32U083CCU6, STM32U083HCY6TR, STM32U083KCU6, STM32U083MCI6, STM32U083MCT6, STM32U083RCI6, STM32U083RCT6, STM32U535CBT6, STM32U535CBT6Q, STM32U535CBU6, STM32U535CBU6Q, STM32U535CCT6, STM32U535CCT6Q, STM32U535CCU6, STM32U535CCU6Q, STM32U535CET6, STM32U535CET6Q, STM32U535CEU6, STM32U535CEU6Q, STM32U535JEY6QTR, STM32U535NCY6QTR, STM32U535NEY6QTR, STM32U535RBI6, STM32U535RBI6Q, STM32U535RBT6, STM32U535RBT6Q, STM32U535RCI6, STM32U535RCI6Q, STM32U535RCT6, STM32U535RCT6Q, STM32U535REI6, STM32U535REI6Q, STM32U535RET6, STM32U535RET6Q, STM32U535VCI6, STM32U535VCI6Q, STM32U535VCT6, STM32U535VCT6Q, STM32U535VEI6, STM32U535VEI6Q, STM32U535VET6, STM32U535VET6Q, STM32U545CET6, STM32U545CET6Q, STM32U545CEU6, STM32U545CEU6Q, STM32U545JEY6QTR, STM32U545NEY6QTR, STM32U545REI6, STM32U545REI6Q, STM32U545RET6, STM32U545RET6Q, STM32U545VEI6, STM32U545VEI6Q, STM32U545VET6, STM32U545VET6Q, STM32U595AIH6, STM32U595AIH6Q, STM32U595AJH6, STM32U595AJH6Q, STM32U595QII6, STM32U595QII6Q, STM32U595QJI6, STM32U595QJI6Q, STM32U595RIT6, STM32U595RIT6Q, STM32U595RJT6, STM32U595RJT6Q, STM32U595VIT6, STM32U595VIT6Q, STM32U595VJT6, STM32U595VJT6Q, STM32U595ZIT6, STM32U595ZIT6Q, STM32U595ZIY6QTR, STM32U595ZJT6, STM32U595ZJT6Q, STM32U595ZJY6QTR, STM32U599BJY6QTR, STM32U599NIH6Q, STM32U599NJH6Q, STM32U599VIT6Q, STM32U599VJT6, STM32U599VJT6Q, STM32U599ZIT6Q, STM32U599ZIY6QTR, STM32U599ZJT6Q, STM32U599ZJY6QTR, STM32U5A5AJH6, STM32U5A5AJH6Q, STM32U5A5QII3Q , STM32U5A5QJI6, STM32U5A5QJI6Q, STM32U5A5RJT6, STM32U5A5RJT6Q, STM32U5A5VJT6, STM32U5A5VJT6Q, STM32U5A5ZJT6, STM32U5A5ZJT6Q, STM32U5A5ZJY6QTR, STM32U5A9BJY6QTR, STM32U5A9J-DK, STM32U5A9NJH6Q, STM32U5A9VJT6Q, STM32U5A9ZJT6Q, STM32U5A9ZJY6QTR, STM32U5F7VIT6, STM32U5F7VIT6Q, STM32U5F7VJT6, STM32U5F7VJT6Q, STM32U5F9BJY6QTR, STM32U5F9NJH6Q, STM32U5F9VIT6Q, STM32U5F9VJT6Q, STM32U5F9ZIJ6QTR, STM32U5F9ZIT6Q, STM32U5F9ZJJ6QTR, STM32U5F9ZJT6Q, STM32U5G7VJT6, STM32U5G7VJT6Q, STM32U5G9BJY6QTR, STM32U5G9J-DK1, STM32U5G9J-DK2, STM32U5G9NJH6Q, STM32U5G9VJT6Q, STM32U5G9ZJJ6QTR, STM32U5G9ZJT6Q, STM32WB1MMCH6, STM32WBA50KEU6, STM32WBA50KEU6TR, STM32WBA50KGU6, STM32WBA50KGU6TR, STM32WBA52CEU6, STM32WBA52CEU6TR, STM32WBA52CEU7, STM32WBA52CEU7TR, STM32WBA52CGU6, STM32WBA52CGU6TR, STM32WBA52CGU6U, STM32WBA52CGU7, STM32WBA52CGU7TR, STM32WBA52KEU6, STM32WBA52KEU6TR, STM32WBA52KGU6, STM32WBA52KGU6TR, STM32WBA54CEU6, STM32WBA54CEU6TR, STM32WBA54CEU7, STM32WBA54CEU7TR, STM32WBA54CGU6, STM32WBA54CGU6TR, STM32WBA54CGU7, STM32WBA54CGU7TR, STM32WBA54KEU6, STM32WBA54KEU6TR, STM32WBA54KEU7, STM32WBA54KEU7TR, STM32WBA54KGU6, STM32WBA54KGU6TR, STM32WBA54KGU7, STM32WBA54KGU7TR, STM32WBA55CEU6, STM32WBA55CEU6TR, STM32WBA55CEU7, STM32WBA55CEU7TR, STM32WBA55CGU6, STM32WBA55CGU6TR, STM32WBA55CGU6U, STM32WBA55CGU7, STM32WBA55CGU7TR, STM32WBA55G-DK1, STM32WBA55HEF6, STM32WBA55HEF7, STM32WBA55HGF6, STM32WBA55HGF7, STM32WBA55UEI6, STM32WBA55UEI6TR, STM32WBA55UEI7, STM32WBA55UEI7TR, STM32WBA55UGI6, STM32WBA55UGI6TR, STM32WBA55UGI7, STM32WBA55UGI7TR, STM32WL5MOCH6, STM32WL5MOCH6TR]
2026-02-22 21:49:29,944 [INFO] ApiDb:668 - CubeFinder database Data Model version=2.1
2026-02-22 21:49:29,944 [INFO] ApiDb:669 - CubeFinder database Configuration version=3.0.39
2026-02-22 21:49:29,944 [INFO] ApiDb:670 - CubeFinder database generation date=2025-12-22 (1766407740)
2026-02-22 21:49:29,944 [INFO] ApiDb:671 - CubeFinder database FW Pack versions=[FP-ATR-ASTRA1_V2.0.0, FP-SNS-FLIGHT1_V5.1.0, FP-SNS-MOTENV1_V5.1.0, FP-SNS-MOTENVWB1_V1.4.0, FP-SNS-SMARTAG2_V1.2.0, FP-SNS-STBOX1_V2.1.0, STM32Cube_FW_C0_V1.4.0, STM32Cube_FW_F4_V1.28.3, STM32Cube_FW_F7_V1.17.4, STM32Cube_FW_G0_V1.6.2, STM32Cube_FW_G4_V1.6.1, STM32Cube_FW_H5_V1.5.1, STM32Cube_FW_H7RS_V1.3.0, STM32Cube_FW_H7_V1.12.1, STM32Cube_FW_L0_V1.12.2, STM32Cube_FW_L4_V1.18.1, STM32Cube_FW_L5_V1.6.0, STM32Cube_FW_N6_V1.3.0, STM32Cube_FW_U0_V1.3.0, STM32Cube_FW_U3_V1.2.1, STM32Cube_FW_U5_V1.8.0, STM32Cube_FW_WB0_V1.4.0, STM32Cube_FW_WBA_V1.8.0, STM32Cube_FW_WB_V1.24.0, STM32Cube_FW_WL3_V1.3.0, STM32Cube_FW_WL_V1.4.0, X-CUBE-ALGOBUILD_V1.4.0, X-CUBE-ALS_V1.0.2, X-CUBE-AZRTOS-F4_V1.1.0, X-CUBE-AZRTOS-F7_V1.1.0, X-CUBE-AZRTOS-G0_V1.1.0, X-CUBE-AZRTOS-G4_V2.0.0, X-CUBE-AZRTOS-H7RS_V1.1.0, X-CUBE-AZRTOS-H7_V3.4.0, X-CUBE-AZRTOS-L4_V2.0.0, X-CUBE-AZRTOS-L5_V2.0.0, X-CUBE-AZRTOS-WB_V2.0.0, X-CUBE-AZRTOS-WL_V2.0.0, X-CUBE-BLE1_V7.1.0, X-CUBE-BLE2_V3.3.0, X-CUBE-BLEMGR_V4.1.0, X-CUBE-EEPRMA1_V5.2.0, X-CUBE-FREERTOS_V1.3.1, X-CUBE-GNSS1_V6.0.0, X-CUBE-MEMS1_V12.0.0, X-CUBE-NFC4_V3.0.0, X-CUBE-NFC7_V2.0.0, X-CUBE-SFXS2LP1_V4.0.0, X-CUBE-ST67W61_V1.1.0, X-CUBE-SUBG2_V5.0.0, X-CUBE-TOF1_V3.4.3]
2026-02-22 21:49:31,911 [INFO] ApiDb:240 - Found 483 in-development CPN: [B-G473E-ZEST1S, B-WB1M-WPAN1, B-WL5M-SUBG1, NUCLEO-C031C6, NUCLEO-H503RB, NUCLEO-H533RE, NUCLEO-H563ZI, NUCLEO-H7S3L8, NUCLEO-U031R8, NUCLEO-U083RC, NUCLEO-U545RE-Q, NUCLEO-U5A5ZJ-Q, NUCLEO-WBA52CG, NUCLEO-WBA55CG, STEVAL-PROTEUS1, STEVAL-SMARTAG2, STEVAL-STWINBX1, STM320518-EVAL, STM32C0116-DK, STM32C011D6Y3TR, STM32C011D6Y6TR, STM32C011F4P3, STM32C011F4P6, STM32C011F4U3, STM32C011F4U6TR, STM32C011F6P3, STM32C011F6P6, STM32C011F6U3, STM32C011F6U6TR, STM32C011J4M3, STM32C011J4M6, STM32C011J6M3, STM32C011J6M6, STM32C0316-DK, STM32C031C4T3, STM32C031C4T6, STM32C031C4U3, STM32C031C4U6, STM32C031C6T3, STM32C031C6T6, STM32C031C6U3, STM32C031C6U6, STM32C031F4P3, STM32C031F4P6, STM32C031F6P3, STM32C031F6P6, STM32C031G4U3, STM32C031G4U6, STM32C031G6U3, STM32C031G6U6, STM32C031K4T3, STM32C031K4T6, STM32C031K4U3, STM32C031K4U6, STM32C031K6T3, STM32C031K6T6, STM32C031K6U3, STM32C031K6U6, STM32G071K8TXN, STM32G071K8UXN, STM32G081GBU6N, STM32G081KBT6N, STM32G081KBUXN, STM32G0B1CCT6N, STM32G0B1KCT6, STM32G0B1NEY6TR, STM32G0B1RCT6N, STM32G0C1CCT6, STM32G0C1CCT6N, STM32G0C1CCU6N, STM32G0C1CET6N, STM32G0C1CEU6N, STM32G0C1KCT6, STM32G0C1NEY6TR, STM32G0C1RCI6N, STM32G0C1RCT6N, STM32G0C1REI6N, STM32G0C1RET6N, STM32G0C1VCI6, STM32G0C1VEI6, STM32G471CCT6, STM32G471CCU6, STM32G471CET3, STM32G471CET6, STM32G471CEU3, STM32G471CEU6, STM32G471MCT6, STM32G471MET3, STM32G471MET6, STM32G471MEY6TR, STM32G471QCT6, STM32G471QET3, STM32G471RCT6, STM32G471RET3, STM32G471RET6, STM32G471VCH6, STM32G471VCI6, STM32G471VCT6, STM32G471VEH3, STM32G471VEH6, STM32G471VEI3, STM32G471VEI6, STM32G471VET3, STM32G471VET6, STM32G474CCT6, STM32H503CBT6, STM32H503CBU6, STM32H503EBY6TR, STM32H503KBU6, STM32H503RBT6, STM32H523CCT6, STM32H523CCU6, STM32H523CET6, STM32H523CEU6, STM32H523HEY6TR, STM32H523RCT6, STM32H523RET6, STM32H523VCI6, STM32H523VCT6, STM32H523VEI6, STM32H523VET6, STM32H523ZCJ6, STM32H523ZCT6, STM32H523ZEJ6, STM32H523ZET6, STM32H533CET6, STM32H533CEU6, STM32H533HEY6TR, STM32H533RET6, STM32H533VEI6, STM32H533VET6, STM32H533ZEJ6, STM32H533ZET6, STM32H562AGI6, STM32H562AII6, STM32H562IGK6, STM32H562IGT6, STM32H562IIK6, STM32H562IIT6, STM32H562RGT6, STM32H562RGV6, STM32H562RIT6, STM32H562RIV6, STM32H562VGT6, STM32H562VIT6, STM32H562ZGT6, STM32H562ZIT6, STM32H563AGI6, STM32H563AII3Q, STM32H563AII6, STM32H563IGK6, STM32H563IGT6, STM32H563IIK3Q, STM32H563IIK6, STM32H563IIT3Q, STM32H563IIT6, STM32H563MIY3QTR, STM32H563RGT6, STM32H563RGV6, STM32H563RIT6, STM32H563RIV6, STM32H563VGT6, STM32H563VIT3Q, STM32H563VIT6, STM32H563ZGT6, STM32H563ZIT3Q, STM32H563ZIT6, STM32H573AII3Q, STM32H573AII6, STM32H573I-DK, STM32H573IIK3Q, STM32H573IIK6, STM32H573IIT3Q, STM32H573IIT6, STM32H573MIY3QTR, STM32H573RIT6, STM32H573RIV6, STM32H573VIT3Q, STM32H573VIT6, STM32H573ZIT3Q, STM32H573ZIT6, STM32H7R3A8I6, STM32H7R3I8K6, STM32H7R3I8T6, STM32H7R3L8H6, STM32H7R3L8H6H, STM32H7R3R8V6, STM32H7R3V8H6, STM32H7R3V8T6, STM32H7R3V8Y6, STM32H7R3Z8J6, STM32H7R3Z8T6, STM32H7R7A8I6, STM32H7R7I8K6, STM32H7R7I8T6, STM32H7R7L8H6, STM32H7R7L8H6H, STM32H7R7Z8J6, STM32H7S3A8I6, STM32H7S3I8K6, STM32H7S3I8T6, STM32H7S3L8H6, STM32H7S3L8H6H, STM32H7S3R8V6, STM32H7S3V8H6, STM32H7S3V8T6, STM32H7S3V8Y6, STM32H7S3Z8J6, STM32H7S3Z8T6, STM32H7S78-DK, STM32H7S7A8I6, STM32H7S7I8K6, STM32H7S7I8T6, STM32H7S7L8H6, STM32H7S7L8H6H, STM32H7S7Z8J6, STM32L4R5QGI6STR, STM32MP131AAE3, STM32MP131AAF3, STM32MP131AAG3, STM32MP131CAE3, STM32MP131CAF3, STM32MP131CAG3, STM32MP131DAE7, STM32MP131DAF7, STM32MP131DAG7, STM32MP131FAE7, STM32MP131FAF7, STM32MP131FAG7, STM32MP133AAE3, STM32MP133AAF3, STM32MP133AAG3, STM32MP133CAE3, STM32MP133CAF3, STM32MP133CAG3, STM32MP133DAE7, STM32MP133DAF7, STM32MP133DAG7, STM32MP133FAE7, STM32MP133FAF7, STM32MP133FAG7, STM32MP135AAE3, STM32MP135AAF3, STM32MP135AAG3, STM32MP135CAE3, STM32MP135CAF3, STM32MP135CAG3, STM32MP135DAE7, STM32MP135DAF7, STM32MP135DAG7, STM32MP135F-DK, STM32MP135FAE7, STM32MP135FAF7, STM32MP135FAF7T, STM32MP135FAF7U, STM32MP135FAG7, STM32U031C6T6, STM32U031C6U6, STM32U031C8T6, STM32U031C8U6, STM32U031F4P6, STM32U031F6P6, STM32U031F8P6, STM32U031G6Y6TR, STM32U031G8Y6TR, STM32U031K4U6, STM32U031K6U6, STM32U031K8U6, STM32U031R6I6, STM32U031R6T6, STM32U031R8I6, STM32U031R8T6, STM32U073C8T6, STM32U073C8U6, STM32U073CBT6, STM32U073CBU6, STM32U073CCT6, STM32U073CCU6, STM32U073H8Y6TR, STM32U073HBY6TR, STM32U073HCY6TR, STM32U073K8U6, STM32U073KBU6, STM32U073KCU6, STM32U073M8I6, STM32U073M8T6, STM32U073MBI6, STM32U073MBT6, STM32U073MCI6, STM32U073MCT6, STM32U073R8I6, STM32U073R8T6, STM32U073RBI6, STM32U073RBT6, STM32U073RCI6, STM32U073RCT6, STM32U083C-DK, STM32U083CCT6, STM32U083CCU6, STM32U083HCY6TR, STM32U083KCU6, STM32U083MCI6, STM32U083MCT6, STM32U083RCI6, STM32U083RCT6, STM32U535CBT6, STM32U535CBT6Q, STM32U535CBU6, STM32U535CBU6Q, STM32U535CCT6, STM32U535CCT6Q, STM32U535CCU6, STM32U535CCU6Q, STM32U535CET6, STM32U535CET6Q, STM32U535CEU6, STM32U535CEU6Q, STM32U535JEY6QTR, STM32U535NCY6QTR, STM32U535NEY6QTR, STM32U535RBI6, STM32U535RBI6Q, STM32U535RBT6, STM32U535RBT6Q, STM32U535RCI6, STM32U535RCI6Q, STM32U535RCT6, STM32U535RCT6Q, STM32U535REI6, STM32U535REI6Q, STM32U535RET6, STM32U535RET6Q, STM32U535VCI6, STM32U535VCI6Q, STM32U535VCT6, STM32U535VCT6Q, STM32U535VEI6, STM32U535VEI6Q, STM32U535VET6, STM32U535VET6Q, STM32U545CET6, STM32U545CET6Q, STM32U545CEU6, STM32U545CEU6Q, STM32U545JEY6QTR, STM32U545NEY6QTR, STM32U545REI6, STM32U545REI6Q, STM32U545RET6, STM32U545RET6Q, STM32U545VEI6, STM32U545VEI6Q, STM32U545VET6, STM32U545VET6Q, STM32U595AIH6, STM32U595AIH6Q, STM32U595AJH6, STM32U595AJH6Q, STM32U595QII6, STM32U595QII6Q, STM32U595QJI6, STM32U595QJI6Q, STM32U595RIT6, STM32U595RIT6Q, STM32U595RJT6, STM32U595RJT6Q, STM32U595VIT6, STM32U595VIT6Q, STM32U595VJT6, STM32U595VJT6Q, STM32U595ZIT6, STM32U595ZIT6Q, STM32U595ZIY6QTR, STM32U595ZJT6, STM32U595ZJT6Q, STM32U595ZJY6QTR, STM32U599BJY6QTR, STM32U599NIH6Q, STM32U599NJH6Q, STM32U599VIT6Q, STM32U599VJT6, STM32U599VJT6Q, STM32U599ZIT6Q, STM32U599ZIY6QTR, STM32U599ZJT6Q, STM32U599ZJY6QTR, STM32U5A5AJH6, STM32U5A5AJH6Q, STM32U5A5QII3Q , STM32U5A5QJI6, STM32U5A5QJI6Q, STM32U5A5RJT6, STM32U5A5RJT6Q, STM32U5A5VJT6, STM32U5A5VJT6Q, STM32U5A5ZJT6, STM32U5A5ZJT6Q, STM32U5A5ZJY6QTR, STM32U5A9BJY6QTR, STM32U5A9J-DK, STM32U5A9NJH6Q, STM32U5A9VJT6Q, STM32U5A9ZJT6Q, STM32U5A9ZJY6QTR, STM32U5F7VIT6, STM32U5F7VIT6Q, STM32U5F7VJT6, STM32U5F7VJT6Q, STM32U5F9BJY6QTR, STM32U5F9NJH6Q, STM32U5F9VIT6Q, STM32U5F9VJT6Q, STM32U5F9ZIJ6QTR, STM32U5F9ZIT6Q, STM32U5F9ZJJ6QTR, STM32U5F9ZJT6Q, STM32U5G7VJT6, STM32U5G7VJT6Q, STM32U5G9BJY6QTR, STM32U5G9J-DK1, STM32U5G9J-DK2, STM32U5G9NJH6Q, STM32U5G9VJT6Q, STM32U5G9ZJJ6QTR, STM32U5G9ZJT6Q, STM32WB1MMCH6, STM32WBA50KEU6, STM32WBA50KEU6TR, STM32WBA50KGU6, STM32WBA50KGU6TR, STM32WBA52CEU6, STM32WBA52CEU6TR, STM32WBA52CEU7, STM32WBA52CEU7TR, STM32WBA52CGU6, STM32WBA52CGU6TR, STM32WBA52CGU6U, STM32WBA52CGU7, STM32WBA52CGU7TR, STM32WBA52KEU6, STM32WBA52KEU6TR, STM32WBA52KGU6, STM32WBA52KGU6TR, STM32WBA54CEU6, STM32WBA54CEU6TR, STM32WBA54CEU7, STM32WBA54CEU7TR, STM32WBA54CGU6, STM32WBA54CGU6TR, STM32WBA54CGU7, STM32WBA54CGU7TR, STM32WBA54KEU6, STM32WBA54KEU6TR, STM32WBA54KEU7, STM32WBA54KEU7TR, STM32WBA54KGU6, STM32WBA54KGU6TR, STM32WBA54KGU7, STM32WBA54KGU7TR, STM32WBA55CEU6, STM32WBA55CEU6TR, STM32WBA55CEU7, STM32WBA55CEU7TR, STM32WBA55CGU6, STM32WBA55CGU6TR, STM32WBA55CGU6U, STM32WBA55CGU7, STM32WBA55CGU7TR, STM32WBA55G-DK1, STM32WBA55HEF6, STM32WBA55HEF7, STM32WBA55HGF6, STM32WBA55HGF7, STM32WBA55UEI6, STM32WBA55UEI6TR, STM32WBA55UEI7, STM32WBA55UEI7TR, STM32WBA55UGI6, STM32WBA55UGI6TR, STM32WBA55UGI7, STM32WBA55UGI7TR, STM32WL5MOCH6, STM32WL5MOCH6TR]
2026-02-22 21:49:31,914 [INFO] DbMcus:218 - Found 4816 MCUs, 4816 are supported
2026-02-22 21:49:31,915 [INFO] ApiDb:423 - Load user favorites file C:\Users\USER/.stm32cubeide/favorites.mcus.txt: 0 item(s)
2026-02-22 21:49:31,916 [INFO] ApiDb:427 - User favorites MCUs=[]
2026-02-22 21:49:31,916 [INFO] DbMcus:224 - Set 0 / 0 favorites MCUs
2026-02-22 21:49:32,363 [INFO] BoardInfo:889 - No configuration file found for board B-WBA5M-WPAN
2026-02-22 21:49:32,363 [INFO] DbBoards:161 - Board is not supported: B-WBA5M-WPAN
2026-02-22 21:49:32,367 [INFO] BoardInfo:889 - No configuration file found for board NUCLEO-C051C8
2026-02-22 21:49:32,367 [INFO] DbBoards:161 - Board is not supported: NUCLEO-C051C8
2026-02-22 21:49:32,376 [INFO] BoardInfo:889 - No configuration file found for board NUCLEO-C071RB
2026-02-22 21:49:32,376 [INFO] DbBoards:161 - Board is not supported: NUCLEO-C071RB
2026-02-22 21:49:32,377 [INFO] BoardInfo:889 - No configuration file found for board NUCLEO-C092RC
2026-02-22 21:49:32,377 [INFO] DbBoards:161 - Board is not supported: NUCLEO-C092RC
2026-02-22 21:49:32,436 [INFO] BoardInfo:889 - No configuration file found for board NUCLEO-N657X0-Q
2026-02-22 21:49:32,438 [INFO] DbBoards:161 - Board is not supported: NUCLEO-N657X0-Q
2026-02-22 21:49:32,440 [INFO] BoardInfo:889 - No configuration file found for board NUCLEO-U385RG-Q
2026-02-22 21:49:32,440 [INFO] DbBoards:161 - Board is not supported: NUCLEO-U385RG-Q
2026-02-22 21:49:32,444 [INFO] BoardInfo:889 - No configuration file found for board NUCLEO-WB05KZ
2026-02-22 21:49:32,444 [INFO] DbBoards:161 - Board is not supported: NUCLEO-WB05KZ
2026-02-22 21:49:32,445 [INFO] BoardInfo:889 - No configuration file found for board NUCLEO-WB07CC
2026-02-22 21:49:32,445 [INFO] DbBoards:161 - Board is not supported: NUCLEO-WB07CC
2026-02-22 21:49:32,446 [INFO] BoardInfo:889 - No configuration file found for board NUCLEO-WB09KE
2026-02-22 21:49:32,446 [INFO] DbBoards:161 - Board is not supported: NUCLEO-WB09KE
2026-02-22 21:49:32,450 [INFO] BoardInfo:889 - No configuration file found for board NUCLEO-WBA65RI
2026-02-22 21:49:32,451 [INFO] DbBoards:161 - Board is not supported: NUCLEO-WBA65RI
2026-02-22 21:49:32,451 [INFO] BoardInfo:889 - No configuration file found for board NUCLEO-WL33CC1
2026-02-22 21:49:32,452 [INFO] DbBoards:161 - Board is not supported: NUCLEO-WL33CC1
2026-02-22 21:49:32,452 [INFO] BoardInfo:889 - No configuration file found for board NUCLEO-WL33CC2
2026-02-22 21:49:32,452 [INFO] DbBoards:161 - Board is not supported: NUCLEO-WL33CC2
2026-02-22 21:49:32,458 [INFO] BoardInfo:889 - No configuration file found for board P-NUCLEO-WB55
2026-02-22 21:49:32,458 [INFO] DbBoards:161 - Kit is not supported: P-NUCLEO-WB55
2026-02-22 21:49:32,461 [INFO] BoardInfo:889 - No configuration file found for board STEVAL-BFA001V1B
2026-02-22 21:49:32,461 [INFO] DbBoards:161 - Kit is not supported: STEVAL-BFA001V1B
2026-02-22 21:49:32,462 [INFO] BoardInfo:889 - No configuration file found for board STEVAL-BFA001V2B
2026-02-22 21:49:32,462 [INFO] DbBoards:161 - Kit is not supported: STEVAL-BFA001V2B
2026-02-22 21:49:32,553 [INFO] BoardInfo:889 - No configuration file found for board STM32MP257F-DK
2026-02-22 21:49:32,553 [INFO] DbBoards:161 - Board is not supported: STM32MP257F-DK
2026-02-22 21:49:32,553 [INFO] BoardInfo:889 - No configuration file found for board STM32MP257F-EV1
2026-02-22 21:49:32,554 [INFO] DbBoards:161 - Board is not supported: STM32MP257F-EV1
2026-02-22 21:49:32,554 [INFO] BoardInfo:889 - No configuration file found for board STM32N6570-DK
2026-02-22 21:49:32,554 [INFO] DbBoards:161 - Board is not supported: STM32N6570-DK
2026-02-22 21:49:32,563 [INFO] BoardInfo:889 - No configuration file found for board STM32WBA65I-DK1
2026-02-22 21:49:32,563 [INFO] DbBoards:161 - Board is not supported: STM32WBA65I-DK1
2026-02-22 21:49:32,563 [INFO] DbBoards:168 - Found 211 boards, 192 are supported
2026-02-22 21:49:32,563 [INFO] DbBoards:169 - Found 211 boards, 8 of them is supported for  Bsp
2026-02-22 21:49:32,569 [INFO] ApiDb:423 - Load user favorites file C:\Users\USER/.stm32cubeide/favorites.boards.txt: 0 item(s)
2026-02-22 21:49:32,570 [INFO] ApiDb:427 - User favorites Boards=[]
2026-02-22 21:49:32,570 [INFO] DbBoards:198 - Set 0 / 0 favorites Boards
2026-02-22 21:49:32,667 [INFO] UtilMem:75 - End LoadConfig() Used Memory: 837456216 Bytes (1073741824)
2026-02-22 21:49:32,876 [WARN] ThirdParty:833 - waiting for thirdparty lock release [change project]
2026-02-22 21:49:32,876 [INFO] ThirdParty:835 - entering critical section [change project]
2026-02-22 21:49:32,877 [INFO] ThirdParty:1030 - CMSIS Pack Vendor :STMicroelectronics X-CUBE-PM33A1 1.0.0
2026-02-22 21:49:32,877 [INFO] ThirdParty:1030 - CMSIS Pack Vendor :STMicroelectronics USBPD 4.1
2026-02-22 21:49:32,877 [INFO] ThirdParty:1030 - CMSIS Pack Vendor :STMicroelectronics X-CUBE-GNSS1 6.0.0
2026-02-22 21:49:32,877 [INFO] ThirdParty:1030 - CMSIS Pack Vendor :STMicroelectronics USB_HOST 2.0.0
2026-02-22 21:49:32,877 [INFO] ThirdParty:1030 - CMSIS Pack Vendor :STMicroelectronics FP-SNS-MOTENVWB1 1.4.0
2026-02-22 21:49:32,877 [INFO] ThirdParty:1030 - CMSIS Pack Vendor :STMicroelectronics X-CUBE-AZRTOS-F4 1.1.0
2026-02-22 21:49:32,877 [INFO] ThirdParty:1030 - CMSIS Pack Vendor :STMicroelectronics LIBJPEG 8.0.0
2026-02-22 21:49:32,877 [INFO] ThirdParty:1030 - CMSIS Pack Vendor :STMicroelectronics FP-ATR-ASTRA1 2.0.2
2026-02-22 21:49:32,877 [INFO] ThirdParty:1030 - CMSIS Pack Vendor :STMicroelectronics FP-ATR-ASTRA1 2.0.1
2026-02-22 21:49:32,877 [INFO] ThirdParty:1030 - CMSIS Pack Vendor :STMicroelectronics X-CUBE-SMBUS 2.1.0
2026-02-22 21:49:32,877 [INFO] ThirdParty:1030 - CMSIS Pack Vendor :STMicroelectronics X-CUBE-WB05N 1.1.0
2026-02-22 21:49:32,877 [INFO] ThirdParty:1030 - CMSIS Pack Vendor :STMicroelectronics X-CUBE-ISPU 2.1.0
2026-02-22 21:49:32,877 [INFO] ThirdParty:1030 - CMSIS Pack Vendor :STMicroelectronics X-CUBE-FREERTOS 1.2.0
2026-02-22 21:49:32,877 [INFO] ThirdParty:1030 - CMSIS Pack Vendor :STMicroelectronics X-CUBE-NFC12 1.0.0
2026-02-22 21:49:32,877 [INFO] ThirdParty:1030 - CMSIS Pack Vendor :STMicroelectronics X-CUBE-TOUCHGFX 4.23.2
2026-02-22 21:49:32,877 [INFO] ThirdParty:1030 - CMSIS Pack Vendor :STMicroelectronics X-CUBE-AZRTOS-F7 1.1.0
2026-02-22 21:49:32,877 [INFO] ThirdParty:1030 - CMSIS Pack Vendor :STMicroelectronics X-CUBE-AZRTOS-L5 2.0.0
2026-02-22 21:49:32,877 [INFO] ThirdParty:1030 - CMSIS Pack Vendor :STMicroelectronics USB_DEVICE 2.0.0
2026-02-22 21:49:32,877 [INFO] ThirdParty:1030 - CMSIS Pack Vendor :STMicroelectronics X-CUBE-NFC6 3.1.0
2026-02-22 21:49:32,877 [INFO] ThirdParty:1030 - CMSIS Pack Vendor :STMicroelectronics X-CUBE-MEMS1 11.0.0
2026-02-22 21:49:32,877 [INFO] ThirdParty:1030 - CMSIS Pack Vendor :STMicroelectronics FreeRTOS 0.0.1
2026-02-22 21:49:32,877 [INFO] ThirdParty:1030 - CMSIS Pack Vendor :STMicroelectronics X-CUBE-DPower 1.2.0
2026-02-22 21:49:32,877 [INFO] ThirdParty:1030 - CMSIS Pack Vendor :STMicroelectronics FP-SNS-FLIGHT1 5.0.2
2026-02-22 21:49:32,877 [INFO] ThirdParty:1030 - CMSIS Pack Vendor :STMicroelectronics X-CUBE-AI 9.0.0
2026-02-22 21:49:32,877 [INFO] ThirdParty:1030 - CMSIS Pack Vendor :STMicroelectronics PDM2PCM 3.3.0
2026-02-22 21:49:32,877 [INFO] ThirdParty:1030 - CMSIS Pack Vendor :STMicroelectronics X-CUBE-AZRTOS-H7 3.4.0
2026-02-22 21:49:32,877 [INFO] ThirdParty:1030 - CMSIS Pack Vendor :STMicroelectronics X-CUBE-DISPLAY 3.0.0
2026-02-22 21:49:32,877 [INFO] ThirdParty:1030 - CMSIS Pack Vendor :STMicroelectronics X-CUBE-BLE1 7.0.0
2026-02-22 21:49:32,877 [INFO] ThirdParty:1030 - CMSIS Pack Vendor :STMicroelectronics X-CUBE-NFC10 1.0.0
2026-02-22 21:49:32,877 [INFO] ThirdParty:1030 - CMSIS Pack Vendor :STMicroelectronics X-CUBE-BLEMGR 4.0.0
2026-02-22 21:49:32,877 [INFO] ThirdParty:1030 - CMSIS Pack Vendor :STMicroelectronics X-CUBE-FREERTOS 1.3.1
2026-02-22 21:49:32,877 [INFO] ThirdParty:1030 - CMSIS Pack Vendor :STMicroelectronics HAL Drivers 0.0.0
2026-02-22 21:49:32,877 [INFO] ThirdParty:1030 - CMSIS Pack Vendor :emotas I-CUBE-CANOPEN 1.3.0
2026-02-22 21:49:32,877 [INFO] ThirdParty:1030 - CMSIS Pack Vendor :STMicroelectronics X-CUBE-FREERTOS 1.3.0
2026-02-22 21:49:32,877 [INFO] ThirdParty:1030 - CMSIS Pack Vendor :STMicroelectronics X-CUBE-NFC7 1.0.1
2026-02-22 21:49:32,877 [INFO] ThirdParty:1030 - CMSIS Pack Vendor :STMicroelectronics MBEDTLS 2.14.1
2026-02-22 21:49:32,877 [INFO] ThirdParty:1030 - CMSIS Pack Vendor :STMicroelectronics X-CUBE-GNSS1 7.1.0
2026-02-22 21:49:32,877 [INFO] ThirdParty:1030 - CMSIS Pack Vendor :STMicroelectronics X-CUBE-TOUCHGFX 4.26.0
2026-02-22 21:49:32,877 [INFO] ThirdParty:1030 - CMSIS Pack Vendor :STMicroelectronics X-CUBE-BLEMGR 3.1.0
2026-02-22 21:49:32,877 [INFO] ThirdParty:1030 - CMSIS Pack Vendor :STMicroelectronics X-CUBE-AI 10.0.0
2026-02-22 21:49:32,877 [INFO] ThirdParty:1030 - CMSIS Pack Vendor :STMicroelectronics FP-SNS-SMARTAG2 1.2.0
2026-02-22 21:49:32,877 [INFO] ThirdParty:1030 - CMSIS Pack Vendor :STMicroelectronics X-CUBE-MEMS1 11.1.0
2026-02-22 21:49:32,878 [INFO] ThirdParty:1030 - CMSIS Pack Vendor :STMicroelectronics X-CUBE-AZRTOS-WL 2.0.0
2026-02-22 21:49:32,878 [INFO] ThirdParty:1030 - CMSIS Pack Vendor :STMicroelectronics X-CUBE-DPower 1.3.0
2026-02-22 21:49:32,878 [INFO] ThirdParty:1030 - CMSIS Pack Vendor :STMicroelectronics FP-SNS-MOTENV1 5.0.0
2026-02-22 21:49:32,878 [INFO] ThirdParty:1030 - CMSIS Pack Vendor :STMicroelectronics USB_DEVICE 1.0.0
2026-02-22 21:49:32,878 [INFO] ThirdParty:1030 - CMSIS Pack Vendor :STMicroelectronics X-CUBE-AZRTOS-H7RS 1.2.0
2026-02-22 21:49:32,878 [INFO] ThirdParty:1030 - CMSIS Pack Vendor :wolfSSL I-CUBE-wolfMQTT 1.19.0
2026-02-22 21:49:32,878 [INFO] ThirdParty:1030 - CMSIS Pack Vendor :STMicroelectronics X-CUBE-AZRTOS-L4 2.0.0
2026-02-22 21:49:32,878 [INFO] ThirdParty:1030 - CMSIS Pack Vendor :STMicroelectronics ThreadX 0.0.2
2026-02-22 21:49:32,878 [INFO] ThirdParty:1030 - CMSIS Pack Vendor :WES I-CUBE-Cesium 1.3.0
2026-02-22 21:49:32,878 [INFO] ThirdParty:1030 - CMSIS Pack Vendor :STMicroelectronics lwIP 2.1.2
2026-02-22 21:49:32,878 [INFO] ThirdParty:1030 - CMSIS Pack Vendor :STMicroelectronics X-CUBE-SFXS2LP1 4.0.0
2026-02-22 21:49:32,878 [INFO] ThirdParty:1030 - CMSIS Pack Vendor :STMicroelectronics X-CUBE-BLE2 3.3.0
2026-02-22 21:49:32,878 [INFO] ThirdParty:1030 - CMSIS Pack Vendor :STMicroelectronics PDM2PCM 3.2.0
2026-02-22 21:49:32,878 [INFO] ThirdParty:1030 - CMSIS Pack Vendor :STMicroelectronics X-CUBE-AZRTOS-H7 3.3.0
2026-02-22 21:49:32,878 [INFO] ThirdParty:1030 - CMSIS Pack Vendor :STMicroelectronics X-CUBE-NFC9 1.0.0
2026-02-22 21:49:32,878 [INFO] ThirdParty:1030 - CMSIS Pack Vendor :STMicroelectronics X-CUBE-BLE1 7.1.0
2026-02-22 21:49:32,878 [INFO] ThirdParty:1030 - CMSIS Pack Vendor :STMicroelectronics USB_DEVICE 3.0.0
2026-02-22 21:49:32,878 [INFO] ThirdParty:1030 - CMSIS Pack Vendor :STMicroelectronics X-CUBE-TCPP 4.1.0
2026-02-22 21:49:32,878 [INFO] ThirdParty:1030 - CMSIS Pack Vendor :STMicroelectronics X-CUBE-EEPRMA1 5.2.0
2026-02-22 21:49:32,878 [INFO] ThirdParty:1030 - CMSIS Pack Vendor :STMicroelectronics X-CUBE-IPS 3.0.0
2026-02-22 21:49:32,878 [INFO] ThirdParty:1030 - CMSIS Pack Vendor :STMicroelectronics X-CUBE-AZRTOS-WB 2.0.0
2026-02-22 21:49:32,878 [INFO] ThirdParty:1030 - CMSIS Pack Vendor :STMicroelectronics X-CUBE-GNSS1 7.0.0
2026-02-22 21:49:32,878 [INFO] ThirdParty:1030 - CMSIS Pack Vendor :STMicroelectronics X-CUBE-GNSS1 7.0.1
2026-02-22 21:49:32,878 [INFO] ThirdParty:1030 - CMSIS Pack Vendor :STMicroelectronics X-CUBE-TOUCHGFX 4.25.0
2026-02-22 21:49:32,878 [INFO] ThirdParty:1030 - CMSIS Pack Vendor :STMicroelectronics FP-SNS-STBOX1 2.0.0
2026-02-22 21:49:32,878 [INFO] ThirdParty:1030 - CMSIS Pack Vendor :STMicroelectronics X-CUBE-MEMS1 12.0.0
2026-02-22 21:49:32,878 [INFO] ThirdParty:1030 - CMSIS Pack Vendor :STMicroelectronics X-CUBE-ALGOBUILD 1.3.0
2026-02-22 21:49:32,878 [INFO] ThirdParty:1030 - CMSIS Pack Vendor :STMicroelectronics X-CUBE-STSE01 2.0.0
2026-02-22 21:49:32,878 [INFO] ThirdParty:1030 - CMSIS Pack Vendor :STMicroelectronics X-CUBE-MEMS1 11.2.0
2026-02-22 21:49:32,878 [INFO] ThirdParty:1030 - CMSIS Pack Vendor :STMicroelectronics X-CUBE-AZRTOS-G0 1.1.0
2026-02-22 21:49:32,878 [INFO] ThirdParty:1030 - CMSIS Pack Vendor :STMicroelectronics X-CUBE-SAFEA1 1.2.2
2026-02-22 21:49:32,878 [INFO] ThirdParty:1030 - CMSIS Pack Vendor :STMicroelectronics X-CUBE-NFC4 3.0.0
2026-02-22 21:49:32,878 [INFO] ThirdParty:1030 - CMSIS Pack Vendor :STMicroelectronics X-CUBE-SUBG2 5.0.0
2026-02-22 21:49:32,878 [INFO] ThirdParty:1030 - CMSIS Pack Vendor :STMicroelectronics X-CUBE-AZRTOS-H7RS 1.1.0
2026-02-22 21:49:32,878 [INFO] ThirdParty:1030 - CMSIS Pack Vendor :STMicroelectronics STM32_WPAN 1.0.0
2026-02-22 21:49:32,878 [INFO] ThirdParty:1030 - CMSIS Pack Vendor :EmbeddedOffice I-CUBE-FS-RTOS 1.0.1
2026-02-22 21:49:32,878 [INFO] ThirdParty:1030 - CMSIS Pack Vendor :STMicroelectronics lwIP 2.0.3
2026-02-22 21:49:32,878 [INFO] ThirdParty:1030 - CMSIS Pack Vendor :Cesanta I-CUBE-Mongoose 7.13.0
2026-02-22 21:49:32,878 [INFO] ThirdParty:1030 - CMSIS Pack Vendor :STMicroelectronics USB_HOST 1.0.0
2026-02-22 21:49:32,878 [INFO] ThirdParty:1030 - CMSIS Pack Vendor :STMicroelectronics X-CUBE-AZRTOS-G4 2.0.0
2026-02-22 21:49:32,878 [INFO] ThirdParty:1030 - CMSIS Pack Vendor :STMicroelectronics X-CUBE-WB05N 2.0.0
2026-02-22 21:49:32,878 [INFO] ThirdParty:1030 - CMSIS Pack Vendor :STMicroelectronics PDM2PCM 3.1.0
2026-02-22 21:49:32,878 [INFO] ThirdParty:1030 - CMSIS Pack Vendor :STMicroelectronics X-CUBE-NFC7 2.0.0
2026-02-22 21:49:32,878 [INFO] ThirdParty:1030 - CMSIS Pack Vendor :RealThread X-CUBE-RT-Thread_Nano 4.1.1
2026-02-22 21:49:32,878 [INFO] ThirdParty:1030 - CMSIS Pack Vendor :wolfSSL I-CUBE-wolfSSL 5.7.0
2026-02-22 21:49:32,878 [INFO] ThirdParty:1030 - CMSIS Pack Vendor :STMicroelectronics FP-ATR-SIGFOX1 3.2.0
2026-02-22 21:49:32,878 [INFO] ThirdParty:1030 - CMSIS Pack Vendor :quantropi X-CUBE-qispace-sdk-base 1.9.3
2026-02-22 21:49:32,878 [INFO] ThirdParty:1030 - CMSIS Pack Vendor :STMicroelectronics X-CUBE-ISPU 2.0.0
2026-02-22 21:49:32,878 [INFO] ThirdParty:1030 - CMSIS Pack Vendor :STMicroelectronics X-CUBE-EEPRMA1 5.1.0
2026-02-22 21:49:32,878 [INFO] ThirdParty:1030 - CMSIS Pack Vendor :STMicroelectronics MBEDTLS 2.16.2
2026-02-22 21:49:32,878 [INFO] ThirdParty:1030 - CMSIS Pack Vendor :STMicroelectronics X-CUBE-ALS 1.0.2
2026-02-22 21:49:32,878 [INFO] ThirdParty:1030 - CMSIS Pack Vendor :STMicroelectronics X-CUBE-MEMS1 10.0.0
2026-02-22 21:49:32,878 [INFO] ThirdParty:1030 - CMSIS Pack Vendor :STMicroelectronics X-CUBE-FREERTOS 1.1.0
2026-02-22 21:49:32,878 [INFO] ThirdParty:1030 - CMSIS Pack Vendor :ITTIA_DB I-CUBE-ITTIADB 8.9.0
2026-02-22 21:49:32,878 [INFO] ThirdParty:1030 - CMSIS Pack Vendor :STMicroelectronics X-CUBE-TOUCHGFX 4.24.2
2026-02-22 21:49:32,878 [INFO] ThirdParty:1030 - CMSIS Pack Vendor :STMicroelectronics X-CUBE-TOUCHGFX 4.24.1
2026-02-22 21:49:32,878 [INFO] ThirdParty:1030 - CMSIS Pack Vendor :STMicroelectronics X-CUBE-STSE01 1.0.0
2026-02-22 21:49:32,879 [INFO] ThirdParty:1030 - CMSIS Pack Vendor :wolfSSL I-CUBE-wolfTPM 3.4.0
2026-02-22 21:49:32,879 [INFO] ThirdParty:1030 - CMSIS Pack Vendor :portGmbH I-Cube-SoM-uGOAL 1.1.0
2026-02-22 21:49:32,879 [INFO] ThirdParty:1030 - CMSIS Pack Vendor :STMicroelectronics X-CUBE-ALS 1.0.1
2026-02-22 21:49:32,879 [INFO] ThirdParty:1030 - CMSIS Pack Vendor :STMicroelectronics X-CUBE-NFC6 3.2.0
2026-02-22 21:49:32,879 [INFO] ThirdParty:1030 - CMSIS Pack Vendor :STMicroelectronics X-CUBE-AI 10.2.0
2026-02-22 21:49:32,879 [INFO] ThirdParty:1030 - CMSIS Pack Vendor :STMicroelectronics ThreadX 1.0.0
2026-02-22 21:49:32,879 [INFO] ThirdParty:1030 - CMSIS Pack Vendor :SEGGER I-CUBE-embOS 1.3.1
2026-02-22 21:49:32,879 [INFO] ThirdParty:1030 - CMSIS Pack Vendor :STMicroelectronics X-CUBE-ALGOBUILD 1.4.0
2026-02-22 21:49:32,879 [INFO] ThirdParty:1030 - CMSIS Pack Vendor :STMicroelectronics X-CUBE-AZRTOS-H7RS 1.0.0
2026-02-22 21:49:32,879 [INFO] ThirdParty:1030 - CMSIS Pack Vendor :STMicroelectronics FP-ATR-ASTRA1 2.0.0
2026-02-22 21:49:32,879 [INFO] ThirdParty:1030 - CMSIS Pack Vendor :STMicroelectronics X-CUBE-TOF1 3.4.2
2026-02-22 21:49:32,879 [INFO] ThirdParty:1030 - CMSIS Pack Vendor :STMicroelectronics X-CUBE-AI 9.1.0
2026-02-22 21:49:32,879 [INFO] ThirdParty:1030 - CMSIS Pack Vendor :STMicroelectronics X-CUBE-TOF1 3.4.1
2026-02-22 21:49:32,879 [INFO] ThirdParty:1030 - CMSIS Pack Vendor :STMicroelectronics X-CUBE-AZRTOS-H7 3.2.0
2026-02-22 21:49:32,879 [INFO] ThirdParty:1030 - CMSIS Pack Vendor :Infineon AIROC-Wi-Fi-Bluetooth-STM32 1.6.0
2026-02-22 21:49:32,879 [INFO] ThirdParty:1030 - CMSIS Pack Vendor :wolfSSL I-CUBE-wolfSSH 1.4.17
2026-02-22 21:49:32,879 [INFO] ThirdParty:841 - exiting critical section [change project]
2026-02-22 21:49:33,062 [INFO] PinOutPanel:1561 - setPackage(No Configuration,No Configuration)
2026-02-22 21:49:33,063 [INFO] PinOutPanel:1561 - setPackage(STM32F411CEUx,UFQFPN48)
2026-02-22 21:49:33,776 [INFO] UtilMem:75 - Before build in PCC Used Memory: 747694648 Bytes (1073741824)
2026-02-22 21:49:35,289 [INFO] UtilMem:75 - After build in PCC Used Memory: 843310832 Bytes (1073741824)
2026-02-22 21:49:35,316 [INFO] IPUIPlugin:80 - create IPUIPlugin
2026-02-22 21:49:35,317 [INFO] IPUIPlugin:80 - create IPUIPlugin
2026-02-22 21:49:35,317 [INFO] IPUIPlugin:80 - create IPUIPlugin
2026-02-22 21:49:35,317 [INFO] IPUIPlugin:80 - create IPUIPlugin
2026-02-22 21:49:35,317 [INFO] IPUIPlugin:80 - create IPUIPlugin
2026-02-22 21:49:35,317 [INFO] IPUIPlugin:80 - create IPUIPlugin
2026-02-22 21:49:35,317 [INFO] IPUIPlugin:80 - create IPUIPlugin
2026-02-22 21:49:35,317 [INFO] IPUIPlugin:80 - create IPUIPlugin
2026-02-22 21:49:35,317 [INFO] IPUIPlugin:80 - create IPUIPlugin
2026-02-22 21:49:35,317 [INFO] IPUIPlugin:80 - create IPUIPlugin
2026-02-22 21:49:35,317 [INFO] IPUIPlugin:80 - create IPUIPlugin
2026-02-22 21:49:35,318 [INFO] IPUIPlugin:80 - create IPUIPlugin
2026-02-22 21:49:35,318 [INFO] IPUIPlugin:80 - create IPUIPlugin
2026-02-22 21:49:35,318 [INFO] IPUIPlugin:80 - create IPUIPlugin
2026-02-22 21:49:35,318 [INFO] IPUIPlugin:80 - create IPUIPlugin
2026-02-22 21:49:35,319 [INFO] IPUIPlugin:80 - create IPUIPlugin
2026-02-22 21:49:35,319 [INFO] IPUIPlugin:80 - create IPUIPlugin
2026-02-22 21:49:35,319 [INFO] IPUIPlugin:80 - create IPUIPlugin
2026-02-22 21:49:35,319 [INFO] IPUIPlugin:80 - create IPUIPlugin
2026-02-22 21:49:35,319 [INFO] IPUIPlugin:80 - create IPUIPlugin
2026-02-22 21:49:35,320 [INFO] IPUIPlugin:80 - create IPUIPlugin
2026-02-22 21:49:35,320 [INFO] IPUIPlugin:80 - create IPUIPlugin
2026-02-22 21:49:35,320 [INFO] IPUIPlugin:80 - create IPUIPlugin
2026-02-22 21:49:35,320 [INFO] IPUIPlugin:80 - create IPUIPlugin
2026-02-22 21:49:35,320 [INFO] IPUIPlugin:80 - create IPUIPlugin
2026-02-22 21:49:35,321 [INFO] IPUIPlugin:80 - create IPUIPlugin
2026-02-22 21:49:35,321 [INFO] IPUIPlugin:80 - create IPUIPlugin
2026-02-22 21:49:35,321 [INFO] IPUIPlugin:80 - create IPUIPlugin
2026-02-22 21:49:35,321 [INFO] IPUIPlugin:80 - create IPUIPlugin
2026-02-22 21:49:35,322 [INFO] IPUIPlugin:80 - create IPUIPlugin
2026-02-22 21:49:35,322 [INFO] IPUIPlugin:80 - create IPUIPlugin
2026-02-22 21:49:35,322 [INFO] IPUIPlugin:80 - create IPUIPlugin
2026-02-22 21:49:35,323 [INFO] IPUIPlugin:80 - create IPUIPlugin
2026-02-22 21:49:35,323 [INFO] IPUIPlugin:80 - create IPUIPlugin
2026-02-22 21:49:35,324 [INFO] IPUIPlugin:80 - create IPUIPlugin
2026-02-22 21:49:35,324 [INFO] IPUIPlugin:80 - create IPUIPlugin
2026-02-22 21:49:35,324 [INFO] IPUIPlugin:80 - create IPUIPlugin
2026-02-22 21:49:35,324 [INFO] IPUIPlugin:80 - create IPUIPlugin
2026-02-22 21:49:35,325 [INFO] IPUIPlugin:80 - create IPUIPlugin
2026-02-22 21:49:35,325 [INFO] IPUIPlugin:80 - create IPUIPlugin
2026-02-22 21:49:35,325 [INFO] IPUIPlugin:80 - create IPUIPlugin
2026-02-22 21:49:35,325 [INFO] IPUIPlugin:80 - create IPUIPlugin
2026-02-22 21:49:35,325 [INFO] IPUIPlugin:80 - create IPUIPlugin
2026-02-22 21:49:35,326 [INFO] IPUIPlugin:80 - create IPUIPlugin
2026-02-22 21:49:35,437 [INFO] ApiDbMcu:508 - Load IP Config File for PDM2PCM
2026-02-22 21:49:35,846 [INFO] CADModel:165 - CPN selected for project levelSTM32F411CEU6
2026-02-22 21:49:35,846 [INFO] CADModel:114 - Register for checkConnection events
2026-02-22 21:49:35,900 [INFO] OpenFileManager:343 - Restore cursor
2026-02-22 21:49:36,274 [WARN] IP:2120 - tgfx_framebuffer_stride_value_custom not found: check if there is a RefParameter without a condition.
2026-02-22 21:49:36,277 [WARN] IP:2120 - tgfx_framebuffer_stride_value_custom not found: check if there is a RefParameter without a condition.
2026-02-22 21:49:46,952 [INFO] NvicIntPanel:101 - NVIC parent = com.st.microxplorer.plugins.ip.nvic.MultiNvicIntPanel[,0,0,0x0,invalid,layout=javax.swing.BoxLayout,alignmentX=0.0,alignmentY=0.0,border=,flags=9,maximumSize=,minimumSize=,preferredSize=]
2026-02-22 21:49:47,085 [INFO] NvicIntPanel:101 - NVIC parent = com.st.microxplorer.plugins.ip.nvic.MultiNvicIntPanel[,0,0,0x0,invalid,layout=javax.swing.BoxLayout,alignmentX=0.0,alignmentY=0.0,border=,flags=9,maximumSize=,minimumSize=,preferredSize=]
2026-02-22 21:51:23,357 [INFO] UtilMem:75 - End SaveConfig() Used Memory: 767067184 Bytes (1073741824)
2026-02-22 21:51:25,574 [INFO] UtilMem:75 - End SaveConfig() Used Memory: 817182224 Bytes (1073741824)
2026-02-22 21:51:26,182 [INFO] BlockDiagram:2759 - set Specific Code input for plugin: SPI
2026-02-22 21:51:26,183 [INFO] BlockDiagram:2759 - set Specific Code input for plugin: SPI
2026-02-22 21:51:26,183 [INFO] BlockDiagram:2759 - set Specific Code input for plugin: NVIC
2026-02-22 21:51:26,183 [INFO] BlockDiagram:2759 - set Specific Code input for plugin: DMA
2026-02-22 21:51:26,183 [INFO] BlockDiagram:2759 - set Specific Code input for plugin: STMicroelectronics.X-CUBE-TOUCHGFX.4.26.0
2026-02-22 21:51:26,183 [INFO] BlockDiagram:2759 - set Specific Code input for plugin: TIM1_8
2026-02-22 21:51:26,183 [INFO] BlockDiagram:2759 - set Specific Code input for plugin: SYS
2026-02-22 21:51:26,183 [INFO] BlockDiagram:2759 - set Specific Code input for plugin: GPIO
2026-02-22 21:51:26,183 [INFO] BlockDiagram:2759 - set Specific Code input for plugin: RCC
2026-02-22 21:51:26,183 [INFO] BlockDiagram:2759 - set Specific Code input for plugin: CRC
2026-02-22 21:51:26,192 [WARN] IP:2120 - tgfx_framebuffer_stride_value_custom not found: check if there is a RefParameter without a condition.
2026-02-22 21:51:26,201 [INFO] CodeGenerator:807 - code generatio: config db path: D:\Documentos\Electronica\Nueva carpeta\STM32CubeIDE_1.15.0\STM32CubeIDE\plugins\com.st.stm32cube.common.mx_6.11.0.202403141607\\db\
2026-02-22 21:51:26,254 [WARN] IP:2120 - tgfx_framebuffer_stride_value_custom not found: check if there is a RefParameter without a condition.
2026-02-22 21:51:26,424 [INFO] IP:3348 - RTE Config file name : RTE_Component
2026-02-22 21:51:26,424 [INFO] IP:3366 - RTE template : RTE_Components.ftl
2026-02-22 21:51:26,618 [INFO] CodeEngine:255 - oldGeneratedFile, C:\git\VehiculoTT\HMITT\MXTmpFiles\license.tmp_save
2026-02-22 21:51:27,178 [INFO] CodeEngine:279 - Generated code: C:\git\VehiculoTT\HMITT\MXTmpFiles\license.tmp
2026-02-22 21:51:27,433 [INFO] CodeEngine:255 - oldGeneratedFile, C:\git\VehiculoTT\HMITT\MXTmpFiles\gpio.tmp_save
2026-02-22 21:51:27,688 [INFO] CodeEngine:279 - Generated code: C:\git\VehiculoTT\HMITT\MXTmpFiles\gpio.tmp
2026-02-22 21:51:28,286 [INFO] Middleware:1439 - No code input for Bsp Dependency
2026-02-22 21:51:28,286 [INFO] IP:3348 - RTE Config file name : RTE_Component
2026-02-22 21:51:28,290 [INFO] IP:3366 - RTE template : RTE_Components.ftl
2026-02-22 21:51:28,372 [INFO] CodeEngine:255 - oldGeneratedFile, C:\git\VehiculoTT\HMITT\MXTmpFiles\SCB_CleanInvalidateDCache.tmp_save
2026-02-22 21:51:28,486 [INFO] CodeEngine:279 - Generated code: C:\git\VehiculoTT\HMITT\MXTmpFiles\SCB_CleanInvalidateDCache.tmp
2026-02-22 21:51:28,525 [INFO] CodeEngine:255 - oldGeneratedFile, C:\git\VehiculoTT\HMITT\MXTmpFiles\SCB_InvalidateDCache.tmp_save
2026-02-22 21:51:28,634 [INFO] CodeEngine:279 - Generated code: C:\git\VehiculoTT\HMITT\MXTmpFiles\SCB_InvalidateDCache.tmp
2026-02-22 21:51:28,661 [INFO] CodeEngine:255 - oldGeneratedFile, C:\git\VehiculoTT\HMITT\MXTmpFiles\touchgfx_license.tmp_save
2026-02-22 21:51:28,768 [INFO] CodeEngine:279 - Generated code: C:\git\VehiculoTT\HMITT\MXTmpFiles\touchgfx_license.tmp
2026-02-22 21:51:28,791 [INFO] CodeEngine:255 - oldGeneratedFile, C:\git\VehiculoTT\HMITT\MXTmpFiles\touchgfx_gen_license.tmp_save
2026-02-22 21:51:28,886 [INFO] CodeEngine:279 - Generated code: C:\git\VehiculoTT\HMITT\MXTmpFiles\touchgfx_gen_license.tmp
2026-02-22 21:51:28,909 [INFO] CodeEngine:255 - oldGeneratedFile, C:\git\VehiculoTT\HMITT\MXTmpFiles\oswrappers_noos.tmp_save
2026-02-22 21:51:29,010 [INFO] CodeEngine:279 - Generated code: C:\git\VehiculoTT\HMITT\MXTmpFiles\oswrappers_noos.tmp
2026-02-22 21:51:29,073 [INFO] CodeEngine:255 - oldGeneratedFile, C:\git\VehiculoTT\HMITT\MXTmpFiles\dma.tmp_save
2026-02-22 21:51:29,162 [INFO] CodeEngine:279 - Generated code: C:\git\VehiculoTT\HMITT\MXTmpFiles\dma.tmp
2026-02-22 21:51:29,179 [INFO] CodeEngine:255 - oldGeneratedFile, C:\git\VehiculoTT\HMITT\MXTmpFiles\dma_GV.tmp_save
2026-02-22 21:51:29,246 [INFO] CodeEngine:279 - Generated code: C:\git\VehiculoTT\HMITT\MXTmpFiles\dma_GV.tmp
2026-02-22 21:51:29,258 [INFO] Middleware:1439 - No code input for Bsp Dependency
2026-02-22 21:51:29,259 [INFO] IP:3348 - RTE Config file name : RTE_Component
2026-02-22 21:51:29,259 [INFO] IP:3366 - RTE template : RTE_Components.ftl
2026-02-22 21:51:29,275 [INFO] CodeEngine:255 - oldGeneratedFile, C:\git\VehiculoTT\HMITT\MXTmpFiles\SCB_CleanInvalidateDCache.tmp_save
2026-02-22 21:51:29,356 [INFO] CodeEngine:279 - Generated code: C:\git\VehiculoTT\HMITT\MXTmpFiles\SCB_CleanInvalidateDCache.tmp
2026-02-22 21:51:29,368 [INFO] CodeEngine:255 - oldGeneratedFile, C:\git\VehiculoTT\HMITT\MXTmpFiles\SCB_InvalidateDCache.tmp_save
2026-02-22 21:51:29,434 [INFO] CodeEngine:279 - Generated code: C:\git\VehiculoTT\HMITT\MXTmpFiles\SCB_InvalidateDCache.tmp
2026-02-22 21:51:29,446 [INFO] CodeEngine:255 - oldGeneratedFile, C:\git\VehiculoTT\HMITT\MXTmpFiles\touchgfx_license.tmp_save
2026-02-22 21:51:29,518 [INFO] CodeEngine:279 - Generated code: C:\git\VehiculoTT\HMITT\MXTmpFiles\touchgfx_license.tmp
2026-02-22 21:51:29,531 [INFO] CodeEngine:255 - oldGeneratedFile, C:\git\VehiculoTT\HMITT\MXTmpFiles\touchgfx_gen_license.tmp_save
2026-02-22 21:51:29,599 [INFO] CodeEngine:279 - Generated code: C:\git\VehiculoTT\HMITT\MXTmpFiles\touchgfx_gen_license.tmp
2026-02-22 21:51:29,611 [INFO] CodeEngine:255 - oldGeneratedFile, C:\git\VehiculoTT\HMITT\MXTmpFiles\oswrappers_noos.tmp_save
2026-02-22 21:51:29,728 [INFO] CodeEngine:279 - Generated code: C:\git\VehiculoTT\HMITT\MXTmpFiles\oswrappers_noos.tmp
2026-02-22 21:51:29,774 [INFO] CodeEngine:255 - oldGeneratedFile, C:\git\VehiculoTT\HMITT\TouchGFX\App\app_touchgfx.h_save
2026-02-22 21:51:29,867 [INFO] CodeEngine:279 - Generated code: C:\git\VehiculoTT\HMITT\TouchGFX\App\app_touchgfx.h
2026-02-22 21:51:29,903 [INFO] CodeEngine:255 - oldGeneratedFile, C:\git\VehiculoTT\HMITT\TouchGFX\ApplicationTemplate.touchgfx.part_save
2026-02-22 21:51:30,019 [INFO] CodeEngine:279 - Generated code: C:\git\VehiculoTT\HMITT\TouchGFX\ApplicationTemplate.touchgfx.part
2026-02-22 21:51:30,069 [INFO] CodeEngine:255 - oldGeneratedFile, C:\git\VehiculoTT\HMITT\TouchGFX\target\generated\TouchGFXConfiguration.cpp_save
2026-02-22 21:51:30,195 [INFO] CodeEngine:279 - Generated code: C:\git\VehiculoTT\HMITT\TouchGFX\target\generated\TouchGFXConfiguration.cpp
2026-02-22 21:51:30,248 [INFO] CodeEngine:255 - oldGeneratedFile, C:\git\VehiculoTT\HMITT\TouchGFX\target\generated\TouchGFXGeneratedHAL.hpp_save
2026-02-22 21:51:30,345 [INFO] CodeEngine:279 - Generated code: C:\git\VehiculoTT\HMITT\TouchGFX\target\generated\TouchGFXGeneratedHAL.hpp
2026-02-22 21:51:30,378 [INFO] CodeEngine:255 - oldGeneratedFile, C:\git\VehiculoTT\HMITT\TouchGFX\target\generated\TouchGFXGeneratedHAL.cpp_save
2026-02-22 21:51:30,508 [INFO] CodeEngine:279 - Generated code: C:\git\VehiculoTT\HMITT\TouchGFX\target\generated\TouchGFXGeneratedHAL.cpp
2026-02-22 21:51:30,561 [INFO] CodeEngine:255 - oldGeneratedFile, C:\git\VehiculoTT\HMITT\TouchGFX\target\TouchGFXHAL.hpp_save
2026-02-22 21:51:30,678 [INFO] CodeEngine:279 - Generated code: C:\git\VehiculoTT\HMITT\TouchGFX\target\TouchGFXHAL.hpp
2026-02-22 21:51:30,715 [INFO] CodeEngine:255 - oldGeneratedFile, C:\git\VehiculoTT\HMITT\TouchGFX\target\TouchGFXHAL.cpp_save
2026-02-22 21:51:30,836 [INFO] CodeEngine:279 - Generated code: C:\git\VehiculoTT\HMITT\TouchGFX\target\TouchGFXHAL.cpp
2026-02-22 21:51:30,869 [INFO] CodeEngine:255 - oldGeneratedFile, C:\git\VehiculoTT\HMITT\TouchGFX\target\STM32TouchController.hpp_save
2026-02-22 21:51:30,962 [INFO] CodeEngine:279 - Generated code: C:\git\VehiculoTT\HMITT\TouchGFX\target\STM32TouchController.hpp
2026-02-22 21:51:30,996 [INFO] CodeEngine:255 - oldGeneratedFile, C:\git\VehiculoTT\HMITT\TouchGFX\target\STM32TouchController.cpp_save
2026-02-22 21:51:31,076 [INFO] CodeEngine:279 - Generated code: C:\git\VehiculoTT\HMITT\TouchGFX\target\STM32TouchController.cpp
2026-02-22 21:51:31,110 [INFO] CodeEngine:255 - oldGeneratedFile, C:\git\VehiculoTT\HMITT\TouchGFX\target\generated\STM32DMA.hpp_save
2026-02-22 21:51:31,191 [INFO] CodeEngine:279 - Generated code: C:\git\VehiculoTT\HMITT\TouchGFX\target\generated\STM32DMA.hpp
2026-02-22 21:51:31,226 [INFO] CodeEngine:255 - oldGeneratedFile, C:\git\VehiculoTT\HMITT\TouchGFX\target\generated\STM32DMA.cpp_save
2026-02-22 21:51:31,311 [INFO] CodeEngine:279 - Generated code: C:\git\VehiculoTT\HMITT\TouchGFX\target\generated\STM32DMA.cpp
2026-02-22 21:51:31,341 [INFO] CodeEngine:255 - oldGeneratedFile, C:\git\VehiculoTT\HMITT\TouchGFX\target\generated\OSWrappers.cpp_save
2026-02-22 21:51:31,445 [INFO] CodeEngine:279 - Generated code: C:\git\VehiculoTT\HMITT\TouchGFX\target\generated\OSWrappers.cpp
2026-02-22 21:51:31,477 [INFO] CodeEngine:255 - oldGeneratedFile, C:\git\VehiculoTT\HMITT\TouchGFX\target\TouchGFXGPIO.cpp_save
2026-02-22 21:51:31,565 [INFO] CodeEngine:279 - Generated code: C:\git\VehiculoTT\HMITT\TouchGFX\target\TouchGFXGPIO.cpp
2026-02-22 21:51:31,608 [INFO] CodeEngine:255 - oldGeneratedFile, C:\git\VehiculoTT\HMITT\TouchGFX\App\app_touchgfx.c_save
2026-02-22 21:51:31,703 [INFO] CodeEngine:279 - Generated code: C:\git\VehiculoTT\HMITT\TouchGFX\App\app_touchgfx.c
2026-02-22 21:51:31,782 [INFO] CodeEngine:255 - oldGeneratedFile, C:\git\VehiculoTT\HMITT\Core\Src\stm32f4xx_it.c_save
2026-02-22 21:51:31,918 [INFO] CodeEngine:279 - Generated code: C:\git\VehiculoTT\HMITT\Core\Src\stm32f4xx_it.c
2026-02-22 21:51:31,984 [INFO] CodeEngine:255 - oldGeneratedFile, C:\git\VehiculoTT\HMITT\Core\Inc\stm32f4xx_it.h_save
2026-02-22 21:51:32,137 [INFO] CodeEngine:279 - Generated code: C:\git\VehiculoTT\HMITT\Core\Inc\stm32f4xx_it.h
2026-02-22 21:51:32,143 [INFO] IP:3348 - RTE Config file name : RTE_Component
2026-02-22 21:51:32,143 [INFO] IP:3366 - RTE template : RTE_Components.ftl
2026-02-22 21:51:32,143 [INFO] CodeGenerator:2119 - Add RTE Code Input 
2026-02-22 21:51:32,251 [INFO] CodeEngine:255 - oldGeneratedFile, C:\git\VehiculoTT\HMITT\Core\Inc\RTE_Components.h_save
2026-02-22 21:51:32,347 [INFO] CodeEngine:279 - Generated code: C:\git\VehiculoTT\HMITT\Core\Inc\RTE_Components.h
2026-02-22 21:51:32,407 [INFO] CodeEngine:255 - oldGeneratedFile, C:\git\VehiculoTT\HMITT\Core\Src\stm32f4xx_hal_msp.c_save
2026-02-22 21:51:32,551 [INFO] CodeEngine:279 - Generated code: C:\git\VehiculoTT\HMITT\Core\Src\stm32f4xx_hal_msp.c
2026-02-22 21:51:32,572 [INFO] CodeEngine:255 - oldGeneratedFile, C:\git\VehiculoTT\HMITT\MXTmpFiles\system.tmp_save
2026-02-22 21:51:32,656 [INFO] CodeEngine:279 - Generated code: C:\git\VehiculoTT\HMITT\MXTmpFiles\system.tmp
2026-02-22 21:51:32,723 [INFO] CodeEngine:311 - oldGeneratedFile, C:\git\VehiculoTT\HMITT\Core\Inc\stm32f4xx_hal_conf.h_save
2026-02-22 21:51:32,833 [INFO] CodeEngine:335 - Generated code: C:\git\VehiculoTT\HMITT\Core\Inc\stm32f4xx_hal_conf.h
2026-02-22 21:51:32,881 [WARN] IPConfigManager:3513 - IP not found : TIM
2026-02-22 21:51:32,882 [WARN] CodeGenerator:3951 - IP not found : null
2026-02-22 21:51:32,923 [INFO] CodeEngine:255 - oldGeneratedFile, C:\git\VehiculoTT\HMITT\Core\Inc\main.h_save
2026-02-22 21:51:33,040 [INFO] CodeEngine:279 - Generated code: C:\git\VehiculoTT\HMITT\Core\Inc\main.h
2026-02-22 21:51:33,099 [INFO] CodeEngine:255 - oldGeneratedFile, C:\git\VehiculoTT\HMITT\Core\Src\main.c_save
2026-02-22 21:51:33,385 [INFO] CodeEngine:279 - Generated code: C:\git\VehiculoTT\HMITT\Core\Src\main.c
2026-02-22 21:51:34,423 [INFO] ProjectBuilder:3163 - Time for Copy HAL[1] : 643mS.
2026-02-22 21:51:34,423 [ERROR] Middleware:2969 - Invalid RefComponent liste
2026-02-22 21:51:34,423 [ERROR] Middleware:2969 - Invalid RefComponent liste
2026-02-22 21:51:34,423 [ERROR] Middleware:2969 - Invalid RefComponent liste
2026-02-22 21:51:34,423 [ERROR] Middleware:2969 - Invalid RefComponent liste
2026-02-22 21:51:34,423 [ERROR] Middleware:2969 - Invalid RefComponent liste
2026-02-22 21:51:34,423 [ERROR] Middleware:2969 - Invalid RefComponent liste
2026-02-22 21:51:34,423 [ERROR] Middleware:2969 - Invalid RefComponent liste
2026-02-22 21:51:34,423 [ERROR] Middleware:2969 - Invalid RefComponent liste
2026-02-22 21:51:34,424 [ERROR] Middleware:2969 - Invalid RefComponent liste
2026-02-22 21:51:34,424 [ERROR] Middleware:2969 - Invalid RefComponent liste
2026-02-22 21:51:34,424 [ERROR] Middleware:2969 - Invalid RefComponent liste
2026-02-22 21:51:34,424 [ERROR] Middleware:2969 - Invalid RefComponent liste
2026-02-22 21:51:34,424 [ERROR] Middleware:2969 - Invalid RefComponent liste
2026-02-22 21:51:34,424 [ERROR] Middleware:2969 - Invalid RefComponent liste
2026-02-22 21:51:34,424 [ERROR] Middleware:2969 - Invalid RefComponent liste
2026-02-22 21:51:34,424 [ERROR] Middleware:2969 - Invalid RefComponent liste
2026-02-22 21:51:34,424 [ERROR] Middleware:2969 - Invalid RefComponent liste
2026-02-22 21:51:34,424 [ERROR] Middleware:2969 - Invalid RefComponent liste
2026-02-22 21:51:34,424 [ERROR] Middleware:2969 - Invalid RefComponent liste
2026-02-22 21:51:34,424 [ERROR] Middleware:2969 - Invalid RefComponent liste
2026-02-22 21:51:34,424 [ERROR] Middleware:2969 - Invalid RefComponent liste
2026-02-22 21:51:34,424 [ERROR] Middleware:2969 - Invalid RefComponent liste
2026-02-22 21:51:34,424 [ERROR] Middleware:2969 - Invalid RefComponent liste
2026-02-22 21:51:34,424 [ERROR] Middleware:2969 - Invalid RefComponent liste
2026-02-22 21:51:34,424 [ERROR] Middleware:2969 - Invalid RefComponent liste
2026-02-22 21:51:34,424 [ERROR] Middleware:2969 - Invalid RefComponent liste
2026-02-22 21:51:34,424 [ERROR] Middleware:2969 - Invalid RefComponent liste
2026-02-22 21:51:34,424 [ERROR] Middleware:2969 - Invalid RefComponent liste
2026-02-22 21:51:34,424 [ERROR] Middleware:2969 - Invalid RefComponent liste
2026-02-22 21:51:34,424 [ERROR] Middleware:2969 - Invalid RefComponent liste
2026-02-22 21:51:34,425 [ERROR] Middleware:2969 - Invalid RefComponent liste
2026-02-22 21:51:34,425 [ERROR] Middleware:2969 - Invalid RefComponent liste
2026-02-22 21:51:34,425 [ERROR] Middleware:2969 - Invalid RefComponent liste
2026-02-22 21:51:34,425 [ERROR] Middleware:2969 - Invalid RefComponent liste
2026-02-22 21:51:34,425 [ERROR] Middleware:2969 - Invalid RefComponent liste
2026-02-22 21:51:34,425 [ERROR] Middleware:2969 - Invalid RefComponent liste
2026-02-22 21:51:34,425 [ERROR] Middleware:2969 - Invalid RefComponent liste
2026-02-22 21:51:34,425 [ERROR] Middleware:2969 - Invalid RefComponent liste
2026-02-22 21:51:34,425 [ERROR] Middleware:2969 - Invalid RefComponent liste
2026-02-22 21:51:34,425 [ERROR] Middleware:2969 - Invalid RefComponent liste
2026-02-22 21:51:34,425 [ERROR] Middleware:2969 - Invalid RefComponent liste
2026-02-22 21:51:34,425 [ERROR] Middleware:2969 - Invalid RefComponent liste
2026-02-22 21:51:34,425 [ERROR] Middleware:2969 - Invalid RefComponent liste
2026-02-22 21:51:34,425 [ERROR] Middleware:2969 - Invalid RefComponent liste
2026-02-22 21:51:34,425 [ERROR] Middleware:2969 - Invalid RefComponent liste
2026-02-22 21:51:34,425 [ERROR] Middleware:2969 - Invalid RefComponent liste
2026-02-22 21:51:34,425 [ERROR] Middleware:2969 - Invalid RefComponent liste
2026-02-22 21:51:34,425 [ERROR] Middleware:2969 - Invalid RefComponent liste
2026-02-22 21:51:34,425 [ERROR] Middleware:2969 - Invalid RefComponent liste
2026-02-22 21:51:34,425 [ERROR] Middleware:2969 - Invalid RefComponent liste
2026-02-22 21:51:34,425 [ERROR] Middleware:2969 - Invalid RefComponent liste
2026-02-22 21:51:34,425 [ERROR] Middleware:2969 - Invalid RefComponent liste
2026-02-22 21:51:34,425 [ERROR] Middleware:2969 - Invalid RefComponent liste
2026-02-22 21:51:34,425 [ERROR] Middleware:2969 - Invalid RefComponent liste
2026-02-22 21:51:34,425 [ERROR] Middleware:2969 - Invalid RefComponent liste
2026-02-22 21:51:34,425 [ERROR] Middleware:2969 - Invalid RefComponent liste
2026-02-22 21:51:34,425 [ERROR] Middleware:2969 - Invalid RefComponent liste
2026-02-22 21:51:34,425 [ERROR] Middleware:2969 - Invalid RefComponent liste
2026-02-22 21:51:34,425 [ERROR] Middleware:2969 - Invalid RefComponent liste
2026-02-22 21:51:34,425 [ERROR] Middleware:2969 - Invalid RefComponent liste
2026-02-22 21:51:34,425 [ERROR] Middleware:2969 - Invalid RefComponent liste
2026-02-22 21:51:34,425 [ERROR] Middleware:2969 - Invalid RefComponent liste
2026-02-22 21:51:34,425 [ERROR] Middleware:2969 - Invalid RefComponent liste
2026-02-22 21:51:34,425 [ERROR] Middleware:2969 - Invalid RefComponent liste
2026-02-22 21:51:34,425 [ERROR] Middleware:2969 - Invalid RefComponent liste
2026-02-22 21:51:34,425 [ERROR] Middleware:2969 - Invalid RefComponent liste
2026-02-22 21:51:34,425 [ERROR] Middleware:2969 - Invalid RefComponent liste
2026-02-22 21:51:34,425 [ERROR] Middleware:2969 - Invalid RefComponent liste
2026-02-22 21:51:34,425 [ERROR] Middleware:2969 - Invalid RefComponent liste
2026-02-22 21:51:34,425 [ERROR] Middleware:2969 - Invalid RefComponent liste
2026-02-22 21:51:34,425 [ERROR] Middleware:2969 - Invalid RefComponent liste
2026-02-22 21:51:34,425 [ERROR] Middleware:2969 - Invalid RefComponent liste
2026-02-22 21:51:34,425 [ERROR] Middleware:2969 - Invalid RefComponent liste
2026-02-22 21:51:34,426 [ERROR] Middleware:2969 - Invalid RefComponent liste
2026-02-22 21:51:34,426 [ERROR] Middleware:2969 - Invalid RefComponent liste
2026-02-22 21:51:34,426 [ERROR] Middleware:2969 - Invalid RefComponent liste
2026-02-22 21:51:34,426 [ERROR] Middleware:2969 - Invalid RefComponent liste
2026-02-22 21:51:34,426 [ERROR] Middleware:2969 - Invalid RefComponent liste
2026-02-22 21:51:34,426 [ERROR] Middleware:2969 - Invalid RefComponent liste
2026-02-22 21:51:34,426 [ERROR] Middleware:2969 - Invalid RefComponent liste
2026-02-22 21:51:34,426 [ERROR] Middleware:2969 - Invalid RefComponent liste
2026-02-22 21:51:34,426 [ERROR] Middleware:2969 - Invalid RefComponent liste
2026-02-22 21:51:34,426 [ERROR] Middleware:2969 - Invalid RefComponent liste
2026-02-22 21:51:34,426 [ERROR] Middleware:2969 - Invalid RefComponent liste
2026-02-22 21:51:34,426 [ERROR] Middleware:2969 - Invalid RefComponent liste
2026-02-22 21:51:34,426 [ERROR] Middleware:2969 - Invalid RefComponent liste
2026-02-22 21:51:34,426 [ERROR] Middleware:2969 - Invalid RefComponent liste
2026-02-22 21:51:34,426 [ERROR] Middleware:2969 - Invalid RefComponent liste
2026-02-22 21:51:34,427 [ERROR] Middleware:2969 - Invalid RefComponent liste
2026-02-22 21:51:34,427 [ERROR] Middleware:2969 - Invalid RefComponent liste
2026-02-22 21:51:34,427 [ERROR] Middleware:2969 - Invalid RefComponent liste
2026-02-22 21:51:34,427 [ERROR] Middleware:2969 - Invalid RefComponent liste
2026-02-22 21:51:34,427 [ERROR] Middleware:2969 - Invalid RefComponent liste
2026-02-22 21:51:34,427 [ERROR] Middleware:2969 - Invalid RefComponent liste
2026-02-22 21:51:34,427 [ERROR] Middleware:2969 - Invalid RefComponent liste
2026-02-22 21:51:34,427 [ERROR] Middleware:2969 - Invalid RefComponent liste
2026-02-22 21:51:34,427 [ERROR] Middleware:2969 - Invalid RefComponent liste
2026-02-22 21:51:34,427 [ERROR] Middleware:2969 - Invalid RefComponent liste
2026-02-22 21:51:34,427 [ERROR] Middleware:2969 - Invalid RefComponent liste
2026-02-22 21:51:34,427 [ERROR] Middleware:2969 - Invalid RefComponent liste
2026-02-22 21:51:34,427 [ERROR] Middleware:2969 - Invalid RefComponent liste
2026-02-22 21:51:34,427 [ERROR] Middleware:2969 - Invalid RefComponent liste
2026-02-22 21:51:34,452 [INFO] ProjectBuilder:4736 - Project Generator version: 4.3.0-B58
2026-02-22 21:51:34,647 [INFO] ConfigFileManager:1503 - The Die is : DIE431
2026-02-22 21:51:34,707 [INFO] ApiDbMcu:508 - Load IP Config File for FATFS
2026-02-22 21:51:34,726 [INFO] ApiDbMcu:508 - Load IP Config File for FREERTOS
2026-02-22 21:51:34,753 [INFO] ApiDbMcu:508 - Load IP Config File for LIBJPEG
2026-02-22 21:51:34,778 [INFO] ApiDbMcu:508 - Load IP Config File for MBEDTLS
2026-02-22 21:51:34,830 [INFO] ApiDbMcu:508 - Load IP Config File for USB_DEVICE
2026-02-22 21:51:34,849 [INFO] ApiDbMcu:508 - Load IP Config File for USB_HOST
2026-02-22 21:51:35,947 [INFO] LogOutputStream:77 - [STDOUT_REDIRECT] 
2026-02-22 21:51:42,561 [INFO] ProjectBuilder:5002 - Time for Generating toolchain IDE Files: 8110mS.
2026-02-22 21:51:42,563 [INFO] ProjectBuilder:3034 - Time for Copy CMSIS : 2mS.
2026-02-22 21:51:42,706 [INFO] ProjectBuilder:3034 - Time for Copy CMSIS : 0mS.
2026-02-22 22:07:05,317 [INFO] UtilMem:75 - End SaveConfig() Used Memory: 751288848 Bytes (1073741824)
2026-02-22 22:07:09,389 [INFO] UtilMem:75 - End SaveConfig() Used Memory: 773831184 Bytes (1073741824)
2026-02-22 22:07:10,178 [INFO] UtilMem:75 - End SaveConfig() Used Memory: 842916776 Bytes (1073741824)
2026-02-22 22:07:10,388 [INFO] BlockDiagram:2759 - set Specific Code input for plugin: SPI
2026-02-22 22:07:10,388 [INFO] BlockDiagram:2759 - set Specific Code input for plugin: SPI
2026-02-22 22:07:10,388 [INFO] BlockDiagram:2759 - set Specific Code input for plugin: NVIC
2026-02-22 22:07:10,388 [INFO] BlockDiagram:2759 - set Specific Code input for plugin: DMA
2026-02-22 22:07:10,388 [INFO] BlockDiagram:2759 - set Specific Code input for plugin: STMicroelectronics.X-CUBE-TOUCHGFX.4.26.0
2026-02-22 22:07:10,388 [INFO] BlockDiagram:2759 - set Specific Code input for plugin: TIM1_8
2026-02-22 22:07:10,388 [INFO] BlockDiagram:2759 - set Specific Code input for plugin: SYS
2026-02-22 22:07:10,388 [INFO] BlockDiagram:2759 - set Specific Code input for plugin: GPIO
2026-02-22 22:07:10,388 [INFO] BlockDiagram:2759 - set Specific Code input for plugin: RCC
2026-02-22 22:07:10,388 [INFO] BlockDiagram:2759 - set Specific Code input for plugin: CRC
2026-02-22 22:07:10,390 [WARN] IP:2120 - tgfx_framebuffer_stride_value_custom not found: check if there is a RefParameter without a condition.
2026-02-22 22:07:10,395 [INFO] CodeGenerator:807 - code generatio: config db path: D:\Documentos\Electronica\Nueva carpeta\STM32CubeIDE_1.15.0\STM32CubeIDE\plugins\com.st.stm32cube.common.mx_6.11.0.202403141607\\db\
2026-02-22 22:07:10,404 [INFO] Argument:325 - Argument : hdmavalue: null
2026-02-22 22:07:10,404 [INFO] Argument:327 - 	 sub Args: 
2026-02-22 22:07:10,404 [INFO] Argument:325 - Argument : Instancevalue: DMA2_Stream2
2026-02-22 22:07:10,404 [INFO] Argument:335 - Argument : Instancevalue: DMA2_Stream2
2026-02-22 22:07:10,404 [INFO] Argument:325 - Argument : Initvalue: null
2026-02-22 22:07:10,404 [INFO] Argument:327 - 	 sub Args: 
2026-02-22 22:07:10,404 [INFO] Argument:325 - Argument : Channelvalue: DMA_CHANNEL_2
2026-02-22 22:07:10,404 [INFO] Argument:335 - Argument : Channelvalue: DMA_CHANNEL_2
2026-02-22 22:07:10,404 [INFO] Argument:325 - Argument : Directionvalue: DMA_MEMORY_TO_PERIPH
2026-02-22 22:07:10,404 [INFO] Argument:335 - Argument : Directionvalue: DMA_MEMORY_TO_PERIPH
2026-02-22 22:07:10,404 [INFO] Argument:325 - Argument : PeriphIncvalue: DMA_PINC_DISABLE
2026-02-22 22:07:10,404 [INFO] Argument:335 - Argument : PeriphIncvalue: DMA_PINC_DISABLE
2026-02-22 22:07:10,404 [INFO] Argument:325 - Argument : MemIncvalue: DMA_MINC_ENABLE
2026-02-22 22:07:10,404 [INFO] Argument:335 - Argument : MemIncvalue: DMA_MINC_ENABLE
2026-02-22 22:07:10,404 [INFO] Argument:325 - Argument : PeriphDataAlignmentvalue: DMA_PDATAALIGN_BYTE
2026-02-22 22:07:10,404 [INFO] Argument:335 - Argument : PeriphDataAlignmentvalue: DMA_PDATAALIGN_BYTE
2026-02-22 22:07:10,404 [INFO] Argument:325 - Argument : MemDataAlignmentvalue: DMA_MDATAALIGN_BYTE
2026-02-22 22:07:10,404 [INFO] Argument:335 - Argument : MemDataAlignmentvalue: DMA_MDATAALIGN_BYTE
2026-02-22 22:07:10,404 [INFO] Argument:325 - Argument : Modevalue: DMA_NORMAL
2026-02-22 22:07:10,404 [INFO] Argument:335 - Argument : Modevalue: DMA_NORMAL
2026-02-22 22:07:10,404 [INFO] Argument:325 - Argument : Priorityvalue: DMA_PRIORITY_LOW
2026-02-22 22:07:10,404 [INFO] Argument:335 - Argument : Priorityvalue: DMA_PRIORITY_LOW
2026-02-22 22:07:10,404 [INFO] Argument:325 - Argument : FIFOModevalue: DMA_FIFOMODE_ENABLE
2026-02-22 22:07:10,404 [INFO] Argument:335 - Argument : FIFOModevalue: DMA_FIFOMODE_ENABLE
2026-02-22 22:07:10,404 [INFO] Argument:325 - Argument : FIFOThresholdvalue: DMA_FIFO_THRESHOLD_FULL
2026-02-22 22:07:10,404 [INFO] Argument:335 - Argument : FIFOThresholdvalue: DMA_FIFO_THRESHOLD_FULL
2026-02-22 22:07:10,404 [INFO] Argument:325 - Argument : MemBurstvalue: DMA_MBURST_SINGLE
2026-02-22 22:07:10,404 [INFO] Argument:335 - Argument : MemBurstvalue: DMA_MBURST_SINGLE
2026-02-22 22:07:10,404 [INFO] Argument:325 - Argument : PeriphBurstvalue: DMA_PBURST_SINGLE
2026-02-22 22:07:10,404 [INFO] Argument:335 - Argument : PeriphBurstvalue: DMA_PBURST_SINGLE
2026-02-22 22:07:10,404 [INFO] Argument:325 - Argument : Lockvalue: null
2026-02-22 22:07:10,404 [INFO] Argument:335 - Argument : Lockvalue: null
2026-02-22 22:07:10,404 [INFO] Argument:325 - Argument : Statevalue: null
2026-02-22 22:07:10,404 [INFO] Argument:335 - Argument : Statevalue: null
2026-02-22 22:07:10,404 [INFO] Argument:325 - Argument : Parentvalue: null
2026-02-22 22:07:10,404 [INFO] Argument:335 - Argument : Parentvalue: null
2026-02-22 22:07:10,404 [INFO] Argument:325 - Argument : XferCpltCallbackvalue: null
2026-02-22 22:07:10,404 [INFO] Argument:335 - Argument : XferCpltCallbackvalue: null
2026-02-22 22:07:10,404 [INFO] Argument:325 - Argument : XferHalfCpltCallbackvalue: null
2026-02-22 22:07:10,404 [INFO] Argument:335 - Argument : XferHalfCpltCallbackvalue: null
2026-02-22 22:07:10,404 [INFO] Argument:325 - Argument : XferM1CpltCallbackvalue: null
2026-02-22 22:07:10,404 [INFO] Argument:335 - Argument : XferM1CpltCallbackvalue: null
2026-02-22 22:07:10,404 [INFO] Argument:325 - Argument : XferErrorCallbackvalue: null
2026-02-22 22:07:10,404 [INFO] Argument:335 - Argument : XferErrorCallbackvalue: null
2026-02-22 22:07:10,404 [INFO] Argument:325 - Argument : ErrorCodevalue: null
2026-02-22 22:07:10,404 [INFO] Argument:335 - Argument : ErrorCodevalue: null
2026-02-22 22:07:10,408 [WARN] IP:2120 - tgfx_framebuffer_stride_value_custom not found: check if there is a RefParameter without a condition.
2026-02-22 22:07:10,458 [INFO] IP:3348 - RTE Config file name : RTE_Component
2026-02-22 22:07:10,458 [INFO] IP:3366 - RTE template : RTE_Components.ftl
2026-02-22 22:07:10,483 [INFO] CodeEngine:255 - oldGeneratedFile, C:\git\VehiculoTT\HMITT\MXTmpFiles\license.tmp_save
2026-02-22 22:07:10,644 [INFO] CodeEngine:279 - Generated code: C:\git\VehiculoTT\HMITT\MXTmpFiles\license.tmp
2026-02-22 22:07:10,715 [INFO] CodeEngine:255 - oldGeneratedFile, C:\git\VehiculoTT\HMITT\MXTmpFiles\gpio.tmp_save
2026-02-22 22:07:10,851 [INFO] CodeEngine:279 - Generated code: C:\git\VehiculoTT\HMITT\MXTmpFiles\gpio.tmp
2026-02-22 22:07:11,106 [INFO] Middleware:1439 - No code input for Bsp Dependency
2026-02-22 22:07:11,107 [INFO] IP:3348 - RTE Config file name : RTE_Component
2026-02-22 22:07:11,107 [INFO] IP:3366 - RTE template : RTE_Components.ftl
2026-02-22 22:07:11,143 [INFO] CodeEngine:255 - oldGeneratedFile, C:\git\VehiculoTT\HMITT\MXTmpFiles\SCB_CleanInvalidateDCache.tmp_save
2026-02-22 22:07:11,238 [INFO] CodeEngine:279 - Generated code: C:\git\VehiculoTT\HMITT\MXTmpFiles\SCB_CleanInvalidateDCache.tmp
2026-02-22 22:07:11,264 [INFO] CodeEngine:255 - oldGeneratedFile, C:\git\VehiculoTT\HMITT\MXTmpFiles\SCB_InvalidateDCache.tmp_save
2026-02-22 22:07:11,341 [INFO] CodeEngine:279 - Generated code: C:\git\VehiculoTT\HMITT\MXTmpFiles\SCB_InvalidateDCache.tmp
2026-02-22 22:07:11,361 [INFO] CodeEngine:255 - oldGeneratedFile, C:\git\VehiculoTT\HMITT\MXTmpFiles\touchgfx_license.tmp_save
2026-02-22 22:07:11,449 [INFO] CodeEngine:279 - Generated code: C:\git\VehiculoTT\HMITT\MXTmpFiles\touchgfx_license.tmp
2026-02-22 22:07:11,468 [INFO] CodeEngine:255 - oldGeneratedFile, C:\git\VehiculoTT\HMITT\MXTmpFiles\touchgfx_gen_license.tmp_save
2026-02-22 22:07:11,551 [INFO] CodeEngine:279 - Generated code: C:\git\VehiculoTT\HMITT\MXTmpFiles\touchgfx_gen_license.tmp
2026-02-22 22:07:11,572 [INFO] CodeEngine:255 - oldGeneratedFile, C:\git\VehiculoTT\HMITT\MXTmpFiles\oswrappers_noos.tmp_save
2026-02-22 22:07:11,660 [INFO] CodeEngine:279 - Generated code: C:\git\VehiculoTT\HMITT\MXTmpFiles\oswrappers_noos.tmp
2026-02-22 22:07:11,693 [INFO] CodeEngine:255 - oldGeneratedFile, C:\git\VehiculoTT\HMITT\MXTmpFiles\dma.tmp_save
2026-02-22 22:07:11,773 [INFO] CodeEngine:279 - Generated code: C:\git\VehiculoTT\HMITT\MXTmpFiles\dma.tmp
2026-02-22 22:07:11,789 [INFO] CodeEngine:255 - oldGeneratedFile, C:\git\VehiculoTT\HMITT\MXTmpFiles\dma_GV.tmp_save
2026-02-22 22:07:11,849 [INFO] CodeEngine:279 - Generated code: C:\git\VehiculoTT\HMITT\MXTmpFiles\dma_GV.tmp
2026-02-22 22:07:11,860 [INFO] Middleware:1439 - No code input for Bsp Dependency
2026-02-22 22:07:11,861 [INFO] IP:3348 - RTE Config file name : RTE_Component
2026-02-22 22:07:11,861 [INFO] IP:3366 - RTE template : RTE_Components.ftl
2026-02-22 22:07:11,879 [INFO] CodeEngine:255 - oldGeneratedFile, C:\git\VehiculoTT\HMITT\MXTmpFiles\SCB_CleanInvalidateDCache.tmp_save
2026-02-22 22:07:11,956 [INFO] CodeEngine:279 - Generated code: C:\git\VehiculoTT\HMITT\MXTmpFiles\SCB_CleanInvalidateDCache.tmp
2026-02-22 22:07:11,972 [INFO] CodeEngine:255 - oldGeneratedFile, C:\git\VehiculoTT\HMITT\MXTmpFiles\SCB_InvalidateDCache.tmp_save
2026-02-22 22:07:12,036 [INFO] CodeEngine:279 - Generated code: C:\git\VehiculoTT\HMITT\MXTmpFiles\SCB_InvalidateDCache.tmp
2026-02-22 22:07:12,050 [INFO] CodeEngine:255 - oldGeneratedFile, C:\git\VehiculoTT\HMITT\MXTmpFiles\touchgfx_license.tmp_save
2026-02-22 22:07:12,117 [INFO] CodeEngine:279 - Generated code: C:\git\VehiculoTT\HMITT\MXTmpFiles\touchgfx_license.tmp
2026-02-22 22:07:12,131 [INFO] CodeEngine:255 - oldGeneratedFile, C:\git\VehiculoTT\HMITT\MXTmpFiles\touchgfx_gen_license.tmp_save
2026-02-22 22:07:12,197 [INFO] CodeEngine:279 - Generated code: C:\git\VehiculoTT\HMITT\MXTmpFiles\touchgfx_gen_license.tmp
2026-02-22 22:07:12,210 [INFO] CodeEngine:255 - oldGeneratedFile, C:\git\VehiculoTT\HMITT\MXTmpFiles\oswrappers_noos.tmp_save
2026-02-22 22:07:12,267 [INFO] CodeEngine:279 - Generated code: C:\git\VehiculoTT\HMITT\MXTmpFiles\oswrappers_noos.tmp
2026-02-22 22:07:12,300 [INFO] CodeEngine:255 - oldGeneratedFile, C:\git\VehiculoTT\HMITT\TouchGFX\App\app_touchgfx.h_save
2026-02-22 22:07:12,373 [INFO] CodeEngine:279 - Generated code: C:\git\VehiculoTT\HMITT\TouchGFX\App\app_touchgfx.h
2026-02-22 22:07:12,403 [INFO] CodeEngine:255 - oldGeneratedFile, C:\git\VehiculoTT\HMITT\TouchGFX\ApplicationTemplate.touchgfx.part_save
2026-02-22 22:07:12,509 [INFO] CodeEngine:279 - Generated code: C:\git\VehiculoTT\HMITT\TouchGFX\ApplicationTemplate.touchgfx.part
2026-02-22 22:07:12,548 [INFO] CodeEngine:255 - oldGeneratedFile, C:\git\VehiculoTT\HMITT\TouchGFX\target\generated\TouchGFXConfiguration.cpp_save
2026-02-22 22:07:12,655 [INFO] CodeEngine:279 - Generated code: C:\git\VehiculoTT\HMITT\TouchGFX\target\generated\TouchGFXConfiguration.cpp
2026-02-22 22:07:12,687 [INFO] CodeEngine:255 - oldGeneratedFile, C:\git\VehiculoTT\HMITT\TouchGFX\target\generated\TouchGFXGeneratedHAL.hpp_save
2026-02-22 22:07:12,774 [INFO] CodeEngine:279 - Generated code: C:\git\VehiculoTT\HMITT\TouchGFX\target\generated\TouchGFXGeneratedHAL.hpp
2026-02-22 22:07:12,806 [INFO] CodeEngine:255 - oldGeneratedFile, C:\git\VehiculoTT\HMITT\TouchGFX\target\generated\TouchGFXGeneratedHAL.cpp_save
2026-02-22 22:07:12,893 [INFO] CodeEngine:279 - Generated code: C:\git\VehiculoTT\HMITT\TouchGFX\target\generated\TouchGFXGeneratedHAL.cpp
2026-02-22 22:07:12,942 [INFO] CodeEngine:255 - oldGeneratedFile, C:\git\VehiculoTT\HMITT\TouchGFX\target\TouchGFXHAL.hpp_save
2026-02-22 22:07:13,025 [INFO] CodeEngine:279 - Generated code: C:\git\VehiculoTT\HMITT\TouchGFX\target\TouchGFXHAL.hpp
2026-02-22 22:07:13,058 [INFO] CodeEngine:255 - oldGeneratedFile, C:\git\VehiculoTT\HMITT\TouchGFX\target\TouchGFXHAL.cpp_save
2026-02-22 22:07:13,171 [INFO] CodeEngine:279 - Generated code: C:\git\VehiculoTT\HMITT\TouchGFX\target\TouchGFXHAL.cpp
2026-02-22 22:07:13,202 [INFO] CodeEngine:255 - oldGeneratedFile, C:\git\VehiculoTT\HMITT\TouchGFX\target\STM32TouchController.hpp_save
2026-02-22 22:07:13,301 [INFO] CodeEngine:279 - Generated code: C:\git\VehiculoTT\HMITT\TouchGFX\target\STM32TouchController.hpp
2026-02-22 22:07:13,333 [INFO] CodeEngine:255 - oldGeneratedFile, C:\git\VehiculoTT\HMITT\TouchGFX\target\STM32TouchController.cpp_save
2026-02-22 22:07:13,411 [INFO] CodeEngine:279 - Generated code: C:\git\VehiculoTT\HMITT\TouchGFX\target\STM32TouchController.cpp
2026-02-22 22:07:13,443 [INFO] CodeEngine:255 - oldGeneratedFile, C:\git\VehiculoTT\HMITT\TouchGFX\target\generated\STM32DMA.hpp_save
2026-02-22 22:07:13,534 [INFO] CodeEngine:279 - Generated code: C:\git\VehiculoTT\HMITT\TouchGFX\target\generated\STM32DMA.hpp
2026-02-22 22:07:13,567 [INFO] CodeEngine:255 - oldGeneratedFile, C:\git\VehiculoTT\HMITT\TouchGFX\target\generated\STM32DMA.cpp_save
2026-02-22 22:07:13,658 [INFO] CodeEngine:279 - Generated code: C:\git\VehiculoTT\HMITT\TouchGFX\target\generated\STM32DMA.cpp
2026-02-22 22:07:13,693 [INFO] CodeEngine:255 - oldGeneratedFile, C:\git\VehiculoTT\HMITT\TouchGFX\target\generated\OSWrappers.cpp_save
2026-02-22 22:07:13,811 [INFO] CodeEngine:279 - Generated code: C:\git\VehiculoTT\HMITT\TouchGFX\target\generated\OSWrappers.cpp
2026-02-22 22:07:13,854 [INFO] CodeEngine:255 - oldGeneratedFile, C:\git\VehiculoTT\HMITT\TouchGFX\target\TouchGFXGPIO.cpp_save
2026-02-22 22:07:13,951 [INFO] CodeEngine:279 - Generated code: C:\git\VehiculoTT\HMITT\TouchGFX\target\TouchGFXGPIO.cpp
2026-02-22 22:07:13,984 [INFO] CodeEngine:255 - oldGeneratedFile, C:\git\VehiculoTT\HMITT\TouchGFX\App\app_touchgfx.c_save
2026-02-22 22:07:14,072 [INFO] CodeEngine:279 - Generated code: C:\git\VehiculoTT\HMITT\TouchGFX\App\app_touchgfx.c
2026-02-22 22:07:14,116 [INFO] CodeEngine:255 - oldGeneratedFile, C:\git\VehiculoTT\HMITT\Core\Src\stm32f4xx_it.c_save
2026-02-22 22:07:14,330 [INFO] CodeEngine:279 - Generated code: C:\git\VehiculoTT\HMITT\Core\Src\stm32f4xx_it.c
2026-02-22 22:07:14,346 [INFO] CodeEngine:255 - oldGeneratedFile, C:\git\VehiculoTT\HMITT\Core\Inc\stm32f4xx_it.h_save
2026-02-22 22:07:14,427 [INFO] CodeEngine:279 - Generated code: C:\git\VehiculoTT\HMITT\Core\Inc\stm32f4xx_it.h
2026-02-22 22:07:14,433 [INFO] IP:3348 - RTE Config file name : RTE_Component
2026-02-22 22:07:14,433 [INFO] IP:3366 - RTE template : RTE_Components.ftl
2026-02-22 22:07:14,433 [INFO] CodeGenerator:2119 - Add RTE Code Input 
2026-02-22 22:07:14,449 [INFO] CodeEngine:255 - oldGeneratedFile, C:\git\VehiculoTT\HMITT\Core\Inc\RTE_Components.h_save
2026-02-22 22:07:14,528 [INFO] CodeEngine:279 - Generated code: C:\git\VehiculoTT\HMITT\Core\Inc\RTE_Components.h
2026-02-22 22:07:14,563 [INFO] CodeEngine:255 - oldGeneratedFile, C:\git\VehiculoTT\HMITT\Core\Src\stm32f4xx_hal_msp.c_save
2026-02-22 22:07:14,714 [INFO] CodeEngine:279 - Generated code: C:\git\VehiculoTT\HMITT\Core\Src\stm32f4xx_hal_msp.c
2026-02-22 22:07:14,732 [INFO] CodeEngine:255 - oldGeneratedFile, C:\git\VehiculoTT\HMITT\MXTmpFiles\system.tmp_save
2026-02-22 22:07:14,795 [INFO] CodeEngine:279 - Generated code: C:\git\VehiculoTT\HMITT\MXTmpFiles\system.tmp
2026-02-22 22:07:14,827 [INFO] CodeEngine:311 - oldGeneratedFile, C:\git\VehiculoTT\HMITT\Core\Inc\stm32f4xx_hal_conf.h_save
2026-02-22 22:07:14,929 [INFO] CodeEngine:335 - Generated code: C:\git\VehiculoTT\HMITT\Core\Inc\stm32f4xx_hal_conf.h
2026-02-22 22:07:14,956 [WARN] IPConfigManager:3513 - IP not found : TIM
2026-02-22 22:07:14,956 [WARN] CodeGenerator:3951 - IP not found : null
2026-02-22 22:07:14,984 [INFO] CodeEngine:255 - oldGeneratedFile, C:\git\VehiculoTT\HMITT\Core\Inc\main.h_save
2026-02-22 22:07:15,060 [INFO] CodeEngine:279 - Generated code: C:\git\VehiculoTT\HMITT\Core\Inc\main.h
2026-02-22 22:07:15,082 [INFO] CodeEngine:255 - oldGeneratedFile, C:\git\VehiculoTT\HMITT\Core\Src\main.c_save
2026-02-22 22:07:15,237 [INFO] CodeEngine:279 - Generated code: C:\git\VehiculoTT\HMITT\Core\Src\main.c
2026-02-22 22:07:16,025 [INFO] ProjectBuilder:3163 - Time for Copy HAL[1] : 477mS.
2026-02-22 22:07:16,025 [ERROR] Middleware:2969 - Invalid RefComponent liste
2026-02-22 22:07:16,025 [ERROR] Middleware:2969 - Invalid RefComponent liste
2026-02-22 22:07:16,025 [ERROR] Middleware:2969 - Invalid RefComponent liste
2026-02-22 22:07:16,025 [ERROR] Middleware:2969 - Invalid RefComponent liste
2026-02-22 22:07:16,025 [ERROR] Middleware:2969 - Invalid RefComponent liste
2026-02-22 22:07:16,025 [ERROR] Middleware:2969 - Invalid RefComponent liste
2026-02-22 22:07:16,025 [ERROR] Middleware:2969 - Invalid RefComponent liste
2026-02-22 22:07:16,025 [ERROR] Middleware:2969 - Invalid RefComponent liste
2026-02-22 22:07:16,025 [ERROR] Middleware:2969 - Invalid RefComponent liste
2026-02-22 22:07:16,025 [ERROR] Middleware:2969 - Invalid RefComponent liste
2026-02-22 22:07:16,025 [ERROR] Middleware:2969 - Invalid RefComponent liste
2026-02-22 22:07:16,025 [ERROR] Middleware:2969 - Invalid RefComponent liste
2026-02-22 22:07:16,025 [ERROR] Middleware:2969 - Invalid RefComponent liste
2026-02-22 22:07:16,025 [ERROR] Middleware:2969 - Invalid RefComponent liste
2026-02-22 22:07:16,025 [ERROR] Middleware:2969 - Invalid RefComponent liste
2026-02-22 22:07:16,025 [ERROR] Middleware:2969 - Invalid RefComponent liste
2026-02-22 22:07:16,025 [ERROR] Middleware:2969 - Invalid RefComponent liste
2026-02-22 22:07:16,025 [ERROR] Middleware:2969 - Invalid RefComponent liste
2026-02-22 22:07:16,025 [ERROR] Middleware:2969 - Invalid RefComponent liste
2026-02-22 22:07:16,025 [ERROR] Middleware:2969 - Invalid RefComponent liste
2026-02-22 22:07:16,025 [ERROR] Middleware:2969 - Invalid RefComponent liste
2026-02-22 22:07:16,025 [ERROR] Middleware:2969 - Invalid RefComponent liste
2026-02-22 22:07:16,025 [ERROR] Middleware:2969 - Invalid RefComponent liste
2026-02-22 22:07:16,025 [ERROR] Middleware:2969 - Invalid RefComponent liste
2026-02-22 22:07:16,025 [ERROR] Middleware:2969 - Invalid RefComponent liste
2026-02-22 22:07:16,025 [ERROR] Middleware:2969 - Invalid RefComponent liste
2026-02-22 22:07:16,025 [ERROR] Middleware:2969 - Invalid RefComponent liste
2026-02-22 22:07:16,025 [ERROR] Middleware:2969 - Invalid RefComponent liste
2026-02-22 22:07:16,025 [ERROR] Middleware:2969 - Invalid RefComponent liste
2026-02-22 22:07:16,025 [ERROR] Middleware:2969 - Invalid RefComponent liste
2026-02-22 22:07:16,025 [ERROR] Middleware:2969 - Invalid RefComponent liste
2026-02-22 22:07:16,025 [ERROR] Middleware:2969 - Invalid RefComponent liste
2026-02-22 22:07:16,025 [ERROR] Middleware:2969 - Invalid RefComponent liste
2026-02-22 22:07:16,025 [ERROR] Middleware:2969 - Invalid RefComponent liste
2026-02-22 22:07:16,025 [ERROR] Middleware:2969 - Invalid RefComponent liste
2026-02-22 22:07:16,025 [ERROR] Middleware:2969 - Invalid RefComponent liste
2026-02-22 22:07:16,025 [ERROR] Middleware:2969 - Invalid RefComponent liste
2026-02-22 22:07:16,025 [ERROR] Middleware:2969 - Invalid RefComponent liste
2026-02-22 22:07:16,025 [ERROR] Middleware:2969 - Invalid RefComponent liste
2026-02-22 22:07:16,025 [ERROR] Middleware:2969 - Invalid RefComponent liste
2026-02-22 22:07:16,025 [ERROR] Middleware:2969 - Invalid RefComponent liste
2026-02-22 22:07:16,025 [ERROR] Middleware:2969 - Invalid RefComponent liste
2026-02-22 22:07:16,025 [ERROR] Middleware:2969 - Invalid RefComponent liste
2026-02-22 22:07:16,025 [ERROR] Middleware:2969 - Invalid RefComponent liste
2026-02-22 22:07:16,025 [ERROR] Middleware:2969 - Invalid RefComponent liste
2026-02-22 22:07:16,025 [ERROR] Middleware:2969 - Invalid RefComponent liste
2026-02-22 22:07:16,025 [ERROR] Middleware:2969 - Invalid RefComponent liste
2026-02-22 22:07:16,035 [ERROR] Middleware:2969 - Invalid RefComponent liste
2026-02-22 22:07:16,035 [ERROR] Middleware:2969 - Invalid RefComponent liste
2026-02-22 22:07:16,035 [ERROR] Middleware:2969 - Invalid RefComponent liste
2026-02-22 22:07:16,035 [ERROR] Middleware:2969 - Invalid RefComponent liste
2026-02-22 22:07:16,035 [ERROR] Middleware:2969 - Invalid RefComponent liste
2026-02-22 22:07:16,035 [ERROR] Middleware:2969 - Invalid RefComponent liste
2026-02-22 22:07:16,035 [ERROR] Middleware:2969 - Invalid RefComponent liste
2026-02-22 22:07:16,035 [ERROR] Middleware:2969 - Invalid RefComponent liste
2026-02-22 22:07:16,035 [ERROR] Middleware:2969 - Invalid RefComponent liste
2026-02-22 22:07:16,035 [ERROR] Middleware:2969 - Invalid RefComponent liste
2026-02-22 22:07:16,035 [ERROR] Middleware:2969 - Invalid RefComponent liste
2026-02-22 22:07:16,035 [ERROR] Middleware:2969 - Invalid RefComponent liste
2026-02-22 22:07:16,035 [ERROR] Middleware:2969 - Invalid RefComponent liste
2026-02-22 22:07:16,035 [ERROR] Middleware:2969 - Invalid RefComponent liste
2026-02-22 22:07:16,035 [ERROR] Middleware:2969 - Invalid RefComponent liste
2026-02-22 22:07:16,035 [ERROR] Middleware:2969 - Invalid RefComponent liste
2026-02-22 22:07:16,035 [ERROR] Middleware:2969 - Invalid RefComponent liste
2026-02-22 22:07:16,035 [ERROR] Middleware:2969 - Invalid RefComponent liste
2026-02-22 22:07:16,035 [ERROR] Middleware:2969 - Invalid RefComponent liste
2026-02-22 22:07:16,035 [ERROR] Middleware:2969 - Invalid RefComponent liste
2026-02-22 22:07:16,035 [ERROR] Middleware:2969 - Invalid RefComponent liste
2026-02-22 22:07:16,035 [ERROR] Middleware:2969 - Invalid RefComponent liste
2026-02-22 22:07:16,035 [ERROR] Middleware:2969 - Invalid RefComponent liste
2026-02-22 22:07:16,035 [ERROR] Middleware:2969 - Invalid RefComponent liste
2026-02-22 22:07:16,035 [ERROR] Middleware:2969 - Invalid RefComponent liste
2026-02-22 22:07:16,035 [ERROR] Middleware:2969 - Invalid RefComponent liste
2026-02-22 22:07:16,035 [ERROR] Middleware:2969 - Invalid RefComponent liste
2026-02-22 22:07:16,035 [ERROR] Middleware:2969 - Invalid RefComponent liste
2026-02-22 22:07:16,035 [ERROR] Middleware:2969 - Invalid RefComponent liste
2026-02-22 22:07:16,035 [ERROR] Middleware:2969 - Invalid RefComponent liste
2026-02-22 22:07:16,035 [ERROR] Middleware:2969 - Invalid RefComponent liste
2026-02-22 22:07:16,035 [ERROR] Middleware:2969 - Invalid RefComponent liste
2026-02-22 22:07:16,035 [ERROR] Middleware:2969 - Invalid RefComponent liste
2026-02-22 22:07:16,035 [ERROR] Middleware:2969 - Invalid RefComponent liste
2026-02-22 22:07:16,035 [ERROR] Middleware:2969 - Invalid RefComponent liste
2026-02-22 22:07:16,035 [ERROR] Middleware:2969 - Invalid RefComponent liste
2026-02-22 22:07:16,035 [ERROR] Middleware:2969 - Invalid RefComponent liste
2026-02-22 22:07:16,035 [ERROR] Middleware:2969 - Invalid RefComponent liste
2026-02-22 22:07:16,035 [ERROR] Middleware:2969 - Invalid RefComponent liste
2026-02-22 22:07:16,035 [ERROR] Middleware:2969 - Invalid RefComponent liste
2026-02-22 22:07:16,035 [ERROR] Middleware:2969 - Invalid RefComponent liste
2026-02-22 22:07:16,035 [ERROR] Middleware:2969 - Invalid RefComponent liste
2026-02-22 22:07:16,035 [ERROR] Middleware:2969 - Invalid RefComponent liste
2026-02-22 22:07:16,035 [ERROR] Middleware:2969 - Invalid RefComponent liste
2026-02-22 22:07:16,035 [ERROR] Middleware:2969 - Invalid RefComponent liste
2026-02-22 22:07:16,035 [ERROR] Middleware:2969 - Invalid RefComponent liste
2026-02-22 22:07:16,035 [ERROR] Middleware:2969 - Invalid RefComponent liste
2026-02-22 22:07:16,035 [ERROR] Middleware:2969 - Invalid RefComponent liste
2026-02-22 22:07:16,035 [ERROR] Middleware:2969 - Invalid RefComponent liste
2026-02-22 22:07:16,035 [ERROR] Middleware:2969 - Invalid RefComponent liste
2026-02-22 22:07:16,035 [ERROR] Middleware:2969 - Invalid RefComponent liste
2026-02-22 22:07:16,035 [ERROR] Middleware:2969 - Invalid RefComponent liste
2026-02-22 22:07:16,035 [ERROR] Middleware:2969 - Invalid RefComponent liste
2026-02-22 22:07:16,035 [ERROR] Middleware:2969 - Invalid RefComponent liste
2026-02-22 22:07:16,035 [ERROR] Middleware:2969 - Invalid RefComponent liste
2026-02-22 22:07:16,052 [INFO] ProjectBuilder:4736 - Project Generator version: 4.3.0-B58
2026-02-22 22:07:16,114 [INFO] ConfigFileManager:1503 - The Die is : DIE431
2026-02-22 22:07:18,651 [INFO] ProjectBuilder:5002 - Time for Generating toolchain IDE Files: 2599mS.
2026-02-22 22:07:18,653 [INFO] ProjectBuilder:3034 - Time for Copy CMSIS : 2mS.
2026-02-22 22:07:18,812 [INFO] ProjectBuilder:3034 - Time for Copy CMSIS : 0mS.
2026-02-22 22:39:22,219 [ERROR] LogOutputStream:75 - [STDERR_REDIRECT] 
2026-02-22 22:39:22,220 [ERROR] LogOutputStream:75 - [STDERR_REDIRECT] 
