2026-01-07 22:16:34,268 [INFO] Activator:176 - 


2026-01-07 22:16:34,324 [INFO] Activator:177 - !SESSION log4j initialized
2026-01-07 22:16:50,018 [INFO] LogOutputStream:77 - [STDOUT_REDIRECT] 
2026-01-07 22:16:50,770 [ERROR] ConfigurationRetriever:142 - IOException on connection: sw-center.st.com
2026-01-07 22:16:50,772 [ERROR] ConfigurationRetriever:142 - IOException on connection: sw-center.st.com
2026-01-07 22:16:50,774 [ERROR] ConfigurationRetriever:142 - IOException on connection: sw-center.st.com
2026-01-07 22:16:50,782 [ERROR] ConfigurationRetriever:142 - IOException on connection: sw-center.st.com
2026-01-07 22:16:50,782 [ERROR] ConfigurationRetriever:142 - IOException on connection: sw-center.st.com
2026-01-07 22:16:50,785 [ERROR] ConfigurationRetriever:142 - IOException on connection: sw-center.st.com
2026-01-07 22:16:54,693 [INFO] ApplicationProperties:184 - Using Application install path: D:\Documentos\Electronica\Nueva carpeta\STM32CubeIDE_1.15.0\STM32CubeIDE\plugins\com.st.stm32cube.common.mx_6.11.0.202403141607
2026-01-07 22:16:54,817 [INFO] DbMcusXml:78 - Set database path to: D:\Documentos\Electronica\Nueva carpeta\STM32CubeIDE_1.15.0\STM32CubeIDE\plugins\com.st.stm32cube.common.mx_6.11.0.202403141607\\db\/mcu/
2026-01-07 22:16:54,818 [INFO] ApiDb:274 - Set plugin database path to: D:\Documentos\Electronica\Nueva carpeta\STM32CubeIDE_1.15.0\STM32CubeIDE\plugins\com.st.stm32cube.common.mx_6.11.0.202403141607\\db\/plugins/boardmanager/
2026-01-07 22:16:54,818 [WARN] ApiDb:259 - Overriding images path with different value:  => D:\Documentos\Electronica\Nueva carpeta\STM32CubeIDE_1.15.0\STM32CubeIDE\plugins\com.st.stm32cube.common.mx_6.11.0.202403141607\\db\/plugins/mcufinder/images/
2026-01-07 22:16:55,021 [INFO] ApiDb:250 - Set database path to: C:\Users\USER\.stmcufinder\plugins\mcufinder//mcu/
2026-01-07 22:16:55,022 [INFO] DbMcusAds:125 - Set database path to: C:\Users\USER\.stmcufinder\plugins\mcufinder//mcu/
2026-01-07 22:16:55,025 [INFO] CrossReferenceDbSqlite:203 - Set database path to: C:\Users\USER\.stmcufinder\plugins\mcufinder//mcu/cs/
2026-01-07 22:16:55,451 [INFO] RulesReader:64 - Compatibility file has been processed (297 Rules)
2026-01-07 22:16:55,930 [INFO] DbMcusXml:78 - Set database path to: D:\Documentos\Electronica\Nueva carpeta\STM32CubeIDE_1.15.0\STM32CubeIDE\plugins\com.st.stm32cube.common.mx_6.11.0.202403141607\\db\/mcu/
2026-01-07 22:16:55,930 [INFO] ApiDb:274 - Set plugin database path to: D:\Documentos\Electronica\Nueva carpeta\STM32CubeIDE_1.15.0\STM32CubeIDE\plugins\com.st.stm32cube.common.mx_6.11.0.202403141607\\db\/plugins/boardmanager/
2026-01-07 22:16:55,930 [INFO] ApiDb:261 - Set plugin images path to: D:\Documentos\Electronica\Nueva carpeta\STM32CubeIDE_1.15.0\STM32CubeIDE\plugins\com.st.stm32cube.common.mx_6.11.0.202403141607\\db\/plugins/mcufinder/images/
2026-01-07 22:16:55,940 [WARN] DbFile:41 - Overriding database path with different value: C:\Users\USER\.stmcufinder\plugins\mcufinder/ => C:\Users\USER\.stmcufinder\plugins\mcufinder
2026-01-07 22:16:55,940 [INFO] ApiDb:250 - Set database path to: C:\Users\USER\.stmcufinder\plugins\mcufinder//mcu/
2026-01-07 22:16:55,940 [WARN] DbFile:41 - Overriding database path with different value: C:\Users\USER\.stmcufinder\plugins\mcufinder/ => C:\Users\USER\.stmcufinder\plugins\mcufinder
2026-01-07 22:16:55,940 [INFO] DbMcusAds:125 - Set database path to: C:\Users\USER\.stmcufinder\plugins\mcufinder//mcu/
2026-01-07 22:16:55,940 [WARN] DbFile:41 - Overriding database path with different value: C:\Users\USER\.stmcufinder\plugins\mcufinder/ => C:\Users\USER\.stmcufinder\plugins\mcufinder
2026-01-07 22:16:55,940 [WARN] DbFile:41 - Overriding database path with different value: C:\Users\USER\.stmcufinder\plugins\mcufinder/ => C:\Users\USER\.stmcufinder\plugins\mcufinder
2026-01-07 22:16:55,940 [INFO] CrossReferenceDbSqlite:203 - Set database path to: C:\Users\USER\.stmcufinder\plugins\mcufinder//mcu/cs/
2026-01-07 22:16:56,620 [INFO] MainPanel:264 - HeapMemory: 268435456
2026-01-07 22:16:57,658 [INFO] DbMcusXml:78 - Set database path to: D:\Documentos\Electronica\Nueva carpeta\STM32CubeIDE_1.15.0\STM32CubeIDE\plugins\com.st.stm32cube.common.mx_6.11.0.202403141607\\db\/mcu/
2026-01-07 22:16:57,659 [INFO] ApiDb:274 - Set plugin database path to: D:\Documentos\Electronica\Nueva carpeta\STM32CubeIDE_1.15.0\STM32CubeIDE\plugins\com.st.stm32cube.common.mx_6.11.0.202403141607\\db\/plugins/boardmanager/
2026-01-07 22:16:57,659 [INFO] ApiDb:261 - Set plugin images path to: D:\Documentos\Electronica\Nueva carpeta\STM32CubeIDE_1.15.0\STM32CubeIDE\plugins\com.st.stm32cube.common.mx_6.11.0.202403141607\\db\/plugins/mcufinder/images/
2026-01-07 22:16:57,660 [WARN] DbFile:41 - Overriding database path with different value: C:\Users\USER\.stmcufinder\plugins\mcufinder/ => C:\Users\USER\.stmcufinder\plugins\mcufinder
2026-01-07 22:16:57,660 [INFO] ApiDb:250 - Set database path to: C:\Users\USER\.stmcufinder\plugins\mcufinder//mcu/
2026-01-07 22:16:57,661 [WARN] DbFile:41 - Overriding database path with different value: C:\Users\USER\.stmcufinder\plugins\mcufinder/ => C:\Users\USER\.stmcufinder\plugins\mcufinder
2026-01-07 22:16:57,661 [INFO] DbMcusAds:125 - Set database path to: C:\Users\USER\.stmcufinder\plugins\mcufinder//mcu/
2026-01-07 22:16:57,661 [WARN] DbFile:41 - Overriding database path with different value: C:\Users\USER\.stmcufinder\plugins\mcufinder/ => C:\Users\USER\.stmcufinder\plugins\mcufinder
2026-01-07 22:16:57,661 [WARN] DbFile:41 - Overriding database path with different value: C:\Users\USER\.stmcufinder\plugins\mcufinder/ => C:\Users\USER\.stmcufinder\plugins\mcufinder
2026-01-07 22:16:57,662 [INFO] CrossReferenceDbSqlite:203 - Set database path to: C:\Users\USER\.stmcufinder\plugins\mcufinder//mcu/cs/
2026-01-07 22:16:57,822 [INFO] ApplicationProperties:184 - Using Application install path: D:\Documentos\Electronica\Nueva carpeta\STM32CubeIDE_1.15.0\STM32CubeIDE\plugins\com.st.stm32cube.common.mx_6.11.0.202403141607
2026-01-07 22:16:57,829 [INFO] PluginManage:196 - Search for loadable plugins [exclusion list=, ]
2026-01-07 22:16:57,844 [INFO] PluginManage:310 - Check plugin analytics
2026-01-07 22:16:58,416 [INFO] AnalyticsPlugin:253 - Accepted Software Licenses: 
2026-01-07 22:16:58,417 [INFO] AnalyticsPlugin:255 - Accepted CMSIS Pack Licenses: 
2026-01-07 22:16:58,417 [INFO] AnalyticsPlugin:257 - Accepted Firmware Licenses: FW.F7.1.17.0,FW.H7.1.11.0,FW.F4.1.28.0
2026-01-07 22:16:58,421 [ERROR] ConfigurationRetriever:142 - IOException on connection: sw-center.st.com
2026-01-07 22:16:58,422 [INFO] PluginManage:359 - Loaded plugin analytics (category:tool,tabindex:-1)
2026-01-07 22:16:58,422 [ERROR] ConfigurationRetriever:142 - IOException on connection: sw-center.st.com
2026-01-07 22:16:58,423 [INFO] PluginManage:310 - Check plugin cadmodel
2026-01-07 22:16:58,423 [ERROR] ConfigurationRetriever:142 - IOException on connection: sw-center.st.com
2026-01-07 22:16:58,498 [INFO] CADModel:105 - Init CAD model plugin
2026-01-07 22:16:58,499 [INFO] PluginManage:359 - Loaded plugin cadmodel (category:power,tabindex:5)
2026-01-07 22:16:58,499 [INFO] PluginManage:310 - Check plugin clock
2026-01-07 22:16:58,588 [INFO] PluginManage:359 - Loaded plugin clock (category:base,tabindex:2)
2026-01-07 22:16:58,588 [INFO] PluginManage:310 - Check plugin ddr
2026-01-07 22:16:58,605 [INFO] PluginManage:359 - Loaded plugin ddr (category:tool,tabindex:6)
2026-01-07 22:16:58,605 [INFO] PluginManage:310 - Check plugin filemanager
2026-01-07 22:16:59,111 [INFO] PluginManage:359 - Loaded plugin filemanager (category:base,tabindex:10)
2026-01-07 22:16:59,111 [INFO] PluginManage:310 - Check plugin ipmanager
2026-01-07 22:16:59,156 [INFO] PluginManage:359 - Loaded plugin ipmanager (category:base,tabindex:5)
2026-01-07 22:16:59,156 [INFO] PluginManage:310 - Check plugin lpbam
2026-01-07 22:16:59,216 [INFO] PluginManage:359 - Loaded plugin lpbam (category:base,tabindex:0)
2026-01-07 22:16:59,217 [INFO] PluginManage:310 - Check plugin memorymap
2026-01-07 22:16:59,353 [INFO] PluginManage:359 - Loaded plugin memorymap (category:base,tabindex:4)
2026-01-07 22:16:59,353 [INFO] PluginManage:310 - Check plugin pinoutandconfiguration
2026-01-07 22:16:59,418 [INFO] PluginManage:359 - Loaded plugin pinoutandconfiguration (category:base,tabindex:1)
2026-01-07 22:16:59,418 [INFO] PluginManage:310 - Check plugin pinoutconfig
2026-01-07 22:16:59,698 [WARN] SupportedApi:132 - Cannot load RTOS API schema: s4s-elt-must-match.1: The content of 'definitions' must match (annotation?, (simpleType | complexType)?, (unique | key | keyref)*)). A problem was found starting at: attribute.
2026-01-07 22:16:59,992 [INFO] PluginManage:359 - Loaded plugin pinoutconfig (category:base,tabindex:0)
2026-01-07 22:16:59,992 [INFO] PluginManage:310 - Check plugin power
2026-01-07 22:17:00,092 [INFO] PluginManage:359 - Loaded plugin power (category:power,tabindex:4)
2026-01-07 22:17:00,093 [INFO] PluginManage:310 - Check plugin projectmanager
2026-01-07 22:17:00,133 [INFO] PluginManage:359 - Loaded plugin projectmanager (category:projectmanager,tabindex:3)
2026-01-07 22:17:00,134 [INFO] PluginManage:310 - Check plugin thirdparty
2026-01-07 22:17:00,860 [INFO] PluginManage:359 - Loaded plugin thirdparty (category:base,tabindex:-1)
2026-01-07 22:17:00,860 [WARN] IntegrityCheckThread:84 - waiting for thirdparty lock release [integrity check]
2026-01-07 22:17:00,860 [INFO] IntegrityCheckThread:86 - entering critical section [integrity check]
2026-01-07 22:17:00,860 [INFO] PluginManage:310 - Check plugin tools
2026-01-07 22:17:00,862 [INFO] ThirdPartyUpdaterWithRetryManager:70 - Updater plugin not ready yet. [1/15]
2026-01-07 22:17:00,969 [INFO] PluginManage:359 - Loaded plugin tools (category:base,tabindex:7)
2026-01-07 22:17:00,969 [INFO] PluginManage:310 - Check plugin tutovideos
2026-01-07 22:17:01,381 [INFO] PluginManage:359 - Loaded plugin tutovideos (category:base,tabindex:-1)
2026-01-07 22:17:01,381 [INFO] PluginManage:310 - Check plugin updater
2026-01-07 22:17:01,426 [INFO] PluginManage:359 - Loaded plugin updater (category:base,tabindex:12)
2026-01-07 22:17:01,426 [INFO] PluginManage:310 - Check plugin userauth
2026-01-07 22:17:01,469 [INFO] UserAuth:114 - Init User Auth plugin
2026-01-07 22:17:01,469 [INFO] PluginManage:359 - Loaded plugin userauth (category:base,tabindex:14)
2026-01-07 22:17:01,470 [INFO] PluginManage:283 - PluginManage : Loaded plugins [17]
2026-01-07 22:17:02,556 [INFO] PinOutPanel:1561 - setPackage(No Configuration,No Configuration)
2026-01-07 22:17:03,203 [INFO] CADModel:165 - CPN selected for project level
2026-01-07 22:17:03,203 [INFO] CADModel:114 - Register for checkConnection events
2026-01-07 22:17:03,361 [INFO] IPUIPlugin:80 - create IPUIPlugin
2026-01-07 22:17:03,361 [INFO] PluginManager:220 - loadIPPluginJar : add adc
2026-01-07 22:17:03,440 [INFO] IPUIPlugin:80 - create IPUIPlugin
2026-01-07 22:17:03,441 [INFO] PluginManager:220 - loadIPPluginJar : add aes
2026-01-07 22:17:03,596 [INFO] IPUIPlugin:80 - create IPUIPlugin
2026-01-07 22:17:03,596 [INFO] PluginManager:220 - loadIPPluginJar : add can
2026-01-07 22:17:03,654 [INFO] IPUIPlugin:80 - create IPUIPlugin
2026-01-07 22:17:03,654 [INFO] PluginManager:220 - loadIPPluginJar : add comp
2026-01-07 22:17:03,726 [INFO] IPUIPlugin:80 - create IPUIPlugin
2026-01-07 22:17:03,727 [INFO] PluginManager:220 - loadIPPluginJar : add cryp
2026-01-07 22:17:03,792 [INFO] IPUIPlugin:80 - create IPUIPlugin
2026-01-07 22:17:03,792 [INFO] PluginManager:220 - loadIPPluginJar : add dfsdm
2026-01-07 22:17:03,862 [INFO] IPUIPlugin:80 - create IPUIPlugin
2026-01-07 22:17:03,862 [INFO] PluginManager:220 - loadIPPluginJar : add dma
2026-01-07 22:17:03,866 [INFO] ThirdPartyUpdaterWithRetryManager:70 - Updater plugin not ready yet. [2/15]
2026-01-07 22:17:03,987 [INFO] IPUIPlugin:80 - create IPUIPlugin
2026-01-07 22:17:03,988 [INFO] PluginManager:220 - loadIPPluginJar : add dma3
2026-01-07 22:17:04,099 [INFO] IPUIPlugin:80 - create IPUIPlugin
2026-01-07 22:17:04,099 [INFO] PluginManager:220 - loadIPPluginJar : add extmemmanager
2026-01-07 22:17:04,173 [INFO] IPUIPlugin:80 - create IPUIPlugin
2026-01-07 22:17:04,173 [INFO] PluginManager:220 - loadIPPluginJar : add fatfs
2026-01-07 22:17:04,313 [INFO] IPUIPlugin:80 - create IPUIPlugin
2026-01-07 22:17:04,313 [INFO] PluginManager:220 - loadIPPluginJar : add fmc
2026-01-07 22:17:04,359 [INFO] IPUIPlugin:80 - create IPUIPlugin
2026-01-07 22:17:04,359 [INFO] PluginManager:220 - loadIPPluginJar : add freertos
2026-01-07 22:17:04,427 [INFO] IPUIPlugin:80 - create IPUIPlugin
2026-01-07 22:17:04,428 [INFO] PluginManager:220 - loadIPPluginJar : add genericplugin
2026-01-07 22:17:04,655 [INFO] IPUIPlugin:80 - create IPUIPlugin
2026-01-07 22:17:04,655 [INFO] PluginManager:220 - loadIPPluginJar : add gfxmmu
2026-01-07 22:17:05,003 [INFO] IPUIPlugin:80 - create IPUIPlugin
2026-01-07 22:17:05,004 [INFO] PluginManager:220 - loadIPPluginJar : add gic
2026-01-07 22:17:05,044 [INFO] IPUIPlugin:80 - create IPUIPlugin
2026-01-07 22:17:05,044 [INFO] PluginManager:220 - loadIPPluginJar : add gpio
2026-01-07 22:17:05,240 [INFO] IPUIPlugin:80 - create IPUIPlugin
2026-01-07 22:17:05,240 [INFO] PluginManager:220 - loadIPPluginJar : add gtzc
2026-01-07 22:17:05,327 [INFO] IPUIPlugin:80 - create IPUIPlugin
2026-01-07 22:17:05,328 [INFO] PluginManager:220 - loadIPPluginJar : add hash
2026-01-07 22:17:05,489 [INFO] IPUIPlugin:80 - create IPUIPlugin
2026-01-07 22:17:05,489 [INFO] PluginManager:220 - loadIPPluginJar : add i2c
2026-01-07 22:17:05,590 [INFO] IPUIPlugin:80 - create IPUIPlugin
2026-01-07 22:17:05,590 [INFO] PluginManager:220 - loadIPPluginJar : add i2s
2026-01-07 22:17:05,695 [INFO] IPUIPlugin:80 - create IPUIPlugin
2026-01-07 22:17:05,696 [INFO] PluginManager:220 - loadIPPluginJar : add i3c
2026-01-07 22:17:05,936 [INFO] IPUIPlugin:80 - create IPUIPlugin
2026-01-07 22:17:05,936 [INFO] PluginManager:220 - loadIPPluginJar : add ipddr
2026-01-07 22:17:06,218 [INFO] IPUIPlugin:80 - create IPUIPlugin
2026-01-07 22:17:06,218 [INFO] PluginManager:220 - loadIPPluginJar : add linkedlist
2026-01-07 22:17:06,315 [INFO] IPUIPlugin:80 - create IPUIPlugin
2026-01-07 22:17:06,315 [INFO] PluginManager:220 - loadIPPluginJar : add lorawan
2026-01-07 22:17:06,414 [INFO] IPUIPlugin:80 - create IPUIPlugin
2026-01-07 22:17:06,414 [INFO] PluginManager:220 - loadIPPluginJar : add ltdc
2026-01-07 22:17:06,457 [INFO] IPUIPlugin:80 - create IPUIPlugin
2026-01-07 22:17:06,457 [INFO] PluginManager:220 - loadIPPluginJar : add mdma
2026-01-07 22:17:06,503 [INFO] IPUIPlugin:80 - create IPUIPlugin
2026-01-07 22:17:06,504 [INFO] PluginManager:220 - loadIPPluginJar : add nvic
2026-01-07 22:17:06,626 [INFO] IPUIPlugin:80 - create IPUIPlugin
2026-01-07 22:17:06,626 [INFO] PluginManager:220 - loadIPPluginJar : add opamp
2026-01-07 22:17:06,792 [INFO] IPUIPlugin:80 - create IPUIPlugin
2026-01-07 22:17:06,793 [INFO] PluginManager:220 - loadIPPluginJar : add openamp
2026-01-07 22:17:06,867 [INFO] ThirdPartyUpdaterWithRetryManager:70 - Updater plugin not ready yet. [3/15]
2026-01-07 22:17:06,902 [INFO] IPUIPlugin:80 - create IPUIPlugin
2026-01-07 22:17:06,902 [INFO] PluginManager:220 - loadIPPluginJar : add pdm2pcm
2026-01-07 22:17:06,954 [INFO] IPUIPlugin:80 - create IPUIPlugin
2026-01-07 22:17:06,957 [INFO] PluginManager:220 - loadIPPluginJar : add plateformsettings
2026-01-07 22:17:07,037 [INFO] IPUIPlugin:80 - create IPUIPlugin
2026-01-07 22:17:07,038 [INFO] PluginManager:220 - loadIPPluginJar : add quadspi
2026-01-07 22:17:07,076 [INFO] IPUIPlugin:80 - create IPUIPlugin
2026-01-07 22:17:07,077 [INFO] PluginManager:220 - loadIPPluginJar : add resmgrutility
2026-01-07 22:17:07,177 [INFO] IPUIPlugin:80 - create IPUIPlugin
2026-01-07 22:17:07,177 [INFO] PluginManager:220 - loadIPPluginJar : add sai
2026-01-07 22:17:07,298 [INFO] IPUIPlugin:80 - create IPUIPlugin
2026-01-07 22:17:07,298 [INFO] PluginManager:220 - loadIPPluginJar : add spi
2026-01-07 22:17:07,456 [INFO] IPUIPlugin:80 - create IPUIPlugin
2026-01-07 22:17:07,456 [INFO] PluginManager:220 - loadIPPluginJar : add stm32_wpan
2026-01-07 22:17:07,512 [INFO] IPUIPlugin:80 - create IPUIPlugin
2026-01-07 22:17:07,513 [INFO] PluginManager:220 - loadIPPluginJar : add tim
2026-01-07 22:17:07,634 [INFO] IPUIPlugin:80 - create IPUIPlugin
2026-01-07 22:17:07,634 [INFO] PluginManager:220 - loadIPPluginJar : add touchsensing
2026-01-07 22:17:07,715 [INFO] IPUIPlugin:80 - create IPUIPlugin
2026-01-07 22:17:07,715 [INFO] PluginManager:220 - loadIPPluginJar : add tracer_emb
2026-01-07 22:17:07,764 [INFO] IPUIPlugin:80 - create IPUIPlugin
2026-01-07 22:17:07,764 [INFO] PluginManager:220 - loadIPPluginJar : add ts
2026-01-07 22:17:07,815 [INFO] IPUIPlugin:80 - create IPUIPlugin
2026-01-07 22:17:07,815 [INFO] PluginManager:220 - loadIPPluginJar : add tsc
2026-01-07 22:17:07,864 [INFO] IPUIPlugin:80 - create IPUIPlugin
2026-01-07 22:17:07,864 [INFO] PluginManager:220 - loadIPPluginJar : add ucpd
2026-01-07 22:17:07,961 [INFO] IPUIPlugin:80 - create IPUIPlugin
2026-01-07 22:17:07,961 [INFO] PluginManager:220 - loadIPPluginJar : add usart
2026-01-07 22:17:08,041 [INFO] IPUIPlugin:80 - create IPUIPlugin
2026-01-07 22:17:08,042 [INFO] PluginManager:220 - loadIPPluginJar : add usbx
2026-01-07 22:17:08,277 [INFO] CADModel:165 - CPN selected for project level
2026-01-07 22:17:08,278 [INFO] CADModel:114 - Register for checkConnection events
2026-01-07 22:17:08,278 [FATAL] Updater:308 - Updater called before beeing initialized
2026-01-07 22:17:08,278 [ERROR] CADModel:125 - Updater not yet initialized, retry later 
2026-01-07 22:17:08,849 [INFO] CADModel:165 - CPN selected for project level
2026-01-07 22:17:08,849 [INFO] CADModel:114 - Register for checkConnection events
2026-01-07 22:17:08,852 [FATAL] Updater:308 - Updater called before beeing initialized
2026-01-07 22:17:08,852 [ERROR] CADModel:125 - Updater not yet initialized, retry later 
2026-01-07 22:17:08,874 [FATAL] Updater:308 - Updater called before beeing initialized
2026-01-07 22:17:09,130 [FATAL] Updater:308 - Updater called before beeing initialized
2026-01-07 22:17:09,149 [INFO] DbMcusAds:53 - JSON generation date=Mon Dec 15 17:11:46 CST 2025 (1765840306612)
2026-01-07 22:17:09,149 [FATAL] Updater:308 - Updater called before beeing initialized
2026-01-07 22:17:09,417 [WARN] DetailPanel:346 - Failed to get advertising image, set to default
2026-01-07 22:17:09,548 [FATAL] Updater:308 - Updater called before beeing initialized
2026-01-07 22:17:09,578 [FATAL] Updater:308 - Updater called before beeing initialized
2026-01-07 22:17:09,578 [FATAL] Updater:308 - Updater called before beeing initialized
2026-01-07 22:17:09,579 [WARN] DetailPanel:346 - Failed to get advertising image, set to default
2026-01-07 22:17:09,580 [FATAL] Updater:308 - Updater called before beeing initialized
2026-01-07 22:17:09,798 [ERROR] Updater:1120 - MainUpdater not yet initialized. External WinMGr cannot be set.
2026-01-07 22:17:09,831 [INFO] Updater:1056 - Updater Version found : 6.11.0
2026-01-07 22:17:09,870 [INFO] ThirdPartyUpdaterWithRetryManager:70 - Updater plugin not ready yet. [4/15]
2026-01-07 22:17:09,878 [INFO] ApplicationProperties:184 - Using Application install path: D:\Documentos\Electronica\Nueva carpeta\STM32CubeIDE_1.15.0\STM32CubeIDE\plugins\com.st.stm32cube.common.mx_6.11.0.202403141607
2026-01-07 22:17:11,528 [ERROR] LogOutputStream:75 - [STDERR_REDIRECT] Jan 07, 2026 10:17:11 PM java.util.prefs.WindowsPreferences <init>
2026-01-07 22:17:11,529 [ERROR] LogOutputStream:75 - [STDERR_REDIRECT] WARNING: Could not open/create prefs root node Software\JavaSoft\Prefs at root 0xffffffff80000002. Windows RegCreateKeyEx(...) returned error code 5.
2026-01-07 22:17:11,530 [ERROR] LogOutputStream:75 - [STDERR_REDIRECT] 
2026-01-07 22:17:12,267 [INFO] MainUpdater:2873 - connection check result : 22
2026-01-07 22:17:12,269 [INFO] MainUpdater:290 - Updater Check For Update Now.
2026-01-07 22:17:12,269 [INFO] MicroXplorer:498 - Change Database Version : DB.6.0.110
2026-01-07 22:17:12,342 [INFO] McuFinderGlobals:63 - Set McuFinder mode to 2 (CubeIDE integrated)
2026-01-07 22:17:12,430 [INFO] UserAuth:415 - Internet connection configuration mode: 2
2026-01-07 22:17:12,526 [INFO] CheckServerUpdateThread:120 - End of CheckServer Thread
2026-01-07 22:17:13,597 [WARN] PackLoader:240 - Cannot read IP mode file for STMicroelectronics.FP-SNS-MOTENVWB1.1.4.0
2026-01-07 22:17:13,630 [WARN] PackLoader:240 - Cannot read IP mode file for STMicroelectronics.FP-ATR-ASTRA1.2.0.2
2026-01-07 22:17:13,654 [WARN] PackLoader:240 - Cannot read IP mode file for STMicroelectronics.FP-ATR-ASTRA1.2.0.1
2026-01-07 22:17:13,691 [WARN] PackLoader:240 - Cannot read IP mode file for STMicroelectronics.X-CUBE-SMBUS.2.1.0
2026-01-07 22:17:13,729 [WARN] PackLoader:240 - Cannot read IP mode file for STMicroelectronics.X-CUBE-WB05N.1.1.0
2026-01-07 22:17:13,763 [WARN] PackLoader:240 - Cannot read IP mode file for STMicroelectronics.X-CUBE-TOUCHGFX.4.23.2
2026-01-07 22:17:13,836 [WARN] PackLoader:240 - Cannot read IP mode file for STMicroelectronics.X-CUBE-AZRTOS-F7.1.1.0
2026-01-07 22:17:13,949 [WARN] PackLoader:240 - Cannot read IP mode file for STMicroelectronics.X-CUBE-MEMS1.11.0.0
2026-01-07 22:17:14,160 [ERROR] Engine:466 - C:\Users\USER\.stm32cubemx\thirdparties\pdsc\STMicroelectronics.FP-SNS-MOTENV1.5.1.0.pdsc: PDSC version is not supported
2026-01-07 22:17:14,195 [WARN] PackLoader:240 - Cannot read IP mode file for STMicroelectronics.FP-SNS-FLIGHT1.5.0.2
2026-01-07 22:17:14,261 [WARN] PackLoader:240 - Cannot read IP mode file for STMicroelectronics.X-CUBE-AZRTOS-H7.3.4.0
2026-01-07 22:17:14,311 [WARN] PackLoader:240 - Cannot read IP mode file for STMicroelectronics.X-CUBE-DISPLAY.3.0.0
2026-01-07 22:17:14,351 [WARN] PackLoader:240 - Cannot read IP mode file for STMicroelectronics.X-CUBE-BLE1.7.0.0
2026-01-07 22:17:14,386 [WARN] PackLoader:240 - Cannot read IP mode file for STMicroelectronics.X-CUBE-NFC10.1.0.0
2026-01-07 22:17:14,439 [WARN] PackLoader:240 - Cannot read IP mode file for STMicroelectronics.X-CUBE-BLEMGR.4.0.0
2026-01-07 22:17:14,491 [ERROR] Engine:466 - C:\Users\USER\.stm32cubemx\thirdparties\pdsc\STMicroelectronics.X-CUBE-ST60.1.1.0.pdsc: PDSC version is not supported
2026-01-07 22:17:14,534 [WARN] PackLoader:240 - Cannot read IP mode file for emotas.I-CUBE-CANOPEN.1.3.0
2026-01-07 22:17:14,576 [WARN] PackLoader:240 - Cannot read IP mode file for STMicroelectronics.X-CUBE-GNSS1.7.1.0
2026-01-07 22:17:14,645 [WARN] PackLoader:240 - Cannot read IP mode file for STMicroelectronics.X-CUBE-BLEMGR.3.1.0
2026-01-07 22:17:14,723 [WARN] PackLoader:240 - Cannot read IP mode file for STMicroelectronics.X-CUBE-AI.10.0.0
2026-01-07 22:17:14,765 [ERROR] Engine:466 - C:\Users\USER\.stm32cubemx\thirdparties\pdsc\STMicroelectronics.FP-SNS-STBOX1.2.1.0.pdsc: PDSC version is not supported
2026-01-07 22:17:14,801 [WARN] PackLoader:240 - Cannot read IP mode file for STMicroelectronics.FP-SNS-SMARTAG2.1.2.0
2026-01-07 22:17:14,827 [ERROR] Engine:466 - C:\Users\USER\.stm32cubemx\thirdparties\pdsc\STMicroelectronics.FP-SNS-FLIGHT1.5.1.0.pdsc: PDSC version is not supported
2026-01-07 22:17:14,926 [WARN] PackLoader:240 - Cannot read IP mode file for STMicroelectronics.X-CUBE-MEMS1.11.1.0
2026-01-07 22:17:15,272 [INFO] LogOutputStream:77 - [STDOUT_REDIRECT] 1 : Invalid condition id : UX_CORESTACK_Condition cause : null
2026-01-07 22:17:15,275 [INFO] LogOutputStream:77 - [STDOUT_REDIRECT] 1 : Invalid condition id : UX_CORESTACK_Condition cause : null
2026-01-07 22:17:15,277 [INFO] LogOutputStream:77 - [STDOUT_REDIRECT] 1 : Invalid condition id : UX_CORESTACK_Condition cause : null
2026-01-07 22:17:15,278 [INFO] LogOutputStream:77 - [STDOUT_REDIRECT] 1 : Invalid condition id : UX_CORESTACK_Condition cause : null
2026-01-07 22:17:15,280 [INFO] LogOutputStream:77 - [STDOUT_REDIRECT] 1 : Invalid condition id : UX_CORESTACK_Condition cause : null
2026-01-07 22:17:15,284 [WARN] PackLoader:240 - Cannot read IP mode file for STMicroelectronics.X-CUBE-AZRTOS-WL.2.0.0
2026-01-07 22:17:15,334 [WARN] PackLoader:240 - Cannot read IP mode file for STMicroelectronics.FP-SNS-MOTENV1.5.0.0
2026-01-07 22:17:15,432 [WARN] PackLoader:240 - Cannot read IP mode file for STMicroelectronics.X-CUBE-AZRTOS-H7RS.1.2.0
2026-01-07 22:17:15,473 [WARN] PackLoader:240 - Cannot read IP mode file for wolfSSL.I-CUBE-wolfMQTT.1.19.0
2026-01-07 22:17:15,513 [WARN] PackLoader:240 - Cannot read IP mode file for WES.I-CUBE-Cesium.1.3.0
2026-01-07 22:17:15,546 [WARN] PackLoader:240 - Cannot read IP mode file for STMicroelectronics.X-CUBE-BLE2.3.3.0
2026-01-07 22:17:15,573 [ERROR] Engine:466 - C:\Users\USER\.stm32cubemx\thirdparties\pdsc\Avnet-IOTCONNECT.X-CUBE-iotc-st67-sdk.1.0.0.pdsc: PDSC version is not supported
2026-01-07 22:17:15,606 [WARN] PackLoader:240 - Cannot read IP mode file for STMicroelectronics.X-CUBE-NFC9.1.0.0
2026-01-07 22:17:15,648 [WARN] PackLoader:240 - Cannot read IP mode file for STMicroelectronics.X-CUBE-BLE1.7.1.0
2026-01-07 22:17:15,689 [WARN] PackLoader:240 - Cannot read IP mode file for STMicroelectronics.X-CUBE-TCPP.4.1.0
2026-01-07 22:17:15,720 [ERROR] Engine:466 - C:\Users\USER\.stm32cubemx\thirdparties\pdsc\STMicroelectronics.X-CUBE-FREERTOS.1.4.0.pdsc: PDSC version is not supported
2026-01-07 22:17:15,752 [WARN] PackLoader:240 - Cannot read IP mode file for STMicroelectronics.X-CUBE-EEPRMA1.5.2.0
2026-01-07 22:17:15,780 [ERROR] Engine:466 - C:\Users\USER\.stm32cubemx\thirdparties\pdsc\STMicroelectronics.X-CUBE-ST67W61.1.1.0.pdsc: PDSC version is not supported
2026-01-07 22:17:15,850 [WARN] PackLoader:240 - Cannot read IP mode file for STMicroelectronics.X-CUBE-MEMS1.12.0.0
2026-01-07 22:17:15,943 [WARN] PackLoader:240 - Cannot read IP mode file for STMicroelectronics.X-CUBE-ALGOBUILD.1.3.0
2026-01-07 22:17:16,021 [WARN] PackLoader:240 - Cannot read IP mode file for STMicroelectronics.X-CUBE-MEMS1.11.2.0
2026-01-07 22:17:16,195 [WARN] PackLoader:240 - Cannot read IP mode file for STMicroelectronics.X-CUBE-AZRTOS-G0.1.1.0
2026-01-07 22:17:16,229 [WARN] PackLoader:240 - Cannot read IP mode file for STMicroelectronics.X-CUBE-SAFEA1.1.2.2
2026-01-07 22:17:16,257 [WARN] PackLoader:240 - Cannot read IP mode file for STMicroelectronics.X-CUBE-NFC4.3.0.0
2026-01-07 22:17:16,296 [WARN] PackLoader:240 - Cannot read IP mode file for EmbeddedOffice.I-CUBE-FS-RTOS.1.0.1
2026-01-07 22:17:16,296 [ERROR] ConditionMgr:805 - Attr not supported : Dmpu
2026-01-07 22:17:16,297 [ERROR] ConditionMgr:805 - Attr not supported : Dmpu
2026-01-07 22:17:16,297 [ERROR] ConditionMgr:805 - Attr not supported : Dmpu
2026-01-07 22:17:16,297 [ERROR] ConditionMgr:805 - Attr not supported : Dmpu
2026-01-07 22:17:16,297 [ERROR] ConditionMgr:805 - Attr not supported : Dmpu
2026-01-07 22:17:16,297 [ERROR] ConditionMgr:805 - Attr not supported : Dmpu
2026-01-07 22:17:16,297 [ERROR] ConditionMgr:805 - Attr not supported : Dmpu
2026-01-07 22:17:16,297 [ERROR] ConditionMgr:805 - Attr not supported : Dmpu
2026-01-07 22:17:16,297 [ERROR] ConditionMgr:805 - Attr not supported : Dmpu
2026-01-07 22:17:16,297 [ERROR] ConditionMgr:805 - Attr not supported : Dmpu
2026-01-07 22:17:16,298 [ERROR] ConditionMgr:805 - Attr not supported : Dmpu
2026-01-07 22:17:16,298 [ERROR] ConditionMgr:805 - Attr not supported : Dmpu
2026-01-07 22:17:16,298 [ERROR] ConditionMgr:805 - Attr not supported : Dmpu
2026-01-07 22:17:16,298 [ERROR] ConditionMgr:805 - Attr not supported : Dmpu
2026-01-07 22:17:16,299 [ERROR] ConditionMgr:805 - Attr not supported : Dmpu
2026-01-07 22:17:16,299 [ERROR] ConditionMgr:805 - Attr not supported : Dmpu
2026-01-07 22:17:16,299 [ERROR] ConditionMgr:805 - Attr not supported : Dmpu
2026-01-07 22:17:16,300 [ERROR] ConditionMgr:805 - Attr not supported : Dmpu
2026-01-07 22:17:16,300 [ERROR] ConditionMgr:805 - Attr not supported : Dmpu
2026-01-07 22:17:16,300 [ERROR] ConditionMgr:805 - Attr not supported : Dmpu
2026-01-07 22:17:16,300 [ERROR] ConditionMgr:805 - Attr not supported : Dmpu
2026-01-07 22:17:16,300 [ERROR] ConditionMgr:805 - Attr not supported : Dmpu
2026-01-07 22:17:16,300 [ERROR] ConditionMgr:805 - Attr not supported : Dmpu
2026-01-07 22:17:16,300 [ERROR] ConditionMgr:805 - Attr not supported : Dmpu
2026-01-07 22:17:16,301 [ERROR] ConditionMgr:805 - Attr not supported : Dmpu
2026-01-07 22:17:16,301 [ERROR] ConditionMgr:805 - Attr not supported : Dmpu
2026-01-07 22:17:16,301 [ERROR] ConditionMgr:805 - Attr not supported : Dmpu
2026-01-07 22:17:16,301 [ERROR] ConditionMgr:805 - Attr not supported : Dmpu
2026-01-07 22:17:16,301 [ERROR] ConditionMgr:805 - Attr not supported : Dmpu
2026-01-07 22:17:16,301 [ERROR] ConditionMgr:805 - Attr not supported : Dmpu
2026-01-07 22:17:16,301 [ERROR] ConditionMgr:805 - Attr not supported : Dmpu
2026-01-07 22:17:16,301 [ERROR] ConditionMgr:805 - Attr not supported : Dmpu
2026-01-07 22:17:16,301 [ERROR] ConditionMgr:805 - Attr not supported : Dmpu
2026-01-07 22:17:16,301 [ERROR] ConditionMgr:805 - Attr not supported : Dmpu
2026-01-07 22:17:16,301 [ERROR] ConditionMgr:805 - Attr not supported : Dmpu
2026-01-07 22:17:16,302 [ERROR] ConditionMgr:805 - Attr not supported : Dmpu
2026-01-07 22:17:16,302 [ERROR] ConditionMgr:805 - Attr not supported : Dmpu
2026-01-07 22:17:16,302 [ERROR] ConditionMgr:805 - Attr not supported : Dmpu
2026-01-07 22:17:16,303 [ERROR] ConditionMgr:805 - Attr not supported : Dmpu
2026-01-07 22:17:16,303 [ERROR] ConditionMgr:805 - Attr not supported : Dmpu
2026-01-07 22:17:16,303 [ERROR] ConditionMgr:805 - Attr not supported : Dmpu
2026-01-07 22:17:16,303 [ERROR] ConditionMgr:805 - Attr not supported : Dmpu
2026-01-07 22:17:16,304 [ERROR] ConditionMgr:805 - Attr not supported : Dmpu
2026-01-07 22:17:16,304 [ERROR] ConditionMgr:805 - Attr not supported : Dmpu
2026-01-07 22:17:16,304 [ERROR] ConditionMgr:805 - Attr not supported : Dmpu
2026-01-07 22:17:16,304 [ERROR] ConditionMgr:805 - Attr not supported : Dmpu
2026-01-07 22:17:16,304 [ERROR] ConditionMgr:805 - Attr not supported : Dmpu
2026-01-07 22:17:16,305 [ERROR] ConditionMgr:805 - Attr not supported : Dmpu
2026-01-07 22:17:16,305 [ERROR] ConditionMgr:805 - Attr not supported : Dmpu
2026-01-07 22:17:16,305 [ERROR] ConditionMgr:805 - Attr not supported : Dmpu
2026-01-07 22:17:16,305 [ERROR] ConditionMgr:805 - Attr not supported : Dmpu
2026-01-07 22:17:16,305 [ERROR] ConditionMgr:805 - Attr not supported : Dmpu
2026-01-07 22:17:16,305 [ERROR] ConditionMgr:805 - Attr not supported : Dmpu
2026-01-07 22:17:16,305 [ERROR] ConditionMgr:805 - Attr not supported : Dmpu
2026-01-07 22:17:16,305 [ERROR] ConditionMgr:805 - Attr not supported : Dmpu
2026-01-07 22:17:16,305 [ERROR] ConditionMgr:805 - Attr not supported : Dmpu
2026-01-07 22:17:16,305 [ERROR] ConditionMgr:805 - Attr not supported : Dmpu
2026-01-07 22:17:16,305 [ERROR] ConditionMgr:805 - Attr not supported : Dmpu
2026-01-07 22:17:16,305 [ERROR] ConditionMgr:805 - Attr not supported : Dmpu
2026-01-07 22:17:16,305 [ERROR] ConditionMgr:805 - Attr not supported : Dmpu
2026-01-07 22:17:16,305 [ERROR] ConditionMgr:805 - Attr not supported : Dmpu
2026-01-07 22:17:16,306 [ERROR] ConditionMgr:805 - Attr not supported : Dmpu
2026-01-07 22:17:16,306 [ERROR] ConditionMgr:805 - Attr not supported : Dmpu
2026-01-07 22:17:16,306 [ERROR] ConditionMgr:805 - Attr not supported : Dmpu
2026-01-07 22:17:16,329 [WARN] PackLoader:240 - Cannot read IP mode file for STMicroelectronics.X-CUBE-WB05N.2.0.0
2026-01-07 22:17:16,354 [ERROR] Engine:466 - C:\Users\USER\.stm32cubemx\thirdparties\pdsc\STMicroelectronics.X-CUBE-TCPP.4.2.0.pdsc: PDSC version is not supported
2026-01-07 22:17:16,379 [WARN] PackLoader:240 - Cannot read IP mode file for RealThread.X-CUBE-RT-Thread_Nano.4.1.1
2026-01-07 22:17:16,403 [WARN] PackLoader:240 - Cannot read IP mode file for wolfSSL.I-CUBE-wolfSSL.5.7.0
2026-01-07 22:17:16,426 [WARN] PackLoader:240 - Cannot read IP mode file for STMicroelectronics.FP-ATR-SIGFOX1.3.2.0
2026-01-07 22:17:16,450 [WARN] ConditionMgr:438 - getConditionDescription Invalid condition id : Cortex-A Device cause : null
2026-01-07 22:17:16,498 [WARN] ConditionMgr:1039 - genDependencies : Invalid condition id : Cortex-A Device cause : null
2026-01-07 22:17:16,499 [WARN] ConditionMgr:1039 - genDependencies : Invalid condition id : Cortex-A Device cause : null
2026-01-07 22:17:16,499 [WARN] ConditionMgr:1039 - genDependencies : Invalid condition id : Cortex-A Device cause : null
2026-01-07 22:17:16,520 [WARN] PackLoader:240 - Cannot read IP mode file for STMicroelectronics.X-CUBE-EEPRMA1.5.1.0
2026-01-07 22:17:16,548 [WARN] PackLoader:240 - Cannot read IP mode file for ITTIA_DB.I-CUBE-ITTIADB.8.9.0
2026-01-07 22:17:16,572 [WARN] PackLoader:240 - Cannot read IP mode file for STMicroelectronics.X-CUBE-AI.10.2.0
2026-01-07 22:17:16,617 [WARN] PackLoader:240 - Cannot read IP mode file for SEGGER.I-CUBE-embOS.1.3.1
2026-01-07 22:17:16,674 [WARN] PackLoader:240 - Cannot read IP mode file for STMicroelectronics.X-CUBE-ALGOBUILD.1.4.0
2026-01-07 22:17:16,700 [WARN] PackLoader:240 - Cannot read IP mode file for STMicroelectronics.X-CUBE-AI.9.1.0
2026-01-07 22:17:16,727 [WARN] PackLoader:240 - Cannot read IP mode file for STMicroelectronics.X-CUBE-PM33A1.1.0.0
2026-01-07 22:17:16,754 [WARN] PackLoader:240 - Cannot read IP mode file for STMicroelectronics.X-CUBE-GNSS1.6.0.0
2026-01-07 22:17:16,799 [WARN] PackLoader:240 - Cannot read IP mode file for STMicroelectronics.X-CUBE-AZRTOS-F4.1.1.0
2026-01-07 22:17:16,830 [ERROR] Engine:466 - C:\Users\USER\.stm32cubemx\thirdparties\pdsc\Avnet-IotConnect.X-CUBE-IoTC-DA16k-PMOD.1.0.0.pdsc: PDSC version is not supported
2026-01-07 22:17:16,861 [WARN] PackLoader:240 - Cannot read IP mode file for STMicroelectronics.X-CUBE-ISPU.2.1.0
2026-01-07 22:17:16,889 [ERROR] Engine:466 - C:\Users\USER\.stm32cubemx\thirdparties\pdsc\STMicroelectronics.X-CUBE-IPS.3.2.0.pdsc: PDSC version is not supported
2026-01-07 22:17:16,932 [WARN] PackLoader:240 - Cannot read IP mode file for STMicroelectronics.X-CUBE-FREERTOS.1.2.0
2026-01-07 22:17:16,963 [WARN] PackLoader:240 - Cannot read IP mode file for STMicroelectronics.X-CUBE-NFC12.1.0.0
2026-01-07 22:17:17,011 [WARN] PackLoader:240 - Cannot read IP mode file for STMicroelectronics.X-CUBE-AZRTOS-L5.2.0.0
2026-01-07 22:17:17,044 [WARN] PackLoader:240 - Cannot read IP mode file for STMicroelectronics.X-CUBE-NFC6.3.1.0
2026-01-07 22:17:17,070 [WARN] PackLoader:240 - Cannot read IP mode file for STMicroelectronics.X-CUBE-DPower.1.2.0
2026-01-07 22:17:17,091 [WARN] PackLoader:240 - Cannot read IP mode file for STMicroelectronics.X-CUBE-AI.9.0.0
2026-01-07 22:17:17,113 [WARN] PackLoader:240 - Cannot read IP mode file for STMicroelectronics.X-CUBE-FREERTOS.1.3.1
2026-01-07 22:17:17,135 [WARN] PackLoader:240 - Cannot read IP mode file for STMicroelectronics.X-CUBE-FREERTOS.1.3.0
2026-01-07 22:17:17,158 [WARN] PackLoader:240 - Cannot read IP mode file for STMicroelectronics.X-CUBE-NFC7.1.0.1
2026-01-07 22:17:17,181 [WARN] PackLoader:240 - Cannot read IP mode file for STMicroelectronics.X-CUBE-TOUCHGFX.4.26.0
2026-01-07 22:17:17,202 [ERROR] Engine:466 - C:\Users\USER\.stm32cubemx\thirdparties\pdsc\STMicroelectronics.FP-SNS-STAIOTCFT.1.0.0.pdsc: PDSC version is not supported
2026-01-07 22:17:17,231 [WARN] PackLoader:240 - Cannot read IP mode file for STMicroelectronics.X-CUBE-DPower.1.3.0
2026-01-07 22:17:17,312 [WARN] ConditionMgr:438 - getConditionDescription Invalid condition id : LAN8742 Phy interface Condition cause : null
2026-01-07 22:17:17,318 [WARN] PackLoader:240 - Cannot read IP mode file for STMicroelectronics.X-CUBE-AZRTOS-L4.2.0.0
2026-01-07 22:17:17,320 [WARN] ConditionMgr:1039 - genDependencies : Invalid condition id : LAN8742 Phy interface Condition cause : null
2026-01-07 22:17:17,322 [WARN] ConditionMgr:1039 - genDependencies : Invalid condition id : LAN8742 Phy interface Condition cause : null
2026-01-07 22:17:17,323 [WARN] ConditionMgr:1039 - genDependencies : Invalid condition id : LAN8742 Phy interface Condition cause : null
2026-01-07 22:17:17,370 [WARN] PackLoader:240 - Cannot read IP mode file for STMicroelectronics.X-CUBE-SFXS2LP1.4.0.0
2026-01-07 22:17:17,421 [WARN] PackLoader:240 - Cannot read IP mode file for STMicroelectronics.X-CUBE-AZRTOS-H7.3.3.0
2026-01-07 22:17:17,455 [ERROR] Engine:466 - C:\Users\USER\.stm32cubemx\thirdparties\pdsc\STMicroelectronics.X-CUBE-BLEMGR.4.1.0.pdsc: PDSC version is not supported
2026-01-07 22:17:17,492 [WARN] PackLoader:240 - Cannot read IP mode file for STMicroelectronics.X-CUBE-IPS.3.0.0
2026-01-07 22:17:17,559 [WARN] ConditionMgr:438 - getConditionDescription Invalid condition id : UX DEVICE CLASS RTOS Condition cause : null
2026-01-07 22:17:17,559 [WARN] ConditionMgr:438 - getConditionDescription Invalid condition id : UX DEVICE CLASS RTOS Condition cause : null
2026-01-07 22:17:17,563 [WARN] PackLoader:240 - Cannot read IP mode file for STMicroelectronics.X-CUBE-AZRTOS-WB.2.0.0
2026-01-07 22:17:17,564 [WARN] ConditionMgr:1039 - genDependencies : Invalid condition id : UX DEVICE CLASS RTOS Condition cause : null
2026-01-07 22:17:17,565 [WARN] ConditionMgr:1039 - genDependencies : Invalid condition id : UX DEVICE CLASS RTOS Condition cause : null
2026-01-07 22:17:17,565 [WARN] ConditionMgr:1039 - genDependencies : Invalid condition id : UX DEVICE CLASS RTOS Condition cause : null
2026-01-07 22:17:17,566 [WARN] ConditionMgr:1039 - genDependencies : Invalid condition id : UX DEVICE CLASS RTOS Condition cause : null
2026-01-07 22:17:17,566 [WARN] ConditionMgr:1039 - genDependencies : Invalid condition id : UX DEVICE CLASS RTOS Condition cause : null
2026-01-07 22:17:17,600 [WARN] PackLoader:240 - Cannot read IP mode file for STMicroelectronics.X-CUBE-GNSS1.7.0.0
2026-01-07 22:17:17,630 [WARN] PackLoader:240 - Cannot read IP mode file for STMicroelectronics.X-CUBE-GNSS1.7.0.1
2026-01-07 22:17:17,657 [WARN] PackLoader:240 - Cannot read IP mode file for STMicroelectronics.X-CUBE-TOUCHGFX.4.25.0
2026-01-07 22:17:17,687 [WARN] PackLoader:240 - Cannot read IP mode file for STMicroelectronics.FP-SNS-STBOX1.2.0.0
2026-01-07 22:17:17,719 [WARN] PackLoader:240 - Cannot read IP mode file for STMicroelectronics.X-CUBE-SUBG2.5.0.0
2026-01-07 22:17:17,764 [WARN] PackLoader:240 - Cannot read IP mode file for STMicroelectronics.X-CUBE-AZRTOS-H7RS.1.1.0
2026-01-07 22:17:17,794 [WARN] PackLoader:240 - Cannot read IP mode file for Cesanta.I-CUBE-Mongoose.7.13.0
2026-01-07 22:17:17,841 [WARN] PackLoader:240 - Cannot read IP mode file for STMicroelectronics.X-CUBE-AZRTOS-G4.2.0.0
2026-01-07 22:17:17,870 [WARN] PackLoader:240 - Cannot read IP mode file for STMicroelectronics.X-CUBE-NFC7.2.0.0
2026-01-07 22:17:17,899 [WARN] PackLoader:240 - Cannot read IP mode file for STMicroelectronics.X-CUBE-ISPU.2.0.0
2026-01-07 22:17:17,925 [ERROR] Engine:466 - C:\Users\USER\.stm32cubemx\thirdparties\pdsc\STMicroelectronics.X-CUBE-IPS.3.1.0.pdsc: PDSC version is not supported
2026-01-07 22:17:17,955 [WARN] PackLoader:240 - Cannot read IP mode file for STMicroelectronics.X-CUBE-ALS.1.0.2
2026-01-07 22:17:18,030 [WARN] PackLoader:240 - Cannot read IP mode file for STMicroelectronics.X-CUBE-MEMS1.10.0.0
2026-01-07 22:17:18,145 [WARN] PackLoader:240 - Cannot read IP mode file for STMicroelectronics.X-CUBE-FREERTOS.1.1.0
2026-01-07 22:17:18,175 [WARN] PackLoader:240 - Cannot read IP mode file for STMicroelectronics.X-CUBE-TOUCHGFX.4.24.2
2026-01-07 22:17:18,205 [WARN] PackLoader:240 - Cannot read IP mode file for STMicroelectronics.X-CUBE-TOUCHGFX.4.24.1
2026-01-07 22:17:18,266 [WARN] PackLoader:240 - Cannot read IP mode file for STMicroelectronics.X-CUBE-STSE01.1.0.0
2026-01-07 22:17:18,303 [WARN] PackLoader:240 - Cannot read IP mode file for wolfSSL.I-CUBE-wolfTPM.3.4.0
2026-01-07 22:17:18,348 [WARN] PackLoader:240 - Cannot read IP mode file for portGmbH.I-Cube-SoM-uGOAL.1.1.0
2026-01-07 22:17:18,381 [WARN] PackLoader:240 - Cannot read IP mode file for STMicroelectronics.X-CUBE-ALS.1.0.1
2026-01-07 22:17:18,450 [WARN] PackLoader:240 - Cannot read IP mode file for STMicroelectronics.X-CUBE-AZRTOS-H7RS.1.0.0
2026-01-07 22:17:18,490 [WARN] PackLoader:240 - Cannot read IP mode file for STMicroelectronics.FP-ATR-ASTRA1.2.0.0
2026-01-07 22:17:18,530 [WARN] PackLoader:240 - Cannot read IP mode file for STMicroelectronics.X-CUBE-TOF1.3.4.2
2026-01-07 22:17:18,567 [ERROR] Engine:466 - C:\Users\USER\.stm32cubemx\thirdparties\pdsc\STMicroelectronics.X-CUBE-TOF1.3.4.3.pdsc: PDSC version is not supported
2026-01-07 22:17:18,605 [WARN] PackLoader:240 - Cannot read IP mode file for STMicroelectronics.X-CUBE-TOF1.3.4.1
2026-01-07 22:17:18,664 [WARN] PackLoader:240 - Cannot read IP mode file for STMicroelectronics.X-CUBE-AZRTOS-H7.3.2.0
2026-01-07 22:17:18,719 [WARN] PackLoader:240 - Cannot read IP mode file for Infineon.AIROC-Wi-Fi-Bluetooth-STM32.1.6.0
2026-01-07 22:17:18,754 [WARN] PackLoader:240 - Cannot read IP mode file for wolfSSL.I-CUBE-wolfSSH.1.4.17
2026-01-07 22:17:18,755 [INFO] ThirdParty:978 - Integrity check success = true
2026-01-07 22:17:18,755 [INFO] IntegrityCheckThread:100 - exiting critical section [integrity check]
2026-01-07 22:17:18,755 [INFO] IntegrityCheckThread:103 - End integrity checks thread
2026-01-07 22:19:50,201 [INFO] McuFinderGlobals:63 - Set McuFinder mode to 2 (CubeIDE integrated)
2026-01-07 22:19:50,927 [INFO] MainUpdater:2873 - connection check result : 10
2026-01-07 22:19:50,957 [INFO] MainUpdater:2873 - connection check result : 10
2026-01-07 22:19:51,379 [INFO] MicroXplorer:468 - Change Database Path : 
2026-01-07 22:19:51,379 [INFO] MicroXplorer:498 - Change Database Version : DB.6.0.110
2026-01-07 22:19:51,479 [WARN] ThirdParty:871 - waiting for thirdparty lock release [close project]
2026-01-07 22:19:51,479 [INFO] ThirdParty:873 - entering critical section [close project]
2026-01-07 22:19:51,480 [INFO] ThirdParty:883 - exiting critical section [close project]
2026-01-07 22:19:51,482 [INFO] PinOutPanel:1561 - setPackage(No Configuration,No Configuration)
2026-01-07 22:19:51,485 [INFO] UtilMem:75 - Begin LoadConfig() Used Memory: 217675064 Bytes (290455552)
2026-01-07 22:19:51,486 [INFO] MicroXplorer:468 - Change Database Path : 
2026-01-07 22:19:51,486 [INFO] MicroXplorer:498 - Change Database Version : DB.6.0.110
2026-01-07 22:19:51,486 [INFO] OpenFileManager:312 - Change cursor
2026-01-07 22:19:51,652 [INFO] Mcu:2021 - Initializing MCU STM32F411C(C-E)Ux STM32F411CEUx STM32F411CEU6
2026-01-07 22:19:53,599 [INFO] Context:663 - Trying to add GPIOservice into a context  which must be forbidden
2026-01-07 22:19:54,166 [INFO] RtosManager:555 - Registered RTOS mode: class=CMSIS, group=RTOS, mode=CMSIS_V1, owner=FREERTOS
2026-01-07 22:19:54,167 [INFO] RtosManager:555 - Registered RTOS mode: class=CMSIS, group=RTOS2, mode=CMSIS_V2, owner=FREERTOS
2026-01-07 22:19:54,167 [INFO] RtosManager:555 - Registered RTOS mode: class=RTOS, group=Core, mode=CMSIS_V1, owner=FREERTOS
2026-01-07 22:19:54,167 [INFO] RtosManager:555 - Registered RTOS mode: class=RTOS, group=Core, mode=CMSIS_V2, owner=FREERTOS
2026-01-07 22:19:54,167 [WARN] ModelIntegratedComponent:184 - Missing modes for component STMicroelectronics:FreeRTOS:0.0.1:STMicroelectronics:RTOS:FreeRTOS:Core:::10.2.0:
2026-01-07 22:19:54,178 [WARN] ModelIntegratedComponent:63 - No mode defined for component null
2026-01-07 22:19:54,178 [WARN] ModelIntegratedComponent:63 - No mode defined for component null
2026-01-07 22:19:54,178 [WARN] ModelIntegratedComponent:63 - No mode defined for component null
2026-01-07 22:19:54,178 [WARN] ModelIntegratedComponent:63 - No mode defined for component null
2026-01-07 22:19:54,178 [WARN] ModelIntegratedComponent:63 - No mode defined for component null
2026-01-07 22:19:54,178 [WARN] ModelIntegratedComponent:63 - No mode defined for component null
2026-01-07 22:19:54,178 [WARN] ModelIntegratedComponent:63 - No mode defined for component null
2026-01-07 22:19:54,178 [WARN] ModelIntegratedComponent:63 - No mode defined for component null
2026-01-07 22:19:54,178 [WARN] ModelIntegratedComponent:63 - No mode defined for component null
2026-01-07 22:19:54,178 [WARN] ModelIntegratedComponent:63 - No mode defined for component null
2026-01-07 22:19:54,178 [WARN] ModelIntegratedComponent:63 - No mode defined for component null
2026-01-07 22:19:54,178 [WARN] ModelIntegratedComponent:63 - No mode defined for component null
2026-01-07 22:19:54,178 [WARN] ModelIntegratedComponent:63 - No mode defined for component null
2026-01-07 22:19:54,178 [WARN] ModelIntegratedComponent:63 - No mode defined for component null
2026-01-07 22:19:54,178 [WARN] ModelIntegratedComponent:63 - No mode defined for component null
2026-01-07 22:19:54,178 [WARN] ModelIntegratedComponent:63 - No mode defined for component null
2026-01-07 22:19:54,178 [WARN] ModelIntegratedComponent:63 - No mode defined for component null
2026-01-07 22:19:54,179 [WARN] ModelIntegratedComponent:63 - No mode defined for component null
2026-01-07 22:19:54,179 [WARN] ModelIntegratedComponent:63 - No mode defined for component null
2026-01-07 22:19:54,179 [WARN] ModelIntegratedComponent:63 - No mode defined for component null
2026-01-07 22:19:54,179 [WARN] ModelIntegratedComponent:63 - No mode defined for component null
2026-01-07 22:19:54,179 [WARN] ModelIntegratedComponent:63 - No mode defined for component null
2026-01-07 22:19:54,179 [WARN] ModelIntegratedComponent:63 - No mode defined for component null
2026-01-07 22:19:54,179 [WARN] ModelIntegratedComponent:63 - No mode defined for component null
2026-01-07 22:19:54,179 [WARN] ModelIntegratedComponent:63 - No mode defined for component null
2026-01-07 22:19:54,179 [WARN] ModelIntegratedComponent:63 - No mode defined for component null
2026-01-07 22:19:54,179 [WARN] ModelIntegratedComponent:63 - No mode defined for component null
2026-01-07 22:19:54,179 [WARN] ModelIntegratedComponent:63 - No mode defined for component null
2026-01-07 22:19:54,179 [WARN] ModelIntegratedComponent:63 - No mode defined for component null
2026-01-07 22:19:54,179 [WARN] ModelIntegratedComponent:63 - No mode defined for component null
2026-01-07 22:19:54,179 [WARN] ModelIntegratedComponent:63 - No mode defined for component null
2026-01-07 22:19:54,179 [WARN] ModelIntegratedComponent:63 - No mode defined for component null
2026-01-07 22:19:54,179 [WARN] ModelIntegratedComponent:63 - No mode defined for component null
2026-01-07 22:19:54,179 [WARN] ModelIntegratedComponent:63 - No mode defined for component null
2026-01-07 22:19:54,248 [WARN] ModelIntegratedComponent:182 - Modes not found for component STMicroelectronics:USB_DEVICE:1.0.0:STMicroelectronics:USB::USB Device:Audio HS::1.0:USB_DEVICE_1_0_RESTRICTED_HS
2026-01-07 22:19:54,248 [WARN] ModelIntegratedComponent:188 - Modes not found for component STMicroelectronics:USB_DEVICE:1.0.0:STMicroelectronics:USB::USB Device:Audio HS::1.0:USB_DEVICE_1_0_RESTRICTED_HS
2026-01-07 22:19:54,248 [WARN] ModelIntegratedComponent:182 - Modes not found for component STMicroelectronics:USB_DEVICE:1.0.0:STMicroelectronics:USB::USB Device:CDC HS::1.0:USB_DEVICE_1_0_RESTRICTED_HS
2026-01-07 22:19:54,249 [WARN] ModelIntegratedComponent:188 - Modes not found for component STMicroelectronics:USB_DEVICE:1.0.0:STMicroelectronics:USB::USB Device:CDC HS::1.0:USB_DEVICE_1_0_RESTRICTED_HS
2026-01-07 22:19:54,249 [WARN] ModelIntegratedComponent:182 - Modes not found for component STMicroelectronics:USB_DEVICE:1.0.0:STMicroelectronics:USB::USB Device:DFU HS::1.0:USB_DEVICE_1_0_RESTRICTED_HS
2026-01-07 22:19:54,249 [WARN] ModelIntegratedComponent:188 - Modes not found for component STMicroelectronics:USB_DEVICE:1.0.0:STMicroelectronics:USB::USB Device:DFU HS::1.0:USB_DEVICE_1_0_RESTRICTED_HS
2026-01-07 22:19:54,249 [WARN] ModelIntegratedComponent:182 - Modes not found for component STMicroelectronics:USB_DEVICE:1.0.0:STMicroelectronics:USB::USB Device:HID HS::1.0:USB_DEVICE_1_0_RESTRICTED_HS
2026-01-07 22:19:54,249 [WARN] ModelIntegratedComponent:188 - Modes not found for component STMicroelectronics:USB_DEVICE:1.0.0:STMicroelectronics:USB::USB Device:HID HS::1.0:USB_DEVICE_1_0_RESTRICTED_HS
2026-01-07 22:19:54,249 [WARN] ModelIntegratedComponent:182 - Modes not found for component STMicroelectronics:USB_DEVICE:1.0.0:STMicroelectronics:USB::USB Device:Custom HID HS::1.0:USB_DEVICE_1_0_RESTRICTED_HS
2026-01-07 22:19:54,249 [WARN] ModelIntegratedComponent:188 - Modes not found for component STMicroelectronics:USB_DEVICE:1.0.0:STMicroelectronics:USB::USB Device:Custom HID HS::1.0:USB_DEVICE_1_0_RESTRICTED_HS
2026-01-07 22:19:54,249 [WARN] ModelIntegratedComponent:182 - Modes not found for component STMicroelectronics:USB_DEVICE:1.0.0:STMicroelectronics:USB::USB Device:MSC HS::1.0:USB_DEVICE_1_0_RESTRICTED_HS
2026-01-07 22:19:54,249 [WARN] ModelIntegratedComponent:188 - Modes not found for component STMicroelectronics:USB_DEVICE:1.0.0:STMicroelectronics:USB::USB Device:MSC HS::1.0:USB_DEVICE_1_0_RESTRICTED_HS
2026-01-07 22:19:54,341 [WARN] ModelIntegratedComponent:182 - Modes not found for component STMicroelectronics:USB_HOST:1.0.0:STMicroelectronics:USB::USB Host:Audio HS::1.0:USB_HOST_1_0_RESTRICTED_HS
2026-01-07 22:19:54,341 [WARN] ModelIntegratedComponent:188 - Modes not found for component STMicroelectronics:USB_HOST:1.0.0:STMicroelectronics:USB::USB Host:Audio HS::1.0:USB_HOST_1_0_RESTRICTED_HS
2026-01-07 22:19:54,341 [WARN] ModelIntegratedComponent:182 - Modes not found for component STMicroelectronics:USB_HOST:1.0.0:STMicroelectronics:USB::USB Host:CDC HS::1.0:USB_HOST_1_0_RESTRICTED_HS
2026-01-07 22:19:54,341 [WARN] ModelIntegratedComponent:188 - Modes not found for component STMicroelectronics:USB_HOST:1.0.0:STMicroelectronics:USB::USB Host:CDC HS::1.0:USB_HOST_1_0_RESTRICTED_HS
2026-01-07 22:19:54,341 [WARN] ModelIntegratedComponent:182 - Modes not found for component STMicroelectronics:USB_HOST:1.0.0:STMicroelectronics:USB::USB Host:MSC HS::1.0:USB_HOST_1_0_RESTRICTED_HS
2026-01-07 22:19:54,341 [WARN] ModelIntegratedComponent:188 - Modes not found for component STMicroelectronics:USB_HOST:1.0.0:STMicroelectronics:USB::USB Host:MSC HS::1.0:USB_HOST_1_0_RESTRICTED_HS
2026-01-07 22:19:54,341 [WARN] ModelIntegratedComponent:182 - Modes not found for component STMicroelectronics:USB_HOST:1.0.0:STMicroelectronics:USB::USB Host:HID HS::1.0:USB_HOST_1_0_RESTRICTED_HS
2026-01-07 22:19:54,341 [WARN] ModelIntegratedComponent:188 - Modes not found for component STMicroelectronics:USB_HOST:1.0.0:STMicroelectronics:USB::USB Host:HID HS::1.0:USB_HOST_1_0_RESTRICTED_HS
2026-01-07 22:19:54,341 [WARN] ModelIntegratedComponent:182 - Modes not found for component STMicroelectronics:USB_HOST:1.0.0:STMicroelectronics:USB::USB Host:MTP HS::1.0:USB_HOST_1_0_RESTRICTED_HS
2026-01-07 22:19:54,341 [WARN] ModelIntegratedComponent:188 - Modes not found for component STMicroelectronics:USB_HOST:1.0.0:STMicroelectronics:USB::USB Host:MTP HS::1.0:USB_HOST_1_0_RESTRICTED_HS
2026-01-07 22:19:54,452 [INFO] ThirdPartyModel:298 - Start build external matchings
2026-01-07 22:19:55,799 [INFO] ThirdPartyModel:316 - End build external matchings
2026-01-07 22:19:55,847 [INFO] ImportTextPane:194 - (OptionalMessage_ERROR) IP (RCC) : Parameter (RTCHSEDivFreq_Value) has invalid value (12500000)
2026-01-07 22:19:56,250 [INFO] ApiDb:581 - Connected to CubeFinder SQLite database (C:\Users\USER\.stmcufinder\plugins\mcufinder\mcu\cube-finder-db.db)
2026-01-07 22:19:56,360 [INFO] ApiDb:668 - CubeFinder database Data Model version=2.1
2026-01-07 22:19:56,361 [INFO] ApiDb:669 - CubeFinder database Configuration version=3.0.39
2026-01-07 22:19:56,361 [INFO] ApiDb:670 - CubeFinder database generation date=2025-11-05 (1762334721)
2026-01-07 22:19:56,361 [INFO] ApiDb:671 - CubeFinder database FW Pack versions=[FP-ATR-ASTRA1_V2.0.0, FP-SNS-FLIGHT1_V5.1.0, FP-SNS-MOTENV1_V5.1.0, FP-SNS-MOTENVWB1_V1.4.0, FP-SNS-SMARTAG2_V1.2.0, FP-SNS-STBOX1_V2.1.0, STM32Cube_FW_C0_V1.4.0, STM32Cube_FW_F4_V1.28.3, STM32Cube_FW_F7_V1.17.4, STM32Cube_FW_G0_V1.6.2, STM32Cube_FW_G4_V1.6.1, STM32Cube_FW_H5_V1.5.1, STM32Cube_FW_H7RS_V1.3.0, STM32Cube_FW_H7_V1.12.1, STM32Cube_FW_L0_V1.12.2, STM32Cube_FW_L4_V1.18.1, STM32Cube_FW_L5_V1.6.0, STM32Cube_FW_N6_V1.3.0, STM32Cube_FW_U0_V1.3.0, STM32Cube_FW_U3_V1.2.1, STM32Cube_FW_U5_V1.8.0, STM32Cube_FW_WB0_V1.4.0, STM32Cube_FW_WBA_V1.8.0, STM32Cube_FW_WB_V1.24.0, STM32Cube_FW_WL3_V1.3.0, STM32Cube_FW_WL_V1.4.0, X-CUBE-ALGOBUILD_V1.4.0, X-CUBE-ALS_V1.0.2, X-CUBE-AZRTOS-F4_V1.1.0, X-CUBE-AZRTOS-F7_V1.1.0, X-CUBE-AZRTOS-G0_V1.1.0, X-CUBE-AZRTOS-G4_V2.0.0, X-CUBE-AZRTOS-H7RS_V1.1.0, X-CUBE-AZRTOS-H7_V3.4.0, X-CUBE-AZRTOS-L4_V2.0.0, X-CUBE-AZRTOS-L5_V2.0.0, X-CUBE-AZRTOS-WB_V2.0.0, X-CUBE-AZRTOS-WL_V2.0.0, X-CUBE-BLE1_V7.1.0, X-CUBE-BLE2_V3.3.0, X-CUBE-BLEMGR_V4.1.0, X-CUBE-EEPRMA1_V5.2.0, X-CUBE-FREERTOS_V1.3.1, X-CUBE-GNSS1_V6.0.0, X-CUBE-MEMS1_V11.3.0, X-CUBE-NFC4_V3.0.0, X-CUBE-NFC7_V2.0.0, X-CUBE-SFXS2LP1_V4.0.0, X-CUBE-ST67W61_V1.1.0, X-CUBE-SUBG2_V5.0.0, X-CUBE-TOF1_V3.4.3]
2026-01-07 22:19:56,485 [INFO] DbBoardsSqlite:226 - include board P-NUCLEO-WB55-NUCLEO as a kit item of type 'Nucleo-64'
2026-01-07 22:19:56,485 [INFO] DbBoardsSqlite:226 - include board P-NUCLEO-WB55-USBDONGLE as a kit item of type 'Nucleo USB Dongle'
2026-01-07 22:19:56,487 [INFO] DbBoardsSqlite:226 - include board STEVAL-IDP005V1 as a kit item of type 'Evaluation Board'
2026-01-07 22:19:56,487 [INFO] DbBoardsSqlite:226 - include board STEVAL-IDP005V2 as a kit item of type 'Evaluation Board'
2026-01-07 22:19:56,966 [INFO] ApiDb:240 - Found 483 in-development CPN: [B-G473E-ZEST1S, B-WB1M-WPAN1, B-WL5M-SUBG1, NUCLEO-C031C6, NUCLEO-H503RB, NUCLEO-H533RE, NUCLEO-H563ZI, NUCLEO-H7S3L8, NUCLEO-U031R8, NUCLEO-U083RC, NUCLEO-U545RE-Q, NUCLEO-U5A5ZJ-Q, NUCLEO-WBA52CG, NUCLEO-WBA55CG, STEVAL-PROTEUS1, STEVAL-SMARTAG2, STEVAL-STWINBX1, STM320518-EVAL, STM32C0116-DK, STM32C011D6Y3TR, STM32C011D6Y6TR, STM32C011F4P3, STM32C011F4P6, STM32C011F4U3, STM32C011F4U6TR, STM32C011F6P3, STM32C011F6P6, STM32C011F6U3, STM32C011F6U6TR, STM32C011J4M3, STM32C011J4M6, STM32C011J6M3, STM32C011J6M6, STM32C0316-DK, STM32C031C4T3, STM32C031C4T6, STM32C031C4U3, STM32C031C4U6, STM32C031C6T3, STM32C031C6T6, STM32C031C6U3, STM32C031C6U6, STM32C031F4P3, STM32C031F4P6, STM32C031F6P3, STM32C031F6P6, STM32C031G4U3, STM32C031G4U6, STM32C031G6U3, STM32C031G6U6, STM32C031K4T3, STM32C031K4T6, STM32C031K4U3, STM32C031K4U6, STM32C031K6T3, STM32C031K6T6, STM32C031K6U3, STM32C031K6U6, STM32G071K8TXN, STM32G071K8UXN, STM32G081GBU6N, STM32G081KBT6N, STM32G081KBUXN, STM32G0B1CCT6N, STM32G0B1KCT6, STM32G0B1NEY6TR, STM32G0B1RCT6N, STM32G0C1CCT6, STM32G0C1CCT6N, STM32G0C1CCU6N, STM32G0C1CET6N, STM32G0C1CEU6N, STM32G0C1KCT6, STM32G0C1NEY6TR, STM32G0C1RCI6N, STM32G0C1RCT6N, STM32G0C1REI6N, STM32G0C1RET6N, STM32G0C1VCI6, STM32G0C1VEI6, STM32G471CCT6, STM32G471CCU6, STM32G471CET3, STM32G471CET6, STM32G471CEU3, STM32G471CEU6, STM32G471MCT6, STM32G471MET3, STM32G471MET6, STM32G471MEY6TR, STM32G471QCT6, STM32G471QET3, STM32G471RCT6, STM32G471RET3, STM32G471RET6, STM32G471VCH6, STM32G471VCI6, STM32G471VCT6, STM32G471VEH3, STM32G471VEH6, STM32G471VEI3, STM32G471VEI6, STM32G471VET3, STM32G471VET6, STM32G474CCT6, STM32H503CBT6, STM32H503CBU6, STM32H503EBY6TR, STM32H503KBU6, STM32H503RBT6, STM32H523CCT6, STM32H523CCU6, STM32H523CET6, STM32H523CEU6, STM32H523HEY6TR, STM32H523RCT6, STM32H523RET6, STM32H523VCI6, STM32H523VCT6, STM32H523VEI6, STM32H523VET6, STM32H523ZCJ6, STM32H523ZCT6, STM32H523ZEJ6, STM32H523ZET6, STM32H533CET6, STM32H533CEU6, STM32H533HEY6TR, STM32H533RET6, STM32H533VEI6, STM32H533VET6, STM32H533ZEJ6, STM32H533ZET6, STM32H562AGI6, STM32H562AII6, STM32H562IGK6, STM32H562IGT6, STM32H562IIK6, STM32H562IIT6, STM32H562RGT6, STM32H562RGV6, STM32H562RIT6, STM32H562RIV6, STM32H562VGT6, STM32H562VIT6, STM32H562ZGT6, STM32H562ZIT6, STM32H563AGI6, STM32H563AII3Q, STM32H563AII6, STM32H563IGK6, STM32H563IGT6, STM32H563IIK3Q, STM32H563IIK6, STM32H563IIT3Q, STM32H563IIT6, STM32H563MIY3QTR, STM32H563RGT6, STM32H563RGV6, STM32H563RIT6, STM32H563RIV6, STM32H563VGT6, STM32H563VIT3Q, STM32H563VIT6, STM32H563ZGT6, STM32H563ZIT3Q, STM32H563ZIT6, STM32H573AII3Q, STM32H573AII6, STM32H573I-DK, STM32H573IIK3Q, STM32H573IIK6, STM32H573IIT3Q, STM32H573IIT6, STM32H573MIY3QTR, STM32H573RIT6, STM32H573RIV6, STM32H573VIT3Q, STM32H573VIT6, STM32H573ZIT3Q, STM32H573ZIT6, STM32H7R3A8I6, STM32H7R3I8K6, STM32H7R3I8T6, STM32H7R3L8H6, STM32H7R3L8H6H, STM32H7R3R8V6, STM32H7R3V8H6, STM32H7R3V8T6, STM32H7R3V8Y6, STM32H7R3Z8J6, STM32H7R3Z8T6, STM32H7R7A8I6, STM32H7R7I8K6, STM32H7R7I8T6, STM32H7R7L8H6, STM32H7R7L8H6H, STM32H7R7Z8J6, STM32H7S3A8I6, STM32H7S3I8K6, STM32H7S3I8T6, STM32H7S3L8H6, STM32H7S3L8H6H, STM32H7S3R8V6, STM32H7S3V8H6, STM32H7S3V8T6, STM32H7S3V8Y6, STM32H7S3Z8J6, STM32H7S3Z8T6, STM32H7S78-DK, STM32H7S7A8I6, STM32H7S7I8K6, STM32H7S7I8T6, STM32H7S7L8H6, STM32H7S7L8H6H, STM32H7S7Z8J6, STM32L4R5QGI6STR, STM32MP131AAE3, STM32MP131AAF3, STM32MP131AAG3, STM32MP131CAE3, STM32MP131CAF3, STM32MP131CAG3, STM32MP131DAE7, STM32MP131DAF7, STM32MP131DAG7, STM32MP131FAE7, STM32MP131FAF7, STM32MP131FAG7, STM32MP133AAE3, STM32MP133AAF3, STM32MP133AAG3, STM32MP133CAE3, STM32MP133CAF3, STM32MP133CAG3, STM32MP133DAE7, STM32MP133DAF7, STM32MP133DAG7, STM32MP133FAE7, STM32MP133FAF7, STM32MP133FAG7, STM32MP135AAE3, STM32MP135AAF3, STM32MP135AAG3, STM32MP135CAE3, STM32MP135CAF3, STM32MP135CAG3, STM32MP135DAE7, STM32MP135DAF7, STM32MP135DAG7, STM32MP135F-DK, STM32MP135FAE7, STM32MP135FAF7, STM32MP135FAF7T, STM32MP135FAF7U, STM32MP135FAG7, STM32U031C6T6, STM32U031C6U6, STM32U031C8T6, STM32U031C8U6, STM32U031F4P6, STM32U031F6P6, STM32U031F8P6, STM32U031G6Y6TR, STM32U031G8Y6TR, STM32U031K4U6, STM32U031K6U6, STM32U031K8U6, STM32U031R6I6, STM32U031R6T6, STM32U031R8I6, STM32U031R8T6, STM32U073C8T6, STM32U073C8U6, STM32U073CBT6, STM32U073CBU6, STM32U073CCT6, STM32U073CCU6, STM32U073H8Y6TR, STM32U073HBY6TR, STM32U073HCY6TR, STM32U073K8U6, STM32U073KBU6, STM32U073KCU6, STM32U073M8I6, STM32U073M8T6, STM32U073MBI6, STM32U073MBT6, STM32U073MCI6, STM32U073MCT6, STM32U073R8I6, STM32U073R8T6, STM32U073RBI6, STM32U073RBT6, STM32U073RCI6, STM32U073RCT6, STM32U083C-DK, STM32U083CCT6, STM32U083CCU6, STM32U083HCY6TR, STM32U083KCU6, STM32U083MCI6, STM32U083MCT6, STM32U083RCI6, STM32U083RCT6, STM32U535CBT6, STM32U535CBT6Q, STM32U535CBU6, STM32U535CBU6Q, STM32U535CCT6, STM32U535CCT6Q, STM32U535CCU6, STM32U535CCU6Q, STM32U535CET6, STM32U535CET6Q, STM32U535CEU6, STM32U535CEU6Q, STM32U535JEY6QTR, STM32U535NCY6QTR, STM32U535NEY6QTR, STM32U535RBI6, STM32U535RBI6Q, STM32U535RBT6, STM32U535RBT6Q, STM32U535RCI6, STM32U535RCI6Q, STM32U535RCT6, STM32U535RCT6Q, STM32U535REI6, STM32U535REI6Q, STM32U535RET6, STM32U535RET6Q, STM32U535VCI6, STM32U535VCI6Q, STM32U535VCT6, STM32U535VCT6Q, STM32U535VEI6, STM32U535VEI6Q, STM32U535VET6, STM32U535VET6Q, STM32U545CET6, STM32U545CET6Q, STM32U545CEU6, STM32U545CEU6Q, STM32U545JEY6QTR, STM32U545NEY6QTR, STM32U545REI6, STM32U545REI6Q, STM32U545RET6, STM32U545RET6Q, STM32U545VEI6, STM32U545VEI6Q, STM32U545VET6, STM32U545VET6Q, STM32U595AIH6, STM32U595AIH6Q, STM32U595AJH6, STM32U595AJH6Q, STM32U595QII6, STM32U595QII6Q, STM32U595QJI6, STM32U595QJI6Q, STM32U595RIT6, STM32U595RIT6Q, STM32U595RJT6, STM32U595RJT6Q, STM32U595VIT6, STM32U595VIT6Q, STM32U595VJT6, STM32U595VJT6Q, STM32U595ZIT6, STM32U595ZIT6Q, STM32U595ZIY6QTR, STM32U595ZJT6, STM32U595ZJT6Q, STM32U595ZJY6QTR, STM32U599BJY6QTR, STM32U599NIH6Q, STM32U599NJH6Q, STM32U599VIT6Q, STM32U599VJT6, STM32U599VJT6Q, STM32U599ZIT6Q, STM32U599ZIY6QTR, STM32U599ZJT6Q, STM32U599ZJY6QTR, STM32U5A5AJH6, STM32U5A5AJH6Q, STM32U5A5QII3Q , STM32U5A5QJI6, STM32U5A5QJI6Q, STM32U5A5RJT6, STM32U5A5RJT6Q, STM32U5A5VJT6, STM32U5A5VJT6Q, STM32U5A5ZJT6, STM32U5A5ZJT6Q, STM32U5A5ZJY6QTR, STM32U5A9BJY6QTR, STM32U5A9J-DK, STM32U5A9NJH6Q, STM32U5A9VJT6Q, STM32U5A9ZJT6Q, STM32U5A9ZJY6QTR, STM32U5F7VIT6, STM32U5F7VIT6Q, STM32U5F7VJT6, STM32U5F7VJT6Q, STM32U5F9BJY6QTR, STM32U5F9NJH6Q, STM32U5F9VIT6Q, STM32U5F9VJT6Q, STM32U5F9ZIJ6QTR, STM32U5F9ZIT6Q, STM32U5F9ZJJ6QTR, STM32U5F9ZJT6Q, STM32U5G7VJT6, STM32U5G7VJT6Q, STM32U5G9BJY6QTR, STM32U5G9J-DK1, STM32U5G9J-DK2, STM32U5G9NJH6Q, STM32U5G9VJT6Q, STM32U5G9ZJJ6QTR, STM32U5G9ZJT6Q, STM32WB1MMCH6, STM32WBA50KEU6, STM32WBA50KEU6TR, STM32WBA50KGU6, STM32WBA50KGU6TR, STM32WBA52CEU6, STM32WBA52CEU6TR, STM32WBA52CEU7, STM32WBA52CEU7TR, STM32WBA52CGU6, STM32WBA52CGU6TR, STM32WBA52CGU6U, STM32WBA52CGU7, STM32WBA52CGU7TR, STM32WBA52KEU6, STM32WBA52KEU6TR, STM32WBA52KGU6, STM32WBA52KGU6TR, STM32WBA54CEU6, STM32WBA54CEU6TR, STM32WBA54CEU7, STM32WBA54CEU7TR, STM32WBA54CGU6, STM32WBA54CGU6TR, STM32WBA54CGU7, STM32WBA54CGU7TR, STM32WBA54KEU6, STM32WBA54KEU6TR, STM32WBA54KEU7, STM32WBA54KEU7TR, STM32WBA54KGU6, STM32WBA54KGU6TR, STM32WBA54KGU7, STM32WBA54KGU7TR, STM32WBA55CEU6, STM32WBA55CEU6TR, STM32WBA55CEU7, STM32WBA55CEU7TR, STM32WBA55CGU6, STM32WBA55CGU6TR, STM32WBA55CGU6U, STM32WBA55CGU7, STM32WBA55CGU7TR, STM32WBA55G-DK1, STM32WBA55HEF6, STM32WBA55HEF7, STM32WBA55HGF6, STM32WBA55HGF7, STM32WBA55UEI6, STM32WBA55UEI6TR, STM32WBA55UEI7, STM32WBA55UEI7TR, STM32WBA55UGI6, STM32WBA55UGI6TR, STM32WBA55UGI7, STM32WBA55UGI7TR, STM32WL5MOCH6, STM32WL5MOCH6TR]
2026-01-07 22:19:56,969 [INFO] ApiDb:668 - CubeFinder database Data Model version=2.1
2026-01-07 22:19:56,969 [INFO] ApiDb:669 - CubeFinder database Configuration version=3.0.39
2026-01-07 22:19:56,969 [INFO] ApiDb:670 - CubeFinder database generation date=2025-11-05 (1762334721)
2026-01-07 22:19:56,969 [INFO] ApiDb:671 - CubeFinder database FW Pack versions=[FP-ATR-ASTRA1_V2.0.0, FP-SNS-FLIGHT1_V5.1.0, FP-SNS-MOTENV1_V5.1.0, FP-SNS-MOTENVWB1_V1.4.0, FP-SNS-SMARTAG2_V1.2.0, FP-SNS-STBOX1_V2.1.0, STM32Cube_FW_C0_V1.4.0, STM32Cube_FW_F4_V1.28.3, STM32Cube_FW_F7_V1.17.4, STM32Cube_FW_G0_V1.6.2, STM32Cube_FW_G4_V1.6.1, STM32Cube_FW_H5_V1.5.1, STM32Cube_FW_H7RS_V1.3.0, STM32Cube_FW_H7_V1.12.1, STM32Cube_FW_L0_V1.12.2, STM32Cube_FW_L4_V1.18.1, STM32Cube_FW_L5_V1.6.0, STM32Cube_FW_N6_V1.3.0, STM32Cube_FW_U0_V1.3.0, STM32Cube_FW_U3_V1.2.1, STM32Cube_FW_U5_V1.8.0, STM32Cube_FW_WB0_V1.4.0, STM32Cube_FW_WBA_V1.8.0, STM32Cube_FW_WB_V1.24.0, STM32Cube_FW_WL3_V1.3.0, STM32Cube_FW_WL_V1.4.0, X-CUBE-ALGOBUILD_V1.4.0, X-CUBE-ALS_V1.0.2, X-CUBE-AZRTOS-F4_V1.1.0, X-CUBE-AZRTOS-F7_V1.1.0, X-CUBE-AZRTOS-G0_V1.1.0, X-CUBE-AZRTOS-G4_V2.0.0, X-CUBE-AZRTOS-H7RS_V1.1.0, X-CUBE-AZRTOS-H7_V3.4.0, X-CUBE-AZRTOS-L4_V2.0.0, X-CUBE-AZRTOS-L5_V2.0.0, X-CUBE-AZRTOS-WB_V2.0.0, X-CUBE-AZRTOS-WL_V2.0.0, X-CUBE-BLE1_V7.1.0, X-CUBE-BLE2_V3.3.0, X-CUBE-BLEMGR_V4.1.0, X-CUBE-EEPRMA1_V5.2.0, X-CUBE-FREERTOS_V1.3.1, X-CUBE-GNSS1_V6.0.0, X-CUBE-MEMS1_V11.3.0, X-CUBE-NFC4_V3.0.0, X-CUBE-NFC7_V2.0.0, X-CUBE-SFXS2LP1_V4.0.0, X-CUBE-ST67W61_V1.1.0, X-CUBE-SUBG2_V5.0.0, X-CUBE-TOF1_V3.4.3]
2026-01-07 22:19:58,840 [INFO] ApiDb:240 - Found 483 in-development CPN: [B-G473E-ZEST1S, B-WB1M-WPAN1, B-WL5M-SUBG1, NUCLEO-C031C6, NUCLEO-H503RB, NUCLEO-H533RE, NUCLEO-H563ZI, NUCLEO-H7S3L8, NUCLEO-U031R8, NUCLEO-U083RC, NUCLEO-U545RE-Q, NUCLEO-U5A5ZJ-Q, NUCLEO-WBA52CG, NUCLEO-WBA55CG, STEVAL-PROTEUS1, STEVAL-SMARTAG2, STEVAL-STWINBX1, STM320518-EVAL, STM32C0116-DK, STM32C011D6Y3TR, STM32C011D6Y6TR, STM32C011F4P3, STM32C011F4P6, STM32C011F4U3, STM32C011F4U6TR, STM32C011F6P3, STM32C011F6P6, STM32C011F6U3, STM32C011F6U6TR, STM32C011J4M3, STM32C011J4M6, STM32C011J6M3, STM32C011J6M6, STM32C0316-DK, STM32C031C4T3, STM32C031C4T6, STM32C031C4U3, STM32C031C4U6, STM32C031C6T3, STM32C031C6T6, STM32C031C6U3, STM32C031C6U6, STM32C031F4P3, STM32C031F4P6, STM32C031F6P3, STM32C031F6P6, STM32C031G4U3, STM32C031G4U6, STM32C031G6U3, STM32C031G6U6, STM32C031K4T3, STM32C031K4T6, STM32C031K4U3, STM32C031K4U6, STM32C031K6T3, STM32C031K6T6, STM32C031K6U3, STM32C031K6U6, STM32G071K8TXN, STM32G071K8UXN, STM32G081GBU6N, STM32G081KBT6N, STM32G081KBUXN, STM32G0B1CCT6N, STM32G0B1KCT6, STM32G0B1NEY6TR, STM32G0B1RCT6N, STM32G0C1CCT6, STM32G0C1CCT6N, STM32G0C1CCU6N, STM32G0C1CET6N, STM32G0C1CEU6N, STM32G0C1KCT6, STM32G0C1NEY6TR, STM32G0C1RCI6N, STM32G0C1RCT6N, STM32G0C1REI6N, STM32G0C1RET6N, STM32G0C1VCI6, STM32G0C1VEI6, STM32G471CCT6, STM32G471CCU6, STM32G471CET3, STM32G471CET6, STM32G471CEU3, STM32G471CEU6, STM32G471MCT6, STM32G471MET3, STM32G471MET6, STM32G471MEY6TR, STM32G471QCT6, STM32G471QET3, STM32G471RCT6, STM32G471RET3, STM32G471RET6, STM32G471VCH6, STM32G471VCI6, STM32G471VCT6, STM32G471VEH3, STM32G471VEH6, STM32G471VEI3, STM32G471VEI6, STM32G471VET3, STM32G471VET6, STM32G474CCT6, STM32H503CBT6, STM32H503CBU6, STM32H503EBY6TR, STM32H503KBU6, STM32H503RBT6, STM32H523CCT6, STM32H523CCU6, STM32H523CET6, STM32H523CEU6, STM32H523HEY6TR, STM32H523RCT6, STM32H523RET6, STM32H523VCI6, STM32H523VCT6, STM32H523VEI6, STM32H523VET6, STM32H523ZCJ6, STM32H523ZCT6, STM32H523ZEJ6, STM32H523ZET6, STM32H533CET6, STM32H533CEU6, STM32H533HEY6TR, STM32H533RET6, STM32H533VEI6, STM32H533VET6, STM32H533ZEJ6, STM32H533ZET6, STM32H562AGI6, STM32H562AII6, STM32H562IGK6, STM32H562IGT6, STM32H562IIK6, STM32H562IIT6, STM32H562RGT6, STM32H562RGV6, STM32H562RIT6, STM32H562RIV6, STM32H562VGT6, STM32H562VIT6, STM32H562ZGT6, STM32H562ZIT6, STM32H563AGI6, STM32H563AII3Q, STM32H563AII6, STM32H563IGK6, STM32H563IGT6, STM32H563IIK3Q, STM32H563IIK6, STM32H563IIT3Q, STM32H563IIT6, STM32H563MIY3QTR, STM32H563RGT6, STM32H563RGV6, STM32H563RIT6, STM32H563RIV6, STM32H563VGT6, STM32H563VIT3Q, STM32H563VIT6, STM32H563ZGT6, STM32H563ZIT3Q, STM32H563ZIT6, STM32H573AII3Q, STM32H573AII6, STM32H573I-DK, STM32H573IIK3Q, STM32H573IIK6, STM32H573IIT3Q, STM32H573IIT6, STM32H573MIY3QTR, STM32H573RIT6, STM32H573RIV6, STM32H573VIT3Q, STM32H573VIT6, STM32H573ZIT3Q, STM32H573ZIT6, STM32H7R3A8I6, STM32H7R3I8K6, STM32H7R3I8T6, STM32H7R3L8H6, STM32H7R3L8H6H, STM32H7R3R8V6, STM32H7R3V8H6, STM32H7R3V8T6, STM32H7R3V8Y6, STM32H7R3Z8J6, STM32H7R3Z8T6, STM32H7R7A8I6, STM32H7R7I8K6, STM32H7R7I8T6, STM32H7R7L8H6, STM32H7R7L8H6H, STM32H7R7Z8J6, STM32H7S3A8I6, STM32H7S3I8K6, STM32H7S3I8T6, STM32H7S3L8H6, STM32H7S3L8H6H, STM32H7S3R8V6, STM32H7S3V8H6, STM32H7S3V8T6, STM32H7S3V8Y6, STM32H7S3Z8J6, STM32H7S3Z8T6, STM32H7S78-DK, STM32H7S7A8I6, STM32H7S7I8K6, STM32H7S7I8T6, STM32H7S7L8H6, STM32H7S7L8H6H, STM32H7S7Z8J6, STM32L4R5QGI6STR, STM32MP131AAE3, STM32MP131AAF3, STM32MP131AAG3, STM32MP131CAE3, STM32MP131CAF3, STM32MP131CAG3, STM32MP131DAE7, STM32MP131DAF7, STM32MP131DAG7, STM32MP131FAE7, STM32MP131FAF7, STM32MP131FAG7, STM32MP133AAE3, STM32MP133AAF3, STM32MP133AAG3, STM32MP133CAE3, STM32MP133CAF3, STM32MP133CAG3, STM32MP133DAE7, STM32MP133DAF7, STM32MP133DAG7, STM32MP133FAE7, STM32MP133FAF7, STM32MP133FAG7, STM32MP135AAE3, STM32MP135AAF3, STM32MP135AAG3, STM32MP135CAE3, STM32MP135CAF3, STM32MP135CAG3, STM32MP135DAE7, STM32MP135DAF7, STM32MP135DAG7, STM32MP135F-DK, STM32MP135FAE7, STM32MP135FAF7, STM32MP135FAF7T, STM32MP135FAF7U, STM32MP135FAG7, STM32U031C6T6, STM32U031C6U6, STM32U031C8T6, STM32U031C8U6, STM32U031F4P6, STM32U031F6P6, STM32U031F8P6, STM32U031G6Y6TR, STM32U031G8Y6TR, STM32U031K4U6, STM32U031K6U6, STM32U031K8U6, STM32U031R6I6, STM32U031R6T6, STM32U031R8I6, STM32U031R8T6, STM32U073C8T6, STM32U073C8U6, STM32U073CBT6, STM32U073CBU6, STM32U073CCT6, STM32U073CCU6, STM32U073H8Y6TR, STM32U073HBY6TR, STM32U073HCY6TR, STM32U073K8U6, STM32U073KBU6, STM32U073KCU6, STM32U073M8I6, STM32U073M8T6, STM32U073MBI6, STM32U073MBT6, STM32U073MCI6, STM32U073MCT6, STM32U073R8I6, STM32U073R8T6, STM32U073RBI6, STM32U073RBT6, STM32U073RCI6, STM32U073RCT6, STM32U083C-DK, STM32U083CCT6, STM32U083CCU6, STM32U083HCY6TR, STM32U083KCU6, STM32U083MCI6, STM32U083MCT6, STM32U083RCI6, STM32U083RCT6, STM32U535CBT6, STM32U535CBT6Q, STM32U535CBU6, STM32U535CBU6Q, STM32U535CCT6, STM32U535CCT6Q, STM32U535CCU6, STM32U535CCU6Q, STM32U535CET6, STM32U535CET6Q, STM32U535CEU6, STM32U535CEU6Q, STM32U535JEY6QTR, STM32U535NCY6QTR, STM32U535NEY6QTR, STM32U535RBI6, STM32U535RBI6Q, STM32U535RBT6, STM32U535RBT6Q, STM32U535RCI6, STM32U535RCI6Q, STM32U535RCT6, STM32U535RCT6Q, STM32U535REI6, STM32U535REI6Q, STM32U535RET6, STM32U535RET6Q, STM32U535VCI6, STM32U535VCI6Q, STM32U535VCT6, STM32U535VCT6Q, STM32U535VEI6, STM32U535VEI6Q, STM32U535VET6, STM32U535VET6Q, STM32U545CET6, STM32U545CET6Q, STM32U545CEU6, STM32U545CEU6Q, STM32U545JEY6QTR, STM32U545NEY6QTR, STM32U545REI6, STM32U545REI6Q, STM32U545RET6, STM32U545RET6Q, STM32U545VEI6, STM32U545VEI6Q, STM32U545VET6, STM32U545VET6Q, STM32U595AIH6, STM32U595AIH6Q, STM32U595AJH6, STM32U595AJH6Q, STM32U595QII6, STM32U595QII6Q, STM32U595QJI6, STM32U595QJI6Q, STM32U595RIT6, STM32U595RIT6Q, STM32U595RJT6, STM32U595RJT6Q, STM32U595VIT6, STM32U595VIT6Q, STM32U595VJT6, STM32U595VJT6Q, STM32U595ZIT6, STM32U595ZIT6Q, STM32U595ZIY6QTR, STM32U595ZJT6, STM32U595ZJT6Q, STM32U595ZJY6QTR, STM32U599BJY6QTR, STM32U599NIH6Q, STM32U599NJH6Q, STM32U599VIT6Q, STM32U599VJT6, STM32U599VJT6Q, STM32U599ZIT6Q, STM32U599ZIY6QTR, STM32U599ZJT6Q, STM32U599ZJY6QTR, STM32U5A5AJH6, STM32U5A5AJH6Q, STM32U5A5QII3Q , STM32U5A5QJI6, STM32U5A5QJI6Q, STM32U5A5RJT6, STM32U5A5RJT6Q, STM32U5A5VJT6, STM32U5A5VJT6Q, STM32U5A5ZJT6, STM32U5A5ZJT6Q, STM32U5A5ZJY6QTR, STM32U5A9BJY6QTR, STM32U5A9J-DK, STM32U5A9NJH6Q, STM32U5A9VJT6Q, STM32U5A9ZJT6Q, STM32U5A9ZJY6QTR, STM32U5F7VIT6, STM32U5F7VIT6Q, STM32U5F7VJT6, STM32U5F7VJT6Q, STM32U5F9BJY6QTR, STM32U5F9NJH6Q, STM32U5F9VIT6Q, STM32U5F9VJT6Q, STM32U5F9ZIJ6QTR, STM32U5F9ZIT6Q, STM32U5F9ZJJ6QTR, STM32U5F9ZJT6Q, STM32U5G7VJT6, STM32U5G7VJT6Q, STM32U5G9BJY6QTR, STM32U5G9J-DK1, STM32U5G9J-DK2, STM32U5G9NJH6Q, STM32U5G9VJT6Q, STM32U5G9ZJJ6QTR, STM32U5G9ZJT6Q, STM32WB1MMCH6, STM32WBA50KEU6, STM32WBA50KEU6TR, STM32WBA50KGU6, STM32WBA50KGU6TR, STM32WBA52CEU6, STM32WBA52CEU6TR, STM32WBA52CEU7, STM32WBA52CEU7TR, STM32WBA52CGU6, STM32WBA52CGU6TR, STM32WBA52CGU6U, STM32WBA52CGU7, STM32WBA52CGU7TR, STM32WBA52KEU6, STM32WBA52KEU6TR, STM32WBA52KGU6, STM32WBA52KGU6TR, STM32WBA54CEU6, STM32WBA54CEU6TR, STM32WBA54CEU7, STM32WBA54CEU7TR, STM32WBA54CGU6, STM32WBA54CGU6TR, STM32WBA54CGU7, STM32WBA54CGU7TR, STM32WBA54KEU6, STM32WBA54KEU6TR, STM32WBA54KEU7, STM32WBA54KEU7TR, STM32WBA54KGU6, STM32WBA54KGU6TR, STM32WBA54KGU7, STM32WBA54KGU7TR, STM32WBA55CEU6, STM32WBA55CEU6TR, STM32WBA55CEU7, STM32WBA55CEU7TR, STM32WBA55CGU6, STM32WBA55CGU6TR, STM32WBA55CGU6U, STM32WBA55CGU7, STM32WBA55CGU7TR, STM32WBA55G-DK1, STM32WBA55HEF6, STM32WBA55HEF7, STM32WBA55HGF6, STM32WBA55HGF7, STM32WBA55UEI6, STM32WBA55UEI6TR, STM32WBA55UEI7, STM32WBA55UEI7TR, STM32WBA55UGI6, STM32WBA55UGI6TR, STM32WBA55UGI7, STM32WBA55UGI7TR, STM32WL5MOCH6, STM32WL5MOCH6TR]
2026-01-07 22:19:58,843 [INFO] DbMcus:218 - Found 4816 MCUs, 4816 are supported
2026-01-07 22:19:58,845 [INFO] ApiDb:423 - Load user favorites file C:\Users\USER/.stm32cubeide/favorites.mcus.txt: 0 item(s)
2026-01-07 22:19:58,846 [INFO] ApiDb:427 - User favorites MCUs=[]
2026-01-07 22:19:58,846 [INFO] DbMcus:224 - Set 0 / 0 favorites MCUs
2026-01-07 22:19:59,272 [INFO] BoardInfo:889 - No configuration file found for board B-WBA5M-WPAN
2026-01-07 22:19:59,273 [INFO] DbBoards:161 - Board is not supported: B-WBA5M-WPAN
2026-01-07 22:19:59,276 [INFO] BoardInfo:889 - No configuration file found for board NUCLEO-C051C8
2026-01-07 22:19:59,276 [INFO] DbBoards:161 - Board is not supported: NUCLEO-C051C8
2026-01-07 22:19:59,277 [INFO] BoardInfo:889 - No configuration file found for board NUCLEO-C071RB
2026-01-07 22:19:59,277 [INFO] DbBoards:161 - Board is not supported: NUCLEO-C071RB
2026-01-07 22:19:59,278 [INFO] BoardInfo:889 - No configuration file found for board NUCLEO-C092RC
2026-01-07 22:19:59,278 [INFO] DbBoards:161 - Board is not supported: NUCLEO-C092RC
2026-01-07 22:19:59,338 [INFO] BoardInfo:889 - No configuration file found for board NUCLEO-N657X0-Q
2026-01-07 22:19:59,338 [INFO] DbBoards:161 - Board is not supported: NUCLEO-N657X0-Q
2026-01-07 22:19:59,341 [INFO] BoardInfo:889 - No configuration file found for board NUCLEO-U385RG-Q
2026-01-07 22:19:59,341 [INFO] DbBoards:161 - Board is not supported: NUCLEO-U385RG-Q
2026-01-07 22:19:59,344 [INFO] BoardInfo:889 - No configuration file found for board NUCLEO-WB05KZ
2026-01-07 22:19:59,344 [INFO] DbBoards:161 - Board is not supported: NUCLEO-WB05KZ
2026-01-07 22:19:59,345 [INFO] BoardInfo:889 - No configuration file found for board NUCLEO-WB07CC
2026-01-07 22:19:59,345 [INFO] DbBoards:161 - Board is not supported: NUCLEO-WB07CC
2026-01-07 22:19:59,346 [INFO] BoardInfo:889 - No configuration file found for board NUCLEO-WB09KE
2026-01-07 22:19:59,346 [INFO] DbBoards:161 - Board is not supported: NUCLEO-WB09KE
2026-01-07 22:19:59,351 [INFO] BoardInfo:889 - No configuration file found for board NUCLEO-WBA65RI
2026-01-07 22:19:59,351 [INFO] DbBoards:161 - Board is not supported: NUCLEO-WBA65RI
2026-01-07 22:19:59,352 [INFO] BoardInfo:889 - No configuration file found for board NUCLEO-WL33CC1
2026-01-07 22:19:59,352 [INFO] DbBoards:161 - Board is not supported: NUCLEO-WL33CC1
2026-01-07 22:19:59,353 [INFO] BoardInfo:889 - No configuration file found for board NUCLEO-WL33CC2
2026-01-07 22:19:59,353 [INFO] DbBoards:161 - Board is not supported: NUCLEO-WL33CC2
2026-01-07 22:19:59,357 [INFO] BoardInfo:889 - No configuration file found for board P-NUCLEO-WB55
2026-01-07 22:19:59,357 [INFO] DbBoards:161 - Kit is not supported: P-NUCLEO-WB55
2026-01-07 22:19:59,361 [INFO] BoardInfo:889 - No configuration file found for board STEVAL-BFA001V1B
2026-01-07 22:19:59,361 [INFO] DbBoards:161 - Kit is not supported: STEVAL-BFA001V1B
2026-01-07 22:19:59,362 [INFO] BoardInfo:889 - No configuration file found for board STEVAL-BFA001V2B
2026-01-07 22:19:59,362 [INFO] DbBoards:161 - Kit is not supported: STEVAL-BFA001V2B
2026-01-07 22:19:59,444 [INFO] BoardInfo:889 - No configuration file found for board STM32MP257F-DK
2026-01-07 22:19:59,444 [INFO] DbBoards:161 - Board is not supported: STM32MP257F-DK
2026-01-07 22:19:59,445 [INFO] BoardInfo:889 - No configuration file found for board STM32MP257F-EV1
2026-01-07 22:19:59,445 [INFO] DbBoards:161 - Board is not supported: STM32MP257F-EV1
2026-01-07 22:19:59,446 [INFO] BoardInfo:889 - No configuration file found for board STM32N6570-DK
2026-01-07 22:19:59,446 [INFO] DbBoards:161 - Board is not supported: STM32N6570-DK
2026-01-07 22:19:59,454 [INFO] BoardInfo:889 - No configuration file found for board STM32WBA65I-DK1
2026-01-07 22:19:59,454 [INFO] DbBoards:161 - Board is not supported: STM32WBA65I-DK1
2026-01-07 22:19:59,455 [INFO] DbBoards:168 - Found 211 boards, 192 are supported
2026-01-07 22:19:59,455 [INFO] DbBoards:169 - Found 211 boards, 8 of them is supported for  Bsp
2026-01-07 22:19:59,461 [INFO] ApiDb:423 - Load user favorites file C:\Users\USER/.stm32cubeide/favorites.boards.txt: 0 item(s)
2026-01-07 22:19:59,461 [INFO] ApiDb:427 - User favorites Boards=[]
2026-01-07 22:19:59,461 [INFO] DbBoards:198 - Set 0 / 0 favorites Boards
2026-01-07 22:19:59,553 [INFO] UtilMem:75 - End LoadConfig() Used Memory: 359416048 Bytes (485490688)
2026-01-07 22:19:59,740 [WARN] ThirdParty:833 - waiting for thirdparty lock release [change project]
2026-01-07 22:19:59,741 [INFO] ThirdParty:835 - entering critical section [change project]
2026-01-07 22:19:59,741 [INFO] ThirdParty:1030 - CMSIS Pack Vendor :STMicroelectronics X-CUBE-PM33A1 1.0.0
2026-01-07 22:19:59,741 [INFO] ThirdParty:1030 - CMSIS Pack Vendor :STMicroelectronics USBPD 4.1
2026-01-07 22:19:59,741 [INFO] ThirdParty:1030 - CMSIS Pack Vendor :STMicroelectronics X-CUBE-GNSS1 6.0.0
2026-01-07 22:19:59,741 [INFO] ThirdParty:1030 - CMSIS Pack Vendor :STMicroelectronics USB_HOST 2.0.0
2026-01-07 22:19:59,741 [INFO] ThirdParty:1030 - CMSIS Pack Vendor :STMicroelectronics FP-SNS-MOTENVWB1 1.4.0
2026-01-07 22:19:59,741 [INFO] ThirdParty:1030 - CMSIS Pack Vendor :STMicroelectronics X-CUBE-AZRTOS-F4 1.1.0
2026-01-07 22:19:59,741 [INFO] ThirdParty:1030 - CMSIS Pack Vendor :STMicroelectronics LIBJPEG 8.0.0
2026-01-07 22:19:59,741 [INFO] ThirdParty:1030 - CMSIS Pack Vendor :STMicroelectronics FP-ATR-ASTRA1 2.0.2
2026-01-07 22:19:59,741 [INFO] ThirdParty:1030 - CMSIS Pack Vendor :STMicroelectronics FP-ATR-ASTRA1 2.0.1
2026-01-07 22:19:59,741 [INFO] ThirdParty:1030 - CMSIS Pack Vendor :STMicroelectronics X-CUBE-SMBUS 2.1.0
2026-01-07 22:19:59,741 [INFO] ThirdParty:1030 - CMSIS Pack Vendor :STMicroelectronics X-CUBE-WB05N 1.1.0
2026-01-07 22:19:59,741 [INFO] ThirdParty:1030 - CMSIS Pack Vendor :STMicroelectronics X-CUBE-ISPU 2.1.0
2026-01-07 22:19:59,741 [INFO] ThirdParty:1030 - CMSIS Pack Vendor :STMicroelectronics X-CUBE-FREERTOS 1.2.0
2026-01-07 22:19:59,741 [INFO] ThirdParty:1030 - CMSIS Pack Vendor :STMicroelectronics X-CUBE-NFC12 1.0.0
2026-01-07 22:19:59,741 [INFO] ThirdParty:1030 - CMSIS Pack Vendor :STMicroelectronics X-CUBE-TOUCHGFX 4.23.2
2026-01-07 22:19:59,741 [INFO] ThirdParty:1030 - CMSIS Pack Vendor :STMicroelectronics X-CUBE-AZRTOS-F7 1.1.0
2026-01-07 22:19:59,741 [INFO] ThirdParty:1030 - CMSIS Pack Vendor :STMicroelectronics X-CUBE-AZRTOS-L5 2.0.0
2026-01-07 22:19:59,741 [INFO] ThirdParty:1030 - CMSIS Pack Vendor :STMicroelectronics USB_DEVICE 2.0.0
2026-01-07 22:19:59,741 [INFO] ThirdParty:1030 - CMSIS Pack Vendor :STMicroelectronics X-CUBE-NFC6 3.1.0
2026-01-07 22:19:59,741 [INFO] ThirdParty:1030 - CMSIS Pack Vendor :STMicroelectronics X-CUBE-MEMS1 11.0.0
2026-01-07 22:19:59,741 [INFO] ThirdParty:1030 - CMSIS Pack Vendor :STMicroelectronics FreeRTOS 0.0.1
2026-01-07 22:19:59,741 [INFO] ThirdParty:1030 - CMSIS Pack Vendor :STMicroelectronics X-CUBE-DPower 1.2.0
2026-01-07 22:19:59,741 [INFO] ThirdParty:1030 - CMSIS Pack Vendor :STMicroelectronics FP-SNS-FLIGHT1 5.0.2
2026-01-07 22:19:59,741 [INFO] ThirdParty:1030 - CMSIS Pack Vendor :STMicroelectronics X-CUBE-AI 9.0.0
2026-01-07 22:19:59,741 [INFO] ThirdParty:1030 - CMSIS Pack Vendor :STMicroelectronics PDM2PCM 3.3.0
2026-01-07 22:19:59,741 [INFO] ThirdParty:1030 - CMSIS Pack Vendor :STMicroelectronics X-CUBE-AZRTOS-H7 3.4.0
2026-01-07 22:19:59,742 [INFO] ThirdParty:1030 - CMSIS Pack Vendor :STMicroelectronics X-CUBE-DISPLAY 3.0.0
2026-01-07 22:19:59,742 [INFO] ThirdParty:1030 - CMSIS Pack Vendor :STMicroelectronics X-CUBE-BLE1 7.0.0
2026-01-07 22:19:59,742 [INFO] ThirdParty:1030 - CMSIS Pack Vendor :STMicroelectronics X-CUBE-NFC10 1.0.0
2026-01-07 22:19:59,742 [INFO] ThirdParty:1030 - CMSIS Pack Vendor :STMicroelectronics X-CUBE-BLEMGR 4.0.0
2026-01-07 22:19:59,742 [INFO] ThirdParty:1030 - CMSIS Pack Vendor :STMicroelectronics X-CUBE-FREERTOS 1.3.1
2026-01-07 22:19:59,742 [INFO] ThirdParty:1030 - CMSIS Pack Vendor :STMicroelectronics HAL Drivers 0.0.0
2026-01-07 22:19:59,742 [INFO] ThirdParty:1030 - CMSIS Pack Vendor :emotas I-CUBE-CANOPEN 1.3.0
2026-01-07 22:19:59,742 [INFO] ThirdParty:1030 - CMSIS Pack Vendor :STMicroelectronics X-CUBE-FREERTOS 1.3.0
2026-01-07 22:19:59,742 [INFO] ThirdParty:1030 - CMSIS Pack Vendor :STMicroelectronics X-CUBE-NFC7 1.0.1
2026-01-07 22:19:59,742 [INFO] ThirdParty:1030 - CMSIS Pack Vendor :STMicroelectronics MBEDTLS 2.14.1
2026-01-07 22:19:59,742 [INFO] ThirdParty:1030 - CMSIS Pack Vendor :STMicroelectronics X-CUBE-GNSS1 7.1.0
2026-01-07 22:19:59,742 [INFO] ThirdParty:1030 - CMSIS Pack Vendor :STMicroelectronics X-CUBE-TOUCHGFX 4.26.0
2026-01-07 22:19:59,742 [INFO] ThirdParty:1030 - CMSIS Pack Vendor :STMicroelectronics X-CUBE-BLEMGR 3.1.0
2026-01-07 22:19:59,742 [INFO] ThirdParty:1030 - CMSIS Pack Vendor :STMicroelectronics X-CUBE-AI 10.0.0
2026-01-07 22:19:59,742 [INFO] ThirdParty:1030 - CMSIS Pack Vendor :STMicroelectronics FP-SNS-SMARTAG2 1.2.0
2026-01-07 22:19:59,742 [INFO] ThirdParty:1030 - CMSIS Pack Vendor :STMicroelectronics X-CUBE-MEMS1 11.1.0
2026-01-07 22:19:59,742 [INFO] ThirdParty:1030 - CMSIS Pack Vendor :STMicroelectronics X-CUBE-AZRTOS-WL 2.0.0
2026-01-07 22:19:59,742 [INFO] ThirdParty:1030 - CMSIS Pack Vendor :STMicroelectronics X-CUBE-DPower 1.3.0
2026-01-07 22:19:59,742 [INFO] ThirdParty:1030 - CMSIS Pack Vendor :STMicroelectronics FP-SNS-MOTENV1 5.0.0
2026-01-07 22:19:59,742 [INFO] ThirdParty:1030 - CMSIS Pack Vendor :STMicroelectronics USB_DEVICE 1.0.0
2026-01-07 22:19:59,742 [INFO] ThirdParty:1030 - CMSIS Pack Vendor :STMicroelectronics X-CUBE-AZRTOS-H7RS 1.2.0
2026-01-07 22:19:59,742 [INFO] ThirdParty:1030 - CMSIS Pack Vendor :wolfSSL I-CUBE-wolfMQTT 1.19.0
2026-01-07 22:19:59,742 [INFO] ThirdParty:1030 - CMSIS Pack Vendor :STMicroelectronics X-CUBE-AZRTOS-L4 2.0.0
2026-01-07 22:19:59,742 [INFO] ThirdParty:1030 - CMSIS Pack Vendor :STMicroelectronics ThreadX 0.0.2
2026-01-07 22:19:59,742 [INFO] ThirdParty:1030 - CMSIS Pack Vendor :WES I-CUBE-Cesium 1.3.0
2026-01-07 22:19:59,742 [INFO] ThirdParty:1030 - CMSIS Pack Vendor :STMicroelectronics lwIP 2.1.2
2026-01-07 22:19:59,742 [INFO] ThirdParty:1030 - CMSIS Pack Vendor :STMicroelectronics X-CUBE-SFXS2LP1 4.0.0
2026-01-07 22:19:59,742 [INFO] ThirdParty:1030 - CMSIS Pack Vendor :STMicroelectronics X-CUBE-BLE2 3.3.0
2026-01-07 22:19:59,742 [INFO] ThirdParty:1030 - CMSIS Pack Vendor :STMicroelectronics PDM2PCM 3.2.0
2026-01-07 22:19:59,742 [INFO] ThirdParty:1030 - CMSIS Pack Vendor :STMicroelectronics X-CUBE-AZRTOS-H7 3.3.0
2026-01-07 22:19:59,742 [INFO] ThirdParty:1030 - CMSIS Pack Vendor :STMicroelectronics X-CUBE-NFC9 1.0.0
2026-01-07 22:19:59,742 [INFO] ThirdParty:1030 - CMSIS Pack Vendor :STMicroelectronics X-CUBE-BLE1 7.1.0
2026-01-07 22:19:59,742 [INFO] ThirdParty:1030 - CMSIS Pack Vendor :STMicroelectronics USB_DEVICE 3.0.0
2026-01-07 22:19:59,742 [INFO] ThirdParty:1030 - CMSIS Pack Vendor :STMicroelectronics X-CUBE-TCPP 4.1.0
2026-01-07 22:19:59,742 [INFO] ThirdParty:1030 - CMSIS Pack Vendor :STMicroelectronics X-CUBE-EEPRMA1 5.2.0
2026-01-07 22:19:59,742 [INFO] ThirdParty:1030 - CMSIS Pack Vendor :STMicroelectronics X-CUBE-IPS 3.0.0
2026-01-07 22:19:59,742 [INFO] ThirdParty:1030 - CMSIS Pack Vendor :STMicroelectronics X-CUBE-AZRTOS-WB 2.0.0
2026-01-07 22:19:59,742 [INFO] ThirdParty:1030 - CMSIS Pack Vendor :STMicroelectronics X-CUBE-GNSS1 7.0.0
2026-01-07 22:19:59,742 [INFO] ThirdParty:1030 - CMSIS Pack Vendor :STMicroelectronics X-CUBE-GNSS1 7.0.1
2026-01-07 22:19:59,742 [INFO] ThirdParty:1030 - CMSIS Pack Vendor :STMicroelectronics X-CUBE-TOUCHGFX 4.25.0
2026-01-07 22:19:59,742 [INFO] ThirdParty:1030 - CMSIS Pack Vendor :STMicroelectronics FP-SNS-STBOX1 2.0.0
2026-01-07 22:19:59,742 [INFO] ThirdParty:1030 - CMSIS Pack Vendor :STMicroelectronics X-CUBE-MEMS1 12.0.0
2026-01-07 22:19:59,742 [INFO] ThirdParty:1030 - CMSIS Pack Vendor :STMicroelectronics X-CUBE-ALGOBUILD 1.3.0
2026-01-07 22:19:59,742 [INFO] ThirdParty:1030 - CMSIS Pack Vendor :STMicroelectronics X-CUBE-MEMS1 11.2.0
2026-01-07 22:19:59,742 [INFO] ThirdParty:1030 - CMSIS Pack Vendor :STMicroelectronics X-CUBE-AZRTOS-G0 1.1.0
2026-01-07 22:19:59,742 [INFO] ThirdParty:1030 - CMSIS Pack Vendor :STMicroelectronics X-CUBE-SAFEA1 1.2.2
2026-01-07 22:19:59,742 [INFO] ThirdParty:1030 - CMSIS Pack Vendor :STMicroelectronics X-CUBE-NFC4 3.0.0
2026-01-07 22:19:59,742 [INFO] ThirdParty:1030 - CMSIS Pack Vendor :STMicroelectronics X-CUBE-SUBG2 5.0.0
2026-01-07 22:19:59,742 [INFO] ThirdParty:1030 - CMSIS Pack Vendor :STMicroelectronics X-CUBE-AZRTOS-H7RS 1.1.0
2026-01-07 22:19:59,742 [INFO] ThirdParty:1030 - CMSIS Pack Vendor :STMicroelectronics STM32_WPAN 1.0.0
2026-01-07 22:19:59,742 [INFO] ThirdParty:1030 - CMSIS Pack Vendor :EmbeddedOffice I-CUBE-FS-RTOS 1.0.1
2026-01-07 22:19:59,742 [INFO] ThirdParty:1030 - CMSIS Pack Vendor :STMicroelectronics lwIP 2.0.3
2026-01-07 22:19:59,743 [INFO] ThirdParty:1030 - CMSIS Pack Vendor :Cesanta I-CUBE-Mongoose 7.13.0
2026-01-07 22:19:59,743 [INFO] ThirdParty:1030 - CMSIS Pack Vendor :STMicroelectronics USB_HOST 1.0.0
2026-01-07 22:19:59,743 [INFO] ThirdParty:1030 - CMSIS Pack Vendor :STMicroelectronics X-CUBE-AZRTOS-G4 2.0.0
2026-01-07 22:19:59,743 [INFO] ThirdParty:1030 - CMSIS Pack Vendor :STMicroelectronics X-CUBE-WB05N 2.0.0
2026-01-07 22:19:59,743 [INFO] ThirdParty:1030 - CMSIS Pack Vendor :STMicroelectronics PDM2PCM 3.1.0
2026-01-07 22:19:59,743 [INFO] ThirdParty:1030 - CMSIS Pack Vendor :STMicroelectronics X-CUBE-NFC7 2.0.0
2026-01-07 22:19:59,743 [INFO] ThirdParty:1030 - CMSIS Pack Vendor :RealThread X-CUBE-RT-Thread_Nano 4.1.1
2026-01-07 22:19:59,743 [INFO] ThirdParty:1030 - CMSIS Pack Vendor :wolfSSL I-CUBE-wolfSSL 5.7.0
2026-01-07 22:19:59,743 [INFO] ThirdParty:1030 - CMSIS Pack Vendor :STMicroelectronics FP-ATR-SIGFOX1 3.2.0
2026-01-07 22:19:59,743 [INFO] ThirdParty:1030 - CMSIS Pack Vendor :quantropi X-CUBE-qispace-sdk-base 1.9.3
2026-01-07 22:19:59,743 [INFO] ThirdParty:1030 - CMSIS Pack Vendor :STMicroelectronics X-CUBE-ISPU 2.0.0
2026-01-07 22:19:59,743 [INFO] ThirdParty:1030 - CMSIS Pack Vendor :STMicroelectronics X-CUBE-EEPRMA1 5.1.0
2026-01-07 22:19:59,743 [INFO] ThirdParty:1030 - CMSIS Pack Vendor :STMicroelectronics MBEDTLS 2.16.2
2026-01-07 22:19:59,743 [INFO] ThirdParty:1030 - CMSIS Pack Vendor :STMicroelectronics X-CUBE-ALS 1.0.2
2026-01-07 22:19:59,743 [INFO] ThirdParty:1030 - CMSIS Pack Vendor :STMicroelectronics X-CUBE-MEMS1 10.0.0
2026-01-07 22:19:59,743 [INFO] ThirdParty:1030 - CMSIS Pack Vendor :STMicroelectronics X-CUBE-FREERTOS 1.1.0
2026-01-07 22:19:59,743 [INFO] ThirdParty:1030 - CMSIS Pack Vendor :ITTIA_DB I-CUBE-ITTIADB 8.9.0
2026-01-07 22:19:59,743 [INFO] ThirdParty:1030 - CMSIS Pack Vendor :STMicroelectronics X-CUBE-TOUCHGFX 4.24.2
2026-01-07 22:19:59,743 [INFO] ThirdParty:1030 - CMSIS Pack Vendor :STMicroelectronics X-CUBE-TOUCHGFX 4.24.1
2026-01-07 22:19:59,743 [INFO] ThirdParty:1030 - CMSIS Pack Vendor :STMicroelectronics X-CUBE-STSE01 1.0.0
2026-01-07 22:19:59,743 [INFO] ThirdParty:1030 - CMSIS Pack Vendor :wolfSSL I-CUBE-wolfTPM 3.4.0
2026-01-07 22:19:59,743 [INFO] ThirdParty:1030 - CMSIS Pack Vendor :portGmbH I-Cube-SoM-uGOAL 1.1.0
2026-01-07 22:19:59,743 [INFO] ThirdParty:1030 - CMSIS Pack Vendor :STMicroelectronics X-CUBE-ALS 1.0.1
2026-01-07 22:19:59,743 [INFO] ThirdParty:1030 - CMSIS Pack Vendor :STMicroelectronics X-CUBE-AI 10.2.0
2026-01-07 22:19:59,743 [INFO] ThirdParty:1030 - CMSIS Pack Vendor :STMicroelectronics ThreadX 1.0.0
2026-01-07 22:19:59,743 [INFO] ThirdParty:1030 - CMSIS Pack Vendor :SEGGER I-CUBE-embOS 1.3.1
2026-01-07 22:19:59,743 [INFO] ThirdParty:1030 - CMSIS Pack Vendor :STMicroelectronics X-CUBE-ALGOBUILD 1.4.0
2026-01-07 22:19:59,743 [INFO] ThirdParty:1030 - CMSIS Pack Vendor :STMicroelectronics X-CUBE-AZRTOS-H7RS 1.0.0
2026-01-07 22:19:59,743 [INFO] ThirdParty:1030 - CMSIS Pack Vendor :STMicroelectronics FP-ATR-ASTRA1 2.0.0
2026-01-07 22:19:59,743 [INFO] ThirdParty:1030 - CMSIS Pack Vendor :STMicroelectronics X-CUBE-TOF1 3.4.2
2026-01-07 22:19:59,743 [INFO] ThirdParty:1030 - CMSIS Pack Vendor :STMicroelectronics X-CUBE-AI 9.1.0
2026-01-07 22:19:59,743 [INFO] ThirdParty:1030 - CMSIS Pack Vendor :STMicroelectronics X-CUBE-TOF1 3.4.1
2026-01-07 22:19:59,743 [INFO] ThirdParty:1030 - CMSIS Pack Vendor :STMicroelectronics X-CUBE-AZRTOS-H7 3.2.0
2026-01-07 22:19:59,743 [INFO] ThirdParty:1030 - CMSIS Pack Vendor :Infineon AIROC-Wi-Fi-Bluetooth-STM32 1.6.0
2026-01-07 22:19:59,743 [INFO] ThirdParty:1030 - CMSIS Pack Vendor :wolfSSL I-CUBE-wolfSSH 1.4.17
2026-01-07 22:19:59,743 [INFO] ThirdParty:841 - exiting critical section [change project]
2026-01-07 22:20:00,165 [INFO] PinOutPanel:1561 - setPackage(No Configuration,No Configuration)
2026-01-07 22:20:00,167 [INFO] PinOutPanel:1561 - setPackage(STM32F411CEUx,UFQFPN48)
2026-01-07 22:20:00,774 [INFO] UtilMem:75 - Before build in PCC Used Memory: 220858016 Bytes (485490688)
2026-01-07 22:20:02,256 [INFO] UtilMem:75 - After build in PCC Used Memory: 316278432 Bytes (485490688)
2026-01-07 22:20:02,289 [INFO] IPUIPlugin:80 - create IPUIPlugin
2026-01-07 22:20:02,290 [INFO] IPUIPlugin:80 - create IPUIPlugin
2026-01-07 22:20:02,290 [INFO] IPUIPlugin:80 - create IPUIPlugin
2026-01-07 22:20:02,290 [INFO] IPUIPlugin:80 - create IPUIPlugin
2026-01-07 22:20:02,290 [INFO] IPUIPlugin:80 - create IPUIPlugin
2026-01-07 22:20:02,290 [INFO] IPUIPlugin:80 - create IPUIPlugin
2026-01-07 22:20:02,290 [INFO] IPUIPlugin:80 - create IPUIPlugin
2026-01-07 22:20:02,290 [INFO] IPUIPlugin:80 - create IPUIPlugin
2026-01-07 22:20:02,290 [INFO] IPUIPlugin:80 - create IPUIPlugin
2026-01-07 22:20:02,290 [INFO] IPUIPlugin:80 - create IPUIPlugin
2026-01-07 22:20:02,291 [INFO] IPUIPlugin:80 - create IPUIPlugin
2026-01-07 22:20:02,291 [INFO] IPUIPlugin:80 - create IPUIPlugin
2026-01-07 22:20:02,291 [INFO] IPUIPlugin:80 - create IPUIPlugin
2026-01-07 22:20:02,291 [INFO] IPUIPlugin:80 - create IPUIPlugin
2026-01-07 22:20:02,291 [INFO] IPUIPlugin:80 - create IPUIPlugin
2026-01-07 22:20:02,291 [INFO] IPUIPlugin:80 - create IPUIPlugin
2026-01-07 22:20:02,292 [INFO] IPUIPlugin:80 - create IPUIPlugin
2026-01-07 22:20:02,292 [INFO] IPUIPlugin:80 - create IPUIPlugin
2026-01-07 22:20:02,292 [INFO] IPUIPlugin:80 - create IPUIPlugin
2026-01-07 22:20:02,292 [INFO] IPUIPlugin:80 - create IPUIPlugin
2026-01-07 22:20:02,292 [INFO] IPUIPlugin:80 - create IPUIPlugin
2026-01-07 22:20:02,292 [INFO] IPUIPlugin:80 - create IPUIPlugin
2026-01-07 22:20:02,293 [INFO] IPUIPlugin:80 - create IPUIPlugin
2026-01-07 22:20:02,293 [INFO] IPUIPlugin:80 - create IPUIPlugin
2026-01-07 22:20:02,293 [INFO] IPUIPlugin:80 - create IPUIPlugin
2026-01-07 22:20:02,293 [INFO] IPUIPlugin:80 - create IPUIPlugin
2026-01-07 22:20:02,293 [INFO] IPUIPlugin:80 - create IPUIPlugin
2026-01-07 22:20:02,293 [INFO] IPUIPlugin:80 - create IPUIPlugin
2026-01-07 22:20:02,294 [INFO] IPUIPlugin:80 - create IPUIPlugin
2026-01-07 22:20:02,294 [INFO] IPUIPlugin:80 - create IPUIPlugin
2026-01-07 22:20:02,294 [INFO] IPUIPlugin:80 - create IPUIPlugin
2026-01-07 22:20:02,294 [INFO] IPUIPlugin:80 - create IPUIPlugin
2026-01-07 22:20:02,294 [INFO] IPUIPlugin:80 - create IPUIPlugin
2026-01-07 22:20:02,294 [INFO] IPUIPlugin:80 - create IPUIPlugin
2026-01-07 22:20:02,295 [INFO] IPUIPlugin:80 - create IPUIPlugin
2026-01-07 22:20:02,295 [INFO] IPUIPlugin:80 - create IPUIPlugin
2026-01-07 22:20:02,295 [INFO] IPUIPlugin:80 - create IPUIPlugin
2026-01-07 22:20:02,295 [INFO] IPUIPlugin:80 - create IPUIPlugin
2026-01-07 22:20:02,295 [INFO] IPUIPlugin:80 - create IPUIPlugin
2026-01-07 22:20:02,295 [INFO] IPUIPlugin:80 - create IPUIPlugin
2026-01-07 22:20:02,296 [INFO] IPUIPlugin:80 - create IPUIPlugin
2026-01-07 22:20:02,296 [INFO] IPUIPlugin:80 - create IPUIPlugin
2026-01-07 22:20:02,296 [INFO] IPUIPlugin:80 - create IPUIPlugin
2026-01-07 22:20:02,490 [INFO] ApiDbMcu:508 - Load IP Config File for PDM2PCM
2026-01-07 22:20:02,522 [WARN] IP:2120 - I2C_Coeff_DF not found: check if there is a RefParameter without a condition.
2026-01-07 22:20:02,522 [WARN] IP:2120 - Analog_Filter not found: check if there is a RefParameter without a condition.
2026-01-07 22:20:02,864 [INFO] CADModel:165 - CPN selected for project levelSTM32F411CEU6
2026-01-07 22:20:02,864 [INFO] CADModel:114 - Register for checkConnection events
2026-01-07 22:20:02,915 [INFO] OpenFileManager:343 - Restore cursor
2026-01-07 22:20:03,157 [WARN] IP:2120 - I2C_Coeff_DF not found: check if there is a RefParameter without a condition.
2026-01-07 22:20:03,158 [WARN] IP:2120 - Analog_Filter not found: check if there is a RefParameter without a condition.
2026-01-07 22:20:03,158 [WARN] IP:2120 - I2C_Coeff_DF not found: check if there is a RefParameter without a condition.
2026-01-07 22:20:03,158 [WARN] IP:2120 - Analog_Filter not found: check if there is a RefParameter without a condition.
2026-01-07 22:20:19,002 [INFO] NvicIntPanel:101 - NVIC parent = com.st.microxplorer.plugins.ip.nvic.MultiNvicIntPanel[,0,0,0x0,invalid,layout=javax.swing.BoxLayout,alignmentX=0.0,alignmentY=0.0,border=,flags=9,maximumSize=,minimumSize=,preferredSize=]
2026-01-07 22:20:34,224 [INFO] NvicIntPanel:101 - NVIC parent = com.st.microxplorer.plugins.ip.nvic.MultiNvicIntPanel[,0,0,0x0,invalid,layout=javax.swing.BoxLayout,alignmentX=0.0,alignmentY=0.0,border=,flags=9,maximumSize=,minimumSize=,preferredSize=]
2026-01-07 22:20:47,080 [INFO] NvicIntPanel:101 - NVIC parent = com.st.microxplorer.plugins.ip.nvic.MultiNvicIntPanel[,0,0,518x270,layout=javax.swing.BoxLayout,alignmentX=0.0,alignmentY=0.0,border=,flags=9,maximumSize=,minimumSize=,preferredSize=]
2026-01-07 22:26:06,539 [INFO] UtilMem:75 - End SaveConfig() Used Memory: 326032672 Bytes (485490688)
2026-01-07 22:26:13,093 [INFO] UtilMem:75 - End SaveConfig() Used Memory: 409396512 Bytes (485490688)
2026-01-07 22:26:13,620 [INFO] BlockDiagram:2759 - set Specific Code input for plugin: NVIC
2026-01-07 22:26:13,620 [INFO] BlockDiagram:2759 - set Specific Code input for plugin: USART
2026-01-07 22:26:13,620 [INFO] BlockDiagram:2759 - set Specific Code input for plugin: SYS
2026-01-07 22:26:13,620 [INFO] BlockDiagram:2759 - set Specific Code input for plugin: GPIO
2026-01-07 22:26:13,620 [INFO] BlockDiagram:2759 - set Specific Code input for plugin: RCC
2026-01-07 22:26:13,620 [INFO] BlockDiagram:2759 - set Specific Code input for plugin: I2C
2026-01-07 22:26:13,623 [INFO] CodeGenerator:807 - code generatio: config db path: D:\Documentos\Electronica\Nueva carpeta\STM32CubeIDE_1.15.0\STM32CubeIDE\plugins\com.st.stm32cube.common.mx_6.11.0.202403141607\\db\
2026-01-07 22:26:13,653 [WARN] IP:2120 - I2C_Coeff_DF not found: check if there is a RefParameter without a condition.
2026-01-07 22:26:13,653 [WARN] IP:2120 - Analog_Filter not found: check if there is a RefParameter without a condition.
2026-01-07 22:26:13,926 [INFO] CodeEngine:255 - oldGeneratedFile, C:\git\VehiculoTT\VehiculoTT\MXTmpFiles\license.tmp_save
2026-01-07 22:26:14,350 [INFO] CodeEngine:279 - Generated code: C:\git\VehiculoTT\VehiculoTT\MXTmpFiles\license.tmp
2026-01-07 22:26:14,607 [INFO] CodeEngine:255 - oldGeneratedFile, C:\git\VehiculoTT\VehiculoTT\MXTmpFiles\gpio.tmp_save
2026-01-07 22:26:14,760 [INFO] CodeEngine:279 - Generated code: C:\git\VehiculoTT\VehiculoTT\MXTmpFiles\gpio.tmp
2026-01-07 22:26:15,133 [INFO] CodeEngine:255 - oldGeneratedFile, C:\git\VehiculoTT\VehiculoTT\Core\Src\stm32f4xx_it.c_save
2026-01-07 22:26:15,355 [INFO] CodeEngine:279 - Generated code: C:\git\VehiculoTT\VehiculoTT\Core\Src\stm32f4xx_it.c
2026-01-07 22:26:15,431 [INFO] CodeEngine:255 - oldGeneratedFile, C:\git\VehiculoTT\VehiculoTT\Core\Inc\stm32f4xx_it.h_save
2026-01-07 22:26:15,536 [INFO] CodeEngine:279 - Generated code: C:\git\VehiculoTT\VehiculoTT\Core\Inc\stm32f4xx_it.h
2026-01-07 22:26:15,625 [INFO] CodeEngine:255 - oldGeneratedFile, C:\git\VehiculoTT\VehiculoTT\Core\Src\stm32f4xx_hal_msp.c_save
2026-01-07 22:26:15,813 [INFO] CodeEngine:279 - Generated code: C:\git\VehiculoTT\VehiculoTT\Core\Src\stm32f4xx_hal_msp.c
2026-01-07 22:26:15,836 [INFO] CodeEngine:255 - oldGeneratedFile, C:\git\VehiculoTT\VehiculoTT\MXTmpFiles\system.tmp_save
2026-01-07 22:26:15,913 [INFO] CodeEngine:279 - Generated code: C:\git\VehiculoTT\VehiculoTT\MXTmpFiles\system.tmp
2026-01-07 22:26:15,969 [INFO] CodeEngine:311 - oldGeneratedFile, C:\git\VehiculoTT\VehiculoTT\Core\Inc\stm32f4xx_hal_conf.h_save
2026-01-07 22:26:16,083 [INFO] CodeEngine:335 - Generated code: C:\git\VehiculoTT\VehiculoTT\Core\Inc\stm32f4xx_hal_conf.h
2026-01-07 22:26:16,165 [INFO] CodeEngine:255 - oldGeneratedFile, C:\git\VehiculoTT\VehiculoTT\Core\Inc\main.h_save
2026-01-07 22:26:16,284 [INFO] CodeEngine:279 - Generated code: C:\git\VehiculoTT\VehiculoTT\Core\Inc\main.h
2026-01-07 22:26:16,328 [INFO] CodeEngine:255 - oldGeneratedFile, C:\git\VehiculoTT\VehiculoTT\Core\Src\main.c_save
2026-01-07 22:26:16,488 [INFO] CodeEngine:279 - Generated code: C:\git\VehiculoTT\VehiculoTT\Core\Src\main.c
2026-01-07 22:26:17,228 [INFO] ProjectBuilder:3163 - Time for Copy HAL[1] : 583mS.
2026-01-07 22:26:17,237 [INFO] ProjectBuilder:4736 - Project Generator version: 4.3.0-B58
2026-01-07 22:26:17,370 [INFO] ConfigFileManager:1503 - The Die is : DIE431
2026-01-07 22:26:17,451 [INFO] ApiDbMcu:508 - Load IP Config File for FATFS
2026-01-07 22:26:17,481 [INFO] ApiDbMcu:508 - Load IP Config File for FREERTOS
2026-01-07 22:26:17,507 [INFO] ApiDbMcu:508 - Load IP Config File for LIBJPEG
2026-01-07 22:26:17,529 [INFO] ApiDbMcu:508 - Load IP Config File for MBEDTLS
2026-01-07 22:26:17,571 [INFO] ApiDbMcu:508 - Load IP Config File for USB_DEVICE
2026-01-07 22:26:17,589 [INFO] ApiDbMcu:508 - Load IP Config File for USB_HOST
2026-01-07 22:26:18,503 [INFO] LogOutputStream:77 - [STDOUT_REDIRECT] 
2026-01-07 22:26:22,166 [INFO] ProjectBuilder:5002 - Time for Generating toolchain IDE Files: 4929mS.
2026-01-07 22:26:22,167 [INFO] ProjectBuilder:3034 - Time for Copy CMSIS : 1mS.
2026-01-07 22:26:22,173 [INFO] ProjectBuilder:3034 - Time for Copy CMSIS : 0mS.
2026-01-07 22:29:20,002 [ERROR] LogOutputStream:75 - [STDERR_REDIRECT] 
2026-01-07 22:35:33,670 [INFO] Activator:176 - 


2026-01-07 22:35:33,671 [INFO] Activator:177 - !SESSION log4j initialized
2026-01-07 22:35:39,811 [INFO] LogOutputStream:77 - [STDOUT_REDIRECT] 
2026-01-07 22:35:41,415 [INFO] ApplicationProperties:184 - Using Application install path: D:\Documentos\Electronica\Nueva carpeta\STM32CubeIDE_1.15.0\STM32CubeIDE\plugins\com.st.stm32cube.common.mx_6.11.0.202403141607
2026-01-07 22:35:41,436 [INFO] DbMcusXml:78 - Set database path to: D:\Documentos\Electronica\Nueva carpeta\STM32CubeIDE_1.15.0\STM32CubeIDE\plugins\com.st.stm32cube.common.mx_6.11.0.202403141607\\db\/mcu/
2026-01-07 22:35:41,436 [INFO] ApiDb:274 - Set plugin database path to: D:\Documentos\Electronica\Nueva carpeta\STM32CubeIDE_1.15.0\STM32CubeIDE\plugins\com.st.stm32cube.common.mx_6.11.0.202403141607\\db\/plugins/boardmanager/
2026-01-07 22:35:41,437 [WARN] ApiDb:259 - Overriding images path with different value:  => D:\Documentos\Electronica\Nueva carpeta\STM32CubeIDE_1.15.0\STM32CubeIDE\plugins\com.st.stm32cube.common.mx_6.11.0.202403141607\\db\/plugins/mcufinder/images/
2026-01-07 22:35:41,444 [INFO] ApiDb:250 - Set database path to: C:\Users\USER\.stmcufinder\plugins\mcufinder//mcu/
2026-01-07 22:35:41,446 [INFO] DbMcusAds:125 - Set database path to: C:\Users\USER\.stmcufinder\plugins\mcufinder//mcu/
2026-01-07 22:35:41,450 [INFO] CrossReferenceDbSqlite:203 - Set database path to: C:\Users\USER\.stmcufinder\plugins\mcufinder//mcu/cs/
2026-01-07 22:35:41,549 [INFO] RulesReader:64 - Compatibility file has been processed (297 Rules)
2026-01-07 22:35:41,627 [INFO] DbMcusXml:78 - Set database path to: D:\Documentos\Electronica\Nueva carpeta\STM32CubeIDE_1.15.0\STM32CubeIDE\plugins\com.st.stm32cube.common.mx_6.11.0.202403141607\\db\/mcu/
2026-01-07 22:35:41,627 [INFO] ApiDb:274 - Set plugin database path to: D:\Documentos\Electronica\Nueva carpeta\STM32CubeIDE_1.15.0\STM32CubeIDE\plugins\com.st.stm32cube.common.mx_6.11.0.202403141607\\db\/plugins/boardmanager/
2026-01-07 22:35:41,627 [INFO] ApiDb:261 - Set plugin images path to: D:\Documentos\Electronica\Nueva carpeta\STM32CubeIDE_1.15.0\STM32CubeIDE\plugins\com.st.stm32cube.common.mx_6.11.0.202403141607\\db\/plugins/mcufinder/images/
2026-01-07 22:35:41,627 [WARN] DbFile:41 - Overriding database path with different value: C:\Users\USER\.stmcufinder\plugins\mcufinder/ => C:\Users\USER\.stmcufinder\plugins\mcufinder
2026-01-07 22:35:41,627 [INFO] ApiDb:250 - Set database path to: C:\Users\USER\.stmcufinder\plugins\mcufinder//mcu/
2026-01-07 22:35:41,627 [WARN] DbFile:41 - Overriding database path with different value: C:\Users\USER\.stmcufinder\plugins\mcufinder/ => C:\Users\USER\.stmcufinder\plugins\mcufinder
2026-01-07 22:35:41,628 [INFO] DbMcusAds:125 - Set database path to: C:\Users\USER\.stmcufinder\plugins\mcufinder//mcu/
2026-01-07 22:35:41,628 [WARN] DbFile:41 - Overriding database path with different value: C:\Users\USER\.stmcufinder\plugins\mcufinder/ => C:\Users\USER\.stmcufinder\plugins\mcufinder
2026-01-07 22:35:41,628 [WARN] DbFile:41 - Overriding database path with different value: C:\Users\USER\.stmcufinder\plugins\mcufinder/ => C:\Users\USER\.stmcufinder\plugins\mcufinder
2026-01-07 22:35:41,628 [INFO] CrossReferenceDbSqlite:203 - Set database path to: C:\Users\USER\.stmcufinder\plugins\mcufinder//mcu/cs/
2026-01-07 22:35:41,721 [INFO] MainPanel:264 - HeapMemory: 268435456
2026-01-07 22:35:41,781 [INFO] DbMcusXml:78 - Set database path to: D:\Documentos\Electronica\Nueva carpeta\STM32CubeIDE_1.15.0\STM32CubeIDE\plugins\com.st.stm32cube.common.mx_6.11.0.202403141607\\db\/mcu/
2026-01-07 22:35:41,781 [INFO] ApiDb:274 - Set plugin database path to: D:\Documentos\Electronica\Nueva carpeta\STM32CubeIDE_1.15.0\STM32CubeIDE\plugins\com.st.stm32cube.common.mx_6.11.0.202403141607\\db\/plugins/boardmanager/
2026-01-07 22:35:41,781 [INFO] ApiDb:261 - Set plugin images path to: D:\Documentos\Electronica\Nueva carpeta\STM32CubeIDE_1.15.0\STM32CubeIDE\plugins\com.st.stm32cube.common.mx_6.11.0.202403141607\\db\/plugins/mcufinder/images/
2026-01-07 22:35:41,782 [WARN] DbFile:41 - Overriding database path with different value: C:\Users\USER\.stmcufinder\plugins\mcufinder/ => C:\Users\USER\.stmcufinder\plugins\mcufinder
2026-01-07 22:35:41,782 [INFO] ApiDb:250 - Set database path to: C:\Users\USER\.stmcufinder\plugins\mcufinder//mcu/
2026-01-07 22:35:41,782 [WARN] DbFile:41 - Overriding database path with different value: C:\Users\USER\.stmcufinder\plugins\mcufinder/ => C:\Users\USER\.stmcufinder\plugins\mcufinder
2026-01-07 22:35:41,782 [INFO] DbMcusAds:125 - Set database path to: C:\Users\USER\.stmcufinder\plugins\mcufinder//mcu/
2026-01-07 22:35:41,782 [WARN] DbFile:41 - Overriding database path with different value: C:\Users\USER\.stmcufinder\plugins\mcufinder/ => C:\Users\USER\.stmcufinder\plugins\mcufinder
2026-01-07 22:35:41,782 [WARN] DbFile:41 - Overriding database path with different value: C:\Users\USER\.stmcufinder\plugins\mcufinder/ => C:\Users\USER\.stmcufinder\plugins\mcufinder
2026-01-07 22:35:41,782 [INFO] CrossReferenceDbSqlite:203 - Set database path to: C:\Users\USER\.stmcufinder\plugins\mcufinder//mcu/cs/
2026-01-07 22:35:41,798 [INFO] ApplicationProperties:184 - Using Application install path: D:\Documentos\Electronica\Nueva carpeta\STM32CubeIDE_1.15.0\STM32CubeIDE\plugins\com.st.stm32cube.common.mx_6.11.0.202403141607
2026-01-07 22:35:41,800 [INFO] PluginManage:196 - Search for loadable plugins [exclusion list=, ]
2026-01-07 22:35:41,801 [INFO] PluginManage:310 - Check plugin analytics
2026-01-07 22:35:41,980 [INFO] AnalyticsPlugin:253 - Accepted Software Licenses: 
2026-01-07 22:35:41,980 [INFO] AnalyticsPlugin:255 - Accepted CMSIS Pack Licenses: 
2026-01-07 22:35:41,980 [INFO] AnalyticsPlugin:257 - Accepted Firmware Licenses: FW.F7.1.17.0,FW.H7.1.11.0,FW.F4.1.28.0
2026-01-07 22:35:41,982 [INFO] PluginManage:359 - Loaded plugin analytics (category:tool,tabindex:-1)
2026-01-07 22:35:41,983 [INFO] PluginManage:310 - Check plugin cadmodel
2026-01-07 22:35:42,001 [INFO] CADModel:105 - Init CAD model plugin
2026-01-07 22:35:42,001 [INFO] PluginManage:359 - Loaded plugin cadmodel (category:power,tabindex:5)
2026-01-07 22:35:42,001 [INFO] PluginManage:310 - Check plugin clock
2026-01-07 22:35:42,021 [INFO] PluginManage:359 - Loaded plugin clock (category:base,tabindex:2)
2026-01-07 22:35:42,022 [INFO] PluginManage:310 - Check plugin ddr
2026-01-07 22:35:42,023 [INFO] PluginManage:359 - Loaded plugin ddr (category:tool,tabindex:6)
2026-01-07 22:35:42,024 [INFO] PluginManage:310 - Check plugin filemanager
2026-01-07 22:35:42,161 [INFO] PluginManage:359 - Loaded plugin filemanager (category:base,tabindex:10)
2026-01-07 22:35:42,162 [INFO] PluginManage:310 - Check plugin ipmanager
2026-01-07 22:35:42,168 [INFO] PluginManage:359 - Loaded plugin ipmanager (category:base,tabindex:5)
2026-01-07 22:35:42,169 [INFO] PluginManage:310 - Check plugin lpbam
2026-01-07 22:35:42,187 [INFO] PluginManage:359 - Loaded plugin lpbam (category:base,tabindex:0)
2026-01-07 22:35:42,187 [INFO] PluginManage:310 - Check plugin memorymap
2026-01-07 22:35:42,208 [INFO] PluginManage:359 - Loaded plugin memorymap (category:base,tabindex:4)
2026-01-07 22:35:42,208 [INFO] PluginManage:310 - Check plugin pinoutandconfiguration
2026-01-07 22:35:42,227 [INFO] PluginManage:359 - Loaded plugin pinoutandconfiguration (category:base,tabindex:1)
2026-01-07 22:35:42,227 [INFO] PluginManage:310 - Check plugin pinoutconfig
2026-01-07 22:35:42,311 [WARN] SupportedApi:132 - Cannot load RTOS API schema: s4s-elt-must-match.1: The content of 'definitions' must match (annotation?, (simpleType | complexType)?, (unique | key | keyref)*)). A problem was found starting at: attribute.
2026-01-07 22:35:42,416 [INFO] PluginManage:359 - Loaded plugin pinoutconfig (category:base,tabindex:0)
2026-01-07 22:35:42,416 [INFO] PluginManage:310 - Check plugin power
2026-01-07 22:35:42,437 [INFO] PluginManage:359 - Loaded plugin power (category:power,tabindex:4)
2026-01-07 22:35:42,437 [INFO] PluginManage:310 - Check plugin projectmanager
2026-01-07 22:35:42,453 [INFO] PluginManage:359 - Loaded plugin projectmanager (category:projectmanager,tabindex:3)
2026-01-07 22:35:42,454 [INFO] PluginManage:310 - Check plugin thirdparty
2026-01-07 22:35:42,731 [INFO] PluginManage:359 - Loaded plugin thirdparty (category:base,tabindex:-1)
2026-01-07 22:35:42,731 [INFO] PluginManage:310 - Check plugin tools
2026-01-07 22:35:42,731 [WARN] IntegrityCheckThread:84 - waiting for thirdparty lock release [integrity check]
2026-01-07 22:35:42,731 [INFO] IntegrityCheckThread:86 - entering critical section [integrity check]
2026-01-07 22:35:42,732 [INFO] ThirdPartyUpdaterWithRetryManager:70 - Updater plugin not ready yet. [1/15]
2026-01-07 22:35:42,780 [INFO] PluginManage:359 - Loaded plugin tools (category:base,tabindex:7)
2026-01-07 22:35:42,780 [INFO] PluginManage:310 - Check plugin tutovideos
2026-01-07 22:35:42,927 [INFO] PluginManage:359 - Loaded plugin tutovideos (category:base,tabindex:-1)
2026-01-07 22:35:42,927 [INFO] PluginManage:310 - Check plugin updater
2026-01-07 22:35:42,935 [INFO] PluginManage:359 - Loaded plugin updater (category:base,tabindex:12)
2026-01-07 22:35:42,935 [INFO] PluginManage:310 - Check plugin userauth
2026-01-07 22:35:42,940 [INFO] UserAuth:114 - Init User Auth plugin
2026-01-07 22:35:42,941 [INFO] PluginManage:359 - Loaded plugin userauth (category:base,tabindex:14)
2026-01-07 22:35:42,942 [INFO] PluginManage:283 - PluginManage : Loaded plugins [17]
2026-01-07 22:35:43,132 [INFO] PinOutPanel:1561 - setPackage(No Configuration,No Configuration)
2026-01-07 22:35:43,205 [INFO] CADModel:165 - CPN selected for project level
2026-01-07 22:35:43,205 [INFO] CADModel:114 - Register for checkConnection events
2026-01-07 22:35:43,232 [INFO] IPUIPlugin:80 - create IPUIPlugin
2026-01-07 22:35:43,233 [INFO] PluginManager:220 - loadIPPluginJar : add adc
2026-01-07 22:35:43,284 [INFO] IPUIPlugin:80 - create IPUIPlugin
2026-01-07 22:35:43,284 [INFO] PluginManager:220 - loadIPPluginJar : add aes
2026-01-07 22:35:43,339 [INFO] IPUIPlugin:80 - create IPUIPlugin
2026-01-07 22:35:43,339 [INFO] PluginManager:220 - loadIPPluginJar : add can
2026-01-07 22:35:43,373 [INFO] IPUIPlugin:80 - create IPUIPlugin
2026-01-07 22:35:43,374 [INFO] PluginManager:220 - loadIPPluginJar : add comp
2026-01-07 22:35:43,419 [INFO] IPUIPlugin:80 - create IPUIPlugin
2026-01-07 22:35:43,419 [INFO] PluginManager:220 - loadIPPluginJar : add cryp
2026-01-07 22:35:43,461 [INFO] IPUIPlugin:80 - create IPUIPlugin
2026-01-07 22:35:43,462 [INFO] PluginManager:220 - loadIPPluginJar : add dfsdm
2026-01-07 22:35:43,478 [INFO] IPUIPlugin:80 - create IPUIPlugin
2026-01-07 22:35:43,478 [INFO] PluginManager:220 - loadIPPluginJar : add dma
2026-01-07 22:35:43,538 [INFO] IPUIPlugin:80 - create IPUIPlugin
2026-01-07 22:35:43,538 [INFO] PluginManager:220 - loadIPPluginJar : add dma3
2026-01-07 22:35:43,595 [INFO] IPUIPlugin:80 - create IPUIPlugin
2026-01-07 22:35:43,595 [INFO] PluginManager:220 - loadIPPluginJar : add extmemmanager
2026-01-07 22:35:43,623 [INFO] IPUIPlugin:80 - create IPUIPlugin
2026-01-07 22:35:43,624 [INFO] PluginManager:220 - loadIPPluginJar : add fatfs
2026-01-07 22:35:43,683 [INFO] IPUIPlugin:80 - create IPUIPlugin
2026-01-07 22:35:43,683 [INFO] PluginManager:220 - loadIPPluginJar : add fmc
2026-01-07 22:35:43,700 [INFO] IPUIPlugin:80 - create IPUIPlugin
2026-01-07 22:35:43,700 [INFO] PluginManager:220 - loadIPPluginJar : add freertos
2026-01-07 22:35:43,728 [INFO] IPUIPlugin:80 - create IPUIPlugin
2026-01-07 22:35:43,728 [INFO] PluginManager:220 - loadIPPluginJar : add genericplugin
2026-01-07 22:35:43,854 [INFO] IPUIPlugin:80 - create IPUIPlugin
2026-01-07 22:35:43,855 [INFO] PluginManager:220 - loadIPPluginJar : add gfxmmu
2026-01-07 22:35:44,029 [INFO] IPUIPlugin:80 - create IPUIPlugin
2026-01-07 22:35:44,029 [INFO] PluginManager:220 - loadIPPluginJar : add gic
2026-01-07 22:35:44,044 [INFO] IPUIPlugin:80 - create IPUIPlugin
2026-01-07 22:35:44,044 [INFO] PluginManager:220 - loadIPPluginJar : add gpio
2026-01-07 22:35:44,159 [INFO] IPUIPlugin:80 - create IPUIPlugin
2026-01-07 22:35:44,159 [INFO] PluginManager:220 - loadIPPluginJar : add gtzc
2026-01-07 22:35:44,203 [INFO] IPUIPlugin:80 - create IPUIPlugin
2026-01-07 22:35:44,203 [INFO] PluginManager:220 - loadIPPluginJar : add hash
2026-01-07 22:35:44,275 [INFO] IPUIPlugin:80 - create IPUIPlugin
2026-01-07 22:35:44,275 [INFO] PluginManager:220 - loadIPPluginJar : add i2c
2026-01-07 22:35:44,327 [INFO] IPUIPlugin:80 - create IPUIPlugin
2026-01-07 22:35:44,327 [INFO] PluginManager:220 - loadIPPluginJar : add i2s
2026-01-07 22:35:44,379 [INFO] IPUIPlugin:80 - create IPUIPlugin
2026-01-07 22:35:44,380 [INFO] PluginManager:220 - loadIPPluginJar : add i3c
2026-01-07 22:35:44,501 [INFO] IPUIPlugin:80 - create IPUIPlugin
2026-01-07 22:35:44,502 [INFO] PluginManager:220 - loadIPPluginJar : add ipddr
2026-01-07 22:35:44,622 [INFO] IPUIPlugin:80 - create IPUIPlugin
2026-01-07 22:35:44,622 [INFO] PluginManager:220 - loadIPPluginJar : add linkedlist
2026-01-07 22:35:44,670 [INFO] IPUIPlugin:80 - create IPUIPlugin
2026-01-07 22:35:44,671 [INFO] PluginManager:220 - loadIPPluginJar : add lorawan
2026-01-07 22:35:44,719 [INFO] IPUIPlugin:80 - create IPUIPlugin
2026-01-07 22:35:44,720 [INFO] PluginManager:220 - loadIPPluginJar : add ltdc
2026-01-07 22:35:44,735 [INFO] IPUIPlugin:80 - create IPUIPlugin
2026-01-07 22:35:44,736 [INFO] PluginManager:220 - loadIPPluginJar : add mdma
2026-01-07 22:35:44,749 [INFO] IPUIPlugin:80 - create IPUIPlugin
2026-01-07 22:35:44,750 [INFO] PluginManager:220 - loadIPPluginJar : add nvic
2026-01-07 22:35:44,800 [INFO] IPUIPlugin:80 - create IPUIPlugin
2026-01-07 22:35:44,800 [INFO] PluginManager:220 - loadIPPluginJar : add opamp
2026-01-07 22:35:44,882 [INFO] IPUIPlugin:80 - create IPUIPlugin
2026-01-07 22:35:44,882 [INFO] PluginManager:220 - loadIPPluginJar : add openamp
2026-01-07 22:35:44,940 [INFO] IPUIPlugin:80 - create IPUIPlugin
2026-01-07 22:35:44,940 [INFO] PluginManager:220 - loadIPPluginJar : add pdm2pcm
2026-01-07 22:35:44,955 [INFO] IPUIPlugin:80 - create IPUIPlugin
2026-01-07 22:35:44,958 [INFO] PluginManager:220 - loadIPPluginJar : add plateformsettings
2026-01-07 22:35:44,990 [INFO] IPUIPlugin:80 - create IPUIPlugin
2026-01-07 22:35:44,990 [INFO] PluginManager:220 - loadIPPluginJar : add quadspi
2026-01-07 22:35:45,005 [INFO] IPUIPlugin:80 - create IPUIPlugin
2026-01-07 22:35:45,005 [INFO] PluginManager:220 - loadIPPluginJar : add resmgrutility
2026-01-07 22:35:45,063 [INFO] IPUIPlugin:80 - create IPUIPlugin
2026-01-07 22:35:45,063 [INFO] PluginManager:220 - loadIPPluginJar : add sai
2026-01-07 22:35:45,113 [INFO] IPUIPlugin:80 - create IPUIPlugin
2026-01-07 22:35:45,113 [INFO] PluginManager:220 - loadIPPluginJar : add spi
2026-01-07 22:35:45,197 [INFO] IPUIPlugin:80 - create IPUIPlugin
2026-01-07 22:35:45,197 [INFO] PluginManager:220 - loadIPPluginJar : add stm32_wpan
2026-01-07 22:35:45,230 [INFO] IPUIPlugin:80 - create IPUIPlugin
2026-01-07 22:35:45,230 [INFO] PluginManager:220 - loadIPPluginJar : add tim
2026-01-07 22:35:45,308 [INFO] IPUIPlugin:80 - create IPUIPlugin
2026-01-07 22:35:45,308 [INFO] PluginManager:220 - loadIPPluginJar : add touchsensing
2026-01-07 22:35:45,339 [INFO] IPUIPlugin:80 - create IPUIPlugin
2026-01-07 22:35:45,339 [INFO] PluginManager:220 - loadIPPluginJar : add tracer_emb
2026-01-07 22:35:45,342 [INFO] IPUIPlugin:80 - create IPUIPlugin
2026-01-07 22:35:45,342 [INFO] PluginManager:220 - loadIPPluginJar : add ts
2026-01-07 22:35:45,373 [INFO] IPUIPlugin:80 - create IPUIPlugin
2026-01-07 22:35:45,373 [INFO] PluginManager:220 - loadIPPluginJar : add tsc
2026-01-07 22:35:45,403 [INFO] IPUIPlugin:80 - create IPUIPlugin
2026-01-07 22:35:45,403 [INFO] PluginManager:220 - loadIPPluginJar : add ucpd
2026-01-07 22:35:45,459 [INFO] IPUIPlugin:80 - create IPUIPlugin
2026-01-07 22:35:45,459 [INFO] PluginManager:220 - loadIPPluginJar : add usart
2026-01-07 22:35:45,514 [INFO] IPUIPlugin:80 - create IPUIPlugin
2026-01-07 22:35:45,514 [INFO] PluginManager:220 - loadIPPluginJar : add usbx
2026-01-07 22:35:45,644 [INFO] CADModel:165 - CPN selected for project level
2026-01-07 22:35:45,645 [INFO] CADModel:114 - Register for checkConnection events
2026-01-07 22:35:45,645 [FATAL] Updater:308 - Updater called before beeing initialized
2026-01-07 22:35:45,645 [ERROR] CADModel:125 - Updater not yet initialized, retry later 
2026-01-07 22:35:45,733 [INFO] ThirdPartyUpdaterWithRetryManager:70 - Updater plugin not ready yet. [2/15]
2026-01-07 22:35:45,753 [INFO] CADModel:165 - CPN selected for project level
2026-01-07 22:35:45,753 [INFO] CADModel:114 - Register for checkConnection events
2026-01-07 22:35:45,753 [FATAL] Updater:308 - Updater called before beeing initialized
2026-01-07 22:35:45,753 [ERROR] CADModel:125 - Updater not yet initialized, retry later 
2026-01-07 22:35:45,755 [FATAL] Updater:308 - Updater called before beeing initialized
2026-01-07 22:35:45,864 [FATAL] Updater:308 - Updater called before beeing initialized
2026-01-07 22:35:45,878 [INFO] DbMcusAds:53 - JSON generation date=Mon Dec 15 17:11:46 CST 2025 (1765840306612)
2026-01-07 22:35:45,878 [FATAL] Updater:308 - Updater called before beeing initialized
2026-01-07 22:35:45,955 [WARN] DetailPanel:346 - Failed to get advertising image, set to default
2026-01-07 22:35:46,043 [FATAL] Updater:308 - Updater called before beeing initialized
2026-01-07 22:35:46,044 [FATAL] Updater:308 - Updater called before beeing initialized
2026-01-07 22:35:46,044 [FATAL] Updater:308 - Updater called before beeing initialized
2026-01-07 22:35:46,044 [WARN] DetailPanel:346 - Failed to get advertising image, set to default
2026-01-07 22:35:46,045 [FATAL] Updater:308 - Updater called before beeing initialized
2026-01-07 22:35:46,130 [ERROR] Updater:1120 - MainUpdater not yet initialized. External WinMGr cannot be set.
2026-01-07 22:35:46,133 [INFO] Updater:1056 - Updater Version found : 6.11.0
2026-01-07 22:35:46,148 [INFO] ApplicationProperties:184 - Using Application install path: D:\Documentos\Electronica\Nueva carpeta\STM32CubeIDE_1.15.0\STM32CubeIDE\plugins\com.st.stm32cube.common.mx_6.11.0.202403141607
2026-01-07 22:35:47,719 [ERROR] LogOutputStream:75 - [STDERR_REDIRECT] Jan 07, 2026 10:35:47 PM java.util.prefs.WindowsPreferences <init>
2026-01-07 22:35:47,720 [ERROR] LogOutputStream:75 - [STDERR_REDIRECT] WARNING: Could not open/create prefs root node Software\JavaSoft\Prefs at root 0xffffffff80000002. Windows RegCreateKeyEx(...) returned error code 5.
2026-01-07 22:35:47,720 [ERROR] LogOutputStream:75 - [STDERR_REDIRECT] 
2026-01-07 22:35:48,052 [INFO] MainUpdater:2873 - connection check result : 10
2026-01-07 22:35:48,053 [INFO] MainUpdater:290 - Updater Check For Update Now.
2026-01-07 22:35:48,053 [INFO] MicroXplorer:498 - Change Database Version : DB.6.0.110
2026-01-07 22:35:48,074 [INFO] McuFinderGlobals:63 - Set McuFinder mode to 2 (CubeIDE integrated)
2026-01-07 22:35:48,091 [INFO] UserAuth:415 - Internet connection configuration mode: 1
2026-01-07 22:35:48,734 [WARN] MainUpdater:1194 - Updater busy. Cannot search thirdparties
2026-01-07 22:35:48,734 [INFO] ThirdPartyUpdaterWithRetryManager:96 - Updater plugin is busy. [1/15]
2026-01-07 22:35:50,389 [INFO] JxBrowserEngine:152 - Initiate JxBrowser Engine with user profile folder
2026-01-07 22:35:50,486 [INFO] CheckServerUpdateThread:120 - End of CheckServer Thread
2026-01-07 22:35:52,114 [WARN] PackLoader:240 - Cannot read IP mode file for STMicroelectronics.FP-SNS-MOTENVWB1.1.4.0
2026-01-07 22:35:52,133 [WARN] PackLoader:240 - Cannot read IP mode file for STMicroelectronics.FP-ATR-ASTRA1.2.0.2
2026-01-07 22:35:52,137 [WARN] PackLoader:240 - Cannot read IP mode file for STMicroelectronics.FP-ATR-ASTRA1.2.0.1
2026-01-07 22:35:52,154 [WARN] PackLoader:240 - Cannot read IP mode file for STMicroelectronics.X-CUBE-SMBUS.2.1.0
2026-01-07 22:35:52,171 [WARN] PackLoader:240 - Cannot read IP mode file for STMicroelectronics.X-CUBE-WB05N.1.1.0
2026-01-07 22:35:52,187 [WARN] PackLoader:240 - Cannot read IP mode file for STMicroelectronics.X-CUBE-TOUCHGFX.4.23.2
2026-01-07 22:35:52,226 [WARN] PackLoader:240 - Cannot read IP mode file for STMicroelectronics.X-CUBE-AZRTOS-F7.1.1.0
2026-01-07 22:35:52,295 [WARN] PackLoader:240 - Cannot read IP mode file for STMicroelectronics.X-CUBE-MEMS1.11.0.0
2026-01-07 22:35:52,424 [ERROR] Engine:466 - C:\Users\USER\.stm32cubemx\thirdparties\pdsc\STMicroelectronics.FP-SNS-MOTENV1.5.1.0.pdsc: PDSC version is not supported
2026-01-07 22:35:52,432 [WARN] PackLoader:240 - Cannot read IP mode file for STMicroelectronics.FP-SNS-FLIGHT1.5.0.2
2026-01-07 22:35:52,475 [WARN] PackLoader:240 - Cannot read IP mode file for STMicroelectronics.X-CUBE-AZRTOS-H7.3.4.0
2026-01-07 22:35:52,505 [WARN] PackLoader:240 - Cannot read IP mode file for STMicroelectronics.X-CUBE-DISPLAY.3.0.0
2026-01-07 22:35:52,531 [WARN] PackLoader:240 - Cannot read IP mode file for STMicroelectronics.X-CUBE-BLE1.7.0.0
2026-01-07 22:35:52,553 [WARN] PackLoader:240 - Cannot read IP mode file for STMicroelectronics.X-CUBE-NFC10.1.0.0
2026-01-07 22:35:52,576 [WARN] PackLoader:240 - Cannot read IP mode file for STMicroelectronics.X-CUBE-BLEMGR.4.0.0
2026-01-07 22:35:52,594 [ERROR] Engine:466 - C:\Users\USER\.stm32cubemx\thirdparties\pdsc\STMicroelectronics.X-CUBE-ST60.1.1.0.pdsc: PDSC version is not supported
2026-01-07 22:35:52,617 [WARN] PackLoader:240 - Cannot read IP mode file for emotas.I-CUBE-CANOPEN.1.3.0
2026-01-07 22:35:52,643 [WARN] PackLoader:240 - Cannot read IP mode file for STMicroelectronics.X-CUBE-GNSS1.7.1.0
2026-01-07 22:35:52,671 [WARN] PackLoader:240 - Cannot read IP mode file for STMicroelectronics.X-CUBE-BLEMGR.3.1.0
2026-01-07 22:35:52,714 [WARN] PackLoader:240 - Cannot read IP mode file for STMicroelectronics.X-CUBE-AI.10.0.0
2026-01-07 22:35:52,740 [ERROR] Engine:466 - C:\Users\USER\.stm32cubemx\thirdparties\pdsc\STMicroelectronics.FP-SNS-STBOX1.2.1.0.pdsc: PDSC version is not supported
2026-01-07 22:35:52,764 [WARN] PackLoader:240 - Cannot read IP mode file for STMicroelectronics.FP-SNS-SMARTAG2.1.2.0
2026-01-07 22:35:52,781 [ERROR] Engine:466 - C:\Users\USER\.stm32cubemx\thirdparties\pdsc\STMicroelectronics.FP-SNS-FLIGHT1.5.1.0.pdsc: PDSC version is not supported
2026-01-07 22:35:52,831 [WARN] PackLoader:240 - Cannot read IP mode file for STMicroelectronics.X-CUBE-MEMS1.11.1.0
2026-01-07 22:35:52,944 [INFO] LogOutputStream:77 - [STDOUT_REDIRECT] 1 : Invalid condition id : UX_CORESTACK_Condition cause : null
2026-01-07 22:35:52,945 [INFO] LogOutputStream:77 - [STDOUT_REDIRECT] 1 : Invalid condition id : UX_CORESTACK_Condition cause : null
2026-01-07 22:35:52,946 [INFO] LogOutputStream:77 - [STDOUT_REDIRECT] 1 : Invalid condition id : UX_CORESTACK_Condition cause : null
2026-01-07 22:35:52,947 [INFO] LogOutputStream:77 - [STDOUT_REDIRECT] 1 : Invalid condition id : UX_CORESTACK_Condition cause : null
2026-01-07 22:35:52,948 [INFO] LogOutputStream:77 - [STDOUT_REDIRECT] 1 : Invalid condition id : UX_CORESTACK_Condition cause : null
2026-01-07 22:35:52,951 [WARN] PackLoader:240 - Cannot read IP mode file for STMicroelectronics.X-CUBE-AZRTOS-WL.2.0.0
2026-01-07 22:35:52,972 [WARN] PackLoader:240 - Cannot read IP mode file for STMicroelectronics.FP-SNS-MOTENV1.5.0.0
2026-01-07 22:35:53,010 [WARN] PackLoader:240 - Cannot read IP mode file for STMicroelectronics.X-CUBE-AZRTOS-H7RS.1.2.0
2026-01-07 22:35:53,031 [WARN] PackLoader:240 - Cannot read IP mode file for wolfSSL.I-CUBE-wolfMQTT.1.19.0
2026-01-07 22:35:53,055 [WARN] PackLoader:240 - Cannot read IP mode file for WES.I-CUBE-Cesium.1.3.0
2026-01-07 22:35:53,072 [WARN] PackLoader:240 - Cannot read IP mode file for STMicroelectronics.X-CUBE-BLE2.3.3.0
2026-01-07 22:35:53,076 [ERROR] Engine:466 - C:\Users\USER\.stm32cubemx\thirdparties\pdsc\Avnet-IOTCONNECT.X-CUBE-iotc-st67-sdk.1.0.0.pdsc: PDSC version is not supported
2026-01-07 22:35:53,093 [WARN] PackLoader:240 - Cannot read IP mode file for STMicroelectronics.X-CUBE-NFC9.1.0.0
2026-01-07 22:35:53,109 [WARN] PackLoader:240 - Cannot read IP mode file for STMicroelectronics.X-CUBE-BLE1.7.1.0
2026-01-07 22:35:53,127 [WARN] PackLoader:240 - Cannot read IP mode file for STMicroelectronics.X-CUBE-TCPP.4.1.0
2026-01-07 22:35:53,143 [ERROR] Engine:466 - C:\Users\USER\.stm32cubemx\thirdparties\pdsc\STMicroelectronics.X-CUBE-FREERTOS.1.4.0.pdsc: PDSC version is not supported
2026-01-07 22:35:53,164 [WARN] PackLoader:240 - Cannot read IP mode file for STMicroelectronics.X-CUBE-EEPRMA1.5.2.0
2026-01-07 22:35:53,181 [ERROR] Engine:466 - C:\Users\USER\.stm32cubemx\thirdparties\pdsc\STMicroelectronics.X-CUBE-ST67W61.1.1.0.pdsc: PDSC version is not supported
2026-01-07 22:35:53,239 [WARN] PackLoader:240 - Cannot read IP mode file for STMicroelectronics.X-CUBE-MEMS1.12.0.0
2026-01-07 22:35:53,334 [WARN] PackLoader:240 - Cannot read IP mode file for STMicroelectronics.X-CUBE-ALGOBUILD.1.3.0
2026-01-07 22:35:53,384 [WARN] PackLoader:240 - Cannot read IP mode file for STMicroelectronics.X-CUBE-MEMS1.11.2.0
2026-01-07 22:35:53,478 [WARN] PackLoader:240 - Cannot read IP mode file for STMicroelectronics.X-CUBE-AZRTOS-G0.1.1.0
2026-01-07 22:35:53,502 [WARN] PackLoader:240 - Cannot read IP mode file for STMicroelectronics.X-CUBE-SAFEA1.1.2.2
2026-01-07 22:35:53,524 [WARN] PackLoader:240 - Cannot read IP mode file for STMicroelectronics.X-CUBE-NFC4.3.0.0
2026-01-07 22:35:53,550 [WARN] PackLoader:240 - Cannot read IP mode file for EmbeddedOffice.I-CUBE-FS-RTOS.1.0.1
2026-01-07 22:35:53,550 [ERROR] ConditionMgr:805 - Attr not supported : Dmpu
2026-01-07 22:35:53,551 [ERROR] ConditionMgr:805 - Attr not supported : Dmpu
2026-01-07 22:35:53,551 [ERROR] ConditionMgr:805 - Attr not supported : Dmpu
2026-01-07 22:35:53,551 [ERROR] ConditionMgr:805 - Attr not supported : Dmpu
2026-01-07 22:35:53,551 [ERROR] ConditionMgr:805 - Attr not supported : Dmpu
2026-01-07 22:35:53,551 [ERROR] ConditionMgr:805 - Attr not supported : Dmpu
2026-01-07 22:35:53,551 [ERROR] ConditionMgr:805 - Attr not supported : Dmpu
2026-01-07 22:35:53,551 [ERROR] ConditionMgr:805 - Attr not supported : Dmpu
2026-01-07 22:35:53,551 [ERROR] ConditionMgr:805 - Attr not supported : Dmpu
2026-01-07 22:35:53,552 [ERROR] ConditionMgr:805 - Attr not supported : Dmpu
2026-01-07 22:35:53,552 [ERROR] ConditionMgr:805 - Attr not supported : Dmpu
2026-01-07 22:35:53,552 [ERROR] ConditionMgr:805 - Attr not supported : Dmpu
2026-01-07 22:35:53,552 [ERROR] ConditionMgr:805 - Attr not supported : Dmpu
2026-01-07 22:35:53,552 [ERROR] ConditionMgr:805 - Attr not supported : Dmpu
2026-01-07 22:35:53,552 [ERROR] ConditionMgr:805 - Attr not supported : Dmpu
2026-01-07 22:35:53,552 [ERROR] ConditionMgr:805 - Attr not supported : Dmpu
2026-01-07 22:35:53,552 [ERROR] ConditionMgr:805 - Attr not supported : Dmpu
2026-01-07 22:35:53,552 [ERROR] ConditionMgr:805 - Attr not supported : Dmpu
2026-01-07 22:35:53,552 [ERROR] ConditionMgr:805 - Attr not supported : Dmpu
2026-01-07 22:35:53,552 [ERROR] ConditionMgr:805 - Attr not supported : Dmpu
2026-01-07 22:35:53,552 [ERROR] ConditionMgr:805 - Attr not supported : Dmpu
2026-01-07 22:35:53,552 [ERROR] ConditionMgr:805 - Attr not supported : Dmpu
2026-01-07 22:35:53,552 [ERROR] ConditionMgr:805 - Attr not supported : Dmpu
2026-01-07 22:35:53,552 [ERROR] ConditionMgr:805 - Attr not supported : Dmpu
2026-01-07 22:35:53,552 [ERROR] ConditionMgr:805 - Attr not supported : Dmpu
2026-01-07 22:35:53,552 [ERROR] ConditionMgr:805 - Attr not supported : Dmpu
2026-01-07 22:35:53,552 [ERROR] ConditionMgr:805 - Attr not supported : Dmpu
2026-01-07 22:35:53,553 [ERROR] ConditionMgr:805 - Attr not supported : Dmpu
2026-01-07 22:35:53,553 [ERROR] ConditionMgr:805 - Attr not supported : Dmpu
2026-01-07 22:35:53,553 [ERROR] ConditionMgr:805 - Attr not supported : Dmpu
2026-01-07 22:35:53,553 [ERROR] ConditionMgr:805 - Attr not supported : Dmpu
2026-01-07 22:35:53,553 [ERROR] ConditionMgr:805 - Attr not supported : Dmpu
2026-01-07 22:35:53,553 [ERROR] ConditionMgr:805 - Attr not supported : Dmpu
2026-01-07 22:35:53,553 [ERROR] ConditionMgr:805 - Attr not supported : Dmpu
2026-01-07 22:35:53,553 [ERROR] ConditionMgr:805 - Attr not supported : Dmpu
2026-01-07 22:35:53,553 [ERROR] ConditionMgr:805 - Attr not supported : Dmpu
2026-01-07 22:35:53,553 [ERROR] ConditionMgr:805 - Attr not supported : Dmpu
2026-01-07 22:35:53,553 [ERROR] ConditionMgr:805 - Attr not supported : Dmpu
2026-01-07 22:35:53,553 [ERROR] ConditionMgr:805 - Attr not supported : Dmpu
2026-01-07 22:35:53,553 [ERROR] ConditionMgr:805 - Attr not supported : Dmpu
2026-01-07 22:35:53,553 [ERROR] ConditionMgr:805 - Attr not supported : Dmpu
2026-01-07 22:35:53,553 [ERROR] ConditionMgr:805 - Attr not supported : Dmpu
2026-01-07 22:35:53,554 [ERROR] ConditionMgr:805 - Attr not supported : Dmpu
2026-01-07 22:35:53,554 [ERROR] ConditionMgr:805 - Attr not supported : Dmpu
2026-01-07 22:35:53,554 [ERROR] ConditionMgr:805 - Attr not supported : Dmpu
2026-01-07 22:35:53,554 [ERROR] ConditionMgr:805 - Attr not supported : Dmpu
2026-01-07 22:35:53,554 [ERROR] ConditionMgr:805 - Attr not supported : Dmpu
2026-01-07 22:35:53,554 [ERROR] ConditionMgr:805 - Attr not supported : Dmpu
2026-01-07 22:35:53,554 [ERROR] ConditionMgr:805 - Attr not supported : Dmpu
2026-01-07 22:35:53,554 [ERROR] ConditionMgr:805 - Attr not supported : Dmpu
2026-01-07 22:35:53,554 [ERROR] ConditionMgr:805 - Attr not supported : Dmpu
2026-01-07 22:35:53,554 [ERROR] ConditionMgr:805 - Attr not supported : Dmpu
2026-01-07 22:35:53,554 [ERROR] ConditionMgr:805 - Attr not supported : Dmpu
2026-01-07 22:35:53,554 [ERROR] ConditionMgr:805 - Attr not supported : Dmpu
2026-01-07 22:35:53,554 [ERROR] ConditionMgr:805 - Attr not supported : Dmpu
2026-01-07 22:35:53,554 [ERROR] ConditionMgr:805 - Attr not supported : Dmpu
2026-01-07 22:35:53,555 [ERROR] ConditionMgr:805 - Attr not supported : Dmpu
2026-01-07 22:35:53,555 [ERROR] ConditionMgr:805 - Attr not supported : Dmpu
2026-01-07 22:35:53,555 [ERROR] ConditionMgr:805 - Attr not supported : Dmpu
2026-01-07 22:35:53,555 [ERROR] ConditionMgr:805 - Attr not supported : Dmpu
2026-01-07 22:35:53,555 [ERROR] ConditionMgr:805 - Attr not supported : Dmpu
2026-01-07 22:35:53,555 [ERROR] ConditionMgr:805 - Attr not supported : Dmpu
2026-01-07 22:35:53,555 [ERROR] ConditionMgr:805 - Attr not supported : Dmpu
2026-01-07 22:35:53,555 [ERROR] ConditionMgr:805 - Attr not supported : Dmpu
2026-01-07 22:35:53,574 [WARN] PackLoader:240 - Cannot read IP mode file for STMicroelectronics.X-CUBE-WB05N.2.0.0
2026-01-07 22:35:53,589 [ERROR] Engine:466 - C:\Users\USER\.stm32cubemx\thirdparties\pdsc\STMicroelectronics.X-CUBE-TCPP.4.2.0.pdsc: PDSC version is not supported
2026-01-07 22:35:53,606 [WARN] PackLoader:240 - Cannot read IP mode file for RealThread.X-CUBE-RT-Thread_Nano.4.1.1
2026-01-07 22:35:53,621 [WARN] PackLoader:240 - Cannot read IP mode file for wolfSSL.I-CUBE-wolfSSL.5.7.0
2026-01-07 22:35:53,627 [WARN] PackLoader:240 - Cannot read IP mode file for STMicroelectronics.FP-ATR-SIGFOX1.3.2.0
2026-01-07 22:35:53,633 [WARN] ConditionMgr:438 - getConditionDescription Invalid condition id : Cortex-A Device cause : null
2026-01-07 22:35:53,658 [WARN] ConditionMgr:1039 - genDependencies : Invalid condition id : Cortex-A Device cause : null
2026-01-07 22:35:53,658 [WARN] ConditionMgr:1039 - genDependencies : Invalid condition id : Cortex-A Device cause : null
2026-01-07 22:35:53,659 [WARN] ConditionMgr:1039 - genDependencies : Invalid condition id : Cortex-A Device cause : null
2026-01-07 22:35:53,675 [WARN] PackLoader:240 - Cannot read IP mode file for STMicroelectronics.X-CUBE-EEPRMA1.5.1.0
2026-01-07 22:35:53,696 [WARN] PackLoader:240 - Cannot read IP mode file for ITTIA_DB.I-CUBE-ITTIADB.8.9.0
2026-01-07 22:35:53,713 [WARN] PackLoader:240 - Cannot read IP mode file for STMicroelectronics.X-CUBE-AI.10.2.0
2026-01-07 22:35:53,748 [WARN] PackLoader:240 - Cannot read IP mode file for SEGGER.I-CUBE-embOS.1.3.1
2026-01-07 22:35:53,789 [WARN] PackLoader:240 - Cannot read IP mode file for STMicroelectronics.X-CUBE-ALGOBUILD.1.4.0
2026-01-07 22:35:53,804 [WARN] PackLoader:240 - Cannot read IP mode file for STMicroelectronics.X-CUBE-AI.9.1.0
2026-01-07 22:35:53,819 [WARN] PackLoader:240 - Cannot read IP mode file for STMicroelectronics.X-CUBE-PM33A1.1.0.0
2026-01-07 22:35:53,834 [WARN] PackLoader:240 - Cannot read IP mode file for STMicroelectronics.X-CUBE-GNSS1.6.0.0
2026-01-07 22:35:53,858 [WARN] PackLoader:240 - Cannot read IP mode file for STMicroelectronics.X-CUBE-AZRTOS-F4.1.1.0
2026-01-07 22:35:53,872 [ERROR] Engine:466 - C:\Users\USER\.stm32cubemx\thirdparties\pdsc\Avnet-IotConnect.X-CUBE-IoTC-DA16k-PMOD.1.0.0.pdsc: PDSC version is not supported
2026-01-07 22:35:53,887 [WARN] PackLoader:240 - Cannot read IP mode file for STMicroelectronics.X-CUBE-ISPU.2.1.0
2026-01-07 22:35:53,902 [ERROR] Engine:466 - C:\Users\USER\.stm32cubemx\thirdparties\pdsc\STMicroelectronics.X-CUBE-IPS.3.2.0.pdsc: PDSC version is not supported
2026-01-07 22:35:53,917 [WARN] PackLoader:240 - Cannot read IP mode file for STMicroelectronics.X-CUBE-FREERTOS.1.2.0
2026-01-07 22:35:53,935 [WARN] PackLoader:240 - Cannot read IP mode file for STMicroelectronics.X-CUBE-NFC12.1.0.0
2026-01-07 22:35:53,963 [WARN] PackLoader:240 - Cannot read IP mode file for STMicroelectronics.X-CUBE-AZRTOS-L5.2.0.0
2026-01-07 22:35:53,980 [WARN] PackLoader:240 - Cannot read IP mode file for STMicroelectronics.X-CUBE-NFC6.3.1.0
2026-01-07 22:35:53,996 [WARN] PackLoader:240 - Cannot read IP mode file for STMicroelectronics.X-CUBE-DPower.1.2.0
2026-01-07 22:35:54,010 [WARN] PackLoader:240 - Cannot read IP mode file for STMicroelectronics.X-CUBE-AI.9.0.0
2026-01-07 22:35:54,025 [WARN] PackLoader:240 - Cannot read IP mode file for STMicroelectronics.X-CUBE-FREERTOS.1.3.1
2026-01-07 22:35:54,040 [WARN] PackLoader:240 - Cannot read IP mode file for STMicroelectronics.X-CUBE-FREERTOS.1.3.0
2026-01-07 22:35:54,056 [WARN] PackLoader:240 - Cannot read IP mode file for STMicroelectronics.X-CUBE-NFC7.1.0.1
2026-01-07 22:35:54,071 [WARN] PackLoader:240 - Cannot read IP mode file for STMicroelectronics.X-CUBE-TOUCHGFX.4.26.0
2026-01-07 22:35:54,086 [ERROR] Engine:466 - C:\Users\USER\.stm32cubemx\thirdparties\pdsc\STMicroelectronics.FP-SNS-STAIOTCFT.1.0.0.pdsc: PDSC version is not supported
2026-01-07 22:35:54,100 [WARN] PackLoader:240 - Cannot read IP mode file for STMicroelectronics.X-CUBE-DPower.1.3.0
2026-01-07 22:35:54,126 [WARN] ConditionMgr:438 - getConditionDescription Invalid condition id : LAN8742 Phy interface Condition cause : null
2026-01-07 22:35:54,127 [WARN] PackLoader:240 - Cannot read IP mode file for STMicroelectronics.X-CUBE-AZRTOS-L4.2.0.0
2026-01-07 22:35:54,128 [WARN] ConditionMgr:1039 - genDependencies : Invalid condition id : LAN8742 Phy interface Condition cause : null
2026-01-07 22:35:54,128 [WARN] ConditionMgr:1039 - genDependencies : Invalid condition id : LAN8742 Phy interface Condition cause : null
2026-01-07 22:35:54,128 [WARN] ConditionMgr:1039 - genDependencies : Invalid condition id : LAN8742 Phy interface Condition cause : null
2026-01-07 22:35:54,146 [WARN] PackLoader:240 - Cannot read IP mode file for STMicroelectronics.X-CUBE-SFXS2LP1.4.0.0
2026-01-07 22:35:54,172 [WARN] PackLoader:240 - Cannot read IP mode file for STMicroelectronics.X-CUBE-AZRTOS-H7.3.3.0
2026-01-07 22:35:54,187 [ERROR] Engine:466 - C:\Users\USER\.stm32cubemx\thirdparties\pdsc\STMicroelectronics.X-CUBE-BLEMGR.4.1.0.pdsc: PDSC version is not supported
2026-01-07 22:35:54,204 [WARN] PackLoader:240 - Cannot read IP mode file for STMicroelectronics.X-CUBE-IPS.3.0.0
2026-01-07 22:35:54,228 [WARN] ConditionMgr:438 - getConditionDescription Invalid condition id : UX DEVICE CLASS RTOS Condition cause : null
2026-01-07 22:35:54,228 [WARN] ConditionMgr:438 - getConditionDescription Invalid condition id : UX DEVICE CLASS RTOS Condition cause : null
2026-01-07 22:35:54,229 [WARN] PackLoader:240 - Cannot read IP mode file for STMicroelectronics.X-CUBE-AZRTOS-WB.2.0.0
2026-01-07 22:35:54,230 [WARN] ConditionMgr:1039 - genDependencies : Invalid condition id : UX DEVICE CLASS RTOS Condition cause : null
2026-01-07 22:35:54,230 [WARN] ConditionMgr:1039 - genDependencies : Invalid condition id : UX DEVICE CLASS RTOS Condition cause : null
2026-01-07 22:35:54,230 [WARN] ConditionMgr:1039 - genDependencies : Invalid condition id : UX DEVICE CLASS RTOS Condition cause : null
2026-01-07 22:35:54,230 [WARN] ConditionMgr:1039 - genDependencies : Invalid condition id : UX DEVICE CLASS RTOS Condition cause : null
2026-01-07 22:35:54,230 [WARN] ConditionMgr:1039 - genDependencies : Invalid condition id : UX DEVICE CLASS RTOS Condition cause : null
2026-01-07 22:35:54,246 [WARN] PackLoader:240 - Cannot read IP mode file for STMicroelectronics.X-CUBE-GNSS1.7.0.0
2026-01-07 22:35:54,266 [WARN] PackLoader:240 - Cannot read IP mode file for STMicroelectronics.X-CUBE-GNSS1.7.0.1
2026-01-07 22:35:54,281 [WARN] PackLoader:240 - Cannot read IP mode file for STMicroelectronics.X-CUBE-TOUCHGFX.4.25.0
2026-01-07 22:35:54,299 [WARN] PackLoader:240 - Cannot read IP mode file for STMicroelectronics.FP-SNS-STBOX1.2.0.0
2026-01-07 22:35:54,320 [WARN] PackLoader:240 - Cannot read IP mode file for STMicroelectronics.X-CUBE-SUBG2.5.0.0
2026-01-07 22:35:54,354 [WARN] PackLoader:240 - Cannot read IP mode file for STMicroelectronics.X-CUBE-AZRTOS-H7RS.1.1.0
2026-01-07 22:35:54,375 [WARN] PackLoader:240 - Cannot read IP mode file for Cesanta.I-CUBE-Mongoose.7.13.0
2026-01-07 22:35:54,404 [WARN] PackLoader:240 - Cannot read IP mode file for STMicroelectronics.X-CUBE-AZRTOS-G4.2.0.0
2026-01-07 22:35:54,420 [WARN] PackLoader:240 - Cannot read IP mode file for STMicroelectronics.X-CUBE-NFC7.2.0.0
2026-01-07 22:35:54,435 [WARN] PackLoader:240 - Cannot read IP mode file for STMicroelectronics.X-CUBE-ISPU.2.0.0
2026-01-07 22:35:54,450 [ERROR] Engine:466 - C:\Users\USER\.stm32cubemx\thirdparties\pdsc\STMicroelectronics.X-CUBE-IPS.3.1.0.pdsc: PDSC version is not supported
2026-01-07 22:35:54,464 [WARN] PackLoader:240 - Cannot read IP mode file for STMicroelectronics.X-CUBE-ALS.1.0.2
2026-01-07 22:35:54,496 [WARN] PackLoader:240 - Cannot read IP mode file for STMicroelectronics.X-CUBE-MEMS1.10.0.0
2026-01-07 22:35:54,564 [WARN] PackLoader:240 - Cannot read IP mode file for STMicroelectronics.X-CUBE-FREERTOS.1.1.0
2026-01-07 22:35:54,581 [WARN] PackLoader:240 - Cannot read IP mode file for STMicroelectronics.X-CUBE-TOUCHGFX.4.24.2
2026-01-07 22:35:54,596 [WARN] PackLoader:240 - Cannot read IP mode file for STMicroelectronics.X-CUBE-TOUCHGFX.4.24.1
2026-01-07 22:35:54,613 [WARN] PackLoader:240 - Cannot read IP mode file for STMicroelectronics.X-CUBE-STSE01.1.0.0
2026-01-07 22:35:54,629 [WARN] PackLoader:240 - Cannot read IP mode file for wolfSSL.I-CUBE-wolfTPM.3.4.0
2026-01-07 22:35:54,644 [WARN] PackLoader:240 - Cannot read IP mode file for portGmbH.I-Cube-SoM-uGOAL.1.1.0
2026-01-07 22:35:54,659 [WARN] PackLoader:240 - Cannot read IP mode file for STMicroelectronics.X-CUBE-ALS.1.0.1
2026-01-07 22:35:54,682 [WARN] PackLoader:240 - Cannot read IP mode file for STMicroelectronics.X-CUBE-AZRTOS-H7RS.1.0.0
2026-01-07 22:35:54,698 [WARN] PackLoader:240 - Cannot read IP mode file for STMicroelectronics.FP-ATR-ASTRA1.2.0.0
2026-01-07 22:35:54,715 [WARN] PackLoader:240 - Cannot read IP mode file for STMicroelectronics.X-CUBE-TOF1.3.4.2
2026-01-07 22:35:54,736 [ERROR] Engine:466 - C:\Users\USER\.stm32cubemx\thirdparties\pdsc\STMicroelectronics.X-CUBE-TOF1.3.4.3.pdsc: PDSC version is not supported
2026-01-07 22:35:54,752 [WARN] PackLoader:240 - Cannot read IP mode file for STMicroelectronics.X-CUBE-TOF1.3.4.1
2026-01-07 22:35:54,802 [WARN] PackLoader:240 - Cannot read IP mode file for STMicroelectronics.X-CUBE-AZRTOS-H7.3.2.0
2026-01-07 22:35:54,828 [WARN] PackLoader:240 - Cannot read IP mode file for Infineon.AIROC-Wi-Fi-Bluetooth-STM32.1.6.0
2026-01-07 22:35:54,846 [WARN] PackLoader:240 - Cannot read IP mode file for wolfSSL.I-CUBE-wolfSSH.1.4.17
2026-01-07 22:35:54,847 [INFO] ThirdParty:978 - Integrity check success = true
2026-01-07 22:35:54,847 [INFO] IntegrityCheckThread:100 - exiting critical section [integrity check]
2026-01-07 22:35:54,847 [INFO] IntegrityCheckThread:103 - End integrity checks thread
2026-01-07 22:35:56,472 [INFO] WebApp:161 - Instantiating new browser for Auth
2026-01-07 22:35:57,792 [INFO] WebApp:779 - Register for checkConnection events
2026-01-07 22:35:57,792 [INFO] WebApp:414 - Apply proxy settings
2026-01-07 22:35:57,792 [INFO] WebApp:499 - Chromium requires no authentication
2026-01-07 22:35:57,814 [INFO] WebApp:442 - Direct internet connection detected
2026-01-07 22:35:58,293 [INFO] WebApp:192 - Starting web application
2026-01-07 22:35:58,293 [INFO] WebApp:544 - Web application path used D:\Documentos\Electronica\Nueva carpeta\STM32CubeIDE_1.15.0\STM32CubeIDE\plugins\com.st.stm32cube.common.mx_6.11.0.202403141607\db\plugins\mcufinder\reactClient1\index.html
2026-01-07 22:41:26,702 [INFO] McuFinderGlobals:63 - Set McuFinder mode to 2 (CubeIDE integrated)
2026-01-07 22:41:26,706 [INFO] MainUpdater:2873 - connection check result : 10
2026-01-07 22:41:26,706 [INFO] MainUpdater:2873 - connection check result : 10
2026-01-07 22:41:26,737 [INFO] MicroXplorer:468 - Change Database Path : 
2026-01-07 22:41:26,737 [INFO] MicroXplorer:498 - Change Database Version : DB.6.0.110
2026-01-07 22:41:26,743 [WARN] ThirdParty:871 - waiting for thirdparty lock release [close project]
2026-01-07 22:41:26,743 [INFO] ThirdParty:873 - entering critical section [close project]
2026-01-07 22:41:26,744 [INFO] ThirdParty:883 - exiting critical section [close project]
2026-01-07 22:41:26,747 [INFO] PinOutPanel:1561 - setPackage(No Configuration,No Configuration)
2026-01-07 22:41:26,750 [INFO] UtilMem:75 - Begin LoadConfig() Used Memory: 864433768 Bytes (1073741824)
2026-01-07 22:41:26,752 [INFO] MicroXplorer:468 - Change Database Path : 
2026-01-07 22:41:26,752 [INFO] MicroXplorer:498 - Change Database Version : DB.6.0.110
2026-01-07 22:41:26,752 [INFO] OpenFileManager:312 - Change cursor
2026-01-07 22:41:26,774 [INFO] Mcu:2021 - Initializing MCU STM32F411C(C-E)Ux STM32F411CEUx STM32F411CEU6
2026-01-07 22:41:28,137 [INFO] Context:663 - Trying to add GPIOservice into a context  which must be forbidden
2026-01-07 22:41:28,677 [INFO] RtosManager:555 - Registered RTOS mode: class=CMSIS, group=RTOS, mode=CMSIS_V1, owner=FREERTOS
2026-01-07 22:41:28,678 [INFO] RtosManager:555 - Registered RTOS mode: class=CMSIS, group=RTOS2, mode=CMSIS_V2, owner=FREERTOS
2026-01-07 22:41:28,678 [INFO] RtosManager:555 - Registered RTOS mode: class=RTOS, group=Core, mode=CMSIS_V1, owner=FREERTOS
2026-01-07 22:41:28,678 [INFO] RtosManager:555 - Registered RTOS mode: class=RTOS, group=Core, mode=CMSIS_V2, owner=FREERTOS
2026-01-07 22:41:28,678 [WARN] ModelIntegratedComponent:184 - Missing modes for component STMicroelectronics:FreeRTOS:0.0.1:STMicroelectronics:RTOS:FreeRTOS:Core:::10.2.0:
2026-01-07 22:41:28,691 [WARN] ModelIntegratedComponent:63 - No mode defined for component null
2026-01-07 22:41:28,691 [WARN] ModelIntegratedComponent:63 - No mode defined for component null
2026-01-07 22:41:28,691 [WARN] ModelIntegratedComponent:63 - No mode defined for component null
2026-01-07 22:41:28,692 [WARN] ModelIntegratedComponent:63 - No mode defined for component null
2026-01-07 22:41:28,692 [WARN] ModelIntegratedComponent:63 - No mode defined for component null
2026-01-07 22:41:28,692 [WARN] ModelIntegratedComponent:63 - No mode defined for component null
2026-01-07 22:41:28,692 [WARN] ModelIntegratedComponent:63 - No mode defined for component null
2026-01-07 22:41:28,692 [WARN] ModelIntegratedComponent:63 - No mode defined for component null
2026-01-07 22:41:28,692 [WARN] ModelIntegratedComponent:63 - No mode defined for component null
2026-01-07 22:41:28,692 [WARN] ModelIntegratedComponent:63 - No mode defined for component null
2026-01-07 22:41:28,692 [WARN] ModelIntegratedComponent:63 - No mode defined for component null
2026-01-07 22:41:28,692 [WARN] ModelIntegratedComponent:63 - No mode defined for component null
2026-01-07 22:41:28,692 [WARN] ModelIntegratedComponent:63 - No mode defined for component null
2026-01-07 22:41:28,692 [WARN] ModelIntegratedComponent:63 - No mode defined for component null
2026-01-07 22:41:28,692 [WARN] ModelIntegratedComponent:63 - No mode defined for component null
2026-01-07 22:41:28,692 [WARN] ModelIntegratedComponent:63 - No mode defined for component null
2026-01-07 22:41:28,692 [WARN] ModelIntegratedComponent:63 - No mode defined for component null
2026-01-07 22:41:28,692 [WARN] ModelIntegratedComponent:63 - No mode defined for component null
2026-01-07 22:41:28,692 [WARN] ModelIntegratedComponent:63 - No mode defined for component null
2026-01-07 22:41:28,692 [WARN] ModelIntegratedComponent:63 - No mode defined for component null
2026-01-07 22:41:28,692 [WARN] ModelIntegratedComponent:63 - No mode defined for component null
2026-01-07 22:41:28,692 [WARN] ModelIntegratedComponent:63 - No mode defined for component null
2026-01-07 22:41:28,692 [WARN] ModelIntegratedComponent:63 - No mode defined for component null
2026-01-07 22:41:28,692 [WARN] ModelIntegratedComponent:63 - No mode defined for component null
2026-01-07 22:41:28,692 [WARN] ModelIntegratedComponent:63 - No mode defined for component null
2026-01-07 22:41:28,692 [WARN] ModelIntegratedComponent:63 - No mode defined for component null
2026-01-07 22:41:28,692 [WARN] ModelIntegratedComponent:63 - No mode defined for component null
2026-01-07 22:41:28,692 [WARN] ModelIntegratedComponent:63 - No mode defined for component null
2026-01-07 22:41:28,692 [WARN] ModelIntegratedComponent:63 - No mode defined for component null
2026-01-07 22:41:28,692 [WARN] ModelIntegratedComponent:63 - No mode defined for component null
2026-01-07 22:41:28,693 [WARN] ModelIntegratedComponent:63 - No mode defined for component null
2026-01-07 22:41:28,693 [WARN] ModelIntegratedComponent:63 - No mode defined for component null
2026-01-07 22:41:28,693 [WARN] ModelIntegratedComponent:63 - No mode defined for component null
2026-01-07 22:41:28,693 [WARN] ModelIntegratedComponent:63 - No mode defined for component null
2026-01-07 22:41:28,769 [WARN] ModelIntegratedComponent:182 - Modes not found for component STMicroelectronics:USB_DEVICE:1.0.0:STMicroelectronics:USB::USB Device:Audio HS::1.0:USB_DEVICE_1_0_RESTRICTED_HS
2026-01-07 22:41:28,770 [WARN] ModelIntegratedComponent:188 - Modes not found for component STMicroelectronics:USB_DEVICE:1.0.0:STMicroelectronics:USB::USB Device:Audio HS::1.0:USB_DEVICE_1_0_RESTRICTED_HS
2026-01-07 22:41:28,770 [WARN] ModelIntegratedComponent:182 - Modes not found for component STMicroelectronics:USB_DEVICE:1.0.0:STMicroelectronics:USB::USB Device:CDC HS::1.0:USB_DEVICE_1_0_RESTRICTED_HS
2026-01-07 22:41:28,770 [WARN] ModelIntegratedComponent:188 - Modes not found for component STMicroelectronics:USB_DEVICE:1.0.0:STMicroelectronics:USB::USB Device:CDC HS::1.0:USB_DEVICE_1_0_RESTRICTED_HS
2026-01-07 22:41:28,770 [WARN] ModelIntegratedComponent:182 - Modes not found for component STMicroelectronics:USB_DEVICE:1.0.0:STMicroelectronics:USB::USB Device:DFU HS::1.0:USB_DEVICE_1_0_RESTRICTED_HS
2026-01-07 22:41:28,770 [WARN] ModelIntegratedComponent:188 - Modes not found for component STMicroelectronics:USB_DEVICE:1.0.0:STMicroelectronics:USB::USB Device:DFU HS::1.0:USB_DEVICE_1_0_RESTRICTED_HS
2026-01-07 22:41:28,770 [WARN] ModelIntegratedComponent:182 - Modes not found for component STMicroelectronics:USB_DEVICE:1.0.0:STMicroelectronics:USB::USB Device:HID HS::1.0:USB_DEVICE_1_0_RESTRICTED_HS
2026-01-07 22:41:28,770 [WARN] ModelIntegratedComponent:188 - Modes not found for component STMicroelectronics:USB_DEVICE:1.0.0:STMicroelectronics:USB::USB Device:HID HS::1.0:USB_DEVICE_1_0_RESTRICTED_HS
2026-01-07 22:41:28,770 [WARN] ModelIntegratedComponent:182 - Modes not found for component STMicroelectronics:USB_DEVICE:1.0.0:STMicroelectronics:USB::USB Device:Custom HID HS::1.0:USB_DEVICE_1_0_RESTRICTED_HS
2026-01-07 22:41:28,770 [WARN] ModelIntegratedComponent:188 - Modes not found for component STMicroelectronics:USB_DEVICE:1.0.0:STMicroelectronics:USB::USB Device:Custom HID HS::1.0:USB_DEVICE_1_0_RESTRICTED_HS
2026-01-07 22:41:28,770 [WARN] ModelIntegratedComponent:182 - Modes not found for component STMicroelectronics:USB_DEVICE:1.0.0:STMicroelectronics:USB::USB Device:MSC HS::1.0:USB_DEVICE_1_0_RESTRICTED_HS
2026-01-07 22:41:28,770 [WARN] ModelIntegratedComponent:188 - Modes not found for component STMicroelectronics:USB_DEVICE:1.0.0:STMicroelectronics:USB::USB Device:MSC HS::1.0:USB_DEVICE_1_0_RESTRICTED_HS
2026-01-07 22:41:28,867 [WARN] ModelIntegratedComponent:182 - Modes not found for component STMicroelectronics:USB_HOST:1.0.0:STMicroelectronics:USB::USB Host:Audio HS::1.0:USB_HOST_1_0_RESTRICTED_HS
2026-01-07 22:41:28,867 [WARN] ModelIntegratedComponent:188 - Modes not found for component STMicroelectronics:USB_HOST:1.0.0:STMicroelectronics:USB::USB Host:Audio HS::1.0:USB_HOST_1_0_RESTRICTED_HS
2026-01-07 22:41:28,867 [WARN] ModelIntegratedComponent:182 - Modes not found for component STMicroelectronics:USB_HOST:1.0.0:STMicroelectronics:USB::USB Host:CDC HS::1.0:USB_HOST_1_0_RESTRICTED_HS
2026-01-07 22:41:28,867 [WARN] ModelIntegratedComponent:188 - Modes not found for component STMicroelectronics:USB_HOST:1.0.0:STMicroelectronics:USB::USB Host:CDC HS::1.0:USB_HOST_1_0_RESTRICTED_HS
2026-01-07 22:41:28,867 [WARN] ModelIntegratedComponent:182 - Modes not found for component STMicroelectronics:USB_HOST:1.0.0:STMicroelectronics:USB::USB Host:MSC HS::1.0:USB_HOST_1_0_RESTRICTED_HS
2026-01-07 22:41:28,867 [WARN] ModelIntegratedComponent:188 - Modes not found for component STMicroelectronics:USB_HOST:1.0.0:STMicroelectronics:USB::USB Host:MSC HS::1.0:USB_HOST_1_0_RESTRICTED_HS
2026-01-07 22:41:28,867 [WARN] ModelIntegratedComponent:182 - Modes not found for component STMicroelectronics:USB_HOST:1.0.0:STMicroelectronics:USB::USB Host:HID HS::1.0:USB_HOST_1_0_RESTRICTED_HS
2026-01-07 22:41:28,868 [WARN] ModelIntegratedComponent:188 - Modes not found for component STMicroelectronics:USB_HOST:1.0.0:STMicroelectronics:USB::USB Host:HID HS::1.0:USB_HOST_1_0_RESTRICTED_HS
2026-01-07 22:41:28,868 [WARN] ModelIntegratedComponent:182 - Modes not found for component STMicroelectronics:USB_HOST:1.0.0:STMicroelectronics:USB::USB Host:MTP HS::1.0:USB_HOST_1_0_RESTRICTED_HS
2026-01-07 22:41:28,868 [WARN] ModelIntegratedComponent:188 - Modes not found for component STMicroelectronics:USB_HOST:1.0.0:STMicroelectronics:USB::USB Host:MTP HS::1.0:USB_HOST_1_0_RESTRICTED_HS
2026-01-07 22:41:28,952 [INFO] ThirdPartyModel:298 - Start build external matchings
2026-01-07 22:41:30,300 [INFO] ThirdPartyModel:316 - End build external matchings
2026-01-07 22:41:30,340 [INFO] ImportTextPane:194 - (OptionalMessage_ERROR) IP (RCC) : Parameter (RTCHSEDivFreq_Value) has invalid value (12500000)
2026-01-07 22:41:30,686 [INFO] ApiDb:581 - Connected to CubeFinder SQLite database (C:\Users\USER\.stmcufinder\plugins\mcufinder\mcu\cube-finder-db.db)
2026-01-07 22:41:30,754 [INFO] ApiDb:668 - CubeFinder database Data Model version=2.1
2026-01-07 22:41:30,754 [INFO] ApiDb:669 - CubeFinder database Configuration version=3.0.39
2026-01-07 22:41:30,755 [INFO] ApiDb:670 - CubeFinder database generation date=2025-11-05 (1762334721)
2026-01-07 22:41:30,755 [INFO] ApiDb:671 - CubeFinder database FW Pack versions=[FP-ATR-ASTRA1_V2.0.0, FP-SNS-FLIGHT1_V5.1.0, FP-SNS-MOTENV1_V5.1.0, FP-SNS-MOTENVWB1_V1.4.0, FP-SNS-SMARTAG2_V1.2.0, FP-SNS-STBOX1_V2.1.0, STM32Cube_FW_C0_V1.4.0, STM32Cube_FW_F4_V1.28.3, STM32Cube_FW_F7_V1.17.4, STM32Cube_FW_G0_V1.6.2, STM32Cube_FW_G4_V1.6.1, STM32Cube_FW_H5_V1.5.1, STM32Cube_FW_H7RS_V1.3.0, STM32Cube_FW_H7_V1.12.1, STM32Cube_FW_L0_V1.12.2, STM32Cube_FW_L4_V1.18.1, STM32Cube_FW_L5_V1.6.0, STM32Cube_FW_N6_V1.3.0, STM32Cube_FW_U0_V1.3.0, STM32Cube_FW_U3_V1.2.1, STM32Cube_FW_U5_V1.8.0, STM32Cube_FW_WB0_V1.4.0, STM32Cube_FW_WBA_V1.8.0, STM32Cube_FW_WB_V1.24.0, STM32Cube_FW_WL3_V1.3.0, STM32Cube_FW_WL_V1.4.0, X-CUBE-ALGOBUILD_V1.4.0, X-CUBE-ALS_V1.0.2, X-CUBE-AZRTOS-F4_V1.1.0, X-CUBE-AZRTOS-F7_V1.1.0, X-CUBE-AZRTOS-G0_V1.1.0, X-CUBE-AZRTOS-G4_V2.0.0, X-CUBE-AZRTOS-H7RS_V1.1.0, X-CUBE-AZRTOS-H7_V3.4.0, X-CUBE-AZRTOS-L4_V2.0.0, X-CUBE-AZRTOS-L5_V2.0.0, X-CUBE-AZRTOS-WB_V2.0.0, X-CUBE-AZRTOS-WL_V2.0.0, X-CUBE-BLE1_V7.1.0, X-CUBE-BLE2_V3.3.0, X-CUBE-BLEMGR_V4.1.0, X-CUBE-EEPRMA1_V5.2.0, X-CUBE-FREERTOS_V1.3.1, X-CUBE-GNSS1_V6.0.0, X-CUBE-MEMS1_V11.3.0, X-CUBE-NFC4_V3.0.0, X-CUBE-NFC7_V2.0.0, X-CUBE-SFXS2LP1_V4.0.0, X-CUBE-ST67W61_V1.1.0, X-CUBE-SUBG2_V5.0.0, X-CUBE-TOF1_V3.4.3]
2026-01-07 22:41:30,808 [INFO] DbBoardsSqlite:226 - include board P-NUCLEO-WB55-NUCLEO as a kit item of type 'Nucleo-64'
2026-01-07 22:41:30,808 [INFO] DbBoardsSqlite:226 - include board P-NUCLEO-WB55-USBDONGLE as a kit item of type 'Nucleo USB Dongle'
2026-01-07 22:41:30,809 [INFO] DbBoardsSqlite:226 - include board STEVAL-IDP005V1 as a kit item of type 'Evaluation Board'
2026-01-07 22:41:30,809 [INFO] DbBoardsSqlite:226 - include board STEVAL-IDP005V2 as a kit item of type 'Evaluation Board'
2026-01-07 22:41:30,869 [INFO] ApiDb:240 - Found 483 in-development CPN: [B-G473E-ZEST1S, B-WB1M-WPAN1, B-WL5M-SUBG1, NUCLEO-C031C6, NUCLEO-H503RB, NUCLEO-H533RE, NUCLEO-H563ZI, NUCLEO-H7S3L8, NUCLEO-U031R8, NUCLEO-U083RC, NUCLEO-U545RE-Q, NUCLEO-U5A5ZJ-Q, NUCLEO-WBA52CG, NUCLEO-WBA55CG, STEVAL-PROTEUS1, STEVAL-SMARTAG2, STEVAL-STWINBX1, STM320518-EVAL, STM32C0116-DK, STM32C011D6Y3TR, STM32C011D6Y6TR, STM32C011F4P3, STM32C011F4P6, STM32C011F4U3, STM32C011F4U6TR, STM32C011F6P3, STM32C011F6P6, STM32C011F6U3, STM32C011F6U6TR, STM32C011J4M3, STM32C011J4M6, STM32C011J6M3, STM32C011J6M6, STM32C0316-DK, STM32C031C4T3, STM32C031C4T6, STM32C031C4U3, STM32C031C4U6, STM32C031C6T3, STM32C031C6T6, STM32C031C6U3, STM32C031C6U6, STM32C031F4P3, STM32C031F4P6, STM32C031F6P3, STM32C031F6P6, STM32C031G4U3, STM32C031G4U6, STM32C031G6U3, STM32C031G6U6, STM32C031K4T3, STM32C031K4T6, STM32C031K4U3, STM32C031K4U6, STM32C031K6T3, STM32C031K6T6, STM32C031K6U3, STM32C031K6U6, STM32G071K8TXN, STM32G071K8UXN, STM32G081GBU6N, STM32G081KBT6N, STM32G081KBUXN, STM32G0B1CCT6N, STM32G0B1KCT6, STM32G0B1NEY6TR, STM32G0B1RCT6N, STM32G0C1CCT6, STM32G0C1CCT6N, STM32G0C1CCU6N, STM32G0C1CET6N, STM32G0C1CEU6N, STM32G0C1KCT6, STM32G0C1NEY6TR, STM32G0C1RCI6N, STM32G0C1RCT6N, STM32G0C1REI6N, STM32G0C1RET6N, STM32G0C1VCI6, STM32G0C1VEI6, STM32G471CCT6, STM32G471CCU6, STM32G471CET3, STM32G471CET6, STM32G471CEU3, STM32G471CEU6, STM32G471MCT6, STM32G471MET3, STM32G471MET6, STM32G471MEY6TR, STM32G471QCT6, STM32G471QET3, STM32G471RCT6, STM32G471RET3, STM32G471RET6, STM32G471VCH6, STM32G471VCI6, STM32G471VCT6, STM32G471VEH3, STM32G471VEH6, STM32G471VEI3, STM32G471VEI6, STM32G471VET3, STM32G471VET6, STM32G474CCT6, STM32H503CBT6, STM32H503CBU6, STM32H503EBY6TR, STM32H503KBU6, STM32H503RBT6, STM32H523CCT6, STM32H523CCU6, STM32H523CET6, STM32H523CEU6, STM32H523HEY6TR, STM32H523RCT6, STM32H523RET6, STM32H523VCI6, STM32H523VCT6, STM32H523VEI6, STM32H523VET6, STM32H523ZCJ6, STM32H523ZCT6, STM32H523ZEJ6, STM32H523ZET6, STM32H533CET6, STM32H533CEU6, STM32H533HEY6TR, STM32H533RET6, STM32H533VEI6, STM32H533VET6, STM32H533ZEJ6, STM32H533ZET6, STM32H562AGI6, STM32H562AII6, STM32H562IGK6, STM32H562IGT6, STM32H562IIK6, STM32H562IIT6, STM32H562RGT6, STM32H562RGV6, STM32H562RIT6, STM32H562RIV6, STM32H562VGT6, STM32H562VIT6, STM32H562ZGT6, STM32H562ZIT6, STM32H563AGI6, STM32H563AII3Q, STM32H563AII6, STM32H563IGK6, STM32H563IGT6, STM32H563IIK3Q, STM32H563IIK6, STM32H563IIT3Q, STM32H563IIT6, STM32H563MIY3QTR, STM32H563RGT6, STM32H563RGV6, STM32H563RIT6, STM32H563RIV6, STM32H563VGT6, STM32H563VIT3Q, STM32H563VIT6, STM32H563ZGT6, STM32H563ZIT3Q, STM32H563ZIT6, STM32H573AII3Q, STM32H573AII6, STM32H573I-DK, STM32H573IIK3Q, STM32H573IIK6, STM32H573IIT3Q, STM32H573IIT6, STM32H573MIY3QTR, STM32H573RIT6, STM32H573RIV6, STM32H573VIT3Q, STM32H573VIT6, STM32H573ZIT3Q, STM32H573ZIT6, STM32H7R3A8I6, STM32H7R3I8K6, STM32H7R3I8T6, STM32H7R3L8H6, STM32H7R3L8H6H, STM32H7R3R8V6, STM32H7R3V8H6, STM32H7R3V8T6, STM32H7R3V8Y6, STM32H7R3Z8J6, STM32H7R3Z8T6, STM32H7R7A8I6, STM32H7R7I8K6, STM32H7R7I8T6, STM32H7R7L8H6, STM32H7R7L8H6H, STM32H7R7Z8J6, STM32H7S3A8I6, STM32H7S3I8K6, STM32H7S3I8T6, STM32H7S3L8H6, STM32H7S3L8H6H, STM32H7S3R8V6, STM32H7S3V8H6, STM32H7S3V8T6, STM32H7S3V8Y6, STM32H7S3Z8J6, STM32H7S3Z8T6, STM32H7S78-DK, STM32H7S7A8I6, STM32H7S7I8K6, STM32H7S7I8T6, STM32H7S7L8H6, STM32H7S7L8H6H, STM32H7S7Z8J6, STM32L4R5QGI6STR, STM32MP131AAE3, STM32MP131AAF3, STM32MP131AAG3, STM32MP131CAE3, STM32MP131CAF3, STM32MP131CAG3, STM32MP131DAE7, STM32MP131DAF7, STM32MP131DAG7, STM32MP131FAE7, STM32MP131FAF7, STM32MP131FAG7, STM32MP133AAE3, STM32MP133AAF3, STM32MP133AAG3, STM32MP133CAE3, STM32MP133CAF3, STM32MP133CAG3, STM32MP133DAE7, STM32MP133DAF7, STM32MP133DAG7, STM32MP133FAE7, STM32MP133FAF7, STM32MP133FAG7, STM32MP135AAE3, STM32MP135AAF3, STM32MP135AAG3, STM32MP135CAE3, STM32MP135CAF3, STM32MP135CAG3, STM32MP135DAE7, STM32MP135DAF7, STM32MP135DAG7, STM32MP135F-DK, STM32MP135FAE7, STM32MP135FAF7, STM32MP135FAF7T, STM32MP135FAF7U, STM32MP135FAG7, STM32U031C6T6, STM32U031C6U6, STM32U031C8T6, STM32U031C8U6, STM32U031F4P6, STM32U031F6P6, STM32U031F8P6, STM32U031G6Y6TR, STM32U031G8Y6TR, STM32U031K4U6, STM32U031K6U6, STM32U031K8U6, STM32U031R6I6, STM32U031R6T6, STM32U031R8I6, STM32U031R8T6, STM32U073C8T6, STM32U073C8U6, STM32U073CBT6, STM32U073CBU6, STM32U073CCT6, STM32U073CCU6, STM32U073H8Y6TR, STM32U073HBY6TR, STM32U073HCY6TR, STM32U073K8U6, STM32U073KBU6, STM32U073KCU6, STM32U073M8I6, STM32U073M8T6, STM32U073MBI6, STM32U073MBT6, STM32U073MCI6, STM32U073MCT6, STM32U073R8I6, STM32U073R8T6, STM32U073RBI6, STM32U073RBT6, STM32U073RCI6, STM32U073RCT6, STM32U083C-DK, STM32U083CCT6, STM32U083CCU6, STM32U083HCY6TR, STM32U083KCU6, STM32U083MCI6, STM32U083MCT6, STM32U083RCI6, STM32U083RCT6, STM32U535CBT6, STM32U535CBT6Q, STM32U535CBU6, STM32U535CBU6Q, STM32U535CCT6, STM32U535CCT6Q, STM32U535CCU6, STM32U535CCU6Q, STM32U535CET6, STM32U535CET6Q, STM32U535CEU6, STM32U535CEU6Q, STM32U535JEY6QTR, STM32U535NCY6QTR, STM32U535NEY6QTR, STM32U535RBI6, STM32U535RBI6Q, STM32U535RBT6, STM32U535RBT6Q, STM32U535RCI6, STM32U535RCI6Q, STM32U535RCT6, STM32U535RCT6Q, STM32U535REI6, STM32U535REI6Q, STM32U535RET6, STM32U535RET6Q, STM32U535VCI6, STM32U535VCI6Q, STM32U535VCT6, STM32U535VCT6Q, STM32U535VEI6, STM32U535VEI6Q, STM32U535VET6, STM32U535VET6Q, STM32U545CET6, STM32U545CET6Q, STM32U545CEU6, STM32U545CEU6Q, STM32U545JEY6QTR, STM32U545NEY6QTR, STM32U545REI6, STM32U545REI6Q, STM32U545RET6, STM32U545RET6Q, STM32U545VEI6, STM32U545VEI6Q, STM32U545VET6, STM32U545VET6Q, STM32U595AIH6, STM32U595AIH6Q, STM32U595AJH6, STM32U595AJH6Q, STM32U595QII6, STM32U595QII6Q, STM32U595QJI6, STM32U595QJI6Q, STM32U595RIT6, STM32U595RIT6Q, STM32U595RJT6, STM32U595RJT6Q, STM32U595VIT6, STM32U595VIT6Q, STM32U595VJT6, STM32U595VJT6Q, STM32U595ZIT6, STM32U595ZIT6Q, STM32U595ZIY6QTR, STM32U595ZJT6, STM32U595ZJT6Q, STM32U595ZJY6QTR, STM32U599BJY6QTR, STM32U599NIH6Q, STM32U599NJH6Q, STM32U599VIT6Q, STM32U599VJT6, STM32U599VJT6Q, STM32U599ZIT6Q, STM32U599ZIY6QTR, STM32U599ZJT6Q, STM32U599ZJY6QTR, STM32U5A5AJH6, STM32U5A5AJH6Q, STM32U5A5QII3Q , STM32U5A5QJI6, STM32U5A5QJI6Q, STM32U5A5RJT6, STM32U5A5RJT6Q, STM32U5A5VJT6, STM32U5A5VJT6Q, STM32U5A5ZJT6, STM32U5A5ZJT6Q, STM32U5A5ZJY6QTR, STM32U5A9BJY6QTR, STM32U5A9J-DK, STM32U5A9NJH6Q, STM32U5A9VJT6Q, STM32U5A9ZJT6Q, STM32U5A9ZJY6QTR, STM32U5F7VIT6, STM32U5F7VIT6Q, STM32U5F7VJT6, STM32U5F7VJT6Q, STM32U5F9BJY6QTR, STM32U5F9NJH6Q, STM32U5F9VIT6Q, STM32U5F9VJT6Q, STM32U5F9ZIJ6QTR, STM32U5F9ZIT6Q, STM32U5F9ZJJ6QTR, STM32U5F9ZJT6Q, STM32U5G7VJT6, STM32U5G7VJT6Q, STM32U5G9BJY6QTR, STM32U5G9J-DK1, STM32U5G9J-DK2, STM32U5G9NJH6Q, STM32U5G9VJT6Q, STM32U5G9ZJJ6QTR, STM32U5G9ZJT6Q, STM32WB1MMCH6, STM32WBA50KEU6, STM32WBA50KEU6TR, STM32WBA50KGU6, STM32WBA50KGU6TR, STM32WBA52CEU6, STM32WBA52CEU6TR, STM32WBA52CEU7, STM32WBA52CEU7TR, STM32WBA52CGU6, STM32WBA52CGU6TR, STM32WBA52CGU6U, STM32WBA52CGU7, STM32WBA52CGU7TR, STM32WBA52KEU6, STM32WBA52KEU6TR, STM32WBA52KGU6, STM32WBA52KGU6TR, STM32WBA54CEU6, STM32WBA54CEU6TR, STM32WBA54CEU7, STM32WBA54CEU7TR, STM32WBA54CGU6, STM32WBA54CGU6TR, STM32WBA54CGU7, STM32WBA54CGU7TR, STM32WBA54KEU6, STM32WBA54KEU6TR, STM32WBA54KEU7, STM32WBA54KEU7TR, STM32WBA54KGU6, STM32WBA54KGU6TR, STM32WBA54KGU7, STM32WBA54KGU7TR, STM32WBA55CEU6, STM32WBA55CEU6TR, STM32WBA55CEU7, STM32WBA55CEU7TR, STM32WBA55CGU6, STM32WBA55CGU6TR, STM32WBA55CGU6U, STM32WBA55CGU7, STM32WBA55CGU7TR, STM32WBA55G-DK1, STM32WBA55HEF6, STM32WBA55HEF7, STM32WBA55HGF6, STM32WBA55HGF7, STM32WBA55UEI6, STM32WBA55UEI6TR, STM32WBA55UEI7, STM32WBA55UEI7TR, STM32WBA55UGI6, STM32WBA55UGI6TR, STM32WBA55UGI7, STM32WBA55UGI7TR, STM32WL5MOCH6, STM32WL5MOCH6TR]
2026-01-07 22:41:30,873 [INFO] ApiDb:668 - CubeFinder database Data Model version=2.1
2026-01-07 22:41:30,873 [INFO] ApiDb:669 - CubeFinder database Configuration version=3.0.39
2026-01-07 22:41:30,873 [INFO] ApiDb:670 - CubeFinder database generation date=2025-11-05 (1762334721)
2026-01-07 22:41:30,873 [INFO] ApiDb:671 - CubeFinder database FW Pack versions=[FP-ATR-ASTRA1_V2.0.0, FP-SNS-FLIGHT1_V5.1.0, FP-SNS-MOTENV1_V5.1.0, FP-SNS-MOTENVWB1_V1.4.0, FP-SNS-SMARTAG2_V1.2.0, FP-SNS-STBOX1_V2.1.0, STM32Cube_FW_C0_V1.4.0, STM32Cube_FW_F4_V1.28.3, STM32Cube_FW_F7_V1.17.4, STM32Cube_FW_G0_V1.6.2, STM32Cube_FW_G4_V1.6.1, STM32Cube_FW_H5_V1.5.1, STM32Cube_FW_H7RS_V1.3.0, STM32Cube_FW_H7_V1.12.1, STM32Cube_FW_L0_V1.12.2, STM32Cube_FW_L4_V1.18.1, STM32Cube_FW_L5_V1.6.0, STM32Cube_FW_N6_V1.3.0, STM32Cube_FW_U0_V1.3.0, STM32Cube_FW_U3_V1.2.1, STM32Cube_FW_U5_V1.8.0, STM32Cube_FW_WB0_V1.4.0, STM32Cube_FW_WBA_V1.8.0, STM32Cube_FW_WB_V1.24.0, STM32Cube_FW_WL3_V1.3.0, STM32Cube_FW_WL_V1.4.0, X-CUBE-ALGOBUILD_V1.4.0, X-CUBE-ALS_V1.0.2, X-CUBE-AZRTOS-F4_V1.1.0, X-CUBE-AZRTOS-F7_V1.1.0, X-CUBE-AZRTOS-G0_V1.1.0, X-CUBE-AZRTOS-G4_V2.0.0, X-CUBE-AZRTOS-H7RS_V1.1.0, X-CUBE-AZRTOS-H7_V3.4.0, X-CUBE-AZRTOS-L4_V2.0.0, X-CUBE-AZRTOS-L5_V2.0.0, X-CUBE-AZRTOS-WB_V2.0.0, X-CUBE-AZRTOS-WL_V2.0.0, X-CUBE-BLE1_V7.1.0, X-CUBE-BLE2_V3.3.0, X-CUBE-BLEMGR_V4.1.0, X-CUBE-EEPRMA1_V5.2.0, X-CUBE-FREERTOS_V1.3.1, X-CUBE-GNSS1_V6.0.0, X-CUBE-MEMS1_V11.3.0, X-CUBE-NFC4_V3.0.0, X-CUBE-NFC7_V2.0.0, X-CUBE-SFXS2LP1_V4.0.0, X-CUBE-ST67W61_V1.1.0, X-CUBE-SUBG2_V5.0.0, X-CUBE-TOF1_V3.4.3]
2026-01-07 22:41:32,702 [INFO] ApiDb:240 - Found 483 in-development CPN: [B-G473E-ZEST1S, B-WB1M-WPAN1, B-WL5M-SUBG1, NUCLEO-C031C6, NUCLEO-H503RB, NUCLEO-H533RE, NUCLEO-H563ZI, NUCLEO-H7S3L8, NUCLEO-U031R8, NUCLEO-U083RC, NUCLEO-U545RE-Q, NUCLEO-U5A5ZJ-Q, NUCLEO-WBA52CG, NUCLEO-WBA55CG, STEVAL-PROTEUS1, STEVAL-SMARTAG2, STEVAL-STWINBX1, STM320518-EVAL, STM32C0116-DK, STM32C011D6Y3TR, STM32C011D6Y6TR, STM32C011F4P3, STM32C011F4P6, STM32C011F4U3, STM32C011F4U6TR, STM32C011F6P3, STM32C011F6P6, STM32C011F6U3, STM32C011F6U6TR, STM32C011J4M3, STM32C011J4M6, STM32C011J6M3, STM32C011J6M6, STM32C0316-DK, STM32C031C4T3, STM32C031C4T6, STM32C031C4U3, STM32C031C4U6, STM32C031C6T3, STM32C031C6T6, STM32C031C6U3, STM32C031C6U6, STM32C031F4P3, STM32C031F4P6, STM32C031F6P3, STM32C031F6P6, STM32C031G4U3, STM32C031G4U6, STM32C031G6U3, STM32C031G6U6, STM32C031K4T3, STM32C031K4T6, STM32C031K4U3, STM32C031K4U6, STM32C031K6T3, STM32C031K6T6, STM32C031K6U3, STM32C031K6U6, STM32G071K8TXN, STM32G071K8UXN, STM32G081GBU6N, STM32G081KBT6N, STM32G081KBUXN, STM32G0B1CCT6N, STM32G0B1KCT6, STM32G0B1NEY6TR, STM32G0B1RCT6N, STM32G0C1CCT6, STM32G0C1CCT6N, STM32G0C1CCU6N, STM32G0C1CET6N, STM32G0C1CEU6N, STM32G0C1KCT6, STM32G0C1NEY6TR, STM32G0C1RCI6N, STM32G0C1RCT6N, STM32G0C1REI6N, STM32G0C1RET6N, STM32G0C1VCI6, STM32G0C1VEI6, STM32G471CCT6, STM32G471CCU6, STM32G471CET3, STM32G471CET6, STM32G471CEU3, STM32G471CEU6, STM32G471MCT6, STM32G471MET3, STM32G471MET6, STM32G471MEY6TR, STM32G471QCT6, STM32G471QET3, STM32G471RCT6, STM32G471RET3, STM32G471RET6, STM32G471VCH6, STM32G471VCI6, STM32G471VCT6, STM32G471VEH3, STM32G471VEH6, STM32G471VEI3, STM32G471VEI6, STM32G471VET3, STM32G471VET6, STM32G474CCT6, STM32H503CBT6, STM32H503CBU6, STM32H503EBY6TR, STM32H503KBU6, STM32H503RBT6, STM32H523CCT6, STM32H523CCU6, STM32H523CET6, STM32H523CEU6, STM32H523HEY6TR, STM32H523RCT6, STM32H523RET6, STM32H523VCI6, STM32H523VCT6, STM32H523VEI6, STM32H523VET6, STM32H523ZCJ6, STM32H523ZCT6, STM32H523ZEJ6, STM32H523ZET6, STM32H533CET6, STM32H533CEU6, STM32H533HEY6TR, STM32H533RET6, STM32H533VEI6, STM32H533VET6, STM32H533ZEJ6, STM32H533ZET6, STM32H562AGI6, STM32H562AII6, STM32H562IGK6, STM32H562IGT6, STM32H562IIK6, STM32H562IIT6, STM32H562RGT6, STM32H562RGV6, STM32H562RIT6, STM32H562RIV6, STM32H562VGT6, STM32H562VIT6, STM32H562ZGT6, STM32H562ZIT6, STM32H563AGI6, STM32H563AII3Q, STM32H563AII6, STM32H563IGK6, STM32H563IGT6, STM32H563IIK3Q, STM32H563IIK6, STM32H563IIT3Q, STM32H563IIT6, STM32H563MIY3QTR, STM32H563RGT6, STM32H563RGV6, STM32H563RIT6, STM32H563RIV6, STM32H563VGT6, STM32H563VIT3Q, STM32H563VIT6, STM32H563ZGT6, STM32H563ZIT3Q, STM32H563ZIT6, STM32H573AII3Q, STM32H573AII6, STM32H573I-DK, STM32H573IIK3Q, STM32H573IIK6, STM32H573IIT3Q, STM32H573IIT6, STM32H573MIY3QTR, STM32H573RIT6, STM32H573RIV6, STM32H573VIT3Q, STM32H573VIT6, STM32H573ZIT3Q, STM32H573ZIT6, STM32H7R3A8I6, STM32H7R3I8K6, STM32H7R3I8T6, STM32H7R3L8H6, STM32H7R3L8H6H, STM32H7R3R8V6, STM32H7R3V8H6, STM32H7R3V8T6, STM32H7R3V8Y6, STM32H7R3Z8J6, STM32H7R3Z8T6, STM32H7R7A8I6, STM32H7R7I8K6, STM32H7R7I8T6, STM32H7R7L8H6, STM32H7R7L8H6H, STM32H7R7Z8J6, STM32H7S3A8I6, STM32H7S3I8K6, STM32H7S3I8T6, STM32H7S3L8H6, STM32H7S3L8H6H, STM32H7S3R8V6, STM32H7S3V8H6, STM32H7S3V8T6, STM32H7S3V8Y6, STM32H7S3Z8J6, STM32H7S3Z8T6, STM32H7S78-DK, STM32H7S7A8I6, STM32H7S7I8K6, STM32H7S7I8T6, STM32H7S7L8H6, STM32H7S7L8H6H, STM32H7S7Z8J6, STM32L4R5QGI6STR, STM32MP131AAE3, STM32MP131AAF3, STM32MP131AAG3, STM32MP131CAE3, STM32MP131CAF3, STM32MP131CAG3, STM32MP131DAE7, STM32MP131DAF7, STM32MP131DAG7, STM32MP131FAE7, STM32MP131FAF7, STM32MP131FAG7, STM32MP133AAE3, STM32MP133AAF3, STM32MP133AAG3, STM32MP133CAE3, STM32MP133CAF3, STM32MP133CAG3, STM32MP133DAE7, STM32MP133DAF7, STM32MP133DAG7, STM32MP133FAE7, STM32MP133FAF7, STM32MP133FAG7, STM32MP135AAE3, STM32MP135AAF3, STM32MP135AAG3, STM32MP135CAE3, STM32MP135CAF3, STM32MP135CAG3, STM32MP135DAE7, STM32MP135DAF7, STM32MP135DAG7, STM32MP135F-DK, STM32MP135FAE7, STM32MP135FAF7, STM32MP135FAF7T, STM32MP135FAF7U, STM32MP135FAG7, STM32U031C6T6, STM32U031C6U6, STM32U031C8T6, STM32U031C8U6, STM32U031F4P6, STM32U031F6P6, STM32U031F8P6, STM32U031G6Y6TR, STM32U031G8Y6TR, STM32U031K4U6, STM32U031K6U6, STM32U031K8U6, STM32U031R6I6, STM32U031R6T6, STM32U031R8I6, STM32U031R8T6, STM32U073C8T6, STM32U073C8U6, STM32U073CBT6, STM32U073CBU6, STM32U073CCT6, STM32U073CCU6, STM32U073H8Y6TR, STM32U073HBY6TR, STM32U073HCY6TR, STM32U073K8U6, STM32U073KBU6, STM32U073KCU6, STM32U073M8I6, STM32U073M8T6, STM32U073MBI6, STM32U073MBT6, STM32U073MCI6, STM32U073MCT6, STM32U073R8I6, STM32U073R8T6, STM32U073RBI6, STM32U073RBT6, STM32U073RCI6, STM32U073RCT6, STM32U083C-DK, STM32U083CCT6, STM32U083CCU6, STM32U083HCY6TR, STM32U083KCU6, STM32U083MCI6, STM32U083MCT6, STM32U083RCI6, STM32U083RCT6, STM32U535CBT6, STM32U535CBT6Q, STM32U535CBU6, STM32U535CBU6Q, STM32U535CCT6, STM32U535CCT6Q, STM32U535CCU6, STM32U535CCU6Q, STM32U535CET6, STM32U535CET6Q, STM32U535CEU6, STM32U535CEU6Q, STM32U535JEY6QTR, STM32U535NCY6QTR, STM32U535NEY6QTR, STM32U535RBI6, STM32U535RBI6Q, STM32U535RBT6, STM32U535RBT6Q, STM32U535RCI6, STM32U535RCI6Q, STM32U535RCT6, STM32U535RCT6Q, STM32U535REI6, STM32U535REI6Q, STM32U535RET6, STM32U535RET6Q, STM32U535VCI6, STM32U535VCI6Q, STM32U535VCT6, STM32U535VCT6Q, STM32U535VEI6, STM32U535VEI6Q, STM32U535VET6, STM32U535VET6Q, STM32U545CET6, STM32U545CET6Q, STM32U545CEU6, STM32U545CEU6Q, STM32U545JEY6QTR, STM32U545NEY6QTR, STM32U545REI6, STM32U545REI6Q, STM32U545RET6, STM32U545RET6Q, STM32U545VEI6, STM32U545VEI6Q, STM32U545VET6, STM32U545VET6Q, STM32U595AIH6, STM32U595AIH6Q, STM32U595AJH6, STM32U595AJH6Q, STM32U595QII6, STM32U595QII6Q, STM32U595QJI6, STM32U595QJI6Q, STM32U595RIT6, STM32U595RIT6Q, STM32U595RJT6, STM32U595RJT6Q, STM32U595VIT6, STM32U595VIT6Q, STM32U595VJT6, STM32U595VJT6Q, STM32U595ZIT6, STM32U595ZIT6Q, STM32U595ZIY6QTR, STM32U595ZJT6, STM32U595ZJT6Q, STM32U595ZJY6QTR, STM32U599BJY6QTR, STM32U599NIH6Q, STM32U599NJH6Q, STM32U599VIT6Q, STM32U599VJT6, STM32U599VJT6Q, STM32U599ZIT6Q, STM32U599ZIY6QTR, STM32U599ZJT6Q, STM32U599ZJY6QTR, STM32U5A5AJH6, STM32U5A5AJH6Q, STM32U5A5QII3Q , STM32U5A5QJI6, STM32U5A5QJI6Q, STM32U5A5RJT6, STM32U5A5RJT6Q, STM32U5A5VJT6, STM32U5A5VJT6Q, STM32U5A5ZJT6, STM32U5A5ZJT6Q, STM32U5A5ZJY6QTR, STM32U5A9BJY6QTR, STM32U5A9J-DK, STM32U5A9NJH6Q, STM32U5A9VJT6Q, STM32U5A9ZJT6Q, STM32U5A9ZJY6QTR, STM32U5F7VIT6, STM32U5F7VIT6Q, STM32U5F7VJT6, STM32U5F7VJT6Q, STM32U5F9BJY6QTR, STM32U5F9NJH6Q, STM32U5F9VIT6Q, STM32U5F9VJT6Q, STM32U5F9ZIJ6QTR, STM32U5F9ZIT6Q, STM32U5F9ZJJ6QTR, STM32U5F9ZJT6Q, STM32U5G7VJT6, STM32U5G7VJT6Q, STM32U5G9BJY6QTR, STM32U5G9J-DK1, STM32U5G9J-DK2, STM32U5G9NJH6Q, STM32U5G9VJT6Q, STM32U5G9ZJJ6QTR, STM32U5G9ZJT6Q, STM32WB1MMCH6, STM32WBA50KEU6, STM32WBA50KEU6TR, STM32WBA50KGU6, STM32WBA50KGU6TR, STM32WBA52CEU6, STM32WBA52CEU6TR, STM32WBA52CEU7, STM32WBA52CEU7TR, STM32WBA52CGU6, STM32WBA52CGU6TR, STM32WBA52CGU6U, STM32WBA52CGU7, STM32WBA52CGU7TR, STM32WBA52KEU6, STM32WBA52KEU6TR, STM32WBA52KGU6, STM32WBA52KGU6TR, STM32WBA54CEU6, STM32WBA54CEU6TR, STM32WBA54CEU7, STM32WBA54CEU7TR, STM32WBA54CGU6, STM32WBA54CGU6TR, STM32WBA54CGU7, STM32WBA54CGU7TR, STM32WBA54KEU6, STM32WBA54KEU6TR, STM32WBA54KEU7, STM32WBA54KEU7TR, STM32WBA54KGU6, STM32WBA54KGU6TR, STM32WBA54KGU7, STM32WBA54KGU7TR, STM32WBA55CEU6, STM32WBA55CEU6TR, STM32WBA55CEU7, STM32WBA55CEU7TR, STM32WBA55CGU6, STM32WBA55CGU6TR, STM32WBA55CGU6U, STM32WBA55CGU7, STM32WBA55CGU7TR, STM32WBA55G-DK1, STM32WBA55HEF6, STM32WBA55HEF7, STM32WBA55HGF6, STM32WBA55HGF7, STM32WBA55UEI6, STM32WBA55UEI6TR, STM32WBA55UEI7, STM32WBA55UEI7TR, STM32WBA55UGI6, STM32WBA55UGI6TR, STM32WBA55UGI7, STM32WBA55UGI7TR, STM32WL5MOCH6, STM32WL5MOCH6TR]
2026-01-07 22:41:32,705 [INFO] DbMcus:218 - Found 4816 MCUs, 4816 are supported
2026-01-07 22:41:32,706 [INFO] ApiDb:423 - Load user favorites file C:\Users\USER/.stm32cubeide/favorites.mcus.txt: 0 item(s)
2026-01-07 22:41:32,706 [INFO] ApiDb:427 - User favorites MCUs=[]
2026-01-07 22:41:32,706 [INFO] DbMcus:224 - Set 0 / 0 favorites MCUs
2026-01-07 22:41:32,972 [INFO] BoardInfo:889 - No configuration file found for board B-WBA5M-WPAN
2026-01-07 22:41:32,973 [INFO] DbBoards:161 - Board is not supported: B-WBA5M-WPAN
2026-01-07 22:41:32,976 [INFO] BoardInfo:889 - No configuration file found for board NUCLEO-C051C8
2026-01-07 22:41:32,976 [INFO] DbBoards:161 - Board is not supported: NUCLEO-C051C8
2026-01-07 22:41:32,977 [INFO] BoardInfo:889 - No configuration file found for board NUCLEO-C071RB
2026-01-07 22:41:32,977 [INFO] DbBoards:161 - Board is not supported: NUCLEO-C071RB
2026-01-07 22:41:32,978 [INFO] BoardInfo:889 - No configuration file found for board NUCLEO-C092RC
2026-01-07 22:41:32,979 [INFO] DbBoards:161 - Board is not supported: NUCLEO-C092RC
2026-01-07 22:41:33,034 [INFO] BoardInfo:889 - No configuration file found for board NUCLEO-N657X0-Q
2026-01-07 22:41:33,034 [INFO] DbBoards:161 - Board is not supported: NUCLEO-N657X0-Q
2026-01-07 22:41:33,037 [INFO] BoardInfo:889 - No configuration file found for board NUCLEO-U385RG-Q
2026-01-07 22:41:33,037 [INFO] DbBoards:161 - Board is not supported: NUCLEO-U385RG-Q
2026-01-07 22:41:33,040 [INFO] BoardInfo:889 - No configuration file found for board NUCLEO-WB05KZ
2026-01-07 22:41:33,041 [INFO] DbBoards:161 - Board is not supported: NUCLEO-WB05KZ
2026-01-07 22:41:33,042 [INFO] BoardInfo:889 - No configuration file found for board NUCLEO-WB07CC
2026-01-07 22:41:33,042 [INFO] DbBoards:161 - Board is not supported: NUCLEO-WB07CC
2026-01-07 22:41:33,043 [INFO] BoardInfo:889 - No configuration file found for board NUCLEO-WB09KE
2026-01-07 22:41:33,043 [INFO] DbBoards:161 - Board is not supported: NUCLEO-WB09KE
2026-01-07 22:41:33,047 [INFO] BoardInfo:889 - No configuration file found for board NUCLEO-WBA65RI
2026-01-07 22:41:33,048 [INFO] DbBoards:161 - Board is not supported: NUCLEO-WBA65RI
2026-01-07 22:41:33,048 [INFO] BoardInfo:889 - No configuration file found for board NUCLEO-WL33CC1
2026-01-07 22:41:33,049 [INFO] DbBoards:161 - Board is not supported: NUCLEO-WL33CC1
2026-01-07 22:41:33,051 [INFO] BoardInfo:889 - No configuration file found for board NUCLEO-WL33CC2
2026-01-07 22:41:33,051 [INFO] DbBoards:161 - Board is not supported: NUCLEO-WL33CC2
2026-01-07 22:41:33,055 [INFO] BoardInfo:889 - No configuration file found for board P-NUCLEO-WB55
2026-01-07 22:41:33,055 [INFO] DbBoards:161 - Kit is not supported: P-NUCLEO-WB55
2026-01-07 22:41:33,059 [INFO] BoardInfo:889 - No configuration file found for board STEVAL-BFA001V1B
2026-01-07 22:41:33,059 [INFO] DbBoards:161 - Kit is not supported: STEVAL-BFA001V1B
2026-01-07 22:41:33,060 [INFO] BoardInfo:889 - No configuration file found for board STEVAL-BFA001V2B
2026-01-07 22:41:33,060 [INFO] DbBoards:161 - Kit is not supported: STEVAL-BFA001V2B
2026-01-07 22:41:33,158 [INFO] BoardInfo:889 - No configuration file found for board STM32MP257F-DK
2026-01-07 22:41:33,158 [INFO] DbBoards:161 - Board is not supported: STM32MP257F-DK
2026-01-07 22:41:33,159 [INFO] BoardInfo:889 - No configuration file found for board STM32MP257F-EV1
2026-01-07 22:41:33,160 [INFO] DbBoards:161 - Board is not supported: STM32MP257F-EV1
2026-01-07 22:41:33,161 [INFO] BoardInfo:889 - No configuration file found for board STM32N6570-DK
2026-01-07 22:41:33,161 [INFO] DbBoards:161 - Board is not supported: STM32N6570-DK
2026-01-07 22:41:33,170 [INFO] BoardInfo:889 - No configuration file found for board STM32WBA65I-DK1
2026-01-07 22:41:33,170 [INFO] DbBoards:161 - Board is not supported: STM32WBA65I-DK1
2026-01-07 22:41:33,170 [INFO] DbBoards:168 - Found 211 boards, 192 are supported
2026-01-07 22:41:33,170 [INFO] DbBoards:169 - Found 211 boards, 8 of them is supported for  Bsp
2026-01-07 22:41:33,174 [INFO] ApiDb:423 - Load user favorites file C:\Users\USER/.stm32cubeide/favorites.boards.txt: 0 item(s)
2026-01-07 22:41:33,174 [INFO] ApiDb:427 - User favorites Boards=[]
2026-01-07 22:41:33,174 [INFO] DbBoards:198 - Set 0 / 0 favorites Boards
2026-01-07 22:41:33,229 [INFO] UtilMem:75 - End LoadConfig() Used Memory: 731727376 Bytes (1073741824)
2026-01-07 22:41:33,345 [WARN] ThirdParty:833 - waiting for thirdparty lock release [change project]
2026-01-07 22:41:33,346 [INFO] ThirdParty:835 - entering critical section [change project]
2026-01-07 22:41:33,346 [INFO] ThirdParty:1030 - CMSIS Pack Vendor :STMicroelectronics X-CUBE-PM33A1 1.0.0
2026-01-07 22:41:33,346 [INFO] ThirdParty:1030 - CMSIS Pack Vendor :STMicroelectronics USBPD 4.1
2026-01-07 22:41:33,346 [INFO] ThirdParty:1030 - CMSIS Pack Vendor :STMicroelectronics X-CUBE-GNSS1 6.0.0
2026-01-07 22:41:33,346 [INFO] ThirdParty:1030 - CMSIS Pack Vendor :STMicroelectronics USB_HOST 2.0.0
2026-01-07 22:41:33,346 [INFO] ThirdParty:1030 - CMSIS Pack Vendor :STMicroelectronics FP-SNS-MOTENVWB1 1.4.0
2026-01-07 22:41:33,346 [INFO] ThirdParty:1030 - CMSIS Pack Vendor :STMicroelectronics X-CUBE-AZRTOS-F4 1.1.0
2026-01-07 22:41:33,346 [INFO] ThirdParty:1030 - CMSIS Pack Vendor :STMicroelectronics LIBJPEG 8.0.0
2026-01-07 22:41:33,346 [INFO] ThirdParty:1030 - CMSIS Pack Vendor :STMicroelectronics FP-ATR-ASTRA1 2.0.2
2026-01-07 22:41:33,346 [INFO] ThirdParty:1030 - CMSIS Pack Vendor :STMicroelectronics FP-ATR-ASTRA1 2.0.1
2026-01-07 22:41:33,346 [INFO] ThirdParty:1030 - CMSIS Pack Vendor :STMicroelectronics X-CUBE-SMBUS 2.1.0
2026-01-07 22:41:33,346 [INFO] ThirdParty:1030 - CMSIS Pack Vendor :STMicroelectronics X-CUBE-WB05N 1.1.0
2026-01-07 22:41:33,346 [INFO] ThirdParty:1030 - CMSIS Pack Vendor :STMicroelectronics X-CUBE-ISPU 2.1.0
2026-01-07 22:41:33,346 [INFO] ThirdParty:1030 - CMSIS Pack Vendor :STMicroelectronics X-CUBE-FREERTOS 1.2.0
2026-01-07 22:41:33,346 [INFO] ThirdParty:1030 - CMSIS Pack Vendor :STMicroelectronics X-CUBE-NFC12 1.0.0
2026-01-07 22:41:33,346 [INFO] ThirdParty:1030 - CMSIS Pack Vendor :STMicroelectronics X-CUBE-TOUCHGFX 4.23.2
2026-01-07 22:41:33,346 [INFO] ThirdParty:1030 - CMSIS Pack Vendor :STMicroelectronics X-CUBE-AZRTOS-F7 1.1.0
2026-01-07 22:41:33,346 [INFO] ThirdParty:1030 - CMSIS Pack Vendor :STMicroelectronics X-CUBE-AZRTOS-L5 2.0.0
2026-01-07 22:41:33,346 [INFO] ThirdParty:1030 - CMSIS Pack Vendor :STMicroelectronics USB_DEVICE 2.0.0
2026-01-07 22:41:33,346 [INFO] ThirdParty:1030 - CMSIS Pack Vendor :STMicroelectronics X-CUBE-NFC6 3.1.0
2026-01-07 22:41:33,346 [INFO] ThirdParty:1030 - CMSIS Pack Vendor :STMicroelectronics X-CUBE-MEMS1 11.0.0
2026-01-07 22:41:33,346 [INFO] ThirdParty:1030 - CMSIS Pack Vendor :STMicroelectronics FreeRTOS 0.0.1
2026-01-07 22:41:33,346 [INFO] ThirdParty:1030 - CMSIS Pack Vendor :STMicroelectronics X-CUBE-DPower 1.2.0
2026-01-07 22:41:33,346 [INFO] ThirdParty:1030 - CMSIS Pack Vendor :STMicroelectronics FP-SNS-FLIGHT1 5.0.2
2026-01-07 22:41:33,346 [INFO] ThirdParty:1030 - CMSIS Pack Vendor :STMicroelectronics X-CUBE-AI 9.0.0
2026-01-07 22:41:33,346 [INFO] ThirdParty:1030 - CMSIS Pack Vendor :STMicroelectronics PDM2PCM 3.3.0
2026-01-07 22:41:33,346 [INFO] ThirdParty:1030 - CMSIS Pack Vendor :STMicroelectronics X-CUBE-AZRTOS-H7 3.4.0
2026-01-07 22:41:33,346 [INFO] ThirdParty:1030 - CMSIS Pack Vendor :STMicroelectronics X-CUBE-DISPLAY 3.0.0
2026-01-07 22:41:33,346 [INFO] ThirdParty:1030 - CMSIS Pack Vendor :STMicroelectronics X-CUBE-BLE1 7.0.0
2026-01-07 22:41:33,346 [INFO] ThirdParty:1030 - CMSIS Pack Vendor :STMicroelectronics X-CUBE-NFC10 1.0.0
2026-01-07 22:41:33,347 [INFO] ThirdParty:1030 - CMSIS Pack Vendor :STMicroelectronics X-CUBE-BLEMGR 4.0.0
2026-01-07 22:41:33,347 [INFO] ThirdParty:1030 - CMSIS Pack Vendor :STMicroelectronics X-CUBE-FREERTOS 1.3.1
2026-01-07 22:41:33,347 [INFO] ThirdParty:1030 - CMSIS Pack Vendor :STMicroelectronics HAL Drivers 0.0.0
2026-01-07 22:41:33,347 [INFO] ThirdParty:1030 - CMSIS Pack Vendor :emotas I-CUBE-CANOPEN 1.3.0
2026-01-07 22:41:33,347 [INFO] ThirdParty:1030 - CMSIS Pack Vendor :STMicroelectronics X-CUBE-FREERTOS 1.3.0
2026-01-07 22:41:33,347 [INFO] ThirdParty:1030 - CMSIS Pack Vendor :STMicroelectronics X-CUBE-NFC7 1.0.1
2026-01-07 22:41:33,347 [INFO] ThirdParty:1030 - CMSIS Pack Vendor :STMicroelectronics MBEDTLS 2.14.1
2026-01-07 22:41:33,347 [INFO] ThirdParty:1030 - CMSIS Pack Vendor :STMicroelectronics X-CUBE-GNSS1 7.1.0
2026-01-07 22:41:33,347 [INFO] ThirdParty:1030 - CMSIS Pack Vendor :STMicroelectronics X-CUBE-TOUCHGFX 4.26.0
2026-01-07 22:41:33,347 [INFO] ThirdParty:1030 - CMSIS Pack Vendor :STMicroelectronics X-CUBE-BLEMGR 3.1.0
2026-01-07 22:41:33,347 [INFO] ThirdParty:1030 - CMSIS Pack Vendor :STMicroelectronics X-CUBE-AI 10.0.0
2026-01-07 22:41:33,347 [INFO] ThirdParty:1030 - CMSIS Pack Vendor :STMicroelectronics FP-SNS-SMARTAG2 1.2.0
2026-01-07 22:41:33,347 [INFO] ThirdParty:1030 - CMSIS Pack Vendor :STMicroelectronics X-CUBE-MEMS1 11.1.0
2026-01-07 22:41:33,347 [INFO] ThirdParty:1030 - CMSIS Pack Vendor :STMicroelectronics X-CUBE-AZRTOS-WL 2.0.0
2026-01-07 22:41:33,347 [INFO] ThirdParty:1030 - CMSIS Pack Vendor :STMicroelectronics X-CUBE-DPower 1.3.0
2026-01-07 22:41:33,347 [INFO] ThirdParty:1030 - CMSIS Pack Vendor :STMicroelectronics FP-SNS-MOTENV1 5.0.0
2026-01-07 22:41:33,347 [INFO] ThirdParty:1030 - CMSIS Pack Vendor :STMicroelectronics USB_DEVICE 1.0.0
2026-01-07 22:41:33,347 [INFO] ThirdParty:1030 - CMSIS Pack Vendor :STMicroelectronics X-CUBE-AZRTOS-H7RS 1.2.0
2026-01-07 22:41:33,347 [INFO] ThirdParty:1030 - CMSIS Pack Vendor :wolfSSL I-CUBE-wolfMQTT 1.19.0
2026-01-07 22:41:33,347 [INFO] ThirdParty:1030 - CMSIS Pack Vendor :STMicroelectronics X-CUBE-AZRTOS-L4 2.0.0
2026-01-07 22:41:33,347 [INFO] ThirdParty:1030 - CMSIS Pack Vendor :STMicroelectronics ThreadX 0.0.2
2026-01-07 22:41:33,347 [INFO] ThirdParty:1030 - CMSIS Pack Vendor :WES I-CUBE-Cesium 1.3.0
2026-01-07 22:41:33,347 [INFO] ThirdParty:1030 - CMSIS Pack Vendor :STMicroelectronics lwIP 2.1.2
2026-01-07 22:41:33,347 [INFO] ThirdParty:1030 - CMSIS Pack Vendor :STMicroelectronics X-CUBE-SFXS2LP1 4.0.0
2026-01-07 22:41:33,347 [INFO] ThirdParty:1030 - CMSIS Pack Vendor :STMicroelectronics X-CUBE-BLE2 3.3.0
2026-01-07 22:41:33,347 [INFO] ThirdParty:1030 - CMSIS Pack Vendor :STMicroelectronics PDM2PCM 3.2.0
2026-01-07 22:41:33,347 [INFO] ThirdParty:1030 - CMSIS Pack Vendor :STMicroelectronics X-CUBE-AZRTOS-H7 3.3.0
2026-01-07 22:41:33,347 [INFO] ThirdParty:1030 - CMSIS Pack Vendor :STMicroelectronics X-CUBE-NFC9 1.0.0
2026-01-07 22:41:33,347 [INFO] ThirdParty:1030 - CMSIS Pack Vendor :STMicroelectronics X-CUBE-BLE1 7.1.0
2026-01-07 22:41:33,347 [INFO] ThirdParty:1030 - CMSIS Pack Vendor :STMicroelectronics USB_DEVICE 3.0.0
2026-01-07 22:41:33,347 [INFO] ThirdParty:1030 - CMSIS Pack Vendor :STMicroelectronics X-CUBE-TCPP 4.1.0
2026-01-07 22:41:33,347 [INFO] ThirdParty:1030 - CMSIS Pack Vendor :STMicroelectronics X-CUBE-EEPRMA1 5.2.0
2026-01-07 22:41:33,347 [INFO] ThirdParty:1030 - CMSIS Pack Vendor :STMicroelectronics X-CUBE-IPS 3.0.0
2026-01-07 22:41:33,347 [INFO] ThirdParty:1030 - CMSIS Pack Vendor :STMicroelectronics X-CUBE-AZRTOS-WB 2.0.0
2026-01-07 22:41:33,347 [INFO] ThirdParty:1030 - CMSIS Pack Vendor :STMicroelectronics X-CUBE-GNSS1 7.0.0
2026-01-07 22:41:33,347 [INFO] ThirdParty:1030 - CMSIS Pack Vendor :STMicroelectronics X-CUBE-GNSS1 7.0.1
2026-01-07 22:41:33,347 [INFO] ThirdParty:1030 - CMSIS Pack Vendor :STMicroelectronics X-CUBE-TOUCHGFX 4.25.0
2026-01-07 22:41:33,348 [INFO] ThirdParty:1030 - CMSIS Pack Vendor :STMicroelectronics FP-SNS-STBOX1 2.0.0
2026-01-07 22:41:33,348 [INFO] ThirdParty:1030 - CMSIS Pack Vendor :STMicroelectronics X-CUBE-MEMS1 12.0.0
2026-01-07 22:41:33,348 [INFO] ThirdParty:1030 - CMSIS Pack Vendor :STMicroelectronics X-CUBE-ALGOBUILD 1.3.0
2026-01-07 22:41:33,348 [INFO] ThirdParty:1030 - CMSIS Pack Vendor :STMicroelectronics X-CUBE-MEMS1 11.2.0
2026-01-07 22:41:33,348 [INFO] ThirdParty:1030 - CMSIS Pack Vendor :STMicroelectronics X-CUBE-AZRTOS-G0 1.1.0
2026-01-07 22:41:33,348 [INFO] ThirdParty:1030 - CMSIS Pack Vendor :STMicroelectronics X-CUBE-SAFEA1 1.2.2
2026-01-07 22:41:33,348 [INFO] ThirdParty:1030 - CMSIS Pack Vendor :STMicroelectronics X-CUBE-NFC4 3.0.0
2026-01-07 22:41:33,348 [INFO] ThirdParty:1030 - CMSIS Pack Vendor :STMicroelectronics X-CUBE-SUBG2 5.0.0
2026-01-07 22:41:33,348 [INFO] ThirdParty:1030 - CMSIS Pack Vendor :STMicroelectronics X-CUBE-AZRTOS-H7RS 1.1.0
2026-01-07 22:41:33,348 [INFO] ThirdParty:1030 - CMSIS Pack Vendor :STMicroelectronics STM32_WPAN 1.0.0
2026-01-07 22:41:33,348 [INFO] ThirdParty:1030 - CMSIS Pack Vendor :EmbeddedOffice I-CUBE-FS-RTOS 1.0.1
2026-01-07 22:41:33,348 [INFO] ThirdParty:1030 - CMSIS Pack Vendor :STMicroelectronics lwIP 2.0.3
2026-01-07 22:41:33,348 [INFO] ThirdParty:1030 - CMSIS Pack Vendor :Cesanta I-CUBE-Mongoose 7.13.0
2026-01-07 22:41:33,348 [INFO] ThirdParty:1030 - CMSIS Pack Vendor :STMicroelectronics USB_HOST 1.0.0
2026-01-07 22:41:33,348 [INFO] ThirdParty:1030 - CMSIS Pack Vendor :STMicroelectronics X-CUBE-AZRTOS-G4 2.0.0
2026-01-07 22:41:33,348 [INFO] ThirdParty:1030 - CMSIS Pack Vendor :STMicroelectronics X-CUBE-WB05N 2.0.0
2026-01-07 22:41:33,348 [INFO] ThirdParty:1030 - CMSIS Pack Vendor :STMicroelectronics PDM2PCM 3.1.0
2026-01-07 22:41:33,348 [INFO] ThirdParty:1030 - CMSIS Pack Vendor :STMicroelectronics X-CUBE-NFC7 2.0.0
2026-01-07 22:41:33,348 [INFO] ThirdParty:1030 - CMSIS Pack Vendor :RealThread X-CUBE-RT-Thread_Nano 4.1.1
2026-01-07 22:41:33,348 [INFO] ThirdParty:1030 - CMSIS Pack Vendor :wolfSSL I-CUBE-wolfSSL 5.7.0
2026-01-07 22:41:33,348 [INFO] ThirdParty:1030 - CMSIS Pack Vendor :STMicroelectronics FP-ATR-SIGFOX1 3.2.0
2026-01-07 22:41:33,348 [INFO] ThirdParty:1030 - CMSIS Pack Vendor :quantropi X-CUBE-qispace-sdk-base 1.9.3
2026-01-07 22:41:33,348 [INFO] ThirdParty:1030 - CMSIS Pack Vendor :STMicroelectronics X-CUBE-ISPU 2.0.0
2026-01-07 22:41:33,348 [INFO] ThirdParty:1030 - CMSIS Pack Vendor :STMicroelectronics X-CUBE-EEPRMA1 5.1.0
2026-01-07 22:41:33,348 [INFO] ThirdParty:1030 - CMSIS Pack Vendor :STMicroelectronics MBEDTLS 2.16.2
2026-01-07 22:41:33,348 [INFO] ThirdParty:1030 - CMSIS Pack Vendor :STMicroelectronics X-CUBE-ALS 1.0.2
2026-01-07 22:41:33,348 [INFO] ThirdParty:1030 - CMSIS Pack Vendor :STMicroelectronics X-CUBE-MEMS1 10.0.0
2026-01-07 22:41:33,348 [INFO] ThirdParty:1030 - CMSIS Pack Vendor :STMicroelectronics X-CUBE-FREERTOS 1.1.0
2026-01-07 22:41:33,348 [INFO] ThirdParty:1030 - CMSIS Pack Vendor :ITTIA_DB I-CUBE-ITTIADB 8.9.0
2026-01-07 22:41:33,348 [INFO] ThirdParty:1030 - CMSIS Pack Vendor :STMicroelectronics X-CUBE-TOUCHGFX 4.24.2
2026-01-07 22:41:33,348 [INFO] ThirdParty:1030 - CMSIS Pack Vendor :STMicroelectronics X-CUBE-TOUCHGFX 4.24.1
2026-01-07 22:41:33,348 [INFO] ThirdParty:1030 - CMSIS Pack Vendor :STMicroelectronics X-CUBE-STSE01 1.0.0
2026-01-07 22:41:33,348 [INFO] ThirdParty:1030 - CMSIS Pack Vendor :wolfSSL I-CUBE-wolfTPM 3.4.0
2026-01-07 22:41:33,348 [INFO] ThirdParty:1030 - CMSIS Pack Vendor :portGmbH I-Cube-SoM-uGOAL 1.1.0
2026-01-07 22:41:33,348 [INFO] ThirdParty:1030 - CMSIS Pack Vendor :STMicroelectronics X-CUBE-ALS 1.0.1
2026-01-07 22:41:33,348 [INFO] ThirdParty:1030 - CMSIS Pack Vendor :STMicroelectronics X-CUBE-AI 10.2.0
2026-01-07 22:41:33,348 [INFO] ThirdParty:1030 - CMSIS Pack Vendor :STMicroelectronics ThreadX 1.0.0
2026-01-07 22:41:33,348 [INFO] ThirdParty:1030 - CMSIS Pack Vendor :SEGGER I-CUBE-embOS 1.3.1
2026-01-07 22:41:33,348 [INFO] ThirdParty:1030 - CMSIS Pack Vendor :STMicroelectronics X-CUBE-ALGOBUILD 1.4.0
2026-01-07 22:41:33,348 [INFO] ThirdParty:1030 - CMSIS Pack Vendor :STMicroelectronics X-CUBE-AZRTOS-H7RS 1.0.0
2026-01-07 22:41:33,349 [INFO] ThirdParty:1030 - CMSIS Pack Vendor :STMicroelectronics FP-ATR-ASTRA1 2.0.0
2026-01-07 22:41:33,349 [INFO] ThirdParty:1030 - CMSIS Pack Vendor :STMicroelectronics X-CUBE-TOF1 3.4.2
2026-01-07 22:41:33,349 [INFO] ThirdParty:1030 - CMSIS Pack Vendor :STMicroelectronics X-CUBE-AI 9.1.0
2026-01-07 22:41:33,349 [INFO] ThirdParty:1030 - CMSIS Pack Vendor :STMicroelectronics X-CUBE-TOF1 3.4.1
2026-01-07 22:41:33,349 [INFO] ThirdParty:1030 - CMSIS Pack Vendor :STMicroelectronics X-CUBE-AZRTOS-H7 3.2.0
2026-01-07 22:41:33,349 [INFO] ThirdParty:1030 - CMSIS Pack Vendor :Infineon AIROC-Wi-Fi-Bluetooth-STM32 1.6.0
2026-01-07 22:41:33,349 [INFO] ThirdParty:1030 - CMSIS Pack Vendor :wolfSSL I-CUBE-wolfSSH 1.4.17
2026-01-07 22:41:33,349 [INFO] ThirdParty:841 - exiting critical section [change project]
2026-01-07 22:41:33,689 [INFO] PinOutPanel:1561 - setPackage(No Configuration,No Configuration)
2026-01-07 22:41:33,691 [INFO] PinOutPanel:1561 - setPackage(STM32F411CEUx,UFQFPN48)
2026-01-07 22:41:34,099 [INFO] UtilMem:75 - Before build in PCC Used Memory: 878597944 Bytes (1073741824)
2026-01-07 22:41:35,218 [INFO] UtilMem:75 - After build in PCC Used Memory: 726196704 Bytes (1073741824)
2026-01-07 22:41:35,260 [INFO] IPUIPlugin:80 - create IPUIPlugin
2026-01-07 22:41:35,260 [INFO] IPUIPlugin:80 - create IPUIPlugin
2026-01-07 22:41:35,260 [INFO] IPUIPlugin:80 - create IPUIPlugin
2026-01-07 22:41:35,260 [INFO] IPUIPlugin:80 - create IPUIPlugin
2026-01-07 22:41:35,260 [INFO] IPUIPlugin:80 - create IPUIPlugin
2026-01-07 22:41:35,261 [INFO] IPUIPlugin:80 - create IPUIPlugin
2026-01-07 22:41:35,261 [INFO] IPUIPlugin:80 - create IPUIPlugin
2026-01-07 22:41:35,261 [INFO] IPUIPlugin:80 - create IPUIPlugin
2026-01-07 22:41:35,261 [INFO] IPUIPlugin:80 - create IPUIPlugin
2026-01-07 22:41:35,261 [INFO] IPUIPlugin:80 - create IPUIPlugin
2026-01-07 22:41:35,261 [INFO] IPUIPlugin:80 - create IPUIPlugin
2026-01-07 22:41:35,261 [INFO] IPUIPlugin:80 - create IPUIPlugin
2026-01-07 22:41:35,261 [INFO] IPUIPlugin:80 - create IPUIPlugin
2026-01-07 22:41:35,261 [INFO] IPUIPlugin:80 - create IPUIPlugin
2026-01-07 22:41:35,261 [INFO] IPUIPlugin:80 - create IPUIPlugin
2026-01-07 22:41:35,261 [INFO] IPUIPlugin:80 - create IPUIPlugin
2026-01-07 22:41:35,261 [INFO] IPUIPlugin:80 - create IPUIPlugin
2026-01-07 22:41:35,262 [INFO] IPUIPlugin:80 - create IPUIPlugin
2026-01-07 22:41:35,262 [INFO] IPUIPlugin:80 - create IPUIPlugin
2026-01-07 22:41:35,262 [INFO] IPUIPlugin:80 - create IPUIPlugin
2026-01-07 22:41:35,262 [INFO] IPUIPlugin:80 - create IPUIPlugin
2026-01-07 22:41:35,262 [INFO] IPUIPlugin:80 - create IPUIPlugin
2026-01-07 22:41:35,262 [INFO] IPUIPlugin:80 - create IPUIPlugin
2026-01-07 22:41:35,263 [INFO] IPUIPlugin:80 - create IPUIPlugin
2026-01-07 22:41:35,263 [INFO] IPUIPlugin:80 - create IPUIPlugin
2026-01-07 22:41:35,263 [INFO] IPUIPlugin:80 - create IPUIPlugin
2026-01-07 22:41:35,263 [INFO] IPUIPlugin:80 - create IPUIPlugin
2026-01-07 22:41:35,263 [INFO] IPUIPlugin:80 - create IPUIPlugin
2026-01-07 22:41:35,263 [INFO] IPUIPlugin:80 - create IPUIPlugin
2026-01-07 22:41:35,263 [INFO] IPUIPlugin:80 - create IPUIPlugin
2026-01-07 22:41:35,264 [INFO] IPUIPlugin:80 - create IPUIPlugin
2026-01-07 22:41:35,264 [INFO] IPUIPlugin:80 - create IPUIPlugin
2026-01-07 22:41:35,264 [INFO] IPUIPlugin:80 - create IPUIPlugin
2026-01-07 22:41:35,264 [INFO] IPUIPlugin:80 - create IPUIPlugin
2026-01-07 22:41:35,264 [INFO] IPUIPlugin:80 - create IPUIPlugin
2026-01-07 22:41:35,264 [INFO] IPUIPlugin:80 - create IPUIPlugin
2026-01-07 22:41:35,265 [INFO] IPUIPlugin:80 - create IPUIPlugin
2026-01-07 22:41:35,265 [INFO] IPUIPlugin:80 - create IPUIPlugin
2026-01-07 22:41:35,265 [INFO] IPUIPlugin:80 - create IPUIPlugin
2026-01-07 22:41:35,265 [INFO] IPUIPlugin:80 - create IPUIPlugin
2026-01-07 22:41:35,265 [INFO] IPUIPlugin:80 - create IPUIPlugin
2026-01-07 22:41:35,266 [INFO] IPUIPlugin:80 - create IPUIPlugin
2026-01-07 22:41:35,266 [INFO] IPUIPlugin:80 - create IPUIPlugin
2026-01-07 22:41:35,468 [INFO] ApiDbMcu:508 - Load IP Config File for PDM2PCM
2026-01-07 22:41:35,486 [WARN] IP:2120 - I2C_Coeff_DF not found: check if there is a RefParameter without a condition.
2026-01-07 22:41:35,486 [WARN] IP:2120 - Analog_Filter not found: check if there is a RefParameter without a condition.
2026-01-07 22:41:35,800 [INFO] CADModel:165 - CPN selected for project levelSTM32F411CEU6
2026-01-07 22:41:35,801 [INFO] CADModel:114 - Register for checkConnection events
2026-01-07 22:41:35,853 [INFO] OpenFileManager:343 - Restore cursor
2026-01-07 22:41:36,010 [WARN] IP:2120 - I2C_Coeff_DF not found: check if there is a RefParameter without a condition.
2026-01-07 22:41:36,010 [WARN] IP:2120 - Analog_Filter not found: check if there is a RefParameter without a condition.
2026-01-07 22:41:36,010 [WARN] IP:2120 - I2C_Coeff_DF not found: check if there is a RefParameter without a condition.
2026-01-07 22:41:36,010 [WARN] IP:2120 - Analog_Filter not found: check if there is a RefParameter without a condition.
2026-01-07 22:46:52,186 [INFO] NvicIntPanel:101 - NVIC parent = com.st.microxplorer.plugins.ip.nvic.MultiNvicIntPanel[,0,0,0x0,invalid,layout=javax.swing.BoxLayout,alignmentX=0.0,alignmentY=0.0,border=,flags=9,maximumSize=,minimumSize=,preferredSize=]
2026-01-07 22:47:00,581 [INFO] NvicIntPanel:101 - NVIC parent = com.st.microxplorer.plugins.ip.nvic.MultiNvicIntPanel[,0,0,0x0,invalid,layout=javax.swing.BoxLayout,alignmentX=0.0,alignmentY=0.0,border=,flags=9,maximumSize=,minimumSize=,preferredSize=]
2026-01-07 22:47:00,645 [WARN] IP:2120 - I2C_Coeff_DF not found: check if there is a RefParameter without a condition.
2026-01-07 22:47:00,645 [WARN] IP:2120 - Analog_Filter not found: check if there is a RefParameter without a condition.
2026-01-07 22:47:00,645 [WARN] IP:2120 - I2C_Coeff_DF not found: check if there is a RefParameter without a condition.
2026-01-07 22:47:00,645 [WARN] IP:2120 - Analog_Filter not found: check if there is a RefParameter without a condition.
2026-01-07 22:47:05,415 [INFO] UtilMem:75 - End SaveConfig() Used Memory: 823465352 Bytes (1073741824)
2026-01-07 22:47:14,644 [INFO] UtilMem:75 - End SaveConfig() Used Memory: 742993184 Bytes (1073741824)
2026-01-07 22:47:15,130 [INFO] BlockDiagram:2759 - set Specific Code input for plugin: NVIC
2026-01-07 22:47:15,130 [INFO] BlockDiagram:2759 - set Specific Code input for plugin: USART
2026-01-07 22:47:15,130 [INFO] BlockDiagram:2759 - set Specific Code input for plugin: SYS
2026-01-07 22:47:15,130 [INFO] BlockDiagram:2759 - set Specific Code input for plugin: GPIO
2026-01-07 22:47:15,130 [INFO] BlockDiagram:2759 - set Specific Code input for plugin: RCC
2026-01-07 22:47:15,131 [INFO] BlockDiagram:2759 - set Specific Code input for plugin: I2C
2026-01-07 22:47:15,134 [INFO] CodeGenerator:807 - code generatio: config db path: D:\Documentos\Electronica\Nueva carpeta\STM32CubeIDE_1.15.0\STM32CubeIDE\plugins\com.st.stm32cube.common.mx_6.11.0.202403141607\\db\
2026-01-07 22:47:15,142 [WARN] IP:2120 - I2C_Coeff_DF not found: check if there is a RefParameter without a condition.
2026-01-07 22:47:15,142 [WARN] IP:2120 - Analog_Filter not found: check if there is a RefParameter without a condition.
2026-01-07 22:47:15,252 [INFO] CodeEngine:255 - oldGeneratedFile, C:\git\VehiculoTT\VehiculoTT\MXTmpFiles\license.tmp_save
2026-01-07 22:47:15,659 [INFO] CodeEngine:279 - Generated code: C:\git\VehiculoTT\VehiculoTT\MXTmpFiles\license.tmp
2026-01-07 22:47:15,754 [INFO] CodeEngine:255 - oldGeneratedFile, C:\git\VehiculoTT\VehiculoTT\MXTmpFiles\gpio.tmp_save
2026-01-07 22:47:15,940 [INFO] CodeEngine:279 - Generated code: C:\git\VehiculoTT\VehiculoTT\MXTmpFiles\gpio.tmp
2026-01-07 22:47:16,070 [INFO] CodeEngine:255 - oldGeneratedFile, C:\git\VehiculoTT\VehiculoTT\Core\Src\stm32f4xx_it.c_save
2026-01-07 22:47:16,255 [INFO] CodeEngine:279 - Generated code: C:\git\VehiculoTT\VehiculoTT\Core\Src\stm32f4xx_it.c
2026-01-07 22:47:16,266 [INFO] CodeEngine:255 - oldGeneratedFile, C:\git\VehiculoTT\VehiculoTT\Core\Inc\stm32f4xx_it.h_save
2026-01-07 22:47:16,380 [INFO] CodeEngine:279 - Generated code: C:\git\VehiculoTT\VehiculoTT\Core\Inc\stm32f4xx_it.h
2026-01-07 22:47:16,419 [INFO] CodeEngine:255 - oldGeneratedFile, C:\git\VehiculoTT\VehiculoTT\Core\Src\stm32f4xx_hal_msp.c_save
2026-01-07 22:47:16,628 [INFO] CodeEngine:279 - Generated code: C:\git\VehiculoTT\VehiculoTT\Core\Src\stm32f4xx_hal_msp.c
2026-01-07 22:47:16,636 [INFO] CodeEngine:255 - oldGeneratedFile, C:\git\VehiculoTT\VehiculoTT\MXTmpFiles\system.tmp_save
2026-01-07 22:47:16,717 [INFO] CodeEngine:279 - Generated code: C:\git\VehiculoTT\VehiculoTT\MXTmpFiles\system.tmp
2026-01-07 22:47:16,749 [INFO] CodeEngine:311 - oldGeneratedFile, C:\git\VehiculoTT\VehiculoTT\Core\Inc\stm32f4xx_hal_conf.h_save
2026-01-07 22:47:16,856 [INFO] CodeEngine:335 - Generated code: C:\git\VehiculoTT\VehiculoTT\Core\Inc\stm32f4xx_hal_conf.h
2026-01-07 22:47:16,924 [INFO] CodeEngine:255 - oldGeneratedFile, C:\git\VehiculoTT\VehiculoTT\Core\Inc\main.h_save
2026-01-07 22:47:17,029 [INFO] CodeEngine:279 - Generated code: C:\git\VehiculoTT\VehiculoTT\Core\Inc\main.h
2026-01-07 22:47:17,051 [INFO] CodeEngine:255 - oldGeneratedFile, C:\git\VehiculoTT\VehiculoTT\Core\Src\main.c_save
2026-01-07 22:47:17,261 [INFO] CodeEngine:279 - Generated code: C:\git\VehiculoTT\VehiculoTT\Core\Src\main.c
2026-01-07 22:47:17,805 [INFO] ProjectBuilder:3163 - Time for Copy HAL[1] : 373mS.
2026-01-07 22:47:17,814 [INFO] ProjectBuilder:4736 - Project Generator version: 4.3.0-B58
2026-01-07 22:47:17,887 [INFO] ConfigFileManager:1503 - The Die is : DIE431
2026-01-07 22:47:17,894 [INFO] ApiDbMcu:508 - Load IP Config File for FATFS
2026-01-07 22:47:17,898 [INFO] ApiDbMcu:508 - Load IP Config File for FREERTOS
2026-01-07 22:47:17,900 [INFO] ApiDbMcu:508 - Load IP Config File for LIBJPEG
2026-01-07 22:47:17,905 [INFO] ApiDbMcu:508 - Load IP Config File for MBEDTLS
2026-01-07 22:47:17,911 [INFO] ApiDbMcu:508 - Load IP Config File for USB_DEVICE
2026-01-07 22:47:17,915 [INFO] ApiDbMcu:508 - Load IP Config File for USB_HOST
2026-01-07 22:47:18,255 [INFO] LogOutputStream:77 - [STDOUT_REDIRECT] 
2026-01-07 22:47:19,333 [INFO] ProjectBuilder:5002 - Time for Generating toolchain IDE Files: 1519mS.
2026-01-07 22:47:19,335 [INFO] ProjectBuilder:3034 - Time for Copy CMSIS : 1mS.
2026-01-07 22:47:19,348 [INFO] ProjectBuilder:3034 - Time for Copy CMSIS : 0mS.
2026-01-07 22:48:09,386 [ERROR] LogOutputStream:75 - [STDERR_REDIRECT] 
2026-01-07 22:48:09,387 [ERROR] LogOutputStream:75 - [STDERR_REDIRECT] 
