2026-09-15 03:00:00,152 [INFO] Activator:176 - 


2026-09-15 03:00:00,170 [INFO] Activator:177 - !SESSION log4j initialized
2026-09-15 03:00:15,825 [INFO] LogOutputStream:77 - [STDOUT_REDIRECT] 
2026-09-15 03:00:21,797 [INFO] ApplicationProperties:184 - Using Application install path: D:\Documentos\Electronica\Nueva carpeta\STM32CubeIDE_1.15.0\STM32CubeIDE\plugins\com.st.stm32cube.common.mx_6.11.0.202403141607
2026-09-15 03:00:21,852 [INFO] DbMcusXml:78 - Set database path to: D:\Documentos\Electronica\Nueva carpeta\STM32CubeIDE_1.15.0\STM32CubeIDE\plugins\com.st.stm32cube.common.mx_6.11.0.202403141607\\db\/mcu/
2026-09-15 03:00:21,853 [INFO] ApiDb:274 - Set plugin database path to: D:\Documentos\Electronica\Nueva carpeta\STM32CubeIDE_1.15.0\STM32CubeIDE\plugins\com.st.stm32cube.common.mx_6.11.0.202403141607\\db\/plugins/boardmanager/
2026-09-15 03:00:21,853 [WARN] ApiDb:259 - Overriding images path with different value:  => D:\Documentos\Electronica\Nueva carpeta\STM32CubeIDE_1.15.0\STM32CubeIDE\plugins\com.st.stm32cube.common.mx_6.11.0.202403141607\\db\/plugins/mcufinder/images/
2026-09-15 03:00:21,945 [INFO] ApiDb:250 - Set database path to: C:\Users\USER\.stmcufinder\plugins\mcufinder//mcu/
2026-09-15 03:00:21,946 [INFO] DbMcusAds:125 - Set database path to: C:\Users\USER\.stmcufinder\plugins\mcufinder//mcu/
2026-09-15 03:00:21,948 [INFO] CrossReferenceDbSqlite:203 - Set database path to: C:\Users\USER\.stmcufinder\plugins\mcufinder//mcu/cs/
2026-09-15 03:00:22,156 [INFO] RulesReader:64 - Compatibility file has been processed (297 Rules)
2026-09-15 03:00:22,583 [INFO] DbMcusXml:78 - Set database path to: D:\Documentos\Electronica\Nueva carpeta\STM32CubeIDE_1.15.0\STM32CubeIDE\plugins\com.st.stm32cube.common.mx_6.11.0.202403141607\\db\/mcu/
2026-09-15 03:00:22,583 [INFO] ApiDb:274 - Set plugin database path to: D:\Documentos\Electronica\Nueva carpeta\STM32CubeIDE_1.15.0\STM32CubeIDE\plugins\com.st.stm32cube.common.mx_6.11.0.202403141607\\db\/plugins/boardmanager/
2026-09-15 03:00:22,583 [INFO] ApiDb:261 - Set plugin images path to: D:\Documentos\Electronica\Nueva carpeta\STM32CubeIDE_1.15.0\STM32CubeIDE\plugins\com.st.stm32cube.common.mx_6.11.0.202403141607\\db\/plugins/mcufinder/images/
2026-09-15 03:00:22,583 [WARN] DbFile:41 - Overriding database path with different value: C:\Users\USER\.stmcufinder\plugins\mcufinder/ => C:\Users\USER\.stmcufinder\plugins\mcufinder
2026-09-15 03:00:22,583 [INFO] ApiDb:250 - Set database path to: C:\Users\USER\.stmcufinder\plugins\mcufinder//mcu/
2026-09-15 03:00:22,583 [WARN] DbFile:41 - Overriding database path with different value: C:\Users\USER\.stmcufinder\plugins\mcufinder/ => C:\Users\USER\.stmcufinder\plugins\mcufinder
2026-09-15 03:00:22,583 [INFO] DbMcusAds:125 - Set database path to: C:\Users\USER\.stmcufinder\plugins\mcufinder//mcu/
2026-09-15 03:00:22,583 [WARN] DbFile:41 - Overriding database path with different value: C:\Users\USER\.stmcufinder\plugins\mcufinder/ => C:\Users\USER\.stmcufinder\plugins\mcufinder
2026-09-15 03:00:22,583 [WARN] DbFile:41 - Overriding database path with different value: C:\Users\USER\.stmcufinder\plugins\mcufinder/ => C:\Users\USER\.stmcufinder\plugins\mcufinder
2026-09-15 03:00:22,583 [INFO] CrossReferenceDbSqlite:203 - Set database path to: C:\Users\USER\.stmcufinder\plugins\mcufinder//mcu/cs/
2026-09-15 03:00:22,948 [INFO] MainPanel:264 - HeapMemory: 268435456
2026-09-15 03:00:23,427 [INFO] DbMcusXml:78 - Set database path to: D:\Documentos\Electronica\Nueva carpeta\STM32CubeIDE_1.15.0\STM32CubeIDE\plugins\com.st.stm32cube.common.mx_6.11.0.202403141607\\db\/mcu/
2026-09-15 03:00:23,427 [INFO] ApiDb:274 - Set plugin database path to: D:\Documentos\Electronica\Nueva carpeta\STM32CubeIDE_1.15.0\STM32CubeIDE\plugins\com.st.stm32cube.common.mx_6.11.0.202403141607\\db\/plugins/boardmanager/
2026-09-15 03:00:23,427 [INFO] ApiDb:261 - Set plugin images path to: D:\Documentos\Electronica\Nueva carpeta\STM32CubeIDE_1.15.0\STM32CubeIDE\plugins\com.st.stm32cube.common.mx_6.11.0.202403141607\\db\/plugins/mcufinder/images/
2026-09-15 03:00:23,428 [WARN] DbFile:41 - Overriding database path with different value: C:\Users\USER\.stmcufinder\plugins\mcufinder/ => C:\Users\USER\.stmcufinder\plugins\mcufinder
2026-09-15 03:00:23,428 [INFO] ApiDb:250 - Set database path to: C:\Users\USER\.stmcufinder\plugins\mcufinder//mcu/
2026-09-15 03:00:23,428 [WARN] DbFile:41 - Overriding database path with different value: C:\Users\USER\.stmcufinder\plugins\mcufinder/ => C:\Users\USER\.stmcufinder\plugins\mcufinder
2026-09-15 03:00:23,428 [INFO] DbMcusAds:125 - Set database path to: C:\Users\USER\.stmcufinder\plugins\mcufinder//mcu/
2026-09-15 03:00:23,428 [WARN] DbFile:41 - Overriding database path with different value: C:\Users\USER\.stmcufinder\plugins\mcufinder/ => C:\Users\USER\.stmcufinder\plugins\mcufinder
2026-09-15 03:00:23,428 [WARN] DbFile:41 - Overriding database path with different value: C:\Users\USER\.stmcufinder\plugins\mcufinder/ => C:\Users\USER\.stmcufinder\plugins\mcufinder
2026-09-15 03:00:23,428 [INFO] CrossReferenceDbSqlite:203 - Set database path to: C:\Users\USER\.stmcufinder\plugins\mcufinder//mcu/cs/
2026-09-15 03:00:23,520 [INFO] ApplicationProperties:184 - Using Application install path: D:\Documentos\Electronica\Nueva carpeta\STM32CubeIDE_1.15.0\STM32CubeIDE\plugins\com.st.stm32cube.common.mx_6.11.0.202403141607
2026-09-15 03:00:23,533 [INFO] PluginManage:196 - Search for loadable plugins [exclusion list=, ]
2026-09-15 03:00:23,537 [INFO] PluginManage:310 - Check plugin analytics
2026-09-15 03:00:23,863 [INFO] AnalyticsPlugin:253 - Accepted Software Licenses: 
2026-09-15 03:00:23,863 [INFO] AnalyticsPlugin:255 - Accepted CMSIS Pack Licenses: STMicroelectronics.X-CUBE-TOUCHGFX.4.26.0,STMicroelectronics.X-CUBE-TOF1.3.4.2
2026-09-15 03:00:23,863 [INFO] AnalyticsPlugin:257 - Accepted Firmware Licenses: FW.F7.1.17.0,FW.H7.1.11.0,FW.F4.1.28.0
2026-09-15 03:00:23,865 [INFO] PluginManage:359 - Loaded plugin analytics (category:tool,tabindex:-1)
2026-09-15 03:00:23,866 [INFO] PluginManage:310 - Check plugin cadmodel
2026-09-15 03:00:23,913 [INFO] CADModel:105 - Init CAD model plugin
2026-09-15 03:00:23,913 [INFO] PluginManage:359 - Loaded plugin cadmodel (category:power,tabindex:5)
2026-09-15 03:00:23,914 [INFO] PluginManage:310 - Check plugin clock
2026-09-15 03:00:23,974 [INFO] PluginManage:359 - Loaded plugin clock (category:base,tabindex:2)
2026-09-15 03:00:23,974 [INFO] PluginManage:310 - Check plugin ddr
2026-09-15 03:00:24,007 [INFO] PluginManage:359 - Loaded plugin ddr (category:tool,tabindex:6)
2026-09-15 03:00:24,008 [INFO] PluginManage:310 - Check plugin filemanager
2026-09-15 03:00:24,422 [INFO] PluginManage:359 - Loaded plugin filemanager (category:base,tabindex:10)
2026-09-15 03:00:24,422 [INFO] PluginManage:310 - Check plugin ipmanager
2026-09-15 03:00:24,493 [INFO] PluginManage:359 - Loaded plugin ipmanager (category:base,tabindex:5)
2026-09-15 03:00:24,494 [INFO] PluginManage:310 - Check plugin lpbam
2026-09-15 03:00:24,543 [INFO] PluginManage:359 - Loaded plugin lpbam (category:base,tabindex:0)
2026-09-15 03:00:24,543 [INFO] PluginManage:310 - Check plugin memorymap
2026-09-15 03:00:24,607 [INFO] PluginManage:359 - Loaded plugin memorymap (category:base,tabindex:4)
2026-09-15 03:00:24,608 [INFO] PluginManage:310 - Check plugin pinoutandconfiguration
2026-09-15 03:00:24,637 [INFO] PluginManage:359 - Loaded plugin pinoutandconfiguration (category:base,tabindex:1)
2026-09-15 03:00:24,637 [INFO] PluginManage:310 - Check plugin pinoutconfig
2026-09-15 03:00:24,802 [WARN] SupportedApi:132 - Cannot load RTOS API schema: s4s-elt-must-match.1: The content of 'definitions' must match (annotation?, (simpleType | complexType)?, (unique | key | keyref)*)). A problem was found starting at: attribute.
2026-09-15 03:00:25,020 [INFO] PluginManage:359 - Loaded plugin pinoutconfig (category:base,tabindex:0)
2026-09-15 03:00:25,020 [INFO] PluginManage:310 - Check plugin power
2026-09-15 03:00:25,095 [INFO] PluginManage:359 - Loaded plugin power (category:power,tabindex:4)
2026-09-15 03:00:25,095 [INFO] PluginManage:310 - Check plugin projectmanager
2026-09-15 03:00:25,133 [INFO] PluginManage:359 - Loaded plugin projectmanager (category:projectmanager,tabindex:3)
2026-09-15 03:00:25,133 [INFO] PluginManage:310 - Check plugin thirdparty
2026-09-15 03:00:25,606 [INFO] PluginManage:359 - Loaded plugin thirdparty (category:base,tabindex:-1)
2026-09-15 03:00:25,606 [WARN] IntegrityCheckThread:84 - waiting for thirdparty lock release [integrity check]
2026-09-15 03:00:25,606 [INFO] PluginManage:310 - Check plugin tools
2026-09-15 03:00:25,607 [INFO] IntegrityCheckThread:86 - entering critical section [integrity check]
2026-09-15 03:00:25,607 [INFO] ThirdPartyUpdaterWithRetryManager:70 - Updater plugin not ready yet. [1/15]
2026-09-15 03:00:25,657 [INFO] PluginManage:359 - Loaded plugin tools (category:base,tabindex:7)
2026-09-15 03:00:25,657 [INFO] PluginManage:310 - Check plugin tutovideos
2026-09-15 03:00:25,946 [INFO] PluginManage:359 - Loaded plugin tutovideos (category:base,tabindex:-1)
2026-09-15 03:00:25,946 [INFO] PluginManage:310 - Check plugin updater
2026-09-15 03:00:25,976 [INFO] PluginManage:359 - Loaded plugin updater (category:base,tabindex:12)
2026-09-15 03:00:25,976 [INFO] PluginManage:310 - Check plugin userauth
2026-09-15 03:00:26,017 [INFO] UserAuth:114 - Init User Auth plugin
2026-09-15 03:00:26,017 [INFO] PluginManage:359 - Loaded plugin userauth (category:base,tabindex:14)
2026-09-15 03:00:26,018 [INFO] PluginManage:283 - PluginManage : Loaded plugins [17]
2026-09-15 03:00:26,958 [INFO] PinOutPanel:1561 - setPackage(No Configuration,No Configuration)
2026-09-15 03:00:27,262 [INFO] CADModel:165 - CPN selected for project level
2026-09-15 03:00:27,262 [INFO] CADModel:114 - Register for checkConnection events
2026-09-15 03:00:27,334 [INFO] IPUIPlugin:80 - create IPUIPlugin
2026-09-15 03:00:27,334 [INFO] PluginManager:220 - loadIPPluginJar : add adc
2026-09-15 03:00:27,381 [INFO] IPUIPlugin:80 - create IPUIPlugin
2026-09-15 03:00:27,381 [INFO] PluginManager:220 - loadIPPluginJar : add aes
2026-09-15 03:00:27,449 [INFO] IPUIPlugin:80 - create IPUIPlugin
2026-09-15 03:00:27,449 [INFO] PluginManager:220 - loadIPPluginJar : add can
2026-09-15 03:00:27,481 [INFO] IPUIPlugin:80 - create IPUIPlugin
2026-09-15 03:00:27,481 [INFO] PluginManager:220 - loadIPPluginJar : add comp
2026-09-15 03:00:27,513 [INFO] IPUIPlugin:80 - create IPUIPlugin
2026-09-15 03:00:27,513 [INFO] PluginManager:220 - loadIPPluginJar : add cryp
2026-09-15 03:00:27,542 [INFO] IPUIPlugin:80 - create IPUIPlugin
2026-09-15 03:00:27,542 [INFO] PluginManager:220 - loadIPPluginJar : add dfsdm
2026-09-15 03:00:27,566 [INFO] IPUIPlugin:80 - create IPUIPlugin
2026-09-15 03:00:27,566 [INFO] PluginManager:220 - loadIPPluginJar : add dma
2026-09-15 03:00:27,609 [INFO] IPUIPlugin:80 - create IPUIPlugin
2026-09-15 03:00:27,609 [INFO] PluginManager:220 - loadIPPluginJar : add dma3
2026-09-15 03:00:27,653 [INFO] IPUIPlugin:80 - create IPUIPlugin
2026-09-15 03:00:27,653 [INFO] PluginManager:220 - loadIPPluginJar : add extmemmanager
2026-09-15 03:00:27,678 [INFO] IPUIPlugin:80 - create IPUIPlugin
2026-09-15 03:00:27,678 [INFO] PluginManager:220 - loadIPPluginJar : add fatfs
2026-09-15 03:00:27,726 [INFO] IPUIPlugin:80 - create IPUIPlugin
2026-09-15 03:00:27,726 [INFO] PluginManager:220 - loadIPPluginJar : add fmc
2026-09-15 03:00:27,747 [INFO] IPUIPlugin:80 - create IPUIPlugin
2026-09-15 03:00:27,748 [INFO] PluginManager:220 - loadIPPluginJar : add freertos
2026-09-15 03:00:27,779 [INFO] IPUIPlugin:80 - create IPUIPlugin
2026-09-15 03:00:27,780 [INFO] PluginManager:220 - loadIPPluginJar : add genericplugin
2026-09-15 03:00:27,873 [INFO] IPUIPlugin:80 - create IPUIPlugin
2026-09-15 03:00:27,873 [INFO] PluginManager:220 - loadIPPluginJar : add gfxmmu
2026-09-15 03:00:28,016 [INFO] IPUIPlugin:80 - create IPUIPlugin
2026-09-15 03:00:28,016 [INFO] PluginManager:220 - loadIPPluginJar : add gic
2026-09-15 03:00:28,048 [INFO] IPUIPlugin:80 - create IPUIPlugin
2026-09-15 03:00:28,048 [INFO] PluginManager:220 - loadIPPluginJar : add gpio
2026-09-15 03:00:28,143 [INFO] IPUIPlugin:80 - create IPUIPlugin
2026-09-15 03:00:28,144 [INFO] PluginManager:220 - loadIPPluginJar : add gtzc
2026-09-15 03:00:28,207 [INFO] IPUIPlugin:80 - create IPUIPlugin
2026-09-15 03:00:28,207 [INFO] PluginManager:220 - loadIPPluginJar : add hash
2026-09-15 03:00:28,269 [INFO] IPUIPlugin:80 - create IPUIPlugin
2026-09-15 03:00:28,269 [INFO] PluginManager:220 - loadIPPluginJar : add i2c
2026-09-15 03:00:28,308 [INFO] IPUIPlugin:80 - create IPUIPlugin
2026-09-15 03:00:28,308 [INFO] PluginManager:220 - loadIPPluginJar : add i2s
2026-09-15 03:00:28,350 [INFO] IPUIPlugin:80 - create IPUIPlugin
2026-09-15 03:00:28,351 [INFO] PluginManager:220 - loadIPPluginJar : add i3c
2026-09-15 03:00:28,505 [INFO] IPUIPlugin:80 - create IPUIPlugin
2026-09-15 03:00:28,505 [INFO] PluginManager:220 - loadIPPluginJar : add ipddr
2026-09-15 03:00:28,610 [INFO] ThirdPartyUpdaterWithRetryManager:70 - Updater plugin not ready yet. [2/15]
2026-09-15 03:00:28,611 [INFO] IPUIPlugin:80 - create IPUIPlugin
2026-09-15 03:00:28,612 [INFO] PluginManager:220 - loadIPPluginJar : add linkedlist
2026-09-15 03:00:28,647 [INFO] IPUIPlugin:80 - create IPUIPlugin
2026-09-15 03:00:28,648 [INFO] PluginManager:220 - loadIPPluginJar : add lorawan
2026-09-15 03:00:28,685 [INFO] IPUIPlugin:80 - create IPUIPlugin
2026-09-15 03:00:28,686 [INFO] PluginManager:220 - loadIPPluginJar : add ltdc
2026-09-15 03:00:28,711 [INFO] IPUIPlugin:80 - create IPUIPlugin
2026-09-15 03:00:28,711 [INFO] PluginManager:220 - loadIPPluginJar : add mdma
2026-09-15 03:00:28,746 [INFO] IPUIPlugin:80 - create IPUIPlugin
2026-09-15 03:00:28,746 [INFO] PluginManager:220 - loadIPPluginJar : add nvic
2026-09-15 03:00:28,781 [INFO] IPUIPlugin:80 - create IPUIPlugin
2026-09-15 03:00:28,781 [INFO] PluginManager:220 - loadIPPluginJar : add opamp
2026-09-15 03:00:28,849 [INFO] IPUIPlugin:80 - create IPUIPlugin
2026-09-15 03:00:28,849 [INFO] PluginManager:220 - loadIPPluginJar : add openamp
2026-09-15 03:00:28,906 [INFO] IPUIPlugin:80 - create IPUIPlugin
2026-09-15 03:00:28,906 [INFO] PluginManager:220 - loadIPPluginJar : add pdm2pcm
2026-09-15 03:00:28,919 [INFO] IPUIPlugin:80 - create IPUIPlugin
2026-09-15 03:00:28,921 [INFO] PluginManager:220 - loadIPPluginJar : add plateformsettings
2026-09-15 03:00:28,951 [INFO] IPUIPlugin:80 - create IPUIPlugin
2026-09-15 03:00:28,952 [INFO] PluginManager:220 - loadIPPluginJar : add quadspi
2026-09-15 03:00:28,979 [INFO] IPUIPlugin:80 - create IPUIPlugin
2026-09-15 03:00:28,979 [INFO] PluginManager:220 - loadIPPluginJar : add resmgrutility
2026-09-15 03:00:29,028 [INFO] IPUIPlugin:80 - create IPUIPlugin
2026-09-15 03:00:29,028 [INFO] PluginManager:220 - loadIPPluginJar : add sai
2026-09-15 03:00:29,092 [INFO] IPUIPlugin:80 - create IPUIPlugin
2026-09-15 03:00:29,092 [INFO] PluginManager:220 - loadIPPluginJar : add spi
2026-09-15 03:00:29,171 [INFO] IPUIPlugin:80 - create IPUIPlugin
2026-09-15 03:00:29,171 [INFO] PluginManager:220 - loadIPPluginJar : add stm32_wpan
2026-09-15 03:00:29,192 [INFO] IPUIPlugin:80 - create IPUIPlugin
2026-09-15 03:00:29,192 [INFO] PluginManager:220 - loadIPPluginJar : add tim
2026-09-15 03:00:29,252 [INFO] IPUIPlugin:80 - create IPUIPlugin
2026-09-15 03:00:29,253 [INFO] PluginManager:220 - loadIPPluginJar : add touchsensing
2026-09-15 03:00:29,276 [INFO] IPUIPlugin:80 - create IPUIPlugin
2026-09-15 03:00:29,276 [INFO] PluginManager:220 - loadIPPluginJar : add tracer_emb
2026-09-15 03:00:29,298 [INFO] IPUIPlugin:80 - create IPUIPlugin
2026-09-15 03:00:29,298 [INFO] PluginManager:220 - loadIPPluginJar : add ts
2026-09-15 03:00:29,318 [INFO] IPUIPlugin:80 - create IPUIPlugin
2026-09-15 03:00:29,318 [INFO] PluginManager:220 - loadIPPluginJar : add tsc
2026-09-15 03:00:29,338 [INFO] IPUIPlugin:80 - create IPUIPlugin
2026-09-15 03:00:29,338 [INFO] PluginManager:220 - loadIPPluginJar : add ucpd
2026-09-15 03:00:29,398 [INFO] IPUIPlugin:80 - create IPUIPlugin
2026-09-15 03:00:29,399 [INFO] PluginManager:220 - loadIPPluginJar : add usart
2026-09-15 03:00:29,442 [INFO] IPUIPlugin:80 - create IPUIPlugin
2026-09-15 03:00:29,442 [INFO] PluginManager:220 - loadIPPluginJar : add usbx
2026-09-15 03:00:29,636 [INFO] CADModel:165 - CPN selected for project level
2026-09-15 03:00:29,636 [INFO] CADModel:114 - Register for checkConnection events
2026-09-15 03:00:29,636 [FATAL] Updater:308 - Updater called before beeing initialized
2026-09-15 03:00:29,636 [ERROR] CADModel:125 - Updater not yet initialized, retry later 
2026-09-15 03:00:30,112 [INFO] CADModel:165 - CPN selected for project level
2026-09-15 03:00:30,112 [INFO] CADModel:114 - Register for checkConnection events
2026-09-15 03:00:30,112 [FATAL] Updater:308 - Updater called before beeing initialized
2026-09-15 03:00:30,112 [ERROR] CADModel:125 - Updater not yet initialized, retry later 
2026-09-15 03:00:30,121 [FATAL] Updater:308 - Updater called before beeing initialized
2026-09-15 03:00:30,268 [FATAL] Updater:308 - Updater called before beeing initialized
2026-09-15 03:00:30,289 [INFO] DbMcusAds:53 - JSON generation date=Wed Feb 18 08:32:49 CST 2026 (1771425169444)
2026-09-15 03:00:30,289 [FATAL] Updater:308 - Updater called before beeing initialized
2026-09-15 03:00:30,469 [WARN] DetailPanel:346 - Failed to get advertising image, set to default
2026-09-15 03:00:30,560 [FATAL] Updater:308 - Updater called before beeing initialized
2026-09-15 03:00:30,581 [FATAL] Updater:308 - Updater called before beeing initialized
2026-09-15 03:00:30,582 [FATAL] Updater:308 - Updater called before beeing initialized
2026-09-15 03:00:30,582 [WARN] DetailPanel:346 - Failed to get advertising image, set to default
2026-09-15 03:00:30,582 [FATAL] Updater:308 - Updater called before beeing initialized
2026-09-15 03:00:30,744 [ERROR] Updater:1120 - MainUpdater not yet initialized. External WinMGr cannot be set.
2026-09-15 03:00:30,771 [INFO] Updater:1056 - Updater Version found : 6.11.0
2026-09-15 03:00:30,802 [INFO] ApplicationProperties:184 - Using Application install path: D:\Documentos\Electronica\Nueva carpeta\STM32CubeIDE_1.15.0\STM32CubeIDE\plugins\com.st.stm32cube.common.mx_6.11.0.202403141607
2026-09-15 03:00:31,611 [INFO] ThirdPartyUpdaterWithRetryManager:70 - Updater plugin not ready yet. [3/15]
2026-09-15 03:00:32,398 [ERROR] LogOutputStream:75 - [STDERR_REDIRECT] Sep 15, 2026 3:00:32 AM java.util.prefs.WindowsPreferences <init>
2026-09-15 03:00:32,399 [ERROR] LogOutputStream:75 - [STDERR_REDIRECT] WARNING: Could not open/create prefs root node Software\JavaSoft\Prefs at root 0xffffffff80000002. Windows RegCreateKeyEx(...) returned error code 5.
2026-09-15 03:00:32,399 [ERROR] LogOutputStream:75 - [STDERR_REDIRECT] 
2026-09-15 03:00:33,146 [INFO] MainUpdater:2873 - connection check result : 10
2026-09-15 03:00:33,147 [INFO] MainUpdater:290 - Updater Check For Update Now.
2026-09-15 03:00:33,147 [INFO] MicroXplorer:498 - Change Database Version : DB.6.0.110
2026-09-15 03:00:33,207 [INFO] McuFinderGlobals:63 - Set McuFinder mode to 2 (CubeIDE integrated)
2026-09-15 03:00:33,249 [INFO] UserAuth:415 - Internet connection configuration mode: 1
2026-09-15 03:00:33,372 [INFO] CheckServerUpdateThread:120 - End of CheckServer Thread
2026-09-15 03:00:33,438 [INFO] JxBrowserEngine:152 - Initiate JxBrowser Engine with user profile folder
2026-09-15 03:00:35,443 [WARN] PackLoader:240 - Cannot read IP mode file for STMicroelectronics.X-CUBE-AZRTOS-H7.3.5.0
2026-09-15 03:00:35,464 [WARN] PackLoader:240 - Cannot read IP mode file for STMicroelectronics.FP-SNS-MOTENVWB1.1.4.0
2026-09-15 03:00:35,482 [WARN] PackLoader:240 - Cannot read IP mode file for STMicroelectronics.FP-ATR-ASTRA1.2.0.3
2026-09-15 03:00:35,494 [WARN] PackLoader:240 - Cannot read IP mode file for STMicroelectronics.FP-ATR-ASTRA1.2.0.2
2026-09-15 03:00:35,911 [WARN] PackLoader:240 - Cannot read IP mode file for STMicroelectronics.FP-ATR-ASTRA1.2.0.1
2026-09-15 03:00:36,024 [ERROR] Engine:466 - C:\Users\USER\.stm32cubemx\thirdparties\pdsc\STMicroelectronics.X-CUBE-SMBUS.2.1.1.pdsc: PDSC version is not supported
2026-09-15 03:00:36,039 [WARN] PackLoader:240 - Cannot read IP mode file for STMicroelectronics.X-CUBE-SMBUS.2.1.0
2026-09-15 03:00:36,057 [WARN] PackLoader:240 - Cannot read IP mode file for STMicroelectronics.X-CUBE-WB05N.1.1.0
2026-09-15 03:00:36,073 [WARN] PackLoader:240 - Cannot read IP mode file for STMicroelectronics.X-CUBE-TOUCHGFX.4.23.2
2026-09-15 03:00:36,101 [WARN] PackLoader:240 - Cannot read IP mode file for STMicroelectronics.X-CUBE-AZRTOS-F7.1.1.0
2026-09-15 03:00:36,118 [ERROR] Engine:466 - C:\Users\USER\.stm32cubemx\thirdparties\pdsc\STMicroelectronics.X-CUBE-FREERTOS.1.6.0.pdsc: PDSC version is not supported
2026-09-15 03:00:36,209 [WARN] PackLoader:240 - Cannot read IP mode file for STMicroelectronics.X-CUBE-MEMS1.11.0.0
2026-09-15 03:00:36,383 [ERROR] Engine:466 - C:\Users\USER\.stm32cubemx\thirdparties\pdsc\STMicroelectronics.FP-SNS-MOTENV1.5.1.0.pdsc: PDSC version is not supported
2026-09-15 03:00:36,427 [WARN] PackLoader:240 - Cannot read IP mode file for STMicroelectronics.X-CUBE-AZRTOS-H7RS.1.3.0
2026-09-15 03:00:36,451 [WARN] PackLoader:240 - Cannot read IP mode file for STMicroelectronics.FP-SNS-FLIGHT1.5.0.2
2026-09-15 03:00:36,499 [WARN] PackLoader:240 - Cannot read IP mode file for STMicroelectronics.X-CUBE-AZRTOS-H7.3.4.0
2026-09-15 03:00:36,536 [WARN] PackLoader:240 - Cannot read IP mode file for STMicroelectronics.X-CUBE-DISPLAY.3.0.0
2026-09-15 03:00:36,574 [WARN] PackLoader:240 - Cannot read IP mode file for STMicroelectronics.X-CUBE-GNSS1.7.1.1
2026-09-15 03:00:36,590 [ERROR] Engine:466 - C:\Users\USER\.stm32cubemx\thirdparties\pdsc\STMicroelectronics.FP-SNS-MOTENVWB1.1.5.0.pdsc: PDSC version is not supported
2026-09-15 03:00:36,607 [WARN] PackLoader:240 - Cannot read IP mode file for STMicroelectronics.X-CUBE-BLE1.7.0.0
2026-09-15 03:00:36,625 [WARN] PackLoader:240 - Cannot read IP mode file for STMicroelectronics.X-CUBE-NFC10.1.0.0
2026-09-15 03:00:36,651 [WARN] PackLoader:240 - Cannot read IP mode file for STMicroelectronics.X-CUBE-BLEMGR.4.0.0
2026-09-15 03:00:36,668 [ERROR] Engine:466 - C:\Users\USER\.stm32cubemx\thirdparties\pdsc\STMicroelectronics.X-CUBE-ST60.1.1.0.pdsc: PDSC version is not supported
2026-09-15 03:00:36,689 [WARN] PackLoader:240 - Cannot read IP mode file for emotas.I-CUBE-CANOPEN.1.3.0
2026-09-15 03:00:36,705 [ERROR] Engine:466 - C:\Users\USER\.stm32cubemx\thirdparties\pdsc\STMicroelectronics.X-CUBE-WBA.1.1.0.pdsc: PDSC version is not supported
2026-09-15 03:00:36,722 [WARN] PackLoader:240 - Cannot read IP mode file for STMicroelectronics.X-CUBE-GNSS1.7.1.0
2026-09-15 03:00:36,740 [WARN] PackLoader:240 - Cannot read IP mode file for STMicroelectronics.X-CUBE-BLEMGR.3.1.0
2026-09-15 03:00:36,766 [WARN] PackLoader:240 - Cannot read IP mode file for STMicroelectronics.X-CUBE-AI.10.0.0
2026-09-15 03:00:36,781 [ERROR] Engine:466 - C:\Users\USER\.stm32cubemx\thirdparties\pdsc\STMicroelectronics.FP-SNS-STBOX1.2.1.0.pdsc: PDSC version is not supported
2026-09-15 03:00:36,798 [WARN] PackLoader:240 - Cannot read IP mode file for STMicroelectronics.FP-SNS-SMARTAG2.1.2.0
2026-09-15 03:00:36,813 [ERROR] Engine:466 - C:\Users\USER\.stm32cubemx\thirdparties\pdsc\STMicroelectronics.FP-SNS-FLIGHT1.5.1.0.pdsc: PDSC version is not supported
2026-09-15 03:00:36,872 [WARN] PackLoader:240 - Cannot read IP mode file for STMicroelectronics.X-CUBE-MEMS1.11.1.0
2026-09-15 03:00:36,995 [INFO] LogOutputStream:77 - [STDOUT_REDIRECT] 1 : Invalid condition id : UX_CORESTACK_Condition cause : null
2026-09-15 03:00:36,997 [INFO] LogOutputStream:77 - [STDOUT_REDIRECT] 1 : Invalid condition id : UX_CORESTACK_Condition cause : null
2026-09-15 03:00:36,998 [INFO] LogOutputStream:77 - [STDOUT_REDIRECT] 1 : Invalid condition id : UX_CORESTACK_Condition cause : null
2026-09-15 03:00:36,999 [INFO] LogOutputStream:77 - [STDOUT_REDIRECT] 1 : Invalid condition id : UX_CORESTACK_Condition cause : null
2026-09-15 03:00:37,000 [INFO] LogOutputStream:77 - [STDOUT_REDIRECT] 1 : Invalid condition id : UX_CORESTACK_Condition cause : null
2026-09-15 03:00:37,003 [WARN] PackLoader:240 - Cannot read IP mode file for STMicroelectronics.X-CUBE-AZRTOS-WL.2.0.0
2026-09-15 03:00:37,025 [WARN] PackLoader:240 - Cannot read IP mode file for STMicroelectronics.FP-SNS-MOTENV1.5.0.0
2026-09-15 03:00:37,065 [WARN] PackLoader:240 - Cannot read IP mode file for STMicroelectronics.X-CUBE-AZRTOS-H7RS.1.2.0
2026-09-15 03:00:37,084 [WARN] PackLoader:240 - Cannot read IP mode file for wolfSSL.I-CUBE-wolfMQTT.1.19.0
2026-09-15 03:00:37,111 [WARN] PackLoader:240 - Cannot read IP mode file for WES.I-CUBE-Cesium.1.3.0
2026-09-15 03:00:37,130 [WARN] PackLoader:240 - Cannot read IP mode file for STMicroelectronics.X-CUBE-BLE2.3.3.0
2026-09-15 03:00:37,142 [ERROR] Engine:466 - C:\Users\USER\.stm32cubemx\thirdparties\pdsc\Avnet-IOTCONNECT.X-CUBE-iotc-st67-sdk.1.0.0.pdsc: PDSC version is not supported
2026-09-15 03:00:37,174 [WARN] PackLoader:240 - Cannot read IP mode file for STMicroelectronics.X-CUBE-NFC9.1.0.0
2026-09-15 03:00:37,205 [WARN] PackLoader:240 - Cannot read IP mode file for STMicroelectronics.X-CUBE-BLE1.7.1.0
2026-09-15 03:00:37,220 [INFO] WebApp:161 - Instantiating new browser for Auth
2026-09-15 03:00:37,222 [WARN] PackLoader:240 - Cannot read IP mode file for STMicroelectronics.X-CUBE-TCPP.4.1.0
2026-09-15 03:00:37,237 [ERROR] Engine:466 - C:\Users\USER\.stm32cubemx\thirdparties\pdsc\STMicroelectronics.X-CUBE-FREERTOS.1.4.0.pdsc: PDSC version is not supported
2026-09-15 03:00:37,262 [WARN] PackLoader:240 - Cannot read IP mode file for STMicroelectronics.X-CUBE-EEPRMA1.5.2.0
2026-09-15 03:00:37,279 [ERROR] Engine:466 - C:\Users\USER\.stm32cubemx\thirdparties\pdsc\STMicroelectronics.X-CUBE-ST67W61.1.1.0.pdsc: PDSC version is not supported
2026-09-15 03:00:37,295 [ERROR] Engine:466 - C:\Users\USER\.stm32cubemx\thirdparties\pdsc\STMicroelectronics.FP-SNS-STAIOTCFT.1.1.0.pdsc: PDSC version is not supported
2026-09-15 03:00:37,355 [WARN] PackLoader:240 - Cannot read IP mode file for STMicroelectronics.X-CUBE-MEMS1.12.0.0
2026-09-15 03:00:37,466 [WARN] PackLoader:240 - Cannot read IP mode file for STMicroelectronics.X-CUBE-ALGOBUILD.1.3.0
2026-09-15 03:00:37,532 [WARN] PackLoader:240 - Cannot read IP mode file for STMicroelectronics.X-CUBE-MEMS1.11.2.0
2026-09-15 03:00:37,702 [WARN] PackLoader:240 - Cannot read IP mode file for STMicroelectronics.X-CUBE-AZRTOS-G0.1.1.0
2026-09-15 03:00:37,721 [WARN] PackLoader:240 - Cannot read IP mode file for STMicroelectronics.X-CUBE-SAFEA1.1.2.2
2026-09-15 03:00:37,737 [WARN] PackLoader:240 - Cannot read IP mode file for STMicroelectronics.X-CUBE-NFC4.3.0.0
2026-09-15 03:00:37,758 [WARN] PackLoader:240 - Cannot read IP mode file for EmbeddedOffice.I-CUBE-FS-RTOS.1.0.1
2026-09-15 03:00:37,758 [ERROR] ConditionMgr:805 - Attr not supported : Dmpu
2026-09-15 03:00:37,759 [ERROR] ConditionMgr:805 - Attr not supported : Dmpu
2026-09-15 03:00:37,759 [ERROR] ConditionMgr:805 - Attr not supported : Dmpu
2026-09-15 03:00:37,759 [ERROR] ConditionMgr:805 - Attr not supported : Dmpu
2026-09-15 03:00:37,759 [ERROR] ConditionMgr:805 - Attr not supported : Dmpu
2026-09-15 03:00:37,759 [ERROR] ConditionMgr:805 - Attr not supported : Dmpu
2026-09-15 03:00:37,759 [ERROR] ConditionMgr:805 - Attr not supported : Dmpu
2026-09-15 03:00:37,759 [ERROR] ConditionMgr:805 - Attr not supported : Dmpu
2026-09-15 03:00:37,759 [ERROR] ConditionMgr:805 - Attr not supported : Dmpu
2026-09-15 03:00:37,759 [ERROR] ConditionMgr:805 - Attr not supported : Dmpu
2026-09-15 03:00:37,759 [ERROR] ConditionMgr:805 - Attr not supported : Dmpu
2026-09-15 03:00:37,759 [ERROR] ConditionMgr:805 - Attr not supported : Dmpu
2026-09-15 03:00:37,759 [ERROR] ConditionMgr:805 - Attr not supported : Dmpu
2026-09-15 03:00:37,759 [ERROR] ConditionMgr:805 - Attr not supported : Dmpu
2026-09-15 03:00:37,759 [ERROR] ConditionMgr:805 - Attr not supported : Dmpu
2026-09-15 03:00:37,759 [ERROR] ConditionMgr:805 - Attr not supported : Dmpu
2026-09-15 03:00:37,759 [ERROR] ConditionMgr:805 - Attr not supported : Dmpu
2026-09-15 03:00:37,759 [ERROR] ConditionMgr:805 - Attr not supported : Dmpu
2026-09-15 03:00:37,759 [ERROR] ConditionMgr:805 - Attr not supported : Dmpu
2026-09-15 03:00:37,759 [ERROR] ConditionMgr:805 - Attr not supported : Dmpu
2026-09-15 03:00:37,759 [ERROR] ConditionMgr:805 - Attr not supported : Dmpu
2026-09-15 03:00:37,759 [ERROR] ConditionMgr:805 - Attr not supported : Dmpu
2026-09-15 03:00:37,759 [ERROR] ConditionMgr:805 - Attr not supported : Dmpu
2026-09-15 03:00:37,759 [ERROR] ConditionMgr:805 - Attr not supported : Dmpu
2026-09-15 03:00:37,759 [ERROR] ConditionMgr:805 - Attr not supported : Dmpu
2026-09-15 03:00:37,761 [ERROR] ConditionMgr:805 - Attr not supported : Dmpu
2026-09-15 03:00:37,761 [ERROR] ConditionMgr:805 - Attr not supported : Dmpu
2026-09-15 03:00:37,761 [ERROR] ConditionMgr:805 - Attr not supported : Dmpu
2026-09-15 03:00:37,761 [ERROR] ConditionMgr:805 - Attr not supported : Dmpu
2026-09-15 03:00:37,761 [ERROR] ConditionMgr:805 - Attr not supported : Dmpu
2026-09-15 03:00:37,761 [ERROR] ConditionMgr:805 - Attr not supported : Dmpu
2026-09-15 03:00:37,761 [ERROR] ConditionMgr:805 - Attr not supported : Dmpu
2026-09-15 03:00:37,761 [ERROR] ConditionMgr:805 - Attr not supported : Dmpu
2026-09-15 03:00:37,761 [ERROR] ConditionMgr:805 - Attr not supported : Dmpu
2026-09-15 03:00:37,761 [ERROR] ConditionMgr:805 - Attr not supported : Dmpu
2026-09-15 03:00:37,761 [ERROR] ConditionMgr:805 - Attr not supported : Dmpu
2026-09-15 03:00:37,761 [ERROR] ConditionMgr:805 - Attr not supported : Dmpu
2026-09-15 03:00:37,761 [ERROR] ConditionMgr:805 - Attr not supported : Dmpu
2026-09-15 03:00:37,761 [ERROR] ConditionMgr:805 - Attr not supported : Dmpu
2026-09-15 03:00:37,761 [ERROR] ConditionMgr:805 - Attr not supported : Dmpu
2026-09-15 03:00:37,761 [ERROR] ConditionMgr:805 - Attr not supported : Dmpu
2026-09-15 03:00:37,761 [ERROR] ConditionMgr:805 - Attr not supported : Dmpu
2026-09-15 03:00:37,762 [ERROR] ConditionMgr:805 - Attr not supported : Dmpu
2026-09-15 03:00:37,762 [ERROR] ConditionMgr:805 - Attr not supported : Dmpu
2026-09-15 03:00:37,762 [ERROR] ConditionMgr:805 - Attr not supported : Dmpu
2026-09-15 03:00:37,762 [ERROR] ConditionMgr:805 - Attr not supported : Dmpu
2026-09-15 03:00:37,762 [ERROR] ConditionMgr:805 - Attr not supported : Dmpu
2026-09-15 03:00:37,762 [ERROR] ConditionMgr:805 - Attr not supported : Dmpu
2026-09-15 03:00:37,762 [ERROR] ConditionMgr:805 - Attr not supported : Dmpu
2026-09-15 03:00:37,762 [ERROR] ConditionMgr:805 - Attr not supported : Dmpu
2026-09-15 03:00:37,762 [ERROR] ConditionMgr:805 - Attr not supported : Dmpu
2026-09-15 03:00:37,762 [ERROR] ConditionMgr:805 - Attr not supported : Dmpu
2026-09-15 03:00:37,762 [ERROR] ConditionMgr:805 - Attr not supported : Dmpu
2026-09-15 03:00:37,762 [ERROR] ConditionMgr:805 - Attr not supported : Dmpu
2026-09-15 03:00:37,762 [ERROR] ConditionMgr:805 - Attr not supported : Dmpu
2026-09-15 03:00:37,762 [ERROR] ConditionMgr:805 - Attr not supported : Dmpu
2026-09-15 03:00:37,762 [ERROR] ConditionMgr:805 - Attr not supported : Dmpu
2026-09-15 03:00:37,769 [ERROR] ConditionMgr:805 - Attr not supported : Dmpu
2026-09-15 03:00:37,769 [ERROR] ConditionMgr:805 - Attr not supported : Dmpu
2026-09-15 03:00:37,769 [ERROR] ConditionMgr:805 - Attr not supported : Dmpu
2026-09-15 03:00:37,769 [ERROR] ConditionMgr:805 - Attr not supported : Dmpu
2026-09-15 03:00:37,770 [ERROR] ConditionMgr:805 - Attr not supported : Dmpu
2026-09-15 03:00:37,770 [ERROR] ConditionMgr:805 - Attr not supported : Dmpu
2026-09-15 03:00:37,770 [ERROR] ConditionMgr:805 - Attr not supported : Dmpu
2026-09-15 03:00:37,785 [WARN] PackLoader:240 - Cannot read IP mode file for STMicroelectronics.X-CUBE-WB05N.2.0.0
2026-09-15 03:00:37,809 [ERROR] Engine:466 - C:\Users\USER\.stm32cubemx\thirdparties\pdsc\STMicroelectronics.X-CUBE-TCPP.4.2.0.pdsc: PDSC version is not supported
2026-09-15 03:00:37,827 [WARN] PackLoader:240 - Cannot read IP mode file for RealThread.X-CUBE-RT-Thread_Nano.4.1.1
2026-09-15 03:00:37,854 [WARN] PackLoader:240 - Cannot read IP mode file for wolfSSL.I-CUBE-wolfSSL.5.7.0
2026-09-15 03:00:37,875 [WARN] PackLoader:240 - Cannot read IP mode file for STMicroelectronics.FP-ATR-SIGFOX1.3.2.0
2026-09-15 03:00:37,893 [WARN] ConditionMgr:438 - getConditionDescription Invalid condition id : Cortex-A Device cause : null
2026-09-15 03:00:37,918 [WARN] ConditionMgr:1039 - genDependencies : Invalid condition id : Cortex-A Device cause : null
2026-09-15 03:00:37,919 [WARN] ConditionMgr:1039 - genDependencies : Invalid condition id : Cortex-A Device cause : null
2026-09-15 03:00:37,919 [WARN] ConditionMgr:1039 - genDependencies : Invalid condition id : Cortex-A Device cause : null
2026-09-15 03:00:37,934 [WARN] PackLoader:240 - Cannot read IP mode file for STMicroelectronics.X-CUBE-EEPRMA1.5.1.0
2026-09-15 03:00:37,959 [ERROR] Engine:466 - C:\Users\USER\.stm32cubemx\thirdparties\pdsc\STMicroelectronics.X-CUBE-FREERTOS.1.5.0.pdsc: PDSC version is not supported
2026-09-15 03:00:37,987 [WARN] PackLoader:240 - Cannot read IP mode file for ITTIA_DB.I-CUBE-ITTIADB.8.9.0
2026-09-15 03:00:38,004 [WARN] PackLoader:240 - Cannot read IP mode file for STMicroelectronics.X-CUBE-NFC6.3.2.0
2026-09-15 03:00:38,020 [WARN] PackLoader:240 - Cannot read IP mode file for STMicroelectronics.X-CUBE-AI.10.2.1
2026-09-15 03:00:38,036 [WARN] PackLoader:240 - Cannot read IP mode file for STMicroelectronics.X-CUBE-AI.10.2.0
2026-09-15 03:00:38,071 [WARN] PackLoader:240 - Cannot read IP mode file for STMicroelectronics.X-CUBE-MEMS1.12.1.0
2026-09-15 03:00:38,145 [WARN] PackLoader:240 - Cannot read IP mode file for SEGGER.I-CUBE-embOS.1.3.1
2026-09-15 03:00:38,189 [WARN] PackLoader:240 - Cannot read IP mode file for STMicroelectronics.X-CUBE-ALGOBUILD.1.4.0
2026-09-15 03:00:38,205 [ERROR] Engine:466 - C:\Users\USER\.stm32cubemx\thirdparties\pdsc\STMicroelectronics.FP-SNS-STAIOTCFT.2.0.0.pdsc: PDSC version is not supported
2026-09-15 03:00:38,223 [WARN] PackLoader:240 - Cannot read IP mode file for STMicroelectronics.X-CUBE-AI.9.1.0
2026-09-15 03:00:38,238 [WARN] PackLoader:240 - Cannot read IP mode file for STMicroelectronics.X-CUBE-NFC13.1.0.0
2026-09-15 03:00:38,255 [WARN] PackLoader:240 - Cannot read IP mode file for STMicroelectronics.X-CUBE-PM33A1.1.0.0
2026-09-15 03:00:38,269 [WARN] PackLoader:240 - Cannot read IP mode file for STMicroelectronics.X-CUBE-GNSS1.6.0.0
2026-09-15 03:00:38,295 [WARN] PackLoader:240 - Cannot read IP mode file for STMicroelectronics.X-CUBE-AZRTOS-F4.1.1.0
2026-09-15 03:00:38,315 [ERROR] Engine:466 - C:\Users\USER\.stm32cubemx\thirdparties\pdsc\Avnet-IotConnect.X-CUBE-IoTC-DA16k-PMOD.1.0.0.pdsc: PDSC version is not supported
2026-09-15 03:00:38,331 [WARN] PackLoader:240 - Cannot read IP mode file for STMicroelectronics.X-CUBE-ISPU.2.1.0
2026-09-15 03:00:38,353 [ERROR] Engine:466 - C:\Users\USER\.stm32cubemx\thirdparties\pdsc\STMicroelectronics.X-CUBE-IPS.3.2.0.pdsc: PDSC version is not supported
2026-09-15 03:00:38,364 [ERROR] Engine:466 - C:\Users\USER\.stm32cubemx\thirdparties\pdsc\STMicroelectronics.eDS-WB_DPC_TT-BIDIR.2.1.1.pdsc: PDSC version is not supported
2026-09-15 03:00:38,387 [WARN] PackLoader:240 - Cannot read IP mode file for STMicroelectronics.X-CUBE-FREERTOS.1.2.0
2026-09-15 03:00:38,403 [WARN] PackLoader:240 - Cannot read IP mode file for STMicroelectronics.X-CUBE-NFC12.1.0.0
2026-09-15 03:00:38,429 [WARN] PackLoader:240 - Cannot read IP mode file for STMicroelectronics.X-CUBE-AZRTOS-L5.2.0.0
2026-09-15 03:00:38,444 [WARN] PackLoader:240 - Cannot read IP mode file for STMicroelectronics.X-CUBE-NFC6.3.1.0
2026-09-15 03:00:38,468 [WARN] PackLoader:240 - Cannot read IP mode file for STMicroelectronics.X-CUBE-ALGOBUILD.1.5.0
2026-09-15 03:00:38,484 [WARN] PackLoader:240 - Cannot read IP mode file for STMicroelectronics.X-CUBE-DPower.1.2.0
2026-09-15 03:00:38,496 [ERROR] Engine:466 - C:\Users\USER\.stm32cubemx\thirdparties\pdsc\STMicroelectronics.eDS-WB_DPC_VIENNA.1.2.0.pdsc: PDSC version is not supported
2026-09-15 03:00:38,545 [WARN] PackLoader:240 - Cannot read IP mode file for STMicroelectronics.X-CUBE-MEMS1.13.0.0
2026-09-15 03:00:38,610 [ERROR] Engine:466 - C:\Users\USER\.stm32cubemx\thirdparties\pdsc\STMicroelectronics.eDS-WB_DPC_3PH2L-BIDIR.1.1.1.pdsc: PDSC version is not supported
2026-09-15 03:00:38,626 [WARN] PackLoader:240 - Cannot read IP mode file for STMicroelectronics.X-CUBE-AI.9.0.0
2026-09-15 03:00:38,664 [ERROR] Engine:466 - C:\Users\USER\.stm32cubemx\thirdparties\pdsc\STMicroelectronics.X-CUBE-ST67W61.1.3.0.pdsc: PDSC version is not supported
2026-09-15 03:00:38,678 [WARN] PackLoader:240 - Cannot read IP mode file for STMicroelectronics.X-CUBE-FREERTOS.1.3.1
2026-09-15 03:00:38,692 [WARN] PackLoader:240 - Cannot read IP mode file for STMicroelectronics.X-CUBE-FREERTOS.1.3.0
2026-09-15 03:00:38,707 [WARN] PackLoader:240 - Cannot read IP mode file for STMicroelectronics.X-CUBE-NFC7.1.0.1
2026-09-15 03:00:38,724 [WARN] PackLoader:240 - Cannot read IP mode file for STMicroelectronics.X-CUBE-TOUCHGFX.4.26.0
2026-09-15 03:00:38,863 [WARN] PackLoader:240 - Cannot read IP mode file for STMicroelectronics.X-CUBE-TOUCHGFX.4.26.1
2026-09-15 03:00:38,875 [ERROR] Engine:466 - C:\Users\USER\.stm32cubemx\thirdparties\pdsc\STMicroelectronics.FP-SNS-STAIOTCFT.1.0.0.pdsc: PDSC version is not supported
2026-09-15 03:00:38,888 [WARN] PackLoader:240 - Cannot read IP mode file for STMicroelectronics.X-CUBE-DPower.1.3.0
2026-09-15 03:00:38,916 [WARN] ConditionMgr:438 - getConditionDescription Invalid condition id : LAN8742 Phy interface Condition cause : null
2026-09-15 03:00:38,916 [WARN] PackLoader:240 - Cannot read IP mode file for STMicroelectronics.X-CUBE-AZRTOS-L4.2.0.0
2026-09-15 03:00:38,917 [WARN] ConditionMgr:1039 - genDependencies : Invalid condition id : LAN8742 Phy interface Condition cause : null
2026-09-15 03:00:38,917 [WARN] ConditionMgr:1039 - genDependencies : Invalid condition id : LAN8742 Phy interface Condition cause : null
2026-09-15 03:00:38,918 [WARN] ConditionMgr:1039 - genDependencies : Invalid condition id : LAN8742 Phy interface Condition cause : null
2026-09-15 03:00:38,933 [WARN] PackLoader:240 - Cannot read IP mode file for STMicroelectronics.X-CUBE-SFXS2LP1.4.0.0
2026-09-15 03:00:38,948 [WARN] PackLoader:240 - Cannot read IP mode file for STMicroelectronics.X-CUBE-WB05N.2.1.0
2026-09-15 03:00:38,961 [ERROR] Engine:466 - C:\Users\USER\.stm32cubemx\thirdparties\pdsc\STMicroelectronics.X-CUBE-ST67W61.1.2.0.pdsc: PDSC version is not supported
2026-09-15 03:00:38,993 [WARN] PackLoader:240 - Cannot read IP mode file for STMicroelectronics.X-CUBE-AZRTOS-H7.3.3.0
2026-09-15 03:00:39,009 [ERROR] Engine:466 - C:\Users\USER\.stm32cubemx\thirdparties\pdsc\STMicroelectronics.X-CUBE-BLEMGR.4.1.0.pdsc: PDSC version is not supported
2026-09-15 03:00:39,025 [WARN] PackLoader:240 - Cannot read IP mode file for STMicroelectronics.X-CUBE-IPS.3.0.0
2026-09-15 03:00:39,048 [WARN] ConditionMgr:438 - getConditionDescription Invalid condition id : UX DEVICE CLASS RTOS Condition cause : null
2026-09-15 03:00:39,048 [WARN] ConditionMgr:438 - getConditionDescription Invalid condition id : UX DEVICE CLASS RTOS Condition cause : null
2026-09-15 03:00:39,049 [WARN] PackLoader:240 - Cannot read IP mode file for STMicroelectronics.X-CUBE-AZRTOS-WB.2.0.0
2026-09-15 03:00:39,049 [WARN] ConditionMgr:1039 - genDependencies : Invalid condition id : UX DEVICE CLASS RTOS Condition cause : null
2026-09-15 03:00:39,051 [WARN] ConditionMgr:1039 - genDependencies : Invalid condition id : UX DEVICE CLASS RTOS Condition cause : null
2026-09-15 03:00:39,051 [WARN] ConditionMgr:1039 - genDependencies : Invalid condition id : UX DEVICE CLASS RTOS Condition cause : null
2026-09-15 03:00:39,051 [WARN] ConditionMgr:1039 - genDependencies : Invalid condition id : UX DEVICE CLASS RTOS Condition cause : null
2026-09-15 03:00:39,051 [WARN] ConditionMgr:1039 - genDependencies : Invalid condition id : UX DEVICE CLASS RTOS Condition cause : null
2026-09-15 03:00:39,061 [INFO] WebApp:779 - Register for checkConnection events
2026-09-15 03:00:39,061 [INFO] WebApp:414 - Apply proxy settings
2026-09-15 03:00:39,062 [INFO] WebApp:499 - Chromium requires no authentication
2026-09-15 03:00:39,063 [WARN] PackLoader:240 - Cannot read IP mode file for STMicroelectronics.X-CUBE-GNSS1.7.0.0
2026-09-15 03:00:39,082 [INFO] WebApp:442 - Direct internet connection detected
2026-09-15 03:00:39,086 [WARN] PackLoader:240 - Cannot read IP mode file for STMicroelectronics.X-CUBE-GNSS1.7.0.1
2026-09-15 03:00:39,103 [WARN] PackLoader:240 - Cannot read IP mode file for STMicroelectronics.X-CUBE-TOUCHGFX.4.25.0
2026-09-15 03:00:39,122 [WARN] PackLoader:240 - Cannot read IP mode file for STMicroelectronics.FP-SNS-STBOX1.2.0.0
2026-09-15 03:00:39,139 [WARN] PackLoader:240 - Cannot read IP mode file for STMicroelectronics.X-CUBE-STSE01.2.0.0
2026-09-15 03:00:39,165 [WARN] PackLoader:240 - Cannot read IP mode file for STMicroelectronics.X-CUBE-SUBG2.5.0.0
2026-09-15 03:00:39,196 [WARN] PackLoader:240 - Cannot read IP mode file for STMicroelectronics.X-CUBE-AZRTOS-H7RS.1.1.0
2026-09-15 03:00:39,210 [WARN] PackLoader:240 - Cannot read IP mode file for Cesanta.I-CUBE-Mongoose.7.13.0
2026-09-15 03:00:39,233 [WARN] PackLoader:240 - Cannot read IP mode file for STMicroelectronics.X-CUBE-AZRTOS-G4.2.0.0
2026-09-15 03:00:39,248 [WARN] PackLoader:240 - Cannot read IP mode file for STMicroelectronics.X-CUBE-NFC7.2.0.0
2026-09-15 03:00:39,261 [WARN] PackLoader:240 - Cannot read IP mode file for STMicroelectronics.X-CUBE-ISPU.2.0.0
2026-09-15 03:00:39,273 [ERROR] Engine:466 - C:\Users\USER\.stm32cubemx\thirdparties\pdsc\STMicroelectronics.X-CUBE-IPS.3.1.0.pdsc: PDSC version is not supported
2026-09-15 03:00:39,292 [ERROR] Engine:466 - C:\Users\USER\.stm32cubemx\thirdparties\pdsc\STMicroelectronics.X-CUBE-BLEMGR.4.2.0.pdsc: PDSC version is not supported
2026-09-15 03:00:39,304 [WARN] PackLoader:240 - Cannot read IP mode file for STMicroelectronics.X-CUBE-ALS.1.0.2
2026-09-15 03:00:39,340 [WARN] PackLoader:240 - Cannot read IP mode file for STMicroelectronics.X-CUBE-MEMS1.10.0.0
2026-09-15 03:00:39,413 [WARN] PackLoader:240 - Cannot read IP mode file for STMicroelectronics.X-CUBE-FREERTOS.1.1.0
2026-09-15 03:00:39,427 [WARN] PackLoader:240 - Cannot read IP mode file for STMicroelectronics.X-CUBE-TOUCHGFX.4.24.2
2026-09-15 03:00:39,439 [WARN] PackLoader:240 - Cannot read IP mode file for STMicroelectronics.X-CUBE-TOUCHGFX.4.24.1
2026-09-15 03:00:39,454 [WARN] PackLoader:240 - Cannot read IP mode file for STMicroelectronics.X-CUBE-STSE01.1.0.0
2026-09-15 03:00:39,467 [WARN] PackLoader:240 - Cannot read IP mode file for wolfSSL.I-CUBE-wolfTPM.3.4.0
2026-09-15 03:00:39,480 [WARN] PackLoader:240 - Cannot read IP mode file for portGmbH.I-Cube-SoM-uGOAL.1.1.0
2026-09-15 03:00:39,495 [WARN] PackLoader:240 - Cannot read IP mode file for STMicroelectronics.X-CUBE-ALS.1.0.1
2026-09-15 03:00:39,517 [WARN] PackLoader:240 - Cannot read IP mode file for STMicroelectronics.X-CUBE-AZRTOS-H7RS.1.0.0
2026-09-15 03:00:39,537 [WARN] PackLoader:240 - Cannot read IP mode file for STMicroelectronics.FP-ATR-ASTRA1.2.0.0
2026-09-15 03:00:39,565 [WARN] PackLoader:240 - Cannot read IP mode file for STMicroelectronics.X-CUBE-TOF1.3.4.2
2026-09-15 03:00:39,596 [INFO] WebApp:192 - Starting web application
2026-09-15 03:00:39,596 [INFO] WebApp:544 - Web application path used D:\Documentos\Electronica\Nueva carpeta\STM32CubeIDE_1.15.0\STM32CubeIDE\plugins\com.st.stm32cube.common.mx_6.11.0.202403141607\db\plugins\mcufinder\reactClient1\index.html
2026-09-15 03:00:39,684 [ERROR] Engine:466 - C:\Users\USER\.stm32cubemx\thirdparties\pdsc\STMicroelectronics.X-CUBE-TOF1.3.4.3.pdsc: PDSC version is not supported
2026-09-15 03:00:39,704 [WARN] PackLoader:240 - Cannot read IP mode file for STMicroelectronics.X-CUBE-TOF1.3.4.1
2026-09-15 03:00:39,734 [WARN] PackLoader:240 - Cannot read IP mode file for STMicroelectronics.X-CUBE-AZRTOS-H7.3.2.0
2026-09-15 03:00:39,758 [WARN] PackLoader:240 - Cannot read IP mode file for Infineon.AIROC-Wi-Fi-Bluetooth-STM32.1.6.0
2026-09-15 03:00:39,775 [WARN] PackLoader:240 - Cannot read IP mode file for wolfSSL.I-CUBE-wolfSSH.1.4.17
2026-09-15 03:00:39,777 [INFO] ThirdParty:978 - Integrity check success = true
2026-09-15 03:00:39,777 [INFO] IntegrityCheckThread:100 - exiting critical section [integrity check]
2026-09-15 03:00:39,777 [INFO] IntegrityCheckThread:103 - End integrity checks thread
2026-09-15 03:00:40,226 [ERROR] LogOutputStream:75 - [STDERR_REDIRECT] [Fatal Error] :1:1: Premature end of file.
2026-09-15 03:00:40,226 [ERROR] LogOutputStream:75 - [STDERR_REDIRECT] 
2026-09-15 03:00:41,021 [ERROR] LogOutputStream:75 - [STDERR_REDIRECT] [Fatal Error] :1:1: Premature end of file.
2026-09-15 03:00:41,021 [ERROR] LogOutputStream:75 - [STDERR_REDIRECT] 
2026-09-15 03:00:42,020 [ERROR] LogOutputStream:75 - [STDERR_REDIRECT] [Fatal Error] :1:1: Premature end of file.
2026-09-15 03:00:42,020 [ERROR] LogOutputStream:75 - [STDERR_REDIRECT] 
2026-09-15 03:00:43,024 [ERROR] LogOutputStream:75 - [STDERR_REDIRECT] [Fatal Error] :1:1: Premature end of file.
2026-09-15 03:00:43,024 [ERROR] LogOutputStream:75 - [STDERR_REDIRECT] 
2026-09-15 03:00:44,024 [ERROR] LogOutputStream:75 - [STDERR_REDIRECT] [Fatal Error] :1:1: Premature end of file.
2026-09-15 03:00:44,024 [ERROR] LogOutputStream:75 - [STDERR_REDIRECT] 
2026-09-15 03:00:45,019 [ERROR] LogOutputStream:75 - [STDERR_REDIRECT] [Fatal Error] :1:1: Premature end of file.
2026-09-15 03:00:45,019 [ERROR] LogOutputStream:75 - [STDERR_REDIRECT] 
2026-09-15 03:00:46,018 [ERROR] LogOutputStream:75 - [STDERR_REDIRECT] [Fatal Error] :1:1: Premature end of file.
2026-09-15 03:00:46,018 [ERROR] LogOutputStream:75 - [STDERR_REDIRECT] 
2026-09-15 03:00:47,018 [ERROR] LogOutputStream:75 - [STDERR_REDIRECT] [Fatal Error] :1:1: Premature end of file.
2026-09-15 03:00:47,018 [ERROR] LogOutputStream:75 - [STDERR_REDIRECT] 
2026-09-15 03:00:48,019 [ERROR] LogOutputStream:75 - [STDERR_REDIRECT] [Fatal Error] :1:1: Premature end of file.
2026-09-15 03:00:48,019 [ERROR] LogOutputStream:75 - [STDERR_REDIRECT] 
2026-09-15 03:00:49,019 [ERROR] LogOutputStream:75 - [STDERR_REDIRECT] [Fatal Error] :1:1: Premature end of file.
2026-09-15 03:00:49,019 [ERROR] LogOutputStream:75 - [STDERR_REDIRECT] 
2026-09-15 03:00:50,020 [ERROR] LogOutputStream:75 - [STDERR_REDIRECT] [Fatal Error] :1:1: Premature end of file.
2026-09-15 03:00:50,020 [ERROR] LogOutputStream:75 - [STDERR_REDIRECT] 
2026-09-15 03:00:51,020 [ERROR] LogOutputStream:75 - [STDERR_REDIRECT] [Fatal Error] :1:1: Premature end of file.
2026-09-15 03:00:51,021 [ERROR] LogOutputStream:75 - [STDERR_REDIRECT] 
2026-09-15 03:00:52,019 [ERROR] LogOutputStream:75 - [STDERR_REDIRECT] [Fatal Error] :1:1: Premature end of file.
2026-09-15 03:00:52,019 [ERROR] LogOutputStream:75 - [STDERR_REDIRECT] 
2026-09-15 03:00:53,019 [ERROR] LogOutputStream:75 - [STDERR_REDIRECT] [Fatal Error] :1:1: Premature end of file.
2026-09-15 03:00:53,019 [ERROR] LogOutputStream:75 - [STDERR_REDIRECT] 
2026-09-15 03:00:54,018 [ERROR] LogOutputStream:75 - [STDERR_REDIRECT] [Fatal Error] :1:1: Premature end of file.
2026-09-15 03:00:54,019 [ERROR] LogOutputStream:75 - [STDERR_REDIRECT] 
2026-09-15 03:00:55,020 [ERROR] LogOutputStream:75 - [STDERR_REDIRECT] [Fatal Error] :1:1: Premature end of file.
2026-09-15 03:00:55,020 [ERROR] LogOutputStream:75 - [STDERR_REDIRECT] 
2026-09-15 03:00:56,019 [ERROR] LogOutputStream:75 - [STDERR_REDIRECT] [Fatal Error] :1:1: Premature end of file.
2026-09-15 03:00:56,019 [ERROR] LogOutputStream:75 - [STDERR_REDIRECT] 
2026-09-15 03:00:57,019 [ERROR] LogOutputStream:75 - [STDERR_REDIRECT] [Fatal Error] :1:1: Premature end of file.
2026-09-15 03:00:57,019 [ERROR] LogOutputStream:75 - [STDERR_REDIRECT] 
2026-09-15 03:00:58,020 [ERROR] LogOutputStream:75 - [STDERR_REDIRECT] [Fatal Error] :1:1: Premature end of file.
2026-09-15 03:00:58,020 [ERROR] LogOutputStream:75 - [STDERR_REDIRECT] 
2026-09-15 03:00:59,019 [ERROR] LogOutputStream:75 - [STDERR_REDIRECT] [Fatal Error] :1:1: Premature end of file.
2026-09-15 03:00:59,019 [ERROR] LogOutputStream:75 - [STDERR_REDIRECT] 
2026-09-15 03:01:00,021 [ERROR] LogOutputStream:75 - [STDERR_REDIRECT] [Fatal Error] :1:1: Premature end of file.
2026-09-15 03:01:00,021 [ERROR] LogOutputStream:75 - [STDERR_REDIRECT] 
2026-09-15 03:01:01,039 [ERROR] LogOutputStream:75 - [STDERR_REDIRECT] [Fatal Error] :1:1: Premature end of file.
2026-09-15 03:01:01,039 [ERROR] LogOutputStream:75 - [STDERR_REDIRECT] 
2026-09-15 03:01:02,021 [ERROR] LogOutputStream:75 - [STDERR_REDIRECT] [Fatal Error] :1:1: Premature end of file.
2026-09-15 03:01:02,021 [ERROR] LogOutputStream:75 - [STDERR_REDIRECT] 
2026-09-15 03:01:03,021 [ERROR] LogOutputStream:75 - [STDERR_REDIRECT] [Fatal Error] :1:1: Premature end of file.
2026-09-15 03:01:03,021 [ERROR] LogOutputStream:75 - [STDERR_REDIRECT] 
2026-09-15 03:01:04,039 [ERROR] LogOutputStream:75 - [STDERR_REDIRECT] [Fatal Error] :1:1: Premature end of file.
2026-09-15 03:01:04,040 [ERROR] LogOutputStream:75 - [STDERR_REDIRECT] 
2026-09-15 03:01:05,021 [ERROR] LogOutputStream:75 - [STDERR_REDIRECT] [Fatal Error] :1:1: Premature end of file.
2026-09-15 03:01:05,021 [ERROR] LogOutputStream:75 - [STDERR_REDIRECT] 
2026-09-15 03:01:06,032 [ERROR] LogOutputStream:75 - [STDERR_REDIRECT] [Fatal Error] :1:1: Premature end of file.
2026-09-15 03:01:06,032 [ERROR] LogOutputStream:75 - [STDERR_REDIRECT] 
2026-09-15 03:01:07,021 [ERROR] LogOutputStream:75 - [STDERR_REDIRECT] [Fatal Error] :1:1: Premature end of file.
2026-09-15 03:01:07,021 [ERROR] LogOutputStream:75 - [STDERR_REDIRECT] 
2026-09-15 03:01:08,021 [ERROR] LogOutputStream:75 - [STDERR_REDIRECT] [Fatal Error] :1:1: Premature end of file.
2026-09-15 03:01:08,021 [ERROR] LogOutputStream:75 - [STDERR_REDIRECT] 
2026-09-15 03:01:09,038 [ERROR] LogOutputStream:75 - [STDERR_REDIRECT] [Fatal Error] :1:1: Premature end of file.
2026-09-15 03:01:09,038 [ERROR] LogOutputStream:75 - [STDERR_REDIRECT] 
2026-09-15 03:01:10,022 [ERROR] LogOutputStream:75 - [STDERR_REDIRECT] [Fatal Error] :1:1: Premature end of file.
2026-09-15 03:01:10,022 [ERROR] LogOutputStream:75 - [STDERR_REDIRECT] 
2026-09-15 03:01:11,031 [ERROR] LogOutputStream:75 - [STDERR_REDIRECT] [Fatal Error] :1:1: Premature end of file.
2026-09-15 03:01:11,031 [ERROR] LogOutputStream:75 - [STDERR_REDIRECT] 
2026-09-15 03:01:12,021 [ERROR] LogOutputStream:75 - [STDERR_REDIRECT] [Fatal Error] :1:1: Premature end of file.
2026-09-15 03:01:12,021 [ERROR] LogOutputStream:75 - [STDERR_REDIRECT] 
2026-09-15 03:01:13,021 [ERROR] LogOutputStream:75 - [STDERR_REDIRECT] [Fatal Error] :1:1: Premature end of file.
2026-09-15 03:01:13,021 [ERROR] LogOutputStream:75 - [STDERR_REDIRECT] 
2026-09-15 03:01:14,031 [ERROR] LogOutputStream:75 - [STDERR_REDIRECT] [Fatal Error] :1:1: Premature end of file.
2026-09-15 03:01:14,031 [ERROR] LogOutputStream:75 - [STDERR_REDIRECT] 
2026-09-15 03:01:15,021 [ERROR] LogOutputStream:75 - [STDERR_REDIRECT] [Fatal Error] :1:1: Premature end of file.
2026-09-15 03:01:15,021 [ERROR] LogOutputStream:75 - [STDERR_REDIRECT] 
2026-09-15 03:01:16,032 [ERROR] LogOutputStream:75 - [STDERR_REDIRECT] [Fatal Error] :1:1: Premature end of file.
2026-09-15 03:01:16,032 [ERROR] LogOutputStream:75 - [STDERR_REDIRECT] 
2026-09-15 03:01:17,032 [ERROR] LogOutputStream:75 - [STDERR_REDIRECT] [Fatal Error] :1:1: Premature end of file.
2026-09-15 03:01:17,036 [ERROR] LogOutputStream:75 - [STDERR_REDIRECT] 
2026-09-15 03:01:18,012 [ERROR] LogOutputStream:75 - [STDERR_REDIRECT] [Fatal Error] :1:1: Premature end of file.
2026-09-15 03:01:18,012 [ERROR] LogOutputStream:75 - [STDERR_REDIRECT] 
2026-09-15 03:01:19,022 [ERROR] LogOutputStream:75 - [STDERR_REDIRECT] [Fatal Error] :1:1: Premature end of file.
2026-09-15 03:01:19,022 [ERROR] LogOutputStream:75 - [STDERR_REDIRECT] 
2026-09-15 03:01:20,022 [ERROR] LogOutputStream:75 - [STDERR_REDIRECT] [Fatal Error] :1:1: Premature end of file.
2026-09-15 03:01:20,022 [ERROR] LogOutputStream:75 - [STDERR_REDIRECT] 
2026-09-15 03:01:21,022 [ERROR] LogOutputStream:75 - [STDERR_REDIRECT] [Fatal Error] :1:1: Premature end of file.
2026-09-15 03:01:21,022 [ERROR] LogOutputStream:75 - [STDERR_REDIRECT] 
2026-09-15 03:01:22,022 [ERROR] LogOutputStream:75 - [STDERR_REDIRECT] [Fatal Error] :1:1: Premature end of file.
2026-09-15 03:01:22,022 [ERROR] LogOutputStream:75 - [STDERR_REDIRECT] 
2026-09-15 03:01:23,022 [ERROR] LogOutputStream:75 - [STDERR_REDIRECT] [Fatal Error] :1:1: Premature end of file.
2026-09-15 03:01:23,022 [ERROR] LogOutputStream:75 - [STDERR_REDIRECT] 
2026-09-15 03:01:24,031 [ERROR] LogOutputStream:75 - [STDERR_REDIRECT] [Fatal Error] :1:1: Premature end of file.
2026-09-15 03:01:24,031 [ERROR] LogOutputStream:75 - [STDERR_REDIRECT] 
2026-09-15 03:01:25,022 [ERROR] LogOutputStream:75 - [STDERR_REDIRECT] [Fatal Error] :1:1: Premature end of file.
2026-09-15 03:01:25,022 [ERROR] LogOutputStream:75 - [STDERR_REDIRECT] 
2026-09-15 03:01:26,032 [ERROR] LogOutputStream:75 - [STDERR_REDIRECT] [Fatal Error] :1:1: Premature end of file.
2026-09-15 03:01:26,032 [ERROR] LogOutputStream:75 - [STDERR_REDIRECT] 
2026-09-15 03:01:27,022 [ERROR] LogOutputStream:75 - [STDERR_REDIRECT] [Fatal Error] :1:1: Premature end of file.
2026-09-15 03:01:27,022 [ERROR] LogOutputStream:75 - [STDERR_REDIRECT] 
2026-09-15 03:01:28,022 [ERROR] LogOutputStream:75 - [STDERR_REDIRECT] [Fatal Error] :1:1: Premature end of file.
2026-09-15 03:01:28,022 [ERROR] LogOutputStream:75 - [STDERR_REDIRECT] 
2026-09-15 03:01:29,399 [ERROR] LogOutputStream:75 - [STDERR_REDIRECT] [Fatal Error] :1:1: Premature end of file.
2026-09-15 03:01:29,400 [ERROR] LogOutputStream:75 - [STDERR_REDIRECT] 
2026-09-15 03:01:30,024 [ERROR] LogOutputStream:75 - [STDERR_REDIRECT] [Fatal Error] :1:1: Premature end of file.
2026-09-15 03:01:30,024 [ERROR] LogOutputStream:75 - [STDERR_REDIRECT] 
2026-09-15 03:01:31,022 [ERROR] LogOutputStream:75 - [STDERR_REDIRECT] [Fatal Error] :1:1: Premature end of file.
2026-09-15 03:01:31,022 [ERROR] LogOutputStream:75 - [STDERR_REDIRECT] 
2026-09-15 03:01:32,023 [ERROR] LogOutputStream:75 - [STDERR_REDIRECT] [Fatal Error] :1:1: Premature end of file.
2026-09-15 03:01:32,023 [ERROR] LogOutputStream:75 - [STDERR_REDIRECT] 
2026-09-15 03:01:33,012 [ERROR] LogOutputStream:75 - [STDERR_REDIRECT] [Fatal Error] :1:1: Premature end of file.
2026-09-15 03:01:33,022 [ERROR] LogOutputStream:75 - [STDERR_REDIRECT] 
2026-09-15 03:01:34,022 [ERROR] LogOutputStream:75 - [STDERR_REDIRECT] [Fatal Error] :1:1: Premature end of file.
2026-09-15 03:01:34,022 [ERROR] LogOutputStream:75 - [STDERR_REDIRECT] 
2026-09-15 03:01:35,032 [ERROR] LogOutputStream:75 - [STDERR_REDIRECT] [Fatal Error] :1:1: Premature end of file.
2026-09-15 03:01:35,032 [ERROR] LogOutputStream:75 - [STDERR_REDIRECT] 
2026-09-15 03:01:36,022 [ERROR] LogOutputStream:75 - [STDERR_REDIRECT] [Fatal Error] :1:1: Premature end of file.
2026-09-15 03:01:36,022 [ERROR] LogOutputStream:75 - [STDERR_REDIRECT] 
2026-09-15 03:01:37,032 [ERROR] LogOutputStream:75 - [STDERR_REDIRECT] [Fatal Error] :1:1: Premature end of file.
2026-09-15 03:01:37,032 [ERROR] LogOutputStream:75 - [STDERR_REDIRECT] 
2026-09-15 03:01:38,046 [ERROR] LogOutputStream:75 - [STDERR_REDIRECT] [Fatal Error] :1:1: Premature end of file.
2026-09-15 03:01:38,046 [ERROR] LogOutputStream:75 - [STDERR_REDIRECT] 
2026-09-15 03:01:39,032 [ERROR] LogOutputStream:75 - [STDERR_REDIRECT] [Fatal Error] :1:1: Premature end of file.
2026-09-15 03:01:39,032 [ERROR] LogOutputStream:75 - [STDERR_REDIRECT] 
2026-09-15 03:01:40,038 [ERROR] LogOutputStream:75 - [STDERR_REDIRECT] [Fatal Error] :1:1: Premature end of file.
2026-09-15 03:01:40,038 [ERROR] LogOutputStream:75 - [STDERR_REDIRECT] 
2026-09-15 03:01:41,024 [ERROR] LogOutputStream:75 - [STDERR_REDIRECT] [Fatal Error] :1:1: Premature end of file.
2026-09-15 03:01:41,024 [ERROR] LogOutputStream:75 - [STDERR_REDIRECT] 
2026-09-15 03:01:42,022 [ERROR] LogOutputStream:75 - [STDERR_REDIRECT] [Fatal Error] :1:1: Premature end of file.
2026-09-15 03:01:42,022 [ERROR] LogOutputStream:75 - [STDERR_REDIRECT] 
2026-09-15 03:01:43,032 [ERROR] LogOutputStream:75 - [STDERR_REDIRECT] [Fatal Error] :1:1: Premature end of file.
2026-09-15 03:01:43,032 [ERROR] LogOutputStream:75 - [STDERR_REDIRECT] 
2026-09-15 03:01:44,025 [ERROR] LogOutputStream:75 - [STDERR_REDIRECT] [Fatal Error] :1:1: Premature end of file.
2026-09-15 03:01:44,025 [ERROR] LogOutputStream:75 - [STDERR_REDIRECT] 
2026-09-15 03:01:45,028 [ERROR] LogOutputStream:75 - [STDERR_REDIRECT] [Fatal Error] :1:1: Premature end of file.
2026-09-15 03:01:45,028 [ERROR] LogOutputStream:75 - [STDERR_REDIRECT] 
2026-09-15 03:01:46,012 [ERROR] LogOutputStream:75 - [STDERR_REDIRECT] [Fatal Error] :1:1: Premature end of file.
2026-09-15 03:01:46,012 [ERROR] LogOutputStream:75 - [STDERR_REDIRECT] 
2026-09-15 03:01:47,024 [ERROR] LogOutputStream:75 - [STDERR_REDIRECT] [Fatal Error] :1:1: Premature end of file.
2026-09-15 03:01:47,024 [ERROR] LogOutputStream:75 - [STDERR_REDIRECT] 
2026-09-15 03:01:48,022 [ERROR] LogOutputStream:75 - [STDERR_REDIRECT] [Fatal Error] :1:1: Premature end of file.
2026-09-15 03:01:48,022 [ERROR] LogOutputStream:75 - [STDERR_REDIRECT] 
2026-09-15 03:01:49,022 [ERROR] LogOutputStream:75 - [STDERR_REDIRECT] [Fatal Error] :1:1: Premature end of file.
2026-09-15 03:01:49,022 [ERROR] LogOutputStream:75 - [STDERR_REDIRECT] 
2026-09-15 03:01:50,032 [ERROR] LogOutputStream:75 - [STDERR_REDIRECT] [Fatal Error] :1:1: Premature end of file.
2026-09-15 03:01:50,032 [ERROR] LogOutputStream:75 - [STDERR_REDIRECT] 
2026-09-15 03:01:51,022 [ERROR] LogOutputStream:75 - [STDERR_REDIRECT] [Fatal Error] :1:1: Premature end of file.
2026-09-15 03:01:51,022 [ERROR] LogOutputStream:75 - [STDERR_REDIRECT] 
2026-09-15 03:01:52,027 [ERROR] LogOutputStream:75 - [STDERR_REDIRECT] [Fatal Error] :1:1: Premature end of file.
2026-09-15 03:01:52,027 [ERROR] LogOutputStream:75 - [STDERR_REDIRECT] 
2026-09-15 03:01:53,032 [ERROR] LogOutputStream:75 - [STDERR_REDIRECT] [Fatal Error] :1:1: Premature end of file.
2026-09-15 03:01:53,032 [ERROR] LogOutputStream:75 - [STDERR_REDIRECT] 
2026-09-15 03:01:54,032 [ERROR] LogOutputStream:75 - [STDERR_REDIRECT] [Fatal Error] :1:1: Premature end of file.
2026-09-15 03:01:54,032 [ERROR] LogOutputStream:75 - [STDERR_REDIRECT] 
2026-09-15 03:01:55,017 [ERROR] LogOutputStream:75 - [STDERR_REDIRECT] [Fatal Error] :1:1: Premature end of file.
2026-09-15 03:01:55,017 [ERROR] LogOutputStream:75 - [STDERR_REDIRECT] 
2026-09-15 03:01:56,022 [ERROR] LogOutputStream:75 - [STDERR_REDIRECT] [Fatal Error] :1:1: Premature end of file.
2026-09-15 03:01:56,022 [ERROR] LogOutputStream:75 - [STDERR_REDIRECT] 
2026-09-15 03:01:57,023 [ERROR] LogOutputStream:75 - [STDERR_REDIRECT] [Fatal Error] :1:1: Premature end of file.
2026-09-15 03:01:57,023 [ERROR] LogOutputStream:75 - [STDERR_REDIRECT] 
2026-09-15 03:01:58,023 [ERROR] LogOutputStream:75 - [STDERR_REDIRECT] [Fatal Error] :1:1: Premature end of file.
2026-09-15 03:01:58,023 [ERROR] LogOutputStream:75 - [STDERR_REDIRECT] 
2026-09-15 03:01:59,022 [ERROR] LogOutputStream:75 - [STDERR_REDIRECT] [Fatal Error] :1:1: Premature end of file.
2026-09-15 03:01:59,022 [ERROR] LogOutputStream:75 - [STDERR_REDIRECT] 
2026-09-15 03:02:00,023 [ERROR] LogOutputStream:75 - [STDERR_REDIRECT] [Fatal Error] :1:1: Premature end of file.
2026-09-15 03:02:00,023 [ERROR] LogOutputStream:75 - [STDERR_REDIRECT] 
2026-09-15 03:02:01,027 [ERROR] LogOutputStream:75 - [STDERR_REDIRECT] [Fatal Error] :1:1: Premature end of file.
2026-09-15 03:02:01,027 [ERROR] LogOutputStream:75 - [STDERR_REDIRECT] 
2026-09-15 03:02:02,023 [ERROR] LogOutputStream:75 - [STDERR_REDIRECT] [Fatal Error] :1:1: Premature end of file.
2026-09-15 03:02:02,023 [ERROR] LogOutputStream:75 - [STDERR_REDIRECT] 
2026-09-15 03:02:03,033 [ERROR] LogOutputStream:75 - [STDERR_REDIRECT] [Fatal Error] :1:1: Premature end of file.
2026-09-15 03:02:03,033 [ERROR] LogOutputStream:75 - [STDERR_REDIRECT] 
2026-09-15 03:02:04,045 [ERROR] LogOutputStream:75 - [STDERR_REDIRECT] [Fatal Error] :1:1: Premature end of file.
2026-09-15 03:02:04,045 [ERROR] LogOutputStream:75 - [STDERR_REDIRECT] 
2026-09-15 03:02:05,029 [ERROR] LogOutputStream:75 - [STDERR_REDIRECT] [Fatal Error] :1:1: Premature end of file.
2026-09-15 03:02:05,029 [ERROR] LogOutputStream:75 - [STDERR_REDIRECT] 
2026-09-15 03:02:06,041 [ERROR] LogOutputStream:75 - [STDERR_REDIRECT] [Fatal Error] :1:1: Premature end of file.
2026-09-15 03:02:06,041 [ERROR] LogOutputStream:75 - [STDERR_REDIRECT] 
2026-09-15 03:02:07,034 [ERROR] LogOutputStream:75 - [STDERR_REDIRECT] [Fatal Error] :1:1: Premature end of file.
2026-09-15 03:02:07,034 [ERROR] LogOutputStream:75 - [STDERR_REDIRECT] 
2026-09-15 03:02:08,036 [ERROR] LogOutputStream:75 - [STDERR_REDIRECT] [Fatal Error] :1:1: Premature end of file.
2026-09-15 03:02:08,036 [ERROR] LogOutputStream:75 - [STDERR_REDIRECT] 
2026-09-15 03:02:09,033 [ERROR] LogOutputStream:75 - [STDERR_REDIRECT] [Fatal Error] :1:1: Premature end of file.
2026-09-15 03:02:09,033 [ERROR] LogOutputStream:75 - [STDERR_REDIRECT] 
2026-09-15 03:02:10,039 [ERROR] LogOutputStream:75 - [STDERR_REDIRECT] [Fatal Error] :1:1: Premature end of file.
2026-09-15 03:02:10,039 [ERROR] LogOutputStream:75 - [STDERR_REDIRECT] 
2026-09-15 03:02:11,034 [ERROR] LogOutputStream:75 - [STDERR_REDIRECT] [Fatal Error] :1:1: Premature end of file.
2026-09-15 03:02:11,034 [ERROR] LogOutputStream:75 - [STDERR_REDIRECT] 
2026-09-15 03:02:12,037 [ERROR] LogOutputStream:75 - [STDERR_REDIRECT] [Fatal Error] :1:1: Premature end of file.
2026-09-15 03:02:12,037 [ERROR] LogOutputStream:75 - [STDERR_REDIRECT] 
2026-09-15 03:02:13,022 [ERROR] LogOutputStream:75 - [STDERR_REDIRECT] [Fatal Error] :1:1: Premature end of file.
2026-09-15 03:02:13,023 [ERROR] LogOutputStream:75 - [STDERR_REDIRECT] 
2026-09-15 03:02:14,027 [ERROR] LogOutputStream:75 - [STDERR_REDIRECT] [Fatal Error] :1:1: Premature end of file.
2026-09-15 03:02:14,027 [ERROR] LogOutputStream:75 - [STDERR_REDIRECT] 
2026-09-15 03:02:15,045 [ERROR] LogOutputStream:75 - [STDERR_REDIRECT] [Fatal Error] :1:1: Premature end of file.
2026-09-15 03:02:15,045 [ERROR] LogOutputStream:75 - [STDERR_REDIRECT] 
2026-09-15 03:02:16,023 [ERROR] LogOutputStream:75 - [STDERR_REDIRECT] [Fatal Error] :1:1: Premature end of file.
2026-09-15 03:02:16,023 [ERROR] LogOutputStream:75 - [STDERR_REDIRECT] 
2026-09-15 03:02:17,028 [ERROR] LogOutputStream:75 - [STDERR_REDIRECT] [Fatal Error] :1:1: Premature end of file.
2026-09-15 03:02:17,029 [ERROR] LogOutputStream:75 - [STDERR_REDIRECT] 
2026-09-15 03:02:18,025 [ERROR] LogOutputStream:75 - [STDERR_REDIRECT] [Fatal Error] :1:1: Premature end of file.
2026-09-15 03:02:18,025 [ERROR] LogOutputStream:75 - [STDERR_REDIRECT] 
2026-09-15 03:02:19,026 [ERROR] LogOutputStream:75 - [STDERR_REDIRECT] [Fatal Error] :1:1: Premature end of file.
2026-09-15 03:02:19,027 [ERROR] LogOutputStream:75 - [STDERR_REDIRECT] 
2026-09-15 03:02:20,031 [ERROR] LogOutputStream:75 - [STDERR_REDIRECT] [Fatal Error] :1:1: Premature end of file.
2026-09-15 03:02:20,033 [ERROR] LogOutputStream:75 - [STDERR_REDIRECT] 
2026-09-15 03:02:21,032 [ERROR] LogOutputStream:75 - [STDERR_REDIRECT] [Fatal Error] :1:1: Premature end of file.
2026-09-15 03:02:21,033 [ERROR] LogOutputStream:75 - [STDERR_REDIRECT] 
2026-09-15 03:02:22,037 [ERROR] LogOutputStream:75 - [STDERR_REDIRECT] [Fatal Error] :1:1: Premature end of file.
2026-09-15 03:02:22,037 [ERROR] LogOutputStream:75 - [STDERR_REDIRECT] 
2026-09-15 03:02:23,026 [ERROR] LogOutputStream:75 - [STDERR_REDIRECT] [Fatal Error] :1:1: Premature end of file.
2026-09-15 03:02:23,027 [ERROR] LogOutputStream:75 - [STDERR_REDIRECT] 
2026-09-15 03:02:24,029 [ERROR] LogOutputStream:75 - [STDERR_REDIRECT] [Fatal Error] :1:1: Premature end of file.
2026-09-15 03:02:24,029 [ERROR] LogOutputStream:75 - [STDERR_REDIRECT] 
2026-09-15 03:02:25,030 [ERROR] LogOutputStream:75 - [STDERR_REDIRECT] [Fatal Error] :1:1: Premature end of file.
2026-09-15 03:02:25,030 [ERROR] LogOutputStream:75 - [STDERR_REDIRECT] 
2026-09-15 03:02:26,025 [ERROR] LogOutputStream:75 - [STDERR_REDIRECT] [Fatal Error] :1:1: Premature end of file.
2026-09-15 03:02:26,027 [ERROR] LogOutputStream:75 - [STDERR_REDIRECT] 
2026-09-15 03:02:27,028 [ERROR] LogOutputStream:75 - [STDERR_REDIRECT] [Fatal Error] :1:1: Premature end of file.
2026-09-15 03:02:27,028 [ERROR] LogOutputStream:75 - [STDERR_REDIRECT] 
2026-09-15 03:02:28,041 [ERROR] LogOutputStream:75 - [STDERR_REDIRECT] [Fatal Error] :1:1: Premature end of file.
2026-09-15 03:02:28,041 [ERROR] LogOutputStream:75 - [STDERR_REDIRECT] 
2026-09-15 03:02:29,043 [ERROR] LogOutputStream:75 - [STDERR_REDIRECT] [Fatal Error] :1:1: Premature end of file.
2026-09-15 03:02:29,043 [ERROR] LogOutputStream:75 - [STDERR_REDIRECT] 
2026-09-15 03:02:30,036 [ERROR] LogOutputStream:75 - [STDERR_REDIRECT] [Fatal Error] :1:1: Premature end of file.
2026-09-15 03:02:30,036 [ERROR] LogOutputStream:75 - [STDERR_REDIRECT] 
2026-09-15 03:02:31,033 [ERROR] LogOutputStream:75 - [STDERR_REDIRECT] [Fatal Error] :1:1: Premature end of file.
2026-09-15 03:02:31,033 [ERROR] LogOutputStream:75 - [STDERR_REDIRECT] 
2026-09-15 03:02:32,040 [ERROR] LogOutputStream:75 - [STDERR_REDIRECT] [Fatal Error] :1:1: Premature end of file.
2026-09-15 03:02:32,040 [ERROR] LogOutputStream:75 - [STDERR_REDIRECT] 
2026-09-15 03:02:33,034 [ERROR] LogOutputStream:75 - [STDERR_REDIRECT] [Fatal Error] :1:1: Premature end of file.
2026-09-15 03:02:33,038 [ERROR] LogOutputStream:75 - [STDERR_REDIRECT] 
2026-09-15 03:02:34,023 [ERROR] LogOutputStream:75 - [STDERR_REDIRECT] [Fatal Error] :1:1: Premature end of file.
2026-09-15 03:02:34,023 [ERROR] LogOutputStream:75 - [STDERR_REDIRECT] 
2026-09-15 03:02:35,023 [ERROR] LogOutputStream:75 - [STDERR_REDIRECT] [Fatal Error] :1:1: Premature end of file.
2026-09-15 03:02:35,024 [ERROR] LogOutputStream:75 - [STDERR_REDIRECT] 
2026-09-15 03:02:36,035 [ERROR] LogOutputStream:75 - [STDERR_REDIRECT] [Fatal Error] :1:1: Premature end of file.
2026-09-15 03:02:36,035 [ERROR] LogOutputStream:75 - [STDERR_REDIRECT] 
2026-09-15 03:02:37,027 [ERROR] LogOutputStream:75 - [STDERR_REDIRECT] [Fatal Error] :1:1: Premature end of file.
2026-09-15 03:02:37,027 [ERROR] LogOutputStream:75 - [STDERR_REDIRECT] 
2026-09-15 03:02:38,032 [ERROR] LogOutputStream:75 - [STDERR_REDIRECT] [Fatal Error] :1:1: Premature end of file.
2026-09-15 03:02:38,032 [ERROR] LogOutputStream:75 - [STDERR_REDIRECT] 
2026-09-15 03:02:39,033 [ERROR] LogOutputStream:75 - [STDERR_REDIRECT] [Fatal Error] :1:1: Premature end of file.
2026-09-15 03:02:39,033 [ERROR] LogOutputStream:75 - [STDERR_REDIRECT] 
2026-09-15 03:02:40,024 [ERROR] LogOutputStream:75 - [STDERR_REDIRECT] [Fatal Error] :1:1: Premature end of file.
2026-09-15 03:02:40,024 [ERROR] LogOutputStream:75 - [STDERR_REDIRECT] 
2026-09-15 03:02:41,024 [ERROR] LogOutputStream:75 - [STDERR_REDIRECT] [Fatal Error] :1:1: Premature end of file.
2026-09-15 03:02:41,024 [ERROR] LogOutputStream:75 - [STDERR_REDIRECT] 
2026-09-15 03:02:42,029 [ERROR] LogOutputStream:75 - [STDERR_REDIRECT] [Fatal Error] :1:1: Premature end of file.
2026-09-15 03:02:42,029 [ERROR] LogOutputStream:75 - [STDERR_REDIRECT] 
2026-09-15 03:02:43,037 [ERROR] LogOutputStream:75 - [STDERR_REDIRECT] [Fatal Error] :1:1: Premature end of file.
2026-09-15 03:02:43,037 [ERROR] LogOutputStream:75 - [STDERR_REDIRECT] 
2026-09-15 03:02:44,024 [ERROR] LogOutputStream:75 - [STDERR_REDIRECT] [Fatal Error] :1:1: Premature end of file.
2026-09-15 03:02:44,025 [ERROR] LogOutputStream:75 - [STDERR_REDIRECT] 
2026-09-15 03:02:45,020 [ERROR] LogOutputStream:75 - [STDERR_REDIRECT] [Fatal Error] :1:1: Premature end of file.
2026-09-15 03:02:45,020 [ERROR] LogOutputStream:75 - [STDERR_REDIRECT] 
2026-09-15 03:02:46,037 [ERROR] LogOutputStream:75 - [STDERR_REDIRECT] [Fatal Error] :1:1: Premature end of file.
2026-09-15 03:02:46,037 [ERROR] LogOutputStream:75 - [STDERR_REDIRECT] 
2026-09-15 03:02:47,024 [ERROR] LogOutputStream:75 - [STDERR_REDIRECT] [Fatal Error] :1:1: Premature end of file.
2026-09-15 03:02:47,024 [ERROR] LogOutputStream:75 - [STDERR_REDIRECT] 
2026-09-15 03:02:48,035 [ERROR] LogOutputStream:75 - [STDERR_REDIRECT] [Fatal Error] :1:1: Premature end of file.
2026-09-15 03:02:48,036 [ERROR] LogOutputStream:75 - [STDERR_REDIRECT] 
2026-09-15 03:02:49,017 [ERROR] LogOutputStream:75 - [STDERR_REDIRECT] [Fatal Error] :1:1: Premature end of file.
2026-09-15 03:02:49,017 [ERROR] LogOutputStream:75 - [STDERR_REDIRECT] 
2026-09-15 03:02:50,044 [ERROR] LogOutputStream:75 - [STDERR_REDIRECT] [Fatal Error] :1:1: Premature end of file.
2026-09-15 03:02:50,044 [ERROR] LogOutputStream:75 - [STDERR_REDIRECT] 
2026-09-15 03:02:51,034 [ERROR] LogOutputStream:75 - [STDERR_REDIRECT] [Fatal Error] :1:1: Premature end of file.
2026-09-15 03:02:51,034 [ERROR] LogOutputStream:75 - [STDERR_REDIRECT] 
2026-09-15 03:02:52,014 [ERROR] LogOutputStream:75 - [STDERR_REDIRECT] [Fatal Error] :1:1: Premature end of file.
2026-09-15 03:02:52,014 [ERROR] LogOutputStream:75 - [STDERR_REDIRECT] 
2026-09-15 03:02:53,034 [ERROR] LogOutputStream:75 - [STDERR_REDIRECT] [Fatal Error] :1:1: Premature end of file.
2026-09-15 03:02:53,034 [ERROR] LogOutputStream:75 - [STDERR_REDIRECT] 
2026-09-15 03:02:54,024 [ERROR] LogOutputStream:75 - [STDERR_REDIRECT] [Fatal Error] :1:1: Premature end of file.
2026-09-15 03:02:54,024 [ERROR] LogOutputStream:75 - [STDERR_REDIRECT] 
2026-09-15 03:02:55,026 [ERROR] LogOutputStream:75 - [STDERR_REDIRECT] [Fatal Error] :1:1: Premature end of file.
2026-09-15 03:02:55,026 [ERROR] LogOutputStream:75 - [STDERR_REDIRECT] 
2026-09-15 03:02:56,014 [ERROR] LogOutputStream:75 - [STDERR_REDIRECT] [Fatal Error] :1:1: Premature end of file.
2026-09-15 03:02:56,024 [ERROR] LogOutputStream:75 - [STDERR_REDIRECT] 
2026-09-15 03:02:57,035 [ERROR] LogOutputStream:75 - [STDERR_REDIRECT] [Fatal Error] :1:1: Premature end of file.
2026-09-15 03:02:57,035 [ERROR] LogOutputStream:75 - [STDERR_REDIRECT] 
2026-09-15 03:02:58,014 [ERROR] LogOutputStream:75 - [STDERR_REDIRECT] [Fatal Error] :1:1: Premature end of file.
2026-09-15 03:02:58,014 [ERROR] LogOutputStream:75 - [STDERR_REDIRECT] 
2026-09-15 03:02:59,024 [ERROR] LogOutputStream:75 - [STDERR_REDIRECT] [Fatal Error] :1:1: Premature end of file.
2026-09-15 03:02:59,024 [ERROR] LogOutputStream:75 - [STDERR_REDIRECT] 
2026-09-15 03:03:00,035 [ERROR] LogOutputStream:75 - [STDERR_REDIRECT] [Fatal Error] :1:1: Premature end of file.
2026-09-15 03:03:00,039 [ERROR] LogOutputStream:75 - [STDERR_REDIRECT] 
2026-09-15 03:03:01,024 [ERROR] LogOutputStream:75 - [STDERR_REDIRECT] [Fatal Error] :1:1: Premature end of file.
2026-09-15 03:03:01,024 [ERROR] LogOutputStream:75 - [STDERR_REDIRECT] 
2026-09-15 03:03:02,034 [ERROR] LogOutputStream:75 - [STDERR_REDIRECT] [Fatal Error] :1:1: Premature end of file.
2026-09-15 03:03:02,034 [ERROR] LogOutputStream:75 - [STDERR_REDIRECT] 
2026-09-15 03:03:03,034 [ERROR] LogOutputStream:75 - [STDERR_REDIRECT] [Fatal Error] :1:1: Premature end of file.
2026-09-15 03:03:03,034 [ERROR] LogOutputStream:75 - [STDERR_REDIRECT] 
2026-09-15 03:03:04,034 [ERROR] LogOutputStream:75 - [STDERR_REDIRECT] [Fatal Error] :1:1: Premature end of file.
2026-09-15 03:03:04,034 [ERROR] LogOutputStream:75 - [STDERR_REDIRECT] 
2026-09-15 03:03:05,024 [ERROR] LogOutputStream:75 - [STDERR_REDIRECT] [Fatal Error] :1:1: Premature end of file.
2026-09-15 03:03:05,024 [ERROR] LogOutputStream:75 - [STDERR_REDIRECT] 
2026-09-15 03:03:06,035 [ERROR] LogOutputStream:75 - [STDERR_REDIRECT] [Fatal Error] :1:1: Premature end of file.
2026-09-15 03:03:06,035 [ERROR] LogOutputStream:75 - [STDERR_REDIRECT] 
2026-09-15 03:03:07,040 [ERROR] LogOutputStream:75 - [STDERR_REDIRECT] [Fatal Error] :1:1: Premature end of file.
2026-09-15 03:03:07,040 [ERROR] LogOutputStream:75 - [STDERR_REDIRECT] 
2026-09-15 03:03:08,029 [ERROR] LogOutputStream:75 - [STDERR_REDIRECT] [Fatal Error] :1:1: Premature end of file.
2026-09-15 03:03:08,029 [ERROR] LogOutputStream:75 - [STDERR_REDIRECT] 
2026-09-15 03:03:09,024 [ERROR] LogOutputStream:75 - [STDERR_REDIRECT] [Fatal Error] :1:1: Premature end of file.
2026-09-15 03:03:09,024 [ERROR] LogOutputStream:75 - [STDERR_REDIRECT] 
2026-09-15 03:03:10,024 [ERROR] LogOutputStream:75 - [STDERR_REDIRECT] [Fatal Error] :1:1: Premature end of file.
2026-09-15 03:03:10,024 [ERROR] LogOutputStream:75 - [STDERR_REDIRECT] 
2026-09-15 03:03:11,024 [ERROR] LogOutputStream:75 - [STDERR_REDIRECT] [Fatal Error] :1:1: Premature end of file.
2026-09-15 03:03:11,024 [ERROR] LogOutputStream:75 - [STDERR_REDIRECT] 
2026-09-15 03:03:12,034 [ERROR] LogOutputStream:75 - [STDERR_REDIRECT] [Fatal Error] :1:1: Premature end of file.
2026-09-15 03:03:12,034 [ERROR] LogOutputStream:75 - [STDERR_REDIRECT] 
2026-09-15 03:03:13,015 [ERROR] LogOutputStream:75 - [STDERR_REDIRECT] [Fatal Error] :1:1: Premature end of file.
2026-09-15 03:03:13,015 [ERROR] LogOutputStream:75 - [STDERR_REDIRECT] 
2026-09-15 03:03:14,024 [ERROR] LogOutputStream:75 - [STDERR_REDIRECT] [Fatal Error] :1:1: Premature end of file.
2026-09-15 03:03:14,024 [ERROR] LogOutputStream:75 - [STDERR_REDIRECT] 
2026-09-15 03:03:15,014 [ERROR] LogOutputStream:75 - [STDERR_REDIRECT] [Fatal Error] :1:1: Premature end of file.
2026-09-15 03:03:15,014 [ERROR] LogOutputStream:75 - [STDERR_REDIRECT] 
2026-09-15 03:03:16,026 [ERROR] LogOutputStream:75 - [STDERR_REDIRECT] [Fatal Error] :1:1: Premature end of file.
2026-09-15 03:03:16,026 [ERROR] LogOutputStream:75 - [STDERR_REDIRECT] 
2026-09-15 03:03:17,024 [ERROR] LogOutputStream:75 - [STDERR_REDIRECT] [Fatal Error] :1:1: Premature end of file.
2026-09-15 03:03:17,024 [ERROR] LogOutputStream:75 - [STDERR_REDIRECT] 
2026-09-15 03:03:18,014 [ERROR] LogOutputStream:75 - [STDERR_REDIRECT] [Fatal Error] :1:1: Premature end of file.
2026-09-15 03:03:18,014 [ERROR] LogOutputStream:75 - [STDERR_REDIRECT] 
2026-09-15 03:03:19,025 [ERROR] LogOutputStream:75 - [STDERR_REDIRECT] [Fatal Error] :1:1: Premature end of file.
2026-09-15 03:03:19,025 [ERROR] LogOutputStream:75 - [STDERR_REDIRECT] 
2026-09-15 03:03:20,029 [ERROR] LogOutputStream:75 - [STDERR_REDIRECT] [Fatal Error] :1:1: Premature end of file.
2026-09-15 03:03:20,034 [ERROR] LogOutputStream:75 - [STDERR_REDIRECT] 
2026-09-15 03:03:21,035 [ERROR] LogOutputStream:75 - [STDERR_REDIRECT] [Fatal Error] :1:1: Premature end of file.
2026-09-15 03:03:21,035 [ERROR] LogOutputStream:75 - [STDERR_REDIRECT] 
2026-09-15 03:03:22,019 [ERROR] LogOutputStream:75 - [STDERR_REDIRECT] [Fatal Error] :1:1: Premature end of file.
2026-09-15 03:03:22,019 [ERROR] LogOutputStream:75 - [STDERR_REDIRECT] 
2026-09-15 03:03:23,035 [ERROR] LogOutputStream:75 - [STDERR_REDIRECT] [Fatal Error] :1:1: Premature end of file.
2026-09-15 03:03:23,035 [ERROR] LogOutputStream:75 - [STDERR_REDIRECT] 
2026-09-15 03:03:24,037 [ERROR] LogOutputStream:75 - [STDERR_REDIRECT] [Fatal Error] :1:1: Premature end of file.
2026-09-15 03:03:24,037 [ERROR] LogOutputStream:75 - [STDERR_REDIRECT] 
2026-09-15 03:03:25,030 [ERROR] LogOutputStream:75 - [STDERR_REDIRECT] [Fatal Error] :1:1: Premature end of file.
2026-09-15 03:03:25,034 [ERROR] LogOutputStream:75 - [STDERR_REDIRECT] 
2026-09-15 03:03:26,015 [ERROR] LogOutputStream:75 - [STDERR_REDIRECT] [Fatal Error] :1:1: Premature end of file.
2026-09-15 03:03:26,015 [ERROR] LogOutputStream:75 - [STDERR_REDIRECT] 
2026-09-15 03:03:27,025 [ERROR] LogOutputStream:75 - [STDERR_REDIRECT] [Fatal Error] :1:1: Premature end of file.
2026-09-15 03:03:27,025 [ERROR] LogOutputStream:75 - [STDERR_REDIRECT] 
2026-09-15 03:03:28,035 [ERROR] LogOutputStream:75 - [STDERR_REDIRECT] [Fatal Error] :1:1: Premature end of file.
2026-09-15 03:03:28,035 [ERROR] LogOutputStream:75 - [STDERR_REDIRECT] 
2026-09-15 03:03:29,042 [ERROR] LogOutputStream:75 - [STDERR_REDIRECT] [Fatal Error] :1:1: Premature end of file.
2026-09-15 03:03:29,042 [ERROR] LogOutputStream:75 - [STDERR_REDIRECT] 
2026-09-15 03:03:30,041 [ERROR] LogOutputStream:75 - [STDERR_REDIRECT] [Fatal Error] :1:1: Premature end of file.
2026-09-15 03:03:30,041 [ERROR] LogOutputStream:75 - [STDERR_REDIRECT] 
2026-09-15 03:03:31,028 [ERROR] LogOutputStream:75 - [STDERR_REDIRECT] [Fatal Error] :1:1: Premature end of file.
2026-09-15 03:03:31,035 [ERROR] LogOutputStream:75 - [STDERR_REDIRECT] 
2026-09-15 03:03:32,037 [ERROR] LogOutputStream:75 - [STDERR_REDIRECT] [Fatal Error] :1:1: Premature end of file.
2026-09-15 03:03:32,037 [ERROR] LogOutputStream:75 - [STDERR_REDIRECT] 
2026-09-15 03:03:33,049 [ERROR] LogOutputStream:75 - [STDERR_REDIRECT] [Fatal Error] :1:1: Premature end of file.
2026-09-15 03:03:33,049 [ERROR] LogOutputStream:75 - [STDERR_REDIRECT] 
2026-09-15 03:03:34,035 [ERROR] LogOutputStream:75 - [STDERR_REDIRECT] [Fatal Error] :1:1: Premature end of file.
2026-09-15 03:03:34,035 [ERROR] LogOutputStream:75 - [STDERR_REDIRECT] 
2026-09-15 03:03:35,025 [ERROR] LogOutputStream:75 - [STDERR_REDIRECT] [Fatal Error] :1:1: Premature end of file.
2026-09-15 03:03:35,025 [ERROR] LogOutputStream:75 - [STDERR_REDIRECT] 
2026-09-15 03:03:36,025 [ERROR] LogOutputStream:75 - [STDERR_REDIRECT] [Fatal Error] :1:1: Premature end of file.
2026-09-15 03:03:36,025 [ERROR] LogOutputStream:75 - [STDERR_REDIRECT] 
2026-09-15 03:03:37,015 [ERROR] LogOutputStream:75 - [STDERR_REDIRECT] [Fatal Error] :1:1: Premature end of file.
2026-09-15 03:03:37,015 [ERROR] LogOutputStream:75 - [STDERR_REDIRECT] 
2026-09-15 03:03:38,035 [ERROR] LogOutputStream:75 - [STDERR_REDIRECT] [Fatal Error] :1:1: Premature end of file.
2026-09-15 03:03:38,035 [ERROR] LogOutputStream:75 - [STDERR_REDIRECT] 
2026-09-15 03:03:39,025 [ERROR] LogOutputStream:75 - [STDERR_REDIRECT] [Fatal Error] :1:1: Premature end of file.
2026-09-15 03:03:39,025 [ERROR] LogOutputStream:75 - [STDERR_REDIRECT] 
2026-09-15 03:03:40,025 [ERROR] LogOutputStream:75 - [STDERR_REDIRECT] [Fatal Error] :1:1: Premature end of file.
2026-09-15 03:03:40,025 [ERROR] LogOutputStream:75 - [STDERR_REDIRECT] 
2026-09-15 03:03:41,045 [ERROR] LogOutputStream:75 - [STDERR_REDIRECT] [Fatal Error] :1:1: Premature end of file.
2026-09-15 03:03:41,045 [ERROR] LogOutputStream:75 - [STDERR_REDIRECT] 
2026-09-15 03:03:42,035 [ERROR] LogOutputStream:75 - [STDERR_REDIRECT] [Fatal Error] :1:1: Premature end of file.
2026-09-15 03:03:42,035 [ERROR] LogOutputStream:75 - [STDERR_REDIRECT] 
2026-09-15 03:03:43,035 [ERROR] LogOutputStream:75 - [STDERR_REDIRECT] [Fatal Error] :1:1: Premature end of file.
2026-09-15 03:03:43,035 [ERROR] LogOutputStream:75 - [STDERR_REDIRECT] 
2026-09-15 03:03:44,033 [ERROR] LogOutputStream:75 - [STDERR_REDIRECT] [Fatal Error] :1:1: Premature end of file.
2026-09-15 03:03:44,033 [ERROR] LogOutputStream:75 - [STDERR_REDIRECT] 
2026-09-15 03:03:45,030 [ERROR] LogOutputStream:75 - [STDERR_REDIRECT] [Fatal Error] :1:1: Premature end of file.
2026-09-15 03:03:45,032 [ERROR] LogOutputStream:75 - [STDERR_REDIRECT] 
2026-09-15 03:03:46,045 [ERROR] LogOutputStream:75 - [STDERR_REDIRECT] [Fatal Error] :1:1: Premature end of file.
2026-09-15 03:03:46,045 [ERROR] LogOutputStream:75 - [STDERR_REDIRECT] 
2026-09-15 03:03:47,038 [ERROR] LogOutputStream:75 - [STDERR_REDIRECT] [Fatal Error] :1:1: Premature end of file.
2026-09-15 03:03:47,038 [ERROR] LogOutputStream:75 - [STDERR_REDIRECT] 
2026-09-15 03:03:48,037 [ERROR] LogOutputStream:75 - [STDERR_REDIRECT] [Fatal Error] :1:1: Premature end of file.
2026-09-15 03:03:48,037 [ERROR] LogOutputStream:75 - [STDERR_REDIRECT] 
2026-09-15 03:03:49,029 [ERROR] LogOutputStream:75 - [STDERR_REDIRECT] [Fatal Error] :1:1: Premature end of file.
2026-09-15 03:03:49,029 [ERROR] LogOutputStream:75 - [STDERR_REDIRECT] 
2026-09-15 03:03:50,036 [ERROR] LogOutputStream:75 - [STDERR_REDIRECT] [Fatal Error] :1:1: Premature end of file.
2026-09-15 03:03:50,036 [ERROR] LogOutputStream:75 - [STDERR_REDIRECT] 
2026-09-15 03:03:51,047 [ERROR] LogOutputStream:75 - [STDERR_REDIRECT] [Fatal Error] :1:1: Premature end of file.
2026-09-15 03:03:51,047 [ERROR] LogOutputStream:75 - [STDERR_REDIRECT] 
2026-09-15 03:03:52,022 [ERROR] LogOutputStream:75 - [STDERR_REDIRECT] [Fatal Error] :1:1: Premature end of file.
2026-09-15 03:03:52,022 [ERROR] LogOutputStream:75 - [STDERR_REDIRECT] 
2026-09-15 03:03:53,036 [ERROR] LogOutputStream:75 - [STDERR_REDIRECT] [Fatal Error] :1:1: Premature end of file.
2026-09-15 03:03:53,036 [ERROR] LogOutputStream:75 - [STDERR_REDIRECT] 
2026-09-15 03:03:54,027 [ERROR] LogOutputStream:75 - [STDERR_REDIRECT] [Fatal Error] :1:1: Premature end of file.
2026-09-15 03:03:54,027 [ERROR] LogOutputStream:75 - [STDERR_REDIRECT] 
2026-09-15 03:03:55,037 [ERROR] LogOutputStream:75 - [STDERR_REDIRECT] [Fatal Error] :1:1: Premature end of file.
2026-09-15 03:03:55,037 [ERROR] LogOutputStream:75 - [STDERR_REDIRECT] 
2026-09-15 03:03:56,036 [ERROR] LogOutputStream:75 - [STDERR_REDIRECT] [Fatal Error] :1:1: Premature end of file.
2026-09-15 03:03:56,036 [ERROR] LogOutputStream:75 - [STDERR_REDIRECT] 
2026-09-15 03:03:57,031 [ERROR] LogOutputStream:75 - [STDERR_REDIRECT] [Fatal Error] :1:1: Premature end of file.
2026-09-15 03:03:57,031 [ERROR] LogOutputStream:75 - [STDERR_REDIRECT] 
2026-09-15 03:03:58,040 [ERROR] LogOutputStream:75 - [STDERR_REDIRECT] [Fatal Error] :1:1: Premature end of file.
2026-09-15 03:03:58,042 [ERROR] LogOutputStream:75 - [STDERR_REDIRECT] 
2026-09-15 03:03:59,042 [ERROR] LogOutputStream:75 - [STDERR_REDIRECT] [Fatal Error] :1:1: Premature end of file.
2026-09-15 03:03:59,042 [ERROR] LogOutputStream:75 - [STDERR_REDIRECT] 
2026-09-15 03:04:00,039 [ERROR] LogOutputStream:75 - [STDERR_REDIRECT] [Fatal Error] :1:1: Premature end of file.
2026-09-15 03:04:00,039 [ERROR] LogOutputStream:75 - [STDERR_REDIRECT] 
2026-09-15 03:04:01,025 [ERROR] LogOutputStream:75 - [STDERR_REDIRECT] [Fatal Error] :1:1: Premature end of file.
2026-09-15 03:04:01,025 [ERROR] LogOutputStream:75 - [STDERR_REDIRECT] 
2026-09-15 03:04:02,026 [ERROR] LogOutputStream:75 - [STDERR_REDIRECT] [Fatal Error] :1:1: Premature end of file.
2026-09-15 03:04:02,026 [ERROR] LogOutputStream:75 - [STDERR_REDIRECT] 
2026-09-15 03:04:03,026 [ERROR] LogOutputStream:75 - [STDERR_REDIRECT] [Fatal Error] :1:1: Premature end of file.
2026-09-15 03:04:03,026 [ERROR] LogOutputStream:75 - [STDERR_REDIRECT] 
2026-09-15 03:04:04,036 [ERROR] LogOutputStream:75 - [STDERR_REDIRECT] [Fatal Error] :1:1: Premature end of file.
2026-09-15 03:04:04,039 [ERROR] LogOutputStream:75 - [STDERR_REDIRECT] 
2026-09-15 03:04:05,039 [ERROR] LogOutputStream:75 - [STDERR_REDIRECT] [Fatal Error] :1:1: Premature end of file.
2026-09-15 03:04:05,039 [ERROR] LogOutputStream:75 - [STDERR_REDIRECT] 
2026-09-15 03:04:06,027 [ERROR] LogOutputStream:75 - [STDERR_REDIRECT] [Fatal Error] :1:1: Premature end of file.
2026-09-15 03:04:06,027 [ERROR] LogOutputStream:75 - [STDERR_REDIRECT] 
2026-09-15 03:04:07,031 [ERROR] LogOutputStream:75 - [STDERR_REDIRECT] [Fatal Error] :1:1: Premature end of file.
2026-09-15 03:04:07,031 [ERROR] LogOutputStream:75 - [STDERR_REDIRECT] 
2026-09-15 03:04:08,036 [ERROR] LogOutputStream:75 - [STDERR_REDIRECT] [Fatal Error] :1:1: Premature end of file.
2026-09-15 03:04:08,038 [ERROR] LogOutputStream:75 - [STDERR_REDIRECT] 
2026-09-15 03:04:09,038 [ERROR] LogOutputStream:75 - [STDERR_REDIRECT] [Fatal Error] :1:1: Premature end of file.
2026-09-15 03:04:09,038 [ERROR] LogOutputStream:75 - [STDERR_REDIRECT] 
2026-09-15 03:04:10,026 [ERROR] LogOutputStream:75 - [STDERR_REDIRECT] [Fatal Error] :1:1: Premature end of file.
2026-09-15 03:04:10,026 [ERROR] LogOutputStream:75 - [STDERR_REDIRECT] 
2026-09-15 03:04:11,016 [ERROR] LogOutputStream:75 - [STDERR_REDIRECT] [Fatal Error] :1:1: Premature end of file.
2026-09-15 03:04:11,016 [ERROR] LogOutputStream:75 - [STDERR_REDIRECT] 
2026-09-15 03:04:12,026 [ERROR] LogOutputStream:75 - [STDERR_REDIRECT] [Fatal Error] :1:1: Premature end of file.
2026-09-15 03:04:12,026 [ERROR] LogOutputStream:75 - [STDERR_REDIRECT] 
2026-09-15 03:04:13,026 [ERROR] LogOutputStream:75 - [STDERR_REDIRECT] [Fatal Error] :1:1: Premature end of file.
2026-09-15 03:04:13,026 [ERROR] LogOutputStream:75 - [STDERR_REDIRECT] 
2026-09-15 03:04:14,019 [ERROR] LogOutputStream:75 - [STDERR_REDIRECT] [Fatal Error] :1:1: Premature end of file.
2026-09-15 03:04:14,019 [ERROR] LogOutputStream:75 - [STDERR_REDIRECT] 
2026-09-15 03:04:15,076 [ERROR] LogOutputStream:75 - [STDERR_REDIRECT] [Fatal Error] :1:1: Premature end of file.
2026-09-15 03:04:15,076 [ERROR] LogOutputStream:75 - [STDERR_REDIRECT] 
2026-09-15 03:04:16,036 [ERROR] LogOutputStream:75 - [STDERR_REDIRECT] [Fatal Error] :1:1: Premature end of file.
2026-09-15 03:04:16,036 [ERROR] LogOutputStream:75 - [STDERR_REDIRECT] 
2026-09-15 03:04:17,036 [ERROR] LogOutputStream:75 - [STDERR_REDIRECT] [Fatal Error] :1:1: Premature end of file.
2026-09-15 03:04:17,036 [ERROR] LogOutputStream:75 - [STDERR_REDIRECT] 
2026-09-15 03:04:18,026 [ERROR] LogOutputStream:75 - [STDERR_REDIRECT] [Fatal Error] :1:1: Premature end of file.
2026-09-15 03:04:18,026 [ERROR] LogOutputStream:75 - [STDERR_REDIRECT] 
2026-09-15 03:04:19,058 [ERROR] LogOutputStream:75 - [STDERR_REDIRECT] [Fatal Error] :1:1: Premature end of file.
2026-09-15 03:04:19,058 [ERROR] LogOutputStream:75 - [STDERR_REDIRECT] 
2026-09-15 03:04:20,036 [ERROR] LogOutputStream:75 - [STDERR_REDIRECT] [Fatal Error] :1:1: Premature end of file.
2026-09-15 03:04:20,036 [ERROR] LogOutputStream:75 - [STDERR_REDIRECT] 
2026-09-15 03:04:21,031 [ERROR] LogOutputStream:75 - [STDERR_REDIRECT] [Fatal Error] :1:1: Premature end of file.
2026-09-15 03:04:21,031 [ERROR] LogOutputStream:75 - [STDERR_REDIRECT] 
2026-09-15 03:04:22,021 [ERROR] LogOutputStream:75 - [STDERR_REDIRECT] [Fatal Error] :1:1: Premature end of file.
2026-09-15 03:04:22,021 [ERROR] LogOutputStream:75 - [STDERR_REDIRECT] 
2026-09-15 03:04:23,033 [ERROR] LogOutputStream:75 - [STDERR_REDIRECT] [Fatal Error] :1:1: Premature end of file.
2026-09-15 03:04:23,033 [ERROR] LogOutputStream:75 - [STDERR_REDIRECT] 
2026-09-15 03:04:24,026 [ERROR] LogOutputStream:75 - [STDERR_REDIRECT] [Fatal Error] :1:1: Premature end of file.
2026-09-15 03:04:24,026 [ERROR] LogOutputStream:75 - [STDERR_REDIRECT] 
2026-09-15 03:04:25,026 [ERROR] LogOutputStream:75 - [STDERR_REDIRECT] [Fatal Error] :1:1: Premature end of file.
2026-09-15 03:04:25,026 [ERROR] LogOutputStream:75 - [STDERR_REDIRECT] 
2026-09-15 03:04:26,038 [ERROR] LogOutputStream:75 - [STDERR_REDIRECT] [Fatal Error] :1:1: Premature end of file.
2026-09-15 03:04:26,038 [ERROR] LogOutputStream:75 - [STDERR_REDIRECT] 
2026-09-15 03:04:27,026 [ERROR] LogOutputStream:75 - [STDERR_REDIRECT] [Fatal Error] :1:1: Premature end of file.
2026-09-15 03:04:27,028 [ERROR] LogOutputStream:75 - [STDERR_REDIRECT] 
2026-09-15 03:04:28,021 [ERROR] LogOutputStream:75 - [STDERR_REDIRECT] [Fatal Error] :1:1: Premature end of file.
2026-09-15 03:04:28,021 [ERROR] LogOutputStream:75 - [STDERR_REDIRECT] 
2026-09-15 03:04:29,027 [ERROR] LogOutputStream:75 - [STDERR_REDIRECT] [Fatal Error] :1:1: Premature end of file.
2026-09-15 03:04:29,027 [ERROR] LogOutputStream:75 - [STDERR_REDIRECT] 
2026-09-15 03:04:30,033 [ERROR] LogOutputStream:75 - [STDERR_REDIRECT] [Fatal Error] :1:1: Premature end of file.
2026-09-15 03:04:30,033 [ERROR] LogOutputStream:75 - [STDERR_REDIRECT] 
2026-09-15 03:04:31,026 [ERROR] LogOutputStream:75 - [STDERR_REDIRECT] [Fatal Error] :1:1: Premature end of file.
2026-09-15 03:04:31,026 [ERROR] LogOutputStream:75 - [STDERR_REDIRECT] 
2026-09-15 03:04:32,026 [ERROR] LogOutputStream:75 - [STDERR_REDIRECT] [Fatal Error] :1:1: Premature end of file.
2026-09-15 03:04:32,026 [ERROR] LogOutputStream:75 - [STDERR_REDIRECT] 
2026-09-15 03:04:33,031 [ERROR] LogOutputStream:75 - [STDERR_REDIRECT] [Fatal Error] :1:1: Premature end of file.
2026-09-15 03:04:33,031 [ERROR] LogOutputStream:75 - [STDERR_REDIRECT] 
2026-09-15 03:04:34,016 [ERROR] LogOutputStream:75 - [STDERR_REDIRECT] [Fatal Error] :1:1: Premature end of file.
2026-09-15 03:04:34,016 [ERROR] LogOutputStream:75 - [STDERR_REDIRECT] 
2026-09-15 03:04:35,018 [ERROR] LogOutputStream:75 - [STDERR_REDIRECT] [Fatal Error] :1:1: Premature end of file.
2026-09-15 03:04:35,018 [ERROR] LogOutputStream:75 - [STDERR_REDIRECT] 
2026-09-15 03:04:36,022 [ERROR] LogOutputStream:75 - [STDERR_REDIRECT] [Fatal Error] :1:1: Premature end of file.
2026-09-15 03:04:36,022 [ERROR] LogOutputStream:75 - [STDERR_REDIRECT] 
2026-09-15 03:04:37,032 [ERROR] LogOutputStream:75 - [STDERR_REDIRECT] [Fatal Error] :1:1: Premature end of file.
2026-09-15 03:04:37,032 [ERROR] LogOutputStream:75 - [STDERR_REDIRECT] 
2026-09-15 03:04:38,026 [ERROR] LogOutputStream:75 - [STDERR_REDIRECT] [Fatal Error] :1:1: Premature end of file.
2026-09-15 03:04:38,026 [ERROR] LogOutputStream:75 - [STDERR_REDIRECT] 
2026-09-15 03:04:39,032 [ERROR] LogOutputStream:75 - [STDERR_REDIRECT] [Fatal Error] :1:1: Premature end of file.
2026-09-15 03:04:39,032 [ERROR] LogOutputStream:75 - [STDERR_REDIRECT] 
2026-09-15 03:04:40,017 [ERROR] LogOutputStream:75 - [STDERR_REDIRECT] [Fatal Error] :1:1: Premature end of file.
2026-09-15 03:04:40,017 [ERROR] LogOutputStream:75 - [STDERR_REDIRECT] 
2026-09-15 03:04:41,017 [ERROR] LogOutputStream:75 - [STDERR_REDIRECT] [Fatal Error] :1:1: Premature end of file.
2026-09-15 03:04:41,017 [ERROR] LogOutputStream:75 - [STDERR_REDIRECT] 
2026-09-15 03:04:42,027 [ERROR] LogOutputStream:75 - [STDERR_REDIRECT] [Fatal Error] :1:1: Premature end of file.
2026-09-15 03:04:42,027 [ERROR] LogOutputStream:75 - [STDERR_REDIRECT] 
2026-09-15 03:04:43,036 [ERROR] LogOutputStream:75 - [STDERR_REDIRECT] [Fatal Error] :1:1: Premature end of file.
2026-09-15 03:04:43,036 [ERROR] LogOutputStream:75 - [STDERR_REDIRECT] 
2026-09-15 03:04:44,032 [ERROR] LogOutputStream:75 - [STDERR_REDIRECT] [Fatal Error] :1:1: Premature end of file.
2026-09-15 03:04:44,032 [ERROR] LogOutputStream:75 - [STDERR_REDIRECT] 
2026-09-15 03:04:45,023 [ERROR] LogOutputStream:75 - [STDERR_REDIRECT] [Fatal Error] :1:1: Premature end of file.
2026-09-15 03:04:45,023 [ERROR] LogOutputStream:75 - [STDERR_REDIRECT] 
2026-09-15 03:04:46,026 [ERROR] LogOutputStream:75 - [STDERR_REDIRECT] [Fatal Error] :1:1: Premature end of file.
2026-09-15 03:04:46,026 [ERROR] LogOutputStream:75 - [STDERR_REDIRECT] 
2026-09-15 03:04:47,027 [ERROR] LogOutputStream:75 - [STDERR_REDIRECT] [Fatal Error] :1:1: Premature end of file.
2026-09-15 03:04:47,027 [ERROR] LogOutputStream:75 - [STDERR_REDIRECT] 
2026-09-15 03:04:48,017 [ERROR] LogOutputStream:75 - [STDERR_REDIRECT] [Fatal Error] :1:1: Premature end of file.
2026-09-15 03:04:48,017 [ERROR] LogOutputStream:75 - [STDERR_REDIRECT] 
2026-09-15 03:04:49,027 [ERROR] LogOutputStream:75 - [STDERR_REDIRECT] [Fatal Error] :1:1: Premature end of file.
2026-09-15 03:04:49,027 [ERROR] LogOutputStream:75 - [STDERR_REDIRECT] 
2026-09-15 03:04:50,027 [ERROR] LogOutputStream:75 - [STDERR_REDIRECT] [Fatal Error] :1:1: Premature end of file.
2026-09-15 03:04:50,027 [ERROR] LogOutputStream:75 - [STDERR_REDIRECT] 
2026-09-15 03:04:51,017 [ERROR] LogOutputStream:75 - [STDERR_REDIRECT] [Fatal Error] :1:1: Premature end of file.
2026-09-15 03:04:51,017 [ERROR] LogOutputStream:75 - [STDERR_REDIRECT] 
2026-09-15 03:04:52,027 [ERROR] LogOutputStream:75 - [STDERR_REDIRECT] [Fatal Error] :1:1: Premature end of file.
2026-09-15 03:04:52,027 [ERROR] LogOutputStream:75 - [STDERR_REDIRECT] 
2026-09-15 03:04:53,027 [ERROR] LogOutputStream:75 - [STDERR_REDIRECT] [Fatal Error] :1:1: Premature end of file.
2026-09-15 03:04:53,027 [ERROR] LogOutputStream:75 - [STDERR_REDIRECT] 
2026-09-15 03:04:54,027 [ERROR] LogOutputStream:75 - [STDERR_REDIRECT] [Fatal Error] :1:1: Premature end of file.
2026-09-15 03:04:54,027 [ERROR] LogOutputStream:75 - [STDERR_REDIRECT] 
2026-09-15 03:04:55,032 [ERROR] LogOutputStream:75 - [STDERR_REDIRECT] [Fatal Error] :1:1: Premature end of file.
2026-09-15 03:04:55,037 [ERROR] LogOutputStream:75 - [STDERR_REDIRECT] 
2026-09-15 03:04:56,027 [ERROR] LogOutputStream:75 - [STDERR_REDIRECT] [Fatal Error] :1:1: Premature end of file.
2026-09-15 03:04:56,027 [ERROR] LogOutputStream:75 - [STDERR_REDIRECT] 
2026-09-15 03:04:57,017 [ERROR] LogOutputStream:75 - [STDERR_REDIRECT] [Fatal Error] :1:1: Premature end of file.
2026-09-15 03:04:57,017 [ERROR] LogOutputStream:75 - [STDERR_REDIRECT] 
2026-09-15 03:04:58,027 [ERROR] LogOutputStream:75 - [STDERR_REDIRECT] [Fatal Error] :1:1: Premature end of file.
2026-09-15 03:04:58,027 [ERROR] LogOutputStream:75 - [STDERR_REDIRECT] 
2026-09-15 03:04:59,027 [ERROR] LogOutputStream:75 - [STDERR_REDIRECT] [Fatal Error] :1:1: Premature end of file.
2026-09-15 03:04:59,027 [ERROR] LogOutputStream:75 - [STDERR_REDIRECT] 
2026-09-15 03:05:00,040 [ERROR] LogOutputStream:75 - [STDERR_REDIRECT] [Fatal Error] :1:1: Premature end of file.
2026-09-15 03:05:00,040 [ERROR] LogOutputStream:75 - [STDERR_REDIRECT] 
2026-09-15 03:05:01,017 [ERROR] LogOutputStream:75 - [STDERR_REDIRECT] [Fatal Error] :1:1: Premature end of file.
2026-09-15 03:05:01,017 [ERROR] LogOutputStream:75 - [STDERR_REDIRECT] 
2026-09-15 03:05:02,027 [ERROR] LogOutputStream:75 - [STDERR_REDIRECT] [Fatal Error] :1:1: Premature end of file.
2026-09-15 03:05:02,027 [ERROR] LogOutputStream:75 - [STDERR_REDIRECT] 
2026-09-15 03:05:03,027 [ERROR] LogOutputStream:75 - [STDERR_REDIRECT] [Fatal Error] :1:1: Premature end of file.
2026-09-15 03:05:03,027 [ERROR] LogOutputStream:75 - [STDERR_REDIRECT] 
2026-09-15 03:05:04,017 [ERROR] LogOutputStream:75 - [STDERR_REDIRECT] [Fatal Error] :1:1: Premature end of file.
2026-09-15 03:05:04,017 [ERROR] LogOutputStream:75 - [STDERR_REDIRECT] 
2026-09-15 03:05:05,027 [ERROR] LogOutputStream:75 - [STDERR_REDIRECT] [Fatal Error] :1:1: Premature end of file.
2026-09-15 03:05:05,027 [ERROR] LogOutputStream:75 - [STDERR_REDIRECT] 
2026-09-15 03:05:06,027 [ERROR] LogOutputStream:75 - [STDERR_REDIRECT] [Fatal Error] :1:1: Premature end of file.
2026-09-15 03:05:06,027 [ERROR] LogOutputStream:75 - [STDERR_REDIRECT] 
2026-09-15 03:05:07,017 [ERROR] LogOutputStream:75 - [STDERR_REDIRECT] [Fatal Error] :1:1: Premature end of file.
2026-09-15 03:05:07,017 [ERROR] LogOutputStream:75 - [STDERR_REDIRECT] 
2026-09-15 03:05:08,027 [ERROR] LogOutputStream:75 - [STDERR_REDIRECT] [Fatal Error] :1:1: Premature end of file.
2026-09-15 03:05:08,027 [ERROR] LogOutputStream:75 - [STDERR_REDIRECT] 
2026-09-15 03:05:09,032 [ERROR] LogOutputStream:75 - [STDERR_REDIRECT] [Fatal Error] :1:1: Premature end of file.
2026-09-15 03:05:09,032 [ERROR] LogOutputStream:75 - [STDERR_REDIRECT] 
2026-09-15 03:05:10,027 [ERROR] LogOutputStream:75 - [STDERR_REDIRECT] [Fatal Error] :1:1: Premature end of file.
2026-09-15 03:05:10,027 [ERROR] LogOutputStream:75 - [STDERR_REDIRECT] 
2026-09-15 03:05:11,018 [ERROR] LogOutputStream:75 - [STDERR_REDIRECT] [Fatal Error] :1:1: Premature end of file.
2026-09-15 03:05:11,018 [ERROR] LogOutputStream:75 - [STDERR_REDIRECT] 
2026-09-15 03:05:12,020 [ERROR] LogOutputStream:75 - [STDERR_REDIRECT] [Fatal Error] :1:1: Premature end of file.
2026-09-15 03:05:12,020 [ERROR] LogOutputStream:75 - [STDERR_REDIRECT] 
2026-09-15 03:05:13,017 [ERROR] LogOutputStream:75 - [STDERR_REDIRECT] [Fatal Error] :1:1: Premature end of file.
2026-09-15 03:05:13,017 [ERROR] LogOutputStream:75 - [STDERR_REDIRECT] 
2026-09-15 03:05:14,027 [ERROR] LogOutputStream:75 - [STDERR_REDIRECT] [Fatal Error] :1:1: Premature end of file.
2026-09-15 03:05:14,027 [ERROR] LogOutputStream:75 - [STDERR_REDIRECT] 
2026-09-15 03:05:15,030 [ERROR] LogOutputStream:75 - [STDERR_REDIRECT] [Fatal Error] :1:1: Premature end of file.
2026-09-15 03:05:15,030 [ERROR] LogOutputStream:75 - [STDERR_REDIRECT] 
2026-09-15 03:05:16,027 [ERROR] LogOutputStream:75 - [STDERR_REDIRECT] [Fatal Error] :1:1: Premature end of file.
2026-09-15 03:05:16,027 [ERROR] LogOutputStream:75 - [STDERR_REDIRECT] 
2026-09-15 03:05:17,019 [ERROR] LogOutputStream:75 - [STDERR_REDIRECT] [Fatal Error] :1:1: Premature end of file.
2026-09-15 03:05:17,019 [ERROR] LogOutputStream:75 - [STDERR_REDIRECT] 
2026-09-15 03:05:18,023 [ERROR] LogOutputStream:75 - [STDERR_REDIRECT] [Fatal Error] :1:1: Premature end of file.
2026-09-15 03:05:18,023 [ERROR] LogOutputStream:75 - [STDERR_REDIRECT] 
2026-09-15 03:05:19,017 [ERROR] LogOutputStream:75 - [STDERR_REDIRECT] [Fatal Error] :1:1: Premature end of file.
2026-09-15 03:05:19,017 [ERROR] LogOutputStream:75 - [STDERR_REDIRECT] 
2026-09-15 03:05:20,018 [ERROR] LogOutputStream:75 - [STDERR_REDIRECT] [Fatal Error] :1:1: Premature end of file.
2026-09-15 03:05:20,018 [ERROR] LogOutputStream:75 - [STDERR_REDIRECT] 
2026-09-15 03:05:21,033 [ERROR] LogOutputStream:75 - [STDERR_REDIRECT] [Fatal Error] :1:1: Premature end of file.
2026-09-15 03:05:21,033 [ERROR] LogOutputStream:75 - [STDERR_REDIRECT] 
2026-09-15 03:05:22,028 [ERROR] LogOutputStream:75 - [STDERR_REDIRECT] [Fatal Error] :1:1: Premature end of file.
2026-09-15 03:05:22,028 [ERROR] LogOutputStream:75 - [STDERR_REDIRECT] 
2026-09-15 03:05:23,030 [ERROR] LogOutputStream:75 - [STDERR_REDIRECT] [Fatal Error] :1:1: Premature end of file.
2026-09-15 03:05:23,030 [ERROR] LogOutputStream:75 - [STDERR_REDIRECT] 
2026-09-15 03:05:24,024 [ERROR] LogOutputStream:75 - [STDERR_REDIRECT] [Fatal Error] :1:1: Premature end of file.
2026-09-15 03:05:24,024 [ERROR] LogOutputStream:75 - [STDERR_REDIRECT] 
2026-09-15 03:05:25,031 [ERROR] LogOutputStream:75 - [STDERR_REDIRECT] [Fatal Error] :1:1: Premature end of file.
2026-09-15 03:05:25,031 [ERROR] LogOutputStream:75 - [STDERR_REDIRECT] 
2026-09-15 03:05:26,024 [ERROR] LogOutputStream:75 - [STDERR_REDIRECT] [Fatal Error] :1:1: Premature end of file.
2026-09-15 03:05:26,024 [ERROR] LogOutputStream:75 - [STDERR_REDIRECT] 
2026-09-15 03:05:27,018 [ERROR] LogOutputStream:75 - [STDERR_REDIRECT] [Fatal Error] :1:1: Premature end of file.
2026-09-15 03:05:27,018 [ERROR] LogOutputStream:75 - [STDERR_REDIRECT] 
2026-09-15 03:05:28,028 [ERROR] LogOutputStream:75 - [STDERR_REDIRECT] [Fatal Error] :1:1: Premature end of file.
2026-09-15 03:05:28,028 [ERROR] LogOutputStream:75 - [STDERR_REDIRECT] 
2026-09-15 03:05:29,018 [ERROR] LogOutputStream:75 - [STDERR_REDIRECT] [Fatal Error] :1:1: Premature end of file.
2026-09-15 03:05:29,018 [ERROR] LogOutputStream:75 - [STDERR_REDIRECT] 
2026-09-15 03:05:30,018 [ERROR] LogOutputStream:75 - [STDERR_REDIRECT] [Fatal Error] :1:1: Premature end of file.
2026-09-15 03:05:30,018 [ERROR] LogOutputStream:75 - [STDERR_REDIRECT] 
2026-09-15 03:05:31,028 [ERROR] LogOutputStream:75 - [STDERR_REDIRECT] [Fatal Error] :1:1: Premature end of file.
2026-09-15 03:05:31,028 [ERROR] LogOutputStream:75 - [STDERR_REDIRECT] 
2026-09-15 03:05:32,018 [ERROR] LogOutputStream:75 - [STDERR_REDIRECT] [Fatal Error] :1:1: Premature end of file.
2026-09-15 03:05:32,018 [ERROR] LogOutputStream:75 - [STDERR_REDIRECT] 
2026-09-15 03:05:33,018 [ERROR] LogOutputStream:75 - [STDERR_REDIRECT] [Fatal Error] :1:1: Premature end of file.
2026-09-15 03:05:33,018 [ERROR] LogOutputStream:75 - [STDERR_REDIRECT] 
2026-09-15 03:05:34,018 [ERROR] LogOutputStream:75 - [STDERR_REDIRECT] [Fatal Error] :1:1: Premature end of file.
2026-09-15 03:05:34,028 [ERROR] LogOutputStream:75 - [STDERR_REDIRECT] 
2026-09-15 03:05:35,028 [ERROR] LogOutputStream:75 - [STDERR_REDIRECT] [Fatal Error] :1:1: Premature end of file.
2026-09-15 03:05:35,028 [ERROR] LogOutputStream:75 - [STDERR_REDIRECT] 
2026-09-15 03:05:36,028 [ERROR] LogOutputStream:75 - [STDERR_REDIRECT] [Fatal Error] :1:1: Premature end of file.
2026-09-15 03:05:36,028 [ERROR] LogOutputStream:75 - [STDERR_REDIRECT] 
2026-09-15 03:05:37,025 [ERROR] LogOutputStream:75 - [STDERR_REDIRECT] [Fatal Error] :1:1: Premature end of file.
2026-09-15 03:05:37,025 [ERROR] LogOutputStream:75 - [STDERR_REDIRECT] 
2026-09-15 03:05:38,023 [ERROR] LogOutputStream:75 - [STDERR_REDIRECT] [Fatal Error] :1:1: Premature end of file.
2026-09-15 03:05:38,023 [ERROR] LogOutputStream:75 - [STDERR_REDIRECT] 
2026-09-15 03:05:39,028 [ERROR] LogOutputStream:75 - [STDERR_REDIRECT] [Fatal Error] :1:1: Premature end of file.
2026-09-15 03:05:39,028 [ERROR] LogOutputStream:75 - [STDERR_REDIRECT] 
2026-09-15 03:05:40,028 [ERROR] LogOutputStream:75 - [STDERR_REDIRECT] [Fatal Error] :1:1: Premature end of file.
2026-09-15 03:05:40,028 [ERROR] LogOutputStream:75 - [STDERR_REDIRECT] 
2026-09-15 03:05:41,040 [ERROR] LogOutputStream:75 - [STDERR_REDIRECT] [Fatal Error] :1:1: Premature end of file.
2026-09-15 03:05:41,042 [ERROR] LogOutputStream:75 - [STDERR_REDIRECT] 
2026-09-15 03:05:42,028 [ERROR] LogOutputStream:75 - [STDERR_REDIRECT] [Fatal Error] :1:1: Premature end of file.
2026-09-15 03:05:42,028 [ERROR] LogOutputStream:75 - [STDERR_REDIRECT] 
2026-09-15 03:05:43,028 [ERROR] LogOutputStream:75 - [STDERR_REDIRECT] [Fatal Error] :1:1: Premature end of file.
2026-09-15 03:05:43,028 [ERROR] LogOutputStream:75 - [STDERR_REDIRECT] 
2026-09-15 03:05:44,028 [ERROR] LogOutputStream:75 - [STDERR_REDIRECT] [Fatal Error] :1:1: Premature end of file.
2026-09-15 03:05:44,028 [ERROR] LogOutputStream:75 - [STDERR_REDIRECT] 
2026-09-15 03:05:45,018 [ERROR] LogOutputStream:75 - [STDERR_REDIRECT] [Fatal Error] :1:1: Premature end of file.
2026-09-15 03:05:45,018 [ERROR] LogOutputStream:75 - [STDERR_REDIRECT] 
2026-09-15 03:05:46,019 [ERROR] LogOutputStream:75 - [STDERR_REDIRECT] [Fatal Error] :1:1: Premature end of file.
2026-09-15 03:05:46,019 [ERROR] LogOutputStream:75 - [STDERR_REDIRECT] 
2026-09-15 03:05:47,033 [ERROR] LogOutputStream:75 - [STDERR_REDIRECT] [Fatal Error] :1:1: Premature end of file.
2026-09-15 03:05:47,033 [ERROR] LogOutputStream:75 - [STDERR_REDIRECT] 
2026-09-15 03:05:48,018 [ERROR] LogOutputStream:75 - [STDERR_REDIRECT] [Fatal Error] :1:1: Premature end of file.
2026-09-15 03:05:48,018 [ERROR] LogOutputStream:75 - [STDERR_REDIRECT] 
2026-09-15 03:05:49,028 [ERROR] LogOutputStream:75 - [STDERR_REDIRECT] [Fatal Error] :1:1: Premature end of file.
2026-09-15 03:05:49,028 [ERROR] LogOutputStream:75 - [STDERR_REDIRECT] 
2026-09-15 03:05:50,028 [ERROR] LogOutputStream:75 - [STDERR_REDIRECT] [Fatal Error] :1:1: Premature end of file.
2026-09-15 03:05:50,028 [ERROR] LogOutputStream:75 - [STDERR_REDIRECT] 
2026-09-15 03:05:51,018 [ERROR] LogOutputStream:75 - [STDERR_REDIRECT] [Fatal Error] :1:1: Premature end of file.
2026-09-15 03:05:51,018 [ERROR] LogOutputStream:75 - [STDERR_REDIRECT] 
2026-09-15 03:05:52,022 [ERROR] LogOutputStream:75 - [STDERR_REDIRECT] [Fatal Error] :1:1: Premature end of file.
2026-09-15 03:05:52,024 [ERROR] LogOutputStream:75 - [STDERR_REDIRECT] 
2026-09-15 03:05:53,028 [ERROR] LogOutputStream:75 - [STDERR_REDIRECT] [Fatal Error] :1:1: Premature end of file.
2026-09-15 03:05:53,028 [ERROR] LogOutputStream:75 - [STDERR_REDIRECT] 
2026-09-15 03:05:54,028 [ERROR] LogOutputStream:75 - [STDERR_REDIRECT] [Fatal Error] :1:1: Premature end of file.
2026-09-15 03:05:54,028 [ERROR] LogOutputStream:75 - [STDERR_REDIRECT] 
2026-09-15 03:05:55,020 [ERROR] LogOutputStream:75 - [STDERR_REDIRECT] [Fatal Error] :1:1: Premature end of file.
2026-09-15 03:05:55,020 [ERROR] LogOutputStream:75 - [STDERR_REDIRECT] 
2026-09-15 03:05:56,029 [ERROR] LogOutputStream:75 - [STDERR_REDIRECT] [Fatal Error] :1:1: Premature end of file.
2026-09-15 03:05:56,029 [ERROR] LogOutputStream:75 - [STDERR_REDIRECT] 
2026-09-15 03:05:57,018 [ERROR] LogOutputStream:75 - [STDERR_REDIRECT] [Fatal Error] :1:1: Premature end of file.
2026-09-15 03:05:57,018 [ERROR] LogOutputStream:75 - [STDERR_REDIRECT] 
2026-09-15 03:05:58,026 [ERROR] LogOutputStream:75 - [STDERR_REDIRECT] [Fatal Error] :1:1: Premature end of file.
2026-09-15 03:05:58,026 [ERROR] LogOutputStream:75 - [STDERR_REDIRECT] 
2026-09-15 03:05:59,019 [ERROR] LogOutputStream:75 - [STDERR_REDIRECT] [Fatal Error] :1:1: Premature end of file.
2026-09-15 03:05:59,019 [ERROR] LogOutputStream:75 - [STDERR_REDIRECT] 
2026-09-15 03:06:00,028 [ERROR] LogOutputStream:75 - [STDERR_REDIRECT] [Fatal Error] :1:1: Premature end of file.
2026-09-15 03:06:00,028 [ERROR] LogOutputStream:75 - [STDERR_REDIRECT] 
2026-09-15 03:06:01,038 [ERROR] LogOutputStream:75 - [STDERR_REDIRECT] [Fatal Error] :1:1: Premature end of file.
2026-09-15 03:06:01,038 [ERROR] LogOutputStream:75 - [STDERR_REDIRECT] 
2026-09-15 03:06:02,029 [ERROR] LogOutputStream:75 - [STDERR_REDIRECT] [Fatal Error] :1:1: Premature end of file.
2026-09-15 03:06:02,029 [ERROR] LogOutputStream:75 - [STDERR_REDIRECT] 
2026-09-15 03:06:03,018 [ERROR] LogOutputStream:75 - [STDERR_REDIRECT] [Fatal Error] :1:1: Premature end of file.
2026-09-15 03:06:03,018 [ERROR] LogOutputStream:75 - [STDERR_REDIRECT] 
2026-09-15 03:06:04,019 [ERROR] LogOutputStream:75 - [STDERR_REDIRECT] [Fatal Error] :1:1: Premature end of file.
2026-09-15 03:06:04,019 [ERROR] LogOutputStream:75 - [STDERR_REDIRECT] 
2026-09-15 03:06:05,029 [ERROR] LogOutputStream:75 - [STDERR_REDIRECT] [Fatal Error] :1:1: Premature end of file.
2026-09-15 03:06:05,029 [ERROR] LogOutputStream:75 - [STDERR_REDIRECT] 
2026-09-15 03:06:06,019 [ERROR] LogOutputStream:75 - [STDERR_REDIRECT] [Fatal Error] :1:1: Premature end of file.
2026-09-15 03:06:06,019 [ERROR] LogOutputStream:75 - [STDERR_REDIRECT] 
2026-09-15 03:06:07,019 [ERROR] LogOutputStream:75 - [STDERR_REDIRECT] [Fatal Error] :1:1: Premature end of file.
2026-09-15 03:06:07,019 [ERROR] LogOutputStream:75 - [STDERR_REDIRECT] 
2026-09-15 03:06:08,019 [ERROR] LogOutputStream:75 - [STDERR_REDIRECT] [Fatal Error] :1:1: Premature end of file.
2026-09-15 03:06:08,019 [ERROR] LogOutputStream:75 - [STDERR_REDIRECT] 
2026-09-15 03:06:09,029 [ERROR] LogOutputStream:75 - [STDERR_REDIRECT] [Fatal Error] :1:1: Premature end of file.
2026-09-15 03:06:09,029 [ERROR] LogOutputStream:75 - [STDERR_REDIRECT] 
2026-09-15 03:06:10,019 [ERROR] LogOutputStream:75 - [STDERR_REDIRECT] [Fatal Error] :1:1: Premature end of file.
2026-09-15 03:06:10,019 [ERROR] LogOutputStream:75 - [STDERR_REDIRECT] 
2026-09-15 03:06:11,029 [ERROR] LogOutputStream:75 - [STDERR_REDIRECT] [Fatal Error] :1:1: Premature end of file.
2026-09-15 03:06:11,029 [ERROR] LogOutputStream:75 - [STDERR_REDIRECT] 
2026-09-15 03:06:12,035 [ERROR] LogOutputStream:75 - [STDERR_REDIRECT] [Fatal Error] :1:1: Premature end of file.
2026-09-15 03:06:12,035 [ERROR] LogOutputStream:75 - [STDERR_REDIRECT] 
2026-09-15 03:06:13,019 [ERROR] LogOutputStream:75 - [STDERR_REDIRECT] [Fatal Error] :1:1: Premature end of file.
2026-09-15 03:06:13,019 [ERROR] LogOutputStream:75 - [STDERR_REDIRECT] 
2026-09-15 03:06:14,029 [ERROR] LogOutputStream:75 - [STDERR_REDIRECT] [Fatal Error] :1:1: Premature end of file.
2026-09-15 03:06:14,029 [ERROR] LogOutputStream:75 - [STDERR_REDIRECT] 
2026-09-15 03:06:15,029 [ERROR] LogOutputStream:75 - [STDERR_REDIRECT] [Fatal Error] :1:1: Premature end of file.
2026-09-15 03:06:15,029 [ERROR] LogOutputStream:75 - [STDERR_REDIRECT] 
2026-09-15 03:06:16,029 [ERROR] LogOutputStream:75 - [STDERR_REDIRECT] [Fatal Error] :1:1: Premature end of file.
2026-09-15 03:06:16,029 [ERROR] LogOutputStream:75 - [STDERR_REDIRECT] 
2026-09-15 03:06:17,029 [ERROR] LogOutputStream:75 - [STDERR_REDIRECT] [Fatal Error] :1:1: Premature end of file.
2026-09-15 03:06:17,029 [ERROR] LogOutputStream:75 - [STDERR_REDIRECT] 
2026-09-15 03:06:18,029 [ERROR] LogOutputStream:75 - [STDERR_REDIRECT] [Fatal Error] :1:1: Premature end of file.
2026-09-15 03:06:18,029 [ERROR] LogOutputStream:75 - [STDERR_REDIRECT] 
2026-09-15 03:06:19,019 [ERROR] LogOutputStream:75 - [STDERR_REDIRECT] [Fatal Error] :1:1: Premature end of file.
2026-09-15 03:06:19,019 [ERROR] LogOutputStream:75 - [STDERR_REDIRECT] 
2026-09-15 03:06:20,024 [ERROR] LogOutputStream:75 - [STDERR_REDIRECT] [Fatal Error] :1:1: Premature end of file.
2026-09-15 03:06:20,029 [ERROR] LogOutputStream:75 - [STDERR_REDIRECT] 
2026-09-15 03:06:21,029 [ERROR] LogOutputStream:75 - [STDERR_REDIRECT] [Fatal Error] :1:1: Premature end of file.
2026-09-15 03:06:21,029 [ERROR] LogOutputStream:75 - [STDERR_REDIRECT] 
2026-09-15 03:06:22,019 [ERROR] LogOutputStream:75 - [STDERR_REDIRECT] [Fatal Error] :1:1: Premature end of file.
2026-09-15 03:06:22,019 [ERROR] LogOutputStream:75 - [STDERR_REDIRECT] 
2026-09-15 03:06:23,029 [ERROR] LogOutputStream:75 - [STDERR_REDIRECT] [Fatal Error] :1:1: Premature end of file.
2026-09-15 03:06:23,029 [ERROR] LogOutputStream:75 - [STDERR_REDIRECT] 
2026-09-15 03:06:24,019 [ERROR] LogOutputStream:75 - [STDERR_REDIRECT] [Fatal Error] :1:1: Premature end of file.
2026-09-15 03:06:24,019 [ERROR] LogOutputStream:75 - [STDERR_REDIRECT] 
2026-09-15 03:06:25,025 [ERROR] LogOutputStream:75 - [STDERR_REDIRECT] [Fatal Error] :1:1: Premature end of file.
2026-09-15 03:06:25,025 [ERROR] LogOutputStream:75 - [STDERR_REDIRECT] 
2026-09-15 03:06:26,019 [ERROR] LogOutputStream:75 - [STDERR_REDIRECT] [Fatal Error] :1:1: Premature end of file.
2026-09-15 03:06:26,019 [ERROR] LogOutputStream:75 - [STDERR_REDIRECT] 
2026-09-15 03:06:27,033 [ERROR] LogOutputStream:75 - [STDERR_REDIRECT] [Fatal Error] :1:1: Premature end of file.
2026-09-15 03:06:27,033 [ERROR] LogOutputStream:75 - [STDERR_REDIRECT] 
2026-09-15 03:06:28,027 [ERROR] LogOutputStream:75 - [STDERR_REDIRECT] [Fatal Error] :1:1: Premature end of file.
2026-09-15 03:06:28,027 [ERROR] LogOutputStream:75 - [STDERR_REDIRECT] 
2026-09-15 03:06:29,031 [ERROR] LogOutputStream:75 - [STDERR_REDIRECT] [Fatal Error] :1:1: Premature end of file.
2026-09-15 03:06:29,031 [ERROR] LogOutputStream:75 - [STDERR_REDIRECT] 
2026-09-15 03:06:30,029 [ERROR] LogOutputStream:75 - [STDERR_REDIRECT] [Fatal Error] :1:1: Premature end of file.
2026-09-15 03:06:30,029 [ERROR] LogOutputStream:75 - [STDERR_REDIRECT] 
2026-09-15 03:06:31,029 [ERROR] LogOutputStream:75 - [STDERR_REDIRECT] [Fatal Error] :1:1: Premature end of file.
2026-09-15 03:06:31,029 [ERROR] LogOutputStream:75 - [STDERR_REDIRECT] 
2026-09-15 03:06:32,019 [ERROR] LogOutputStream:75 - [STDERR_REDIRECT] [Fatal Error] :1:1: Premature end of file.
2026-09-15 03:06:32,019 [ERROR] LogOutputStream:75 - [STDERR_REDIRECT] 
2026-09-15 03:06:33,029 [ERROR] LogOutputStream:75 - [STDERR_REDIRECT] [Fatal Error] :1:1: Premature end of file.
2026-09-15 03:06:33,029 [ERROR] LogOutputStream:75 - [STDERR_REDIRECT] 
2026-09-15 03:06:34,029 [ERROR] LogOutputStream:75 - [STDERR_REDIRECT] [Fatal Error] :1:1: Premature end of file.
2026-09-15 03:06:34,029 [ERROR] LogOutputStream:75 - [STDERR_REDIRECT] 
2026-09-15 03:06:35,010 [ERROR] LogOutputStream:75 - [STDERR_REDIRECT] [Fatal Error] :1:1: Premature end of file.
2026-09-15 03:06:35,010 [ERROR] LogOutputStream:75 - [STDERR_REDIRECT] 
2026-09-15 03:06:36,029 [ERROR] LogOutputStream:75 - [STDERR_REDIRECT] [Fatal Error] :1:1: Premature end of file.
2026-09-15 03:06:36,029 [ERROR] LogOutputStream:75 - [STDERR_REDIRECT] 
2026-09-15 03:06:37,019 [ERROR] LogOutputStream:75 - [STDERR_REDIRECT] [Fatal Error] :1:1: Premature end of file.
2026-09-15 03:06:37,019 [ERROR] LogOutputStream:75 - [STDERR_REDIRECT] 
2026-09-15 03:06:38,030 [ERROR] LogOutputStream:75 - [STDERR_REDIRECT] [Fatal Error] :1:1: Premature end of file.
2026-09-15 03:06:38,030 [ERROR] LogOutputStream:75 - [STDERR_REDIRECT] 
2026-09-15 03:06:39,030 [ERROR] LogOutputStream:75 - [STDERR_REDIRECT] [Fatal Error] :1:1: Premature end of file.
2026-09-15 03:06:39,030 [ERROR] LogOutputStream:75 - [STDERR_REDIRECT] 
2026-09-15 03:06:40,028 [ERROR] LogOutputStream:75 - [STDERR_REDIRECT] [Fatal Error] :1:1: Premature end of file.
2026-09-15 03:06:40,028 [ERROR] LogOutputStream:75 - [STDERR_REDIRECT] 
2026-09-15 03:06:41,027 [ERROR] LogOutputStream:75 - [STDERR_REDIRECT] [Fatal Error] :1:1: Premature end of file.
2026-09-15 03:06:41,027 [ERROR] LogOutputStream:75 - [STDERR_REDIRECT] 
2026-09-15 03:06:42,018 [ERROR] LogOutputStream:75 - [STDERR_REDIRECT] [Fatal Error] :1:1: Premature end of file.
2026-09-15 03:06:42,018 [ERROR] LogOutputStream:75 - [STDERR_REDIRECT] 
2026-09-15 03:06:43,021 [ERROR] LogOutputStream:75 - [STDERR_REDIRECT] [Fatal Error] :1:1: Premature end of file.
2026-09-15 03:06:43,021 [ERROR] LogOutputStream:75 - [STDERR_REDIRECT] 
2026-09-15 03:06:44,022 [ERROR] LogOutputStream:75 - [STDERR_REDIRECT] [Fatal Error] :1:1: Premature end of file.
2026-09-15 03:06:44,030 [ERROR] LogOutputStream:75 - [STDERR_REDIRECT] 
2026-09-15 03:06:45,030 [ERROR] LogOutputStream:75 - [STDERR_REDIRECT] [Fatal Error] :1:1: Premature end of file.
2026-09-15 03:06:45,030 [ERROR] LogOutputStream:75 - [STDERR_REDIRECT] 
2026-09-15 03:06:46,019 [ERROR] LogOutputStream:75 - [STDERR_REDIRECT] [Fatal Error] :1:1: Premature end of file.
2026-09-15 03:06:46,019 [ERROR] LogOutputStream:75 - [STDERR_REDIRECT] 
2026-09-15 03:06:47,026 [ERROR] LogOutputStream:75 - [STDERR_REDIRECT] [Fatal Error] :1:1: Premature end of file.
2026-09-15 03:06:47,026 [ERROR] LogOutputStream:75 - [STDERR_REDIRECT] 
2026-09-15 03:06:48,030 [ERROR] LogOutputStream:75 - [STDERR_REDIRECT] [Fatal Error] :1:1: Premature end of file.
2026-09-15 03:06:48,030 [ERROR] LogOutputStream:75 - [STDERR_REDIRECT] 
2026-09-15 03:06:49,030 [ERROR] LogOutputStream:75 - [STDERR_REDIRECT] [Fatal Error] :1:1: Premature end of file.
2026-09-15 03:06:49,030 [ERROR] LogOutputStream:75 - [STDERR_REDIRECT] 
2026-09-15 03:06:50,020 [ERROR] LogOutputStream:75 - [STDERR_REDIRECT] [Fatal Error] :1:1: Premature end of file.
2026-09-15 03:06:50,020 [ERROR] LogOutputStream:75 - [STDERR_REDIRECT] 
2026-09-15 03:06:51,020 [ERROR] LogOutputStream:75 - [STDERR_REDIRECT] [Fatal Error] :1:1: Premature end of file.
2026-09-15 03:06:51,020 [ERROR] LogOutputStream:75 - [STDERR_REDIRECT] 
2026-09-15 03:06:52,033 [ERROR] LogOutputStream:75 - [STDERR_REDIRECT] [Fatal Error] :1:1: Premature end of file.
2026-09-15 03:06:52,033 [ERROR] LogOutputStream:75 - [STDERR_REDIRECT] 
2026-09-15 03:06:53,020 [ERROR] LogOutputStream:75 - [STDERR_REDIRECT] [Fatal Error] :1:1: Premature end of file.
2026-09-15 03:06:53,020 [ERROR] LogOutputStream:75 - [STDERR_REDIRECT] 
2026-09-15 03:06:54,020 [ERROR] LogOutputStream:75 - [STDERR_REDIRECT] [Fatal Error] :1:1: Premature end of file.
2026-09-15 03:06:54,020 [ERROR] LogOutputStream:75 - [STDERR_REDIRECT] 
2026-09-15 03:06:55,020 [ERROR] LogOutputStream:75 - [STDERR_REDIRECT] [Fatal Error] :1:1: Premature end of file.
2026-09-15 03:06:55,020 [ERROR] LogOutputStream:75 - [STDERR_REDIRECT] 
2026-09-15 03:06:56,040 [ERROR] LogOutputStream:75 - [STDERR_REDIRECT] [Fatal Error] :1:1: Premature end of file.
2026-09-15 03:06:56,040 [ERROR] LogOutputStream:75 - [STDERR_REDIRECT] 
2026-09-15 03:06:57,030 [ERROR] LogOutputStream:75 - [STDERR_REDIRECT] [Fatal Error] :1:1: Premature end of file.
2026-09-15 03:06:57,030 [ERROR] LogOutputStream:75 - [STDERR_REDIRECT] 
2026-09-15 03:06:58,020 [ERROR] LogOutputStream:75 - [STDERR_REDIRECT] [Fatal Error] :1:1: Premature end of file.
2026-09-15 03:06:58,020 [ERROR] LogOutputStream:75 - [STDERR_REDIRECT] 
2026-09-15 03:06:59,030 [ERROR] LogOutputStream:75 - [STDERR_REDIRECT] [Fatal Error] :1:1: Premature end of file.
2026-09-15 03:06:59,030 [ERROR] LogOutputStream:75 - [STDERR_REDIRECT] 
2026-09-15 03:07:00,020 [ERROR] LogOutputStream:75 - [STDERR_REDIRECT] [Fatal Error] :1:1: Premature end of file.
2026-09-15 03:07:00,020 [ERROR] LogOutputStream:75 - [STDERR_REDIRECT] 
2026-09-15 03:07:01,030 [ERROR] LogOutputStream:75 - [STDERR_REDIRECT] [Fatal Error] :1:1: Premature end of file.
2026-09-15 03:07:01,030 [ERROR] LogOutputStream:75 - [STDERR_REDIRECT] 
2026-09-15 03:07:02,030 [ERROR] LogOutputStream:75 - [STDERR_REDIRECT] [Fatal Error] :1:1: Premature end of file.
2026-09-15 03:07:02,030 [ERROR] LogOutputStream:75 - [STDERR_REDIRECT] 
2026-09-15 03:07:03,034 [ERROR] LogOutputStream:75 - [STDERR_REDIRECT] [Fatal Error] :1:1: Premature end of file.
2026-09-15 03:07:03,034 [ERROR] LogOutputStream:75 - [STDERR_REDIRECT] 
2026-09-15 03:07:04,020 [ERROR] LogOutputStream:75 - [STDERR_REDIRECT] [Fatal Error] :1:1: Premature end of file.
2026-09-15 03:07:04,020 [ERROR] LogOutputStream:75 - [STDERR_REDIRECT] 
2026-09-15 03:07:05,020 [ERROR] LogOutputStream:75 - [STDERR_REDIRECT] [Fatal Error] :1:1: Premature end of file.
2026-09-15 03:07:05,020 [ERROR] LogOutputStream:75 - [STDERR_REDIRECT] 
2026-09-15 03:07:06,020 [ERROR] LogOutputStream:75 - [STDERR_REDIRECT] [Fatal Error] :1:1: Premature end of file.
2026-09-15 03:07:06,020 [ERROR] LogOutputStream:75 - [STDERR_REDIRECT] 
2026-09-15 03:07:07,030 [ERROR] LogOutputStream:75 - [STDERR_REDIRECT] [Fatal Error] :1:1: Premature end of file.
2026-09-15 03:07:07,030 [ERROR] LogOutputStream:75 - [STDERR_REDIRECT] 
2026-09-15 03:07:08,020 [ERROR] LogOutputStream:75 - [STDERR_REDIRECT] [Fatal Error] :1:1: Premature end of file.
2026-09-15 03:07:08,020 [ERROR] LogOutputStream:75 - [STDERR_REDIRECT] 
2026-09-15 03:07:09,020 [ERROR] LogOutputStream:75 - [STDERR_REDIRECT] [Fatal Error] :1:1: Premature end of file.
2026-09-15 03:07:09,020 [ERROR] LogOutputStream:75 - [STDERR_REDIRECT] 
2026-09-15 03:07:10,020 [ERROR] LogOutputStream:75 - [STDERR_REDIRECT] [Fatal Error] :1:1: Premature end of file.
2026-09-15 03:07:10,020 [ERROR] LogOutputStream:75 - [STDERR_REDIRECT] 
2026-09-15 03:07:11,030 [ERROR] LogOutputStream:75 - [STDERR_REDIRECT] [Fatal Error] :1:1: Premature end of file.
2026-09-15 03:07:11,030 [ERROR] LogOutputStream:75 - [STDERR_REDIRECT] 
2026-09-15 03:07:12,020 [ERROR] LogOutputStream:75 - [STDERR_REDIRECT] [Fatal Error] :1:1: Premature end of file.
2026-09-15 03:07:12,020 [ERROR] LogOutputStream:75 - [STDERR_REDIRECT] 
2026-09-15 03:07:13,020 [ERROR] LogOutputStream:75 - [STDERR_REDIRECT] [Fatal Error] :1:1: Premature end of file.
2026-09-15 03:07:13,020 [ERROR] LogOutputStream:75 - [STDERR_REDIRECT] 
2026-09-15 03:07:14,020 [ERROR] LogOutputStream:75 - [STDERR_REDIRECT] [Fatal Error] :1:1: Premature end of file.
2026-09-15 03:07:14,020 [ERROR] LogOutputStream:75 - [STDERR_REDIRECT] 
2026-09-15 03:07:15,025 [ERROR] LogOutputStream:75 - [STDERR_REDIRECT] [Fatal Error] :1:1: Premature end of file.
2026-09-15 03:07:15,025 [ERROR] LogOutputStream:75 - [STDERR_REDIRECT] 
2026-09-15 03:07:16,030 [ERROR] LogOutputStream:75 - [STDERR_REDIRECT] [Fatal Error] :1:1: Premature end of file.
2026-09-15 03:07:16,030 [ERROR] LogOutputStream:75 - [STDERR_REDIRECT] 
2026-09-15 03:07:17,020 [ERROR] LogOutputStream:75 - [STDERR_REDIRECT] [Fatal Error] :1:1: Premature end of file.
2026-09-15 03:07:17,020 [ERROR] LogOutputStream:75 - [STDERR_REDIRECT] 
2026-09-15 03:07:18,020 [ERROR] LogOutputStream:75 - [STDERR_REDIRECT] [Fatal Error] :1:1: Premature end of file.
2026-09-15 03:07:18,020 [ERROR] LogOutputStream:75 - [STDERR_REDIRECT] 
2026-09-15 03:07:19,021 [ERROR] LogOutputStream:75 - [STDERR_REDIRECT] [Fatal Error] :1:1: Premature end of file.
2026-09-15 03:07:19,021 [ERROR] LogOutputStream:75 - [STDERR_REDIRECT] 
2026-09-15 03:07:20,011 [ERROR] LogOutputStream:75 - [STDERR_REDIRECT] [Fatal Error] :1:1: Premature end of file.
2026-09-15 03:07:20,011 [ERROR] LogOutputStream:75 - [STDERR_REDIRECT] 
2026-09-15 03:07:21,021 [ERROR] LogOutputStream:75 - [STDERR_REDIRECT] [Fatal Error] :1:1: Premature end of file.
2026-09-15 03:07:21,021 [ERROR] LogOutputStream:75 - [STDERR_REDIRECT] 
2026-09-15 03:07:22,021 [ERROR] LogOutputStream:75 - [STDERR_REDIRECT] [Fatal Error] :1:1: Premature end of file.
2026-09-15 03:07:22,021 [ERROR] LogOutputStream:75 - [STDERR_REDIRECT] 
2026-09-15 03:07:23,030 [ERROR] LogOutputStream:75 - [STDERR_REDIRECT] [Fatal Error] :1:1: Premature end of file.
2026-09-15 03:07:23,030 [ERROR] LogOutputStream:75 - [STDERR_REDIRECT] 
2026-09-15 03:07:24,021 [ERROR] LogOutputStream:75 - [STDERR_REDIRECT] [Fatal Error] :1:1: Premature end of file.
2026-09-15 03:07:24,021 [ERROR] LogOutputStream:75 - [STDERR_REDIRECT] 
2026-09-15 03:07:25,021 [ERROR] LogOutputStream:75 - [STDERR_REDIRECT] [Fatal Error] :1:1: Premature end of file.
2026-09-15 03:07:25,031 [ERROR] LogOutputStream:75 - [STDERR_REDIRECT] 
2026-09-15 03:07:26,020 [ERROR] LogOutputStream:75 - [STDERR_REDIRECT] [Fatal Error] :1:1: Premature end of file.
2026-09-15 03:07:26,020 [ERROR] LogOutputStream:75 - [STDERR_REDIRECT] 
2026-09-15 03:07:27,028 [ERROR] LogOutputStream:75 - [STDERR_REDIRECT] [Fatal Error] :1:1: Premature end of file.
2026-09-15 03:07:27,028 [ERROR] LogOutputStream:75 - [STDERR_REDIRECT] 
2026-09-15 03:07:28,021 [ERROR] LogOutputStream:75 - [STDERR_REDIRECT] [Fatal Error] :1:1: Premature end of file.
2026-09-15 03:07:28,021 [ERROR] LogOutputStream:75 - [STDERR_REDIRECT] 
2026-09-15 03:07:29,026 [ERROR] LogOutputStream:75 - [STDERR_REDIRECT] [Fatal Error] :1:1: Premature end of file.
2026-09-15 03:07:29,026 [ERROR] LogOutputStream:75 - [STDERR_REDIRECT] 
2026-09-15 03:07:30,025 [ERROR] LogOutputStream:75 - [STDERR_REDIRECT] [Fatal Error] :1:1: Premature end of file.
2026-09-15 03:07:30,025 [ERROR] LogOutputStream:75 - [STDERR_REDIRECT] 
2026-09-15 03:07:31,021 [ERROR] LogOutputStream:75 - [STDERR_REDIRECT] [Fatal Error] :1:1: Premature end of file.
2026-09-15 03:07:31,021 [ERROR] LogOutputStream:75 - [STDERR_REDIRECT] 
2026-09-15 03:07:32,021 [ERROR] LogOutputStream:75 - [STDERR_REDIRECT] [Fatal Error] :1:1: Premature end of file.
2026-09-15 03:07:32,021 [ERROR] LogOutputStream:75 - [STDERR_REDIRECT] 
2026-09-15 03:07:33,021 [ERROR] LogOutputStream:75 - [STDERR_REDIRECT] [Fatal Error] :1:1: Premature end of file.
2026-09-15 03:07:33,021 [ERROR] LogOutputStream:75 - [STDERR_REDIRECT] 
2026-09-15 03:07:34,036 [ERROR] LogOutputStream:75 - [STDERR_REDIRECT] [Fatal Error] :1:1: Premature end of file.
2026-09-15 03:07:34,036 [ERROR] LogOutputStream:75 - [STDERR_REDIRECT] 
2026-09-15 03:07:35,031 [ERROR] LogOutputStream:75 - [STDERR_REDIRECT] [Fatal Error] :1:1: Premature end of file.
2026-09-15 03:07:35,031 [ERROR] LogOutputStream:75 - [STDERR_REDIRECT] 
2026-09-15 03:07:36,031 [ERROR] LogOutputStream:75 - [STDERR_REDIRECT] [Fatal Error] :1:1: Premature end of file.
2026-09-15 03:07:36,031 [ERROR] LogOutputStream:75 - [STDERR_REDIRECT] 
2026-09-15 03:07:37,031 [ERROR] LogOutputStream:75 - [STDERR_REDIRECT] [Fatal Error] :1:1: Premature end of file.
2026-09-15 03:07:37,031 [ERROR] LogOutputStream:75 - [STDERR_REDIRECT] 
2026-09-15 03:07:38,031 [ERROR] LogOutputStream:75 - [STDERR_REDIRECT] [Fatal Error] :1:1: Premature end of file.
2026-09-15 03:07:38,031 [ERROR] LogOutputStream:75 - [STDERR_REDIRECT] 
2026-09-15 03:07:39,031 [ERROR] LogOutputStream:75 - [STDERR_REDIRECT] [Fatal Error] :1:1: Premature end of file.
2026-09-15 03:07:39,031 [ERROR] LogOutputStream:75 - [STDERR_REDIRECT] 
2026-09-15 03:07:40,033 [ERROR] LogOutputStream:75 - [STDERR_REDIRECT] [Fatal Error] :1:1: Premature end of file.
2026-09-15 03:07:40,033 [ERROR] LogOutputStream:75 - [STDERR_REDIRECT] 
2026-09-15 03:07:41,021 [ERROR] LogOutputStream:75 - [STDERR_REDIRECT] [Fatal Error] :1:1: Premature end of file.
2026-09-15 03:07:41,021 [ERROR] LogOutputStream:75 - [STDERR_REDIRECT] 
2026-09-15 03:07:42,031 [ERROR] LogOutputStream:75 - [STDERR_REDIRECT] [Fatal Error] :1:1: Premature end of file.
2026-09-15 03:07:42,031 [ERROR] LogOutputStream:75 - [STDERR_REDIRECT] 
2026-09-15 03:07:43,027 [ERROR] LogOutputStream:75 - [STDERR_REDIRECT] [Fatal Error] :1:1: Premature end of file.
2026-09-15 03:07:43,027 [ERROR] LogOutputStream:75 - [STDERR_REDIRECT] 
2026-09-15 03:07:44,033 [ERROR] LogOutputStream:75 - [STDERR_REDIRECT] [Fatal Error] :1:1: Premature end of file.
2026-09-15 03:07:44,033 [ERROR] LogOutputStream:75 - [STDERR_REDIRECT] 
2026-09-15 03:07:45,031 [ERROR] LogOutputStream:75 - [STDERR_REDIRECT] [Fatal Error] :1:1: Premature end of file.
2026-09-15 03:07:45,031 [ERROR] LogOutputStream:75 - [STDERR_REDIRECT] 
2026-09-15 03:07:46,032 [ERROR] LogOutputStream:75 - [STDERR_REDIRECT] [Fatal Error] :1:1: Premature end of file.
2026-09-15 03:07:46,032 [ERROR] LogOutputStream:75 - [STDERR_REDIRECT] 
2026-09-15 03:07:47,021 [ERROR] LogOutputStream:75 - [STDERR_REDIRECT] [Fatal Error] :1:1: Premature end of file.
2026-09-15 03:07:47,021 [ERROR] LogOutputStream:75 - [STDERR_REDIRECT] 
2026-09-15 03:07:48,031 [ERROR] LogOutputStream:75 - [STDERR_REDIRECT] [Fatal Error] :1:1: Premature end of file.
2026-09-15 03:07:48,031 [ERROR] LogOutputStream:75 - [STDERR_REDIRECT] 
2026-09-15 03:07:49,031 [ERROR] LogOutputStream:75 - [STDERR_REDIRECT] [Fatal Error] :1:1: Premature end of file.
2026-09-15 03:07:49,031 [ERROR] LogOutputStream:75 - [STDERR_REDIRECT] 
2026-09-15 03:07:50,021 [ERROR] LogOutputStream:75 - [STDERR_REDIRECT] [Fatal Error] :1:1: Premature end of file.
2026-09-15 03:07:50,021 [ERROR] LogOutputStream:75 - [STDERR_REDIRECT] 
2026-09-15 03:07:51,021 [ERROR] LogOutputStream:75 - [STDERR_REDIRECT] [Fatal Error] :1:1: Premature end of file.
2026-09-15 03:07:51,021 [ERROR] LogOutputStream:75 - [STDERR_REDIRECT] 
2026-09-15 03:07:52,021 [ERROR] LogOutputStream:75 - [STDERR_REDIRECT] [Fatal Error] :1:1: Premature end of file.
2026-09-15 03:07:52,021 [ERROR] LogOutputStream:75 - [STDERR_REDIRECT] 
2026-09-15 03:07:53,031 [ERROR] LogOutputStream:75 - [STDERR_REDIRECT] [Fatal Error] :1:1: Premature end of file.
2026-09-15 03:07:53,041 [ERROR] LogOutputStream:75 - [STDERR_REDIRECT] 
2026-09-15 03:07:54,021 [ERROR] LogOutputStream:75 - [STDERR_REDIRECT] [Fatal Error] :1:1: Premature end of file.
2026-09-15 03:07:54,021 [ERROR] LogOutputStream:75 - [STDERR_REDIRECT] 
2026-09-15 03:07:55,022 [ERROR] LogOutputStream:75 - [STDERR_REDIRECT] [Fatal Error] :1:1: Premature end of file.
2026-09-15 03:07:55,022 [ERROR] LogOutputStream:75 - [STDERR_REDIRECT] 
2026-09-15 03:07:56,033 [ERROR] LogOutputStream:75 - [STDERR_REDIRECT] [Fatal Error] :1:1: Premature end of file.
2026-09-15 03:07:56,033 [ERROR] LogOutputStream:75 - [STDERR_REDIRECT] 
2026-09-15 03:07:57,031 [ERROR] LogOutputStream:75 - [STDERR_REDIRECT] [Fatal Error] :1:1: Premature end of file.
2026-09-15 03:07:57,031 [ERROR] LogOutputStream:75 - [STDERR_REDIRECT] 
2026-09-15 03:07:58,021 [ERROR] LogOutputStream:75 - [STDERR_REDIRECT] [Fatal Error] :1:1: Premature end of file.
2026-09-15 03:07:58,021 [ERROR] LogOutputStream:75 - [STDERR_REDIRECT] 
2026-09-15 03:07:59,021 [ERROR] LogOutputStream:75 - [STDERR_REDIRECT] [Fatal Error] :1:1: Premature end of file.
2026-09-15 03:07:59,021 [ERROR] LogOutputStream:75 - [STDERR_REDIRECT] 
2026-09-15 03:08:00,022 [ERROR] LogOutputStream:75 - [STDERR_REDIRECT] [Fatal Error] :1:1: Premature end of file.
2026-09-15 03:08:00,022 [ERROR] LogOutputStream:75 - [STDERR_REDIRECT] 
2026-09-15 03:08:01,031 [ERROR] LogOutputStream:75 - [STDERR_REDIRECT] [Fatal Error] :1:1: Premature end of file.
2026-09-15 03:08:01,031 [ERROR] LogOutputStream:75 - [STDERR_REDIRECT] 
2026-09-15 03:08:02,022 [ERROR] LogOutputStream:75 - [STDERR_REDIRECT] [Fatal Error] :1:1: Premature end of file.
2026-09-15 03:08:02,022 [ERROR] LogOutputStream:75 - [STDERR_REDIRECT] 
2026-09-15 03:08:03,021 [ERROR] LogOutputStream:75 - [STDERR_REDIRECT] [Fatal Error] :1:1: Premature end of file.
2026-09-15 03:08:03,021 [ERROR] LogOutputStream:75 - [STDERR_REDIRECT] 
2026-09-15 03:08:04,032 [ERROR] LogOutputStream:75 - [STDERR_REDIRECT] [Fatal Error] :1:1: Premature end of file.
2026-09-15 03:08:04,032 [ERROR] LogOutputStream:75 - [STDERR_REDIRECT] 
2026-09-15 03:08:05,013 [ERROR] LogOutputStream:75 - [STDERR_REDIRECT] [Fatal Error] :1:1: Premature end of file.
2026-09-15 03:08:05,013 [ERROR] LogOutputStream:75 - [STDERR_REDIRECT] 
2026-09-15 03:08:06,022 [ERROR] LogOutputStream:75 - [STDERR_REDIRECT] [Fatal Error] :1:1: Premature end of file.
2026-09-15 03:08:06,022 [ERROR] LogOutputStream:75 - [STDERR_REDIRECT] 
2026-09-15 03:08:07,027 [ERROR] LogOutputStream:75 - [STDERR_REDIRECT] [Fatal Error] :1:1: Premature end of file.
2026-09-15 03:08:07,027 [ERROR] LogOutputStream:75 - [STDERR_REDIRECT] 
2026-09-15 03:08:08,032 [ERROR] LogOutputStream:75 - [STDERR_REDIRECT] [Fatal Error] :1:1: Premature end of file.
2026-09-15 03:08:08,032 [ERROR] LogOutputStream:75 - [STDERR_REDIRECT] 
2026-09-15 03:08:09,032 [ERROR] LogOutputStream:75 - [STDERR_REDIRECT] [Fatal Error] :1:1: Premature end of file.
2026-09-15 03:08:09,032 [ERROR] LogOutputStream:75 - [STDERR_REDIRECT] 
2026-09-15 03:08:10,020 [ERROR] LogOutputStream:75 - [STDERR_REDIRECT] [Fatal Error] :1:1: Premature end of file.
2026-09-15 03:08:10,020 [ERROR] LogOutputStream:75 - [STDERR_REDIRECT] 
2026-09-15 03:08:11,021 [ERROR] LogOutputStream:75 - [STDERR_REDIRECT] [Fatal Error] :1:1: Premature end of file.
2026-09-15 03:08:11,021 [ERROR] LogOutputStream:75 - [STDERR_REDIRECT] 
2026-09-15 03:08:12,022 [ERROR] LogOutputStream:75 - [STDERR_REDIRECT] [Fatal Error] :1:1: Premature end of file.
2026-09-15 03:08:12,022 [ERROR] LogOutputStream:75 - [STDERR_REDIRECT] 
2026-09-15 03:08:13,022 [ERROR] LogOutputStream:75 - [STDERR_REDIRECT] [Fatal Error] :1:1: Premature end of file.
2026-09-15 03:08:13,022 [ERROR] LogOutputStream:75 - [STDERR_REDIRECT] 
2026-09-15 03:08:14,018 [ERROR] LogOutputStream:75 - [STDERR_REDIRECT] [Fatal Error] :1:1: Premature end of file.
2026-09-15 03:08:14,018 [ERROR] LogOutputStream:75 - [STDERR_REDIRECT] 
2026-09-15 03:08:15,022 [ERROR] LogOutputStream:75 - [STDERR_REDIRECT] [Fatal Error] :1:1: Premature end of file.
2026-09-15 03:08:15,022 [ERROR] LogOutputStream:75 - [STDERR_REDIRECT] 
2026-09-15 03:08:16,023 [ERROR] LogOutputStream:75 - [STDERR_REDIRECT] [Fatal Error] :1:1: Premature end of file.
2026-09-15 03:08:16,023 [ERROR] LogOutputStream:75 - [STDERR_REDIRECT] 
2026-09-15 03:08:17,032 [ERROR] LogOutputStream:75 - [STDERR_REDIRECT] [Fatal Error] :1:1: Premature end of file.
2026-09-15 03:08:17,032 [ERROR] LogOutputStream:75 - [STDERR_REDIRECT] 
2026-09-15 03:08:18,025 [ERROR] LogOutputStream:75 - [STDERR_REDIRECT] [Fatal Error] :1:1: Premature end of file.
2026-09-15 03:08:18,025 [ERROR] LogOutputStream:75 - [STDERR_REDIRECT] 
2026-09-15 03:08:19,026 [ERROR] LogOutputStream:75 - [STDERR_REDIRECT] [Fatal Error] :1:1: Premature end of file.
2026-09-15 03:08:19,026 [ERROR] LogOutputStream:75 - [STDERR_REDIRECT] 
2026-09-15 03:08:20,032 [ERROR] LogOutputStream:75 - [STDERR_REDIRECT] [Fatal Error] :1:1: Premature end of file.
2026-09-15 03:08:20,032 [ERROR] LogOutputStream:75 - [STDERR_REDIRECT] 
2026-09-15 03:08:21,032 [ERROR] LogOutputStream:75 - [STDERR_REDIRECT] [Fatal Error] :1:1: Premature end of file.
2026-09-15 03:08:21,032 [ERROR] LogOutputStream:75 - [STDERR_REDIRECT] 
2026-09-15 03:08:22,022 [ERROR] LogOutputStream:75 - [STDERR_REDIRECT] [Fatal Error] :1:1: Premature end of file.
2026-09-15 03:08:22,022 [ERROR] LogOutputStream:75 - [STDERR_REDIRECT] 
2026-09-15 03:08:23,012 [ERROR] LogOutputStream:75 - [STDERR_REDIRECT] [Fatal Error] :1:1: Premature end of file.
2026-09-15 03:08:23,012 [ERROR] LogOutputStream:75 - [STDERR_REDIRECT] 
2026-09-15 03:08:24,027 [ERROR] LogOutputStream:75 - [STDERR_REDIRECT] [Fatal Error] :1:1: Premature end of file.
2026-09-15 03:08:24,027 [ERROR] LogOutputStream:75 - [STDERR_REDIRECT] 
2026-09-15 03:08:25,022 [ERROR] LogOutputStream:75 - [STDERR_REDIRECT] [Fatal Error] :1:1: Premature end of file.
2026-09-15 03:08:25,022 [ERROR] LogOutputStream:75 - [STDERR_REDIRECT] 
2026-09-15 03:08:26,033 [ERROR] LogOutputStream:75 - [STDERR_REDIRECT] [Fatal Error] :1:1: Premature end of file.
2026-09-15 03:08:26,033 [ERROR] LogOutputStream:75 - [STDERR_REDIRECT] 
2026-09-15 03:08:27,034 [ERROR] LogOutputStream:75 - [STDERR_REDIRECT] [Fatal Error] :1:1: Premature end of file.
2026-09-15 03:08:27,034 [ERROR] LogOutputStream:75 - [STDERR_REDIRECT] 
2026-09-15 03:08:28,022 [ERROR] LogOutputStream:75 - [STDERR_REDIRECT] [Fatal Error] :1:1: Premature end of file.
2026-09-15 03:08:28,022 [ERROR] LogOutputStream:75 - [STDERR_REDIRECT] 
2026-09-15 03:08:29,032 [ERROR] LogOutputStream:75 - [STDERR_REDIRECT] [Fatal Error] :1:1: Premature end of file.
2026-09-15 03:08:29,032 [ERROR] LogOutputStream:75 - [STDERR_REDIRECT] 
2026-09-15 03:08:30,032 [ERROR] LogOutputStream:75 - [STDERR_REDIRECT] [Fatal Error] :1:1: Premature end of file.
2026-09-15 03:08:30,032 [ERROR] LogOutputStream:75 - [STDERR_REDIRECT] 
2026-09-15 03:08:31,022 [ERROR] LogOutputStream:75 - [STDERR_REDIRECT] [Fatal Error] :1:1: Premature end of file.
2026-09-15 03:08:31,022 [ERROR] LogOutputStream:75 - [STDERR_REDIRECT] 
2026-09-15 03:08:32,012 [ERROR] LogOutputStream:75 - [STDERR_REDIRECT] [Fatal Error] :1:1: Premature end of file.
2026-09-15 03:08:32,012 [ERROR] LogOutputStream:75 - [STDERR_REDIRECT] 
2026-09-15 03:08:33,022 [ERROR] LogOutputStream:75 - [STDERR_REDIRECT] [Fatal Error] :1:1: Premature end of file.
2026-09-15 03:08:33,022 [ERROR] LogOutputStream:75 - [STDERR_REDIRECT] 
2026-09-15 03:08:34,012 [ERROR] LogOutputStream:75 - [STDERR_REDIRECT] [Fatal Error] :1:1: Premature end of file.
2026-09-15 03:08:34,012 [ERROR] LogOutputStream:75 - [STDERR_REDIRECT] 
2026-09-15 03:08:35,022 [ERROR] LogOutputStream:75 - [STDERR_REDIRECT] [Fatal Error] :1:1: Premature end of file.
2026-09-15 03:08:35,022 [ERROR] LogOutputStream:75 - [STDERR_REDIRECT] 
2026-09-15 03:08:36,032 [ERROR] LogOutputStream:75 - [STDERR_REDIRECT] [Fatal Error] :1:1: Premature end of file.
2026-09-15 03:08:36,032 [ERROR] LogOutputStream:75 - [STDERR_REDIRECT] 
2026-09-15 03:08:37,014 [ERROR] LogOutputStream:75 - [STDERR_REDIRECT] [Fatal Error] :1:1: Premature end of file.
2026-09-15 03:08:37,014 [ERROR] LogOutputStream:75 - [STDERR_REDIRECT] 
2026-09-15 03:08:38,032 [ERROR] LogOutputStream:75 - [STDERR_REDIRECT] [Fatal Error] :1:1: Premature end of file.
2026-09-15 03:08:38,032 [ERROR] LogOutputStream:75 - [STDERR_REDIRECT] 
2026-09-15 03:08:39,023 [ERROR] LogOutputStream:75 - [STDERR_REDIRECT] [Fatal Error] :1:1: Premature end of file.
2026-09-15 03:08:39,023 [ERROR] LogOutputStream:75 - [STDERR_REDIRECT] 
2026-09-15 03:08:40,027 [ERROR] LogOutputStream:75 - [STDERR_REDIRECT] [Fatal Error] :1:1: Premature end of file.
2026-09-15 03:08:40,027 [ERROR] LogOutputStream:75 - [STDERR_REDIRECT] 
2026-09-15 03:08:41,023 [ERROR] LogOutputStream:75 - [STDERR_REDIRECT] [Fatal Error] :1:1: Premature end of file.
2026-09-15 03:08:41,023 [ERROR] LogOutputStream:75 - [STDERR_REDIRECT] 
2026-09-15 03:08:42,028 [ERROR] LogOutputStream:75 - [STDERR_REDIRECT] [Fatal Error] :1:1: Premature end of file.
2026-09-15 03:08:42,028 [ERROR] LogOutputStream:75 - [STDERR_REDIRECT] 
2026-09-15 03:08:43,022 [ERROR] LogOutputStream:75 - [STDERR_REDIRECT] [Fatal Error] :1:1: Premature end of file.
2026-09-15 03:08:43,022 [ERROR] LogOutputStream:75 - [STDERR_REDIRECT] 
2026-09-15 03:08:44,023 [ERROR] LogOutputStream:75 - [STDERR_REDIRECT] [Fatal Error] :1:1: Premature end of file.
2026-09-15 03:08:44,023 [ERROR] LogOutputStream:75 - [STDERR_REDIRECT] 
2026-09-15 03:08:45,023 [ERROR] LogOutputStream:75 - [STDERR_REDIRECT] [Fatal Error] :1:1: Premature end of file.
2026-09-15 03:08:45,023 [ERROR] LogOutputStream:75 - [STDERR_REDIRECT] 
2026-09-15 03:08:46,013 [ERROR] LogOutputStream:75 - [STDERR_REDIRECT] [Fatal Error] :1:1: Premature end of file.
2026-09-15 03:08:46,013 [ERROR] LogOutputStream:75 - [STDERR_REDIRECT] 
2026-09-15 03:08:47,023 [ERROR] LogOutputStream:75 - [STDERR_REDIRECT] [Fatal Error] :1:1: Premature end of file.
2026-09-15 03:08:47,023 [ERROR] LogOutputStream:75 - [STDERR_REDIRECT] 
2026-09-15 03:08:48,028 [ERROR] LogOutputStream:75 - [STDERR_REDIRECT] [Fatal Error] :1:1: Premature end of file.
2026-09-15 03:08:48,028 [ERROR] LogOutputStream:75 - [STDERR_REDIRECT] 
2026-09-15 03:08:49,014 [ERROR] LogOutputStream:75 - [STDERR_REDIRECT] [Fatal Error] :1:1: Premature end of file.
2026-09-15 03:08:49,014 [ERROR] LogOutputStream:75 - [STDERR_REDIRECT] 
2026-09-15 03:08:50,033 [ERROR] LogOutputStream:75 - [STDERR_REDIRECT] [Fatal Error] :1:1: Premature end of file.
2026-09-15 03:08:50,033 [ERROR] LogOutputStream:75 - [STDERR_REDIRECT] 
2026-09-15 03:08:51,023 [ERROR] LogOutputStream:75 - [STDERR_REDIRECT] [Fatal Error] :1:1: Premature end of file.
2026-09-15 03:08:51,023 [ERROR] LogOutputStream:75 - [STDERR_REDIRECT] 
2026-09-15 03:08:52,023 [ERROR] LogOutputStream:75 - [STDERR_REDIRECT] [Fatal Error] :1:1: Premature end of file.
2026-09-15 03:08:52,023 [ERROR] LogOutputStream:75 - [STDERR_REDIRECT] 
2026-09-15 03:08:53,033 [ERROR] LogOutputStream:75 - [STDERR_REDIRECT] [Fatal Error] :1:1: Premature end of file.
2026-09-15 03:08:53,033 [ERROR] LogOutputStream:75 - [STDERR_REDIRECT] 
2026-09-15 03:08:54,033 [ERROR] LogOutputStream:75 - [STDERR_REDIRECT] [Fatal Error] :1:1: Premature end of file.
2026-09-15 03:08:54,033 [ERROR] LogOutputStream:75 - [STDERR_REDIRECT] 
2026-09-15 03:08:55,018 [ERROR] LogOutputStream:75 - [STDERR_REDIRECT] [Fatal Error] :1:1: Premature end of file.
2026-09-15 03:08:55,018 [ERROR] LogOutputStream:75 - [STDERR_REDIRECT] 
2026-09-15 03:08:56,020 [ERROR] LogOutputStream:75 - [STDERR_REDIRECT] [Fatal Error] :1:1: Premature end of file.
2026-09-15 03:08:56,023 [ERROR] LogOutputStream:75 - [STDERR_REDIRECT] 
2026-09-15 03:08:57,023 [ERROR] LogOutputStream:75 - [STDERR_REDIRECT] [Fatal Error] :1:1: Premature end of file.
2026-09-15 03:08:57,023 [ERROR] LogOutputStream:75 - [STDERR_REDIRECT] 
2026-09-15 03:08:58,027 [ERROR] LogOutputStream:75 - [STDERR_REDIRECT] [Fatal Error] :1:1: Premature end of file.
2026-09-15 03:08:58,027 [ERROR] LogOutputStream:75 - [STDERR_REDIRECT] 
2026-09-15 03:08:59,023 [ERROR] LogOutputStream:75 - [STDERR_REDIRECT] [Fatal Error] :1:1: Premature end of file.
2026-09-15 03:08:59,023 [ERROR] LogOutputStream:75 - [STDERR_REDIRECT] 
2026-09-15 03:09:00,023 [ERROR] LogOutputStream:75 - [STDERR_REDIRECT] [Fatal Error] :1:1: Premature end of file.
2026-09-15 03:09:00,023 [ERROR] LogOutputStream:75 - [STDERR_REDIRECT] 
2026-09-15 03:09:01,023 [ERROR] LogOutputStream:75 - [STDERR_REDIRECT] [Fatal Error] :1:1: Premature end of file.
2026-09-15 03:09:01,023 [ERROR] LogOutputStream:75 - [STDERR_REDIRECT] 
2026-09-15 03:09:02,023 [ERROR] LogOutputStream:75 - [STDERR_REDIRECT] [Fatal Error] :1:1: Premature end of file.
2026-09-15 03:09:02,023 [ERROR] LogOutputStream:75 - [STDERR_REDIRECT] 
2026-09-15 03:09:03,023 [ERROR] LogOutputStream:75 - [STDERR_REDIRECT] [Fatal Error] :1:1: Premature end of file.
2026-09-15 03:09:03,023 [ERROR] LogOutputStream:75 - [STDERR_REDIRECT] 
2026-09-15 03:09:04,023 [ERROR] LogOutputStream:75 - [STDERR_REDIRECT] [Fatal Error] :1:1: Premature end of file.
2026-09-15 03:09:04,023 [ERROR] LogOutputStream:75 - [STDERR_REDIRECT] 
2026-09-15 03:09:05,027 [ERROR] LogOutputStream:75 - [STDERR_REDIRECT] [Fatal Error] :1:1: Premature end of file.
2026-09-15 03:09:05,031 [ERROR] LogOutputStream:75 - [STDERR_REDIRECT] 
2026-09-15 03:09:06,023 [ERROR] LogOutputStream:75 - [STDERR_REDIRECT] [Fatal Error] :1:1: Premature end of file.
2026-09-15 03:09:06,023 [ERROR] LogOutputStream:75 - [STDERR_REDIRECT] 
2026-09-15 03:09:07,023 [ERROR] LogOutputStream:75 - [STDERR_REDIRECT] [Fatal Error] :1:1: Premature end of file.
2026-09-15 03:09:07,023 [ERROR] LogOutputStream:75 - [STDERR_REDIRECT] 
2026-09-15 03:09:08,027 [ERROR] LogOutputStream:75 - [STDERR_REDIRECT] [Fatal Error] :1:1: Premature end of file.
2026-09-15 03:09:08,027 [ERROR] LogOutputStream:75 - [STDERR_REDIRECT] 
2026-09-15 03:09:09,023 [ERROR] LogOutputStream:75 - [STDERR_REDIRECT] [Fatal Error] :1:1: Premature end of file.
2026-09-15 03:09:09,023 [ERROR] LogOutputStream:75 - [STDERR_REDIRECT] 
2026-09-15 03:09:10,023 [ERROR] LogOutputStream:75 - [STDERR_REDIRECT] [Fatal Error] :1:1: Premature end of file.
2026-09-15 03:09:10,023 [ERROR] LogOutputStream:75 - [STDERR_REDIRECT] 
2026-09-15 03:09:11,033 [ERROR] LogOutputStream:75 - [STDERR_REDIRECT] [Fatal Error] :1:1: Premature end of file.
2026-09-15 03:09:11,033 [ERROR] LogOutputStream:75 - [STDERR_REDIRECT] 
2026-09-15 03:09:12,033 [ERROR] LogOutputStream:75 - [STDERR_REDIRECT] [Fatal Error] :1:1: Premature end of file.
2026-09-15 03:09:12,033 [ERROR] LogOutputStream:75 - [STDERR_REDIRECT] 
2026-09-15 03:09:13,033 [ERROR] LogOutputStream:75 - [STDERR_REDIRECT] [Fatal Error] :1:1: Premature end of file.
2026-09-15 03:09:13,033 [ERROR] LogOutputStream:75 - [STDERR_REDIRECT] 
2026-09-15 03:09:14,013 [ERROR] LogOutputStream:75 - [STDERR_REDIRECT] [Fatal Error] :1:1: Premature end of file.
2026-09-15 03:09:14,013 [ERROR] LogOutputStream:75 - [STDERR_REDIRECT] 
2026-09-15 03:09:15,018 [ERROR] LogOutputStream:75 - [STDERR_REDIRECT] [Fatal Error] :1:1: Premature end of file.
2026-09-15 03:09:15,018 [ERROR] LogOutputStream:75 - [STDERR_REDIRECT] 
2026-09-15 03:09:16,024 [ERROR] LogOutputStream:75 - [STDERR_REDIRECT] [Fatal Error] :1:1: Premature end of file.
2026-09-15 03:09:16,024 [ERROR] LogOutputStream:75 - [STDERR_REDIRECT] 
2026-09-15 03:09:17,023 [ERROR] LogOutputStream:75 - [STDERR_REDIRECT] [Fatal Error] :1:1: Premature end of file.
2026-09-15 03:09:17,023 [ERROR] LogOutputStream:75 - [STDERR_REDIRECT] 
2026-09-15 03:09:18,023 [ERROR] LogOutputStream:75 - [STDERR_REDIRECT] [Fatal Error] :1:1: Premature end of file.
2026-09-15 03:09:18,023 [ERROR] LogOutputStream:75 - [STDERR_REDIRECT] 
2026-09-15 03:09:19,024 [ERROR] LogOutputStream:75 - [STDERR_REDIRECT] [Fatal Error] :1:1: Premature end of file.
2026-09-15 03:09:19,024 [ERROR] LogOutputStream:75 - [STDERR_REDIRECT] 
2026-09-15 03:09:20,024 [ERROR] LogOutputStream:75 - [STDERR_REDIRECT] [Fatal Error] :1:1: Premature end of file.
2026-09-15 03:09:20,024 [ERROR] LogOutputStream:75 - [STDERR_REDIRECT] 
2026-09-15 03:09:21,034 [ERROR] LogOutputStream:75 - [STDERR_REDIRECT] [Fatal Error] :1:1: Premature end of file.
2026-09-15 03:09:21,034 [ERROR] LogOutputStream:75 - [STDERR_REDIRECT] 
2026-09-15 03:09:22,034 [ERROR] LogOutputStream:75 - [STDERR_REDIRECT] [Fatal Error] :1:1: Premature end of file.
2026-09-15 03:09:22,034 [ERROR] LogOutputStream:75 - [STDERR_REDIRECT] 
2026-09-15 03:09:23,023 [ERROR] LogOutputStream:75 - [STDERR_REDIRECT] [Fatal Error] :1:1: Premature end of file.
2026-09-15 03:09:23,023 [ERROR] LogOutputStream:75 - [STDERR_REDIRECT] 
2026-09-15 03:09:24,023 [ERROR] LogOutputStream:75 - [STDERR_REDIRECT] [Fatal Error] :1:1: Premature end of file.
2026-09-15 03:09:24,023 [ERROR] LogOutputStream:75 - [STDERR_REDIRECT] 
2026-09-15 03:09:25,029 [ERROR] LogOutputStream:75 - [STDERR_REDIRECT] [Fatal Error] :1:1: Premature end of file.
2026-09-15 03:09:25,029 [ERROR] LogOutputStream:75 - [STDERR_REDIRECT] 
2026-09-15 03:09:26,028 [ERROR] LogOutputStream:75 - [STDERR_REDIRECT] [Fatal Error] :1:1: Premature end of file.
2026-09-15 03:09:26,028 [ERROR] LogOutputStream:75 - [STDERR_REDIRECT] 
2026-09-15 03:09:27,033 [ERROR] LogOutputStream:75 - [STDERR_REDIRECT] [Fatal Error] :1:1: Premature end of file.
2026-09-15 03:09:27,033 [ERROR] LogOutputStream:75 - [STDERR_REDIRECT] 
2026-09-15 03:09:28,034 [ERROR] LogOutputStream:75 - [STDERR_REDIRECT] [Fatal Error] :1:1: Premature end of file.
2026-09-15 03:09:28,034 [ERROR] LogOutputStream:75 - [STDERR_REDIRECT] 
2026-09-15 03:09:29,024 [ERROR] LogOutputStream:75 - [STDERR_REDIRECT] [Fatal Error] :1:1: Premature end of file.
2026-09-15 03:09:29,024 [ERROR] LogOutputStream:75 - [STDERR_REDIRECT] 
2026-09-15 03:09:30,034 [ERROR] LogOutputStream:75 - [STDERR_REDIRECT] [Fatal Error] :1:1: Premature end of file.
2026-09-15 03:09:30,034 [ERROR] LogOutputStream:75 - [STDERR_REDIRECT] 
2026-09-15 03:09:31,014 [ERROR] LogOutputStream:75 - [STDERR_REDIRECT] [Fatal Error] :1:1: Premature end of file.
2026-09-15 03:09:31,014 [ERROR] LogOutputStream:75 - [STDERR_REDIRECT] 
2026-09-15 03:09:32,024 [ERROR] LogOutputStream:75 - [STDERR_REDIRECT] [Fatal Error] :1:1: Premature end of file.
2026-09-15 03:09:32,024 [ERROR] LogOutputStream:75 - [STDERR_REDIRECT] 
2026-09-15 03:09:33,034 [ERROR] LogOutputStream:75 - [STDERR_REDIRECT] [Fatal Error] :1:1: Premature end of file.
2026-09-15 03:09:33,034 [ERROR] LogOutputStream:75 - [STDERR_REDIRECT] 
2026-09-15 03:09:34,014 [ERROR] LogOutputStream:75 - [STDERR_REDIRECT] [Fatal Error] :1:1: Premature end of file.
2026-09-15 03:09:34,014 [ERROR] LogOutputStream:75 - [STDERR_REDIRECT] 
2026-09-15 03:09:35,024 [ERROR] LogOutputStream:75 - [STDERR_REDIRECT] [Fatal Error] :1:1: Premature end of file.
2026-09-15 03:09:35,024 [ERROR] LogOutputStream:75 - [STDERR_REDIRECT] 
2026-09-15 03:09:36,028 [ERROR] LogOutputStream:75 - [STDERR_REDIRECT] [Fatal Error] :1:1: Premature end of file.
2026-09-15 03:09:36,028 [ERROR] LogOutputStream:75 - [STDERR_REDIRECT] 
2026-09-15 03:09:37,014 [ERROR] LogOutputStream:75 - [STDERR_REDIRECT] [Fatal Error] :1:1: Premature end of file.
2026-09-15 03:09:37,014 [ERROR] LogOutputStream:75 - [STDERR_REDIRECT] 
2026-09-15 03:09:38,024 [ERROR] LogOutputStream:75 - [STDERR_REDIRECT] [Fatal Error] :1:1: Premature end of file.
2026-09-15 03:09:38,024 [ERROR] LogOutputStream:75 - [STDERR_REDIRECT] 
2026-09-15 03:09:39,024 [ERROR] LogOutputStream:75 - [STDERR_REDIRECT] [Fatal Error] :1:1: Premature end of file.
2026-09-15 03:09:39,024 [ERROR] LogOutputStream:75 - [STDERR_REDIRECT] 
2026-09-15 03:09:40,032 [ERROR] LogOutputStream:75 - [STDERR_REDIRECT] [Fatal Error] :1:1: Premature end of file.
2026-09-15 03:09:40,032 [ERROR] LogOutputStream:75 - [STDERR_REDIRECT] 
2026-09-15 03:09:41,020 [ERROR] LogOutputStream:75 - [STDERR_REDIRECT] [Fatal Error] :1:1: Premature end of file.
2026-09-15 03:09:41,020 [ERROR] LogOutputStream:75 - [STDERR_REDIRECT] 
2026-09-15 03:09:42,024 [ERROR] LogOutputStream:75 - [STDERR_REDIRECT] [Fatal Error] :1:1: Premature end of file.
2026-09-15 03:09:42,024 [ERROR] LogOutputStream:75 - [STDERR_REDIRECT] 
2026-09-15 03:09:43,024 [ERROR] LogOutputStream:75 - [STDERR_REDIRECT] [Fatal Error] :1:1: Premature end of file.
2026-09-15 03:09:43,024 [ERROR] LogOutputStream:75 - [STDERR_REDIRECT] 
2026-09-15 03:09:44,034 [ERROR] LogOutputStream:75 - [STDERR_REDIRECT] [Fatal Error] :1:1: Premature end of file.
2026-09-15 03:09:44,034 [ERROR] LogOutputStream:75 - [STDERR_REDIRECT] 
2026-09-15 03:09:45,014 [ERROR] LogOutputStream:75 - [STDERR_REDIRECT] [Fatal Error] :1:1: Premature end of file.
2026-09-15 03:09:45,014 [ERROR] LogOutputStream:75 - [STDERR_REDIRECT] 
2026-09-15 03:09:46,024 [ERROR] LogOutputStream:75 - [STDERR_REDIRECT] [Fatal Error] :1:1: Premature end of file.
2026-09-15 03:09:46,024 [ERROR] LogOutputStream:75 - [STDERR_REDIRECT] 
2026-09-15 03:09:47,022 [ERROR] LogOutputStream:75 - [STDERR_REDIRECT] [Fatal Error] :1:1: Premature end of file.
2026-09-15 03:09:47,024 [ERROR] LogOutputStream:75 - [STDERR_REDIRECT] 
2026-09-15 03:09:48,014 [ERROR] LogOutputStream:75 - [STDERR_REDIRECT] [Fatal Error] :1:1: Premature end of file.
2026-09-15 03:09:48,014 [ERROR] LogOutputStream:75 - [STDERR_REDIRECT] 
2026-09-15 03:09:49,024 [ERROR] LogOutputStream:75 - [STDERR_REDIRECT] [Fatal Error] :1:1: Premature end of file.
2026-09-15 03:09:49,024 [ERROR] LogOutputStream:75 - [STDERR_REDIRECT] 
2026-09-15 03:09:50,034 [ERROR] LogOutputStream:75 - [STDERR_REDIRECT] [Fatal Error] :1:1: Premature end of file.
2026-09-15 03:09:50,034 [ERROR] LogOutputStream:75 - [STDERR_REDIRECT] 
2026-09-15 03:09:51,034 [ERROR] LogOutputStream:75 - [STDERR_REDIRECT] [Fatal Error] :1:1: Premature end of file.
2026-09-15 03:09:51,034 [ERROR] LogOutputStream:75 - [STDERR_REDIRECT] 
2026-09-15 03:09:52,022 [ERROR] LogOutputStream:75 - [STDERR_REDIRECT] [Fatal Error] :1:1: Premature end of file.
2026-09-15 03:09:52,022 [ERROR] LogOutputStream:75 - [STDERR_REDIRECT] 
2026-09-15 03:09:53,019 [ERROR] LogOutputStream:75 - [STDERR_REDIRECT] [Fatal Error] :1:1: Premature end of file.
2026-09-15 03:09:53,019 [ERROR] LogOutputStream:75 - [STDERR_REDIRECT] 
2026-09-15 03:09:54,020 [ERROR] LogOutputStream:75 - [STDERR_REDIRECT] [Fatal Error] :1:1: Premature end of file.
2026-09-15 03:09:54,020 [ERROR] LogOutputStream:75 - [STDERR_REDIRECT] 
2026-09-15 03:09:54,742 [INFO] McuFinderGlobals:63 - Set McuFinder mode to 2 (CubeIDE integrated)
2026-09-15 03:09:54,787 [INFO] MainUpdater:2873 - connection check result : 10
2026-09-15 03:09:54,794 [INFO] MainUpdater:2873 - connection check result : 10
2026-09-15 03:09:55,021 [ERROR] LogOutputStream:75 - [STDERR_REDIRECT] [Fatal Error] :1:1: Premature end of file.
2026-09-15 03:09:55,021 [ERROR] LogOutputStream:75 - [STDERR_REDIRECT] 
2026-09-15 03:09:55,130 [INFO] MicroXplorer:468 - Change Database Path : 
2026-09-15 03:09:55,131 [INFO] MicroXplorer:498 - Change Database Version : DB.6.0.110
2026-09-15 03:09:55,229 [WARN] ThirdParty:871 - waiting for thirdparty lock release [close project]
2026-09-15 03:09:55,229 [INFO] ThirdParty:873 - entering critical section [close project]
2026-09-15 03:09:55,230 [INFO] ThirdParty:883 - exiting critical section [close project]
2026-09-15 03:09:55,232 [INFO] PinOutPanel:1561 - setPackage(No Configuration,No Configuration)
2026-09-15 03:09:55,236 [INFO] UtilMem:75 - Begin LoadConfig() Used Memory: 844351528 Bytes (1073741824)
2026-09-15 03:09:55,237 [INFO] MicroXplorer:468 - Change Database Path : 
2026-09-15 03:09:55,237 [INFO] MicroXplorer:498 - Change Database Version : DB.6.0.110
2026-09-15 03:09:55,237 [INFO] OpenFileManager:312 - Change cursor
2026-09-15 03:09:55,253 [INFO] ThirdPartyDownloadManager:103 - Found SW packSTMicroelectronics.X-CUBE-TOUCHGFX.4.26.0up-to-date on disk
2026-09-15 03:09:55,396 [INFO] Mcu:2021 - Initializing MCU STM32F411C(C-E)Ux STM32F411CEUx STM32F411CEU6
2026-09-15 03:09:56,046 [ERROR] LogOutputStream:75 - [STDERR_REDIRECT] [Fatal Error] :1:1: Premature end of file.
2026-09-15 03:09:56,046 [ERROR] LogOutputStream:75 - [STDERR_REDIRECT] 
2026-09-15 03:09:57,027 [ERROR] LogOutputStream:75 - [STDERR_REDIRECT] [Fatal Error] :1:1: Premature end of file.
2026-09-15 03:09:57,027 [ERROR] LogOutputStream:75 - [STDERR_REDIRECT] 
2026-09-15 03:09:57,641 [INFO] Context:663 - Trying to add GPIOservice into a context  which must be forbidden
2026-09-15 03:09:58,048 [ERROR] LogOutputStream:75 - [STDERR_REDIRECT] [Fatal Error] :1:1: Premature end of file.
2026-09-15 03:09:58,049 [ERROR] LogOutputStream:75 - [STDERR_REDIRECT] 
2026-09-15 03:09:58,278 [INFO] ApiDbMcu:508 - Load IP Config File for STMicroelectronics.X-CUBE-TOUCHGFX.4.26.0
2026-09-15 03:09:58,607 [INFO] RtosManager:555 - Registered RTOS mode: class=CMSIS, group=RTOS, mode=CMSIS_V1, owner=FREERTOS
2026-09-15 03:09:58,607 [INFO] RtosManager:555 - Registered RTOS mode: class=CMSIS, group=RTOS2, mode=CMSIS_V2, owner=FREERTOS
2026-09-15 03:09:58,607 [INFO] RtosManager:555 - Registered RTOS mode: class=RTOS, group=Core, mode=CMSIS_V1, owner=FREERTOS
2026-09-15 03:09:58,607 [INFO] RtosManager:555 - Registered RTOS mode: class=RTOS, group=Core, mode=CMSIS_V2, owner=FREERTOS
2026-09-15 03:09:58,608 [WARN] ModelIntegratedComponent:184 - Missing modes for component STMicroelectronics:FreeRTOS:0.0.1:STMicroelectronics:RTOS:FreeRTOS:Core:::10.2.0:
2026-09-15 03:09:58,658 [WARN] ModelIntegratedComponent:63 - No mode defined for component null
2026-09-15 03:09:58,659 [WARN] ModelIntegratedComponent:63 - No mode defined for component null
2026-09-15 03:09:58,659 [WARN] ModelIntegratedComponent:63 - No mode defined for component null
2026-09-15 03:09:58,659 [WARN] ModelIntegratedComponent:63 - No mode defined for component null
2026-09-15 03:09:58,659 [WARN] ModelIntegratedComponent:63 - No mode defined for component null
2026-09-15 03:09:58,659 [WARN] ModelIntegratedComponent:63 - No mode defined for component null
2026-09-15 03:09:58,659 [WARN] ModelIntegratedComponent:63 - No mode defined for component null
2026-09-15 03:09:58,659 [WARN] ModelIntegratedComponent:63 - No mode defined for component null
2026-09-15 03:09:58,659 [WARN] ModelIntegratedComponent:63 - No mode defined for component null
2026-09-15 03:09:58,659 [WARN] ModelIntegratedComponent:63 - No mode defined for component null
2026-09-15 03:09:58,659 [WARN] ModelIntegratedComponent:63 - No mode defined for component null
2026-09-15 03:09:58,659 [WARN] ModelIntegratedComponent:63 - No mode defined for component null
2026-09-15 03:09:58,659 [WARN] ModelIntegratedComponent:63 - No mode defined for component null
2026-09-15 03:09:58,659 [WARN] ModelIntegratedComponent:63 - No mode defined for component null
2026-09-15 03:09:58,659 [WARN] ModelIntegratedComponent:63 - No mode defined for component null
2026-09-15 03:09:58,659 [WARN] ModelIntegratedComponent:63 - No mode defined for component null
2026-09-15 03:09:58,659 [WARN] ModelIntegratedComponent:63 - No mode defined for component null
2026-09-15 03:09:58,659 [WARN] ModelIntegratedComponent:63 - No mode defined for component null
2026-09-15 03:09:58,659 [WARN] ModelIntegratedComponent:63 - No mode defined for component null
2026-09-15 03:09:58,660 [WARN] ModelIntegratedComponent:63 - No mode defined for component null
2026-09-15 03:09:58,660 [WARN] ModelIntegratedComponent:63 - No mode defined for component null
2026-09-15 03:09:58,660 [WARN] ModelIntegratedComponent:63 - No mode defined for component null
2026-09-15 03:09:58,660 [WARN] ModelIntegratedComponent:63 - No mode defined for component null
2026-09-15 03:09:58,660 [WARN] ModelIntegratedComponent:63 - No mode defined for component null
2026-09-15 03:09:58,660 [WARN] ModelIntegratedComponent:63 - No mode defined for component null
2026-09-15 03:09:58,660 [WARN] ModelIntegratedComponent:63 - No mode defined for component null
2026-09-15 03:09:58,660 [WARN] ModelIntegratedComponent:63 - No mode defined for component null
2026-09-15 03:09:58,660 [WARN] ModelIntegratedComponent:63 - No mode defined for component null
2026-09-15 03:09:58,660 [WARN] ModelIntegratedComponent:63 - No mode defined for component null
2026-09-15 03:09:58,660 [WARN] ModelIntegratedComponent:63 - No mode defined for component null
2026-09-15 03:09:58,660 [WARN] ModelIntegratedComponent:63 - No mode defined for component null
2026-09-15 03:09:58,660 [WARN] ModelIntegratedComponent:63 - No mode defined for component null
2026-09-15 03:09:58,660 [WARN] ModelIntegratedComponent:63 - No mode defined for component null
2026-09-15 03:09:58,660 [WARN] ModelIntegratedComponent:63 - No mode defined for component null
2026-09-15 03:09:58,741 [WARN] ModelIntegratedComponent:182 - Modes not found for component STMicroelectronics:USB_DEVICE:1.0.0:STMicroelectronics:USB::USB Device:Audio HS::1.0:USB_DEVICE_1_0_RESTRICTED_HS
2026-09-15 03:09:58,741 [WARN] ModelIntegratedComponent:188 - Modes not found for component STMicroelectronics:USB_DEVICE:1.0.0:STMicroelectronics:USB::USB Device:Audio HS::1.0:USB_DEVICE_1_0_RESTRICTED_HS
2026-09-15 03:09:58,741 [WARN] ModelIntegratedComponent:182 - Modes not found for component STMicroelectronics:USB_DEVICE:1.0.0:STMicroelectronics:USB::USB Device:CDC HS::1.0:USB_DEVICE_1_0_RESTRICTED_HS
2026-09-15 03:09:58,741 [WARN] ModelIntegratedComponent:188 - Modes not found for component STMicroelectronics:USB_DEVICE:1.0.0:STMicroelectronics:USB::USB Device:CDC HS::1.0:USB_DEVICE_1_0_RESTRICTED_HS
2026-09-15 03:09:58,741 [WARN] ModelIntegratedComponent:182 - Modes not found for component STMicroelectronics:USB_DEVICE:1.0.0:STMicroelectronics:USB::USB Device:DFU HS::1.0:USB_DEVICE_1_0_RESTRICTED_HS
2026-09-15 03:09:58,741 [WARN] ModelIntegratedComponent:188 - Modes not found for component STMicroelectronics:USB_DEVICE:1.0.0:STMicroelectronics:USB::USB Device:DFU HS::1.0:USB_DEVICE_1_0_RESTRICTED_HS
2026-09-15 03:09:58,741 [WARN] ModelIntegratedComponent:182 - Modes not found for component STMicroelectronics:USB_DEVICE:1.0.0:STMicroelectronics:USB::USB Device:HID HS::1.0:USB_DEVICE_1_0_RESTRICTED_HS
2026-09-15 03:09:58,741 [WARN] ModelIntegratedComponent:188 - Modes not found for component STMicroelectronics:USB_DEVICE:1.0.0:STMicroelectronics:USB::USB Device:HID HS::1.0:USB_DEVICE_1_0_RESTRICTED_HS
2026-09-15 03:09:58,741 [WARN] ModelIntegratedComponent:182 - Modes not found for component STMicroelectronics:USB_DEVICE:1.0.0:STMicroelectronics:USB::USB Device:Custom HID HS::1.0:USB_DEVICE_1_0_RESTRICTED_HS
2026-09-15 03:09:58,741 [WARN] ModelIntegratedComponent:188 - Modes not found for component STMicroelectronics:USB_DEVICE:1.0.0:STMicroelectronics:USB::USB Device:Custom HID HS::1.0:USB_DEVICE_1_0_RESTRICTED_HS
2026-09-15 03:09:58,741 [WARN] ModelIntegratedComponent:182 - Modes not found for component STMicroelectronics:USB_DEVICE:1.0.0:STMicroelectronics:USB::USB Device:MSC HS::1.0:USB_DEVICE_1_0_RESTRICTED_HS
2026-09-15 03:09:58,741 [WARN] ModelIntegratedComponent:188 - Modes not found for component STMicroelectronics:USB_DEVICE:1.0.0:STMicroelectronics:USB::USB Device:MSC HS::1.0:USB_DEVICE_1_0_RESTRICTED_HS
2026-09-15 03:09:58,867 [WARN] ModelIntegratedComponent:182 - Modes not found for component STMicroelectronics:USB_HOST:1.0.0:STMicroelectronics:USB::USB Host:Audio HS::1.0:USB_HOST_1_0_RESTRICTED_HS
2026-09-15 03:09:58,868 [WARN] ModelIntegratedComponent:188 - Modes not found for component STMicroelectronics:USB_HOST:1.0.0:STMicroelectronics:USB::USB Host:Audio HS::1.0:USB_HOST_1_0_RESTRICTED_HS
2026-09-15 03:09:58,868 [WARN] ModelIntegratedComponent:182 - Modes not found for component STMicroelectronics:USB_HOST:1.0.0:STMicroelectronics:USB::USB Host:CDC HS::1.0:USB_HOST_1_0_RESTRICTED_HS
2026-09-15 03:09:58,868 [WARN] ModelIntegratedComponent:188 - Modes not found for component STMicroelectronics:USB_HOST:1.0.0:STMicroelectronics:USB::USB Host:CDC HS::1.0:USB_HOST_1_0_RESTRICTED_HS
2026-09-15 03:09:58,868 [WARN] ModelIntegratedComponent:182 - Modes not found for component STMicroelectronics:USB_HOST:1.0.0:STMicroelectronics:USB::USB Host:MSC HS::1.0:USB_HOST_1_0_RESTRICTED_HS
2026-09-15 03:09:58,868 [WARN] ModelIntegratedComponent:188 - Modes not found for component STMicroelectronics:USB_HOST:1.0.0:STMicroelectronics:USB::USB Host:MSC HS::1.0:USB_HOST_1_0_RESTRICTED_HS
2026-09-15 03:09:58,868 [WARN] ModelIntegratedComponent:182 - Modes not found for component STMicroelectronics:USB_HOST:1.0.0:STMicroelectronics:USB::USB Host:HID HS::1.0:USB_HOST_1_0_RESTRICTED_HS
2026-09-15 03:09:58,868 [WARN] ModelIntegratedComponent:188 - Modes not found for component STMicroelectronics:USB_HOST:1.0.0:STMicroelectronics:USB::USB Host:HID HS::1.0:USB_HOST_1_0_RESTRICTED_HS
2026-09-15 03:09:58,868 [WARN] ModelIntegratedComponent:182 - Modes not found for component STMicroelectronics:USB_HOST:1.0.0:STMicroelectronics:USB::USB Host:MTP HS::1.0:USB_HOST_1_0_RESTRICTED_HS
2026-09-15 03:09:58,868 [WARN] ModelIntegratedComponent:188 - Modes not found for component STMicroelectronics:USB_HOST:1.0.0:STMicroelectronics:USB::USB Host:MTP HS::1.0:USB_HOST_1_0_RESTRICTED_HS
2026-09-15 03:09:59,003 [WARN] IP:2120 - tgfx_framebuffer_stride_value_custom not found: check if there is a RefParameter without a condition.
2026-09-15 03:09:59,014 [WARN] IP:2120 - tgfx_framebuffer_stride_value_custom not found: check if there is a RefParameter without a condition.
2026-09-15 03:09:59,027 [ERROR] LogOutputStream:75 - [STDERR_REDIRECT] [Fatal Error] :1:1: Premature end of file.
2026-09-15 03:09:59,027 [ERROR] LogOutputStream:75 - [STDERR_REDIRECT] 
2026-09-15 03:09:59,864 [INFO] ApiDbMcu:508 - Load IP Config File for FREERTOS
2026-09-15 03:09:59,904 [INFO] ThirdPartyModel:298 - Start build external matchings
2026-09-15 03:10:00,024 [ERROR] LogOutputStream:75 - [STDERR_REDIRECT] [Fatal Error] :1:1: Premature end of file.
2026-09-15 03:10:00,024 [ERROR] LogOutputStream:75 - [STDERR_REDIRECT] 
2026-09-15 03:10:01,021 [ERROR] LogOutputStream:75 - [STDERR_REDIRECT] [Fatal Error] :1:1: Premature end of file.
2026-09-15 03:10:01,021 [ERROR] LogOutputStream:75 - [STDERR_REDIRECT] 
2026-09-15 03:10:02,024 [ERROR] LogOutputStream:75 - [STDERR_REDIRECT] [Fatal Error] :1:1: Premature end of file.
2026-09-15 03:10:02,026 [ERROR] LogOutputStream:75 - [STDERR_REDIRECT] 
2026-09-15 03:10:02,734 [INFO] ThirdPartyModel:316 - End build external matchings
2026-09-15 03:10:02,842 [INFO] RtosManager:919 - Current active RTOS is FREERTOS [Cortex-M4NS]
2026-09-15 03:10:02,874 [INFO] ImportTextPane:194 - (OptionalMessage_ERROR) IP (DMA) : Parameter (Instance) has Id (SPI1_TX) currently not set
2026-09-15 03:10:02,874 [INFO] ImportTextPane:194 - (OptionalMessage_ERROR) IP (DMA) : Parameter (Channel) has Id (SPI1_TX) currently not set
2026-09-15 03:10:02,874 [INFO] ImportTextPane:194 - (OptionalMessage_ERROR) IP (DMA) : Parameter (Direction) has Id (SPI1_TX) currently not set
2026-09-15 03:10:02,875 [INFO] ImportTextPane:194 - (OptionalMessage_ERROR) IP (DMA) : Parameter (PeriphInc) has Id (SPI1_TX) currently not set
2026-09-15 03:10:02,875 [INFO] ImportTextPane:194 - (OptionalMessage_ERROR) IP (DMA) : Parameter (MemInc) has Id (SPI1_TX) currently not set
2026-09-15 03:10:02,875 [INFO] ImportTextPane:194 - (OptionalMessage_ERROR) IP (DMA) : Parameter (PeriphDataAlignment) has Id (SPI1_TX) currently not set
2026-09-15 03:10:02,875 [INFO] ImportTextPane:194 - (OptionalMessage_ERROR) IP (DMA) : Parameter (MemDataAlignment) has Id (SPI1_TX) currently not set
2026-09-15 03:10:02,876 [INFO] ImportTextPane:194 - (OptionalMessage_ERROR) IP (DMA) : Parameter (Mode) has Id (SPI1_TX) currently not set
2026-09-15 03:10:02,876 [INFO] ImportTextPane:194 - (OptionalMessage_ERROR) IP (DMA) : Parameter (Priority) has Id (SPI1_TX) currently not set
2026-09-15 03:10:02,876 [INFO] ImportTextPane:194 - (OptionalMessage_ERROR) IP (DMA) : Parameter (FIFOMode) has Id (SPI1_TX) currently not set
2026-09-15 03:10:02,877 [INFO] ImportTextPane:194 - (OptionalMessage_ERROR) IP (DMA) : Parameter (FIFOThreshold) has Id (SPI1_TX) currently not set
2026-09-15 03:10:02,878 [INFO] ImportTextPane:194 - (OptionalMessage_ERROR) IP (DMA) : Parameter (FIFOThreshold) has invalid value (null)
2026-09-15 03:10:02,878 [INFO] ImportTextPane:194 - (OptionalMessage_ERROR) IP (DMA) : Parameter (MemBurst) has Id (SPI1_TX) currently not set
2026-09-15 03:10:02,878 [INFO] ImportTextPane:194 - (OptionalMessage_ERROR) IP (DMA) : Parameter (MemBurst) has invalid value (null)
2026-09-15 03:10:02,879 [INFO] ImportTextPane:194 - (OptionalMessage_ERROR) IP (DMA) : Parameter (PeriphBurst) has Id (SPI1_TX) currently not set
2026-09-15 03:10:02,879 [INFO] ImportTextPane:194 - (OptionalMessage_ERROR) IP (DMA) : Parameter (PeriphBurst) has invalid value (null)
2026-09-15 03:10:02,879 [INFO] ImportTextPane:194 - (OptionalMessage_ERROR) IP (DMA) : Parameter (Instance) has Id (USART1_RX) currently not set
2026-09-15 03:10:02,880 [INFO] ImportTextPane:194 - (OptionalMessage_ERROR) IP (DMA) : Parameter (Channel) has Id (USART1_RX) currently not set
2026-09-15 03:10:02,880 [INFO] ImportTextPane:194 - (OptionalMessage_ERROR) IP (DMA) : Parameter (Direction) has Id (USART1_RX) currently not set
2026-09-15 03:10:02,880 [INFO] ImportTextPane:194 - (OptionalMessage_ERROR) IP (DMA) : Parameter (PeriphInc) has Id (USART1_RX) currently not set
2026-09-15 03:10:02,880 [INFO] ImportTextPane:194 - (OptionalMessage_ERROR) IP (DMA) : Parameter (MemInc) has Id (USART1_RX) currently not set
2026-09-15 03:10:02,881 [INFO] ImportTextPane:194 - (OptionalMessage_ERROR) IP (DMA) : Parameter (PeriphDataAlignment) has Id (USART1_RX) currently not set
2026-09-15 03:10:02,881 [INFO] ImportTextPane:194 - (OptionalMessage_ERROR) IP (DMA) : Parameter (MemDataAlignment) has Id (USART1_RX) currently not set
2026-09-15 03:10:02,881 [INFO] ImportTextPane:194 - (OptionalMessage_ERROR) IP (DMA) : Parameter (Mode) has Id (USART1_RX) currently not set
2026-09-15 03:10:02,881 [INFO] ImportTextPane:194 - (OptionalMessage_ERROR) IP (DMA) : Parameter (Priority) has Id (USART1_RX) currently not set
2026-09-15 03:10:02,882 [INFO] ImportTextPane:194 - (OptionalMessage_ERROR) IP (DMA) : Parameter (FIFOMode) has Id (USART1_RX) currently not set
2026-09-15 03:10:02,882 [INFO] ImportTextPane:194 - (OptionalMessage_ERROR) IP (DMA) : Parameter (Instance) has Id (USART1_TX) currently not set
2026-09-15 03:10:02,882 [INFO] ImportTextPane:194 - (OptionalMessage_ERROR) IP (DMA) : Parameter (Channel) has Id (USART1_TX) currently not set
2026-09-15 03:10:02,882 [INFO] ImportTextPane:194 - (OptionalMessage_ERROR) IP (DMA) : Parameter (Direction) has Id (USART1_TX) currently not set
2026-09-15 03:10:02,882 [INFO] ImportTextPane:194 - (OptionalMessage_ERROR) IP (DMA) : Parameter (PeriphInc) has Id (USART1_TX) currently not set
2026-09-15 03:10:02,883 [INFO] ImportTextPane:194 - (OptionalMessage_ERROR) IP (DMA) : Parameter (MemInc) has Id (USART1_TX) currently not set
2026-09-15 03:10:02,883 [INFO] ImportTextPane:194 - (OptionalMessage_ERROR) IP (DMA) : Parameter (PeriphDataAlignment) has Id (USART1_TX) currently not set
2026-09-15 03:10:02,883 [INFO] ImportTextPane:194 - (OptionalMessage_ERROR) IP (DMA) : Parameter (MemDataAlignment) has Id (USART1_TX) currently not set
2026-09-15 03:10:02,883 [INFO] ImportTextPane:194 - (OptionalMessage_ERROR) IP (DMA) : Parameter (Mode) has Id (USART1_TX) currently not set
2026-09-15 03:10:02,883 [INFO] ImportTextPane:194 - (OptionalMessage_ERROR) IP (DMA) : Parameter (Priority) has Id (USART1_TX) currently not set
2026-09-15 03:10:02,883 [INFO] ImportTextPane:194 - (OptionalMessage_ERROR) IP (DMA) : Parameter (FIFOMode) has Id (USART1_TX) currently not set
2026-09-15 03:10:02,892 [WARN] IP:2120 - tgfx_framebuffer_stride_value_custom not found: check if there is a RefParameter without a condition.
2026-09-15 03:10:02,895 [INFO] ImportTextPane:194 - (OptionalMessage_ERROR) IP (STMicroelectronics.X-CUBE-TOUCHGFX.4.26.0) : Parameter (ApplicationCcGraphicsJjApplication) has invalid value (TouchGFXOoGenerator)
2026-09-15 03:10:03,043 [ERROR] LogOutputStream:75 - [STDERR_REDIRECT] [Fatal Error] :1:1: Premature end of file.
2026-09-15 03:10:03,043 [ERROR] LogOutputStream:75 - [STDERR_REDIRECT] 
2026-09-15 03:10:03,434 [INFO] ApiDb:581 - Connected to CubeFinder SQLite database (C:\Users\USER\.stmcufinder\plugins\mcufinder\mcu\cube-finder-db.db)
2026-09-15 03:10:03,616 [INFO] ApiDb:668 - CubeFinder database Data Model version=2.1
2026-09-15 03:10:03,616 [INFO] ApiDb:669 - CubeFinder database Configuration version=3.0.39
2026-09-15 03:10:03,618 [INFO] ApiDb:670 - CubeFinder database generation date=2025-12-22 (1766407740)
2026-09-15 03:10:03,618 [INFO] ApiDb:671 - CubeFinder database FW Pack versions=[FP-ATR-ASTRA1_V2.0.0, FP-SNS-FLIGHT1_V5.1.0, FP-SNS-MOTENV1_V5.1.0, FP-SNS-MOTENVWB1_V1.4.0, FP-SNS-SMARTAG2_V1.2.0, FP-SNS-STBOX1_V2.1.0, STM32Cube_FW_C0_V1.4.0, STM32Cube_FW_F4_V1.28.3, STM32Cube_FW_F7_V1.17.4, STM32Cube_FW_G0_V1.6.2, STM32Cube_FW_G4_V1.6.1, STM32Cube_FW_H5_V1.5.1, STM32Cube_FW_H7RS_V1.3.0, STM32Cube_FW_H7_V1.12.1, STM32Cube_FW_L0_V1.12.2, STM32Cube_FW_L4_V1.18.1, STM32Cube_FW_L5_V1.6.0, STM32Cube_FW_N6_V1.3.0, STM32Cube_FW_U0_V1.3.0, STM32Cube_FW_U3_V1.2.1, STM32Cube_FW_U5_V1.8.0, STM32Cube_FW_WB0_V1.4.0, STM32Cube_FW_WBA_V1.8.0, STM32Cube_FW_WB_V1.24.0, STM32Cube_FW_WL3_V1.3.0, STM32Cube_FW_WL_V1.4.0, X-CUBE-ALGOBUILD_V1.4.0, X-CUBE-ALS_V1.0.2, X-CUBE-AZRTOS-F4_V1.1.0, X-CUBE-AZRTOS-F7_V1.1.0, X-CUBE-AZRTOS-G0_V1.1.0, X-CUBE-AZRTOS-G4_V2.0.0, X-CUBE-AZRTOS-H7RS_V1.1.0, X-CUBE-AZRTOS-H7_V3.4.0, X-CUBE-AZRTOS-L4_V2.0.0, X-CUBE-AZRTOS-L5_V2.0.0, X-CUBE-AZRTOS-WB_V2.0.0, X-CUBE-AZRTOS-WL_V2.0.0, X-CUBE-BLE1_V7.1.0, X-CUBE-BLE2_V3.3.0, X-CUBE-BLEMGR_V4.1.0, X-CUBE-EEPRMA1_V5.2.0, X-CUBE-FREERTOS_V1.3.1, X-CUBE-GNSS1_V6.0.0, X-CUBE-MEMS1_V12.0.0, X-CUBE-NFC4_V3.0.0, X-CUBE-NFC7_V2.0.0, X-CUBE-SFXS2LP1_V4.0.0, X-CUBE-ST67W61_V1.1.0, X-CUBE-SUBG2_V5.0.0, X-CUBE-TOF1_V3.4.3]
2026-09-15 03:10:03,799 [INFO] DbBoardsSqlite:226 - include board P-NUCLEO-WB55-NUCLEO as a kit item of type 'Nucleo-64'
2026-09-15 03:10:03,799 [INFO] DbBoardsSqlite:226 - include board P-NUCLEO-WB55-USBDONGLE as a kit item of type 'Nucleo USB Dongle'
2026-09-15 03:10:03,801 [INFO] DbBoardsSqlite:226 - include board STEVAL-IDP005V1 as a kit item of type 'Evaluation Board'
2026-09-15 03:10:03,801 [INFO] DbBoardsSqlite:226 - include board STEVAL-IDP005V2 as a kit item of type 'Evaluation Board'
2026-09-15 03:10:04,023 [ERROR] LogOutputStream:75 - [STDERR_REDIRECT] [Fatal Error] :1:1: Premature end of file.
2026-09-15 03:10:04,024 [ERROR] LogOutputStream:75 - [STDERR_REDIRECT] 
2026-09-15 03:10:04,583 [INFO] ApiDb:240 - Found 483 in-development CPN: [B-G473E-ZEST1S, B-WB1M-WPAN1, B-WL5M-SUBG1, NUCLEO-C031C6, NUCLEO-H503RB, NUCLEO-H533RE, NUCLEO-H563ZI, NUCLEO-H7S3L8, NUCLEO-U031R8, NUCLEO-U083RC, NUCLEO-U545RE-Q, NUCLEO-U5A5ZJ-Q, NUCLEO-WBA52CG, NUCLEO-WBA55CG, STEVAL-PROTEUS1, STEVAL-SMARTAG2, STEVAL-STWINBX1, STM320518-EVAL, STM32C0116-DK, STM32C011D6Y3TR, STM32C011D6Y6TR, STM32C011F4P3, STM32C011F4P6, STM32C011F4U3, STM32C011F4U6TR, STM32C011F6P3, STM32C011F6P6, STM32C011F6U3, STM32C011F6U6TR, STM32C011J4M3, STM32C011J4M6, STM32C011J6M3, STM32C011J6M6, STM32C0316-DK, STM32C031C4T3, STM32C031C4T6, STM32C031C4U3, STM32C031C4U6, STM32C031C6T3, STM32C031C6T6, STM32C031C6U3, STM32C031C6U6, STM32C031F4P3, STM32C031F4P6, STM32C031F6P3, STM32C031F6P6, STM32C031G4U3, STM32C031G4U6, STM32C031G6U3, STM32C031G6U6, STM32C031K4T3, STM32C031K4T6, STM32C031K4U3, STM32C031K4U6, STM32C031K6T3, STM32C031K6T6, STM32C031K6U3, STM32C031K6U6, STM32G071K8TXN, STM32G071K8UXN, STM32G081GBU6N, STM32G081KBT6N, STM32G081KBUXN, STM32G0B1CCT6N, STM32G0B1KCT6, STM32G0B1NEY6TR, STM32G0B1RCT6N, STM32G0C1CCT6, STM32G0C1CCT6N, STM32G0C1CCU6N, STM32G0C1CET6N, STM32G0C1CEU6N, STM32G0C1KCT6, STM32G0C1NEY6TR, STM32G0C1RCI6N, STM32G0C1RCT6N, STM32G0C1REI6N, STM32G0C1RET6N, STM32G0C1VCI6, STM32G0C1VEI6, STM32G471CCT6, STM32G471CCU6, STM32G471CET3, STM32G471CET6, STM32G471CEU3, STM32G471CEU6, STM32G471MCT6, STM32G471MET3, STM32G471MET6, STM32G471MEY6TR, STM32G471QCT6, STM32G471QET3, STM32G471RCT6, STM32G471RET3, STM32G471RET6, STM32G471VCH6, STM32G471VCI6, STM32G471VCT6, STM32G471VEH3, STM32G471VEH6, STM32G471VEI3, STM32G471VEI6, STM32G471VET3, STM32G471VET6, STM32G474CCT6, STM32H503CBT6, STM32H503CBU6, STM32H503EBY6TR, STM32H503KBU6, STM32H503RBT6, STM32H523CCT6, STM32H523CCU6, STM32H523CET6, STM32H523CEU6, STM32H523HEY6TR, STM32H523RCT6, STM32H523RET6, STM32H523VCI6, STM32H523VCT6, STM32H523VEI6, STM32H523VET6, STM32H523ZCJ6, STM32H523ZCT6, STM32H523ZEJ6, STM32H523ZET6, STM32H533CET6, STM32H533CEU6, STM32H533HEY6TR, STM32H533RET6, STM32H533VEI6, STM32H533VET6, STM32H533ZEJ6, STM32H533ZET6, STM32H562AGI6, STM32H562AII6, STM32H562IGK6, STM32H562IGT6, STM32H562IIK6, STM32H562IIT6, STM32H562RGT6, STM32H562RGV6, STM32H562RIT6, STM32H562RIV6, STM32H562VGT6, STM32H562VIT6, STM32H562ZGT6, STM32H562ZIT6, STM32H563AGI6, STM32H563AII3Q, STM32H563AII6, STM32H563IGK6, STM32H563IGT6, STM32H563IIK3Q, STM32H563IIK6, STM32H563IIT3Q, STM32H563IIT6, STM32H563MIY3QTR, STM32H563RGT6, STM32H563RGV6, STM32H563RIT6, STM32H563RIV6, STM32H563VGT6, STM32H563VIT3Q, STM32H563VIT6, STM32H563ZGT6, STM32H563ZIT3Q, STM32H563ZIT6, STM32H573AII3Q, STM32H573AII6, STM32H573I-DK, STM32H573IIK3Q, STM32H573IIK6, STM32H573IIT3Q, STM32H573IIT6, STM32H573MIY3QTR, STM32H573RIT6, STM32H573RIV6, STM32H573VIT3Q, STM32H573VIT6, STM32H573ZIT3Q, STM32H573ZIT6, STM32H7R3A8I6, STM32H7R3I8K6, STM32H7R3I8T6, STM32H7R3L8H6, STM32H7R3L8H6H, STM32H7R3R8V6, STM32H7R3V8H6, STM32H7R3V8T6, STM32H7R3V8Y6, STM32H7R3Z8J6, STM32H7R3Z8T6, STM32H7R7A8I6, STM32H7R7I8K6, STM32H7R7I8T6, STM32H7R7L8H6, STM32H7R7L8H6H, STM32H7R7Z8J6, STM32H7S3A8I6, STM32H7S3I8K6, STM32H7S3I8T6, STM32H7S3L8H6, STM32H7S3L8H6H, STM32H7S3R8V6, STM32H7S3V8H6, STM32H7S3V8T6, STM32H7S3V8Y6, STM32H7S3Z8J6, STM32H7S3Z8T6, STM32H7S78-DK, STM32H7S7A8I6, STM32H7S7I8K6, STM32H7S7I8T6, STM32H7S7L8H6, STM32H7S7L8H6H, STM32H7S7Z8J6, STM32L4R5QGI6STR, STM32MP131AAE3, STM32MP131AAF3, STM32MP131AAG3, STM32MP131CAE3, STM32MP131CAF3, STM32MP131CAG3, STM32MP131DAE7, STM32MP131DAF7, STM32MP131DAG7, STM32MP131FAE7, STM32MP131FAF7, STM32MP131FAG7, STM32MP133AAE3, STM32MP133AAF3, STM32MP133AAG3, STM32MP133CAE3, STM32MP133CAF3, STM32MP133CAG3, STM32MP133DAE7, STM32MP133DAF7, STM32MP133DAG7, STM32MP133FAE7, STM32MP133FAF7, STM32MP133FAG7, STM32MP135AAE3, STM32MP135AAF3, STM32MP135AAG3, STM32MP135CAE3, STM32MP135CAF3, STM32MP135CAG3, STM32MP135DAE7, STM32MP135DAF7, STM32MP135DAG7, STM32MP135F-DK, STM32MP135FAE7, STM32MP135FAF7, STM32MP135FAF7T, STM32MP135FAF7U, STM32MP135FAG7, STM32U031C6T6, STM32U031C6U6, STM32U031C8T6, STM32U031C8U6, STM32U031F4P6, STM32U031F6P6, STM32U031F8P6, STM32U031G6Y6TR, STM32U031G8Y6TR, STM32U031K4U6, STM32U031K6U6, STM32U031K8U6, STM32U031R6I6, STM32U031R6T6, STM32U031R8I6, STM32U031R8T6, STM32U073C8T6, STM32U073C8U6, STM32U073CBT6, STM32U073CBU6, STM32U073CCT6, STM32U073CCU6, STM32U073H8Y6TR, STM32U073HBY6TR, STM32U073HCY6TR, STM32U073K8U6, STM32U073KBU6, STM32U073KCU6, STM32U073M8I6, STM32U073M8T6, STM32U073MBI6, STM32U073MBT6, STM32U073MCI6, STM32U073MCT6, STM32U073R8I6, STM32U073R8T6, STM32U073RBI6, STM32U073RBT6, STM32U073RCI6, STM32U073RCT6, STM32U083C-DK, STM32U083CCT6, STM32U083CCU6, STM32U083HCY6TR, STM32U083KCU6, STM32U083MCI6, STM32U083MCT6, STM32U083RCI6, STM32U083RCT6, STM32U535CBT6, STM32U535CBT6Q, STM32U535CBU6, STM32U535CBU6Q, STM32U535CCT6, STM32U535CCT6Q, STM32U535CCU6, STM32U535CCU6Q, STM32U535CET6, STM32U535CET6Q, STM32U535CEU6, STM32U535CEU6Q, STM32U535JEY6QTR, STM32U535NCY6QTR, STM32U535NEY6QTR, STM32U535RBI6, STM32U535RBI6Q, STM32U535RBT6, STM32U535RBT6Q, STM32U535RCI6, STM32U535RCI6Q, STM32U535RCT6, STM32U535RCT6Q, STM32U535REI6, STM32U535REI6Q, STM32U535RET6, STM32U535RET6Q, STM32U535VCI6, STM32U535VCI6Q, STM32U535VCT6, STM32U535VCT6Q, STM32U535VEI6, STM32U535VEI6Q, STM32U535VET6, STM32U535VET6Q, STM32U545CET6, STM32U545CET6Q, STM32U545CEU6, STM32U545CEU6Q, STM32U545JEY6QTR, STM32U545NEY6QTR, STM32U545REI6, STM32U545REI6Q, STM32U545RET6, STM32U545RET6Q, STM32U545VEI6, STM32U545VEI6Q, STM32U545VET6, STM32U545VET6Q, STM32U595AIH6, STM32U595AIH6Q, STM32U595AJH6, STM32U595AJH6Q, STM32U595QII6, STM32U595QII6Q, STM32U595QJI6, STM32U595QJI6Q, STM32U595RIT6, STM32U595RIT6Q, STM32U595RJT6, STM32U595RJT6Q, STM32U595VIT6, STM32U595VIT6Q, STM32U595VJT6, STM32U595VJT6Q, STM32U595ZIT6, STM32U595ZIT6Q, STM32U595ZIY6QTR, STM32U595ZJT6, STM32U595ZJT6Q, STM32U595ZJY6QTR, STM32U599BJY6QTR, STM32U599NIH6Q, STM32U599NJH6Q, STM32U599VIT6Q, STM32U599VJT6, STM32U599VJT6Q, STM32U599ZIT6Q, STM32U599ZIY6QTR, STM32U599ZJT6Q, STM32U599ZJY6QTR, STM32U5A5AJH6, STM32U5A5AJH6Q, STM32U5A5QII3Q , STM32U5A5QJI6, STM32U5A5QJI6Q, STM32U5A5RJT6, STM32U5A5RJT6Q, STM32U5A5VJT6, STM32U5A5VJT6Q, STM32U5A5ZJT6, STM32U5A5ZJT6Q, STM32U5A5ZJY6QTR, STM32U5A9BJY6QTR, STM32U5A9J-DK, STM32U5A9NJH6Q, STM32U5A9VJT6Q, STM32U5A9ZJT6Q, STM32U5A9ZJY6QTR, STM32U5F7VIT6, STM32U5F7VIT6Q, STM32U5F7VJT6, STM32U5F7VJT6Q, STM32U5F9BJY6QTR, STM32U5F9NJH6Q, STM32U5F9VIT6Q, STM32U5F9VJT6Q, STM32U5F9ZIJ6QTR, STM32U5F9ZIT6Q, STM32U5F9ZJJ6QTR, STM32U5F9ZJT6Q, STM32U5G7VJT6, STM32U5G7VJT6Q, STM32U5G9BJY6QTR, STM32U5G9J-DK1, STM32U5G9J-DK2, STM32U5G9NJH6Q, STM32U5G9VJT6Q, STM32U5G9ZJJ6QTR, STM32U5G9ZJT6Q, STM32WB1MMCH6, STM32WBA50KEU6, STM32WBA50KEU6TR, STM32WBA50KGU6, STM32WBA50KGU6TR, STM32WBA52CEU6, STM32WBA52CEU6TR, STM32WBA52CEU7, STM32WBA52CEU7TR, STM32WBA52CGU6, STM32WBA52CGU6TR, STM32WBA52CGU6U, STM32WBA52CGU7, STM32WBA52CGU7TR, STM32WBA52KEU6, STM32WBA52KEU6TR, STM32WBA52KGU6, STM32WBA52KGU6TR, STM32WBA54CEU6, STM32WBA54CEU6TR, STM32WBA54CEU7, STM32WBA54CEU7TR, STM32WBA54CGU6, STM32WBA54CGU6TR, STM32WBA54CGU7, STM32WBA54CGU7TR, STM32WBA54KEU6, STM32WBA54KEU6TR, STM32WBA54KEU7, STM32WBA54KEU7TR, STM32WBA54KGU6, STM32WBA54KGU6TR, STM32WBA54KGU7, STM32WBA54KGU7TR, STM32WBA55CEU6, STM32WBA55CEU6TR, STM32WBA55CEU7, STM32WBA55CEU7TR, STM32WBA55CGU6, STM32WBA55CGU6TR, STM32WBA55CGU6U, STM32WBA55CGU7, STM32WBA55CGU7TR, STM32WBA55G-DK1, STM32WBA55HEF6, STM32WBA55HEF7, STM32WBA55HGF6, STM32WBA55HGF7, STM32WBA55UEI6, STM32WBA55UEI6TR, STM32WBA55UEI7, STM32WBA55UEI7TR, STM32WBA55UGI6, STM32WBA55UGI6TR, STM32WBA55UGI7, STM32WBA55UGI7TR, STM32WL5MOCH6, STM32WL5MOCH6TR]
2026-09-15 03:10:04,587 [INFO] ApiDb:668 - CubeFinder database Data Model version=2.1
2026-09-15 03:10:04,587 [INFO] ApiDb:669 - CubeFinder database Configuration version=3.0.39
2026-09-15 03:10:04,587 [INFO] ApiDb:670 - CubeFinder database generation date=2025-12-22 (1766407740)
2026-09-15 03:10:04,587 [INFO] ApiDb:671 - CubeFinder database FW Pack versions=[FP-ATR-ASTRA1_V2.0.0, FP-SNS-FLIGHT1_V5.1.0, FP-SNS-MOTENV1_V5.1.0, FP-SNS-MOTENVWB1_V1.4.0, FP-SNS-SMARTAG2_V1.2.0, FP-SNS-STBOX1_V2.1.0, STM32Cube_FW_C0_V1.4.0, STM32Cube_FW_F4_V1.28.3, STM32Cube_FW_F7_V1.17.4, STM32Cube_FW_G0_V1.6.2, STM32Cube_FW_G4_V1.6.1, STM32Cube_FW_H5_V1.5.1, STM32Cube_FW_H7RS_V1.3.0, STM32Cube_FW_H7_V1.12.1, STM32Cube_FW_L0_V1.12.2, STM32Cube_FW_L4_V1.18.1, STM32Cube_FW_L5_V1.6.0, STM32Cube_FW_N6_V1.3.0, STM32Cube_FW_U0_V1.3.0, STM32Cube_FW_U3_V1.2.1, STM32Cube_FW_U5_V1.8.0, STM32Cube_FW_WB0_V1.4.0, STM32Cube_FW_WBA_V1.8.0, STM32Cube_FW_WB_V1.24.0, STM32Cube_FW_WL3_V1.3.0, STM32Cube_FW_WL_V1.4.0, X-CUBE-ALGOBUILD_V1.4.0, X-CUBE-ALS_V1.0.2, X-CUBE-AZRTOS-F4_V1.1.0, X-CUBE-AZRTOS-F7_V1.1.0, X-CUBE-AZRTOS-G0_V1.1.0, X-CUBE-AZRTOS-G4_V2.0.0, X-CUBE-AZRTOS-H7RS_V1.1.0, X-CUBE-AZRTOS-H7_V3.4.0, X-CUBE-AZRTOS-L4_V2.0.0, X-CUBE-AZRTOS-L5_V2.0.0, X-CUBE-AZRTOS-WB_V2.0.0, X-CUBE-AZRTOS-WL_V2.0.0, X-CUBE-BLE1_V7.1.0, X-CUBE-BLE2_V3.3.0, X-CUBE-BLEMGR_V4.1.0, X-CUBE-EEPRMA1_V5.2.0, X-CUBE-FREERTOS_V1.3.1, X-CUBE-GNSS1_V6.0.0, X-CUBE-MEMS1_V12.0.0, X-CUBE-NFC4_V3.0.0, X-CUBE-NFC7_V2.0.0, X-CUBE-SFXS2LP1_V4.0.0, X-CUBE-ST67W61_V1.1.0, X-CUBE-SUBG2_V5.0.0, X-CUBE-TOF1_V3.4.3]
2026-09-15 03:10:05,021 [ERROR] LogOutputStream:75 - [STDERR_REDIRECT] [Fatal Error] :1:1: Premature end of file.
2026-09-15 03:10:05,021 [ERROR] LogOutputStream:75 - [STDERR_REDIRECT] 
2026-09-15 03:10:06,033 [ERROR] LogOutputStream:75 - [STDERR_REDIRECT] [Fatal Error] :1:1: Premature end of file.
2026-09-15 03:10:06,033 [ERROR] LogOutputStream:75 - [STDERR_REDIRECT] 
2026-09-15 03:10:07,022 [ERROR] LogOutputStream:75 - [STDERR_REDIRECT] [Fatal Error] :1:1: Premature end of file.
2026-09-15 03:10:07,023 [ERROR] LogOutputStream:75 - [STDERR_REDIRECT] 
2026-09-15 03:10:07,050 [INFO] ApiDb:240 - Found 483 in-development CPN: [B-G473E-ZEST1S, B-WB1M-WPAN1, B-WL5M-SUBG1, NUCLEO-C031C6, NUCLEO-H503RB, NUCLEO-H533RE, NUCLEO-H563ZI, NUCLEO-H7S3L8, NUCLEO-U031R8, NUCLEO-U083RC, NUCLEO-U545RE-Q, NUCLEO-U5A5ZJ-Q, NUCLEO-WBA52CG, NUCLEO-WBA55CG, STEVAL-PROTEUS1, STEVAL-SMARTAG2, STEVAL-STWINBX1, STM320518-EVAL, STM32C0116-DK, STM32C011D6Y3TR, STM32C011D6Y6TR, STM32C011F4P3, STM32C011F4P6, STM32C011F4U3, STM32C011F4U6TR, STM32C011F6P3, STM32C011F6P6, STM32C011F6U3, STM32C011F6U6TR, STM32C011J4M3, STM32C011J4M6, STM32C011J6M3, STM32C011J6M6, STM32C0316-DK, STM32C031C4T3, STM32C031C4T6, STM32C031C4U3, STM32C031C4U6, STM32C031C6T3, STM32C031C6T6, STM32C031C6U3, STM32C031C6U6, STM32C031F4P3, STM32C031F4P6, STM32C031F6P3, STM32C031F6P6, STM32C031G4U3, STM32C031G4U6, STM32C031G6U3, STM32C031G6U6, STM32C031K4T3, STM32C031K4T6, STM32C031K4U3, STM32C031K4U6, STM32C031K6T3, STM32C031K6T6, STM32C031K6U3, STM32C031K6U6, STM32G071K8TXN, STM32G071K8UXN, STM32G081GBU6N, STM32G081KBT6N, STM32G081KBUXN, STM32G0B1CCT6N, STM32G0B1KCT6, STM32G0B1NEY6TR, STM32G0B1RCT6N, STM32G0C1CCT6, STM32G0C1CCT6N, STM32G0C1CCU6N, STM32G0C1CET6N, STM32G0C1CEU6N, STM32G0C1KCT6, STM32G0C1NEY6TR, STM32G0C1RCI6N, STM32G0C1RCT6N, STM32G0C1REI6N, STM32G0C1RET6N, STM32G0C1VCI6, STM32G0C1VEI6, STM32G471CCT6, STM32G471CCU6, STM32G471CET3, STM32G471CET6, STM32G471CEU3, STM32G471CEU6, STM32G471MCT6, STM32G471MET3, STM32G471MET6, STM32G471MEY6TR, STM32G471QCT6, STM32G471QET3, STM32G471RCT6, STM32G471RET3, STM32G471RET6, STM32G471VCH6, STM32G471VCI6, STM32G471VCT6, STM32G471VEH3, STM32G471VEH6, STM32G471VEI3, STM32G471VEI6, STM32G471VET3, STM32G471VET6, STM32G474CCT6, STM32H503CBT6, STM32H503CBU6, STM32H503EBY6TR, STM32H503KBU6, STM32H503RBT6, STM32H523CCT6, STM32H523CCU6, STM32H523CET6, STM32H523CEU6, STM32H523HEY6TR, STM32H523RCT6, STM32H523RET6, STM32H523VCI6, STM32H523VCT6, STM32H523VEI6, STM32H523VET6, STM32H523ZCJ6, STM32H523ZCT6, STM32H523ZEJ6, STM32H523ZET6, STM32H533CET6, STM32H533CEU6, STM32H533HEY6TR, STM32H533RET6, STM32H533VEI6, STM32H533VET6, STM32H533ZEJ6, STM32H533ZET6, STM32H562AGI6, STM32H562AII6, STM32H562IGK6, STM32H562IGT6, STM32H562IIK6, STM32H562IIT6, STM32H562RGT6, STM32H562RGV6, STM32H562RIT6, STM32H562RIV6, STM32H562VGT6, STM32H562VIT6, STM32H562ZGT6, STM32H562ZIT6, STM32H563AGI6, STM32H563AII3Q, STM32H563AII6, STM32H563IGK6, STM32H563IGT6, STM32H563IIK3Q, STM32H563IIK6, STM32H563IIT3Q, STM32H563IIT6, STM32H563MIY3QTR, STM32H563RGT6, STM32H563RGV6, STM32H563RIT6, STM32H563RIV6, STM32H563VGT6, STM32H563VIT3Q, STM32H563VIT6, STM32H563ZGT6, STM32H563ZIT3Q, STM32H563ZIT6, STM32H573AII3Q, STM32H573AII6, STM32H573I-DK, STM32H573IIK3Q, STM32H573IIK6, STM32H573IIT3Q, STM32H573IIT6, STM32H573MIY3QTR, STM32H573RIT6, STM32H573RIV6, STM32H573VIT3Q, STM32H573VIT6, STM32H573ZIT3Q, STM32H573ZIT6, STM32H7R3A8I6, STM32H7R3I8K6, STM32H7R3I8T6, STM32H7R3L8H6, STM32H7R3L8H6H, STM32H7R3R8V6, STM32H7R3V8H6, STM32H7R3V8T6, STM32H7R3V8Y6, STM32H7R3Z8J6, STM32H7R3Z8T6, STM32H7R7A8I6, STM32H7R7I8K6, STM32H7R7I8T6, STM32H7R7L8H6, STM32H7R7L8H6H, STM32H7R7Z8J6, STM32H7S3A8I6, STM32H7S3I8K6, STM32H7S3I8T6, STM32H7S3L8H6, STM32H7S3L8H6H, STM32H7S3R8V6, STM32H7S3V8H6, STM32H7S3V8T6, STM32H7S3V8Y6, STM32H7S3Z8J6, STM32H7S3Z8T6, STM32H7S78-DK, STM32H7S7A8I6, STM32H7S7I8K6, STM32H7S7I8T6, STM32H7S7L8H6, STM32H7S7L8H6H, STM32H7S7Z8J6, STM32L4R5QGI6STR, STM32MP131AAE3, STM32MP131AAF3, STM32MP131AAG3, STM32MP131CAE3, STM32MP131CAF3, STM32MP131CAG3, STM32MP131DAE7, STM32MP131DAF7, STM32MP131DAG7, STM32MP131FAE7, STM32MP131FAF7, STM32MP131FAG7, STM32MP133AAE3, STM32MP133AAF3, STM32MP133AAG3, STM32MP133CAE3, STM32MP133CAF3, STM32MP133CAG3, STM32MP133DAE7, STM32MP133DAF7, STM32MP133DAG7, STM32MP133FAE7, STM32MP133FAF7, STM32MP133FAG7, STM32MP135AAE3, STM32MP135AAF3, STM32MP135AAG3, STM32MP135CAE3, STM32MP135CAF3, STM32MP135CAG3, STM32MP135DAE7, STM32MP135DAF7, STM32MP135DAG7, STM32MP135F-DK, STM32MP135FAE7, STM32MP135FAF7, STM32MP135FAF7T, STM32MP135FAF7U, STM32MP135FAG7, STM32U031C6T6, STM32U031C6U6, STM32U031C8T6, STM32U031C8U6, STM32U031F4P6, STM32U031F6P6, STM32U031F8P6, STM32U031G6Y6TR, STM32U031G8Y6TR, STM32U031K4U6, STM32U031K6U6, STM32U031K8U6, STM32U031R6I6, STM32U031R6T6, STM32U031R8I6, STM32U031R8T6, STM32U073C8T6, STM32U073C8U6, STM32U073CBT6, STM32U073CBU6, STM32U073CCT6, STM32U073CCU6, STM32U073H8Y6TR, STM32U073HBY6TR, STM32U073HCY6TR, STM32U073K8U6, STM32U073KBU6, STM32U073KCU6, STM32U073M8I6, STM32U073M8T6, STM32U073MBI6, STM32U073MBT6, STM32U073MCI6, STM32U073MCT6, STM32U073R8I6, STM32U073R8T6, STM32U073RBI6, STM32U073RBT6, STM32U073RCI6, STM32U073RCT6, STM32U083C-DK, STM32U083CCT6, STM32U083CCU6, STM32U083HCY6TR, STM32U083KCU6, STM32U083MCI6, STM32U083MCT6, STM32U083RCI6, STM32U083RCT6, STM32U535CBT6, STM32U535CBT6Q, STM32U535CBU6, STM32U535CBU6Q, STM32U535CCT6, STM32U535CCT6Q, STM32U535CCU6, STM32U535CCU6Q, STM32U535CET6, STM32U535CET6Q, STM32U535CEU6, STM32U535CEU6Q, STM32U535JEY6QTR, STM32U535NCY6QTR, STM32U535NEY6QTR, STM32U535RBI6, STM32U535RBI6Q, STM32U535RBT6, STM32U535RBT6Q, STM32U535RCI6, STM32U535RCI6Q, STM32U535RCT6, STM32U535RCT6Q, STM32U535REI6, STM32U535REI6Q, STM32U535RET6, STM32U535RET6Q, STM32U535VCI6, STM32U535VCI6Q, STM32U535VCT6, STM32U535VCT6Q, STM32U535VEI6, STM32U535VEI6Q, STM32U535VET6, STM32U535VET6Q, STM32U545CET6, STM32U545CET6Q, STM32U545CEU6, STM32U545CEU6Q, STM32U545JEY6QTR, STM32U545NEY6QTR, STM32U545REI6, STM32U545REI6Q, STM32U545RET6, STM32U545RET6Q, STM32U545VEI6, STM32U545VEI6Q, STM32U545VET6, STM32U545VET6Q, STM32U595AIH6, STM32U595AIH6Q, STM32U595AJH6, STM32U595AJH6Q, STM32U595QII6, STM32U595QII6Q, STM32U595QJI6, STM32U595QJI6Q, STM32U595RIT6, STM32U595RIT6Q, STM32U595RJT6, STM32U595RJT6Q, STM32U595VIT6, STM32U595VIT6Q, STM32U595VJT6, STM32U595VJT6Q, STM32U595ZIT6, STM32U595ZIT6Q, STM32U595ZIY6QTR, STM32U595ZJT6, STM32U595ZJT6Q, STM32U595ZJY6QTR, STM32U599BJY6QTR, STM32U599NIH6Q, STM32U599NJH6Q, STM32U599VIT6Q, STM32U599VJT6, STM32U599VJT6Q, STM32U599ZIT6Q, STM32U599ZIY6QTR, STM32U599ZJT6Q, STM32U599ZJY6QTR, STM32U5A5AJH6, STM32U5A5AJH6Q, STM32U5A5QII3Q , STM32U5A5QJI6, STM32U5A5QJI6Q, STM32U5A5RJT6, STM32U5A5RJT6Q, STM32U5A5VJT6, STM32U5A5VJT6Q, STM32U5A5ZJT6, STM32U5A5ZJT6Q, STM32U5A5ZJY6QTR, STM32U5A9BJY6QTR, STM32U5A9J-DK, STM32U5A9NJH6Q, STM32U5A9VJT6Q, STM32U5A9ZJT6Q, STM32U5A9ZJY6QTR, STM32U5F7VIT6, STM32U5F7VIT6Q, STM32U5F7VJT6, STM32U5F7VJT6Q, STM32U5F9BJY6QTR, STM32U5F9NJH6Q, STM32U5F9VIT6Q, STM32U5F9VJT6Q, STM32U5F9ZIJ6QTR, STM32U5F9ZIT6Q, STM32U5F9ZJJ6QTR, STM32U5F9ZJT6Q, STM32U5G7VJT6, STM32U5G7VJT6Q, STM32U5G9BJY6QTR, STM32U5G9J-DK1, STM32U5G9J-DK2, STM32U5G9NJH6Q, STM32U5G9VJT6Q, STM32U5G9ZJJ6QTR, STM32U5G9ZJT6Q, STM32WB1MMCH6, STM32WBA50KEU6, STM32WBA50KEU6TR, STM32WBA50KGU6, STM32WBA50KGU6TR, STM32WBA52CEU6, STM32WBA52CEU6TR, STM32WBA52CEU7, STM32WBA52CEU7TR, STM32WBA52CGU6, STM32WBA52CGU6TR, STM32WBA52CGU6U, STM32WBA52CGU7, STM32WBA52CGU7TR, STM32WBA52KEU6, STM32WBA52KEU6TR, STM32WBA52KGU6, STM32WBA52KGU6TR, STM32WBA54CEU6, STM32WBA54CEU6TR, STM32WBA54CEU7, STM32WBA54CEU7TR, STM32WBA54CGU6, STM32WBA54CGU6TR, STM32WBA54CGU7, STM32WBA54CGU7TR, STM32WBA54KEU6, STM32WBA54KEU6TR, STM32WBA54KEU7, STM32WBA54KEU7TR, STM32WBA54KGU6, STM32WBA54KGU6TR, STM32WBA54KGU7, STM32WBA54KGU7TR, STM32WBA55CEU6, STM32WBA55CEU6TR, STM32WBA55CEU7, STM32WBA55CEU7TR, STM32WBA55CGU6, STM32WBA55CGU6TR, STM32WBA55CGU6U, STM32WBA55CGU7, STM32WBA55CGU7TR, STM32WBA55G-DK1, STM32WBA55HEF6, STM32WBA55HEF7, STM32WBA55HGF6, STM32WBA55HGF7, STM32WBA55UEI6, STM32WBA55UEI6TR, STM32WBA55UEI7, STM32WBA55UEI7TR, STM32WBA55UGI6, STM32WBA55UGI6TR, STM32WBA55UGI7, STM32WBA55UGI7TR, STM32WL5MOCH6, STM32WL5MOCH6TR]
2026-09-15 03:10:07,057 [INFO] DbMcus:218 - Found 4816 MCUs, 4816 are supported
2026-09-15 03:10:07,059 [INFO] ApiDb:423 - Load user favorites file C:\Users\USER/.stm32cubeide/favorites.mcus.txt: 0 item(s)
2026-09-15 03:10:07,059 [INFO] ApiDb:427 - User favorites MCUs=[]
2026-09-15 03:10:07,059 [INFO] DbMcus:224 - Set 0 / 0 favorites MCUs
2026-09-15 03:10:07,578 [INFO] BoardInfo:889 - No configuration file found for board B-WBA5M-WPAN
2026-09-15 03:10:07,578 [INFO] DbBoards:161 - Board is not supported: B-WBA5M-WPAN
2026-09-15 03:10:07,582 [INFO] BoardInfo:889 - No configuration file found for board NUCLEO-C051C8
2026-09-15 03:10:07,582 [INFO] DbBoards:161 - Board is not supported: NUCLEO-C051C8
2026-09-15 03:10:07,583 [INFO] BoardInfo:889 - No configuration file found for board NUCLEO-C071RB
2026-09-15 03:10:07,583 [INFO] DbBoards:161 - Board is not supported: NUCLEO-C071RB
2026-09-15 03:10:07,583 [INFO] BoardInfo:889 - No configuration file found for board NUCLEO-C092RC
2026-09-15 03:10:07,585 [INFO] DbBoards:161 - Board is not supported: NUCLEO-C092RC
2026-09-15 03:10:07,663 [INFO] BoardInfo:889 - No configuration file found for board NUCLEO-N657X0-Q
2026-09-15 03:10:07,663 [INFO] DbBoards:161 - Board is not supported: NUCLEO-N657X0-Q
2026-09-15 03:10:07,666 [INFO] BoardInfo:889 - No configuration file found for board NUCLEO-U385RG-Q
2026-09-15 03:10:07,667 [INFO] DbBoards:161 - Board is not supported: NUCLEO-U385RG-Q
2026-09-15 03:10:07,670 [INFO] BoardInfo:889 - No configuration file found for board NUCLEO-WB05KZ
2026-09-15 03:10:07,670 [INFO] DbBoards:161 - Board is not supported: NUCLEO-WB05KZ
2026-09-15 03:10:07,671 [INFO] BoardInfo:889 - No configuration file found for board NUCLEO-WB07CC
2026-09-15 03:10:07,672 [INFO] DbBoards:161 - Board is not supported: NUCLEO-WB07CC
2026-09-15 03:10:07,672 [INFO] BoardInfo:889 - No configuration file found for board NUCLEO-WB09KE
2026-09-15 03:10:07,673 [INFO] DbBoards:161 - Board is not supported: NUCLEO-WB09KE
2026-09-15 03:10:07,684 [INFO] BoardInfo:889 - No configuration file found for board NUCLEO-WBA65RI
2026-09-15 03:10:07,684 [INFO] DbBoards:161 - Board is not supported: NUCLEO-WBA65RI
2026-09-15 03:10:07,685 [INFO] BoardInfo:889 - No configuration file found for board NUCLEO-WL33CC1
2026-09-15 03:10:07,685 [INFO] DbBoards:161 - Board is not supported: NUCLEO-WL33CC1
2026-09-15 03:10:07,685 [INFO] BoardInfo:889 - No configuration file found for board NUCLEO-WL33CC2
2026-09-15 03:10:07,685 [INFO] DbBoards:161 - Board is not supported: NUCLEO-WL33CC2
2026-09-15 03:10:07,690 [INFO] BoardInfo:889 - No configuration file found for board P-NUCLEO-WB55
2026-09-15 03:10:07,690 [INFO] DbBoards:161 - Kit is not supported: P-NUCLEO-WB55
2026-09-15 03:10:07,693 [INFO] BoardInfo:889 - No configuration file found for board STEVAL-BFA001V1B
2026-09-15 03:10:07,694 [INFO] DbBoards:161 - Kit is not supported: STEVAL-BFA001V1B
2026-09-15 03:10:07,695 [INFO] BoardInfo:889 - No configuration file found for board STEVAL-BFA001V2B
2026-09-15 03:10:07,695 [INFO] DbBoards:161 - Kit is not supported: STEVAL-BFA001V2B
2026-09-15 03:10:07,803 [INFO] BoardInfo:889 - No configuration file found for board STM32MP257F-DK
2026-09-15 03:10:07,803 [INFO] DbBoards:161 - Board is not supported: STM32MP257F-DK
2026-09-15 03:10:07,805 [INFO] BoardInfo:889 - No configuration file found for board STM32MP257F-EV1
2026-09-15 03:10:07,805 [INFO] DbBoards:161 - Board is not supported: STM32MP257F-EV1
2026-09-15 03:10:07,806 [INFO] BoardInfo:889 - No configuration file found for board STM32N6570-DK
2026-09-15 03:10:07,806 [INFO] DbBoards:161 - Board is not supported: STM32N6570-DK
2026-09-15 03:10:07,814 [INFO] BoardInfo:889 - No configuration file found for board STM32WBA65I-DK1
2026-09-15 03:10:07,815 [INFO] DbBoards:161 - Board is not supported: STM32WBA65I-DK1
2026-09-15 03:10:07,815 [INFO] DbBoards:168 - Found 211 boards, 192 are supported
2026-09-15 03:10:07,815 [INFO] DbBoards:169 - Found 211 boards, 8 of them is supported for  Bsp
2026-09-15 03:10:07,817 [INFO] ApiDb:423 - Load user favorites file C:\Users\USER/.stm32cubeide/favorites.boards.txt: 0 item(s)
2026-09-15 03:10:07,817 [INFO] ApiDb:427 - User favorites Boards=[]
2026-09-15 03:10:07,817 [INFO] DbBoards:198 - Set 0 / 0 favorites Boards
2026-09-15 03:10:07,915 [INFO] UtilMem:75 - End LoadConfig() Used Memory: 844845648 Bytes (1073741824)
2026-09-15 03:10:08,025 [ERROR] LogOutputStream:75 - [STDERR_REDIRECT] [Fatal Error] :1:1: Premature end of file.
2026-09-15 03:10:08,025 [ERROR] LogOutputStream:75 - [STDERR_REDIRECT] 
2026-09-15 03:10:08,143 [WARN] ThirdParty:833 - waiting for thirdparty lock release [change project]
2026-09-15 03:10:08,143 [INFO] ThirdParty:835 - entering critical section [change project]
2026-09-15 03:10:08,143 [INFO] ThirdParty:1030 - CMSIS Pack Vendor :STMicroelectronics X-CUBE-AZRTOS-H7 3.5.0
2026-09-15 03:10:08,143 [INFO] ThirdParty:1030 - CMSIS Pack Vendor :STMicroelectronics X-CUBE-PM33A1 1.0.0
2026-09-15 03:10:08,143 [INFO] ThirdParty:1030 - CMSIS Pack Vendor :STMicroelectronics USBPD 4.1
2026-09-15 03:10:08,143 [INFO] ThirdParty:1030 - CMSIS Pack Vendor :STMicroelectronics X-CUBE-GNSS1 6.0.0
2026-09-15 03:10:08,143 [INFO] ThirdParty:1030 - CMSIS Pack Vendor :STMicroelectronics USB_HOST 2.0.0
2026-09-15 03:10:08,143 [INFO] ThirdParty:1030 - CMSIS Pack Vendor :STMicroelectronics FP-SNS-MOTENVWB1 1.4.0
2026-09-15 03:10:08,144 [INFO] ThirdParty:1030 - CMSIS Pack Vendor :STMicroelectronics FP-ATR-ASTRA1 2.0.3
2026-09-15 03:10:08,144 [INFO] ThirdParty:1030 - CMSIS Pack Vendor :STMicroelectronics X-CUBE-AZRTOS-F4 1.1.0
2026-09-15 03:10:08,144 [INFO] ThirdParty:1030 - CMSIS Pack Vendor :STMicroelectronics LIBJPEG 8.0.0
2026-09-15 03:10:08,144 [INFO] ThirdParty:1030 - CMSIS Pack Vendor :STMicroelectronics FP-ATR-ASTRA1 2.0.2
2026-09-15 03:10:08,144 [INFO] ThirdParty:1030 - CMSIS Pack Vendor :STMicroelectronics FP-ATR-ASTRA1 2.0.1
2026-09-15 03:10:08,144 [INFO] ThirdParty:1030 - CMSIS Pack Vendor :STMicroelectronics X-CUBE-SMBUS 2.1.0
2026-09-15 03:10:08,144 [INFO] ThirdParty:1030 - CMSIS Pack Vendor :STMicroelectronics X-CUBE-WB05N 1.1.0
2026-09-15 03:10:08,144 [INFO] ThirdParty:1030 - CMSIS Pack Vendor :STMicroelectronics X-CUBE-ISPU 2.1.0
2026-09-15 03:10:08,144 [INFO] ThirdParty:1030 - CMSIS Pack Vendor :STMicroelectronics X-CUBE-FREERTOS 1.2.0
2026-09-15 03:10:08,144 [INFO] ThirdParty:1030 - CMSIS Pack Vendor :STMicroelectronics X-CUBE-NFC12 1.0.0
2026-09-15 03:10:08,144 [INFO] ThirdParty:1030 - CMSIS Pack Vendor :STMicroelectronics X-CUBE-TOUCHGFX 4.23.2
2026-09-15 03:10:08,144 [INFO] ThirdParty:1030 - CMSIS Pack Vendor :STMicroelectronics X-CUBE-AZRTOS-F7 1.1.0
2026-09-15 03:10:08,144 [INFO] ThirdParty:1030 - CMSIS Pack Vendor :STMicroelectronics X-CUBE-AZRTOS-L5 2.0.0
2026-09-15 03:10:08,144 [INFO] ThirdParty:1030 - CMSIS Pack Vendor :STMicroelectronics USB_DEVICE 2.0.0
2026-09-15 03:10:08,144 [INFO] ThirdParty:1030 - CMSIS Pack Vendor :STMicroelectronics X-CUBE-NFC6 3.1.0
2026-09-15 03:10:08,144 [INFO] ThirdParty:1030 - CMSIS Pack Vendor :STMicroelectronics X-CUBE-MEMS1 11.0.0
2026-09-15 03:10:08,144 [INFO] ThirdParty:1030 - CMSIS Pack Vendor :STMicroelectronics X-CUBE-ALGOBUILD 1.5.0
2026-09-15 03:10:08,144 [INFO] ThirdParty:1030 - CMSIS Pack Vendor :STMicroelectronics FreeRTOS 0.0.1
2026-09-15 03:10:08,144 [INFO] ThirdParty:1030 - CMSIS Pack Vendor :STMicroelectronics X-CUBE-AZRTOS-H7RS 1.3.0
2026-09-15 03:10:08,144 [INFO] ThirdParty:1030 - CMSIS Pack Vendor :STMicroelectronics X-CUBE-DPower 1.2.0
2026-09-15 03:10:08,144 [INFO] ThirdParty:1030 - CMSIS Pack Vendor :STMicroelectronics X-CUBE-MEMS1 13.0.0
2026-09-15 03:10:08,144 [INFO] ThirdParty:1030 - CMSIS Pack Vendor :STMicroelectronics FP-SNS-FLIGHT1 5.0.2
2026-09-15 03:10:08,144 [INFO] ThirdParty:1030 - CMSIS Pack Vendor :STMicroelectronics X-CUBE-AI 9.0.0
2026-09-15 03:10:08,144 [INFO] ThirdParty:1030 - CMSIS Pack Vendor :STMicroelectronics PDM2PCM 3.3.0
2026-09-15 03:10:08,144 [INFO] ThirdParty:1030 - CMSIS Pack Vendor :STMicroelectronics X-CUBE-AZRTOS-H7 3.4.0
2026-09-15 03:10:08,144 [INFO] ThirdParty:1030 - CMSIS Pack Vendor :STMicroelectronics X-CUBE-DISPLAY 3.0.0
2026-09-15 03:10:08,144 [INFO] ThirdParty:1030 - CMSIS Pack Vendor :STMicroelectronics X-CUBE-GNSS1 7.1.1
2026-09-15 03:10:08,144 [INFO] ThirdParty:1030 - CMSIS Pack Vendor :STMicroelectronics X-CUBE-BLE1 7.0.0
2026-09-15 03:10:08,144 [INFO] ThirdParty:1030 - CMSIS Pack Vendor :STMicroelectronics X-CUBE-NFC10 1.0.0
2026-09-15 03:10:08,144 [INFO] ThirdParty:1030 - CMSIS Pack Vendor :STMicroelectronics X-CUBE-BLEMGR 4.0.0
2026-09-15 03:10:08,144 [INFO] ThirdParty:1030 - CMSIS Pack Vendor :STMicroelectronics X-CUBE-FREERTOS 1.3.1
2026-09-15 03:10:08,144 [INFO] ThirdParty:1030 - CMSIS Pack Vendor :STMicroelectronics HAL Drivers 0.0.0
2026-09-15 03:10:08,144 [INFO] ThirdParty:1030 - CMSIS Pack Vendor :emotas I-CUBE-CANOPEN 1.3.0
2026-09-15 03:10:08,144 [INFO] ThirdParty:1030 - CMSIS Pack Vendor :STMicroelectronics X-CUBE-FREERTOS 1.3.0
2026-09-15 03:10:08,145 [INFO] ThirdParty:1030 - CMSIS Pack Vendor :STMicroelectronics X-CUBE-NFC7 1.0.1
2026-09-15 03:10:08,145 [INFO] ThirdParty:1030 - CMSIS Pack Vendor :STMicroelectronics MBEDTLS 2.14.1
2026-09-15 03:10:08,145 [INFO] ThirdParty:1030 - CMSIS Pack Vendor :STMicroelectronics X-CUBE-GNSS1 7.1.0
2026-09-15 03:10:08,145 [INFO] ThirdParty:1030 - CMSIS Pack Vendor :STMicroelectronics X-CUBE-TOUCHGFX 4.26.0
2026-09-15 03:10:08,145 [INFO] ThirdParty:1030 - CMSIS Pack Vendor :STMicroelectronics X-CUBE-TOUCHGFX 4.26.1
2026-09-15 03:10:08,145 [INFO] ThirdParty:1030 - CMSIS Pack Vendor :STMicroelectronics X-CUBE-BLEMGR 3.1.0
2026-09-15 03:10:08,145 [INFO] ThirdParty:1030 - CMSIS Pack Vendor :STMicroelectronics X-CUBE-AI 10.0.0
2026-09-15 03:10:08,145 [INFO] ThirdParty:1030 - CMSIS Pack Vendor :STMicroelectronics FP-SNS-SMARTAG2 1.2.0
2026-09-15 03:10:08,145 [INFO] ThirdParty:1030 - CMSIS Pack Vendor :STMicroelectronics X-CUBE-MEMS1 11.1.0
2026-09-15 03:10:08,145 [INFO] ThirdParty:1030 - CMSIS Pack Vendor :STMicroelectronics X-CUBE-AZRTOS-WL 2.0.0
2026-09-15 03:10:08,145 [INFO] ThirdParty:1030 - CMSIS Pack Vendor :STMicroelectronics X-CUBE-DPower 1.3.0
2026-09-15 03:10:08,145 [INFO] ThirdParty:1030 - CMSIS Pack Vendor :STMicroelectronics FP-SNS-MOTENV1 5.0.0
2026-09-15 03:10:08,145 [INFO] ThirdParty:1030 - CMSIS Pack Vendor :STMicroelectronics USB_DEVICE 1.0.0
2026-09-15 03:10:08,145 [INFO] ThirdParty:1030 - CMSIS Pack Vendor :STMicroelectronics X-CUBE-AZRTOS-H7RS 1.2.0
2026-09-15 03:10:08,145 [INFO] ThirdParty:1030 - CMSIS Pack Vendor :wolfSSL I-CUBE-wolfMQTT 1.19.0
2026-09-15 03:10:08,145 [INFO] ThirdParty:1030 - CMSIS Pack Vendor :STMicroelectronics X-CUBE-AZRTOS-L4 2.0.0
2026-09-15 03:10:08,145 [INFO] ThirdParty:1030 - CMSIS Pack Vendor :STMicroelectronics ThreadX 0.0.2
2026-09-15 03:10:08,145 [INFO] ThirdParty:1030 - CMSIS Pack Vendor :WES I-CUBE-Cesium 1.3.0
2026-09-15 03:10:08,145 [INFO] ThirdParty:1030 - CMSIS Pack Vendor :STMicroelectronics lwIP 2.1.2
2026-09-15 03:10:08,145 [INFO] ThirdParty:1030 - CMSIS Pack Vendor :STMicroelectronics X-CUBE-SFXS2LP1 4.0.0
2026-09-15 03:10:08,145 [INFO] ThirdParty:1030 - CMSIS Pack Vendor :STMicroelectronics X-CUBE-BLE2 3.3.0
2026-09-15 03:10:08,146 [INFO] ThirdParty:1030 - CMSIS Pack Vendor :STMicroelectronics PDM2PCM 3.2.0
2026-09-15 03:10:08,146 [INFO] ThirdParty:1030 - CMSIS Pack Vendor :STMicroelectronics X-CUBE-WB05N 2.1.0
2026-09-15 03:10:08,146 [INFO] ThirdParty:1030 - CMSIS Pack Vendor :STMicroelectronics X-CUBE-AZRTOS-H7 3.3.0
2026-09-15 03:10:08,146 [INFO] ThirdParty:1030 - CMSIS Pack Vendor :STMicroelectronics X-CUBE-NFC9 1.0.0
2026-09-15 03:10:08,146 [INFO] ThirdParty:1030 - CMSIS Pack Vendor :STMicroelectronics X-CUBE-BLE1 7.1.0
2026-09-15 03:10:08,146 [INFO] ThirdParty:1030 - CMSIS Pack Vendor :STMicroelectronics USB_DEVICE 3.0.0
2026-09-15 03:10:08,146 [INFO] ThirdParty:1030 - CMSIS Pack Vendor :STMicroelectronics X-CUBE-TCPP 4.1.0
2026-09-15 03:10:08,146 [INFO] ThirdParty:1030 - CMSIS Pack Vendor :STMicroelectronics X-CUBE-EEPRMA1 5.2.0
2026-09-15 03:10:08,146 [INFO] ThirdParty:1030 - CMSIS Pack Vendor :STMicroelectronics X-CUBE-IPS 3.0.0
2026-09-15 03:10:08,146 [INFO] ThirdParty:1030 - CMSIS Pack Vendor :STMicroelectronics X-CUBE-AZRTOS-WB 2.0.0
2026-09-15 03:10:08,146 [INFO] ThirdParty:1030 - CMSIS Pack Vendor :STMicroelectronics X-CUBE-GNSS1 7.0.0
2026-09-15 03:10:08,146 [INFO] ThirdParty:1030 - CMSIS Pack Vendor :STMicroelectronics X-CUBE-GNSS1 7.0.1
2026-09-15 03:10:08,146 [INFO] ThirdParty:1030 - CMSIS Pack Vendor :STMicroelectronics X-CUBE-TOUCHGFX 4.25.0
2026-09-15 03:10:08,146 [INFO] ThirdParty:1030 - CMSIS Pack Vendor :STMicroelectronics FP-SNS-STBOX1 2.0.0
2026-09-15 03:10:08,146 [INFO] ThirdParty:1030 - CMSIS Pack Vendor :STMicroelectronics X-CUBE-MEMS1 12.0.0
2026-09-15 03:10:08,146 [INFO] ThirdParty:1030 - CMSIS Pack Vendor :STMicroelectronics X-CUBE-ALGOBUILD 1.3.0
2026-09-15 03:10:08,146 [INFO] ThirdParty:1030 - CMSIS Pack Vendor :STMicroelectronics X-CUBE-STSE01 2.0.0
2026-09-15 03:10:08,146 [INFO] ThirdParty:1030 - CMSIS Pack Vendor :STMicroelectronics X-CUBE-MEMS1 11.2.0
2026-09-15 03:10:08,146 [INFO] ThirdParty:1030 - CMSIS Pack Vendor :STMicroelectronics X-CUBE-AZRTOS-G0 1.1.0
2026-09-15 03:10:08,147 [INFO] ThirdParty:1030 - CMSIS Pack Vendor :STMicroelectronics X-CUBE-SAFEA1 1.2.2
2026-09-15 03:10:08,147 [INFO] ThirdParty:1030 - CMSIS Pack Vendor :STMicroelectronics X-CUBE-NFC4 3.0.0
2026-09-15 03:10:08,147 [INFO] ThirdParty:1030 - CMSIS Pack Vendor :STMicroelectronics X-CUBE-SUBG2 5.0.0
2026-09-15 03:10:08,147 [INFO] ThirdParty:1030 - CMSIS Pack Vendor :STMicroelectronics X-CUBE-AZRTOS-H7RS 1.1.0
2026-09-15 03:10:08,147 [INFO] ThirdParty:1030 - CMSIS Pack Vendor :STMicroelectronics STM32_WPAN 1.0.0
2026-09-15 03:10:08,147 [INFO] ThirdParty:1030 - CMSIS Pack Vendor :EmbeddedOffice I-CUBE-FS-RTOS 1.0.1
2026-09-15 03:10:08,147 [INFO] ThirdParty:1030 - CMSIS Pack Vendor :STMicroelectronics lwIP 2.0.3
2026-09-15 03:10:08,147 [INFO] ThirdParty:1030 - CMSIS Pack Vendor :Cesanta I-CUBE-Mongoose 7.13.0
2026-09-15 03:10:08,147 [INFO] ThirdParty:1030 - CMSIS Pack Vendor :STMicroelectronics USB_HOST 1.0.0
2026-09-15 03:10:08,147 [INFO] ThirdParty:1030 - CMSIS Pack Vendor :STMicroelectronics X-CUBE-AZRTOS-G4 2.0.0
2026-09-15 03:10:08,147 [INFO] ThirdParty:1030 - CMSIS Pack Vendor :STMicroelectronics X-CUBE-WB05N 2.0.0
2026-09-15 03:10:08,147 [INFO] ThirdParty:1030 - CMSIS Pack Vendor :STMicroelectronics PDM2PCM 3.1.0
2026-09-15 03:10:08,147 [INFO] ThirdParty:1030 - CMSIS Pack Vendor :STMicroelectronics X-CUBE-NFC7 2.0.0
2026-09-15 03:10:08,147 [INFO] ThirdParty:1030 - CMSIS Pack Vendor :RealThread X-CUBE-RT-Thread_Nano 4.1.1
2026-09-15 03:10:08,147 [INFO] ThirdParty:1030 - CMSIS Pack Vendor :wolfSSL I-CUBE-wolfSSL 5.7.0
2026-09-15 03:10:08,147 [INFO] ThirdParty:1030 - CMSIS Pack Vendor :STMicroelectronics FP-ATR-SIGFOX1 3.2.0
2026-09-15 03:10:08,147 [INFO] ThirdParty:1030 - CMSIS Pack Vendor :quantropi X-CUBE-qispace-sdk-base 1.9.3
2026-09-15 03:10:08,147 [INFO] ThirdParty:1030 - CMSIS Pack Vendor :STMicroelectronics X-CUBE-ISPU 2.0.0
2026-09-15 03:10:08,147 [INFO] ThirdParty:1030 - CMSIS Pack Vendor :STMicroelectronics X-CUBE-EEPRMA1 5.1.0
2026-09-15 03:10:08,148 [INFO] ThirdParty:1030 - CMSIS Pack Vendor :STMicroelectronics MBEDTLS 2.16.2
2026-09-15 03:10:08,148 [INFO] ThirdParty:1030 - CMSIS Pack Vendor :STMicroelectronics X-CUBE-ALS 1.0.2
2026-09-15 03:10:08,148 [INFO] ThirdParty:1030 - CMSIS Pack Vendor :STMicroelectronics X-CUBE-MEMS1 10.0.0
2026-09-15 03:10:08,148 [INFO] ThirdParty:1030 - CMSIS Pack Vendor :STMicroelectronics X-CUBE-FREERTOS 1.1.0
2026-09-15 03:10:08,148 [INFO] ThirdParty:1030 - CMSIS Pack Vendor :ITTIA_DB I-CUBE-ITTIADB 8.9.0
2026-09-15 03:10:08,148 [INFO] ThirdParty:1030 - CMSIS Pack Vendor :STMicroelectronics X-CUBE-TOUCHGFX 4.24.2
2026-09-15 03:10:08,148 [INFO] ThirdParty:1030 - CMSIS Pack Vendor :STMicroelectronics X-CUBE-TOUCHGFX 4.24.1
2026-09-15 03:10:08,148 [INFO] ThirdParty:1030 - CMSIS Pack Vendor :STMicroelectronics X-CUBE-STSE01 1.0.0
2026-09-15 03:10:08,148 [INFO] ThirdParty:1030 - CMSIS Pack Vendor :wolfSSL I-CUBE-wolfTPM 3.4.0
2026-09-15 03:10:08,148 [INFO] ThirdParty:1030 - CMSIS Pack Vendor :portGmbH I-Cube-SoM-uGOAL 1.1.0
2026-09-15 03:10:08,148 [INFO] ThirdParty:1030 - CMSIS Pack Vendor :STMicroelectronics X-CUBE-ALS 1.0.1
2026-09-15 03:10:08,148 [INFO] ThirdParty:1030 - CMSIS Pack Vendor :STMicroelectronics X-CUBE-NFC6 3.2.0
2026-09-15 03:10:08,148 [INFO] ThirdParty:1030 - CMSIS Pack Vendor :STMicroelectronics X-CUBE-AI 10.2.1
2026-09-15 03:10:08,148 [INFO] ThirdParty:1030 - CMSIS Pack Vendor :STMicroelectronics X-CUBE-AI 10.2.0
2026-09-15 03:10:08,148 [INFO] ThirdParty:1030 - CMSIS Pack Vendor :STMicroelectronics ThreadX 1.0.0
2026-09-15 03:10:08,148 [INFO] ThirdParty:1030 - CMSIS Pack Vendor :STMicroelectronics X-CUBE-MEMS1 12.1.0
2026-09-15 03:10:08,148 [INFO] ThirdParty:1030 - CMSIS Pack Vendor :SEGGER I-CUBE-embOS 1.3.1
2026-09-15 03:10:08,148 [INFO] ThirdParty:1030 - CMSIS Pack Vendor :STMicroelectronics X-CUBE-ALGOBUILD 1.4.0
2026-09-15 03:10:08,148 [INFO] ThirdParty:1030 - CMSIS Pack Vendor :STMicroelectronics X-CUBE-AZRTOS-H7RS 1.0.0
2026-09-15 03:10:08,148 [INFO] ThirdParty:1030 - CMSIS Pack Vendor :STMicroelectronics FP-ATR-ASTRA1 2.0.0
2026-09-15 03:10:08,148 [INFO] ThirdParty:1030 - CMSIS Pack Vendor :STMicroelectronics X-CUBE-TOF1 3.4.2
2026-09-15 03:10:08,148 [INFO] ThirdParty:1030 - CMSIS Pack Vendor :STMicroelectronics X-CUBE-AI 9.1.0
2026-09-15 03:10:08,148 [INFO] ThirdParty:1030 - CMSIS Pack Vendor :STMicroelectronics X-CUBE-TOF1 3.4.1
2026-09-15 03:10:08,148 [INFO] ThirdParty:1030 - CMSIS Pack Vendor :STMicroelectronics X-CUBE-AZRTOS-H7 3.2.0
2026-09-15 03:10:08,148 [INFO] ThirdParty:1030 - CMSIS Pack Vendor :STMicroelectronics X-CUBE-NFC13 1.0.0
2026-09-15 03:10:08,148 [INFO] ThirdParty:1030 - CMSIS Pack Vendor :Infineon AIROC-Wi-Fi-Bluetooth-STM32 1.6.0
2026-09-15 03:10:08,148 [INFO] ThirdParty:1030 - CMSIS Pack Vendor :wolfSSL I-CUBE-wolfSSH 1.4.17
2026-09-15 03:10:08,149 [INFO] ThirdParty:841 - exiting critical section [change project]
2026-09-15 03:10:08,437 [INFO] PinOutPanel:1561 - setPackage(No Configuration,No Configuration)
2026-09-15 03:10:08,438 [INFO] PinOutPanel:1561 - setPackage(STM32F411CEUx,UFQFPN48)
2026-09-15 03:10:09,038 [ERROR] LogOutputStream:75 - [STDERR_REDIRECT] [Fatal Error] :1:1: Premature end of file.
2026-09-15 03:10:09,039 [ERROR] LogOutputStream:75 - [STDERR_REDIRECT] 
2026-09-15 03:10:09,286 [INFO] UtilMem:75 - Before build in PCC Used Memory: 791949560 Bytes (1073741824)
2026-09-15 03:10:10,021 [ERROR] LogOutputStream:75 - [STDERR_REDIRECT] [Fatal Error] :1:1: Premature end of file.
2026-09-15 03:10:10,022 [ERROR] LogOutputStream:75 - [STDERR_REDIRECT] 
2026-09-15 03:10:11,027 [INFO] UtilMem:75 - After build in PCC Used Memory: 884351008 Bytes (1073741824)
2026-09-15 03:10:11,041 [ERROR] LogOutputStream:75 - [STDERR_REDIRECT] [Fatal Error] :1:1: Premature end of file.
2026-09-15 03:10:11,042 [ERROR] LogOutputStream:75 - [STDERR_REDIRECT] 
2026-09-15 03:10:11,068 [INFO] IPUIPlugin:80 - create IPUIPlugin
2026-09-15 03:10:11,068 [INFO] IPUIPlugin:80 - create IPUIPlugin
2026-09-15 03:10:11,069 [INFO] IPUIPlugin:80 - create IPUIPlugin
2026-09-15 03:10:11,069 [INFO] IPUIPlugin:80 - create IPUIPlugin
2026-09-15 03:10:11,069 [INFO] IPUIPlugin:80 - create IPUIPlugin
2026-09-15 03:10:11,069 [INFO] IPUIPlugin:80 - create IPUIPlugin
2026-09-15 03:10:11,069 [INFO] IPUIPlugin:80 - create IPUIPlugin
2026-09-15 03:10:11,069 [INFO] IPUIPlugin:80 - create IPUIPlugin
2026-09-15 03:10:11,069 [INFO] IPUIPlugin:80 - create IPUIPlugin
2026-09-15 03:10:11,069 [INFO] IPUIPlugin:80 - create IPUIPlugin
2026-09-15 03:10:11,069 [INFO] IPUIPlugin:80 - create IPUIPlugin
2026-09-15 03:10:11,070 [INFO] IPUIPlugin:80 - create IPUIPlugin
2026-09-15 03:10:11,070 [INFO] IPUIPlugin:80 - create IPUIPlugin
2026-09-15 03:10:11,070 [INFO] IPUIPlugin:80 - create IPUIPlugin
2026-09-15 03:10:11,070 [INFO] IPUIPlugin:80 - create IPUIPlugin
2026-09-15 03:10:11,070 [INFO] IPUIPlugin:80 - create IPUIPlugin
2026-09-15 03:10:11,070 [INFO] IPUIPlugin:80 - create IPUIPlugin
2026-09-15 03:10:11,070 [INFO] IPUIPlugin:80 - create IPUIPlugin
2026-09-15 03:10:11,071 [INFO] IPUIPlugin:80 - create IPUIPlugin
2026-09-15 03:10:11,071 [INFO] IPUIPlugin:80 - create IPUIPlugin
2026-09-15 03:10:11,071 [INFO] IPUIPlugin:80 - create IPUIPlugin
2026-09-15 03:10:11,071 [INFO] IPUIPlugin:80 - create IPUIPlugin
2026-09-15 03:10:11,071 [INFO] IPUIPlugin:80 - create IPUIPlugin
2026-09-15 03:10:11,071 [INFO] IPUIPlugin:80 - create IPUIPlugin
2026-09-15 03:10:11,072 [INFO] IPUIPlugin:80 - create IPUIPlugin
2026-09-15 03:10:11,072 [INFO] IPUIPlugin:80 - create IPUIPlugin
2026-09-15 03:10:11,072 [INFO] IPUIPlugin:80 - create IPUIPlugin
2026-09-15 03:10:11,072 [INFO] IPUIPlugin:80 - create IPUIPlugin
2026-09-15 03:10:11,072 [INFO] IPUIPlugin:80 - create IPUIPlugin
2026-09-15 03:10:11,073 [INFO] IPUIPlugin:80 - create IPUIPlugin
2026-09-15 03:10:11,073 [INFO] IPUIPlugin:80 - create IPUIPlugin
2026-09-15 03:10:11,073 [INFO] IPUIPlugin:80 - create IPUIPlugin
2026-09-15 03:10:11,073 [INFO] IPUIPlugin:80 - create IPUIPlugin
2026-09-15 03:10:11,074 [INFO] IPUIPlugin:80 - create IPUIPlugin
2026-09-15 03:10:11,074 [INFO] IPUIPlugin:80 - create IPUIPlugin
2026-09-15 03:10:11,074 [INFO] IPUIPlugin:80 - create IPUIPlugin
2026-09-15 03:10:11,075 [INFO] IPUIPlugin:80 - create IPUIPlugin
2026-09-15 03:10:11,075 [INFO] IPUIPlugin:80 - create IPUIPlugin
2026-09-15 03:10:11,075 [INFO] IPUIPlugin:80 - create IPUIPlugin
2026-09-15 03:10:11,075 [INFO] IPUIPlugin:80 - create IPUIPlugin
2026-09-15 03:10:11,075 [INFO] IPUIPlugin:80 - create IPUIPlugin
2026-09-15 03:10:11,076 [INFO] IPUIPlugin:80 - create IPUIPlugin
2026-09-15 03:10:11,076 [INFO] IPUIPlugin:80 - create IPUIPlugin
2026-09-15 03:10:11,076 [INFO] IPUIPlugin:80 - create IPUIPlugin
2026-09-15 03:10:11,185 [INFO] ApiDbMcu:508 - Load IP Config File for PDM2PCM
2026-09-15 03:10:11,305 [WARN] FreeRTOS:1023 - Null or empty value: should not occur! (nothing added to the table)
2026-09-15 03:10:11,753 [INFO] CADModel:165 - CPN selected for project levelSTM32F411CEU6
2026-09-15 03:10:11,754 [INFO] CADModel:114 - Register for checkConnection events
2026-09-15 03:10:11,755 [INFO] RtosManager:697 - Active RTOS found at IOC load: FREERTOS [Cortex-M4NS]
2026-09-15 03:10:11,796 [INFO] OpenFileManager:343 - Restore cursor
2026-09-15 03:10:12,030 [ERROR] LogOutputStream:75 - [STDERR_REDIRECT] [Fatal Error] :1:1: Premature end of file.
2026-09-15 03:10:12,030 [ERROR] LogOutputStream:75 - [STDERR_REDIRECT] 
2026-09-15 03:10:12,165 [WARN] IP:2120 - tgfx_framebuffer_stride_value_custom not found: check if there is a RefParameter without a condition.
2026-09-15 03:10:12,175 [WARN] IP:2120 - tgfx_framebuffer_stride_value_custom not found: check if there is a RefParameter without a condition.
2026-09-15 03:10:13,030 [ERROR] LogOutputStream:75 - [STDERR_REDIRECT] [Fatal Error] :1:1: Premature end of file.
2026-09-15 03:10:13,030 [ERROR] LogOutputStream:75 - [STDERR_REDIRECT] 
2026-09-15 03:10:14,030 [ERROR] LogOutputStream:75 - [STDERR_REDIRECT] [Fatal Error] :1:1: Premature end of file.
2026-09-15 03:10:14,030 [ERROR] LogOutputStream:75 - [STDERR_REDIRECT] 
2026-09-15 03:10:15,015 [ERROR] LogOutputStream:75 - [STDERR_REDIRECT] [Fatal Error] :1:1: Premature end of file.
2026-09-15 03:10:15,015 [ERROR] LogOutputStream:75 - [STDERR_REDIRECT] 
2026-09-15 03:10:16,015 [ERROR] LogOutputStream:75 - [STDERR_REDIRECT] [Fatal Error] :1:1: Premature end of file.
2026-09-15 03:10:16,015 [ERROR] LogOutputStream:75 - [STDERR_REDIRECT] 
2026-09-15 03:10:17,025 [ERROR] LogOutputStream:75 - [STDERR_REDIRECT] [Fatal Error] :1:1: Premature end of file.
2026-09-15 03:10:17,025 [ERROR] LogOutputStream:75 - [STDERR_REDIRECT] 
2026-09-15 03:10:18,025 [ERROR] LogOutputStream:75 - [STDERR_REDIRECT] [Fatal Error] :1:1: Premature end of file.
2026-09-15 03:10:18,025 [ERROR] LogOutputStream:75 - [STDERR_REDIRECT] 
2026-09-15 03:10:19,025 [ERROR] LogOutputStream:75 - [STDERR_REDIRECT] [Fatal Error] :1:1: Premature end of file.
2026-09-15 03:10:19,025 [ERROR] LogOutputStream:75 - [STDERR_REDIRECT] 
2026-09-15 03:10:20,015 [ERROR] LogOutputStream:75 - [STDERR_REDIRECT] [Fatal Error] :1:1: Premature end of file.
2026-09-15 03:10:20,015 [ERROR] LogOutputStream:75 - [STDERR_REDIRECT] 
2026-09-15 03:10:21,025 [ERROR] LogOutputStream:75 - [STDERR_REDIRECT] [Fatal Error] :1:1: Premature end of file.
2026-09-15 03:10:21,025 [ERROR] LogOutputStream:75 - [STDERR_REDIRECT] 
2026-09-15 03:10:22,022 [ERROR] LogOutputStream:75 - [STDERR_REDIRECT] [Fatal Error] :1:1: Premature end of file.
2026-09-15 03:10:22,023 [ERROR] LogOutputStream:75 - [STDERR_REDIRECT] 
2026-09-15 03:10:23,015 [ERROR] LogOutputStream:75 - [STDERR_REDIRECT] [Fatal Error] :1:1: Premature end of file.
2026-09-15 03:10:23,015 [ERROR] LogOutputStream:75 - [STDERR_REDIRECT] 
2026-09-15 03:10:24,025 [ERROR] LogOutputStream:75 - [STDERR_REDIRECT] [Fatal Error] :1:1: Premature end of file.
2026-09-15 03:10:24,026 [ERROR] LogOutputStream:75 - [STDERR_REDIRECT] 
2026-09-15 03:10:25,020 [ERROR] LogOutputStream:75 - [STDERR_REDIRECT] [Fatal Error] :1:1: Premature end of file.
2026-09-15 03:10:25,020 [ERROR] LogOutputStream:75 - [STDERR_REDIRECT] 
2026-09-15 03:10:26,026 [ERROR] LogOutputStream:75 - [STDERR_REDIRECT] [Fatal Error] :1:1: Premature end of file.
2026-09-15 03:10:26,026 [ERROR] LogOutputStream:75 - [STDERR_REDIRECT] 
2026-09-15 03:10:27,018 [ERROR] LogOutputStream:75 - [STDERR_REDIRECT] [Fatal Error] :1:1: Premature end of file.
2026-09-15 03:10:27,018 [ERROR] LogOutputStream:75 - [STDERR_REDIRECT] 
2026-09-15 03:10:28,037 [ERROR] LogOutputStream:75 - [STDERR_REDIRECT] [Fatal Error] :1:1: Premature end of file.
2026-09-15 03:10:28,037 [ERROR] LogOutputStream:75 - [STDERR_REDIRECT] 
2026-09-15 03:10:29,027 [ERROR] LogOutputStream:75 - [STDERR_REDIRECT] [Fatal Error] :1:1: Premature end of file.
2026-09-15 03:10:29,027 [ERROR] LogOutputStream:75 - [STDERR_REDIRECT] 
2026-09-15 03:10:30,017 [ERROR] LogOutputStream:75 - [STDERR_REDIRECT] [Fatal Error] :1:1: Premature end of file.
2026-09-15 03:10:30,017 [ERROR] LogOutputStream:75 - [STDERR_REDIRECT] 
2026-09-15 03:10:31,019 [ERROR] LogOutputStream:75 - [STDERR_REDIRECT] [Fatal Error] :1:1: Premature end of file.
2026-09-15 03:10:31,019 [ERROR] LogOutputStream:75 - [STDERR_REDIRECT] 
2026-09-15 03:10:32,017 [ERROR] LogOutputStream:75 - [STDERR_REDIRECT] [Fatal Error] :1:1: Premature end of file.
2026-09-15 03:10:32,018 [ERROR] LogOutputStream:75 - [STDERR_REDIRECT] 
2026-09-15 03:10:33,020 [ERROR] LogOutputStream:75 - [STDERR_REDIRECT] [Fatal Error] :1:1: Premature end of file.
2026-09-15 03:10:33,020 [ERROR] LogOutputStream:75 - [STDERR_REDIRECT] 
2026-09-15 03:10:34,017 [ERROR] LogOutputStream:75 - [STDERR_REDIRECT] [Fatal Error] :1:1: Premature end of file.
2026-09-15 03:10:34,018 [ERROR] LogOutputStream:75 - [STDERR_REDIRECT] 
2026-09-15 03:10:35,019 [ERROR] LogOutputStream:75 - [STDERR_REDIRECT] [Fatal Error] :1:1: Premature end of file.
2026-09-15 03:10:35,019 [ERROR] LogOutputStream:75 - [STDERR_REDIRECT] 
2026-09-15 03:10:36,018 [ERROR] LogOutputStream:75 - [STDERR_REDIRECT] [Fatal Error] :1:1: Premature end of file.
2026-09-15 03:10:36,018 [ERROR] LogOutputStream:75 - [STDERR_REDIRECT] 
2026-09-15 03:10:37,018 [ERROR] LogOutputStream:75 - [STDERR_REDIRECT] [Fatal Error] :1:1: Premature end of file.
2026-09-15 03:10:37,019 [ERROR] LogOutputStream:75 - [STDERR_REDIRECT] 
2026-09-15 03:10:38,018 [ERROR] LogOutputStream:75 - [STDERR_REDIRECT] [Fatal Error] :1:1: Premature end of file.
2026-09-15 03:10:38,019 [ERROR] LogOutputStream:75 - [STDERR_REDIRECT] 
2026-09-15 03:10:39,030 [ERROR] LogOutputStream:75 - [STDERR_REDIRECT] [Fatal Error] :1:1: Premature end of file.
2026-09-15 03:10:39,030 [ERROR] LogOutputStream:75 - [STDERR_REDIRECT] 
2026-09-15 03:10:40,020 [ERROR] LogOutputStream:75 - [STDERR_REDIRECT] [Fatal Error] :1:1: Premature end of file.
2026-09-15 03:10:40,020 [ERROR] LogOutputStream:75 - [STDERR_REDIRECT] 
2026-09-15 03:10:41,020 [ERROR] LogOutputStream:75 - [STDERR_REDIRECT] [Fatal Error] :1:1: Premature end of file.
2026-09-15 03:10:41,020 [ERROR] LogOutputStream:75 - [STDERR_REDIRECT] 
2026-09-15 03:10:42,015 [ERROR] LogOutputStream:75 - [STDERR_REDIRECT] [Fatal Error] :1:1: Premature end of file.
2026-09-15 03:10:42,015 [ERROR] LogOutputStream:75 - [STDERR_REDIRECT] 
2026-09-15 03:10:43,016 [ERROR] LogOutputStream:75 - [STDERR_REDIRECT] [Fatal Error] :1:1: Premature end of file.
2026-09-15 03:10:43,016 [ERROR] LogOutputStream:75 - [STDERR_REDIRECT] 
2026-09-15 03:10:44,035 [ERROR] LogOutputStream:75 - [STDERR_REDIRECT] [Fatal Error] :1:1: Premature end of file.
2026-09-15 03:10:44,035 [ERROR] LogOutputStream:75 - [STDERR_REDIRECT] 
2026-09-15 03:10:45,035 [ERROR] LogOutputStream:75 - [STDERR_REDIRECT] [Fatal Error] :1:1: Premature end of file.
2026-09-15 03:10:45,035 [ERROR] LogOutputStream:75 - [STDERR_REDIRECT] 
2026-09-15 03:10:46,016 [ERROR] LogOutputStream:75 - [STDERR_REDIRECT] [Fatal Error] :1:1: Premature end of file.
2026-09-15 03:10:46,016 [ERROR] LogOutputStream:75 - [STDERR_REDIRECT] 
2026-09-15 03:10:47,036 [ERROR] LogOutputStream:75 - [STDERR_REDIRECT] [Fatal Error] :1:1: Premature end of file.
2026-09-15 03:10:47,036 [ERROR] LogOutputStream:75 - [STDERR_REDIRECT] 
2026-09-15 03:10:48,026 [ERROR] LogOutputStream:75 - [STDERR_REDIRECT] [Fatal Error] :1:1: Premature end of file.
2026-09-15 03:10:48,026 [ERROR] LogOutputStream:75 - [STDERR_REDIRECT] 
2026-09-15 03:10:49,026 [ERROR] LogOutputStream:75 - [STDERR_REDIRECT] [Fatal Error] :1:1: Premature end of file.
2026-09-15 03:10:49,026 [ERROR] LogOutputStream:75 - [STDERR_REDIRECT] 
2026-09-15 03:10:50,016 [ERROR] LogOutputStream:75 - [STDERR_REDIRECT] [Fatal Error] :1:1: Premature end of file.
2026-09-15 03:10:50,016 [ERROR] LogOutputStream:75 - [STDERR_REDIRECT] 
2026-09-15 03:10:51,016 [ERROR] LogOutputStream:75 - [STDERR_REDIRECT] [Fatal Error] :1:1: Premature end of file.
2026-09-15 03:10:51,016 [ERROR] LogOutputStream:75 - [STDERR_REDIRECT] 
2026-09-15 03:10:52,026 [ERROR] LogOutputStream:75 - [STDERR_REDIRECT] [Fatal Error] :1:1: Premature end of file.
2026-09-15 03:10:52,026 [ERROR] LogOutputStream:75 - [STDERR_REDIRECT] 
2026-09-15 03:10:53,026 [ERROR] LogOutputStream:75 - [STDERR_REDIRECT] [Fatal Error] :1:1: Premature end of file.
2026-09-15 03:10:53,026 [ERROR] LogOutputStream:75 - [STDERR_REDIRECT] 
2026-09-15 03:10:54,026 [ERROR] LogOutputStream:75 - [STDERR_REDIRECT] [Fatal Error] :1:1: Premature end of file.
2026-09-15 03:10:54,026 [ERROR] LogOutputStream:75 - [STDERR_REDIRECT] 
2026-09-15 03:10:55,026 [ERROR] LogOutputStream:75 - [STDERR_REDIRECT] [Fatal Error] :1:1: Premature end of file.
2026-09-15 03:10:55,026 [ERROR] LogOutputStream:75 - [STDERR_REDIRECT] 
2026-09-15 03:10:56,036 [ERROR] LogOutputStream:75 - [STDERR_REDIRECT] [Fatal Error] :1:1: Premature end of file.
2026-09-15 03:10:56,036 [ERROR] LogOutputStream:75 - [STDERR_REDIRECT] 
2026-09-15 03:10:57,017 [ERROR] LogOutputStream:75 - [STDERR_REDIRECT] [Fatal Error] :1:1: Premature end of file.
2026-09-15 03:10:57,017 [ERROR] LogOutputStream:75 - [STDERR_REDIRECT] 
2026-09-15 03:10:58,026 [ERROR] LogOutputStream:75 - [STDERR_REDIRECT] [Fatal Error] :1:1: Premature end of file.
2026-09-15 03:10:58,026 [ERROR] LogOutputStream:75 - [STDERR_REDIRECT] 
2026-09-15 03:10:59,016 [ERROR] LogOutputStream:75 - [STDERR_REDIRECT] [Fatal Error] :1:1: Premature end of file.
2026-09-15 03:10:59,016 [ERROR] LogOutputStream:75 - [STDERR_REDIRECT] 
2026-09-15 03:11:00,030 [ERROR] LogOutputStream:75 - [STDERR_REDIRECT] [Fatal Error] :1:1: Premature end of file.
2026-09-15 03:11:00,030 [ERROR] LogOutputStream:75 - [STDERR_REDIRECT] 
2026-09-15 03:11:01,016 [ERROR] LogOutputStream:75 - [STDERR_REDIRECT] [Fatal Error] :1:1: Premature end of file.
2026-09-15 03:11:01,016 [ERROR] LogOutputStream:75 - [STDERR_REDIRECT] 
2026-09-15 03:11:02,028 [ERROR] LogOutputStream:75 - [STDERR_REDIRECT] [Fatal Error] :1:1: Premature end of file.
2026-09-15 03:11:02,028 [ERROR] LogOutputStream:75 - [STDERR_REDIRECT] 
2026-09-15 03:11:03,016 [ERROR] LogOutputStream:75 - [STDERR_REDIRECT] [Fatal Error] :1:1: Premature end of file.
2026-09-15 03:11:03,016 [ERROR] LogOutputStream:75 - [STDERR_REDIRECT] 
2026-09-15 03:11:04,026 [ERROR] LogOutputStream:75 - [STDERR_REDIRECT] [Fatal Error] :1:1: Premature end of file.
2026-09-15 03:11:04,026 [ERROR] LogOutputStream:75 - [STDERR_REDIRECT] 
2026-09-15 03:11:05,016 [ERROR] LogOutputStream:75 - [STDERR_REDIRECT] [Fatal Error] :1:1: Premature end of file.
2026-09-15 03:11:05,016 [ERROR] LogOutputStream:75 - [STDERR_REDIRECT] 
2026-09-15 03:11:06,016 [ERROR] LogOutputStream:75 - [STDERR_REDIRECT] [Fatal Error] :1:1: Premature end of file.
2026-09-15 03:11:06,016 [ERROR] LogOutputStream:75 - [STDERR_REDIRECT] 
2026-09-15 03:11:07,026 [ERROR] LogOutputStream:75 - [STDERR_REDIRECT] [Fatal Error] :1:1: Premature end of file.
2026-09-15 03:11:07,026 [ERROR] LogOutputStream:75 - [STDERR_REDIRECT] 
2026-09-15 03:11:08,029 [ERROR] LogOutputStream:75 - [STDERR_REDIRECT] [Fatal Error] :1:1: Premature end of file.
2026-09-15 03:11:08,029 [ERROR] LogOutputStream:75 - [STDERR_REDIRECT] 
2026-09-15 03:11:09,030 [ERROR] LogOutputStream:75 - [STDERR_REDIRECT] [Fatal Error] :1:1: Premature end of file.
2026-09-15 03:11:09,032 [ERROR] LogOutputStream:75 - [STDERR_REDIRECT] 
2026-09-15 03:11:10,018 [ERROR] LogOutputStream:75 - [STDERR_REDIRECT] [Fatal Error] :1:1: Premature end of file.
2026-09-15 03:11:10,018 [ERROR] LogOutputStream:75 - [STDERR_REDIRECT] 
2026-09-15 03:11:11,016 [ERROR] LogOutputStream:75 - [STDERR_REDIRECT] [Fatal Error] :1:1: Premature end of file.
2026-09-15 03:11:11,016 [ERROR] LogOutputStream:75 - [STDERR_REDIRECT] 
2026-09-15 03:11:12,021 [ERROR] LogOutputStream:75 - [STDERR_REDIRECT] [Fatal Error] :1:1: Premature end of file.
2026-09-15 03:11:12,021 [ERROR] LogOutputStream:75 - [STDERR_REDIRECT] 
2026-09-15 03:11:13,034 [ERROR] LogOutputStream:75 - [STDERR_REDIRECT] [Fatal Error] :1:1: Premature end of file.
2026-09-15 03:11:13,034 [ERROR] LogOutputStream:75 - [STDERR_REDIRECT] 
2026-09-15 03:11:14,030 [ERROR] LogOutputStream:75 - [STDERR_REDIRECT] [Fatal Error] :1:1: Premature end of file.
2026-09-15 03:11:14,030 [ERROR] LogOutputStream:75 - [STDERR_REDIRECT] 
2026-09-15 03:11:15,025 [ERROR] LogOutputStream:75 - [STDERR_REDIRECT] [Fatal Error] :1:1: Premature end of file.
2026-09-15 03:11:15,025 [ERROR] LogOutputStream:75 - [STDERR_REDIRECT] 
2026-09-15 03:11:16,029 [ERROR] LogOutputStream:75 - [STDERR_REDIRECT] [Fatal Error] :1:1: Premature end of file.
2026-09-15 03:11:16,029 [ERROR] LogOutputStream:75 - [STDERR_REDIRECT] 
2026-09-15 03:11:17,029 [ERROR] LogOutputStream:75 - [STDERR_REDIRECT] [Fatal Error] :1:1: Premature end of file.
2026-09-15 03:11:17,029 [ERROR] LogOutputStream:75 - [STDERR_REDIRECT] 
2026-09-15 03:11:18,016 [ERROR] LogOutputStream:75 - [STDERR_REDIRECT] [Fatal Error] :1:1: Premature end of file.
2026-09-15 03:11:18,016 [ERROR] LogOutputStream:75 - [STDERR_REDIRECT] 
2026-09-15 03:11:19,017 [ERROR] LogOutputStream:75 - [STDERR_REDIRECT] [Fatal Error] :1:1: Premature end of file.
2026-09-15 03:11:19,017 [ERROR] LogOutputStream:75 - [STDERR_REDIRECT] 
2026-09-15 03:11:20,018 [ERROR] LogOutputStream:75 - [STDERR_REDIRECT] [Fatal Error] :1:1: Premature end of file.
2026-09-15 03:11:20,018 [ERROR] LogOutputStream:75 - [STDERR_REDIRECT] 
2026-09-15 03:11:21,023 [ERROR] LogOutputStream:75 - [STDERR_REDIRECT] [Fatal Error] :1:1: Premature end of file.
2026-09-15 03:11:21,023 [ERROR] LogOutputStream:75 - [STDERR_REDIRECT] 
2026-09-15 03:11:22,016 [ERROR] LogOutputStream:75 - [STDERR_REDIRECT] [Fatal Error] :1:1: Premature end of file.
2026-09-15 03:11:22,016 [ERROR] LogOutputStream:75 - [STDERR_REDIRECT] 
2026-09-15 03:11:23,026 [ERROR] LogOutputStream:75 - [STDERR_REDIRECT] [Fatal Error] :1:1: Premature end of file.
2026-09-15 03:11:23,026 [ERROR] LogOutputStream:75 - [STDERR_REDIRECT] 
2026-09-15 03:11:24,027 [ERROR] LogOutputStream:75 - [STDERR_REDIRECT] [Fatal Error] :1:1: Premature end of file.
2026-09-15 03:11:24,027 [ERROR] LogOutputStream:75 - [STDERR_REDIRECT] 
2026-09-15 03:11:25,017 [ERROR] LogOutputStream:75 - [STDERR_REDIRECT] [Fatal Error] :1:1: Premature end of file.
2026-09-15 03:11:25,017 [ERROR] LogOutputStream:75 - [STDERR_REDIRECT] 
2026-09-15 03:11:26,027 [ERROR] LogOutputStream:75 - [STDERR_REDIRECT] [Fatal Error] :1:1: Premature end of file.
2026-09-15 03:11:26,027 [ERROR] LogOutputStream:75 - [STDERR_REDIRECT] 
2026-09-15 03:11:27,033 [ERROR] LogOutputStream:75 - [STDERR_REDIRECT] [Fatal Error] :1:1: Premature end of file.
2026-09-15 03:11:27,033 [ERROR] LogOutputStream:75 - [STDERR_REDIRECT] 
2026-09-15 03:11:28,016 [ERROR] LogOutputStream:75 - [STDERR_REDIRECT] [Fatal Error] :1:1: Premature end of file.
2026-09-15 03:11:28,016 [ERROR] LogOutputStream:75 - [STDERR_REDIRECT] 
2026-09-15 03:11:29,030 [ERROR] LogOutputStream:75 - [STDERR_REDIRECT] [Fatal Error] :1:1: Premature end of file.
2026-09-15 03:11:29,030 [ERROR] LogOutputStream:75 - [STDERR_REDIRECT] 
2026-09-15 03:11:30,029 [ERROR] LogOutputStream:75 - [STDERR_REDIRECT] [Fatal Error] :1:1: Premature end of file.
2026-09-15 03:11:30,030 [ERROR] LogOutputStream:75 - [STDERR_REDIRECT] 
2026-09-15 03:11:31,027 [ERROR] LogOutputStream:75 - [STDERR_REDIRECT] [Fatal Error] :1:1: Premature end of file.
2026-09-15 03:11:31,027 [ERROR] LogOutputStream:75 - [STDERR_REDIRECT] 
2026-09-15 03:11:32,027 [ERROR] LogOutputStream:75 - [STDERR_REDIRECT] [Fatal Error] :1:1: Premature end of file.
2026-09-15 03:11:32,027 [ERROR] LogOutputStream:75 - [STDERR_REDIRECT] 
2026-09-15 03:11:33,027 [ERROR] LogOutputStream:75 - [STDERR_REDIRECT] [Fatal Error] :1:1: Premature end of file.
2026-09-15 03:11:33,027 [ERROR] LogOutputStream:75 - [STDERR_REDIRECT] 
2026-09-15 03:11:34,027 [ERROR] LogOutputStream:75 - [STDERR_REDIRECT] [Fatal Error] :1:1: Premature end of file.
2026-09-15 03:11:34,027 [ERROR] LogOutputStream:75 - [STDERR_REDIRECT] 
2026-09-15 03:11:35,017 [ERROR] LogOutputStream:75 - [STDERR_REDIRECT] [Fatal Error] :1:1: Premature end of file.
2026-09-15 03:11:35,017 [ERROR] LogOutputStream:75 - [STDERR_REDIRECT] 
2026-09-15 03:11:36,017 [ERROR] LogOutputStream:75 - [STDERR_REDIRECT] [Fatal Error] :1:1: Premature end of file.
2026-09-15 03:11:36,017 [ERROR] LogOutputStream:75 - [STDERR_REDIRECT] 
2026-09-15 03:11:37,034 [ERROR] LogOutputStream:75 - [STDERR_REDIRECT] [Fatal Error] :1:1: Premature end of file.
2026-09-15 03:11:37,034 [ERROR] LogOutputStream:75 - [STDERR_REDIRECT] 
2026-09-15 03:11:38,047 [ERROR] LogOutputStream:75 - [STDERR_REDIRECT] [Fatal Error] :1:1: Premature end of file.
2026-09-15 03:11:38,047 [ERROR] LogOutputStream:75 - [STDERR_REDIRECT] 
2026-09-15 03:11:39,027 [ERROR] LogOutputStream:75 - [STDERR_REDIRECT] [Fatal Error] :1:1: Premature end of file.
2026-09-15 03:11:39,027 [ERROR] LogOutputStream:75 - [STDERR_REDIRECT] 
2026-09-15 03:11:40,030 [ERROR] LogOutputStream:75 - [STDERR_REDIRECT] [Fatal Error] :1:1: Premature end of file.
2026-09-15 03:11:40,037 [ERROR] LogOutputStream:75 - [STDERR_REDIRECT] 
2026-09-15 03:11:41,017 [ERROR] LogOutputStream:75 - [STDERR_REDIRECT] [Fatal Error] :1:1: Premature end of file.
2026-09-15 03:11:41,017 [ERROR] LogOutputStream:75 - [STDERR_REDIRECT] 
2026-09-15 03:11:42,017 [ERROR] LogOutputStream:75 - [STDERR_REDIRECT] [Fatal Error] :1:1: Premature end of file.
2026-09-15 03:11:42,017 [ERROR] LogOutputStream:75 - [STDERR_REDIRECT] 
2026-09-15 03:11:43,027 [ERROR] LogOutputStream:75 - [STDERR_REDIRECT] [Fatal Error] :1:1: Premature end of file.
2026-09-15 03:11:43,027 [ERROR] LogOutputStream:75 - [STDERR_REDIRECT] 
2026-09-15 03:11:44,027 [ERROR] LogOutputStream:75 - [STDERR_REDIRECT] [Fatal Error] :1:1: Premature end of file.
2026-09-15 03:11:44,027 [ERROR] LogOutputStream:75 - [STDERR_REDIRECT] 
2026-09-15 03:11:45,027 [ERROR] LogOutputStream:75 - [STDERR_REDIRECT] [Fatal Error] :1:1: Premature end of file.
2026-09-15 03:11:45,027 [ERROR] LogOutputStream:75 - [STDERR_REDIRECT] 
2026-09-15 03:11:46,027 [ERROR] LogOutputStream:75 - [STDERR_REDIRECT] [Fatal Error] :1:1: Premature end of file.
2026-09-15 03:11:46,027 [ERROR] LogOutputStream:75 - [STDERR_REDIRECT] 
2026-09-15 03:11:47,017 [ERROR] LogOutputStream:75 - [STDERR_REDIRECT] [Fatal Error] :1:1: Premature end of file.
2026-09-15 03:11:47,017 [ERROR] LogOutputStream:75 - [STDERR_REDIRECT] 
2026-09-15 03:11:48,017 [ERROR] LogOutputStream:75 - [STDERR_REDIRECT] [Fatal Error] :1:1: Premature end of file.
2026-09-15 03:11:48,017 [ERROR] LogOutputStream:75 - [STDERR_REDIRECT] 
2026-09-15 03:11:49,022 [ERROR] LogOutputStream:75 - [STDERR_REDIRECT] [Fatal Error] :1:1: Premature end of file.
2026-09-15 03:11:49,022 [ERROR] LogOutputStream:75 - [STDERR_REDIRECT] 
2026-09-15 03:11:50,027 [ERROR] LogOutputStream:75 - [STDERR_REDIRECT] [Fatal Error] :1:1: Premature end of file.
2026-09-15 03:11:50,027 [ERROR] LogOutputStream:75 - [STDERR_REDIRECT] 
2026-09-15 03:11:51,017 [ERROR] LogOutputStream:75 - [STDERR_REDIRECT] [Fatal Error] :1:1: Premature end of file.
2026-09-15 03:11:51,017 [ERROR] LogOutputStream:75 - [STDERR_REDIRECT] 
2026-09-15 03:11:52,017 [ERROR] LogOutputStream:75 - [STDERR_REDIRECT] [Fatal Error] :1:1: Premature end of file.
2026-09-15 03:11:52,017 [ERROR] LogOutputStream:75 - [STDERR_REDIRECT] 
2026-09-15 03:11:53,017 [ERROR] LogOutputStream:75 - [STDERR_REDIRECT] [Fatal Error] :1:1: Premature end of file.
2026-09-15 03:11:53,017 [ERROR] LogOutputStream:75 - [STDERR_REDIRECT] 
2026-09-15 03:11:54,027 [ERROR] LogOutputStream:75 - [STDERR_REDIRECT] [Fatal Error] :1:1: Premature end of file.
2026-09-15 03:11:54,027 [ERROR] LogOutputStream:75 - [STDERR_REDIRECT] 
2026-09-15 03:11:55,027 [ERROR] LogOutputStream:75 - [STDERR_REDIRECT] [Fatal Error] :1:1: Premature end of file.
2026-09-15 03:11:55,027 [ERROR] LogOutputStream:75 - [STDERR_REDIRECT] 
2026-09-15 03:11:56,027 [ERROR] LogOutputStream:75 - [STDERR_REDIRECT] [Fatal Error] :1:1: Premature end of file.
2026-09-15 03:11:56,027 [ERROR] LogOutputStream:75 - [STDERR_REDIRECT] 
2026-09-15 03:11:57,036 [ERROR] LogOutputStream:75 - [STDERR_REDIRECT] [Fatal Error] :1:1: Premature end of file.
2026-09-15 03:11:57,036 [ERROR] LogOutputStream:75 - [STDERR_REDIRECT] 
2026-09-15 03:11:58,027 [ERROR] LogOutputStream:75 - [STDERR_REDIRECT] [Fatal Error] :1:1: Premature end of file.
2026-09-15 03:11:58,027 [ERROR] LogOutputStream:75 - [STDERR_REDIRECT] 
2026-09-15 03:11:59,027 [ERROR] LogOutputStream:75 - [STDERR_REDIRECT] [Fatal Error] :1:1: Premature end of file.
2026-09-15 03:11:59,027 [ERROR] LogOutputStream:75 - [STDERR_REDIRECT] 
2026-09-15 03:12:00,032 [ERROR] LogOutputStream:75 - [STDERR_REDIRECT] [Fatal Error] :1:1: Premature end of file.
2026-09-15 03:12:00,032 [ERROR] LogOutputStream:75 - [STDERR_REDIRECT] 
2026-09-15 03:12:01,019 [ERROR] LogOutputStream:75 - [STDERR_REDIRECT] [Fatal Error] :1:1: Premature end of file.
2026-09-15 03:12:01,019 [ERROR] LogOutputStream:75 - [STDERR_REDIRECT] 
2026-09-15 03:12:02,018 [ERROR] LogOutputStream:75 - [STDERR_REDIRECT] [Fatal Error] :1:1: Premature end of file.
2026-09-15 03:12:02,018 [ERROR] LogOutputStream:75 - [STDERR_REDIRECT] 
2026-09-15 03:12:03,028 [ERROR] LogOutputStream:75 - [STDERR_REDIRECT] [Fatal Error] :1:1: Premature end of file.
2026-09-15 03:12:03,028 [ERROR] LogOutputStream:75 - [STDERR_REDIRECT] 
2026-09-15 03:12:04,028 [ERROR] LogOutputStream:75 - [STDERR_REDIRECT] [Fatal Error] :1:1: Premature end of file.
2026-09-15 03:12:04,028 [ERROR] LogOutputStream:75 - [STDERR_REDIRECT] 
2026-09-15 03:12:05,018 [ERROR] LogOutputStream:75 - [STDERR_REDIRECT] [Fatal Error] :1:1: Premature end of file.
2026-09-15 03:12:05,018 [ERROR] LogOutputStream:75 - [STDERR_REDIRECT] 
2026-09-15 03:12:06,019 [ERROR] LogOutputStream:75 - [STDERR_REDIRECT] [Fatal Error] :1:1: Premature end of file.
2026-09-15 03:12:06,019 [ERROR] LogOutputStream:75 - [STDERR_REDIRECT] 
2026-09-15 03:12:07,028 [ERROR] LogOutputStream:75 - [STDERR_REDIRECT] [Fatal Error] :1:1: Premature end of file.
2026-09-15 03:12:07,028 [ERROR] LogOutputStream:75 - [STDERR_REDIRECT] 
2026-09-15 03:12:08,018 [ERROR] LogOutputStream:75 - [STDERR_REDIRECT] [Fatal Error] :1:1: Premature end of file.
2026-09-15 03:12:08,018 [ERROR] LogOutputStream:75 - [STDERR_REDIRECT] 
2026-09-15 03:12:09,028 [ERROR] LogOutputStream:75 - [STDERR_REDIRECT] [Fatal Error] :1:1: Premature end of file.
2026-09-15 03:12:09,028 [ERROR] LogOutputStream:75 - [STDERR_REDIRECT] 
2026-09-15 03:12:10,017 [ERROR] LogOutputStream:75 - [STDERR_REDIRECT] [Fatal Error] :1:1: Premature end of file.
2026-09-15 03:12:10,017 [ERROR] LogOutputStream:75 - [STDERR_REDIRECT] 
2026-09-15 03:12:11,018 [ERROR] LogOutputStream:75 - [STDERR_REDIRECT] [Fatal Error] :1:1: Premature end of file.
2026-09-15 03:12:11,018 [ERROR] LogOutputStream:75 - [STDERR_REDIRECT] 
2026-09-15 03:12:12,029 [ERROR] LogOutputStream:75 - [STDERR_REDIRECT] [Fatal Error] :1:1: Premature end of file.
2026-09-15 03:12:12,029 [ERROR] LogOutputStream:75 - [STDERR_REDIRECT] 
2026-09-15 03:12:13,031 [ERROR] LogOutputStream:75 - [STDERR_REDIRECT] [Fatal Error] :1:1: Premature end of file.
2026-09-15 03:12:13,031 [ERROR] LogOutputStream:75 - [STDERR_REDIRECT] 
2026-09-15 03:12:14,033 [ERROR] LogOutputStream:75 - [STDERR_REDIRECT] [Fatal Error] :1:1: Premature end of file.
2026-09-15 03:12:14,033 [ERROR] LogOutputStream:75 - [STDERR_REDIRECT] 
2026-09-15 03:12:15,024 [ERROR] LogOutputStream:75 - [STDERR_REDIRECT] [Fatal Error] :1:1: Premature end of file.
2026-09-15 03:12:15,024 [ERROR] LogOutputStream:75 - [STDERR_REDIRECT] 
2026-09-15 03:12:16,018 [ERROR] LogOutputStream:75 - [STDERR_REDIRECT] [Fatal Error] :1:1: Premature end of file.
2026-09-15 03:12:16,018 [ERROR] LogOutputStream:75 - [STDERR_REDIRECT] 
2026-09-15 03:12:17,028 [ERROR] LogOutputStream:75 - [STDERR_REDIRECT] [Fatal Error] :1:1: Premature end of file.
2026-09-15 03:12:17,028 [ERROR] LogOutputStream:75 - [STDERR_REDIRECT] 
2026-09-15 03:12:18,028 [ERROR] LogOutputStream:75 - [STDERR_REDIRECT] [Fatal Error] :1:1: Premature end of file.
2026-09-15 03:12:18,028 [ERROR] LogOutputStream:75 - [STDERR_REDIRECT] 
2026-09-15 03:12:19,032 [ERROR] LogOutputStream:75 - [STDERR_REDIRECT] [Fatal Error] :1:1: Premature end of file.
2026-09-15 03:12:19,032 [ERROR] LogOutputStream:75 - [STDERR_REDIRECT] 
2026-09-15 03:12:20,018 [ERROR] LogOutputStream:75 - [STDERR_REDIRECT] [Fatal Error] :1:1: Premature end of file.
2026-09-15 03:12:20,018 [ERROR] LogOutputStream:75 - [STDERR_REDIRECT] 
2026-09-15 03:12:21,028 [ERROR] LogOutputStream:75 - [STDERR_REDIRECT] [Fatal Error] :1:1: Premature end of file.
2026-09-15 03:12:21,028 [ERROR] LogOutputStream:75 - [STDERR_REDIRECT] 
2026-09-15 03:12:22,028 [ERROR] LogOutputStream:75 - [STDERR_REDIRECT] [Fatal Error] :1:1: Premature end of file.
2026-09-15 03:12:22,028 [ERROR] LogOutputStream:75 - [STDERR_REDIRECT] 
2026-09-15 03:12:23,018 [ERROR] LogOutputStream:75 - [STDERR_REDIRECT] [Fatal Error] :1:1: Premature end of file.
2026-09-15 03:12:23,018 [ERROR] LogOutputStream:75 - [STDERR_REDIRECT] 
2026-09-15 03:12:24,028 [ERROR] LogOutputStream:75 - [STDERR_REDIRECT] [Fatal Error] :1:1: Premature end of file.
2026-09-15 03:12:24,028 [ERROR] LogOutputStream:75 - [STDERR_REDIRECT] 
2026-09-15 03:12:25,018 [ERROR] LogOutputStream:75 - [STDERR_REDIRECT] [Fatal Error] :1:1: Premature end of file.
2026-09-15 03:12:25,018 [ERROR] LogOutputStream:75 - [STDERR_REDIRECT] 
2026-09-15 03:12:26,018 [ERROR] LogOutputStream:75 - [STDERR_REDIRECT] [Fatal Error] :1:1: Premature end of file.
2026-09-15 03:12:26,018 [ERROR] LogOutputStream:75 - [STDERR_REDIRECT] 
2026-09-15 03:12:27,029 [ERROR] LogOutputStream:75 - [STDERR_REDIRECT] [Fatal Error] :1:1: Premature end of file.
2026-09-15 03:12:27,029 [ERROR] LogOutputStream:75 - [STDERR_REDIRECT] 
2026-09-15 03:12:28,026 [ERROR] LogOutputStream:75 - [STDERR_REDIRECT] [Fatal Error] :1:1: Premature end of file.
2026-09-15 03:12:28,026 [ERROR] LogOutputStream:75 - [STDERR_REDIRECT] 
2026-09-15 03:12:29,024 [ERROR] LogOutputStream:75 - [STDERR_REDIRECT] [Fatal Error] :1:1: Premature end of file.
2026-09-15 03:12:29,024 [ERROR] LogOutputStream:75 - [STDERR_REDIRECT] 
2026-09-15 03:12:30,026 [ERROR] LogOutputStream:75 - [STDERR_REDIRECT] [Fatal Error] :1:1: Premature end of file.
2026-09-15 03:12:30,026 [ERROR] LogOutputStream:75 - [STDERR_REDIRECT] 
2026-09-15 03:12:31,018 [ERROR] LogOutputStream:75 - [STDERR_REDIRECT] [Fatal Error] :1:1: Premature end of file.
2026-09-15 03:12:31,018 [ERROR] LogOutputStream:75 - [STDERR_REDIRECT] 
2026-09-15 03:12:32,028 [ERROR] LogOutputStream:75 - [STDERR_REDIRECT] [Fatal Error] :1:1: Premature end of file.
2026-09-15 03:12:32,028 [ERROR] LogOutputStream:75 - [STDERR_REDIRECT] 
2026-09-15 03:12:33,034 [ERROR] LogOutputStream:75 - [STDERR_REDIRECT] [Fatal Error] :1:1: Premature end of file.
2026-09-15 03:12:33,034 [ERROR] LogOutputStream:75 - [STDERR_REDIRECT] 
2026-09-15 03:12:34,018 [ERROR] LogOutputStream:75 - [STDERR_REDIRECT] [Fatal Error] :1:1: Premature end of file.
2026-09-15 03:12:34,018 [ERROR] LogOutputStream:75 - [STDERR_REDIRECT] 
2026-09-15 03:12:35,027 [ERROR] LogOutputStream:75 - [STDERR_REDIRECT] [Fatal Error] :1:1: Premature end of file.
2026-09-15 03:12:35,027 [ERROR] LogOutputStream:75 - [STDERR_REDIRECT] 
2026-09-15 03:12:36,018 [ERROR] LogOutputStream:75 - [STDERR_REDIRECT] [Fatal Error] :1:1: Premature end of file.
2026-09-15 03:12:36,018 [ERROR] LogOutputStream:75 - [STDERR_REDIRECT] 
2026-09-15 03:12:37,034 [ERROR] LogOutputStream:75 - [STDERR_REDIRECT] [Fatal Error] :1:1: Premature end of file.
2026-09-15 03:12:37,034 [ERROR] LogOutputStream:75 - [STDERR_REDIRECT] 
2026-09-15 03:12:38,025 [ERROR] LogOutputStream:75 - [STDERR_REDIRECT] [Fatal Error] :1:1: Premature end of file.
2026-09-15 03:12:38,025 [ERROR] LogOutputStream:75 - [STDERR_REDIRECT] 
2026-09-15 03:12:39,028 [ERROR] LogOutputStream:75 - [STDERR_REDIRECT] [Fatal Error] :1:1: Premature end of file.
2026-09-15 03:12:39,028 [ERROR] LogOutputStream:75 - [STDERR_REDIRECT] 
2026-09-15 03:12:40,028 [ERROR] LogOutputStream:75 - [STDERR_REDIRECT] [Fatal Error] :1:1: Premature end of file.
2026-09-15 03:12:40,028 [ERROR] LogOutputStream:75 - [STDERR_REDIRECT] 
2026-09-15 03:12:41,034 [ERROR] LogOutputStream:75 - [STDERR_REDIRECT] [Fatal Error] :1:1: Premature end of file.
2026-09-15 03:12:41,034 [ERROR] LogOutputStream:75 - [STDERR_REDIRECT] 
2026-09-15 03:12:42,018 [ERROR] LogOutputStream:75 - [STDERR_REDIRECT] [Fatal Error] :1:1: Premature end of file.
2026-09-15 03:12:42,018 [ERROR] LogOutputStream:75 - [STDERR_REDIRECT] 
2026-09-15 03:12:43,028 [ERROR] LogOutputStream:75 - [STDERR_REDIRECT] [Fatal Error] :1:1: Premature end of file.
2026-09-15 03:12:43,028 [ERROR] LogOutputStream:75 - [STDERR_REDIRECT] 
2026-09-15 03:12:44,029 [ERROR] LogOutputStream:75 - [STDERR_REDIRECT] [Fatal Error] :1:1: Premature end of file.
2026-09-15 03:12:44,029 [ERROR] LogOutputStream:75 - [STDERR_REDIRECT] 
2026-09-15 03:12:45,019 [ERROR] LogOutputStream:75 - [STDERR_REDIRECT] [Fatal Error] :1:1: Premature end of file.
2026-09-15 03:12:45,019 [ERROR] LogOutputStream:75 - [STDERR_REDIRECT] 
2026-09-15 03:12:46,019 [ERROR] LogOutputStream:75 - [STDERR_REDIRECT] [Fatal Error] :1:1: Premature end of file.
2026-09-15 03:12:46,019 [ERROR] LogOutputStream:75 - [STDERR_REDIRECT] 
2026-09-15 03:12:47,028 [ERROR] LogOutputStream:75 - [STDERR_REDIRECT] [Fatal Error] :1:1: Premature end of file.
2026-09-15 03:12:47,028 [ERROR] LogOutputStream:75 - [STDERR_REDIRECT] 
2026-09-15 03:12:48,030 [ERROR] LogOutputStream:75 - [STDERR_REDIRECT] [Fatal Error] :1:1: Premature end of file.
2026-09-15 03:12:48,030 [ERROR] LogOutputStream:75 - [STDERR_REDIRECT] 
2026-09-15 03:12:49,032 [ERROR] LogOutputStream:75 - [STDERR_REDIRECT] [Fatal Error] :1:1: Premature end of file.
2026-09-15 03:12:49,032 [ERROR] LogOutputStream:75 - [STDERR_REDIRECT] 
2026-09-15 03:12:50,022 [ERROR] LogOutputStream:75 - [STDERR_REDIRECT] [Fatal Error] :1:1: Premature end of file.
2026-09-15 03:12:50,022 [ERROR] LogOutputStream:75 - [STDERR_REDIRECT] 
2026-09-15 03:12:51,019 [ERROR] LogOutputStream:75 - [STDERR_REDIRECT] [Fatal Error] :1:1: Premature end of file.
2026-09-15 03:12:51,019 [ERROR] LogOutputStream:75 - [STDERR_REDIRECT] 
2026-09-15 03:12:52,029 [ERROR] LogOutputStream:75 - [STDERR_REDIRECT] [Fatal Error] :1:1: Premature end of file.
2026-09-15 03:12:52,029 [ERROR] LogOutputStream:75 - [STDERR_REDIRECT] 
2026-09-15 03:12:53,019 [ERROR] LogOutputStream:75 - [STDERR_REDIRECT] [Fatal Error] :1:1: Premature end of file.
2026-09-15 03:12:53,019 [ERROR] LogOutputStream:75 - [STDERR_REDIRECT] 
2026-09-15 03:12:54,019 [ERROR] LogOutputStream:75 - [STDERR_REDIRECT] [Fatal Error] :1:1: Premature end of file.
2026-09-15 03:12:54,019 [ERROR] LogOutputStream:75 - [STDERR_REDIRECT] 
2026-09-15 03:12:55,029 [ERROR] LogOutputStream:75 - [STDERR_REDIRECT] [Fatal Error] :1:1: Premature end of file.
2026-09-15 03:12:55,029 [ERROR] LogOutputStream:75 - [STDERR_REDIRECT] 
2026-09-15 03:12:56,033 [ERROR] LogOutputStream:75 - [STDERR_REDIRECT] [Fatal Error] :1:1: Premature end of file.
2026-09-15 03:12:56,033 [ERROR] LogOutputStream:75 - [STDERR_REDIRECT] 
2026-09-15 03:12:57,039 [ERROR] LogOutputStream:75 - [STDERR_REDIRECT] [Fatal Error] :1:1: Premature end of file.
2026-09-15 03:12:57,039 [ERROR] LogOutputStream:75 - [STDERR_REDIRECT] 
2026-09-15 03:12:58,029 [ERROR] LogOutputStream:75 - [STDERR_REDIRECT] [Fatal Error] :1:1: Premature end of file.
2026-09-15 03:12:58,029 [ERROR] LogOutputStream:75 - [STDERR_REDIRECT] 
2026-09-15 03:12:59,024 [ERROR] LogOutputStream:75 - [STDERR_REDIRECT] [Fatal Error] :1:1: Premature end of file.
2026-09-15 03:12:59,024 [ERROR] LogOutputStream:75 - [STDERR_REDIRECT] 
2026-09-15 03:13:00,029 [ERROR] LogOutputStream:75 - [STDERR_REDIRECT] [Fatal Error] :1:1: Premature end of file.
2026-09-15 03:13:00,029 [ERROR] LogOutputStream:75 - [STDERR_REDIRECT] 
2026-09-15 03:13:01,023 [ERROR] LogOutputStream:75 - [STDERR_REDIRECT] [Fatal Error] :1:1: Premature end of file.
2026-09-15 03:13:01,023 [ERROR] LogOutputStream:75 - [STDERR_REDIRECT] 
2026-09-15 03:13:02,024 [ERROR] LogOutputStream:75 - [STDERR_REDIRECT] [Fatal Error] :1:1: Premature end of file.
2026-09-15 03:13:02,024 [ERROR] LogOutputStream:75 - [STDERR_REDIRECT] 
2026-09-15 03:13:03,029 [ERROR] LogOutputStream:75 - [STDERR_REDIRECT] [Fatal Error] :1:1: Premature end of file.
2026-09-15 03:13:03,029 [ERROR] LogOutputStream:75 - [STDERR_REDIRECT] 
2026-09-15 03:13:04,019 [ERROR] LogOutputStream:75 - [STDERR_REDIRECT] [Fatal Error] :1:1: Premature end of file.
2026-09-15 03:13:04,019 [ERROR] LogOutputStream:75 - [STDERR_REDIRECT] 
2026-09-15 03:13:05,019 [ERROR] LogOutputStream:75 - [STDERR_REDIRECT] [Fatal Error] :1:1: Premature end of file.
2026-09-15 03:13:05,019 [ERROR] LogOutputStream:75 - [STDERR_REDIRECT] 
2026-09-15 03:13:06,025 [ERROR] LogOutputStream:75 - [STDERR_REDIRECT] [Fatal Error] :1:1: Premature end of file.
2026-09-15 03:13:06,025 [ERROR] LogOutputStream:75 - [STDERR_REDIRECT] 
2026-09-15 03:13:07,028 [ERROR] LogOutputStream:75 - [STDERR_REDIRECT] [Fatal Error] :1:1: Premature end of file.
2026-09-15 03:13:07,028 [ERROR] LogOutputStream:75 - [STDERR_REDIRECT] 
2026-09-15 03:13:08,029 [ERROR] LogOutputStream:75 - [STDERR_REDIRECT] [Fatal Error] :1:1: Premature end of file.
2026-09-15 03:13:08,029 [ERROR] LogOutputStream:75 - [STDERR_REDIRECT] 
2026-09-15 03:13:09,033 [ERROR] LogOutputStream:75 - [STDERR_REDIRECT] [Fatal Error] :1:1: Premature end of file.
2026-09-15 03:13:09,033 [ERROR] LogOutputStream:75 - [STDERR_REDIRECT] 
2026-09-15 03:13:10,029 [ERROR] LogOutputStream:75 - [STDERR_REDIRECT] [Fatal Error] :1:1: Premature end of file.
2026-09-15 03:13:10,029 [ERROR] LogOutputStream:75 - [STDERR_REDIRECT] 
2026-09-15 03:13:11,011 [ERROR] LogOutputStream:75 - [STDERR_REDIRECT] [Fatal Error] :1:1: Premature end of file.
2026-09-15 03:13:11,019 [ERROR] LogOutputStream:75 - [STDERR_REDIRECT] 
2026-09-15 03:13:12,019 [ERROR] LogOutputStream:75 - [STDERR_REDIRECT] [Fatal Error] :1:1: Premature end of file.
2026-09-15 03:13:12,019 [ERROR] LogOutputStream:75 - [STDERR_REDIRECT] 
2026-09-15 03:13:13,020 [ERROR] LogOutputStream:75 - [STDERR_REDIRECT] [Fatal Error] :1:1: Premature end of file.
2026-09-15 03:13:13,020 [ERROR] LogOutputStream:75 - [STDERR_REDIRECT] 
2026-09-15 03:13:14,029 [ERROR] LogOutputStream:75 - [STDERR_REDIRECT] [Fatal Error] :1:1: Premature end of file.
2026-09-15 03:13:14,029 [ERROR] LogOutputStream:75 - [STDERR_REDIRECT] 
2026-09-15 03:13:15,019 [ERROR] LogOutputStream:75 - [STDERR_REDIRECT] [Fatal Error] :1:1: Premature end of file.
2026-09-15 03:13:15,019 [ERROR] LogOutputStream:75 - [STDERR_REDIRECT] 
2026-09-15 03:13:16,019 [ERROR] LogOutputStream:75 - [STDERR_REDIRECT] [Fatal Error] :1:1: Premature end of file.
2026-09-15 03:13:16,019 [ERROR] LogOutputStream:75 - [STDERR_REDIRECT] 
2026-09-15 03:13:17,020 [ERROR] LogOutputStream:75 - [STDERR_REDIRECT] [Fatal Error] :1:1: Premature end of file.
2026-09-15 03:13:17,020 [ERROR] LogOutputStream:75 - [STDERR_REDIRECT] 
2026-09-15 03:13:18,019 [ERROR] LogOutputStream:75 - [STDERR_REDIRECT] [Fatal Error] :1:1: Premature end of file.
2026-09-15 03:13:18,019 [ERROR] LogOutputStream:75 - [STDERR_REDIRECT] 
2026-09-15 03:13:19,029 [ERROR] LogOutputStream:75 - [STDERR_REDIRECT] [Fatal Error] :1:1: Premature end of file.
2026-09-15 03:13:19,029 [ERROR] LogOutputStream:75 - [STDERR_REDIRECT] 
2026-09-15 03:13:20,030 [ERROR] LogOutputStream:75 - [STDERR_REDIRECT] [Fatal Error] :1:1: Premature end of file.
2026-09-15 03:13:20,030 [ERROR] LogOutputStream:75 - [STDERR_REDIRECT] 
2026-09-15 03:13:21,022 [ERROR] LogOutputStream:75 - [STDERR_REDIRECT] [Fatal Error] :1:1: Premature end of file.
2026-09-15 03:13:21,022 [ERROR] LogOutputStream:75 - [STDERR_REDIRECT] 
2026-09-15 03:13:22,025 [ERROR] LogOutputStream:75 - [STDERR_REDIRECT] [Fatal Error] :1:1: Premature end of file.
2026-09-15 03:13:22,025 [ERROR] LogOutputStream:75 - [STDERR_REDIRECT] 
2026-09-15 03:13:23,024 [ERROR] LogOutputStream:75 - [STDERR_REDIRECT] [Fatal Error] :1:1: Premature end of file.
2026-09-15 03:13:23,030 [ERROR] LogOutputStream:75 - [STDERR_REDIRECT] 
2026-09-15 03:13:24,029 [ERROR] LogOutputStream:75 - [STDERR_REDIRECT] [Fatal Error] :1:1: Premature end of file.
2026-09-15 03:13:24,029 [ERROR] LogOutputStream:75 - [STDERR_REDIRECT] 
2026-09-15 03:13:25,029 [ERROR] LogOutputStream:75 - [STDERR_REDIRECT] [Fatal Error] :1:1: Premature end of file.
2026-09-15 03:13:25,029 [ERROR] LogOutputStream:75 - [STDERR_REDIRECT] 
2026-09-15 03:13:26,030 [ERROR] LogOutputStream:75 - [STDERR_REDIRECT] [Fatal Error] :1:1: Premature end of file.
2026-09-15 03:13:26,030 [ERROR] LogOutputStream:75 - [STDERR_REDIRECT] 
2026-09-15 03:13:27,020 [ERROR] LogOutputStream:75 - [STDERR_REDIRECT] [Fatal Error] :1:1: Premature end of file.
2026-09-15 03:13:27,020 [ERROR] LogOutputStream:75 - [STDERR_REDIRECT] 
2026-09-15 03:13:28,029 [ERROR] LogOutputStream:75 - [STDERR_REDIRECT] [Fatal Error] :1:1: Premature end of file.
2026-09-15 03:13:28,029 [ERROR] LogOutputStream:75 - [STDERR_REDIRECT] 
2026-09-15 03:13:29,030 [ERROR] LogOutputStream:75 - [STDERR_REDIRECT] [Fatal Error] :1:1: Premature end of file.
2026-09-15 03:13:29,030 [ERROR] LogOutputStream:75 - [STDERR_REDIRECT] 
2026-09-15 03:13:30,030 [ERROR] LogOutputStream:75 - [STDERR_REDIRECT] [Fatal Error] :1:1: Premature end of file.
2026-09-15 03:13:30,030 [ERROR] LogOutputStream:75 - [STDERR_REDIRECT] 
2026-09-15 03:13:31,020 [ERROR] LogOutputStream:75 - [STDERR_REDIRECT] [Fatal Error] :1:1: Premature end of file.
2026-09-15 03:13:31,020 [ERROR] LogOutputStream:75 - [STDERR_REDIRECT] 
2026-09-15 03:13:32,020 [ERROR] LogOutputStream:75 - [STDERR_REDIRECT] [Fatal Error] :1:1: Premature end of file.
2026-09-15 03:13:32,020 [ERROR] LogOutputStream:75 - [STDERR_REDIRECT] 
2026-09-15 03:13:33,030 [ERROR] LogOutputStream:75 - [STDERR_REDIRECT] [Fatal Error] :1:1: Premature end of file.
2026-09-15 03:13:33,030 [ERROR] LogOutputStream:75 - [STDERR_REDIRECT] 
2026-09-15 03:13:34,025 [ERROR] LogOutputStream:75 - [STDERR_REDIRECT] [Fatal Error] :1:1: Premature end of file.
2026-09-15 03:13:34,025 [ERROR] LogOutputStream:75 - [STDERR_REDIRECT] 
2026-09-15 03:13:35,019 [ERROR] LogOutputStream:75 - [STDERR_REDIRECT] [Fatal Error] :1:1: Premature end of file.
2026-09-15 03:13:35,019 [ERROR] LogOutputStream:75 - [STDERR_REDIRECT] 
2026-09-15 03:13:36,020 [ERROR] LogOutputStream:75 - [STDERR_REDIRECT] [Fatal Error] :1:1: Premature end of file.
2026-09-15 03:13:36,020 [ERROR] LogOutputStream:75 - [STDERR_REDIRECT] 
2026-09-15 03:13:37,020 [ERROR] LogOutputStream:75 - [STDERR_REDIRECT] [Fatal Error] :1:1: Premature end of file.
2026-09-15 03:13:37,020 [ERROR] LogOutputStream:75 - [STDERR_REDIRECT] 
2026-09-15 03:13:38,025 [ERROR] LogOutputStream:75 - [STDERR_REDIRECT] [Fatal Error] :1:1: Premature end of file.
2026-09-15 03:13:38,025 [ERROR] LogOutputStream:75 - [STDERR_REDIRECT] 
2026-09-15 03:13:39,030 [ERROR] LogOutputStream:75 - [STDERR_REDIRECT] [Fatal Error] :1:1: Premature end of file.
2026-09-15 03:13:39,030 [ERROR] LogOutputStream:75 - [STDERR_REDIRECT] 
2026-09-15 03:13:40,023 [ERROR] LogOutputStream:75 - [STDERR_REDIRECT] [Fatal Error] :1:1: Premature end of file.
2026-09-15 03:13:40,023 [ERROR] LogOutputStream:75 - [STDERR_REDIRECT] 
2026-09-15 03:13:41,020 [ERROR] LogOutputStream:75 - [STDERR_REDIRECT] [Fatal Error] :1:1: Premature end of file.
2026-09-15 03:13:41,020 [ERROR] LogOutputStream:75 - [STDERR_REDIRECT] 
2026-09-15 03:13:42,020 [ERROR] LogOutputStream:75 - [STDERR_REDIRECT] [Fatal Error] :1:1: Premature end of file.
2026-09-15 03:13:42,020 [ERROR] LogOutputStream:75 - [STDERR_REDIRECT] 
2026-09-15 03:13:43,020 [ERROR] LogOutputStream:75 - [STDERR_REDIRECT] [Fatal Error] :1:1: Premature end of file.
2026-09-15 03:13:43,020 [ERROR] LogOutputStream:75 - [STDERR_REDIRECT] 
2026-09-15 03:13:44,020 [ERROR] LogOutputStream:75 - [STDERR_REDIRECT] [Fatal Error] :1:1: Premature end of file.
2026-09-15 03:13:44,020 [ERROR] LogOutputStream:75 - [STDERR_REDIRECT] 
2026-09-15 03:13:45,030 [ERROR] LogOutputStream:75 - [STDERR_REDIRECT] [Fatal Error] :1:1: Premature end of file.
2026-09-15 03:13:45,030 [ERROR] LogOutputStream:75 - [STDERR_REDIRECT] 
2026-09-15 03:13:46,030 [ERROR] LogOutputStream:75 - [STDERR_REDIRECT] [Fatal Error] :1:1: Premature end of file.
2026-09-15 03:13:46,030 [ERROR] LogOutputStream:75 - [STDERR_REDIRECT] 
2026-09-15 03:13:47,010 [ERROR] LogOutputStream:75 - [STDERR_REDIRECT] [Fatal Error] :1:1: Premature end of file.
2026-09-15 03:13:47,010 [ERROR] LogOutputStream:75 - [STDERR_REDIRECT] 
2026-09-15 03:13:48,020 [ERROR] LogOutputStream:75 - [STDERR_REDIRECT] [Fatal Error] :1:1: Premature end of file.
2026-09-15 03:13:48,020 [ERROR] LogOutputStream:75 - [STDERR_REDIRECT] 
2026-09-15 03:13:49,020 [ERROR] LogOutputStream:75 - [STDERR_REDIRECT] [Fatal Error] :1:1: Premature end of file.
2026-09-15 03:13:49,020 [ERROR] LogOutputStream:75 - [STDERR_REDIRECT] 
2026-09-15 03:13:50,030 [ERROR] LogOutputStream:75 - [STDERR_REDIRECT] [Fatal Error] :1:1: Premature end of file.
2026-09-15 03:13:50,030 [ERROR] LogOutputStream:75 - [STDERR_REDIRECT] 
2026-09-15 03:13:51,030 [ERROR] LogOutputStream:75 - [STDERR_REDIRECT] [Fatal Error] :1:1: Premature end of file.
2026-09-15 03:13:51,030 [ERROR] LogOutputStream:75 - [STDERR_REDIRECT] 
2026-09-15 03:13:52,030 [ERROR] LogOutputStream:75 - [STDERR_REDIRECT] [Fatal Error] :1:1: Premature end of file.
2026-09-15 03:13:52,030 [ERROR] LogOutputStream:75 - [STDERR_REDIRECT] 
2026-09-15 03:13:55,183 [ERROR] LogOutputStream:75 - [STDERR_REDIRECT] [Fatal Error] :1:1: Premature end of file.
2026-09-15 03:13:55,183 [ERROR] LogOutputStream:75 - [STDERR_REDIRECT] 
2026-09-15 03:13:55,221 [ERROR] LogOutputStream:75 - [STDERR_REDIRECT] [Fatal Error] :1:1: Premature end of file.
2026-09-15 03:13:55,221 [ERROR] LogOutputStream:75 - [STDERR_REDIRECT] 
2026-09-15 03:13:55,265 [ERROR] LogOutputStream:75 - [STDERR_REDIRECT] [Fatal Error] :1:1: Premature end of file.
2026-09-15 03:13:55,270 [ERROR] LogOutputStream:75 - [STDERR_REDIRECT] 
2026-09-15 03:13:56,020 [ERROR] LogOutputStream:75 - [STDERR_REDIRECT] [Fatal Error] :1:1: Premature end of file.
2026-09-15 03:13:56,020 [ERROR] LogOutputStream:75 - [STDERR_REDIRECT] 
2026-09-15 03:13:57,030 [ERROR] LogOutputStream:75 - [STDERR_REDIRECT] [Fatal Error] :1:1: Premature end of file.
2026-09-15 03:13:57,030 [ERROR] LogOutputStream:75 - [STDERR_REDIRECT] 
2026-09-15 03:13:58,030 [ERROR] LogOutputStream:75 - [STDERR_REDIRECT] [Fatal Error] :1:1: Premature end of file.
2026-09-15 03:13:58,030 [ERROR] LogOutputStream:75 - [STDERR_REDIRECT] 
2026-09-15 03:13:59,022 [ERROR] LogOutputStream:75 - [STDERR_REDIRECT] [Fatal Error] :1:1: Premature end of file.
2026-09-15 03:13:59,022 [ERROR] LogOutputStream:75 - [STDERR_REDIRECT] 
2026-09-15 03:14:00,010 [ERROR] LogOutputStream:75 - [STDERR_REDIRECT] [Fatal Error] :1:1: Premature end of file.
2026-09-15 03:14:00,010 [ERROR] LogOutputStream:75 - [STDERR_REDIRECT] 
2026-09-15 03:14:01,025 [ERROR] LogOutputStream:75 - [STDERR_REDIRECT] [Fatal Error] :1:1: Premature end of file.
2026-09-15 03:14:01,025 [ERROR] LogOutputStream:75 - [STDERR_REDIRECT] 
2026-09-15 03:14:02,023 [ERROR] LogOutputStream:75 - [STDERR_REDIRECT] [Fatal Error] :1:1: Premature end of file.
2026-09-15 03:14:02,023 [ERROR] LogOutputStream:75 - [STDERR_REDIRECT] 
2026-09-15 03:14:03,021 [ERROR] LogOutputStream:75 - [STDERR_REDIRECT] [Fatal Error] :1:1: Premature end of file.
2026-09-15 03:14:03,021 [ERROR] LogOutputStream:75 - [STDERR_REDIRECT] 
2026-09-15 03:14:04,030 [ERROR] LogOutputStream:75 - [STDERR_REDIRECT] [Fatal Error] :1:1: Premature end of file.
2026-09-15 03:14:04,030 [ERROR] LogOutputStream:75 - [STDERR_REDIRECT] 
2026-09-15 03:14:05,030 [ERROR] LogOutputStream:75 - [STDERR_REDIRECT] [Fatal Error] :1:1: Premature end of file.
2026-09-15 03:14:05,030 [ERROR] LogOutputStream:75 - [STDERR_REDIRECT] 
2026-09-15 03:14:06,030 [ERROR] LogOutputStream:75 - [STDERR_REDIRECT] [Fatal Error] :1:1: Premature end of file.
2026-09-15 03:14:06,030 [ERROR] LogOutputStream:75 - [STDERR_REDIRECT] 
2026-09-15 03:14:07,020 [ERROR] LogOutputStream:75 - [STDERR_REDIRECT] [Fatal Error] :1:1: Premature end of file.
2026-09-15 03:14:07,020 [ERROR] LogOutputStream:75 - [STDERR_REDIRECT] 
2026-09-15 03:14:08,016 [ERROR] LogOutputStream:75 - [STDERR_REDIRECT] [Fatal Error] :1:1: Premature end of file.
2026-09-15 03:14:08,016 [ERROR] LogOutputStream:75 - [STDERR_REDIRECT] 
2026-09-15 03:14:09,030 [ERROR] LogOutputStream:75 - [STDERR_REDIRECT] [Fatal Error] :1:1: Premature end of file.
2026-09-15 03:14:09,030 [ERROR] LogOutputStream:75 - [STDERR_REDIRECT] 
2026-09-15 03:14:10,021 [ERROR] LogOutputStream:75 - [STDERR_REDIRECT] [Fatal Error] :1:1: Premature end of file.
2026-09-15 03:14:10,021 [ERROR] LogOutputStream:75 - [STDERR_REDIRECT] 
2026-09-15 03:14:11,020 [ERROR] LogOutputStream:75 - [STDERR_REDIRECT] [Fatal Error] :1:1: Premature end of file.
2026-09-15 03:14:11,020 [ERROR] LogOutputStream:75 - [STDERR_REDIRECT] 
2026-09-15 03:14:12,021 [ERROR] LogOutputStream:75 - [STDERR_REDIRECT] [Fatal Error] :1:1: Premature end of file.
2026-09-15 03:14:12,021 [ERROR] LogOutputStream:75 - [STDERR_REDIRECT] 
2026-09-15 03:14:13,020 [ERROR] LogOutputStream:75 - [STDERR_REDIRECT] [Fatal Error] :1:1: Premature end of file.
2026-09-15 03:14:13,020 [ERROR] LogOutputStream:75 - [STDERR_REDIRECT] 
2026-09-15 03:14:14,021 [ERROR] LogOutputStream:75 - [STDERR_REDIRECT] [Fatal Error] :1:1: Premature end of file.
2026-09-15 03:14:14,021 [ERROR] LogOutputStream:75 - [STDERR_REDIRECT] 
2026-09-15 03:14:15,010 [ERROR] LogOutputStream:75 - [STDERR_REDIRECT] [Fatal Error] :1:1: Premature end of file.
2026-09-15 03:14:15,010 [ERROR] LogOutputStream:75 - [STDERR_REDIRECT] 
2026-09-15 03:14:16,021 [ERROR] LogOutputStream:75 - [STDERR_REDIRECT] [Fatal Error] :1:1: Premature end of file.
2026-09-15 03:14:16,021 [ERROR] LogOutputStream:75 - [STDERR_REDIRECT] 
2026-09-15 03:14:17,031 [ERROR] LogOutputStream:75 - [STDERR_REDIRECT] [Fatal Error] :1:1: Premature end of file.
2026-09-15 03:14:17,031 [ERROR] LogOutputStream:75 - [STDERR_REDIRECT] 
2026-09-15 03:14:18,021 [ERROR] LogOutputStream:75 - [STDERR_REDIRECT] [Fatal Error] :1:1: Premature end of file.
2026-09-15 03:14:18,021 [ERROR] LogOutputStream:75 - [STDERR_REDIRECT] 
2026-09-15 03:14:19,026 [ERROR] LogOutputStream:75 - [STDERR_REDIRECT] [Fatal Error] :1:1: Premature end of file.
2026-09-15 03:14:19,026 [ERROR] LogOutputStream:75 - [STDERR_REDIRECT] 
2026-09-15 03:14:20,021 [ERROR] LogOutputStream:75 - [STDERR_REDIRECT] [Fatal Error] :1:1: Premature end of file.
2026-09-15 03:14:20,021 [ERROR] LogOutputStream:75 - [STDERR_REDIRECT] 
2026-09-15 03:14:21,031 [ERROR] LogOutputStream:75 - [STDERR_REDIRECT] [Fatal Error] :1:1: Premature end of file.
2026-09-15 03:14:21,031 [ERROR] LogOutputStream:75 - [STDERR_REDIRECT] 
2026-09-15 03:14:22,031 [ERROR] LogOutputStream:75 - [STDERR_REDIRECT] [Fatal Error] :1:1: Premature end of file.
2026-09-15 03:14:22,031 [ERROR] LogOutputStream:75 - [STDERR_REDIRECT] 
2026-09-15 03:14:23,011 [ERROR] LogOutputStream:75 - [STDERR_REDIRECT] [Fatal Error] :1:1: Premature end of file.
2026-09-15 03:14:23,011 [ERROR] LogOutputStream:75 - [STDERR_REDIRECT] 
2026-09-15 03:14:24,031 [ERROR] LogOutputStream:75 - [STDERR_REDIRECT] [Fatal Error] :1:1: Premature end of file.
2026-09-15 03:14:24,031 [ERROR] LogOutputStream:75 - [STDERR_REDIRECT] 
2026-09-15 03:14:25,021 [ERROR] LogOutputStream:75 - [STDERR_REDIRECT] [Fatal Error] :1:1: Premature end of file.
2026-09-15 03:14:25,021 [ERROR] LogOutputStream:75 - [STDERR_REDIRECT] 
2026-09-15 03:14:26,021 [ERROR] LogOutputStream:75 - [STDERR_REDIRECT] [Fatal Error] :1:1: Premature end of file.
2026-09-15 03:14:26,021 [ERROR] LogOutputStream:75 - [STDERR_REDIRECT] 
2026-09-15 03:14:27,021 [ERROR] LogOutputStream:75 - [STDERR_REDIRECT] [Fatal Error] :1:1: Premature end of file.
2026-09-15 03:14:27,021 [ERROR] LogOutputStream:75 - [STDERR_REDIRECT] 
2026-09-15 03:14:28,021 [ERROR] LogOutputStream:75 - [STDERR_REDIRECT] [Fatal Error] :1:1: Premature end of file.
2026-09-15 03:14:28,021 [ERROR] LogOutputStream:75 - [STDERR_REDIRECT] 
2026-09-15 03:14:29,011 [ERROR] LogOutputStream:75 - [STDERR_REDIRECT] [Fatal Error] :1:1: Premature end of file.
2026-09-15 03:14:29,011 [ERROR] LogOutputStream:75 - [STDERR_REDIRECT] 
2026-09-15 03:14:30,021 [ERROR] LogOutputStream:75 - [STDERR_REDIRECT] [Fatal Error] :1:1: Premature end of file.
2026-09-15 03:14:30,021 [ERROR] LogOutputStream:75 - [STDERR_REDIRECT] 
2026-09-15 03:14:31,026 [ERROR] LogOutputStream:75 - [STDERR_REDIRECT] [Fatal Error] :1:1: Premature end of file.
2026-09-15 03:14:31,026 [ERROR] LogOutputStream:75 - [STDERR_REDIRECT] 
2026-09-15 03:14:32,021 [ERROR] LogOutputStream:75 - [STDERR_REDIRECT] [Fatal Error] :1:1: Premature end of file.
2026-09-15 03:14:32,021 [ERROR] LogOutputStream:75 - [STDERR_REDIRECT] 
2026-09-15 03:14:33,030 [ERROR] LogOutputStream:75 - [STDERR_REDIRECT] [Fatal Error] :1:1: Premature end of file.
2026-09-15 03:14:33,030 [ERROR] LogOutputStream:75 - [STDERR_REDIRECT] 
2026-09-15 03:14:34,018 [ERROR] LogOutputStream:75 - [STDERR_REDIRECT] [Fatal Error] :1:1: Premature end of file.
2026-09-15 03:14:34,018 [ERROR] LogOutputStream:75 - [STDERR_REDIRECT] 
2026-09-15 03:14:35,025 [ERROR] LogOutputStream:75 - [STDERR_REDIRECT] [Fatal Error] :1:1: Premature end of file.
2026-09-15 03:14:35,025 [ERROR] LogOutputStream:75 - [STDERR_REDIRECT] 
2026-09-15 03:14:36,018 [ERROR] LogOutputStream:75 - [STDERR_REDIRECT] [Fatal Error] :1:1: Premature end of file.
2026-09-15 03:14:36,018 [ERROR] LogOutputStream:75 - [STDERR_REDIRECT] 
2026-09-15 03:14:37,021 [ERROR] LogOutputStream:75 - [STDERR_REDIRECT] [Fatal Error] :1:1: Premature end of file.
2026-09-15 03:14:37,021 [ERROR] LogOutputStream:75 - [STDERR_REDIRECT] 
2026-09-15 03:14:38,027 [ERROR] LogOutputStream:75 - [STDERR_REDIRECT] [Fatal Error] :1:1: Premature end of file.
2026-09-15 03:14:38,027 [ERROR] LogOutputStream:75 - [STDERR_REDIRECT] 
2026-09-15 03:14:39,024 [ERROR] LogOutputStream:75 - [STDERR_REDIRECT] [Fatal Error] :1:1: Premature end of file.
2026-09-15 03:14:39,024 [ERROR] LogOutputStream:75 - [STDERR_REDIRECT] 
2026-09-15 03:14:40,025 [ERROR] LogOutputStream:75 - [STDERR_REDIRECT] [Fatal Error] :1:1: Premature end of file.
2026-09-15 03:14:40,025 [ERROR] LogOutputStream:75 - [STDERR_REDIRECT] 
2026-09-15 03:14:41,032 [ERROR] LogOutputStream:75 - [STDERR_REDIRECT] [Fatal Error] :1:1: Premature end of file.
2026-09-15 03:14:41,032 [ERROR] LogOutputStream:75 - [STDERR_REDIRECT] 
2026-09-15 03:14:42,025 [ERROR] LogOutputStream:75 - [STDERR_REDIRECT] [Fatal Error] :1:1: Premature end of file.
2026-09-15 03:14:42,025 [ERROR] LogOutputStream:75 - [STDERR_REDIRECT] 
2026-09-15 03:14:43,032 [ERROR] LogOutputStream:75 - [STDERR_REDIRECT] [Fatal Error] :1:1: Premature end of file.
2026-09-15 03:14:43,032 [ERROR] LogOutputStream:75 - [STDERR_REDIRECT] 
2026-09-15 03:14:44,032 [ERROR] LogOutputStream:75 - [STDERR_REDIRECT] [Fatal Error] :1:1: Premature end of file.
2026-09-15 03:14:44,032 [ERROR] LogOutputStream:75 - [STDERR_REDIRECT] 
2026-09-15 03:14:45,022 [ERROR] LogOutputStream:75 - [STDERR_REDIRECT] [Fatal Error] :1:1: Premature end of file.
2026-09-15 03:14:45,022 [ERROR] LogOutputStream:75 - [STDERR_REDIRECT] 
2026-09-15 03:14:46,021 [ERROR] LogOutputStream:75 - [STDERR_REDIRECT] [Fatal Error] :1:1: Premature end of file.
2026-09-15 03:14:46,021 [ERROR] LogOutputStream:75 - [STDERR_REDIRECT] 
2026-09-15 03:14:47,031 [ERROR] LogOutputStream:75 - [STDERR_REDIRECT] [Fatal Error] :1:1: Premature end of file.
2026-09-15 03:14:47,031 [ERROR] LogOutputStream:75 - [STDERR_REDIRECT] 
2026-09-15 03:14:48,022 [ERROR] LogOutputStream:75 - [STDERR_REDIRECT] [Fatal Error] :1:1: Premature end of file.
2026-09-15 03:14:48,022 [ERROR] LogOutputStream:75 - [STDERR_REDIRECT] 
2026-09-15 03:14:49,031 [ERROR] LogOutputStream:75 - [STDERR_REDIRECT] [Fatal Error] :1:1: Premature end of file.
2026-09-15 03:14:49,031 [ERROR] LogOutputStream:75 - [STDERR_REDIRECT] 
2026-09-15 03:14:50,022 [ERROR] LogOutputStream:75 - [STDERR_REDIRECT] [Fatal Error] :1:1: Premature end of file.
2026-09-15 03:14:50,022 [ERROR] LogOutputStream:75 - [STDERR_REDIRECT] 
2026-09-15 03:14:51,032 [ERROR] LogOutputStream:75 - [STDERR_REDIRECT] [Fatal Error] :1:1: Premature end of file.
2026-09-15 03:14:51,032 [ERROR] LogOutputStream:75 - [STDERR_REDIRECT] 
2026-09-15 03:14:52,021 [ERROR] LogOutputStream:75 - [STDERR_REDIRECT] [Fatal Error] :1:1: Premature end of file.
2026-09-15 03:14:52,021 [ERROR] LogOutputStream:75 - [STDERR_REDIRECT] 
2026-09-15 03:14:53,032 [ERROR] LogOutputStream:75 - [STDERR_REDIRECT] [Fatal Error] :1:1: Premature end of file.
2026-09-15 03:14:53,032 [ERROR] LogOutputStream:75 - [STDERR_REDIRECT] 
2026-09-15 03:14:54,022 [ERROR] LogOutputStream:75 - [STDERR_REDIRECT] [Fatal Error] :1:1: Premature end of file.
2026-09-15 03:14:54,022 [ERROR] LogOutputStream:75 - [STDERR_REDIRECT] 
2026-09-15 03:14:55,022 [ERROR] LogOutputStream:75 - [STDERR_REDIRECT] [Fatal Error] :1:1: Premature end of file.
2026-09-15 03:14:55,022 [ERROR] LogOutputStream:75 - [STDERR_REDIRECT] 
2026-09-15 03:14:56,020 [ERROR] LogOutputStream:75 - [STDERR_REDIRECT] [Fatal Error] :1:1: Premature end of file.
2026-09-15 03:14:56,020 [ERROR] LogOutputStream:75 - [STDERR_REDIRECT] 
2026-09-15 03:14:57,023 [ERROR] LogOutputStream:75 - [STDERR_REDIRECT] [Fatal Error] :1:1: Premature end of file.
2026-09-15 03:14:57,024 [ERROR] LogOutputStream:75 - [STDERR_REDIRECT] 
2026-09-15 03:14:58,029 [ERROR] LogOutputStream:75 - [STDERR_REDIRECT] [Fatal Error] :1:1: Premature end of file.
2026-09-15 03:14:58,029 [ERROR] LogOutputStream:75 - [STDERR_REDIRECT] 
2026-09-15 03:14:59,022 [ERROR] LogOutputStream:75 - [STDERR_REDIRECT] [Fatal Error] :1:1: Premature end of file.
2026-09-15 03:14:59,022 [ERROR] LogOutputStream:75 - [STDERR_REDIRECT] 
2026-09-15 03:15:00,014 [ERROR] LogOutputStream:75 - [STDERR_REDIRECT] [Fatal Error] :1:1: Premature end of file.
2026-09-15 03:15:00,014 [ERROR] LogOutputStream:75 - [STDERR_REDIRECT] 
2026-09-15 03:15:01,032 [ERROR] LogOutputStream:75 - [STDERR_REDIRECT] [Fatal Error] :1:1: Premature end of file.
2026-09-15 03:15:01,032 [ERROR] LogOutputStream:75 - [STDERR_REDIRECT] 
2026-09-15 03:15:02,022 [ERROR] LogOutputStream:75 - [STDERR_REDIRECT] [Fatal Error] :1:1: Premature end of file.
2026-09-15 03:15:02,022 [ERROR] LogOutputStream:75 - [STDERR_REDIRECT] 
2026-09-15 03:15:03,022 [ERROR] LogOutputStream:75 - [STDERR_REDIRECT] [Fatal Error] :1:1: Premature end of file.
2026-09-15 03:15:03,022 [ERROR] LogOutputStream:75 - [STDERR_REDIRECT] 
2026-09-15 03:15:04,022 [ERROR] LogOutputStream:75 - [STDERR_REDIRECT] [Fatal Error] :1:1: Premature end of file.
2026-09-15 03:15:04,022 [ERROR] LogOutputStream:75 - [STDERR_REDIRECT] 
2026-09-15 03:15:05,032 [ERROR] LogOutputStream:75 - [STDERR_REDIRECT] [Fatal Error] :1:1: Premature end of file.
2026-09-15 03:15:05,032 [ERROR] LogOutputStream:75 - [STDERR_REDIRECT] 
2026-09-15 03:15:06,022 [ERROR] LogOutputStream:75 - [STDERR_REDIRECT] [Fatal Error] :1:1: Premature end of file.
2026-09-15 03:15:06,022 [ERROR] LogOutputStream:75 - [STDERR_REDIRECT] 
2026-09-15 03:15:07,022 [ERROR] LogOutputStream:75 - [STDERR_REDIRECT] [Fatal Error] :1:1: Premature end of file.
2026-09-15 03:15:07,022 [ERROR] LogOutputStream:75 - [STDERR_REDIRECT] 
2026-09-15 03:15:08,022 [ERROR] LogOutputStream:75 - [STDERR_REDIRECT] [Fatal Error] :1:1: Premature end of file.
2026-09-15 03:15:08,022 [ERROR] LogOutputStream:75 - [STDERR_REDIRECT] 
2026-09-15 03:15:09,022 [ERROR] LogOutputStream:75 - [STDERR_REDIRECT] [Fatal Error] :1:1: Premature end of file.
2026-09-15 03:15:09,022 [ERROR] LogOutputStream:75 - [STDERR_REDIRECT] 
2026-09-15 03:15:10,032 [ERROR] LogOutputStream:75 - [STDERR_REDIRECT] [Fatal Error] :1:1: Premature end of file.
2026-09-15 03:15:10,032 [ERROR] LogOutputStream:75 - [STDERR_REDIRECT] 
2026-09-15 03:15:11,022 [ERROR] LogOutputStream:75 - [STDERR_REDIRECT] [Fatal Error] :1:1: Premature end of file.
2026-09-15 03:15:11,022 [ERROR] LogOutputStream:75 - [STDERR_REDIRECT] 
2026-09-15 03:15:12,032 [ERROR] LogOutputStream:75 - [STDERR_REDIRECT] [Fatal Error] :1:1: Premature end of file.
2026-09-15 03:15:12,032 [ERROR] LogOutputStream:75 - [STDERR_REDIRECT] 
2026-09-15 03:15:13,012 [ERROR] LogOutputStream:75 - [STDERR_REDIRECT] [Fatal Error] :1:1: Premature end of file.
2026-09-15 03:15:13,012 [ERROR] LogOutputStream:75 - [STDERR_REDIRECT] 
2026-09-15 03:15:14,022 [ERROR] LogOutputStream:75 - [STDERR_REDIRECT] [Fatal Error] :1:1: Premature end of file.
2026-09-15 03:15:14,022 [ERROR] LogOutputStream:75 - [STDERR_REDIRECT] 
2026-09-15 03:15:15,032 [ERROR] LogOutputStream:75 - [STDERR_REDIRECT] [Fatal Error] :1:1: Premature end of file.
2026-09-15 03:15:15,032 [ERROR] LogOutputStream:75 - [STDERR_REDIRECT] 
2026-09-15 03:15:16,022 [ERROR] LogOutputStream:75 - [STDERR_REDIRECT] [Fatal Error] :1:1: Premature end of file.
2026-09-15 03:15:16,022 [ERROR] LogOutputStream:75 - [STDERR_REDIRECT] 
2026-09-15 03:15:17,022 [ERROR] LogOutputStream:75 - [STDERR_REDIRECT] [Fatal Error] :1:1: Premature end of file.
2026-09-15 03:15:17,022 [ERROR] LogOutputStream:75 - [STDERR_REDIRECT] 
2026-09-15 03:15:18,022 [ERROR] LogOutputStream:75 - [STDERR_REDIRECT] [Fatal Error] :1:1: Premature end of file.
2026-09-15 03:15:18,022 [ERROR] LogOutputStream:75 - [STDERR_REDIRECT] 
2026-09-15 03:15:19,017 [ERROR] LogOutputStream:75 - [STDERR_REDIRECT] [Fatal Error] :1:1: Premature end of file.
2026-09-15 03:15:19,017 [ERROR] LogOutputStream:75 - [STDERR_REDIRECT] 
2026-09-15 03:15:20,023 [ERROR] LogOutputStream:75 - [STDERR_REDIRECT] [Fatal Error] :1:1: Premature end of file.
2026-09-15 03:15:20,023 [ERROR] LogOutputStream:75 - [STDERR_REDIRECT] 
2026-09-15 03:15:21,032 [ERROR] LogOutputStream:75 - [STDERR_REDIRECT] [Fatal Error] :1:1: Premature end of file.
2026-09-15 03:15:21,032 [ERROR] LogOutputStream:75 - [STDERR_REDIRECT] 
2026-09-15 03:15:22,022 [ERROR] LogOutputStream:75 - [STDERR_REDIRECT] [Fatal Error] :1:1: Premature end of file.
2026-09-15 03:15:22,022 [ERROR] LogOutputStream:75 - [STDERR_REDIRECT] 
2026-09-15 03:15:23,012 [ERROR] LogOutputStream:75 - [STDERR_REDIRECT] [Fatal Error] :1:1: Premature end of file.
2026-09-15 03:15:23,012 [ERROR] LogOutputStream:75 - [STDERR_REDIRECT] 
2026-09-15 03:15:24,022 [ERROR] LogOutputStream:75 - [STDERR_REDIRECT] [Fatal Error] :1:1: Premature end of file.
2026-09-15 03:15:24,022 [ERROR] LogOutputStream:75 - [STDERR_REDIRECT] 
2026-09-15 03:15:25,032 [ERROR] LogOutputStream:75 - [STDERR_REDIRECT] [Fatal Error] :1:1: Premature end of file.
2026-09-15 03:15:25,032 [ERROR] LogOutputStream:75 - [STDERR_REDIRECT] 
2026-09-15 03:15:26,022 [ERROR] LogOutputStream:75 - [STDERR_REDIRECT] [Fatal Error] :1:1: Premature end of file.
2026-09-15 03:15:26,022 [ERROR] LogOutputStream:75 - [STDERR_REDIRECT] 
2026-09-15 03:15:27,032 [ERROR] LogOutputStream:75 - [STDERR_REDIRECT] [Fatal Error] :1:1: Premature end of file.
2026-09-15 03:15:27,032 [ERROR] LogOutputStream:75 - [STDERR_REDIRECT] 
2026-09-15 03:15:28,022 [ERROR] LogOutputStream:75 - [STDERR_REDIRECT] [Fatal Error] :1:1: Premature end of file.
2026-09-15 03:15:28,022 [ERROR] LogOutputStream:75 - [STDERR_REDIRECT] 
2026-09-15 03:15:29,013 [ERROR] LogOutputStream:75 - [STDERR_REDIRECT] [Fatal Error] :1:1: Premature end of file.
2026-09-15 03:15:29,013 [ERROR] LogOutputStream:75 - [STDERR_REDIRECT] 
2026-09-15 03:15:30,023 [ERROR] LogOutputStream:75 - [STDERR_REDIRECT] [Fatal Error] :1:1: Premature end of file.
2026-09-15 03:15:30,023 [ERROR] LogOutputStream:75 - [STDERR_REDIRECT] 
2026-09-15 03:15:31,027 [ERROR] LogOutputStream:75 - [STDERR_REDIRECT] [Fatal Error] :1:1: Premature end of file.
2026-09-15 03:15:31,027 [ERROR] LogOutputStream:75 - [STDERR_REDIRECT] 
2026-09-15 03:15:32,023 [ERROR] LogOutputStream:75 - [STDERR_REDIRECT] [Fatal Error] :1:1: Premature end of file.
2026-09-15 03:15:32,023 [ERROR] LogOutputStream:75 - [STDERR_REDIRECT] 
2026-09-15 03:15:33,024 [ERROR] LogOutputStream:75 - [STDERR_REDIRECT] [Fatal Error] :1:1: Premature end of file.
2026-09-15 03:15:33,024 [ERROR] LogOutputStream:75 - [STDERR_REDIRECT] 
2026-09-15 03:15:34,023 [ERROR] LogOutputStream:75 - [STDERR_REDIRECT] [Fatal Error] :1:1: Premature end of file.
2026-09-15 03:15:34,023 [ERROR] LogOutputStream:75 - [STDERR_REDIRECT] 
2026-09-15 03:15:35,023 [ERROR] LogOutputStream:75 - [STDERR_REDIRECT] [Fatal Error] :1:1: Premature end of file.
2026-09-15 03:15:35,023 [ERROR] LogOutputStream:75 - [STDERR_REDIRECT] 
2026-09-15 03:15:36,026 [ERROR] LogOutputStream:75 - [STDERR_REDIRECT] [Fatal Error] :1:1: Premature end of file.
2026-09-15 03:15:36,026 [ERROR] LogOutputStream:75 - [STDERR_REDIRECT] 
2026-09-15 03:15:37,028 [ERROR] LogOutputStream:75 - [STDERR_REDIRECT] [Fatal Error] :1:1: Premature end of file.
2026-09-15 03:15:37,028 [ERROR] LogOutputStream:75 - [STDERR_REDIRECT] 
2026-09-15 03:15:38,023 [ERROR] LogOutputStream:75 - [STDERR_REDIRECT] [Fatal Error] :1:1: Premature end of file.
2026-09-15 03:15:38,023 [ERROR] LogOutputStream:75 - [STDERR_REDIRECT] 
2026-09-15 03:15:39,023 [ERROR] LogOutputStream:75 - [STDERR_REDIRECT] [Fatal Error] :1:1: Premature end of file.
2026-09-15 03:15:39,023 [ERROR] LogOutputStream:75 - [STDERR_REDIRECT] 
2026-09-15 03:15:40,023 [ERROR] LogOutputStream:75 - [STDERR_REDIRECT] [Fatal Error] :1:1: Premature end of file.
2026-09-15 03:15:40,023 [ERROR] LogOutputStream:75 - [STDERR_REDIRECT] 
2026-09-15 03:15:41,028 [ERROR] LogOutputStream:75 - [STDERR_REDIRECT] [Fatal Error] :1:1: Premature end of file.
2026-09-15 03:15:41,028 [ERROR] LogOutputStream:75 - [STDERR_REDIRECT] 
2026-09-15 03:15:42,025 [ERROR] LogOutputStream:75 - [STDERR_REDIRECT] [Fatal Error] :1:1: Premature end of file.
2026-09-15 03:15:42,026 [ERROR] LogOutputStream:75 - [STDERR_REDIRECT] 
2026-09-15 03:15:43,042 [ERROR] LogOutputStream:75 - [STDERR_REDIRECT] [Fatal Error] :1:1: Premature end of file.
2026-09-15 03:15:43,042 [ERROR] LogOutputStream:75 - [STDERR_REDIRECT] 
2026-09-15 03:15:44,023 [ERROR] LogOutputStream:75 - [STDERR_REDIRECT] [Fatal Error] :1:1: Premature end of file.
2026-09-15 03:15:44,023 [ERROR] LogOutputStream:75 - [STDERR_REDIRECT] 
2026-09-15 03:15:45,023 [ERROR] LogOutputStream:75 - [STDERR_REDIRECT] [Fatal Error] :1:1: Premature end of file.
2026-09-15 03:15:45,023 [ERROR] LogOutputStream:75 - [STDERR_REDIRECT] 
2026-09-15 03:15:46,028 [ERROR] LogOutputStream:75 - [STDERR_REDIRECT] [Fatal Error] :1:1: Premature end of file.
2026-09-15 03:15:46,028 [ERROR] LogOutputStream:75 - [STDERR_REDIRECT] 
2026-09-15 03:15:47,025 [ERROR] LogOutputStream:75 - [STDERR_REDIRECT] [Fatal Error] :1:1: Premature end of file.
2026-09-15 03:15:47,025 [ERROR] LogOutputStream:75 - [STDERR_REDIRECT] 
2026-09-15 03:15:48,035 [ERROR] LogOutputStream:75 - [STDERR_REDIRECT] [Fatal Error] :1:1: Premature end of file.
2026-09-15 03:15:48,035 [ERROR] LogOutputStream:75 - [STDERR_REDIRECT] 
2026-09-15 03:15:49,023 [ERROR] LogOutputStream:75 - [STDERR_REDIRECT] [Fatal Error] :1:1: Premature end of file.
2026-09-15 03:15:49,023 [ERROR] LogOutputStream:75 - [STDERR_REDIRECT] 
2026-09-15 03:15:50,013 [ERROR] LogOutputStream:75 - [STDERR_REDIRECT] [Fatal Error] :1:1: Premature end of file.
2026-09-15 03:15:50,013 [ERROR] LogOutputStream:75 - [STDERR_REDIRECT] 
2026-09-15 03:15:51,013 [ERROR] LogOutputStream:75 - [STDERR_REDIRECT] [Fatal Error] :1:1: Premature end of file.
2026-09-15 03:15:51,013 [ERROR] LogOutputStream:75 - [STDERR_REDIRECT] 
2026-09-15 03:15:52,033 [ERROR] LogOutputStream:75 - [STDERR_REDIRECT] [Fatal Error] :1:1: Premature end of file.
2026-09-15 03:15:52,033 [ERROR] LogOutputStream:75 - [STDERR_REDIRECT] 
2026-09-15 03:15:53,033 [ERROR] LogOutputStream:75 - [STDERR_REDIRECT] [Fatal Error] :1:1: Premature end of file.
2026-09-15 03:15:53,033 [ERROR] LogOutputStream:75 - [STDERR_REDIRECT] 
2026-09-15 03:15:54,023 [ERROR] LogOutputStream:75 - [STDERR_REDIRECT] [Fatal Error] :1:1: Premature end of file.
2026-09-15 03:15:54,023 [ERROR] LogOutputStream:75 - [STDERR_REDIRECT] 
2026-09-15 03:15:55,030 [ERROR] LogOutputStream:75 - [STDERR_REDIRECT] [Fatal Error] :1:1: Premature end of file.
2026-09-15 03:15:55,030 [ERROR] LogOutputStream:75 - [STDERR_REDIRECT] 
2026-09-15 03:15:56,017 [ERROR] LogOutputStream:75 - [STDERR_REDIRECT] [Fatal Error] :1:1: Premature end of file.
2026-09-15 03:15:56,017 [ERROR] LogOutputStream:75 - [STDERR_REDIRECT] 
2026-09-15 03:15:57,023 [ERROR] LogOutputStream:75 - [STDERR_REDIRECT] [Fatal Error] :1:1: Premature end of file.
2026-09-15 03:15:57,023 [ERROR] LogOutputStream:75 - [STDERR_REDIRECT] 
2026-09-15 03:15:58,033 [ERROR] LogOutputStream:75 - [STDERR_REDIRECT] [Fatal Error] :1:1: Premature end of file.
2026-09-15 03:15:58,033 [ERROR] LogOutputStream:75 - [STDERR_REDIRECT] 
2026-09-15 03:15:59,017 [ERROR] LogOutputStream:75 - [STDERR_REDIRECT] [Fatal Error] :1:1: Premature end of file.
2026-09-15 03:15:59,017 [ERROR] LogOutputStream:75 - [STDERR_REDIRECT] 
2026-09-15 03:16:00,023 [ERROR] LogOutputStream:75 - [STDERR_REDIRECT] [Fatal Error] :1:1: Premature end of file.
2026-09-15 03:16:00,023 [ERROR] LogOutputStream:75 - [STDERR_REDIRECT] 
2026-09-15 03:16:01,024 [ERROR] LogOutputStream:75 - [STDERR_REDIRECT] [Fatal Error] :1:1: Premature end of file.
2026-09-15 03:16:01,024 [ERROR] LogOutputStream:75 - [STDERR_REDIRECT] 
2026-09-15 03:16:02,033 [ERROR] LogOutputStream:75 - [STDERR_REDIRECT] [Fatal Error] :1:1: Premature end of file.
2026-09-15 03:16:02,033 [ERROR] LogOutputStream:75 - [STDERR_REDIRECT] 
2026-09-15 03:16:03,027 [ERROR] LogOutputStream:75 - [STDERR_REDIRECT] [Fatal Error] :1:1: Premature end of file.
2026-09-15 03:16:03,027 [ERROR] LogOutputStream:75 - [STDERR_REDIRECT] 
2026-09-15 03:16:04,028 [ERROR] LogOutputStream:75 - [STDERR_REDIRECT] [Fatal Error] :1:1: Premature end of file.
2026-09-15 03:16:04,028 [ERROR] LogOutputStream:75 - [STDERR_REDIRECT] 
2026-09-15 03:16:05,033 [ERROR] LogOutputStream:75 - [STDERR_REDIRECT] [Fatal Error] :1:1: Premature end of file.
2026-09-15 03:16:05,033 [ERROR] LogOutputStream:75 - [STDERR_REDIRECT] 
2026-09-15 03:16:06,028 [ERROR] LogOutputStream:75 - [STDERR_REDIRECT] [Fatal Error] :1:1: Premature end of file.
2026-09-15 03:16:06,028 [ERROR] LogOutputStream:75 - [STDERR_REDIRECT] 
2026-09-15 03:16:07,018 [ERROR] LogOutputStream:75 - [STDERR_REDIRECT] [Fatal Error] :1:1: Premature end of file.
2026-09-15 03:16:07,018 [ERROR] LogOutputStream:75 - [STDERR_REDIRECT] 
2026-09-15 03:16:08,014 [ERROR] LogOutputStream:75 - [STDERR_REDIRECT] [Fatal Error] :1:1: Premature end of file.
2026-09-15 03:16:08,014 [ERROR] LogOutputStream:75 - [STDERR_REDIRECT] 
2026-09-15 03:16:09,023 [ERROR] LogOutputStream:75 - [STDERR_REDIRECT] [Fatal Error] :1:1: Premature end of file.
2026-09-15 03:16:09,023 [ERROR] LogOutputStream:75 - [STDERR_REDIRECT] 
2026-09-15 03:16:10,024 [ERROR] LogOutputStream:75 - [STDERR_REDIRECT] [Fatal Error] :1:1: Premature end of file.
2026-09-15 03:16:10,024 [ERROR] LogOutputStream:75 - [STDERR_REDIRECT] 
2026-09-15 03:16:11,024 [ERROR] LogOutputStream:75 - [STDERR_REDIRECT] [Fatal Error] :1:1: Premature end of file.
2026-09-15 03:16:11,024 [ERROR] LogOutputStream:75 - [STDERR_REDIRECT] 
2026-09-15 03:16:12,033 [ERROR] LogOutputStream:75 - [STDERR_REDIRECT] [Fatal Error] :1:1: Premature end of file.
2026-09-15 03:16:12,033 [ERROR] LogOutputStream:75 - [STDERR_REDIRECT] 
2026-09-15 03:16:13,024 [ERROR] LogOutputStream:75 - [STDERR_REDIRECT] [Fatal Error] :1:1: Premature end of file.
2026-09-15 03:16:13,024 [ERROR] LogOutputStream:75 - [STDERR_REDIRECT] 
2026-09-15 03:16:14,024 [ERROR] LogOutputStream:75 - [STDERR_REDIRECT] [Fatal Error] :1:1: Premature end of file.
2026-09-15 03:16:14,024 [ERROR] LogOutputStream:75 - [STDERR_REDIRECT] 
2026-09-15 03:16:15,032 [ERROR] LogOutputStream:75 - [STDERR_REDIRECT] [Fatal Error] :1:1: Premature end of file.
2026-09-15 03:16:15,032 [ERROR] LogOutputStream:75 - [STDERR_REDIRECT] 
2026-09-15 03:16:16,026 [ERROR] LogOutputStream:75 - [STDERR_REDIRECT] [Fatal Error] :1:1: Premature end of file.
2026-09-15 03:16:16,026 [ERROR] LogOutputStream:75 - [STDERR_REDIRECT] 
2026-09-15 03:16:17,024 [ERROR] LogOutputStream:75 - [STDERR_REDIRECT] [Fatal Error] :1:1: Premature end of file.
2026-09-15 03:16:17,024 [ERROR] LogOutputStream:75 - [STDERR_REDIRECT] 
2026-09-15 03:16:18,024 [ERROR] LogOutputStream:75 - [STDERR_REDIRECT] [Fatal Error] :1:1: Premature end of file.
2026-09-15 03:16:18,024 [ERROR] LogOutputStream:75 - [STDERR_REDIRECT] 
2026-09-15 03:16:19,024 [ERROR] LogOutputStream:75 - [STDERR_REDIRECT] [Fatal Error] :1:1: Premature end of file.
2026-09-15 03:16:19,024 [ERROR] LogOutputStream:75 - [STDERR_REDIRECT] 
2026-09-15 03:16:20,014 [ERROR] LogOutputStream:75 - [STDERR_REDIRECT] [Fatal Error] :1:1: Premature end of file.
2026-09-15 03:16:20,014 [ERROR] LogOutputStream:75 - [STDERR_REDIRECT] 
2026-09-15 03:16:21,014 [ERROR] LogOutputStream:75 - [STDERR_REDIRECT] [Fatal Error] :1:1: Premature end of file.
2026-09-15 03:16:21,014 [ERROR] LogOutputStream:75 - [STDERR_REDIRECT] 
2026-09-15 03:16:22,024 [ERROR] LogOutputStream:75 - [STDERR_REDIRECT] [Fatal Error] :1:1: Premature end of file.
2026-09-15 03:16:22,024 [ERROR] LogOutputStream:75 - [STDERR_REDIRECT] 
2026-09-15 03:16:23,014 [ERROR] LogOutputStream:75 - [STDERR_REDIRECT] [Fatal Error] :1:1: Premature end of file.
2026-09-15 03:16:23,014 [ERROR] LogOutputStream:75 - [STDERR_REDIRECT] 
2026-09-15 03:16:24,014 [ERROR] LogOutputStream:75 - [STDERR_REDIRECT] [Fatal Error] :1:1: Premature end of file.
2026-09-15 03:16:24,014 [ERROR] LogOutputStream:75 - [STDERR_REDIRECT] 
2026-09-15 03:16:25,034 [ERROR] LogOutputStream:75 - [STDERR_REDIRECT] [Fatal Error] :1:1: Premature end of file.
2026-09-15 03:16:25,034 [ERROR] LogOutputStream:75 - [STDERR_REDIRECT] 
2026-09-15 03:16:26,024 [ERROR] LogOutputStream:75 - [STDERR_REDIRECT] [Fatal Error] :1:1: Premature end of file.
2026-09-15 03:16:26,024 [ERROR] LogOutputStream:75 - [STDERR_REDIRECT] 
2026-09-15 03:16:27,034 [ERROR] LogOutputStream:75 - [STDERR_REDIRECT] [Fatal Error] :1:1: Premature end of file.
2026-09-15 03:16:27,034 [ERROR] LogOutputStream:75 - [STDERR_REDIRECT] 
2026-09-15 03:16:28,034 [ERROR] LogOutputStream:75 - [STDERR_REDIRECT] [Fatal Error] :1:1: Premature end of file.
2026-09-15 03:16:28,034 [ERROR] LogOutputStream:75 - [STDERR_REDIRECT] 
2026-09-15 03:16:29,024 [ERROR] LogOutputStream:75 - [STDERR_REDIRECT] [Fatal Error] :1:1: Premature end of file.
2026-09-15 03:16:29,024 [ERROR] LogOutputStream:75 - [STDERR_REDIRECT] 
2026-09-15 03:16:30,024 [ERROR] LogOutputStream:75 - [STDERR_REDIRECT] [Fatal Error] :1:1: Premature end of file.
2026-09-15 03:16:30,024 [ERROR] LogOutputStream:75 - [STDERR_REDIRECT] 
2026-09-15 03:16:31,024 [ERROR] LogOutputStream:75 - [STDERR_REDIRECT] [Fatal Error] :1:1: Premature end of file.
2026-09-15 03:16:31,024 [ERROR] LogOutputStream:75 - [STDERR_REDIRECT] 
2026-09-15 03:16:32,018 [ERROR] LogOutputStream:75 - [STDERR_REDIRECT] [Fatal Error] :1:1: Premature end of file.
2026-09-15 03:16:32,018 [ERROR] LogOutputStream:75 - [STDERR_REDIRECT] 
2026-09-15 03:16:33,034 [ERROR] LogOutputStream:75 - [STDERR_REDIRECT] [Fatal Error] :1:1: Premature end of file.
2026-09-15 03:16:33,034 [ERROR] LogOutputStream:75 - [STDERR_REDIRECT] 
2026-09-15 03:16:34,024 [ERROR] LogOutputStream:75 - [STDERR_REDIRECT] [Fatal Error] :1:1: Premature end of file.
2026-09-15 03:16:34,024 [ERROR] LogOutputStream:75 - [STDERR_REDIRECT] 
2026-09-15 03:16:35,022 [ERROR] LogOutputStream:75 - [STDERR_REDIRECT] [Fatal Error] :1:1: Premature end of file.
2026-09-15 03:16:35,022 [ERROR] LogOutputStream:75 - [STDERR_REDIRECT] 
2026-09-15 03:16:36,024 [ERROR] LogOutputStream:75 - [STDERR_REDIRECT] [Fatal Error] :1:1: Premature end of file.
2026-09-15 03:16:36,024 [ERROR] LogOutputStream:75 - [STDERR_REDIRECT] 
2026-09-15 03:16:37,034 [ERROR] LogOutputStream:75 - [STDERR_REDIRECT] [Fatal Error] :1:1: Premature end of file.
2026-09-15 03:16:37,034 [ERROR] LogOutputStream:75 - [STDERR_REDIRECT] 
2026-09-15 03:16:38,024 [ERROR] LogOutputStream:75 - [STDERR_REDIRECT] [Fatal Error] :1:1: Premature end of file.
2026-09-15 03:16:38,024 [ERROR] LogOutputStream:75 - [STDERR_REDIRECT] 
2026-09-15 03:16:39,024 [ERROR] LogOutputStream:75 - [STDERR_REDIRECT] [Fatal Error] :1:1: Premature end of file.
2026-09-15 03:16:39,024 [ERROR] LogOutputStream:75 - [STDERR_REDIRECT] 
2026-09-15 03:16:40,021 [ERROR] LogOutputStream:75 - [STDERR_REDIRECT] [Fatal Error] :1:1: Premature end of file.
2026-09-15 03:16:40,021 [ERROR] LogOutputStream:75 - [STDERR_REDIRECT] 
2026-09-15 03:16:41,024 [ERROR] LogOutputStream:75 - [STDERR_REDIRECT] [Fatal Error] :1:1: Premature end of file.
2026-09-15 03:16:41,024 [ERROR] LogOutputStream:75 - [STDERR_REDIRECT] 
2026-09-15 03:16:42,024 [ERROR] LogOutputStream:75 - [STDERR_REDIRECT] [Fatal Error] :1:1: Premature end of file.
2026-09-15 03:16:42,024 [ERROR] LogOutputStream:75 - [STDERR_REDIRECT] 
2026-09-15 03:16:43,034 [ERROR] LogOutputStream:75 - [STDERR_REDIRECT] [Fatal Error] :1:1: Premature end of file.
2026-09-15 03:16:43,034 [ERROR] LogOutputStream:75 - [STDERR_REDIRECT] 
2026-09-15 03:16:44,015 [ERROR] LogOutputStream:75 - [STDERR_REDIRECT] [Fatal Error] :1:1: Premature end of file.
2026-09-15 03:16:44,015 [ERROR] LogOutputStream:75 - [STDERR_REDIRECT] 
2026-09-15 03:16:45,028 [ERROR] LogOutputStream:75 - [STDERR_REDIRECT] [Fatal Error] :1:1: Premature end of file.
2026-09-15 03:16:45,028 [ERROR] LogOutputStream:75 - [STDERR_REDIRECT] 
2026-09-15 03:16:46,015 [ERROR] LogOutputStream:75 - [STDERR_REDIRECT] [Fatal Error] :1:1: Premature end of file.
2026-09-15 03:16:46,015 [ERROR] LogOutputStream:75 - [STDERR_REDIRECT] 
2026-09-15 03:16:47,027 [ERROR] LogOutputStream:75 - [STDERR_REDIRECT] [Fatal Error] :1:1: Premature end of file.
2026-09-15 03:16:47,027 [ERROR] LogOutputStream:75 - [STDERR_REDIRECT] 
2026-09-15 03:16:48,015 [ERROR] LogOutputStream:75 - [STDERR_REDIRECT] [Fatal Error] :1:1: Premature end of file.
2026-09-15 03:16:48,015 [ERROR] LogOutputStream:75 - [STDERR_REDIRECT] 
2026-09-15 03:16:49,024 [ERROR] LogOutputStream:75 - [STDERR_REDIRECT] [Fatal Error] :1:1: Premature end of file.
2026-09-15 03:16:49,024 [ERROR] LogOutputStream:75 - [STDERR_REDIRECT] 
2026-09-15 03:16:50,025 [ERROR] LogOutputStream:75 - [STDERR_REDIRECT] [Fatal Error] :1:1: Premature end of file.
2026-09-15 03:16:50,025 [ERROR] LogOutputStream:75 - [STDERR_REDIRECT] 
2026-09-15 03:16:51,024 [ERROR] LogOutputStream:75 - [STDERR_REDIRECT] [Fatal Error] :1:1: Premature end of file.
2026-09-15 03:16:51,024 [ERROR] LogOutputStream:75 - [STDERR_REDIRECT] 
2026-09-15 03:16:52,025 [ERROR] LogOutputStream:75 - [STDERR_REDIRECT] [Fatal Error] :1:1: Premature end of file.
2026-09-15 03:16:52,025 [ERROR] LogOutputStream:75 - [STDERR_REDIRECT] 
2026-09-15 03:16:53,025 [ERROR] LogOutputStream:75 - [STDERR_REDIRECT] [Fatal Error] :1:1: Premature end of file.
2026-09-15 03:16:53,025 [ERROR] LogOutputStream:75 - [STDERR_REDIRECT] 
2026-09-15 03:16:54,025 [ERROR] LogOutputStream:75 - [STDERR_REDIRECT] [Fatal Error] :1:1: Premature end of file.
2026-09-15 03:16:54,025 [ERROR] LogOutputStream:75 - [STDERR_REDIRECT] 
2026-09-15 03:16:55,015 [ERROR] LogOutputStream:75 - [STDERR_REDIRECT] [Fatal Error] :1:1: Premature end of file.
2026-09-15 03:16:55,015 [ERROR] LogOutputStream:75 - [STDERR_REDIRECT] 
2026-09-15 03:16:56,030 [ERROR] LogOutputStream:75 - [STDERR_REDIRECT] [Fatal Error] :1:1: Premature end of file.
2026-09-15 03:16:56,030 [ERROR] LogOutputStream:75 - [STDERR_REDIRECT] 
2026-09-15 03:16:57,020 [ERROR] LogOutputStream:75 - [STDERR_REDIRECT] [Fatal Error] :1:1: Premature end of file.
2026-09-15 03:16:57,020 [ERROR] LogOutputStream:75 - [STDERR_REDIRECT] 
2026-09-15 03:16:58,025 [ERROR] LogOutputStream:75 - [STDERR_REDIRECT] [Fatal Error] :1:1: Premature end of file.
2026-09-15 03:16:58,025 [ERROR] LogOutputStream:75 - [STDERR_REDIRECT] 
2026-09-15 03:16:59,025 [ERROR] LogOutputStream:75 - [STDERR_REDIRECT] [Fatal Error] :1:1: Premature end of file.
2026-09-15 03:16:59,025 [ERROR] LogOutputStream:75 - [STDERR_REDIRECT] 
2026-09-15 03:17:00,020 [ERROR] LogOutputStream:75 - [STDERR_REDIRECT] [Fatal Error] :1:1: Premature end of file.
2026-09-15 03:17:00,020 [ERROR] LogOutputStream:75 - [STDERR_REDIRECT] 
2026-09-15 03:17:01,015 [ERROR] LogOutputStream:75 - [STDERR_REDIRECT] [Fatal Error] :1:1: Premature end of file.
2026-09-15 03:17:01,015 [ERROR] LogOutputStream:75 - [STDERR_REDIRECT] 
2026-09-15 03:17:02,025 [ERROR] LogOutputStream:75 - [STDERR_REDIRECT] [Fatal Error] :1:1: Premature end of file.
2026-09-15 03:17:02,025 [ERROR] LogOutputStream:75 - [STDERR_REDIRECT] 
2026-09-15 03:17:03,025 [ERROR] LogOutputStream:75 - [STDERR_REDIRECT] [Fatal Error] :1:1: Premature end of file.
2026-09-15 03:17:03,025 [ERROR] LogOutputStream:75 - [STDERR_REDIRECT] 
2026-09-15 03:17:04,025 [ERROR] LogOutputStream:75 - [STDERR_REDIRECT] [Fatal Error] :1:1: Premature end of file.
2026-09-15 03:17:04,025 [ERROR] LogOutputStream:75 - [STDERR_REDIRECT] 
2026-09-15 03:17:05,025 [ERROR] LogOutputStream:75 - [STDERR_REDIRECT] [Fatal Error] :1:1: Premature end of file.
2026-09-15 03:17:05,025 [ERROR] LogOutputStream:75 - [STDERR_REDIRECT] 
2026-09-15 03:17:06,025 [ERROR] LogOutputStream:75 - [STDERR_REDIRECT] [Fatal Error] :1:1: Premature end of file.
2026-09-15 03:17:06,025 [ERROR] LogOutputStream:75 - [STDERR_REDIRECT] 
2026-09-15 03:17:07,015 [ERROR] LogOutputStream:75 - [STDERR_REDIRECT] [Fatal Error] :1:1: Premature end of file.
2026-09-15 03:17:07,015 [ERROR] LogOutputStream:75 - [STDERR_REDIRECT] 
2026-09-15 03:17:08,025 [ERROR] LogOutputStream:75 - [STDERR_REDIRECT] [Fatal Error] :1:1: Premature end of file.
2026-09-15 03:17:08,025 [ERROR] LogOutputStream:75 - [STDERR_REDIRECT] 
2026-09-15 03:17:09,035 [ERROR] LogOutputStream:75 - [STDERR_REDIRECT] [Fatal Error] :1:1: Premature end of file.
2026-09-15 03:17:09,035 [ERROR] LogOutputStream:75 - [STDERR_REDIRECT] 
2026-09-15 03:17:10,015 [ERROR] LogOutputStream:75 - [STDERR_REDIRECT] [Fatal Error] :1:1: Premature end of file.
2026-09-15 03:17:10,015 [ERROR] LogOutputStream:75 - [STDERR_REDIRECT] 
2026-09-15 03:17:11,015 [ERROR] LogOutputStream:75 - [STDERR_REDIRECT] [Fatal Error] :1:1: Premature end of file.
2026-09-15 03:17:11,015 [ERROR] LogOutputStream:75 - [STDERR_REDIRECT] 
2026-09-15 03:17:12,025 [ERROR] LogOutputStream:75 - [STDERR_REDIRECT] [Fatal Error] :1:1: Premature end of file.
2026-09-15 03:17:12,025 [ERROR] LogOutputStream:75 - [STDERR_REDIRECT] 
2026-09-15 03:17:13,025 [ERROR] LogOutputStream:75 - [STDERR_REDIRECT] [Fatal Error] :1:1: Premature end of file.
2026-09-15 03:17:13,025 [ERROR] LogOutputStream:75 - [STDERR_REDIRECT] 
2026-09-15 03:17:14,019 [ERROR] LogOutputStream:75 - [STDERR_REDIRECT] [Fatal Error] :1:1: Premature end of file.
2026-09-15 03:17:14,019 [ERROR] LogOutputStream:75 - [STDERR_REDIRECT] 
2026-09-15 03:17:15,025 [ERROR] LogOutputStream:75 - [STDERR_REDIRECT] [Fatal Error] :1:1: Premature end of file.
2026-09-15 03:17:15,025 [ERROR] LogOutputStream:75 - [STDERR_REDIRECT] 
2026-09-15 03:17:16,025 [ERROR] LogOutputStream:75 - [STDERR_REDIRECT] [Fatal Error] :1:1: Premature end of file.
2026-09-15 03:17:16,025 [ERROR] LogOutputStream:75 - [STDERR_REDIRECT] 
2026-09-15 03:17:17,015 [ERROR] LogOutputStream:75 - [STDERR_REDIRECT] [Fatal Error] :1:1: Premature end of file.
2026-09-15 03:17:17,015 [ERROR] LogOutputStream:75 - [STDERR_REDIRECT] 
2026-09-15 03:17:18,033 [ERROR] LogOutputStream:75 - [STDERR_REDIRECT] [Fatal Error] :1:1: Premature end of file.
2026-09-15 03:17:18,033 [ERROR] LogOutputStream:75 - [STDERR_REDIRECT] 
2026-09-15 03:17:19,025 [ERROR] LogOutputStream:75 - [STDERR_REDIRECT] [Fatal Error] :1:1: Premature end of file.
2026-09-15 03:17:19,025 [ERROR] LogOutputStream:75 - [STDERR_REDIRECT] 
2026-09-15 03:17:20,026 [ERROR] LogOutputStream:75 - [STDERR_REDIRECT] [Fatal Error] :1:1: Premature end of file.
2026-09-15 03:17:20,026 [ERROR] LogOutputStream:75 - [STDERR_REDIRECT] 
2026-09-15 03:17:21,016 [ERROR] LogOutputStream:75 - [STDERR_REDIRECT] [Fatal Error] :1:1: Premature end of file.
2026-09-15 03:17:21,016 [ERROR] LogOutputStream:75 - [STDERR_REDIRECT] 
2026-09-15 03:17:22,026 [ERROR] LogOutputStream:75 - [STDERR_REDIRECT] [Fatal Error] :1:1: Premature end of file.
2026-09-15 03:17:22,026 [ERROR] LogOutputStream:75 - [STDERR_REDIRECT] 
2026-09-15 03:17:23,026 [ERROR] LogOutputStream:75 - [STDERR_REDIRECT] [Fatal Error] :1:1: Premature end of file.
2026-09-15 03:17:23,026 [ERROR] LogOutputStream:75 - [STDERR_REDIRECT] 
2026-09-15 03:17:24,016 [ERROR] LogOutputStream:75 - [STDERR_REDIRECT] [Fatal Error] :1:1: Premature end of file.
2026-09-15 03:17:24,016 [ERROR] LogOutputStream:75 - [STDERR_REDIRECT] 
2026-09-15 03:17:25,026 [ERROR] LogOutputStream:75 - [STDERR_REDIRECT] [Fatal Error] :1:1: Premature end of file.
2026-09-15 03:17:25,026 [ERROR] LogOutputStream:75 - [STDERR_REDIRECT] 
2026-09-15 03:17:26,027 [ERROR] LogOutputStream:75 - [STDERR_REDIRECT] [Fatal Error] :1:1: Premature end of file.
2026-09-15 03:17:26,027 [ERROR] LogOutputStream:75 - [STDERR_REDIRECT] 
2026-09-15 03:17:27,025 [ERROR] LogOutputStream:75 - [STDERR_REDIRECT] [Fatal Error] :1:1: Premature end of file.
2026-09-15 03:17:27,025 [ERROR] LogOutputStream:75 - [STDERR_REDIRECT] 
2026-09-15 03:17:28,026 [ERROR] LogOutputStream:75 - [STDERR_REDIRECT] [Fatal Error] :1:1: Premature end of file.
2026-09-15 03:17:28,026 [ERROR] LogOutputStream:75 - [STDERR_REDIRECT] 
2026-09-15 03:17:29,036 [ERROR] LogOutputStream:75 - [STDERR_REDIRECT] [Fatal Error] :1:1: Premature end of file.
2026-09-15 03:17:29,036 [ERROR] LogOutputStream:75 - [STDERR_REDIRECT] 
2026-09-15 03:17:30,015 [ERROR] LogOutputStream:75 - [STDERR_REDIRECT] [Fatal Error] :1:1: Premature end of file.
2026-09-15 03:17:30,015 [ERROR] LogOutputStream:75 - [STDERR_REDIRECT] 
2026-09-15 03:17:31,025 [ERROR] LogOutputStream:75 - [STDERR_REDIRECT] [Fatal Error] :1:1: Premature end of file.
2026-09-15 03:17:31,025 [ERROR] LogOutputStream:75 - [STDERR_REDIRECT] 
2026-09-15 03:17:32,021 [ERROR] LogOutputStream:75 - [STDERR_REDIRECT] [Fatal Error] :1:1: Premature end of file.
2026-09-15 03:17:32,026 [ERROR] LogOutputStream:75 - [STDERR_REDIRECT] 
2026-09-15 03:17:33,025 [ERROR] LogOutputStream:75 - [STDERR_REDIRECT] [Fatal Error] :1:1: Premature end of file.
2026-09-15 03:17:33,025 [ERROR] LogOutputStream:75 - [STDERR_REDIRECT] 
2026-09-15 03:17:34,031 [ERROR] LogOutputStream:75 - [STDERR_REDIRECT] [Fatal Error] :1:1: Premature end of file.
2026-09-15 03:17:34,031 [ERROR] LogOutputStream:75 - [STDERR_REDIRECT] 
2026-09-15 03:17:35,016 [ERROR] LogOutputStream:75 - [STDERR_REDIRECT] [Fatal Error] :1:1: Premature end of file.
2026-09-15 03:17:35,016 [ERROR] LogOutputStream:75 - [STDERR_REDIRECT] 
2026-09-15 03:17:36,015 [ERROR] LogOutputStream:75 - [STDERR_REDIRECT] [Fatal Error] :1:1: Premature end of file.
2026-09-15 03:17:36,015 [ERROR] LogOutputStream:75 - [STDERR_REDIRECT] 
2026-09-15 03:17:37,026 [ERROR] LogOutputStream:75 - [STDERR_REDIRECT] [Fatal Error] :1:1: Premature end of file.
2026-09-15 03:17:37,026 [ERROR] LogOutputStream:75 - [STDERR_REDIRECT] 
2026-09-15 03:17:38,028 [ERROR] LogOutputStream:75 - [STDERR_REDIRECT] [Fatal Error] :1:1: Premature end of file.
2026-09-15 03:17:38,028 [ERROR] LogOutputStream:75 - [STDERR_REDIRECT] 
2026-09-15 03:17:39,026 [ERROR] LogOutputStream:75 - [STDERR_REDIRECT] [Fatal Error] :1:1: Premature end of file.
2026-09-15 03:17:39,026 [ERROR] LogOutputStream:75 - [STDERR_REDIRECT] 
2026-09-15 03:17:40,026 [ERROR] LogOutputStream:75 - [STDERR_REDIRECT] [Fatal Error] :1:1: Premature end of file.
2026-09-15 03:17:40,026 [ERROR] LogOutputStream:75 - [STDERR_REDIRECT] 
2026-09-15 03:17:41,016 [ERROR] LogOutputStream:75 - [STDERR_REDIRECT] [Fatal Error] :1:1: Premature end of file.
2026-09-15 03:17:41,016 [ERROR] LogOutputStream:75 - [STDERR_REDIRECT] 
2026-09-15 03:17:42,026 [ERROR] LogOutputStream:75 - [STDERR_REDIRECT] [Fatal Error] :1:1: Premature end of file.
2026-09-15 03:17:42,026 [ERROR] LogOutputStream:75 - [STDERR_REDIRECT] 
2026-09-15 03:17:43,026 [ERROR] LogOutputStream:75 - [STDERR_REDIRECT] [Fatal Error] :1:1: Premature end of file.
2026-09-15 03:17:43,026 [ERROR] LogOutputStream:75 - [STDERR_REDIRECT] 
2026-09-15 03:17:44,026 [ERROR] LogOutputStream:75 - [STDERR_REDIRECT] [Fatal Error] :1:1: Premature end of file.
2026-09-15 03:17:44,026 [ERROR] LogOutputStream:75 - [STDERR_REDIRECT] 
2026-09-15 03:17:45,024 [ERROR] LogOutputStream:75 - [STDERR_REDIRECT] [Fatal Error] :1:1: Premature end of file.
2026-09-15 03:17:45,024 [ERROR] LogOutputStream:75 - [STDERR_REDIRECT] 
2026-09-15 03:17:46,026 [ERROR] LogOutputStream:75 - [STDERR_REDIRECT] [Fatal Error] :1:1: Premature end of file.
2026-09-15 03:17:46,026 [ERROR] LogOutputStream:75 - [STDERR_REDIRECT] 
2026-09-15 03:17:47,026 [ERROR] LogOutputStream:75 - [STDERR_REDIRECT] [Fatal Error] :1:1: Premature end of file.
2026-09-15 03:17:47,026 [ERROR] LogOutputStream:75 - [STDERR_REDIRECT] 
2026-09-15 03:17:48,021 [ERROR] LogOutputStream:75 - [STDERR_REDIRECT] [Fatal Error] :1:1: Premature end of file.
2026-09-15 03:17:48,021 [ERROR] LogOutputStream:75 - [STDERR_REDIRECT] 
2026-09-15 03:17:49,031 [ERROR] LogOutputStream:75 - [STDERR_REDIRECT] [Fatal Error] :1:1: Premature end of file.
2026-09-15 03:17:49,031 [ERROR] LogOutputStream:75 - [STDERR_REDIRECT] 
2026-09-15 03:17:50,046 [ERROR] LogOutputStream:75 - [STDERR_REDIRECT] [Fatal Error] :1:1: Premature end of file.
2026-09-15 03:17:50,046 [ERROR] LogOutputStream:75 - [STDERR_REDIRECT] 
2026-09-15 03:17:51,036 [ERROR] LogOutputStream:75 - [STDERR_REDIRECT] [Fatal Error] :1:1: Premature end of file.
2026-09-15 03:17:51,036 [ERROR] LogOutputStream:75 - [STDERR_REDIRECT] 
2026-09-15 03:17:52,026 [ERROR] LogOutputStream:75 - [STDERR_REDIRECT] [Fatal Error] :1:1: Premature end of file.
2026-09-15 03:17:52,026 [ERROR] LogOutputStream:75 - [STDERR_REDIRECT] 
2026-09-15 03:17:53,026 [ERROR] LogOutputStream:75 - [STDERR_REDIRECT] [Fatal Error] :1:1: Premature end of file.
2026-09-15 03:17:53,026 [ERROR] LogOutputStream:75 - [STDERR_REDIRECT] 
2026-09-15 03:17:54,026 [ERROR] LogOutputStream:75 - [STDERR_REDIRECT] [Fatal Error] :1:1: Premature end of file.
2026-09-15 03:17:54,026 [ERROR] LogOutputStream:75 - [STDERR_REDIRECT] 
2026-09-15 03:17:55,026 [ERROR] LogOutputStream:75 - [STDERR_REDIRECT] [Fatal Error] :1:1: Premature end of file.
2026-09-15 03:17:55,026 [ERROR] LogOutputStream:75 - [STDERR_REDIRECT] 
2026-09-15 03:17:56,035 [ERROR] LogOutputStream:75 - [STDERR_REDIRECT] [Fatal Error] :1:1: Premature end of file.
2026-09-15 03:17:56,035 [ERROR] LogOutputStream:75 - [STDERR_REDIRECT] 
2026-09-15 03:17:57,036 [ERROR] LogOutputStream:75 - [STDERR_REDIRECT] [Fatal Error] :1:1: Premature end of file.
2026-09-15 03:17:57,036 [ERROR] LogOutputStream:75 - [STDERR_REDIRECT] 
2026-09-15 03:17:58,036 [ERROR] LogOutputStream:75 - [STDERR_REDIRECT] [Fatal Error] :1:1: Premature end of file.
2026-09-15 03:17:58,036 [ERROR] LogOutputStream:75 - [STDERR_REDIRECT] 
2026-09-15 03:17:59,036 [ERROR] LogOutputStream:75 - [STDERR_REDIRECT] [Fatal Error] :1:1: Premature end of file.
2026-09-15 03:17:59,036 [ERROR] LogOutputStream:75 - [STDERR_REDIRECT] 
2026-09-15 03:18:00,037 [ERROR] LogOutputStream:75 - [STDERR_REDIRECT] [Fatal Error] :1:1: Premature end of file.
2026-09-15 03:18:00,037 [ERROR] LogOutputStream:75 - [STDERR_REDIRECT] 
2026-09-15 03:18:01,026 [ERROR] LogOutputStream:75 - [STDERR_REDIRECT] [Fatal Error] :1:1: Premature end of file.
2026-09-15 03:18:01,026 [ERROR] LogOutputStream:75 - [STDERR_REDIRECT] 
2026-09-15 03:18:02,036 [ERROR] LogOutputStream:75 - [STDERR_REDIRECT] [Fatal Error] :1:1: Premature end of file.
2026-09-15 03:18:02,036 [ERROR] LogOutputStream:75 - [STDERR_REDIRECT] 
2026-09-15 03:18:03,042 [ERROR] LogOutputStream:75 - [STDERR_REDIRECT] [Fatal Error] :1:1: Premature end of file.
2026-09-15 03:18:03,042 [ERROR] LogOutputStream:75 - [STDERR_REDIRECT] 
2026-09-15 03:18:04,016 [ERROR] LogOutputStream:75 - [STDERR_REDIRECT] [Fatal Error] :1:1: Premature end of file.
2026-09-15 03:18:04,016 [ERROR] LogOutputStream:75 - [STDERR_REDIRECT] 
2026-09-15 03:18:05,028 [ERROR] LogOutputStream:75 - [STDERR_REDIRECT] [Fatal Error] :1:1: Premature end of file.
2026-09-15 03:18:05,028 [ERROR] LogOutputStream:75 - [STDERR_REDIRECT] 
2026-09-15 03:18:06,017 [ERROR] LogOutputStream:75 - [STDERR_REDIRECT] [Fatal Error] :1:1: Premature end of file.
2026-09-15 03:18:06,017 [ERROR] LogOutputStream:75 - [STDERR_REDIRECT] 
2026-09-15 03:18:07,027 [ERROR] LogOutputStream:75 - [STDERR_REDIRECT] [Fatal Error] :1:1: Premature end of file.
2026-09-15 03:18:07,027 [ERROR] LogOutputStream:75 - [STDERR_REDIRECT] 
2026-09-15 03:18:08,026 [ERROR] LogOutputStream:75 - [STDERR_REDIRECT] [Fatal Error] :1:1: Premature end of file.
2026-09-15 03:18:08,026 [ERROR] LogOutputStream:75 - [STDERR_REDIRECT] 
2026-09-15 03:18:09,017 [ERROR] LogOutputStream:75 - [STDERR_REDIRECT] [Fatal Error] :1:1: Premature end of file.
2026-09-15 03:18:09,017 [ERROR] LogOutputStream:75 - [STDERR_REDIRECT] 
2026-09-15 03:18:10,037 [ERROR] LogOutputStream:75 - [STDERR_REDIRECT] [Fatal Error] :1:1: Premature end of file.
2026-09-15 03:18:10,037 [ERROR] LogOutputStream:75 - [STDERR_REDIRECT] 
2026-09-15 03:18:11,040 [ERROR] LogOutputStream:75 - [STDERR_REDIRECT] [Fatal Error] :1:1: Premature end of file.
2026-09-15 03:18:11,040 [ERROR] LogOutputStream:75 - [STDERR_REDIRECT] 
2026-09-15 03:18:12,027 [ERROR] LogOutputStream:75 - [STDERR_REDIRECT] [Fatal Error] :1:1: Premature end of file.
2026-09-15 03:18:12,027 [ERROR] LogOutputStream:75 - [STDERR_REDIRECT] 
2026-09-15 03:18:13,027 [ERROR] LogOutputStream:75 - [STDERR_REDIRECT] [Fatal Error] :1:1: Premature end of file.
2026-09-15 03:18:13,027 [ERROR] LogOutputStream:75 - [STDERR_REDIRECT] 
2026-09-15 03:18:14,029 [ERROR] LogOutputStream:75 - [STDERR_REDIRECT] [Fatal Error] :1:1: Premature end of file.
2026-09-15 03:18:14,029 [ERROR] LogOutputStream:75 - [STDERR_REDIRECT] 
2026-09-15 03:18:15,041 [ERROR] LogOutputStream:75 - [STDERR_REDIRECT] [Fatal Error] :1:1: Premature end of file.
2026-09-15 03:18:15,041 [ERROR] LogOutputStream:75 - [STDERR_REDIRECT] 
2026-09-15 03:18:16,030 [ERROR] LogOutputStream:75 - [STDERR_REDIRECT] [Fatal Error] :1:1: Premature end of file.
2026-09-15 03:18:16,030 [ERROR] LogOutputStream:75 - [STDERR_REDIRECT] 
2026-09-15 03:18:17,037 [ERROR] LogOutputStream:75 - [STDERR_REDIRECT] [Fatal Error] :1:1: Premature end of file.
2026-09-15 03:18:17,037 [ERROR] LogOutputStream:75 - [STDERR_REDIRECT] 
2026-09-15 03:18:18,037 [ERROR] LogOutputStream:75 - [STDERR_REDIRECT] [Fatal Error] :1:1: Premature end of file.
2026-09-15 03:18:18,037 [ERROR] LogOutputStream:75 - [STDERR_REDIRECT] 
2026-09-15 03:18:19,038 [ERROR] LogOutputStream:75 - [STDERR_REDIRECT] [Fatal Error] :1:1: Premature end of file.
2026-09-15 03:18:19,038 [ERROR] LogOutputStream:75 - [STDERR_REDIRECT] 
2026-09-15 03:18:20,038 [ERROR] LogOutputStream:75 - [STDERR_REDIRECT] [Fatal Error] :1:1: Premature end of file.
2026-09-15 03:18:20,039 [ERROR] LogOutputStream:75 - [STDERR_REDIRECT] 
2026-09-15 03:18:21,037 [ERROR] LogOutputStream:75 - [STDERR_REDIRECT] [Fatal Error] :1:1: Premature end of file.
2026-09-15 03:18:21,037 [ERROR] LogOutputStream:75 - [STDERR_REDIRECT] 
2026-09-15 03:18:22,037 [ERROR] LogOutputStream:75 - [STDERR_REDIRECT] [Fatal Error] :1:1: Premature end of file.
2026-09-15 03:18:22,037 [ERROR] LogOutputStream:75 - [STDERR_REDIRECT] 
2026-09-15 03:18:23,017 [ERROR] LogOutputStream:75 - [STDERR_REDIRECT] [Fatal Error] :1:1: Premature end of file.
2026-09-15 03:18:23,017 [ERROR] LogOutputStream:75 - [STDERR_REDIRECT] 
2026-09-15 03:18:24,027 [ERROR] LogOutputStream:75 - [STDERR_REDIRECT] [Fatal Error] :1:1: Premature end of file.
2026-09-15 03:18:24,027 [ERROR] LogOutputStream:75 - [STDERR_REDIRECT] 
2026-09-15 03:18:25,028 [ERROR] LogOutputStream:75 - [STDERR_REDIRECT] [Fatal Error] :1:1: Premature end of file.
2026-09-15 03:18:25,028 [ERROR] LogOutputStream:75 - [STDERR_REDIRECT] 
2026-09-15 03:18:26,037 [ERROR] LogOutputStream:75 - [STDERR_REDIRECT] [Fatal Error] :1:1: Premature end of file.
2026-09-15 03:18:26,037 [ERROR] LogOutputStream:75 - [STDERR_REDIRECT] 
2026-09-15 03:18:27,037 [ERROR] LogOutputStream:75 - [STDERR_REDIRECT] [Fatal Error] :1:1: Premature end of file.
2026-09-15 03:18:27,037 [ERROR] LogOutputStream:75 - [STDERR_REDIRECT] 
2026-09-15 03:18:28,027 [ERROR] LogOutputStream:75 - [STDERR_REDIRECT] [Fatal Error] :1:1: Premature end of file.
2026-09-15 03:18:28,027 [ERROR] LogOutputStream:75 - [STDERR_REDIRECT] 
2026-09-15 03:18:29,031 [ERROR] LogOutputStream:75 - [STDERR_REDIRECT] [Fatal Error] :1:1: Premature end of file.
2026-09-15 03:18:29,031 [ERROR] LogOutputStream:75 - [STDERR_REDIRECT] 
2026-09-15 03:18:30,031 [ERROR] LogOutputStream:75 - [STDERR_REDIRECT] [Fatal Error] :1:1: Premature end of file.
2026-09-15 03:18:30,031 [ERROR] LogOutputStream:75 - [STDERR_REDIRECT] 
2026-09-15 03:18:31,031 [ERROR] LogOutputStream:75 - [STDERR_REDIRECT] [Fatal Error] :1:1: Premature end of file.
2026-09-15 03:18:31,031 [ERROR] LogOutputStream:75 - [STDERR_REDIRECT] 
2026-09-15 03:18:32,037 [ERROR] LogOutputStream:75 - [STDERR_REDIRECT] [Fatal Error] :1:1: Premature end of file.
2026-09-15 03:18:32,037 [ERROR] LogOutputStream:75 - [STDERR_REDIRECT] 
2026-09-15 03:18:33,030 [ERROR] LogOutputStream:75 - [STDERR_REDIRECT] [Fatal Error] :1:1: Premature end of file.
2026-09-15 03:18:33,030 [ERROR] LogOutputStream:75 - [STDERR_REDIRECT] 
2026-09-15 03:18:34,037 [ERROR] LogOutputStream:75 - [STDERR_REDIRECT] [Fatal Error] :1:1: Premature end of file.
2026-09-15 03:18:34,037 [ERROR] LogOutputStream:75 - [STDERR_REDIRECT] 
2026-09-15 03:18:35,017 [ERROR] LogOutputStream:75 - [STDERR_REDIRECT] [Fatal Error] :1:1: Premature end of file.
2026-09-15 03:18:35,017 [ERROR] LogOutputStream:75 - [STDERR_REDIRECT] 
2026-09-15 03:18:36,032 [ERROR] LogOutputStream:75 - [STDERR_REDIRECT] [Fatal Error] :1:1: Premature end of file.
2026-09-15 03:18:36,032 [ERROR] LogOutputStream:75 - [STDERR_REDIRECT] 
2026-09-15 03:18:37,031 [ERROR] LogOutputStream:75 - [STDERR_REDIRECT] [Fatal Error] :1:1: Premature end of file.
2026-09-15 03:18:37,031 [ERROR] LogOutputStream:75 - [STDERR_REDIRECT] 
2026-09-15 03:18:38,032 [ERROR] LogOutputStream:75 - [STDERR_REDIRECT] [Fatal Error] :1:1: Premature end of file.
2026-09-15 03:18:38,032 [ERROR] LogOutputStream:75 - [STDERR_REDIRECT] 
2026-09-15 03:18:39,027 [ERROR] LogOutputStream:75 - [STDERR_REDIRECT] [Fatal Error] :1:1: Premature end of file.
2026-09-15 03:18:39,027 [ERROR] LogOutputStream:75 - [STDERR_REDIRECT] 
2026-09-15 03:18:40,046 [ERROR] LogOutputStream:75 - [STDERR_REDIRECT] [Fatal Error] :1:1: Premature end of file.
2026-09-15 03:18:40,046 [ERROR] LogOutputStream:75 - [STDERR_REDIRECT] 
2026-09-15 03:18:41,039 [ERROR] LogOutputStream:75 - [STDERR_REDIRECT] [Fatal Error] :1:1: Premature end of file.
2026-09-15 03:18:41,039 [ERROR] LogOutputStream:75 - [STDERR_REDIRECT] 
2026-09-15 03:18:42,027 [ERROR] LogOutputStream:75 - [STDERR_REDIRECT] [Fatal Error] :1:1: Premature end of file.
2026-09-15 03:18:42,027 [ERROR] LogOutputStream:75 - [STDERR_REDIRECT] 
2026-09-15 03:18:43,037 [ERROR] LogOutputStream:75 - [STDERR_REDIRECT] [Fatal Error] :1:1: Premature end of file.
2026-09-15 03:18:43,037 [ERROR] LogOutputStream:75 - [STDERR_REDIRECT] 
2026-09-15 03:18:44,021 [ERROR] LogOutputStream:75 - [STDERR_REDIRECT] [Fatal Error] :1:1: Premature end of file.
2026-09-15 03:18:44,021 [ERROR] LogOutputStream:75 - [STDERR_REDIRECT] 
2026-09-15 03:18:45,039 [ERROR] LogOutputStream:75 - [STDERR_REDIRECT] [Fatal Error] :1:1: Premature end of file.
2026-09-15 03:18:45,039 [ERROR] LogOutputStream:75 - [STDERR_REDIRECT] 
2026-09-15 03:18:46,032 [ERROR] LogOutputStream:75 - [STDERR_REDIRECT] [Fatal Error] :1:1: Premature end of file.
2026-09-15 03:18:46,032 [ERROR] LogOutputStream:75 - [STDERR_REDIRECT] 
2026-09-15 03:18:47,027 [ERROR] LogOutputStream:75 - [STDERR_REDIRECT] [Fatal Error] :1:1: Premature end of file.
2026-09-15 03:18:47,027 [ERROR] LogOutputStream:75 - [STDERR_REDIRECT] 
2026-09-15 03:18:48,027 [ERROR] LogOutputStream:75 - [STDERR_REDIRECT] [Fatal Error] :1:1: Premature end of file.
2026-09-15 03:18:48,027 [ERROR] LogOutputStream:75 - [STDERR_REDIRECT] 
2026-09-15 03:18:49,017 [ERROR] LogOutputStream:75 - [STDERR_REDIRECT] [Fatal Error] :1:1: Premature end of file.
2026-09-15 03:18:49,017 [ERROR] LogOutputStream:75 - [STDERR_REDIRECT] 
2026-09-15 03:18:50,027 [ERROR] LogOutputStream:75 - [STDERR_REDIRECT] [Fatal Error] :1:1: Premature end of file.
2026-09-15 03:18:50,027 [ERROR] LogOutputStream:75 - [STDERR_REDIRECT] 
2026-09-15 03:18:51,032 [ERROR] LogOutputStream:75 - [STDERR_REDIRECT] [Fatal Error] :1:1: Premature end of file.
2026-09-15 03:18:51,032 [ERROR] LogOutputStream:75 - [STDERR_REDIRECT] 
2026-09-15 03:18:52,017 [ERROR] LogOutputStream:75 - [STDERR_REDIRECT] [Fatal Error] :1:1: Premature end of file.
2026-09-15 03:18:52,017 [ERROR] LogOutputStream:75 - [STDERR_REDIRECT] 
2026-09-15 03:18:53,018 [ERROR] LogOutputStream:75 - [STDERR_REDIRECT] [Fatal Error] :1:1: Premature end of file.
2026-09-15 03:18:53,018 [ERROR] LogOutputStream:75 - [STDERR_REDIRECT] 
2026-09-15 03:18:54,018 [ERROR] LogOutputStream:75 - [STDERR_REDIRECT] [Fatal Error] :1:1: Premature end of file.
2026-09-15 03:18:54,018 [ERROR] LogOutputStream:75 - [STDERR_REDIRECT] 
2026-09-15 03:18:55,018 [ERROR] LogOutputStream:75 - [STDERR_REDIRECT] [Fatal Error] :1:1: Premature end of file.
2026-09-15 03:18:55,018 [ERROR] LogOutputStream:75 - [STDERR_REDIRECT] 
2026-09-15 03:18:56,027 [ERROR] LogOutputStream:75 - [STDERR_REDIRECT] [Fatal Error] :1:1: Premature end of file.
2026-09-15 03:18:56,027 [ERROR] LogOutputStream:75 - [STDERR_REDIRECT] 
2026-09-15 03:18:57,028 [ERROR] LogOutputStream:75 - [STDERR_REDIRECT] [Fatal Error] :1:1: Premature end of file.
2026-09-15 03:18:57,028 [ERROR] LogOutputStream:75 - [STDERR_REDIRECT] 
2026-09-15 03:18:58,033 [ERROR] LogOutputStream:75 - [STDERR_REDIRECT] [Fatal Error] :1:1: Premature end of file.
2026-09-15 03:18:58,038 [ERROR] LogOutputStream:75 - [STDERR_REDIRECT] 
2026-09-15 03:18:59,018 [ERROR] LogOutputStream:75 - [STDERR_REDIRECT] [Fatal Error] :1:1: Premature end of file.
2026-09-15 03:18:59,018 [ERROR] LogOutputStream:75 - [STDERR_REDIRECT] 
2026-09-15 03:19:00,028 [ERROR] LogOutputStream:75 - [STDERR_REDIRECT] [Fatal Error] :1:1: Premature end of file.
2026-09-15 03:19:00,028 [ERROR] LogOutputStream:75 - [STDERR_REDIRECT] 
2026-09-15 03:19:01,018 [ERROR] LogOutputStream:75 - [STDERR_REDIRECT] [Fatal Error] :1:1: Premature end of file.
2026-09-15 03:19:01,018 [ERROR] LogOutputStream:75 - [STDERR_REDIRECT] 
2026-09-15 03:19:02,025 [ERROR] LogOutputStream:75 - [STDERR_REDIRECT] [Fatal Error] :1:1: Premature end of file.
2026-09-15 03:19:02,025 [ERROR] LogOutputStream:75 - [STDERR_REDIRECT] 
2026-09-15 03:19:03,021 [ERROR] LogOutputStream:75 - [STDERR_REDIRECT] [Fatal Error] :1:1: Premature end of file.
2026-09-15 03:19:03,021 [ERROR] LogOutputStream:75 - [STDERR_REDIRECT] 
2026-09-15 03:19:04,024 [ERROR] LogOutputStream:75 - [STDERR_REDIRECT] [Fatal Error] :1:1: Premature end of file.
2026-09-15 03:19:04,024 [ERROR] LogOutputStream:75 - [STDERR_REDIRECT] 
2026-09-15 03:19:05,028 [ERROR] LogOutputStream:75 - [STDERR_REDIRECT] [Fatal Error] :1:1: Premature end of file.
2026-09-15 03:19:05,028 [ERROR] LogOutputStream:75 - [STDERR_REDIRECT] 
2026-09-15 03:19:06,018 [ERROR] LogOutputStream:75 - [STDERR_REDIRECT] [Fatal Error] :1:1: Premature end of file.
2026-09-15 03:19:06,018 [ERROR] LogOutputStream:75 - [STDERR_REDIRECT] 
2026-09-15 03:19:07,026 [ERROR] LogOutputStream:75 - [STDERR_REDIRECT] [Fatal Error] :1:1: Premature end of file.
2026-09-15 03:19:07,026 [ERROR] LogOutputStream:75 - [STDERR_REDIRECT] 
2026-09-15 03:19:08,018 [ERROR] LogOutputStream:75 - [STDERR_REDIRECT] [Fatal Error] :1:1: Premature end of file.
2026-09-15 03:19:08,018 [ERROR] LogOutputStream:75 - [STDERR_REDIRECT] 
2026-09-15 03:19:09,029 [ERROR] LogOutputStream:75 - [STDERR_REDIRECT] [Fatal Error] :1:1: Premature end of file.
2026-09-15 03:19:09,029 [ERROR] LogOutputStream:75 - [STDERR_REDIRECT] 
2026-09-15 03:19:10,022 [ERROR] LogOutputStream:75 - [STDERR_REDIRECT] [Fatal Error] :1:1: Premature end of file.
2026-09-15 03:19:10,024 [ERROR] LogOutputStream:75 - [STDERR_REDIRECT] 
2026-09-15 03:19:11,028 [ERROR] LogOutputStream:75 - [STDERR_REDIRECT] [Fatal Error] :1:1: Premature end of file.
2026-09-15 03:19:11,028 [ERROR] LogOutputStream:75 - [STDERR_REDIRECT] 
2026-09-15 03:19:12,028 [ERROR] LogOutputStream:75 - [STDERR_REDIRECT] [Fatal Error] :1:1: Premature end of file.
2026-09-15 03:19:12,028 [ERROR] LogOutputStream:75 - [STDERR_REDIRECT] 
2026-09-15 03:19:13,018 [ERROR] LogOutputStream:75 - [STDERR_REDIRECT] [Fatal Error] :1:1: Premature end of file.
2026-09-15 03:19:13,018 [ERROR] LogOutputStream:75 - [STDERR_REDIRECT] 
2026-09-15 03:19:14,018 [ERROR] LogOutputStream:75 - [STDERR_REDIRECT] [Fatal Error] :1:1: Premature end of file.
2026-09-15 03:19:14,018 [ERROR] LogOutputStream:75 - [STDERR_REDIRECT] 
2026-09-15 03:19:15,028 [ERROR] LogOutputStream:75 - [STDERR_REDIRECT] [Fatal Error] :1:1: Premature end of file.
2026-09-15 03:19:15,028 [ERROR] LogOutputStream:75 - [STDERR_REDIRECT] 
2026-09-15 03:19:16,010 [ERROR] LogOutputStream:75 - [STDERR_REDIRECT] [Fatal Error] :1:1: Premature end of file.
2026-09-15 03:19:16,010 [ERROR] LogOutputStream:75 - [STDERR_REDIRECT] 
2026-09-15 03:19:17,018 [ERROR] LogOutputStream:75 - [STDERR_REDIRECT] [Fatal Error] :1:1: Premature end of file.
2026-09-15 03:19:17,018 [ERROR] LogOutputStream:75 - [STDERR_REDIRECT] 
2026-09-15 03:19:18,018 [ERROR] LogOutputStream:75 - [STDERR_REDIRECT] [Fatal Error] :1:1: Premature end of file.
2026-09-15 03:19:18,018 [ERROR] LogOutputStream:75 - [STDERR_REDIRECT] 
2026-09-15 03:19:19,028 [ERROR] LogOutputStream:75 - [STDERR_REDIRECT] [Fatal Error] :1:1: Premature end of file.
2026-09-15 03:19:19,028 [ERROR] LogOutputStream:75 - [STDERR_REDIRECT] 
2026-09-15 03:19:20,018 [ERROR] LogOutputStream:75 - [STDERR_REDIRECT] [Fatal Error] :1:1: Premature end of file.
2026-09-15 03:19:20,018 [ERROR] LogOutputStream:75 - [STDERR_REDIRECT] 
2026-09-15 03:19:21,026 [ERROR] LogOutputStream:75 - [STDERR_REDIRECT] [Fatal Error] :1:1: Premature end of file.
2026-09-15 03:19:21,026 [ERROR] LogOutputStream:75 - [STDERR_REDIRECT] 
2026-09-15 03:19:22,024 [ERROR] LogOutputStream:75 - [STDERR_REDIRECT] [Fatal Error] :1:1: Premature end of file.
2026-09-15 03:19:22,025 [ERROR] LogOutputStream:75 - [STDERR_REDIRECT] 
2026-09-15 03:19:23,039 [ERROR] LogOutputStream:75 - [STDERR_REDIRECT] [Fatal Error] :1:1: Premature end of file.
2026-09-15 03:19:23,039 [ERROR] LogOutputStream:75 - [STDERR_REDIRECT] 
2026-09-15 03:19:24,034 [ERROR] LogOutputStream:75 - [STDERR_REDIRECT] [Fatal Error] :1:1: Premature end of file.
2026-09-15 03:19:24,034 [ERROR] LogOutputStream:75 - [STDERR_REDIRECT] 
2026-09-15 03:19:25,032 [ERROR] LogOutputStream:75 - [STDERR_REDIRECT] [Fatal Error] :1:1: Premature end of file.
2026-09-15 03:19:25,032 [ERROR] LogOutputStream:75 - [STDERR_REDIRECT] 
2026-09-15 03:19:26,023 [ERROR] LogOutputStream:75 - [STDERR_REDIRECT] [Fatal Error] :1:1: Premature end of file.
2026-09-15 03:19:26,023 [ERROR] LogOutputStream:75 - [STDERR_REDIRECT] 
2026-09-15 03:19:27,048 [ERROR] LogOutputStream:75 - [STDERR_REDIRECT] [Fatal Error] :1:1: Premature end of file.
2026-09-15 03:19:27,048 [ERROR] LogOutputStream:75 - [STDERR_REDIRECT] 
2026-09-15 03:19:28,024 [ERROR] LogOutputStream:75 - [STDERR_REDIRECT] [Fatal Error] :1:1: Premature end of file.
2026-09-15 03:19:28,024 [ERROR] LogOutputStream:75 - [STDERR_REDIRECT] 
2026-09-15 03:19:29,029 [ERROR] LogOutputStream:75 - [STDERR_REDIRECT] [Fatal Error] :1:1: Premature end of file.
2026-09-15 03:19:29,029 [ERROR] LogOutputStream:75 - [STDERR_REDIRECT] 
2026-09-15 03:19:30,032 [ERROR] LogOutputStream:75 - [STDERR_REDIRECT] [Fatal Error] :1:1: Premature end of file.
2026-09-15 03:19:30,032 [ERROR] LogOutputStream:75 - [STDERR_REDIRECT] 
2026-09-15 03:19:31,019 [ERROR] LogOutputStream:75 - [STDERR_REDIRECT] [Fatal Error] :1:1: Premature end of file.
2026-09-15 03:19:31,019 [ERROR] LogOutputStream:75 - [STDERR_REDIRECT] 
2026-09-15 03:19:32,025 [ERROR] LogOutputStream:75 - [STDERR_REDIRECT] [Fatal Error] :1:1: Premature end of file.
2026-09-15 03:19:32,025 [ERROR] LogOutputStream:75 - [STDERR_REDIRECT] 
2026-09-15 03:19:33,027 [ERROR] LogOutputStream:75 - [STDERR_REDIRECT] [Fatal Error] :1:1: Premature end of file.
2026-09-15 03:19:33,029 [ERROR] LogOutputStream:75 - [STDERR_REDIRECT] 
2026-09-15 03:19:34,030 [ERROR] LogOutputStream:75 - [STDERR_REDIRECT] [Fatal Error] :1:1: Premature end of file.
2026-09-15 03:19:34,030 [ERROR] LogOutputStream:75 - [STDERR_REDIRECT] 
2026-09-15 03:19:35,029 [ERROR] LogOutputStream:75 - [STDERR_REDIRECT] [Fatal Error] :1:1: Premature end of file.
2026-09-15 03:19:35,029 [ERROR] LogOutputStream:75 - [STDERR_REDIRECT] 
2026-09-15 03:19:36,022 [ERROR] LogOutputStream:75 - [STDERR_REDIRECT] [Fatal Error] :1:1: Premature end of file.
2026-09-15 03:19:36,023 [ERROR] LogOutputStream:75 - [STDERR_REDIRECT] 
2026-09-15 03:19:37,032 [ERROR] LogOutputStream:75 - [STDERR_REDIRECT] [Fatal Error] :1:1: Premature end of file.
2026-09-15 03:19:37,032 [ERROR] LogOutputStream:75 - [STDERR_REDIRECT] 
2026-09-15 03:19:38,034 [ERROR] LogOutputStream:75 - [STDERR_REDIRECT] [Fatal Error] :1:1: Premature end of file.
2026-09-15 03:19:38,035 [ERROR] LogOutputStream:75 - [STDERR_REDIRECT] 
2026-09-15 03:19:39,024 [ERROR] LogOutputStream:75 - [STDERR_REDIRECT] [Fatal Error] :1:1: Premature end of file.
2026-09-15 03:19:39,024 [ERROR] LogOutputStream:75 - [STDERR_REDIRECT] 
2026-09-15 03:19:40,033 [ERROR] LogOutputStream:75 - [STDERR_REDIRECT] [Fatal Error] :1:1: Premature end of file.
2026-09-15 03:19:40,033 [ERROR] LogOutputStream:75 - [STDERR_REDIRECT] 
2026-09-15 03:19:41,034 [ERROR] LogOutputStream:75 - [STDERR_REDIRECT] [Fatal Error] :1:1: Premature end of file.
2026-09-15 03:19:41,034 [ERROR] LogOutputStream:75 - [STDERR_REDIRECT] 
2026-09-15 03:19:42,037 [ERROR] LogOutputStream:75 - [STDERR_REDIRECT] [Fatal Error] :1:1: Premature end of file.
2026-09-15 03:19:42,037 [ERROR] LogOutputStream:75 - [STDERR_REDIRECT] 
2026-09-15 03:19:43,025 [ERROR] LogOutputStream:75 - [STDERR_REDIRECT] [Fatal Error] :1:1: Premature end of file.
2026-09-15 03:19:43,025 [ERROR] LogOutputStream:75 - [STDERR_REDIRECT] 
2026-09-15 03:19:44,036 [ERROR] LogOutputStream:75 - [STDERR_REDIRECT] [Fatal Error] :1:1: Premature end of file.
2026-09-15 03:19:44,036 [ERROR] LogOutputStream:75 - [STDERR_REDIRECT] 
2026-09-15 03:19:45,030 [ERROR] LogOutputStream:75 - [STDERR_REDIRECT] [Fatal Error] :1:1: Premature end of file.
2026-09-15 03:19:45,030 [ERROR] LogOutputStream:75 - [STDERR_REDIRECT] 
2026-09-15 03:19:46,028 [ERROR] LogOutputStream:75 - [STDERR_REDIRECT] [Fatal Error] :1:1: Premature end of file.
2026-09-15 03:19:46,028 [ERROR] LogOutputStream:75 - [STDERR_REDIRECT] 
2026-09-15 03:19:47,027 [ERROR] LogOutputStream:75 - [STDERR_REDIRECT] [Fatal Error] :1:1: Premature end of file.
2026-09-15 03:19:47,027 [ERROR] LogOutputStream:75 - [STDERR_REDIRECT] 
2026-09-15 03:19:48,039 [ERROR] LogOutputStream:75 - [STDERR_REDIRECT] [Fatal Error] :1:1: Premature end of file.
2026-09-15 03:19:48,039 [ERROR] LogOutputStream:75 - [STDERR_REDIRECT] 
2026-09-15 03:19:49,038 [ERROR] LogOutputStream:75 - [STDERR_REDIRECT] [Fatal Error] :1:1: Premature end of file.
2026-09-15 03:19:49,038 [ERROR] LogOutputStream:75 - [STDERR_REDIRECT] 
2026-09-15 03:19:50,037 [ERROR] LogOutputStream:75 - [STDERR_REDIRECT] [Fatal Error] :1:1: Premature end of file.
2026-09-15 03:19:50,037 [ERROR] LogOutputStream:75 - [STDERR_REDIRECT] 
2026-09-15 03:19:51,030 [ERROR] LogOutputStream:75 - [STDERR_REDIRECT] [Fatal Error] :1:1: Premature end of file.
2026-09-15 03:19:51,030 [ERROR] LogOutputStream:75 - [STDERR_REDIRECT] 
2026-09-15 03:19:52,029 [ERROR] LogOutputStream:75 - [STDERR_REDIRECT] [Fatal Error] :1:1: Premature end of file.
2026-09-15 03:19:52,029 [ERROR] LogOutputStream:75 - [STDERR_REDIRECT] 
2026-09-15 03:19:53,031 [ERROR] LogOutputStream:75 - [STDERR_REDIRECT] [Fatal Error] :1:1: Premature end of file.
2026-09-15 03:19:53,031 [ERROR] LogOutputStream:75 - [STDERR_REDIRECT] 
2026-09-15 03:19:54,031 [ERROR] LogOutputStream:75 - [STDERR_REDIRECT] [Fatal Error] :1:1: Premature end of file.
2026-09-15 03:19:54,032 [ERROR] LogOutputStream:75 - [STDERR_REDIRECT] 
2026-09-15 03:19:55,033 [ERROR] LogOutputStream:75 - [STDERR_REDIRECT] [Fatal Error] :1:1: Premature end of file.
2026-09-15 03:19:55,033 [ERROR] LogOutputStream:75 - [STDERR_REDIRECT] 
2026-09-15 03:19:56,026 [ERROR] LogOutputStream:75 - [STDERR_REDIRECT] [Fatal Error] :1:1: Premature end of file.
2026-09-15 03:19:56,026 [ERROR] LogOutputStream:75 - [STDERR_REDIRECT] 
2026-09-15 03:19:57,024 [ERROR] LogOutputStream:75 - [STDERR_REDIRECT] [Fatal Error] :1:1: Premature end of file.
2026-09-15 03:19:57,024 [ERROR] LogOutputStream:75 - [STDERR_REDIRECT] 
2026-09-15 03:19:58,031 [ERROR] LogOutputStream:75 - [STDERR_REDIRECT] [Fatal Error] :1:1: Premature end of file.
2026-09-15 03:19:58,031 [ERROR] LogOutputStream:75 - [STDERR_REDIRECT] 
2026-09-15 03:19:59,026 [ERROR] LogOutputStream:75 - [STDERR_REDIRECT] [Fatal Error] :1:1: Premature end of file.
2026-09-15 03:19:59,026 [ERROR] LogOutputStream:75 - [STDERR_REDIRECT] 
2026-09-15 03:20:00,033 [ERROR] LogOutputStream:75 - [STDERR_REDIRECT] [Fatal Error] :1:1: Premature end of file.
2026-09-15 03:20:00,033 [ERROR] LogOutputStream:75 - [STDERR_REDIRECT] 
2026-09-15 03:20:01,021 [ERROR] LogOutputStream:75 - [STDERR_REDIRECT] [Fatal Error] :1:1: Premature end of file.
2026-09-15 03:20:01,021 [ERROR] LogOutputStream:75 - [STDERR_REDIRECT] 
2026-09-15 03:20:02,022 [ERROR] LogOutputStream:75 - [STDERR_REDIRECT] [Fatal Error] :1:1: Premature end of file.
2026-09-15 03:20:02,022 [ERROR] LogOutputStream:75 - [STDERR_REDIRECT] 
2026-09-15 03:20:03,025 [ERROR] LogOutputStream:75 - [STDERR_REDIRECT] [Fatal Error] :1:1: Premature end of file.
2026-09-15 03:20:03,025 [ERROR] LogOutputStream:75 - [STDERR_REDIRECT] 
2026-09-15 03:20:04,021 [ERROR] LogOutputStream:75 - [STDERR_REDIRECT] [Fatal Error] :1:1: Premature end of file.
2026-09-15 03:20:04,022 [ERROR] LogOutputStream:75 - [STDERR_REDIRECT] 
2026-09-15 03:20:05,024 [ERROR] LogOutputStream:75 - [STDERR_REDIRECT] [Fatal Error] :1:1: Premature end of file.
2026-09-15 03:20:05,024 [ERROR] LogOutputStream:75 - [STDERR_REDIRECT] 
2026-09-15 03:20:06,034 [ERROR] LogOutputStream:75 - [STDERR_REDIRECT] [Fatal Error] :1:1: Premature end of file.
2026-09-15 03:20:06,034 [ERROR] LogOutputStream:75 - [STDERR_REDIRECT] 
2026-09-15 03:20:07,028 [ERROR] LogOutputStream:75 - [STDERR_REDIRECT] [Fatal Error] :1:1: Premature end of file.
2026-09-15 03:20:07,028 [ERROR] LogOutputStream:75 - [STDERR_REDIRECT] 
2026-09-15 03:20:08,030 [ERROR] LogOutputStream:75 - [STDERR_REDIRECT] [Fatal Error] :1:1: Premature end of file.
2026-09-15 03:20:08,030 [ERROR] LogOutputStream:75 - [STDERR_REDIRECT] 
2026-09-15 03:20:09,023 [ERROR] LogOutputStream:75 - [STDERR_REDIRECT] [Fatal Error] :1:1: Premature end of file.
2026-09-15 03:20:09,024 [ERROR] LogOutputStream:75 - [STDERR_REDIRECT] 
2026-09-15 03:20:10,027 [ERROR] LogOutputStream:75 - [STDERR_REDIRECT] [Fatal Error] :1:1: Premature end of file.
2026-09-15 03:20:10,028 [ERROR] LogOutputStream:75 - [STDERR_REDIRECT] 
2026-09-15 03:20:11,030 [ERROR] LogOutputStream:75 - [STDERR_REDIRECT] [Fatal Error] :1:1: Premature end of file.
2026-09-15 03:20:11,030 [ERROR] LogOutputStream:75 - [STDERR_REDIRECT] 
2026-09-15 03:20:12,034 [ERROR] LogOutputStream:75 - [STDERR_REDIRECT] [Fatal Error] :1:1: Premature end of file.
2026-09-15 03:20:12,034 [ERROR] LogOutputStream:75 - [STDERR_REDIRECT] 
2026-09-15 03:20:13,035 [ERROR] LogOutputStream:75 - [STDERR_REDIRECT] [Fatal Error] :1:1: Premature end of file.
2026-09-15 03:20:13,035 [ERROR] LogOutputStream:75 - [STDERR_REDIRECT] 
2026-09-15 03:20:14,033 [ERROR] LogOutputStream:75 - [STDERR_REDIRECT] [Fatal Error] :1:1: Premature end of file.
2026-09-15 03:20:14,033 [ERROR] LogOutputStream:75 - [STDERR_REDIRECT] 
2026-09-15 03:20:15,036 [ERROR] LogOutputStream:75 - [STDERR_REDIRECT] [Fatal Error] :1:1: Premature end of file.
2026-09-15 03:20:15,036 [ERROR] LogOutputStream:75 - [STDERR_REDIRECT] 
2026-09-15 03:20:16,037 [ERROR] LogOutputStream:75 - [STDERR_REDIRECT] [Fatal Error] :1:1: Premature end of file.
2026-09-15 03:20:16,037 [ERROR] LogOutputStream:75 - [STDERR_REDIRECT] 
2026-09-15 03:20:17,027 [ERROR] LogOutputStream:75 - [STDERR_REDIRECT] [Fatal Error] :1:1: Premature end of file.
2026-09-15 03:20:17,027 [ERROR] LogOutputStream:75 - [STDERR_REDIRECT] 
2026-09-15 03:20:18,035 [ERROR] LogOutputStream:75 - [STDERR_REDIRECT] [Fatal Error] :1:1: Premature end of file.
2026-09-15 03:20:18,036 [ERROR] LogOutputStream:75 - [STDERR_REDIRECT] 
2026-09-15 03:20:19,024 [ERROR] LogOutputStream:75 - [STDERR_REDIRECT] [Fatal Error] :1:1: Premature end of file.
2026-09-15 03:20:19,025 [ERROR] LogOutputStream:75 - [STDERR_REDIRECT] 
2026-09-15 03:20:20,026 [ERROR] LogOutputStream:75 - [STDERR_REDIRECT] [Fatal Error] :1:1: Premature end of file.
2026-09-15 03:20:20,026 [ERROR] LogOutputStream:75 - [STDERR_REDIRECT] 
2026-09-15 03:20:21,023 [ERROR] LogOutputStream:75 - [STDERR_REDIRECT] [Fatal Error] :1:1: Premature end of file.
2026-09-15 03:20:21,023 [ERROR] LogOutputStream:75 - [STDERR_REDIRECT] 
2026-09-15 03:20:22,025 [ERROR] LogOutputStream:75 - [STDERR_REDIRECT] [Fatal Error] :1:1: Premature end of file.
2026-09-15 03:20:22,025 [ERROR] LogOutputStream:75 - [STDERR_REDIRECT] 
2026-09-15 03:20:23,025 [ERROR] LogOutputStream:75 - [STDERR_REDIRECT] [Fatal Error] :1:1: Premature end of file.
2026-09-15 03:20:23,026 [ERROR] LogOutputStream:75 - [STDERR_REDIRECT] 
2026-09-15 03:20:24,018 [ERROR] LogOutputStream:75 - [STDERR_REDIRECT] [Fatal Error] :1:1: Premature end of file.
2026-09-15 03:20:24,018 [ERROR] LogOutputStream:75 - [STDERR_REDIRECT] 
2026-09-15 03:20:25,019 [ERROR] LogOutputStream:75 - [STDERR_REDIRECT] [Fatal Error] :1:1: Premature end of file.
2026-09-15 03:20:25,019 [ERROR] LogOutputStream:75 - [STDERR_REDIRECT] 
2026-09-15 03:20:26,018 [ERROR] LogOutputStream:75 - [STDERR_REDIRECT] [Fatal Error] :1:1: Premature end of file.
2026-09-15 03:20:26,018 [ERROR] LogOutputStream:75 - [STDERR_REDIRECT] 
2026-09-15 03:20:27,021 [ERROR] LogOutputStream:75 - [STDERR_REDIRECT] [Fatal Error] :1:1: Premature end of file.
2026-09-15 03:20:27,021 [ERROR] LogOutputStream:75 - [STDERR_REDIRECT] 
2026-09-15 03:20:28,019 [ERROR] LogOutputStream:75 - [STDERR_REDIRECT] [Fatal Error] :1:1: Premature end of file.
2026-09-15 03:20:28,019 [ERROR] LogOutputStream:75 - [STDERR_REDIRECT] 
2026-09-15 03:20:29,020 [ERROR] LogOutputStream:75 - [STDERR_REDIRECT] [Fatal Error] :1:1: Premature end of file.
2026-09-15 03:20:29,020 [ERROR] LogOutputStream:75 - [STDERR_REDIRECT] 
2026-09-15 03:20:30,021 [ERROR] LogOutputStream:75 - [STDERR_REDIRECT] [Fatal Error] :1:1: Premature end of file.
2026-09-15 03:20:30,021 [ERROR] LogOutputStream:75 - [STDERR_REDIRECT] 
2026-09-15 03:20:31,024 [ERROR] LogOutputStream:75 - [STDERR_REDIRECT] [Fatal Error] :1:1: Premature end of file.
2026-09-15 03:20:31,024 [ERROR] LogOutputStream:75 - [STDERR_REDIRECT] 
2026-09-15 03:20:32,022 [ERROR] LogOutputStream:75 - [STDERR_REDIRECT] [Fatal Error] :1:1: Premature end of file.
2026-09-15 03:20:32,022 [ERROR] LogOutputStream:75 - [STDERR_REDIRECT] 
2026-09-15 03:20:33,023 [ERROR] LogOutputStream:75 - [STDERR_REDIRECT] [Fatal Error] :1:1: Premature end of file.
2026-09-15 03:20:33,023 [ERROR] LogOutputStream:75 - [STDERR_REDIRECT] 
2026-09-15 03:20:34,024 [ERROR] LogOutputStream:75 - [STDERR_REDIRECT] [Fatal Error] :1:1: Premature end of file.
2026-09-15 03:20:34,025 [ERROR] LogOutputStream:75 - [STDERR_REDIRECT] 
2026-09-15 03:20:35,020 [ERROR] LogOutputStream:75 - [STDERR_REDIRECT] [Fatal Error] :1:1: Premature end of file.
2026-09-15 03:20:35,020 [ERROR] LogOutputStream:75 - [STDERR_REDIRECT] 
2026-09-15 03:20:36,019 [ERROR] LogOutputStream:75 - [STDERR_REDIRECT] [Fatal Error] :1:1: Premature end of file.
2026-09-15 03:20:36,020 [ERROR] LogOutputStream:75 - [STDERR_REDIRECT] 
2026-09-15 03:20:37,025 [ERROR] LogOutputStream:75 - [STDERR_REDIRECT] [Fatal Error] :1:1: Premature end of file.
2026-09-15 03:20:37,025 [ERROR] LogOutputStream:75 - [STDERR_REDIRECT] 
2026-09-15 03:20:38,023 [ERROR] LogOutputStream:75 - [STDERR_REDIRECT] [Fatal Error] :1:1: Premature end of file.
2026-09-15 03:20:38,023 [ERROR] LogOutputStream:75 - [STDERR_REDIRECT] 
2026-09-15 03:20:39,031 [ERROR] LogOutputStream:75 - [STDERR_REDIRECT] [Fatal Error] :1:1: Premature end of file.
2026-09-15 03:20:39,031 [ERROR] LogOutputStream:75 - [STDERR_REDIRECT] 
2026-09-15 03:20:40,024 [ERROR] LogOutputStream:75 - [STDERR_REDIRECT] [Fatal Error] :1:1: Premature end of file.
2026-09-15 03:20:40,024 [ERROR] LogOutputStream:75 - [STDERR_REDIRECT] 
2026-09-15 03:20:41,027 [ERROR] LogOutputStream:75 - [STDERR_REDIRECT] [Fatal Error] :1:1: Premature end of file.
2026-09-15 03:20:41,027 [ERROR] LogOutputStream:75 - [STDERR_REDIRECT] 
2026-09-15 03:20:42,032 [ERROR] LogOutputStream:75 - [STDERR_REDIRECT] [Fatal Error] :1:1: Premature end of file.
2026-09-15 03:20:42,032 [ERROR] LogOutputStream:75 - [STDERR_REDIRECT] 
2026-09-15 03:20:43,023 [ERROR] LogOutputStream:75 - [STDERR_REDIRECT] [Fatal Error] :1:1: Premature end of file.
2026-09-15 03:20:43,023 [ERROR] LogOutputStream:75 - [STDERR_REDIRECT] 
2026-09-15 03:20:44,031 [ERROR] LogOutputStream:75 - [STDERR_REDIRECT] [Fatal Error] :1:1: Premature end of file.
2026-09-15 03:20:44,031 [ERROR] LogOutputStream:75 - [STDERR_REDIRECT] 
2026-09-15 03:20:45,030 [ERROR] LogOutputStream:75 - [STDERR_REDIRECT] [Fatal Error] :1:1: Premature end of file.
2026-09-15 03:20:45,030 [ERROR] LogOutputStream:75 - [STDERR_REDIRECT] 
2026-09-15 03:20:46,031 [ERROR] LogOutputStream:75 - [STDERR_REDIRECT] [Fatal Error] :1:1: Premature end of file.
2026-09-15 03:20:46,031 [ERROR] LogOutputStream:75 - [STDERR_REDIRECT] 
2026-09-15 03:20:47,028 [ERROR] LogOutputStream:75 - [STDERR_REDIRECT] [Fatal Error] :1:1: Premature end of file.
2026-09-15 03:20:47,029 [ERROR] LogOutputStream:75 - [STDERR_REDIRECT] 
2026-09-15 03:20:48,027 [ERROR] LogOutputStream:75 - [STDERR_REDIRECT] [Fatal Error] :1:1: Premature end of file.
2026-09-15 03:20:48,028 [ERROR] LogOutputStream:75 - [STDERR_REDIRECT] 
2026-09-15 03:20:49,029 [ERROR] LogOutputStream:75 - [STDERR_REDIRECT] [Fatal Error] :1:1: Premature end of file.
2026-09-15 03:20:49,029 [ERROR] LogOutputStream:75 - [STDERR_REDIRECT] 
2026-09-15 03:20:50,019 [ERROR] LogOutputStream:75 - [STDERR_REDIRECT] [Fatal Error] :1:1: Premature end of file.
2026-09-15 03:20:50,019 [ERROR] LogOutputStream:75 - [STDERR_REDIRECT] 
2026-09-15 03:20:51,026 [ERROR] LogOutputStream:75 - [STDERR_REDIRECT] [Fatal Error] :1:1: Premature end of file.
2026-09-15 03:20:51,026 [ERROR] LogOutputStream:75 - [STDERR_REDIRECT] 
2026-09-15 03:20:52,029 [ERROR] LogOutputStream:75 - [STDERR_REDIRECT] [Fatal Error] :1:1: Premature end of file.
2026-09-15 03:20:52,029 [ERROR] LogOutputStream:75 - [STDERR_REDIRECT] 
2026-09-15 03:20:53,029 [ERROR] LogOutputStream:75 - [STDERR_REDIRECT] [Fatal Error] :1:1: Premature end of file.
2026-09-15 03:20:53,030 [ERROR] LogOutputStream:75 - [STDERR_REDIRECT] 
2026-09-15 03:20:54,025 [ERROR] LogOutputStream:75 - [STDERR_REDIRECT] [Fatal Error] :1:1: Premature end of file.
2026-09-15 03:20:54,025 [ERROR] LogOutputStream:75 - [STDERR_REDIRECT] 
2026-09-15 03:20:55,023 [ERROR] LogOutputStream:75 - [STDERR_REDIRECT] [Fatal Error] :1:1: Premature end of file.
2026-09-15 03:20:55,023 [ERROR] LogOutputStream:75 - [STDERR_REDIRECT] 
2026-09-15 03:20:56,025 [ERROR] LogOutputStream:75 - [STDERR_REDIRECT] [Fatal Error] :1:1: Premature end of file.
2026-09-15 03:20:56,025 [ERROR] LogOutputStream:75 - [STDERR_REDIRECT] 
2026-09-15 03:20:57,024 [ERROR] LogOutputStream:75 - [STDERR_REDIRECT] [Fatal Error] :1:1: Premature end of file.
2026-09-15 03:20:57,025 [ERROR] LogOutputStream:75 - [STDERR_REDIRECT] 
2026-09-15 03:20:58,024 [ERROR] LogOutputStream:75 - [STDERR_REDIRECT] [Fatal Error] :1:1: Premature end of file.
2026-09-15 03:20:58,024 [ERROR] LogOutputStream:75 - [STDERR_REDIRECT] 
2026-09-15 03:20:59,024 [ERROR] LogOutputStream:75 - [STDERR_REDIRECT] [Fatal Error] :1:1: Premature end of file.
2026-09-15 03:20:59,024 [ERROR] LogOutputStream:75 - [STDERR_REDIRECT] 
2026-09-15 03:21:00,024 [ERROR] LogOutputStream:75 - [STDERR_REDIRECT] [Fatal Error] :1:1: Premature end of file.
2026-09-15 03:21:00,024 [ERROR] LogOutputStream:75 - [STDERR_REDIRECT] 
2026-09-15 03:21:01,032 [ERROR] LogOutputStream:75 - [STDERR_REDIRECT] [Fatal Error] :1:1: Premature end of file.
2026-09-15 03:21:01,032 [ERROR] LogOutputStream:75 - [STDERR_REDIRECT] 
2026-09-15 03:21:02,022 [ERROR] LogOutputStream:75 - [STDERR_REDIRECT] [Fatal Error] :1:1: Premature end of file.
2026-09-15 03:21:02,022 [ERROR] LogOutputStream:75 - [STDERR_REDIRECT] 
2026-09-15 03:21:03,027 [ERROR] LogOutputStream:75 - [STDERR_REDIRECT] [Fatal Error] :1:1: Premature end of file.
2026-09-15 03:21:03,027 [ERROR] LogOutputStream:75 - [STDERR_REDIRECT] 
2026-09-15 03:21:04,022 [ERROR] LogOutputStream:75 - [STDERR_REDIRECT] [Fatal Error] :1:1: Premature end of file.
2026-09-15 03:21:04,022 [ERROR] LogOutputStream:75 - [STDERR_REDIRECT] 
2026-09-15 03:21:05,029 [ERROR] LogOutputStream:75 - [STDERR_REDIRECT] [Fatal Error] :1:1: Premature end of file.
2026-09-15 03:21:05,029 [ERROR] LogOutputStream:75 - [STDERR_REDIRECT] 
2026-09-15 03:21:06,028 [ERROR] LogOutputStream:75 - [STDERR_REDIRECT] [Fatal Error] :1:1: Premature end of file.
2026-09-15 03:21:06,029 [ERROR] LogOutputStream:75 - [STDERR_REDIRECT] 
2026-09-15 03:21:07,035 [ERROR] LogOutputStream:75 - [STDERR_REDIRECT] [Fatal Error] :1:1: Premature end of file.
2026-09-15 03:21:07,035 [ERROR] LogOutputStream:75 - [STDERR_REDIRECT] 
2026-09-15 03:21:08,028 [ERROR] LogOutputStream:75 - [STDERR_REDIRECT] [Fatal Error] :1:1: Premature end of file.
2026-09-15 03:21:08,028 [ERROR] LogOutputStream:75 - [STDERR_REDIRECT] 
2026-09-15 03:21:09,022 [ERROR] LogOutputStream:75 - [STDERR_REDIRECT] [Fatal Error] :1:1: Premature end of file.
2026-09-15 03:21:09,022 [ERROR] LogOutputStream:75 - [STDERR_REDIRECT] 
2026-09-15 03:21:10,041 [ERROR] LogOutputStream:75 - [STDERR_REDIRECT] [Fatal Error] :1:1: Premature end of file.
2026-09-15 03:21:10,041 [ERROR] LogOutputStream:75 - [STDERR_REDIRECT] 
2026-09-15 03:21:11,027 [ERROR] LogOutputStream:75 - [STDERR_REDIRECT] [Fatal Error] :1:1: Premature end of file.
2026-09-15 03:21:11,027 [ERROR] LogOutputStream:75 - [STDERR_REDIRECT] 
2026-09-15 03:21:12,026 [ERROR] LogOutputStream:75 - [STDERR_REDIRECT] [Fatal Error] :1:1: Premature end of file.
2026-09-15 03:21:12,026 [ERROR] LogOutputStream:75 - [STDERR_REDIRECT] 
2026-09-15 03:21:13,022 [ERROR] LogOutputStream:75 - [STDERR_REDIRECT] [Fatal Error] :1:1: Premature end of file.
2026-09-15 03:21:13,022 [ERROR] LogOutputStream:75 - [STDERR_REDIRECT] 
2026-09-15 03:21:14,032 [ERROR] LogOutputStream:75 - [STDERR_REDIRECT] [Fatal Error] :1:1: Premature end of file.
2026-09-15 03:21:14,032 [ERROR] LogOutputStream:75 - [STDERR_REDIRECT] 
2026-09-15 03:21:15,032 [ERROR] LogOutputStream:75 - [STDERR_REDIRECT] [Fatal Error] :1:1: Premature end of file.
2026-09-15 03:21:15,032 [ERROR] LogOutputStream:75 - [STDERR_REDIRECT] 
2026-09-15 03:21:16,022 [ERROR] LogOutputStream:75 - [STDERR_REDIRECT] [Fatal Error] :1:1: Premature end of file.
2026-09-15 03:21:16,022 [ERROR] LogOutputStream:75 - [STDERR_REDIRECT] 
2026-09-15 03:21:17,032 [ERROR] LogOutputStream:75 - [STDERR_REDIRECT] [Fatal Error] :1:1: Premature end of file.
2026-09-15 03:21:17,032 [ERROR] LogOutputStream:75 - [STDERR_REDIRECT] 
2026-09-15 03:21:18,014 [ERROR] LogOutputStream:75 - [STDERR_REDIRECT] [Fatal Error] :1:1: Premature end of file.
2026-09-15 03:21:18,014 [ERROR] LogOutputStream:75 - [STDERR_REDIRECT] 
2026-09-15 03:21:19,022 [ERROR] LogOutputStream:75 - [STDERR_REDIRECT] [Fatal Error] :1:1: Premature end of file.
2026-09-15 03:21:19,022 [ERROR] LogOutputStream:75 - [STDERR_REDIRECT] 
2026-09-15 03:21:20,032 [ERROR] LogOutputStream:75 - [STDERR_REDIRECT] [Fatal Error] :1:1: Premature end of file.
2026-09-15 03:21:20,032 [ERROR] LogOutputStream:75 - [STDERR_REDIRECT] 
2026-09-15 03:21:21,032 [ERROR] LogOutputStream:75 - [STDERR_REDIRECT] [Fatal Error] :1:1: Premature end of file.
2026-09-15 03:21:21,032 [ERROR] LogOutputStream:75 - [STDERR_REDIRECT] 
2026-09-15 03:21:22,032 [ERROR] LogOutputStream:75 - [STDERR_REDIRECT] [Fatal Error] :1:1: Premature end of file.
2026-09-15 03:21:22,032 [ERROR] LogOutputStream:75 - [STDERR_REDIRECT] 
2026-09-15 03:21:23,033 [ERROR] LogOutputStream:75 - [STDERR_REDIRECT] [Fatal Error] :1:1: Premature end of file.
2026-09-15 03:21:23,033 [ERROR] LogOutputStream:75 - [STDERR_REDIRECT] 
2026-09-15 03:21:24,034 [ERROR] LogOutputStream:75 - [STDERR_REDIRECT] [Fatal Error] :1:1: Premature end of file.
2026-09-15 03:21:24,034 [ERROR] LogOutputStream:75 - [STDERR_REDIRECT] 
2026-09-15 03:21:25,027 [ERROR] LogOutputStream:75 - [STDERR_REDIRECT] [Fatal Error] :1:1: Premature end of file.
2026-09-15 03:21:25,028 [ERROR] LogOutputStream:75 - [STDERR_REDIRECT] 
2026-09-15 03:21:26,045 [ERROR] LogOutputStream:75 - [STDERR_REDIRECT] [Fatal Error] :1:1: Premature end of file.
2026-09-15 03:21:26,045 [ERROR] LogOutputStream:75 - [STDERR_REDIRECT] 
2026-09-15 03:21:27,017 [ERROR] LogOutputStream:75 - [STDERR_REDIRECT] [Fatal Error] :1:1: Premature end of file.
2026-09-15 03:21:27,022 [ERROR] LogOutputStream:75 - [STDERR_REDIRECT] 
2026-09-15 03:21:28,022 [ERROR] LogOutputStream:75 - [STDERR_REDIRECT] [Fatal Error] :1:1: Premature end of file.
2026-09-15 03:21:28,022 [ERROR] LogOutputStream:75 - [STDERR_REDIRECT] 
2026-09-15 03:21:29,014 [ERROR] LogOutputStream:75 - [STDERR_REDIRECT] [Fatal Error] :1:1: Premature end of file.
2026-09-15 03:21:29,014 [ERROR] LogOutputStream:75 - [STDERR_REDIRECT] 
2026-09-15 03:21:30,022 [ERROR] LogOutputStream:75 - [STDERR_REDIRECT] [Fatal Error] :1:1: Premature end of file.
2026-09-15 03:21:30,023 [ERROR] LogOutputStream:75 - [STDERR_REDIRECT] 
2026-09-15 03:21:31,022 [ERROR] LogOutputStream:75 - [STDERR_REDIRECT] [Fatal Error] :1:1: Premature end of file.
2026-09-15 03:21:31,022 [ERROR] LogOutputStream:75 - [STDERR_REDIRECT] 
2026-09-15 03:21:32,023 [ERROR] LogOutputStream:75 - [STDERR_REDIRECT] [Fatal Error] :1:1: Premature end of file.
2026-09-15 03:21:32,023 [ERROR] LogOutputStream:75 - [STDERR_REDIRECT] 
2026-09-15 03:21:33,024 [ERROR] LogOutputStream:75 - [STDERR_REDIRECT] [Fatal Error] :1:1: Premature end of file.
2026-09-15 03:21:33,024 [ERROR] LogOutputStream:75 - [STDERR_REDIRECT] 
2026-09-15 03:21:34,027 [ERROR] LogOutputStream:75 - [STDERR_REDIRECT] [Fatal Error] :1:1: Premature end of file.
2026-09-15 03:21:34,027 [ERROR] LogOutputStream:75 - [STDERR_REDIRECT] 
2026-09-15 03:21:35,022 [ERROR] LogOutputStream:75 - [STDERR_REDIRECT] [Fatal Error] :1:1: Premature end of file.
2026-09-15 03:21:35,022 [ERROR] LogOutputStream:75 - [STDERR_REDIRECT] 
2026-09-15 03:21:36,033 [ERROR] LogOutputStream:75 - [STDERR_REDIRECT] [Fatal Error] :1:1: Premature end of file.
2026-09-15 03:21:36,033 [ERROR] LogOutputStream:75 - [STDERR_REDIRECT] 
2026-09-15 03:21:37,014 [ERROR] LogOutputStream:75 - [STDERR_REDIRECT] [Fatal Error] :1:1: Premature end of file.
2026-09-15 03:21:37,014 [ERROR] LogOutputStream:75 - [STDERR_REDIRECT] 
2026-09-15 03:21:38,032 [ERROR] LogOutputStream:75 - [STDERR_REDIRECT] [Fatal Error] :1:1: Premature end of file.
2026-09-15 03:21:38,032 [ERROR] LogOutputStream:75 - [STDERR_REDIRECT] 
2026-09-15 03:21:39,033 [ERROR] LogOutputStream:75 - [STDERR_REDIRECT] [Fatal Error] :1:1: Premature end of file.
2026-09-15 03:21:39,033 [ERROR] LogOutputStream:75 - [STDERR_REDIRECT] 
2026-09-15 03:21:40,023 [ERROR] LogOutputStream:75 - [STDERR_REDIRECT] [Fatal Error] :1:1: Premature end of file.
2026-09-15 03:21:40,023 [ERROR] LogOutputStream:75 - [STDERR_REDIRECT] 
2026-09-15 03:21:41,021 [ERROR] LogOutputStream:75 - [STDERR_REDIRECT] [Fatal Error] :1:1: Premature end of file.
2026-09-15 03:21:41,021 [ERROR] LogOutputStream:75 - [STDERR_REDIRECT] 
2026-09-15 03:21:42,022 [ERROR] LogOutputStream:75 - [STDERR_REDIRECT] [Fatal Error] :1:1: Premature end of file.
2026-09-15 03:21:42,022 [ERROR] LogOutputStream:75 - [STDERR_REDIRECT] 
2026-09-15 03:21:43,023 [ERROR] LogOutputStream:75 - [STDERR_REDIRECT] [Fatal Error] :1:1: Premature end of file.
2026-09-15 03:21:43,023 [ERROR] LogOutputStream:75 - [STDERR_REDIRECT] 
2026-09-15 03:21:44,013 [ERROR] LogOutputStream:75 - [STDERR_REDIRECT] [Fatal Error] :1:1: Premature end of file.
2026-09-15 03:21:44,013 [ERROR] LogOutputStream:75 - [STDERR_REDIRECT] 
2026-09-15 03:21:45,013 [ERROR] LogOutputStream:75 - [STDERR_REDIRECT] [Fatal Error] :1:1: Premature end of file.
2026-09-15 03:21:45,013 [ERROR] LogOutputStream:75 - [STDERR_REDIRECT] 
2026-09-15 03:21:46,020 [ERROR] LogOutputStream:75 - [STDERR_REDIRECT] [Fatal Error] :1:1: Premature end of file.
2026-09-15 03:21:46,020 [ERROR] LogOutputStream:75 - [STDERR_REDIRECT] 
2026-09-15 03:21:47,023 [ERROR] LogOutputStream:75 - [STDERR_REDIRECT] [Fatal Error] :1:1: Premature end of file.
2026-09-15 03:21:47,023 [ERROR] LogOutputStream:75 - [STDERR_REDIRECT] 
2026-09-15 03:21:48,023 [ERROR] LogOutputStream:75 - [STDERR_REDIRECT] [Fatal Error] :1:1: Premature end of file.
2026-09-15 03:21:48,023 [ERROR] LogOutputStream:75 - [STDERR_REDIRECT] 
2026-09-15 03:21:49,023 [ERROR] LogOutputStream:75 - [STDERR_REDIRECT] [Fatal Error] :1:1: Premature end of file.
2026-09-15 03:21:49,023 [ERROR] LogOutputStream:75 - [STDERR_REDIRECT] 
2026-09-15 03:21:50,023 [ERROR] LogOutputStream:75 - [STDERR_REDIRECT] [Fatal Error] :1:1: Premature end of file.
2026-09-15 03:21:50,023 [ERROR] LogOutputStream:75 - [STDERR_REDIRECT] 
2026-09-15 03:21:51,023 [ERROR] LogOutputStream:75 - [STDERR_REDIRECT] [Fatal Error] :1:1: Premature end of file.
2026-09-15 03:21:51,023 [ERROR] LogOutputStream:75 - [STDERR_REDIRECT] 
2026-09-15 03:21:52,023 [ERROR] LogOutputStream:75 - [STDERR_REDIRECT] [Fatal Error] :1:1: Premature end of file.
2026-09-15 03:21:52,023 [ERROR] LogOutputStream:75 - [STDERR_REDIRECT] 
2026-09-15 03:21:53,023 [ERROR] LogOutputStream:75 - [STDERR_REDIRECT] [Fatal Error] :1:1: Premature end of file.
2026-09-15 03:21:53,023 [ERROR] LogOutputStream:75 - [STDERR_REDIRECT] 
2026-09-15 03:21:54,033 [ERROR] LogOutputStream:75 - [STDERR_REDIRECT] [Fatal Error] :1:1: Premature end of file.
2026-09-15 03:21:54,033 [ERROR] LogOutputStream:75 - [STDERR_REDIRECT] 
2026-09-15 03:21:55,013 [ERROR] LogOutputStream:75 - [STDERR_REDIRECT] [Fatal Error] :1:1: Premature end of file.
2026-09-15 03:21:55,013 [ERROR] LogOutputStream:75 - [STDERR_REDIRECT] 
2026-09-15 03:21:56,018 [ERROR] LogOutputStream:75 - [STDERR_REDIRECT] [Fatal Error] :1:1: Premature end of file.
2026-09-15 03:21:56,018 [ERROR] LogOutputStream:75 - [STDERR_REDIRECT] 
2026-09-15 03:21:57,023 [ERROR] LogOutputStream:75 - [STDERR_REDIRECT] [Fatal Error] :1:1: Premature end of file.
2026-09-15 03:21:57,023 [ERROR] LogOutputStream:75 - [STDERR_REDIRECT] 
2026-09-15 03:21:58,030 [ERROR] LogOutputStream:75 - [STDERR_REDIRECT] [Fatal Error] :1:1: Premature end of file.
2026-09-15 03:21:58,030 [ERROR] LogOutputStream:75 - [STDERR_REDIRECT] 
2026-09-15 03:21:59,027 [ERROR] LogOutputStream:75 - [STDERR_REDIRECT] [Fatal Error] :1:1: Premature end of file.
2026-09-15 03:21:59,027 [ERROR] LogOutputStream:75 - [STDERR_REDIRECT] 
2026-09-15 03:22:00,027 [ERROR] LogOutputStream:75 - [STDERR_REDIRECT] [Fatal Error] :1:1: Premature end of file.
2026-09-15 03:22:00,027 [ERROR] LogOutputStream:75 - [STDERR_REDIRECT] 
2026-09-15 03:22:01,023 [ERROR] LogOutputStream:75 - [STDERR_REDIRECT] [Fatal Error] :1:1: Premature end of file.
2026-09-15 03:22:01,023 [ERROR] LogOutputStream:75 - [STDERR_REDIRECT] 
2026-09-15 03:22:02,024 [ERROR] LogOutputStream:75 - [STDERR_REDIRECT] [Fatal Error] :1:1: Premature end of file.
2026-09-15 03:22:02,024 [ERROR] LogOutputStream:75 - [STDERR_REDIRECT] 
2026-09-15 03:22:04,933 [ERROR] LogOutputStream:75 - [STDERR_REDIRECT] [Fatal Error] :1:1: Premature end of file.
2026-09-15 03:22:04,933 [ERROR] LogOutputStream:75 - [STDERR_REDIRECT] 
2026-09-15 03:22:04,974 [ERROR] LogOutputStream:75 - [STDERR_REDIRECT] [Fatal Error] :1:1: Premature end of file.
2026-09-15 03:22:04,974 [ERROR] LogOutputStream:75 - [STDERR_REDIRECT] 
2026-09-15 03:22:05,023 [ERROR] LogOutputStream:75 - [STDERR_REDIRECT] [Fatal Error] :1:1: Premature end of file.
2026-09-15 03:22:05,023 [ERROR] LogOutputStream:75 - [STDERR_REDIRECT] 
2026-09-15 03:22:06,024 [ERROR] LogOutputStream:75 - [STDERR_REDIRECT] [Fatal Error] :1:1: Premature end of file.
2026-09-15 03:22:06,024 [ERROR] LogOutputStream:75 - [STDERR_REDIRECT] 
2026-09-15 03:22:07,032 [ERROR] LogOutputStream:75 - [STDERR_REDIRECT] [Fatal Error] :1:1: Premature end of file.
2026-09-15 03:22:07,032 [ERROR] LogOutputStream:75 - [STDERR_REDIRECT] 
2026-09-15 03:22:08,018 [ERROR] LogOutputStream:75 - [STDERR_REDIRECT] [Fatal Error] :1:1: Premature end of file.
2026-09-15 03:22:08,018 [ERROR] LogOutputStream:75 - [STDERR_REDIRECT] 
2026-09-15 03:22:09,033 [ERROR] LogOutputStream:75 - [STDERR_REDIRECT] [Fatal Error] :1:1: Premature end of file.
2026-09-15 03:22:09,033 [ERROR] LogOutputStream:75 - [STDERR_REDIRECT] 
2026-09-15 03:22:10,018 [ERROR] LogOutputStream:75 - [STDERR_REDIRECT] [Fatal Error] :1:1: Premature end of file.
2026-09-15 03:22:10,018 [ERROR] LogOutputStream:75 - [STDERR_REDIRECT] 
2026-09-15 03:22:11,023 [ERROR] LogOutputStream:75 - [STDERR_REDIRECT] [Fatal Error] :1:1: Premature end of file.
2026-09-15 03:22:11,023 [ERROR] LogOutputStream:75 - [STDERR_REDIRECT] 
2026-09-15 03:22:12,034 [ERROR] LogOutputStream:75 - [STDERR_REDIRECT] [Fatal Error] :1:1: Premature end of file.
2026-09-15 03:22:12,034 [ERROR] LogOutputStream:75 - [STDERR_REDIRECT] 
2026-09-15 03:22:13,029 [ERROR] LogOutputStream:75 - [STDERR_REDIRECT] [Fatal Error] :1:1: Premature end of file.
2026-09-15 03:22:13,029 [ERROR] LogOutputStream:75 - [STDERR_REDIRECT] 
2026-09-15 03:22:14,023 [ERROR] LogOutputStream:75 - [STDERR_REDIRECT] [Fatal Error] :1:1: Premature end of file.
2026-09-15 03:22:14,023 [ERROR] LogOutputStream:75 - [STDERR_REDIRECT] 
2026-09-15 03:22:15,034 [ERROR] LogOutputStream:75 - [STDERR_REDIRECT] [Fatal Error] :1:1: Premature end of file.
2026-09-15 03:22:15,034 [ERROR] LogOutputStream:75 - [STDERR_REDIRECT] 
2026-09-15 03:22:16,019 [ERROR] LogOutputStream:75 - [STDERR_REDIRECT] [Fatal Error] :1:1: Premature end of file.
2026-09-15 03:22:16,024 [ERROR] LogOutputStream:75 - [STDERR_REDIRECT] 
2026-09-15 03:22:17,023 [ERROR] LogOutputStream:75 - [STDERR_REDIRECT] [Fatal Error] :1:1: Premature end of file.
2026-09-15 03:22:17,023 [ERROR] LogOutputStream:75 - [STDERR_REDIRECT] 
2026-09-15 03:22:18,023 [ERROR] LogOutputStream:75 - [STDERR_REDIRECT] [Fatal Error] :1:1: Premature end of file.
2026-09-15 03:22:18,023 [ERROR] LogOutputStream:75 - [STDERR_REDIRECT] 
2026-09-15 03:22:19,023 [ERROR] LogOutputStream:75 - [STDERR_REDIRECT] [Fatal Error] :1:1: Premature end of file.
2026-09-15 03:22:19,023 [ERROR] LogOutputStream:75 - [STDERR_REDIRECT] 
2026-09-15 03:22:20,024 [ERROR] LogOutputStream:75 - [STDERR_REDIRECT] [Fatal Error] :1:1: Premature end of file.
2026-09-15 03:22:20,024 [ERROR] LogOutputStream:75 - [STDERR_REDIRECT] 
2026-09-15 03:22:21,024 [ERROR] LogOutputStream:75 - [STDERR_REDIRECT] [Fatal Error] :1:1: Premature end of file.
2026-09-15 03:22:21,024 [ERROR] LogOutputStream:75 - [STDERR_REDIRECT] 
2026-09-15 03:22:22,034 [ERROR] LogOutputStream:75 - [STDERR_REDIRECT] [Fatal Error] :1:1: Premature end of file.
2026-09-15 03:22:22,034 [ERROR] LogOutputStream:75 - [STDERR_REDIRECT] 
2026-09-15 03:22:23,024 [ERROR] LogOutputStream:75 - [STDERR_REDIRECT] [Fatal Error] :1:1: Premature end of file.
2026-09-15 03:22:23,024 [ERROR] LogOutputStream:75 - [STDERR_REDIRECT] 
2026-09-15 03:22:24,023 [ERROR] LogOutputStream:75 - [STDERR_REDIRECT] [Fatal Error] :1:1: Premature end of file.
2026-09-15 03:22:24,023 [ERROR] LogOutputStream:75 - [STDERR_REDIRECT] 
2026-09-15 03:22:25,024 [ERROR] LogOutputStream:75 - [STDERR_REDIRECT] [Fatal Error] :1:1: Premature end of file.
2026-09-15 03:22:25,024 [ERROR] LogOutputStream:75 - [STDERR_REDIRECT] 
2026-09-15 03:22:26,014 [ERROR] LogOutputStream:75 - [STDERR_REDIRECT] [Fatal Error] :1:1: Premature end of file.
2026-09-15 03:22:26,014 [ERROR] LogOutputStream:75 - [STDERR_REDIRECT] 
2026-09-15 03:22:27,030 [ERROR] LogOutputStream:75 - [STDERR_REDIRECT] [Fatal Error] :1:1: Premature end of file.
2026-09-15 03:22:27,030 [ERROR] LogOutputStream:75 - [STDERR_REDIRECT] 
2026-09-15 03:22:28,026 [ERROR] LogOutputStream:75 - [STDERR_REDIRECT] [Fatal Error] :1:1: Premature end of file.
2026-09-15 03:22:28,026 [ERROR] LogOutputStream:75 - [STDERR_REDIRECT] 
2026-09-15 03:22:29,034 [ERROR] LogOutputStream:75 - [STDERR_REDIRECT] [Fatal Error] :1:1: Premature end of file.
2026-09-15 03:22:29,034 [ERROR] LogOutputStream:75 - [STDERR_REDIRECT] 
2026-09-15 03:22:30,024 [ERROR] LogOutputStream:75 - [STDERR_REDIRECT] [Fatal Error] :1:1: Premature end of file.
2026-09-15 03:22:30,024 [ERROR] LogOutputStream:75 - [STDERR_REDIRECT] 
2026-09-15 03:22:31,024 [ERROR] LogOutputStream:75 - [STDERR_REDIRECT] [Fatal Error] :1:1: Premature end of file.
2026-09-15 03:22:31,024 [ERROR] LogOutputStream:75 - [STDERR_REDIRECT] 
2026-09-15 03:22:32,014 [ERROR] LogOutputStream:75 - [STDERR_REDIRECT] [Fatal Error] :1:1: Premature end of file.
2026-09-15 03:22:32,014 [ERROR] LogOutputStream:75 - [STDERR_REDIRECT] 
2026-09-15 03:22:33,037 [ERROR] LogOutputStream:75 - [STDERR_REDIRECT] [Fatal Error] :1:1: Premature end of file.
2026-09-15 03:22:33,037 [ERROR] LogOutputStream:75 - [STDERR_REDIRECT] 
2026-09-15 03:22:34,034 [ERROR] LogOutputStream:75 - [STDERR_REDIRECT] [Fatal Error] :1:1: Premature end of file.
2026-09-15 03:22:34,034 [ERROR] LogOutputStream:75 - [STDERR_REDIRECT] 
2026-09-15 03:22:35,024 [ERROR] LogOutputStream:75 - [STDERR_REDIRECT] [Fatal Error] :1:1: Premature end of file.
2026-09-15 03:22:35,024 [ERROR] LogOutputStream:75 - [STDERR_REDIRECT] 
2026-09-15 03:22:36,020 [ERROR] LogOutputStream:75 - [STDERR_REDIRECT] [Fatal Error] :1:1: Premature end of file.
2026-09-15 03:22:36,020 [ERROR] LogOutputStream:75 - [STDERR_REDIRECT] 
2026-09-15 03:22:37,028 [ERROR] LogOutputStream:75 - [STDERR_REDIRECT] [Fatal Error] :1:1: Premature end of file.
2026-09-15 03:22:37,034 [ERROR] LogOutputStream:75 - [STDERR_REDIRECT] 
2026-09-15 03:22:38,024 [ERROR] LogOutputStream:75 - [STDERR_REDIRECT] [Fatal Error] :1:1: Premature end of file.
2026-09-15 03:22:38,024 [ERROR] LogOutputStream:75 - [STDERR_REDIRECT] 
2026-09-15 03:22:39,024 [ERROR] LogOutputStream:75 - [STDERR_REDIRECT] [Fatal Error] :1:1: Premature end of file.
2026-09-15 03:22:39,024 [ERROR] LogOutputStream:75 - [STDERR_REDIRECT] 
2026-09-15 03:22:40,034 [ERROR] LogOutputStream:75 - [STDERR_REDIRECT] [Fatal Error] :1:1: Premature end of file.
2026-09-15 03:22:40,034 [ERROR] LogOutputStream:75 - [STDERR_REDIRECT] 
2026-09-15 03:22:41,014 [ERROR] LogOutputStream:75 - [STDERR_REDIRECT] [Fatal Error] :1:1: Premature end of file.
2026-09-15 03:22:41,014 [ERROR] LogOutputStream:75 - [STDERR_REDIRECT] 
2026-09-15 03:22:42,028 [ERROR] LogOutputStream:75 - [STDERR_REDIRECT] [Fatal Error] :1:1: Premature end of file.
2026-09-15 03:22:42,028 [ERROR] LogOutputStream:75 - [STDERR_REDIRECT] 
2026-09-15 03:22:43,014 [ERROR] LogOutputStream:75 - [STDERR_REDIRECT] [Fatal Error] :1:1: Premature end of file.
2026-09-15 03:22:43,014 [ERROR] LogOutputStream:75 - [STDERR_REDIRECT] 
2026-09-15 03:22:44,024 [ERROR] LogOutputStream:75 - [STDERR_REDIRECT] [Fatal Error] :1:1: Premature end of file.
2026-09-15 03:22:44,024 [ERROR] LogOutputStream:75 - [STDERR_REDIRECT] 
2026-09-15 03:22:45,032 [ERROR] LogOutputStream:75 - [STDERR_REDIRECT] [Fatal Error] :1:1: Premature end of file.
2026-09-15 03:22:45,032 [ERROR] LogOutputStream:75 - [STDERR_REDIRECT] 
2026-09-15 03:22:46,024 [ERROR] LogOutputStream:75 - [STDERR_REDIRECT] [Fatal Error] :1:1: Premature end of file.
2026-09-15 03:22:46,024 [ERROR] LogOutputStream:75 - [STDERR_REDIRECT] 
2026-09-15 03:22:47,024 [ERROR] LogOutputStream:75 - [STDERR_REDIRECT] [Fatal Error] :1:1: Premature end of file.
2026-09-15 03:22:47,024 [ERROR] LogOutputStream:75 - [STDERR_REDIRECT] 
2026-09-15 03:22:48,028 [ERROR] LogOutputStream:75 - [STDERR_REDIRECT] [Fatal Error] :1:1: Premature end of file.
2026-09-15 03:22:48,028 [ERROR] LogOutputStream:75 - [STDERR_REDIRECT] 
2026-09-15 03:22:49,035 [ERROR] LogOutputStream:75 - [STDERR_REDIRECT] [Fatal Error] :1:1: Premature end of file.
2026-09-15 03:22:49,035 [ERROR] LogOutputStream:75 - [STDERR_REDIRECT] 
2026-09-15 03:22:50,024 [ERROR] LogOutputStream:75 - [STDERR_REDIRECT] [Fatal Error] :1:1: Premature end of file.
2026-09-15 03:22:50,024 [ERROR] LogOutputStream:75 - [STDERR_REDIRECT] 
2026-09-15 03:22:51,015 [ERROR] LogOutputStream:75 - [STDERR_REDIRECT] [Fatal Error] :1:1: Premature end of file.
2026-09-15 03:22:51,015 [ERROR] LogOutputStream:75 - [STDERR_REDIRECT] 
2026-09-15 03:22:52,025 [ERROR] LogOutputStream:75 - [STDERR_REDIRECT] [Fatal Error] :1:1: Premature end of file.
2026-09-15 03:22:52,025 [ERROR] LogOutputStream:75 - [STDERR_REDIRECT] 
2026-09-15 03:22:53,025 [ERROR] LogOutputStream:75 - [STDERR_REDIRECT] [Fatal Error] :1:1: Premature end of file.
2026-09-15 03:22:53,025 [ERROR] LogOutputStream:75 - [STDERR_REDIRECT] 
2026-09-15 03:22:54,020 [ERROR] LogOutputStream:75 - [STDERR_REDIRECT] [Fatal Error] :1:1: Premature end of file.
2026-09-15 03:22:54,020 [ERROR] LogOutputStream:75 - [STDERR_REDIRECT] 
2026-09-15 03:22:55,028 [ERROR] LogOutputStream:75 - [STDERR_REDIRECT] [Fatal Error] :1:1: Premature end of file.
2026-09-15 03:22:55,028 [ERROR] LogOutputStream:75 - [STDERR_REDIRECT] 
2026-09-15 03:22:56,026 [ERROR] LogOutputStream:75 - [STDERR_REDIRECT] [Fatal Error] :1:1: Premature end of file.
2026-09-15 03:22:56,026 [ERROR] LogOutputStream:75 - [STDERR_REDIRECT] 
2026-09-15 03:22:57,015 [ERROR] LogOutputStream:75 - [STDERR_REDIRECT] [Fatal Error] :1:1: Premature end of file.
2026-09-15 03:22:57,015 [ERROR] LogOutputStream:75 - [STDERR_REDIRECT] 
2026-09-15 03:22:58,015 [ERROR] LogOutputStream:75 - [STDERR_REDIRECT] [Fatal Error] :1:1: Premature end of file.
2026-09-15 03:22:58,015 [ERROR] LogOutputStream:75 - [STDERR_REDIRECT] 
2026-09-15 03:22:59,025 [ERROR] LogOutputStream:75 - [STDERR_REDIRECT] [Fatal Error] :1:1: Premature end of file.
2026-09-15 03:22:59,025 [ERROR] LogOutputStream:75 - [STDERR_REDIRECT] 
2026-09-15 03:23:00,034 [ERROR] LogOutputStream:75 - [STDERR_REDIRECT] [Fatal Error] :1:1: Premature end of file.
2026-09-15 03:23:00,034 [ERROR] LogOutputStream:75 - [STDERR_REDIRECT] 
2026-09-15 03:23:01,025 [ERROR] LogOutputStream:75 - [STDERR_REDIRECT] [Fatal Error] :1:1: Premature end of file.
2026-09-15 03:23:01,025 [ERROR] LogOutputStream:75 - [STDERR_REDIRECT] 
2026-09-15 03:23:02,016 [ERROR] LogOutputStream:75 - [STDERR_REDIRECT] [Fatal Error] :1:1: Premature end of file.
2026-09-15 03:23:02,016 [ERROR] LogOutputStream:75 - [STDERR_REDIRECT] 
2026-09-15 03:23:03,025 [ERROR] LogOutputStream:75 - [STDERR_REDIRECT] [Fatal Error] :1:1: Premature end of file.
2026-09-15 03:23:03,025 [ERROR] LogOutputStream:75 - [STDERR_REDIRECT] 
2026-09-15 03:23:04,016 [ERROR] LogOutputStream:75 - [STDERR_REDIRECT] [Fatal Error] :1:1: Premature end of file.
2026-09-15 03:23:04,016 [ERROR] LogOutputStream:75 - [STDERR_REDIRECT] 
2026-09-15 03:23:05,018 [ERROR] LogOutputStream:75 - [STDERR_REDIRECT] [Fatal Error] :1:1: Premature end of file.
2026-09-15 03:23:05,018 [ERROR] LogOutputStream:75 - [STDERR_REDIRECT] 
2026-09-15 03:23:06,025 [ERROR] LogOutputStream:75 - [STDERR_REDIRECT] [Fatal Error] :1:1: Premature end of file.
2026-09-15 03:23:06,025 [ERROR] LogOutputStream:75 - [STDERR_REDIRECT] 
2026-09-15 03:23:07,025 [ERROR] LogOutputStream:75 - [STDERR_REDIRECT] [Fatal Error] :1:1: Premature end of file.
2026-09-15 03:23:07,025 [ERROR] LogOutputStream:75 - [STDERR_REDIRECT] 
2026-09-15 03:23:08,017 [ERROR] LogOutputStream:75 - [STDERR_REDIRECT] [Fatal Error] :1:1: Premature end of file.
2026-09-15 03:23:08,017 [ERROR] LogOutputStream:75 - [STDERR_REDIRECT] 
2026-09-15 03:23:09,025 [ERROR] LogOutputStream:75 - [STDERR_REDIRECT] [Fatal Error] :1:1: Premature end of file.
2026-09-15 03:23:09,025 [ERROR] LogOutputStream:75 - [STDERR_REDIRECT] 
2026-09-15 03:23:10,025 [ERROR] LogOutputStream:75 - [STDERR_REDIRECT] [Fatal Error] :1:1: Premature end of file.
2026-09-15 03:23:10,025 [ERROR] LogOutputStream:75 - [STDERR_REDIRECT] 
2026-09-15 03:23:11,025 [ERROR] LogOutputStream:75 - [STDERR_REDIRECT] [Fatal Error] :1:1: Premature end of file.
2026-09-15 03:23:11,025 [ERROR] LogOutputStream:75 - [STDERR_REDIRECT] 
2026-09-15 03:23:12,025 [ERROR] LogOutputStream:75 - [STDERR_REDIRECT] [Fatal Error] :1:1: Premature end of file.
2026-09-15 03:23:12,025 [ERROR] LogOutputStream:75 - [STDERR_REDIRECT] 
2026-09-15 03:23:13,030 [ERROR] LogOutputStream:75 - [STDERR_REDIRECT] [Fatal Error] :1:1: Premature end of file.
2026-09-15 03:23:13,030 [ERROR] LogOutputStream:75 - [STDERR_REDIRECT] 
2026-09-15 03:23:14,030 [ERROR] LogOutputStream:75 - [STDERR_REDIRECT] [Fatal Error] :1:1: Premature end of file.
2026-09-15 03:23:14,030 [ERROR] LogOutputStream:75 - [STDERR_REDIRECT] 
2026-09-15 03:23:15,019 [ERROR] LogOutputStream:75 - [STDERR_REDIRECT] [Fatal Error] :1:1: Premature end of file.
2026-09-15 03:23:15,019 [ERROR] LogOutputStream:75 - [STDERR_REDIRECT] 
2026-09-15 03:23:16,025 [ERROR] LogOutputStream:75 - [STDERR_REDIRECT] [Fatal Error] :1:1: Premature end of file.
2026-09-15 03:23:16,025 [ERROR] LogOutputStream:75 - [STDERR_REDIRECT] 
2026-09-15 03:23:17,020 [ERROR] LogOutputStream:75 - [STDERR_REDIRECT] [Fatal Error] :1:1: Premature end of file.
2026-09-15 03:23:17,020 [ERROR] LogOutputStream:75 - [STDERR_REDIRECT] 
2026-09-15 03:23:18,020 [ERROR] LogOutputStream:75 - [STDERR_REDIRECT] [Fatal Error] :1:1: Premature end of file.
2026-09-15 03:23:18,020 [ERROR] LogOutputStream:75 - [STDERR_REDIRECT] 
2026-09-15 03:23:19,025 [ERROR] LogOutputStream:75 - [STDERR_REDIRECT] [Fatal Error] :1:1: Premature end of file.
2026-09-15 03:23:19,025 [ERROR] LogOutputStream:75 - [STDERR_REDIRECT] 
2026-09-15 03:23:20,026 [ERROR] LogOutputStream:75 - [STDERR_REDIRECT] [Fatal Error] :1:1: Premature end of file.
2026-09-15 03:23:20,026 [ERROR] LogOutputStream:75 - [STDERR_REDIRECT] 
2026-09-15 03:23:21,015 [ERROR] LogOutputStream:75 - [STDERR_REDIRECT] [Fatal Error] :1:1: Premature end of file.
2026-09-15 03:23:21,015 [ERROR] LogOutputStream:75 - [STDERR_REDIRECT] 
2026-09-15 03:23:22,025 [ERROR] LogOutputStream:75 - [STDERR_REDIRECT] [Fatal Error] :1:1: Premature end of file.
2026-09-15 03:23:22,025 [ERROR] LogOutputStream:75 - [STDERR_REDIRECT] 
2026-09-15 03:23:23,025 [ERROR] LogOutputStream:75 - [STDERR_REDIRECT] [Fatal Error] :1:1: Premature end of file.
2026-09-15 03:23:23,025 [ERROR] LogOutputStream:75 - [STDERR_REDIRECT] 
2026-09-15 03:23:24,025 [ERROR] LogOutputStream:75 - [STDERR_REDIRECT] [Fatal Error] :1:1: Premature end of file.
2026-09-15 03:23:24,025 [ERROR] LogOutputStream:75 - [STDERR_REDIRECT] 
2026-09-15 03:23:25,015 [ERROR] LogOutputStream:75 - [STDERR_REDIRECT] [Fatal Error] :1:1: Premature end of file.
2026-09-15 03:23:25,015 [ERROR] LogOutputStream:75 - [STDERR_REDIRECT] 
2026-09-15 03:23:26,026 [ERROR] LogOutputStream:75 - [STDERR_REDIRECT] [Fatal Error] :1:1: Premature end of file.
2026-09-15 03:23:26,026 [ERROR] LogOutputStream:75 - [STDERR_REDIRECT] 
2026-09-15 03:23:27,026 [ERROR] LogOutputStream:75 - [STDERR_REDIRECT] [Fatal Error] :1:1: Premature end of file.
2026-09-15 03:23:27,026 [ERROR] LogOutputStream:75 - [STDERR_REDIRECT] 
2026-09-15 03:23:28,026 [ERROR] LogOutputStream:75 - [STDERR_REDIRECT] [Fatal Error] :1:1: Premature end of file.
2026-09-15 03:23:28,026 [ERROR] LogOutputStream:75 - [STDERR_REDIRECT] 
2026-09-15 03:23:29,015 [ERROR] LogOutputStream:75 - [STDERR_REDIRECT] [Fatal Error] :1:1: Premature end of file.
2026-09-15 03:23:29,015 [ERROR] LogOutputStream:75 - [STDERR_REDIRECT] 
2026-09-15 03:23:30,035 [ERROR] LogOutputStream:75 - [STDERR_REDIRECT] [Fatal Error] :1:1: Premature end of file.
2026-09-15 03:23:30,035 [ERROR] LogOutputStream:75 - [STDERR_REDIRECT] 
2026-09-15 03:23:31,027 [ERROR] LogOutputStream:75 - [STDERR_REDIRECT] [Fatal Error] :1:1: Premature end of file.
2026-09-15 03:23:31,027 [ERROR] LogOutputStream:75 - [STDERR_REDIRECT] 
2026-09-15 03:23:32,025 [ERROR] LogOutputStream:75 - [STDERR_REDIRECT] [Fatal Error] :1:1: Premature end of file.
2026-09-15 03:23:32,025 [ERROR] LogOutputStream:75 - [STDERR_REDIRECT] 
2026-09-15 03:23:33,028 [ERROR] LogOutputStream:75 - [STDERR_REDIRECT] [Fatal Error] :1:1: Premature end of file.
2026-09-15 03:23:33,028 [ERROR] LogOutputStream:75 - [STDERR_REDIRECT] 
2026-09-15 03:23:34,016 [ERROR] LogOutputStream:75 - [STDERR_REDIRECT] [Fatal Error] :1:1: Premature end of file.
2026-09-15 03:23:34,016 [ERROR] LogOutputStream:75 - [STDERR_REDIRECT] 
2026-09-15 03:23:35,016 [ERROR] LogOutputStream:75 - [STDERR_REDIRECT] [Fatal Error] :1:1: Premature end of file.
2026-09-15 03:23:35,016 [ERROR] LogOutputStream:75 - [STDERR_REDIRECT] 
2026-09-15 03:23:36,028 [ERROR] LogOutputStream:75 - [STDERR_REDIRECT] [Fatal Error] :1:1: Premature end of file.
2026-09-15 03:23:36,028 [ERROR] LogOutputStream:75 - [STDERR_REDIRECT] 
2026-09-15 03:23:37,030 [ERROR] LogOutputStream:75 - [STDERR_REDIRECT] [Fatal Error] :1:1: Premature end of file.
2026-09-15 03:23:37,030 [ERROR] LogOutputStream:75 - [STDERR_REDIRECT] 
2026-09-15 03:23:38,028 [ERROR] LogOutputStream:75 - [STDERR_REDIRECT] [Fatal Error] :1:1: Premature end of file.
2026-09-15 03:23:38,028 [ERROR] LogOutputStream:75 - [STDERR_REDIRECT] 
2026-09-15 03:23:39,029 [ERROR] LogOutputStream:75 - [STDERR_REDIRECT] [Fatal Error] :1:1: Premature end of file.
2026-09-15 03:23:39,029 [ERROR] LogOutputStream:75 - [STDERR_REDIRECT] 
2026-09-15 03:23:40,026 [ERROR] LogOutputStream:75 - [STDERR_REDIRECT] [Fatal Error] :1:1: Premature end of file.
2026-09-15 03:23:40,026 [ERROR] LogOutputStream:75 - [STDERR_REDIRECT] 
2026-09-15 03:23:41,029 [ERROR] LogOutputStream:75 - [STDERR_REDIRECT] [Fatal Error] :1:1: Premature end of file.
2026-09-15 03:23:41,029 [ERROR] LogOutputStream:75 - [STDERR_REDIRECT] 
2026-09-15 03:23:42,016 [ERROR] LogOutputStream:75 - [STDERR_REDIRECT] [Fatal Error] :1:1: Premature end of file.
2026-09-15 03:23:42,016 [ERROR] LogOutputStream:75 - [STDERR_REDIRECT] 
2026-09-15 03:23:43,030 [ERROR] LogOutputStream:75 - [STDERR_REDIRECT] [Fatal Error] :1:1: Premature end of file.
2026-09-15 03:23:43,030 [ERROR] LogOutputStream:75 - [STDERR_REDIRECT] 
2026-09-15 03:23:44,015 [ERROR] LogOutputStream:75 - [STDERR_REDIRECT] [Fatal Error] :1:1: Premature end of file.
2026-09-15 03:23:44,015 [ERROR] LogOutputStream:75 - [STDERR_REDIRECT] 
2026-09-15 03:23:45,026 [ERROR] LogOutputStream:75 - [STDERR_REDIRECT] [Fatal Error] :1:1: Premature end of file.
2026-09-15 03:23:45,026 [ERROR] LogOutputStream:75 - [STDERR_REDIRECT] 
2026-09-15 03:23:46,029 [ERROR] LogOutputStream:75 - [STDERR_REDIRECT] [Fatal Error] :1:1: Premature end of file.
2026-09-15 03:23:46,029 [ERROR] LogOutputStream:75 - [STDERR_REDIRECT] 
2026-09-15 03:23:47,020 [ERROR] LogOutputStream:75 - [STDERR_REDIRECT] [Fatal Error] :1:1: Premature end of file.
2026-09-15 03:23:47,020 [ERROR] LogOutputStream:75 - [STDERR_REDIRECT] 
2026-09-15 03:23:48,026 [ERROR] LogOutputStream:75 - [STDERR_REDIRECT] [Fatal Error] :1:1: Premature end of file.
2026-09-15 03:23:48,026 [ERROR] LogOutputStream:75 - [STDERR_REDIRECT] 
2026-09-15 03:23:49,016 [ERROR] LogOutputStream:75 - [STDERR_REDIRECT] [Fatal Error] :1:1: Premature end of file.
2026-09-15 03:23:49,016 [ERROR] LogOutputStream:75 - [STDERR_REDIRECT] 
2026-09-15 03:23:50,016 [ERROR] LogOutputStream:75 - [STDERR_REDIRECT] [Fatal Error] :1:1: Premature end of file.
2026-09-15 03:23:50,016 [ERROR] LogOutputStream:75 - [STDERR_REDIRECT] 
2026-09-15 03:23:51,029 [ERROR] LogOutputStream:75 - [STDERR_REDIRECT] [Fatal Error] :1:1: Premature end of file.
2026-09-15 03:23:51,029 [ERROR] LogOutputStream:75 - [STDERR_REDIRECT] 
2026-09-15 03:23:52,016 [ERROR] LogOutputStream:75 - [STDERR_REDIRECT] [Fatal Error] :1:1: Premature end of file.
2026-09-15 03:23:52,016 [ERROR] LogOutputStream:75 - [STDERR_REDIRECT] 
2026-09-15 03:23:53,016 [ERROR] LogOutputStream:75 - [STDERR_REDIRECT] [Fatal Error] :1:1: Premature end of file.
2026-09-15 03:23:53,016 [ERROR] LogOutputStream:75 - [STDERR_REDIRECT] 
2026-09-15 03:23:54,026 [ERROR] LogOutputStream:75 - [STDERR_REDIRECT] [Fatal Error] :1:1: Premature end of file.
2026-09-15 03:23:54,026 [ERROR] LogOutputStream:75 - [STDERR_REDIRECT] 
2026-09-15 03:23:55,035 [ERROR] LogOutputStream:75 - [STDERR_REDIRECT] [Fatal Error] :1:1: Premature end of file.
2026-09-15 03:23:55,035 [ERROR] LogOutputStream:75 - [STDERR_REDIRECT] 
2026-09-15 03:23:56,018 [ERROR] LogOutputStream:75 - [STDERR_REDIRECT] [Fatal Error] :1:1: Premature end of file.
2026-09-15 03:23:56,018 [ERROR] LogOutputStream:75 - [STDERR_REDIRECT] 
2026-09-15 03:23:57,022 [ERROR] LogOutputStream:75 - [STDERR_REDIRECT] [Fatal Error] :1:1: Premature end of file.
2026-09-15 03:23:57,022 [ERROR] LogOutputStream:75 - [STDERR_REDIRECT] 
2026-09-15 03:23:58,034 [ERROR] LogOutputStream:75 - [STDERR_REDIRECT] [Fatal Error] :1:1: Premature end of file.
2026-09-15 03:23:58,034 [ERROR] LogOutputStream:75 - [STDERR_REDIRECT] 
2026-09-15 03:23:59,016 [ERROR] LogOutputStream:75 - [STDERR_REDIRECT] [Fatal Error] :1:1: Premature end of file.
2026-09-15 03:23:59,016 [ERROR] LogOutputStream:75 - [STDERR_REDIRECT] 
2026-09-15 03:24:00,028 [ERROR] LogOutputStream:75 - [STDERR_REDIRECT] [Fatal Error] :1:1: Premature end of file.
2026-09-15 03:24:00,028 [ERROR] LogOutputStream:75 - [STDERR_REDIRECT] 
2026-09-15 03:24:01,016 [ERROR] LogOutputStream:75 - [STDERR_REDIRECT] [Fatal Error] :1:1: Premature end of file.
2026-09-15 03:24:01,016 [ERROR] LogOutputStream:75 - [STDERR_REDIRECT] 
2026-09-15 03:24:02,026 [ERROR] LogOutputStream:75 - [STDERR_REDIRECT] [Fatal Error] :1:1: Premature end of file.
2026-09-15 03:24:02,026 [ERROR] LogOutputStream:75 - [STDERR_REDIRECT] 
2026-09-15 03:24:04,266 [ERROR] LogOutputStream:75 - [STDERR_REDIRECT] [Fatal Error] :1:1: Premature end of file.
2026-09-15 03:24:04,266 [ERROR] LogOutputStream:75 - [STDERR_REDIRECT] 
2026-09-15 03:24:04,306 [ERROR] LogOutputStream:75 - [STDERR_REDIRECT] [Fatal Error] :1:1: Premature end of file.
2026-09-15 03:24:04,306 [ERROR] LogOutputStream:75 - [STDERR_REDIRECT] 
2026-09-15 03:24:05,016 [ERROR] LogOutputStream:75 - [STDERR_REDIRECT] [Fatal Error] :1:1: Premature end of file.
2026-09-15 03:24:05,016 [ERROR] LogOutputStream:75 - [STDERR_REDIRECT] 
2026-09-15 03:24:06,016 [ERROR] LogOutputStream:75 - [STDERR_REDIRECT] [Fatal Error] :1:1: Premature end of file.
2026-09-15 03:24:06,016 [ERROR] LogOutputStream:75 - [STDERR_REDIRECT] 
2026-09-15 03:24:07,026 [ERROR] LogOutputStream:75 - [STDERR_REDIRECT] [Fatal Error] :1:1: Premature end of file.
2026-09-15 03:24:07,026 [ERROR] LogOutputStream:75 - [STDERR_REDIRECT] 
2026-09-15 03:24:08,017 [ERROR] LogOutputStream:75 - [STDERR_REDIRECT] [Fatal Error] :1:1: Premature end of file.
2026-09-15 03:24:08,017 [ERROR] LogOutputStream:75 - [STDERR_REDIRECT] 
2026-09-15 03:24:09,026 [ERROR] LogOutputStream:75 - [STDERR_REDIRECT] [Fatal Error] :1:1: Premature end of file.
2026-09-15 03:24:09,026 [ERROR] LogOutputStream:75 - [STDERR_REDIRECT] 
2026-09-15 03:24:10,026 [ERROR] LogOutputStream:75 - [STDERR_REDIRECT] [Fatal Error] :1:1: Premature end of file.
2026-09-15 03:24:10,026 [ERROR] LogOutputStream:75 - [STDERR_REDIRECT] 
2026-09-15 03:24:11,029 [ERROR] LogOutputStream:75 - [STDERR_REDIRECT] [Fatal Error] :1:1: Premature end of file.
2026-09-15 03:24:11,029 [ERROR] LogOutputStream:75 - [STDERR_REDIRECT] 
2026-09-15 03:24:12,021 [ERROR] LogOutputStream:75 - [STDERR_REDIRECT] [Fatal Error] :1:1: Premature end of file.
2026-09-15 03:24:12,021 [ERROR] LogOutputStream:75 - [STDERR_REDIRECT] 
2026-09-15 03:24:13,026 [ERROR] LogOutputStream:75 - [STDERR_REDIRECT] [Fatal Error] :1:1: Premature end of file.
2026-09-15 03:24:13,026 [ERROR] LogOutputStream:75 - [STDERR_REDIRECT] 
2026-09-15 03:24:14,017 [ERROR] LogOutputStream:75 - [STDERR_REDIRECT] [Fatal Error] :1:1: Premature end of file.
2026-09-15 03:24:14,017 [ERROR] LogOutputStream:75 - [STDERR_REDIRECT] 
2026-09-15 03:24:15,016 [ERROR] LogOutputStream:75 - [STDERR_REDIRECT] [Fatal Error] :1:1: Premature end of file.
2026-09-15 03:24:15,016 [ERROR] LogOutputStream:75 - [STDERR_REDIRECT] 
2026-09-15 03:24:16,026 [ERROR] LogOutputStream:75 - [STDERR_REDIRECT] [Fatal Error] :1:1: Premature end of file.
2026-09-15 03:24:16,026 [ERROR] LogOutputStream:75 - [STDERR_REDIRECT] 
2026-09-15 03:24:17,032 [ERROR] LogOutputStream:75 - [STDERR_REDIRECT] [Fatal Error] :1:1: Premature end of file.
2026-09-15 03:24:17,032 [ERROR] LogOutputStream:75 - [STDERR_REDIRECT] 
2026-09-15 03:24:18,016 [ERROR] LogOutputStream:75 - [STDERR_REDIRECT] [Fatal Error] :1:1: Premature end of file.
2026-09-15 03:24:18,016 [ERROR] LogOutputStream:75 - [STDERR_REDIRECT] 
2026-09-15 03:24:19,027 [ERROR] LogOutputStream:75 - [STDERR_REDIRECT] [Fatal Error] :1:1: Premature end of file.
2026-09-15 03:24:19,027 [ERROR] LogOutputStream:75 - [STDERR_REDIRECT] 
2026-09-15 03:24:20,033 [ERROR] LogOutputStream:75 - [STDERR_REDIRECT] [Fatal Error] :1:1: Premature end of file.
2026-09-15 03:24:20,033 [ERROR] LogOutputStream:75 - [STDERR_REDIRECT] 
2026-09-15 03:24:21,036 [ERROR] LogOutputStream:75 - [STDERR_REDIRECT] [Fatal Error] :1:1: Premature end of file.
2026-09-15 03:24:21,036 [ERROR] LogOutputStream:75 - [STDERR_REDIRECT] 
2026-09-15 03:24:22,022 [ERROR] LogOutputStream:75 - [STDERR_REDIRECT] [Fatal Error] :1:1: Premature end of file.
2026-09-15 03:24:22,022 [ERROR] LogOutputStream:75 - [STDERR_REDIRECT] 
2026-09-15 03:24:23,021 [ERROR] LogOutputStream:75 - [STDERR_REDIRECT] [Fatal Error] :1:1: Premature end of file.
2026-09-15 03:24:23,021 [ERROR] LogOutputStream:75 - [STDERR_REDIRECT] 
2026-09-15 03:24:24,027 [ERROR] LogOutputStream:75 - [STDERR_REDIRECT] [Fatal Error] :1:1: Premature end of file.
2026-09-15 03:24:24,027 [ERROR] LogOutputStream:75 - [STDERR_REDIRECT] 
2026-09-15 03:24:25,027 [ERROR] LogOutputStream:75 - [STDERR_REDIRECT] [Fatal Error] :1:1: Premature end of file.
2026-09-15 03:24:25,027 [ERROR] LogOutputStream:75 - [STDERR_REDIRECT] 
2026-09-15 03:24:26,037 [ERROR] LogOutputStream:75 - [STDERR_REDIRECT] [Fatal Error] :1:1: Premature end of file.
2026-09-15 03:24:26,037 [ERROR] LogOutputStream:75 - [STDERR_REDIRECT] 
2026-09-15 03:24:27,033 [ERROR] LogOutputStream:75 - [STDERR_REDIRECT] [Fatal Error] :1:1: Premature end of file.
2026-09-15 03:24:27,033 [ERROR] LogOutputStream:75 - [STDERR_REDIRECT] 
2026-09-15 03:24:28,027 [ERROR] LogOutputStream:75 - [STDERR_REDIRECT] [Fatal Error] :1:1: Premature end of file.
2026-09-15 03:24:28,027 [ERROR] LogOutputStream:75 - [STDERR_REDIRECT] 
2026-09-15 03:24:29,021 [ERROR] LogOutputStream:75 - [STDERR_REDIRECT] [Fatal Error] :1:1: Premature end of file.
2026-09-15 03:24:29,021 [ERROR] LogOutputStream:75 - [STDERR_REDIRECT] 
2026-09-15 03:24:30,027 [ERROR] LogOutputStream:75 - [STDERR_REDIRECT] [Fatal Error] :1:1: Premature end of file.
2026-09-15 03:24:30,027 [ERROR] LogOutputStream:75 - [STDERR_REDIRECT] 
2026-09-15 03:24:31,027 [ERROR] LogOutputStream:75 - [STDERR_REDIRECT] [Fatal Error] :1:1: Premature end of file.
2026-09-15 03:24:31,027 [ERROR] LogOutputStream:75 - [STDERR_REDIRECT] 
2026-09-15 03:24:32,017 [ERROR] LogOutputStream:75 - [STDERR_REDIRECT] [Fatal Error] :1:1: Premature end of file.
2026-09-15 03:24:32,017 [ERROR] LogOutputStream:75 - [STDERR_REDIRECT] 
2026-09-15 03:24:33,017 [ERROR] LogOutputStream:75 - [STDERR_REDIRECT] [Fatal Error] :1:1: Premature end of file.
2026-09-15 03:24:33,017 [ERROR] LogOutputStream:75 - [STDERR_REDIRECT] 
2026-09-15 03:24:34,017 [ERROR] LogOutputStream:75 - [STDERR_REDIRECT] [Fatal Error] :1:1: Premature end of file.
2026-09-15 03:24:34,017 [ERROR] LogOutputStream:75 - [STDERR_REDIRECT] 
2026-09-15 03:24:35,017 [ERROR] LogOutputStream:75 - [STDERR_REDIRECT] [Fatal Error] :1:1: Premature end of file.
2026-09-15 03:24:35,017 [ERROR] LogOutputStream:75 - [STDERR_REDIRECT] 
2026-09-15 03:24:36,027 [ERROR] LogOutputStream:75 - [STDERR_REDIRECT] [Fatal Error] :1:1: Premature end of file.
2026-09-15 03:24:36,027 [ERROR] LogOutputStream:75 - [STDERR_REDIRECT] 
2026-09-15 03:24:37,027 [ERROR] LogOutputStream:75 - [STDERR_REDIRECT] [Fatal Error] :1:1: Premature end of file.
2026-09-15 03:24:37,027 [ERROR] LogOutputStream:75 - [STDERR_REDIRECT] 
2026-09-15 03:24:38,017 [ERROR] LogOutputStream:75 - [STDERR_REDIRECT] [Fatal Error] :1:1: Premature end of file.
2026-09-15 03:24:38,017 [ERROR] LogOutputStream:75 - [STDERR_REDIRECT] 
2026-09-15 03:24:39,027 [ERROR] LogOutputStream:75 - [STDERR_REDIRECT] [Fatal Error] :1:1: Premature end of file.
2026-09-15 03:24:39,027 [ERROR] LogOutputStream:75 - [STDERR_REDIRECT] 
2026-09-15 03:24:40,027 [ERROR] LogOutputStream:75 - [STDERR_REDIRECT] [Fatal Error] :1:1: Premature end of file.
2026-09-15 03:24:40,027 [ERROR] LogOutputStream:75 - [STDERR_REDIRECT] 
2026-09-15 03:24:41,017 [ERROR] LogOutputStream:75 - [STDERR_REDIRECT] [Fatal Error] :1:1: Premature end of file.
2026-09-15 03:24:41,017 [ERROR] LogOutputStream:75 - [STDERR_REDIRECT] 
2026-09-15 03:24:42,027 [ERROR] LogOutputStream:75 - [STDERR_REDIRECT] [Fatal Error] :1:1: Premature end of file.
2026-09-15 03:24:42,027 [ERROR] LogOutputStream:75 - [STDERR_REDIRECT] 
2026-09-15 03:24:43,031 [ERROR] LogOutputStream:75 - [STDERR_REDIRECT] [Fatal Error] :1:1: Premature end of file.
2026-09-15 03:24:43,031 [ERROR] LogOutputStream:75 - [STDERR_REDIRECT] 
2026-09-15 03:24:44,027 [ERROR] LogOutputStream:75 - [STDERR_REDIRECT] [Fatal Error] :1:1: Premature end of file.
2026-09-15 03:24:44,027 [ERROR] LogOutputStream:75 - [STDERR_REDIRECT] 
2026-09-15 03:24:45,032 [ERROR] LogOutputStream:75 - [STDERR_REDIRECT] [Fatal Error] :1:1: Premature end of file.
2026-09-15 03:24:45,032 [ERROR] LogOutputStream:75 - [STDERR_REDIRECT] 
2026-09-15 03:24:46,017 [ERROR] LogOutputStream:75 - [STDERR_REDIRECT] [Fatal Error] :1:1: Premature end of file.
2026-09-15 03:24:46,017 [ERROR] LogOutputStream:75 - [STDERR_REDIRECT] 
2026-09-15 03:24:47,027 [ERROR] LogOutputStream:75 - [STDERR_REDIRECT] [Fatal Error] :1:1: Premature end of file.
2026-09-15 03:24:47,027 [ERROR] LogOutputStream:75 - [STDERR_REDIRECT] 
2026-09-15 03:24:48,027 [ERROR] LogOutputStream:75 - [STDERR_REDIRECT] [Fatal Error] :1:1: Premature end of file.
2026-09-15 03:24:48,027 [ERROR] LogOutputStream:75 - [STDERR_REDIRECT] 
2026-09-15 03:24:49,017 [ERROR] LogOutputStream:75 - [STDERR_REDIRECT] [Fatal Error] :1:1: Premature end of file.
2026-09-15 03:24:49,017 [ERROR] LogOutputStream:75 - [STDERR_REDIRECT] 
2026-09-15 03:24:50,027 [ERROR] LogOutputStream:75 - [STDERR_REDIRECT] [Fatal Error] :1:1: Premature end of file.
2026-09-15 03:24:50,027 [ERROR] LogOutputStream:75 - [STDERR_REDIRECT] 
2026-09-15 03:24:51,017 [ERROR] LogOutputStream:75 - [STDERR_REDIRECT] [Fatal Error] :1:1: Premature end of file.
2026-09-15 03:24:51,017 [ERROR] LogOutputStream:75 - [STDERR_REDIRECT] 
2026-09-15 03:24:52,027 [ERROR] LogOutputStream:75 - [STDERR_REDIRECT] [Fatal Error] :1:1: Premature end of file.
2026-09-15 03:24:52,027 [ERROR] LogOutputStream:75 - [STDERR_REDIRECT] 
2026-09-15 03:24:53,018 [ERROR] LogOutputStream:75 - [STDERR_REDIRECT] [Fatal Error] :1:1: Premature end of file.
2026-09-15 03:24:53,018 [ERROR] LogOutputStream:75 - [STDERR_REDIRECT] 
2026-09-15 03:24:54,018 [ERROR] LogOutputStream:75 - [STDERR_REDIRECT] [Fatal Error] :1:1: Premature end of file.
2026-09-15 03:24:54,018 [ERROR] LogOutputStream:75 - [STDERR_REDIRECT] 
2026-09-15 03:24:55,028 [ERROR] LogOutputStream:75 - [STDERR_REDIRECT] [Fatal Error] :1:1: Premature end of file.
2026-09-15 03:24:55,028 [ERROR] LogOutputStream:75 - [STDERR_REDIRECT] 
2026-09-15 03:24:56,028 [ERROR] LogOutputStream:75 - [STDERR_REDIRECT] [Fatal Error] :1:1: Premature end of file.
2026-09-15 03:24:56,028 [ERROR] LogOutputStream:75 - [STDERR_REDIRECT] 
2026-09-15 03:24:57,018 [ERROR] LogOutputStream:75 - [STDERR_REDIRECT] [Fatal Error] :1:1: Premature end of file.
2026-09-15 03:24:57,018 [ERROR] LogOutputStream:75 - [STDERR_REDIRECT] 
2026-09-15 03:24:58,028 [ERROR] LogOutputStream:75 - [STDERR_REDIRECT] [Fatal Error] :1:1: Premature end of file.
2026-09-15 03:24:58,028 [ERROR] LogOutputStream:75 - [STDERR_REDIRECT] 
2026-09-15 03:24:59,033 [ERROR] LogOutputStream:75 - [STDERR_REDIRECT] [Fatal Error] :1:1: Premature end of file.
2026-09-15 03:24:59,033 [ERROR] LogOutputStream:75 - [STDERR_REDIRECT] 
2026-09-15 03:25:00,028 [ERROR] LogOutputStream:75 - [STDERR_REDIRECT] [Fatal Error] :1:1: Premature end of file.
2026-09-15 03:25:00,028 [ERROR] LogOutputStream:75 - [STDERR_REDIRECT] 
2026-09-15 03:25:01,023 [ERROR] LogOutputStream:75 - [STDERR_REDIRECT] [Fatal Error] :1:1: Premature end of file.
2026-09-15 03:25:01,023 [ERROR] LogOutputStream:75 - [STDERR_REDIRECT] 
2026-09-15 03:25:02,028 [ERROR] LogOutputStream:75 - [STDERR_REDIRECT] [Fatal Error] :1:1: Premature end of file.
2026-09-15 03:25:02,028 [ERROR] LogOutputStream:75 - [STDERR_REDIRECT] 
2026-09-15 03:25:03,028 [ERROR] LogOutputStream:75 - [STDERR_REDIRECT] [Fatal Error] :1:1: Premature end of file.
2026-09-15 03:25:03,028 [ERROR] LogOutputStream:75 - [STDERR_REDIRECT] 
2026-09-15 03:25:04,035 [ERROR] LogOutputStream:75 - [STDERR_REDIRECT] [Fatal Error] :1:1: Premature end of file.
2026-09-15 03:25:04,035 [ERROR] LogOutputStream:75 - [STDERR_REDIRECT] 
2026-09-15 03:25:05,018 [ERROR] LogOutputStream:75 - [STDERR_REDIRECT] [Fatal Error] :1:1: Premature end of file.
2026-09-15 03:25:05,018 [ERROR] LogOutputStream:75 - [STDERR_REDIRECT] 
2026-09-15 03:25:06,018 [ERROR] LogOutputStream:75 - [STDERR_REDIRECT] [Fatal Error] :1:1: Premature end of file.
2026-09-15 03:25:06,018 [ERROR] LogOutputStream:75 - [STDERR_REDIRECT] 
2026-09-15 03:25:07,018 [ERROR] LogOutputStream:75 - [STDERR_REDIRECT] [Fatal Error] :1:1: Premature end of file.
2026-09-15 03:25:07,018 [ERROR] LogOutputStream:75 - [STDERR_REDIRECT] 
2026-09-15 03:25:08,028 [ERROR] LogOutputStream:75 - [STDERR_REDIRECT] [Fatal Error] :1:1: Premature end of file.
2026-09-15 03:25:08,028 [ERROR] LogOutputStream:75 - [STDERR_REDIRECT] 
2026-09-15 03:25:09,018 [ERROR] LogOutputStream:75 - [STDERR_REDIRECT] [Fatal Error] :1:1: Premature end of file.
2026-09-15 03:25:09,018 [ERROR] LogOutputStream:75 - [STDERR_REDIRECT] 
2026-09-15 03:25:10,028 [ERROR] LogOutputStream:75 - [STDERR_REDIRECT] [Fatal Error] :1:1: Premature end of file.
2026-09-15 03:25:10,028 [ERROR] LogOutputStream:75 - [STDERR_REDIRECT] 
2026-09-15 03:25:11,028 [ERROR] LogOutputStream:75 - [STDERR_REDIRECT] [Fatal Error] :1:1: Premature end of file.
2026-09-15 03:25:11,028 [ERROR] LogOutputStream:75 - [STDERR_REDIRECT] 
2026-09-15 03:25:12,018 [ERROR] LogOutputStream:75 - [STDERR_REDIRECT] [Fatal Error] :1:1: Premature end of file.
2026-09-15 03:25:12,018 [ERROR] LogOutputStream:75 - [STDERR_REDIRECT] 
2026-09-15 03:25:13,020 [ERROR] LogOutputStream:75 - [STDERR_REDIRECT] [Fatal Error] :1:1: Premature end of file.
2026-09-15 03:25:13,020 [ERROR] LogOutputStream:75 - [STDERR_REDIRECT] 
2026-09-15 03:25:14,028 [ERROR] LogOutputStream:75 - [STDERR_REDIRECT] [Fatal Error] :1:1: Premature end of file.
2026-09-15 03:25:14,028 [ERROR] LogOutputStream:75 - [STDERR_REDIRECT] 
2026-09-15 03:25:15,023 [ERROR] LogOutputStream:75 - [STDERR_REDIRECT] [Fatal Error] :1:1: Premature end of file.
2026-09-15 03:25:15,023 [ERROR] LogOutputStream:75 - [STDERR_REDIRECT] 
2026-09-15 03:25:16,030 [ERROR] LogOutputStream:75 - [STDERR_REDIRECT] [Fatal Error] :1:1: Premature end of file.
2026-09-15 03:25:16,030 [ERROR] LogOutputStream:75 - [STDERR_REDIRECT] 
2026-09-15 03:25:17,032 [ERROR] LogOutputStream:75 - [STDERR_REDIRECT] [Fatal Error] :1:1: Premature end of file.
2026-09-15 03:25:17,032 [ERROR] LogOutputStream:75 - [STDERR_REDIRECT] 
2026-09-15 03:25:18,028 [ERROR] LogOutputStream:75 - [STDERR_REDIRECT] [Fatal Error] :1:1: Premature end of file.
2026-09-15 03:25:18,028 [ERROR] LogOutputStream:75 - [STDERR_REDIRECT] 
2026-09-15 03:25:19,028 [ERROR] LogOutputStream:75 - [STDERR_REDIRECT] [Fatal Error] :1:1: Premature end of file.
2026-09-15 03:25:19,028 [ERROR] LogOutputStream:75 - [STDERR_REDIRECT] 
2026-09-15 03:25:20,019 [ERROR] LogOutputStream:75 - [STDERR_REDIRECT] [Fatal Error] :1:1: Premature end of file.
2026-09-15 03:25:20,019 [ERROR] LogOutputStream:75 - [STDERR_REDIRECT] 
2026-09-15 03:25:21,019 [ERROR] LogOutputStream:75 - [STDERR_REDIRECT] [Fatal Error] :1:1: Premature end of file.
2026-09-15 03:25:21,019 [ERROR] LogOutputStream:75 - [STDERR_REDIRECT] 
2026-09-15 03:25:22,028 [ERROR] LogOutputStream:75 - [STDERR_REDIRECT] [Fatal Error] :1:1: Premature end of file.
2026-09-15 03:25:22,028 [ERROR] LogOutputStream:75 - [STDERR_REDIRECT] 
2026-09-15 03:25:23,028 [ERROR] LogOutputStream:75 - [STDERR_REDIRECT] [Fatal Error] :1:1: Premature end of file.
2026-09-15 03:25:23,028 [ERROR] LogOutputStream:75 - [STDERR_REDIRECT] 
2026-09-15 03:25:24,018 [ERROR] LogOutputStream:75 - [STDERR_REDIRECT] [Fatal Error] :1:1: Premature end of file.
2026-09-15 03:25:24,018 [ERROR] LogOutputStream:75 - [STDERR_REDIRECT] 
2026-09-15 03:25:25,018 [ERROR] LogOutputStream:75 - [STDERR_REDIRECT] [Fatal Error] :1:1: Premature end of file.
2026-09-15 03:25:25,018 [ERROR] LogOutputStream:75 - [STDERR_REDIRECT] 
2026-09-15 03:25:26,024 [ERROR] LogOutputStream:75 - [STDERR_REDIRECT] [Fatal Error] :1:1: Premature end of file.
2026-09-15 03:25:26,024 [ERROR] LogOutputStream:75 - [STDERR_REDIRECT] 
2026-09-15 03:25:27,018 [ERROR] LogOutputStream:75 - [STDERR_REDIRECT] [Fatal Error] :1:1: Premature end of file.
2026-09-15 03:25:27,018 [ERROR] LogOutputStream:75 - [STDERR_REDIRECT] 
2026-09-15 03:25:28,028 [ERROR] LogOutputStream:75 - [STDERR_REDIRECT] [Fatal Error] :1:1: Premature end of file.
2026-09-15 03:25:28,028 [ERROR] LogOutputStream:75 - [STDERR_REDIRECT] 
2026-09-15 03:25:29,028 [ERROR] LogOutputStream:75 - [STDERR_REDIRECT] [Fatal Error] :1:1: Premature end of file.
2026-09-15 03:25:29,028 [ERROR] LogOutputStream:75 - [STDERR_REDIRECT] 
2026-09-15 03:25:30,028 [ERROR] LogOutputStream:75 - [STDERR_REDIRECT] [Fatal Error] :1:1: Premature end of file.
2026-09-15 03:25:30,028 [ERROR] LogOutputStream:75 - [STDERR_REDIRECT] 
2026-09-15 03:25:31,018 [ERROR] LogOutputStream:75 - [STDERR_REDIRECT] [Fatal Error] :1:1: Premature end of file.
2026-09-15 03:25:31,018 [ERROR] LogOutputStream:75 - [STDERR_REDIRECT] 
2026-09-15 03:25:32,028 [ERROR] LogOutputStream:75 - [STDERR_REDIRECT] [Fatal Error] :1:1: Premature end of file.
2026-09-15 03:25:32,028 [ERROR] LogOutputStream:75 - [STDERR_REDIRECT] 
2026-09-15 03:25:33,021 [ERROR] LogOutputStream:75 - [STDERR_REDIRECT] [Fatal Error] :1:1: Premature end of file.
2026-09-15 03:25:33,021 [ERROR] LogOutputStream:75 - [STDERR_REDIRECT] 
2026-09-15 03:25:34,030 [ERROR] LogOutputStream:75 - [STDERR_REDIRECT] [Fatal Error] :1:1: Premature end of file.
2026-09-15 03:25:34,030 [ERROR] LogOutputStream:75 - [STDERR_REDIRECT] 
2026-09-15 03:25:35,024 [ERROR] LogOutputStream:75 - [STDERR_REDIRECT] [Fatal Error] :1:1: Premature end of file.
2026-09-15 03:25:35,024 [ERROR] LogOutputStream:75 - [STDERR_REDIRECT] 
2026-09-15 03:25:36,031 [ERROR] LogOutputStream:75 - [STDERR_REDIRECT] [Fatal Error] :1:1: Premature end of file.
2026-09-15 03:25:36,031 [ERROR] LogOutputStream:75 - [STDERR_REDIRECT] 
2026-09-15 03:25:37,023 [ERROR] LogOutputStream:75 - [STDERR_REDIRECT] [Fatal Error] :1:1: Premature end of file.
2026-09-15 03:25:37,023 [ERROR] LogOutputStream:75 - [STDERR_REDIRECT] 
2026-09-15 03:25:38,021 [ERROR] LogOutputStream:75 - [STDERR_REDIRECT] [Fatal Error] :1:1: Premature end of file.
2026-09-15 03:25:38,021 [ERROR] LogOutputStream:75 - [STDERR_REDIRECT] 
2026-09-15 03:25:39,018 [ERROR] LogOutputStream:75 - [STDERR_REDIRECT] [Fatal Error] :1:1: Premature end of file.
2026-09-15 03:25:39,018 [ERROR] LogOutputStream:75 - [STDERR_REDIRECT] 
2026-09-15 03:25:40,029 [ERROR] LogOutputStream:75 - [STDERR_REDIRECT] [Fatal Error] :1:1: Premature end of file.
2026-09-15 03:25:40,029 [ERROR] LogOutputStream:75 - [STDERR_REDIRECT] 
2026-09-15 03:25:41,035 [ERROR] LogOutputStream:75 - [STDERR_REDIRECT] [Fatal Error] :1:1: Premature end of file.
2026-09-15 03:25:41,035 [ERROR] LogOutputStream:75 - [STDERR_REDIRECT] 
2026-09-15 03:25:42,018 [ERROR] LogOutputStream:75 - [STDERR_REDIRECT] [Fatal Error] :1:1: Premature end of file.
2026-09-15 03:25:42,018 [ERROR] LogOutputStream:75 - [STDERR_REDIRECT] 
2026-09-15 03:25:43,029 [ERROR] LogOutputStream:75 - [STDERR_REDIRECT] [Fatal Error] :1:1: Premature end of file.
2026-09-15 03:25:43,029 [ERROR] LogOutputStream:75 - [STDERR_REDIRECT] 
2026-09-15 03:25:44,029 [ERROR] LogOutputStream:75 - [STDERR_REDIRECT] [Fatal Error] :1:1: Premature end of file.
2026-09-15 03:25:44,029 [ERROR] LogOutputStream:75 - [STDERR_REDIRECT] 
2026-09-15 03:25:45,028 [ERROR] LogOutputStream:75 - [STDERR_REDIRECT] [Fatal Error] :1:1: Premature end of file.
2026-09-15 03:25:45,028 [ERROR] LogOutputStream:75 - [STDERR_REDIRECT] 
2026-09-15 03:25:46,034 [ERROR] LogOutputStream:75 - [STDERR_REDIRECT] [Fatal Error] :1:1: Premature end of file.
2026-09-15 03:25:46,034 [ERROR] LogOutputStream:75 - [STDERR_REDIRECT] 
2026-09-15 03:25:47,021 [ERROR] LogOutputStream:75 - [STDERR_REDIRECT] [Fatal Error] :1:1: Premature end of file.
2026-09-15 03:25:47,021 [ERROR] LogOutputStream:75 - [STDERR_REDIRECT] 
2026-09-15 03:25:48,021 [ERROR] LogOutputStream:75 - [STDERR_REDIRECT] [Fatal Error] :1:1: Premature end of file.
2026-09-15 03:25:48,021 [ERROR] LogOutputStream:75 - [STDERR_REDIRECT] 
2026-09-15 03:25:49,019 [ERROR] LogOutputStream:75 - [STDERR_REDIRECT] [Fatal Error] :1:1: Premature end of file.
2026-09-15 03:25:49,019 [ERROR] LogOutputStream:75 - [STDERR_REDIRECT] 
2026-09-15 03:25:50,029 [ERROR] LogOutputStream:75 - [STDERR_REDIRECT] [Fatal Error] :1:1: Premature end of file.
2026-09-15 03:25:50,029 [ERROR] LogOutputStream:75 - [STDERR_REDIRECT] 
2026-09-15 03:25:51,019 [ERROR] LogOutputStream:75 - [STDERR_REDIRECT] [Fatal Error] :1:1: Premature end of file.
2026-09-15 03:25:51,019 [ERROR] LogOutputStream:75 - [STDERR_REDIRECT] 
2026-09-15 03:25:52,021 [ERROR] LogOutputStream:75 - [STDERR_REDIRECT] [Fatal Error] :1:1: Premature end of file.
2026-09-15 03:25:52,021 [ERROR] LogOutputStream:75 - [STDERR_REDIRECT] 
2026-09-15 03:25:53,027 [ERROR] LogOutputStream:75 - [STDERR_REDIRECT] [Fatal Error] :1:1: Premature end of file.
2026-09-15 03:25:53,029 [ERROR] LogOutputStream:75 - [STDERR_REDIRECT] 
2026-09-15 03:25:54,029 [ERROR] LogOutputStream:75 - [STDERR_REDIRECT] [Fatal Error] :1:1: Premature end of file.
2026-09-15 03:25:54,029 [ERROR] LogOutputStream:75 - [STDERR_REDIRECT] 
2026-09-15 03:25:55,029 [ERROR] LogOutputStream:75 - [STDERR_REDIRECT] [Fatal Error] :1:1: Premature end of file.
2026-09-15 03:25:55,029 [ERROR] LogOutputStream:75 - [STDERR_REDIRECT] 
2026-09-15 03:25:56,019 [ERROR] LogOutputStream:75 - [STDERR_REDIRECT] [Fatal Error] :1:1: Premature end of file.
2026-09-15 03:25:56,019 [ERROR] LogOutputStream:75 - [STDERR_REDIRECT] 
2026-09-15 03:25:57,029 [ERROR] LogOutputStream:75 - [STDERR_REDIRECT] [Fatal Error] :1:1: Premature end of file.
2026-09-15 03:25:57,029 [ERROR] LogOutputStream:75 - [STDERR_REDIRECT] 
2026-09-15 03:25:58,029 [ERROR] LogOutputStream:75 - [STDERR_REDIRECT] [Fatal Error] :1:1: Premature end of file.
2026-09-15 03:25:58,029 [ERROR] LogOutputStream:75 - [STDERR_REDIRECT] 
2026-09-15 03:25:59,019 [ERROR] LogOutputStream:75 - [STDERR_REDIRECT] [Fatal Error] :1:1: Premature end of file.
2026-09-15 03:25:59,019 [ERROR] LogOutputStream:75 - [STDERR_REDIRECT] 
2026-09-15 03:26:00,029 [ERROR] LogOutputStream:75 - [STDERR_REDIRECT] [Fatal Error] :1:1: Premature end of file.
2026-09-15 03:26:00,029 [ERROR] LogOutputStream:75 - [STDERR_REDIRECT] 
2026-09-15 03:26:01,029 [ERROR] LogOutputStream:75 - [STDERR_REDIRECT] [Fatal Error] :1:1: Premature end of file.
2026-09-15 03:26:01,029 [ERROR] LogOutputStream:75 - [STDERR_REDIRECT] 
2026-09-15 03:26:02,032 [ERROR] LogOutputStream:75 - [STDERR_REDIRECT] [Fatal Error] :1:1: Premature end of file.
2026-09-15 03:26:02,032 [ERROR] LogOutputStream:75 - [STDERR_REDIRECT] 
2026-09-15 03:26:03,034 [ERROR] LogOutputStream:75 - [STDERR_REDIRECT] [Fatal Error] :1:1: Premature end of file.
2026-09-15 03:26:03,034 [ERROR] LogOutputStream:75 - [STDERR_REDIRECT] 
2026-09-15 03:26:04,019 [ERROR] LogOutputStream:75 - [STDERR_REDIRECT] [Fatal Error] :1:1: Premature end of file.
2026-09-15 03:26:04,019 [ERROR] LogOutputStream:75 - [STDERR_REDIRECT] 
2026-09-15 03:26:05,030 [ERROR] LogOutputStream:75 - [STDERR_REDIRECT] [Fatal Error] :1:1: Premature end of file.
2026-09-15 03:26:05,030 [ERROR] LogOutputStream:75 - [STDERR_REDIRECT] 
2026-09-15 03:26:06,024 [ERROR] LogOutputStream:75 - [STDERR_REDIRECT] [Fatal Error] :1:1: Premature end of file.
2026-09-15 03:26:06,024 [ERROR] LogOutputStream:75 - [STDERR_REDIRECT] 
2026-09-15 03:26:07,026 [ERROR] LogOutputStream:75 - [STDERR_REDIRECT] [Fatal Error] :1:1: Premature end of file.
2026-09-15 03:26:07,026 [ERROR] LogOutputStream:75 - [STDERR_REDIRECT] 
2026-09-15 03:26:08,024 [ERROR] LogOutputStream:75 - [STDERR_REDIRECT] [Fatal Error] :1:1: Premature end of file.
2026-09-15 03:26:08,025 [ERROR] LogOutputStream:75 - [STDERR_REDIRECT] 
2026-09-15 03:26:09,024 [ERROR] LogOutputStream:75 - [STDERR_REDIRECT] [Fatal Error] :1:1: Premature end of file.
2026-09-15 03:26:09,024 [ERROR] LogOutputStream:75 - [STDERR_REDIRECT] 
2026-09-15 03:26:10,034 [ERROR] LogOutputStream:75 - [STDERR_REDIRECT] [Fatal Error] :1:1: Premature end of file.
2026-09-15 03:26:10,034 [ERROR] LogOutputStream:75 - [STDERR_REDIRECT] 
2026-09-15 03:26:11,027 [ERROR] LogOutputStream:75 - [STDERR_REDIRECT] [Fatal Error] :1:1: Premature end of file.
2026-09-15 03:26:11,027 [ERROR] LogOutputStream:75 - [STDERR_REDIRECT] 
2026-09-15 03:26:12,029 [ERROR] LogOutputStream:75 - [STDERR_REDIRECT] [Fatal Error] :1:1: Premature end of file.
2026-09-15 03:26:12,029 [ERROR] LogOutputStream:75 - [STDERR_REDIRECT] 
2026-09-15 03:26:13,029 [ERROR] LogOutputStream:75 - [STDERR_REDIRECT] [Fatal Error] :1:1: Premature end of file.
2026-09-15 03:26:13,029 [ERROR] LogOutputStream:75 - [STDERR_REDIRECT] 
2026-09-15 03:26:15,575 [ERROR] LogOutputStream:75 - [STDERR_REDIRECT] [Fatal Error] :1:1: Premature end of file.
2026-09-15 03:26:15,575 [ERROR] LogOutputStream:75 - [STDERR_REDIRECT] 
2026-09-15 03:26:15,614 [ERROR] LogOutputStream:75 - [STDERR_REDIRECT] [Fatal Error] :1:1: Premature end of file.
2026-09-15 03:26:15,614 [ERROR] LogOutputStream:75 - [STDERR_REDIRECT] 
2026-09-15 03:26:16,029 [ERROR] LogOutputStream:75 - [STDERR_REDIRECT] [Fatal Error] :1:1: Premature end of file.
2026-09-15 03:26:16,030 [ERROR] LogOutputStream:75 - [STDERR_REDIRECT] 
2026-09-15 03:26:17,029 [ERROR] LogOutputStream:75 - [STDERR_REDIRECT] [Fatal Error] :1:1: Premature end of file.
2026-09-15 03:26:17,029 [ERROR] LogOutputStream:75 - [STDERR_REDIRECT] 
2026-09-15 03:26:18,030 [ERROR] LogOutputStream:75 - [STDERR_REDIRECT] [Fatal Error] :1:1: Premature end of file.
2026-09-15 03:26:18,030 [ERROR] LogOutputStream:75 - [STDERR_REDIRECT] 
2026-09-15 03:26:19,033 [ERROR] LogOutputStream:75 - [STDERR_REDIRECT] [Fatal Error] :1:1: Premature end of file.
2026-09-15 03:26:19,033 [ERROR] LogOutputStream:75 - [STDERR_REDIRECT] 
2026-09-15 03:26:20,030 [ERROR] LogOutputStream:75 - [STDERR_REDIRECT] [Fatal Error] :1:1: Premature end of file.
2026-09-15 03:26:20,031 [ERROR] LogOutputStream:75 - [STDERR_REDIRECT] 
2026-09-15 03:26:21,028 [ERROR] LogOutputStream:75 - [STDERR_REDIRECT] [Fatal Error] :1:1: Premature end of file.
2026-09-15 03:26:21,028 [ERROR] LogOutputStream:75 - [STDERR_REDIRECT] 
2026-09-15 03:26:22,040 [ERROR] LogOutputStream:75 - [STDERR_REDIRECT] [Fatal Error] :1:1: Premature end of file.
2026-09-15 03:26:22,040 [ERROR] LogOutputStream:75 - [STDERR_REDIRECT] 
2026-09-15 03:26:23,030 [ERROR] LogOutputStream:75 - [STDERR_REDIRECT] [Fatal Error] :1:1: Premature end of file.
2026-09-15 03:26:23,030 [ERROR] LogOutputStream:75 - [STDERR_REDIRECT] 
2026-09-15 03:26:24,028 [ERROR] LogOutputStream:75 - [STDERR_REDIRECT] [Fatal Error] :1:1: Premature end of file.
2026-09-15 03:26:24,028 [ERROR] LogOutputStream:75 - [STDERR_REDIRECT] 
2026-09-15 03:26:25,026 [ERROR] LogOutputStream:75 - [STDERR_REDIRECT] [Fatal Error] :1:1: Premature end of file.
2026-09-15 03:26:25,027 [ERROR] LogOutputStream:75 - [STDERR_REDIRECT] 
2026-09-15 03:26:26,031 [ERROR] LogOutputStream:75 - [STDERR_REDIRECT] [Fatal Error] :1:1: Premature end of file.
2026-09-15 03:26:26,031 [ERROR] LogOutputStream:75 - [STDERR_REDIRECT] 
2026-09-15 03:26:27,033 [ERROR] LogOutputStream:75 - [STDERR_REDIRECT] [Fatal Error] :1:1: Premature end of file.
2026-09-15 03:26:27,033 [ERROR] LogOutputStream:75 - [STDERR_REDIRECT] 
2026-09-15 03:26:28,030 [ERROR] LogOutputStream:75 - [STDERR_REDIRECT] [Fatal Error] :1:1: Premature end of file.
2026-09-15 03:26:28,030 [ERROR] LogOutputStream:75 - [STDERR_REDIRECT] 
2026-09-15 03:26:29,029 [ERROR] LogOutputStream:75 - [STDERR_REDIRECT] [Fatal Error] :1:1: Premature end of file.
2026-09-15 03:26:29,029 [ERROR] LogOutputStream:75 - [STDERR_REDIRECT] 
2026-09-15 03:26:30,021 [ERROR] LogOutputStream:75 - [STDERR_REDIRECT] [Fatal Error] :1:1: Premature end of file.
2026-09-15 03:26:30,021 [ERROR] LogOutputStream:75 - [STDERR_REDIRECT] 
2026-09-15 03:26:31,031 [ERROR] LogOutputStream:75 - [STDERR_REDIRECT] [Fatal Error] :1:1: Premature end of file.
2026-09-15 03:26:31,031 [ERROR] LogOutputStream:75 - [STDERR_REDIRECT] 
2026-09-15 03:26:32,031 [ERROR] LogOutputStream:75 - [STDERR_REDIRECT] [Fatal Error] :1:1: Premature end of file.
2026-09-15 03:26:32,031 [ERROR] LogOutputStream:75 - [STDERR_REDIRECT] 
2026-09-15 03:26:33,027 [ERROR] LogOutputStream:75 - [STDERR_REDIRECT] [Fatal Error] :1:1: Premature end of file.
2026-09-15 03:26:33,028 [ERROR] LogOutputStream:75 - [STDERR_REDIRECT] 
2026-09-15 03:26:34,031 [ERROR] LogOutputStream:75 - [STDERR_REDIRECT] [Fatal Error] :1:1: Premature end of file.
2026-09-15 03:26:34,031 [ERROR] LogOutputStream:75 - [STDERR_REDIRECT] 
2026-09-15 03:26:35,033 [ERROR] LogOutputStream:75 - [STDERR_REDIRECT] [Fatal Error] :1:1: Premature end of file.
2026-09-15 03:26:35,033 [ERROR] LogOutputStream:75 - [STDERR_REDIRECT] 
2026-09-15 03:26:36,032 [ERROR] LogOutputStream:75 - [STDERR_REDIRECT] [Fatal Error] :1:1: Premature end of file.
2026-09-15 03:26:36,032 [ERROR] LogOutputStream:75 - [STDERR_REDIRECT] 
2026-09-15 03:26:37,027 [ERROR] LogOutputStream:75 - [STDERR_REDIRECT] [Fatal Error] :1:1: Premature end of file.
2026-09-15 03:26:37,027 [ERROR] LogOutputStream:75 - [STDERR_REDIRECT] 
2026-09-15 03:26:38,028 [ERROR] LogOutputStream:75 - [STDERR_REDIRECT] [Fatal Error] :1:1: Premature end of file.
2026-09-15 03:26:38,028 [ERROR] LogOutputStream:75 - [STDERR_REDIRECT] 
2026-09-15 03:26:39,029 [ERROR] LogOutputStream:75 - [STDERR_REDIRECT] [Fatal Error] :1:1: Premature end of file.
2026-09-15 03:26:39,029 [ERROR] LogOutputStream:75 - [STDERR_REDIRECT] 
2026-09-15 03:26:40,031 [ERROR] LogOutputStream:75 - [STDERR_REDIRECT] [Fatal Error] :1:1: Premature end of file.
2026-09-15 03:26:40,031 [ERROR] LogOutputStream:75 - [STDERR_REDIRECT] 
2026-09-15 03:26:41,028 [ERROR] LogOutputStream:75 - [STDERR_REDIRECT] [Fatal Error] :1:1: Premature end of file.
2026-09-15 03:26:41,028 [ERROR] LogOutputStream:75 - [STDERR_REDIRECT] 
2026-09-15 03:26:42,027 [ERROR] LogOutputStream:75 - [STDERR_REDIRECT] [Fatal Error] :1:1: Premature end of file.
2026-09-15 03:26:42,027 [ERROR] LogOutputStream:75 - [STDERR_REDIRECT] 
2026-09-15 03:26:43,029 [ERROR] LogOutputStream:75 - [STDERR_REDIRECT] [Fatal Error] :1:1: Premature end of file.
2026-09-15 03:26:43,029 [ERROR] LogOutputStream:75 - [STDERR_REDIRECT] 
2026-09-15 03:26:44,032 [ERROR] LogOutputStream:75 - [STDERR_REDIRECT] [Fatal Error] :1:1: Premature end of file.
2026-09-15 03:26:44,032 [ERROR] LogOutputStream:75 - [STDERR_REDIRECT] 
2026-09-15 03:26:45,027 [ERROR] LogOutputStream:75 - [STDERR_REDIRECT] [Fatal Error] :1:1: Premature end of file.
2026-09-15 03:26:45,028 [ERROR] LogOutputStream:75 - [STDERR_REDIRECT] 
2026-09-15 03:26:46,030 [ERROR] LogOutputStream:75 - [STDERR_REDIRECT] [Fatal Error] :1:1: Premature end of file.
2026-09-15 03:26:46,030 [ERROR] LogOutputStream:75 - [STDERR_REDIRECT] 
2026-09-15 03:26:47,039 [ERROR] LogOutputStream:75 - [STDERR_REDIRECT] [Fatal Error] :1:1: Premature end of file.
2026-09-15 03:26:47,040 [ERROR] LogOutputStream:75 - [STDERR_REDIRECT] 
2026-09-15 03:26:48,029 [ERROR] LogOutputStream:75 - [STDERR_REDIRECT] [Fatal Error] :1:1: Premature end of file.
2026-09-15 03:26:48,030 [ERROR] LogOutputStream:75 - [STDERR_REDIRECT] 
2026-09-15 03:26:49,028 [ERROR] LogOutputStream:75 - [STDERR_REDIRECT] [Fatal Error] :1:1: Premature end of file.
2026-09-15 03:26:49,028 [ERROR] LogOutputStream:75 - [STDERR_REDIRECT] 
2026-09-15 03:26:50,039 [ERROR] LogOutputStream:75 - [STDERR_REDIRECT] [Fatal Error] :1:1: Premature end of file.
2026-09-15 03:26:50,039 [ERROR] LogOutputStream:75 - [STDERR_REDIRECT] 
2026-09-15 03:26:51,029 [ERROR] LogOutputStream:75 - [STDERR_REDIRECT] [Fatal Error] :1:1: Premature end of file.
2026-09-15 03:26:51,030 [ERROR] LogOutputStream:75 - [STDERR_REDIRECT] 
2026-09-15 03:26:52,030 [ERROR] LogOutputStream:75 - [STDERR_REDIRECT] [Fatal Error] :1:1: Premature end of file.
2026-09-15 03:26:52,030 [ERROR] LogOutputStream:75 - [STDERR_REDIRECT] 
2026-09-15 03:26:53,032 [ERROR] LogOutputStream:75 - [STDERR_REDIRECT] [Fatal Error] :1:1: Premature end of file.
2026-09-15 03:26:53,032 [ERROR] LogOutputStream:75 - [STDERR_REDIRECT] 
2026-09-15 03:26:54,032 [ERROR] LogOutputStream:75 - [STDERR_REDIRECT] [Fatal Error] :1:1: Premature end of file.
2026-09-15 03:26:54,032 [ERROR] LogOutputStream:75 - [STDERR_REDIRECT] 
2026-09-15 03:26:55,030 [ERROR] LogOutputStream:75 - [STDERR_REDIRECT] [Fatal Error] :1:1: Premature end of file.
2026-09-15 03:26:55,030 [ERROR] LogOutputStream:75 - [STDERR_REDIRECT] 
2026-09-15 03:26:56,030 [ERROR] LogOutputStream:75 - [STDERR_REDIRECT] [Fatal Error] :1:1: Premature end of file.
2026-09-15 03:26:56,030 [ERROR] LogOutputStream:75 - [STDERR_REDIRECT] 
2026-09-15 03:26:57,030 [ERROR] LogOutputStream:75 - [STDERR_REDIRECT] [Fatal Error] :1:1: Premature end of file.
2026-09-15 03:26:57,030 [ERROR] LogOutputStream:75 - [STDERR_REDIRECT] 
2026-09-15 03:26:58,030 [ERROR] LogOutputStream:75 - [STDERR_REDIRECT] [Fatal Error] :1:1: Premature end of file.
2026-09-15 03:26:58,030 [ERROR] LogOutputStream:75 - [STDERR_REDIRECT] 
2026-09-15 03:26:59,024 [ERROR] LogOutputStream:75 - [STDERR_REDIRECT] [Fatal Error] :1:1: Premature end of file.
2026-09-15 03:26:59,024 [ERROR] LogOutputStream:75 - [STDERR_REDIRECT] 
2026-09-15 03:27:00,028 [ERROR] LogOutputStream:75 - [STDERR_REDIRECT] [Fatal Error] :1:1: Premature end of file.
2026-09-15 03:27:00,028 [ERROR] LogOutputStream:75 - [STDERR_REDIRECT] 
2026-09-15 03:27:01,028 [ERROR] LogOutputStream:75 - [STDERR_REDIRECT] [Fatal Error] :1:1: Premature end of file.
2026-09-15 03:27:01,029 [ERROR] LogOutputStream:75 - [STDERR_REDIRECT] 
2026-09-15 03:27:02,029 [ERROR] LogOutputStream:75 - [STDERR_REDIRECT] [Fatal Error] :1:1: Premature end of file.
2026-09-15 03:27:02,029 [ERROR] LogOutputStream:75 - [STDERR_REDIRECT] 
2026-09-15 03:27:03,030 [ERROR] LogOutputStream:75 - [STDERR_REDIRECT] [Fatal Error] :1:1: Premature end of file.
2026-09-15 03:27:03,031 [ERROR] LogOutputStream:75 - [STDERR_REDIRECT] 
2026-09-15 03:27:04,029 [ERROR] LogOutputStream:75 - [STDERR_REDIRECT] [Fatal Error] :1:1: Premature end of file.
2026-09-15 03:27:04,029 [ERROR] LogOutputStream:75 - [STDERR_REDIRECT] 
2026-09-15 03:27:05,038 [ERROR] LogOutputStream:75 - [STDERR_REDIRECT] [Fatal Error] :1:1: Premature end of file.
2026-09-15 03:27:05,038 [ERROR] LogOutputStream:75 - [STDERR_REDIRECT] 
2026-09-15 03:27:06,031 [ERROR] LogOutputStream:75 - [STDERR_REDIRECT] [Fatal Error] :1:1: Premature end of file.
2026-09-15 03:27:06,031 [ERROR] LogOutputStream:75 - [STDERR_REDIRECT] 
2026-09-15 03:27:07,029 [ERROR] LogOutputStream:75 - [STDERR_REDIRECT] [Fatal Error] :1:1: Premature end of file.
2026-09-15 03:27:07,029 [ERROR] LogOutputStream:75 - [STDERR_REDIRECT] 
2026-09-15 03:27:08,029 [ERROR] LogOutputStream:75 - [STDERR_REDIRECT] [Fatal Error] :1:1: Premature end of file.
2026-09-15 03:27:08,029 [ERROR] LogOutputStream:75 - [STDERR_REDIRECT] 
2026-09-15 03:27:09,028 [ERROR] LogOutputStream:75 - [STDERR_REDIRECT] [Fatal Error] :1:1: Premature end of file.
2026-09-15 03:27:09,028 [ERROR] LogOutputStream:75 - [STDERR_REDIRECT] 
2026-09-15 03:27:10,030 [ERROR] LogOutputStream:75 - [STDERR_REDIRECT] [Fatal Error] :1:1: Premature end of file.
2026-09-15 03:27:10,030 [ERROR] LogOutputStream:75 - [STDERR_REDIRECT] 
2026-09-15 03:27:11,029 [ERROR] LogOutputStream:75 - [STDERR_REDIRECT] [Fatal Error] :1:1: Premature end of file.
2026-09-15 03:27:11,029 [ERROR] LogOutputStream:75 - [STDERR_REDIRECT] 
2026-09-15 03:27:12,029 [ERROR] LogOutputStream:75 - [STDERR_REDIRECT] [Fatal Error] :1:1: Premature end of file.
2026-09-15 03:27:12,029 [ERROR] LogOutputStream:75 - [STDERR_REDIRECT] 
2026-09-15 03:27:13,029 [ERROR] LogOutputStream:75 - [STDERR_REDIRECT] [Fatal Error] :1:1: Premature end of file.
2026-09-15 03:27:13,029 [ERROR] LogOutputStream:75 - [STDERR_REDIRECT] 
2026-09-15 03:27:14,029 [ERROR] LogOutputStream:75 - [STDERR_REDIRECT] [Fatal Error] :1:1: Premature end of file.
2026-09-15 03:27:14,029 [ERROR] LogOutputStream:75 - [STDERR_REDIRECT] 
2026-09-15 03:27:15,038 [ERROR] LogOutputStream:75 - [STDERR_REDIRECT] [Fatal Error] :1:1: Premature end of file.
2026-09-15 03:27:15,039 [ERROR] LogOutputStream:75 - [STDERR_REDIRECT] 
2026-09-15 03:27:16,038 [ERROR] LogOutputStream:75 - [STDERR_REDIRECT] [Fatal Error] :1:1: Premature end of file.
2026-09-15 03:27:16,038 [ERROR] LogOutputStream:75 - [STDERR_REDIRECT] 
2026-09-15 03:27:17,030 [ERROR] LogOutputStream:75 - [STDERR_REDIRECT] [Fatal Error] :1:1: Premature end of file.
2026-09-15 03:27:17,030 [ERROR] LogOutputStream:75 - [STDERR_REDIRECT] 
2026-09-15 03:27:18,029 [ERROR] LogOutputStream:75 - [STDERR_REDIRECT] [Fatal Error] :1:1: Premature end of file.
2026-09-15 03:27:18,029 [ERROR] LogOutputStream:75 - [STDERR_REDIRECT] 
2026-09-15 03:27:19,028 [ERROR] LogOutputStream:75 - [STDERR_REDIRECT] [Fatal Error] :1:1: Premature end of file.
2026-09-15 03:27:19,028 [ERROR] LogOutputStream:75 - [STDERR_REDIRECT] 
2026-09-15 03:27:20,029 [ERROR] LogOutputStream:75 - [STDERR_REDIRECT] [Fatal Error] :1:1: Premature end of file.
2026-09-15 03:27:20,029 [ERROR] LogOutputStream:75 - [STDERR_REDIRECT] 
2026-09-15 03:27:21,027 [ERROR] LogOutputStream:75 - [STDERR_REDIRECT] [Fatal Error] :1:1: Premature end of file.
2026-09-15 03:27:21,027 [ERROR] LogOutputStream:75 - [STDERR_REDIRECT] 
2026-09-15 03:27:22,028 [ERROR] LogOutputStream:75 - [STDERR_REDIRECT] [Fatal Error] :1:1: Premature end of file.
2026-09-15 03:27:22,028 [ERROR] LogOutputStream:75 - [STDERR_REDIRECT] 
2026-09-15 03:27:23,028 [ERROR] LogOutputStream:75 - [STDERR_REDIRECT] [Fatal Error] :1:1: Premature end of file.
2026-09-15 03:27:23,028 [ERROR] LogOutputStream:75 - [STDERR_REDIRECT] 
2026-09-15 03:27:24,033 [ERROR] LogOutputStream:75 - [STDERR_REDIRECT] [Fatal Error] :1:1: Premature end of file.
2026-09-15 03:27:24,033 [ERROR] LogOutputStream:75 - [STDERR_REDIRECT] 
2026-09-15 03:27:25,028 [ERROR] LogOutputStream:75 - [STDERR_REDIRECT] [Fatal Error] :1:1: Premature end of file.
2026-09-15 03:27:25,029 [ERROR] LogOutputStream:75 - [STDERR_REDIRECT] 
2026-09-15 03:27:26,028 [ERROR] LogOutputStream:75 - [STDERR_REDIRECT] [Fatal Error] :1:1: Premature end of file.
2026-09-15 03:27:26,028 [ERROR] LogOutputStream:75 - [STDERR_REDIRECT] 
2026-09-15 03:27:27,029 [ERROR] LogOutputStream:75 - [STDERR_REDIRECT] [Fatal Error] :1:1: Premature end of file.
2026-09-15 03:27:27,029 [ERROR] LogOutputStream:75 - [STDERR_REDIRECT] 
2026-09-15 03:27:28,025 [ERROR] LogOutputStream:75 - [STDERR_REDIRECT] [Fatal Error] :1:1: Premature end of file.
2026-09-15 03:27:28,025 [ERROR] LogOutputStream:75 - [STDERR_REDIRECT] 
2026-09-15 03:27:29,031 [ERROR] LogOutputStream:75 - [STDERR_REDIRECT] [Fatal Error] :1:1: Premature end of file.
2026-09-15 03:27:29,031 [ERROR] LogOutputStream:75 - [STDERR_REDIRECT] 
2026-09-15 03:27:30,038 [ERROR] LogOutputStream:75 - [STDERR_REDIRECT] [Fatal Error] :1:1: Premature end of file.
2026-09-15 03:27:30,038 [ERROR] LogOutputStream:75 - [STDERR_REDIRECT] 
2026-09-15 03:27:31,027 [ERROR] LogOutputStream:75 - [STDERR_REDIRECT] [Fatal Error] :1:1: Premature end of file.
2026-09-15 03:27:31,029 [ERROR] LogOutputStream:75 - [STDERR_REDIRECT] 
2026-09-15 03:27:32,032 [ERROR] LogOutputStream:75 - [STDERR_REDIRECT] [Fatal Error] :1:1: Premature end of file.
2026-09-15 03:27:32,032 [ERROR] LogOutputStream:75 - [STDERR_REDIRECT] 
2026-09-15 03:27:33,030 [ERROR] LogOutputStream:75 - [STDERR_REDIRECT] [Fatal Error] :1:1: Premature end of file.
2026-09-15 03:27:33,030 [ERROR] LogOutputStream:75 - [STDERR_REDIRECT] 
2026-09-15 03:27:34,032 [ERROR] LogOutputStream:75 - [STDERR_REDIRECT] [Fatal Error] :1:1: Premature end of file.
2026-09-15 03:27:34,032 [ERROR] LogOutputStream:75 - [STDERR_REDIRECT] 
2026-09-15 03:27:35,034 [ERROR] LogOutputStream:75 - [STDERR_REDIRECT] [Fatal Error] :1:1: Premature end of file.
2026-09-15 03:27:35,034 [ERROR] LogOutputStream:75 - [STDERR_REDIRECT] 
2026-09-15 03:27:36,030 [ERROR] LogOutputStream:75 - [STDERR_REDIRECT] [Fatal Error] :1:1: Premature end of file.
2026-09-15 03:27:36,030 [ERROR] LogOutputStream:75 - [STDERR_REDIRECT] 
2026-09-15 03:27:37,029 [ERROR] LogOutputStream:75 - [STDERR_REDIRECT] [Fatal Error] :1:1: Premature end of file.
2026-09-15 03:27:37,029 [ERROR] LogOutputStream:75 - [STDERR_REDIRECT] 
2026-09-15 03:27:38,031 [ERROR] LogOutputStream:75 - [STDERR_REDIRECT] [Fatal Error] :1:1: Premature end of file.
2026-09-15 03:27:38,031 [ERROR] LogOutputStream:75 - [STDERR_REDIRECT] 
2026-09-15 03:27:39,028 [ERROR] LogOutputStream:75 - [STDERR_REDIRECT] [Fatal Error] :1:1: Premature end of file.
2026-09-15 03:27:39,029 [ERROR] LogOutputStream:75 - [STDERR_REDIRECT] 
2026-09-15 03:27:40,031 [ERROR] LogOutputStream:75 - [STDERR_REDIRECT] [Fatal Error] :1:1: Premature end of file.
2026-09-15 03:27:40,031 [ERROR] LogOutputStream:75 - [STDERR_REDIRECT] 
2026-09-15 03:27:41,024 [ERROR] LogOutputStream:75 - [STDERR_REDIRECT] [Fatal Error] :1:1: Premature end of file.
2026-09-15 03:27:41,024 [ERROR] LogOutputStream:75 - [STDERR_REDIRECT] 
2026-09-15 03:27:42,025 [ERROR] LogOutputStream:75 - [STDERR_REDIRECT] [Fatal Error] :1:1: Premature end of file.
2026-09-15 03:27:42,025 [ERROR] LogOutputStream:75 - [STDERR_REDIRECT] 
2026-09-15 03:27:43,029 [ERROR] LogOutputStream:75 - [STDERR_REDIRECT] [Fatal Error] :1:1: Premature end of file.
2026-09-15 03:27:43,029 [ERROR] LogOutputStream:75 - [STDERR_REDIRECT] 
2026-09-15 03:27:44,027 [ERROR] LogOutputStream:75 - [STDERR_REDIRECT] [Fatal Error] :1:1: Premature end of file.
2026-09-15 03:27:44,027 [ERROR] LogOutputStream:75 - [STDERR_REDIRECT] 
2026-09-15 03:27:45,028 [ERROR] LogOutputStream:75 - [STDERR_REDIRECT] [Fatal Error] :1:1: Premature end of file.
2026-09-15 03:27:45,028 [ERROR] LogOutputStream:75 - [STDERR_REDIRECT] 
2026-09-15 03:27:46,038 [ERROR] LogOutputStream:75 - [STDERR_REDIRECT] [Fatal Error] :1:1: Premature end of file.
2026-09-15 03:27:46,038 [ERROR] LogOutputStream:75 - [STDERR_REDIRECT] 
2026-09-15 03:27:47,029 [ERROR] LogOutputStream:75 - [STDERR_REDIRECT] [Fatal Error] :1:1: Premature end of file.
2026-09-15 03:27:47,029 [ERROR] LogOutputStream:75 - [STDERR_REDIRECT] 
2026-09-15 03:27:48,030 [ERROR] LogOutputStream:75 - [STDERR_REDIRECT] [Fatal Error] :1:1: Premature end of file.
2026-09-15 03:27:48,030 [ERROR] LogOutputStream:75 - [STDERR_REDIRECT] 
2026-09-15 03:27:49,030 [ERROR] LogOutputStream:75 - [STDERR_REDIRECT] [Fatal Error] :1:1: Premature end of file.
2026-09-15 03:27:49,030 [ERROR] LogOutputStream:75 - [STDERR_REDIRECT] 
2026-09-15 03:27:50,029 [ERROR] LogOutputStream:75 - [STDERR_REDIRECT] [Fatal Error] :1:1: Premature end of file.
2026-09-15 03:27:50,029 [ERROR] LogOutputStream:75 - [STDERR_REDIRECT] 
2026-09-15 03:27:51,032 [ERROR] LogOutputStream:75 - [STDERR_REDIRECT] [Fatal Error] :1:1: Premature end of file.
2026-09-15 03:27:51,032 [ERROR] LogOutputStream:75 - [STDERR_REDIRECT] 
2026-09-15 03:27:52,028 [ERROR] LogOutputStream:75 - [STDERR_REDIRECT] [Fatal Error] :1:1: Premature end of file.
2026-09-15 03:27:52,029 [ERROR] LogOutputStream:75 - [STDERR_REDIRECT] 
2026-09-15 03:27:53,027 [ERROR] LogOutputStream:75 - [STDERR_REDIRECT] [Fatal Error] :1:1: Premature end of file.
2026-09-15 03:27:53,028 [ERROR] LogOutputStream:75 - [STDERR_REDIRECT] 
2026-09-15 03:27:54,029 [ERROR] LogOutputStream:75 - [STDERR_REDIRECT] [Fatal Error] :1:1: Premature end of file.
2026-09-15 03:27:54,029 [ERROR] LogOutputStream:75 - [STDERR_REDIRECT] 
2026-09-15 03:27:55,030 [ERROR] LogOutputStream:75 - [STDERR_REDIRECT] [Fatal Error] :1:1: Premature end of file.
2026-09-15 03:27:55,030 [ERROR] LogOutputStream:75 - [STDERR_REDIRECT] 
2026-09-15 03:27:56,029 [ERROR] LogOutputStream:75 - [STDERR_REDIRECT] [Fatal Error] :1:1: Premature end of file.
2026-09-15 03:27:56,029 [ERROR] LogOutputStream:75 - [STDERR_REDIRECT] 
2026-09-15 03:27:57,028 [ERROR] LogOutputStream:75 - [STDERR_REDIRECT] [Fatal Error] :1:1: Premature end of file.
2026-09-15 03:27:57,029 [ERROR] LogOutputStream:75 - [STDERR_REDIRECT] 
2026-09-15 03:27:58,029 [ERROR] LogOutputStream:75 - [STDERR_REDIRECT] [Fatal Error] :1:1: Premature end of file.
2026-09-15 03:27:58,029 [ERROR] LogOutputStream:75 - [STDERR_REDIRECT] 
2026-09-15 03:27:59,028 [ERROR] LogOutputStream:75 - [STDERR_REDIRECT] [Fatal Error] :1:1: Premature end of file.
2026-09-15 03:27:59,029 [ERROR] LogOutputStream:75 - [STDERR_REDIRECT] 
2026-09-15 03:28:00,028 [ERROR] LogOutputStream:75 - [STDERR_REDIRECT] [Fatal Error] :1:1: Premature end of file.
2026-09-15 03:28:00,028 [ERROR] LogOutputStream:75 - [STDERR_REDIRECT] 
2026-09-15 03:28:01,029 [ERROR] LogOutputStream:75 - [STDERR_REDIRECT] [Fatal Error] :1:1: Premature end of file.
2026-09-15 03:28:01,029 [ERROR] LogOutputStream:75 - [STDERR_REDIRECT] 
2026-09-15 03:28:02,029 [ERROR] LogOutputStream:75 - [STDERR_REDIRECT] [Fatal Error] :1:1: Premature end of file.
2026-09-15 03:28:02,029 [ERROR] LogOutputStream:75 - [STDERR_REDIRECT] 
2026-09-15 03:28:03,030 [ERROR] LogOutputStream:75 - [STDERR_REDIRECT] [Fatal Error] :1:1: Premature end of file.
2026-09-15 03:28:03,030 [ERROR] LogOutputStream:75 - [STDERR_REDIRECT] 
2026-09-15 03:28:04,030 [ERROR] LogOutputStream:75 - [STDERR_REDIRECT] [Fatal Error] :1:1: Premature end of file.
2026-09-15 03:28:04,030 [ERROR] LogOutputStream:75 - [STDERR_REDIRECT] 
2026-09-15 03:28:05,031 [ERROR] LogOutputStream:75 - [STDERR_REDIRECT] [Fatal Error] :1:1: Premature end of file.
2026-09-15 03:28:05,031 [ERROR] LogOutputStream:75 - [STDERR_REDIRECT] 
2026-09-15 03:28:06,030 [ERROR] LogOutputStream:75 - [STDERR_REDIRECT] [Fatal Error] :1:1: Premature end of file.
2026-09-15 03:28:06,030 [ERROR] LogOutputStream:75 - [STDERR_REDIRECT] 
2026-09-15 03:28:07,029 [ERROR] LogOutputStream:75 - [STDERR_REDIRECT] [Fatal Error] :1:1: Premature end of file.
2026-09-15 03:28:07,029 [ERROR] LogOutputStream:75 - [STDERR_REDIRECT] 
2026-09-15 03:28:08,030 [ERROR] LogOutputStream:75 - [STDERR_REDIRECT] [Fatal Error] :1:1: Premature end of file.
2026-09-15 03:28:08,030 [ERROR] LogOutputStream:75 - [STDERR_REDIRECT] 
2026-09-15 03:28:09,028 [ERROR] LogOutputStream:75 - [STDERR_REDIRECT] [Fatal Error] :1:1: Premature end of file.
2026-09-15 03:28:09,029 [ERROR] LogOutputStream:75 - [STDERR_REDIRECT] 
2026-09-15 03:28:10,028 [ERROR] LogOutputStream:75 - [STDERR_REDIRECT] [Fatal Error] :1:1: Premature end of file.
2026-09-15 03:28:10,028 [ERROR] LogOutputStream:75 - [STDERR_REDIRECT] 
2026-09-15 03:28:11,041 [ERROR] LogOutputStream:75 - [STDERR_REDIRECT] [Fatal Error] :1:1: Premature end of file.
2026-09-15 03:28:11,041 [ERROR] LogOutputStream:75 - [STDERR_REDIRECT] 
2026-09-15 03:28:12,027 [ERROR] LogOutputStream:75 - [STDERR_REDIRECT] [Fatal Error] :1:1: Premature end of file.
2026-09-15 03:28:12,028 [ERROR] LogOutputStream:75 - [STDERR_REDIRECT] 
2026-09-15 03:28:13,038 [ERROR] LogOutputStream:75 - [STDERR_REDIRECT] [Fatal Error] :1:1: Premature end of file.
2026-09-15 03:28:13,038 [ERROR] LogOutputStream:75 - [STDERR_REDIRECT] 
2026-09-15 03:28:14,027 [ERROR] LogOutputStream:75 - [STDERR_REDIRECT] [Fatal Error] :1:1: Premature end of file.
2026-09-15 03:28:14,028 [ERROR] LogOutputStream:75 - [STDERR_REDIRECT] 
2026-09-15 03:28:15,031 [ERROR] LogOutputStream:75 - [STDERR_REDIRECT] [Fatal Error] :1:1: Premature end of file.
2026-09-15 03:28:15,031 [ERROR] LogOutputStream:75 - [STDERR_REDIRECT] 
2026-09-15 03:28:16,029 [ERROR] LogOutputStream:75 - [STDERR_REDIRECT] [Fatal Error] :1:1: Premature end of file.
2026-09-15 03:28:16,030 [ERROR] LogOutputStream:75 - [STDERR_REDIRECT] 
2026-09-15 03:28:17,030 [ERROR] LogOutputStream:75 - [STDERR_REDIRECT] [Fatal Error] :1:1: Premature end of file.
2026-09-15 03:28:17,030 [ERROR] LogOutputStream:75 - [STDERR_REDIRECT] 
2026-09-15 03:28:18,038 [ERROR] LogOutputStream:75 - [STDERR_REDIRECT] [Fatal Error] :1:1: Premature end of file.
2026-09-15 03:28:18,040 [ERROR] LogOutputStream:75 - [STDERR_REDIRECT] 
2026-09-15 03:28:19,031 [ERROR] LogOutputStream:75 - [STDERR_REDIRECT] [Fatal Error] :1:1: Premature end of file.
2026-09-15 03:28:19,031 [ERROR] LogOutputStream:75 - [STDERR_REDIRECT] 
2026-09-15 03:28:20,032 [ERROR] LogOutputStream:75 - [STDERR_REDIRECT] [Fatal Error] :1:1: Premature end of file.
2026-09-15 03:28:20,032 [ERROR] LogOutputStream:75 - [STDERR_REDIRECT] 
2026-09-15 03:28:21,023 [ERROR] LogOutputStream:75 - [STDERR_REDIRECT] [Fatal Error] :1:1: Premature end of file.
2026-09-15 03:28:21,024 [ERROR] LogOutputStream:75 - [STDERR_REDIRECT] 
2026-09-15 03:28:22,039 [ERROR] LogOutputStream:75 - [STDERR_REDIRECT] [Fatal Error] :1:1: Premature end of file.
2026-09-15 03:28:22,040 [ERROR] LogOutputStream:75 - [STDERR_REDIRECT] 
2026-09-15 03:28:23,031 [ERROR] LogOutputStream:75 - [STDERR_REDIRECT] [Fatal Error] :1:1: Premature end of file.
2026-09-15 03:28:23,031 [ERROR] LogOutputStream:75 - [STDERR_REDIRECT] 
2026-09-15 03:28:24,031 [ERROR] LogOutputStream:75 - [STDERR_REDIRECT] [Fatal Error] :1:1: Premature end of file.
2026-09-15 03:28:24,031 [ERROR] LogOutputStream:75 - [STDERR_REDIRECT] 
2026-09-15 03:28:25,030 [ERROR] LogOutputStream:75 - [STDERR_REDIRECT] [Fatal Error] :1:1: Premature end of file.
2026-09-15 03:28:25,030 [ERROR] LogOutputStream:75 - [STDERR_REDIRECT] 
2026-09-15 03:28:26,031 [ERROR] LogOutputStream:75 - [STDERR_REDIRECT] [Fatal Error] :1:1: Premature end of file.
2026-09-15 03:28:26,031 [ERROR] LogOutputStream:75 - [STDERR_REDIRECT] 
2026-09-15 03:28:27,037 [ERROR] LogOutputStream:75 - [STDERR_REDIRECT] [Fatal Error] :1:1: Premature end of file.
2026-09-15 03:28:27,037 [ERROR] LogOutputStream:75 - [STDERR_REDIRECT] 
2026-09-15 03:28:28,027 [ERROR] LogOutputStream:75 - [STDERR_REDIRECT] [Fatal Error] :1:1: Premature end of file.
2026-09-15 03:28:28,027 [ERROR] LogOutputStream:75 - [STDERR_REDIRECT] 
2026-09-15 03:28:29,032 [ERROR] LogOutputStream:75 - [STDERR_REDIRECT] [Fatal Error] :1:1: Premature end of file.
2026-09-15 03:28:29,032 [ERROR] LogOutputStream:75 - [STDERR_REDIRECT] 
2026-09-15 03:28:30,040 [ERROR] LogOutputStream:75 - [STDERR_REDIRECT] [Fatal Error] :1:1: Premature end of file.
2026-09-15 03:28:30,040 [ERROR] LogOutputStream:75 - [STDERR_REDIRECT] 
2026-09-15 03:28:31,032 [ERROR] LogOutputStream:75 - [STDERR_REDIRECT] [Fatal Error] :1:1: Premature end of file.
2026-09-15 03:28:31,032 [ERROR] LogOutputStream:75 - [STDERR_REDIRECT] 
2026-09-15 03:28:32,029 [ERROR] LogOutputStream:75 - [STDERR_REDIRECT] [Fatal Error] :1:1: Premature end of file.
2026-09-15 03:28:32,030 [ERROR] LogOutputStream:75 - [STDERR_REDIRECT] 
2026-09-15 03:28:33,030 [ERROR] LogOutputStream:75 - [STDERR_REDIRECT] [Fatal Error] :1:1: Premature end of file.
2026-09-15 03:28:33,030 [ERROR] LogOutputStream:75 - [STDERR_REDIRECT] 
2026-09-15 03:28:34,032 [ERROR] LogOutputStream:75 - [STDERR_REDIRECT] [Fatal Error] :1:1: Premature end of file.
2026-09-15 03:28:34,032 [ERROR] LogOutputStream:75 - [STDERR_REDIRECT] 
2026-09-15 03:28:35,030 [ERROR] LogOutputStream:75 - [STDERR_REDIRECT] [Fatal Error] :1:1: Premature end of file.
2026-09-15 03:28:35,030 [ERROR] LogOutputStream:75 - [STDERR_REDIRECT] 
2026-09-15 03:28:36,030 [ERROR] LogOutputStream:75 - [STDERR_REDIRECT] [Fatal Error] :1:1: Premature end of file.
2026-09-15 03:28:36,030 [ERROR] LogOutputStream:75 - [STDERR_REDIRECT] 
2026-09-15 03:28:37,029 [ERROR] LogOutputStream:75 - [STDERR_REDIRECT] [Fatal Error] :1:1: Premature end of file.
2026-09-15 03:28:37,029 [ERROR] LogOutputStream:75 - [STDERR_REDIRECT] 
2026-09-15 03:28:38,030 [ERROR] LogOutputStream:75 - [STDERR_REDIRECT] [Fatal Error] :1:1: Premature end of file.
2026-09-15 03:28:38,031 [ERROR] LogOutputStream:75 - [STDERR_REDIRECT] 
2026-09-15 03:28:39,030 [ERROR] LogOutputStream:75 - [STDERR_REDIRECT] [Fatal Error] :1:1: Premature end of file.
2026-09-15 03:28:39,030 [ERROR] LogOutputStream:75 - [STDERR_REDIRECT] 
2026-09-15 03:28:40,029 [ERROR] LogOutputStream:75 - [STDERR_REDIRECT] [Fatal Error] :1:1: Premature end of file.
2026-09-15 03:28:40,029 [ERROR] LogOutputStream:75 - [STDERR_REDIRECT] 
2026-09-15 03:28:41,029 [ERROR] LogOutputStream:75 - [STDERR_REDIRECT] [Fatal Error] :1:1: Premature end of file.
2026-09-15 03:28:41,029 [ERROR] LogOutputStream:75 - [STDERR_REDIRECT] 
2026-09-15 03:28:42,030 [ERROR] LogOutputStream:75 - [STDERR_REDIRECT] [Fatal Error] :1:1: Premature end of file.
2026-09-15 03:28:42,030 [ERROR] LogOutputStream:75 - [STDERR_REDIRECT] 
2026-09-15 03:28:43,029 [ERROR] LogOutputStream:75 - [STDERR_REDIRECT] [Fatal Error] :1:1: Premature end of file.
2026-09-15 03:28:43,029 [ERROR] LogOutputStream:75 - [STDERR_REDIRECT] 
2026-09-15 03:28:44,029 [ERROR] LogOutputStream:75 - [STDERR_REDIRECT] [Fatal Error] :1:1: Premature end of file.
2026-09-15 03:28:44,029 [ERROR] LogOutputStream:75 - [STDERR_REDIRECT] 
2026-09-15 03:28:45,039 [ERROR] LogOutputStream:75 - [STDERR_REDIRECT] [Fatal Error] :1:1: Premature end of file.
2026-09-15 03:28:45,039 [ERROR] LogOutputStream:75 - [STDERR_REDIRECT] 
2026-09-15 03:28:46,028 [ERROR] LogOutputStream:75 - [STDERR_REDIRECT] [Fatal Error] :1:1: Premature end of file.
2026-09-15 03:28:46,028 [ERROR] LogOutputStream:75 - [STDERR_REDIRECT] 
2026-09-15 03:28:47,030 [ERROR] LogOutputStream:75 - [STDERR_REDIRECT] [Fatal Error] :1:1: Premature end of file.
2026-09-15 03:28:47,030 [ERROR] LogOutputStream:75 - [STDERR_REDIRECT] 
2026-09-15 03:28:48,030 [ERROR] LogOutputStream:75 - [STDERR_REDIRECT] [Fatal Error] :1:1: Premature end of file.
2026-09-15 03:28:48,030 [ERROR] LogOutputStream:75 - [STDERR_REDIRECT] 
2026-09-15 03:28:49,031 [ERROR] LogOutputStream:75 - [STDERR_REDIRECT] [Fatal Error] :1:1: Premature end of file.
2026-09-15 03:28:49,031 [ERROR] LogOutputStream:75 - [STDERR_REDIRECT] 
2026-09-15 03:28:50,029 [ERROR] LogOutputStream:75 - [STDERR_REDIRECT] [Fatal Error] :1:1: Premature end of file.
2026-09-15 03:28:50,030 [ERROR] LogOutputStream:75 - [STDERR_REDIRECT] 
2026-09-15 03:28:51,028 [ERROR] LogOutputStream:75 - [STDERR_REDIRECT] [Fatal Error] :1:1: Premature end of file.
2026-09-15 03:28:51,029 [ERROR] LogOutputStream:75 - [STDERR_REDIRECT] 
2026-09-15 03:28:52,029 [ERROR] LogOutputStream:75 - [STDERR_REDIRECT] [Fatal Error] :1:1: Premature end of file.
2026-09-15 03:28:52,029 [ERROR] LogOutputStream:75 - [STDERR_REDIRECT] 
2026-09-15 03:28:53,028 [ERROR] LogOutputStream:75 - [STDERR_REDIRECT] [Fatal Error] :1:1: Premature end of file.
2026-09-15 03:28:53,029 [ERROR] LogOutputStream:75 - [STDERR_REDIRECT] 
2026-09-15 03:28:54,030 [ERROR] LogOutputStream:75 - [STDERR_REDIRECT] [Fatal Error] :1:1: Premature end of file.
2026-09-15 03:28:54,030 [ERROR] LogOutputStream:75 - [STDERR_REDIRECT] 
2026-09-15 03:28:55,029 [ERROR] LogOutputStream:75 - [STDERR_REDIRECT] [Fatal Error] :1:1: Premature end of file.
2026-09-15 03:28:55,029 [ERROR] LogOutputStream:75 - [STDERR_REDIRECT] 
2026-09-15 03:28:56,029 [ERROR] LogOutputStream:75 - [STDERR_REDIRECT] [Fatal Error] :1:1: Premature end of file.
2026-09-15 03:28:56,030 [ERROR] LogOutputStream:75 - [STDERR_REDIRECT] 
2026-09-15 03:28:57,029 [ERROR] LogOutputStream:75 - [STDERR_REDIRECT] [Fatal Error] :1:1: Premature end of file.
2026-09-15 03:28:57,029 [ERROR] LogOutputStream:75 - [STDERR_REDIRECT] 
2026-09-15 03:28:58,038 [ERROR] LogOutputStream:75 - [STDERR_REDIRECT] [Fatal Error] :1:1: Premature end of file.
2026-09-15 03:28:58,038 [ERROR] LogOutputStream:75 - [STDERR_REDIRECT] 
2026-09-15 03:28:59,032 [ERROR] LogOutputStream:75 - [STDERR_REDIRECT] [Fatal Error] :1:1: Premature end of file.
2026-09-15 03:28:59,032 [ERROR] LogOutputStream:75 - [STDERR_REDIRECT] 
2026-09-15 03:29:00,029 [ERROR] LogOutputStream:75 - [STDERR_REDIRECT] [Fatal Error] :1:1: Premature end of file.
2026-09-15 03:29:00,029 [ERROR] LogOutputStream:75 - [STDERR_REDIRECT] 
2026-09-15 03:29:01,028 [ERROR] LogOutputStream:75 - [STDERR_REDIRECT] [Fatal Error] :1:1: Premature end of file.
2026-09-15 03:29:01,028 [ERROR] LogOutputStream:75 - [STDERR_REDIRECT] 
2026-09-15 03:29:02,027 [ERROR] LogOutputStream:75 - [STDERR_REDIRECT] [Fatal Error] :1:1: Premature end of file.
2026-09-15 03:29:02,027 [ERROR] LogOutputStream:75 - [STDERR_REDIRECT] 
2026-09-15 03:29:03,028 [ERROR] LogOutputStream:75 - [STDERR_REDIRECT] [Fatal Error] :1:1: Premature end of file.
2026-09-15 03:29:03,029 [ERROR] LogOutputStream:75 - [STDERR_REDIRECT] 
2026-09-15 03:29:04,027 [ERROR] LogOutputStream:75 - [STDERR_REDIRECT] [Fatal Error] :1:1: Premature end of file.
2026-09-15 03:29:04,027 [ERROR] LogOutputStream:75 - [STDERR_REDIRECT] 
2026-09-15 03:29:05,029 [ERROR] LogOutputStream:75 - [STDERR_REDIRECT] [Fatal Error] :1:1: Premature end of file.
2026-09-15 03:29:05,029 [ERROR] LogOutputStream:75 - [STDERR_REDIRECT] 
2026-09-15 03:29:06,028 [ERROR] LogOutputStream:75 - [STDERR_REDIRECT] [Fatal Error] :1:1: Premature end of file.
2026-09-15 03:29:06,028 [ERROR] LogOutputStream:75 - [STDERR_REDIRECT] 
2026-09-15 03:29:07,029 [ERROR] LogOutputStream:75 - [STDERR_REDIRECT] [Fatal Error] :1:1: Premature end of file.
2026-09-15 03:29:07,030 [ERROR] LogOutputStream:75 - [STDERR_REDIRECT] 
2026-09-15 03:29:08,027 [ERROR] LogOutputStream:75 - [STDERR_REDIRECT] [Fatal Error] :1:1: Premature end of file.
2026-09-15 03:29:08,028 [ERROR] LogOutputStream:75 - [STDERR_REDIRECT] 
2026-09-15 03:29:09,031 [ERROR] LogOutputStream:75 - [STDERR_REDIRECT] [Fatal Error] :1:1: Premature end of file.
2026-09-15 03:29:09,031 [ERROR] LogOutputStream:75 - [STDERR_REDIRECT] 
2026-09-15 03:29:10,027 [ERROR] LogOutputStream:75 - [STDERR_REDIRECT] [Fatal Error] :1:1: Premature end of file.
2026-09-15 03:29:10,028 [ERROR] LogOutputStream:75 - [STDERR_REDIRECT] 
2026-09-15 03:29:11,028 [ERROR] LogOutputStream:75 - [STDERR_REDIRECT] [Fatal Error] :1:1: Premature end of file.
2026-09-15 03:29:11,028 [ERROR] LogOutputStream:75 - [STDERR_REDIRECT] 
2026-09-15 03:29:12,028 [ERROR] LogOutputStream:75 - [STDERR_REDIRECT] [Fatal Error] :1:1: Premature end of file.
2026-09-15 03:29:12,028 [ERROR] LogOutputStream:75 - [STDERR_REDIRECT] 
2026-09-15 03:29:13,028 [ERROR] LogOutputStream:75 - [STDERR_REDIRECT] [Fatal Error] :1:1: Premature end of file.
2026-09-15 03:29:13,029 [ERROR] LogOutputStream:75 - [STDERR_REDIRECT] 
2026-09-15 03:29:14,045 [ERROR] LogOutputStream:75 - [STDERR_REDIRECT] [Fatal Error] :1:1: Premature end of file.
2026-09-15 03:29:14,045 [ERROR] LogOutputStream:75 - [STDERR_REDIRECT] 
2026-09-15 03:29:15,028 [ERROR] LogOutputStream:75 - [STDERR_REDIRECT] [Fatal Error] :1:1: Premature end of file.
2026-09-15 03:29:15,028 [ERROR] LogOutputStream:75 - [STDERR_REDIRECT] 
2026-09-15 03:29:16,027 [ERROR] LogOutputStream:75 - [STDERR_REDIRECT] [Fatal Error] :1:1: Premature end of file.
2026-09-15 03:29:16,027 [ERROR] LogOutputStream:75 - [STDERR_REDIRECT] 
2026-09-15 03:29:17,028 [ERROR] LogOutputStream:75 - [STDERR_REDIRECT] [Fatal Error] :1:1: Premature end of file.
2026-09-15 03:29:17,028 [ERROR] LogOutputStream:75 - [STDERR_REDIRECT] 
2026-09-15 03:29:18,028 [ERROR] LogOutputStream:75 - [STDERR_REDIRECT] [Fatal Error] :1:1: Premature end of file.
2026-09-15 03:29:18,028 [ERROR] LogOutputStream:75 - [STDERR_REDIRECT] 
2026-09-15 03:29:19,029 [ERROR] LogOutputStream:75 - [STDERR_REDIRECT] [Fatal Error] :1:1: Premature end of file.
2026-09-15 03:29:19,029 [ERROR] LogOutputStream:75 - [STDERR_REDIRECT] 
2026-09-15 03:29:20,029 [ERROR] LogOutputStream:75 - [STDERR_REDIRECT] [Fatal Error] :1:1: Premature end of file.
2026-09-15 03:29:20,030 [ERROR] LogOutputStream:75 - [STDERR_REDIRECT] 
2026-09-15 03:29:21,029 [ERROR] LogOutputStream:75 - [STDERR_REDIRECT] [Fatal Error] :1:1: Premature end of file.
2026-09-15 03:29:21,029 [ERROR] LogOutputStream:75 - [STDERR_REDIRECT] 
2026-09-15 03:29:22,030 [ERROR] LogOutputStream:75 - [STDERR_REDIRECT] [Fatal Error] :1:1: Premature end of file.
2026-09-15 03:29:22,030 [ERROR] LogOutputStream:75 - [STDERR_REDIRECT] 
2026-09-15 03:29:23,030 [ERROR] LogOutputStream:75 - [STDERR_REDIRECT] [Fatal Error] :1:1: Premature end of file.
2026-09-15 03:29:23,030 [ERROR] LogOutputStream:75 - [STDERR_REDIRECT] 
2026-09-15 03:29:24,030 [ERROR] LogOutputStream:75 - [STDERR_REDIRECT] [Fatal Error] :1:1: Premature end of file.
2026-09-15 03:29:24,030 [ERROR] LogOutputStream:75 - [STDERR_REDIRECT] 
2026-09-15 03:29:25,029 [ERROR] LogOutputStream:75 - [STDERR_REDIRECT] [Fatal Error] :1:1: Premature end of file.
2026-09-15 03:29:25,029 [ERROR] LogOutputStream:75 - [STDERR_REDIRECT] 
2026-09-15 03:29:26,028 [ERROR] LogOutputStream:75 - [STDERR_REDIRECT] [Fatal Error] :1:1: Premature end of file.
2026-09-15 03:29:26,029 [ERROR] LogOutputStream:75 - [STDERR_REDIRECT] 
2026-09-15 03:29:27,030 [ERROR] LogOutputStream:75 - [STDERR_REDIRECT] [Fatal Error] :1:1: Premature end of file.
2026-09-15 03:29:27,030 [ERROR] LogOutputStream:75 - [STDERR_REDIRECT] 
2026-09-15 03:29:28,029 [ERROR] LogOutputStream:75 - [STDERR_REDIRECT] [Fatal Error] :1:1: Premature end of file.
2026-09-15 03:29:28,029 [ERROR] LogOutputStream:75 - [STDERR_REDIRECT] 
2026-09-15 03:29:29,029 [ERROR] LogOutputStream:75 - [STDERR_REDIRECT] [Fatal Error] :1:1: Premature end of file.
2026-09-15 03:29:29,029 [ERROR] LogOutputStream:75 - [STDERR_REDIRECT] 
2026-09-15 03:29:30,030 [ERROR] LogOutputStream:75 - [STDERR_REDIRECT] [Fatal Error] :1:1: Premature end of file.
2026-09-15 03:29:30,030 [ERROR] LogOutputStream:75 - [STDERR_REDIRECT] 
2026-09-15 03:29:31,030 [ERROR] LogOutputStream:75 - [STDERR_REDIRECT] [Fatal Error] :1:1: Premature end of file.
2026-09-15 03:29:31,030 [ERROR] LogOutputStream:75 - [STDERR_REDIRECT] 
2026-09-15 03:29:32,030 [ERROR] LogOutputStream:75 - [STDERR_REDIRECT] [Fatal Error] :1:1: Premature end of file.
2026-09-15 03:29:32,030 [ERROR] LogOutputStream:75 - [STDERR_REDIRECT] 
2026-09-15 03:29:33,028 [ERROR] LogOutputStream:75 - [STDERR_REDIRECT] [Fatal Error] :1:1: Premature end of file.
2026-09-15 03:29:33,028 [ERROR] LogOutputStream:75 - [STDERR_REDIRECT] 
2026-09-15 03:29:34,030 [ERROR] LogOutputStream:75 - [STDERR_REDIRECT] [Fatal Error] :1:1: Premature end of file.
2026-09-15 03:29:34,030 [ERROR] LogOutputStream:75 - [STDERR_REDIRECT] 
2026-09-15 03:29:35,040 [ERROR] LogOutputStream:75 - [STDERR_REDIRECT] [Fatal Error] :1:1: Premature end of file.
2026-09-15 03:29:35,040 [ERROR] LogOutputStream:75 - [STDERR_REDIRECT] 
2026-09-15 03:29:36,027 [ERROR] LogOutputStream:75 - [STDERR_REDIRECT] [Fatal Error] :1:1: Premature end of file.
2026-09-15 03:29:36,027 [ERROR] LogOutputStream:75 - [STDERR_REDIRECT] 
2026-09-15 03:29:37,028 [ERROR] LogOutputStream:75 - [STDERR_REDIRECT] [Fatal Error] :1:1: Premature end of file.
2026-09-15 03:29:37,028 [ERROR] LogOutputStream:75 - [STDERR_REDIRECT] 
2026-09-15 03:29:38,034 [ERROR] LogOutputStream:75 - [STDERR_REDIRECT] [Fatal Error] :1:1: Premature end of file.
2026-09-15 03:29:38,034 [ERROR] LogOutputStream:75 - [STDERR_REDIRECT] 
2026-09-15 03:29:39,030 [ERROR] LogOutputStream:75 - [STDERR_REDIRECT] [Fatal Error] :1:1: Premature end of file.
2026-09-15 03:29:39,030 [ERROR] LogOutputStream:75 - [STDERR_REDIRECT] 
2026-09-15 03:29:40,036 [ERROR] LogOutputStream:75 - [STDERR_REDIRECT] [Fatal Error] :1:1: Premature end of file.
2026-09-15 03:29:40,036 [ERROR] LogOutputStream:75 - [STDERR_REDIRECT] 
2026-09-15 03:29:41,029 [ERROR] LogOutputStream:75 - [STDERR_REDIRECT] [Fatal Error] :1:1: Premature end of file.
2026-09-15 03:29:41,029 [ERROR] LogOutputStream:75 - [STDERR_REDIRECT] 
2026-09-15 03:29:42,027 [ERROR] LogOutputStream:75 - [STDERR_REDIRECT] [Fatal Error] :1:1: Premature end of file.
2026-09-15 03:29:42,028 [ERROR] LogOutputStream:75 - [STDERR_REDIRECT] 
2026-09-15 03:29:43,022 [ERROR] LogOutputStream:75 - [STDERR_REDIRECT] [Fatal Error] :1:1: Premature end of file.
2026-09-15 03:29:43,022 [ERROR] LogOutputStream:75 - [STDERR_REDIRECT] 
2026-09-15 03:29:44,025 [ERROR] LogOutputStream:75 - [STDERR_REDIRECT] [Fatal Error] :1:1: Premature end of file.
2026-09-15 03:29:44,026 [ERROR] LogOutputStream:75 - [STDERR_REDIRECT] 
2026-09-15 03:29:45,029 [ERROR] LogOutputStream:75 - [STDERR_REDIRECT] [Fatal Error] :1:1: Premature end of file.
2026-09-15 03:29:45,029 [ERROR] LogOutputStream:75 - [STDERR_REDIRECT] 
2026-09-15 03:29:46,038 [ERROR] LogOutputStream:75 - [STDERR_REDIRECT] [Fatal Error] :1:1: Premature end of file.
2026-09-15 03:29:46,038 [ERROR] LogOutputStream:75 - [STDERR_REDIRECT] 
2026-09-15 03:29:47,028 [ERROR] LogOutputStream:75 - [STDERR_REDIRECT] [Fatal Error] :1:1: Premature end of file.
2026-09-15 03:29:47,028 [ERROR] LogOutputStream:75 - [STDERR_REDIRECT] 
2026-09-15 03:29:48,039 [ERROR] LogOutputStream:75 - [STDERR_REDIRECT] [Fatal Error] :1:1: Premature end of file.
2026-09-15 03:29:48,039 [ERROR] LogOutputStream:75 - [STDERR_REDIRECT] 
2026-09-15 03:29:49,029 [ERROR] LogOutputStream:75 - [STDERR_REDIRECT] [Fatal Error] :1:1: Premature end of file.
2026-09-15 03:29:49,029 [ERROR] LogOutputStream:75 - [STDERR_REDIRECT] 
2026-09-15 03:29:50,030 [ERROR] LogOutputStream:75 - [STDERR_REDIRECT] [Fatal Error] :1:1: Premature end of file.
2026-09-15 03:29:50,030 [ERROR] LogOutputStream:75 - [STDERR_REDIRECT] 
2026-09-15 03:29:51,020 [ERROR] LogOutputStream:75 - [STDERR_REDIRECT] [Fatal Error] :1:1: Premature end of file.
2026-09-15 03:29:51,021 [ERROR] LogOutputStream:75 - [STDERR_REDIRECT] 
2026-09-15 03:29:52,029 [ERROR] LogOutputStream:75 - [STDERR_REDIRECT] [Fatal Error] :1:1: Premature end of file.
2026-09-15 03:29:52,030 [ERROR] LogOutputStream:75 - [STDERR_REDIRECT] 
2026-09-15 03:29:53,030 [ERROR] LogOutputStream:75 - [STDERR_REDIRECT] [Fatal Error] :1:1: Premature end of file.
2026-09-15 03:29:53,030 [ERROR] LogOutputStream:75 - [STDERR_REDIRECT] 
2026-09-15 03:29:54,030 [ERROR] LogOutputStream:75 - [STDERR_REDIRECT] [Fatal Error] :1:1: Premature end of file.
2026-09-15 03:29:54,032 [ERROR] LogOutputStream:75 - [STDERR_REDIRECT] 
2026-09-15 03:29:55,027 [ERROR] LogOutputStream:75 - [STDERR_REDIRECT] [Fatal Error] :1:1: Premature end of file.
2026-09-15 03:29:55,027 [ERROR] LogOutputStream:75 - [STDERR_REDIRECT] 
2026-09-15 03:29:56,028 [ERROR] LogOutputStream:75 - [STDERR_REDIRECT] [Fatal Error] :1:1: Premature end of file.
2026-09-15 03:29:56,028 [ERROR] LogOutputStream:75 - [STDERR_REDIRECT] 
2026-09-15 03:29:57,030 [ERROR] LogOutputStream:75 - [STDERR_REDIRECT] [Fatal Error] :1:1: Premature end of file.
2026-09-15 03:29:57,030 [ERROR] LogOutputStream:75 - [STDERR_REDIRECT] 
2026-09-15 03:29:58,024 [ERROR] LogOutputStream:75 - [STDERR_REDIRECT] [Fatal Error] :1:1: Premature end of file.
2026-09-15 03:29:58,024 [ERROR] LogOutputStream:75 - [STDERR_REDIRECT] 
2026-09-15 03:29:59,028 [ERROR] LogOutputStream:75 - [STDERR_REDIRECT] [Fatal Error] :1:1: Premature end of file.
2026-09-15 03:29:59,028 [ERROR] LogOutputStream:75 - [STDERR_REDIRECT] 
2026-09-15 03:30:00,031 [ERROR] LogOutputStream:75 - [STDERR_REDIRECT] [Fatal Error] :1:1: Premature end of file.
2026-09-15 03:30:00,031 [ERROR] LogOutputStream:75 - [STDERR_REDIRECT] 
2026-09-15 03:30:01,032 [ERROR] LogOutputStream:75 - [STDERR_REDIRECT] [Fatal Error] :1:1: Premature end of file.
2026-09-15 03:30:01,032 [ERROR] LogOutputStream:75 - [STDERR_REDIRECT] 
2026-09-15 03:30:02,020 [ERROR] LogOutputStream:75 - [STDERR_REDIRECT] [Fatal Error] :1:1: Premature end of file.
2026-09-15 03:30:02,020 [ERROR] LogOutputStream:75 - [STDERR_REDIRECT] 
2026-09-15 03:30:03,030 [ERROR] LogOutputStream:75 - [STDERR_REDIRECT] [Fatal Error] :1:1: Premature end of file.
2026-09-15 03:30:03,031 [ERROR] LogOutputStream:75 - [STDERR_REDIRECT] 
2026-09-15 03:30:04,030 [ERROR] LogOutputStream:75 - [STDERR_REDIRECT] [Fatal Error] :1:1: Premature end of file.
2026-09-15 03:30:04,030 [ERROR] LogOutputStream:75 - [STDERR_REDIRECT] 
2026-09-15 03:30:05,032 [ERROR] LogOutputStream:75 - [STDERR_REDIRECT] [Fatal Error] :1:1: Premature end of file.
2026-09-15 03:30:05,032 [ERROR] LogOutputStream:75 - [STDERR_REDIRECT] 
2026-09-15 03:30:06,044 [ERROR] LogOutputStream:75 - [STDERR_REDIRECT] [Fatal Error] :1:1: Premature end of file.
2026-09-15 03:30:06,044 [ERROR] LogOutputStream:75 - [STDERR_REDIRECT] 
2026-09-15 03:30:07,032 [ERROR] LogOutputStream:75 - [STDERR_REDIRECT] [Fatal Error] :1:1: Premature end of file.
2026-09-15 03:30:07,032 [ERROR] LogOutputStream:75 - [STDERR_REDIRECT] 
2026-09-15 03:30:08,040 [ERROR] LogOutputStream:75 - [STDERR_REDIRECT] [Fatal Error] :1:1: Premature end of file.
2026-09-15 03:30:08,040 [ERROR] LogOutputStream:75 - [STDERR_REDIRECT] 
2026-09-15 03:30:09,033 [ERROR] LogOutputStream:75 - [STDERR_REDIRECT] [Fatal Error] :1:1: Premature end of file.
2026-09-15 03:30:09,033 [ERROR] LogOutputStream:75 - [STDERR_REDIRECT] 
2026-09-15 03:30:10,031 [ERROR] LogOutputStream:75 - [STDERR_REDIRECT] [Fatal Error] :1:1: Premature end of file.
2026-09-15 03:30:10,031 [ERROR] LogOutputStream:75 - [STDERR_REDIRECT] 
2026-09-15 03:30:11,025 [ERROR] LogOutputStream:75 - [STDERR_REDIRECT] [Fatal Error] :1:1: Premature end of file.
2026-09-15 03:30:11,025 [ERROR] LogOutputStream:75 - [STDERR_REDIRECT] 
2026-09-15 03:30:12,032 [ERROR] LogOutputStream:75 - [STDERR_REDIRECT] [Fatal Error] :1:1: Premature end of file.
2026-09-15 03:30:12,032 [ERROR] LogOutputStream:75 - [STDERR_REDIRECT] 
2026-09-15 03:30:13,026 [ERROR] LogOutputStream:75 - [STDERR_REDIRECT] [Fatal Error] :1:1: Premature end of file.
2026-09-15 03:30:13,026 [ERROR] LogOutputStream:75 - [STDERR_REDIRECT] 
2026-09-15 03:30:14,031 [ERROR] LogOutputStream:75 - [STDERR_REDIRECT] [Fatal Error] :1:1: Premature end of file.
2026-09-15 03:30:14,032 [ERROR] LogOutputStream:75 - [STDERR_REDIRECT] 
2026-09-15 03:30:15,027 [ERROR] LogOutputStream:75 - [STDERR_REDIRECT] [Fatal Error] :1:1: Premature end of file.
2026-09-15 03:30:15,027 [ERROR] LogOutputStream:75 - [STDERR_REDIRECT] 
2026-09-15 03:30:16,029 [ERROR] LogOutputStream:75 - [STDERR_REDIRECT] [Fatal Error] :1:1: Premature end of file.
2026-09-15 03:30:16,029 [ERROR] LogOutputStream:75 - [STDERR_REDIRECT] 
2026-09-15 03:30:17,037 [ERROR] LogOutputStream:75 - [STDERR_REDIRECT] [Fatal Error] :1:1: Premature end of file.
2026-09-15 03:30:17,037 [ERROR] LogOutputStream:75 - [STDERR_REDIRECT] 
2026-09-15 03:30:18,030 [ERROR] LogOutputStream:75 - [STDERR_REDIRECT] [Fatal Error] :1:1: Premature end of file.
2026-09-15 03:30:18,031 [ERROR] LogOutputStream:75 - [STDERR_REDIRECT] 
2026-09-15 03:30:19,034 [ERROR] LogOutputStream:75 - [STDERR_REDIRECT] [Fatal Error] :1:1: Premature end of file.
2026-09-15 03:30:19,034 [ERROR] LogOutputStream:75 - [STDERR_REDIRECT] 
2026-09-15 03:30:20,032 [ERROR] LogOutputStream:75 - [STDERR_REDIRECT] [Fatal Error] :1:1: Premature end of file.
2026-09-15 03:30:20,032 [ERROR] LogOutputStream:75 - [STDERR_REDIRECT] 
2026-09-15 03:30:21,042 [ERROR] LogOutputStream:75 - [STDERR_REDIRECT] [Fatal Error] :1:1: Premature end of file.
2026-09-15 03:30:21,042 [ERROR] LogOutputStream:75 - [STDERR_REDIRECT] 
2026-09-15 03:30:22,033 [ERROR] LogOutputStream:75 - [STDERR_REDIRECT] [Fatal Error] :1:1: Premature end of file.
2026-09-15 03:30:22,033 [ERROR] LogOutputStream:75 - [STDERR_REDIRECT] 
2026-09-15 03:30:23,035 [ERROR] LogOutputStream:75 - [STDERR_REDIRECT] [Fatal Error] :1:1: Premature end of file.
2026-09-15 03:30:23,035 [ERROR] LogOutputStream:75 - [STDERR_REDIRECT] 
2026-09-15 03:30:24,035 [ERROR] LogOutputStream:75 - [STDERR_REDIRECT] [Fatal Error] :1:1: Premature end of file.
2026-09-15 03:30:24,035 [ERROR] LogOutputStream:75 - [STDERR_REDIRECT] 
2026-09-15 03:30:25,035 [ERROR] LogOutputStream:75 - [STDERR_REDIRECT] [Fatal Error] :1:1: Premature end of file.
2026-09-15 03:30:25,035 [ERROR] LogOutputStream:75 - [STDERR_REDIRECT] 
2026-09-15 03:30:26,034 [ERROR] LogOutputStream:75 - [STDERR_REDIRECT] [Fatal Error] :1:1: Premature end of file.
2026-09-15 03:30:26,034 [ERROR] LogOutputStream:75 - [STDERR_REDIRECT] 
2026-09-15 03:30:27,032 [ERROR] LogOutputStream:75 - [STDERR_REDIRECT] [Fatal Error] :1:1: Premature end of file.
2026-09-15 03:30:27,032 [ERROR] LogOutputStream:75 - [STDERR_REDIRECT] 
2026-09-15 03:30:28,045 [ERROR] LogOutputStream:75 - [STDERR_REDIRECT] [Fatal Error] :1:1: Premature end of file.
2026-09-15 03:30:28,045 [ERROR] LogOutputStream:75 - [STDERR_REDIRECT] 
2026-09-15 03:30:29,034 [ERROR] LogOutputStream:75 - [STDERR_REDIRECT] [Fatal Error] :1:1: Premature end of file.
2026-09-15 03:30:29,034 [ERROR] LogOutputStream:75 - [STDERR_REDIRECT] 
2026-09-15 03:30:30,031 [ERROR] LogOutputStream:75 - [STDERR_REDIRECT] [Fatal Error] :1:1: Premature end of file.
2026-09-15 03:30:30,031 [ERROR] LogOutputStream:75 - [STDERR_REDIRECT] 
2026-09-15 03:30:31,033 [ERROR] LogOutputStream:75 - [STDERR_REDIRECT] [Fatal Error] :1:1: Premature end of file.
2026-09-15 03:30:31,033 [ERROR] LogOutputStream:75 - [STDERR_REDIRECT] 
2026-09-15 03:30:32,034 [ERROR] LogOutputStream:75 - [STDERR_REDIRECT] [Fatal Error] :1:1: Premature end of file.
2026-09-15 03:30:32,034 [ERROR] LogOutputStream:75 - [STDERR_REDIRECT] 
2026-09-15 03:30:33,034 [ERROR] LogOutputStream:75 - [STDERR_REDIRECT] [Fatal Error] :1:1: Premature end of file.
2026-09-15 03:30:33,034 [ERROR] LogOutputStream:75 - [STDERR_REDIRECT] 
2026-09-15 03:30:34,032 [ERROR] LogOutputStream:75 - [STDERR_REDIRECT] [Fatal Error] :1:1: Premature end of file.
2026-09-15 03:30:34,032 [ERROR] LogOutputStream:75 - [STDERR_REDIRECT] 
2026-09-15 03:30:36,320 [ERROR] LogOutputStream:75 - [STDERR_REDIRECT] [Fatal Error] :1:1: Premature end of file.
2026-09-15 03:30:36,320 [ERROR] LogOutputStream:75 - [STDERR_REDIRECT] 
2026-09-15 03:30:36,376 [ERROR] LogOutputStream:75 - [STDERR_REDIRECT] [Fatal Error] :1:1: Premature end of file.
2026-09-15 03:30:36,376 [ERROR] LogOutputStream:75 - [STDERR_REDIRECT] 
2026-09-15 03:30:37,030 [ERROR] LogOutputStream:75 - [STDERR_REDIRECT] [Fatal Error] :1:1: Premature end of file.
2026-09-15 03:30:37,030 [ERROR] LogOutputStream:75 - [STDERR_REDIRECT] 
2026-09-15 03:30:38,028 [ERROR] LogOutputStream:75 - [STDERR_REDIRECT] [Fatal Error] :1:1: Premature end of file.
2026-09-15 03:30:38,029 [ERROR] LogOutputStream:75 - [STDERR_REDIRECT] 
2026-09-15 03:30:39,031 [ERROR] LogOutputStream:75 - [STDERR_REDIRECT] [Fatal Error] :1:1: Premature end of file.
2026-09-15 03:30:39,031 [ERROR] LogOutputStream:75 - [STDERR_REDIRECT] 
2026-09-15 03:30:40,034 [ERROR] LogOutputStream:75 - [STDERR_REDIRECT] [Fatal Error] :1:1: Premature end of file.
2026-09-15 03:30:40,034 [ERROR] LogOutputStream:75 - [STDERR_REDIRECT] 
2026-09-15 03:30:41,035 [ERROR] LogOutputStream:75 - [STDERR_REDIRECT] [Fatal Error] :1:1: Premature end of file.
2026-09-15 03:30:41,035 [ERROR] LogOutputStream:75 - [STDERR_REDIRECT] 
2026-09-15 03:30:42,028 [ERROR] LogOutputStream:75 - [STDERR_REDIRECT] [Fatal Error] :1:1: Premature end of file.
2026-09-15 03:30:42,028 [ERROR] LogOutputStream:75 - [STDERR_REDIRECT] 
2026-09-15 03:30:43,037 [ERROR] LogOutputStream:75 - [STDERR_REDIRECT] [Fatal Error] :1:1: Premature end of file.
2026-09-15 03:30:43,037 [ERROR] LogOutputStream:75 - [STDERR_REDIRECT] 
2026-09-15 03:30:44,040 [ERROR] LogOutputStream:75 - [STDERR_REDIRECT] [Fatal Error] :1:1: Premature end of file.
2026-09-15 03:30:44,041 [ERROR] LogOutputStream:75 - [STDERR_REDIRECT] 
2026-09-15 03:30:45,031 [ERROR] LogOutputStream:75 - [STDERR_REDIRECT] [Fatal Error] :1:1: Premature end of file.
2026-09-15 03:30:45,031 [ERROR] LogOutputStream:75 - [STDERR_REDIRECT] 
2026-09-15 03:30:46,047 [ERROR] LogOutputStream:75 - [STDERR_REDIRECT] [Fatal Error] :1:1: Premature end of file.
2026-09-15 03:30:46,047 [ERROR] LogOutputStream:75 - [STDERR_REDIRECT] 
2026-09-15 03:30:47,029 [ERROR] LogOutputStream:75 - [STDERR_REDIRECT] [Fatal Error] :1:1: Premature end of file.
2026-09-15 03:30:47,029 [ERROR] LogOutputStream:75 - [STDERR_REDIRECT] 
2026-09-15 03:30:48,030 [ERROR] LogOutputStream:75 - [STDERR_REDIRECT] [Fatal Error] :1:1: Premature end of file.
2026-09-15 03:30:48,031 [ERROR] LogOutputStream:75 - [STDERR_REDIRECT] 
2026-09-15 03:30:49,034 [ERROR] LogOutputStream:75 - [STDERR_REDIRECT] [Fatal Error] :1:1: Premature end of file.
2026-09-15 03:30:49,034 [ERROR] LogOutputStream:75 - [STDERR_REDIRECT] 
2026-09-15 03:30:50,029 [ERROR] LogOutputStream:75 - [STDERR_REDIRECT] [Fatal Error] :1:1: Premature end of file.
2026-09-15 03:30:50,029 [ERROR] LogOutputStream:75 - [STDERR_REDIRECT] 
2026-09-15 03:30:51,024 [ERROR] LogOutputStream:75 - [STDERR_REDIRECT] [Fatal Error] :1:1: Premature end of file.
2026-09-15 03:30:51,024 [ERROR] LogOutputStream:75 - [STDERR_REDIRECT] 
2026-09-15 03:30:52,032 [ERROR] LogOutputStream:75 - [STDERR_REDIRECT] [Fatal Error] :1:1: Premature end of file.
2026-09-15 03:30:52,032 [ERROR] LogOutputStream:75 - [STDERR_REDIRECT] 
2026-09-15 03:30:53,034 [ERROR] LogOutputStream:75 - [STDERR_REDIRECT] [Fatal Error] :1:1: Premature end of file.
2026-09-15 03:30:53,034 [ERROR] LogOutputStream:75 - [STDERR_REDIRECT] 
2026-09-15 03:30:54,043 [ERROR] LogOutputStream:75 - [STDERR_REDIRECT] [Fatal Error] :1:1: Premature end of file.
2026-09-15 03:30:54,043 [ERROR] LogOutputStream:75 - [STDERR_REDIRECT] 
2026-09-15 03:30:55,031 [ERROR] LogOutputStream:75 - [STDERR_REDIRECT] [Fatal Error] :1:1: Premature end of file.
2026-09-15 03:30:55,031 [ERROR] LogOutputStream:75 - [STDERR_REDIRECT] 
2026-09-15 03:30:56,026 [ERROR] LogOutputStream:75 - [STDERR_REDIRECT] [Fatal Error] :1:1: Premature end of file.
2026-09-15 03:30:56,026 [ERROR] LogOutputStream:75 - [STDERR_REDIRECT] 
2026-09-15 03:30:57,030 [ERROR] LogOutputStream:75 - [STDERR_REDIRECT] [Fatal Error] :1:1: Premature end of file.
2026-09-15 03:30:57,030 [ERROR] LogOutputStream:75 - [STDERR_REDIRECT] 
2026-09-15 03:30:58,032 [ERROR] LogOutputStream:75 - [STDERR_REDIRECT] [Fatal Error] :1:1: Premature end of file.
2026-09-15 03:30:58,033 [ERROR] LogOutputStream:75 - [STDERR_REDIRECT] 
2026-09-15 03:30:59,032 [ERROR] LogOutputStream:75 - [STDERR_REDIRECT] [Fatal Error] :1:1: Premature end of file.
2026-09-15 03:30:59,032 [ERROR] LogOutputStream:75 - [STDERR_REDIRECT] 
2026-09-15 03:31:00,040 [ERROR] LogOutputStream:75 - [STDERR_REDIRECT] [Fatal Error] :1:1: Premature end of file.
2026-09-15 03:31:00,040 [ERROR] LogOutputStream:75 - [STDERR_REDIRECT] 
2026-09-15 03:31:01,035 [ERROR] LogOutputStream:75 - [STDERR_REDIRECT] [Fatal Error] :1:1: Premature end of file.
2026-09-15 03:31:01,036 [ERROR] LogOutputStream:75 - [STDERR_REDIRECT] 
2026-09-15 03:31:02,026 [ERROR] LogOutputStream:75 - [STDERR_REDIRECT] [Fatal Error] :1:1: Premature end of file.
2026-09-15 03:31:02,026 [ERROR] LogOutputStream:75 - [STDERR_REDIRECT] 
2026-09-15 03:31:03,045 [ERROR] LogOutputStream:75 - [STDERR_REDIRECT] [Fatal Error] :1:1: Premature end of file.
2026-09-15 03:31:03,045 [ERROR] LogOutputStream:75 - [STDERR_REDIRECT] 
2026-09-15 03:31:04,033 [ERROR] LogOutputStream:75 - [STDERR_REDIRECT] [Fatal Error] :1:1: Premature end of file.
2026-09-15 03:31:04,035 [ERROR] LogOutputStream:75 - [STDERR_REDIRECT] 
2026-09-15 03:31:05,017 [ERROR] LogOutputStream:75 - [STDERR_REDIRECT] [Fatal Error] :1:1: Premature end of file.
2026-09-15 03:31:05,017 [ERROR] LogOutputStream:75 - [STDERR_REDIRECT] 
2026-09-15 03:31:06,023 [ERROR] LogOutputStream:75 - [STDERR_REDIRECT] [Fatal Error] :1:1: Premature end of file.
2026-09-15 03:31:06,023 [ERROR] LogOutputStream:75 - [STDERR_REDIRECT] 
2026-09-15 03:31:07,026 [ERROR] LogOutputStream:75 - [STDERR_REDIRECT] [Fatal Error] :1:1: Premature end of file.
2026-09-15 03:31:07,026 [ERROR] LogOutputStream:75 - [STDERR_REDIRECT] 
2026-09-15 03:31:08,013 [ERROR] LogOutputStream:75 - [STDERR_REDIRECT] [Fatal Error] :1:1: Premature end of file.
2026-09-15 03:31:08,013 [ERROR] LogOutputStream:75 - [STDERR_REDIRECT] 
2026-09-15 03:31:09,021 [ERROR] LogOutputStream:75 - [STDERR_REDIRECT] [Fatal Error] :1:1: Premature end of file.
2026-09-15 03:31:09,021 [ERROR] LogOutputStream:75 - [STDERR_REDIRECT] 
2026-09-15 03:31:10,037 [ERROR] LogOutputStream:75 - [STDERR_REDIRECT] [Fatal Error] :1:1: Premature end of file.
2026-09-15 03:31:10,037 [ERROR] LogOutputStream:75 - [STDERR_REDIRECT] 
2026-09-15 03:31:11,036 [ERROR] LogOutputStream:75 - [STDERR_REDIRECT] [Fatal Error] :1:1: Premature end of file.
2026-09-15 03:31:11,036 [ERROR] LogOutputStream:75 - [STDERR_REDIRECT] 
2026-09-15 03:31:12,022 [ERROR] LogOutputStream:75 - [STDERR_REDIRECT] [Fatal Error] :1:1: Premature end of file.
2026-09-15 03:31:12,022 [ERROR] LogOutputStream:75 - [STDERR_REDIRECT] 
2026-09-15 03:31:13,020 [ERROR] LogOutputStream:75 - [STDERR_REDIRECT] [Fatal Error] :1:1: Premature end of file.
2026-09-15 03:31:13,020 [ERROR] LogOutputStream:75 - [STDERR_REDIRECT] 
2026-09-15 03:31:14,018 [ERROR] LogOutputStream:75 - [STDERR_REDIRECT] [Fatal Error] :1:1: Premature end of file.
2026-09-15 03:31:14,018 [ERROR] LogOutputStream:75 - [STDERR_REDIRECT] 
2026-09-15 03:31:15,027 [ERROR] LogOutputStream:75 - [STDERR_REDIRECT] [Fatal Error] :1:1: Premature end of file.
2026-09-15 03:31:15,027 [ERROR] LogOutputStream:75 - [STDERR_REDIRECT] 
2026-09-15 03:31:16,014 [ERROR] LogOutputStream:75 - [STDERR_REDIRECT] [Fatal Error] :1:1: Premature end of file.
2026-09-15 03:31:16,014 [ERROR] LogOutputStream:75 - [STDERR_REDIRECT] 
2026-09-15 03:31:17,040 [ERROR] LogOutputStream:75 - [STDERR_REDIRECT] [Fatal Error] :1:1: Premature end of file.
2026-09-15 03:31:17,040 [ERROR] LogOutputStream:75 - [STDERR_REDIRECT] 
2026-09-15 03:31:18,021 [ERROR] LogOutputStream:75 - [STDERR_REDIRECT] [Fatal Error] :1:1: Premature end of file.
2026-09-15 03:31:18,021 [ERROR] LogOutputStream:75 - [STDERR_REDIRECT] 
2026-09-15 03:31:19,034 [ERROR] LogOutputStream:75 - [STDERR_REDIRECT] [Fatal Error] :1:1: Premature end of file.
2026-09-15 03:31:19,034 [ERROR] LogOutputStream:75 - [STDERR_REDIRECT] 
2026-09-15 03:31:20,020 [ERROR] LogOutputStream:75 - [STDERR_REDIRECT] [Fatal Error] :1:1: Premature end of file.
2026-09-15 03:31:20,020 [ERROR] LogOutputStream:75 - [STDERR_REDIRECT] 
2026-09-15 03:31:21,015 [ERROR] LogOutputStream:75 - [STDERR_REDIRECT] [Fatal Error] :1:1: Premature end of file.
2026-09-15 03:31:21,015 [ERROR] LogOutputStream:75 - [STDERR_REDIRECT] 
2026-09-15 03:31:22,026 [ERROR] LogOutputStream:75 - [STDERR_REDIRECT] [Fatal Error] :1:1: Premature end of file.
2026-09-15 03:31:22,026 [ERROR] LogOutputStream:75 - [STDERR_REDIRECT] 
2026-09-15 03:31:23,024 [ERROR] LogOutputStream:75 - [STDERR_REDIRECT] [Fatal Error] :1:1: Premature end of file.
2026-09-15 03:31:23,024 [ERROR] LogOutputStream:75 - [STDERR_REDIRECT] 
2026-09-15 03:31:24,016 [ERROR] LogOutputStream:75 - [STDERR_REDIRECT] [Fatal Error] :1:1: Premature end of file.
2026-09-15 03:31:24,016 [ERROR] LogOutputStream:75 - [STDERR_REDIRECT] 
2026-09-15 03:31:25,049 [ERROR] LogOutputStream:75 - [STDERR_REDIRECT] [Fatal Error] :1:1: Premature end of file.
2026-09-15 03:31:25,049 [ERROR] LogOutputStream:75 - [STDERR_REDIRECT] 
2026-09-15 03:31:26,043 [ERROR] LogOutputStream:75 - [STDERR_REDIRECT] [Fatal Error] :1:1: Premature end of file.
2026-09-15 03:31:26,043 [ERROR] LogOutputStream:75 - [STDERR_REDIRECT] 
2026-09-15 03:31:27,041 [ERROR] LogOutputStream:75 - [STDERR_REDIRECT] [Fatal Error] :1:1: Premature end of file.
2026-09-15 03:31:27,041 [ERROR] LogOutputStream:75 - [STDERR_REDIRECT] 
2026-09-15 03:31:28,017 [ERROR] LogOutputStream:75 - [STDERR_REDIRECT] [Fatal Error] :1:1: Premature end of file.
2026-09-15 03:31:28,033 [ERROR] LogOutputStream:75 - [STDERR_REDIRECT] 
2026-09-15 03:31:29,037 [ERROR] LogOutputStream:75 - [STDERR_REDIRECT] [Fatal Error] :1:1: Premature end of file.
2026-09-15 03:31:29,037 [ERROR] LogOutputStream:75 - [STDERR_REDIRECT] 
2026-09-15 03:31:30,038 [ERROR] LogOutputStream:75 - [STDERR_REDIRECT] [Fatal Error] :1:1: Premature end of file.
2026-09-15 03:31:30,040 [ERROR] LogOutputStream:75 - [STDERR_REDIRECT] 
2026-09-15 03:31:31,034 [ERROR] LogOutputStream:75 - [STDERR_REDIRECT] [Fatal Error] :1:1: Premature end of file.
2026-09-15 03:31:31,034 [ERROR] LogOutputStream:75 - [STDERR_REDIRECT] 
2026-09-15 03:31:32,034 [ERROR] LogOutputStream:75 - [STDERR_REDIRECT] [Fatal Error] :1:1: Premature end of file.
2026-09-15 03:31:32,034 [ERROR] LogOutputStream:75 - [STDERR_REDIRECT] 
2026-09-15 03:31:33,035 [ERROR] LogOutputStream:75 - [STDERR_REDIRECT] [Fatal Error] :1:1: Premature end of file.
2026-09-15 03:31:33,035 [ERROR] LogOutputStream:75 - [STDERR_REDIRECT] 
2026-09-15 03:31:34,019 [ERROR] LogOutputStream:75 - [STDERR_REDIRECT] [Fatal Error] :1:1: Premature end of file.
2026-09-15 03:31:34,019 [ERROR] LogOutputStream:75 - [STDERR_REDIRECT] 
2026-09-15 03:31:35,016 [ERROR] LogOutputStream:75 - [STDERR_REDIRECT] [Fatal Error] :1:1: Premature end of file.
2026-09-15 03:31:35,016 [ERROR] LogOutputStream:75 - [STDERR_REDIRECT] 
2026-09-15 03:31:36,030 [ERROR] LogOutputStream:75 - [STDERR_REDIRECT] [Fatal Error] :1:1: Premature end of file.
2026-09-15 03:31:36,030 [ERROR] LogOutputStream:75 - [STDERR_REDIRECT] 
2026-09-15 03:31:37,044 [ERROR] LogOutputStream:75 - [STDERR_REDIRECT] [Fatal Error] :1:1: Premature end of file.
2026-09-15 03:31:37,044 [ERROR] LogOutputStream:75 - [STDERR_REDIRECT] 
2026-09-15 03:31:38,055 [ERROR] LogOutputStream:75 - [STDERR_REDIRECT] [Fatal Error] :1:1: Premature end of file.
2026-09-15 03:31:38,055 [ERROR] LogOutputStream:75 - [STDERR_REDIRECT] 
2026-09-15 03:31:39,021 [ERROR] LogOutputStream:75 - [STDERR_REDIRECT] [Fatal Error] :1:1: Premature end of file.
2026-09-15 03:31:39,021 [ERROR] LogOutputStream:75 - [STDERR_REDIRECT] 
2026-09-15 03:31:40,022 [ERROR] LogOutputStream:75 - [STDERR_REDIRECT] [Fatal Error] :1:1: Premature end of file.
2026-09-15 03:31:40,022 [ERROR] LogOutputStream:75 - [STDERR_REDIRECT] 
2026-09-15 03:31:41,023 [ERROR] LogOutputStream:75 - [STDERR_REDIRECT] [Fatal Error] :1:1: Premature end of file.
2026-09-15 03:31:41,023 [ERROR] LogOutputStream:75 - [STDERR_REDIRECT] 
2026-09-15 03:31:42,037 [ERROR] LogOutputStream:75 - [STDERR_REDIRECT] [Fatal Error] :1:1: Premature end of file.
2026-09-15 03:31:42,037 [ERROR] LogOutputStream:75 - [STDERR_REDIRECT] 
2026-09-15 03:31:43,024 [ERROR] LogOutputStream:75 - [STDERR_REDIRECT] [Fatal Error] :1:1: Premature end of file.
2026-09-15 03:31:43,024 [ERROR] LogOutputStream:75 - [STDERR_REDIRECT] 
2026-09-15 03:31:44,033 [ERROR] LogOutputStream:75 - [STDERR_REDIRECT] [Fatal Error] :1:1: Premature end of file.
2026-09-15 03:31:44,033 [ERROR] LogOutputStream:75 - [STDERR_REDIRECT] 
2026-09-15 03:31:45,028 [ERROR] LogOutputStream:75 - [STDERR_REDIRECT] [Fatal Error] :1:1: Premature end of file.
2026-09-15 03:31:45,028 [ERROR] LogOutputStream:75 - [STDERR_REDIRECT] 
2026-09-15 03:31:46,027 [ERROR] LogOutputStream:75 - [STDERR_REDIRECT] [Fatal Error] :1:1: Premature end of file.
2026-09-15 03:31:46,032 [ERROR] LogOutputStream:75 - [STDERR_REDIRECT] 
2026-09-15 03:31:47,028 [ERROR] LogOutputStream:75 - [STDERR_REDIRECT] [Fatal Error] :1:1: Premature end of file.
2026-09-15 03:31:47,028 [ERROR] LogOutputStream:75 - [STDERR_REDIRECT] 
2026-09-15 03:31:48,030 [ERROR] LogOutputStream:75 - [STDERR_REDIRECT] [Fatal Error] :1:1: Premature end of file.
2026-09-15 03:31:48,030 [ERROR] LogOutputStream:75 - [STDERR_REDIRECT] 
2026-09-15 03:31:49,033 [ERROR] LogOutputStream:75 - [STDERR_REDIRECT] [Fatal Error] :1:1: Premature end of file.
2026-09-15 03:31:49,033 [ERROR] LogOutputStream:75 - [STDERR_REDIRECT] 
2026-09-15 03:31:50,032 [ERROR] LogOutputStream:75 - [STDERR_REDIRECT] [Fatal Error] :1:1: Premature end of file.
2026-09-15 03:31:50,032 [ERROR] LogOutputStream:75 - [STDERR_REDIRECT] 
2026-09-15 03:31:51,033 [ERROR] LogOutputStream:75 - [STDERR_REDIRECT] [Fatal Error] :1:1: Premature end of file.
2026-09-15 03:31:51,033 [ERROR] LogOutputStream:75 - [STDERR_REDIRECT] 
2026-09-15 03:31:52,023 [ERROR] LogOutputStream:75 - [STDERR_REDIRECT] [Fatal Error] :1:1: Premature end of file.
2026-09-15 03:31:52,023 [ERROR] LogOutputStream:75 - [STDERR_REDIRECT] 
2026-09-15 03:31:53,028 [ERROR] LogOutputStream:75 - [STDERR_REDIRECT] [Fatal Error] :1:1: Premature end of file.
2026-09-15 03:31:53,028 [ERROR] LogOutputStream:75 - [STDERR_REDIRECT] 
2026-09-15 03:31:54,031 [ERROR] LogOutputStream:75 - [STDERR_REDIRECT] [Fatal Error] :1:1: Premature end of file.
2026-09-15 03:31:54,031 [ERROR] LogOutputStream:75 - [STDERR_REDIRECT] 
2026-09-15 03:31:55,028 [ERROR] LogOutputStream:75 - [STDERR_REDIRECT] [Fatal Error] :1:1: Premature end of file.
2026-09-15 03:31:55,028 [ERROR] LogOutputStream:75 - [STDERR_REDIRECT] 
2026-09-15 03:31:56,038 [ERROR] LogOutputStream:75 - [STDERR_REDIRECT] [Fatal Error] :1:1: Premature end of file.
2026-09-15 03:31:56,038 [ERROR] LogOutputStream:75 - [STDERR_REDIRECT] 
2026-09-15 03:31:57,015 [ERROR] LogOutputStream:75 - [STDERR_REDIRECT] [Fatal Error] :1:1: Premature end of file.
2026-09-15 03:31:57,015 [ERROR] LogOutputStream:75 - [STDERR_REDIRECT] 
2026-09-15 03:31:58,033 [ERROR] LogOutputStream:75 - [STDERR_REDIRECT] [Fatal Error] :1:1: Premature end of file.
2026-09-15 03:31:58,033 [ERROR] LogOutputStream:75 - [STDERR_REDIRECT] 
2026-09-15 03:31:59,024 [ERROR] LogOutputStream:75 - [STDERR_REDIRECT] [Fatal Error] :1:1: Premature end of file.
2026-09-15 03:31:59,024 [ERROR] LogOutputStream:75 - [STDERR_REDIRECT] 
2026-09-15 03:32:00,014 [ERROR] LogOutputStream:75 - [STDERR_REDIRECT] [Fatal Error] :1:1: Premature end of file.
2026-09-15 03:32:00,014 [ERROR] LogOutputStream:75 - [STDERR_REDIRECT] 
2026-09-15 03:32:01,015 [ERROR] LogOutputStream:75 - [STDERR_REDIRECT] [Fatal Error] :1:1: Premature end of file.
2026-09-15 03:32:01,015 [ERROR] LogOutputStream:75 - [STDERR_REDIRECT] 
2026-09-15 03:32:02,017 [ERROR] LogOutputStream:75 - [STDERR_REDIRECT] [Fatal Error] :1:1: Premature end of file.
2026-09-15 03:32:02,017 [ERROR] LogOutputStream:75 - [STDERR_REDIRECT] 
2026-09-15 03:32:03,035 [ERROR] LogOutputStream:75 - [STDERR_REDIRECT] [Fatal Error] :1:1: Premature end of file.
2026-09-15 03:32:03,035 [ERROR] LogOutputStream:75 - [STDERR_REDIRECT] 
2026-09-15 03:32:04,021 [ERROR] LogOutputStream:75 - [STDERR_REDIRECT] [Fatal Error] :1:1: Premature end of file.
2026-09-15 03:32:04,021 [ERROR] LogOutputStream:75 - [STDERR_REDIRECT] 
2026-09-15 03:32:05,028 [ERROR] LogOutputStream:75 - [STDERR_REDIRECT] [Fatal Error] :1:1: Premature end of file.
2026-09-15 03:32:05,028 [ERROR] LogOutputStream:75 - [STDERR_REDIRECT] 
2026-09-15 03:32:06,036 [ERROR] LogOutputStream:75 - [STDERR_REDIRECT] [Fatal Error] :1:1: Premature end of file.
2026-09-15 03:32:06,036 [ERROR] LogOutputStream:75 - [STDERR_REDIRECT] 
2026-09-15 03:32:07,037 [ERROR] LogOutputStream:75 - [STDERR_REDIRECT] [Fatal Error] :1:1: Premature end of file.
2026-09-15 03:32:07,037 [ERROR] LogOutputStream:75 - [STDERR_REDIRECT] 
2026-09-15 03:32:08,030 [ERROR] LogOutputStream:75 - [STDERR_REDIRECT] [Fatal Error] :1:1: Premature end of file.
2026-09-15 03:32:08,030 [ERROR] LogOutputStream:75 - [STDERR_REDIRECT] 
2026-09-15 03:32:09,030 [ERROR] LogOutputStream:75 - [STDERR_REDIRECT] [Fatal Error] :1:1: Premature end of file.
2026-09-15 03:32:09,030 [ERROR] LogOutputStream:75 - [STDERR_REDIRECT] 
2026-09-15 03:32:10,012 [ERROR] LogOutputStream:75 - [STDERR_REDIRECT] [Fatal Error] :1:1: Premature end of file.
2026-09-15 03:32:10,012 [ERROR] LogOutputStream:75 - [STDERR_REDIRECT] 
2026-09-15 03:32:11,035 [ERROR] LogOutputStream:75 - [STDERR_REDIRECT] [Fatal Error] :1:1: Premature end of file.
2026-09-15 03:32:11,035 [ERROR] LogOutputStream:75 - [STDERR_REDIRECT] 
2026-09-15 03:32:12,014 [ERROR] LogOutputStream:75 - [STDERR_REDIRECT] [Fatal Error] :1:1: Premature end of file.
2026-09-15 03:32:12,014 [ERROR] LogOutputStream:75 - [STDERR_REDIRECT] 
2026-09-15 03:32:13,017 [ERROR] LogOutputStream:75 - [STDERR_REDIRECT] [Fatal Error] :1:1: Premature end of file.
2026-09-15 03:32:13,017 [ERROR] LogOutputStream:75 - [STDERR_REDIRECT] 
2026-09-15 03:32:14,022 [ERROR] LogOutputStream:75 - [STDERR_REDIRECT] [Fatal Error] :1:1: Premature end of file.
2026-09-15 03:32:14,022 [ERROR] LogOutputStream:75 - [STDERR_REDIRECT] 
2026-09-15 03:32:15,037 [ERROR] LogOutputStream:75 - [STDERR_REDIRECT] [Fatal Error] :1:1: Premature end of file.
2026-09-15 03:32:15,037 [ERROR] LogOutputStream:75 - [STDERR_REDIRECT] 
2026-09-15 03:32:16,014 [ERROR] LogOutputStream:75 - [STDERR_REDIRECT] [Fatal Error] :1:1: Premature end of file.
2026-09-15 03:32:16,014 [ERROR] LogOutputStream:75 - [STDERR_REDIRECT] 
2026-09-15 03:32:17,032 [ERROR] LogOutputStream:75 - [STDERR_REDIRECT] [Fatal Error] :1:1: Premature end of file.
2026-09-15 03:32:17,034 [ERROR] LogOutputStream:75 - [STDERR_REDIRECT] 
2026-09-15 03:32:18,018 [ERROR] LogOutputStream:75 - [STDERR_REDIRECT] [Fatal Error] :1:1: Premature end of file.
2026-09-15 03:32:18,018 [ERROR] LogOutputStream:75 - [STDERR_REDIRECT] 
2026-09-15 03:32:19,011 [ERROR] LogOutputStream:75 - [STDERR_REDIRECT] [Fatal Error] :1:1: Premature end of file.
2026-09-15 03:32:19,011 [ERROR] LogOutputStream:75 - [STDERR_REDIRECT] 
2026-09-15 03:32:20,019 [ERROR] LogOutputStream:75 - [STDERR_REDIRECT] [Fatal Error] :1:1: Premature end of file.
2026-09-15 03:32:20,019 [ERROR] LogOutputStream:75 - [STDERR_REDIRECT] 
2026-09-15 03:32:21,024 [ERROR] LogOutputStream:75 - [STDERR_REDIRECT] [Fatal Error] :1:1: Premature end of file.
2026-09-15 03:32:21,024 [ERROR] LogOutputStream:75 - [STDERR_REDIRECT] 
2026-09-15 03:32:22,016 [ERROR] LogOutputStream:75 - [STDERR_REDIRECT] [Fatal Error] :1:1: Premature end of file.
2026-09-15 03:32:22,016 [ERROR] LogOutputStream:75 - [STDERR_REDIRECT] 
2026-09-15 03:32:23,022 [ERROR] LogOutputStream:75 - [STDERR_REDIRECT] [Fatal Error] :1:1: Premature end of file.
2026-09-15 03:32:23,022 [ERROR] LogOutputStream:75 - [STDERR_REDIRECT] 
2026-09-15 03:32:24,019 [ERROR] LogOutputStream:75 - [STDERR_REDIRECT] [Fatal Error] :1:1: Premature end of file.
2026-09-15 03:32:24,019 [ERROR] LogOutputStream:75 - [STDERR_REDIRECT] 
2026-09-15 03:32:25,036 [ERROR] LogOutputStream:75 - [STDERR_REDIRECT] [Fatal Error] :1:1: Premature end of file.
2026-09-15 03:32:25,036 [ERROR] LogOutputStream:75 - [STDERR_REDIRECT] 
2026-09-15 03:32:26,028 [ERROR] LogOutputStream:75 - [STDERR_REDIRECT] [Fatal Error] :1:1: Premature end of file.
2026-09-15 03:32:26,028 [ERROR] LogOutputStream:75 - [STDERR_REDIRECT] 
2026-09-15 03:32:27,028 [ERROR] LogOutputStream:75 - [STDERR_REDIRECT] [Fatal Error] :1:1: Premature end of file.
2026-09-15 03:32:27,028 [ERROR] LogOutputStream:75 - [STDERR_REDIRECT] 
2026-09-15 03:32:28,062 [ERROR] LogOutputStream:75 - [STDERR_REDIRECT] [Fatal Error] :1:1: Premature end of file.
2026-09-15 03:32:28,062 [ERROR] LogOutputStream:75 - [STDERR_REDIRECT] 
2026-09-15 03:32:29,012 [ERROR] LogOutputStream:75 - [STDERR_REDIRECT] [Fatal Error] :1:1: Premature end of file.
2026-09-15 03:32:29,012 [ERROR] LogOutputStream:75 - [STDERR_REDIRECT] 
2026-09-15 03:32:30,016 [ERROR] LogOutputStream:75 - [STDERR_REDIRECT] [Fatal Error] :1:1: Premature end of file.
2026-09-15 03:32:30,016 [ERROR] LogOutputStream:75 - [STDERR_REDIRECT] 
2026-09-15 03:32:31,036 [ERROR] LogOutputStream:75 - [STDERR_REDIRECT] [Fatal Error] :1:1: Premature end of file.
2026-09-15 03:32:31,036 [ERROR] LogOutputStream:75 - [STDERR_REDIRECT] 
2026-09-15 03:32:32,021 [ERROR] LogOutputStream:75 - [STDERR_REDIRECT] [Fatal Error] :1:1: Premature end of file.
2026-09-15 03:32:32,021 [ERROR] LogOutputStream:75 - [STDERR_REDIRECT] 
2026-09-15 03:32:33,030 [ERROR] LogOutputStream:75 - [STDERR_REDIRECT] [Fatal Error] :1:1: Premature end of file.
2026-09-15 03:32:33,030 [ERROR] LogOutputStream:75 - [STDERR_REDIRECT] 
2026-09-15 03:32:34,020 [ERROR] LogOutputStream:75 - [STDERR_REDIRECT] [Fatal Error] :1:1: Premature end of file.
2026-09-15 03:32:34,020 [ERROR] LogOutputStream:75 - [STDERR_REDIRECT] 
2026-09-15 03:32:35,037 [ERROR] LogOutputStream:75 - [STDERR_REDIRECT] [Fatal Error] :1:1: Premature end of file.
2026-09-15 03:32:35,037 [ERROR] LogOutputStream:75 - [STDERR_REDIRECT] 
2026-09-15 03:32:36,018 [ERROR] LogOutputStream:75 - [STDERR_REDIRECT] [Fatal Error] :1:1: Premature end of file.
2026-09-15 03:32:36,018 [ERROR] LogOutputStream:75 - [STDERR_REDIRECT] 
2026-09-15 03:32:37,036 [ERROR] LogOutputStream:75 - [STDERR_REDIRECT] [Fatal Error] :1:1: Premature end of file.
2026-09-15 03:32:37,036 [ERROR] LogOutputStream:75 - [STDERR_REDIRECT] 
2026-09-15 03:32:38,016 [ERROR] LogOutputStream:75 - [STDERR_REDIRECT] [Fatal Error] :1:1: Premature end of file.
2026-09-15 03:32:38,016 [ERROR] LogOutputStream:75 - [STDERR_REDIRECT] 
2026-09-15 03:32:39,023 [ERROR] LogOutputStream:75 - [STDERR_REDIRECT] [Fatal Error] :1:1: Premature end of file.
2026-09-15 03:32:39,023 [ERROR] LogOutputStream:75 - [STDERR_REDIRECT] 
2026-09-15 03:32:40,012 [ERROR] LogOutputStream:75 - [STDERR_REDIRECT] [Fatal Error] :1:1: Premature end of file.
2026-09-15 03:32:40,012 [ERROR] LogOutputStream:75 - [STDERR_REDIRECT] 
2026-09-15 03:32:41,022 [ERROR] LogOutputStream:75 - [STDERR_REDIRECT] [Fatal Error] :1:1: Premature end of file.
2026-09-15 03:32:41,022 [ERROR] LogOutputStream:75 - [STDERR_REDIRECT] 
2026-09-15 03:32:42,023 [ERROR] LogOutputStream:75 - [STDERR_REDIRECT] [Fatal Error] :1:1: Premature end of file.
2026-09-15 03:32:42,023 [ERROR] LogOutputStream:75 - [STDERR_REDIRECT] 
2026-09-15 03:32:43,032 [ERROR] LogOutputStream:75 - [STDERR_REDIRECT] [Fatal Error] :1:1: Premature end of file.
2026-09-15 03:32:43,032 [ERROR] LogOutputStream:75 - [STDERR_REDIRECT] 
2026-09-15 03:32:44,026 [ERROR] LogOutputStream:75 - [STDERR_REDIRECT] [Fatal Error] :1:1: Premature end of file.
2026-09-15 03:32:44,026 [ERROR] LogOutputStream:75 - [STDERR_REDIRECT] 
2026-09-15 03:32:45,020 [ERROR] LogOutputStream:75 - [STDERR_REDIRECT] [Fatal Error] :1:1: Premature end of file.
2026-09-15 03:32:45,020 [ERROR] LogOutputStream:75 - [STDERR_REDIRECT] 
2026-09-15 03:32:46,027 [ERROR] LogOutputStream:75 - [STDERR_REDIRECT] [Fatal Error] :1:1: Premature end of file.
2026-09-15 03:32:46,027 [ERROR] LogOutputStream:75 - [STDERR_REDIRECT] 
2026-09-15 03:32:47,036 [ERROR] LogOutputStream:75 - [STDERR_REDIRECT] [Fatal Error] :1:1: Premature end of file.
2026-09-15 03:32:47,036 [ERROR] LogOutputStream:75 - [STDERR_REDIRECT] 
2026-09-15 03:32:48,025 [ERROR] LogOutputStream:75 - [STDERR_REDIRECT] [Fatal Error] :1:1: Premature end of file.
2026-09-15 03:32:48,025 [ERROR] LogOutputStream:75 - [STDERR_REDIRECT] 
2026-09-15 03:32:49,034 [ERROR] LogOutputStream:75 - [STDERR_REDIRECT] [Fatal Error] :1:1: Premature end of file.
2026-09-15 03:32:49,034 [ERROR] LogOutputStream:75 - [STDERR_REDIRECT] 
2026-09-15 03:32:50,040 [ERROR] LogOutputStream:75 - [STDERR_REDIRECT] [Fatal Error] :1:1: Premature end of file.
2026-09-15 03:32:50,040 [ERROR] LogOutputStream:75 - [STDERR_REDIRECT] 
2026-09-15 03:32:51,043 [ERROR] LogOutputStream:75 - [STDERR_REDIRECT] [Fatal Error] :1:1: Premature end of file.
2026-09-15 03:32:51,043 [ERROR] LogOutputStream:75 - [STDERR_REDIRECT] 
2026-09-15 03:32:52,045 [ERROR] LogOutputStream:75 - [STDERR_REDIRECT] [Fatal Error] :1:1: Premature end of file.
2026-09-15 03:32:52,045 [ERROR] LogOutputStream:75 - [STDERR_REDIRECT] 
2026-09-15 03:32:53,026 [ERROR] LogOutputStream:75 - [STDERR_REDIRECT] [Fatal Error] :1:1: Premature end of file.
2026-09-15 03:32:53,026 [ERROR] LogOutputStream:75 - [STDERR_REDIRECT] 
2026-09-15 03:32:54,032 [ERROR] LogOutputStream:75 - [STDERR_REDIRECT] [Fatal Error] :1:1: Premature end of file.
2026-09-15 03:32:54,032 [ERROR] LogOutputStream:75 - [STDERR_REDIRECT] 
2026-09-15 03:32:55,032 [ERROR] LogOutputStream:75 - [STDERR_REDIRECT] [Fatal Error] :1:1: Premature end of file.
2026-09-15 03:32:55,032 [ERROR] LogOutputStream:75 - [STDERR_REDIRECT] 
2026-09-15 03:32:56,040 [ERROR] LogOutputStream:75 - [STDERR_REDIRECT] [Fatal Error] :1:1: Premature end of file.
2026-09-15 03:32:56,040 [ERROR] LogOutputStream:75 - [STDERR_REDIRECT] 
2026-09-15 03:32:57,021 [ERROR] LogOutputStream:75 - [STDERR_REDIRECT] [Fatal Error] :1:1: Premature end of file.
2026-09-15 03:32:57,021 [ERROR] LogOutputStream:75 - [STDERR_REDIRECT] 
2026-09-15 03:32:58,037 [ERROR] LogOutputStream:75 - [STDERR_REDIRECT] [Fatal Error] :1:1: Premature end of file.
2026-09-15 03:32:58,037 [ERROR] LogOutputStream:75 - [STDERR_REDIRECT] 
2026-09-15 03:32:59,018 [ERROR] LogOutputStream:75 - [STDERR_REDIRECT] [Fatal Error] :1:1: Premature end of file.
2026-09-15 03:32:59,018 [ERROR] LogOutputStream:75 - [STDERR_REDIRECT] 
2026-09-15 03:33:00,018 [ERROR] LogOutputStream:75 - [STDERR_REDIRECT] [Fatal Error] :1:1: Premature end of file.
2026-09-15 03:33:00,018 [ERROR] LogOutputStream:75 - [STDERR_REDIRECT] 
2026-09-15 03:33:01,018 [ERROR] LogOutputStream:75 - [STDERR_REDIRECT] [Fatal Error] :1:1: Premature end of file.
2026-09-15 03:33:01,018 [ERROR] LogOutputStream:75 - [STDERR_REDIRECT] 
2026-09-15 03:33:02,026 [ERROR] LogOutputStream:75 - [STDERR_REDIRECT] [Fatal Error] :1:1: Premature end of file.
2026-09-15 03:33:02,026 [ERROR] LogOutputStream:75 - [STDERR_REDIRECT] 
2026-09-15 03:33:03,044 [ERROR] LogOutputStream:75 - [STDERR_REDIRECT] [Fatal Error] :1:1: Premature end of file.
2026-09-15 03:33:03,044 [ERROR] LogOutputStream:75 - [STDERR_REDIRECT] 
2026-09-15 03:33:04,047 [ERROR] LogOutputStream:75 - [STDERR_REDIRECT] [Fatal Error] :1:1: Premature end of file.
2026-09-15 03:33:04,047 [ERROR] LogOutputStream:75 - [STDERR_REDIRECT] 
2026-09-15 03:33:05,034 [ERROR] LogOutputStream:75 - [STDERR_REDIRECT] [Fatal Error] :1:1: Premature end of file.
2026-09-15 03:33:05,034 [ERROR] LogOutputStream:75 - [STDERR_REDIRECT] 
2026-09-15 03:33:06,041 [ERROR] LogOutputStream:75 - [STDERR_REDIRECT] [Fatal Error] :1:1: Premature end of file.
2026-09-15 03:33:06,041 [ERROR] LogOutputStream:75 - [STDERR_REDIRECT] 
2026-09-15 03:33:07,045 [ERROR] LogOutputStream:75 - [STDERR_REDIRECT] [Fatal Error] :1:1: Premature end of file.
2026-09-15 03:33:07,045 [ERROR] LogOutputStream:75 - [STDERR_REDIRECT] 
2026-09-15 03:33:08,034 [ERROR] LogOutputStream:75 - [STDERR_REDIRECT] [Fatal Error] :1:1: Premature end of file.
2026-09-15 03:33:08,034 [ERROR] LogOutputStream:75 - [STDERR_REDIRECT] 
2026-09-15 03:33:09,023 [ERROR] LogOutputStream:75 - [STDERR_REDIRECT] [Fatal Error] :1:1: Premature end of file.
2026-09-15 03:33:09,023 [ERROR] LogOutputStream:75 - [STDERR_REDIRECT] 
2026-09-15 03:33:10,011 [ERROR] LogOutputStream:75 - [STDERR_REDIRECT] [Fatal Error] :1:1: Premature end of file.
2026-09-15 03:33:10,011 [ERROR] LogOutputStream:75 - [STDERR_REDIRECT] 
2026-09-15 03:33:11,018 [ERROR] LogOutputStream:75 - [STDERR_REDIRECT] [Fatal Error] :1:1: Premature end of file.
2026-09-15 03:33:11,018 [ERROR] LogOutputStream:75 - [STDERR_REDIRECT] 
2026-09-15 03:33:12,037 [ERROR] LogOutputStream:75 - [STDERR_REDIRECT] [Fatal Error] :1:1: Premature end of file.
2026-09-15 03:33:12,037 [ERROR] LogOutputStream:75 - [STDERR_REDIRECT] 
2026-09-15 03:33:13,035 [ERROR] LogOutputStream:75 - [STDERR_REDIRECT] [Fatal Error] :1:1: Premature end of file.
2026-09-15 03:33:13,035 [ERROR] LogOutputStream:75 - [STDERR_REDIRECT] 
2026-09-15 03:33:14,025 [ERROR] LogOutputStream:75 - [STDERR_REDIRECT] [Fatal Error] :1:1: Premature end of file.
2026-09-15 03:33:14,025 [ERROR] LogOutputStream:75 - [STDERR_REDIRECT] 
2026-09-15 03:33:15,025 [ERROR] LogOutputStream:75 - [STDERR_REDIRECT] [Fatal Error] :1:1: Premature end of file.
2026-09-15 03:33:15,025 [ERROR] LogOutputStream:75 - [STDERR_REDIRECT] 
2026-09-15 03:33:16,032 [ERROR] LogOutputStream:75 - [STDERR_REDIRECT] [Fatal Error] :1:1: Premature end of file.
2026-09-15 03:33:16,032 [ERROR] LogOutputStream:75 - [STDERR_REDIRECT] 
2026-09-15 03:33:17,035 [ERROR] LogOutputStream:75 - [STDERR_REDIRECT] [Fatal Error] :1:1: Premature end of file.
2026-09-15 03:33:17,035 [ERROR] LogOutputStream:75 - [STDERR_REDIRECT] 
2026-09-15 03:33:18,029 [ERROR] LogOutputStream:75 - [STDERR_REDIRECT] [Fatal Error] :1:1: Premature end of file.
2026-09-15 03:33:18,029 [ERROR] LogOutputStream:75 - [STDERR_REDIRECT] 
2026-09-15 03:33:19,037 [ERROR] LogOutputStream:75 - [STDERR_REDIRECT] [Fatal Error] :1:1: Premature end of file.
2026-09-15 03:33:19,037 [ERROR] LogOutputStream:75 - [STDERR_REDIRECT] 
2026-09-15 03:33:20,010 [ERROR] LogOutputStream:75 - [STDERR_REDIRECT] [Fatal Error] :1:1: Premature end of file.
2026-09-15 03:33:20,010 [ERROR] LogOutputStream:75 - [STDERR_REDIRECT] 
2026-09-15 03:33:21,030 [ERROR] LogOutputStream:75 - [STDERR_REDIRECT] [Fatal Error] :1:1: Premature end of file.
2026-09-15 03:33:21,030 [ERROR] LogOutputStream:75 - [STDERR_REDIRECT] 
2026-09-15 03:33:22,037 [ERROR] LogOutputStream:75 - [STDERR_REDIRECT] [Fatal Error] :1:1: Premature end of file.
2026-09-15 03:33:22,037 [ERROR] LogOutputStream:75 - [STDERR_REDIRECT] 
2026-09-15 03:33:23,026 [ERROR] LogOutputStream:75 - [STDERR_REDIRECT] [Fatal Error] :1:1: Premature end of file.
2026-09-15 03:33:23,026 [ERROR] LogOutputStream:75 - [STDERR_REDIRECT] 
2026-09-15 03:33:24,049 [ERROR] LogOutputStream:75 - [STDERR_REDIRECT] [Fatal Error] :1:1: Premature end of file.
2026-09-15 03:33:24,049 [ERROR] LogOutputStream:75 - [STDERR_REDIRECT] 
2026-09-15 03:33:25,037 [ERROR] LogOutputStream:75 - [STDERR_REDIRECT] [Fatal Error] :1:1: Premature end of file.
2026-09-15 03:33:25,037 [ERROR] LogOutputStream:75 - [STDERR_REDIRECT] 
2026-09-15 03:33:26,052 [ERROR] LogOutputStream:75 - [STDERR_REDIRECT] [Fatal Error] :1:1: Premature end of file.
2026-09-15 03:33:26,052 [ERROR] LogOutputStream:75 - [STDERR_REDIRECT] 
2026-09-15 03:33:27,028 [ERROR] LogOutputStream:75 - [STDERR_REDIRECT] [Fatal Error] :1:1: Premature end of file.
2026-09-15 03:33:27,028 [ERROR] LogOutputStream:75 - [STDERR_REDIRECT] 
2026-09-15 03:33:28,036 [ERROR] LogOutputStream:75 - [STDERR_REDIRECT] [Fatal Error] :1:1: Premature end of file.
2026-09-15 03:33:28,036 [ERROR] LogOutputStream:75 - [STDERR_REDIRECT] 
2026-09-15 03:33:29,064 [ERROR] LogOutputStream:75 - [STDERR_REDIRECT] [Fatal Error] :1:1: Premature end of file.
2026-09-15 03:33:29,064 [ERROR] LogOutputStream:75 - [STDERR_REDIRECT] 
2026-09-15 03:33:30,027 [ERROR] LogOutputStream:75 - [STDERR_REDIRECT] [Fatal Error] :1:1: Premature end of file.
2026-09-15 03:33:30,027 [ERROR] LogOutputStream:75 - [STDERR_REDIRECT] 
2026-09-15 03:33:31,015 [ERROR] LogOutputStream:75 - [STDERR_REDIRECT] [Fatal Error] :1:1: Premature end of file.
2026-09-15 03:33:31,015 [ERROR] LogOutputStream:75 - [STDERR_REDIRECT] 
2026-09-15 03:33:32,039 [ERROR] LogOutputStream:75 - [STDERR_REDIRECT] [Fatal Error] :1:1: Premature end of file.
2026-09-15 03:33:32,039 [ERROR] LogOutputStream:75 - [STDERR_REDIRECT] 
2026-09-15 03:33:33,010 [ERROR] LogOutputStream:75 - [STDERR_REDIRECT] [Fatal Error] :1:1: Premature end of file.
2026-09-15 03:33:33,010 [ERROR] LogOutputStream:75 - [STDERR_REDIRECT] 
2026-09-15 03:33:34,034 [ERROR] LogOutputStream:75 - [STDERR_REDIRECT] [Fatal Error] :1:1: Premature end of file.
2026-09-15 03:33:34,034 [ERROR] LogOutputStream:75 - [STDERR_REDIRECT] 
2026-09-15 03:33:35,010 [ERROR] LogOutputStream:75 - [STDERR_REDIRECT] [Fatal Error] :1:1: Premature end of file.
2026-09-15 03:33:35,010 [ERROR] LogOutputStream:75 - [STDERR_REDIRECT] 
2026-09-15 03:33:36,031 [ERROR] LogOutputStream:75 - [STDERR_REDIRECT] [Fatal Error] :1:1: Premature end of file.
2026-09-15 03:33:36,031 [ERROR] LogOutputStream:75 - [STDERR_REDIRECT] 
2026-09-15 03:33:37,019 [ERROR] LogOutputStream:75 - [STDERR_REDIRECT] [Fatal Error] :1:1: Premature end of file.
2026-09-15 03:33:37,019 [ERROR] LogOutputStream:75 - [STDERR_REDIRECT] 
2026-09-15 03:33:38,033 [ERROR] LogOutputStream:75 - [STDERR_REDIRECT] [Fatal Error] :1:1: Premature end of file.
2026-09-15 03:33:38,033 [ERROR] LogOutputStream:75 - [STDERR_REDIRECT] 
2026-09-15 03:33:39,032 [ERROR] LogOutputStream:75 - [STDERR_REDIRECT] [Fatal Error] :1:1: Premature end of file.
2026-09-15 03:33:39,032 [ERROR] LogOutputStream:75 - [STDERR_REDIRECT] 
2026-09-15 03:33:40,024 [ERROR] LogOutputStream:75 - [STDERR_REDIRECT] [Fatal Error] :1:1: Premature end of file.
2026-09-15 03:33:40,024 [ERROR] LogOutputStream:75 - [STDERR_REDIRECT] 
2026-09-15 03:33:41,016 [ERROR] LogOutputStream:75 - [STDERR_REDIRECT] [Fatal Error] :1:1: Premature end of file.
2026-09-15 03:33:41,016 [ERROR] LogOutputStream:75 - [STDERR_REDIRECT] 
2026-09-15 03:33:42,027 [ERROR] LogOutputStream:75 - [STDERR_REDIRECT] [Fatal Error] :1:1: Premature end of file.
2026-09-15 03:33:42,027 [ERROR] LogOutputStream:75 - [STDERR_REDIRECT] 
2026-09-15 03:33:43,034 [ERROR] LogOutputStream:75 - [STDERR_REDIRECT] [Fatal Error] :1:1: Premature end of file.
2026-09-15 03:33:43,034 [ERROR] LogOutputStream:75 - [STDERR_REDIRECT] 
2026-09-15 03:33:44,038 [ERROR] LogOutputStream:75 - [STDERR_REDIRECT] [Fatal Error] :1:1: Premature end of file.
2026-09-15 03:33:44,038 [ERROR] LogOutputStream:75 - [STDERR_REDIRECT] 
2026-09-15 03:33:45,033 [ERROR] LogOutputStream:75 - [STDERR_REDIRECT] [Fatal Error] :1:1: Premature end of file.
2026-09-15 03:33:45,035 [ERROR] LogOutputStream:75 - [STDERR_REDIRECT] 
2026-09-15 03:33:46,021 [ERROR] LogOutputStream:75 - [STDERR_REDIRECT] [Fatal Error] :1:1: Premature end of file.
2026-09-15 03:33:46,021 [ERROR] LogOutputStream:75 - [STDERR_REDIRECT] 
2026-09-15 03:33:47,036 [ERROR] LogOutputStream:75 - [STDERR_REDIRECT] [Fatal Error] :1:1: Premature end of file.
2026-09-15 03:33:47,036 [ERROR] LogOutputStream:75 - [STDERR_REDIRECT] 
2026-09-15 03:33:48,048 [ERROR] LogOutputStream:75 - [STDERR_REDIRECT] [Fatal Error] :1:1: Premature end of file.
2026-09-15 03:33:48,048 [ERROR] LogOutputStream:75 - [STDERR_REDIRECT] 
2026-09-15 03:33:49,051 [ERROR] LogOutputStream:75 - [STDERR_REDIRECT] [Fatal Error] :1:1: Premature end of file.
2026-09-15 03:33:49,051 [ERROR] LogOutputStream:75 - [STDERR_REDIRECT] 
2026-09-15 03:33:50,031 [ERROR] LogOutputStream:75 - [STDERR_REDIRECT] [Fatal Error] :1:1: Premature end of file.
2026-09-15 03:33:50,031 [ERROR] LogOutputStream:75 - [STDERR_REDIRECT] 
2026-09-15 03:33:51,048 [ERROR] LogOutputStream:75 - [STDERR_REDIRECT] [Fatal Error] :1:1: Premature end of file.
2026-09-15 03:33:51,048 [ERROR] LogOutputStream:75 - [STDERR_REDIRECT] 
2026-09-15 03:33:52,046 [ERROR] LogOutputStream:75 - [STDERR_REDIRECT] [Fatal Error] :1:1: Premature end of file.
2026-09-15 03:33:52,046 [ERROR] LogOutputStream:75 - [STDERR_REDIRECT] 
2026-09-15 03:33:54,990 [ERROR] LogOutputStream:75 - [STDERR_REDIRECT] [Fatal Error] :1:1: Premature end of file.
2026-09-15 03:33:54,990 [ERROR] LogOutputStream:75 - [STDERR_REDIRECT] 
2026-09-15 03:33:55,036 [ERROR] LogOutputStream:75 - [STDERR_REDIRECT] [Fatal Error] :1:1: Premature end of file.
2026-09-15 03:33:55,036 [ERROR] LogOutputStream:75 - [STDERR_REDIRECT] 
2026-09-15 03:33:55,099 [ERROR] LogOutputStream:75 - [STDERR_REDIRECT] [Fatal Error] :1:1: Premature end of file.
2026-09-15 03:33:55,099 [ERROR] LogOutputStream:75 - [STDERR_REDIRECT] 
2026-09-15 03:33:56,578 [ERROR] LogOutputStream:75 - [STDERR_REDIRECT] [Fatal Error] :1:1: Premature end of file.
2026-09-15 03:33:56,587 [ERROR] LogOutputStream:75 - [STDERR_REDIRECT] 
2026-09-15 03:33:57,071 [ERROR] LogOutputStream:75 - [STDERR_REDIRECT] [Fatal Error] :1:1: Premature end of file.
2026-09-15 03:33:57,071 [ERROR] LogOutputStream:75 - [STDERR_REDIRECT] 
2026-09-15 03:33:58,035 [ERROR] LogOutputStream:75 - [STDERR_REDIRECT] [Fatal Error] :1:1: Premature end of file.
2026-09-15 03:33:58,035 [ERROR] LogOutputStream:75 - [STDERR_REDIRECT] 
2026-09-15 03:33:59,046 [ERROR] LogOutputStream:75 - [STDERR_REDIRECT] [Fatal Error] :1:1: Premature end of file.
2026-09-15 03:33:59,046 [ERROR] LogOutputStream:75 - [STDERR_REDIRECT] 
2026-09-15 03:34:00,038 [ERROR] LogOutputStream:75 - [STDERR_REDIRECT] [Fatal Error] :1:1: Premature end of file.
2026-09-15 03:34:00,038 [ERROR] LogOutputStream:75 - [STDERR_REDIRECT] 
2026-09-15 03:34:01,052 [ERROR] LogOutputStream:75 - [STDERR_REDIRECT] [Fatal Error] :1:1: Premature end of file.
2026-09-15 03:34:01,052 [ERROR] LogOutputStream:75 - [STDERR_REDIRECT] 
2026-09-15 03:34:02,054 [ERROR] LogOutputStream:75 - [STDERR_REDIRECT] [Fatal Error] :1:1: Premature end of file.
2026-09-15 03:34:02,055 [ERROR] LogOutputStream:75 - [STDERR_REDIRECT] 
2026-09-15 03:34:03,045 [ERROR] LogOutputStream:75 - [STDERR_REDIRECT] [Fatal Error] :1:1: Premature end of file.
2026-09-15 03:34:03,045 [ERROR] LogOutputStream:75 - [STDERR_REDIRECT] 
2026-09-15 03:34:04,029 [ERROR] LogOutputStream:75 - [STDERR_REDIRECT] [Fatal Error] :1:1: Premature end of file.
2026-09-15 03:34:04,029 [ERROR] LogOutputStream:75 - [STDERR_REDIRECT] 
2026-09-15 03:34:05,028 [ERROR] LogOutputStream:75 - [STDERR_REDIRECT] [Fatal Error] :1:1: Premature end of file.
2026-09-15 03:34:05,028 [ERROR] LogOutputStream:75 - [STDERR_REDIRECT] 
2026-09-15 03:34:06,026 [ERROR] LogOutputStream:75 - [STDERR_REDIRECT] [Fatal Error] :1:1: Premature end of file.
2026-09-15 03:34:06,026 [ERROR] LogOutputStream:75 - [STDERR_REDIRECT] 
2026-09-15 03:34:07,827 [ERROR] LogOutputStream:75 - [STDERR_REDIRECT] [Fatal Error] :1:1: Premature end of file.
2026-09-15 03:34:07,827 [ERROR] LogOutputStream:75 - [STDERR_REDIRECT] 
2026-09-15 03:34:08,026 [ERROR] LogOutputStream:75 - [STDERR_REDIRECT] [Fatal Error] :1:1: Premature end of file.
2026-09-15 03:34:08,026 [ERROR] LogOutputStream:75 - [STDERR_REDIRECT] 
2026-09-15 03:34:09,029 [ERROR] LogOutputStream:75 - [STDERR_REDIRECT] [Fatal Error] :1:1: Premature end of file.
2026-09-15 03:34:09,029 [ERROR] LogOutputStream:75 - [STDERR_REDIRECT] 
2026-09-15 03:34:10,058 [ERROR] LogOutputStream:75 - [STDERR_REDIRECT] [Fatal Error] :1:1: Premature end of file.
2026-09-15 03:34:10,058 [ERROR] LogOutputStream:75 - [STDERR_REDIRECT] 
2026-09-15 03:34:11,030 [ERROR] LogOutputStream:75 - [STDERR_REDIRECT] [Fatal Error] :1:1: Premature end of file.
2026-09-15 03:34:11,030 [ERROR] LogOutputStream:75 - [STDERR_REDIRECT] 
2026-09-15 03:34:12,026 [ERROR] LogOutputStream:75 - [STDERR_REDIRECT] [Fatal Error] :1:1: Premature end of file.
2026-09-15 03:34:12,026 [ERROR] LogOutputStream:75 - [STDERR_REDIRECT] 
2026-09-15 03:34:13,015 [ERROR] LogOutputStream:75 - [STDERR_REDIRECT] [Fatal Error] :1:1: Premature end of file.
2026-09-15 03:34:13,015 [ERROR] LogOutputStream:75 - [STDERR_REDIRECT] 
2026-09-15 03:34:14,019 [ERROR] LogOutputStream:75 - [STDERR_REDIRECT] [Fatal Error] :1:1: Premature end of file.
2026-09-15 03:34:14,019 [ERROR] LogOutputStream:75 - [STDERR_REDIRECT] 
2026-09-15 03:34:15,032 [ERROR] LogOutputStream:75 - [STDERR_REDIRECT] [Fatal Error] :1:1: Premature end of file.
2026-09-15 03:34:15,032 [ERROR] LogOutputStream:75 - [STDERR_REDIRECT] 
2026-09-15 03:34:16,023 [ERROR] LogOutputStream:75 - [STDERR_REDIRECT] [Fatal Error] :1:1: Premature end of file.
2026-09-15 03:34:16,023 [ERROR] LogOutputStream:75 - [STDERR_REDIRECT] 
2026-09-15 03:34:17,012 [ERROR] LogOutputStream:75 - [STDERR_REDIRECT] [Fatal Error] :1:1: Premature end of file.
2026-09-15 03:34:17,012 [ERROR] LogOutputStream:75 - [STDERR_REDIRECT] 
2026-09-15 03:34:18,017 [ERROR] LogOutputStream:75 - [STDERR_REDIRECT] [Fatal Error] :1:1: Premature end of file.
2026-09-15 03:34:18,017 [ERROR] LogOutputStream:75 - [STDERR_REDIRECT] 
2026-09-15 03:34:19,038 [ERROR] LogOutputStream:75 - [STDERR_REDIRECT] [Fatal Error] :1:1: Premature end of file.
2026-09-15 03:34:19,038 [ERROR] LogOutputStream:75 - [STDERR_REDIRECT] 
2026-09-15 03:34:20,031 [ERROR] LogOutputStream:75 - [STDERR_REDIRECT] [Fatal Error] :1:1: Premature end of file.
2026-09-15 03:34:20,031 [ERROR] LogOutputStream:75 - [STDERR_REDIRECT] 
2026-09-15 03:34:21,018 [ERROR] LogOutputStream:75 - [STDERR_REDIRECT] [Fatal Error] :1:1: Premature end of file.
2026-09-15 03:34:21,018 [ERROR] LogOutputStream:75 - [STDERR_REDIRECT] 
2026-09-15 03:34:22,033 [ERROR] LogOutputStream:75 - [STDERR_REDIRECT] [Fatal Error] :1:1: Premature end of file.
2026-09-15 03:34:22,033 [ERROR] LogOutputStream:75 - [STDERR_REDIRECT] 
2026-09-15 03:34:23,033 [ERROR] LogOutputStream:75 - [STDERR_REDIRECT] [Fatal Error] :1:1: Premature end of file.
2026-09-15 03:34:23,033 [ERROR] LogOutputStream:75 - [STDERR_REDIRECT] 
2026-09-15 03:34:24,023 [ERROR] LogOutputStream:75 - [STDERR_REDIRECT] [Fatal Error] :1:1: Premature end of file.
2026-09-15 03:34:24,023 [ERROR] LogOutputStream:75 - [STDERR_REDIRECT] 
2026-09-15 03:34:25,010 [ERROR] LogOutputStream:75 - [STDERR_REDIRECT] [Fatal Error] :1:1: Premature end of file.
2026-09-15 03:34:25,010 [ERROR] LogOutputStream:75 - [STDERR_REDIRECT] 
2026-09-15 03:34:26,013 [ERROR] LogOutputStream:75 - [STDERR_REDIRECT] [Fatal Error] :1:1: Premature end of file.
2026-09-15 03:34:26,013 [ERROR] LogOutputStream:75 - [STDERR_REDIRECT] 
2026-09-15 03:34:27,015 [ERROR] LogOutputStream:75 - [STDERR_REDIRECT] [Fatal Error] :1:1: Premature end of file.
2026-09-15 03:34:27,015 [ERROR] LogOutputStream:75 - [STDERR_REDIRECT] 
2026-09-15 03:34:28,019 [ERROR] LogOutputStream:75 - [STDERR_REDIRECT] [Fatal Error] :1:1: Premature end of file.
2026-09-15 03:34:28,019 [ERROR] LogOutputStream:75 - [STDERR_REDIRECT] 
2026-09-15 03:34:29,029 [ERROR] LogOutputStream:75 - [STDERR_REDIRECT] [Fatal Error] :1:1: Premature end of file.
2026-09-15 03:34:29,029 [ERROR] LogOutputStream:75 - [STDERR_REDIRECT] 
2026-09-15 03:34:30,022 [ERROR] LogOutputStream:75 - [STDERR_REDIRECT] [Fatal Error] :1:1: Premature end of file.
2026-09-15 03:34:30,022 [ERROR] LogOutputStream:75 - [STDERR_REDIRECT] 
2026-09-15 03:34:31,024 [ERROR] LogOutputStream:75 - [STDERR_REDIRECT] [Fatal Error] :1:1: Premature end of file.
2026-09-15 03:34:31,024 [ERROR] LogOutputStream:75 - [STDERR_REDIRECT] 
2026-09-15 03:34:32,012 [ERROR] LogOutputStream:75 - [STDERR_REDIRECT] [Fatal Error] :1:1: Premature end of file.
2026-09-15 03:34:32,012 [ERROR] LogOutputStream:75 - [STDERR_REDIRECT] 
2026-09-15 03:34:33,018 [ERROR] LogOutputStream:75 - [STDERR_REDIRECT] [Fatal Error] :1:1: Premature end of file.
2026-09-15 03:34:33,018 [ERROR] LogOutputStream:75 - [STDERR_REDIRECT] 
2026-09-15 03:34:34,020 [ERROR] LogOutputStream:75 - [STDERR_REDIRECT] [Fatal Error] :1:1: Premature end of file.
2026-09-15 03:34:34,020 [ERROR] LogOutputStream:75 - [STDERR_REDIRECT] 
2026-09-15 03:34:35,021 [ERROR] LogOutputStream:75 - [STDERR_REDIRECT] [Fatal Error] :1:1: Premature end of file.
2026-09-15 03:34:35,021 [ERROR] LogOutputStream:75 - [STDERR_REDIRECT] 
2026-09-15 03:34:36,011 [ERROR] LogOutputStream:75 - [STDERR_REDIRECT] [Fatal Error] :1:1: Premature end of file.
2026-09-15 03:34:36,011 [ERROR] LogOutputStream:75 - [STDERR_REDIRECT] 
2026-09-15 03:34:37,016 [ERROR] LogOutputStream:75 - [STDERR_REDIRECT] [Fatal Error] :1:1: Premature end of file.
2026-09-15 03:34:37,016 [ERROR] LogOutputStream:75 - [STDERR_REDIRECT] 
2026-09-15 03:34:38,019 [ERROR] LogOutputStream:75 - [STDERR_REDIRECT] [Fatal Error] :1:1: Premature end of file.
2026-09-15 03:34:38,019 [ERROR] LogOutputStream:75 - [STDERR_REDIRECT] 
2026-09-15 03:34:39,022 [ERROR] LogOutputStream:75 - [STDERR_REDIRECT] [Fatal Error] :1:1: Premature end of file.
2026-09-15 03:34:39,022 [ERROR] LogOutputStream:75 - [STDERR_REDIRECT] 
2026-09-15 03:34:40,024 [ERROR] LogOutputStream:75 - [STDERR_REDIRECT] [Fatal Error] :1:1: Premature end of file.
2026-09-15 03:34:40,024 [ERROR] LogOutputStream:75 - [STDERR_REDIRECT] 
2026-09-15 03:34:41,011 [ERROR] LogOutputStream:75 - [STDERR_REDIRECT] [Fatal Error] :1:1: Premature end of file.
2026-09-15 03:34:41,011 [ERROR] LogOutputStream:75 - [STDERR_REDIRECT] 
2026-09-15 03:34:42,016 [ERROR] LogOutputStream:75 - [STDERR_REDIRECT] [Fatal Error] :1:1: Premature end of file.
2026-09-15 03:34:42,016 [ERROR] LogOutputStream:75 - [STDERR_REDIRECT] 
2026-09-15 03:34:43,037 [ERROR] LogOutputStream:75 - [STDERR_REDIRECT] [Fatal Error] :1:1: Premature end of file.
2026-09-15 03:34:43,037 [ERROR] LogOutputStream:75 - [STDERR_REDIRECT] 
2026-09-15 03:34:44,027 [ERROR] LogOutputStream:75 - [STDERR_REDIRECT] [Fatal Error] :1:1: Premature end of file.
2026-09-15 03:34:44,027 [ERROR] LogOutputStream:75 - [STDERR_REDIRECT] 
2026-09-15 03:34:45,040 [ERROR] LogOutputStream:75 - [STDERR_REDIRECT] [Fatal Error] :1:1: Premature end of file.
2026-09-15 03:34:45,040 [ERROR] LogOutputStream:75 - [STDERR_REDIRECT] 
2026-09-15 03:34:46,050 [ERROR] LogOutputStream:75 - [STDERR_REDIRECT] [Fatal Error] :1:1: Premature end of file.
2026-09-15 03:34:46,050 [ERROR] LogOutputStream:75 - [STDERR_REDIRECT] 
2026-09-15 03:34:47,014 [ERROR] LogOutputStream:75 - [STDERR_REDIRECT] [Fatal Error] :1:1: Premature end of file.
2026-09-15 03:34:47,014 [ERROR] LogOutputStream:75 - [STDERR_REDIRECT] 
2026-09-15 03:34:48,018 [ERROR] LogOutputStream:75 - [STDERR_REDIRECT] [Fatal Error] :1:1: Premature end of file.
2026-09-15 03:34:48,018 [ERROR] LogOutputStream:75 - [STDERR_REDIRECT] 
2026-09-15 03:34:49,022 [ERROR] LogOutputStream:75 - [STDERR_REDIRECT] [Fatal Error] :1:1: Premature end of file.
2026-09-15 03:34:49,022 [ERROR] LogOutputStream:75 - [STDERR_REDIRECT] 
2026-09-15 03:34:50,025 [ERROR] LogOutputStream:75 - [STDERR_REDIRECT] [Fatal Error] :1:1: Premature end of file.
2026-09-15 03:34:50,025 [ERROR] LogOutputStream:75 - [STDERR_REDIRECT] 
2026-09-15 03:34:51,020 [ERROR] LogOutputStream:75 - [STDERR_REDIRECT] [Fatal Error] :1:1: Premature end of file.
2026-09-15 03:34:51,020 [ERROR] LogOutputStream:75 - [STDERR_REDIRECT] 
2026-09-15 03:34:52,021 [ERROR] LogOutputStream:75 - [STDERR_REDIRECT] [Fatal Error] :1:1: Premature end of file.
2026-09-15 03:34:52,021 [ERROR] LogOutputStream:75 - [STDERR_REDIRECT] 
2026-09-15 03:34:53,053 [ERROR] LogOutputStream:75 - [STDERR_REDIRECT] [Fatal Error] :1:1: Premature end of file.
2026-09-15 03:34:53,053 [ERROR] LogOutputStream:75 - [STDERR_REDIRECT] 
2026-09-15 03:34:54,032 [ERROR] LogOutputStream:75 - [STDERR_REDIRECT] [Fatal Error] :1:1: Premature end of file.
2026-09-15 03:34:54,032 [ERROR] LogOutputStream:75 - [STDERR_REDIRECT] 
2026-09-15 03:34:55,011 [ERROR] LogOutputStream:75 - [STDERR_REDIRECT] [Fatal Error] :1:1: Premature end of file.
2026-09-15 03:34:55,011 [ERROR] LogOutputStream:75 - [STDERR_REDIRECT] 
2026-09-15 03:34:56,027 [ERROR] LogOutputStream:75 - [STDERR_REDIRECT] [Fatal Error] :1:1: Premature end of file.
2026-09-15 03:34:56,027 [ERROR] LogOutputStream:75 - [STDERR_REDIRECT] 
2026-09-15 03:34:57,030 [ERROR] LogOutputStream:75 - [STDERR_REDIRECT] [Fatal Error] :1:1: Premature end of file.
2026-09-15 03:34:57,030 [ERROR] LogOutputStream:75 - [STDERR_REDIRECT] 
2026-09-15 03:34:58,019 [ERROR] LogOutputStream:75 - [STDERR_REDIRECT] [Fatal Error] :1:1: Premature end of file.
2026-09-15 03:34:58,019 [ERROR] LogOutputStream:75 - [STDERR_REDIRECT] 
2026-09-15 03:34:59,034 [ERROR] LogOutputStream:75 - [STDERR_REDIRECT] [Fatal Error] :1:1: Premature end of file.
2026-09-15 03:34:59,034 [ERROR] LogOutputStream:75 - [STDERR_REDIRECT] 
2026-09-15 03:35:00,036 [ERROR] LogOutputStream:75 - [STDERR_REDIRECT] [Fatal Error] :1:1: Premature end of file.
2026-09-15 03:35:00,036 [ERROR] LogOutputStream:75 - [STDERR_REDIRECT] 
2026-09-15 03:35:01,028 [ERROR] LogOutputStream:75 - [STDERR_REDIRECT] [Fatal Error] :1:1: Premature end of file.
2026-09-15 03:35:01,028 [ERROR] LogOutputStream:75 - [STDERR_REDIRECT] 
2026-09-15 03:35:02,027 [ERROR] LogOutputStream:75 - [STDERR_REDIRECT] [Fatal Error] :1:1: Premature end of file.
2026-09-15 03:35:02,027 [ERROR] LogOutputStream:75 - [STDERR_REDIRECT] 
2026-09-15 03:35:03,032 [ERROR] LogOutputStream:75 - [STDERR_REDIRECT] [Fatal Error] :1:1: Premature end of file.
2026-09-15 03:35:03,032 [ERROR] LogOutputStream:75 - [STDERR_REDIRECT] 
2026-09-15 03:35:04,020 [ERROR] LogOutputStream:75 - [STDERR_REDIRECT] [Fatal Error] :1:1: Premature end of file.
2026-09-15 03:35:04,020 [ERROR] LogOutputStream:75 - [STDERR_REDIRECT] 
2026-09-15 03:35:05,028 [ERROR] LogOutputStream:75 - [STDERR_REDIRECT] [Fatal Error] :1:1: Premature end of file.
2026-09-15 03:35:05,028 [ERROR] LogOutputStream:75 - [STDERR_REDIRECT] 
2026-09-15 03:35:06,033 [ERROR] LogOutputStream:75 - [STDERR_REDIRECT] [Fatal Error] :1:1: Premature end of file.
2026-09-15 03:35:06,033 [ERROR] LogOutputStream:75 - [STDERR_REDIRECT] 
2026-09-15 03:35:07,038 [ERROR] LogOutputStream:75 - [STDERR_REDIRECT] [Fatal Error] :1:1: Premature end of file.
2026-09-15 03:35:07,038 [ERROR] LogOutputStream:75 - [STDERR_REDIRECT] 
2026-09-15 03:35:08,035 [ERROR] LogOutputStream:75 - [STDERR_REDIRECT] [Fatal Error] :1:1: Premature end of file.
2026-09-15 03:35:08,035 [ERROR] LogOutputStream:75 - [STDERR_REDIRECT] 
2026-09-15 03:35:09,038 [ERROR] LogOutputStream:75 - [STDERR_REDIRECT] [Fatal Error] :1:1: Premature end of file.
2026-09-15 03:35:09,038 [ERROR] LogOutputStream:75 - [STDERR_REDIRECT] 
2026-09-15 03:35:10,023 [ERROR] LogOutputStream:75 - [STDERR_REDIRECT] [Fatal Error] :1:1: Premature end of file.
2026-09-15 03:35:10,023 [ERROR] LogOutputStream:75 - [STDERR_REDIRECT] 
2026-09-15 03:35:11,037 [ERROR] LogOutputStream:75 - [STDERR_REDIRECT] [Fatal Error] :1:1: Premature end of file.
2026-09-15 03:35:11,037 [ERROR] LogOutputStream:75 - [STDERR_REDIRECT] 
2026-09-15 03:35:12,044 [ERROR] LogOutputStream:75 - [STDERR_REDIRECT] [Fatal Error] :1:1: Premature end of file.
2026-09-15 03:35:12,044 [ERROR] LogOutputStream:75 - [STDERR_REDIRECT] 
2026-09-15 03:35:13,026 [ERROR] LogOutputStream:75 - [STDERR_REDIRECT] [Fatal Error] :1:1: Premature end of file.
2026-09-15 03:35:13,026 [ERROR] LogOutputStream:75 - [STDERR_REDIRECT] 
2026-09-15 03:35:14,025 [ERROR] LogOutputStream:75 - [STDERR_REDIRECT] [Fatal Error] :1:1: Premature end of file.
2026-09-15 03:35:14,027 [ERROR] LogOutputStream:75 - [STDERR_REDIRECT] 
2026-09-15 03:35:15,015 [ERROR] LogOutputStream:75 - [STDERR_REDIRECT] [Fatal Error] :1:1: Premature end of file.
2026-09-15 03:35:15,015 [ERROR] LogOutputStream:75 - [STDERR_REDIRECT] 
2026-09-15 03:35:16,029 [ERROR] LogOutputStream:75 - [STDERR_REDIRECT] [Fatal Error] :1:1: Premature end of file.
2026-09-15 03:35:16,029 [ERROR] LogOutputStream:75 - [STDERR_REDIRECT] 
2026-09-15 03:35:17,030 [ERROR] LogOutputStream:75 - [STDERR_REDIRECT] [Fatal Error] :1:1: Premature end of file.
2026-09-15 03:35:17,030 [ERROR] LogOutputStream:75 - [STDERR_REDIRECT] 
2026-09-15 03:35:18,039 [ERROR] LogOutputStream:75 - [STDERR_REDIRECT] [Fatal Error] :1:1: Premature end of file.
2026-09-15 03:35:18,039 [ERROR] LogOutputStream:75 - [STDERR_REDIRECT] 
2026-09-15 03:35:19,018 [ERROR] LogOutputStream:75 - [STDERR_REDIRECT] [Fatal Error] :1:1: Premature end of file.
2026-09-15 03:35:19,018 [ERROR] LogOutputStream:75 - [STDERR_REDIRECT] 
2026-09-15 03:35:20,024 [ERROR] LogOutputStream:75 - [STDERR_REDIRECT] [Fatal Error] :1:1: Premature end of file.
2026-09-15 03:35:20,024 [ERROR] LogOutputStream:75 - [STDERR_REDIRECT] 
2026-09-15 03:35:21,037 [ERROR] LogOutputStream:75 - [STDERR_REDIRECT] [Fatal Error] :1:1: Premature end of file.
2026-09-15 03:35:21,037 [ERROR] LogOutputStream:75 - [STDERR_REDIRECT] 
2026-09-15 03:35:22,022 [ERROR] LogOutputStream:75 - [STDERR_REDIRECT] [Fatal Error] :1:1: Premature end of file.
2026-09-15 03:35:22,022 [ERROR] LogOutputStream:75 - [STDERR_REDIRECT] 
2026-09-15 03:35:23,014 [ERROR] LogOutputStream:75 - [STDERR_REDIRECT] [Fatal Error] :1:1: Premature end of file.
2026-09-15 03:35:23,014 [ERROR] LogOutputStream:75 - [STDERR_REDIRECT] 
2026-09-15 03:35:24,031 [ERROR] LogOutputStream:75 - [STDERR_REDIRECT] [Fatal Error] :1:1: Premature end of file.
2026-09-15 03:35:24,031 [ERROR] LogOutputStream:75 - [STDERR_REDIRECT] 
2026-09-15 03:35:25,034 [ERROR] LogOutputStream:75 - [STDERR_REDIRECT] [Fatal Error] :1:1: Premature end of file.
2026-09-15 03:35:25,034 [ERROR] LogOutputStream:75 - [STDERR_REDIRECT] 
2026-09-15 03:35:26,035 [ERROR] LogOutputStream:75 - [STDERR_REDIRECT] [Fatal Error] :1:1: Premature end of file.
2026-09-15 03:35:26,035 [ERROR] LogOutputStream:75 - [STDERR_REDIRECT] 
2026-09-15 03:35:27,016 [ERROR] LogOutputStream:75 - [STDERR_REDIRECT] [Fatal Error] :1:1: Premature end of file.
2026-09-15 03:35:27,016 [ERROR] LogOutputStream:75 - [STDERR_REDIRECT] 
2026-09-15 03:35:28,055 [ERROR] LogOutputStream:75 - [STDERR_REDIRECT] [Fatal Error] :1:1: Premature end of file.
2026-09-15 03:35:28,055 [ERROR] LogOutputStream:75 - [STDERR_REDIRECT] 
2026-09-15 03:35:29,040 [ERROR] LogOutputStream:75 - [STDERR_REDIRECT] [Fatal Error] :1:1: Premature end of file.
2026-09-15 03:35:29,040 [ERROR] LogOutputStream:75 - [STDERR_REDIRECT] 
2026-09-15 03:35:30,029 [ERROR] LogOutputStream:75 - [STDERR_REDIRECT] [Fatal Error] :1:1: Premature end of file.
2026-09-15 03:35:30,029 [ERROR] LogOutputStream:75 - [STDERR_REDIRECT] 
2026-09-15 03:35:31,029 [ERROR] LogOutputStream:75 - [STDERR_REDIRECT] [Fatal Error] :1:1: Premature end of file.
2026-09-15 03:35:31,029 [ERROR] LogOutputStream:75 - [STDERR_REDIRECT] 
2026-09-15 03:35:32,024 [ERROR] LogOutputStream:75 - [STDERR_REDIRECT] [Fatal Error] :1:1: Premature end of file.
2026-09-15 03:35:32,024 [ERROR] LogOutputStream:75 - [STDERR_REDIRECT] 
2026-09-15 03:35:33,015 [ERROR] LogOutputStream:75 - [STDERR_REDIRECT] [Fatal Error] :1:1: Premature end of file.
2026-09-15 03:35:33,015 [ERROR] LogOutputStream:75 - [STDERR_REDIRECT] 
2026-09-15 03:35:34,024 [ERROR] LogOutputStream:75 - [STDERR_REDIRECT] [Fatal Error] :1:1: Premature end of file.
2026-09-15 03:35:34,024 [ERROR] LogOutputStream:75 - [STDERR_REDIRECT] 
2026-09-15 03:35:35,018 [ERROR] LogOutputStream:75 - [STDERR_REDIRECT] [Fatal Error] :1:1: Premature end of file.
2026-09-15 03:35:35,018 [ERROR] LogOutputStream:75 - [STDERR_REDIRECT] 
2026-09-15 03:35:36,025 [ERROR] LogOutputStream:75 - [STDERR_REDIRECT] [Fatal Error] :1:1: Premature end of file.
2026-09-15 03:35:36,025 [ERROR] LogOutputStream:75 - [STDERR_REDIRECT] 
2026-09-15 03:35:37,017 [ERROR] LogOutputStream:75 - [STDERR_REDIRECT] [Fatal Error] :1:1: Premature end of file.
2026-09-15 03:35:37,017 [ERROR] LogOutputStream:75 - [STDERR_REDIRECT] 
2026-09-15 03:35:38,023 [ERROR] LogOutputStream:75 - [STDERR_REDIRECT] [Fatal Error] :1:1: Premature end of file.
2026-09-15 03:35:38,023 [ERROR] LogOutputStream:75 - [STDERR_REDIRECT] 
2026-09-15 03:35:39,012 [ERROR] LogOutputStream:75 - [STDERR_REDIRECT] [Fatal Error] :1:1: Premature end of file.
2026-09-15 03:35:39,012 [ERROR] LogOutputStream:75 - [STDERR_REDIRECT] 
2026-09-15 03:35:40,032 [ERROR] LogOutputStream:75 - [STDERR_REDIRECT] [Fatal Error] :1:1: Premature end of file.
2026-09-15 03:35:40,032 [ERROR] LogOutputStream:75 - [STDERR_REDIRECT] 
2026-09-15 03:35:41,019 [ERROR] LogOutputStream:75 - [STDERR_REDIRECT] [Fatal Error] :1:1: Premature end of file.
2026-09-15 03:35:41,019 [ERROR] LogOutputStream:75 - [STDERR_REDIRECT] 
2026-09-15 03:35:42,034 [ERROR] LogOutputStream:75 - [STDERR_REDIRECT] [Fatal Error] :1:1: Premature end of file.
2026-09-15 03:35:42,034 [ERROR] LogOutputStream:75 - [STDERR_REDIRECT] 
2026-09-15 03:35:43,033 [ERROR] LogOutputStream:75 - [STDERR_REDIRECT] [Fatal Error] :1:1: Premature end of file.
2026-09-15 03:35:43,033 [ERROR] LogOutputStream:75 - [STDERR_REDIRECT] 
2026-09-15 03:35:44,041 [ERROR] LogOutputStream:75 - [STDERR_REDIRECT] [Fatal Error] :1:1: Premature end of file.
2026-09-15 03:35:44,041 [ERROR] LogOutputStream:75 - [STDERR_REDIRECT] 
2026-09-15 03:35:45,015 [ERROR] LogOutputStream:75 - [STDERR_REDIRECT] [Fatal Error] :1:1: Premature end of file.
2026-09-15 03:35:45,015 [ERROR] LogOutputStream:75 - [STDERR_REDIRECT] 
2026-09-15 03:35:46,027 [ERROR] LogOutputStream:75 - [STDERR_REDIRECT] [Fatal Error] :1:1: Premature end of file.
2026-09-15 03:35:46,027 [ERROR] LogOutputStream:75 - [STDERR_REDIRECT] 
2026-09-15 03:35:47,034 [ERROR] LogOutputStream:75 - [STDERR_REDIRECT] [Fatal Error] :1:1: Premature end of file.
2026-09-15 03:35:47,034 [ERROR] LogOutputStream:75 - [STDERR_REDIRECT] 
2026-09-15 03:35:48,021 [ERROR] LogOutputStream:75 - [STDERR_REDIRECT] [Fatal Error] :1:1: Premature end of file.
2026-09-15 03:35:48,021 [ERROR] LogOutputStream:75 - [STDERR_REDIRECT] 
2026-09-15 03:35:49,022 [ERROR] LogOutputStream:75 - [STDERR_REDIRECT] [Fatal Error] :1:1: Premature end of file.
2026-09-15 03:35:49,022 [ERROR] LogOutputStream:75 - [STDERR_REDIRECT] 
2026-09-15 03:35:50,023 [ERROR] LogOutputStream:75 - [STDERR_REDIRECT] [Fatal Error] :1:1: Premature end of file.
2026-09-15 03:35:50,023 [ERROR] LogOutputStream:75 - [STDERR_REDIRECT] 
2026-09-15 03:35:51,010 [ERROR] LogOutputStream:75 - [STDERR_REDIRECT] [Fatal Error] :1:1: Premature end of file.
2026-09-15 03:35:51,010 [ERROR] LogOutputStream:75 - [STDERR_REDIRECT] 
2026-09-15 03:35:52,025 [ERROR] LogOutputStream:75 - [STDERR_REDIRECT] [Fatal Error] :1:1: Premature end of file.
2026-09-15 03:35:52,025 [ERROR] LogOutputStream:75 - [STDERR_REDIRECT] 
2026-09-15 03:35:54,472 [ERROR] LogOutputStream:75 - [STDERR_REDIRECT] [Fatal Error] :1:1: Premature end of file.
2026-09-15 03:35:54,472 [ERROR] LogOutputStream:75 - [STDERR_REDIRECT] 
2026-09-15 03:35:54,520 [ERROR] LogOutputStream:75 - [STDERR_REDIRECT] [Fatal Error] :1:1: Premature end of file.
2026-09-15 03:35:54,520 [ERROR] LogOutputStream:75 - [STDERR_REDIRECT] 
2026-09-15 03:35:55,015 [ERROR] LogOutputStream:75 - [STDERR_REDIRECT] [Fatal Error] :1:1: Premature end of file.
2026-09-15 03:35:55,015 [ERROR] LogOutputStream:75 - [STDERR_REDIRECT] 
2026-09-15 03:35:56,018 [ERROR] LogOutputStream:75 - [STDERR_REDIRECT] [Fatal Error] :1:1: Premature end of file.
2026-09-15 03:35:56,018 [ERROR] LogOutputStream:75 - [STDERR_REDIRECT] 
2026-09-15 03:35:57,035 [ERROR] LogOutputStream:75 - [STDERR_REDIRECT] [Fatal Error] :1:1: Premature end of file.
2026-09-15 03:35:57,035 [ERROR] LogOutputStream:75 - [STDERR_REDIRECT] 
2026-09-15 03:35:58,032 [ERROR] LogOutputStream:75 - [STDERR_REDIRECT] [Fatal Error] :1:1: Premature end of file.
2026-09-15 03:35:58,032 [ERROR] LogOutputStream:75 - [STDERR_REDIRECT] 
2026-09-15 03:35:59,034 [ERROR] LogOutputStream:75 - [STDERR_REDIRECT] [Fatal Error] :1:1: Premature end of file.
2026-09-15 03:35:59,034 [ERROR] LogOutputStream:75 - [STDERR_REDIRECT] 
2026-09-15 03:36:00,023 [ERROR] LogOutputStream:75 - [STDERR_REDIRECT] [Fatal Error] :1:1: Premature end of file.
2026-09-15 03:36:00,023 [ERROR] LogOutputStream:75 - [STDERR_REDIRECT] 
2026-09-15 03:36:01,036 [ERROR] LogOutputStream:75 - [STDERR_REDIRECT] [Fatal Error] :1:1: Premature end of file.
2026-09-15 03:36:01,036 [ERROR] LogOutputStream:75 - [STDERR_REDIRECT] 
2026-09-15 03:36:02,038 [ERROR] LogOutputStream:75 - [STDERR_REDIRECT] [Fatal Error] :1:1: Premature end of file.
2026-09-15 03:36:02,038 [ERROR] LogOutputStream:75 - [STDERR_REDIRECT] 
2026-09-15 03:36:03,024 [ERROR] LogOutputStream:75 - [STDERR_REDIRECT] [Fatal Error] :1:1: Premature end of file.
2026-09-15 03:36:03,024 [ERROR] LogOutputStream:75 - [STDERR_REDIRECT] 
2026-09-15 03:36:04,034 [ERROR] LogOutputStream:75 - [STDERR_REDIRECT] [Fatal Error] :1:1: Premature end of file.
2026-09-15 03:36:04,034 [ERROR] LogOutputStream:75 - [STDERR_REDIRECT] 
2026-09-15 03:36:05,011 [ERROR] LogOutputStream:75 - [STDERR_REDIRECT] [Fatal Error] :1:1: Premature end of file.
2026-09-15 03:36:05,011 [ERROR] LogOutputStream:75 - [STDERR_REDIRECT] 
2026-09-15 03:36:06,017 [ERROR] LogOutputStream:75 - [STDERR_REDIRECT] [Fatal Error] :1:1: Premature end of file.
2026-09-15 03:36:06,017 [ERROR] LogOutputStream:75 - [STDERR_REDIRECT] 
2026-09-15 03:36:07,019 [ERROR] LogOutputStream:75 - [STDERR_REDIRECT] [Fatal Error] :1:1: Premature end of file.
2026-09-15 03:36:07,019 [ERROR] LogOutputStream:75 - [STDERR_REDIRECT] 
2026-09-15 03:36:08,056 [ERROR] LogOutputStream:75 - [STDERR_REDIRECT] [Fatal Error] :1:1: Premature end of file.
2026-09-15 03:36:08,056 [ERROR] LogOutputStream:75 - [STDERR_REDIRECT] 
2026-09-15 03:36:09,039 [ERROR] LogOutputStream:75 - [STDERR_REDIRECT] [Fatal Error] :1:1: Premature end of file.
2026-09-15 03:36:09,039 [ERROR] LogOutputStream:75 - [STDERR_REDIRECT] 
2026-09-15 03:36:10,042 [ERROR] LogOutputStream:75 - [STDERR_REDIRECT] [Fatal Error] :1:1: Premature end of file.
2026-09-15 03:36:10,042 [ERROR] LogOutputStream:75 - [STDERR_REDIRECT] 
2026-09-15 03:36:11,026 [ERROR] LogOutputStream:75 - [STDERR_REDIRECT] [Fatal Error] :1:1: Premature end of file.
2026-09-15 03:36:11,026 [ERROR] LogOutputStream:75 - [STDERR_REDIRECT] 
2026-09-15 03:36:12,012 [ERROR] LogOutputStream:75 - [STDERR_REDIRECT] [Fatal Error] :1:1: Premature end of file.
2026-09-15 03:36:12,012 [ERROR] LogOutputStream:75 - [STDERR_REDIRECT] 
2026-09-15 03:36:13,014 [ERROR] LogOutputStream:75 - [STDERR_REDIRECT] [Fatal Error] :1:1: Premature end of file.
2026-09-15 03:36:13,014 [ERROR] LogOutputStream:75 - [STDERR_REDIRECT] 
2026-09-15 03:36:14,015 [ERROR] LogOutputStream:75 - [STDERR_REDIRECT] [Fatal Error] :1:1: Premature end of file.
2026-09-15 03:36:14,015 [ERROR] LogOutputStream:75 - [STDERR_REDIRECT] 
2026-09-15 03:36:15,011 [ERROR] LogOutputStream:75 - [STDERR_REDIRECT] [Fatal Error] :1:1: Premature end of file.
2026-09-15 03:36:15,011 [ERROR] LogOutputStream:75 - [STDERR_REDIRECT] 
2026-09-15 03:36:16,013 [ERROR] LogOutputStream:75 - [STDERR_REDIRECT] [Fatal Error] :1:1: Premature end of file.
2026-09-15 03:36:16,013 [ERROR] LogOutputStream:75 - [STDERR_REDIRECT] 
2026-09-15 03:36:17,013 [ERROR] LogOutputStream:75 - [STDERR_REDIRECT] [Fatal Error] :1:1: Premature end of file.
2026-09-15 03:36:17,013 [ERROR] LogOutputStream:75 - [STDERR_REDIRECT] 
2026-09-15 03:36:18,024 [ERROR] LogOutputStream:75 - [STDERR_REDIRECT] [Fatal Error] :1:1: Premature end of file.
2026-09-15 03:36:18,024 [ERROR] LogOutputStream:75 - [STDERR_REDIRECT] 
2026-09-15 03:36:19,038 [ERROR] LogOutputStream:75 - [STDERR_REDIRECT] [Fatal Error] :1:1: Premature end of file.
2026-09-15 03:36:19,038 [ERROR] LogOutputStream:75 - [STDERR_REDIRECT] 
2026-09-15 03:36:20,045 [ERROR] LogOutputStream:75 - [STDERR_REDIRECT] [Fatal Error] :1:1: Premature end of file.
2026-09-15 03:36:20,045 [ERROR] LogOutputStream:75 - [STDERR_REDIRECT] 
2026-09-15 03:36:21,044 [ERROR] LogOutputStream:75 - [STDERR_REDIRECT] [Fatal Error] :1:1: Premature end of file.
2026-09-15 03:36:21,044 [ERROR] LogOutputStream:75 - [STDERR_REDIRECT] 
2026-09-15 03:36:22,032 [ERROR] LogOutputStream:75 - [STDERR_REDIRECT] [Fatal Error] :1:1: Premature end of file.
2026-09-15 03:36:22,032 [ERROR] LogOutputStream:75 - [STDERR_REDIRECT] 
2026-09-15 03:36:23,033 [ERROR] LogOutputStream:75 - [STDERR_REDIRECT] [Fatal Error] :1:1: Premature end of file.
2026-09-15 03:36:23,033 [ERROR] LogOutputStream:75 - [STDERR_REDIRECT] 
2026-09-15 03:36:24,018 [ERROR] LogOutputStream:75 - [STDERR_REDIRECT] [Fatal Error] :1:1: Premature end of file.
2026-09-15 03:36:24,018 [ERROR] LogOutputStream:75 - [STDERR_REDIRECT] 
2026-09-15 03:36:25,022 [ERROR] LogOutputStream:75 - [STDERR_REDIRECT] [Fatal Error] :1:1: Premature end of file.
2026-09-15 03:36:25,022 [ERROR] LogOutputStream:75 - [STDERR_REDIRECT] 
2026-09-15 03:36:26,026 [ERROR] LogOutputStream:75 - [STDERR_REDIRECT] [Fatal Error] :1:1: Premature end of file.
2026-09-15 03:36:26,026 [ERROR] LogOutputStream:75 - [STDERR_REDIRECT] 
2026-09-15 03:36:27,041 [ERROR] LogOutputStream:75 - [STDERR_REDIRECT] [Fatal Error] :1:1: Premature end of file.
2026-09-15 03:36:27,041 [ERROR] LogOutputStream:75 - [STDERR_REDIRECT] 
2026-09-15 03:36:28,031 [ERROR] LogOutputStream:75 - [STDERR_REDIRECT] [Fatal Error] :1:1: Premature end of file.
2026-09-15 03:36:28,031 [ERROR] LogOutputStream:75 - [STDERR_REDIRECT] 
2026-09-15 03:36:29,023 [ERROR] LogOutputStream:75 - [STDERR_REDIRECT] [Fatal Error] :1:1: Premature end of file.
2026-09-15 03:36:29,023 [ERROR] LogOutputStream:75 - [STDERR_REDIRECT] 
2026-09-15 03:36:30,024 [ERROR] LogOutputStream:75 - [STDERR_REDIRECT] [Fatal Error] :1:1: Premature end of file.
2026-09-15 03:36:30,024 [ERROR] LogOutputStream:75 - [STDERR_REDIRECT] 
2026-09-15 03:36:31,037 [ERROR] LogOutputStream:75 - [STDERR_REDIRECT] [Fatal Error] :1:1: Premature end of file.
2026-09-15 03:36:31,037 [ERROR] LogOutputStream:75 - [STDERR_REDIRECT] 
2026-09-15 03:36:32,020 [ERROR] LogOutputStream:75 - [STDERR_REDIRECT] [Fatal Error] :1:1: Premature end of file.
2026-09-15 03:36:32,020 [ERROR] LogOutputStream:75 - [STDERR_REDIRECT] 
2026-09-15 03:36:33,035 [ERROR] LogOutputStream:75 - [STDERR_REDIRECT] [Fatal Error] :1:1: Premature end of file.
2026-09-15 03:36:33,035 [ERROR] LogOutputStream:75 - [STDERR_REDIRECT] 
2026-09-15 03:36:34,017 [ERROR] LogOutputStream:75 - [STDERR_REDIRECT] [Fatal Error] :1:1: Premature end of file.
2026-09-15 03:36:34,017 [ERROR] LogOutputStream:75 - [STDERR_REDIRECT] 
2026-09-15 03:36:35,011 [ERROR] LogOutputStream:75 - [STDERR_REDIRECT] [Fatal Error] :1:1: Premature end of file.
2026-09-15 03:36:35,011 [ERROR] LogOutputStream:75 - [STDERR_REDIRECT] 
2026-09-15 03:36:36,010 [ERROR] LogOutputStream:75 - [STDERR_REDIRECT] [Fatal Error] :1:1: Premature end of file.
2026-09-15 03:36:36,010 [ERROR] LogOutputStream:75 - [STDERR_REDIRECT] 
2026-09-15 03:36:37,026 [ERROR] LogOutputStream:75 - [STDERR_REDIRECT] [Fatal Error] :1:1: Premature end of file.
2026-09-15 03:36:37,026 [ERROR] LogOutputStream:75 - [STDERR_REDIRECT] 
2026-09-15 03:36:38,035 [ERROR] LogOutputStream:75 - [STDERR_REDIRECT] [Fatal Error] :1:1: Premature end of file.
2026-09-15 03:36:38,037 [ERROR] LogOutputStream:75 - [STDERR_REDIRECT] 
2026-09-15 03:36:39,025 [ERROR] LogOutputStream:75 - [STDERR_REDIRECT] [Fatal Error] :1:1: Premature end of file.
2026-09-15 03:36:39,025 [ERROR] LogOutputStream:75 - [STDERR_REDIRECT] 
2026-09-15 03:36:40,020 [ERROR] LogOutputStream:75 - [STDERR_REDIRECT] [Fatal Error] :1:1: Premature end of file.
2026-09-15 03:36:40,020 [ERROR] LogOutputStream:75 - [STDERR_REDIRECT] 
2026-09-15 03:36:41,018 [ERROR] LogOutputStream:75 - [STDERR_REDIRECT] [Fatal Error] :1:1: Premature end of file.
2026-09-15 03:36:41,018 [ERROR] LogOutputStream:75 - [STDERR_REDIRECT] 
2026-09-15 03:36:42,017 [ERROR] LogOutputStream:75 - [STDERR_REDIRECT] [Fatal Error] :1:1: Premature end of file.
2026-09-15 03:36:42,017 [ERROR] LogOutputStream:75 - [STDERR_REDIRECT] 
2026-09-15 03:36:43,017 [ERROR] LogOutputStream:75 - [STDERR_REDIRECT] [Fatal Error] :1:1: Premature end of file.
2026-09-15 03:36:43,017 [ERROR] LogOutputStream:75 - [STDERR_REDIRECT] 
2026-09-15 03:36:44,020 [ERROR] LogOutputStream:75 - [STDERR_REDIRECT] [Fatal Error] :1:1: Premature end of file.
2026-09-15 03:36:44,020 [ERROR] LogOutputStream:75 - [STDERR_REDIRECT] 
2026-09-15 03:36:45,025 [ERROR] LogOutputStream:75 - [STDERR_REDIRECT] [Fatal Error] :1:1: Premature end of file.
2026-09-15 03:36:45,025 [ERROR] LogOutputStream:75 - [STDERR_REDIRECT] 
2026-09-15 03:36:46,024 [ERROR] LogOutputStream:75 - [STDERR_REDIRECT] [Fatal Error] :1:1: Premature end of file.
2026-09-15 03:36:46,024 [ERROR] LogOutputStream:75 - [STDERR_REDIRECT] 
2026-09-15 03:36:47,017 [ERROR] LogOutputStream:75 - [STDERR_REDIRECT] [Fatal Error] :1:1: Premature end of file.
2026-09-15 03:36:47,017 [ERROR] LogOutputStream:75 - [STDERR_REDIRECT] 
2026-09-15 03:36:48,024 [ERROR] LogOutputStream:75 - [STDERR_REDIRECT] [Fatal Error] :1:1: Premature end of file.
2026-09-15 03:36:48,024 [ERROR] LogOutputStream:75 - [STDERR_REDIRECT] 
2026-09-15 03:36:49,012 [ERROR] LogOutputStream:75 - [STDERR_REDIRECT] [Fatal Error] :1:1: Premature end of file.
2026-09-15 03:36:49,012 [ERROR] LogOutputStream:75 - [STDERR_REDIRECT] 
2026-09-15 03:36:50,026 [ERROR] LogOutputStream:75 - [STDERR_REDIRECT] [Fatal Error] :1:1: Premature end of file.
2026-09-15 03:36:50,026 [ERROR] LogOutputStream:75 - [STDERR_REDIRECT] 
2026-09-15 03:36:51,021 [ERROR] LogOutputStream:75 - [STDERR_REDIRECT] [Fatal Error] :1:1: Premature end of file.
2026-09-15 03:36:51,021 [ERROR] LogOutputStream:75 - [STDERR_REDIRECT] 
2026-09-15 03:36:52,025 [ERROR] LogOutputStream:75 - [STDERR_REDIRECT] [Fatal Error] :1:1: Premature end of file.
2026-09-15 03:36:52,025 [ERROR] LogOutputStream:75 - [STDERR_REDIRECT] 
2026-09-15 03:36:53,021 [ERROR] LogOutputStream:75 - [STDERR_REDIRECT] [Fatal Error] :1:1: Premature end of file.
2026-09-15 03:36:53,021 [ERROR] LogOutputStream:75 - [STDERR_REDIRECT] 
2026-09-15 03:36:54,028 [ERROR] LogOutputStream:75 - [STDERR_REDIRECT] [Fatal Error] :1:1: Premature end of file.
2026-09-15 03:36:54,028 [ERROR] LogOutputStream:75 - [STDERR_REDIRECT] 
2026-09-15 03:36:55,017 [ERROR] LogOutputStream:75 - [STDERR_REDIRECT] [Fatal Error] :1:1: Premature end of file.
2026-09-15 03:36:55,017 [ERROR] LogOutputStream:75 - [STDERR_REDIRECT] 
2026-09-15 03:36:56,016 [ERROR] LogOutputStream:75 - [STDERR_REDIRECT] [Fatal Error] :1:1: Premature end of file.
2026-09-15 03:36:56,016 [ERROR] LogOutputStream:75 - [STDERR_REDIRECT] 
2026-09-15 03:36:57,016 [ERROR] LogOutputStream:75 - [STDERR_REDIRECT] [Fatal Error] :1:1: Premature end of file.
2026-09-15 03:36:57,016 [ERROR] LogOutputStream:75 - [STDERR_REDIRECT] 
2026-09-15 03:36:58,019 [ERROR] LogOutputStream:75 - [STDERR_REDIRECT] [Fatal Error] :1:1: Premature end of file.
2026-09-15 03:36:58,019 [ERROR] LogOutputStream:75 - [STDERR_REDIRECT] 
2026-09-15 03:36:59,021 [ERROR] LogOutputStream:75 - [STDERR_REDIRECT] [Fatal Error] :1:1: Premature end of file.
2026-09-15 03:36:59,021 [ERROR] LogOutputStream:75 - [STDERR_REDIRECT] 
2026-09-15 03:37:00,022 [ERROR] LogOutputStream:75 - [STDERR_REDIRECT] [Fatal Error] :1:1: Premature end of file.
2026-09-15 03:37:00,022 [ERROR] LogOutputStream:75 - [STDERR_REDIRECT] 
2026-09-15 03:37:01,039 [ERROR] LogOutputStream:75 - [STDERR_REDIRECT] [Fatal Error] :1:1: Premature end of file.
2026-09-15 03:37:01,039 [ERROR] LogOutputStream:75 - [STDERR_REDIRECT] 
2026-09-15 03:37:02,025 [ERROR] LogOutputStream:75 - [STDERR_REDIRECT] [Fatal Error] :1:1: Premature end of file.
2026-09-15 03:37:02,025 [ERROR] LogOutputStream:75 - [STDERR_REDIRECT] 
2026-09-15 03:37:03,027 [ERROR] LogOutputStream:75 - [STDERR_REDIRECT] [Fatal Error] :1:1: Premature end of file.
2026-09-15 03:37:03,027 [ERROR] LogOutputStream:75 - [STDERR_REDIRECT] 
2026-09-15 03:37:04,012 [ERROR] LogOutputStream:75 - [STDERR_REDIRECT] [Fatal Error] :1:1: Premature end of file.
2026-09-15 03:37:04,012 [ERROR] LogOutputStream:75 - [STDERR_REDIRECT] 
2026-09-15 03:37:05,030 [ERROR] LogOutputStream:75 - [STDERR_REDIRECT] [Fatal Error] :1:1: Premature end of file.
2026-09-15 03:37:05,030 [ERROR] LogOutputStream:75 - [STDERR_REDIRECT] 
2026-09-15 03:37:06,033 [ERROR] LogOutputStream:75 - [STDERR_REDIRECT] [Fatal Error] :1:1: Premature end of file.
2026-09-15 03:37:06,034 [ERROR] LogOutputStream:75 - [STDERR_REDIRECT] 
2026-09-15 03:37:07,036 [ERROR] LogOutputStream:75 - [STDERR_REDIRECT] [Fatal Error] :1:1: Premature end of file.
2026-09-15 03:37:07,036 [ERROR] LogOutputStream:75 - [STDERR_REDIRECT] 
2026-09-15 03:37:08,038 [ERROR] LogOutputStream:75 - [STDERR_REDIRECT] [Fatal Error] :1:1: Premature end of file.
2026-09-15 03:37:08,038 [ERROR] LogOutputStream:75 - [STDERR_REDIRECT] 
2026-09-15 03:37:09,026 [ERROR] LogOutputStream:75 - [STDERR_REDIRECT] [Fatal Error] :1:1: Premature end of file.
2026-09-15 03:37:09,026 [ERROR] LogOutputStream:75 - [STDERR_REDIRECT] 
2026-09-15 03:37:10,010 [ERROR] LogOutputStream:75 - [STDERR_REDIRECT] [Fatal Error] :1:1: Premature end of file.
2026-09-15 03:37:10,010 [ERROR] LogOutputStream:75 - [STDERR_REDIRECT] 
2026-09-15 03:37:11,012 [ERROR] LogOutputStream:75 - [STDERR_REDIRECT] [Fatal Error] :1:1: Premature end of file.
2026-09-15 03:37:11,012 [ERROR] LogOutputStream:75 - [STDERR_REDIRECT] 
2026-09-15 03:37:12,026 [ERROR] LogOutputStream:75 - [STDERR_REDIRECT] [Fatal Error] :1:1: Premature end of file.
2026-09-15 03:37:12,026 [ERROR] LogOutputStream:75 - [STDERR_REDIRECT] 
2026-09-15 03:37:13,022 [ERROR] LogOutputStream:75 - [STDERR_REDIRECT] [Fatal Error] :1:1: Premature end of file.
2026-09-15 03:37:13,022 [ERROR] LogOutputStream:75 - [STDERR_REDIRECT] 
2026-09-15 03:37:14,035 [ERROR] LogOutputStream:75 - [STDERR_REDIRECT] [Fatal Error] :1:1: Premature end of file.
2026-09-15 03:37:14,035 [ERROR] LogOutputStream:75 - [STDERR_REDIRECT] 
2026-09-15 03:37:15,024 [ERROR] LogOutputStream:75 - [STDERR_REDIRECT] [Fatal Error] :1:1: Premature end of file.
2026-09-15 03:37:15,024 [ERROR] LogOutputStream:75 - [STDERR_REDIRECT] 
2026-09-15 03:37:16,019 [ERROR] LogOutputStream:75 - [STDERR_REDIRECT] [Fatal Error] :1:1: Premature end of file.
2026-09-15 03:37:16,019 [ERROR] LogOutputStream:75 - [STDERR_REDIRECT] 
2026-09-15 03:37:17,020 [ERROR] LogOutputStream:75 - [STDERR_REDIRECT] [Fatal Error] :1:1: Premature end of file.
2026-09-15 03:37:17,020 [ERROR] LogOutputStream:75 - [STDERR_REDIRECT] 
2026-09-15 03:37:18,038 [ERROR] LogOutputStream:75 - [STDERR_REDIRECT] [Fatal Error] :1:1: Premature end of file.
2026-09-15 03:37:18,038 [ERROR] LogOutputStream:75 - [STDERR_REDIRECT] 
2026-09-15 03:37:19,025 [ERROR] LogOutputStream:75 - [STDERR_REDIRECT] [Fatal Error] :1:1: Premature end of file.
2026-09-15 03:37:19,025 [ERROR] LogOutputStream:75 - [STDERR_REDIRECT] 
2026-09-15 03:37:20,010 [ERROR] LogOutputStream:75 - [STDERR_REDIRECT] [Fatal Error] :1:1: Premature end of file.
2026-09-15 03:37:20,010 [ERROR] LogOutputStream:75 - [STDERR_REDIRECT] 
2026-09-15 03:37:21,023 [ERROR] LogOutputStream:75 - [STDERR_REDIRECT] [Fatal Error] :1:1: Premature end of file.
2026-09-15 03:37:21,023 [ERROR] LogOutputStream:75 - [STDERR_REDIRECT] 
2026-09-15 03:37:22,022 [ERROR] LogOutputStream:75 - [STDERR_REDIRECT] [Fatal Error] :1:1: Premature end of file.
2026-09-15 03:37:22,022 [ERROR] LogOutputStream:75 - [STDERR_REDIRECT] 
2026-09-15 03:37:23,025 [ERROR] LogOutputStream:75 - [STDERR_REDIRECT] [Fatal Error] :1:1: Premature end of file.
2026-09-15 03:37:23,025 [ERROR] LogOutputStream:75 - [STDERR_REDIRECT] 
2026-09-15 03:37:24,037 [ERROR] LogOutputStream:75 - [STDERR_REDIRECT] [Fatal Error] :1:1: Premature end of file.
2026-09-15 03:37:24,037 [ERROR] LogOutputStream:75 - [STDERR_REDIRECT] 
2026-09-15 03:37:25,018 [ERROR] LogOutputStream:75 - [STDERR_REDIRECT] [Fatal Error] :1:1: Premature end of file.
2026-09-15 03:37:25,018 [ERROR] LogOutputStream:75 - [STDERR_REDIRECT] 
2026-09-15 03:37:26,035 [ERROR] LogOutputStream:75 - [STDERR_REDIRECT] [Fatal Error] :1:1: Premature end of file.
2026-09-15 03:37:26,035 [ERROR] LogOutputStream:75 - [STDERR_REDIRECT] 
2026-09-15 03:37:27,034 [ERROR] LogOutputStream:75 - [STDERR_REDIRECT] [Fatal Error] :1:1: Premature end of file.
2026-09-15 03:37:27,034 [ERROR] LogOutputStream:75 - [STDERR_REDIRECT] 
2026-09-15 03:37:28,030 [ERROR] LogOutputStream:75 - [STDERR_REDIRECT] [Fatal Error] :1:1: Premature end of file.
2026-09-15 03:37:28,037 [ERROR] LogOutputStream:75 - [STDERR_REDIRECT] 
2026-09-15 03:37:29,024 [ERROR] LogOutputStream:75 - [STDERR_REDIRECT] [Fatal Error] :1:1: Premature end of file.
2026-09-15 03:37:29,024 [ERROR] LogOutputStream:75 - [STDERR_REDIRECT] 
2026-09-15 03:37:30,012 [ERROR] LogOutputStream:75 - [STDERR_REDIRECT] [Fatal Error] :1:1: Premature end of file.
2026-09-15 03:37:30,012 [ERROR] LogOutputStream:75 - [STDERR_REDIRECT] 
2026-09-15 03:37:31,042 [ERROR] LogOutputStream:75 - [STDERR_REDIRECT] [Fatal Error] :1:1: Premature end of file.
2026-09-15 03:37:31,042 [ERROR] LogOutputStream:75 - [STDERR_REDIRECT] 
2026-09-15 03:37:32,016 [ERROR] LogOutputStream:75 - [STDERR_REDIRECT] [Fatal Error] :1:1: Premature end of file.
2026-09-15 03:37:32,016 [ERROR] LogOutputStream:75 - [STDERR_REDIRECT] 
2026-09-15 03:37:33,032 [ERROR] LogOutputStream:75 - [STDERR_REDIRECT] [Fatal Error] :1:1: Premature end of file.
2026-09-15 03:37:33,032 [ERROR] LogOutputStream:75 - [STDERR_REDIRECT] 
2026-09-15 03:37:34,040 [ERROR] LogOutputStream:75 - [STDERR_REDIRECT] [Fatal Error] :1:1: Premature end of file.
2026-09-15 03:37:34,040 [ERROR] LogOutputStream:75 - [STDERR_REDIRECT] 
2026-09-15 03:37:35,023 [ERROR] LogOutputStream:75 - [STDERR_REDIRECT] [Fatal Error] :1:1: Premature end of file.
2026-09-15 03:37:35,023 [ERROR] LogOutputStream:75 - [STDERR_REDIRECT] 
2026-09-15 03:37:36,025 [ERROR] LogOutputStream:75 - [STDERR_REDIRECT] [Fatal Error] :1:1: Premature end of file.
2026-09-15 03:37:36,025 [ERROR] LogOutputStream:75 - [STDERR_REDIRECT] 
2026-09-15 03:37:37,025 [ERROR] LogOutputStream:75 - [STDERR_REDIRECT] [Fatal Error] :1:1: Premature end of file.
2026-09-15 03:37:37,025 [ERROR] LogOutputStream:75 - [STDERR_REDIRECT] 
2026-09-15 03:37:38,026 [ERROR] LogOutputStream:75 - [STDERR_REDIRECT] [Fatal Error] :1:1: Premature end of file.
2026-09-15 03:37:38,026 [ERROR] LogOutputStream:75 - [STDERR_REDIRECT] 
2026-09-15 03:37:39,024 [ERROR] LogOutputStream:75 - [STDERR_REDIRECT] [Fatal Error] :1:1: Premature end of file.
2026-09-15 03:37:39,024 [ERROR] LogOutputStream:75 - [STDERR_REDIRECT] 
2026-09-15 03:37:40,026 [ERROR] LogOutputStream:75 - [STDERR_REDIRECT] [Fatal Error] :1:1: Premature end of file.
2026-09-15 03:37:40,026 [ERROR] LogOutputStream:75 - [STDERR_REDIRECT] 
2026-09-15 03:37:41,013 [ERROR] LogOutputStream:75 - [STDERR_REDIRECT] [Fatal Error] :1:1: Premature end of file.
2026-09-15 03:37:41,013 [ERROR] LogOutputStream:75 - [STDERR_REDIRECT] 
2026-09-15 03:37:42,032 [ERROR] LogOutputStream:75 - [STDERR_REDIRECT] [Fatal Error] :1:1: Premature end of file.
2026-09-15 03:37:42,032 [ERROR] LogOutputStream:75 - [STDERR_REDIRECT] 
2026-09-15 03:37:43,028 [ERROR] LogOutputStream:75 - [STDERR_REDIRECT] [Fatal Error] :1:1: Premature end of file.
2026-09-15 03:37:43,028 [ERROR] LogOutputStream:75 - [STDERR_REDIRECT] 
2026-09-15 03:37:44,031 [ERROR] LogOutputStream:75 - [STDERR_REDIRECT] [Fatal Error] :1:1: Premature end of file.
2026-09-15 03:37:44,031 [ERROR] LogOutputStream:75 - [STDERR_REDIRECT] 
2026-09-15 03:37:45,017 [ERROR] LogOutputStream:75 - [STDERR_REDIRECT] [Fatal Error] :1:1: Premature end of file.
2026-09-15 03:37:45,017 [ERROR] LogOutputStream:75 - [STDERR_REDIRECT] 
2026-09-15 03:37:46,021 [ERROR] LogOutputStream:75 - [STDERR_REDIRECT] [Fatal Error] :1:1: Premature end of file.
2026-09-15 03:37:46,021 [ERROR] LogOutputStream:75 - [STDERR_REDIRECT] 
2026-09-15 03:37:47,025 [ERROR] LogOutputStream:75 - [STDERR_REDIRECT] [Fatal Error] :1:1: Premature end of file.
2026-09-15 03:37:47,025 [ERROR] LogOutputStream:75 - [STDERR_REDIRECT] 
2026-09-15 03:37:48,009 [ERROR] LogOutputStream:75 - [STDERR_REDIRECT] [Fatal Error] :1:1: Premature end of file.
2026-09-15 03:37:48,009 [ERROR] LogOutputStream:75 - [STDERR_REDIRECT] 
2026-09-15 03:37:49,013 [ERROR] LogOutputStream:75 - [STDERR_REDIRECT] [Fatal Error] :1:1: Premature end of file.
2026-09-15 03:37:49,013 [ERROR] LogOutputStream:75 - [STDERR_REDIRECT] 
2026-09-15 03:37:50,032 [ERROR] LogOutputStream:75 - [STDERR_REDIRECT] [Fatal Error] :1:1: Premature end of file.
2026-09-15 03:37:50,032 [ERROR] LogOutputStream:75 - [STDERR_REDIRECT] 
2026-09-15 03:37:51,017 [ERROR] LogOutputStream:75 - [STDERR_REDIRECT] [Fatal Error] :1:1: Premature end of file.
2026-09-15 03:37:51,017 [ERROR] LogOutputStream:75 - [STDERR_REDIRECT] 
2026-09-15 03:37:52,020 [ERROR] LogOutputStream:75 - [STDERR_REDIRECT] [Fatal Error] :1:1: Premature end of file.
2026-09-15 03:37:52,020 [ERROR] LogOutputStream:75 - [STDERR_REDIRECT] 
2026-09-15 03:37:53,023 [ERROR] LogOutputStream:75 - [STDERR_REDIRECT] [Fatal Error] :1:1: Premature end of file.
2026-09-15 03:37:53,023 [ERROR] LogOutputStream:75 - [STDERR_REDIRECT] 
2026-09-15 03:37:54,021 [ERROR] LogOutputStream:75 - [STDERR_REDIRECT] [Fatal Error] :1:1: Premature end of file.
2026-09-15 03:37:54,021 [ERROR] LogOutputStream:75 - [STDERR_REDIRECT] 
2026-09-15 03:37:55,014 [ERROR] LogOutputStream:75 - [STDERR_REDIRECT] [Fatal Error] :1:1: Premature end of file.
2026-09-15 03:37:55,014 [ERROR] LogOutputStream:75 - [STDERR_REDIRECT] 
2026-09-15 03:37:56,016 [ERROR] LogOutputStream:75 - [STDERR_REDIRECT] [Fatal Error] :1:1: Premature end of file.
2026-09-15 03:37:56,016 [ERROR] LogOutputStream:75 - [STDERR_REDIRECT] 
2026-09-15 03:37:57,025 [ERROR] LogOutputStream:75 - [STDERR_REDIRECT] [Fatal Error] :1:1: Premature end of file.
2026-09-15 03:37:57,025 [ERROR] LogOutputStream:75 - [STDERR_REDIRECT] 
2026-09-15 03:37:58,016 [ERROR] LogOutputStream:75 - [STDERR_REDIRECT] [Fatal Error] :1:1: Premature end of file.
2026-09-15 03:37:58,016 [ERROR] LogOutputStream:75 - [STDERR_REDIRECT] 
2026-09-15 03:37:59,018 [ERROR] LogOutputStream:75 - [STDERR_REDIRECT] [Fatal Error] :1:1: Premature end of file.
2026-09-15 03:37:59,018 [ERROR] LogOutputStream:75 - [STDERR_REDIRECT] 
2026-09-15 03:38:00,036 [ERROR] LogOutputStream:75 - [STDERR_REDIRECT] [Fatal Error] :1:1: Premature end of file.
2026-09-15 03:38:00,036 [ERROR] LogOutputStream:75 - [STDERR_REDIRECT] 
2026-09-15 03:38:01,026 [ERROR] LogOutputStream:75 - [STDERR_REDIRECT] [Fatal Error] :1:1: Premature end of file.
2026-09-15 03:38:01,026 [ERROR] LogOutputStream:75 - [STDERR_REDIRECT] 
2026-09-15 03:38:02,034 [ERROR] LogOutputStream:75 - [STDERR_REDIRECT] [Fatal Error] :1:1: Premature end of file.
2026-09-15 03:38:02,034 [ERROR] LogOutputStream:75 - [STDERR_REDIRECT] 
2026-09-15 03:38:03,035 [ERROR] LogOutputStream:75 - [STDERR_REDIRECT] [Fatal Error] :1:1: Premature end of file.
2026-09-15 03:38:03,036 [ERROR] LogOutputStream:75 - [STDERR_REDIRECT] 
2026-09-15 03:38:04,033 [ERROR] LogOutputStream:75 - [STDERR_REDIRECT] [Fatal Error] :1:1: Premature end of file.
2026-09-15 03:38:04,033 [ERROR] LogOutputStream:75 - [STDERR_REDIRECT] 
2026-09-15 03:38:05,031 [ERROR] LogOutputStream:75 - [STDERR_REDIRECT] [Fatal Error] :1:1: Premature end of file.
2026-09-15 03:38:05,031 [ERROR] LogOutputStream:75 - [STDERR_REDIRECT] 
2026-09-15 03:38:06,026 [ERROR] LogOutputStream:75 - [STDERR_REDIRECT] [Fatal Error] :1:1: Premature end of file.
2026-09-15 03:38:06,026 [ERROR] LogOutputStream:75 - [STDERR_REDIRECT] 
2026-09-15 03:38:07,027 [ERROR] LogOutputStream:75 - [STDERR_REDIRECT] [Fatal Error] :1:1: Premature end of file.
2026-09-15 03:38:07,027 [ERROR] LogOutputStream:75 - [STDERR_REDIRECT] 
2026-09-15 03:38:08,028 [ERROR] LogOutputStream:75 - [STDERR_REDIRECT] [Fatal Error] :1:1: Premature end of file.
2026-09-15 03:38:08,028 [ERROR] LogOutputStream:75 - [STDERR_REDIRECT] 
2026-09-15 03:38:09,028 [ERROR] LogOutputStream:75 - [STDERR_REDIRECT] [Fatal Error] :1:1: Premature end of file.
2026-09-15 03:38:09,028 [ERROR] LogOutputStream:75 - [STDERR_REDIRECT] 
2026-09-15 03:38:10,024 [ERROR] LogOutputStream:75 - [STDERR_REDIRECT] [Fatal Error] :1:1: Premature end of file.
2026-09-15 03:38:10,024 [ERROR] LogOutputStream:75 - [STDERR_REDIRECT] 
2026-09-15 03:38:11,029 [ERROR] LogOutputStream:75 - [STDERR_REDIRECT] [Fatal Error] :1:1: Premature end of file.
2026-09-15 03:38:11,029 [ERROR] LogOutputStream:75 - [STDERR_REDIRECT] 
2026-09-15 03:38:12,021 [ERROR] LogOutputStream:75 - [STDERR_REDIRECT] [Fatal Error] :1:1: Premature end of file.
2026-09-15 03:38:12,021 [ERROR] LogOutputStream:75 - [STDERR_REDIRECT] 
2026-09-15 03:38:13,029 [ERROR] LogOutputStream:75 - [STDERR_REDIRECT] [Fatal Error] :1:1: Premature end of file.
2026-09-15 03:38:13,029 [ERROR] LogOutputStream:75 - [STDERR_REDIRECT] 
2026-09-15 03:38:14,028 [ERROR] LogOutputStream:75 - [STDERR_REDIRECT] [Fatal Error] :1:1: Premature end of file.
2026-09-15 03:38:14,028 [ERROR] LogOutputStream:75 - [STDERR_REDIRECT] 
2026-09-15 03:38:15,024 [ERROR] LogOutputStream:75 - [STDERR_REDIRECT] [Fatal Error] :1:1: Premature end of file.
2026-09-15 03:38:15,024 [ERROR] LogOutputStream:75 - [STDERR_REDIRECT] 
2026-09-15 03:38:16,035 [ERROR] LogOutputStream:75 - [STDERR_REDIRECT] [Fatal Error] :1:1: Premature end of file.
2026-09-15 03:38:16,035 [ERROR] LogOutputStream:75 - [STDERR_REDIRECT] 
2026-09-15 03:38:17,028 [ERROR] LogOutputStream:75 - [STDERR_REDIRECT] [Fatal Error] :1:1: Premature end of file.
2026-09-15 03:38:17,028 [ERROR] LogOutputStream:75 - [STDERR_REDIRECT] 
2026-09-15 03:38:18,032 [ERROR] LogOutputStream:75 - [STDERR_REDIRECT] [Fatal Error] :1:1: Premature end of file.
2026-09-15 03:38:18,032 [ERROR] LogOutputStream:75 - [STDERR_REDIRECT] 
2026-09-15 03:38:19,031 [ERROR] LogOutputStream:75 - [STDERR_REDIRECT] [Fatal Error] :1:1: Premature end of file.
2026-09-15 03:38:19,031 [ERROR] LogOutputStream:75 - [STDERR_REDIRECT] 
2026-09-15 03:38:20,016 [ERROR] LogOutputStream:75 - [STDERR_REDIRECT] [Fatal Error] :1:1: Premature end of file.
2026-09-15 03:38:20,016 [ERROR] LogOutputStream:75 - [STDERR_REDIRECT] 
2026-09-15 03:38:21,024 [ERROR] LogOutputStream:75 - [STDERR_REDIRECT] [Fatal Error] :1:1: Premature end of file.
2026-09-15 03:38:21,024 [ERROR] LogOutputStream:75 - [STDERR_REDIRECT] 
2026-09-15 03:38:22,028 [ERROR] LogOutputStream:75 - [STDERR_REDIRECT] [Fatal Error] :1:1: Premature end of file.
2026-09-15 03:38:22,028 [ERROR] LogOutputStream:75 - [STDERR_REDIRECT] 
2026-09-15 03:38:23,020 [ERROR] LogOutputStream:75 - [STDERR_REDIRECT] [Fatal Error] :1:1: Premature end of file.
2026-09-15 03:38:23,020 [ERROR] LogOutputStream:75 - [STDERR_REDIRECT] 
2026-09-15 03:38:24,014 [ERROR] LogOutputStream:75 - [STDERR_REDIRECT] [Fatal Error] :1:1: Premature end of file.
2026-09-15 03:38:24,014 [ERROR] LogOutputStream:75 - [STDERR_REDIRECT] 
2026-09-15 03:38:25,016 [ERROR] LogOutputStream:75 - [STDERR_REDIRECT] [Fatal Error] :1:1: Premature end of file.
2026-09-15 03:38:25,016 [ERROR] LogOutputStream:75 - [STDERR_REDIRECT] 
2026-09-15 03:38:26,035 [ERROR] LogOutputStream:75 - [STDERR_REDIRECT] [Fatal Error] :1:1: Premature end of file.
2026-09-15 03:38:26,035 [ERROR] LogOutputStream:75 - [STDERR_REDIRECT] 
2026-09-15 03:38:27,037 [ERROR] LogOutputStream:75 - [STDERR_REDIRECT] [Fatal Error] :1:1: Premature end of file.
2026-09-15 03:38:27,037 [ERROR] LogOutputStream:75 - [STDERR_REDIRECT] 
2026-09-15 03:38:28,033 [ERROR] LogOutputStream:75 - [STDERR_REDIRECT] [Fatal Error] :1:1: Premature end of file.
2026-09-15 03:38:28,033 [ERROR] LogOutputStream:75 - [STDERR_REDIRECT] 
2026-09-15 03:38:29,033 [ERROR] LogOutputStream:75 - [STDERR_REDIRECT] [Fatal Error] :1:1: Premature end of file.
2026-09-15 03:38:29,033 [ERROR] LogOutputStream:75 - [STDERR_REDIRECT] 
2026-09-15 03:38:30,024 [ERROR] LogOutputStream:75 - [STDERR_REDIRECT] [Fatal Error] :1:1: Premature end of file.
2026-09-15 03:38:30,024 [ERROR] LogOutputStream:75 - [STDERR_REDIRECT] 
2026-09-15 03:38:31,022 [ERROR] LogOutputStream:75 - [STDERR_REDIRECT] [Fatal Error] :1:1: Premature end of file.
2026-09-15 03:38:31,022 [ERROR] LogOutputStream:75 - [STDERR_REDIRECT] 
2026-09-15 03:38:32,024 [ERROR] LogOutputStream:75 - [STDERR_REDIRECT] [Fatal Error] :1:1: Premature end of file.
2026-09-15 03:38:32,024 [ERROR] LogOutputStream:75 - [STDERR_REDIRECT] 
2026-09-15 03:38:33,013 [ERROR] LogOutputStream:75 - [STDERR_REDIRECT] [Fatal Error] :1:1: Premature end of file.
2026-09-15 03:38:33,013 [ERROR] LogOutputStream:75 - [STDERR_REDIRECT] 
2026-09-15 03:38:34,012 [ERROR] LogOutputStream:75 - [STDERR_REDIRECT] [Fatal Error] :1:1: Premature end of file.
2026-09-15 03:38:34,012 [ERROR] LogOutputStream:75 - [STDERR_REDIRECT] 
2026-09-15 03:38:35,012 [ERROR] LogOutputStream:75 - [STDERR_REDIRECT] [Fatal Error] :1:1: Premature end of file.
2026-09-15 03:38:35,012 [ERROR] LogOutputStream:75 - [STDERR_REDIRECT] 
2026-09-15 03:38:36,012 [ERROR] LogOutputStream:75 - [STDERR_REDIRECT] [Fatal Error] :1:1: Premature end of file.
2026-09-15 03:38:36,012 [ERROR] LogOutputStream:75 - [STDERR_REDIRECT] 
2026-09-15 03:38:37,016 [ERROR] LogOutputStream:75 - [STDERR_REDIRECT] [Fatal Error] :1:1: Premature end of file.
2026-09-15 03:38:37,016 [ERROR] LogOutputStream:75 - [STDERR_REDIRECT] 
2026-09-15 03:38:38,024 [ERROR] LogOutputStream:75 - [STDERR_REDIRECT] [Fatal Error] :1:1: Premature end of file.
2026-09-15 03:38:38,024 [ERROR] LogOutputStream:75 - [STDERR_REDIRECT] 
2026-09-15 03:38:39,015 [ERROR] LogOutputStream:75 - [STDERR_REDIRECT] [Fatal Error] :1:1: Premature end of file.
2026-09-15 03:38:39,015 [ERROR] LogOutputStream:75 - [STDERR_REDIRECT] 
2026-09-15 03:38:40,025 [ERROR] LogOutputStream:75 - [STDERR_REDIRECT] [Fatal Error] :1:1: Premature end of file.
2026-09-15 03:38:40,025 [ERROR] LogOutputStream:75 - [STDERR_REDIRECT] 
2026-09-15 03:38:41,031 [ERROR] LogOutputStream:75 - [STDERR_REDIRECT] [Fatal Error] :1:1: Premature end of file.
2026-09-15 03:38:41,031 [ERROR] LogOutputStream:75 - [STDERR_REDIRECT] 
2026-09-15 03:38:42,039 [ERROR] LogOutputStream:75 - [STDERR_REDIRECT] [Fatal Error] :1:1: Premature end of file.
2026-09-15 03:38:42,039 [ERROR] LogOutputStream:75 - [STDERR_REDIRECT] 
2026-09-15 03:38:43,024 [ERROR] LogOutputStream:75 - [STDERR_REDIRECT] [Fatal Error] :1:1: Premature end of file.
2026-09-15 03:38:43,024 [ERROR] LogOutputStream:75 - [STDERR_REDIRECT] 
2026-09-15 03:38:44,023 [ERROR] LogOutputStream:75 - [STDERR_REDIRECT] [Fatal Error] :1:1: Premature end of file.
2026-09-15 03:38:44,023 [ERROR] LogOutputStream:75 - [STDERR_REDIRECT] 
2026-09-15 03:38:45,012 [ERROR] LogOutputStream:75 - [STDERR_REDIRECT] [Fatal Error] :1:1: Premature end of file.
2026-09-15 03:38:45,012 [ERROR] LogOutputStream:75 - [STDERR_REDIRECT] 
2026-09-15 03:38:46,018 [ERROR] LogOutputStream:75 - [STDERR_REDIRECT] [Fatal Error] :1:1: Premature end of file.
2026-09-15 03:38:46,018 [ERROR] LogOutputStream:75 - [STDERR_REDIRECT] 
2026-09-15 03:38:47,016 [ERROR] LogOutputStream:75 - [STDERR_REDIRECT] [Fatal Error] :1:1: Premature end of file.
2026-09-15 03:38:47,016 [ERROR] LogOutputStream:75 - [STDERR_REDIRECT] 
2026-09-15 03:38:48,018 [ERROR] LogOutputStream:75 - [STDERR_REDIRECT] [Fatal Error] :1:1: Premature end of file.
2026-09-15 03:38:48,018 [ERROR] LogOutputStream:75 - [STDERR_REDIRECT] 
2026-09-15 03:38:49,011 [ERROR] LogOutputStream:75 - [STDERR_REDIRECT] [Fatal Error] :1:1: Premature end of file.
2026-09-15 03:38:49,011 [ERROR] LogOutputStream:75 - [STDERR_REDIRECT] 
2026-09-15 03:38:50,010 [ERROR] LogOutputStream:75 - [STDERR_REDIRECT] [Fatal Error] :1:1: Premature end of file.
2026-09-15 03:38:50,010 [ERROR] LogOutputStream:75 - [STDERR_REDIRECT] 
2026-09-15 03:38:51,016 [ERROR] LogOutputStream:75 - [STDERR_REDIRECT] [Fatal Error] :1:1: Premature end of file.
2026-09-15 03:38:51,016 [ERROR] LogOutputStream:75 - [STDERR_REDIRECT] 
2026-09-15 03:38:52,025 [ERROR] LogOutputStream:75 - [STDERR_REDIRECT] [Fatal Error] :1:1: Premature end of file.
2026-09-15 03:38:52,025 [ERROR] LogOutputStream:75 - [STDERR_REDIRECT] 
2026-09-15 03:38:53,023 [ERROR] LogOutputStream:75 - [STDERR_REDIRECT] [Fatal Error] :1:1: Premature end of file.
2026-09-15 03:38:53,023 [ERROR] LogOutputStream:75 - [STDERR_REDIRECT] 
2026-09-15 03:38:54,021 [ERROR] LogOutputStream:75 - [STDERR_REDIRECT] [Fatal Error] :1:1: Premature end of file.
2026-09-15 03:38:54,021 [ERROR] LogOutputStream:75 - [STDERR_REDIRECT] 
2026-09-15 03:38:55,013 [ERROR] LogOutputStream:75 - [STDERR_REDIRECT] [Fatal Error] :1:1: Premature end of file.
2026-09-15 03:38:55,013 [ERROR] LogOutputStream:75 - [STDERR_REDIRECT] 
2026-09-15 03:38:56,028 [ERROR] LogOutputStream:75 - [STDERR_REDIRECT] [Fatal Error] :1:1: Premature end of file.
2026-09-15 03:38:56,028 [ERROR] LogOutputStream:75 - [STDERR_REDIRECT] 
2026-09-15 03:38:57,019 [ERROR] LogOutputStream:75 - [STDERR_REDIRECT] [Fatal Error] :1:1: Premature end of file.
2026-09-15 03:38:57,019 [ERROR] LogOutputStream:75 - [STDERR_REDIRECT] 
2026-09-15 03:38:58,011 [ERROR] LogOutputStream:75 - [STDERR_REDIRECT] [Fatal Error] :1:1: Premature end of file.
2026-09-15 03:38:58,011 [ERROR] LogOutputStream:75 - [STDERR_REDIRECT] 
2026-09-15 03:38:59,020 [ERROR] LogOutputStream:75 - [STDERR_REDIRECT] [Fatal Error] :1:1: Premature end of file.
2026-09-15 03:38:59,020 [ERROR] LogOutputStream:75 - [STDERR_REDIRECT] 
2026-09-15 03:39:00,026 [ERROR] LogOutputStream:75 - [STDERR_REDIRECT] [Fatal Error] :1:1: Premature end of file.
2026-09-15 03:39:00,026 [ERROR] LogOutputStream:75 - [STDERR_REDIRECT] 
2026-09-15 03:39:01,015 [ERROR] LogOutputStream:75 - [STDERR_REDIRECT] [Fatal Error] :1:1: Premature end of file.
2026-09-15 03:39:01,015 [ERROR] LogOutputStream:75 - [STDERR_REDIRECT] 
2026-09-15 03:39:02,022 [ERROR] LogOutputStream:75 - [STDERR_REDIRECT] [Fatal Error] :1:1: Premature end of file.
2026-09-15 03:39:02,022 [ERROR] LogOutputStream:75 - [STDERR_REDIRECT] 
2026-09-15 03:39:03,013 [ERROR] LogOutputStream:75 - [STDERR_REDIRECT] [Fatal Error] :1:1: Premature end of file.
2026-09-15 03:39:03,013 [ERROR] LogOutputStream:75 - [STDERR_REDIRECT] 
2026-09-15 03:39:04,033 [ERROR] LogOutputStream:75 - [STDERR_REDIRECT] [Fatal Error] :1:1: Premature end of file.
2026-09-15 03:39:04,033 [ERROR] LogOutputStream:75 - [STDERR_REDIRECT] 
2026-09-15 03:39:05,012 [ERROR] LogOutputStream:75 - [STDERR_REDIRECT] [Fatal Error] :1:1: Premature end of file.
2026-09-15 03:39:05,012 [ERROR] LogOutputStream:75 - [STDERR_REDIRECT] 
2026-09-15 03:39:06,033 [ERROR] LogOutputStream:75 - [STDERR_REDIRECT] [Fatal Error] :1:1: Premature end of file.
2026-09-15 03:39:06,033 [ERROR] LogOutputStream:75 - [STDERR_REDIRECT] 
2026-09-15 03:39:07,033 [ERROR] LogOutputStream:75 - [STDERR_REDIRECT] [Fatal Error] :1:1: Premature end of file.
2026-09-15 03:39:07,033 [ERROR] LogOutputStream:75 - [STDERR_REDIRECT] 
2026-09-15 03:39:08,017 [ERROR] LogOutputStream:75 - [STDERR_REDIRECT] [Fatal Error] :1:1: Premature end of file.
2026-09-15 03:39:08,017 [ERROR] LogOutputStream:75 - [STDERR_REDIRECT] 
2026-09-15 03:39:09,020 [ERROR] LogOutputStream:75 - [STDERR_REDIRECT] [Fatal Error] :1:1: Premature end of file.
2026-09-15 03:39:09,020 [ERROR] LogOutputStream:75 - [STDERR_REDIRECT] 
2026-09-15 03:39:10,014 [ERROR] LogOutputStream:75 - [STDERR_REDIRECT] [Fatal Error] :1:1: Premature end of file.
2026-09-15 03:39:10,014 [ERROR] LogOutputStream:75 - [STDERR_REDIRECT] 
2026-09-15 03:39:11,016 [ERROR] LogOutputStream:75 - [STDERR_REDIRECT] [Fatal Error] :1:1: Premature end of file.
2026-09-15 03:39:11,016 [ERROR] LogOutputStream:75 - [STDERR_REDIRECT] 
2026-09-15 03:39:12,017 [ERROR] LogOutputStream:75 - [STDERR_REDIRECT] [Fatal Error] :1:1: Premature end of file.
2026-09-15 03:39:12,017 [ERROR] LogOutputStream:75 - [STDERR_REDIRECT] 
2026-09-15 03:39:13,023 [ERROR] LogOutputStream:75 - [STDERR_REDIRECT] [Fatal Error] :1:1: Premature end of file.
2026-09-15 03:39:13,023 [ERROR] LogOutputStream:75 - [STDERR_REDIRECT] 
2026-09-15 03:39:14,024 [ERROR] LogOutputStream:75 - [STDERR_REDIRECT] [Fatal Error] :1:1: Premature end of file.
2026-09-15 03:39:14,024 [ERROR] LogOutputStream:75 - [STDERR_REDIRECT] 
2026-09-15 03:39:15,020 [ERROR] LogOutputStream:75 - [STDERR_REDIRECT] [Fatal Error] :1:1: Premature end of file.
2026-09-15 03:39:15,020 [ERROR] LogOutputStream:75 - [STDERR_REDIRECT] 
2026-09-15 03:39:16,024 [ERROR] LogOutputStream:75 - [STDERR_REDIRECT] [Fatal Error] :1:1: Premature end of file.
2026-09-15 03:39:16,024 [ERROR] LogOutputStream:75 - [STDERR_REDIRECT] 
2026-09-15 03:39:17,027 [ERROR] LogOutputStream:75 - [STDERR_REDIRECT] [Fatal Error] :1:1: Premature end of file.
2026-09-15 03:39:17,027 [ERROR] LogOutputStream:75 - [STDERR_REDIRECT] 
2026-09-15 03:39:18,028 [ERROR] LogOutputStream:75 - [STDERR_REDIRECT] [Fatal Error] :1:1: Premature end of file.
2026-09-15 03:39:18,028 [ERROR] LogOutputStream:75 - [STDERR_REDIRECT] 
2026-09-15 03:39:19,010 [ERROR] LogOutputStream:75 - [STDERR_REDIRECT] [Fatal Error] :1:1: Premature end of file.
2026-09-15 03:39:19,010 [ERROR] LogOutputStream:75 - [STDERR_REDIRECT] 
2026-09-15 03:39:20,033 [ERROR] LogOutputStream:75 - [STDERR_REDIRECT] [Fatal Error] :1:1: Premature end of file.
2026-09-15 03:39:20,033 [ERROR] LogOutputStream:75 - [STDERR_REDIRECT] 
2026-09-15 03:39:21,039 [ERROR] LogOutputStream:75 - [STDERR_REDIRECT] [Fatal Error] :1:1: Premature end of file.
2026-09-15 03:39:21,039 [ERROR] LogOutputStream:75 - [STDERR_REDIRECT] 
2026-09-15 03:39:22,040 [ERROR] LogOutputStream:75 - [STDERR_REDIRECT] [Fatal Error] :1:1: Premature end of file.
2026-09-15 03:39:22,040 [ERROR] LogOutputStream:75 - [STDERR_REDIRECT] 
2026-09-15 03:39:23,029 [ERROR] LogOutputStream:75 - [STDERR_REDIRECT] [Fatal Error] :1:1: Premature end of file.
2026-09-15 03:39:23,029 [ERROR] LogOutputStream:75 - [STDERR_REDIRECT] 
2026-09-15 03:39:24,034 [ERROR] LogOutputStream:75 - [STDERR_REDIRECT] [Fatal Error] :1:1: Premature end of file.
2026-09-15 03:39:24,034 [ERROR] LogOutputStream:75 - [STDERR_REDIRECT] 
2026-09-15 03:39:25,026 [ERROR] LogOutputStream:75 - [STDERR_REDIRECT] [Fatal Error] :1:1: Premature end of file.
2026-09-15 03:39:25,026 [ERROR] LogOutputStream:75 - [STDERR_REDIRECT] 
2026-09-15 03:39:26,037 [ERROR] LogOutputStream:75 - [STDERR_REDIRECT] [Fatal Error] :1:1: Premature end of file.
2026-09-15 03:39:26,039 [ERROR] LogOutputStream:75 - [STDERR_REDIRECT] 
2026-09-15 03:39:27,025 [ERROR] LogOutputStream:75 - [STDERR_REDIRECT] [Fatal Error] :1:1: Premature end of file.
2026-09-15 03:39:27,025 [ERROR] LogOutputStream:75 - [STDERR_REDIRECT] 
2026-09-15 03:39:28,040 [ERROR] LogOutputStream:75 - [STDERR_REDIRECT] [Fatal Error] :1:1: Premature end of file.
2026-09-15 03:39:28,040 [ERROR] LogOutputStream:75 - [STDERR_REDIRECT] 
2026-09-15 03:39:29,014 [ERROR] LogOutputStream:75 - [STDERR_REDIRECT] [Fatal Error] :1:1: Premature end of file.
2026-09-15 03:39:29,014 [ERROR] LogOutputStream:75 - [STDERR_REDIRECT] 
2026-09-15 03:39:30,036 [ERROR] LogOutputStream:75 - [STDERR_REDIRECT] [Fatal Error] :1:1: Premature end of file.
2026-09-15 03:39:30,036 [ERROR] LogOutputStream:75 - [STDERR_REDIRECT] 
2026-09-15 03:39:31,029 [ERROR] LogOutputStream:75 - [STDERR_REDIRECT] [Fatal Error] :1:1: Premature end of file.
2026-09-15 03:39:31,029 [ERROR] LogOutputStream:75 - [STDERR_REDIRECT] 
2026-09-15 03:39:32,024 [ERROR] LogOutputStream:75 - [STDERR_REDIRECT] [Fatal Error] :1:1: Premature end of file.
2026-09-15 03:39:32,024 [ERROR] LogOutputStream:75 - [STDERR_REDIRECT] 
2026-09-15 03:39:33,025 [ERROR] LogOutputStream:75 - [STDERR_REDIRECT] [Fatal Error] :1:1: Premature end of file.
2026-09-15 03:39:33,025 [ERROR] LogOutputStream:75 - [STDERR_REDIRECT] 
2026-09-15 03:39:34,028 [ERROR] LogOutputStream:75 - [STDERR_REDIRECT] [Fatal Error] :1:1: Premature end of file.
2026-09-15 03:39:34,028 [ERROR] LogOutputStream:75 - [STDERR_REDIRECT] 
2026-09-15 03:39:35,026 [ERROR] LogOutputStream:75 - [STDERR_REDIRECT] [Fatal Error] :1:1: Premature end of file.
2026-09-15 03:39:35,026 [ERROR] LogOutputStream:75 - [STDERR_REDIRECT] 
2026-09-15 03:39:36,031 [ERROR] LogOutputStream:75 - [STDERR_REDIRECT] [Fatal Error] :1:1: Premature end of file.
2026-09-15 03:39:36,031 [ERROR] LogOutputStream:75 - [STDERR_REDIRECT] 
2026-09-15 03:39:37,032 [ERROR] LogOutputStream:75 - [STDERR_REDIRECT] [Fatal Error] :1:1: Premature end of file.
2026-09-15 03:39:37,032 [ERROR] LogOutputStream:75 - [STDERR_REDIRECT] 
2026-09-15 03:39:38,022 [ERROR] LogOutputStream:75 - [STDERR_REDIRECT] [Fatal Error] :1:1: Premature end of file.
2026-09-15 03:39:38,022 [ERROR] LogOutputStream:75 - [STDERR_REDIRECT] 
2026-09-15 03:39:39,015 [ERROR] LogOutputStream:75 - [STDERR_REDIRECT] [Fatal Error] :1:1: Premature end of file.
2026-09-15 03:39:39,015 [ERROR] LogOutputStream:75 - [STDERR_REDIRECT] 
2026-09-15 03:39:40,031 [ERROR] LogOutputStream:75 - [STDERR_REDIRECT] [Fatal Error] :1:1: Premature end of file.
2026-09-15 03:39:40,031 [ERROR] LogOutputStream:75 - [STDERR_REDIRECT] 
2026-09-15 03:39:41,018 [ERROR] LogOutputStream:75 - [STDERR_REDIRECT] [Fatal Error] :1:1: Premature end of file.
2026-09-15 03:39:41,018 [ERROR] LogOutputStream:75 - [STDERR_REDIRECT] 
2026-09-15 03:39:42,022 [ERROR] LogOutputStream:75 - [STDERR_REDIRECT] [Fatal Error] :1:1: Premature end of file.
2026-09-15 03:39:42,022 [ERROR] LogOutputStream:75 - [STDERR_REDIRECT] 
2026-09-15 03:39:43,012 [ERROR] LogOutputStream:75 - [STDERR_REDIRECT] [Fatal Error] :1:1: Premature end of file.
2026-09-15 03:39:43,012 [ERROR] LogOutputStream:75 - [STDERR_REDIRECT] 
2026-09-15 03:39:44,019 [ERROR] LogOutputStream:75 - [STDERR_REDIRECT] [Fatal Error] :1:1: Premature end of file.
2026-09-15 03:39:44,019 [ERROR] LogOutputStream:75 - [STDERR_REDIRECT] 
2026-09-15 03:39:45,028 [ERROR] LogOutputStream:75 - [STDERR_REDIRECT] [Fatal Error] :1:1: Premature end of file.
2026-09-15 03:39:45,028 [ERROR] LogOutputStream:75 - [STDERR_REDIRECT] 
2026-09-15 03:39:46,036 [ERROR] LogOutputStream:75 - [STDERR_REDIRECT] [Fatal Error] :1:1: Premature end of file.
2026-09-15 03:39:46,036 [ERROR] LogOutputStream:75 - [STDERR_REDIRECT] 
2026-09-15 03:39:47,015 [ERROR] LogOutputStream:75 - [STDERR_REDIRECT] [Fatal Error] :1:1: Premature end of file.
2026-09-15 03:39:47,015 [ERROR] LogOutputStream:75 - [STDERR_REDIRECT] 
2026-09-15 03:39:48,038 [ERROR] LogOutputStream:75 - [STDERR_REDIRECT] [Fatal Error] :1:1: Premature end of file.
2026-09-15 03:39:48,038 [ERROR] LogOutputStream:75 - [STDERR_REDIRECT] 
2026-09-15 03:39:49,022 [ERROR] LogOutputStream:75 - [STDERR_REDIRECT] [Fatal Error] :1:1: Premature end of file.
2026-09-15 03:39:49,022 [ERROR] LogOutputStream:75 - [STDERR_REDIRECT] 
2026-09-15 03:39:50,018 [ERROR] LogOutputStream:75 - [STDERR_REDIRECT] [Fatal Error] :1:1: Premature end of file.
2026-09-15 03:39:50,018 [ERROR] LogOutputStream:75 - [STDERR_REDIRECT] 
2026-09-15 03:39:51,029 [ERROR] LogOutputStream:75 - [STDERR_REDIRECT] [Fatal Error] :1:1: Premature end of file.
2026-09-15 03:39:51,029 [ERROR] LogOutputStream:75 - [STDERR_REDIRECT] 
2026-09-15 03:39:52,022 [ERROR] LogOutputStream:75 - [STDERR_REDIRECT] [Fatal Error] :1:1: Premature end of file.
2026-09-15 03:39:52,022 [ERROR] LogOutputStream:75 - [STDERR_REDIRECT] 
2026-09-15 03:39:53,025 [ERROR] LogOutputStream:75 - [STDERR_REDIRECT] [Fatal Error] :1:1: Premature end of file.
2026-09-15 03:39:53,025 [ERROR] LogOutputStream:75 - [STDERR_REDIRECT] 
2026-09-15 03:39:54,010 [ERROR] LogOutputStream:75 - [STDERR_REDIRECT] [Fatal Error] :1:1: Premature end of file.
2026-09-15 03:39:54,010 [ERROR] LogOutputStream:75 - [STDERR_REDIRECT] 
2026-09-15 03:39:55,012 [ERROR] LogOutputStream:75 - [STDERR_REDIRECT] [Fatal Error] :1:1: Premature end of file.
2026-09-15 03:39:55,012 [ERROR] LogOutputStream:75 - [STDERR_REDIRECT] 
2026-09-15 03:39:56,014 [ERROR] LogOutputStream:75 - [STDERR_REDIRECT] [Fatal Error] :1:1: Premature end of file.
2026-09-15 03:39:56,014 [ERROR] LogOutputStream:75 - [STDERR_REDIRECT] 
2026-09-15 03:39:57,030 [ERROR] LogOutputStream:75 - [STDERR_REDIRECT] [Fatal Error] :1:1: Premature end of file.
2026-09-15 03:39:57,030 [ERROR] LogOutputStream:75 - [STDERR_REDIRECT] 
2026-09-15 03:39:58,019 [ERROR] LogOutputStream:75 - [STDERR_REDIRECT] [Fatal Error] :1:1: Premature end of file.
2026-09-15 03:39:58,019 [ERROR] LogOutputStream:75 - [STDERR_REDIRECT] 
2026-09-15 03:39:59,017 [ERROR] LogOutputStream:75 - [STDERR_REDIRECT] [Fatal Error] :1:1: Premature end of file.
2026-09-15 03:39:59,017 [ERROR] LogOutputStream:75 - [STDERR_REDIRECT] 
2026-09-15 03:40:00,037 [ERROR] LogOutputStream:75 - [STDERR_REDIRECT] [Fatal Error] :1:1: Premature end of file.
2026-09-15 03:40:00,037 [ERROR] LogOutputStream:75 - [STDERR_REDIRECT] 
2026-09-15 03:40:01,025 [ERROR] LogOutputStream:75 - [STDERR_REDIRECT] [Fatal Error] :1:1: Premature end of file.
2026-09-15 03:40:01,025 [ERROR] LogOutputStream:75 - [STDERR_REDIRECT] 
2026-09-15 03:40:02,012 [ERROR] LogOutputStream:75 - [STDERR_REDIRECT] [Fatal Error] :1:1: Premature end of file.
2026-09-15 03:40:02,012 [ERROR] LogOutputStream:75 - [STDERR_REDIRECT] 
2026-09-15 03:40:03,029 [ERROR] LogOutputStream:75 - [STDERR_REDIRECT] [Fatal Error] :1:1: Premature end of file.
2026-09-15 03:40:03,029 [ERROR] LogOutputStream:75 - [STDERR_REDIRECT] 
2026-09-15 03:40:04,029 [ERROR] LogOutputStream:75 - [STDERR_REDIRECT] [Fatal Error] :1:1: Premature end of file.
2026-09-15 03:40:04,029 [ERROR] LogOutputStream:75 - [STDERR_REDIRECT] 
2026-09-15 03:40:05,022 [ERROR] LogOutputStream:75 - [STDERR_REDIRECT] [Fatal Error] :1:1: Premature end of file.
2026-09-15 03:40:05,022 [ERROR] LogOutputStream:75 - [STDERR_REDIRECT] 
2026-09-15 03:40:06,029 [ERROR] LogOutputStream:75 - [STDERR_REDIRECT] [Fatal Error] :1:1: Premature end of file.
2026-09-15 03:40:06,029 [ERROR] LogOutputStream:75 - [STDERR_REDIRECT] 
2026-09-15 03:40:07,025 [ERROR] LogOutputStream:75 - [STDERR_REDIRECT] [Fatal Error] :1:1: Premature end of file.
2026-09-15 03:40:07,025 [ERROR] LogOutputStream:75 - [STDERR_REDIRECT] 
2026-09-15 03:40:08,016 [ERROR] LogOutputStream:75 - [STDERR_REDIRECT] [Fatal Error] :1:1: Premature end of file.
2026-09-15 03:40:08,016 [ERROR] LogOutputStream:75 - [STDERR_REDIRECT] 
2026-09-15 03:40:09,015 [ERROR] LogOutputStream:75 - [STDERR_REDIRECT] [Fatal Error] :1:1: Premature end of file.
2026-09-15 03:40:09,015 [ERROR] LogOutputStream:75 - [STDERR_REDIRECT] 
2026-09-15 03:40:10,022 [ERROR] LogOutputStream:75 - [STDERR_REDIRECT] [Fatal Error] :1:1: Premature end of file.
2026-09-15 03:40:10,022 [ERROR] LogOutputStream:75 - [STDERR_REDIRECT] 
2026-09-15 03:40:11,018 [ERROR] LogOutputStream:75 - [STDERR_REDIRECT] [Fatal Error] :1:1: Premature end of file.
2026-09-15 03:40:11,018 [ERROR] LogOutputStream:75 - [STDERR_REDIRECT] 
2026-09-15 03:40:12,023 [ERROR] LogOutputStream:75 - [STDERR_REDIRECT] [Fatal Error] :1:1: Premature end of file.
2026-09-15 03:40:12,023 [ERROR] LogOutputStream:75 - [STDERR_REDIRECT] 
2026-09-15 03:40:13,028 [ERROR] LogOutputStream:75 - [STDERR_REDIRECT] [Fatal Error] :1:1: Premature end of file.
2026-09-15 03:40:13,028 [ERROR] LogOutputStream:75 - [STDERR_REDIRECT] 
2026-09-15 03:40:14,018 [ERROR] LogOutputStream:75 - [STDERR_REDIRECT] [Fatal Error] :1:1: Premature end of file.
2026-09-15 03:40:14,018 [ERROR] LogOutputStream:75 - [STDERR_REDIRECT] 
2026-09-15 03:40:15,018 [ERROR] LogOutputStream:75 - [STDERR_REDIRECT] [Fatal Error] :1:1: Premature end of file.
2026-09-15 03:40:15,018 [ERROR] LogOutputStream:75 - [STDERR_REDIRECT] 
2026-09-15 03:40:16,019 [ERROR] LogOutputStream:75 - [STDERR_REDIRECT] [Fatal Error] :1:1: Premature end of file.
2026-09-15 03:40:16,019 [ERROR] LogOutputStream:75 - [STDERR_REDIRECT] 
2026-09-15 03:40:17,037 [ERROR] LogOutputStream:75 - [STDERR_REDIRECT] [Fatal Error] :1:1: Premature end of file.
2026-09-15 03:40:17,037 [ERROR] LogOutputStream:75 - [STDERR_REDIRECT] 
2026-09-15 03:40:18,024 [ERROR] LogOutputStream:75 - [STDERR_REDIRECT] [Fatal Error] :1:1: Premature end of file.
2026-09-15 03:40:18,024 [ERROR] LogOutputStream:75 - [STDERR_REDIRECT] 
2026-09-15 03:40:19,042 [ERROR] LogOutputStream:75 - [STDERR_REDIRECT] [Fatal Error] :1:1: Premature end of file.
2026-09-15 03:40:19,042 [ERROR] LogOutputStream:75 - [STDERR_REDIRECT] 
2026-09-15 03:40:20,035 [ERROR] LogOutputStream:75 - [STDERR_REDIRECT] [Fatal Error] :1:1: Premature end of file.
2026-09-15 03:40:20,035 [ERROR] LogOutputStream:75 - [STDERR_REDIRECT] 
2026-09-15 03:40:21,027 [ERROR] LogOutputStream:75 - [STDERR_REDIRECT] [Fatal Error] :1:1: Premature end of file.
2026-09-15 03:40:21,027 [ERROR] LogOutputStream:75 - [STDERR_REDIRECT] 
2026-09-15 03:40:22,036 [ERROR] LogOutputStream:75 - [STDERR_REDIRECT] [Fatal Error] :1:1: Premature end of file.
2026-09-15 03:40:22,036 [ERROR] LogOutputStream:75 - [STDERR_REDIRECT] 
2026-09-15 03:40:23,031 [ERROR] LogOutputStream:75 - [STDERR_REDIRECT] [Fatal Error] :1:1: Premature end of file.
2026-09-15 03:40:23,031 [ERROR] LogOutputStream:75 - [STDERR_REDIRECT] 
2026-09-15 03:40:24,012 [ERROR] LogOutputStream:75 - [STDERR_REDIRECT] [Fatal Error] :1:1: Premature end of file.
2026-09-15 03:40:24,012 [ERROR] LogOutputStream:75 - [STDERR_REDIRECT] 
2026-09-15 03:40:25,011 [ERROR] LogOutputStream:75 - [STDERR_REDIRECT] [Fatal Error] :1:1: Premature end of file.
2026-09-15 03:40:25,011 [ERROR] LogOutputStream:75 - [STDERR_REDIRECT] 
2026-09-15 03:40:26,012 [ERROR] LogOutputStream:75 - [STDERR_REDIRECT] [Fatal Error] :1:1: Premature end of file.
2026-09-15 03:40:26,012 [ERROR] LogOutputStream:75 - [STDERR_REDIRECT] 
2026-09-15 03:40:27,018 [ERROR] LogOutputStream:75 - [STDERR_REDIRECT] [Fatal Error] :1:1: Premature end of file.
2026-09-15 03:40:27,018 [ERROR] LogOutputStream:75 - [STDERR_REDIRECT] 
2026-09-15 03:40:28,034 [ERROR] LogOutputStream:75 - [STDERR_REDIRECT] [Fatal Error] :1:1: Premature end of file.
2026-09-15 03:40:28,034 [ERROR] LogOutputStream:75 - [STDERR_REDIRECT] 
2026-09-15 03:40:29,035 [ERROR] LogOutputStream:75 - [STDERR_REDIRECT] [Fatal Error] :1:1: Premature end of file.
2026-09-15 03:40:29,035 [ERROR] LogOutputStream:75 - [STDERR_REDIRECT] 
2026-09-15 03:40:30,028 [ERROR] LogOutputStream:75 - [STDERR_REDIRECT] [Fatal Error] :1:1: Premature end of file.
2026-09-15 03:40:30,028 [ERROR] LogOutputStream:75 - [STDERR_REDIRECT] 
2026-09-15 03:40:31,032 [ERROR] LogOutputStream:75 - [STDERR_REDIRECT] [Fatal Error] :1:1: Premature end of file.
2026-09-15 03:40:31,032 [ERROR] LogOutputStream:75 - [STDERR_REDIRECT] 
2026-09-15 03:40:32,023 [ERROR] LogOutputStream:75 - [STDERR_REDIRECT] [Fatal Error] :1:1: Premature end of file.
2026-09-15 03:40:32,023 [ERROR] LogOutputStream:75 - [STDERR_REDIRECT] 
2026-09-15 03:40:33,030 [ERROR] LogOutputStream:75 - [STDERR_REDIRECT] [Fatal Error] :1:1: Premature end of file.
2026-09-15 03:40:33,030 [ERROR] LogOutputStream:75 - [STDERR_REDIRECT] 
2026-09-15 03:40:34,019 [ERROR] LogOutputStream:75 - [STDERR_REDIRECT] [Fatal Error] :1:1: Premature end of file.
2026-09-15 03:40:34,019 [ERROR] LogOutputStream:75 - [STDERR_REDIRECT] 
2026-09-15 03:40:35,021 [ERROR] LogOutputStream:75 - [STDERR_REDIRECT] [Fatal Error] :1:1: Premature end of file.
2026-09-15 03:40:35,021 [ERROR] LogOutputStream:75 - [STDERR_REDIRECT] 
2026-09-15 03:40:36,025 [ERROR] LogOutputStream:75 - [STDERR_REDIRECT] [Fatal Error] :1:1: Premature end of file.
2026-09-15 03:40:36,025 [ERROR] LogOutputStream:75 - [STDERR_REDIRECT] 
2026-09-15 03:40:37,020 [ERROR] LogOutputStream:75 - [STDERR_REDIRECT] [Fatal Error] :1:1: Premature end of file.
2026-09-15 03:40:37,020 [ERROR] LogOutputStream:75 - [STDERR_REDIRECT] 
2026-09-15 03:40:38,024 [ERROR] LogOutputStream:75 - [STDERR_REDIRECT] [Fatal Error] :1:1: Premature end of file.
2026-09-15 03:40:38,024 [ERROR] LogOutputStream:75 - [STDERR_REDIRECT] 
2026-09-15 03:40:39,020 [ERROR] LogOutputStream:75 - [STDERR_REDIRECT] [Fatal Error] :1:1: Premature end of file.
2026-09-15 03:40:39,020 [ERROR] LogOutputStream:75 - [STDERR_REDIRECT] 
2026-09-15 03:40:40,030 [ERROR] LogOutputStream:75 - [STDERR_REDIRECT] [Fatal Error] :1:1: Premature end of file.
2026-09-15 03:40:40,030 [ERROR] LogOutputStream:75 - [STDERR_REDIRECT] 
2026-09-15 03:40:41,011 [ERROR] LogOutputStream:75 - [STDERR_REDIRECT] [Fatal Error] :1:1: Premature end of file.
2026-09-15 03:40:41,011 [ERROR] LogOutputStream:75 - [STDERR_REDIRECT] 
2026-09-15 03:40:42,013 [ERROR] LogOutputStream:75 - [STDERR_REDIRECT] [Fatal Error] :1:1: Premature end of file.
2026-09-15 03:40:42,013 [ERROR] LogOutputStream:75 - [STDERR_REDIRECT] 
2026-09-15 03:40:43,030 [ERROR] LogOutputStream:75 - [STDERR_REDIRECT] [Fatal Error] :1:1: Premature end of file.
2026-09-15 03:40:43,030 [ERROR] LogOutputStream:75 - [STDERR_REDIRECT] 
2026-09-15 03:40:44,031 [ERROR] LogOutputStream:75 - [STDERR_REDIRECT] [Fatal Error] :1:1: Premature end of file.
2026-09-15 03:40:44,031 [ERROR] LogOutputStream:75 - [STDERR_REDIRECT] 
2026-09-15 03:40:45,023 [ERROR] LogOutputStream:75 - [STDERR_REDIRECT] [Fatal Error] :1:1: Premature end of file.
2026-09-15 03:40:45,023 [ERROR] LogOutputStream:75 - [STDERR_REDIRECT] 
2026-09-15 03:40:46,031 [ERROR] LogOutputStream:75 - [STDERR_REDIRECT] [Fatal Error] :1:1: Premature end of file.
2026-09-15 03:40:46,031 [ERROR] LogOutputStream:75 - [STDERR_REDIRECT] 
2026-09-15 03:40:47,033 [ERROR] LogOutputStream:75 - [STDERR_REDIRECT] [Fatal Error] :1:1: Premature end of file.
2026-09-15 03:40:47,033 [ERROR] LogOutputStream:75 - [STDERR_REDIRECT] 
2026-09-15 03:40:48,017 [ERROR] LogOutputStream:75 - [STDERR_REDIRECT] [Fatal Error] :1:1: Premature end of file.
2026-09-15 03:40:48,017 [ERROR] LogOutputStream:75 - [STDERR_REDIRECT] 
2026-09-15 03:40:49,019 [ERROR] LogOutputStream:75 - [STDERR_REDIRECT] [Fatal Error] :1:1: Premature end of file.
2026-09-15 03:40:49,019 [ERROR] LogOutputStream:75 - [STDERR_REDIRECT] 
2026-09-15 03:40:50,025 [ERROR] LogOutputStream:75 - [STDERR_REDIRECT] [Fatal Error] :1:1: Premature end of file.
2026-09-15 03:40:50,025 [ERROR] LogOutputStream:75 - [STDERR_REDIRECT] 
2026-09-15 03:40:52,809 [ERROR] LogOutputStream:75 - [STDERR_REDIRECT] [Fatal Error] :1:1: Premature end of file.
2026-09-15 03:40:52,809 [ERROR] LogOutputStream:75 - [STDERR_REDIRECT] 
2026-09-15 03:40:52,872 [ERROR] LogOutputStream:75 - [STDERR_REDIRECT] [Fatal Error] :1:1: Premature end of file.
2026-09-15 03:40:52,872 [ERROR] LogOutputStream:75 - [STDERR_REDIRECT] 
2026-09-15 03:40:53,014 [ERROR] LogOutputStream:75 - [STDERR_REDIRECT] [Fatal Error] :1:1: Premature end of file.
2026-09-15 03:40:53,014 [ERROR] LogOutputStream:75 - [STDERR_REDIRECT] 
2026-09-15 03:40:54,015 [ERROR] LogOutputStream:75 - [STDERR_REDIRECT] [Fatal Error] :1:1: Premature end of file.
2026-09-15 03:40:54,015 [ERROR] LogOutputStream:75 - [STDERR_REDIRECT] 
2026-09-15 03:40:55,024 [ERROR] LogOutputStream:75 - [STDERR_REDIRECT] [Fatal Error] :1:1: Premature end of file.
2026-09-15 03:40:55,024 [ERROR] LogOutputStream:75 - [STDERR_REDIRECT] 
2026-09-15 03:40:56,011 [ERROR] LogOutputStream:75 - [STDERR_REDIRECT] [Fatal Error] :1:1: Premature end of file.
2026-09-15 03:40:56,011 [ERROR] LogOutputStream:75 - [STDERR_REDIRECT] 
2026-09-15 03:40:57,010 [ERROR] LogOutputStream:75 - [STDERR_REDIRECT] [Fatal Error] :1:1: Premature end of file.
2026-09-15 03:40:57,010 [ERROR] LogOutputStream:75 - [STDERR_REDIRECT] 
2026-09-15 03:40:58,027 [ERROR] LogOutputStream:75 - [STDERR_REDIRECT] [Fatal Error] :1:1: Premature end of file.
2026-09-15 03:40:58,027 [ERROR] LogOutputStream:75 - [STDERR_REDIRECT] 
2026-09-15 03:40:59,024 [ERROR] LogOutputStream:75 - [STDERR_REDIRECT] [Fatal Error] :1:1: Premature end of file.
2026-09-15 03:40:59,024 [ERROR] LogOutputStream:75 - [STDERR_REDIRECT] 
2026-09-15 03:41:00,036 [ERROR] LogOutputStream:75 - [STDERR_REDIRECT] [Fatal Error] :1:1: Premature end of file.
2026-09-15 03:41:00,036 [ERROR] LogOutputStream:75 - [STDERR_REDIRECT] 
2026-09-15 03:41:01,025 [ERROR] LogOutputStream:75 - [STDERR_REDIRECT] [Fatal Error] :1:1: Premature end of file.
2026-09-15 03:41:01,025 [ERROR] LogOutputStream:75 - [STDERR_REDIRECT] 
2026-09-15 03:41:02,014 [ERROR] LogOutputStream:75 - [STDERR_REDIRECT] [Fatal Error] :1:1: Premature end of file.
2026-09-15 03:41:02,014 [ERROR] LogOutputStream:75 - [STDERR_REDIRECT] 
2026-09-15 03:41:03,015 [ERROR] LogOutputStream:75 - [STDERR_REDIRECT] [Fatal Error] :1:1: Premature end of file.
2026-09-15 03:41:03,015 [ERROR] LogOutputStream:75 - [STDERR_REDIRECT] 
2026-09-15 03:41:04,018 [ERROR] LogOutputStream:75 - [STDERR_REDIRECT] [Fatal Error] :1:1: Premature end of file.
2026-09-15 03:41:04,018 [ERROR] LogOutputStream:75 - [STDERR_REDIRECT] 
2026-09-15 03:41:05,019 [ERROR] LogOutputStream:75 - [STDERR_REDIRECT] [Fatal Error] :1:1: Premature end of file.
2026-09-15 03:41:05,019 [ERROR] LogOutputStream:75 - [STDERR_REDIRECT] 
2026-09-15 03:41:06,022 [ERROR] LogOutputStream:75 - [STDERR_REDIRECT] [Fatal Error] :1:1: Premature end of file.
2026-09-15 03:41:06,022 [ERROR] LogOutputStream:75 - [STDERR_REDIRECT] 
2026-09-15 03:41:07,019 [ERROR] LogOutputStream:75 - [STDERR_REDIRECT] [Fatal Error] :1:1: Premature end of file.
2026-09-15 03:41:07,019 [ERROR] LogOutputStream:75 - [STDERR_REDIRECT] 
2026-09-15 03:41:08,018 [ERROR] LogOutputStream:75 - [STDERR_REDIRECT] [Fatal Error] :1:1: Premature end of file.
2026-09-15 03:41:08,018 [ERROR] LogOutputStream:75 - [STDERR_REDIRECT] 
2026-09-15 03:41:09,018 [ERROR] LogOutputStream:75 - [STDERR_REDIRECT] [Fatal Error] :1:1: Premature end of file.
2026-09-15 03:41:09,018 [ERROR] LogOutputStream:75 - [STDERR_REDIRECT] 
2026-09-15 03:41:10,018 [ERROR] LogOutputStream:75 - [STDERR_REDIRECT] [Fatal Error] :1:1: Premature end of file.
2026-09-15 03:41:10,018 [ERROR] LogOutputStream:75 - [STDERR_REDIRECT] 
2026-09-15 03:41:11,037 [ERROR] LogOutputStream:75 - [STDERR_REDIRECT] [Fatal Error] :1:1: Premature end of file.
2026-09-15 03:41:11,037 [ERROR] LogOutputStream:75 - [STDERR_REDIRECT] 
2026-09-15 03:41:12,021 [ERROR] LogOutputStream:75 - [STDERR_REDIRECT] [Fatal Error] :1:1: Premature end of file.
2026-09-15 03:41:12,021 [ERROR] LogOutputStream:75 - [STDERR_REDIRECT] 
2026-09-15 03:41:13,014 [ERROR] LogOutputStream:75 - [STDERR_REDIRECT] [Fatal Error] :1:1: Premature end of file.
2026-09-15 03:41:13,014 [ERROR] LogOutputStream:75 - [STDERR_REDIRECT] 
2026-09-15 03:41:14,016 [ERROR] LogOutputStream:75 - [STDERR_REDIRECT] [Fatal Error] :1:1: Premature end of file.
2026-09-15 03:41:14,016 [ERROR] LogOutputStream:75 - [STDERR_REDIRECT] 
2026-09-15 03:41:15,017 [ERROR] LogOutputStream:75 - [STDERR_REDIRECT] [Fatal Error] :1:1: Premature end of file.
2026-09-15 03:41:15,017 [ERROR] LogOutputStream:75 - [STDERR_REDIRECT] 
2026-09-15 03:41:16,019 [ERROR] LogOutputStream:75 - [STDERR_REDIRECT] [Fatal Error] :1:1: Premature end of file.
2026-09-15 03:41:16,019 [ERROR] LogOutputStream:75 - [STDERR_REDIRECT] 
2026-09-15 03:41:17,022 [ERROR] LogOutputStream:75 - [STDERR_REDIRECT] [Fatal Error] :1:1: Premature end of file.
2026-09-15 03:41:17,022 [ERROR] LogOutputStream:75 - [STDERR_REDIRECT] 
2026-09-15 03:41:18,024 [ERROR] LogOutputStream:75 - [STDERR_REDIRECT] [Fatal Error] :1:1: Premature end of file.
2026-09-15 03:41:18,024 [ERROR] LogOutputStream:75 - [STDERR_REDIRECT] 
2026-09-15 03:41:19,014 [ERROR] LogOutputStream:75 - [STDERR_REDIRECT] [Fatal Error] :1:1: Premature end of file.
2026-09-15 03:41:19,014 [ERROR] LogOutputStream:75 - [STDERR_REDIRECT] 
2026-09-15 03:41:20,016 [ERROR] LogOutputStream:75 - [STDERR_REDIRECT] [Fatal Error] :1:1: Premature end of file.
2026-09-15 03:41:20,016 [ERROR] LogOutputStream:75 - [STDERR_REDIRECT] 
2026-09-15 03:41:21,017 [ERROR] LogOutputStream:75 - [STDERR_REDIRECT] [Fatal Error] :1:1: Premature end of file.
2026-09-15 03:41:21,017 [ERROR] LogOutputStream:75 - [STDERR_REDIRECT] 
2026-09-15 03:41:22,018 [ERROR] LogOutputStream:75 - [STDERR_REDIRECT] [Fatal Error] :1:1: Premature end of file.
2026-09-15 03:41:22,018 [ERROR] LogOutputStream:75 - [STDERR_REDIRECT] 
2026-09-15 03:41:23,047 [ERROR] LogOutputStream:75 - [STDERR_REDIRECT] [Fatal Error] :1:1: Premature end of file.
2026-09-15 03:41:23,047 [ERROR] LogOutputStream:75 - [STDERR_REDIRECT] 
2026-09-15 03:41:24,047 [ERROR] LogOutputStream:75 - [STDERR_REDIRECT] [Fatal Error] :1:1: Premature end of file.
2026-09-15 03:41:24,047 [ERROR] LogOutputStream:75 - [STDERR_REDIRECT] 
2026-09-15 03:41:25,035 [ERROR] LogOutputStream:75 - [STDERR_REDIRECT] [Fatal Error] :1:1: Premature end of file.
2026-09-15 03:41:25,035 [ERROR] LogOutputStream:75 - [STDERR_REDIRECT] 
2026-09-15 03:41:26,037 [ERROR] LogOutputStream:75 - [STDERR_REDIRECT] [Fatal Error] :1:1: Premature end of file.
2026-09-15 03:41:26,037 [ERROR] LogOutputStream:75 - [STDERR_REDIRECT] 
2026-09-15 03:41:27,023 [ERROR] LogOutputStream:75 - [STDERR_REDIRECT] [Fatal Error] :1:1: Premature end of file.
2026-09-15 03:41:27,023 [ERROR] LogOutputStream:75 - [STDERR_REDIRECT] 
2026-09-15 03:41:28,024 [ERROR] LogOutputStream:75 - [STDERR_REDIRECT] [Fatal Error] :1:1: Premature end of file.
2026-09-15 03:41:28,024 [ERROR] LogOutputStream:75 - [STDERR_REDIRECT] 
2026-09-15 04:01:43,320 [ERROR] LogOutputStream:75 - [STDERR_REDIRECT] [Fatal Error] :1:1: Premature end of file.
2026-09-15 04:01:43,320 [ERROR] LogOutputStream:75 - [STDERR_REDIRECT] 
2026-09-15 04:01:43,405 [ERROR] LogOutputStream:75 - [STDERR_REDIRECT] [Fatal Error] :1:1: Premature end of file.
2026-09-15 04:01:43,405 [ERROR] LogOutputStream:75 - [STDERR_REDIRECT] 
2026-09-15 04:01:43,473 [ERROR] LogOutputStream:75 - [STDERR_REDIRECT] [Fatal Error] :1:1: Premature end of file.
2026-09-15 04:01:43,473 [ERROR] LogOutputStream:75 - [STDERR_REDIRECT] 
2026-09-15 04:01:43,547 [ERROR] LogOutputStream:75 - [STDERR_REDIRECT] [Fatal Error] :1:1: Premature end of file.
2026-09-15 04:01:43,547 [ERROR] LogOutputStream:75 - [STDERR_REDIRECT] 
2026-09-15 04:01:43,631 [ERROR] LogOutputStream:75 - [STDERR_REDIRECT] [Fatal Error] :1:1: Premature end of file.
2026-09-15 04:01:43,631 [ERROR] LogOutputStream:75 - [STDERR_REDIRECT] 
2026-09-15 04:01:44,053 [ERROR] LogOutputStream:75 - [STDERR_REDIRECT] [Fatal Error] :1:1: Premature end of file.
2026-09-15 04:01:44,053 [ERROR] LogOutputStream:75 - [STDERR_REDIRECT] 
2026-09-15 04:01:44,304 [ERROR] LogOutputStream:75 - [STDERR_REDIRECT] [Fatal Error] :1:1: Premature end of file.
2026-09-15 04:01:44,304 [ERROR] LogOutputStream:75 - [STDERR_REDIRECT] 
2026-09-15 04:01:44,988 [ERROR] LogOutputStream:75 - [STDERR_REDIRECT] [Fatal Error] :1:1: Premature end of file.
2026-09-15 04:01:44,988 [ERROR] LogOutputStream:75 - [STDERR_REDIRECT] 
2026-09-15 04:01:45,446 [ERROR] LogOutputStream:75 - [STDERR_REDIRECT] [Fatal Error] :1:1: Premature end of file.
2026-09-15 04:01:45,446 [ERROR] LogOutputStream:75 - [STDERR_REDIRECT] 
2026-09-15 04:01:45,567 [ERROR] LogOutputStream:75 - [STDERR_REDIRECT] [Fatal Error] :1:1: Premature end of file.
2026-09-15 04:01:45,567 [ERROR] LogOutputStream:75 - [STDERR_REDIRECT] 
2026-09-15 04:01:45,662 [ERROR] LogOutputStream:75 - [STDERR_REDIRECT] [Fatal Error] :1:1: Premature end of file.
2026-09-15 04:01:45,664 [ERROR] LogOutputStream:75 - [STDERR_REDIRECT] 
2026-09-15 04:01:45,751 [ERROR] LogOutputStream:75 - [STDERR_REDIRECT] [Fatal Error] :1:1: Premature end of file.
2026-09-15 04:01:45,751 [ERROR] LogOutputStream:75 - [STDERR_REDIRECT] 
2026-09-15 04:01:45,819 [ERROR] LogOutputStream:75 - [STDERR_REDIRECT] [Fatal Error] :1:1: Premature end of file.
2026-09-15 04:01:45,819 [ERROR] LogOutputStream:75 - [STDERR_REDIRECT] 
2026-09-15 04:01:48,561 [ERROR] LogOutputStream:75 - [STDERR_REDIRECT] [Fatal Error] :1:1: Premature end of file.
2026-09-15 04:01:48,561 [ERROR] LogOutputStream:75 - [STDERR_REDIRECT] 
2026-09-15 04:01:48,618 [ERROR] LogOutputStream:75 - [STDERR_REDIRECT] [Fatal Error] :1:1: Premature end of file.
2026-09-15 04:01:48,618 [ERROR] LogOutputStream:75 - [STDERR_REDIRECT] 
2026-09-15 04:01:48,681 [ERROR] LogOutputStream:75 - [STDERR_REDIRECT] [Fatal Error] :1:1: Premature end of file.
2026-09-15 04:01:48,681 [ERROR] LogOutputStream:75 - [STDERR_REDIRECT] 
2026-09-15 04:01:48,741 [ERROR] LogOutputStream:75 - [STDERR_REDIRECT] [Fatal Error] :1:1: Premature end of file.
2026-09-15 04:01:48,741 [ERROR] LogOutputStream:75 - [STDERR_REDIRECT] 
2026-09-15 04:01:48,801 [ERROR] LogOutputStream:75 - [STDERR_REDIRECT] [Fatal Error] :1:1: Premature end of file.
2026-09-15 04:01:48,801 [ERROR] LogOutputStream:75 - [STDERR_REDIRECT] 
2026-09-15 04:01:48,860 [ERROR] LogOutputStream:75 - [STDERR_REDIRECT] [Fatal Error] :1:1: Premature end of file.
2026-09-15 04:01:48,860 [ERROR] LogOutputStream:75 - [STDERR_REDIRECT] 
2026-09-15 04:01:48,919 [ERROR] LogOutputStream:75 - [STDERR_REDIRECT] [Fatal Error] :1:1: Premature end of file.
2026-09-15 04:01:48,919 [ERROR] LogOutputStream:75 - [STDERR_REDIRECT] 
2026-09-15 04:01:48,982 [ERROR] LogOutputStream:75 - [STDERR_REDIRECT] [Fatal Error] :1:1: Premature end of file.
2026-09-15 04:01:48,982 [ERROR] LogOutputStream:75 - [STDERR_REDIRECT] 
2026-09-15 04:01:49,033 [ERROR] LogOutputStream:75 - [STDERR_REDIRECT] [Fatal Error] :1:1: Premature end of file.
2026-09-15 04:01:49,033 [ERROR] LogOutputStream:75 - [STDERR_REDIRECT] 
2026-09-15 04:01:49,108 [ERROR] LogOutputStream:75 - [STDERR_REDIRECT] [Fatal Error] :1:1: Premature end of file.
2026-09-15 04:01:49,108 [ERROR] LogOutputStream:75 - [STDERR_REDIRECT] 
2026-09-15 04:01:49,170 [ERROR] LogOutputStream:75 - [STDERR_REDIRECT] [Fatal Error] :1:1: Premature end of file.
2026-09-15 04:01:49,170 [ERROR] LogOutputStream:75 - [STDERR_REDIRECT] 
2026-09-15 04:01:49,219 [ERROR] LogOutputStream:75 - [STDERR_REDIRECT] [Fatal Error] :1:1: Premature end of file.
2026-09-15 04:01:49,219 [ERROR] LogOutputStream:75 - [STDERR_REDIRECT] 
2026-09-15 04:01:49,272 [ERROR] LogOutputStream:75 - [STDERR_REDIRECT] [Fatal Error] :1:1: Premature end of file.
2026-09-15 04:01:49,272 [ERROR] LogOutputStream:75 - [STDERR_REDIRECT] 
2026-09-15 04:01:49,317 [ERROR] LogOutputStream:75 - [STDERR_REDIRECT] [Fatal Error] :1:1: Premature end of file.
2026-09-15 04:01:49,317 [ERROR] LogOutputStream:75 - [STDERR_REDIRECT] 
2026-09-15 04:01:49,391 [ERROR] LogOutputStream:75 - [STDERR_REDIRECT] [Fatal Error] :1:1: Premature end of file.
2026-09-15 04:01:49,391 [ERROR] LogOutputStream:75 - [STDERR_REDIRECT] 
2026-09-15 04:01:49,439 [ERROR] LogOutputStream:75 - [STDERR_REDIRECT] [Fatal Error] :1:1: Premature end of file.
2026-09-15 04:01:49,439 [ERROR] LogOutputStream:75 - [STDERR_REDIRECT] 
2026-09-15 04:01:49,470 [ERROR] LogOutputStream:75 - [STDERR_REDIRECT] [Fatal Error] :1:1: Premature end of file.
2026-09-15 04:01:49,470 [ERROR] LogOutputStream:75 - [STDERR_REDIRECT] 
2026-09-15 04:01:49,518 [ERROR] LogOutputStream:75 - [STDERR_REDIRECT] [Fatal Error] :1:1: Premature end of file.
2026-09-15 04:01:49,518 [ERROR] LogOutputStream:75 - [STDERR_REDIRECT] 
2026-09-15 04:01:49,574 [ERROR] LogOutputStream:75 - [STDERR_REDIRECT] [Fatal Error] :1:1: Premature end of file.
2026-09-15 04:01:49,574 [ERROR] LogOutputStream:75 - [STDERR_REDIRECT] 
2026-09-15 04:01:49,628 [ERROR] LogOutputStream:75 - [STDERR_REDIRECT] [Fatal Error] :1:1: Premature end of file.
2026-09-15 04:01:49,628 [ERROR] LogOutputStream:75 - [STDERR_REDIRECT] 
2026-09-15 04:01:49,679 [ERROR] LogOutputStream:75 - [STDERR_REDIRECT] [Fatal Error] :1:1: Premature end of file.
2026-09-15 04:01:49,679 [ERROR] LogOutputStream:75 - [STDERR_REDIRECT] 
2026-09-15 04:01:49,723 [ERROR] LogOutputStream:75 - [STDERR_REDIRECT] [Fatal Error] :1:1: Premature end of file.
2026-09-15 04:01:49,723 [ERROR] LogOutputStream:75 - [STDERR_REDIRECT] 
2026-09-15 04:01:49,772 [ERROR] LogOutputStream:75 - [STDERR_REDIRECT] [Fatal Error] :1:1: Premature end of file.
2026-09-15 04:01:49,772 [ERROR] LogOutputStream:75 - [STDERR_REDIRECT] 
2026-09-15 04:01:49,817 [ERROR] LogOutputStream:75 - [STDERR_REDIRECT] [Fatal Error] :1:1: Premature end of file.
2026-09-15 04:01:49,817 [ERROR] LogOutputStream:75 - [STDERR_REDIRECT] 
2026-09-15 04:01:49,865 [ERROR] LogOutputStream:75 - [STDERR_REDIRECT] [Fatal Error] :1:1: Premature end of file.
2026-09-15 04:01:49,865 [ERROR] LogOutputStream:75 - [STDERR_REDIRECT] 
2026-09-15 04:01:49,914 [ERROR] LogOutputStream:75 - [STDERR_REDIRECT] [Fatal Error] :1:1: Premature end of file.
2026-09-15 04:01:49,914 [ERROR] LogOutputStream:75 - [STDERR_REDIRECT] 
2026-09-15 04:01:49,958 [ERROR] LogOutputStream:75 - [STDERR_REDIRECT] [Fatal Error] :1:1: Premature end of file.
2026-09-15 04:01:49,958 [ERROR] LogOutputStream:75 - [STDERR_REDIRECT] 
2026-09-15 04:01:50,014 [ERROR] LogOutputStream:75 - [STDERR_REDIRECT] [Fatal Error] :1:1: Premature end of file.
2026-09-15 04:01:50,014 [ERROR] LogOutputStream:75 - [STDERR_REDIRECT] 
2026-09-15 04:01:50,064 [ERROR] LogOutputStream:75 - [STDERR_REDIRECT] [Fatal Error] :1:1: Premature end of file.
2026-09-15 04:01:50,064 [ERROR] LogOutputStream:75 - [STDERR_REDIRECT] 
2026-09-15 04:01:50,206 [ERROR] LogOutputStream:75 - [STDERR_REDIRECT] [Fatal Error] :1:1: Premature end of file.
2026-09-15 04:01:50,206 [ERROR] LogOutputStream:75 - [STDERR_REDIRECT] 
2026-09-15 04:01:50,323 [ERROR] LogOutputStream:75 - [STDERR_REDIRECT] [Fatal Error] :1:1: Premature end of file.
2026-09-15 04:01:50,323 [ERROR] LogOutputStream:75 - [STDERR_REDIRECT] 
2026-09-15 04:01:50,371 [ERROR] LogOutputStream:75 - [STDERR_REDIRECT] [Fatal Error] :1:1: Premature end of file.
2026-09-15 04:01:50,371 [ERROR] LogOutputStream:75 - [STDERR_REDIRECT] 
2026-09-15 04:01:50,421 [ERROR] LogOutputStream:75 - [STDERR_REDIRECT] [Fatal Error] :1:1: Premature end of file.
2026-09-15 04:01:50,421 [ERROR] LogOutputStream:75 - [STDERR_REDIRECT] 
2026-09-15 04:01:50,466 [ERROR] LogOutputStream:75 - [STDERR_REDIRECT] [Fatal Error] :1:1: Premature end of file.
2026-09-15 04:01:50,466 [ERROR] LogOutputStream:75 - [STDERR_REDIRECT] 
2026-09-15 04:01:50,529 [ERROR] LogOutputStream:75 - [STDERR_REDIRECT] [Fatal Error] :1:1: Premature end of file.
2026-09-15 04:01:50,529 [ERROR] LogOutputStream:75 - [STDERR_REDIRECT] 
2026-09-15 04:01:50,583 [ERROR] LogOutputStream:75 - [STDERR_REDIRECT] [Fatal Error] :1:1: Premature end of file.
2026-09-15 04:01:50,583 [ERROR] LogOutputStream:75 - [STDERR_REDIRECT] 
2026-09-15 04:01:50,655 [ERROR] LogOutputStream:75 - [STDERR_REDIRECT] [Fatal Error] :1:1: Premature end of file.
2026-09-15 04:01:50,655 [ERROR] LogOutputStream:75 - [STDERR_REDIRECT] 
2026-09-15 04:01:50,719 [ERROR] LogOutputStream:75 - [STDERR_REDIRECT] [Fatal Error] :1:1: Premature end of file.
2026-09-15 04:01:50,719 [ERROR] LogOutputStream:75 - [STDERR_REDIRECT] 
2026-09-15 04:01:50,781 [ERROR] LogOutputStream:75 - [STDERR_REDIRECT] [Fatal Error] :1:1: Premature end of file.
2026-09-15 04:01:50,781 [ERROR] LogOutputStream:75 - [STDERR_REDIRECT] 
2026-09-15 04:01:50,839 [ERROR] LogOutputStream:75 - [STDERR_REDIRECT] [Fatal Error] :1:1: Premature end of file.
2026-09-15 04:01:50,839 [ERROR] LogOutputStream:75 - [STDERR_REDIRECT] 
2026-09-15 04:01:50,891 [ERROR] LogOutputStream:75 - [STDERR_REDIRECT] [Fatal Error] :1:1: Premature end of file.
2026-09-15 04:01:50,891 [ERROR] LogOutputStream:75 - [STDERR_REDIRECT] 
2026-09-15 04:01:50,939 [ERROR] LogOutputStream:75 - [STDERR_REDIRECT] [Fatal Error] :1:1: Premature end of file.
2026-09-15 04:01:50,939 [ERROR] LogOutputStream:75 - [STDERR_REDIRECT] 
2026-09-15 04:01:51,000 [ERROR] LogOutputStream:75 - [STDERR_REDIRECT] [Fatal Error] :1:1: Premature end of file.
2026-09-15 04:01:51,000 [ERROR] LogOutputStream:75 - [STDERR_REDIRECT] 
2026-09-15 04:01:51,051 [ERROR] LogOutputStream:75 - [STDERR_REDIRECT] [Fatal Error] :1:1: Premature end of file.
2026-09-15 04:01:51,051 [ERROR] LogOutputStream:75 - [STDERR_REDIRECT] 
2026-09-15 04:01:51,113 [ERROR] LogOutputStream:75 - [STDERR_REDIRECT] [Fatal Error] :1:1: Premature end of file.
2026-09-15 04:01:51,113 [ERROR] LogOutputStream:75 - [STDERR_REDIRECT] 
2026-09-15 04:01:51,176 [ERROR] LogOutputStream:75 - [STDERR_REDIRECT] [Fatal Error] :1:1: Premature end of file.
2026-09-15 04:01:51,176 [ERROR] LogOutputStream:75 - [STDERR_REDIRECT] 
2026-09-15 04:01:51,273 [ERROR] LogOutputStream:75 - [STDERR_REDIRECT] [Fatal Error] :1:1: Premature end of file.
2026-09-15 04:01:51,273 [ERROR] LogOutputStream:75 - [STDERR_REDIRECT] 
2026-09-15 04:01:51,356 [ERROR] LogOutputStream:75 - [STDERR_REDIRECT] [Fatal Error] :1:1: Premature end of file.
2026-09-15 04:01:51,356 [ERROR] LogOutputStream:75 - [STDERR_REDIRECT] 
2026-09-15 04:01:51,433 [ERROR] LogOutputStream:75 - [STDERR_REDIRECT] [Fatal Error] :1:1: Premature end of file.
2026-09-15 04:01:51,433 [ERROR] LogOutputStream:75 - [STDERR_REDIRECT] 
2026-09-15 04:01:51,469 [ERROR] LogOutputStream:75 - [STDERR_REDIRECT] [Fatal Error] :1:1: Premature end of file.
2026-09-15 04:01:51,469 [ERROR] LogOutputStream:75 - [STDERR_REDIRECT] 
2026-09-15 04:01:51,525 [ERROR] LogOutputStream:75 - [STDERR_REDIRECT] [Fatal Error] :1:1: Premature end of file.
2026-09-15 04:01:51,525 [ERROR] LogOutputStream:75 - [STDERR_REDIRECT] 
2026-09-15 04:01:51,575 [ERROR] LogOutputStream:75 - [STDERR_REDIRECT] [Fatal Error] :1:1: Premature end of file.
2026-09-15 04:01:51,575 [ERROR] LogOutputStream:75 - [STDERR_REDIRECT] 
2026-09-15 04:01:51,616 [ERROR] LogOutputStream:75 - [STDERR_REDIRECT] [Fatal Error] :1:1: Premature end of file.
2026-09-15 04:01:51,616 [ERROR] LogOutputStream:75 - [STDERR_REDIRECT] 
2026-09-15 04:01:51,672 [ERROR] LogOutputStream:75 - [STDERR_REDIRECT] [Fatal Error] :1:1: Premature end of file.
2026-09-15 04:01:51,672 [ERROR] LogOutputStream:75 - [STDERR_REDIRECT] 
2026-09-15 04:01:51,719 [ERROR] LogOutputStream:75 - [STDERR_REDIRECT] [Fatal Error] :1:1: Premature end of file.
2026-09-15 04:01:51,719 [ERROR] LogOutputStream:75 - [STDERR_REDIRECT] 
2026-09-15 04:01:51,784 [ERROR] LogOutputStream:75 - [STDERR_REDIRECT] [Fatal Error] :1:1: Premature end of file.
2026-09-15 04:01:51,784 [ERROR] LogOutputStream:75 - [STDERR_REDIRECT] 
2026-09-15 04:01:51,843 [ERROR] LogOutputStream:75 - [STDERR_REDIRECT] [Fatal Error] :1:1: Premature end of file.
2026-09-15 04:01:51,843 [ERROR] LogOutputStream:75 - [STDERR_REDIRECT] 
2026-09-15 04:01:51,919 [ERROR] LogOutputStream:75 - [STDERR_REDIRECT] [Fatal Error] :1:1: Premature end of file.
2026-09-15 04:01:51,919 [ERROR] LogOutputStream:75 - [STDERR_REDIRECT] 
2026-09-15 04:01:51,963 [ERROR] LogOutputStream:75 - [STDERR_REDIRECT] [Fatal Error] :1:1: Premature end of file.
2026-09-15 04:01:51,963 [ERROR] LogOutputStream:75 - [STDERR_REDIRECT] 
2026-09-15 04:01:52,033 [ERROR] LogOutputStream:75 - [STDERR_REDIRECT] [Fatal Error] :1:1: Premature end of file.
2026-09-15 04:01:52,033 [ERROR] LogOutputStream:75 - [STDERR_REDIRECT] 
2026-09-15 04:01:52,084 [ERROR] LogOutputStream:75 - [STDERR_REDIRECT] [Fatal Error] :1:1: Premature end of file.
2026-09-15 04:01:52,084 [ERROR] LogOutputStream:75 - [STDERR_REDIRECT] 
2026-09-15 04:01:52,158 [ERROR] LogOutputStream:75 - [STDERR_REDIRECT] [Fatal Error] :1:1: Premature end of file.
2026-09-15 04:01:52,158 [ERROR] LogOutputStream:75 - [STDERR_REDIRECT] 
2026-09-15 04:01:52,240 [ERROR] LogOutputStream:75 - [STDERR_REDIRECT] [Fatal Error] :1:1: Premature end of file.
2026-09-15 04:01:52,240 [ERROR] LogOutputStream:75 - [STDERR_REDIRECT] 
2026-09-15 04:01:52,314 [ERROR] LogOutputStream:75 - [STDERR_REDIRECT] [Fatal Error] :1:1: Premature end of file.
2026-09-15 04:01:52,314 [ERROR] LogOutputStream:75 - [STDERR_REDIRECT] 
2026-09-15 04:01:52,375 [ERROR] LogOutputStream:75 - [STDERR_REDIRECT] [Fatal Error] :1:1: Premature end of file.
2026-09-15 04:01:52,375 [ERROR] LogOutputStream:75 - [STDERR_REDIRECT] 
2026-09-15 04:01:52,470 [ERROR] LogOutputStream:75 - [STDERR_REDIRECT] [Fatal Error] :1:1: Premature end of file.
2026-09-15 04:01:52,476 [ERROR] LogOutputStream:75 - [STDERR_REDIRECT] 
2026-09-15 04:01:52,557 [ERROR] LogOutputStream:75 - [STDERR_REDIRECT] [Fatal Error] :1:1: Premature end of file.
2026-09-15 04:01:52,557 [ERROR] LogOutputStream:75 - [STDERR_REDIRECT] 
2026-09-15 04:01:52,633 [ERROR] LogOutputStream:75 - [STDERR_REDIRECT] [Fatal Error] :1:1: Premature end of file.
2026-09-15 04:01:52,633 [ERROR] LogOutputStream:75 - [STDERR_REDIRECT] 
2026-09-15 04:01:52,715 [ERROR] LogOutputStream:75 - [STDERR_REDIRECT] [Fatal Error] :1:1: Premature end of file.
2026-09-15 04:01:52,717 [ERROR] LogOutputStream:75 - [STDERR_REDIRECT] 
2026-09-15 04:01:52,820 [ERROR] LogOutputStream:75 - [STDERR_REDIRECT] [Fatal Error] :1:1: Premature end of file.
2026-09-15 04:01:52,820 [ERROR] LogOutputStream:75 - [STDERR_REDIRECT] 
2026-09-15 04:01:52,895 [ERROR] LogOutputStream:75 - [STDERR_REDIRECT] [Fatal Error] :1:1: Premature end of file.
2026-09-15 04:01:52,895 [ERROR] LogOutputStream:75 - [STDERR_REDIRECT] 
2026-09-15 04:01:53,033 [ERROR] LogOutputStream:75 - [STDERR_REDIRECT] [Fatal Error] :1:1: Premature end of file.
2026-09-15 04:01:53,033 [ERROR] LogOutputStream:75 - [STDERR_REDIRECT] 
2026-09-15 04:01:53,110 [ERROR] LogOutputStream:75 - [STDERR_REDIRECT] [Fatal Error] :1:1: Premature end of file.
2026-09-15 04:01:53,110 [ERROR] LogOutputStream:75 - [STDERR_REDIRECT] 
2026-09-15 04:01:53,190 [ERROR] LogOutputStream:75 - [STDERR_REDIRECT] [Fatal Error] :1:1: Premature end of file.
2026-09-15 04:01:53,190 [ERROR] LogOutputStream:75 - [STDERR_REDIRECT] 
2026-09-15 04:01:53,309 [ERROR] LogOutputStream:75 - [STDERR_REDIRECT] [Fatal Error] :1:1: Premature end of file.
2026-09-15 04:01:53,309 [ERROR] LogOutputStream:75 - [STDERR_REDIRECT] 
2026-09-15 04:01:53,389 [ERROR] LogOutputStream:75 - [STDERR_REDIRECT] [Fatal Error] :1:1: Premature end of file.
2026-09-15 04:01:53,389 [ERROR] LogOutputStream:75 - [STDERR_REDIRECT] 
2026-09-15 04:01:53,451 [ERROR] LogOutputStream:75 - [STDERR_REDIRECT] [Fatal Error] :1:1: Premature end of file.
2026-09-15 04:01:53,451 [ERROR] LogOutputStream:75 - [STDERR_REDIRECT] 
2026-09-15 04:01:53,501 [ERROR] LogOutputStream:75 - [STDERR_REDIRECT] [Fatal Error] :1:1: Premature end of file.
2026-09-15 04:01:53,501 [ERROR] LogOutputStream:75 - [STDERR_REDIRECT] 
2026-09-15 04:01:53,580 [ERROR] LogOutputStream:75 - [STDERR_REDIRECT] [Fatal Error] :1:1: Premature end of file.
2026-09-15 04:01:53,580 [ERROR] LogOutputStream:75 - [STDERR_REDIRECT] 
2026-09-15 04:01:53,646 [ERROR] LogOutputStream:75 - [STDERR_REDIRECT] [Fatal Error] :1:1: Premature end of file.
2026-09-15 04:01:53,651 [ERROR] LogOutputStream:75 - [STDERR_REDIRECT] 
2026-09-15 04:01:53,703 [ERROR] LogOutputStream:75 - [STDERR_REDIRECT] [Fatal Error] :1:1: Premature end of file.
2026-09-15 04:01:53,703 [ERROR] LogOutputStream:75 - [STDERR_REDIRECT] 
2026-09-15 04:01:53,768 [ERROR] LogOutputStream:75 - [STDERR_REDIRECT] [Fatal Error] :1:1: Premature end of file.
2026-09-15 04:01:53,768 [ERROR] LogOutputStream:75 - [STDERR_REDIRECT] 
2026-09-15 04:01:53,830 [ERROR] LogOutputStream:75 - [STDERR_REDIRECT] [Fatal Error] :1:1: Premature end of file.
2026-09-15 04:01:53,832 [ERROR] LogOutputStream:75 - [STDERR_REDIRECT] 
2026-09-15 04:01:53,877 [ERROR] LogOutputStream:75 - [STDERR_REDIRECT] [Fatal Error] :1:1: Premature end of file.
2026-09-15 04:01:53,877 [ERROR] LogOutputStream:75 - [STDERR_REDIRECT] 
2026-09-15 04:01:53,939 [ERROR] LogOutputStream:75 - [STDERR_REDIRECT] [Fatal Error] :1:1: Premature end of file.
2026-09-15 04:01:53,939 [ERROR] LogOutputStream:75 - [STDERR_REDIRECT] 
2026-09-15 04:01:53,989 [ERROR] LogOutputStream:75 - [STDERR_REDIRECT] [Fatal Error] :1:1: Premature end of file.
2026-09-15 04:01:53,989 [ERROR] LogOutputStream:75 - [STDERR_REDIRECT] 
2026-09-15 04:01:54,042 [ERROR] LogOutputStream:75 - [STDERR_REDIRECT] [Fatal Error] :1:1: Premature end of file.
2026-09-15 04:01:54,042 [ERROR] LogOutputStream:75 - [STDERR_REDIRECT] 
2026-09-15 04:01:54,112 [ERROR] LogOutputStream:75 - [STDERR_REDIRECT] [Fatal Error] :1:1: Premature end of file.
2026-09-15 04:01:54,112 [ERROR] LogOutputStream:75 - [STDERR_REDIRECT] 
2026-09-15 04:01:54,175 [ERROR] LogOutputStream:75 - [STDERR_REDIRECT] [Fatal Error] :1:1: Premature end of file.
2026-09-15 04:01:54,175 [ERROR] LogOutputStream:75 - [STDERR_REDIRECT] 
2026-09-15 04:01:54,233 [ERROR] LogOutputStream:75 - [STDERR_REDIRECT] [Fatal Error] :1:1: Premature end of file.
2026-09-15 04:01:54,233 [ERROR] LogOutputStream:75 - [STDERR_REDIRECT] 
2026-09-15 04:01:54,300 [ERROR] LogOutputStream:75 - [STDERR_REDIRECT] [Fatal Error] :1:1: Premature end of file.
2026-09-15 04:01:54,300 [ERROR] LogOutputStream:75 - [STDERR_REDIRECT] 
2026-09-15 04:01:54,349 [ERROR] LogOutputStream:75 - [STDERR_REDIRECT] [Fatal Error] :1:1: Premature end of file.
2026-09-15 04:01:54,349 [ERROR] LogOutputStream:75 - [STDERR_REDIRECT] 
2026-09-15 04:01:54,400 [ERROR] LogOutputStream:75 - [STDERR_REDIRECT] [Fatal Error] :1:1: Premature end of file.
2026-09-15 04:01:54,405 [ERROR] LogOutputStream:75 - [STDERR_REDIRECT] 
2026-09-15 04:01:54,459 [ERROR] LogOutputStream:75 - [STDERR_REDIRECT] [Fatal Error] :1:1: Premature end of file.
2026-09-15 04:01:54,459 [ERROR] LogOutputStream:75 - [STDERR_REDIRECT] 
2026-09-15 04:01:54,512 [ERROR] LogOutputStream:75 - [STDERR_REDIRECT] [Fatal Error] :1:1: Premature end of file.
2026-09-15 04:01:54,512 [ERROR] LogOutputStream:75 - [STDERR_REDIRECT] 
2026-09-15 04:01:54,571 [ERROR] LogOutputStream:75 - [STDERR_REDIRECT] [Fatal Error] :1:1: Premature end of file.
2026-09-15 04:01:54,571 [ERROR] LogOutputStream:75 - [STDERR_REDIRECT] 
2026-09-15 04:01:54,620 [ERROR] LogOutputStream:75 - [STDERR_REDIRECT] [Fatal Error] :1:1: Premature end of file.
2026-09-15 04:01:54,620 [ERROR] LogOutputStream:75 - [STDERR_REDIRECT] 
2026-09-15 04:01:54,668 [ERROR] LogOutputStream:75 - [STDERR_REDIRECT] [Fatal Error] :1:1: Premature end of file.
2026-09-15 04:01:54,668 [ERROR] LogOutputStream:75 - [STDERR_REDIRECT] 
2026-09-15 04:01:54,713 [ERROR] LogOutputStream:75 - [STDERR_REDIRECT] [Fatal Error] :1:1: Premature end of file.
2026-09-15 04:01:54,713 [ERROR] LogOutputStream:75 - [STDERR_REDIRECT] 
2026-09-15 04:01:54,762 [ERROR] LogOutputStream:75 - [STDERR_REDIRECT] [Fatal Error] :1:1: Premature end of file.
2026-09-15 04:01:54,762 [ERROR] LogOutputStream:75 - [STDERR_REDIRECT] 
2026-09-15 04:01:54,817 [ERROR] LogOutputStream:75 - [STDERR_REDIRECT] [Fatal Error] :1:1: Premature end of file.
2026-09-15 04:01:54,822 [ERROR] LogOutputStream:75 - [STDERR_REDIRECT] 
2026-09-15 04:01:54,871 [ERROR] LogOutputStream:75 - [STDERR_REDIRECT] [Fatal Error] :1:1: Premature end of file.
2026-09-15 04:01:54,871 [ERROR] LogOutputStream:75 - [STDERR_REDIRECT] 
2026-09-15 04:01:54,915 [ERROR] LogOutputStream:75 - [STDERR_REDIRECT] [Fatal Error] :1:1: Premature end of file.
2026-09-15 04:01:54,915 [ERROR] LogOutputStream:75 - [STDERR_REDIRECT] 
2026-09-15 04:01:54,950 [ERROR] LogOutputStream:75 - [STDERR_REDIRECT] [Fatal Error] :1:1: Premature end of file.
2026-09-15 04:01:54,950 [ERROR] LogOutputStream:75 - [STDERR_REDIRECT] 
2026-09-15 04:01:54,998 [ERROR] LogOutputStream:75 - [STDERR_REDIRECT] [Fatal Error] :1:1: Premature end of file.
2026-09-15 04:01:54,998 [ERROR] LogOutputStream:75 - [STDERR_REDIRECT] 
2026-09-15 04:01:55,045 [ERROR] LogOutputStream:75 - [STDERR_REDIRECT] [Fatal Error] :1:1: Premature end of file.
2026-09-15 04:01:55,045 [ERROR] LogOutputStream:75 - [STDERR_REDIRECT] 
2026-09-15 04:01:55,097 [ERROR] LogOutputStream:75 - [STDERR_REDIRECT] [Fatal Error] :1:1: Premature end of file.
2026-09-15 04:01:55,097 [ERROR] LogOutputStream:75 - [STDERR_REDIRECT] 
2026-09-15 04:01:55,145 [ERROR] LogOutputStream:75 - [STDERR_REDIRECT] [Fatal Error] :1:1: Premature end of file.
2026-09-15 04:01:55,145 [ERROR] LogOutputStream:75 - [STDERR_REDIRECT] 
2026-09-15 04:01:55,191 [ERROR] LogOutputStream:75 - [STDERR_REDIRECT] [Fatal Error] :1:1: Premature end of file.
2026-09-15 04:01:55,191 [ERROR] LogOutputStream:75 - [STDERR_REDIRECT] 
2026-09-15 04:01:55,236 [ERROR] LogOutputStream:75 - [STDERR_REDIRECT] [Fatal Error] :1:1: Premature end of file.
2026-09-15 04:01:55,236 [ERROR] LogOutputStream:75 - [STDERR_REDIRECT] 
2026-09-15 04:01:55,299 [ERROR] LogOutputStream:75 - [STDERR_REDIRECT] [Fatal Error] :1:1: Premature end of file.
2026-09-15 04:01:55,299 [ERROR] LogOutputStream:75 - [STDERR_REDIRECT] 
2026-09-15 04:01:55,349 [ERROR] LogOutputStream:75 - [STDERR_REDIRECT] [Fatal Error] :1:1: Premature end of file.
2026-09-15 04:01:55,349 [ERROR] LogOutputStream:75 - [STDERR_REDIRECT] 
2026-09-15 04:01:55,406 [ERROR] LogOutputStream:75 - [STDERR_REDIRECT] [Fatal Error] :1:1: Premature end of file.
2026-09-15 04:01:55,406 [ERROR] LogOutputStream:75 - [STDERR_REDIRECT] 
2026-09-15 04:01:55,464 [ERROR] LogOutputStream:75 - [STDERR_REDIRECT] [Fatal Error] :1:1: Premature end of file.
2026-09-15 04:01:55,464 [ERROR] LogOutputStream:75 - [STDERR_REDIRECT] 
2026-09-15 04:01:55,505 [ERROR] LogOutputStream:75 - [STDERR_REDIRECT] [Fatal Error] :1:1: Premature end of file.
2026-09-15 04:01:55,505 [ERROR] LogOutputStream:75 - [STDERR_REDIRECT] 
2026-09-15 04:01:55,564 [ERROR] LogOutputStream:75 - [STDERR_REDIRECT] [Fatal Error] :1:1: Premature end of file.
2026-09-15 04:01:55,564 [ERROR] LogOutputStream:75 - [STDERR_REDIRECT] 
2026-09-15 04:01:55,615 [ERROR] LogOutputStream:75 - [STDERR_REDIRECT] [Fatal Error] :1:1: Premature end of file.
2026-09-15 04:01:55,615 [ERROR] LogOutputStream:75 - [STDERR_REDIRECT] 
2026-09-15 04:01:55,663 [ERROR] LogOutputStream:75 - [STDERR_REDIRECT] [Fatal Error] :1:1: Premature end of file.
2026-09-15 04:01:55,663 [ERROR] LogOutputStream:75 - [STDERR_REDIRECT] 
2026-09-15 04:01:55,715 [ERROR] LogOutputStream:75 - [STDERR_REDIRECT] [Fatal Error] :1:1: Premature end of file.
2026-09-15 04:01:55,715 [ERROR] LogOutputStream:75 - [STDERR_REDIRECT] 
2026-09-15 04:01:55,766 [ERROR] LogOutputStream:75 - [STDERR_REDIRECT] [Fatal Error] :1:1: Premature end of file.
2026-09-15 04:01:55,766 [ERROR] LogOutputStream:75 - [STDERR_REDIRECT] 
2026-09-15 04:01:55,825 [ERROR] LogOutputStream:75 - [STDERR_REDIRECT] [Fatal Error] :1:1: Premature end of file.
2026-09-15 04:01:55,825 [ERROR] LogOutputStream:75 - [STDERR_REDIRECT] 
2026-09-15 04:01:55,879 [ERROR] LogOutputStream:75 - [STDERR_REDIRECT] [Fatal Error] :1:1: Premature end of file.
2026-09-15 04:01:55,879 [ERROR] LogOutputStream:75 - [STDERR_REDIRECT] 
2026-09-15 04:01:55,916 [ERROR] LogOutputStream:75 - [STDERR_REDIRECT] [Fatal Error] :1:1: Premature end of file.
2026-09-15 04:01:55,916 [ERROR] LogOutputStream:75 - [STDERR_REDIRECT] 
2026-09-15 04:01:55,963 [ERROR] LogOutputStream:75 - [STDERR_REDIRECT] [Fatal Error] :1:1: Premature end of file.
2026-09-15 04:01:55,963 [ERROR] LogOutputStream:75 - [STDERR_REDIRECT] 
2026-09-15 04:01:56,011 [ERROR] LogOutputStream:75 - [STDERR_REDIRECT] [Fatal Error] :1:1: Premature end of file.
2026-09-15 04:01:56,011 [ERROR] LogOutputStream:75 - [STDERR_REDIRECT] 
2026-09-15 04:01:56,068 [ERROR] LogOutputStream:75 - [STDERR_REDIRECT] [Fatal Error] :1:1: Premature end of file.
2026-09-15 04:01:56,068 [ERROR] LogOutputStream:75 - [STDERR_REDIRECT] 
2026-09-15 04:01:56,118 [ERROR] LogOutputStream:75 - [STDERR_REDIRECT] [Fatal Error] :1:1: Premature end of file.
2026-09-15 04:01:56,118 [ERROR] LogOutputStream:75 - [STDERR_REDIRECT] 
2026-09-15 04:01:56,154 [ERROR] LogOutputStream:75 - [STDERR_REDIRECT] [Fatal Error] :1:1: Premature end of file.
2026-09-15 04:01:56,170 [ERROR] LogOutputStream:75 - [STDERR_REDIRECT] 
2026-09-15 04:01:56,217 [ERROR] LogOutputStream:75 - [STDERR_REDIRECT] [Fatal Error] :1:1: Premature end of file.
2026-09-15 04:01:56,217 [ERROR] LogOutputStream:75 - [STDERR_REDIRECT] 
2026-09-15 04:01:56,265 [ERROR] LogOutputStream:75 - [STDERR_REDIRECT] [Fatal Error] :1:1: Premature end of file.
2026-09-15 04:01:56,265 [ERROR] LogOutputStream:75 - [STDERR_REDIRECT] 
2026-09-15 04:01:56,313 [ERROR] LogOutputStream:75 - [STDERR_REDIRECT] [Fatal Error] :1:1: Premature end of file.
2026-09-15 04:01:56,313 [ERROR] LogOutputStream:75 - [STDERR_REDIRECT] 
2026-09-15 04:01:56,360 [ERROR] LogOutputStream:75 - [STDERR_REDIRECT] [Fatal Error] :1:1: Premature end of file.
2026-09-15 04:01:56,360 [ERROR] LogOutputStream:75 - [STDERR_REDIRECT] 
2026-09-15 04:01:56,397 [ERROR] LogOutputStream:75 - [STDERR_REDIRECT] [Fatal Error] :1:1: Premature end of file.
2026-09-15 04:01:56,397 [ERROR] LogOutputStream:75 - [STDERR_REDIRECT] 
2026-09-15 04:01:56,440 [ERROR] LogOutputStream:75 - [STDERR_REDIRECT] [Fatal Error] :1:1: Premature end of file.
2026-09-15 04:01:56,440 [ERROR] LogOutputStream:75 - [STDERR_REDIRECT] 
2026-09-15 04:01:56,491 [ERROR] LogOutputStream:75 - [STDERR_REDIRECT] [Fatal Error] :1:1: Premature end of file.
2026-09-15 04:01:56,491 [ERROR] LogOutputStream:75 - [STDERR_REDIRECT] 
2026-09-15 04:01:56,540 [ERROR] LogOutputStream:75 - [STDERR_REDIRECT] [Fatal Error] :1:1: Premature end of file.
2026-09-15 04:01:56,540 [ERROR] LogOutputStream:75 - [STDERR_REDIRECT] 
2026-09-15 04:01:56,591 [ERROR] LogOutputStream:75 - [STDERR_REDIRECT] [Fatal Error] :1:1: Premature end of file.
2026-09-15 04:01:56,591 [ERROR] LogOutputStream:75 - [STDERR_REDIRECT] 
2026-09-15 04:01:56,629 [ERROR] LogOutputStream:75 - [STDERR_REDIRECT] [Fatal Error] :1:1: Premature end of file.
2026-09-15 04:01:56,629 [ERROR] LogOutputStream:75 - [STDERR_REDIRECT] 
2026-09-15 04:01:56,691 [ERROR] LogOutputStream:75 - [STDERR_REDIRECT] [Fatal Error] :1:1: Premature end of file.
2026-09-15 04:01:56,691 [ERROR] LogOutputStream:75 - [STDERR_REDIRECT] 
2026-09-15 04:01:56,739 [ERROR] LogOutputStream:75 - [STDERR_REDIRECT] [Fatal Error] :1:1: Premature end of file.
2026-09-15 04:01:56,741 [ERROR] LogOutputStream:75 - [STDERR_REDIRECT] 
2026-09-15 04:01:56,787 [ERROR] LogOutputStream:75 - [STDERR_REDIRECT] [Fatal Error] :1:1: Premature end of file.
2026-09-15 04:01:56,791 [ERROR] LogOutputStream:75 - [STDERR_REDIRECT] 
2026-09-15 04:01:56,846 [ERROR] LogOutputStream:75 - [STDERR_REDIRECT] [Fatal Error] :1:1: Premature end of file.
2026-09-15 04:01:56,846 [ERROR] LogOutputStream:75 - [STDERR_REDIRECT] 
2026-09-15 04:01:57,001 [ERROR] LogOutputStream:75 - [STDERR_REDIRECT] [Fatal Error] :1:1: Premature end of file.
2026-09-15 04:01:57,003 [ERROR] LogOutputStream:75 - [STDERR_REDIRECT] 
2026-09-15 04:01:57,095 [ERROR] LogOutputStream:75 - [STDERR_REDIRECT] [Fatal Error] :1:1: Premature end of file.
2026-09-15 04:01:57,095 [ERROR] LogOutputStream:75 - [STDERR_REDIRECT] 
2026-09-15 04:01:57,159 [ERROR] LogOutputStream:75 - [STDERR_REDIRECT] [Fatal Error] :1:1: Premature end of file.
2026-09-15 04:01:57,159 [ERROR] LogOutputStream:75 - [STDERR_REDIRECT] 
2026-09-15 04:01:57,226 [ERROR] LogOutputStream:75 - [STDERR_REDIRECT] [Fatal Error] :1:1: Premature end of file.
2026-09-15 04:01:57,226 [ERROR] LogOutputStream:75 - [STDERR_REDIRECT] 
2026-09-15 04:01:57,289 [ERROR] LogOutputStream:75 - [STDERR_REDIRECT] [Fatal Error] :1:1: Premature end of file.
2026-09-15 04:01:57,289 [ERROR] LogOutputStream:75 - [STDERR_REDIRECT] 
2026-09-15 04:01:57,403 [ERROR] LogOutputStream:75 - [STDERR_REDIRECT] [Fatal Error] :1:1: Premature end of file.
2026-09-15 04:01:57,404 [ERROR] LogOutputStream:75 - [STDERR_REDIRECT] 
2026-09-15 04:01:57,493 [ERROR] LogOutputStream:75 - [STDERR_REDIRECT] [Fatal Error] :1:1: Premature end of file.
2026-09-15 04:01:57,493 [ERROR] LogOutputStream:75 - [STDERR_REDIRECT] 
2026-09-15 04:01:57,563 [ERROR] LogOutputStream:75 - [STDERR_REDIRECT] [Fatal Error] :1:1: Premature end of file.
2026-09-15 04:01:57,563 [ERROR] LogOutputStream:75 - [STDERR_REDIRECT] 
2026-09-15 04:01:57,618 [ERROR] LogOutputStream:75 - [STDERR_REDIRECT] [Fatal Error] :1:1: Premature end of file.
2026-09-15 04:01:57,618 [ERROR] LogOutputStream:75 - [STDERR_REDIRECT] 
2026-09-15 04:01:57,673 [ERROR] LogOutputStream:75 - [STDERR_REDIRECT] [Fatal Error] :1:1: Premature end of file.
2026-09-15 04:01:57,673 [ERROR] LogOutputStream:75 - [STDERR_REDIRECT] 
2026-09-15 04:01:57,729 [ERROR] LogOutputStream:75 - [STDERR_REDIRECT] [Fatal Error] :1:1: Premature end of file.
2026-09-15 04:01:57,729 [ERROR] LogOutputStream:75 - [STDERR_REDIRECT] 
2026-09-15 04:01:57,779 [ERROR] LogOutputStream:75 - [STDERR_REDIRECT] [Fatal Error] :1:1: Premature end of file.
2026-09-15 04:01:57,779 [ERROR] LogOutputStream:75 - [STDERR_REDIRECT] 
2026-09-15 04:01:57,833 [ERROR] LogOutputStream:75 - [STDERR_REDIRECT] [Fatal Error] :1:1: Premature end of file.
2026-09-15 04:01:57,833 [ERROR] LogOutputStream:75 - [STDERR_REDIRECT] 
2026-09-15 04:01:57,884 [ERROR] LogOutputStream:75 - [STDERR_REDIRECT] [Fatal Error] :1:1: Premature end of file.
2026-09-15 04:01:57,884 [ERROR] LogOutputStream:75 - [STDERR_REDIRECT] 
2026-09-15 04:01:57,934 [ERROR] LogOutputStream:75 - [STDERR_REDIRECT] [Fatal Error] :1:1: Premature end of file.
2026-09-15 04:01:57,934 [ERROR] LogOutputStream:75 - [STDERR_REDIRECT] 
2026-09-15 04:01:57,981 [ERROR] LogOutputStream:75 - [STDERR_REDIRECT] [Fatal Error] :1:1: Premature end of file.
2026-09-15 04:01:57,981 [ERROR] LogOutputStream:75 - [STDERR_REDIRECT] 
2026-09-15 04:01:58,027 [ERROR] LogOutputStream:75 - [STDERR_REDIRECT] [Fatal Error] :1:1: Premature end of file.
2026-09-15 04:01:58,028 [ERROR] LogOutputStream:75 - [STDERR_REDIRECT] 
2026-09-15 04:01:58,078 [ERROR] LogOutputStream:75 - [STDERR_REDIRECT] [Fatal Error] :1:1: Premature end of file.
2026-09-15 04:01:58,078 [ERROR] LogOutputStream:75 - [STDERR_REDIRECT] 
2026-09-15 04:01:58,135 [ERROR] LogOutputStream:75 - [STDERR_REDIRECT] [Fatal Error] :1:1: Premature end of file.
2026-09-15 04:01:58,135 [ERROR] LogOutputStream:75 - [STDERR_REDIRECT] 
2026-09-15 04:01:58,190 [ERROR] LogOutputStream:75 - [STDERR_REDIRECT] [Fatal Error] :1:1: Premature end of file.
2026-09-15 04:01:58,191 [ERROR] LogOutputStream:75 - [STDERR_REDIRECT] 
2026-09-15 04:01:58,235 [ERROR] LogOutputStream:75 - [STDERR_REDIRECT] [Fatal Error] :1:1: Premature end of file.
2026-09-15 04:01:58,235 [ERROR] LogOutputStream:75 - [STDERR_REDIRECT] 
2026-09-15 04:01:58,285 [ERROR] LogOutputStream:75 - [STDERR_REDIRECT] [Fatal Error] :1:1: Premature end of file.
2026-09-15 04:01:58,285 [ERROR] LogOutputStream:75 - [STDERR_REDIRECT] 
2026-09-15 04:01:58,335 [ERROR] LogOutputStream:75 - [STDERR_REDIRECT] [Fatal Error] :1:1: Premature end of file.
2026-09-15 04:01:58,335 [ERROR] LogOutputStream:75 - [STDERR_REDIRECT] 
2026-09-15 04:01:58,389 [ERROR] LogOutputStream:75 - [STDERR_REDIRECT] [Fatal Error] :1:1: Premature end of file.
2026-09-15 04:01:58,389 [ERROR] LogOutputStream:75 - [STDERR_REDIRECT] 
2026-09-15 04:01:58,435 [ERROR] LogOutputStream:75 - [STDERR_REDIRECT] [Fatal Error] :1:1: Premature end of file.
2026-09-15 04:01:58,435 [ERROR] LogOutputStream:75 - [STDERR_REDIRECT] 
2026-09-15 04:01:58,486 [ERROR] LogOutputStream:75 - [STDERR_REDIRECT] [Fatal Error] :1:1: Premature end of file.
2026-09-15 04:01:58,486 [ERROR] LogOutputStream:75 - [STDERR_REDIRECT] 
2026-09-15 04:01:58,535 [ERROR] LogOutputStream:75 - [STDERR_REDIRECT] [Fatal Error] :1:1: Premature end of file.
2026-09-15 04:01:58,535 [ERROR] LogOutputStream:75 - [STDERR_REDIRECT] 
2026-09-15 04:01:58,583 [ERROR] LogOutputStream:75 - [STDERR_REDIRECT] [Fatal Error] :1:1: Premature end of file.
2026-09-15 04:01:58,583 [ERROR] LogOutputStream:75 - [STDERR_REDIRECT] 
2026-09-15 04:01:58,631 [ERROR] LogOutputStream:75 - [STDERR_REDIRECT] [Fatal Error] :1:1: Premature end of file.
2026-09-15 04:01:58,631 [ERROR] LogOutputStream:75 - [STDERR_REDIRECT] 
2026-09-15 04:01:58,678 [ERROR] LogOutputStream:75 - [STDERR_REDIRECT] [Fatal Error] :1:1: Premature end of file.
2026-09-15 04:01:58,678 [ERROR] LogOutputStream:75 - [STDERR_REDIRECT] 
2026-09-15 04:01:58,727 [ERROR] LogOutputStream:75 - [STDERR_REDIRECT] [Fatal Error] :1:1: Premature end of file.
2026-09-15 04:01:58,727 [ERROR] LogOutputStream:75 - [STDERR_REDIRECT] 
2026-09-15 04:01:58,775 [ERROR] LogOutputStream:75 - [STDERR_REDIRECT] [Fatal Error] :1:1: Premature end of file.
2026-09-15 04:01:58,775 [ERROR] LogOutputStream:75 - [STDERR_REDIRECT] 
2026-09-15 04:01:58,826 [ERROR] LogOutputStream:75 - [STDERR_REDIRECT] [Fatal Error] :1:1: Premature end of file.
2026-09-15 04:01:58,826 [ERROR] LogOutputStream:75 - [STDERR_REDIRECT] 
2026-09-15 04:01:58,875 [ERROR] LogOutputStream:75 - [STDERR_REDIRECT] [Fatal Error] :1:1: Premature end of file.
2026-09-15 04:01:58,875 [ERROR] LogOutputStream:75 - [STDERR_REDIRECT] 
2026-09-15 04:01:58,926 [ERROR] LogOutputStream:75 - [STDERR_REDIRECT] [Fatal Error] :1:1: Premature end of file.
2026-09-15 04:01:58,926 [ERROR] LogOutputStream:75 - [STDERR_REDIRECT] 
2026-09-15 04:01:58,976 [ERROR] LogOutputStream:75 - [STDERR_REDIRECT] [Fatal Error] :1:1: Premature end of file.
2026-09-15 04:01:58,976 [ERROR] LogOutputStream:75 - [STDERR_REDIRECT] 
2026-09-15 04:01:59,023 [ERROR] LogOutputStream:75 - [STDERR_REDIRECT] [Fatal Error] :1:1: Premature end of file.
2026-09-15 04:01:59,023 [ERROR] LogOutputStream:75 - [STDERR_REDIRECT] 
2026-09-15 04:01:59,072 [ERROR] LogOutputStream:75 - [STDERR_REDIRECT] [Fatal Error] :1:1: Premature end of file.
2026-09-15 04:01:59,072 [ERROR] LogOutputStream:75 - [STDERR_REDIRECT] 
2026-09-15 04:01:59,110 [ERROR] LogOutputStream:75 - [STDERR_REDIRECT] [Fatal Error] :1:1: Premature end of file.
2026-09-15 04:01:59,110 [ERROR] LogOutputStream:75 - [STDERR_REDIRECT] 
2026-09-15 04:01:59,170 [ERROR] LogOutputStream:75 - [STDERR_REDIRECT] [Fatal Error] :1:1: Premature end of file.
2026-09-15 04:01:59,171 [ERROR] LogOutputStream:75 - [STDERR_REDIRECT] 
2026-09-15 04:01:59,272 [ERROR] LogOutputStream:75 - [STDERR_REDIRECT] [Fatal Error] :1:1: Premature end of file.
2026-09-15 04:01:59,272 [ERROR] LogOutputStream:75 - [STDERR_REDIRECT] 
2026-09-15 04:01:59,343 [ERROR] LogOutputStream:75 - [STDERR_REDIRECT] [Fatal Error] :1:1: Premature end of file.
2026-09-15 04:01:59,343 [ERROR] LogOutputStream:75 - [STDERR_REDIRECT] 
2026-09-15 04:01:59,396 [ERROR] LogOutputStream:75 - [STDERR_REDIRECT] [Fatal Error] :1:1: Premature end of file.
2026-09-15 04:01:59,396 [ERROR] LogOutputStream:75 - [STDERR_REDIRECT] 
2026-09-15 04:01:59,446 [ERROR] LogOutputStream:75 - [STDERR_REDIRECT] [Fatal Error] :1:1: Premature end of file.
2026-09-15 04:01:59,446 [ERROR] LogOutputStream:75 - [STDERR_REDIRECT] 
2026-09-15 04:01:59,495 [ERROR] LogOutputStream:75 - [STDERR_REDIRECT] [Fatal Error] :1:1: Premature end of file.
2026-09-15 04:01:59,495 [ERROR] LogOutputStream:75 - [STDERR_REDIRECT] 
2026-09-15 04:01:59,542 [ERROR] LogOutputStream:75 - [STDERR_REDIRECT] [Fatal Error] :1:1: Premature end of file.
2026-09-15 04:01:59,542 [ERROR] LogOutputStream:75 - [STDERR_REDIRECT] 
2026-09-15 04:01:59,589 [ERROR] LogOutputStream:75 - [STDERR_REDIRECT] [Fatal Error] :1:1: Premature end of file.
2026-09-15 04:01:59,589 [ERROR] LogOutputStream:75 - [STDERR_REDIRECT] 
2026-09-15 04:01:59,634 [ERROR] LogOutputStream:75 - [STDERR_REDIRECT] [Fatal Error] :1:1: Premature end of file.
2026-09-15 04:01:59,634 [ERROR] LogOutputStream:75 - [STDERR_REDIRECT] 
2026-09-15 04:01:59,680 [ERROR] LogOutputStream:75 - [STDERR_REDIRECT] [Fatal Error] :1:1: Premature end of file.
2026-09-15 04:01:59,680 [ERROR] LogOutputStream:75 - [STDERR_REDIRECT] 
2026-09-15 04:01:59,726 [ERROR] LogOutputStream:75 - [STDERR_REDIRECT] [Fatal Error] :1:1: Premature end of file.
2026-09-15 04:01:59,726 [ERROR] LogOutputStream:75 - [STDERR_REDIRECT] 
2026-09-15 04:01:59,773 [ERROR] LogOutputStream:75 - [STDERR_REDIRECT] [Fatal Error] :1:1: Premature end of file.
2026-09-15 04:01:59,773 [ERROR] LogOutputStream:75 - [STDERR_REDIRECT] 
2026-09-15 04:01:59,810 [ERROR] LogOutputStream:75 - [STDERR_REDIRECT] [Fatal Error] :1:1: Premature end of file.
2026-09-15 04:01:59,810 [ERROR] LogOutputStream:75 - [STDERR_REDIRECT] 
2026-09-15 04:01:59,866 [ERROR] LogOutputStream:75 - [STDERR_REDIRECT] [Fatal Error] :1:1: Premature end of file.
2026-09-15 04:01:59,866 [ERROR] LogOutputStream:75 - [STDERR_REDIRECT] 
2026-09-15 04:01:59,912 [ERROR] LogOutputStream:75 - [STDERR_REDIRECT] [Fatal Error] :1:1: Premature end of file.
2026-09-15 04:01:59,913 [ERROR] LogOutputStream:75 - [STDERR_REDIRECT] 
2026-09-15 04:01:59,959 [ERROR] LogOutputStream:75 - [STDERR_REDIRECT] [Fatal Error] :1:1: Premature end of file.
2026-09-15 04:01:59,959 [ERROR] LogOutputStream:75 - [STDERR_REDIRECT] 
2026-09-15 04:02:00,008 [ERROR] LogOutputStream:75 - [STDERR_REDIRECT] [Fatal Error] :1:1: Premature end of file.
2026-09-15 04:02:00,008 [ERROR] LogOutputStream:75 - [STDERR_REDIRECT] 
2026-09-15 04:02:00,054 [ERROR] LogOutputStream:75 - [STDERR_REDIRECT] [Fatal Error] :1:1: Premature end of file.
2026-09-15 04:02:00,055 [ERROR] LogOutputStream:75 - [STDERR_REDIRECT] 
2026-09-15 04:02:00,101 [ERROR] LogOutputStream:75 - [STDERR_REDIRECT] [Fatal Error] :1:1: Premature end of file.
2026-09-15 04:02:00,101 [ERROR] LogOutputStream:75 - [STDERR_REDIRECT] 
2026-09-15 04:02:00,148 [ERROR] LogOutputStream:75 - [STDERR_REDIRECT] [Fatal Error] :1:1: Premature end of file.
2026-09-15 04:02:00,148 [ERROR] LogOutputStream:75 - [STDERR_REDIRECT] 
2026-09-15 04:02:00,202 [ERROR] LogOutputStream:75 - [STDERR_REDIRECT] [Fatal Error] :1:1: Premature end of file.
2026-09-15 04:02:00,202 [ERROR] LogOutputStream:75 - [STDERR_REDIRECT] 
2026-09-15 04:02:00,264 [ERROR] LogOutputStream:75 - [STDERR_REDIRECT] [Fatal Error] :1:1: Premature end of file.
2026-09-15 04:02:00,264 [ERROR] LogOutputStream:75 - [STDERR_REDIRECT] 
2026-09-15 04:02:00,351 [ERROR] LogOutputStream:75 - [STDERR_REDIRECT] [Fatal Error] :1:1: Premature end of file.
2026-09-15 04:02:00,351 [ERROR] LogOutputStream:75 - [STDERR_REDIRECT] 
2026-09-15 04:02:00,426 [ERROR] LogOutputStream:75 - [STDERR_REDIRECT] [Fatal Error] :1:1: Premature end of file.
2026-09-15 04:02:00,426 [ERROR] LogOutputStream:75 - [STDERR_REDIRECT] 
2026-09-15 04:02:00,507 [ERROR] LogOutputStream:75 - [STDERR_REDIRECT] [Fatal Error] :1:1: Premature end of file.
2026-09-15 04:02:00,507 [ERROR] LogOutputStream:75 - [STDERR_REDIRECT] 
2026-09-15 04:02:00,581 [ERROR] LogOutputStream:75 - [STDERR_REDIRECT] [Fatal Error] :1:1: Premature end of file.
2026-09-15 04:02:00,581 [ERROR] LogOutputStream:75 - [STDERR_REDIRECT] 
2026-09-15 04:02:00,666 [ERROR] LogOutputStream:75 - [STDERR_REDIRECT] [Fatal Error] :1:1: Premature end of file.
2026-09-15 04:02:00,666 [ERROR] LogOutputStream:75 - [STDERR_REDIRECT] 
2026-09-15 04:02:00,750 [ERROR] LogOutputStream:75 - [STDERR_REDIRECT] [Fatal Error] :1:1: Premature end of file.
2026-09-15 04:02:00,750 [ERROR] LogOutputStream:75 - [STDERR_REDIRECT] 
2026-09-15 04:02:00,836 [ERROR] LogOutputStream:75 - [STDERR_REDIRECT] [Fatal Error] :1:1: Premature end of file.
2026-09-15 04:02:00,836 [ERROR] LogOutputStream:75 - [STDERR_REDIRECT] 
2026-09-15 04:02:00,925 [ERROR] LogOutputStream:75 - [STDERR_REDIRECT] [Fatal Error] :1:1: Premature end of file.
2026-09-15 04:02:00,925 [ERROR] LogOutputStream:75 - [STDERR_REDIRECT] 
2026-09-15 04:02:01,037 [ERROR] LogOutputStream:75 - [STDERR_REDIRECT] [Fatal Error] :1:1: Premature end of file.
2026-09-15 04:02:01,037 [ERROR] LogOutputStream:75 - [STDERR_REDIRECT] 
2026-09-15 04:02:01,116 [ERROR] LogOutputStream:75 - [STDERR_REDIRECT] [Fatal Error] :1:1: Premature end of file.
2026-09-15 04:02:01,116 [ERROR] LogOutputStream:75 - [STDERR_REDIRECT] 
2026-09-15 04:02:01,211 [ERROR] LogOutputStream:75 - [STDERR_REDIRECT] [Fatal Error] :1:1: Premature end of file.
2026-09-15 04:02:01,211 [ERROR] LogOutputStream:75 - [STDERR_REDIRECT] 
2026-09-15 04:02:01,294 [ERROR] LogOutputStream:75 - [STDERR_REDIRECT] [Fatal Error] :1:1: Premature end of file.
2026-09-15 04:02:01,296 [ERROR] LogOutputStream:75 - [STDERR_REDIRECT] 
2026-09-15 04:02:01,439 [ERROR] LogOutputStream:75 - [STDERR_REDIRECT] [Fatal Error] :1:1: Premature end of file.
2026-09-15 04:02:01,439 [ERROR] LogOutputStream:75 - [STDERR_REDIRECT] 
2026-09-15 04:02:01,514 [ERROR] LogOutputStream:75 - [STDERR_REDIRECT] [Fatal Error] :1:1: Premature end of file.
2026-09-15 04:02:01,514 [ERROR] LogOutputStream:75 - [STDERR_REDIRECT] 
2026-09-15 04:02:01,607 [ERROR] LogOutputStream:75 - [STDERR_REDIRECT] [Fatal Error] :1:1: Premature end of file.
2026-09-15 04:02:01,607 [ERROR] LogOutputStream:75 - [STDERR_REDIRECT] 
2026-09-15 04:02:01,664 [ERROR] LogOutputStream:75 - [STDERR_REDIRECT] [Fatal Error] :1:1: Premature end of file.
2026-09-15 04:02:01,664 [ERROR] LogOutputStream:75 - [STDERR_REDIRECT] 
2026-09-15 04:02:01,724 [ERROR] LogOutputStream:75 - [STDERR_REDIRECT] [Fatal Error] :1:1: Premature end of file.
2026-09-15 04:02:01,730 [ERROR] LogOutputStream:75 - [STDERR_REDIRECT] 
2026-09-15 04:02:01,805 [ERROR] LogOutputStream:75 - [STDERR_REDIRECT] [Fatal Error] :1:1: Premature end of file.
2026-09-15 04:02:01,805 [ERROR] LogOutputStream:75 - [STDERR_REDIRECT] 
2026-09-15 04:02:01,892 [ERROR] LogOutputStream:75 - [STDERR_REDIRECT] [Fatal Error] :1:1: Premature end of file.
2026-09-15 04:02:01,892 [ERROR] LogOutputStream:75 - [STDERR_REDIRECT] 
2026-09-15 04:02:01,954 [ERROR] LogOutputStream:75 - [STDERR_REDIRECT] [Fatal Error] :1:1: Premature end of file.
2026-09-15 04:02:01,954 [ERROR] LogOutputStream:75 - [STDERR_REDIRECT] 
2026-09-15 04:02:02,015 [ERROR] LogOutputStream:75 - [STDERR_REDIRECT] [Fatal Error] :1:1: Premature end of file.
2026-09-15 04:02:02,024 [ERROR] LogOutputStream:75 - [STDERR_REDIRECT] 
2026-09-15 04:02:02,085 [ERROR] LogOutputStream:75 - [STDERR_REDIRECT] [Fatal Error] :1:1: Premature end of file.
2026-09-15 04:02:02,085 [ERROR] LogOutputStream:75 - [STDERR_REDIRECT] 
2026-09-15 04:02:02,144 [ERROR] LogOutputStream:75 - [STDERR_REDIRECT] [Fatal Error] :1:1: Premature end of file.
2026-09-15 04:02:02,144 [ERROR] LogOutputStream:75 - [STDERR_REDIRECT] 
2026-09-15 04:02:02,204 [ERROR] LogOutputStream:75 - [STDERR_REDIRECT] [Fatal Error] :1:1: Premature end of file.
2026-09-15 04:02:02,204 [ERROR] LogOutputStream:75 - [STDERR_REDIRECT] 
2026-09-15 04:02:02,273 [ERROR] LogOutputStream:75 - [STDERR_REDIRECT] [Fatal Error] :1:1: Premature end of file.
2026-09-15 04:02:02,273 [ERROR] LogOutputStream:75 - [STDERR_REDIRECT] 
2026-09-15 04:02:02,324 [ERROR] LogOutputStream:75 - [STDERR_REDIRECT] [Fatal Error] :1:1: Premature end of file.
2026-09-15 04:02:02,324 [ERROR] LogOutputStream:75 - [STDERR_REDIRECT] 
2026-09-15 04:02:02,376 [ERROR] LogOutputStream:75 - [STDERR_REDIRECT] [Fatal Error] :1:1: Premature end of file.
2026-09-15 04:02:02,376 [ERROR] LogOutputStream:75 - [STDERR_REDIRECT] 
2026-09-15 04:02:02,435 [ERROR] LogOutputStream:75 - [STDERR_REDIRECT] [Fatal Error] :1:1: Premature end of file.
2026-09-15 04:02:02,439 [ERROR] LogOutputStream:75 - [STDERR_REDIRECT] 
2026-09-15 04:02:02,504 [ERROR] LogOutputStream:75 - [STDERR_REDIRECT] [Fatal Error] :1:1: Premature end of file.
2026-09-15 04:02:02,504 [ERROR] LogOutputStream:75 - [STDERR_REDIRECT] 
2026-09-15 04:02:02,572 [ERROR] LogOutputStream:75 - [STDERR_REDIRECT] [Fatal Error] :1:1: Premature end of file.
2026-09-15 04:02:02,572 [ERROR] LogOutputStream:75 - [STDERR_REDIRECT] 
2026-09-15 04:02:02,627 [ERROR] LogOutputStream:75 - [STDERR_REDIRECT] [Fatal Error] :1:1: Premature end of file.
2026-09-15 04:02:02,627 [ERROR] LogOutputStream:75 - [STDERR_REDIRECT] 
2026-09-15 04:02:02,676 [ERROR] LogOutputStream:75 - [STDERR_REDIRECT] [Fatal Error] :1:1: Premature end of file.
2026-09-15 04:02:02,676 [ERROR] LogOutputStream:75 - [STDERR_REDIRECT] 
2026-09-15 04:02:02,728 [ERROR] LogOutputStream:75 - [STDERR_REDIRECT] [Fatal Error] :1:1: Premature end of file.
2026-09-15 04:02:02,728 [ERROR] LogOutputStream:75 - [STDERR_REDIRECT] 
2026-09-15 04:02:02,779 [ERROR] LogOutputStream:75 - [STDERR_REDIRECT] [Fatal Error] :1:1: Premature end of file.
2026-09-15 04:02:02,779 [ERROR] LogOutputStream:75 - [STDERR_REDIRECT] 
2026-09-15 04:02:02,832 [ERROR] LogOutputStream:75 - [STDERR_REDIRECT] [Fatal Error] :1:1: Premature end of file.
2026-09-15 04:02:02,832 [ERROR] LogOutputStream:75 - [STDERR_REDIRECT] 
2026-09-15 04:02:02,884 [ERROR] LogOutputStream:75 - [STDERR_REDIRECT] [Fatal Error] :1:1: Premature end of file.
2026-09-15 04:02:02,884 [ERROR] LogOutputStream:75 - [STDERR_REDIRECT] 
2026-09-15 04:02:02,943 [ERROR] LogOutputStream:75 - [STDERR_REDIRECT] [Fatal Error] :1:1: Premature end of file.
2026-09-15 04:02:02,943 [ERROR] LogOutputStream:75 - [STDERR_REDIRECT] 
2026-09-15 04:02:02,997 [ERROR] LogOutputStream:75 - [STDERR_REDIRECT] [Fatal Error] :1:1: Premature end of file.
2026-09-15 04:02:02,997 [ERROR] LogOutputStream:75 - [STDERR_REDIRECT] 
2026-09-15 04:02:03,039 [ERROR] LogOutputStream:75 - [STDERR_REDIRECT] [Fatal Error] :1:1: Premature end of file.
2026-09-15 04:02:03,039 [ERROR] LogOutputStream:75 - [STDERR_REDIRECT] 
2026-09-15 04:02:03,098 [ERROR] LogOutputStream:75 - [STDERR_REDIRECT] [Fatal Error] :1:1: Premature end of file.
2026-09-15 04:02:03,098 [ERROR] LogOutputStream:75 - [STDERR_REDIRECT] 
2026-09-15 04:02:03,148 [ERROR] LogOutputStream:75 - [STDERR_REDIRECT] [Fatal Error] :1:1: Premature end of file.
2026-09-15 04:02:03,148 [ERROR] LogOutputStream:75 - [STDERR_REDIRECT] 
2026-09-15 04:02:03,200 [ERROR] LogOutputStream:75 - [STDERR_REDIRECT] [Fatal Error] :1:1: Premature end of file.
2026-09-15 04:02:03,200 [ERROR] LogOutputStream:75 - [STDERR_REDIRECT] 
2026-09-15 04:02:03,252 [ERROR] LogOutputStream:75 - [STDERR_REDIRECT] [Fatal Error] :1:1: Premature end of file.
2026-09-15 04:02:03,252 [ERROR] LogOutputStream:75 - [STDERR_REDIRECT] 
2026-09-15 04:02:03,308 [ERROR] LogOutputStream:75 - [STDERR_REDIRECT] [Fatal Error] :1:1: Premature end of file.
2026-09-15 04:02:03,308 [ERROR] LogOutputStream:75 - [STDERR_REDIRECT] 
2026-09-15 04:02:03,363 [ERROR] LogOutputStream:75 - [STDERR_REDIRECT] [Fatal Error] :1:1: Premature end of file.
2026-09-15 04:02:03,363 [ERROR] LogOutputStream:75 - [STDERR_REDIRECT] 
2026-09-15 04:02:03,401 [ERROR] LogOutputStream:75 - [STDERR_REDIRECT] [Fatal Error] :1:1: Premature end of file.
2026-09-15 04:02:03,401 [ERROR] LogOutputStream:75 - [STDERR_REDIRECT] 
2026-09-15 04:02:03,454 [ERROR] LogOutputStream:75 - [STDERR_REDIRECT] [Fatal Error] :1:1: Premature end of file.
2026-09-15 04:02:03,454 [ERROR] LogOutputStream:75 - [STDERR_REDIRECT] 
2026-09-15 04:02:03,509 [ERROR] LogOutputStream:75 - [STDERR_REDIRECT] [Fatal Error] :1:1: Premature end of file.
2026-09-15 04:02:03,509 [ERROR] LogOutputStream:75 - [STDERR_REDIRECT] 
2026-09-15 04:02:03,557 [ERROR] LogOutputStream:75 - [STDERR_REDIRECT] [Fatal Error] :1:1: Premature end of file.
2026-09-15 04:02:03,559 [ERROR] LogOutputStream:75 - [STDERR_REDIRECT] 
2026-09-15 04:02:03,607 [ERROR] LogOutputStream:75 - [STDERR_REDIRECT] [Fatal Error] :1:1: Premature end of file.
2026-09-15 04:02:03,607 [ERROR] LogOutputStream:75 - [STDERR_REDIRECT] 
2026-09-15 04:02:03,654 [ERROR] LogOutputStream:75 - [STDERR_REDIRECT] [Fatal Error] :1:1: Premature end of file.
2026-09-15 04:02:03,654 [ERROR] LogOutputStream:75 - [STDERR_REDIRECT] 
2026-09-15 04:02:03,698 [ERROR] LogOutputStream:75 - [STDERR_REDIRECT] [Fatal Error] :1:1: Premature end of file.
2026-09-15 04:02:03,698 [ERROR] LogOutputStream:75 - [STDERR_REDIRECT] 
2026-09-15 04:02:03,748 [ERROR] LogOutputStream:75 - [STDERR_REDIRECT] [Fatal Error] :1:1: Premature end of file.
2026-09-15 04:02:03,749 [ERROR] LogOutputStream:75 - [STDERR_REDIRECT] 
2026-09-15 04:02:03,797 [ERROR] LogOutputStream:75 - [STDERR_REDIRECT] [Fatal Error] :1:1: Premature end of file.
2026-09-15 04:02:03,797 [ERROR] LogOutputStream:75 - [STDERR_REDIRECT] 
2026-09-15 04:02:03,846 [ERROR] LogOutputStream:75 - [STDERR_REDIRECT] [Fatal Error] :1:1: Premature end of file.
2026-09-15 04:02:03,846 [ERROR] LogOutputStream:75 - [STDERR_REDIRECT] 
2026-09-15 04:02:03,892 [ERROR] LogOutputStream:75 - [STDERR_REDIRECT] [Fatal Error] :1:1: Premature end of file.
2026-09-15 04:02:03,892 [ERROR] LogOutputStream:75 - [STDERR_REDIRECT] 
2026-09-15 04:02:03,945 [ERROR] LogOutputStream:75 - [STDERR_REDIRECT] [Fatal Error] :1:1: Premature end of file.
2026-09-15 04:02:03,945 [ERROR] LogOutputStream:75 - [STDERR_REDIRECT] 
2026-09-15 04:02:03,986 [ERROR] LogOutputStream:75 - [STDERR_REDIRECT] [Fatal Error] :1:1: Premature end of file.
2026-09-15 04:02:03,986 [ERROR] LogOutputStream:75 - [STDERR_REDIRECT] 
2026-09-15 04:02:04,033 [ERROR] LogOutputStream:75 - [STDERR_REDIRECT] [Fatal Error] :1:1: Premature end of file.
2026-09-15 04:02:04,033 [ERROR] LogOutputStream:75 - [STDERR_REDIRECT] 
2026-09-15 04:02:04,081 [ERROR] LogOutputStream:75 - [STDERR_REDIRECT] [Fatal Error] :1:1: Premature end of file.
2026-09-15 04:02:04,081 [ERROR] LogOutputStream:75 - [STDERR_REDIRECT] 
2026-09-15 04:02:04,128 [ERROR] LogOutputStream:75 - [STDERR_REDIRECT] [Fatal Error] :1:1: Premature end of file.
2026-09-15 04:02:04,128 [ERROR] LogOutputStream:75 - [STDERR_REDIRECT] 
2026-09-15 04:02:04,184 [ERROR] LogOutputStream:75 - [STDERR_REDIRECT] [Fatal Error] :1:1: Premature end of file.
2026-09-15 04:02:04,184 [ERROR] LogOutputStream:75 - [STDERR_REDIRECT] 
2026-09-15 04:02:04,223 [ERROR] LogOutputStream:75 - [STDERR_REDIRECT] [Fatal Error] :1:1: Premature end of file.
2026-09-15 04:02:04,223 [ERROR] LogOutputStream:75 - [STDERR_REDIRECT] 
2026-09-15 04:02:04,270 [ERROR] LogOutputStream:75 - [STDERR_REDIRECT] [Fatal Error] :1:1: Premature end of file.
2026-09-15 04:02:04,270 [ERROR] LogOutputStream:75 - [STDERR_REDIRECT] 
2026-09-15 04:02:04,317 [ERROR] LogOutputStream:75 - [STDERR_REDIRECT] [Fatal Error] :1:1: Premature end of file.
2026-09-15 04:02:04,317 [ERROR] LogOutputStream:75 - [STDERR_REDIRECT] 
2026-09-15 04:02:04,399 [ERROR] LogOutputStream:75 - [STDERR_REDIRECT] [Fatal Error] :1:1: Premature end of file.
2026-09-15 04:02:04,399 [ERROR] LogOutputStream:75 - [STDERR_REDIRECT] 
2026-09-15 04:02:04,445 [ERROR] LogOutputStream:75 - [STDERR_REDIRECT] [Fatal Error] :1:1: Premature end of file.
2026-09-15 04:02:04,445 [ERROR] LogOutputStream:75 - [STDERR_REDIRECT] 
2026-09-15 04:02:04,499 [ERROR] LogOutputStream:75 - [STDERR_REDIRECT] [Fatal Error] :1:1: Premature end of file.
2026-09-15 04:02:04,499 [ERROR] LogOutputStream:75 - [STDERR_REDIRECT] 
2026-09-15 04:02:04,540 [ERROR] LogOutputStream:75 - [STDERR_REDIRECT] [Fatal Error] :1:1: Premature end of file.
2026-09-15 04:02:04,540 [ERROR] LogOutputStream:75 - [STDERR_REDIRECT] 
2026-09-15 04:02:04,590 [ERROR] LogOutputStream:75 - [STDERR_REDIRECT] [Fatal Error] :1:1: Premature end of file.
2026-09-15 04:02:04,590 [ERROR] LogOutputStream:75 - [STDERR_REDIRECT] 
2026-09-15 04:02:04,641 [ERROR] LogOutputStream:75 - [STDERR_REDIRECT] [Fatal Error] :1:1: Premature end of file.
2026-09-15 04:02:04,641 [ERROR] LogOutputStream:75 - [STDERR_REDIRECT] 
2026-09-15 04:02:04,684 [ERROR] LogOutputStream:75 - [STDERR_REDIRECT] [Fatal Error] :1:1: Premature end of file.
2026-09-15 04:02:04,684 [ERROR] LogOutputStream:75 - [STDERR_REDIRECT] 
2026-09-15 04:02:04,729 [ERROR] LogOutputStream:75 - [STDERR_REDIRECT] [Fatal Error] :1:1: Premature end of file.
2026-09-15 04:02:04,729 [ERROR] LogOutputStream:75 - [STDERR_REDIRECT] 
2026-09-15 04:02:04,777 [ERROR] LogOutputStream:75 - [STDERR_REDIRECT] [Fatal Error] :1:1: Premature end of file.
2026-09-15 04:02:04,777 [ERROR] LogOutputStream:75 - [STDERR_REDIRECT] 
2026-09-15 04:02:04,824 [ERROR] LogOutputStream:75 - [STDERR_REDIRECT] [Fatal Error] :1:1: Premature end of file.
2026-09-15 04:02:04,824 [ERROR] LogOutputStream:75 - [STDERR_REDIRECT] 
2026-09-15 04:02:04,872 [ERROR] LogOutputStream:75 - [STDERR_REDIRECT] [Fatal Error] :1:1: Premature end of file.
2026-09-15 04:02:04,872 [ERROR] LogOutputStream:75 - [STDERR_REDIRECT] 
2026-09-15 04:02:04,919 [ERROR] LogOutputStream:75 - [STDERR_REDIRECT] [Fatal Error] :1:1: Premature end of file.
2026-09-15 04:02:04,919 [ERROR] LogOutputStream:75 - [STDERR_REDIRECT] 
2026-09-15 04:02:04,968 [ERROR] LogOutputStream:75 - [STDERR_REDIRECT] [Fatal Error] :1:1: Premature end of file.
2026-09-15 04:02:04,968 [ERROR] LogOutputStream:75 - [STDERR_REDIRECT] 
2026-09-15 04:02:05,017 [ERROR] LogOutputStream:75 - [STDERR_REDIRECT] [Fatal Error] :1:1: Premature end of file.
2026-09-15 04:02:05,017 [ERROR] LogOutputStream:75 - [STDERR_REDIRECT] 
2026-09-15 04:02:05,061 [ERROR] LogOutputStream:75 - [STDERR_REDIRECT] [Fatal Error] :1:1: Premature end of file.
2026-09-15 04:02:05,061 [ERROR] LogOutputStream:75 - [STDERR_REDIRECT] 
2026-09-15 04:02:05,109 [ERROR] LogOutputStream:75 - [STDERR_REDIRECT] [Fatal Error] :1:1: Premature end of file.
2026-09-15 04:02:05,109 [ERROR] LogOutputStream:75 - [STDERR_REDIRECT] 
2026-09-15 04:02:05,173 [ERROR] LogOutputStream:75 - [STDERR_REDIRECT] [Fatal Error] :1:1: Premature end of file.
2026-09-15 04:02:05,173 [ERROR] LogOutputStream:75 - [STDERR_REDIRECT] 
2026-09-15 04:02:05,245 [ERROR] LogOutputStream:75 - [STDERR_REDIRECT] [Fatal Error] :1:1: Premature end of file.
2026-09-15 04:02:05,245 [ERROR] LogOutputStream:75 - [STDERR_REDIRECT] 
2026-09-15 04:02:05,296 [ERROR] LogOutputStream:75 - [STDERR_REDIRECT] [Fatal Error] :1:1: Premature end of file.
2026-09-15 04:02:05,296 [ERROR] LogOutputStream:75 - [STDERR_REDIRECT] 
2026-09-15 04:02:05,330 [ERROR] LogOutputStream:75 - [STDERR_REDIRECT] [Fatal Error] :1:1: Premature end of file.
2026-09-15 04:02:05,330 [ERROR] LogOutputStream:75 - [STDERR_REDIRECT] 
2026-09-15 04:02:05,393 [ERROR] LogOutputStream:75 - [STDERR_REDIRECT] [Fatal Error] :1:1: Premature end of file.
2026-09-15 04:02:05,393 [ERROR] LogOutputStream:75 - [STDERR_REDIRECT] 
2026-09-15 04:02:05,446 [ERROR] LogOutputStream:75 - [STDERR_REDIRECT] [Fatal Error] :1:1: Premature end of file.
2026-09-15 04:02:05,446 [ERROR] LogOutputStream:75 - [STDERR_REDIRECT] 
2026-09-15 04:02:05,500 [ERROR] LogOutputStream:75 - [STDERR_REDIRECT] [Fatal Error] :1:1: Premature end of file.
2026-09-15 04:02:05,500 [ERROR] LogOutputStream:75 - [STDERR_REDIRECT] 
2026-09-15 04:02:05,552 [ERROR] LogOutputStream:75 - [STDERR_REDIRECT] [Fatal Error] :1:1: Premature end of file.
2026-09-15 04:02:05,552 [ERROR] LogOutputStream:75 - [STDERR_REDIRECT] 
2026-09-15 04:02:05,608 [ERROR] LogOutputStream:75 - [STDERR_REDIRECT] [Fatal Error] :1:1: Premature end of file.
2026-09-15 04:02:05,608 [ERROR] LogOutputStream:75 - [STDERR_REDIRECT] 
2026-09-15 04:02:05,662 [ERROR] LogOutputStream:75 - [STDERR_REDIRECT] [Fatal Error] :1:1: Premature end of file.
2026-09-15 04:02:05,662 [ERROR] LogOutputStream:75 - [STDERR_REDIRECT] 
2026-09-15 04:02:05,710 [ERROR] LogOutputStream:75 - [STDERR_REDIRECT] [Fatal Error] :1:1: Premature end of file.
2026-09-15 04:02:05,710 [ERROR] LogOutputStream:75 - [STDERR_REDIRECT] 
2026-09-15 04:02:05,758 [ERROR] LogOutputStream:75 - [STDERR_REDIRECT] [Fatal Error] :1:1: Premature end of file.
2026-09-15 04:02:05,758 [ERROR] LogOutputStream:75 - [STDERR_REDIRECT] 
2026-09-15 04:02:05,807 [ERROR] LogOutputStream:75 - [STDERR_REDIRECT] [Fatal Error] :1:1: Premature end of file.
2026-09-15 04:02:05,807 [ERROR] LogOutputStream:75 - [STDERR_REDIRECT] 
2026-09-15 04:02:05,857 [ERROR] LogOutputStream:75 - [STDERR_REDIRECT] [Fatal Error] :1:1: Premature end of file.
2026-09-15 04:02:05,857 [ERROR] LogOutputStream:75 - [STDERR_REDIRECT] 
2026-09-15 04:02:05,901 [ERROR] LogOutputStream:75 - [STDERR_REDIRECT] [Fatal Error] :1:1: Premature end of file.
2026-09-15 04:02:05,901 [ERROR] LogOutputStream:75 - [STDERR_REDIRECT] 
2026-09-15 04:02:05,962 [ERROR] LogOutputStream:75 - [STDERR_REDIRECT] [Fatal Error] :1:1: Premature end of file.
2026-09-15 04:02:05,962 [ERROR] LogOutputStream:75 - [STDERR_REDIRECT] 
2026-09-15 04:02:06,009 [ERROR] LogOutputStream:75 - [STDERR_REDIRECT] [Fatal Error] :1:1: Premature end of file.
2026-09-15 04:02:06,009 [ERROR] LogOutputStream:75 - [STDERR_REDIRECT] 
2026-09-15 04:02:06,071 [ERROR] LogOutputStream:75 - [STDERR_REDIRECT] [Fatal Error] :1:1: Premature end of file.
2026-09-15 04:02:06,071 [ERROR] LogOutputStream:75 - [STDERR_REDIRECT] 
2026-09-15 04:02:06,132 [ERROR] LogOutputStream:75 - [STDERR_REDIRECT] [Fatal Error] :1:1: Premature end of file.
2026-09-15 04:02:06,134 [ERROR] LogOutputStream:75 - [STDERR_REDIRECT] 
2026-09-15 04:02:06,192 [ERROR] LogOutputStream:75 - [STDERR_REDIRECT] [Fatal Error] :1:1: Premature end of file.
2026-09-15 04:02:06,192 [ERROR] LogOutputStream:75 - [STDERR_REDIRECT] 
2026-09-15 04:02:06,245 [ERROR] LogOutputStream:75 - [STDERR_REDIRECT] [Fatal Error] :1:1: Premature end of file.
2026-09-15 04:02:06,245 [ERROR] LogOutputStream:75 - [STDERR_REDIRECT] 
2026-09-15 04:02:06,301 [ERROR] LogOutputStream:75 - [STDERR_REDIRECT] [Fatal Error] :1:1: Premature end of file.
2026-09-15 04:02:06,301 [ERROR] LogOutputStream:75 - [STDERR_REDIRECT] 
2026-09-15 04:02:06,342 [ERROR] LogOutputStream:75 - [STDERR_REDIRECT] [Fatal Error] :1:1: Premature end of file.
2026-09-15 04:02:06,342 [ERROR] LogOutputStream:75 - [STDERR_REDIRECT] 
2026-09-15 04:02:06,402 [ERROR] LogOutputStream:75 - [STDERR_REDIRECT] [Fatal Error] :1:1: Premature end of file.
2026-09-15 04:02:06,402 [ERROR] LogOutputStream:75 - [STDERR_REDIRECT] 
2026-09-15 04:02:06,451 [ERROR] LogOutputStream:75 - [STDERR_REDIRECT] [Fatal Error] :1:1: Premature end of file.
2026-09-15 04:02:06,451 [ERROR] LogOutputStream:75 - [STDERR_REDIRECT] 
2026-09-15 04:02:06,504 [ERROR] LogOutputStream:75 - [STDERR_REDIRECT] [Fatal Error] :1:1: Premature end of file.
2026-09-15 04:02:06,504 [ERROR] LogOutputStream:75 - [STDERR_REDIRECT] 
2026-09-15 04:02:06,552 [ERROR] LogOutputStream:75 - [STDERR_REDIRECT] [Fatal Error] :1:1: Premature end of file.
2026-09-15 04:02:06,552 [ERROR] LogOutputStream:75 - [STDERR_REDIRECT] 
2026-09-15 04:02:06,602 [ERROR] LogOutputStream:75 - [STDERR_REDIRECT] [Fatal Error] :1:1: Premature end of file.
2026-09-15 04:02:06,602 [ERROR] LogOutputStream:75 - [STDERR_REDIRECT] 
2026-09-15 04:02:06,651 [ERROR] LogOutputStream:75 - [STDERR_REDIRECT] [Fatal Error] :1:1: Premature end of file.
2026-09-15 04:02:06,651 [ERROR] LogOutputStream:75 - [STDERR_REDIRECT] 
2026-09-15 04:02:06,696 [ERROR] LogOutputStream:75 - [STDERR_REDIRECT] [Fatal Error] :1:1: Premature end of file.
2026-09-15 04:02:06,696 [ERROR] LogOutputStream:75 - [STDERR_REDIRECT] 
2026-09-15 04:02:06,741 [ERROR] LogOutputStream:75 - [STDERR_REDIRECT] [Fatal Error] :1:1: Premature end of file.
2026-09-15 04:02:06,741 [ERROR] LogOutputStream:75 - [STDERR_REDIRECT] 
2026-09-15 04:02:06,786 [ERROR] LogOutputStream:75 - [STDERR_REDIRECT] [Fatal Error] :1:1: Premature end of file.
2026-09-15 04:02:06,786 [ERROR] LogOutputStream:75 - [STDERR_REDIRECT] 
2026-09-15 04:02:06,839 [ERROR] LogOutputStream:75 - [STDERR_REDIRECT] [Fatal Error] :1:1: Premature end of file.
2026-09-15 04:02:06,839 [ERROR] LogOutputStream:75 - [STDERR_REDIRECT] 
2026-09-15 04:02:06,886 [ERROR] LogOutputStream:75 - [STDERR_REDIRECT] [Fatal Error] :1:1: Premature end of file.
2026-09-15 04:02:06,886 [ERROR] LogOutputStream:75 - [STDERR_REDIRECT] 
2026-09-15 04:02:06,935 [ERROR] LogOutputStream:75 - [STDERR_REDIRECT] [Fatal Error] :1:1: Premature end of file.
2026-09-15 04:02:06,935 [ERROR] LogOutputStream:75 - [STDERR_REDIRECT] 
2026-09-15 04:02:06,978 [ERROR] LogOutputStream:75 - [STDERR_REDIRECT] [Fatal Error] :1:1: Premature end of file.
2026-09-15 04:02:06,978 [ERROR] LogOutputStream:75 - [STDERR_REDIRECT] 
2026-09-15 04:02:07,037 [ERROR] LogOutputStream:75 - [STDERR_REDIRECT] [Fatal Error] :1:1: Premature end of file.
2026-09-15 04:02:07,037 [ERROR] LogOutputStream:75 - [STDERR_REDIRECT] 
2026-09-15 04:02:07,086 [ERROR] LogOutputStream:75 - [STDERR_REDIRECT] [Fatal Error] :1:1: Premature end of file.
2026-09-15 04:02:07,086 [ERROR] LogOutputStream:75 - [STDERR_REDIRECT] 
2026-09-15 04:02:07,133 [ERROR] LogOutputStream:75 - [STDERR_REDIRECT] [Fatal Error] :1:1: Premature end of file.
2026-09-15 04:02:07,133 [ERROR] LogOutputStream:75 - [STDERR_REDIRECT] 
2026-09-15 04:02:07,178 [ERROR] LogOutputStream:75 - [STDERR_REDIRECT] [Fatal Error] :1:1: Premature end of file.
2026-09-15 04:02:07,178 [ERROR] LogOutputStream:75 - [STDERR_REDIRECT] 
2026-09-15 04:02:07,227 [ERROR] LogOutputStream:75 - [STDERR_REDIRECT] [Fatal Error] :1:1: Premature end of file.
2026-09-15 04:02:07,227 [ERROR] LogOutputStream:75 - [STDERR_REDIRECT] 
2026-09-15 04:02:07,277 [ERROR] LogOutputStream:75 - [STDERR_REDIRECT] [Fatal Error] :1:1: Premature end of file.
2026-09-15 04:02:07,277 [ERROR] LogOutputStream:75 - [STDERR_REDIRECT] 
2026-09-15 04:02:07,327 [ERROR] LogOutputStream:75 - [STDERR_REDIRECT] [Fatal Error] :1:1: Premature end of file.
2026-09-15 04:02:07,327 [ERROR] LogOutputStream:75 - [STDERR_REDIRECT] 
2026-09-15 04:02:07,373 [ERROR] LogOutputStream:75 - [STDERR_REDIRECT] [Fatal Error] :1:1: Premature end of file.
2026-09-15 04:02:07,373 [ERROR] LogOutputStream:75 - [STDERR_REDIRECT] 
2026-09-15 04:02:07,425 [ERROR] LogOutputStream:75 - [STDERR_REDIRECT] [Fatal Error] :1:1: Premature end of file.
2026-09-15 04:02:07,425 [ERROR] LogOutputStream:75 - [STDERR_REDIRECT] 
2026-09-15 04:02:07,483 [ERROR] LogOutputStream:75 - [STDERR_REDIRECT] [Fatal Error] :1:1: Premature end of file.
2026-09-15 04:02:07,483 [ERROR] LogOutputStream:75 - [STDERR_REDIRECT] 
2026-09-15 04:02:07,534 [ERROR] LogOutputStream:75 - [STDERR_REDIRECT] [Fatal Error] :1:1: Premature end of file.
2026-09-15 04:02:07,536 [ERROR] LogOutputStream:75 - [STDERR_REDIRECT] 
2026-09-15 04:02:07,585 [ERROR] LogOutputStream:75 - [STDERR_REDIRECT] [Fatal Error] :1:1: Premature end of file.
2026-09-15 04:02:07,587 [ERROR] LogOutputStream:75 - [STDERR_REDIRECT] 
2026-09-15 04:02:07,636 [ERROR] LogOutputStream:75 - [STDERR_REDIRECT] [Fatal Error] :1:1: Premature end of file.
2026-09-15 04:02:07,639 [ERROR] LogOutputStream:75 - [STDERR_REDIRECT] 
2026-09-15 04:02:07,684 [ERROR] LogOutputStream:75 - [STDERR_REDIRECT] [Fatal Error] :1:1: Premature end of file.
2026-09-15 04:02:07,684 [ERROR] LogOutputStream:75 - [STDERR_REDIRECT] 
2026-09-15 04:02:07,737 [ERROR] LogOutputStream:75 - [STDERR_REDIRECT] [Fatal Error] :1:1: Premature end of file.
2026-09-15 04:02:07,737 [ERROR] LogOutputStream:75 - [STDERR_REDIRECT] 
2026-09-15 04:02:07,787 [ERROR] LogOutputStream:75 - [STDERR_REDIRECT] [Fatal Error] :1:1: Premature end of file.
2026-09-15 04:02:07,787 [ERROR] LogOutputStream:75 - [STDERR_REDIRECT] 
2026-09-15 04:02:07,834 [ERROR] LogOutputStream:75 - [STDERR_REDIRECT] [Fatal Error] :1:1: Premature end of file.
2026-09-15 04:02:07,834 [ERROR] LogOutputStream:75 - [STDERR_REDIRECT] 
2026-09-15 04:02:07,883 [ERROR] LogOutputStream:75 - [STDERR_REDIRECT] [Fatal Error] :1:1: Premature end of file.
2026-09-15 04:02:07,883 [ERROR] LogOutputStream:75 - [STDERR_REDIRECT] 
2026-09-15 04:02:07,922 [ERROR] LogOutputStream:75 - [STDERR_REDIRECT] [Fatal Error] :1:1: Premature end of file.
2026-09-15 04:02:07,922 [ERROR] LogOutputStream:75 - [STDERR_REDIRECT] 
2026-09-15 04:02:07,969 [ERROR] LogOutputStream:75 - [STDERR_REDIRECT] [Fatal Error] :1:1: Premature end of file.
2026-09-15 04:02:07,969 [ERROR] LogOutputStream:75 - [STDERR_REDIRECT] 
2026-09-15 04:02:08,023 [ERROR] LogOutputStream:75 - [STDERR_REDIRECT] [Fatal Error] :1:1: Premature end of file.
2026-09-15 04:02:08,023 [ERROR] LogOutputStream:75 - [STDERR_REDIRECT] 
2026-09-15 04:02:08,071 [ERROR] LogOutputStream:75 - [STDERR_REDIRECT] [Fatal Error] :1:1: Premature end of file.
2026-09-15 04:02:08,071 [ERROR] LogOutputStream:75 - [STDERR_REDIRECT] 
2026-09-15 04:02:08,112 [ERROR] LogOutputStream:75 - [STDERR_REDIRECT] [Fatal Error] :1:1: Premature end of file.
2026-09-15 04:02:08,112 [ERROR] LogOutputStream:75 - [STDERR_REDIRECT] 
2026-09-15 04:02:08,164 [ERROR] LogOutputStream:75 - [STDERR_REDIRECT] [Fatal Error] :1:1: Premature end of file.
2026-09-15 04:02:08,164 [ERROR] LogOutputStream:75 - [STDERR_REDIRECT] 
2026-09-15 04:02:08,207 [ERROR] LogOutputStream:75 - [STDERR_REDIRECT] [Fatal Error] :1:1: Premature end of file.
2026-09-15 04:02:08,207 [ERROR] LogOutputStream:75 - [STDERR_REDIRECT] 
2026-09-15 04:02:08,265 [ERROR] LogOutputStream:75 - [STDERR_REDIRECT] [Fatal Error] :1:1: Premature end of file.
2026-09-15 04:02:08,265 [ERROR] LogOutputStream:75 - [STDERR_REDIRECT] 
2026-09-15 04:02:08,315 [ERROR] LogOutputStream:75 - [STDERR_REDIRECT] [Fatal Error] :1:1: Premature end of file.
2026-09-15 04:02:08,315 [ERROR] LogOutputStream:75 - [STDERR_REDIRECT] 
2026-09-15 04:02:08,357 [ERROR] LogOutputStream:75 - [STDERR_REDIRECT] [Fatal Error] :1:1: Premature end of file.
2026-09-15 04:02:08,357 [ERROR] LogOutputStream:75 - [STDERR_REDIRECT] 
2026-09-15 04:02:08,406 [ERROR] LogOutputStream:75 - [STDERR_REDIRECT] [Fatal Error] :1:1: Premature end of file.
2026-09-15 04:02:08,406 [ERROR] LogOutputStream:75 - [STDERR_REDIRECT] 
2026-09-15 04:02:08,466 [ERROR] LogOutputStream:75 - [STDERR_REDIRECT] [Fatal Error] :1:1: Premature end of file.
2026-09-15 04:02:08,466 [ERROR] LogOutputStream:75 - [STDERR_REDIRECT] 
2026-09-15 04:02:08,517 [ERROR] LogOutputStream:75 - [STDERR_REDIRECT] [Fatal Error] :1:1: Premature end of file.
2026-09-15 04:02:08,517 [ERROR] LogOutputStream:75 - [STDERR_REDIRECT] 
2026-09-15 04:02:08,556 [ERROR] LogOutputStream:75 - [STDERR_REDIRECT] [Fatal Error] :1:1: Premature end of file.
2026-09-15 04:02:08,556 [ERROR] LogOutputStream:75 - [STDERR_REDIRECT] 
2026-09-15 04:02:08,604 [ERROR] LogOutputStream:75 - [STDERR_REDIRECT] [Fatal Error] :1:1: Premature end of file.
2026-09-15 04:02:08,604 [ERROR] LogOutputStream:75 - [STDERR_REDIRECT] 
2026-09-15 04:02:08,651 [ERROR] LogOutputStream:75 - [STDERR_REDIRECT] [Fatal Error] :1:1: Premature end of file.
2026-09-15 04:02:08,651 [ERROR] LogOutputStream:75 - [STDERR_REDIRECT] 
2026-09-15 04:02:08,708 [ERROR] LogOutputStream:75 - [STDERR_REDIRECT] [Fatal Error] :1:1: Premature end of file.
2026-09-15 04:02:08,708 [ERROR] LogOutputStream:75 - [STDERR_REDIRECT] 
2026-09-15 04:02:08,755 [ERROR] LogOutputStream:75 - [STDERR_REDIRECT] [Fatal Error] :1:1: Premature end of file.
2026-09-15 04:02:08,755 [ERROR] LogOutputStream:75 - [STDERR_REDIRECT] 
2026-09-15 04:02:08,798 [ERROR] LogOutputStream:75 - [STDERR_REDIRECT] [Fatal Error] :1:1: Premature end of file.
2026-09-15 04:02:08,798 [ERROR] LogOutputStream:75 - [STDERR_REDIRECT] 
2026-09-15 04:02:08,847 [ERROR] LogOutputStream:75 - [STDERR_REDIRECT] [Fatal Error] :1:1: Premature end of file.
2026-09-15 04:02:08,847 [ERROR] LogOutputStream:75 - [STDERR_REDIRECT] 
2026-09-15 04:02:08,887 [ERROR] LogOutputStream:75 - [STDERR_REDIRECT] [Fatal Error] :1:1: Premature end of file.
2026-09-15 04:02:08,887 [ERROR] LogOutputStream:75 - [STDERR_REDIRECT] 
2026-09-15 04:02:08,943 [ERROR] LogOutputStream:75 - [STDERR_REDIRECT] [Fatal Error] :1:1: Premature end of file.
2026-09-15 04:02:08,943 [ERROR] LogOutputStream:75 - [STDERR_REDIRECT] 
2026-09-15 04:02:08,982 [ERROR] LogOutputStream:75 - [STDERR_REDIRECT] [Fatal Error] :1:1: Premature end of file.
2026-09-15 04:02:08,982 [ERROR] LogOutputStream:75 - [STDERR_REDIRECT] 
2026-09-15 04:02:09,035 [ERROR] LogOutputStream:75 - [STDERR_REDIRECT] [Fatal Error] :1:1: Premature end of file.
2026-09-15 04:02:09,035 [ERROR] LogOutputStream:75 - [STDERR_REDIRECT] 
2026-09-15 04:02:09,079 [ERROR] LogOutputStream:75 - [STDERR_REDIRECT] [Fatal Error] :1:1: Premature end of file.
2026-09-15 04:02:09,079 [ERROR] LogOutputStream:75 - [STDERR_REDIRECT] 
2026-09-15 04:02:09,130 [ERROR] LogOutputStream:75 - [STDERR_REDIRECT] [Fatal Error] :1:1: Premature end of file.
2026-09-15 04:02:09,130 [ERROR] LogOutputStream:75 - [STDERR_REDIRECT] 
2026-09-15 04:02:09,179 [ERROR] LogOutputStream:75 - [STDERR_REDIRECT] [Fatal Error] :1:1: Premature end of file.
2026-09-15 04:02:09,179 [ERROR] LogOutputStream:75 - [STDERR_REDIRECT] 
2026-09-15 04:02:09,220 [ERROR] LogOutputStream:75 - [STDERR_REDIRECT] [Fatal Error] :1:1: Premature end of file.
2026-09-15 04:02:09,220 [ERROR] LogOutputStream:75 - [STDERR_REDIRECT] 
2026-09-15 04:02:09,273 [ERROR] LogOutputStream:75 - [STDERR_REDIRECT] [Fatal Error] :1:1: Premature end of file.
2026-09-15 04:02:09,273 [ERROR] LogOutputStream:75 - [STDERR_REDIRECT] 
2026-09-15 04:02:09,316 [ERROR] LogOutputStream:75 - [STDERR_REDIRECT] [Fatal Error] :1:1: Premature end of file.
2026-09-15 04:02:09,316 [ERROR] LogOutputStream:75 - [STDERR_REDIRECT] 
2026-09-15 04:02:09,362 [ERROR] LogOutputStream:75 - [STDERR_REDIRECT] [Fatal Error] :1:1: Premature end of file.
2026-09-15 04:02:09,362 [ERROR] LogOutputStream:75 - [STDERR_REDIRECT] 
2026-09-15 04:02:09,409 [ERROR] LogOutputStream:75 - [STDERR_REDIRECT] [Fatal Error] :1:1: Premature end of file.
2026-09-15 04:02:09,409 [ERROR] LogOutputStream:75 - [STDERR_REDIRECT] 
2026-09-15 04:02:09,460 [ERROR] LogOutputStream:75 - [STDERR_REDIRECT] [Fatal Error] :1:1: Premature end of file.
2026-09-15 04:02:09,460 [ERROR] LogOutputStream:75 - [STDERR_REDIRECT] 
2026-09-15 04:02:09,505 [ERROR] LogOutputStream:75 - [STDERR_REDIRECT] [Fatal Error] :1:1: Premature end of file.
2026-09-15 04:02:09,505 [ERROR] LogOutputStream:75 - [STDERR_REDIRECT] 
2026-09-15 04:02:09,554 [ERROR] LogOutputStream:75 - [STDERR_REDIRECT] [Fatal Error] :1:1: Premature end of file.
2026-09-15 04:02:09,554 [ERROR] LogOutputStream:75 - [STDERR_REDIRECT] 
2026-09-15 04:02:09,601 [ERROR] LogOutputStream:75 - [STDERR_REDIRECT] [Fatal Error] :1:1: Premature end of file.
2026-09-15 04:02:09,601 [ERROR] LogOutputStream:75 - [STDERR_REDIRECT] 
2026-09-15 04:02:09,647 [ERROR] LogOutputStream:75 - [STDERR_REDIRECT] [Fatal Error] :1:1: Premature end of file.
2026-09-15 04:02:09,647 [ERROR] LogOutputStream:75 - [STDERR_REDIRECT] 
2026-09-15 04:02:09,695 [ERROR] LogOutputStream:75 - [STDERR_REDIRECT] [Fatal Error] :1:1: Premature end of file.
2026-09-15 04:02:09,695 [ERROR] LogOutputStream:75 - [STDERR_REDIRECT] 
2026-09-15 04:02:09,742 [ERROR] LogOutputStream:75 - [STDERR_REDIRECT] [Fatal Error] :1:1: Premature end of file.
2026-09-15 04:02:09,742 [ERROR] LogOutputStream:75 - [STDERR_REDIRECT] 
2026-09-15 04:02:09,789 [ERROR] LogOutputStream:75 - [STDERR_REDIRECT] [Fatal Error] :1:1: Premature end of file.
2026-09-15 04:02:09,789 [ERROR] LogOutputStream:75 - [STDERR_REDIRECT] 
2026-09-15 04:02:09,837 [ERROR] LogOutputStream:75 - [STDERR_REDIRECT] [Fatal Error] :1:1: Premature end of file.
2026-09-15 04:02:09,837 [ERROR] LogOutputStream:75 - [STDERR_REDIRECT] 
2026-09-15 04:02:09,880 [ERROR] LogOutputStream:75 - [STDERR_REDIRECT] [Fatal Error] :1:1: Premature end of file.
2026-09-15 04:02:09,880 [ERROR] LogOutputStream:75 - [STDERR_REDIRECT] 
2026-09-15 04:02:09,916 [ERROR] LogOutputStream:75 - [STDERR_REDIRECT] [Fatal Error] :1:1: Premature end of file.
2026-09-15 04:02:09,916 [ERROR] LogOutputStream:75 - [STDERR_REDIRECT] 
2026-09-15 04:02:10,000 [ERROR] LogOutputStream:75 - [STDERR_REDIRECT] [Fatal Error] :1:1: Premature end of file.
2026-09-15 04:02:10,000 [ERROR] LogOutputStream:75 - [STDERR_REDIRECT] 
2026-09-15 04:02:10,044 [ERROR] LogOutputStream:75 - [STDERR_REDIRECT] [Fatal Error] :1:1: Premature end of file.
2026-09-15 04:02:10,044 [ERROR] LogOutputStream:75 - [STDERR_REDIRECT] 
2026-09-15 04:02:10,091 [ERROR] LogOutputStream:75 - [STDERR_REDIRECT] [Fatal Error] :1:1: Premature end of file.
2026-09-15 04:02:10,091 [ERROR] LogOutputStream:75 - [STDERR_REDIRECT] 
2026-09-15 04:02:10,140 [ERROR] LogOutputStream:75 - [STDERR_REDIRECT] [Fatal Error] :1:1: Premature end of file.
2026-09-15 04:02:10,140 [ERROR] LogOutputStream:75 - [STDERR_REDIRECT] 
2026-09-15 04:02:10,191 [ERROR] LogOutputStream:75 - [STDERR_REDIRECT] [Fatal Error] :1:1: Premature end of file.
2026-09-15 04:02:10,191 [ERROR] LogOutputStream:75 - [STDERR_REDIRECT] 
2026-09-15 04:02:10,245 [ERROR] LogOutputStream:75 - [STDERR_REDIRECT] [Fatal Error] :1:1: Premature end of file.
2026-09-15 04:02:10,245 [ERROR] LogOutputStream:75 - [STDERR_REDIRECT] 
2026-09-15 04:02:10,296 [ERROR] LogOutputStream:75 - [STDERR_REDIRECT] [Fatal Error] :1:1: Premature end of file.
2026-09-15 04:02:10,296 [ERROR] LogOutputStream:75 - [STDERR_REDIRECT] 
2026-09-15 04:02:10,343 [ERROR] LogOutputStream:75 - [STDERR_REDIRECT] [Fatal Error] :1:1: Premature end of file.
2026-09-15 04:02:10,343 [ERROR] LogOutputStream:75 - [STDERR_REDIRECT] 
2026-09-15 04:02:10,391 [ERROR] LogOutputStream:75 - [STDERR_REDIRECT] [Fatal Error] :1:1: Premature end of file.
2026-09-15 04:02:10,391 [ERROR] LogOutputStream:75 - [STDERR_REDIRECT] 
2026-09-15 04:02:10,454 [ERROR] LogOutputStream:75 - [STDERR_REDIRECT] [Fatal Error] :1:1: Premature end of file.
2026-09-15 04:02:10,454 [ERROR] LogOutputStream:75 - [STDERR_REDIRECT] 
2026-09-15 04:02:10,501 [ERROR] LogOutputStream:75 - [STDERR_REDIRECT] [Fatal Error] :1:1: Premature end of file.
2026-09-15 04:02:10,501 [ERROR] LogOutputStream:75 - [STDERR_REDIRECT] 
2026-09-15 04:02:10,548 [ERROR] LogOutputStream:75 - [STDERR_REDIRECT] [Fatal Error] :1:1: Premature end of file.
2026-09-15 04:02:10,548 [ERROR] LogOutputStream:75 - [STDERR_REDIRECT] 
2026-09-15 04:02:10,596 [ERROR] LogOutputStream:75 - [STDERR_REDIRECT] [Fatal Error] :1:1: Premature end of file.
2026-09-15 04:02:10,596 [ERROR] LogOutputStream:75 - [STDERR_REDIRECT] 
2026-09-15 04:02:10,652 [ERROR] LogOutputStream:75 - [STDERR_REDIRECT] [Fatal Error] :1:1: Premature end of file.
2026-09-15 04:02:10,652 [ERROR] LogOutputStream:75 - [STDERR_REDIRECT] 
2026-09-15 04:02:10,696 [ERROR] LogOutputStream:75 - [STDERR_REDIRECT] [Fatal Error] :1:1: Premature end of file.
2026-09-15 04:02:10,696 [ERROR] LogOutputStream:75 - [STDERR_REDIRECT] 
2026-09-15 04:02:10,744 [ERROR] LogOutputStream:75 - [STDERR_REDIRECT] [Fatal Error] :1:1: Premature end of file.
2026-09-15 04:02:10,744 [ERROR] LogOutputStream:75 - [STDERR_REDIRECT] 
2026-09-15 04:02:10,785 [ERROR] LogOutputStream:75 - [STDERR_REDIRECT] [Fatal Error] :1:1: Premature end of file.
2026-09-15 04:02:10,785 [ERROR] LogOutputStream:75 - [STDERR_REDIRECT] 
2026-09-15 04:02:10,832 [ERROR] LogOutputStream:75 - [STDERR_REDIRECT] [Fatal Error] :1:1: Premature end of file.
2026-09-15 04:02:10,832 [ERROR] LogOutputStream:75 - [STDERR_REDIRECT] 
2026-09-15 04:02:10,882 [ERROR] LogOutputStream:75 - [STDERR_REDIRECT] [Fatal Error] :1:1: Premature end of file.
2026-09-15 04:02:10,882 [ERROR] LogOutputStream:75 - [STDERR_REDIRECT] 
2026-09-15 04:02:10,928 [ERROR] LogOutputStream:75 - [STDERR_REDIRECT] [Fatal Error] :1:1: Premature end of file.
2026-09-15 04:02:10,928 [ERROR] LogOutputStream:75 - [STDERR_REDIRECT] 
2026-09-15 04:02:10,975 [ERROR] LogOutputStream:75 - [STDERR_REDIRECT] [Fatal Error] :1:1: Premature end of file.
2026-09-15 04:02:10,975 [ERROR] LogOutputStream:75 - [STDERR_REDIRECT] 
2026-09-15 04:02:11,023 [ERROR] LogOutputStream:75 - [STDERR_REDIRECT] [Fatal Error] :1:1: Premature end of file.
2026-09-15 04:02:11,023 [ERROR] LogOutputStream:75 - [STDERR_REDIRECT] 
2026-09-15 04:02:11,074 [ERROR] LogOutputStream:75 - [STDERR_REDIRECT] [Fatal Error] :1:1: Premature end of file.
2026-09-15 04:02:11,074 [ERROR] LogOutputStream:75 - [STDERR_REDIRECT] 
2026-09-15 04:02:11,120 [ERROR] LogOutputStream:75 - [STDERR_REDIRECT] [Fatal Error] :1:1: Premature end of file.
2026-09-15 04:02:11,120 [ERROR] LogOutputStream:75 - [STDERR_REDIRECT] 
2026-09-15 04:02:11,165 [ERROR] LogOutputStream:75 - [STDERR_REDIRECT] [Fatal Error] :1:1: Premature end of file.
2026-09-15 04:02:11,165 [ERROR] LogOutputStream:75 - [STDERR_REDIRECT] 
2026-09-15 04:02:11,216 [ERROR] LogOutputStream:75 - [STDERR_REDIRECT] [Fatal Error] :1:1: Premature end of file.
2026-09-15 04:02:11,216 [ERROR] LogOutputStream:75 - [STDERR_REDIRECT] 
2026-09-15 04:02:11,268 [ERROR] LogOutputStream:75 - [STDERR_REDIRECT] [Fatal Error] :1:1: Premature end of file.
2026-09-15 04:02:11,268 [ERROR] LogOutputStream:75 - [STDERR_REDIRECT] 
2026-09-15 04:02:11,315 [ERROR] LogOutputStream:75 - [STDERR_REDIRECT] [Fatal Error] :1:1: Premature end of file.
2026-09-15 04:02:11,317 [ERROR] LogOutputStream:75 - [STDERR_REDIRECT] 
2026-09-15 04:02:11,354 [ERROR] LogOutputStream:75 - [STDERR_REDIRECT] [Fatal Error] :1:1: Premature end of file.
2026-09-15 04:02:11,354 [ERROR] LogOutputStream:75 - [STDERR_REDIRECT] 
2026-09-15 04:02:11,408 [ERROR] LogOutputStream:75 - [STDERR_REDIRECT] [Fatal Error] :1:1: Premature end of file.
2026-09-15 04:02:11,408 [ERROR] LogOutputStream:75 - [STDERR_REDIRECT] 
2026-09-15 04:02:11,460 [ERROR] LogOutputStream:75 - [STDERR_REDIRECT] [Fatal Error] :1:1: Premature end of file.
2026-09-15 04:02:11,460 [ERROR] LogOutputStream:75 - [STDERR_REDIRECT] 
2026-09-15 04:02:11,511 [ERROR] LogOutputStream:75 - [STDERR_REDIRECT] [Fatal Error] :1:1: Premature end of file.
2026-09-15 04:02:11,511 [ERROR] LogOutputStream:75 - [STDERR_REDIRECT] 
2026-09-15 04:02:11,561 [ERROR] LogOutputStream:75 - [STDERR_REDIRECT] [Fatal Error] :1:1: Premature end of file.
2026-09-15 04:02:11,561 [ERROR] LogOutputStream:75 - [STDERR_REDIRECT] 
2026-09-15 04:02:11,608 [ERROR] LogOutputStream:75 - [STDERR_REDIRECT] [Fatal Error] :1:1: Premature end of file.
2026-09-15 04:02:11,608 [ERROR] LogOutputStream:75 - [STDERR_REDIRECT] 
2026-09-15 04:02:11,658 [ERROR] LogOutputStream:75 - [STDERR_REDIRECT] [Fatal Error] :1:1: Premature end of file.
2026-09-15 04:02:11,658 [ERROR] LogOutputStream:75 - [STDERR_REDIRECT] 
2026-09-15 04:02:11,708 [ERROR] LogOutputStream:75 - [STDERR_REDIRECT] [Fatal Error] :1:1: Premature end of file.
2026-09-15 04:02:11,708 [ERROR] LogOutputStream:75 - [STDERR_REDIRECT] 
2026-09-15 04:02:11,763 [ERROR] LogOutputStream:75 - [STDERR_REDIRECT] [Fatal Error] :1:1: Premature end of file.
2026-09-15 04:02:11,763 [ERROR] LogOutputStream:75 - [STDERR_REDIRECT] 
2026-09-15 04:02:11,812 [ERROR] LogOutputStream:75 - [STDERR_REDIRECT] [Fatal Error] :1:1: Premature end of file.
2026-09-15 04:02:11,814 [ERROR] LogOutputStream:75 - [STDERR_REDIRECT] 
2026-09-15 04:02:11,860 [ERROR] LogOutputStream:75 - [STDERR_REDIRECT] [Fatal Error] :1:1: Premature end of file.
2026-09-15 04:02:11,860 [ERROR] LogOutputStream:75 - [STDERR_REDIRECT] 
2026-09-15 04:02:11,909 [ERROR] LogOutputStream:75 - [STDERR_REDIRECT] [Fatal Error] :1:1: Premature end of file.
2026-09-15 04:02:11,909 [ERROR] LogOutputStream:75 - [STDERR_REDIRECT] 
2026-09-15 04:02:11,955 [ERROR] LogOutputStream:75 - [STDERR_REDIRECT] [Fatal Error] :1:1: Premature end of file.
2026-09-15 04:02:11,955 [ERROR] LogOutputStream:75 - [STDERR_REDIRECT] 
2026-09-15 04:02:12,003 [ERROR] LogOutputStream:75 - [STDERR_REDIRECT] [Fatal Error] :1:1: Premature end of file.
2026-09-15 04:02:12,003 [ERROR] LogOutputStream:75 - [STDERR_REDIRECT] 
2026-09-15 04:02:12,051 [ERROR] LogOutputStream:75 - [STDERR_REDIRECT] [Fatal Error] :1:1: Premature end of file.
2026-09-15 04:02:12,051 [ERROR] LogOutputStream:75 - [STDERR_REDIRECT] 
2026-09-15 04:02:12,101 [ERROR] LogOutputStream:75 - [STDERR_REDIRECT] [Fatal Error] :1:1: Premature end of file.
2026-09-15 04:02:12,101 [ERROR] LogOutputStream:75 - [STDERR_REDIRECT] 
2026-09-15 04:02:12,147 [ERROR] LogOutputStream:75 - [STDERR_REDIRECT] [Fatal Error] :1:1: Premature end of file.
2026-09-15 04:02:12,147 [ERROR] LogOutputStream:75 - [STDERR_REDIRECT] 
2026-09-15 04:02:12,194 [ERROR] LogOutputStream:75 - [STDERR_REDIRECT] [Fatal Error] :1:1: Premature end of file.
2026-09-15 04:02:12,194 [ERROR] LogOutputStream:75 - [STDERR_REDIRECT] 
2026-09-15 04:02:12,242 [ERROR] LogOutputStream:75 - [STDERR_REDIRECT] [Fatal Error] :1:1: Premature end of file.
2026-09-15 04:02:12,242 [ERROR] LogOutputStream:75 - [STDERR_REDIRECT] 
2026-09-15 04:02:12,290 [ERROR] LogOutputStream:75 - [STDERR_REDIRECT] [Fatal Error] :1:1: Premature end of file.
2026-09-15 04:02:12,290 [ERROR] LogOutputStream:75 - [STDERR_REDIRECT] 
2026-09-15 04:02:12,337 [ERROR] LogOutputStream:75 - [STDERR_REDIRECT] [Fatal Error] :1:1: Premature end of file.
2026-09-15 04:02:12,337 [ERROR] LogOutputStream:75 - [STDERR_REDIRECT] 
2026-09-15 04:02:12,385 [ERROR] LogOutputStream:75 - [STDERR_REDIRECT] [Fatal Error] :1:1: Premature end of file.
2026-09-15 04:02:12,385 [ERROR] LogOutputStream:75 - [STDERR_REDIRECT] 
2026-09-15 04:02:12,442 [ERROR] LogOutputStream:75 - [STDERR_REDIRECT] [Fatal Error] :1:1: Premature end of file.
2026-09-15 04:02:12,442 [ERROR] LogOutputStream:75 - [STDERR_REDIRECT] 
2026-09-15 04:02:12,480 [ERROR] LogOutputStream:75 - [STDERR_REDIRECT] [Fatal Error] :1:1: Premature end of file.
2026-09-15 04:02:12,480 [ERROR] LogOutputStream:75 - [STDERR_REDIRECT] 
2026-09-15 04:02:12,545 [ERROR] LogOutputStream:75 - [STDERR_REDIRECT] [Fatal Error] :1:1: Premature end of file.
2026-09-15 04:02:12,545 [ERROR] LogOutputStream:75 - [STDERR_REDIRECT] 
2026-09-15 04:02:12,597 [ERROR] LogOutputStream:75 - [STDERR_REDIRECT] [Fatal Error] :1:1: Premature end of file.
2026-09-15 04:02:12,597 [ERROR] LogOutputStream:75 - [STDERR_REDIRECT] 
2026-09-15 04:02:12,637 [ERROR] LogOutputStream:75 - [STDERR_REDIRECT] [Fatal Error] :1:1: Premature end of file.
2026-09-15 04:02:12,652 [ERROR] LogOutputStream:75 - [STDERR_REDIRECT] 
2026-09-15 04:02:12,700 [ERROR] LogOutputStream:75 - [STDERR_REDIRECT] [Fatal Error] :1:1: Premature end of file.
2026-09-15 04:02:12,700 [ERROR] LogOutputStream:75 - [STDERR_REDIRECT] 
2026-09-15 04:02:12,748 [ERROR] LogOutputStream:75 - [STDERR_REDIRECT] [Fatal Error] :1:1: Premature end of file.
2026-09-15 04:02:12,748 [ERROR] LogOutputStream:75 - [STDERR_REDIRECT] 
2026-09-15 04:02:12,795 [ERROR] LogOutputStream:75 - [STDERR_REDIRECT] [Fatal Error] :1:1: Premature end of file.
2026-09-15 04:02:12,795 [ERROR] LogOutputStream:75 - [STDERR_REDIRECT] 
2026-09-15 04:02:12,843 [ERROR] LogOutputStream:75 - [STDERR_REDIRECT] [Fatal Error] :1:1: Premature end of file.
2026-09-15 04:02:12,843 [ERROR] LogOutputStream:75 - [STDERR_REDIRECT] 
2026-09-15 04:02:12,892 [ERROR] LogOutputStream:75 - [STDERR_REDIRECT] [Fatal Error] :1:1: Premature end of file.
2026-09-15 04:02:12,892 [ERROR] LogOutputStream:75 - [STDERR_REDIRECT] 
2026-09-15 04:02:12,942 [ERROR] LogOutputStream:75 - [STDERR_REDIRECT] [Fatal Error] :1:1: Premature end of file.
2026-09-15 04:02:12,942 [ERROR] LogOutputStream:75 - [STDERR_REDIRECT] 
2026-09-15 04:02:12,987 [ERROR] LogOutputStream:75 - [STDERR_REDIRECT] [Fatal Error] :1:1: Premature end of file.
2026-09-15 04:02:12,987 [ERROR] LogOutputStream:75 - [STDERR_REDIRECT] 
2026-09-15 04:02:13,032 [ERROR] LogOutputStream:75 - [STDERR_REDIRECT] [Fatal Error] :1:1: Premature end of file.
2026-09-15 04:02:13,032 [ERROR] LogOutputStream:75 - [STDERR_REDIRECT] 
2026-09-15 04:02:13,080 [ERROR] LogOutputStream:75 - [STDERR_REDIRECT] [Fatal Error] :1:1: Premature end of file.
2026-09-15 04:02:13,080 [ERROR] LogOutputStream:75 - [STDERR_REDIRECT] 
2026-09-15 04:02:13,128 [ERROR] LogOutputStream:75 - [STDERR_REDIRECT] [Fatal Error] :1:1: Premature end of file.
2026-09-15 04:02:13,128 [ERROR] LogOutputStream:75 - [STDERR_REDIRECT] 
2026-09-15 04:02:13,186 [ERROR] LogOutputStream:75 - [STDERR_REDIRECT] [Fatal Error] :1:1: Premature end of file.
2026-09-15 04:02:13,186 [ERROR] LogOutputStream:75 - [STDERR_REDIRECT] 
2026-09-15 04:02:13,223 [ERROR] LogOutputStream:75 - [STDERR_REDIRECT] [Fatal Error] :1:1: Premature end of file.
2026-09-15 04:02:13,223 [ERROR] LogOutputStream:75 - [STDERR_REDIRECT] 
2026-09-15 04:02:13,270 [ERROR] LogOutputStream:75 - [STDERR_REDIRECT] [Fatal Error] :1:1: Premature end of file.
2026-09-15 04:02:13,270 [ERROR] LogOutputStream:75 - [STDERR_REDIRECT] 
2026-09-15 04:02:13,317 [ERROR] LogOutputStream:75 - [STDERR_REDIRECT] [Fatal Error] :1:1: Premature end of file.
2026-09-15 04:02:13,317 [ERROR] LogOutputStream:75 - [STDERR_REDIRECT] 
2026-09-15 04:02:13,376 [ERROR] LogOutputStream:75 - [STDERR_REDIRECT] [Fatal Error] :1:1: Premature end of file.
2026-09-15 04:02:13,376 [ERROR] LogOutputStream:75 - [STDERR_REDIRECT] 
2026-09-15 04:02:13,428 [ERROR] LogOutputStream:75 - [STDERR_REDIRECT] [Fatal Error] :1:1: Premature end of file.
2026-09-15 04:02:13,428 [ERROR] LogOutputStream:75 - [STDERR_REDIRECT] 
2026-09-15 04:02:13,475 [ERROR] LogOutputStream:75 - [STDERR_REDIRECT] [Fatal Error] :1:1: Premature end of file.
2026-09-15 04:02:13,475 [ERROR] LogOutputStream:75 - [STDERR_REDIRECT] 
2026-09-15 04:02:13,522 [ERROR] LogOutputStream:75 - [STDERR_REDIRECT] [Fatal Error] :1:1: Premature end of file.
2026-09-15 04:02:13,522 [ERROR] LogOutputStream:75 - [STDERR_REDIRECT] 
2026-09-15 04:02:13,588 [ERROR] LogOutputStream:75 - [STDERR_REDIRECT] [Fatal Error] :1:1: Premature end of file.
2026-09-15 04:02:13,588 [ERROR] LogOutputStream:75 - [STDERR_REDIRECT] 
2026-09-15 04:02:13,634 [ERROR] LogOutputStream:75 - [STDERR_REDIRECT] [Fatal Error] :1:1: Premature end of file.
2026-09-15 04:02:13,634 [ERROR] LogOutputStream:75 - [STDERR_REDIRECT] 
2026-09-15 04:02:13,692 [ERROR] LogOutputStream:75 - [STDERR_REDIRECT] [Fatal Error] :1:1: Premature end of file.
2026-09-15 04:02:13,692 [ERROR] LogOutputStream:75 - [STDERR_REDIRECT] 
2026-09-15 04:02:13,742 [ERROR] LogOutputStream:75 - [STDERR_REDIRECT] [Fatal Error] :1:1: Premature end of file.
2026-09-15 04:02:13,742 [ERROR] LogOutputStream:75 - [STDERR_REDIRECT] 
2026-09-15 04:02:13,777 [ERROR] LogOutputStream:75 - [STDERR_REDIRECT] [Fatal Error] :1:1: Premature end of file.
2026-09-15 04:02:13,777 [ERROR] LogOutputStream:75 - [STDERR_REDIRECT] 
2026-09-15 04:02:13,824 [ERROR] LogOutputStream:75 - [STDERR_REDIRECT] [Fatal Error] :1:1: Premature end of file.
2026-09-15 04:02:13,824 [ERROR] LogOutputStream:75 - [STDERR_REDIRECT] 
2026-09-15 04:02:13,872 [ERROR] LogOutputStream:75 - [STDERR_REDIRECT] [Fatal Error] :1:1: Premature end of file.
2026-09-15 04:02:13,872 [ERROR] LogOutputStream:75 - [STDERR_REDIRECT] 
2026-09-15 04:02:13,920 [ERROR] LogOutputStream:75 - [STDERR_REDIRECT] [Fatal Error] :1:1: Premature end of file.
2026-09-15 04:02:13,920 [ERROR] LogOutputStream:75 - [STDERR_REDIRECT] 
2026-09-15 04:02:13,969 [ERROR] LogOutputStream:75 - [STDERR_REDIRECT] [Fatal Error] :1:1: Premature end of file.
2026-09-15 04:02:13,969 [ERROR] LogOutputStream:75 - [STDERR_REDIRECT] 
2026-09-15 04:02:14,016 [ERROR] LogOutputStream:75 - [STDERR_REDIRECT] [Fatal Error] :1:1: Premature end of file.
2026-09-15 04:02:14,016 [ERROR] LogOutputStream:75 - [STDERR_REDIRECT] 
2026-09-15 04:02:14,063 [ERROR] LogOutputStream:75 - [STDERR_REDIRECT] [Fatal Error] :1:1: Premature end of file.
2026-09-15 04:02:14,063 [ERROR] LogOutputStream:75 - [STDERR_REDIRECT] 
2026-09-15 04:02:14,111 [ERROR] LogOutputStream:75 - [STDERR_REDIRECT] [Fatal Error] :1:1: Premature end of file.
2026-09-15 04:02:14,111 [ERROR] LogOutputStream:75 - [STDERR_REDIRECT] 
2026-09-15 04:02:14,159 [ERROR] LogOutputStream:75 - [STDERR_REDIRECT] [Fatal Error] :1:1: Premature end of file.
2026-09-15 04:02:14,159 [ERROR] LogOutputStream:75 - [STDERR_REDIRECT] 
2026-09-15 04:02:14,206 [ERROR] LogOutputStream:75 - [STDERR_REDIRECT] [Fatal Error] :1:1: Premature end of file.
2026-09-15 04:02:14,206 [ERROR] LogOutputStream:75 - [STDERR_REDIRECT] 
2026-09-15 04:02:14,256 [ERROR] LogOutputStream:75 - [STDERR_REDIRECT] [Fatal Error] :1:1: Premature end of file.
2026-09-15 04:02:14,256 [ERROR] LogOutputStream:75 - [STDERR_REDIRECT] 
2026-09-15 04:02:14,305 [ERROR] LogOutputStream:75 - [STDERR_REDIRECT] [Fatal Error] :1:1: Premature end of file.
2026-09-15 04:02:14,305 [ERROR] LogOutputStream:75 - [STDERR_REDIRECT] 
2026-09-15 04:02:14,354 [ERROR] LogOutputStream:75 - [STDERR_REDIRECT] [Fatal Error] :1:1: Premature end of file.
2026-09-15 04:02:14,354 [ERROR] LogOutputStream:75 - [STDERR_REDIRECT] 
2026-09-15 04:02:14,400 [ERROR] LogOutputStream:75 - [STDERR_REDIRECT] [Fatal Error] :1:1: Premature end of file.
2026-09-15 04:02:14,400 [ERROR] LogOutputStream:75 - [STDERR_REDIRECT] 
2026-09-15 04:02:14,443 [ERROR] LogOutputStream:75 - [STDERR_REDIRECT] [Fatal Error] :1:1: Premature end of file.
2026-09-15 04:02:14,443 [ERROR] LogOutputStream:75 - [STDERR_REDIRECT] 
2026-09-15 04:02:14,497 [ERROR] LogOutputStream:75 - [STDERR_REDIRECT] [Fatal Error] :1:1: Premature end of file.
2026-09-15 04:02:14,497 [ERROR] LogOutputStream:75 - [STDERR_REDIRECT] 
2026-09-15 04:02:14,538 [ERROR] LogOutputStream:75 - [STDERR_REDIRECT] [Fatal Error] :1:1: Premature end of file.
2026-09-15 04:02:14,538 [ERROR] LogOutputStream:75 - [STDERR_REDIRECT] 
2026-09-15 04:02:14,586 [ERROR] LogOutputStream:75 - [STDERR_REDIRECT] [Fatal Error] :1:1: Premature end of file.
2026-09-15 04:02:14,586 [ERROR] LogOutputStream:75 - [STDERR_REDIRECT] 
2026-09-15 04:02:14,648 [ERROR] LogOutputStream:75 - [STDERR_REDIRECT] [Fatal Error] :1:1: Premature end of file.
2026-09-15 04:02:14,648 [ERROR] LogOutputStream:75 - [STDERR_REDIRECT] 
2026-09-15 04:02:14,681 [ERROR] LogOutputStream:75 - [STDERR_REDIRECT] [Fatal Error] :1:1: Premature end of file.
2026-09-15 04:02:14,697 [ERROR] LogOutputStream:75 - [STDERR_REDIRECT] 
2026-09-15 04:02:14,776 [ERROR] LogOutputStream:75 - [STDERR_REDIRECT] [Fatal Error] :1:1: Premature end of file.
2026-09-15 04:02:14,776 [ERROR] LogOutputStream:75 - [STDERR_REDIRECT] 
2026-09-15 04:02:14,823 [ERROR] LogOutputStream:75 - [STDERR_REDIRECT] [Fatal Error] :1:1: Premature end of file.
2026-09-15 04:02:14,823 [ERROR] LogOutputStream:75 - [STDERR_REDIRECT] 
2026-09-15 04:02:14,871 [ERROR] LogOutputStream:75 - [STDERR_REDIRECT] [Fatal Error] :1:1: Premature end of file.
2026-09-15 04:02:14,871 [ERROR] LogOutputStream:75 - [STDERR_REDIRECT] 
2026-09-15 04:02:14,933 [ERROR] LogOutputStream:75 - [STDERR_REDIRECT] [Fatal Error] :1:1: Premature end of file.
2026-09-15 04:02:14,933 [ERROR] LogOutputStream:75 - [STDERR_REDIRECT] 
2026-09-15 04:02:14,980 [ERROR] LogOutputStream:75 - [STDERR_REDIRECT] [Fatal Error] :1:1: Premature end of file.
2026-09-15 04:02:14,982 [ERROR] LogOutputStream:75 - [STDERR_REDIRECT] 
2026-09-15 04:02:15,032 [ERROR] LogOutputStream:75 - [STDERR_REDIRECT] [Fatal Error] :1:1: Premature end of file.
2026-09-15 04:02:15,032 [ERROR] LogOutputStream:75 - [STDERR_REDIRECT] 
2026-09-15 04:02:15,084 [ERROR] LogOutputStream:75 - [STDERR_REDIRECT] [Fatal Error] :1:1: Premature end of file.
2026-09-15 04:02:15,084 [ERROR] LogOutputStream:75 - [STDERR_REDIRECT] 
2026-09-15 04:02:15,141 [ERROR] LogOutputStream:75 - [STDERR_REDIRECT] [Fatal Error] :1:1: Premature end of file.
2026-09-15 04:02:15,141 [ERROR] LogOutputStream:75 - [STDERR_REDIRECT] 
2026-09-15 04:02:15,188 [ERROR] LogOutputStream:75 - [STDERR_REDIRECT] [Fatal Error] :1:1: Premature end of file.
2026-09-15 04:02:15,188 [ERROR] LogOutputStream:75 - [STDERR_REDIRECT] 
2026-09-15 04:02:15,236 [ERROR] LogOutputStream:75 - [STDERR_REDIRECT] [Fatal Error] :1:1: Premature end of file.
2026-09-15 04:02:15,236 [ERROR] LogOutputStream:75 - [STDERR_REDIRECT] 
2026-09-15 04:02:15,283 [ERROR] LogOutputStream:75 - [STDERR_REDIRECT] [Fatal Error] :1:1: Premature end of file.
2026-09-15 04:02:15,283 [ERROR] LogOutputStream:75 - [STDERR_REDIRECT] 
2026-09-15 04:02:15,344 [ERROR] LogOutputStream:75 - [STDERR_REDIRECT] [Fatal Error] :1:1: Premature end of file.
2026-09-15 04:02:15,344 [ERROR] LogOutputStream:75 - [STDERR_REDIRECT] 
2026-09-15 04:02:15,414 [ERROR] LogOutputStream:75 - [STDERR_REDIRECT] [Fatal Error] :1:1: Premature end of file.
2026-09-15 04:02:15,414 [ERROR] LogOutputStream:75 - [STDERR_REDIRECT] 
2026-09-15 04:02:15,471 [ERROR] LogOutputStream:75 - [STDERR_REDIRECT] [Fatal Error] :1:1: Premature end of file.
2026-09-15 04:02:15,475 [ERROR] LogOutputStream:75 - [STDERR_REDIRECT] 
2026-09-15 04:02:15,529 [ERROR] LogOutputStream:75 - [STDERR_REDIRECT] [Fatal Error] :1:1: Premature end of file.
2026-09-15 04:02:15,529 [ERROR] LogOutputStream:75 - [STDERR_REDIRECT] 
2026-09-15 04:02:15,592 [ERROR] LogOutputStream:75 - [STDERR_REDIRECT] [Fatal Error] :1:1: Premature end of file.
2026-09-15 04:02:15,592 [ERROR] LogOutputStream:75 - [STDERR_REDIRECT] 
2026-09-15 04:02:15,646 [ERROR] LogOutputStream:75 - [STDERR_REDIRECT] [Fatal Error] :1:1: Premature end of file.
2026-09-15 04:02:15,646 [ERROR] LogOutputStream:75 - [STDERR_REDIRECT] 
2026-09-15 04:02:15,685 [ERROR] LogOutputStream:75 - [STDERR_REDIRECT] [Fatal Error] :1:1: Premature end of file.
2026-09-15 04:02:15,685 [ERROR] LogOutputStream:75 - [STDERR_REDIRECT] 
2026-09-15 04:02:15,745 [ERROR] LogOutputStream:75 - [STDERR_REDIRECT] [Fatal Error] :1:1: Premature end of file.
2026-09-15 04:02:15,745 [ERROR] LogOutputStream:75 - [STDERR_REDIRECT] 
2026-09-15 04:02:15,791 [ERROR] LogOutputStream:75 - [STDERR_REDIRECT] [Fatal Error] :1:1: Premature end of file.
2026-09-15 04:02:15,791 [ERROR] LogOutputStream:75 - [STDERR_REDIRECT] 
2026-09-15 04:02:15,835 [ERROR] LogOutputStream:75 - [STDERR_REDIRECT] [Fatal Error] :1:1: Premature end of file.
2026-09-15 04:02:15,835 [ERROR] LogOutputStream:75 - [STDERR_REDIRECT] 
2026-09-15 04:02:15,899 [ERROR] LogOutputStream:75 - [STDERR_REDIRECT] [Fatal Error] :1:1: Premature end of file.
2026-09-15 04:02:15,899 [ERROR] LogOutputStream:75 - [STDERR_REDIRECT] 
2026-09-15 04:02:15,942 [ERROR] LogOutputStream:75 - [STDERR_REDIRECT] [Fatal Error] :1:1: Premature end of file.
2026-09-15 04:02:15,942 [ERROR] LogOutputStream:75 - [STDERR_REDIRECT] 
2026-09-15 04:02:16,001 [ERROR] LogOutputStream:75 - [STDERR_REDIRECT] [Fatal Error] :1:1: Premature end of file.
2026-09-15 04:02:16,001 [ERROR] LogOutputStream:75 - [STDERR_REDIRECT] 
2026-09-15 04:02:16,051 [ERROR] LogOutputStream:75 - [STDERR_REDIRECT] [Fatal Error] :1:1: Premature end of file.
2026-09-15 04:02:16,051 [ERROR] LogOutputStream:75 - [STDERR_REDIRECT] 
2026-09-15 04:02:16,110 [ERROR] LogOutputStream:75 - [STDERR_REDIRECT] [Fatal Error] :1:1: Premature end of file.
2026-09-15 04:02:16,110 [ERROR] LogOutputStream:75 - [STDERR_REDIRECT] 
2026-09-15 04:02:16,160 [ERROR] LogOutputStream:75 - [STDERR_REDIRECT] [Fatal Error] :1:1: Premature end of file.
2026-09-15 04:02:16,160 [ERROR] LogOutputStream:75 - [STDERR_REDIRECT] 
2026-09-15 04:02:16,213 [ERROR] LogOutputStream:75 - [STDERR_REDIRECT] [Fatal Error] :1:1: Premature end of file.
2026-09-15 04:02:16,213 [ERROR] LogOutputStream:75 - [STDERR_REDIRECT] 
2026-09-15 04:02:16,272 [ERROR] LogOutputStream:75 - [STDERR_REDIRECT] [Fatal Error] :1:1: Premature end of file.
2026-09-15 04:02:16,272 [ERROR] LogOutputStream:75 - [STDERR_REDIRECT] 
2026-09-15 04:02:16,319 [ERROR] LogOutputStream:75 - [STDERR_REDIRECT] [Fatal Error] :1:1: Premature end of file.
2026-09-15 04:02:16,319 [ERROR] LogOutputStream:75 - [STDERR_REDIRECT] 
2026-09-15 04:02:16,382 [ERROR] LogOutputStream:75 - [STDERR_REDIRECT] [Fatal Error] :1:1: Premature end of file.
2026-09-15 04:02:16,382 [ERROR] LogOutputStream:75 - [STDERR_REDIRECT] 
2026-09-15 04:02:16,431 [ERROR] LogOutputStream:75 - [STDERR_REDIRECT] [Fatal Error] :1:1: Premature end of file.
2026-09-15 04:02:16,431 [ERROR] LogOutputStream:75 - [STDERR_REDIRECT] 
2026-09-15 04:02:16,472 [ERROR] LogOutputStream:75 - [STDERR_REDIRECT] [Fatal Error] :1:1: Premature end of file.
2026-09-15 04:02:16,472 [ERROR] LogOutputStream:75 - [STDERR_REDIRECT] 
2026-09-15 04:02:16,523 [ERROR] LogOutputStream:75 - [STDERR_REDIRECT] [Fatal Error] :1:1: Premature end of file.
2026-09-15 04:02:16,523 [ERROR] LogOutputStream:75 - [STDERR_REDIRECT] 
2026-09-15 04:02:16,581 [ERROR] LogOutputStream:75 - [STDERR_REDIRECT] [Fatal Error] :1:1: Premature end of file.
2026-09-15 04:02:16,581 [ERROR] LogOutputStream:75 - [STDERR_REDIRECT] 
2026-09-15 04:02:16,621 [ERROR] LogOutputStream:75 - [STDERR_REDIRECT] [Fatal Error] :1:1: Premature end of file.
2026-09-15 04:02:16,621 [ERROR] LogOutputStream:75 - [STDERR_REDIRECT] 
2026-09-15 04:02:16,688 [ERROR] LogOutputStream:75 - [STDERR_REDIRECT] [Fatal Error] :1:1: Premature end of file.
2026-09-15 04:02:16,688 [ERROR] LogOutputStream:75 - [STDERR_REDIRECT] 
2026-09-15 04:02:16,770 [ERROR] LogOutputStream:75 - [STDERR_REDIRECT] [Fatal Error] :1:1: Premature end of file.
2026-09-15 04:02:16,770 [ERROR] LogOutputStream:75 - [STDERR_REDIRECT] 
2026-09-15 04:02:16,846 [ERROR] LogOutputStream:75 - [STDERR_REDIRECT] [Fatal Error] :1:1: Premature end of file.
2026-09-15 04:02:16,846 [ERROR] LogOutputStream:75 - [STDERR_REDIRECT] 
2026-09-15 04:02:16,916 [ERROR] LogOutputStream:75 - [STDERR_REDIRECT] [Fatal Error] :1:1: Premature end of file.
2026-09-15 04:02:16,916 [ERROR] LogOutputStream:75 - [STDERR_REDIRECT] 
2026-09-15 04:02:16,970 [ERROR] LogOutputStream:75 - [STDERR_REDIRECT] [Fatal Error] :1:1: Premature end of file.
2026-09-15 04:02:16,970 [ERROR] LogOutputStream:75 - [STDERR_REDIRECT] 
2026-09-15 04:02:17,014 [ERROR] LogOutputStream:75 - [STDERR_REDIRECT] [Fatal Error] :1:1: Premature end of file.
2026-09-15 04:02:17,014 [ERROR] LogOutputStream:75 - [STDERR_REDIRECT] 
2026-09-15 04:02:17,068 [ERROR] LogOutputStream:75 - [STDERR_REDIRECT] [Fatal Error] :1:1: Premature end of file.
2026-09-15 04:02:17,068 [ERROR] LogOutputStream:75 - [STDERR_REDIRECT] 
2026-09-15 04:02:17,114 [ERROR] LogOutputStream:75 - [STDERR_REDIRECT] [Fatal Error] :1:1: Premature end of file.
2026-09-15 04:02:17,114 [ERROR] LogOutputStream:75 - [STDERR_REDIRECT] 
2026-09-15 04:02:17,166 [ERROR] LogOutputStream:75 - [STDERR_REDIRECT] [Fatal Error] :1:1: Premature end of file.
2026-09-15 04:02:17,166 [ERROR] LogOutputStream:75 - [STDERR_REDIRECT] 
2026-09-15 04:02:17,214 [ERROR] LogOutputStream:75 - [STDERR_REDIRECT] [Fatal Error] :1:1: Premature end of file.
2026-09-15 04:02:17,214 [ERROR] LogOutputStream:75 - [STDERR_REDIRECT] 
2026-09-15 04:02:17,254 [ERROR] LogOutputStream:75 - [STDERR_REDIRECT] [Fatal Error] :1:1: Premature end of file.
2026-09-15 04:02:17,254 [ERROR] LogOutputStream:75 - [STDERR_REDIRECT] 
2026-09-15 04:02:17,311 [ERROR] LogOutputStream:75 - [STDERR_REDIRECT] [Fatal Error] :1:1: Premature end of file.
2026-09-15 04:02:17,311 [ERROR] LogOutputStream:75 - [STDERR_REDIRECT] 
2026-09-15 04:02:17,371 [ERROR] LogOutputStream:75 - [STDERR_REDIRECT] [Fatal Error] :1:1: Premature end of file.
2026-09-15 04:02:17,371 [ERROR] LogOutputStream:75 - [STDERR_REDIRECT] 
2026-09-15 04:02:17,414 [ERROR] LogOutputStream:75 - [STDERR_REDIRECT] [Fatal Error] :1:1: Premature end of file.
2026-09-15 04:02:17,414 [ERROR] LogOutputStream:75 - [STDERR_REDIRECT] 
2026-09-15 04:02:17,458 [ERROR] LogOutputStream:75 - [STDERR_REDIRECT] [Fatal Error] :1:1: Premature end of file.
2026-09-15 04:02:17,458 [ERROR] LogOutputStream:75 - [STDERR_REDIRECT] 
2026-09-15 04:02:17,507 [ERROR] LogOutputStream:75 - [STDERR_REDIRECT] [Fatal Error] :1:1: Premature end of file.
2026-09-15 04:02:17,507 [ERROR] LogOutputStream:75 - [STDERR_REDIRECT] 
2026-09-15 04:02:17,553 [ERROR] LogOutputStream:75 - [STDERR_REDIRECT] [Fatal Error] :1:1: Premature end of file.
2026-09-15 04:02:17,553 [ERROR] LogOutputStream:75 - [STDERR_REDIRECT] 
2026-09-15 04:02:17,584 [ERROR] LogOutputStream:75 - [STDERR_REDIRECT] [Fatal Error] :1:1: Premature end of file.
2026-09-15 04:02:17,584 [ERROR] LogOutputStream:75 - [STDERR_REDIRECT] 
2026-09-15 04:02:17,640 [ERROR] LogOutputStream:75 - [STDERR_REDIRECT] [Fatal Error] :1:1: Premature end of file.
2026-09-15 04:02:17,640 [ERROR] LogOutputStream:75 - [STDERR_REDIRECT] 
2026-09-15 04:02:17,688 [ERROR] LogOutputStream:75 - [STDERR_REDIRECT] [Fatal Error] :1:1: Premature end of file.
2026-09-15 04:02:17,688 [ERROR] LogOutputStream:75 - [STDERR_REDIRECT] 
2026-09-15 04:02:17,727 [ERROR] LogOutputStream:75 - [STDERR_REDIRECT] [Fatal Error] :1:1: Premature end of file.
2026-09-15 04:02:17,727 [ERROR] LogOutputStream:75 - [STDERR_REDIRECT] 
2026-09-15 04:02:17,780 [ERROR] LogOutputStream:75 - [STDERR_REDIRECT] [Fatal Error] :1:1: Premature end of file.
2026-09-15 04:02:17,780 [ERROR] LogOutputStream:75 - [STDERR_REDIRECT] 
2026-09-15 04:02:17,822 [ERROR] LogOutputStream:75 - [STDERR_REDIRECT] [Fatal Error] :1:1: Premature end of file.
2026-09-15 04:02:17,822 [ERROR] LogOutputStream:75 - [STDERR_REDIRECT] 
2026-09-15 04:02:17,873 [ERROR] LogOutputStream:75 - [STDERR_REDIRECT] [Fatal Error] :1:1: Premature end of file.
2026-09-15 04:02:17,873 [ERROR] LogOutputStream:75 - [STDERR_REDIRECT] 
2026-09-15 04:02:17,923 [ERROR] LogOutputStream:75 - [STDERR_REDIRECT] [Fatal Error] :1:1: Premature end of file.
2026-09-15 04:02:17,923 [ERROR] LogOutputStream:75 - [STDERR_REDIRECT] 
2026-09-15 04:02:17,967 [ERROR] LogOutputStream:75 - [STDERR_REDIRECT] [Fatal Error] :1:1: Premature end of file.
2026-09-15 04:02:17,967 [ERROR] LogOutputStream:75 - [STDERR_REDIRECT] 
2026-09-15 04:02:18,015 [ERROR] LogOutputStream:75 - [STDERR_REDIRECT] [Fatal Error] :1:1: Premature end of file.
2026-09-15 04:02:18,015 [ERROR] LogOutputStream:75 - [STDERR_REDIRECT] 
2026-09-15 04:02:18,063 [ERROR] LogOutputStream:75 - [STDERR_REDIRECT] [Fatal Error] :1:1: Premature end of file.
2026-09-15 04:02:18,063 [ERROR] LogOutputStream:75 - [STDERR_REDIRECT] 
2026-09-15 04:02:18,108 [ERROR] LogOutputStream:75 - [STDERR_REDIRECT] [Fatal Error] :1:1: Premature end of file.
2026-09-15 04:02:18,108 [ERROR] LogOutputStream:75 - [STDERR_REDIRECT] 
2026-09-15 04:02:18,179 [ERROR] LogOutputStream:75 - [STDERR_REDIRECT] [Fatal Error] :1:1: Premature end of file.
2026-09-15 04:02:18,179 [ERROR] LogOutputStream:75 - [STDERR_REDIRECT] 
2026-09-15 04:02:18,235 [ERROR] LogOutputStream:75 - [STDERR_REDIRECT] [Fatal Error] :1:1: Premature end of file.
2026-09-15 04:02:18,235 [ERROR] LogOutputStream:75 - [STDERR_REDIRECT] 
2026-09-15 04:02:18,284 [ERROR] LogOutputStream:75 - [STDERR_REDIRECT] [Fatal Error] :1:1: Premature end of file.
2026-09-15 04:02:18,284 [ERROR] LogOutputStream:75 - [STDERR_REDIRECT] 
2026-09-15 04:02:18,336 [ERROR] LogOutputStream:75 - [STDERR_REDIRECT] [Fatal Error] :1:1: Premature end of file.
2026-09-15 04:02:18,336 [ERROR] LogOutputStream:75 - [STDERR_REDIRECT] 
2026-09-15 04:02:18,398 [ERROR] LogOutputStream:75 - [STDERR_REDIRECT] [Fatal Error] :1:1: Premature end of file.
2026-09-15 04:02:18,398 [ERROR] LogOutputStream:75 - [STDERR_REDIRECT] 
2026-09-15 04:02:18,448 [ERROR] LogOutputStream:75 - [STDERR_REDIRECT] [Fatal Error] :1:1: Premature end of file.
2026-09-15 04:02:18,448 [ERROR] LogOutputStream:75 - [STDERR_REDIRECT] 
2026-09-15 04:02:18,497 [ERROR] LogOutputStream:75 - [STDERR_REDIRECT] [Fatal Error] :1:1: Premature end of file.
2026-09-15 04:02:18,497 [ERROR] LogOutputStream:75 - [STDERR_REDIRECT] 
2026-09-15 04:02:18,545 [ERROR] LogOutputStream:75 - [STDERR_REDIRECT] [Fatal Error] :1:1: Premature end of file.
2026-09-15 04:02:18,545 [ERROR] LogOutputStream:75 - [STDERR_REDIRECT] 
2026-09-15 04:02:18,590 [ERROR] LogOutputStream:75 - [STDERR_REDIRECT] [Fatal Error] :1:1: Premature end of file.
2026-09-15 04:02:18,590 [ERROR] LogOutputStream:75 - [STDERR_REDIRECT] 
2026-09-15 04:02:18,638 [ERROR] LogOutputStream:75 - [STDERR_REDIRECT] [Fatal Error] :1:1: Premature end of file.
2026-09-15 04:02:18,638 [ERROR] LogOutputStream:75 - [STDERR_REDIRECT] 
2026-09-15 04:02:18,683 [ERROR] LogOutputStream:75 - [STDERR_REDIRECT] [Fatal Error] :1:1: Premature end of file.
2026-09-15 04:02:18,683 [ERROR] LogOutputStream:75 - [STDERR_REDIRECT] 
2026-09-15 04:02:18,730 [ERROR] LogOutputStream:75 - [STDERR_REDIRECT] [Fatal Error] :1:1: Premature end of file.
2026-09-15 04:02:18,730 [ERROR] LogOutputStream:75 - [STDERR_REDIRECT] 
2026-09-15 04:02:18,786 [ERROR] LogOutputStream:75 - [STDERR_REDIRECT] [Fatal Error] :1:1: Premature end of file.
2026-09-15 04:02:18,786 [ERROR] LogOutputStream:75 - [STDERR_REDIRECT] 
2026-09-15 04:02:18,856 [ERROR] LogOutputStream:75 - [STDERR_REDIRECT] [Fatal Error] :1:1: Premature end of file.
2026-09-15 04:02:18,856 [ERROR] LogOutputStream:75 - [STDERR_REDIRECT] 
2026-09-15 04:02:18,924 [ERROR] LogOutputStream:75 - [STDERR_REDIRECT] [Fatal Error] :1:1: Premature end of file.
2026-09-15 04:02:18,924 [ERROR] LogOutputStream:75 - [STDERR_REDIRECT] 
2026-09-15 04:02:18,967 [ERROR] LogOutputStream:75 - [STDERR_REDIRECT] [Fatal Error] :1:1: Premature end of file.
2026-09-15 04:02:18,967 [ERROR] LogOutputStream:75 - [STDERR_REDIRECT] 
2026-09-15 04:02:19,016 [ERROR] LogOutputStream:75 - [STDERR_REDIRECT] [Fatal Error] :1:1: Premature end of file.
2026-09-15 04:02:19,016 [ERROR] LogOutputStream:75 - [STDERR_REDIRECT] 
2026-09-15 04:02:19,078 [ERROR] LogOutputStream:75 - [STDERR_REDIRECT] [Fatal Error] :1:1: Premature end of file.
2026-09-15 04:02:19,078 [ERROR] LogOutputStream:75 - [STDERR_REDIRECT] 
2026-09-15 04:02:19,129 [ERROR] LogOutputStream:75 - [STDERR_REDIRECT] [Fatal Error] :1:1: Premature end of file.
2026-09-15 04:02:19,129 [ERROR] LogOutputStream:75 - [STDERR_REDIRECT] 
2026-09-15 04:02:19,173 [ERROR] LogOutputStream:75 - [STDERR_REDIRECT] [Fatal Error] :1:1: Premature end of file.
2026-09-15 04:02:19,173 [ERROR] LogOutputStream:75 - [STDERR_REDIRECT] 
2026-09-15 04:02:19,221 [ERROR] LogOutputStream:75 - [STDERR_REDIRECT] [Fatal Error] :1:1: Premature end of file.
2026-09-15 04:02:19,221 [ERROR] LogOutputStream:75 - [STDERR_REDIRECT] 
2026-09-15 04:02:19,268 [ERROR] LogOutputStream:75 - [STDERR_REDIRECT] [Fatal Error] :1:1: Premature end of file.
2026-09-15 04:02:19,268 [ERROR] LogOutputStream:75 - [STDERR_REDIRECT] 
2026-09-15 04:02:19,316 [ERROR] LogOutputStream:75 - [STDERR_REDIRECT] [Fatal Error] :1:1: Premature end of file.
2026-09-15 04:02:19,316 [ERROR] LogOutputStream:75 - [STDERR_REDIRECT] 
2026-09-15 04:02:19,364 [ERROR] LogOutputStream:75 - [STDERR_REDIRECT] [Fatal Error] :1:1: Premature end of file.
2026-09-15 04:02:19,364 [ERROR] LogOutputStream:75 - [STDERR_REDIRECT] 
2026-09-15 04:02:19,417 [ERROR] LogOutputStream:75 - [STDERR_REDIRECT] [Fatal Error] :1:1: Premature end of file.
2026-09-15 04:02:19,417 [ERROR] LogOutputStream:75 - [STDERR_REDIRECT] 
2026-09-15 04:02:19,459 [ERROR] LogOutputStream:75 - [STDERR_REDIRECT] [Fatal Error] :1:1: Premature end of file.
2026-09-15 04:02:19,459 [ERROR] LogOutputStream:75 - [STDERR_REDIRECT] 
2026-09-15 04:02:19,506 [ERROR] LogOutputStream:75 - [STDERR_REDIRECT] [Fatal Error] :1:1: Premature end of file.
2026-09-15 04:02:19,506 [ERROR] LogOutputStream:75 - [STDERR_REDIRECT] 
2026-09-15 04:02:19,556 [ERROR] LogOutputStream:75 - [STDERR_REDIRECT] [Fatal Error] :1:1: Premature end of file.
2026-09-15 04:02:19,556 [ERROR] LogOutputStream:75 - [STDERR_REDIRECT] 
2026-09-15 04:02:19,601 [ERROR] LogOutputStream:75 - [STDERR_REDIRECT] [Fatal Error] :1:1: Premature end of file.
2026-09-15 04:02:19,601 [ERROR] LogOutputStream:75 - [STDERR_REDIRECT] 
2026-09-15 04:02:19,650 [ERROR] LogOutputStream:75 - [STDERR_REDIRECT] [Fatal Error] :1:1: Premature end of file.
2026-09-15 04:02:19,650 [ERROR] LogOutputStream:75 - [STDERR_REDIRECT] 
2026-09-15 04:02:19,706 [ERROR] LogOutputStream:75 - [STDERR_REDIRECT] [Fatal Error] :1:1: Premature end of file.
2026-09-15 04:02:19,706 [ERROR] LogOutputStream:75 - [STDERR_REDIRECT] 
2026-09-15 04:02:19,759 [ERROR] LogOutputStream:75 - [STDERR_REDIRECT] [Fatal Error] :1:1: Premature end of file.
2026-09-15 04:02:19,759 [ERROR] LogOutputStream:75 - [STDERR_REDIRECT] 
2026-09-15 04:02:19,822 [ERROR] LogOutputStream:75 - [STDERR_REDIRECT] [Fatal Error] :1:1: Premature end of file.
2026-09-15 04:02:19,822 [ERROR] LogOutputStream:75 - [STDERR_REDIRECT] 
2026-09-15 04:02:19,869 [ERROR] LogOutputStream:75 - [STDERR_REDIRECT] [Fatal Error] :1:1: Premature end of file.
2026-09-15 04:02:19,869 [ERROR] LogOutputStream:75 - [STDERR_REDIRECT] 
2026-09-15 04:02:19,928 [ERROR] LogOutputStream:75 - [STDERR_REDIRECT] [Fatal Error] :1:1: Premature end of file.
2026-09-15 04:02:19,930 [ERROR] LogOutputStream:75 - [STDERR_REDIRECT] 
2026-09-15 04:02:19,978 [ERROR] LogOutputStream:75 - [STDERR_REDIRECT] [Fatal Error] :1:1: Premature end of file.
2026-09-15 04:02:19,978 [ERROR] LogOutputStream:75 - [STDERR_REDIRECT] 
2026-09-15 04:02:20,017 [ERROR] LogOutputStream:75 - [STDERR_REDIRECT] [Fatal Error] :1:1: Premature end of file.
2026-09-15 04:02:20,017 [ERROR] LogOutputStream:75 - [STDERR_REDIRECT] 
2026-09-15 04:02:20,060 [ERROR] LogOutputStream:75 - [STDERR_REDIRECT] [Fatal Error] :1:1: Premature end of file.
2026-09-15 04:02:20,076 [ERROR] LogOutputStream:75 - [STDERR_REDIRECT] 
2026-09-15 04:02:20,117 [ERROR] LogOutputStream:75 - [STDERR_REDIRECT] [Fatal Error] :1:1: Premature end of file.
2026-09-15 04:02:20,117 [ERROR] LogOutputStream:75 - [STDERR_REDIRECT] 
2026-09-15 04:02:20,162 [ERROR] LogOutputStream:75 - [STDERR_REDIRECT] [Fatal Error] :1:1: Premature end of file.
2026-09-15 04:02:20,162 [ERROR] LogOutputStream:75 - [STDERR_REDIRECT] 
2026-09-15 04:02:20,217 [ERROR] LogOutputStream:75 - [STDERR_REDIRECT] [Fatal Error] :1:1: Premature end of file.
2026-09-15 04:02:20,217 [ERROR] LogOutputStream:75 - [STDERR_REDIRECT] 
2026-09-15 04:02:20,265 [ERROR] LogOutputStream:75 - [STDERR_REDIRECT] [Fatal Error] :1:1: Premature end of file.
2026-09-15 04:02:20,269 [ERROR] LogOutputStream:75 - [STDERR_REDIRECT] 
2026-09-15 04:02:20,318 [ERROR] LogOutputStream:75 - [STDERR_REDIRECT] [Fatal Error] :1:1: Premature end of file.
2026-09-15 04:02:20,318 [ERROR] LogOutputStream:75 - [STDERR_REDIRECT] 
2026-09-15 04:02:20,365 [ERROR] LogOutputStream:75 - [STDERR_REDIRECT] [Fatal Error] :1:1: Premature end of file.
2026-09-15 04:02:20,365 [ERROR] LogOutputStream:75 - [STDERR_REDIRECT] 
2026-09-15 04:02:20,406 [ERROR] LogOutputStream:75 - [STDERR_REDIRECT] [Fatal Error] :1:1: Premature end of file.
2026-09-15 04:02:20,406 [ERROR] LogOutputStream:75 - [STDERR_REDIRECT] 
2026-09-15 04:02:20,453 [ERROR] LogOutputStream:75 - [STDERR_REDIRECT] [Fatal Error] :1:1: Premature end of file.
2026-09-15 04:02:20,453 [ERROR] LogOutputStream:75 - [STDERR_REDIRECT] 
2026-09-15 04:02:20,500 [ERROR] LogOutputStream:75 - [STDERR_REDIRECT] [Fatal Error] :1:1: Premature end of file.
2026-09-15 04:02:20,500 [ERROR] LogOutputStream:75 - [STDERR_REDIRECT] 
2026-09-15 04:02:20,563 [ERROR] LogOutputStream:75 - [STDERR_REDIRECT] [Fatal Error] :1:1: Premature end of file.
2026-09-15 04:02:20,563 [ERROR] LogOutputStream:75 - [STDERR_REDIRECT] 
2026-09-15 04:02:20,618 [ERROR] LogOutputStream:75 - [STDERR_REDIRECT] [Fatal Error] :1:1: Premature end of file.
2026-09-15 04:02:20,618 [ERROR] LogOutputStream:75 - [STDERR_REDIRECT] 
2026-09-15 04:02:20,665 [ERROR] LogOutputStream:75 - [STDERR_REDIRECT] [Fatal Error] :1:1: Premature end of file.
2026-09-15 04:02:20,665 [ERROR] LogOutputStream:75 - [STDERR_REDIRECT] 
2026-09-15 04:02:20,718 [ERROR] LogOutputStream:75 - [STDERR_REDIRECT] [Fatal Error] :1:1: Premature end of file.
2026-09-15 04:02:20,718 [ERROR] LogOutputStream:75 - [STDERR_REDIRECT] 
2026-09-15 04:02:20,762 [ERROR] LogOutputStream:75 - [STDERR_REDIRECT] [Fatal Error] :1:1: Premature end of file.
2026-09-15 04:02:20,762 [ERROR] LogOutputStream:75 - [STDERR_REDIRECT] 
2026-09-15 04:02:20,824 [ERROR] LogOutputStream:75 - [STDERR_REDIRECT] [Fatal Error] :1:1: Premature end of file.
2026-09-15 04:02:20,824 [ERROR] LogOutputStream:75 - [STDERR_REDIRECT] 
2026-09-15 04:02:20,887 [ERROR] LogOutputStream:75 - [STDERR_REDIRECT] [Fatal Error] :1:1: Premature end of file.
2026-09-15 04:02:20,887 [ERROR] LogOutputStream:75 - [STDERR_REDIRECT] 
2026-09-15 04:02:20,957 [ERROR] LogOutputStream:75 - [STDERR_REDIRECT] [Fatal Error] :1:1: Premature end of file.
2026-09-15 04:02:20,957 [ERROR] LogOutputStream:75 - [STDERR_REDIRECT] 
2026-09-15 04:02:21,030 [ERROR] LogOutputStream:75 - [STDERR_REDIRECT] [Fatal Error] :1:1: Premature end of file.
2026-09-15 04:02:21,030 [ERROR] LogOutputStream:75 - [STDERR_REDIRECT] 
2026-09-15 04:02:21,116 [ERROR] LogOutputStream:75 - [STDERR_REDIRECT] [Fatal Error] :1:1: Premature end of file.
2026-09-15 04:02:21,116 [ERROR] LogOutputStream:75 - [STDERR_REDIRECT] 
2026-09-15 04:02:21,229 [ERROR] LogOutputStream:75 - [STDERR_REDIRECT] [Fatal Error] :1:1: Premature end of file.
2026-09-15 04:02:21,230 [ERROR] LogOutputStream:75 - [STDERR_REDIRECT] 
2026-09-15 04:02:21,308 [ERROR] LogOutputStream:75 - [STDERR_REDIRECT] [Fatal Error] :1:1: Premature end of file.
2026-09-15 04:02:21,308 [ERROR] LogOutputStream:75 - [STDERR_REDIRECT] 
2026-09-15 04:02:21,380 [ERROR] LogOutputStream:75 - [STDERR_REDIRECT] [Fatal Error] :1:1: Premature end of file.
2026-09-15 04:02:21,380 [ERROR] LogOutputStream:75 - [STDERR_REDIRECT] 
2026-09-15 04:02:21,439 [ERROR] LogOutputStream:75 - [STDERR_REDIRECT] [Fatal Error] :1:1: Premature end of file.
2026-09-15 04:02:21,439 [ERROR] LogOutputStream:75 - [STDERR_REDIRECT] 
2026-09-15 04:02:21,506 [ERROR] LogOutputStream:75 - [STDERR_REDIRECT] [Fatal Error] :1:1: Premature end of file.
2026-09-15 04:02:21,506 [ERROR] LogOutputStream:75 - [STDERR_REDIRECT] 
2026-09-15 04:02:21,565 [ERROR] LogOutputStream:75 - [STDERR_REDIRECT] [Fatal Error] :1:1: Premature end of file.
2026-09-15 04:02:21,565 [ERROR] LogOutputStream:75 - [STDERR_REDIRECT] 
2026-09-15 04:02:21,616 [ERROR] LogOutputStream:75 - [STDERR_REDIRECT] [Fatal Error] :1:1: Premature end of file.
2026-09-15 04:02:21,616 [ERROR] LogOutputStream:75 - [STDERR_REDIRECT] 
2026-09-15 04:02:21,673 [ERROR] LogOutputStream:75 - [STDERR_REDIRECT] [Fatal Error] :1:1: Premature end of file.
2026-09-15 04:02:21,674 [ERROR] LogOutputStream:75 - [STDERR_REDIRECT] 
2026-09-15 04:02:21,729 [ERROR] LogOutputStream:75 - [STDERR_REDIRECT] [Fatal Error] :1:1: Premature end of file.
2026-09-15 04:02:21,729 [ERROR] LogOutputStream:75 - [STDERR_REDIRECT] 
2026-09-15 04:02:21,781 [ERROR] LogOutputStream:75 - [STDERR_REDIRECT] [Fatal Error] :1:1: Premature end of file.
2026-09-15 04:02:21,781 [ERROR] LogOutputStream:75 - [STDERR_REDIRECT] 
2026-09-15 04:02:21,826 [ERROR] LogOutputStream:75 - [STDERR_REDIRECT] [Fatal Error] :1:1: Premature end of file.
2026-09-15 04:02:21,826 [ERROR] LogOutputStream:75 - [STDERR_REDIRECT] 
2026-09-15 04:02:21,878 [ERROR] LogOutputStream:75 - [STDERR_REDIRECT] [Fatal Error] :1:1: Premature end of file.
2026-09-15 04:02:21,878 [ERROR] LogOutputStream:75 - [STDERR_REDIRECT] 
2026-09-15 04:02:21,926 [ERROR] LogOutputStream:75 - [STDERR_REDIRECT] [Fatal Error] :1:1: Premature end of file.
2026-09-15 04:02:21,926 [ERROR] LogOutputStream:75 - [STDERR_REDIRECT] 
2026-09-15 04:02:21,976 [ERROR] LogOutputStream:75 - [STDERR_REDIRECT] [Fatal Error] :1:1: Premature end of file.
2026-09-15 04:02:21,976 [ERROR] LogOutputStream:75 - [STDERR_REDIRECT] 
2026-09-15 04:02:22,049 [ERROR] LogOutputStream:75 - [STDERR_REDIRECT] [Fatal Error] :1:1: Premature end of file.
2026-09-15 04:02:22,049 [ERROR] LogOutputStream:75 - [STDERR_REDIRECT] 
2026-09-15 04:02:22,164 [ERROR] LogOutputStream:75 - [STDERR_REDIRECT] [Fatal Error] :1:1: Premature end of file.
2026-09-15 04:02:22,164 [ERROR] LogOutputStream:75 - [STDERR_REDIRECT] 
2026-09-15 04:02:22,230 [ERROR] LogOutputStream:75 - [STDERR_REDIRECT] [Fatal Error] :1:1: Premature end of file.
2026-09-15 04:02:22,230 [ERROR] LogOutputStream:75 - [STDERR_REDIRECT] 
2026-09-15 04:02:22,285 [ERROR] LogOutputStream:75 - [STDERR_REDIRECT] [Fatal Error] :1:1: Premature end of file.
2026-09-15 04:02:22,285 [ERROR] LogOutputStream:75 - [STDERR_REDIRECT] 
2026-09-15 04:02:22,329 [ERROR] LogOutputStream:75 - [STDERR_REDIRECT] [Fatal Error] :1:1: Premature end of file.
2026-09-15 04:02:22,329 [ERROR] LogOutputStream:75 - [STDERR_REDIRECT] 
2026-09-15 04:02:22,388 [ERROR] LogOutputStream:75 - [STDERR_REDIRECT] [Fatal Error] :1:1: Premature end of file.
2026-09-15 04:02:22,388 [ERROR] LogOutputStream:75 - [STDERR_REDIRECT] 
2026-09-15 04:02:22,438 [ERROR] LogOutputStream:75 - [STDERR_REDIRECT] [Fatal Error] :1:1: Premature end of file.
2026-09-15 04:02:22,438 [ERROR] LogOutputStream:75 - [STDERR_REDIRECT] 
2026-09-15 04:02:22,492 [ERROR] LogOutputStream:75 - [STDERR_REDIRECT] [Fatal Error] :1:1: Premature end of file.
2026-09-15 04:02:22,492 [ERROR] LogOutputStream:75 - [STDERR_REDIRECT] 
2026-09-15 04:02:22,544 [ERROR] LogOutputStream:75 - [STDERR_REDIRECT] [Fatal Error] :1:1: Premature end of file.
2026-09-15 04:02:22,544 [ERROR] LogOutputStream:75 - [STDERR_REDIRECT] 
2026-09-15 04:02:22,595 [ERROR] LogOutputStream:75 - [STDERR_REDIRECT] [Fatal Error] :1:1: Premature end of file.
2026-09-15 04:02:22,595 [ERROR] LogOutputStream:75 - [STDERR_REDIRECT] 
2026-09-15 04:02:22,648 [ERROR] LogOutputStream:75 - [STDERR_REDIRECT] [Fatal Error] :1:1: Premature end of file.
2026-09-15 04:02:22,648 [ERROR] LogOutputStream:75 - [STDERR_REDIRECT] 
2026-09-15 04:02:22,695 [ERROR] LogOutputStream:75 - [STDERR_REDIRECT] [Fatal Error] :1:1: Premature end of file.
2026-09-15 04:02:22,695 [ERROR] LogOutputStream:75 - [STDERR_REDIRECT] 
2026-09-15 04:02:22,745 [ERROR] LogOutputStream:75 - [STDERR_REDIRECT] [Fatal Error] :1:1: Premature end of file.
2026-09-15 04:02:22,745 [ERROR] LogOutputStream:75 - [STDERR_REDIRECT] 
2026-09-15 04:02:22,803 [ERROR] LogOutputStream:75 - [STDERR_REDIRECT] [Fatal Error] :1:1: Premature end of file.
2026-09-15 04:02:22,803 [ERROR] LogOutputStream:75 - [STDERR_REDIRECT] 
2026-09-15 04:02:22,856 [ERROR] LogOutputStream:75 - [STDERR_REDIRECT] [Fatal Error] :1:1: Premature end of file.
2026-09-15 04:02:22,856 [ERROR] LogOutputStream:75 - [STDERR_REDIRECT] 
2026-09-15 04:02:22,909 [ERROR] LogOutputStream:75 - [STDERR_REDIRECT] [Fatal Error] :1:1: Premature end of file.
2026-09-15 04:02:22,909 [ERROR] LogOutputStream:75 - [STDERR_REDIRECT] 
2026-09-15 04:02:22,954 [ERROR] LogOutputStream:75 - [STDERR_REDIRECT] [Fatal Error] :1:1: Premature end of file.
2026-09-15 04:02:22,954 [ERROR] LogOutputStream:75 - [STDERR_REDIRECT] 
2026-09-15 04:02:23,016 [ERROR] LogOutputStream:75 - [STDERR_REDIRECT] [Fatal Error] :1:1: Premature end of file.
2026-09-15 04:02:23,016 [ERROR] LogOutputStream:75 - [STDERR_REDIRECT] 
2026-09-15 04:02:23,068 [ERROR] LogOutputStream:75 - [STDERR_REDIRECT] [Fatal Error] :1:1: Premature end of file.
2026-09-15 04:02:23,068 [ERROR] LogOutputStream:75 - [STDERR_REDIRECT] 
2026-09-15 04:02:23,120 [ERROR] LogOutputStream:75 - [STDERR_REDIRECT] [Fatal Error] :1:1: Premature end of file.
2026-09-15 04:02:23,120 [ERROR] LogOutputStream:75 - [STDERR_REDIRECT] 
2026-09-15 04:02:23,163 [ERROR] LogOutputStream:75 - [STDERR_REDIRECT] [Fatal Error] :1:1: Premature end of file.
2026-09-15 04:02:23,163 [ERROR] LogOutputStream:75 - [STDERR_REDIRECT] 
2026-09-15 04:02:23,220 [ERROR] LogOutputStream:75 - [STDERR_REDIRECT] [Fatal Error] :1:1: Premature end of file.
2026-09-15 04:02:23,222 [ERROR] LogOutputStream:75 - [STDERR_REDIRECT] 
2026-09-15 04:02:23,269 [ERROR] LogOutputStream:75 - [STDERR_REDIRECT] [Fatal Error] :1:1: Premature end of file.
2026-09-15 04:02:23,269 [ERROR] LogOutputStream:75 - [STDERR_REDIRECT] 
2026-09-15 04:02:23,320 [ERROR] LogOutputStream:75 - [STDERR_REDIRECT] [Fatal Error] :1:1: Premature end of file.
2026-09-15 04:02:23,320 [ERROR] LogOutputStream:75 - [STDERR_REDIRECT] 
2026-09-15 04:02:23,363 [ERROR] LogOutputStream:75 - [STDERR_REDIRECT] [Fatal Error] :1:1: Premature end of file.
2026-09-15 04:02:23,363 [ERROR] LogOutputStream:75 - [STDERR_REDIRECT] 
2026-09-15 04:02:23,436 [ERROR] LogOutputStream:75 - [STDERR_REDIRECT] [Fatal Error] :1:1: Premature end of file.
2026-09-15 04:02:23,436 [ERROR] LogOutputStream:75 - [STDERR_REDIRECT] 
2026-09-15 04:02:23,496 [ERROR] LogOutputStream:75 - [STDERR_REDIRECT] [Fatal Error] :1:1: Premature end of file.
2026-09-15 04:02:23,497 [ERROR] LogOutputStream:75 - [STDERR_REDIRECT] 
2026-09-15 04:02:23,549 [ERROR] LogOutputStream:75 - [STDERR_REDIRECT] [Fatal Error] :1:1: Premature end of file.
2026-09-15 04:02:23,549 [ERROR] LogOutputStream:75 - [STDERR_REDIRECT] 
2026-09-15 04:02:23,608 [ERROR] LogOutputStream:75 - [STDERR_REDIRECT] [Fatal Error] :1:1: Premature end of file.
2026-09-15 04:02:23,608 [ERROR] LogOutputStream:75 - [STDERR_REDIRECT] 
2026-09-15 04:02:23,666 [ERROR] LogOutputStream:75 - [STDERR_REDIRECT] [Fatal Error] :1:1: Premature end of file.
2026-09-15 04:02:23,666 [ERROR] LogOutputStream:75 - [STDERR_REDIRECT] 
2026-09-15 04:02:23,736 [ERROR] LogOutputStream:75 - [STDERR_REDIRECT] [Fatal Error] :1:1: Premature end of file.
2026-09-15 04:02:23,737 [ERROR] LogOutputStream:75 - [STDERR_REDIRECT] 
2026-09-15 04:02:23,804 [ERROR] LogOutputStream:75 - [STDERR_REDIRECT] [Fatal Error] :1:1: Premature end of file.
2026-09-15 04:02:23,804 [ERROR] LogOutputStream:75 - [STDERR_REDIRECT] 
2026-09-15 04:02:23,862 [ERROR] LogOutputStream:75 - [STDERR_REDIRECT] [Fatal Error] :1:1: Premature end of file.
2026-09-15 04:02:23,862 [ERROR] LogOutputStream:75 - [STDERR_REDIRECT] 
2026-09-15 04:02:23,921 [ERROR] LogOutputStream:75 - [STDERR_REDIRECT] [Fatal Error] :1:1: Premature end of file.
2026-09-15 04:02:23,922 [ERROR] LogOutputStream:75 - [STDERR_REDIRECT] 
2026-09-15 04:02:23,984 [ERROR] LogOutputStream:75 - [STDERR_REDIRECT] [Fatal Error] :1:1: Premature end of file.
2026-09-15 04:02:23,984 [ERROR] LogOutputStream:75 - [STDERR_REDIRECT] 
2026-09-15 04:02:24,043 [ERROR] LogOutputStream:75 - [STDERR_REDIRECT] [Fatal Error] :1:1: Premature end of file.
2026-09-15 04:02:24,043 [ERROR] LogOutputStream:75 - [STDERR_REDIRECT] 
2026-09-15 04:02:24,110 [ERROR] LogOutputStream:75 - [STDERR_REDIRECT] [Fatal Error] :1:1: Premature end of file.
2026-09-15 04:02:24,110 [ERROR] LogOutputStream:75 - [STDERR_REDIRECT] 
2026-09-15 04:02:24,170 [ERROR] LogOutputStream:75 - [STDERR_REDIRECT] [Fatal Error] :1:1: Premature end of file.
2026-09-15 04:02:24,171 [ERROR] LogOutputStream:75 - [STDERR_REDIRECT] 
2026-09-15 04:02:24,228 [ERROR] LogOutputStream:75 - [STDERR_REDIRECT] [Fatal Error] :1:1: Premature end of file.
2026-09-15 04:02:24,228 [ERROR] LogOutputStream:75 - [STDERR_REDIRECT] 
2026-09-15 04:02:24,287 [ERROR] LogOutputStream:75 - [STDERR_REDIRECT] [Fatal Error] :1:1: Premature end of file.
2026-09-15 04:02:24,287 [ERROR] LogOutputStream:75 - [STDERR_REDIRECT] 
2026-09-15 04:02:24,352 [ERROR] LogOutputStream:75 - [STDERR_REDIRECT] [Fatal Error] :1:1: Premature end of file.
2026-09-15 04:02:24,352 [ERROR] LogOutputStream:75 - [STDERR_REDIRECT] 
2026-09-15 04:02:24,406 [ERROR] LogOutputStream:75 - [STDERR_REDIRECT] [Fatal Error] :1:1: Premature end of file.
2026-09-15 04:02:24,406 [ERROR] LogOutputStream:75 - [STDERR_REDIRECT] 
2026-09-15 04:02:24,458 [ERROR] LogOutputStream:75 - [STDERR_REDIRECT] [Fatal Error] :1:1: Premature end of file.
2026-09-15 04:02:24,458 [ERROR] LogOutputStream:75 - [STDERR_REDIRECT] 
2026-09-15 04:02:24,528 [ERROR] LogOutputStream:75 - [STDERR_REDIRECT] [Fatal Error] :1:1: Premature end of file.
2026-09-15 04:02:24,528 [ERROR] LogOutputStream:75 - [STDERR_REDIRECT] 
2026-09-15 04:02:24,598 [ERROR] LogOutputStream:75 - [STDERR_REDIRECT] [Fatal Error] :1:1: Premature end of file.
2026-09-15 04:02:24,599 [ERROR] LogOutputStream:75 - [STDERR_REDIRECT] 
2026-09-15 04:02:24,690 [ERROR] LogOutputStream:75 - [STDERR_REDIRECT] [Fatal Error] :1:1: Premature end of file.
2026-09-15 04:02:24,690 [ERROR] LogOutputStream:75 - [STDERR_REDIRECT] 
2026-09-15 04:02:24,770 [ERROR] LogOutputStream:75 - [STDERR_REDIRECT] [Fatal Error] :1:1: Premature end of file.
2026-09-15 04:02:24,771 [ERROR] LogOutputStream:75 - [STDERR_REDIRECT] 
2026-09-15 04:02:24,850 [ERROR] LogOutputStream:75 - [STDERR_REDIRECT] [Fatal Error] :1:1: Premature end of file.
2026-09-15 04:02:24,850 [ERROR] LogOutputStream:75 - [STDERR_REDIRECT] 
2026-09-15 04:02:24,924 [ERROR] LogOutputStream:75 - [STDERR_REDIRECT] [Fatal Error] :1:1: Premature end of file.
2026-09-15 04:02:24,924 [ERROR] LogOutputStream:75 - [STDERR_REDIRECT] 
2026-09-15 04:02:24,994 [ERROR] LogOutputStream:75 - [STDERR_REDIRECT] [Fatal Error] :1:1: Premature end of file.
2026-09-15 04:02:24,994 [ERROR] LogOutputStream:75 - [STDERR_REDIRECT] 
2026-09-15 04:02:25,087 [ERROR] LogOutputStream:75 - [STDERR_REDIRECT] [Fatal Error] :1:1: Premature end of file.
2026-09-15 04:02:25,088 [ERROR] LogOutputStream:75 - [STDERR_REDIRECT] 
2026-09-15 04:02:25,196 [ERROR] LogOutputStream:75 - [STDERR_REDIRECT] [Fatal Error] :1:1: Premature end of file.
2026-09-15 04:02:25,198 [ERROR] LogOutputStream:75 - [STDERR_REDIRECT] 
2026-09-15 04:02:25,300 [ERROR] LogOutputStream:75 - [STDERR_REDIRECT] [Fatal Error] :1:1: Premature end of file.
2026-09-15 04:02:25,301 [ERROR] LogOutputStream:75 - [STDERR_REDIRECT] 
2026-09-15 04:02:25,380 [ERROR] LogOutputStream:75 - [STDERR_REDIRECT] [Fatal Error] :1:1: Premature end of file.
2026-09-15 04:02:25,380 [ERROR] LogOutputStream:75 - [STDERR_REDIRECT] 
2026-09-15 04:02:25,443 [ERROR] LogOutputStream:75 - [STDERR_REDIRECT] [Fatal Error] :1:1: Premature end of file.
2026-09-15 04:02:25,444 [ERROR] LogOutputStream:75 - [STDERR_REDIRECT] 
2026-09-15 04:02:25,502 [ERROR] LogOutputStream:75 - [STDERR_REDIRECT] [Fatal Error] :1:1: Premature end of file.
2026-09-15 04:02:25,502 [ERROR] LogOutputStream:75 - [STDERR_REDIRECT] 
2026-09-15 04:02:25,559 [ERROR] LogOutputStream:75 - [STDERR_REDIRECT] [Fatal Error] :1:1: Premature end of file.
2026-09-15 04:02:25,559 [ERROR] LogOutputStream:75 - [STDERR_REDIRECT] 
2026-09-15 04:02:25,608 [ERROR] LogOutputStream:75 - [STDERR_REDIRECT] [Fatal Error] :1:1: Premature end of file.
2026-09-15 04:02:25,608 [ERROR] LogOutputStream:75 - [STDERR_REDIRECT] 
2026-09-15 04:02:25,662 [ERROR] LogOutputStream:75 - [STDERR_REDIRECT] [Fatal Error] :1:1: Premature end of file.
2026-09-15 04:02:25,662 [ERROR] LogOutputStream:75 - [STDERR_REDIRECT] 
2026-09-15 04:02:25,712 [ERROR] LogOutputStream:75 - [STDERR_REDIRECT] [Fatal Error] :1:1: Premature end of file.
2026-09-15 04:02:25,713 [ERROR] LogOutputStream:75 - [STDERR_REDIRECT] 
2026-09-15 04:02:25,770 [ERROR] LogOutputStream:75 - [STDERR_REDIRECT] [Fatal Error] :1:1: Premature end of file.
2026-09-15 04:02:25,770 [ERROR] LogOutputStream:75 - [STDERR_REDIRECT] 
2026-09-15 04:02:25,830 [ERROR] LogOutputStream:75 - [STDERR_REDIRECT] [Fatal Error] :1:1: Premature end of file.
2026-09-15 04:02:25,830 [ERROR] LogOutputStream:75 - [STDERR_REDIRECT] 
2026-09-15 04:02:25,889 [ERROR] LogOutputStream:75 - [STDERR_REDIRECT] [Fatal Error] :1:1: Premature end of file.
2026-09-15 04:02:25,889 [ERROR] LogOutputStream:75 - [STDERR_REDIRECT] 
2026-09-15 04:02:25,943 [ERROR] LogOutputStream:75 - [STDERR_REDIRECT] [Fatal Error] :1:1: Premature end of file.
2026-09-15 04:02:25,943 [ERROR] LogOutputStream:75 - [STDERR_REDIRECT] 
2026-09-15 04:02:25,997 [ERROR] LogOutputStream:75 - [STDERR_REDIRECT] [Fatal Error] :1:1: Premature end of file.
2026-09-15 04:02:25,997 [ERROR] LogOutputStream:75 - [STDERR_REDIRECT] 
2026-09-15 04:02:26,053 [ERROR] LogOutputStream:75 - [STDERR_REDIRECT] [Fatal Error] :1:1: Premature end of file.
2026-09-15 04:02:26,053 [ERROR] LogOutputStream:75 - [STDERR_REDIRECT] 
2026-09-15 04:02:26,106 [ERROR] LogOutputStream:75 - [STDERR_REDIRECT] [Fatal Error] :1:1: Premature end of file.
2026-09-15 04:02:26,106 [ERROR] LogOutputStream:75 - [STDERR_REDIRECT] 
2026-09-15 04:02:26,159 [ERROR] LogOutputStream:75 - [STDERR_REDIRECT] [Fatal Error] :1:1: Premature end of file.
2026-09-15 04:02:26,160 [ERROR] LogOutputStream:75 - [STDERR_REDIRECT] 
2026-09-15 04:02:26,209 [ERROR] LogOutputStream:75 - [STDERR_REDIRECT] [Fatal Error] :1:1: Premature end of file.
2026-09-15 04:02:26,209 [ERROR] LogOutputStream:75 - [STDERR_REDIRECT] 
2026-09-15 04:02:26,254 [ERROR] LogOutputStream:75 - [STDERR_REDIRECT] [Fatal Error] :1:1: Premature end of file.
2026-09-15 04:02:26,254 [ERROR] LogOutputStream:75 - [STDERR_REDIRECT] 
2026-09-15 04:02:26,299 [ERROR] LogOutputStream:75 - [STDERR_REDIRECT] [Fatal Error] :1:1: Premature end of file.
2026-09-15 04:02:26,299 [ERROR] LogOutputStream:75 - [STDERR_REDIRECT] 
2026-09-15 04:02:26,350 [ERROR] LogOutputStream:75 - [STDERR_REDIRECT] [Fatal Error] :1:1: Premature end of file.
2026-09-15 04:02:26,350 [ERROR] LogOutputStream:75 - [STDERR_REDIRECT] 
2026-09-15 04:02:26,419 [ERROR] LogOutputStream:75 - [STDERR_REDIRECT] [Fatal Error] :1:1: Premature end of file.
2026-09-15 04:02:26,419 [ERROR] LogOutputStream:75 - [STDERR_REDIRECT] 
2026-09-15 04:02:26,504 [ERROR] LogOutputStream:75 - [STDERR_REDIRECT] [Fatal Error] :1:1: Premature end of file.
2026-09-15 04:02:26,504 [ERROR] LogOutputStream:75 - [STDERR_REDIRECT] 
2026-09-15 04:02:26,564 [ERROR] LogOutputStream:75 - [STDERR_REDIRECT] [Fatal Error] :1:1: Premature end of file.
2026-09-15 04:02:26,564 [ERROR] LogOutputStream:75 - [STDERR_REDIRECT] 
2026-09-15 04:02:26,620 [ERROR] LogOutputStream:75 - [STDERR_REDIRECT] [Fatal Error] :1:1: Premature end of file.
2026-09-15 04:02:26,620 [ERROR] LogOutputStream:75 - [STDERR_REDIRECT] 
2026-09-15 04:02:26,674 [ERROR] LogOutputStream:75 - [STDERR_REDIRECT] [Fatal Error] :1:1: Premature end of file.
2026-09-15 04:02:26,674 [ERROR] LogOutputStream:75 - [STDERR_REDIRECT] 
2026-09-15 04:02:26,733 [ERROR] LogOutputStream:75 - [STDERR_REDIRECT] [Fatal Error] :1:1: Premature end of file.
2026-09-15 04:02:26,733 [ERROR] LogOutputStream:75 - [STDERR_REDIRECT] 
2026-09-15 04:02:26,792 [ERROR] LogOutputStream:75 - [STDERR_REDIRECT] [Fatal Error] :1:1: Premature end of file.
2026-09-15 04:02:26,792 [ERROR] LogOutputStream:75 - [STDERR_REDIRECT] 
2026-09-15 04:02:26,844 [ERROR] LogOutputStream:75 - [STDERR_REDIRECT] [Fatal Error] :1:1: Premature end of file.
2026-09-15 04:02:26,844 [ERROR] LogOutputStream:75 - [STDERR_REDIRECT] 
2026-09-15 04:02:26,891 [ERROR] LogOutputStream:75 - [STDERR_REDIRECT] [Fatal Error] :1:1: Premature end of file.
2026-09-15 04:02:26,891 [ERROR] LogOutputStream:75 - [STDERR_REDIRECT] 
2026-09-15 04:02:26,941 [ERROR] LogOutputStream:75 - [STDERR_REDIRECT] [Fatal Error] :1:1: Premature end of file.
2026-09-15 04:02:26,941 [ERROR] LogOutputStream:75 - [STDERR_REDIRECT] 
2026-09-15 04:02:26,990 [ERROR] LogOutputStream:75 - [STDERR_REDIRECT] [Fatal Error] :1:1: Premature end of file.
2026-09-15 04:02:26,990 [ERROR] LogOutputStream:75 - [STDERR_REDIRECT] 
2026-09-15 04:02:27,038 [ERROR] LogOutputStream:75 - [STDERR_REDIRECT] [Fatal Error] :1:1: Premature end of file.
2026-09-15 04:02:27,038 [ERROR] LogOutputStream:75 - [STDERR_REDIRECT] 
2026-09-15 04:02:27,086 [ERROR] LogOutputStream:75 - [STDERR_REDIRECT] [Fatal Error] :1:1: Premature end of file.
2026-09-15 04:02:27,087 [ERROR] LogOutputStream:75 - [STDERR_REDIRECT] 
2026-09-15 04:02:27,132 [ERROR] LogOutputStream:75 - [STDERR_REDIRECT] [Fatal Error] :1:1: Premature end of file.
2026-09-15 04:02:27,133 [ERROR] LogOutputStream:75 - [STDERR_REDIRECT] 
2026-09-15 04:02:27,180 [ERROR] LogOutputStream:75 - [STDERR_REDIRECT] [Fatal Error] :1:1: Premature end of file.
2026-09-15 04:02:27,180 [ERROR] LogOutputStream:75 - [STDERR_REDIRECT] 
2026-09-15 04:02:27,250 [ERROR] LogOutputStream:75 - [STDERR_REDIRECT] [Fatal Error] :1:1: Premature end of file.
2026-09-15 04:02:27,250 [ERROR] LogOutputStream:75 - [STDERR_REDIRECT] 
2026-09-15 04:02:27,303 [ERROR] LogOutputStream:75 - [STDERR_REDIRECT] [Fatal Error] :1:1: Premature end of file.
2026-09-15 04:02:27,303 [ERROR] LogOutputStream:75 - [STDERR_REDIRECT] 
2026-09-15 04:02:27,355 [ERROR] LogOutputStream:75 - [STDERR_REDIRECT] [Fatal Error] :1:1: Premature end of file.
2026-09-15 04:02:27,355 [ERROR] LogOutputStream:75 - [STDERR_REDIRECT] 
2026-09-15 04:02:27,407 [ERROR] LogOutputStream:75 - [STDERR_REDIRECT] [Fatal Error] :1:1: Premature end of file.
2026-09-15 04:02:27,407 [ERROR] LogOutputStream:75 - [STDERR_REDIRECT] 
2026-09-15 04:02:27,455 [ERROR] LogOutputStream:75 - [STDERR_REDIRECT] [Fatal Error] :1:1: Premature end of file.
2026-09-15 04:02:27,455 [ERROR] LogOutputStream:75 - [STDERR_REDIRECT] 
2026-09-15 04:02:27,509 [ERROR] LogOutputStream:75 - [STDERR_REDIRECT] [Fatal Error] :1:1: Premature end of file.
2026-09-15 04:02:27,509 [ERROR] LogOutputStream:75 - [STDERR_REDIRECT] 
2026-09-15 04:02:27,557 [ERROR] LogOutputStream:75 - [STDERR_REDIRECT] [Fatal Error] :1:1: Premature end of file.
2026-09-15 04:02:27,557 [ERROR] LogOutputStream:75 - [STDERR_REDIRECT] 
2026-09-15 04:02:27,603 [ERROR] LogOutputStream:75 - [STDERR_REDIRECT] [Fatal Error] :1:1: Premature end of file.
2026-09-15 04:02:27,603 [ERROR] LogOutputStream:75 - [STDERR_REDIRECT] 
2026-09-15 04:02:27,649 [ERROR] LogOutputStream:75 - [STDERR_REDIRECT] [Fatal Error] :1:1: Premature end of file.
2026-09-15 04:02:27,649 [ERROR] LogOutputStream:75 - [STDERR_REDIRECT] 
2026-09-15 04:02:27,695 [ERROR] LogOutputStream:75 - [STDERR_REDIRECT] [Fatal Error] :1:1: Premature end of file.
2026-09-15 04:02:27,695 [ERROR] LogOutputStream:75 - [STDERR_REDIRECT] 
2026-09-15 04:02:27,743 [ERROR] LogOutputStream:75 - [STDERR_REDIRECT] [Fatal Error] :1:1: Premature end of file.
2026-09-15 04:02:27,743 [ERROR] LogOutputStream:75 - [STDERR_REDIRECT] 
2026-09-15 04:02:27,795 [ERROR] LogOutputStream:75 - [STDERR_REDIRECT] [Fatal Error] :1:1: Premature end of file.
2026-09-15 04:02:27,795 [ERROR] LogOutputStream:75 - [STDERR_REDIRECT] 
2026-09-15 04:02:27,846 [ERROR] LogOutputStream:75 - [STDERR_REDIRECT] [Fatal Error] :1:1: Premature end of file.
2026-09-15 04:02:27,846 [ERROR] LogOutputStream:75 - [STDERR_REDIRECT] 
2026-09-15 04:02:27,896 [ERROR] LogOutputStream:75 - [STDERR_REDIRECT] [Fatal Error] :1:1: Premature end of file.
2026-09-15 04:02:27,896 [ERROR] LogOutputStream:75 - [STDERR_REDIRECT] 
2026-09-15 04:02:27,947 [ERROR] LogOutputStream:75 - [STDERR_REDIRECT] [Fatal Error] :1:1: Premature end of file.
2026-09-15 04:02:27,947 [ERROR] LogOutputStream:75 - [STDERR_REDIRECT] 
2026-09-15 04:02:27,996 [ERROR] LogOutputStream:75 - [STDERR_REDIRECT] [Fatal Error] :1:1: Premature end of file.
2026-09-15 04:02:27,996 [ERROR] LogOutputStream:75 - [STDERR_REDIRECT] 
2026-09-15 04:02:28,048 [ERROR] LogOutputStream:75 - [STDERR_REDIRECT] [Fatal Error] :1:1: Premature end of file.
2026-09-15 04:02:28,048 [ERROR] LogOutputStream:75 - [STDERR_REDIRECT] 
2026-09-15 04:02:28,102 [ERROR] LogOutputStream:75 - [STDERR_REDIRECT] [Fatal Error] :1:1: Premature end of file.
2026-09-15 04:02:28,102 [ERROR] LogOutputStream:75 - [STDERR_REDIRECT] 
2026-09-15 04:02:28,148 [ERROR] LogOutputStream:75 - [STDERR_REDIRECT] [Fatal Error] :1:1: Premature end of file.
2026-09-15 04:02:28,148 [ERROR] LogOutputStream:75 - [STDERR_REDIRECT] 
2026-09-15 04:02:28,196 [ERROR] LogOutputStream:75 - [STDERR_REDIRECT] [Fatal Error] :1:1: Premature end of file.
2026-09-15 04:02:28,196 [ERROR] LogOutputStream:75 - [STDERR_REDIRECT] 
2026-09-15 04:02:28,251 [ERROR] LogOutputStream:75 - [STDERR_REDIRECT] [Fatal Error] :1:1: Premature end of file.
2026-09-15 04:02:28,252 [ERROR] LogOutputStream:75 - [STDERR_REDIRECT] 
2026-09-15 04:02:28,303 [ERROR] LogOutputStream:75 - [STDERR_REDIRECT] [Fatal Error] :1:1: Premature end of file.
2026-09-15 04:02:28,304 [ERROR] LogOutputStream:75 - [STDERR_REDIRECT] 
2026-09-15 04:02:28,362 [ERROR] LogOutputStream:75 - [STDERR_REDIRECT] [Fatal Error] :1:1: Premature end of file.
2026-09-15 04:02:28,363 [ERROR] LogOutputStream:75 - [STDERR_REDIRECT] 
2026-09-15 04:02:28,439 [ERROR] LogOutputStream:75 - [STDERR_REDIRECT] [Fatal Error] :1:1: Premature end of file.
2026-09-15 04:02:28,440 [ERROR] LogOutputStream:75 - [STDERR_REDIRECT] 
2026-09-15 04:02:28,494 [ERROR] LogOutputStream:75 - [STDERR_REDIRECT] [Fatal Error] :1:1: Premature end of file.
2026-09-15 04:02:28,494 [ERROR] LogOutputStream:75 - [STDERR_REDIRECT] 
2026-09-15 04:02:28,547 [ERROR] LogOutputStream:75 - [STDERR_REDIRECT] [Fatal Error] :1:1: Premature end of file.
2026-09-15 04:02:28,547 [ERROR] LogOutputStream:75 - [STDERR_REDIRECT] 
2026-09-15 04:02:28,601 [ERROR] LogOutputStream:75 - [STDERR_REDIRECT] [Fatal Error] :1:1: Premature end of file.
2026-09-15 04:02:28,601 [ERROR] LogOutputStream:75 - [STDERR_REDIRECT] 
2026-09-15 04:02:28,650 [ERROR] LogOutputStream:75 - [STDERR_REDIRECT] [Fatal Error] :1:1: Premature end of file.
2026-09-15 04:02:28,650 [ERROR] LogOutputStream:75 - [STDERR_REDIRECT] 
2026-09-15 04:02:28,700 [ERROR] LogOutputStream:75 - [STDERR_REDIRECT] [Fatal Error] :1:1: Premature end of file.
2026-09-15 04:02:28,700 [ERROR] LogOutputStream:75 - [STDERR_REDIRECT] 
2026-09-15 04:02:28,753 [ERROR] LogOutputStream:75 - [STDERR_REDIRECT] [Fatal Error] :1:1: Premature end of file.
2026-09-15 04:02:28,753 [ERROR] LogOutputStream:75 - [STDERR_REDIRECT] 
2026-09-15 04:02:28,803 [ERROR] LogOutputStream:75 - [STDERR_REDIRECT] [Fatal Error] :1:1: Premature end of file.
2026-09-15 04:02:28,803 [ERROR] LogOutputStream:75 - [STDERR_REDIRECT] 
2026-09-15 04:02:28,848 [ERROR] LogOutputStream:75 - [STDERR_REDIRECT] [Fatal Error] :1:1: Premature end of file.
2026-09-15 04:02:28,848 [ERROR] LogOutputStream:75 - [STDERR_REDIRECT] 
2026-09-15 04:02:28,896 [ERROR] LogOutputStream:75 - [STDERR_REDIRECT] [Fatal Error] :1:1: Premature end of file.
2026-09-15 04:02:28,897 [ERROR] LogOutputStream:75 - [STDERR_REDIRECT] 
2026-09-15 04:02:28,942 [ERROR] LogOutputStream:75 - [STDERR_REDIRECT] [Fatal Error] :1:1: Premature end of file.
2026-09-15 04:02:28,942 [ERROR] LogOutputStream:75 - [STDERR_REDIRECT] 
2026-09-15 04:02:28,989 [ERROR] LogOutputStream:75 - [STDERR_REDIRECT] [Fatal Error] :1:1: Premature end of file.
2026-09-15 04:02:28,989 [ERROR] LogOutputStream:75 - [STDERR_REDIRECT] 
2026-09-15 04:02:29,035 [ERROR] LogOutputStream:75 - [STDERR_REDIRECT] [Fatal Error] :1:1: Premature end of file.
2026-09-15 04:02:29,035 [ERROR] LogOutputStream:75 - [STDERR_REDIRECT] 
2026-09-15 04:02:29,081 [ERROR] LogOutputStream:75 - [STDERR_REDIRECT] [Fatal Error] :1:1: Premature end of file.
2026-09-15 04:02:29,081 [ERROR] LogOutputStream:75 - [STDERR_REDIRECT] 
2026-09-15 04:02:29,127 [ERROR] LogOutputStream:75 - [STDERR_REDIRECT] [Fatal Error] :1:1: Premature end of file.
2026-09-15 04:02:29,127 [ERROR] LogOutputStream:75 - [STDERR_REDIRECT] 
2026-09-15 04:02:29,174 [ERROR] LogOutputStream:75 - [STDERR_REDIRECT] [Fatal Error] :1:1: Premature end of file.
2026-09-15 04:02:29,174 [ERROR] LogOutputStream:75 - [STDERR_REDIRECT] 
2026-09-15 04:02:29,219 [ERROR] LogOutputStream:75 - [STDERR_REDIRECT] [Fatal Error] :1:1: Premature end of file.
2026-09-15 04:02:29,219 [ERROR] LogOutputStream:75 - [STDERR_REDIRECT] 
2026-09-15 04:02:29,265 [ERROR] LogOutputStream:75 - [STDERR_REDIRECT] [Fatal Error] :1:1: Premature end of file.
2026-09-15 04:02:29,265 [ERROR] LogOutputStream:75 - [STDERR_REDIRECT] 
2026-09-15 04:02:29,312 [ERROR] LogOutputStream:75 - [STDERR_REDIRECT] [Fatal Error] :1:1: Premature end of file.
2026-09-15 04:02:29,312 [ERROR] LogOutputStream:75 - [STDERR_REDIRECT] 
2026-09-15 04:02:29,356 [ERROR] LogOutputStream:75 - [STDERR_REDIRECT] [Fatal Error] :1:1: Premature end of file.
2026-09-15 04:02:29,357 [ERROR] LogOutputStream:75 - [STDERR_REDIRECT] 
2026-09-15 04:02:29,403 [ERROR] LogOutputStream:75 - [STDERR_REDIRECT] [Fatal Error] :1:1: Premature end of file.
2026-09-15 04:02:29,403 [ERROR] LogOutputStream:75 - [STDERR_REDIRECT] 
2026-09-15 04:02:29,452 [ERROR] LogOutputStream:75 - [STDERR_REDIRECT] [Fatal Error] :1:1: Premature end of file.
2026-09-15 04:02:29,453 [ERROR] LogOutputStream:75 - [STDERR_REDIRECT] 
2026-09-15 04:02:29,503 [ERROR] LogOutputStream:75 - [STDERR_REDIRECT] [Fatal Error] :1:1: Premature end of file.
2026-09-15 04:02:29,503 [ERROR] LogOutputStream:75 - [STDERR_REDIRECT] 
2026-09-15 04:02:29,554 [ERROR] LogOutputStream:75 - [STDERR_REDIRECT] [Fatal Error] :1:1: Premature end of file.
2026-09-15 04:02:29,554 [ERROR] LogOutputStream:75 - [STDERR_REDIRECT] 
2026-09-15 04:02:29,603 [ERROR] LogOutputStream:75 - [STDERR_REDIRECT] [Fatal Error] :1:1: Premature end of file.
2026-09-15 04:02:29,604 [ERROR] LogOutputStream:75 - [STDERR_REDIRECT] 
2026-09-15 04:02:29,652 [ERROR] LogOutputStream:75 - [STDERR_REDIRECT] [Fatal Error] :1:1: Premature end of file.
2026-09-15 04:02:29,652 [ERROR] LogOutputStream:75 - [STDERR_REDIRECT] 
2026-09-15 04:02:29,701 [ERROR] LogOutputStream:75 - [STDERR_REDIRECT] [Fatal Error] :1:1: Premature end of file.
2026-09-15 04:02:29,701 [ERROR] LogOutputStream:75 - [STDERR_REDIRECT] 
2026-09-15 04:02:29,753 [ERROR] LogOutputStream:75 - [STDERR_REDIRECT] [Fatal Error] :1:1: Premature end of file.
2026-09-15 04:02:29,753 [ERROR] LogOutputStream:75 - [STDERR_REDIRECT] 
2026-09-15 04:02:29,803 [ERROR] LogOutputStream:75 - [STDERR_REDIRECT] [Fatal Error] :1:1: Premature end of file.
2026-09-15 04:02:29,804 [ERROR] LogOutputStream:75 - [STDERR_REDIRECT] 
2026-09-15 04:02:29,851 [ERROR] LogOutputStream:75 - [STDERR_REDIRECT] [Fatal Error] :1:1: Premature end of file.
2026-09-15 04:02:29,851 [ERROR] LogOutputStream:75 - [STDERR_REDIRECT] 
2026-09-15 04:02:29,902 [ERROR] LogOutputStream:75 - [STDERR_REDIRECT] [Fatal Error] :1:1: Premature end of file.
2026-09-15 04:02:29,903 [ERROR] LogOutputStream:75 - [STDERR_REDIRECT] 
2026-09-15 04:02:29,950 [ERROR] LogOutputStream:75 - [STDERR_REDIRECT] [Fatal Error] :1:1: Premature end of file.
2026-09-15 04:02:29,950 [ERROR] LogOutputStream:75 - [STDERR_REDIRECT] 
2026-09-15 04:02:29,998 [ERROR] LogOutputStream:75 - [STDERR_REDIRECT] [Fatal Error] :1:1: Premature end of file.
2026-09-15 04:02:29,999 [ERROR] LogOutputStream:75 - [STDERR_REDIRECT] 
2026-09-15 04:02:30,056 [ERROR] LogOutputStream:75 - [STDERR_REDIRECT] [Fatal Error] :1:1: Premature end of file.
2026-09-15 04:02:30,056 [ERROR] LogOutputStream:75 - [STDERR_REDIRECT] 
2026-09-15 04:02:30,108 [ERROR] LogOutputStream:75 - [STDERR_REDIRECT] [Fatal Error] :1:1: Premature end of file.
2026-09-15 04:02:30,109 [ERROR] LogOutputStream:75 - [STDERR_REDIRECT] 
2026-09-15 04:02:30,161 [ERROR] LogOutputStream:75 - [STDERR_REDIRECT] [Fatal Error] :1:1: Premature end of file.
2026-09-15 04:02:30,161 [ERROR] LogOutputStream:75 - [STDERR_REDIRECT] 
2026-09-15 04:02:30,210 [ERROR] LogOutputStream:75 - [STDERR_REDIRECT] [Fatal Error] :1:1: Premature end of file.
2026-09-15 04:02:30,210 [ERROR] LogOutputStream:75 - [STDERR_REDIRECT] 
2026-09-15 04:02:30,259 [ERROR] LogOutputStream:75 - [STDERR_REDIRECT] [Fatal Error] :1:1: Premature end of file.
2026-09-15 04:02:30,259 [ERROR] LogOutputStream:75 - [STDERR_REDIRECT] 
2026-09-15 04:02:30,309 [ERROR] LogOutputStream:75 - [STDERR_REDIRECT] [Fatal Error] :1:1: Premature end of file.
2026-09-15 04:02:30,309 [ERROR] LogOutputStream:75 - [STDERR_REDIRECT] 
2026-09-15 04:02:30,359 [ERROR] LogOutputStream:75 - [STDERR_REDIRECT] [Fatal Error] :1:1: Premature end of file.
2026-09-15 04:02:30,359 [ERROR] LogOutputStream:75 - [STDERR_REDIRECT] 
2026-09-15 04:02:30,411 [ERROR] LogOutputStream:75 - [STDERR_REDIRECT] [Fatal Error] :1:1: Premature end of file.
2026-09-15 04:02:30,411 [ERROR] LogOutputStream:75 - [STDERR_REDIRECT] 
2026-09-15 04:02:30,468 [ERROR] LogOutputStream:75 - [STDERR_REDIRECT] [Fatal Error] :1:1: Premature end of file.
2026-09-15 04:02:30,469 [ERROR] LogOutputStream:75 - [STDERR_REDIRECT] 
2026-09-15 04:02:30,542 [ERROR] LogOutputStream:75 - [STDERR_REDIRECT] [Fatal Error] :1:1: Premature end of file.
2026-09-15 04:02:30,543 [ERROR] LogOutputStream:75 - [STDERR_REDIRECT] 
2026-09-15 04:02:30,609 [ERROR] LogOutputStream:75 - [STDERR_REDIRECT] [Fatal Error] :1:1: Premature end of file.
2026-09-15 04:02:30,609 [ERROR] LogOutputStream:75 - [STDERR_REDIRECT] 
2026-09-15 04:02:30,688 [ERROR] LogOutputStream:75 - [STDERR_REDIRECT] [Fatal Error] :1:1: Premature end of file.
2026-09-15 04:02:30,688 [ERROR] LogOutputStream:75 - [STDERR_REDIRECT] 
2026-09-15 04:02:30,761 [ERROR] LogOutputStream:75 - [STDERR_REDIRECT] [Fatal Error] :1:1: Premature end of file.
2026-09-15 04:02:30,761 [ERROR] LogOutputStream:75 - [STDERR_REDIRECT] 
2026-09-15 04:02:30,825 [ERROR] LogOutputStream:75 - [STDERR_REDIRECT] [Fatal Error] :1:1: Premature end of file.
2026-09-15 04:02:30,825 [ERROR] LogOutputStream:75 - [STDERR_REDIRECT] 
2026-09-15 04:02:30,887 [ERROR] LogOutputStream:75 - [STDERR_REDIRECT] [Fatal Error] :1:1: Premature end of file.
2026-09-15 04:02:30,887 [ERROR] LogOutputStream:75 - [STDERR_REDIRECT] 
2026-09-15 04:02:30,954 [ERROR] LogOutputStream:75 - [STDERR_REDIRECT] [Fatal Error] :1:1: Premature end of file.
2026-09-15 04:02:30,955 [ERROR] LogOutputStream:75 - [STDERR_REDIRECT] 
2026-09-15 04:02:31,014 [ERROR] LogOutputStream:75 - [STDERR_REDIRECT] [Fatal Error] :1:1: Premature end of file.
2026-09-15 04:02:31,014 [ERROR] LogOutputStream:75 - [STDERR_REDIRECT] 
2026-09-15 04:02:31,070 [ERROR] LogOutputStream:75 - [STDERR_REDIRECT] [Fatal Error] :1:1: Premature end of file.
2026-09-15 04:02:31,071 [ERROR] LogOutputStream:75 - [STDERR_REDIRECT] 
2026-09-15 04:02:31,133 [ERROR] LogOutputStream:75 - [STDERR_REDIRECT] [Fatal Error] :1:1: Premature end of file.
2026-09-15 04:02:31,133 [ERROR] LogOutputStream:75 - [STDERR_REDIRECT] 
2026-09-15 04:02:31,264 [ERROR] LogOutputStream:75 - [STDERR_REDIRECT] 
