2025-12-28 13:36:37,524 [INFO] Activator:176 - 


2025-12-28 13:36:37,547 [INFO] Activator:177 - !SESSION log4j initialized
2025-12-28 13:36:50,890 [INFO] LogOutputStream:77 - [STDOUT_REDIRECT] 
2025-12-28 13:36:54,039 [INFO] ApplicationProperties:184 - Using Application install path: D:\Documentos\Electronica\Nueva carpeta\STM32CubeIDE_1.15.0\STM32CubeIDE\plugins\com.st.stm32cube.common.mx_6.11.0.202403141607
2025-12-28 13:36:54,091 [INFO] DbMcusXml:78 - Set database path to: D:\Documentos\Electronica\Nueva carpeta\STM32CubeIDE_1.15.0\STM32CubeIDE\plugins\com.st.stm32cube.common.mx_6.11.0.202403141607\\db\/mcu/
2025-12-28 13:36:54,095 [INFO] ApiDb:274 - Set plugin database path to: D:\Documentos\Electronica\Nueva carpeta\STM32CubeIDE_1.15.0\STM32CubeIDE\plugins\com.st.stm32cube.common.mx_6.11.0.202403141607\\db\/plugins/boardmanager/
2025-12-28 13:36:54,095 [WARN] ApiDb:259 - Overriding images path with different value:  => D:\Documentos\Electronica\Nueva carpeta\STM32CubeIDE_1.15.0\STM32CubeIDE\plugins\com.st.stm32cube.common.mx_6.11.0.202403141607\\db\/plugins/mcufinder/images/
2025-12-28 13:36:54,190 [INFO] ApiDb:250 - Set database path to: C:\Users\USER\.stmcufinder\plugins\mcufinder//mcu/
2025-12-28 13:36:54,191 [INFO] DbMcusAds:125 - Set database path to: C:\Users\USER\.stmcufinder\plugins\mcufinder//mcu/
2025-12-28 13:36:54,193 [INFO] CrossReferenceDbSqlite:203 - Set database path to: C:\Users\USER\.stmcufinder\plugins\mcufinder//mcu/cs/
2025-12-28 13:36:54,396 [INFO] RulesReader:64 - Compatibility file has been processed (297 Rules)
2025-12-28 13:36:54,757 [INFO] DbMcusXml:78 - Set database path to: D:\Documentos\Electronica\Nueva carpeta\STM32CubeIDE_1.15.0\STM32CubeIDE\plugins\com.st.stm32cube.common.mx_6.11.0.202403141607\\db\/mcu/
2025-12-28 13:36:54,758 [INFO] ApiDb:274 - Set plugin database path to: D:\Documentos\Electronica\Nueva carpeta\STM32CubeIDE_1.15.0\STM32CubeIDE\plugins\com.st.stm32cube.common.mx_6.11.0.202403141607\\db\/plugins/boardmanager/
2025-12-28 13:36:54,758 [INFO] ApiDb:261 - Set plugin images path to: D:\Documentos\Electronica\Nueva carpeta\STM32CubeIDE_1.15.0\STM32CubeIDE\plugins\com.st.stm32cube.common.mx_6.11.0.202403141607\\db\/plugins/mcufinder/images/
2025-12-28 13:36:54,758 [WARN] DbFile:41 - Overriding database path with different value: C:\Users\USER\.stmcufinder\plugins\mcufinder/ => C:\Users\USER\.stmcufinder\plugins\mcufinder
2025-12-28 13:36:54,758 [INFO] ApiDb:250 - Set database path to: C:\Users\USER\.stmcufinder\plugins\mcufinder//mcu/
2025-12-28 13:36:54,758 [WARN] DbFile:41 - Overriding database path with different value: C:\Users\USER\.stmcufinder\plugins\mcufinder/ => C:\Users\USER\.stmcufinder\plugins\mcufinder
2025-12-28 13:36:54,758 [INFO] DbMcusAds:125 - Set database path to: C:\Users\USER\.stmcufinder\plugins\mcufinder//mcu/
2025-12-28 13:36:54,758 [WARN] DbFile:41 - Overriding database path with different value: C:\Users\USER\.stmcufinder\plugins\mcufinder/ => C:\Users\USER\.stmcufinder\plugins\mcufinder
2025-12-28 13:36:54,758 [WARN] DbFile:41 - Overriding database path with different value: C:\Users\USER\.stmcufinder\plugins\mcufinder/ => C:\Users\USER\.stmcufinder\plugins\mcufinder
2025-12-28 13:36:54,758 [INFO] CrossReferenceDbSqlite:203 - Set database path to: C:\Users\USER\.stmcufinder\plugins\mcufinder//mcu/cs/
2025-12-28 13:36:55,155 [INFO] MainPanel:264 - HeapMemory: 268435456
2025-12-28 13:36:55,635 [INFO] DbMcusXml:78 - Set database path to: D:\Documentos\Electronica\Nueva carpeta\STM32CubeIDE_1.15.0\STM32CubeIDE\plugins\com.st.stm32cube.common.mx_6.11.0.202403141607\\db\/mcu/
2025-12-28 13:36:55,635 [INFO] ApiDb:274 - Set plugin database path to: D:\Documentos\Electronica\Nueva carpeta\STM32CubeIDE_1.15.0\STM32CubeIDE\plugins\com.st.stm32cube.common.mx_6.11.0.202403141607\\db\/plugins/boardmanager/
2025-12-28 13:36:55,635 [INFO] ApiDb:261 - Set plugin images path to: D:\Documentos\Electronica\Nueva carpeta\STM32CubeIDE_1.15.0\STM32CubeIDE\plugins\com.st.stm32cube.common.mx_6.11.0.202403141607\\db\/plugins/mcufinder/images/
2025-12-28 13:36:55,635 [WARN] DbFile:41 - Overriding database path with different value: C:\Users\USER\.stmcufinder\plugins\mcufinder/ => C:\Users\USER\.stmcufinder\plugins\mcufinder
2025-12-28 13:36:55,636 [INFO] ApiDb:250 - Set database path to: C:\Users\USER\.stmcufinder\plugins\mcufinder//mcu/
2025-12-28 13:36:55,636 [WARN] DbFile:41 - Overriding database path with different value: C:\Users\USER\.stmcufinder\plugins\mcufinder/ => C:\Users\USER\.stmcufinder\plugins\mcufinder
2025-12-28 13:36:55,636 [INFO] DbMcusAds:125 - Set database path to: C:\Users\USER\.stmcufinder\plugins\mcufinder//mcu/
2025-12-28 13:36:55,636 [WARN] DbFile:41 - Overriding database path with different value: C:\Users\USER\.stmcufinder\plugins\mcufinder/ => C:\Users\USER\.stmcufinder\plugins\mcufinder
2025-12-28 13:36:55,636 [WARN] DbFile:41 - Overriding database path with different value: C:\Users\USER\.stmcufinder\plugins\mcufinder/ => C:\Users\USER\.stmcufinder\plugins\mcufinder
2025-12-28 13:36:55,636 [INFO] CrossReferenceDbSqlite:203 - Set database path to: C:\Users\USER\.stmcufinder\plugins\mcufinder//mcu/cs/
2025-12-28 13:36:55,717 [INFO] ApplicationProperties:184 - Using Application install path: D:\Documentos\Electronica\Nueva carpeta\STM32CubeIDE_1.15.0\STM32CubeIDE\plugins\com.st.stm32cube.common.mx_6.11.0.202403141607
2025-12-28 13:36:55,730 [INFO] PluginManage:196 - Search for loadable plugins [exclusion list=, ]
2025-12-28 13:36:55,734 [INFO] PluginManage:310 - Check plugin analytics
2025-12-28 13:36:56,015 [INFO] AnalyticsPlugin:253 - Accepted Software Licenses: 
2025-12-28 13:36:56,018 [INFO] AnalyticsPlugin:255 - Accepted CMSIS Pack Licenses: 
2025-12-28 13:36:56,018 [INFO] AnalyticsPlugin:257 - Accepted Firmware Licenses: FW.F7.1.17.0,FW.H7.1.11.0,FW.F4.1.28.0
2025-12-28 13:36:56,020 [INFO] PluginManage:359 - Loaded plugin analytics (category:tool,tabindex:-1)
2025-12-28 13:36:56,021 [INFO] PluginManage:310 - Check plugin cadmodel
2025-12-28 13:36:56,077 [INFO] CADModel:105 - Init CAD model plugin
2025-12-28 13:36:56,077 [INFO] PluginManage:359 - Loaded plugin cadmodel (category:power,tabindex:5)
2025-12-28 13:36:56,077 [INFO] PluginManage:310 - Check plugin clock
2025-12-28 13:36:56,135 [INFO] PluginManage:359 - Loaded plugin clock (category:base,tabindex:2)
2025-12-28 13:36:56,135 [INFO] PluginManage:310 - Check plugin ddr
2025-12-28 13:36:56,149 [INFO] PluginManage:359 - Loaded plugin ddr (category:tool,tabindex:6)
2025-12-28 13:36:56,149 [INFO] PluginManage:310 - Check plugin filemanager
2025-12-28 13:36:56,575 [INFO] PluginManage:359 - Loaded plugin filemanager (category:base,tabindex:10)
2025-12-28 13:36:56,575 [INFO] PluginManage:310 - Check plugin ipmanager
2025-12-28 13:36:56,601 [INFO] PluginManage:359 - Loaded plugin ipmanager (category:base,tabindex:5)
2025-12-28 13:36:56,601 [INFO] PluginManage:310 - Check plugin lpbam
2025-12-28 13:36:56,649 [INFO] PluginManage:359 - Loaded plugin lpbam (category:base,tabindex:0)
2025-12-28 13:36:56,650 [INFO] PluginManage:310 - Check plugin memorymap
2025-12-28 13:36:56,716 [INFO] PluginManage:359 - Loaded plugin memorymap (category:base,tabindex:4)
2025-12-28 13:36:56,716 [INFO] PluginManage:310 - Check plugin pinoutandconfiguration
2025-12-28 13:36:56,748 [INFO] PluginManage:359 - Loaded plugin pinoutandconfiguration (category:base,tabindex:1)
2025-12-28 13:36:56,748 [INFO] PluginManage:310 - Check plugin pinoutconfig
2025-12-28 13:36:56,908 [WARN] SupportedApi:132 - Cannot load RTOS API schema: s4s-elt-must-match.1: The content of 'definitions' must match (annotation?, (simpleType | complexType)?, (unique | key | keyref)*)). A problem was found starting at: attribute.
2025-12-28 13:36:57,081 [INFO] PluginManage:359 - Loaded plugin pinoutconfig (category:base,tabindex:0)
2025-12-28 13:36:57,081 [INFO] PluginManage:310 - Check plugin power
2025-12-28 13:36:57,170 [INFO] PluginManage:359 - Loaded plugin power (category:power,tabindex:4)
2025-12-28 13:36:57,171 [INFO] PluginManage:310 - Check plugin projectmanager
2025-12-28 13:36:57,206 [INFO] PluginManage:359 - Loaded plugin projectmanager (category:projectmanager,tabindex:3)
2025-12-28 13:36:57,207 [INFO] PluginManage:310 - Check plugin thirdparty
2025-12-28 13:36:57,781 [INFO] PluginManage:359 - Loaded plugin thirdparty (category:base,tabindex:-1)
2025-12-28 13:36:57,781 [INFO] PluginManage:310 - Check plugin tools
2025-12-28 13:36:57,781 [WARN] IntegrityCheckThread:84 - waiting for thirdparty lock release [integrity check]
2025-12-28 13:36:57,781 [INFO] IntegrityCheckThread:86 - entering critical section [integrity check]
2025-12-28 13:36:57,782 [INFO] ThirdPartyUpdaterWithRetryManager:70 - Updater plugin not ready yet. [1/15]
2025-12-28 13:36:57,843 [INFO] PluginManage:359 - Loaded plugin tools (category:base,tabindex:7)
2025-12-28 13:36:57,844 [INFO] PluginManage:310 - Check plugin tutovideos
2025-12-28 13:36:58,131 [INFO] PluginManage:359 - Loaded plugin tutovideos (category:base,tabindex:-1)
2025-12-28 13:36:58,131 [INFO] PluginManage:310 - Check plugin updater
2025-12-28 13:36:58,162 [INFO] PluginManage:359 - Loaded plugin updater (category:base,tabindex:12)
2025-12-28 13:36:58,162 [INFO] PluginManage:310 - Check plugin userauth
2025-12-28 13:36:58,203 [INFO] UserAuth:114 - Init User Auth plugin
2025-12-28 13:36:58,204 [INFO] PluginManage:359 - Loaded plugin userauth (category:base,tabindex:14)
2025-12-28 13:36:58,204 [INFO] PluginManage:283 - PluginManage : Loaded plugins [17]
2025-12-28 13:36:59,021 [INFO] PinOutPanel:1561 - setPackage(No Configuration,No Configuration)
2025-12-28 13:36:59,293 [INFO] CADModel:165 - CPN selected for project level
2025-12-28 13:36:59,294 [INFO] CADModel:114 - Register for checkConnection events
2025-12-28 13:36:59,376 [INFO] IPUIPlugin:80 - create IPUIPlugin
2025-12-28 13:36:59,376 [INFO] PluginManager:220 - loadIPPluginJar : add adc
2025-12-28 13:36:59,436 [INFO] IPUIPlugin:80 - create IPUIPlugin
2025-12-28 13:36:59,436 [INFO] PluginManager:220 - loadIPPluginJar : add aes
2025-12-28 13:36:59,515 [INFO] IPUIPlugin:80 - create IPUIPlugin
2025-12-28 13:36:59,515 [INFO] PluginManager:220 - loadIPPluginJar : add can
2025-12-28 13:36:59,553 [INFO] IPUIPlugin:80 - create IPUIPlugin
2025-12-28 13:36:59,553 [INFO] PluginManager:220 - loadIPPluginJar : add comp
2025-12-28 13:36:59,599 [INFO] IPUIPlugin:80 - create IPUIPlugin
2025-12-28 13:36:59,599 [INFO] PluginManager:220 - loadIPPluginJar : add cryp
2025-12-28 13:36:59,640 [INFO] IPUIPlugin:80 - create IPUIPlugin
2025-12-28 13:36:59,640 [INFO] PluginManager:220 - loadIPPluginJar : add dfsdm
2025-12-28 13:36:59,665 [INFO] IPUIPlugin:80 - create IPUIPlugin
2025-12-28 13:36:59,666 [INFO] PluginManager:220 - loadIPPluginJar : add dma
2025-12-28 13:36:59,731 [INFO] IPUIPlugin:80 - create IPUIPlugin
2025-12-28 13:36:59,731 [INFO] PluginManager:220 - loadIPPluginJar : add dma3
2025-12-28 13:36:59,788 [INFO] IPUIPlugin:80 - create IPUIPlugin
2025-12-28 13:36:59,788 [INFO] PluginManager:220 - loadIPPluginJar : add extmemmanager
2025-12-28 13:36:59,827 [INFO] IPUIPlugin:80 - create IPUIPlugin
2025-12-28 13:36:59,827 [INFO] PluginManager:220 - loadIPPluginJar : add fatfs
2025-12-28 13:36:59,888 [INFO] IPUIPlugin:80 - create IPUIPlugin
2025-12-28 13:36:59,888 [INFO] PluginManager:220 - loadIPPluginJar : add fmc
2025-12-28 13:36:59,916 [INFO] IPUIPlugin:80 - create IPUIPlugin
2025-12-28 13:36:59,916 [INFO] PluginManager:220 - loadIPPluginJar : add freertos
2025-12-28 13:36:59,953 [INFO] IPUIPlugin:80 - create IPUIPlugin
2025-12-28 13:36:59,953 [INFO] PluginManager:220 - loadIPPluginJar : add genericplugin
2025-12-28 13:37:00,092 [INFO] IPUIPlugin:80 - create IPUIPlugin
2025-12-28 13:37:00,092 [INFO] PluginManager:220 - loadIPPluginJar : add gfxmmu
2025-12-28 13:37:00,311 [INFO] IPUIPlugin:80 - create IPUIPlugin
2025-12-28 13:37:00,311 [INFO] PluginManager:220 - loadIPPluginJar : add gic
2025-12-28 13:37:00,360 [INFO] IPUIPlugin:80 - create IPUIPlugin
2025-12-28 13:37:00,360 [INFO] PluginManager:220 - loadIPPluginJar : add gpio
2025-12-28 13:37:00,476 [INFO] IPUIPlugin:80 - create IPUIPlugin
2025-12-28 13:37:00,476 [INFO] PluginManager:220 - loadIPPluginJar : add gtzc
2025-12-28 13:37:00,552 [INFO] IPUIPlugin:80 - create IPUIPlugin
2025-12-28 13:37:00,552 [INFO] PluginManager:220 - loadIPPluginJar : add hash
2025-12-28 13:37:00,629 [INFO] IPUIPlugin:80 - create IPUIPlugin
2025-12-28 13:37:00,630 [INFO] PluginManager:220 - loadIPPluginJar : add i2c
2025-12-28 13:37:00,681 [INFO] IPUIPlugin:80 - create IPUIPlugin
2025-12-28 13:37:00,681 [INFO] PluginManager:220 - loadIPPluginJar : add i2s
2025-12-28 13:37:00,734 [INFO] IPUIPlugin:80 - create IPUIPlugin
2025-12-28 13:37:00,734 [INFO] PluginManager:220 - loadIPPluginJar : add i3c
2025-12-28 13:37:00,782 [INFO] ThirdPartyUpdaterWithRetryManager:70 - Updater plugin not ready yet. [2/15]
2025-12-28 13:37:00,855 [INFO] IPUIPlugin:80 - create IPUIPlugin
2025-12-28 13:37:00,855 [INFO] PluginManager:220 - loadIPPluginJar : add ipddr
2025-12-28 13:37:01,007 [INFO] IPUIPlugin:80 - create IPUIPlugin
2025-12-28 13:37:01,007 [INFO] PluginManager:220 - loadIPPluginJar : add linkedlist
2025-12-28 13:37:01,054 [INFO] IPUIPlugin:80 - create IPUIPlugin
2025-12-28 13:37:01,054 [INFO] PluginManager:220 - loadIPPluginJar : add lorawan
2025-12-28 13:37:01,105 [INFO] IPUIPlugin:80 - create IPUIPlugin
2025-12-28 13:37:01,105 [INFO] PluginManager:220 - loadIPPluginJar : add ltdc
2025-12-28 13:37:01,133 [INFO] IPUIPlugin:80 - create IPUIPlugin
2025-12-28 13:37:01,133 [INFO] PluginManager:220 - loadIPPluginJar : add mdma
2025-12-28 13:37:01,158 [INFO] IPUIPlugin:80 - create IPUIPlugin
2025-12-28 13:37:01,158 [INFO] PluginManager:220 - loadIPPluginJar : add nvic
2025-12-28 13:37:01,208 [INFO] IPUIPlugin:80 - create IPUIPlugin
2025-12-28 13:37:01,208 [INFO] PluginManager:220 - loadIPPluginJar : add opamp
2025-12-28 13:37:01,291 [INFO] IPUIPlugin:80 - create IPUIPlugin
2025-12-28 13:37:01,292 [INFO] PluginManager:220 - loadIPPluginJar : add openamp
2025-12-28 13:37:01,358 [INFO] IPUIPlugin:80 - create IPUIPlugin
2025-12-28 13:37:01,358 [INFO] PluginManager:220 - loadIPPluginJar : add pdm2pcm
2025-12-28 13:37:01,386 [INFO] IPUIPlugin:80 - create IPUIPlugin
2025-12-28 13:37:01,388 [INFO] PluginManager:220 - loadIPPluginJar : add plateformsettings
2025-12-28 13:37:01,426 [INFO] IPUIPlugin:80 - create IPUIPlugin
2025-12-28 13:37:01,426 [INFO] PluginManager:220 - loadIPPluginJar : add quadspi
2025-12-28 13:37:01,457 [INFO] IPUIPlugin:80 - create IPUIPlugin
2025-12-28 13:37:01,457 [INFO] PluginManager:220 - loadIPPluginJar : add resmgrutility
2025-12-28 13:37:01,525 [INFO] IPUIPlugin:80 - create IPUIPlugin
2025-12-28 13:37:01,525 [INFO] PluginManager:220 - loadIPPluginJar : add sai
2025-12-28 13:37:01,581 [INFO] IPUIPlugin:80 - create IPUIPlugin
2025-12-28 13:37:01,582 [INFO] PluginManager:220 - loadIPPluginJar : add spi
2025-12-28 13:37:01,675 [INFO] IPUIPlugin:80 - create IPUIPlugin
2025-12-28 13:37:01,675 [INFO] PluginManager:220 - loadIPPluginJar : add stm32_wpan
2025-12-28 13:37:01,707 [INFO] IPUIPlugin:80 - create IPUIPlugin
2025-12-28 13:37:01,708 [INFO] PluginManager:220 - loadIPPluginJar : add tim
2025-12-28 13:37:01,785 [INFO] IPUIPlugin:80 - create IPUIPlugin
2025-12-28 13:37:01,785 [INFO] PluginManager:220 - loadIPPluginJar : add touchsensing
2025-12-28 13:37:01,815 [INFO] IPUIPlugin:80 - create IPUIPlugin
2025-12-28 13:37:01,815 [INFO] PluginManager:220 - loadIPPluginJar : add tracer_emb
2025-12-28 13:37:01,849 [INFO] IPUIPlugin:80 - create IPUIPlugin
2025-12-28 13:37:01,849 [INFO] PluginManager:220 - loadIPPluginJar : add ts
2025-12-28 13:37:01,882 [INFO] IPUIPlugin:80 - create IPUIPlugin
2025-12-28 13:37:01,882 [INFO] PluginManager:220 - loadIPPluginJar : add tsc
2025-12-28 13:37:01,911 [INFO] IPUIPlugin:80 - create IPUIPlugin
2025-12-28 13:37:01,912 [INFO] PluginManager:220 - loadIPPluginJar : add ucpd
2025-12-28 13:37:01,967 [INFO] IPUIPlugin:80 - create IPUIPlugin
2025-12-28 13:37:01,967 [INFO] PluginManager:220 - loadIPPluginJar : add usart
2025-12-28 13:37:02,024 [INFO] IPUIPlugin:80 - create IPUIPlugin
2025-12-28 13:37:02,024 [INFO] PluginManager:220 - loadIPPluginJar : add usbx
2025-12-28 13:37:02,212 [INFO] CADModel:165 - CPN selected for project level
2025-12-28 13:37:02,212 [INFO] CADModel:114 - Register for checkConnection events
2025-12-28 13:37:02,212 [FATAL] Updater:308 - Updater called before beeing initialized
2025-12-28 13:37:02,212 [ERROR] CADModel:125 - Updater not yet initialized, retry later 
2025-12-28 13:37:02,697 [INFO] CADModel:165 - CPN selected for project level
2025-12-28 13:37:02,697 [INFO] CADModel:114 - Register for checkConnection events
2025-12-28 13:37:02,697 [FATAL] Updater:308 - Updater called before beeing initialized
2025-12-28 13:37:02,697 [ERROR] CADModel:125 - Updater not yet initialized, retry later 
2025-12-28 13:37:02,708 [FATAL] Updater:308 - Updater called before beeing initialized
2025-12-28 13:37:02,870 [FATAL] Updater:308 - Updater called before beeing initialized
2025-12-28 13:37:02,887 [INFO] DbMcusAds:53 - JSON generation date=Mon Dec 15 17:11:46 CST 2025 (1765840306612)
2025-12-28 13:37:02,888 [FATAL] Updater:308 - Updater called before beeing initialized
2025-12-28 13:37:03,089 [WARN] DetailPanel:346 - Failed to get advertising image, set to default
2025-12-28 13:37:03,189 [FATAL] Updater:308 - Updater called before beeing initialized
2025-12-28 13:37:03,212 [FATAL] Updater:308 - Updater called before beeing initialized
2025-12-28 13:37:03,212 [FATAL] Updater:308 - Updater called before beeing initialized
2025-12-28 13:37:03,212 [WARN] DetailPanel:346 - Failed to get advertising image, set to default
2025-12-28 13:37:03,213 [FATAL] Updater:308 - Updater called before beeing initialized
2025-12-28 13:37:03,363 [ERROR] Updater:1120 - MainUpdater not yet initialized. External WinMGr cannot be set.
2025-12-28 13:37:03,391 [INFO] Updater:1056 - Updater Version found : 6.11.0
2025-12-28 13:37:03,420 [INFO] ApplicationProperties:184 - Using Application install path: D:\Documentos\Electronica\Nueva carpeta\STM32CubeIDE_1.15.0\STM32CubeIDE\plugins\com.st.stm32cube.common.mx_6.11.0.202403141607
2025-12-28 13:37:03,783 [INFO] ThirdPartyUpdaterWithRetryManager:70 - Updater plugin not ready yet. [3/15]
2025-12-28 13:37:05,028 [ERROR] LogOutputStream:75 - [STDERR_REDIRECT] Dec 28, 2025 1:37:05 PM java.util.prefs.WindowsPreferences <init>
2025-12-28 13:37:05,029 [ERROR] LogOutputStream:75 - [STDERR_REDIRECT] WARNING: Could not open/create prefs root node Software\JavaSoft\Prefs at root 0xffffffff80000002. Windows RegCreateKeyEx(...) returned error code 5.
2025-12-28 13:37:05,029 [ERROR] LogOutputStream:75 - [STDERR_REDIRECT] 
2025-12-28 13:37:05,592 [INFO] MainUpdater:2873 - connection check result : 10
2025-12-28 13:37:05,593 [INFO] MainUpdater:290 - Updater Check For Update Now.
2025-12-28 13:37:05,593 [INFO] MicroXplorer:498 - Change Database Version : DB.6.0.110
2025-12-28 13:37:05,639 [INFO] McuFinderGlobals:63 - Set McuFinder mode to 2 (CubeIDE integrated)
2025-12-28 13:37:05,681 [INFO] UserAuth:415 - Internet connection configuration mode: 1
2025-12-28 13:37:05,813 [INFO] JxBrowserEngine:152 - Initiate JxBrowser Engine with user profile folder
2025-12-28 13:37:05,840 [INFO] CheckServerUpdateThread:120 - End of CheckServer Thread
2025-12-28 13:37:07,405 [WARN] PackLoader:240 - Cannot read IP mode file for STMicroelectronics.FP-SNS-MOTENVWB1.1.4.0
2025-12-28 13:37:07,424 [WARN] PackLoader:240 - Cannot read IP mode file for STMicroelectronics.FP-ATR-ASTRA1.2.0.2
2025-12-28 13:37:07,438 [WARN] PackLoader:240 - Cannot read IP mode file for STMicroelectronics.FP-ATR-ASTRA1.2.0.1
2025-12-28 13:37:07,456 [WARN] PackLoader:240 - Cannot read IP mode file for STMicroelectronics.X-CUBE-SMBUS.2.1.0
2025-12-28 13:37:07,473 [WARN] PackLoader:240 - Cannot read IP mode file for STMicroelectronics.X-CUBE-WB05N.1.1.0
2025-12-28 13:37:07,490 [WARN] PackLoader:240 - Cannot read IP mode file for STMicroelectronics.X-CUBE-TOUCHGFX.4.23.2
2025-12-28 13:37:07,528 [WARN] PackLoader:240 - Cannot read IP mode file for STMicroelectronics.X-CUBE-AZRTOS-F7.1.1.0
2025-12-28 13:37:07,593 [WARN] PackLoader:240 - Cannot read IP mode file for STMicroelectronics.X-CUBE-MEMS1.11.0.0
2025-12-28 13:37:07,789 [ERROR] Engine:466 - C:\Users\USER\.stm32cubemx\thirdparties\pdsc\STMicroelectronics.FP-SNS-MOTENV1.5.1.0.pdsc: PDSC version is not supported
2025-12-28 13:37:07,811 [WARN] PackLoader:240 - Cannot read IP mode file for STMicroelectronics.FP-SNS-FLIGHT1.5.0.2
2025-12-28 13:37:07,855 [WARN] PackLoader:240 - Cannot read IP mode file for STMicroelectronics.X-CUBE-AZRTOS-H7.3.4.0
2025-12-28 13:37:07,885 [WARN] PackLoader:240 - Cannot read IP mode file for STMicroelectronics.X-CUBE-DISPLAY.3.0.0
2025-12-28 13:37:07,906 [WARN] PackLoader:240 - Cannot read IP mode file for STMicroelectronics.X-CUBE-BLE1.7.0.0
2025-12-28 13:37:07,928 [WARN] PackLoader:240 - Cannot read IP mode file for STMicroelectronics.X-CUBE-NFC10.1.0.0
2025-12-28 13:37:07,953 [WARN] PackLoader:240 - Cannot read IP mode file for STMicroelectronics.X-CUBE-BLEMGR.4.0.0
2025-12-28 13:37:07,973 [ERROR] Engine:466 - C:\Users\USER\.stm32cubemx\thirdparties\pdsc\STMicroelectronics.X-CUBE-ST60.1.1.0.pdsc: PDSC version is not supported
2025-12-28 13:37:07,993 [WARN] PackLoader:240 - Cannot read IP mode file for emotas.I-CUBE-CANOPEN.1.3.0
2025-12-28 13:37:08,018 [WARN] PackLoader:240 - Cannot read IP mode file for STMicroelectronics.X-CUBE-GNSS1.7.1.0
2025-12-28 13:37:08,045 [WARN] PackLoader:240 - Cannot read IP mode file for STMicroelectronics.X-CUBE-BLEMGR.3.1.0
2025-12-28 13:37:08,076 [WARN] PackLoader:240 - Cannot read IP mode file for STMicroelectronics.X-CUBE-AI.10.0.0
2025-12-28 13:37:08,103 [ERROR] Engine:466 - C:\Users\USER\.stm32cubemx\thirdparties\pdsc\STMicroelectronics.FP-SNS-STBOX1.2.1.0.pdsc: PDSC version is not supported
2025-12-28 13:37:08,133 [WARN] PackLoader:240 - Cannot read IP mode file for STMicroelectronics.FP-SNS-SMARTAG2.1.2.0
2025-12-28 13:37:08,159 [ERROR] Engine:466 - C:\Users\USER\.stm32cubemx\thirdparties\pdsc\STMicroelectronics.FP-SNS-FLIGHT1.5.1.0.pdsc: PDSC version is not supported
2025-12-28 13:37:08,238 [WARN] PackLoader:240 - Cannot read IP mode file for STMicroelectronics.X-CUBE-MEMS1.11.1.0
2025-12-28 13:37:08,369 [INFO] LogOutputStream:77 - [STDOUT_REDIRECT] 1 : Invalid condition id : UX_CORESTACK_Condition cause : null
2025-12-28 13:37:08,370 [INFO] LogOutputStream:77 - [STDOUT_REDIRECT] 1 : Invalid condition id : UX_CORESTACK_Condition cause : null
2025-12-28 13:37:08,373 [INFO] LogOutputStream:77 - [STDOUT_REDIRECT] 1 : Invalid condition id : UX_CORESTACK_Condition cause : null
2025-12-28 13:37:08,374 [INFO] LogOutputStream:77 - [STDOUT_REDIRECT] 1 : Invalid condition id : UX_CORESTACK_Condition cause : null
2025-12-28 13:37:08,376 [INFO] LogOutputStream:77 - [STDOUT_REDIRECT] 1 : Invalid condition id : UX_CORESTACK_Condition cause : null
2025-12-28 13:37:08,379 [WARN] PackLoader:240 - Cannot read IP mode file for STMicroelectronics.X-CUBE-AZRTOS-WL.2.0.0
2025-12-28 13:37:08,411 [WARN] PackLoader:240 - Cannot read IP mode file for STMicroelectronics.FP-SNS-MOTENV1.5.0.0
2025-12-28 13:37:08,462 [WARN] PackLoader:240 - Cannot read IP mode file for STMicroelectronics.X-CUBE-AZRTOS-H7RS.1.2.0
2025-12-28 13:37:08,488 [WARN] PackLoader:240 - Cannot read IP mode file for wolfSSL.I-CUBE-wolfMQTT.1.19.0
2025-12-28 13:37:08,523 [WARN] PackLoader:240 - Cannot read IP mode file for WES.I-CUBE-Cesium.1.3.0
2025-12-28 13:37:08,547 [WARN] PackLoader:240 - Cannot read IP mode file for STMicroelectronics.X-CUBE-BLE2.3.3.0
2025-12-28 13:37:08,565 [ERROR] Engine:466 - C:\Users\USER\.stm32cubemx\thirdparties\pdsc\Avnet-IOTCONNECT.X-CUBE-iotc-st67-sdk.1.0.0.pdsc: PDSC version is not supported
2025-12-28 13:37:08,589 [WARN] PackLoader:240 - Cannot read IP mode file for STMicroelectronics.X-CUBE-NFC9.1.0.0
2025-12-28 13:37:08,611 [WARN] PackLoader:240 - Cannot read IP mode file for STMicroelectronics.X-CUBE-BLE1.7.1.0
2025-12-28 13:37:08,633 [WARN] PackLoader:240 - Cannot read IP mode file for STMicroelectronics.X-CUBE-TCPP.4.1.0
2025-12-28 13:37:08,649 [ERROR] Engine:466 - C:\Users\USER\.stm32cubemx\thirdparties\pdsc\STMicroelectronics.X-CUBE-FREERTOS.1.4.0.pdsc: PDSC version is not supported
2025-12-28 13:37:08,669 [WARN] PackLoader:240 - Cannot read IP mode file for STMicroelectronics.X-CUBE-EEPRMA1.5.2.0
2025-12-28 13:37:08,687 [ERROR] Engine:466 - C:\Users\USER\.stm32cubemx\thirdparties\pdsc\STMicroelectronics.X-CUBE-ST67W61.1.1.0.pdsc: PDSC version is not supported
2025-12-28 13:37:08,737 [WARN] PackLoader:240 - Cannot read IP mode file for STMicroelectronics.X-CUBE-MEMS1.12.0.0
2025-12-28 13:37:08,822 [WARN] PackLoader:240 - Cannot read IP mode file for STMicroelectronics.X-CUBE-ALGOBUILD.1.3.0
2025-12-28 13:37:08,871 [WARN] PackLoader:240 - Cannot read IP mode file for STMicroelectronics.X-CUBE-MEMS1.11.2.0
2025-12-28 13:37:09,004 [WARN] PackLoader:240 - Cannot read IP mode file for STMicroelectronics.X-CUBE-AZRTOS-G0.1.1.0
2025-12-28 13:37:09,025 [WARN] PackLoader:240 - Cannot read IP mode file for STMicroelectronics.X-CUBE-SAFEA1.1.2.2
2025-12-28 13:37:09,044 [WARN] PackLoader:240 - Cannot read IP mode file for STMicroelectronics.X-CUBE-NFC4.3.0.0
2025-12-28 13:37:09,068 [WARN] PackLoader:240 - Cannot read IP mode file for EmbeddedOffice.I-CUBE-FS-RTOS.1.0.1
2025-12-28 13:37:09,068 [ERROR] ConditionMgr:805 - Attr not supported : Dmpu
2025-12-28 13:37:09,069 [ERROR] ConditionMgr:805 - Attr not supported : Dmpu
2025-12-28 13:37:09,069 [ERROR] ConditionMgr:805 - Attr not supported : Dmpu
2025-12-28 13:37:09,070 [ERROR] ConditionMgr:805 - Attr not supported : Dmpu
2025-12-28 13:37:09,070 [ERROR] ConditionMgr:805 - Attr not supported : Dmpu
2025-12-28 13:37:09,070 [ERROR] ConditionMgr:805 - Attr not supported : Dmpu
2025-12-28 13:37:09,070 [ERROR] ConditionMgr:805 - Attr not supported : Dmpu
2025-12-28 13:37:09,070 [ERROR] ConditionMgr:805 - Attr not supported : Dmpu
2025-12-28 13:37:09,070 [ERROR] ConditionMgr:805 - Attr not supported : Dmpu
2025-12-28 13:37:09,070 [ERROR] ConditionMgr:805 - Attr not supported : Dmpu
2025-12-28 13:37:09,070 [ERROR] ConditionMgr:805 - Attr not supported : Dmpu
2025-12-28 13:37:09,070 [ERROR] ConditionMgr:805 - Attr not supported : Dmpu
2025-12-28 13:37:09,071 [ERROR] ConditionMgr:805 - Attr not supported : Dmpu
2025-12-28 13:37:09,071 [ERROR] ConditionMgr:805 - Attr not supported : Dmpu
2025-12-28 13:37:09,071 [ERROR] ConditionMgr:805 - Attr not supported : Dmpu
2025-12-28 13:37:09,071 [ERROR] ConditionMgr:805 - Attr not supported : Dmpu
2025-12-28 13:37:09,071 [ERROR] ConditionMgr:805 - Attr not supported : Dmpu
2025-12-28 13:37:09,071 [ERROR] ConditionMgr:805 - Attr not supported : Dmpu
2025-12-28 13:37:09,071 [ERROR] ConditionMgr:805 - Attr not supported : Dmpu
2025-12-28 13:37:09,071 [ERROR] ConditionMgr:805 - Attr not supported : Dmpu
2025-12-28 13:37:09,071 [ERROR] ConditionMgr:805 - Attr not supported : Dmpu
2025-12-28 13:37:09,071 [ERROR] ConditionMgr:805 - Attr not supported : Dmpu
2025-12-28 13:37:09,071 [ERROR] ConditionMgr:805 - Attr not supported : Dmpu
2025-12-28 13:37:09,071 [ERROR] ConditionMgr:805 - Attr not supported : Dmpu
2025-12-28 13:37:09,071 [ERROR] ConditionMgr:805 - Attr not supported : Dmpu
2025-12-28 13:37:09,071 [ERROR] ConditionMgr:805 - Attr not supported : Dmpu
2025-12-28 13:37:09,071 [ERROR] ConditionMgr:805 - Attr not supported : Dmpu
2025-12-28 13:37:09,071 [ERROR] ConditionMgr:805 - Attr not supported : Dmpu
2025-12-28 13:37:09,071 [ERROR] ConditionMgr:805 - Attr not supported : Dmpu
2025-12-28 13:37:09,072 [ERROR] ConditionMgr:805 - Attr not supported : Dmpu
2025-12-28 13:37:09,072 [ERROR] ConditionMgr:805 - Attr not supported : Dmpu
2025-12-28 13:37:09,072 [ERROR] ConditionMgr:805 - Attr not supported : Dmpu
2025-12-28 13:37:09,072 [ERROR] ConditionMgr:805 - Attr not supported : Dmpu
2025-12-28 13:37:09,072 [ERROR] ConditionMgr:805 - Attr not supported : Dmpu
2025-12-28 13:37:09,072 [ERROR] ConditionMgr:805 - Attr not supported : Dmpu
2025-12-28 13:37:09,072 [ERROR] ConditionMgr:805 - Attr not supported : Dmpu
2025-12-28 13:37:09,072 [ERROR] ConditionMgr:805 - Attr not supported : Dmpu
2025-12-28 13:37:09,072 [ERROR] ConditionMgr:805 - Attr not supported : Dmpu
2025-12-28 13:37:09,072 [ERROR] ConditionMgr:805 - Attr not supported : Dmpu
2025-12-28 13:37:09,072 [ERROR] ConditionMgr:805 - Attr not supported : Dmpu
2025-12-28 13:37:09,072 [ERROR] ConditionMgr:805 - Attr not supported : Dmpu
2025-12-28 13:37:09,072 [ERROR] ConditionMgr:805 - Attr not supported : Dmpu
2025-12-28 13:37:09,072 [ERROR] ConditionMgr:805 - Attr not supported : Dmpu
2025-12-28 13:37:09,072 [ERROR] ConditionMgr:805 - Attr not supported : Dmpu
2025-12-28 13:37:09,073 [ERROR] ConditionMgr:805 - Attr not supported : Dmpu
2025-12-28 13:37:09,073 [ERROR] ConditionMgr:805 - Attr not supported : Dmpu
2025-12-28 13:37:09,073 [ERROR] ConditionMgr:805 - Attr not supported : Dmpu
2025-12-28 13:37:09,073 [ERROR] ConditionMgr:805 - Attr not supported : Dmpu
2025-12-28 13:37:09,073 [ERROR] ConditionMgr:805 - Attr not supported : Dmpu
2025-12-28 13:37:09,073 [ERROR] ConditionMgr:805 - Attr not supported : Dmpu
2025-12-28 13:37:09,073 [ERROR] ConditionMgr:805 - Attr not supported : Dmpu
2025-12-28 13:37:09,073 [ERROR] ConditionMgr:805 - Attr not supported : Dmpu
2025-12-28 13:37:09,073 [ERROR] ConditionMgr:805 - Attr not supported : Dmpu
2025-12-28 13:37:09,073 [ERROR] ConditionMgr:805 - Attr not supported : Dmpu
2025-12-28 13:37:09,073 [ERROR] ConditionMgr:805 - Attr not supported : Dmpu
2025-12-28 13:37:09,073 [ERROR] ConditionMgr:805 - Attr not supported : Dmpu
2025-12-28 13:37:09,073 [ERROR] ConditionMgr:805 - Attr not supported : Dmpu
2025-12-28 13:37:09,073 [ERROR] ConditionMgr:805 - Attr not supported : Dmpu
2025-12-28 13:37:09,073 [ERROR] ConditionMgr:805 - Attr not supported : Dmpu
2025-12-28 13:37:09,073 [ERROR] ConditionMgr:805 - Attr not supported : Dmpu
2025-12-28 13:37:09,073 [ERROR] ConditionMgr:805 - Attr not supported : Dmpu
2025-12-28 13:37:09,074 [ERROR] ConditionMgr:805 - Attr not supported : Dmpu
2025-12-28 13:37:09,074 [ERROR] ConditionMgr:805 - Attr not supported : Dmpu
2025-12-28 13:37:09,074 [ERROR] ConditionMgr:805 - Attr not supported : Dmpu
2025-12-28 13:37:09,094 [WARN] PackLoader:240 - Cannot read IP mode file for STMicroelectronics.X-CUBE-WB05N.2.0.0
2025-12-28 13:37:09,111 [ERROR] Engine:466 - C:\Users\USER\.stm32cubemx\thirdparties\pdsc\STMicroelectronics.X-CUBE-TCPP.4.2.0.pdsc: PDSC version is not supported
2025-12-28 13:37:09,127 [WARN] PackLoader:240 - Cannot read IP mode file for RealThread.X-CUBE-RT-Thread_Nano.4.1.1
2025-12-28 13:37:09,146 [WARN] PackLoader:240 - Cannot read IP mode file for wolfSSL.I-CUBE-wolfSSL.5.7.0
2025-12-28 13:37:09,162 [WARN] PackLoader:240 - Cannot read IP mode file for STMicroelectronics.FP-ATR-SIGFOX1.3.2.0
2025-12-28 13:37:09,178 [WARN] ConditionMgr:438 - getConditionDescription Invalid condition id : Cortex-A Device cause : null
2025-12-28 13:37:09,226 [WARN] ConditionMgr:1039 - genDependencies : Invalid condition id : Cortex-A Device cause : null
2025-12-28 13:37:09,226 [WARN] ConditionMgr:1039 - genDependencies : Invalid condition id : Cortex-A Device cause : null
2025-12-28 13:37:09,226 [WARN] ConditionMgr:1039 - genDependencies : Invalid condition id : Cortex-A Device cause : null
2025-12-28 13:37:09,241 [WARN] PackLoader:240 - Cannot read IP mode file for STMicroelectronics.X-CUBE-EEPRMA1.5.1.0
2025-12-28 13:37:09,260 [WARN] PackLoader:240 - Cannot read IP mode file for ITTIA_DB.I-CUBE-ITTIADB.8.9.0
2025-12-28 13:37:09,276 [WARN] PackLoader:240 - Cannot read IP mode file for STMicroelectronics.X-CUBE-AI.10.2.0
2025-12-28 13:37:09,309 [WARN] PackLoader:240 - Cannot read IP mode file for SEGGER.I-CUBE-embOS.1.3.1
2025-12-28 13:37:09,349 [WARN] PackLoader:240 - Cannot read IP mode file for STMicroelectronics.X-CUBE-ALGOBUILD.1.4.0
2025-12-28 13:37:09,368 [WARN] PackLoader:240 - Cannot read IP mode file for STMicroelectronics.X-CUBE-AI.9.1.0
2025-12-28 13:37:09,384 [WARN] PackLoader:240 - Cannot read IP mode file for STMicroelectronics.X-CUBE-PM33A1.1.0.0
2025-12-28 13:37:09,399 [WARN] PackLoader:240 - Cannot read IP mode file for STMicroelectronics.X-CUBE-GNSS1.6.0.0
2025-12-28 13:37:09,429 [WARN] PackLoader:240 - Cannot read IP mode file for STMicroelectronics.X-CUBE-AZRTOS-F4.1.1.0
2025-12-28 13:37:09,445 [ERROR] Engine:466 - C:\Users\USER\.stm32cubemx\thirdparties\pdsc\Avnet-IotConnect.X-CUBE-IoTC-DA16k-PMOD.1.0.0.pdsc: PDSC version is not supported
2025-12-28 13:37:09,462 [WARN] PackLoader:240 - Cannot read IP mode file for STMicroelectronics.X-CUBE-ISPU.2.1.0
2025-12-28 13:37:09,479 [ERROR] Engine:466 - C:\Users\USER\.stm32cubemx\thirdparties\pdsc\STMicroelectronics.X-CUBE-IPS.3.2.0.pdsc: PDSC version is not supported
2025-12-28 13:37:09,497 [WARN] PackLoader:240 - Cannot read IP mode file for STMicroelectronics.X-CUBE-FREERTOS.1.2.0
2025-12-28 13:37:09,514 [WARN] PackLoader:240 - Cannot read IP mode file for STMicroelectronics.X-CUBE-NFC12.1.0.0
2025-12-28 13:37:09,544 [WARN] PackLoader:240 - Cannot read IP mode file for STMicroelectronics.X-CUBE-AZRTOS-L5.2.0.0
2025-12-28 13:37:09,564 [WARN] PackLoader:240 - Cannot read IP mode file for STMicroelectronics.X-CUBE-NFC6.3.1.0
2025-12-28 13:37:09,584 [WARN] PackLoader:240 - Cannot read IP mode file for STMicroelectronics.X-CUBE-DPower.1.2.0
2025-12-28 13:37:09,597 [WARN] PackLoader:240 - Cannot read IP mode file for STMicroelectronics.X-CUBE-AI.9.0.0
2025-12-28 13:37:09,616 [WARN] PackLoader:240 - Cannot read IP mode file for STMicroelectronics.X-CUBE-FREERTOS.1.3.1
2025-12-28 13:37:09,630 [WARN] PackLoader:240 - Cannot read IP mode file for STMicroelectronics.X-CUBE-FREERTOS.1.3.0
2025-12-28 13:37:09,646 [WARN] PackLoader:240 - Cannot read IP mode file for STMicroelectronics.X-CUBE-NFC7.1.0.1
2025-12-28 13:37:09,664 [WARN] PackLoader:240 - Cannot read IP mode file for STMicroelectronics.X-CUBE-TOUCHGFX.4.26.0
2025-12-28 13:37:09,678 [ERROR] Engine:466 - C:\Users\USER\.stm32cubemx\thirdparties\pdsc\STMicroelectronics.FP-SNS-STAIOTCFT.1.0.0.pdsc: PDSC version is not supported
2025-12-28 13:37:09,694 [WARN] PackLoader:240 - Cannot read IP mode file for STMicroelectronics.X-CUBE-DPower.1.3.0
2025-12-28 13:37:09,725 [WARN] ConditionMgr:438 - getConditionDescription Invalid condition id : LAN8742 Phy interface Condition cause : null
2025-12-28 13:37:09,726 [WARN] PackLoader:240 - Cannot read IP mode file for STMicroelectronics.X-CUBE-AZRTOS-L4.2.0.0
2025-12-28 13:37:09,727 [WARN] ConditionMgr:1039 - genDependencies : Invalid condition id : LAN8742 Phy interface Condition cause : null
2025-12-28 13:37:09,728 [WARN] ConditionMgr:1039 - genDependencies : Invalid condition id : LAN8742 Phy interface Condition cause : null
2025-12-28 13:37:09,728 [WARN] ConditionMgr:1039 - genDependencies : Invalid condition id : LAN8742 Phy interface Condition cause : null
2025-12-28 13:37:09,750 [WARN] PackLoader:240 - Cannot read IP mode file for STMicroelectronics.X-CUBE-SFXS2LP1.4.0.0
2025-12-28 13:37:09,779 [WARN] PackLoader:240 - Cannot read IP mode file for STMicroelectronics.X-CUBE-AZRTOS-H7.3.3.0
2025-12-28 13:37:09,797 [ERROR] Engine:466 - C:\Users\USER\.stm32cubemx\thirdparties\pdsc\STMicroelectronics.X-CUBE-BLEMGR.4.1.0.pdsc: PDSC version is not supported
2025-12-28 13:37:09,818 [WARN] PackLoader:240 - Cannot read IP mode file for STMicroelectronics.X-CUBE-IPS.3.0.0
2025-12-28 13:37:09,844 [WARN] ConditionMgr:438 - getConditionDescription Invalid condition id : UX DEVICE CLASS RTOS Condition cause : null
2025-12-28 13:37:09,845 [WARN] ConditionMgr:438 - getConditionDescription Invalid condition id : UX DEVICE CLASS RTOS Condition cause : null
2025-12-28 13:37:09,846 [WARN] PackLoader:240 - Cannot read IP mode file for STMicroelectronics.X-CUBE-AZRTOS-WB.2.0.0
2025-12-28 13:37:09,847 [WARN] ConditionMgr:1039 - genDependencies : Invalid condition id : UX DEVICE CLASS RTOS Condition cause : null
2025-12-28 13:37:09,847 [WARN] ConditionMgr:1039 - genDependencies : Invalid condition id : UX DEVICE CLASS RTOS Condition cause : null
2025-12-28 13:37:09,847 [WARN] ConditionMgr:1039 - genDependencies : Invalid condition id : UX DEVICE CLASS RTOS Condition cause : null
2025-12-28 13:37:09,847 [WARN] ConditionMgr:1039 - genDependencies : Invalid condition id : UX DEVICE CLASS RTOS Condition cause : null
2025-12-28 13:37:09,847 [WARN] ConditionMgr:1039 - genDependencies : Invalid condition id : UX DEVICE CLASS RTOS Condition cause : null
2025-12-28 13:37:09,864 [WARN] PackLoader:240 - Cannot read IP mode file for STMicroelectronics.X-CUBE-GNSS1.7.0.0
2025-12-28 13:37:09,880 [WARN] PackLoader:240 - Cannot read IP mode file for STMicroelectronics.X-CUBE-GNSS1.7.0.1
2025-12-28 13:37:09,897 [WARN] PackLoader:240 - Cannot read IP mode file for STMicroelectronics.X-CUBE-TOUCHGFX.4.25.0
2025-12-28 13:37:09,915 [WARN] PackLoader:240 - Cannot read IP mode file for STMicroelectronics.FP-SNS-STBOX1.2.0.0
2025-12-28 13:37:09,936 [WARN] PackLoader:240 - Cannot read IP mode file for STMicroelectronics.X-CUBE-SUBG2.5.0.0
2025-12-28 13:37:09,966 [WARN] PackLoader:240 - Cannot read IP mode file for STMicroelectronics.X-CUBE-AZRTOS-H7RS.1.1.0
2025-12-28 13:37:09,986 [WARN] PackLoader:240 - Cannot read IP mode file for Cesanta.I-CUBE-Mongoose.7.13.0
2025-12-28 13:37:10,013 [WARN] PackLoader:240 - Cannot read IP mode file for STMicroelectronics.X-CUBE-AZRTOS-G4.2.0.0
2025-12-28 13:37:10,029 [WARN] PackLoader:240 - Cannot read IP mode file for STMicroelectronics.X-CUBE-NFC7.2.0.0
2025-12-28 13:37:10,045 [WARN] PackLoader:240 - Cannot read IP mode file for STMicroelectronics.X-CUBE-ISPU.2.0.0
2025-12-28 13:37:10,062 [ERROR] Engine:466 - C:\Users\USER\.stm32cubemx\thirdparties\pdsc\STMicroelectronics.X-CUBE-IPS.3.1.0.pdsc: PDSC version is not supported
2025-12-28 13:37:10,080 [WARN] PackLoader:240 - Cannot read IP mode file for STMicroelectronics.X-CUBE-ALS.1.0.2
2025-12-28 13:37:10,124 [WARN] PackLoader:240 - Cannot read IP mode file for STMicroelectronics.X-CUBE-MEMS1.10.0.0
2025-12-28 13:37:10,195 [WARN] PackLoader:240 - Cannot read IP mode file for STMicroelectronics.X-CUBE-FREERTOS.1.1.0
2025-12-28 13:37:10,212 [WARN] PackLoader:240 - Cannot read IP mode file for STMicroelectronics.X-CUBE-TOUCHGFX.4.24.2
2025-12-28 13:37:10,228 [WARN] PackLoader:240 - Cannot read IP mode file for STMicroelectronics.X-CUBE-TOUCHGFX.4.24.1
2025-12-28 13:37:10,246 [WARN] PackLoader:240 - Cannot read IP mode file for STMicroelectronics.X-CUBE-STSE01.1.0.0
2025-12-28 13:37:10,262 [WARN] PackLoader:240 - Cannot read IP mode file for wolfSSL.I-CUBE-wolfTPM.3.4.0
2025-12-28 13:37:10,279 [WARN] PackLoader:240 - Cannot read IP mode file for portGmbH.I-Cube-SoM-uGOAL.1.1.0
2025-12-28 13:37:10,294 [WARN] PackLoader:240 - Cannot read IP mode file for STMicroelectronics.X-CUBE-ALS.1.0.1
2025-12-28 13:37:10,321 [WARN] PackLoader:240 - Cannot read IP mode file for STMicroelectronics.X-CUBE-AZRTOS-H7RS.1.0.0
2025-12-28 13:37:10,337 [WARN] PackLoader:240 - Cannot read IP mode file for STMicroelectronics.FP-ATR-ASTRA1.2.0.0
2025-12-28 13:37:10,357 [WARN] PackLoader:240 - Cannot read IP mode file for STMicroelectronics.X-CUBE-TOF1.3.4.2
2025-12-28 13:37:10,378 [ERROR] Engine:466 - C:\Users\USER\.stm32cubemx\thirdparties\pdsc\STMicroelectronics.X-CUBE-TOF1.3.4.3.pdsc: PDSC version is not supported
2025-12-28 13:37:10,397 [WARN] PackLoader:240 - Cannot read IP mode file for STMicroelectronics.X-CUBE-TOF1.3.4.1
2025-12-28 13:37:10,427 [WARN] PackLoader:240 - Cannot read IP mode file for STMicroelectronics.X-CUBE-AZRTOS-H7.3.2.0
2025-12-28 13:37:10,469 [WARN] PackLoader:240 - Cannot read IP mode file for Infineon.AIROC-Wi-Fi-Bluetooth-STM32.1.6.0
2025-12-28 13:37:10,488 [WARN] PackLoader:240 - Cannot read IP mode file for wolfSSL.I-CUBE-wolfSSH.1.4.17
2025-12-28 13:37:10,488 [INFO] ThirdParty:978 - Integrity check success = true
2025-12-28 13:37:10,489 [INFO] IntegrityCheckThread:100 - exiting critical section [integrity check]
2025-12-28 13:37:10,489 [INFO] IntegrityCheckThread:103 - End integrity checks thread
2025-12-28 13:37:11,693 [INFO] WebApp:161 - Instantiating new browser for Auth
2025-12-28 13:37:12,976 [INFO] WebApp:779 - Register for checkConnection events
2025-12-28 13:37:12,977 [INFO] WebApp:414 - Apply proxy settings
2025-12-28 13:37:12,977 [INFO] WebApp:499 - Chromium requires no authentication
2025-12-28 13:37:12,992 [INFO] WebApp:442 - Direct internet connection detected
2025-12-28 13:37:13,415 [INFO] WebApp:192 - Starting web application
2025-12-28 13:37:13,415 [INFO] WebApp:544 - Web application path used D:\Documentos\Electronica\Nueva carpeta\STM32CubeIDE_1.15.0\STM32CubeIDE\plugins\com.st.stm32cube.common.mx_6.11.0.202403141607\db\plugins\mcufinder\reactClient1\index.html
2025-12-28 13:58:53,740 [INFO] McuFinderGlobals:63 - Set McuFinder mode to 2 (CubeIDE integrated)
2025-12-28 13:58:53,786 [INFO] MainUpdater:2873 - connection check result : 10
2025-12-28 13:58:53,795 [INFO] MainUpdater:2873 - connection check result : 10
2025-12-28 13:58:54,151 [INFO] MicroXplorer:468 - Change Database Path : 
2025-12-28 13:58:54,151 [INFO] MicroXplorer:498 - Change Database Version : DB.6.0.110
2025-12-28 13:58:54,211 [WARN] ThirdParty:871 - waiting for thirdparty lock release [close project]
2025-12-28 13:58:54,211 [INFO] ThirdParty:873 - entering critical section [close project]
2025-12-28 13:58:54,213 [INFO] ThirdParty:883 - exiting critical section [close project]
2025-12-28 13:58:54,214 [INFO] PinOutPanel:1561 - setPackage(No Configuration,No Configuration)
2025-12-28 13:58:54,217 [INFO] UtilMem:75 - Begin LoadConfig() Used Memory: 793120512 Bytes (1073741824)
2025-12-28 13:58:54,219 [INFO] MicroXplorer:468 - Change Database Path : 
2025-12-28 13:58:54,219 [INFO] MicroXplorer:498 - Change Database Version : DB.6.0.110
2025-12-28 13:58:54,219 [INFO] OpenFileManager:312 - Change cursor
2025-12-28 13:58:54,392 [INFO] Mcu:2021 - Initializing MCU STM32F411C(C-E)Ux STM32F411CEUx STM32F411CEU6
2025-12-28 13:58:56,240 [INFO] Context:663 - Trying to add GPIOservice into a context  which must be forbidden
2025-12-28 13:58:56,916 [INFO] RtosManager:555 - Registered RTOS mode: class=CMSIS, group=RTOS, mode=CMSIS_V1, owner=FREERTOS
2025-12-28 13:58:56,916 [INFO] RtosManager:555 - Registered RTOS mode: class=CMSIS, group=RTOS2, mode=CMSIS_V2, owner=FREERTOS
2025-12-28 13:58:56,916 [INFO] RtosManager:555 - Registered RTOS mode: class=RTOS, group=Core, mode=CMSIS_V1, owner=FREERTOS
2025-12-28 13:58:56,916 [INFO] RtosManager:555 - Registered RTOS mode: class=RTOS, group=Core, mode=CMSIS_V2, owner=FREERTOS
2025-12-28 13:58:56,917 [WARN] ModelIntegratedComponent:184 - Missing modes for component STMicroelectronics:FreeRTOS:0.0.1:STMicroelectronics:RTOS:FreeRTOS:Core:::10.2.0:
2025-12-28 13:58:56,928 [WARN] ModelIntegratedComponent:63 - No mode defined for component null
2025-12-28 13:58:56,928 [WARN] ModelIntegratedComponent:63 - No mode defined for component null
2025-12-28 13:58:56,928 [WARN] ModelIntegratedComponent:63 - No mode defined for component null
2025-12-28 13:58:56,928 [WARN] ModelIntegratedComponent:63 - No mode defined for component null
2025-12-28 13:58:56,928 [WARN] ModelIntegratedComponent:63 - No mode defined for component null
2025-12-28 13:58:56,928 [WARN] ModelIntegratedComponent:63 - No mode defined for component null
2025-12-28 13:58:56,928 [WARN] ModelIntegratedComponent:63 - No mode defined for component null
2025-12-28 13:58:56,929 [WARN] ModelIntegratedComponent:63 - No mode defined for component null
2025-12-28 13:58:56,929 [WARN] ModelIntegratedComponent:63 - No mode defined for component null
2025-12-28 13:58:56,929 [WARN] ModelIntegratedComponent:63 - No mode defined for component null
2025-12-28 13:58:56,929 [WARN] ModelIntegratedComponent:63 - No mode defined for component null
2025-12-28 13:58:56,929 [WARN] ModelIntegratedComponent:63 - No mode defined for component null
2025-12-28 13:58:56,929 [WARN] ModelIntegratedComponent:63 - No mode defined for component null
2025-12-28 13:58:56,929 [WARN] ModelIntegratedComponent:63 - No mode defined for component null
2025-12-28 13:58:56,929 [WARN] ModelIntegratedComponent:63 - No mode defined for component null
2025-12-28 13:58:56,929 [WARN] ModelIntegratedComponent:63 - No mode defined for component null
2025-12-28 13:58:56,929 [WARN] ModelIntegratedComponent:63 - No mode defined for component null
2025-12-28 13:58:56,929 [WARN] ModelIntegratedComponent:63 - No mode defined for component null
2025-12-28 13:58:56,929 [WARN] ModelIntegratedComponent:63 - No mode defined for component null
2025-12-28 13:58:56,929 [WARN] ModelIntegratedComponent:63 - No mode defined for component null
2025-12-28 13:58:56,929 [WARN] ModelIntegratedComponent:63 - No mode defined for component null
2025-12-28 13:58:56,929 [WARN] ModelIntegratedComponent:63 - No mode defined for component null
2025-12-28 13:58:56,929 [WARN] ModelIntegratedComponent:63 - No mode defined for component null
2025-12-28 13:58:56,929 [WARN] ModelIntegratedComponent:63 - No mode defined for component null
2025-12-28 13:58:56,929 [WARN] ModelIntegratedComponent:63 - No mode defined for component null
2025-12-28 13:58:56,929 [WARN] ModelIntegratedComponent:63 - No mode defined for component null
2025-12-28 13:58:56,929 [WARN] ModelIntegratedComponent:63 - No mode defined for component null
2025-12-28 13:58:56,929 [WARN] ModelIntegratedComponent:63 - No mode defined for component null
2025-12-28 13:58:56,929 [WARN] ModelIntegratedComponent:63 - No mode defined for component null
2025-12-28 13:58:56,929 [WARN] ModelIntegratedComponent:63 - No mode defined for component null
2025-12-28 13:58:56,929 [WARN] ModelIntegratedComponent:63 - No mode defined for component null
2025-12-28 13:58:56,930 [WARN] ModelIntegratedComponent:63 - No mode defined for component null
2025-12-28 13:58:56,930 [WARN] ModelIntegratedComponent:63 - No mode defined for component null
2025-12-28 13:58:56,930 [WARN] ModelIntegratedComponent:63 - No mode defined for component null
2025-12-28 13:58:57,006 [WARN] ModelIntegratedComponent:182 - Modes not found for component STMicroelectronics:USB_DEVICE:1.0.0:STMicroelectronics:USB::USB Device:Audio HS::1.0:USB_DEVICE_1_0_RESTRICTED_HS
2025-12-28 13:58:57,007 [WARN] ModelIntegratedComponent:188 - Modes not found for component STMicroelectronics:USB_DEVICE:1.0.0:STMicroelectronics:USB::USB Device:Audio HS::1.0:USB_DEVICE_1_0_RESTRICTED_HS
2025-12-28 13:58:57,007 [WARN] ModelIntegratedComponent:182 - Modes not found for component STMicroelectronics:USB_DEVICE:1.0.0:STMicroelectronics:USB::USB Device:CDC HS::1.0:USB_DEVICE_1_0_RESTRICTED_HS
2025-12-28 13:58:57,007 [WARN] ModelIntegratedComponent:188 - Modes not found for component STMicroelectronics:USB_DEVICE:1.0.0:STMicroelectronics:USB::USB Device:CDC HS::1.0:USB_DEVICE_1_0_RESTRICTED_HS
2025-12-28 13:58:57,007 [WARN] ModelIntegratedComponent:182 - Modes not found for component STMicroelectronics:USB_DEVICE:1.0.0:STMicroelectronics:USB::USB Device:DFU HS::1.0:USB_DEVICE_1_0_RESTRICTED_HS
2025-12-28 13:58:57,007 [WARN] ModelIntegratedComponent:188 - Modes not found for component STMicroelectronics:USB_DEVICE:1.0.0:STMicroelectronics:USB::USB Device:DFU HS::1.0:USB_DEVICE_1_0_RESTRICTED_HS
2025-12-28 13:58:57,007 [WARN] ModelIntegratedComponent:182 - Modes not found for component STMicroelectronics:USB_DEVICE:1.0.0:STMicroelectronics:USB::USB Device:HID HS::1.0:USB_DEVICE_1_0_RESTRICTED_HS
2025-12-28 13:58:57,007 [WARN] ModelIntegratedComponent:188 - Modes not found for component STMicroelectronics:USB_DEVICE:1.0.0:STMicroelectronics:USB::USB Device:HID HS::1.0:USB_DEVICE_1_0_RESTRICTED_HS
2025-12-28 13:58:57,007 [WARN] ModelIntegratedComponent:182 - Modes not found for component STMicroelectronics:USB_DEVICE:1.0.0:STMicroelectronics:USB::USB Device:Custom HID HS::1.0:USB_DEVICE_1_0_RESTRICTED_HS
2025-12-28 13:58:57,007 [WARN] ModelIntegratedComponent:188 - Modes not found for component STMicroelectronics:USB_DEVICE:1.0.0:STMicroelectronics:USB::USB Device:Custom HID HS::1.0:USB_DEVICE_1_0_RESTRICTED_HS
2025-12-28 13:58:57,007 [WARN] ModelIntegratedComponent:182 - Modes not found for component STMicroelectronics:USB_DEVICE:1.0.0:STMicroelectronics:USB::USB Device:MSC HS::1.0:USB_DEVICE_1_0_RESTRICTED_HS
2025-12-28 13:58:57,007 [WARN] ModelIntegratedComponent:188 - Modes not found for component STMicroelectronics:USB_DEVICE:1.0.0:STMicroelectronics:USB::USB Device:MSC HS::1.0:USB_DEVICE_1_0_RESTRICTED_HS
2025-12-28 13:58:57,102 [WARN] ModelIntegratedComponent:182 - Modes not found for component STMicroelectronics:USB_HOST:1.0.0:STMicroelectronics:USB::USB Host:Audio HS::1.0:USB_HOST_1_0_RESTRICTED_HS
2025-12-28 13:58:57,102 [WARN] ModelIntegratedComponent:188 - Modes not found for component STMicroelectronics:USB_HOST:1.0.0:STMicroelectronics:USB::USB Host:Audio HS::1.0:USB_HOST_1_0_RESTRICTED_HS
2025-12-28 13:58:57,102 [WARN] ModelIntegratedComponent:182 - Modes not found for component STMicroelectronics:USB_HOST:1.0.0:STMicroelectronics:USB::USB Host:CDC HS::1.0:USB_HOST_1_0_RESTRICTED_HS
2025-12-28 13:58:57,102 [WARN] ModelIntegratedComponent:188 - Modes not found for component STMicroelectronics:USB_HOST:1.0.0:STMicroelectronics:USB::USB Host:CDC HS::1.0:USB_HOST_1_0_RESTRICTED_HS
2025-12-28 13:58:57,102 [WARN] ModelIntegratedComponent:182 - Modes not found for component STMicroelectronics:USB_HOST:1.0.0:STMicroelectronics:USB::USB Host:MSC HS::1.0:USB_HOST_1_0_RESTRICTED_HS
2025-12-28 13:58:57,102 [WARN] ModelIntegratedComponent:188 - Modes not found for component STMicroelectronics:USB_HOST:1.0.0:STMicroelectronics:USB::USB Host:MSC HS::1.0:USB_HOST_1_0_RESTRICTED_HS
2025-12-28 13:58:57,102 [WARN] ModelIntegratedComponent:182 - Modes not found for component STMicroelectronics:USB_HOST:1.0.0:STMicroelectronics:USB::USB Host:HID HS::1.0:USB_HOST_1_0_RESTRICTED_HS
2025-12-28 13:58:57,102 [WARN] ModelIntegratedComponent:188 - Modes not found for component STMicroelectronics:USB_HOST:1.0.0:STMicroelectronics:USB::USB Host:HID HS::1.0:USB_HOST_1_0_RESTRICTED_HS
2025-12-28 13:58:57,102 [WARN] ModelIntegratedComponent:182 - Modes not found for component STMicroelectronics:USB_HOST:1.0.0:STMicroelectronics:USB::USB Host:MTP HS::1.0:USB_HOST_1_0_RESTRICTED_HS
2025-12-28 13:58:57,102 [WARN] ModelIntegratedComponent:188 - Modes not found for component STMicroelectronics:USB_HOST:1.0.0:STMicroelectronics:USB::USB Host:MTP HS::1.0:USB_HOST_1_0_RESTRICTED_HS
2025-12-28 13:58:57,198 [INFO] ThirdPartyModel:298 - Start build external matchings
2025-12-28 13:58:58,519 [INFO] ThirdPartyModel:316 - End build external matchings
2025-12-28 13:58:58,560 [INFO] ImportTextPane:194 - (OptionalMessage_ERROR) IP (RCC) : Parameter (RTCHSEDivFreq_Value) has invalid value (12500000)
2025-12-28 13:58:59,105 [INFO] ApiDb:581 - Connected to CubeFinder SQLite database (C:\Users\USER\.stmcufinder\plugins\mcufinder\mcu\cube-finder-db.db)
2025-12-28 13:58:59,213 [INFO] ApiDb:668 - CubeFinder database Data Model version=2.1
2025-12-28 13:58:59,213 [INFO] ApiDb:669 - CubeFinder database Configuration version=3.0.39
2025-12-28 13:58:59,214 [INFO] ApiDb:670 - CubeFinder database generation date=2025-11-05 (1762334721)
2025-12-28 13:58:59,215 [INFO] ApiDb:671 - CubeFinder database FW Pack versions=[FP-ATR-ASTRA1_V2.0.0, FP-SNS-FLIGHT1_V5.1.0, FP-SNS-MOTENV1_V5.1.0, FP-SNS-MOTENVWB1_V1.4.0, FP-SNS-SMARTAG2_V1.2.0, FP-SNS-STBOX1_V2.1.0, STM32Cube_FW_C0_V1.4.0, STM32Cube_FW_F4_V1.28.3, STM32Cube_FW_F7_V1.17.4, STM32Cube_FW_G0_V1.6.2, STM32Cube_FW_G4_V1.6.1, STM32Cube_FW_H5_V1.5.1, STM32Cube_FW_H7RS_V1.3.0, STM32Cube_FW_H7_V1.12.1, STM32Cube_FW_L0_V1.12.2, STM32Cube_FW_L4_V1.18.1, STM32Cube_FW_L5_V1.6.0, STM32Cube_FW_N6_V1.3.0, STM32Cube_FW_U0_V1.3.0, STM32Cube_FW_U3_V1.2.1, STM32Cube_FW_U5_V1.8.0, STM32Cube_FW_WB0_V1.4.0, STM32Cube_FW_WBA_V1.8.0, STM32Cube_FW_WB_V1.24.0, STM32Cube_FW_WL3_V1.3.0, STM32Cube_FW_WL_V1.4.0, X-CUBE-ALGOBUILD_V1.4.0, X-CUBE-ALS_V1.0.2, X-CUBE-AZRTOS-F4_V1.1.0, X-CUBE-AZRTOS-F7_V1.1.0, X-CUBE-AZRTOS-G0_V1.1.0, X-CUBE-AZRTOS-G4_V2.0.0, X-CUBE-AZRTOS-H7RS_V1.1.0, X-CUBE-AZRTOS-H7_V3.4.0, X-CUBE-AZRTOS-L4_V2.0.0, X-CUBE-AZRTOS-L5_V2.0.0, X-CUBE-AZRTOS-WB_V2.0.0, X-CUBE-AZRTOS-WL_V2.0.0, X-CUBE-BLE1_V7.1.0, X-CUBE-BLE2_V3.3.0, X-CUBE-BLEMGR_V4.1.0, X-CUBE-EEPRMA1_V5.2.0, X-CUBE-FREERTOS_V1.3.1, X-CUBE-GNSS1_V6.0.0, X-CUBE-MEMS1_V11.3.0, X-CUBE-NFC4_V3.0.0, X-CUBE-NFC7_V2.0.0, X-CUBE-SFXS2LP1_V4.0.0, X-CUBE-ST67W61_V1.1.0, X-CUBE-SUBG2_V5.0.0, X-CUBE-TOF1_V3.4.3]
2025-12-28 13:58:59,347 [INFO] DbBoardsSqlite:226 - include board P-NUCLEO-WB55-NUCLEO as a kit item of type 'Nucleo-64'
2025-12-28 13:58:59,347 [INFO] DbBoardsSqlite:226 - include board P-NUCLEO-WB55-USBDONGLE as a kit item of type 'Nucleo USB Dongle'
2025-12-28 13:58:59,348 [INFO] DbBoardsSqlite:226 - include board STEVAL-IDP005V1 as a kit item of type 'Evaluation Board'
2025-12-28 13:58:59,349 [INFO] DbBoardsSqlite:226 - include board STEVAL-IDP005V2 as a kit item of type 'Evaluation Board'
2025-12-28 13:58:59,856 [INFO] ApiDb:240 - Found 483 in-development CPN: [B-G473E-ZEST1S, B-WB1M-WPAN1, B-WL5M-SUBG1, NUCLEO-C031C6, NUCLEO-H503RB, NUCLEO-H533RE, NUCLEO-H563ZI, NUCLEO-H7S3L8, NUCLEO-U031R8, NUCLEO-U083RC, NUCLEO-U545RE-Q, NUCLEO-U5A5ZJ-Q, NUCLEO-WBA52CG, NUCLEO-WBA55CG, STEVAL-PROTEUS1, STEVAL-SMARTAG2, STEVAL-STWINBX1, STM320518-EVAL, STM32C0116-DK, STM32C011D6Y3TR, STM32C011D6Y6TR, STM32C011F4P3, STM32C011F4P6, STM32C011F4U3, STM32C011F4U6TR, STM32C011F6P3, STM32C011F6P6, STM32C011F6U3, STM32C011F6U6TR, STM32C011J4M3, STM32C011J4M6, STM32C011J6M3, STM32C011J6M6, STM32C0316-DK, STM32C031C4T3, STM32C031C4T6, STM32C031C4U3, STM32C031C4U6, STM32C031C6T3, STM32C031C6T6, STM32C031C6U3, STM32C031C6U6, STM32C031F4P3, STM32C031F4P6, STM32C031F6P3, STM32C031F6P6, STM32C031G4U3, STM32C031G4U6, STM32C031G6U3, STM32C031G6U6, STM32C031K4T3, STM32C031K4T6, STM32C031K4U3, STM32C031K4U6, STM32C031K6T3, STM32C031K6T6, STM32C031K6U3, STM32C031K6U6, STM32G071K8TXN, STM32G071K8UXN, STM32G081GBU6N, STM32G081KBT6N, STM32G081KBUXN, STM32G0B1CCT6N, STM32G0B1KCT6, STM32G0B1NEY6TR, STM32G0B1RCT6N, STM32G0C1CCT6, STM32G0C1CCT6N, STM32G0C1CCU6N, STM32G0C1CET6N, STM32G0C1CEU6N, STM32G0C1KCT6, STM32G0C1NEY6TR, STM32G0C1RCI6N, STM32G0C1RCT6N, STM32G0C1REI6N, STM32G0C1RET6N, STM32G0C1VCI6, STM32G0C1VEI6, STM32G471CCT6, STM32G471CCU6, STM32G471CET3, STM32G471CET6, STM32G471CEU3, STM32G471CEU6, STM32G471MCT6, STM32G471MET3, STM32G471MET6, STM32G471MEY6TR, STM32G471QCT6, STM32G471QET3, STM32G471RCT6, STM32G471RET3, STM32G471RET6, STM32G471VCH6, STM32G471VCI6, STM32G471VCT6, STM32G471VEH3, STM32G471VEH6, STM32G471VEI3, STM32G471VEI6, STM32G471VET3, STM32G471VET6, STM32G474CCT6, STM32H503CBT6, STM32H503CBU6, STM32H503EBY6TR, STM32H503KBU6, STM32H503RBT6, STM32H523CCT6, STM32H523CCU6, STM32H523CET6, STM32H523CEU6, STM32H523HEY6TR, STM32H523RCT6, STM32H523RET6, STM32H523VCI6, STM32H523VCT6, STM32H523VEI6, STM32H523VET6, STM32H523ZCJ6, STM32H523ZCT6, STM32H523ZEJ6, STM32H523ZET6, STM32H533CET6, STM32H533CEU6, STM32H533HEY6TR, STM32H533RET6, STM32H533VEI6, STM32H533VET6, STM32H533ZEJ6, STM32H533ZET6, STM32H562AGI6, STM32H562AII6, STM32H562IGK6, STM32H562IGT6, STM32H562IIK6, STM32H562IIT6, STM32H562RGT6, STM32H562RGV6, STM32H562RIT6, STM32H562RIV6, STM32H562VGT6, STM32H562VIT6, STM32H562ZGT6, STM32H562ZIT6, STM32H563AGI6, STM32H563AII3Q, STM32H563AII6, STM32H563IGK6, STM32H563IGT6, STM32H563IIK3Q, STM32H563IIK6, STM32H563IIT3Q, STM32H563IIT6, STM32H563MIY3QTR, STM32H563RGT6, STM32H563RGV6, STM32H563RIT6, STM32H563RIV6, STM32H563VGT6, STM32H563VIT3Q, STM32H563VIT6, STM32H563ZGT6, STM32H563ZIT3Q, STM32H563ZIT6, STM32H573AII3Q, STM32H573AII6, STM32H573I-DK, STM32H573IIK3Q, STM32H573IIK6, STM32H573IIT3Q, STM32H573IIT6, STM32H573MIY3QTR, STM32H573RIT6, STM32H573RIV6, STM32H573VIT3Q, STM32H573VIT6, STM32H573ZIT3Q, STM32H573ZIT6, STM32H7R3A8I6, STM32H7R3I8K6, STM32H7R3I8T6, STM32H7R3L8H6, STM32H7R3L8H6H, STM32H7R3R8V6, STM32H7R3V8H6, STM32H7R3V8T6, STM32H7R3V8Y6, STM32H7R3Z8J6, STM32H7R3Z8T6, STM32H7R7A8I6, STM32H7R7I8K6, STM32H7R7I8T6, STM32H7R7L8H6, STM32H7R7L8H6H, STM32H7R7Z8J6, STM32H7S3A8I6, STM32H7S3I8K6, STM32H7S3I8T6, STM32H7S3L8H6, STM32H7S3L8H6H, STM32H7S3R8V6, STM32H7S3V8H6, STM32H7S3V8T6, STM32H7S3V8Y6, STM32H7S3Z8J6, STM32H7S3Z8T6, STM32H7S78-DK, STM32H7S7A8I6, STM32H7S7I8K6, STM32H7S7I8T6, STM32H7S7L8H6, STM32H7S7L8H6H, STM32H7S7Z8J6, STM32L4R5QGI6STR, STM32MP131AAE3, STM32MP131AAF3, STM32MP131AAG3, STM32MP131CAE3, STM32MP131CAF3, STM32MP131CAG3, STM32MP131DAE7, STM32MP131DAF7, STM32MP131DAG7, STM32MP131FAE7, STM32MP131FAF7, STM32MP131FAG7, STM32MP133AAE3, STM32MP133AAF3, STM32MP133AAG3, STM32MP133CAE3, STM32MP133CAF3, STM32MP133CAG3, STM32MP133DAE7, STM32MP133DAF7, STM32MP133DAG7, STM32MP133FAE7, STM32MP133FAF7, STM32MP133FAG7, STM32MP135AAE3, STM32MP135AAF3, STM32MP135AAG3, STM32MP135CAE3, STM32MP135CAF3, STM32MP135CAG3, STM32MP135DAE7, STM32MP135DAF7, STM32MP135DAG7, STM32MP135F-DK, STM32MP135FAE7, STM32MP135FAF7, STM32MP135FAF7T, STM32MP135FAF7U, STM32MP135FAG7, STM32U031C6T6, STM32U031C6U6, STM32U031C8T6, STM32U031C8U6, STM32U031F4P6, STM32U031F6P6, STM32U031F8P6, STM32U031G6Y6TR, STM32U031G8Y6TR, STM32U031K4U6, STM32U031K6U6, STM32U031K8U6, STM32U031R6I6, STM32U031R6T6, STM32U031R8I6, STM32U031R8T6, STM32U073C8T6, STM32U073C8U6, STM32U073CBT6, STM32U073CBU6, STM32U073CCT6, STM32U073CCU6, STM32U073H8Y6TR, STM32U073HBY6TR, STM32U073HCY6TR, STM32U073K8U6, STM32U073KBU6, STM32U073KCU6, STM32U073M8I6, STM32U073M8T6, STM32U073MBI6, STM32U073MBT6, STM32U073MCI6, STM32U073MCT6, STM32U073R8I6, STM32U073R8T6, STM32U073RBI6, STM32U073RBT6, STM32U073RCI6, STM32U073RCT6, STM32U083C-DK, STM32U083CCT6, STM32U083CCU6, STM32U083HCY6TR, STM32U083KCU6, STM32U083MCI6, STM32U083MCT6, STM32U083RCI6, STM32U083RCT6, STM32U535CBT6, STM32U535CBT6Q, STM32U535CBU6, STM32U535CBU6Q, STM32U535CCT6, STM32U535CCT6Q, STM32U535CCU6, STM32U535CCU6Q, STM32U535CET6, STM32U535CET6Q, STM32U535CEU6, STM32U535CEU6Q, STM32U535JEY6QTR, STM32U535NCY6QTR, STM32U535NEY6QTR, STM32U535RBI6, STM32U535RBI6Q, STM32U535RBT6, STM32U535RBT6Q, STM32U535RCI6, STM32U535RCI6Q, STM32U535RCT6, STM32U535RCT6Q, STM32U535REI6, STM32U535REI6Q, STM32U535RET6, STM32U535RET6Q, STM32U535VCI6, STM32U535VCI6Q, STM32U535VCT6, STM32U535VCT6Q, STM32U535VEI6, STM32U535VEI6Q, STM32U535VET6, STM32U535VET6Q, STM32U545CET6, STM32U545CET6Q, STM32U545CEU6, STM32U545CEU6Q, STM32U545JEY6QTR, STM32U545NEY6QTR, STM32U545REI6, STM32U545REI6Q, STM32U545RET6, STM32U545RET6Q, STM32U545VEI6, STM32U545VEI6Q, STM32U545VET6, STM32U545VET6Q, STM32U595AIH6, STM32U595AIH6Q, STM32U595AJH6, STM32U595AJH6Q, STM32U595QII6, STM32U595QII6Q, STM32U595QJI6, STM32U595QJI6Q, STM32U595RIT6, STM32U595RIT6Q, STM32U595RJT6, STM32U595RJT6Q, STM32U595VIT6, STM32U595VIT6Q, STM32U595VJT6, STM32U595VJT6Q, STM32U595ZIT6, STM32U595ZIT6Q, STM32U595ZIY6QTR, STM32U595ZJT6, STM32U595ZJT6Q, STM32U595ZJY6QTR, STM32U599BJY6QTR, STM32U599NIH6Q, STM32U599NJH6Q, STM32U599VIT6Q, STM32U599VJT6, STM32U599VJT6Q, STM32U599ZIT6Q, STM32U599ZIY6QTR, STM32U599ZJT6Q, STM32U599ZJY6QTR, STM32U5A5AJH6, STM32U5A5AJH6Q, STM32U5A5QII3Q , STM32U5A5QJI6, STM32U5A5QJI6Q, STM32U5A5RJT6, STM32U5A5RJT6Q, STM32U5A5VJT6, STM32U5A5VJT6Q, STM32U5A5ZJT6, STM32U5A5ZJT6Q, STM32U5A5ZJY6QTR, STM32U5A9BJY6QTR, STM32U5A9J-DK, STM32U5A9NJH6Q, STM32U5A9VJT6Q, STM32U5A9ZJT6Q, STM32U5A9ZJY6QTR, STM32U5F7VIT6, STM32U5F7VIT6Q, STM32U5F7VJT6, STM32U5F7VJT6Q, STM32U5F9BJY6QTR, STM32U5F9NJH6Q, STM32U5F9VIT6Q, STM32U5F9VJT6Q, STM32U5F9ZIJ6QTR, STM32U5F9ZIT6Q, STM32U5F9ZJJ6QTR, STM32U5F9ZJT6Q, STM32U5G7VJT6, STM32U5G7VJT6Q, STM32U5G9BJY6QTR, STM32U5G9J-DK1, STM32U5G9J-DK2, STM32U5G9NJH6Q, STM32U5G9VJT6Q, STM32U5G9ZJJ6QTR, STM32U5G9ZJT6Q, STM32WB1MMCH6, STM32WBA50KEU6, STM32WBA50KEU6TR, STM32WBA50KGU6, STM32WBA50KGU6TR, STM32WBA52CEU6, STM32WBA52CEU6TR, STM32WBA52CEU7, STM32WBA52CEU7TR, STM32WBA52CGU6, STM32WBA52CGU6TR, STM32WBA52CGU6U, STM32WBA52CGU7, STM32WBA52CGU7TR, STM32WBA52KEU6, STM32WBA52KEU6TR, STM32WBA52KGU6, STM32WBA52KGU6TR, STM32WBA54CEU6, STM32WBA54CEU6TR, STM32WBA54CEU7, STM32WBA54CEU7TR, STM32WBA54CGU6, STM32WBA54CGU6TR, STM32WBA54CGU7, STM32WBA54CGU7TR, STM32WBA54KEU6, STM32WBA54KEU6TR, STM32WBA54KEU7, STM32WBA54KEU7TR, STM32WBA54KGU6, STM32WBA54KGU6TR, STM32WBA54KGU7, STM32WBA54KGU7TR, STM32WBA55CEU6, STM32WBA55CEU6TR, STM32WBA55CEU7, STM32WBA55CEU7TR, STM32WBA55CGU6, STM32WBA55CGU6TR, STM32WBA55CGU6U, STM32WBA55CGU7, STM32WBA55CGU7TR, STM32WBA55G-DK1, STM32WBA55HEF6, STM32WBA55HEF7, STM32WBA55HGF6, STM32WBA55HGF7, STM32WBA55UEI6, STM32WBA55UEI6TR, STM32WBA55UEI7, STM32WBA55UEI7TR, STM32WBA55UGI6, STM32WBA55UGI6TR, STM32WBA55UGI7, STM32WBA55UGI7TR, STM32WL5MOCH6, STM32WL5MOCH6TR]
2025-12-28 13:58:59,859 [INFO] ApiDb:668 - CubeFinder database Data Model version=2.1
2025-12-28 13:58:59,859 [INFO] ApiDb:669 - CubeFinder database Configuration version=3.0.39
2025-12-28 13:58:59,859 [INFO] ApiDb:670 - CubeFinder database generation date=2025-11-05 (1762334721)
2025-12-28 13:58:59,859 [INFO] ApiDb:671 - CubeFinder database FW Pack versions=[FP-ATR-ASTRA1_V2.0.0, FP-SNS-FLIGHT1_V5.1.0, FP-SNS-MOTENV1_V5.1.0, FP-SNS-MOTENVWB1_V1.4.0, FP-SNS-SMARTAG2_V1.2.0, FP-SNS-STBOX1_V2.1.0, STM32Cube_FW_C0_V1.4.0, STM32Cube_FW_F4_V1.28.3, STM32Cube_FW_F7_V1.17.4, STM32Cube_FW_G0_V1.6.2, STM32Cube_FW_G4_V1.6.1, STM32Cube_FW_H5_V1.5.1, STM32Cube_FW_H7RS_V1.3.0, STM32Cube_FW_H7_V1.12.1, STM32Cube_FW_L0_V1.12.2, STM32Cube_FW_L4_V1.18.1, STM32Cube_FW_L5_V1.6.0, STM32Cube_FW_N6_V1.3.0, STM32Cube_FW_U0_V1.3.0, STM32Cube_FW_U3_V1.2.1, STM32Cube_FW_U5_V1.8.0, STM32Cube_FW_WB0_V1.4.0, STM32Cube_FW_WBA_V1.8.0, STM32Cube_FW_WB_V1.24.0, STM32Cube_FW_WL3_V1.3.0, STM32Cube_FW_WL_V1.4.0, X-CUBE-ALGOBUILD_V1.4.0, X-CUBE-ALS_V1.0.2, X-CUBE-AZRTOS-F4_V1.1.0, X-CUBE-AZRTOS-F7_V1.1.0, X-CUBE-AZRTOS-G0_V1.1.0, X-CUBE-AZRTOS-G4_V2.0.0, X-CUBE-AZRTOS-H7RS_V1.1.0, X-CUBE-AZRTOS-H7_V3.4.0, X-CUBE-AZRTOS-L4_V2.0.0, X-CUBE-AZRTOS-L5_V2.0.0, X-CUBE-AZRTOS-WB_V2.0.0, X-CUBE-AZRTOS-WL_V2.0.0, X-CUBE-BLE1_V7.1.0, X-CUBE-BLE2_V3.3.0, X-CUBE-BLEMGR_V4.1.0, X-CUBE-EEPRMA1_V5.2.0, X-CUBE-FREERTOS_V1.3.1, X-CUBE-GNSS1_V6.0.0, X-CUBE-MEMS1_V11.3.0, X-CUBE-NFC4_V3.0.0, X-CUBE-NFC7_V2.0.0, X-CUBE-SFXS2LP1_V4.0.0, X-CUBE-ST67W61_V1.1.0, X-CUBE-SUBG2_V5.0.0, X-CUBE-TOF1_V3.4.3]
2025-12-28 13:59:01,875 [INFO] ApiDb:240 - Found 483 in-development CPN: [B-G473E-ZEST1S, B-WB1M-WPAN1, B-WL5M-SUBG1, NUCLEO-C031C6, NUCLEO-H503RB, NUCLEO-H533RE, NUCLEO-H563ZI, NUCLEO-H7S3L8, NUCLEO-U031R8, NUCLEO-U083RC, NUCLEO-U545RE-Q, NUCLEO-U5A5ZJ-Q, NUCLEO-WBA52CG, NUCLEO-WBA55CG, STEVAL-PROTEUS1, STEVAL-SMARTAG2, STEVAL-STWINBX1, STM320518-EVAL, STM32C0116-DK, STM32C011D6Y3TR, STM32C011D6Y6TR, STM32C011F4P3, STM32C011F4P6, STM32C011F4U3, STM32C011F4U6TR, STM32C011F6P3, STM32C011F6P6, STM32C011F6U3, STM32C011F6U6TR, STM32C011J4M3, STM32C011J4M6, STM32C011J6M3, STM32C011J6M6, STM32C0316-DK, STM32C031C4T3, STM32C031C4T6, STM32C031C4U3, STM32C031C4U6, STM32C031C6T3, STM32C031C6T6, STM32C031C6U3, STM32C031C6U6, STM32C031F4P3, STM32C031F4P6, STM32C031F6P3, STM32C031F6P6, STM32C031G4U3, STM32C031G4U6, STM32C031G6U3, STM32C031G6U6, STM32C031K4T3, STM32C031K4T6, STM32C031K4U3, STM32C031K4U6, STM32C031K6T3, STM32C031K6T6, STM32C031K6U3, STM32C031K6U6, STM32G071K8TXN, STM32G071K8UXN, STM32G081GBU6N, STM32G081KBT6N, STM32G081KBUXN, STM32G0B1CCT6N, STM32G0B1KCT6, STM32G0B1NEY6TR, STM32G0B1RCT6N, STM32G0C1CCT6, STM32G0C1CCT6N, STM32G0C1CCU6N, STM32G0C1CET6N, STM32G0C1CEU6N, STM32G0C1KCT6, STM32G0C1NEY6TR, STM32G0C1RCI6N, STM32G0C1RCT6N, STM32G0C1REI6N, STM32G0C1RET6N, STM32G0C1VCI6, STM32G0C1VEI6, STM32G471CCT6, STM32G471CCU6, STM32G471CET3, STM32G471CET6, STM32G471CEU3, STM32G471CEU6, STM32G471MCT6, STM32G471MET3, STM32G471MET6, STM32G471MEY6TR, STM32G471QCT6, STM32G471QET3, STM32G471RCT6, STM32G471RET3, STM32G471RET6, STM32G471VCH6, STM32G471VCI6, STM32G471VCT6, STM32G471VEH3, STM32G471VEH6, STM32G471VEI3, STM32G471VEI6, STM32G471VET3, STM32G471VET6, STM32G474CCT6, STM32H503CBT6, STM32H503CBU6, STM32H503EBY6TR, STM32H503KBU6, STM32H503RBT6, STM32H523CCT6, STM32H523CCU6, STM32H523CET6, STM32H523CEU6, STM32H523HEY6TR, STM32H523RCT6, STM32H523RET6, STM32H523VCI6, STM32H523VCT6, STM32H523VEI6, STM32H523VET6, STM32H523ZCJ6, STM32H523ZCT6, STM32H523ZEJ6, STM32H523ZET6, STM32H533CET6, STM32H533CEU6, STM32H533HEY6TR, STM32H533RET6, STM32H533VEI6, STM32H533VET6, STM32H533ZEJ6, STM32H533ZET6, STM32H562AGI6, STM32H562AII6, STM32H562IGK6, STM32H562IGT6, STM32H562IIK6, STM32H562IIT6, STM32H562RGT6, STM32H562RGV6, STM32H562RIT6, STM32H562RIV6, STM32H562VGT6, STM32H562VIT6, STM32H562ZGT6, STM32H562ZIT6, STM32H563AGI6, STM32H563AII3Q, STM32H563AII6, STM32H563IGK6, STM32H563IGT6, STM32H563IIK3Q, STM32H563IIK6, STM32H563IIT3Q, STM32H563IIT6, STM32H563MIY3QTR, STM32H563RGT6, STM32H563RGV6, STM32H563RIT6, STM32H563RIV6, STM32H563VGT6, STM32H563VIT3Q, STM32H563VIT6, STM32H563ZGT6, STM32H563ZIT3Q, STM32H563ZIT6, STM32H573AII3Q, STM32H573AII6, STM32H573I-DK, STM32H573IIK3Q, STM32H573IIK6, STM32H573IIT3Q, STM32H573IIT6, STM32H573MIY3QTR, STM32H573RIT6, STM32H573RIV6, STM32H573VIT3Q, STM32H573VIT6, STM32H573ZIT3Q, STM32H573ZIT6, STM32H7R3A8I6, STM32H7R3I8K6, STM32H7R3I8T6, STM32H7R3L8H6, STM32H7R3L8H6H, STM32H7R3R8V6, STM32H7R3V8H6, STM32H7R3V8T6, STM32H7R3V8Y6, STM32H7R3Z8J6, STM32H7R3Z8T6, STM32H7R7A8I6, STM32H7R7I8K6, STM32H7R7I8T6, STM32H7R7L8H6, STM32H7R7L8H6H, STM32H7R7Z8J6, STM32H7S3A8I6, STM32H7S3I8K6, STM32H7S3I8T6, STM32H7S3L8H6, STM32H7S3L8H6H, STM32H7S3R8V6, STM32H7S3V8H6, STM32H7S3V8T6, STM32H7S3V8Y6, STM32H7S3Z8J6, STM32H7S3Z8T6, STM32H7S78-DK, STM32H7S7A8I6, STM32H7S7I8K6, STM32H7S7I8T6, STM32H7S7L8H6, STM32H7S7L8H6H, STM32H7S7Z8J6, STM32L4R5QGI6STR, STM32MP131AAE3, STM32MP131AAF3, STM32MP131AAG3, STM32MP131CAE3, STM32MP131CAF3, STM32MP131CAG3, STM32MP131DAE7, STM32MP131DAF7, STM32MP131DAG7, STM32MP131FAE7, STM32MP131FAF7, STM32MP131FAG7, STM32MP133AAE3, STM32MP133AAF3, STM32MP133AAG3, STM32MP133CAE3, STM32MP133CAF3, STM32MP133CAG3, STM32MP133DAE7, STM32MP133DAF7, STM32MP133DAG7, STM32MP133FAE7, STM32MP133FAF7, STM32MP133FAG7, STM32MP135AAE3, STM32MP135AAF3, STM32MP135AAG3, STM32MP135CAE3, STM32MP135CAF3, STM32MP135CAG3, STM32MP135DAE7, STM32MP135DAF7, STM32MP135DAG7, STM32MP135F-DK, STM32MP135FAE7, STM32MP135FAF7, STM32MP135FAF7T, STM32MP135FAF7U, STM32MP135FAG7, STM32U031C6T6, STM32U031C6U6, STM32U031C8T6, STM32U031C8U6, STM32U031F4P6, STM32U031F6P6, STM32U031F8P6, STM32U031G6Y6TR, STM32U031G8Y6TR, STM32U031K4U6, STM32U031K6U6, STM32U031K8U6, STM32U031R6I6, STM32U031R6T6, STM32U031R8I6, STM32U031R8T6, STM32U073C8T6, STM32U073C8U6, STM32U073CBT6, STM32U073CBU6, STM32U073CCT6, STM32U073CCU6, STM32U073H8Y6TR, STM32U073HBY6TR, STM32U073HCY6TR, STM32U073K8U6, STM32U073KBU6, STM32U073KCU6, STM32U073M8I6, STM32U073M8T6, STM32U073MBI6, STM32U073MBT6, STM32U073MCI6, STM32U073MCT6, STM32U073R8I6, STM32U073R8T6, STM32U073RBI6, STM32U073RBT6, STM32U073RCI6, STM32U073RCT6, STM32U083C-DK, STM32U083CCT6, STM32U083CCU6, STM32U083HCY6TR, STM32U083KCU6, STM32U083MCI6, STM32U083MCT6, STM32U083RCI6, STM32U083RCT6, STM32U535CBT6, STM32U535CBT6Q, STM32U535CBU6, STM32U535CBU6Q, STM32U535CCT6, STM32U535CCT6Q, STM32U535CCU6, STM32U535CCU6Q, STM32U535CET6, STM32U535CET6Q, STM32U535CEU6, STM32U535CEU6Q, STM32U535JEY6QTR, STM32U535NCY6QTR, STM32U535NEY6QTR, STM32U535RBI6, STM32U535RBI6Q, STM32U535RBT6, STM32U535RBT6Q, STM32U535RCI6, STM32U535RCI6Q, STM32U535RCT6, STM32U535RCT6Q, STM32U535REI6, STM32U535REI6Q, STM32U535RET6, STM32U535RET6Q, STM32U535VCI6, STM32U535VCI6Q, STM32U535VCT6, STM32U535VCT6Q, STM32U535VEI6, STM32U535VEI6Q, STM32U535VET6, STM32U535VET6Q, STM32U545CET6, STM32U545CET6Q, STM32U545CEU6, STM32U545CEU6Q, STM32U545JEY6QTR, STM32U545NEY6QTR, STM32U545REI6, STM32U545REI6Q, STM32U545RET6, STM32U545RET6Q, STM32U545VEI6, STM32U545VEI6Q, STM32U545VET6, STM32U545VET6Q, STM32U595AIH6, STM32U595AIH6Q, STM32U595AJH6, STM32U595AJH6Q, STM32U595QII6, STM32U595QII6Q, STM32U595QJI6, STM32U595QJI6Q, STM32U595RIT6, STM32U595RIT6Q, STM32U595RJT6, STM32U595RJT6Q, STM32U595VIT6, STM32U595VIT6Q, STM32U595VJT6, STM32U595VJT6Q, STM32U595ZIT6, STM32U595ZIT6Q, STM32U595ZIY6QTR, STM32U595ZJT6, STM32U595ZJT6Q, STM32U595ZJY6QTR, STM32U599BJY6QTR, STM32U599NIH6Q, STM32U599NJH6Q, STM32U599VIT6Q, STM32U599VJT6, STM32U599VJT6Q, STM32U599ZIT6Q, STM32U599ZIY6QTR, STM32U599ZJT6Q, STM32U599ZJY6QTR, STM32U5A5AJH6, STM32U5A5AJH6Q, STM32U5A5QII3Q , STM32U5A5QJI6, STM32U5A5QJI6Q, STM32U5A5RJT6, STM32U5A5RJT6Q, STM32U5A5VJT6, STM32U5A5VJT6Q, STM32U5A5ZJT6, STM32U5A5ZJT6Q, STM32U5A5ZJY6QTR, STM32U5A9BJY6QTR, STM32U5A9J-DK, STM32U5A9NJH6Q, STM32U5A9VJT6Q, STM32U5A9ZJT6Q, STM32U5A9ZJY6QTR, STM32U5F7VIT6, STM32U5F7VIT6Q, STM32U5F7VJT6, STM32U5F7VJT6Q, STM32U5F9BJY6QTR, STM32U5F9NJH6Q, STM32U5F9VIT6Q, STM32U5F9VJT6Q, STM32U5F9ZIJ6QTR, STM32U5F9ZIT6Q, STM32U5F9ZJJ6QTR, STM32U5F9ZJT6Q, STM32U5G7VJT6, STM32U5G7VJT6Q, STM32U5G9BJY6QTR, STM32U5G9J-DK1, STM32U5G9J-DK2, STM32U5G9NJH6Q, STM32U5G9VJT6Q, STM32U5G9ZJJ6QTR, STM32U5G9ZJT6Q, STM32WB1MMCH6, STM32WBA50KEU6, STM32WBA50KEU6TR, STM32WBA50KGU6, STM32WBA50KGU6TR, STM32WBA52CEU6, STM32WBA52CEU6TR, STM32WBA52CEU7, STM32WBA52CEU7TR, STM32WBA52CGU6, STM32WBA52CGU6TR, STM32WBA52CGU6U, STM32WBA52CGU7, STM32WBA52CGU7TR, STM32WBA52KEU6, STM32WBA52KEU6TR, STM32WBA52KGU6, STM32WBA52KGU6TR, STM32WBA54CEU6, STM32WBA54CEU6TR, STM32WBA54CEU7, STM32WBA54CEU7TR, STM32WBA54CGU6, STM32WBA54CGU6TR, STM32WBA54CGU7, STM32WBA54CGU7TR, STM32WBA54KEU6, STM32WBA54KEU6TR, STM32WBA54KEU7, STM32WBA54KEU7TR, STM32WBA54KGU6, STM32WBA54KGU6TR, STM32WBA54KGU7, STM32WBA54KGU7TR, STM32WBA55CEU6, STM32WBA55CEU6TR, STM32WBA55CEU7, STM32WBA55CEU7TR, STM32WBA55CGU6, STM32WBA55CGU6TR, STM32WBA55CGU6U, STM32WBA55CGU7, STM32WBA55CGU7TR, STM32WBA55G-DK1, STM32WBA55HEF6, STM32WBA55HEF7, STM32WBA55HGF6, STM32WBA55HGF7, STM32WBA55UEI6, STM32WBA55UEI6TR, STM32WBA55UEI7, STM32WBA55UEI7TR, STM32WBA55UGI6, STM32WBA55UGI6TR, STM32WBA55UGI7, STM32WBA55UGI7TR, STM32WL5MOCH6, STM32WL5MOCH6TR]
2025-12-28 13:59:01,879 [INFO] DbMcus:218 - Found 4816 MCUs, 4816 are supported
2025-12-28 13:59:01,881 [INFO] ApiDb:423 - Load user favorites file C:\Users\USER/.stm32cubeide/favorites.mcus.txt: 0 item(s)
2025-12-28 13:59:01,881 [INFO] ApiDb:427 - User favorites MCUs=[]
2025-12-28 13:59:01,881 [INFO] DbMcus:224 - Set 0 / 0 favorites MCUs
2025-12-28 13:59:02,288 [INFO] BoardInfo:889 - No configuration file found for board B-WBA5M-WPAN
2025-12-28 13:59:02,288 [INFO] DbBoards:161 - Board is not supported: B-WBA5M-WPAN
2025-12-28 13:59:02,291 [INFO] BoardInfo:889 - No configuration file found for board NUCLEO-C051C8
2025-12-28 13:59:02,291 [INFO] DbBoards:161 - Board is not supported: NUCLEO-C051C8
2025-12-28 13:59:02,292 [INFO] BoardInfo:889 - No configuration file found for board NUCLEO-C071RB
2025-12-28 13:59:02,292 [INFO] DbBoards:161 - Board is not supported: NUCLEO-C071RB
2025-12-28 13:59:02,293 [INFO] BoardInfo:889 - No configuration file found for board NUCLEO-C092RC
2025-12-28 13:59:02,294 [INFO] DbBoards:161 - Board is not supported: NUCLEO-C092RC
2025-12-28 13:59:02,355 [INFO] BoardInfo:889 - No configuration file found for board NUCLEO-N657X0-Q
2025-12-28 13:59:02,355 [INFO] DbBoards:161 - Board is not supported: NUCLEO-N657X0-Q
2025-12-28 13:59:02,358 [INFO] BoardInfo:889 - No configuration file found for board NUCLEO-U385RG-Q
2025-12-28 13:59:02,358 [INFO] DbBoards:161 - Board is not supported: NUCLEO-U385RG-Q
2025-12-28 13:59:02,362 [INFO] BoardInfo:889 - No configuration file found for board NUCLEO-WB05KZ
2025-12-28 13:59:02,362 [INFO] DbBoards:161 - Board is not supported: NUCLEO-WB05KZ
2025-12-28 13:59:02,364 [INFO] BoardInfo:889 - No configuration file found for board NUCLEO-WB07CC
2025-12-28 13:59:02,364 [INFO] DbBoards:161 - Board is not supported: NUCLEO-WB07CC
2025-12-28 13:59:02,365 [INFO] BoardInfo:889 - No configuration file found for board NUCLEO-WB09KE
2025-12-28 13:59:02,365 [INFO] DbBoards:161 - Board is not supported: NUCLEO-WB09KE
2025-12-28 13:59:02,369 [INFO] BoardInfo:889 - No configuration file found for board NUCLEO-WBA65RI
2025-12-28 13:59:02,369 [INFO] DbBoards:161 - Board is not supported: NUCLEO-WBA65RI
2025-12-28 13:59:02,370 [INFO] BoardInfo:889 - No configuration file found for board NUCLEO-WL33CC1
2025-12-28 13:59:02,371 [INFO] DbBoards:161 - Board is not supported: NUCLEO-WL33CC1
2025-12-28 13:59:02,372 [INFO] BoardInfo:889 - No configuration file found for board NUCLEO-WL33CC2
2025-12-28 13:59:02,373 [INFO] DbBoards:161 - Board is not supported: NUCLEO-WL33CC2
2025-12-28 13:59:02,378 [INFO] BoardInfo:889 - No configuration file found for board P-NUCLEO-WB55
2025-12-28 13:59:02,379 [INFO] DbBoards:161 - Kit is not supported: P-NUCLEO-WB55
2025-12-28 13:59:02,382 [INFO] BoardInfo:889 - No configuration file found for board STEVAL-BFA001V1B
2025-12-28 13:59:02,383 [INFO] DbBoards:161 - Kit is not supported: STEVAL-BFA001V1B
2025-12-28 13:59:02,383 [INFO] BoardInfo:889 - No configuration file found for board STEVAL-BFA001V2B
2025-12-28 13:59:02,384 [INFO] DbBoards:161 - Kit is not supported: STEVAL-BFA001V2B
2025-12-28 13:59:02,482 [INFO] BoardInfo:889 - No configuration file found for board STM32MP257F-DK
2025-12-28 13:59:02,482 [INFO] DbBoards:161 - Board is not supported: STM32MP257F-DK
2025-12-28 13:59:02,483 [INFO] BoardInfo:889 - No configuration file found for board STM32MP257F-EV1
2025-12-28 13:59:02,484 [INFO] DbBoards:161 - Board is not supported: STM32MP257F-EV1
2025-12-28 13:59:02,485 [INFO] BoardInfo:889 - No configuration file found for board STM32N6570-DK
2025-12-28 13:59:02,485 [INFO] DbBoards:161 - Board is not supported: STM32N6570-DK
2025-12-28 13:59:02,494 [INFO] BoardInfo:889 - No configuration file found for board STM32WBA65I-DK1
2025-12-28 13:59:02,494 [INFO] DbBoards:161 - Board is not supported: STM32WBA65I-DK1
2025-12-28 13:59:02,494 [INFO] DbBoards:168 - Found 211 boards, 192 are supported
2025-12-28 13:59:02,494 [INFO] DbBoards:169 - Found 211 boards, 8 of them is supported for  Bsp
2025-12-28 13:59:02,498 [INFO] ApiDb:423 - Load user favorites file C:\Users\USER/.stm32cubeide/favorites.boards.txt: 0 item(s)
2025-12-28 13:59:02,498 [INFO] ApiDb:427 - User favorites Boards=[]
2025-12-28 13:59:02,498 [INFO] DbBoards:198 - Set 0 / 0 favorites Boards
2025-12-28 13:59:02,592 [INFO] UtilMem:75 - End LoadConfig() Used Memory: 706763944 Bytes (1073741824)
2025-12-28 13:59:02,802 [WARN] ThirdParty:833 - waiting for thirdparty lock release [change project]
2025-12-28 13:59:02,802 [INFO] ThirdParty:835 - entering critical section [change project]
2025-12-28 13:59:02,802 [INFO] ThirdParty:1030 - CMSIS Pack Vendor :STMicroelectronics X-CUBE-PM33A1 1.0.0
2025-12-28 13:59:02,802 [INFO] ThirdParty:1030 - CMSIS Pack Vendor :STMicroelectronics USBPD 4.1
2025-12-28 13:59:02,802 [INFO] ThirdParty:1030 - CMSIS Pack Vendor :STMicroelectronics X-CUBE-GNSS1 6.0.0
2025-12-28 13:59:02,803 [INFO] ThirdParty:1030 - CMSIS Pack Vendor :STMicroelectronics USB_HOST 2.0.0
2025-12-28 13:59:02,803 [INFO] ThirdParty:1030 - CMSIS Pack Vendor :STMicroelectronics FP-SNS-MOTENVWB1 1.4.0
2025-12-28 13:59:02,803 [INFO] ThirdParty:1030 - CMSIS Pack Vendor :STMicroelectronics X-CUBE-AZRTOS-F4 1.1.0
2025-12-28 13:59:02,803 [INFO] ThirdParty:1030 - CMSIS Pack Vendor :STMicroelectronics LIBJPEG 8.0.0
2025-12-28 13:59:02,803 [INFO] ThirdParty:1030 - CMSIS Pack Vendor :STMicroelectronics FP-ATR-ASTRA1 2.0.2
2025-12-28 13:59:02,803 [INFO] ThirdParty:1030 - CMSIS Pack Vendor :STMicroelectronics FP-ATR-ASTRA1 2.0.1
2025-12-28 13:59:02,803 [INFO] ThirdParty:1030 - CMSIS Pack Vendor :STMicroelectronics X-CUBE-SMBUS 2.1.0
2025-12-28 13:59:02,803 [INFO] ThirdParty:1030 - CMSIS Pack Vendor :STMicroelectronics X-CUBE-WB05N 1.1.0
2025-12-28 13:59:02,803 [INFO] ThirdParty:1030 - CMSIS Pack Vendor :STMicroelectronics X-CUBE-ISPU 2.1.0
2025-12-28 13:59:02,803 [INFO] ThirdParty:1030 - CMSIS Pack Vendor :STMicroelectronics X-CUBE-FREERTOS 1.2.0
2025-12-28 13:59:02,803 [INFO] ThirdParty:1030 - CMSIS Pack Vendor :STMicroelectronics X-CUBE-NFC12 1.0.0
2025-12-28 13:59:02,803 [INFO] ThirdParty:1030 - CMSIS Pack Vendor :STMicroelectronics X-CUBE-TOUCHGFX 4.23.2
2025-12-28 13:59:02,803 [INFO] ThirdParty:1030 - CMSIS Pack Vendor :STMicroelectronics X-CUBE-AZRTOS-F7 1.1.0
2025-12-28 13:59:02,803 [INFO] ThirdParty:1030 - CMSIS Pack Vendor :STMicroelectronics X-CUBE-AZRTOS-L5 2.0.0
2025-12-28 13:59:02,803 [INFO] ThirdParty:1030 - CMSIS Pack Vendor :STMicroelectronics USB_DEVICE 2.0.0
2025-12-28 13:59:02,803 [INFO] ThirdParty:1030 - CMSIS Pack Vendor :STMicroelectronics X-CUBE-NFC6 3.1.0
2025-12-28 13:59:02,803 [INFO] ThirdParty:1030 - CMSIS Pack Vendor :STMicroelectronics X-CUBE-MEMS1 11.0.0
2025-12-28 13:59:02,803 [INFO] ThirdParty:1030 - CMSIS Pack Vendor :STMicroelectronics FreeRTOS 0.0.1
2025-12-28 13:59:02,803 [INFO] ThirdParty:1030 - CMSIS Pack Vendor :STMicroelectronics X-CUBE-DPower 1.2.0
2025-12-28 13:59:02,803 [INFO] ThirdParty:1030 - CMSIS Pack Vendor :STMicroelectronics FP-SNS-FLIGHT1 5.0.2
2025-12-28 13:59:02,803 [INFO] ThirdParty:1030 - CMSIS Pack Vendor :STMicroelectronics X-CUBE-AI 9.0.0
2025-12-28 13:59:02,803 [INFO] ThirdParty:1030 - CMSIS Pack Vendor :STMicroelectronics PDM2PCM 3.3.0
2025-12-28 13:59:02,803 [INFO] ThirdParty:1030 - CMSIS Pack Vendor :STMicroelectronics X-CUBE-AZRTOS-H7 3.4.0
2025-12-28 13:59:02,803 [INFO] ThirdParty:1030 - CMSIS Pack Vendor :STMicroelectronics X-CUBE-DISPLAY 3.0.0
2025-12-28 13:59:02,803 [INFO] ThirdParty:1030 - CMSIS Pack Vendor :STMicroelectronics X-CUBE-BLE1 7.0.0
2025-12-28 13:59:02,803 [INFO] ThirdParty:1030 - CMSIS Pack Vendor :STMicroelectronics X-CUBE-NFC10 1.0.0
2025-12-28 13:59:02,803 [INFO] ThirdParty:1030 - CMSIS Pack Vendor :STMicroelectronics X-CUBE-BLEMGR 4.0.0
2025-12-28 13:59:02,803 [INFO] ThirdParty:1030 - CMSIS Pack Vendor :STMicroelectronics X-CUBE-FREERTOS 1.3.1
2025-12-28 13:59:02,803 [INFO] ThirdParty:1030 - CMSIS Pack Vendor :STMicroelectronics HAL Drivers 0.0.0
2025-12-28 13:59:02,803 [INFO] ThirdParty:1030 - CMSIS Pack Vendor :emotas I-CUBE-CANOPEN 1.3.0
2025-12-28 13:59:02,803 [INFO] ThirdParty:1030 - CMSIS Pack Vendor :STMicroelectronics X-CUBE-FREERTOS 1.3.0
2025-12-28 13:59:02,803 [INFO] ThirdParty:1030 - CMSIS Pack Vendor :STMicroelectronics X-CUBE-NFC7 1.0.1
2025-12-28 13:59:02,803 [INFO] ThirdParty:1030 - CMSIS Pack Vendor :STMicroelectronics MBEDTLS 2.14.1
2025-12-28 13:59:02,803 [INFO] ThirdParty:1030 - CMSIS Pack Vendor :STMicroelectronics X-CUBE-GNSS1 7.1.0
2025-12-28 13:59:02,803 [INFO] ThirdParty:1030 - CMSIS Pack Vendor :STMicroelectronics X-CUBE-TOUCHGFX 4.26.0
2025-12-28 13:59:02,803 [INFO] ThirdParty:1030 - CMSIS Pack Vendor :STMicroelectronics X-CUBE-BLEMGR 3.1.0
2025-12-28 13:59:02,804 [INFO] ThirdParty:1030 - CMSIS Pack Vendor :STMicroelectronics X-CUBE-AI 10.0.0
2025-12-28 13:59:02,804 [INFO] ThirdParty:1030 - CMSIS Pack Vendor :STMicroelectronics FP-SNS-SMARTAG2 1.2.0
2025-12-28 13:59:02,804 [INFO] ThirdParty:1030 - CMSIS Pack Vendor :STMicroelectronics X-CUBE-MEMS1 11.1.0
2025-12-28 13:59:02,804 [INFO] ThirdParty:1030 - CMSIS Pack Vendor :STMicroelectronics X-CUBE-AZRTOS-WL 2.0.0
2025-12-28 13:59:02,804 [INFO] ThirdParty:1030 - CMSIS Pack Vendor :STMicroelectronics X-CUBE-DPower 1.3.0
2025-12-28 13:59:02,804 [INFO] ThirdParty:1030 - CMSIS Pack Vendor :STMicroelectronics FP-SNS-MOTENV1 5.0.0
2025-12-28 13:59:02,804 [INFO] ThirdParty:1030 - CMSIS Pack Vendor :STMicroelectronics USB_DEVICE 1.0.0
2025-12-28 13:59:02,804 [INFO] ThirdParty:1030 - CMSIS Pack Vendor :STMicroelectronics X-CUBE-AZRTOS-H7RS 1.2.0
2025-12-28 13:59:02,804 [INFO] ThirdParty:1030 - CMSIS Pack Vendor :wolfSSL I-CUBE-wolfMQTT 1.19.0
2025-12-28 13:59:02,804 [INFO] ThirdParty:1030 - CMSIS Pack Vendor :STMicroelectronics X-CUBE-AZRTOS-L4 2.0.0
2025-12-28 13:59:02,804 [INFO] ThirdParty:1030 - CMSIS Pack Vendor :STMicroelectronics ThreadX 0.0.2
2025-12-28 13:59:02,804 [INFO] ThirdParty:1030 - CMSIS Pack Vendor :WES I-CUBE-Cesium 1.3.0
2025-12-28 13:59:02,804 [INFO] ThirdParty:1030 - CMSIS Pack Vendor :STMicroelectronics lwIP 2.1.2
2025-12-28 13:59:02,804 [INFO] ThirdParty:1030 - CMSIS Pack Vendor :STMicroelectronics X-CUBE-SFXS2LP1 4.0.0
2025-12-28 13:59:02,804 [INFO] ThirdParty:1030 - CMSIS Pack Vendor :STMicroelectronics X-CUBE-BLE2 3.3.0
2025-12-28 13:59:02,804 [INFO] ThirdParty:1030 - CMSIS Pack Vendor :STMicroelectronics PDM2PCM 3.2.0
2025-12-28 13:59:02,804 [INFO] ThirdParty:1030 - CMSIS Pack Vendor :STMicroelectronics X-CUBE-AZRTOS-H7 3.3.0
2025-12-28 13:59:02,804 [INFO] ThirdParty:1030 - CMSIS Pack Vendor :STMicroelectronics X-CUBE-NFC9 1.0.0
2025-12-28 13:59:02,804 [INFO] ThirdParty:1030 - CMSIS Pack Vendor :STMicroelectronics X-CUBE-BLE1 7.1.0
2025-12-28 13:59:02,804 [INFO] ThirdParty:1030 - CMSIS Pack Vendor :STMicroelectronics USB_DEVICE 3.0.0
2025-12-28 13:59:02,804 [INFO] ThirdParty:1030 - CMSIS Pack Vendor :STMicroelectronics X-CUBE-TCPP 4.1.0
2025-12-28 13:59:02,804 [INFO] ThirdParty:1030 - CMSIS Pack Vendor :STMicroelectronics X-CUBE-EEPRMA1 5.2.0
2025-12-28 13:59:02,804 [INFO] ThirdParty:1030 - CMSIS Pack Vendor :STMicroelectronics X-CUBE-IPS 3.0.0
2025-12-28 13:59:02,804 [INFO] ThirdParty:1030 - CMSIS Pack Vendor :STMicroelectronics X-CUBE-AZRTOS-WB 2.0.0
2025-12-28 13:59:02,804 [INFO] ThirdParty:1030 - CMSIS Pack Vendor :STMicroelectronics X-CUBE-GNSS1 7.0.0
2025-12-28 13:59:02,804 [INFO] ThirdParty:1030 - CMSIS Pack Vendor :STMicroelectronics X-CUBE-GNSS1 7.0.1
2025-12-28 13:59:02,804 [INFO] ThirdParty:1030 - CMSIS Pack Vendor :STMicroelectronics X-CUBE-TOUCHGFX 4.25.0
2025-12-28 13:59:02,804 [INFO] ThirdParty:1030 - CMSIS Pack Vendor :STMicroelectronics FP-SNS-STBOX1 2.0.0
2025-12-28 13:59:02,804 [INFO] ThirdParty:1030 - CMSIS Pack Vendor :STMicroelectronics X-CUBE-MEMS1 12.0.0
2025-12-28 13:59:02,804 [INFO] ThirdParty:1030 - CMSIS Pack Vendor :STMicroelectronics X-CUBE-ALGOBUILD 1.3.0
2025-12-28 13:59:02,804 [INFO] ThirdParty:1030 - CMSIS Pack Vendor :STMicroelectronics X-CUBE-MEMS1 11.2.0
2025-12-28 13:59:02,804 [INFO] ThirdParty:1030 - CMSIS Pack Vendor :STMicroelectronics X-CUBE-AZRTOS-G0 1.1.0
2025-12-28 13:59:02,804 [INFO] ThirdParty:1030 - CMSIS Pack Vendor :STMicroelectronics X-CUBE-SAFEA1 1.2.2
2025-12-28 13:59:02,804 [INFO] ThirdParty:1030 - CMSIS Pack Vendor :STMicroelectronics X-CUBE-NFC4 3.0.0
2025-12-28 13:59:02,804 [INFO] ThirdParty:1030 - CMSIS Pack Vendor :STMicroelectronics X-CUBE-SUBG2 5.0.0
2025-12-28 13:59:02,804 [INFO] ThirdParty:1030 - CMSIS Pack Vendor :STMicroelectronics X-CUBE-AZRTOS-H7RS 1.1.0
2025-12-28 13:59:02,804 [INFO] ThirdParty:1030 - CMSIS Pack Vendor :STMicroelectronics STM32_WPAN 1.0.0
2025-12-28 13:59:02,804 [INFO] ThirdParty:1030 - CMSIS Pack Vendor :EmbeddedOffice I-CUBE-FS-RTOS 1.0.1
2025-12-28 13:59:02,804 [INFO] ThirdParty:1030 - CMSIS Pack Vendor :STMicroelectronics lwIP 2.0.3
2025-12-28 13:59:02,804 [INFO] ThirdParty:1030 - CMSIS Pack Vendor :Cesanta I-CUBE-Mongoose 7.13.0
2025-12-28 13:59:02,804 [INFO] ThirdParty:1030 - CMSIS Pack Vendor :STMicroelectronics USB_HOST 1.0.0
2025-12-28 13:59:02,804 [INFO] ThirdParty:1030 - CMSIS Pack Vendor :STMicroelectronics X-CUBE-AZRTOS-G4 2.0.0
2025-12-28 13:59:02,804 [INFO] ThirdParty:1030 - CMSIS Pack Vendor :STMicroelectronics X-CUBE-WB05N 2.0.0
2025-12-28 13:59:02,804 [INFO] ThirdParty:1030 - CMSIS Pack Vendor :STMicroelectronics PDM2PCM 3.1.0
2025-12-28 13:59:02,805 [INFO] ThirdParty:1030 - CMSIS Pack Vendor :STMicroelectronics X-CUBE-NFC7 2.0.0
2025-12-28 13:59:02,805 [INFO] ThirdParty:1030 - CMSIS Pack Vendor :RealThread X-CUBE-RT-Thread_Nano 4.1.1
2025-12-28 13:59:02,805 [INFO] ThirdParty:1030 - CMSIS Pack Vendor :wolfSSL I-CUBE-wolfSSL 5.7.0
2025-12-28 13:59:02,805 [INFO] ThirdParty:1030 - CMSIS Pack Vendor :STMicroelectronics FP-ATR-SIGFOX1 3.2.0
2025-12-28 13:59:02,805 [INFO] ThirdParty:1030 - CMSIS Pack Vendor :quantropi X-CUBE-qispace-sdk-base 1.9.3
2025-12-28 13:59:02,805 [INFO] ThirdParty:1030 - CMSIS Pack Vendor :STMicroelectronics X-CUBE-ISPU 2.0.0
2025-12-28 13:59:02,805 [INFO] ThirdParty:1030 - CMSIS Pack Vendor :STMicroelectronics X-CUBE-EEPRMA1 5.1.0
2025-12-28 13:59:02,805 [INFO] ThirdParty:1030 - CMSIS Pack Vendor :STMicroelectronics MBEDTLS 2.16.2
2025-12-28 13:59:02,805 [INFO] ThirdParty:1030 - CMSIS Pack Vendor :STMicroelectronics X-CUBE-ALS 1.0.2
2025-12-28 13:59:02,805 [INFO] ThirdParty:1030 - CMSIS Pack Vendor :STMicroelectronics X-CUBE-MEMS1 10.0.0
2025-12-28 13:59:02,805 [INFO] ThirdParty:1030 - CMSIS Pack Vendor :STMicroelectronics X-CUBE-FREERTOS 1.1.0
2025-12-28 13:59:02,805 [INFO] ThirdParty:1030 - CMSIS Pack Vendor :ITTIA_DB I-CUBE-ITTIADB 8.9.0
2025-12-28 13:59:02,805 [INFO] ThirdParty:1030 - CMSIS Pack Vendor :STMicroelectronics X-CUBE-TOUCHGFX 4.24.2
2025-12-28 13:59:02,805 [INFO] ThirdParty:1030 - CMSIS Pack Vendor :STMicroelectronics X-CUBE-TOUCHGFX 4.24.1
2025-12-28 13:59:02,805 [INFO] ThirdParty:1030 - CMSIS Pack Vendor :STMicroelectronics X-CUBE-STSE01 1.0.0
2025-12-28 13:59:02,805 [INFO] ThirdParty:1030 - CMSIS Pack Vendor :wolfSSL I-CUBE-wolfTPM 3.4.0
2025-12-28 13:59:02,805 [INFO] ThirdParty:1030 - CMSIS Pack Vendor :portGmbH I-Cube-SoM-uGOAL 1.1.0
2025-12-28 13:59:02,805 [INFO] ThirdParty:1030 - CMSIS Pack Vendor :STMicroelectronics X-CUBE-ALS 1.0.1
2025-12-28 13:59:02,805 [INFO] ThirdParty:1030 - CMSIS Pack Vendor :STMicroelectronics X-CUBE-AI 10.2.0
2025-12-28 13:59:02,805 [INFO] ThirdParty:1030 - CMSIS Pack Vendor :STMicroelectronics ThreadX 1.0.0
2025-12-28 13:59:02,805 [INFO] ThirdParty:1030 - CMSIS Pack Vendor :SEGGER I-CUBE-embOS 1.3.1
2025-12-28 13:59:02,805 [INFO] ThirdParty:1030 - CMSIS Pack Vendor :STMicroelectronics X-CUBE-ALGOBUILD 1.4.0
2025-12-28 13:59:02,805 [INFO] ThirdParty:1030 - CMSIS Pack Vendor :STMicroelectronics X-CUBE-AZRTOS-H7RS 1.0.0
2025-12-28 13:59:02,805 [INFO] ThirdParty:1030 - CMSIS Pack Vendor :STMicroelectronics FP-ATR-ASTRA1 2.0.0
2025-12-28 13:59:02,805 [INFO] ThirdParty:1030 - CMSIS Pack Vendor :STMicroelectronics X-CUBE-TOF1 3.4.2
2025-12-28 13:59:02,805 [INFO] ThirdParty:1030 - CMSIS Pack Vendor :STMicroelectronics X-CUBE-AI 9.1.0
2025-12-28 13:59:02,805 [INFO] ThirdParty:1030 - CMSIS Pack Vendor :STMicroelectronics X-CUBE-TOF1 3.4.1
2025-12-28 13:59:02,805 [INFO] ThirdParty:1030 - CMSIS Pack Vendor :STMicroelectronics X-CUBE-AZRTOS-H7 3.2.0
2025-12-28 13:59:02,805 [INFO] ThirdParty:1030 - CMSIS Pack Vendor :Infineon AIROC-Wi-Fi-Bluetooth-STM32 1.6.0
2025-12-28 13:59:02,805 [INFO] ThirdParty:1030 - CMSIS Pack Vendor :wolfSSL I-CUBE-wolfSSH 1.4.17
2025-12-28 13:59:02,805 [INFO] ThirdParty:841 - exiting critical section [change project]
2025-12-28 13:59:03,237 [INFO] PinOutPanel:1561 - setPackage(No Configuration,No Configuration)
2025-12-28 13:59:03,239 [INFO] PinOutPanel:1561 - setPackage(STM32F411CEUx,UFQFPN48)
2025-12-28 13:59:03,853 [INFO] UtilMem:75 - Before build in PCC Used Memory: 856263680 Bytes (1073741824)
2025-12-28 13:59:05,512 [INFO] UtilMem:75 - After build in PCC Used Memory: 687588608 Bytes (1073741824)
2025-12-28 13:59:05,549 [INFO] IPUIPlugin:80 - create IPUIPlugin
2025-12-28 13:59:05,550 [INFO] IPUIPlugin:80 - create IPUIPlugin
2025-12-28 13:59:05,550 [INFO] IPUIPlugin:80 - create IPUIPlugin
2025-12-28 13:59:05,550 [INFO] IPUIPlugin:80 - create IPUIPlugin
2025-12-28 13:59:05,550 [INFO] IPUIPlugin:80 - create IPUIPlugin
2025-12-28 13:59:05,550 [INFO] IPUIPlugin:80 - create IPUIPlugin
2025-12-28 13:59:05,550 [INFO] IPUIPlugin:80 - create IPUIPlugin
2025-12-28 13:59:05,550 [INFO] IPUIPlugin:80 - create IPUIPlugin
2025-12-28 13:59:05,550 [INFO] IPUIPlugin:80 - create IPUIPlugin
2025-12-28 13:59:05,551 [INFO] IPUIPlugin:80 - create IPUIPlugin
2025-12-28 13:59:05,551 [INFO] IPUIPlugin:80 - create IPUIPlugin
2025-12-28 13:59:05,551 [INFO] IPUIPlugin:80 - create IPUIPlugin
2025-12-28 13:59:05,551 [INFO] IPUIPlugin:80 - create IPUIPlugin
2025-12-28 13:59:05,551 [INFO] IPUIPlugin:80 - create IPUIPlugin
2025-12-28 13:59:05,551 [INFO] IPUIPlugin:80 - create IPUIPlugin
2025-12-28 13:59:05,551 [INFO] IPUIPlugin:80 - create IPUIPlugin
2025-12-28 13:59:05,552 [INFO] IPUIPlugin:80 - create IPUIPlugin
2025-12-28 13:59:05,552 [INFO] IPUIPlugin:80 - create IPUIPlugin
2025-12-28 13:59:05,552 [INFO] IPUIPlugin:80 - create IPUIPlugin
2025-12-28 13:59:05,553 [INFO] IPUIPlugin:80 - create IPUIPlugin
2025-12-28 13:59:05,553 [INFO] IPUIPlugin:80 - create IPUIPlugin
2025-12-28 13:59:05,553 [INFO] IPUIPlugin:80 - create IPUIPlugin
2025-12-28 13:59:05,553 [INFO] IPUIPlugin:80 - create IPUIPlugin
2025-12-28 13:59:05,554 [INFO] IPUIPlugin:80 - create IPUIPlugin
2025-12-28 13:59:05,554 [INFO] IPUIPlugin:80 - create IPUIPlugin
2025-12-28 13:59:05,554 [INFO] IPUIPlugin:80 - create IPUIPlugin
2025-12-28 13:59:05,555 [INFO] IPUIPlugin:80 - create IPUIPlugin
2025-12-28 13:59:05,555 [INFO] IPUIPlugin:80 - create IPUIPlugin
2025-12-28 13:59:05,555 [INFO] IPUIPlugin:80 - create IPUIPlugin
2025-12-28 13:59:05,556 [INFO] IPUIPlugin:80 - create IPUIPlugin
2025-12-28 13:59:05,556 [INFO] IPUIPlugin:80 - create IPUIPlugin
2025-12-28 13:59:05,556 [INFO] IPUIPlugin:80 - create IPUIPlugin
2025-12-28 13:59:05,557 [INFO] IPUIPlugin:80 - create IPUIPlugin
2025-12-28 13:59:05,557 [INFO] IPUIPlugin:80 - create IPUIPlugin
2025-12-28 13:59:05,557 [INFO] IPUIPlugin:80 - create IPUIPlugin
2025-12-28 13:59:05,557 [INFO] IPUIPlugin:80 - create IPUIPlugin
2025-12-28 13:59:05,557 [INFO] IPUIPlugin:80 - create IPUIPlugin
2025-12-28 13:59:05,558 [INFO] IPUIPlugin:80 - create IPUIPlugin
2025-12-28 13:59:05,558 [INFO] IPUIPlugin:80 - create IPUIPlugin
2025-12-28 13:59:05,558 [INFO] IPUIPlugin:80 - create IPUIPlugin
2025-12-28 13:59:05,558 [INFO] IPUIPlugin:80 - create IPUIPlugin
2025-12-28 13:59:05,558 [INFO] IPUIPlugin:80 - create IPUIPlugin
2025-12-28 13:59:05,559 [INFO] IPUIPlugin:80 - create IPUIPlugin
2025-12-28 13:59:05,784 [INFO] ApiDbMcu:508 - Load IP Config File for PDM2PCM
2025-12-28 13:59:05,816 [WARN] IP:2120 - I2C_Coeff_DF not found: check if there is a RefParameter without a condition.
2025-12-28 13:59:05,817 [WARN] IP:2120 - Analog_Filter not found: check if there is a RefParameter without a condition.
2025-12-28 13:59:06,139 [INFO] CADModel:165 - CPN selected for project levelSTM32F411CEU6
2025-12-28 13:59:06,140 [INFO] CADModel:114 - Register for checkConnection events
2025-12-28 13:59:06,194 [INFO] OpenFileManager:343 - Restore cursor
2025-12-28 13:59:06,425 [WARN] IP:2120 - I2C_Coeff_DF not found: check if there is a RefParameter without a condition.
2025-12-28 13:59:06,425 [WARN] IP:2120 - Analog_Filter not found: check if there is a RefParameter without a condition.
2025-12-28 13:59:06,426 [WARN] IP:2120 - I2C_Coeff_DF not found: check if there is a RefParameter without a condition.
2025-12-28 13:59:06,426 [WARN] IP:2120 - Analog_Filter not found: check if there is a RefParameter without a condition.
2025-12-28 14:30:58,330 [INFO] MainUpdater:2873 - connection check result : 10
2025-12-28 14:30:58,330 [INFO] MainUpdater:2873 - connection check result : 10
2025-12-28 14:31:00,599 [INFO] MicroXplorer:468 - Change Database Path : 
2025-12-28 14:31:00,600 [INFO] MicroXplorer:498 - Change Database Version : DB.6.0.110
2025-12-28 14:31:00,607 [ERROR] ProjectManagerView:394 - 
java.lang.NullPointerException: Cannot invoke "javax.swing.JTextField.getText()" because the return value of "java.util.List.get(int)" is null
	at com.st.microxplorer.plugins.projectmanager.gui.ProjectChoiceTab$10.caretUpdate(ProjectChoiceTab.java:2504) ~[filemanager.jar:?]
	at javax.swing.text.JTextComponent.fireCaretUpdate(JTextComponent.java:412) ~[?:?]
	at javax.swing.text.JTextComponent$MutableCaretEvent.fire(JTextComponent.java:4491) ~[?:?]
	at javax.swing.text.JTextComponent$MutableCaretEvent.stateChanged(JTextComponent.java:4513) ~[?:?]
	at javax.swing.text.DefaultCaret.fireStateChanged(DefaultCaret.java:842) ~[?:?]
	at javax.swing.text.DefaultCaret.changeCaretPosition(DefaultCaret.java:1313) ~[?:?]
	at javax.swing.text.DefaultCaret.handleSetDot(DefaultCaret.java:1212) ~[?:?]
	at javax.swing.text.DefaultCaret.setDot(DefaultCaret.java:1193) ~[?:?]
	at javax.swing.text.DefaultCaret$Handler.insertUpdate(DefaultCaret.java:1789) ~[?:?]
	at javax.swing.text.AbstractDocument.fireInsertUpdate(AbstractDocument.java:226) ~[?:?]
	at javax.swing.text.AbstractDocument.handleInsertString(AbstractDocument.java:780) ~[?:?]
	at javax.swing.text.AbstractDocument.insertString(AbstractDocument.java:739) ~[?:?]
	at javax.swing.text.PlainDocument.insertString(PlainDocument.java:131) ~[?:?]
	at javax.swing.text.AbstractDocument.replace(AbstractDocument.java:698) ~[?:?]
	at javax.swing.text.JTextComponent.setText(JTextComponent.java:1729) ~[?:?]
	at com.st.microxplorer.plugins.projectmanager.gui.ProjectChoiceTab.createHeapStackFields(ProjectChoiceTab.java:944) ~[filemanager.jar:?]
	at com.st.microxplorer.plugins.projectmanager.gui.ProjectChoiceTab.buildLinkSettingsPanel(ProjectChoiceTab.java:3475) ~[filemanager.jar:?]
	at com.st.microxplorer.plugins.projectmanager.gui.ProjectChoiceTab.defineWindowsFields(ProjectChoiceTab.java:1816) ~[filemanager.jar:?]
	at com.st.microxplorer.plugins.projectmanager.gui.ProjectChoiceTab.updateSettings(ProjectChoiceTab.java:544) ~[filemanager.jar:?]
	at com.st.microxplorer.plugins.projectmanager.gui.ProjectSettingsPanel.UpdateDialog(ProjectSettingsPanel.java:245) ~[filemanager.jar:?]
	at com.st.microxplorer.plugins.projectmanager.ProjectManagerView.propertyChange(ProjectManagerView.java:391) ~[filemanager.jar:?]
	at java.beans.PropertyChangeSupport.fire(PropertyChangeSupport.java:343) ~[?:?]
	at java.beans.PropertyChangeSupport.firePropertyChange(PropertyChangeSupport.java:335) ~[?:?]
	at java.beans.PropertyChangeSupport.firePropertyChange(PropertyChangeSupport.java:268) ~[?:?]
	at com.st.microxplorer.util.MXPropertyChangeSupport.firePropertyChange(MXPropertyChangeSupport.java:54) ~[STM32CubeMX.jar:?]
	at com.st.microxplorer.mxsystem.MxSystem.closeConfig(MxSystem.java:900) ~[STM32CubeMX.jar:?]
	at com.st.microxplorer.maingui.MainPanel.closeConfig(MainPanel.java:776) ~[STM32CubeMX.jar:?]
	at com.st.microxplorer.plugins.filemanager.engine.OpenFileManager.loadConfigurationFile(OpenFileManager.java:245) ~[filemanager.jar:?]
	at com.st.microxplorer.plugins.filemanager.engine.MainFileManager.userLoadConfig(MainFileManager.java:315) ~[filemanager.jar:?]
	at com.st.microxplorer.plugins.filemanager.engine.MainFileManager.userLoadConfig(MainFileManager.java:293) ~[filemanager.jar:?]
	at com.st.microxplorer.plugins.filemanager.FileManagerView.getSpecificTask(FileManagerView.java:247) ~[filemanager.jar:?]
	at com.st.stm32cube.common.mx.editor.CubeMxEditor.getMxTabbedPaneInstance(CubeMxEditor.java:1198) ~[com.st.stm32cube.common.mx_6.11.0.202403141607/:?]
	at com.st.stm32cube.common.mx.editor.CubeMxEditor$12$1.createSwingComponent(CubeMxEditor.java:1068) ~[com.st.stm32cube.common.mx_6.11.0.202403141607/:?]
	at com.st.stm32cube.common.mx.oss.core.awtswtbridge.EmbeddedSwingComposite.doComponentCreation(EmbeddedSwingComposite.java:492) ~[com.st.stm32cube.common.mx.oss_6.11.0.202403141607/:?]
	at com.st.stm32cube.common.mx.oss.core.awtswtbridge.EmbeddedSwingComposite$4.run(EmbeddedSwingComposite.java:291) ~[com.st.stm32cube.common.mx.oss_6.11.0.202403141607/:?]
	at com.st.stm32cube.common.mx.oss.core.awtswtbridge.AwtEnvironment$2.run(AwtEnvironment.java:166) ~[com.st.stm32cube.common.mx.oss_6.11.0.202403141607/:?]
	at java.awt.event.InvocationEvent.dispatch(InvocationEvent.java:318) ~[?:?]
	at java.awt.EventQueue.dispatchEventImpl(EventQueue.java:773) ~[?:?]
	at java.awt.EventQueue$4.run(EventQueue.java:720) ~[?:?]
	at java.awt.EventQueue$4.run(EventQueue.java:714) ~[?:?]
	at java.security.AccessController.doPrivileged(AccessController.java:399) ~[?:?]
	at java.security.ProtectionDomain$JavaSecurityAccessImpl.doIntersectionPrivilege(ProtectionDomain.java:86) ~[?:?]
	at java.awt.EventQueue.dispatchEvent(EventQueue.java:742) ~[?:?]
	at java.awt.EventDispatchThread.pumpOneEventForFilters(EventDispatchThread.java:203) ~[?:?]
	at java.awt.EventDispatchThread.pumpEventsForFilter(EventDispatchThread.java:124) ~[?:?]
	at java.awt.EventDispatchThread.pumpEventsForHierarchy(EventDispatchThread.java:113) ~[?:?]
	at java.awt.EventDispatchThread.pumpEvents(EventDispatchThread.java:109) ~[?:?]
	at java.awt.EventDispatchThread.pumpEvents(EventDispatchThread.java:101) ~[?:?]
	at java.awt.EventDispatchThread.run(EventDispatchThread.java:90) ~[?:?]
2025-12-28 14:31:00,636 [WARN] ThirdParty:871 - waiting for thirdparty lock release [close project]
2025-12-28 14:31:00,636 [INFO] ThirdParty:873 - entering critical section [close project]
2025-12-28 14:31:00,636 [INFO] ThirdParty:883 - exiting critical section [close project]
2025-12-28 14:31:00,637 [INFO] PinOutPanel:1561 - setPackage(No Configuration,No Configuration)
2025-12-28 14:31:00,666 [WARN] IpParametersView:151 - Warning: This peripheral hasn't parameters
2025-12-28 14:31:00,695 [WARN] MainPanel:272 - <html><b><center>Warning: This peripheral has no parameters to be configured<br></b></html>
2025-12-28 14:31:00,719 [INFO] UtilMem:75 - Begin LoadConfig() Used Memory: 794265072 Bytes (1073741824)
2025-12-28 14:31:00,719 [INFO] MicroXplorer:468 - Change Database Path : 
2025-12-28 14:31:00,720 [INFO] MicroXplorer:498 - Change Database Version : DB.6.0.110
2025-12-28 14:31:00,720 [INFO] OpenFileManager:312 - Change cursor
2025-12-28 14:31:00,728 [INFO] Mcu:2021 - Initializing MCU STM32F411C(C-E)Ux STM32F411CEUx STM32F411CEU6
2025-12-28 14:31:01,481 [INFO] Context:663 - Trying to add GPIOservice into a context  which must be forbidden
2025-12-28 14:31:01,713 [INFO] RtosManager:555 - Registered RTOS mode: class=CMSIS, group=RTOS, mode=CMSIS_V1, owner=FREERTOS
2025-12-28 14:31:01,713 [INFO] RtosManager:555 - Registered RTOS mode: class=CMSIS, group=RTOS2, mode=CMSIS_V2, owner=FREERTOS
2025-12-28 14:31:01,713 [INFO] RtosManager:555 - Registered RTOS mode: class=RTOS, group=Core, mode=CMSIS_V1, owner=FREERTOS
2025-12-28 14:31:01,713 [INFO] RtosManager:555 - Registered RTOS mode: class=RTOS, group=Core, mode=CMSIS_V2, owner=FREERTOS
2025-12-28 14:31:01,714 [WARN] ModelIntegratedComponent:184 - Missing modes for component STMicroelectronics:FreeRTOS:0.0.1:STMicroelectronics:RTOS:FreeRTOS:Core:::10.2.0:
2025-12-28 14:31:01,717 [WARN] ModelIntegratedComponent:63 - No mode defined for component null
2025-12-28 14:31:01,718 [WARN] ModelIntegratedComponent:63 - No mode defined for component null
2025-12-28 14:31:01,718 [WARN] ModelIntegratedComponent:63 - No mode defined for component null
2025-12-28 14:31:01,718 [WARN] ModelIntegratedComponent:63 - No mode defined for component null
2025-12-28 14:31:01,718 [WARN] ModelIntegratedComponent:63 - No mode defined for component null
2025-12-28 14:31:01,718 [WARN] ModelIntegratedComponent:63 - No mode defined for component null
2025-12-28 14:31:01,718 [WARN] ModelIntegratedComponent:63 - No mode defined for component null
2025-12-28 14:31:01,718 [WARN] ModelIntegratedComponent:63 - No mode defined for component null
2025-12-28 14:31:01,718 [WARN] ModelIntegratedComponent:63 - No mode defined for component null
2025-12-28 14:31:01,718 [WARN] ModelIntegratedComponent:63 - No mode defined for component null
2025-12-28 14:31:01,718 [WARN] ModelIntegratedComponent:63 - No mode defined for component null
2025-12-28 14:31:01,718 [WARN] ModelIntegratedComponent:63 - No mode defined for component null
2025-12-28 14:31:01,718 [WARN] ModelIntegratedComponent:63 - No mode defined for component null
2025-12-28 14:31:01,718 [WARN] ModelIntegratedComponent:63 - No mode defined for component null
2025-12-28 14:31:01,718 [WARN] ModelIntegratedComponent:63 - No mode defined for component null
2025-12-28 14:31:01,718 [WARN] ModelIntegratedComponent:63 - No mode defined for component null
2025-12-28 14:31:01,718 [WARN] ModelIntegratedComponent:63 - No mode defined for component null
2025-12-28 14:31:01,718 [WARN] ModelIntegratedComponent:63 - No mode defined for component null
2025-12-28 14:31:01,718 [WARN] ModelIntegratedComponent:63 - No mode defined for component null
2025-12-28 14:31:01,718 [WARN] ModelIntegratedComponent:63 - No mode defined for component null
2025-12-28 14:31:01,718 [WARN] ModelIntegratedComponent:63 - No mode defined for component null
2025-12-28 14:31:01,718 [WARN] ModelIntegratedComponent:63 - No mode defined for component null
2025-12-28 14:31:01,718 [WARN] ModelIntegratedComponent:63 - No mode defined for component null
2025-12-28 14:31:01,718 [WARN] ModelIntegratedComponent:63 - No mode defined for component null
2025-12-28 14:31:01,718 [WARN] ModelIntegratedComponent:63 - No mode defined for component null
2025-12-28 14:31:01,718 [WARN] ModelIntegratedComponent:63 - No mode defined for component null
2025-12-28 14:31:01,718 [WARN] ModelIntegratedComponent:63 - No mode defined for component null
2025-12-28 14:31:01,718 [WARN] ModelIntegratedComponent:63 - No mode defined for component null
2025-12-28 14:31:01,719 [WARN] ModelIntegratedComponent:63 - No mode defined for component null
2025-12-28 14:31:01,719 [WARN] ModelIntegratedComponent:63 - No mode defined for component null
2025-12-28 14:31:01,719 [WARN] ModelIntegratedComponent:63 - No mode defined for component null
2025-12-28 14:31:01,719 [WARN] ModelIntegratedComponent:63 - No mode defined for component null
2025-12-28 14:31:01,719 [WARN] ModelIntegratedComponent:63 - No mode defined for component null
2025-12-28 14:31:01,719 [WARN] ModelIntegratedComponent:63 - No mode defined for component null
2025-12-28 14:31:01,766 [WARN] ModelIntegratedComponent:182 - Modes not found for component STMicroelectronics:USB_DEVICE:1.0.0:STMicroelectronics:USB::USB Device:Audio HS::1.0:USB_DEVICE_1_0_RESTRICTED_HS
2025-12-28 14:31:01,767 [WARN] ModelIntegratedComponent:188 - Modes not found for component STMicroelectronics:USB_DEVICE:1.0.0:STMicroelectronics:USB::USB Device:Audio HS::1.0:USB_DEVICE_1_0_RESTRICTED_HS
2025-12-28 14:31:01,767 [WARN] ModelIntegratedComponent:182 - Modes not found for component STMicroelectronics:USB_DEVICE:1.0.0:STMicroelectronics:USB::USB Device:CDC HS::1.0:USB_DEVICE_1_0_RESTRICTED_HS
2025-12-28 14:31:01,767 [WARN] ModelIntegratedComponent:188 - Modes not found for component STMicroelectronics:USB_DEVICE:1.0.0:STMicroelectronics:USB::USB Device:CDC HS::1.0:USB_DEVICE_1_0_RESTRICTED_HS
2025-12-28 14:31:01,767 [WARN] ModelIntegratedComponent:182 - Modes not found for component STMicroelectronics:USB_DEVICE:1.0.0:STMicroelectronics:USB::USB Device:DFU HS::1.0:USB_DEVICE_1_0_RESTRICTED_HS
2025-12-28 14:31:01,767 [WARN] ModelIntegratedComponent:188 - Modes not found for component STMicroelectronics:USB_DEVICE:1.0.0:STMicroelectronics:USB::USB Device:DFU HS::1.0:USB_DEVICE_1_0_RESTRICTED_HS
2025-12-28 14:31:01,767 [WARN] ModelIntegratedComponent:182 - Modes not found for component STMicroelectronics:USB_DEVICE:1.0.0:STMicroelectronics:USB::USB Device:HID HS::1.0:USB_DEVICE_1_0_RESTRICTED_HS
2025-12-28 14:31:01,767 [WARN] ModelIntegratedComponent:188 - Modes not found for component STMicroelectronics:USB_DEVICE:1.0.0:STMicroelectronics:USB::USB Device:HID HS::1.0:USB_DEVICE_1_0_RESTRICTED_HS
2025-12-28 14:31:01,767 [WARN] ModelIntegratedComponent:182 - Modes not found for component STMicroelectronics:USB_DEVICE:1.0.0:STMicroelectronics:USB::USB Device:Custom HID HS::1.0:USB_DEVICE_1_0_RESTRICTED_HS
2025-12-28 14:31:01,767 [WARN] ModelIntegratedComponent:188 - Modes not found for component STMicroelectronics:USB_DEVICE:1.0.0:STMicroelectronics:USB::USB Device:Custom HID HS::1.0:USB_DEVICE_1_0_RESTRICTED_HS
2025-12-28 14:31:01,767 [WARN] ModelIntegratedComponent:182 - Modes not found for component STMicroelectronics:USB_DEVICE:1.0.0:STMicroelectronics:USB::USB Device:MSC HS::1.0:USB_DEVICE_1_0_RESTRICTED_HS
2025-12-28 14:31:01,767 [WARN] ModelIntegratedComponent:188 - Modes not found for component STMicroelectronics:USB_DEVICE:1.0.0:STMicroelectronics:USB::USB Device:MSC HS::1.0:USB_DEVICE_1_0_RESTRICTED_HS
2025-12-28 14:31:01,849 [WARN] ModelIntegratedComponent:182 - Modes not found for component STMicroelectronics:USB_HOST:1.0.0:STMicroelectronics:USB::USB Host:Audio HS::1.0:USB_HOST_1_0_RESTRICTED_HS
2025-12-28 14:31:01,849 [WARN] ModelIntegratedComponent:188 - Modes not found for component STMicroelectronics:USB_HOST:1.0.0:STMicroelectronics:USB::USB Host:Audio HS::1.0:USB_HOST_1_0_RESTRICTED_HS
2025-12-28 14:31:01,849 [WARN] ModelIntegratedComponent:182 - Modes not found for component STMicroelectronics:USB_HOST:1.0.0:STMicroelectronics:USB::USB Host:CDC HS::1.0:USB_HOST_1_0_RESTRICTED_HS
2025-12-28 14:31:01,849 [WARN] ModelIntegratedComponent:188 - Modes not found for component STMicroelectronics:USB_HOST:1.0.0:STMicroelectronics:USB::USB Host:CDC HS::1.0:USB_HOST_1_0_RESTRICTED_HS
2025-12-28 14:31:01,849 [WARN] ModelIntegratedComponent:182 - Modes not found for component STMicroelectronics:USB_HOST:1.0.0:STMicroelectronics:USB::USB Host:MSC HS::1.0:USB_HOST_1_0_RESTRICTED_HS
2025-12-28 14:31:01,849 [WARN] ModelIntegratedComponent:188 - Modes not found for component STMicroelectronics:USB_HOST:1.0.0:STMicroelectronics:USB::USB Host:MSC HS::1.0:USB_HOST_1_0_RESTRICTED_HS
2025-12-28 14:31:01,849 [WARN] ModelIntegratedComponent:182 - Modes not found for component STMicroelectronics:USB_HOST:1.0.0:STMicroelectronics:USB::USB Host:HID HS::1.0:USB_HOST_1_0_RESTRICTED_HS
2025-12-28 14:31:01,849 [WARN] ModelIntegratedComponent:188 - Modes not found for component STMicroelectronics:USB_HOST:1.0.0:STMicroelectronics:USB::USB Host:HID HS::1.0:USB_HOST_1_0_RESTRICTED_HS
2025-12-28 14:31:01,849 [WARN] ModelIntegratedComponent:182 - Modes not found for component STMicroelectronics:USB_HOST:1.0.0:STMicroelectronics:USB::USB Host:MTP HS::1.0:USB_HOST_1_0_RESTRICTED_HS
2025-12-28 14:31:01,849 [WARN] ModelIntegratedComponent:188 - Modes not found for component STMicroelectronics:USB_HOST:1.0.0:STMicroelectronics:USB::USB Host:MTP HS::1.0:USB_HOST_1_0_RESTRICTED_HS
2025-12-28 14:31:01,910 [INFO] ThirdPartyModel:298 - Start build external matchings
2025-12-28 14:31:03,225 [INFO] ThirdPartyModel:316 - End build external matchings
2025-12-28 14:31:03,257 [INFO] ImportTextPane:194 - (OptionalMessage_ERROR) IP (RCC) : Parameter (RTCHSEDivFreq_Value) has invalid value (12500000)
2025-12-28 14:31:03,483 [INFO] UtilMem:75 - End LoadConfig() Used Memory: 921710072 Bytes (1073741824)
2025-12-28 14:31:03,527 [WARN] ThirdParty:833 - waiting for thirdparty lock release [change project]
2025-12-28 14:31:03,527 [INFO] ThirdParty:835 - entering critical section [change project]
2025-12-28 14:31:03,527 [INFO] ThirdParty:1030 - CMSIS Pack Vendor :STMicroelectronics X-CUBE-PM33A1 1.0.0
2025-12-28 14:31:03,527 [INFO] ThirdParty:1030 - CMSIS Pack Vendor :STMicroelectronics USBPD 4.1
2025-12-28 14:31:03,527 [INFO] ThirdParty:1030 - CMSIS Pack Vendor :STMicroelectronics X-CUBE-GNSS1 6.0.0
2025-12-28 14:31:03,527 [INFO] ThirdParty:1030 - CMSIS Pack Vendor :STMicroelectronics USB_HOST 2.0.0
2025-12-28 14:31:03,527 [INFO] ThirdParty:1030 - CMSIS Pack Vendor :STMicroelectronics FP-SNS-MOTENVWB1 1.4.0
2025-12-28 14:31:03,527 [INFO] ThirdParty:1030 - CMSIS Pack Vendor :STMicroelectronics X-CUBE-AZRTOS-F4 1.1.0
2025-12-28 14:31:03,527 [INFO] ThirdParty:1030 - CMSIS Pack Vendor :STMicroelectronics LIBJPEG 8.0.0
2025-12-28 14:31:03,527 [INFO] ThirdParty:1030 - CMSIS Pack Vendor :STMicroelectronics FP-ATR-ASTRA1 2.0.2
2025-12-28 14:31:03,527 [INFO] ThirdParty:1030 - CMSIS Pack Vendor :STMicroelectronics FP-ATR-ASTRA1 2.0.1
2025-12-28 14:31:03,527 [INFO] ThirdParty:1030 - CMSIS Pack Vendor :STMicroelectronics X-CUBE-SMBUS 2.1.0
2025-12-28 14:31:03,527 [INFO] ThirdParty:1030 - CMSIS Pack Vendor :STMicroelectronics X-CUBE-WB05N 1.1.0
2025-12-28 14:31:03,527 [INFO] ThirdParty:1030 - CMSIS Pack Vendor :STMicroelectronics X-CUBE-ISPU 2.1.0
2025-12-28 14:31:03,527 [INFO] ThirdParty:1030 - CMSIS Pack Vendor :STMicroelectronics X-CUBE-FREERTOS 1.2.0
2025-12-28 14:31:03,527 [INFO] ThirdParty:1030 - CMSIS Pack Vendor :STMicroelectronics X-CUBE-NFC12 1.0.0
2025-12-28 14:31:03,527 [INFO] ThirdParty:1030 - CMSIS Pack Vendor :STMicroelectronics X-CUBE-TOUCHGFX 4.23.2
2025-12-28 14:31:03,527 [INFO] ThirdParty:1030 - CMSIS Pack Vendor :STMicroelectronics X-CUBE-AZRTOS-F7 1.1.0
2025-12-28 14:31:03,527 [INFO] ThirdParty:1030 - CMSIS Pack Vendor :STMicroelectronics X-CUBE-AZRTOS-L5 2.0.0
2025-12-28 14:31:03,527 [INFO] ThirdParty:1030 - CMSIS Pack Vendor :STMicroelectronics USB_DEVICE 2.0.0
2025-12-28 14:31:03,527 [INFO] ThirdParty:1030 - CMSIS Pack Vendor :STMicroelectronics X-CUBE-NFC6 3.1.0
2025-12-28 14:31:03,527 [INFO] ThirdParty:1030 - CMSIS Pack Vendor :STMicroelectronics X-CUBE-MEMS1 11.0.0
2025-12-28 14:31:03,527 [INFO] ThirdParty:1030 - CMSIS Pack Vendor :STMicroelectronics FreeRTOS 0.0.1
2025-12-28 14:31:03,527 [INFO] ThirdParty:1030 - CMSIS Pack Vendor :STMicroelectronics X-CUBE-DPower 1.2.0
2025-12-28 14:31:03,527 [INFO] ThirdParty:1030 - CMSIS Pack Vendor :STMicroelectronics FP-SNS-FLIGHT1 5.0.2
2025-12-28 14:31:03,527 [INFO] ThirdParty:1030 - CMSIS Pack Vendor :STMicroelectronics X-CUBE-AI 9.0.0
2025-12-28 14:31:03,527 [INFO] ThirdParty:1030 - CMSIS Pack Vendor :STMicroelectronics PDM2PCM 3.3.0
2025-12-28 14:31:03,527 [INFO] ThirdParty:1030 - CMSIS Pack Vendor :STMicroelectronics X-CUBE-AZRTOS-H7 3.4.0
2025-12-28 14:31:03,527 [INFO] ThirdParty:1030 - CMSIS Pack Vendor :STMicroelectronics X-CUBE-DISPLAY 3.0.0
2025-12-28 14:31:03,527 [INFO] ThirdParty:1030 - CMSIS Pack Vendor :STMicroelectronics X-CUBE-BLE1 7.0.0
2025-12-28 14:31:03,527 [INFO] ThirdParty:1030 - CMSIS Pack Vendor :STMicroelectronics X-CUBE-NFC10 1.0.0
2025-12-28 14:31:03,527 [INFO] ThirdParty:1030 - CMSIS Pack Vendor :STMicroelectronics X-CUBE-BLEMGR 4.0.0
2025-12-28 14:31:03,527 [INFO] ThirdParty:1030 - CMSIS Pack Vendor :STMicroelectronics X-CUBE-FREERTOS 1.3.1
2025-12-28 14:31:03,527 [INFO] ThirdParty:1030 - CMSIS Pack Vendor :STMicroelectronics HAL Drivers 0.0.0
2025-12-28 14:31:03,527 [INFO] ThirdParty:1030 - CMSIS Pack Vendor :emotas I-CUBE-CANOPEN 1.3.0
2025-12-28 14:31:03,527 [INFO] ThirdParty:1030 - CMSIS Pack Vendor :STMicroelectronics X-CUBE-FREERTOS 1.3.0
2025-12-28 14:31:03,527 [INFO] ThirdParty:1030 - CMSIS Pack Vendor :STMicroelectronics X-CUBE-NFC7 1.0.1
2025-12-28 14:31:03,527 [INFO] ThirdParty:1030 - CMSIS Pack Vendor :STMicroelectronics MBEDTLS 2.14.1
2025-12-28 14:31:03,527 [INFO] ThirdParty:1030 - CMSIS Pack Vendor :STMicroelectronics X-CUBE-GNSS1 7.1.0
2025-12-28 14:31:03,527 [INFO] ThirdParty:1030 - CMSIS Pack Vendor :STMicroelectronics X-CUBE-TOUCHGFX 4.26.0
2025-12-28 14:31:03,527 [INFO] ThirdParty:1030 - CMSIS Pack Vendor :STMicroelectronics X-CUBE-BLEMGR 3.1.0
2025-12-28 14:31:03,527 [INFO] ThirdParty:1030 - CMSIS Pack Vendor :STMicroelectronics X-CUBE-AI 10.0.0
2025-12-28 14:31:03,527 [INFO] ThirdParty:1030 - CMSIS Pack Vendor :STMicroelectronics FP-SNS-SMARTAG2 1.2.0
2025-12-28 14:31:03,527 [INFO] ThirdParty:1030 - CMSIS Pack Vendor :STMicroelectronics X-CUBE-MEMS1 11.1.0
2025-12-28 14:31:03,527 [INFO] ThirdParty:1030 - CMSIS Pack Vendor :STMicroelectronics X-CUBE-AZRTOS-WL 2.0.0
2025-12-28 14:31:03,527 [INFO] ThirdParty:1030 - CMSIS Pack Vendor :STMicroelectronics X-CUBE-DPower 1.3.0
2025-12-28 14:31:03,527 [INFO] ThirdParty:1030 - CMSIS Pack Vendor :STMicroelectronics FP-SNS-MOTENV1 5.0.0
2025-12-28 14:31:03,527 [INFO] ThirdParty:1030 - CMSIS Pack Vendor :STMicroelectronics USB_DEVICE 1.0.0
2025-12-28 14:31:03,527 [INFO] ThirdParty:1030 - CMSIS Pack Vendor :STMicroelectronics X-CUBE-AZRTOS-H7RS 1.2.0
2025-12-28 14:31:03,527 [INFO] ThirdParty:1030 - CMSIS Pack Vendor :wolfSSL I-CUBE-wolfMQTT 1.19.0
2025-12-28 14:31:03,527 [INFO] ThirdParty:1030 - CMSIS Pack Vendor :STMicroelectronics X-CUBE-AZRTOS-L4 2.0.0
2025-12-28 14:31:03,527 [INFO] ThirdParty:1030 - CMSIS Pack Vendor :STMicroelectronics ThreadX 0.0.2
2025-12-28 14:31:03,528 [INFO] ThirdParty:1030 - CMSIS Pack Vendor :WES I-CUBE-Cesium 1.3.0
2025-12-28 14:31:03,528 [INFO] ThirdParty:1030 - CMSIS Pack Vendor :STMicroelectronics lwIP 2.1.2
2025-12-28 14:31:03,528 [INFO] ThirdParty:1030 - CMSIS Pack Vendor :STMicroelectronics X-CUBE-SFXS2LP1 4.0.0
2025-12-28 14:31:03,528 [INFO] ThirdParty:1030 - CMSIS Pack Vendor :STMicroelectronics X-CUBE-BLE2 3.3.0
2025-12-28 14:31:03,528 [INFO] ThirdParty:1030 - CMSIS Pack Vendor :STMicroelectronics PDM2PCM 3.2.0
2025-12-28 14:31:03,528 [INFO] ThirdParty:1030 - CMSIS Pack Vendor :STMicroelectronics X-CUBE-AZRTOS-H7 3.3.0
2025-12-28 14:31:03,528 [INFO] ThirdParty:1030 - CMSIS Pack Vendor :STMicroelectronics X-CUBE-NFC9 1.0.0
2025-12-28 14:31:03,528 [INFO] ThirdParty:1030 - CMSIS Pack Vendor :STMicroelectronics X-CUBE-BLE1 7.1.0
2025-12-28 14:31:03,528 [INFO] ThirdParty:1030 - CMSIS Pack Vendor :STMicroelectronics USB_DEVICE 3.0.0
2025-12-28 14:31:03,528 [INFO] ThirdParty:1030 - CMSIS Pack Vendor :STMicroelectronics X-CUBE-TCPP 4.1.0
2025-12-28 14:31:03,528 [INFO] ThirdParty:1030 - CMSIS Pack Vendor :STMicroelectronics X-CUBE-EEPRMA1 5.2.0
2025-12-28 14:31:03,528 [INFO] ThirdParty:1030 - CMSIS Pack Vendor :STMicroelectronics X-CUBE-IPS 3.0.0
2025-12-28 14:31:03,528 [INFO] ThirdParty:1030 - CMSIS Pack Vendor :STMicroelectronics X-CUBE-AZRTOS-WB 2.0.0
2025-12-28 14:31:03,528 [INFO] ThirdParty:1030 - CMSIS Pack Vendor :STMicroelectronics X-CUBE-GNSS1 7.0.0
2025-12-28 14:31:03,528 [INFO] ThirdParty:1030 - CMSIS Pack Vendor :STMicroelectronics X-CUBE-GNSS1 7.0.1
2025-12-28 14:31:03,528 [INFO] ThirdParty:1030 - CMSIS Pack Vendor :STMicroelectronics X-CUBE-TOUCHGFX 4.25.0
2025-12-28 14:31:03,528 [INFO] ThirdParty:1030 - CMSIS Pack Vendor :STMicroelectronics FP-SNS-STBOX1 2.0.0
2025-12-28 14:31:03,528 [INFO] ThirdParty:1030 - CMSIS Pack Vendor :STMicroelectronics X-CUBE-MEMS1 12.0.0
2025-12-28 14:31:03,528 [INFO] ThirdParty:1030 - CMSIS Pack Vendor :STMicroelectronics X-CUBE-ALGOBUILD 1.3.0
2025-12-28 14:31:03,528 [INFO] ThirdParty:1030 - CMSIS Pack Vendor :STMicroelectronics X-CUBE-MEMS1 11.2.0
2025-12-28 14:31:03,528 [INFO] ThirdParty:1030 - CMSIS Pack Vendor :STMicroelectronics X-CUBE-AZRTOS-G0 1.1.0
2025-12-28 14:31:03,528 [INFO] ThirdParty:1030 - CMSIS Pack Vendor :STMicroelectronics X-CUBE-SAFEA1 1.2.2
2025-12-28 14:31:03,528 [INFO] ThirdParty:1030 - CMSIS Pack Vendor :STMicroelectronics X-CUBE-NFC4 3.0.0
2025-12-28 14:31:03,528 [INFO] ThirdParty:1030 - CMSIS Pack Vendor :STMicroelectronics X-CUBE-SUBG2 5.0.0
2025-12-28 14:31:03,528 [INFO] ThirdParty:1030 - CMSIS Pack Vendor :STMicroelectronics X-CUBE-AZRTOS-H7RS 1.1.0
2025-12-28 14:31:03,528 [INFO] ThirdParty:1030 - CMSIS Pack Vendor :STMicroelectronics STM32_WPAN 1.0.0
2025-12-28 14:31:03,528 [INFO] ThirdParty:1030 - CMSIS Pack Vendor :EmbeddedOffice I-CUBE-FS-RTOS 1.0.1
2025-12-28 14:31:03,528 [INFO] ThirdParty:1030 - CMSIS Pack Vendor :STMicroelectronics lwIP 2.0.3
2025-12-28 14:31:03,528 [INFO] ThirdParty:1030 - CMSIS Pack Vendor :Cesanta I-CUBE-Mongoose 7.13.0
2025-12-28 14:31:03,528 [INFO] ThirdParty:1030 - CMSIS Pack Vendor :STMicroelectronics USB_HOST 1.0.0
2025-12-28 14:31:03,528 [INFO] ThirdParty:1030 - CMSIS Pack Vendor :STMicroelectronics X-CUBE-AZRTOS-G4 2.0.0
2025-12-28 14:31:03,528 [INFO] ThirdParty:1030 - CMSIS Pack Vendor :STMicroelectronics X-CUBE-WB05N 2.0.0
2025-12-28 14:31:03,528 [INFO] ThirdParty:1030 - CMSIS Pack Vendor :STMicroelectronics PDM2PCM 3.1.0
2025-12-28 14:31:03,528 [INFO] ThirdParty:1030 - CMSIS Pack Vendor :STMicroelectronics X-CUBE-NFC7 2.0.0
2025-12-28 14:31:03,528 [INFO] ThirdParty:1030 - CMSIS Pack Vendor :RealThread X-CUBE-RT-Thread_Nano 4.1.1
2025-12-28 14:31:03,528 [INFO] ThirdParty:1030 - CMSIS Pack Vendor :wolfSSL I-CUBE-wolfSSL 5.7.0
2025-12-28 14:31:03,528 [INFO] ThirdParty:1030 - CMSIS Pack Vendor :STMicroelectronics FP-ATR-SIGFOX1 3.2.0
2025-12-28 14:31:03,528 [INFO] ThirdParty:1030 - CMSIS Pack Vendor :quantropi X-CUBE-qispace-sdk-base 1.9.3
2025-12-28 14:31:03,528 [INFO] ThirdParty:1030 - CMSIS Pack Vendor :STMicroelectronics X-CUBE-ISPU 2.0.0
2025-12-28 14:31:03,528 [INFO] ThirdParty:1030 - CMSIS Pack Vendor :STMicroelectronics X-CUBE-EEPRMA1 5.1.0
2025-12-28 14:31:03,528 [INFO] ThirdParty:1030 - CMSIS Pack Vendor :STMicroelectronics MBEDTLS 2.16.2
2025-12-28 14:31:03,528 [INFO] ThirdParty:1030 - CMSIS Pack Vendor :STMicroelectronics X-CUBE-ALS 1.0.2
2025-12-28 14:31:03,528 [INFO] ThirdParty:1030 - CMSIS Pack Vendor :STMicroelectronics X-CUBE-MEMS1 10.0.0
2025-12-28 14:31:03,528 [INFO] ThirdParty:1030 - CMSIS Pack Vendor :STMicroelectronics X-CUBE-FREERTOS 1.1.0
2025-12-28 14:31:03,528 [INFO] ThirdParty:1030 - CMSIS Pack Vendor :ITTIA_DB I-CUBE-ITTIADB 8.9.0
2025-12-28 14:31:03,528 [INFO] ThirdParty:1030 - CMSIS Pack Vendor :STMicroelectronics X-CUBE-TOUCHGFX 4.24.2
2025-12-28 14:31:03,528 [INFO] ThirdParty:1030 - CMSIS Pack Vendor :STMicroelectronics X-CUBE-TOUCHGFX 4.24.1
2025-12-28 14:31:03,528 [INFO] ThirdParty:1030 - CMSIS Pack Vendor :STMicroelectronics X-CUBE-STSE01 1.0.0
2025-12-28 14:31:03,528 [INFO] ThirdParty:1030 - CMSIS Pack Vendor :wolfSSL I-CUBE-wolfTPM 3.4.0
2025-12-28 14:31:03,528 [INFO] ThirdParty:1030 - CMSIS Pack Vendor :portGmbH I-Cube-SoM-uGOAL 1.1.0
2025-12-28 14:31:03,528 [INFO] ThirdParty:1030 - CMSIS Pack Vendor :STMicroelectronics X-CUBE-ALS 1.0.1
2025-12-28 14:31:03,528 [INFO] ThirdParty:1030 - CMSIS Pack Vendor :STMicroelectronics X-CUBE-AI 10.2.0
2025-12-28 14:31:03,528 [INFO] ThirdParty:1030 - CMSIS Pack Vendor :STMicroelectronics ThreadX 1.0.0
2025-12-28 14:31:03,528 [INFO] ThirdParty:1030 - CMSIS Pack Vendor :SEGGER I-CUBE-embOS 1.3.1
2025-12-28 14:31:03,528 [INFO] ThirdParty:1030 - CMSIS Pack Vendor :STMicroelectronics X-CUBE-ALGOBUILD 1.4.0
2025-12-28 14:31:03,529 [INFO] ThirdParty:1030 - CMSIS Pack Vendor :STMicroelectronics X-CUBE-AZRTOS-H7RS 1.0.0
2025-12-28 14:31:03,529 [INFO] ThirdParty:1030 - CMSIS Pack Vendor :STMicroelectronics FP-ATR-ASTRA1 2.0.0
2025-12-28 14:31:03,529 [INFO] ThirdParty:1030 - CMSIS Pack Vendor :STMicroelectronics X-CUBE-TOF1 3.4.2
2025-12-28 14:31:03,529 [INFO] ThirdParty:1030 - CMSIS Pack Vendor :STMicroelectronics X-CUBE-AI 9.1.0
2025-12-28 14:31:03,529 [INFO] ThirdParty:1030 - CMSIS Pack Vendor :STMicroelectronics X-CUBE-TOF1 3.4.1
2025-12-28 14:31:03,529 [INFO] ThirdParty:1030 - CMSIS Pack Vendor :STMicroelectronics X-CUBE-AZRTOS-H7 3.2.0
2025-12-28 14:31:03,529 [INFO] ThirdParty:1030 - CMSIS Pack Vendor :Infineon AIROC-Wi-Fi-Bluetooth-STM32 1.6.0
2025-12-28 14:31:03,529 [INFO] ThirdParty:1030 - CMSIS Pack Vendor :wolfSSL I-CUBE-wolfSSH 1.4.17
2025-12-28 14:31:03,529 [INFO] ThirdParty:841 - exiting critical section [change project]
2025-12-28 14:31:03,743 [INFO] PinOutPanel:1561 - setPackage(No Configuration,No Configuration)
2025-12-28 14:31:03,744 [INFO] PinOutPanel:1561 - setPackage(STM32F411CEUx,UFQFPN48)
2025-12-28 14:31:03,919 [INFO] UtilMem:75 - Before build in PCC Used Memory: 837423016 Bytes (1073741824)
2025-12-28 14:31:04,203 [INFO] UtilMem:75 - After build in PCC Used Memory: 879711424 Bytes (1073741824)
2025-12-28 14:31:04,222 [INFO] IPUIPlugin:80 - create IPUIPlugin
2025-12-28 14:31:04,222 [INFO] IPUIPlugin:80 - create IPUIPlugin
2025-12-28 14:31:04,222 [INFO] IPUIPlugin:80 - create IPUIPlugin
2025-12-28 14:31:04,223 [INFO] IPUIPlugin:80 - create IPUIPlugin
2025-12-28 14:31:04,223 [INFO] IPUIPlugin:80 - create IPUIPlugin
2025-12-28 14:31:04,223 [INFO] IPUIPlugin:80 - create IPUIPlugin
2025-12-28 14:31:04,223 [INFO] IPUIPlugin:80 - create IPUIPlugin
2025-12-28 14:31:04,223 [INFO] IPUIPlugin:80 - create IPUIPlugin
2025-12-28 14:31:04,223 [INFO] IPUIPlugin:80 - create IPUIPlugin
2025-12-28 14:31:04,223 [INFO] IPUIPlugin:80 - create IPUIPlugin
2025-12-28 14:31:04,223 [INFO] IPUIPlugin:80 - create IPUIPlugin
2025-12-28 14:31:04,223 [INFO] IPUIPlugin:80 - create IPUIPlugin
2025-12-28 14:31:04,223 [INFO] IPUIPlugin:80 - create IPUIPlugin
2025-12-28 14:31:04,223 [INFO] IPUIPlugin:80 - create IPUIPlugin
2025-12-28 14:31:04,223 [INFO] IPUIPlugin:80 - create IPUIPlugin
2025-12-28 14:31:04,223 [INFO] IPUIPlugin:80 - create IPUIPlugin
2025-12-28 14:31:04,223 [INFO] IPUIPlugin:80 - create IPUIPlugin
2025-12-28 14:31:04,223 [INFO] IPUIPlugin:80 - create IPUIPlugin
2025-12-28 14:31:04,224 [INFO] IPUIPlugin:80 - create IPUIPlugin
2025-12-28 14:31:04,224 [INFO] IPUIPlugin:80 - create IPUIPlugin
2025-12-28 14:31:04,224 [INFO] IPUIPlugin:80 - create IPUIPlugin
2025-12-28 14:31:04,224 [INFO] IPUIPlugin:80 - create IPUIPlugin
2025-12-28 14:31:04,224 [INFO] IPUIPlugin:80 - create IPUIPlugin
2025-12-28 14:31:04,224 [INFO] IPUIPlugin:80 - create IPUIPlugin
2025-12-28 14:31:04,224 [INFO] IPUIPlugin:80 - create IPUIPlugin
2025-12-28 14:31:04,224 [INFO] IPUIPlugin:80 - create IPUIPlugin
2025-12-28 14:31:04,224 [INFO] IPUIPlugin:80 - create IPUIPlugin
2025-12-28 14:31:04,225 [INFO] IPUIPlugin:80 - create IPUIPlugin
2025-12-28 14:31:04,225 [INFO] IPUIPlugin:80 - create IPUIPlugin
2025-12-28 14:31:04,225 [INFO] IPUIPlugin:80 - create IPUIPlugin
2025-12-28 14:31:04,225 [INFO] IPUIPlugin:80 - create IPUIPlugin
2025-12-28 14:31:04,225 [INFO] IPUIPlugin:80 - create IPUIPlugin
2025-12-28 14:31:04,225 [INFO] IPUIPlugin:80 - create IPUIPlugin
2025-12-28 14:31:04,225 [INFO] IPUIPlugin:80 - create IPUIPlugin
2025-12-28 14:31:04,225 [INFO] IPUIPlugin:80 - create IPUIPlugin
2025-12-28 14:31:04,226 [INFO] IPUIPlugin:80 - create IPUIPlugin
2025-12-28 14:31:04,226 [INFO] IPUIPlugin:80 - create IPUIPlugin
2025-12-28 14:31:04,226 [INFO] IPUIPlugin:80 - create IPUIPlugin
2025-12-28 14:31:04,226 [INFO] IPUIPlugin:80 - create IPUIPlugin
2025-12-28 14:31:04,226 [INFO] IPUIPlugin:80 - create IPUIPlugin
2025-12-28 14:31:04,226 [INFO] IPUIPlugin:80 - create IPUIPlugin
2025-12-28 14:31:04,227 [INFO] IPUIPlugin:80 - create IPUIPlugin
2025-12-28 14:31:04,227 [INFO] IPUIPlugin:80 - create IPUIPlugin
2025-12-28 14:31:04,232 [INFO] ApiDbMcu:508 - Load IP Config File for PDM2PCM
2025-12-28 14:31:04,234 [WARN] IP:2120 - I2C_Coeff_DF not found: check if there is a RefParameter without a condition.
2025-12-28 14:31:04,234 [WARN] IP:2120 - Analog_Filter not found: check if there is a RefParameter without a condition.
2025-12-28 14:31:04,290 [INFO] CADModel:165 - CPN selected for project levelSTM32F411CEU6
2025-12-28 14:31:04,290 [INFO] CADModel:114 - Register for checkConnection events
2025-12-28 14:31:04,348 [INFO] OpenFileManager:343 - Restore cursor
2025-12-28 14:31:04,499 [WARN] IP:2120 - I2C_Coeff_DF not found: check if there is a RefParameter without a condition.
2025-12-28 14:31:04,499 [WARN] IP:2120 - Analog_Filter not found: check if there is a RefParameter without a condition.
2025-12-28 14:31:04,500 [WARN] IP:2120 - I2C_Coeff_DF not found: check if there is a RefParameter without a condition.
2025-12-28 14:31:04,500 [WARN] IP:2120 - Analog_Filter not found: check if there is a RefParameter without a condition.
2025-12-28 14:31:20,194 [WARN] IP:2120 - I2C_Coeff_DF not found: check if there is a RefParameter without a condition.
2025-12-28 14:31:20,194 [WARN] IP:2120 - Analog_Filter not found: check if there is a RefParameter without a condition.
2025-12-28 16:50:49,669 [ERROR] LogOutputStream:75 - [STDERR_REDIRECT] 
2025-12-28 16:50:49,670 [ERROR] LogOutputStream:75 - [STDERR_REDIRECT] 
