2026-07-31 15:46:13,065 [INFO] Activator:176 - 


2026-07-31 15:46:13,100 [INFO] Activator:177 - !SESSION log4j initialized
2026-07-31 15:47:23,678 [INFO] LogOutputStream:77 - [STDOUT_REDIRECT] 
2026-07-31 15:47:43,368 [INFO] ApplicationProperties:184 - Using Application install path: D:\Documentos\Electronica\Nueva carpeta\STM32CubeIDE_1.15.0\STM32CubeIDE\plugins\com.st.stm32cube.common.mx_6.11.0.202403141607
2026-07-31 15:47:43,571 [INFO] DbMcusXml:78 - Set database path to: D:\Documentos\Electronica\Nueva carpeta\STM32CubeIDE_1.15.0\STM32CubeIDE\plugins\com.st.stm32cube.common.mx_6.11.0.202403141607\\db\/mcu/
2026-07-31 15:47:43,571 [INFO] ApiDb:274 - Set plugin database path to: D:\Documentos\Electronica\Nueva carpeta\STM32CubeIDE_1.15.0\STM32CubeIDE\plugins\com.st.stm32cube.common.mx_6.11.0.202403141607\\db\/plugins/boardmanager/
2026-07-31 15:47:43,571 [WARN] ApiDb:259 - Overriding images path with different value:  => D:\Documentos\Electronica\Nueva carpeta\STM32CubeIDE_1.15.0\STM32CubeIDE\plugins\com.st.stm32cube.common.mx_6.11.0.202403141607\\db\/plugins/mcufinder/images/
2026-07-31 15:47:44,299 [INFO] ApiDb:250 - Set database path to: C:\Users\USER\.stmcufinder\plugins\mcufinder//mcu/
2026-07-31 15:47:44,300 [INFO] DbMcusAds:125 - Set database path to: C:\Users\USER\.stmcufinder\plugins\mcufinder//mcu/
2026-07-31 15:47:44,312 [INFO] CrossReferenceDbSqlite:203 - Set database path to: C:\Users\USER\.stmcufinder\plugins\mcufinder//mcu/cs/
2026-07-31 15:47:45,927 [INFO] RulesReader:64 - Compatibility file has been processed (297 Rules)
2026-07-31 15:47:48,841 [INFO] DbMcusXml:78 - Set database path to: D:\Documentos\Electronica\Nueva carpeta\STM32CubeIDE_1.15.0\STM32CubeIDE\plugins\com.st.stm32cube.common.mx_6.11.0.202403141607\\db\/mcu/
2026-07-31 15:47:48,841 [INFO] ApiDb:274 - Set plugin database path to: D:\Documentos\Electronica\Nueva carpeta\STM32CubeIDE_1.15.0\STM32CubeIDE\plugins\com.st.stm32cube.common.mx_6.11.0.202403141607\\db\/plugins/boardmanager/
2026-07-31 15:47:48,842 [INFO] ApiDb:261 - Set plugin images path to: D:\Documentos\Electronica\Nueva carpeta\STM32CubeIDE_1.15.0\STM32CubeIDE\plugins\com.st.stm32cube.common.mx_6.11.0.202403141607\\db\/plugins/mcufinder/images/
2026-07-31 15:47:48,842 [WARN] DbFile:41 - Overriding database path with different value: C:\Users\USER\.stmcufinder\plugins\mcufinder/ => C:\Users\USER\.stmcufinder\plugins\mcufinder
2026-07-31 15:47:48,842 [INFO] ApiDb:250 - Set database path to: C:\Users\USER\.stmcufinder\plugins\mcufinder//mcu/
2026-07-31 15:47:48,842 [WARN] DbFile:41 - Overriding database path with different value: C:\Users\USER\.stmcufinder\plugins\mcufinder/ => C:\Users\USER\.stmcufinder\plugins\mcufinder
2026-07-31 15:47:48,842 [INFO] DbMcusAds:125 - Set database path to: C:\Users\USER\.stmcufinder\plugins\mcufinder//mcu/
2026-07-31 15:47:48,842 [WARN] DbFile:41 - Overriding database path with different value: C:\Users\USER\.stmcufinder\plugins\mcufinder/ => C:\Users\USER\.stmcufinder\plugins\mcufinder
2026-07-31 15:47:48,842 [WARN] DbFile:41 - Overriding database path with different value: C:\Users\USER\.stmcufinder\plugins\mcufinder/ => C:\Users\USER\.stmcufinder\plugins\mcufinder
2026-07-31 15:47:48,842 [INFO] CrossReferenceDbSqlite:203 - Set database path to: C:\Users\USER\.stmcufinder\plugins\mcufinder//mcu/cs/
2026-07-31 15:47:51,364 [INFO] MainPanel:264 - HeapMemory: 268435456
2026-07-31 15:47:53,997 [INFO] DbMcusXml:78 - Set database path to: D:\Documentos\Electronica\Nueva carpeta\STM32CubeIDE_1.15.0\STM32CubeIDE\plugins\com.st.stm32cube.common.mx_6.11.0.202403141607\\db\/mcu/
2026-07-31 15:47:53,998 [INFO] ApiDb:274 - Set plugin database path to: D:\Documentos\Electronica\Nueva carpeta\STM32CubeIDE_1.15.0\STM32CubeIDE\plugins\com.st.stm32cube.common.mx_6.11.0.202403141607\\db\/plugins/boardmanager/
2026-07-31 15:47:53,998 [INFO] ApiDb:261 - Set plugin images path to: D:\Documentos\Electronica\Nueva carpeta\STM32CubeIDE_1.15.0\STM32CubeIDE\plugins\com.st.stm32cube.common.mx_6.11.0.202403141607\\db\/plugins/mcufinder/images/
2026-07-31 15:47:53,998 [WARN] DbFile:41 - Overriding database path with different value: C:\Users\USER\.stmcufinder\plugins\mcufinder/ => C:\Users\USER\.stmcufinder\plugins\mcufinder
2026-07-31 15:47:53,998 [INFO] ApiDb:250 - Set database path to: C:\Users\USER\.stmcufinder\plugins\mcufinder//mcu/
2026-07-31 15:47:53,999 [WARN] DbFile:41 - Overriding database path with different value: C:\Users\USER\.stmcufinder\plugins\mcufinder/ => C:\Users\USER\.stmcufinder\plugins\mcufinder
2026-07-31 15:47:53,999 [INFO] DbMcusAds:125 - Set database path to: C:\Users\USER\.stmcufinder\plugins\mcufinder//mcu/
2026-07-31 15:47:53,999 [WARN] DbFile:41 - Overriding database path with different value: C:\Users\USER\.stmcufinder\plugins\mcufinder/ => C:\Users\USER\.stmcufinder\plugins\mcufinder
2026-07-31 15:47:53,999 [WARN] DbFile:41 - Overriding database path with different value: C:\Users\USER\.stmcufinder\plugins\mcufinder/ => C:\Users\USER\.stmcufinder\plugins\mcufinder
2026-07-31 15:47:53,999 [INFO] CrossReferenceDbSqlite:203 - Set database path to: C:\Users\USER\.stmcufinder\plugins\mcufinder//mcu/cs/
2026-07-31 15:47:54,114 [INFO] ApplicationProperties:184 - Using Application install path: D:\Documentos\Electronica\Nueva carpeta\STM32CubeIDE_1.15.0\STM32CubeIDE\plugins\com.st.stm32cube.common.mx_6.11.0.202403141607
2026-07-31 15:47:54,126 [INFO] PluginManage:196 - Search for loadable plugins [exclusion list=, ]
2026-07-31 15:47:54,141 [INFO] PluginManage:310 - Check plugin analytics
2026-07-31 15:47:54,560 [INFO] AnalyticsPlugin:253 - Accepted Software Licenses: 
2026-07-31 15:47:54,560 [INFO] AnalyticsPlugin:255 - Accepted CMSIS Pack Licenses: STMicroelectronics.X-CUBE-TOUCHGFX.4.26.0,STMicroelectronics.X-CUBE-TOF1.3.4.2
2026-07-31 15:47:54,560 [INFO] AnalyticsPlugin:257 - Accepted Firmware Licenses: FW.F7.1.17.0,FW.H7.1.11.0,FW.F4.1.28.0
2026-07-31 15:47:54,563 [INFO] PluginManage:359 - Loaded plugin analytics (category:tool,tabindex:-1)
2026-07-31 15:47:54,564 [INFO] PluginManage:310 - Check plugin cadmodel
2026-07-31 15:47:54,754 [INFO] CADModel:105 - Init CAD model plugin
2026-07-31 15:47:54,754 [INFO] PluginManage:359 - Loaded plugin cadmodel (category:power,tabindex:5)
2026-07-31 15:47:54,754 [INFO] PluginManage:310 - Check plugin clock
2026-07-31 15:47:54,825 [INFO] PluginManage:359 - Loaded plugin clock (category:base,tabindex:2)
2026-07-31 15:47:54,826 [INFO] PluginManage:310 - Check plugin ddr
2026-07-31 15:47:54,856 [INFO] PluginManage:359 - Loaded plugin ddr (category:tool,tabindex:6)
2026-07-31 15:47:54,857 [INFO] PluginManage:310 - Check plugin filemanager
2026-07-31 15:47:55,274 [INFO] PluginManage:359 - Loaded plugin filemanager (category:base,tabindex:10)
2026-07-31 15:47:55,274 [INFO] PluginManage:310 - Check plugin ipmanager
2026-07-31 15:47:55,342 [INFO] PluginManage:359 - Loaded plugin ipmanager (category:base,tabindex:5)
2026-07-31 15:47:55,342 [INFO] PluginManage:310 - Check plugin lpbam
2026-07-31 15:47:55,390 [INFO] PluginManage:359 - Loaded plugin lpbam (category:base,tabindex:0)
2026-07-31 15:47:55,390 [INFO] PluginManage:310 - Check plugin memorymap
2026-07-31 15:47:55,458 [INFO] PluginManage:359 - Loaded plugin memorymap (category:base,tabindex:4)
2026-07-31 15:47:55,458 [INFO] PluginManage:310 - Check plugin pinoutandconfiguration
2026-07-31 15:47:55,498 [INFO] PluginManage:359 - Loaded plugin pinoutandconfiguration (category:base,tabindex:1)
2026-07-31 15:47:55,500 [INFO] PluginManage:310 - Check plugin pinoutconfig
2026-07-31 15:47:55,703 [WARN] SupportedApi:132 - Cannot load RTOS API schema: s4s-elt-must-match.1: The content of 'definitions' must match (annotation?, (simpleType | complexType)?, (unique | key | keyref)*)). A problem was found starting at: attribute.
2026-07-31 15:47:57,834 [INFO] PluginManage:359 - Loaded plugin pinoutconfig (category:base,tabindex:0)
2026-07-31 15:47:57,834 [INFO] PluginManage:310 - Check plugin power
2026-07-31 15:47:58,190 [INFO] PluginManage:359 - Loaded plugin power (category:power,tabindex:4)
2026-07-31 15:47:58,190 [INFO] PluginManage:310 - Check plugin projectmanager
2026-07-31 15:47:58,351 [INFO] PluginManage:359 - Loaded plugin projectmanager (category:projectmanager,tabindex:3)
2026-07-31 15:47:58,351 [INFO] PluginManage:310 - Check plugin thirdparty
2026-07-31 15:48:01,233 [INFO] PluginManage:359 - Loaded plugin thirdparty (category:base,tabindex:-1)
2026-07-31 15:48:01,233 [WARN] IntegrityCheckThread:84 - waiting for thirdparty lock release [integrity check]
2026-07-31 15:48:01,233 [INFO] PluginManage:310 - Check plugin tools
2026-07-31 15:48:01,233 [INFO] IntegrityCheckThread:86 - entering critical section [integrity check]
2026-07-31 15:48:01,234 [INFO] ThirdPartyUpdaterWithRetryManager:70 - Updater plugin not ready yet. [1/15]
2026-07-31 15:48:01,297 [INFO] PluginManage:359 - Loaded plugin tools (category:base,tabindex:7)
2026-07-31 15:48:01,298 [INFO] PluginManage:310 - Check plugin tutovideos
2026-07-31 15:48:04,241 [INFO] ThirdPartyUpdaterWithRetryManager:70 - Updater plugin not ready yet. [2/15]
2026-07-31 15:48:04,631 [INFO] PluginManage:359 - Loaded plugin tutovideos (category:base,tabindex:-1)
2026-07-31 15:48:04,631 [INFO] PluginManage:310 - Check plugin updater
2026-07-31 15:48:04,811 [INFO] PluginManage:359 - Loaded plugin updater (category:base,tabindex:12)
2026-07-31 15:48:04,811 [INFO] PluginManage:310 - Check plugin userauth
2026-07-31 15:48:04,878 [INFO] UserAuth:114 - Init User Auth plugin
2026-07-31 15:48:04,878 [INFO] PluginManage:359 - Loaded plugin userauth (category:base,tabindex:14)
2026-07-31 15:48:04,878 [INFO] PluginManage:283 - PluginManage : Loaded plugins [17]
2026-07-31 15:48:07,252 [INFO] ThirdPartyUpdaterWithRetryManager:70 - Updater plugin not ready yet. [3/15]
2026-07-31 15:48:10,007 [INFO] PinOutPanel:1561 - setPackage(No Configuration,No Configuration)
2026-07-31 15:48:10,263 [INFO] ThirdPartyUpdaterWithRetryManager:70 - Updater plugin not ready yet. [4/15]
2026-07-31 15:48:11,700 [INFO] CADModel:165 - CPN selected for project level
2026-07-31 15:48:11,701 [INFO] CADModel:114 - Register for checkConnection events
2026-07-31 15:48:12,062 [INFO] IPUIPlugin:80 - create IPUIPlugin
2026-07-31 15:48:12,062 [INFO] PluginManager:220 - loadIPPluginJar : add adc
2026-07-31 15:48:12,121 [INFO] IPUIPlugin:80 - create IPUIPlugin
2026-07-31 15:48:12,122 [INFO] PluginManager:220 - loadIPPluginJar : add aes
2026-07-31 15:48:12,391 [INFO] IPUIPlugin:80 - create IPUIPlugin
2026-07-31 15:48:12,391 [INFO] PluginManager:220 - loadIPPluginJar : add can
2026-07-31 15:48:12,522 [INFO] IPUIPlugin:80 - create IPUIPlugin
2026-07-31 15:48:12,523 [INFO] PluginManager:220 - loadIPPluginJar : add comp
2026-07-31 15:48:12,651 [INFO] IPUIPlugin:80 - create IPUIPlugin
2026-07-31 15:48:12,651 [INFO] PluginManager:220 - loadIPPluginJar : add cryp
2026-07-31 15:48:12,691 [INFO] IPUIPlugin:80 - create IPUIPlugin
2026-07-31 15:48:12,691 [INFO] PluginManager:220 - loadIPPluginJar : add dfsdm
2026-07-31 15:48:12,783 [INFO] IPUIPlugin:80 - create IPUIPlugin
2026-07-31 15:48:12,783 [INFO] PluginManager:220 - loadIPPluginJar : add dma
2026-07-31 15:48:12,912 [INFO] IPUIPlugin:80 - create IPUIPlugin
2026-07-31 15:48:12,912 [INFO] PluginManager:220 - loadIPPluginJar : add dma3
2026-07-31 15:48:12,998 [INFO] IPUIPlugin:80 - create IPUIPlugin
2026-07-31 15:48:12,998 [INFO] PluginManager:220 - loadIPPluginJar : add extmemmanager
2026-07-31 15:48:13,056 [INFO] IPUIPlugin:80 - create IPUIPlugin
2026-07-31 15:48:13,056 [INFO] PluginManager:220 - loadIPPluginJar : add fatfs
2026-07-31 15:48:13,243 [INFO] IPUIPlugin:80 - create IPUIPlugin
2026-07-31 15:48:13,243 [INFO] PluginManager:220 - loadIPPluginJar : add fmc
2026-07-31 15:48:13,275 [INFO] ThirdPartyUpdaterWithRetryManager:70 - Updater plugin not ready yet. [5/15]
2026-07-31 15:48:13,489 [INFO] IPUIPlugin:80 - create IPUIPlugin
2026-07-31 15:48:13,489 [INFO] PluginManager:220 - loadIPPluginJar : add freertos
2026-07-31 15:48:13,524 [INFO] IPUIPlugin:80 - create IPUIPlugin
2026-07-31 15:48:13,525 [INFO] PluginManager:220 - loadIPPluginJar : add genericplugin
2026-07-31 15:48:13,682 [INFO] IPUIPlugin:80 - create IPUIPlugin
2026-07-31 15:48:13,682 [INFO] PluginManager:220 - loadIPPluginJar : add gfxmmu
2026-07-31 15:48:14,082 [INFO] IPUIPlugin:80 - create IPUIPlugin
2026-07-31 15:48:14,083 [INFO] PluginManager:220 - loadIPPluginJar : add gic
2026-07-31 15:48:14,178 [INFO] IPUIPlugin:80 - create IPUIPlugin
2026-07-31 15:48:14,178 [INFO] PluginManager:220 - loadIPPluginJar : add gpio
2026-07-31 15:48:14,329 [INFO] IPUIPlugin:80 - create IPUIPlugin
2026-07-31 15:48:14,329 [INFO] PluginManager:220 - loadIPPluginJar : add gtzc
2026-07-31 15:48:14,436 [INFO] IPUIPlugin:80 - create IPUIPlugin
2026-07-31 15:48:14,436 [INFO] PluginManager:220 - loadIPPluginJar : add hash
2026-07-31 15:48:14,642 [INFO] IPUIPlugin:80 - create IPUIPlugin
2026-07-31 15:48:14,642 [INFO] PluginManager:220 - loadIPPluginJar : add i2c
2026-07-31 15:48:14,730 [INFO] IPUIPlugin:80 - create IPUIPlugin
2026-07-31 15:48:14,730 [INFO] PluginManager:220 - loadIPPluginJar : add i2s
2026-07-31 15:48:14,799 [INFO] IPUIPlugin:80 - create IPUIPlugin
2026-07-31 15:48:14,799 [INFO] PluginManager:220 - loadIPPluginJar : add i3c
2026-07-31 15:48:15,401 [INFO] IPUIPlugin:80 - create IPUIPlugin
2026-07-31 15:48:15,401 [INFO] PluginManager:220 - loadIPPluginJar : add ipddr
2026-07-31 15:48:15,615 [INFO] IPUIPlugin:80 - create IPUIPlugin
2026-07-31 15:48:15,615 [INFO] PluginManager:220 - loadIPPluginJar : add linkedlist
2026-07-31 15:48:15,674 [INFO] IPUIPlugin:80 - create IPUIPlugin
2026-07-31 15:48:15,674 [INFO] PluginManager:220 - loadIPPluginJar : add lorawan
2026-07-31 15:48:15,733 [INFO] IPUIPlugin:80 - create IPUIPlugin
2026-07-31 15:48:15,733 [INFO] PluginManager:220 - loadIPPluginJar : add ltdc
2026-07-31 15:48:15,828 [INFO] IPUIPlugin:80 - create IPUIPlugin
2026-07-31 15:48:15,828 [INFO] PluginManager:220 - loadIPPluginJar : add mdma
2026-07-31 15:48:16,065 [INFO] IPUIPlugin:80 - create IPUIPlugin
2026-07-31 15:48:16,065 [INFO] PluginManager:220 - loadIPPluginJar : add nvic
2026-07-31 15:48:16,230 [INFO] IPUIPlugin:80 - create IPUIPlugin
2026-07-31 15:48:16,230 [INFO] PluginManager:220 - loadIPPluginJar : add opamp
2026-07-31 15:48:16,282 [INFO] ThirdPartyUpdaterWithRetryManager:70 - Updater plugin not ready yet. [6/15]
2026-07-31 15:48:16,408 [INFO] IPUIPlugin:80 - create IPUIPlugin
2026-07-31 15:48:16,408 [INFO] PluginManager:220 - loadIPPluginJar : add openamp
2026-07-31 15:48:16,710 [INFO] IPUIPlugin:80 - create IPUIPlugin
2026-07-31 15:48:16,710 [INFO] PluginManager:220 - loadIPPluginJar : add pdm2pcm
2026-07-31 15:48:16,786 [INFO] IPUIPlugin:80 - create IPUIPlugin
2026-07-31 15:48:16,789 [INFO] PluginManager:220 - loadIPPluginJar : add plateformsettings
2026-07-31 15:48:16,832 [INFO] IPUIPlugin:80 - create IPUIPlugin
2026-07-31 15:48:16,832 [INFO] PluginManager:220 - loadIPPluginJar : add quadspi
2026-07-31 15:48:17,051 [INFO] IPUIPlugin:80 - create IPUIPlugin
2026-07-31 15:48:17,051 [INFO] PluginManager:220 - loadIPPluginJar : add resmgrutility
2026-07-31 15:48:17,225 [INFO] IPUIPlugin:80 - create IPUIPlugin
2026-07-31 15:48:17,226 [INFO] PluginManager:220 - loadIPPluginJar : add sai
2026-07-31 15:48:17,378 [INFO] IPUIPlugin:80 - create IPUIPlugin
2026-07-31 15:48:17,378 [INFO] PluginManager:220 - loadIPPluginJar : add spi
2026-07-31 15:48:17,494 [INFO] IPUIPlugin:80 - create IPUIPlugin
2026-07-31 15:48:17,495 [INFO] PluginManager:220 - loadIPPluginJar : add stm32_wpan
2026-07-31 15:48:17,558 [INFO] IPUIPlugin:80 - create IPUIPlugin
2026-07-31 15:48:17,558 [INFO] PluginManager:220 - loadIPPluginJar : add tim
2026-07-31 15:48:17,837 [INFO] IPUIPlugin:80 - create IPUIPlugin
2026-07-31 15:48:17,837 [INFO] PluginManager:220 - loadIPPluginJar : add touchsensing
2026-07-31 15:48:18,026 [INFO] IPUIPlugin:80 - create IPUIPlugin
2026-07-31 15:48:18,026 [INFO] PluginManager:220 - loadIPPluginJar : add tracer_emb
2026-07-31 15:48:18,060 [INFO] IPUIPlugin:80 - create IPUIPlugin
2026-07-31 15:48:18,060 [INFO] PluginManager:220 - loadIPPluginJar : add ts
2026-07-31 15:48:18,090 [INFO] IPUIPlugin:80 - create IPUIPlugin
2026-07-31 15:48:18,091 [INFO] PluginManager:220 - loadIPPluginJar : add tsc
2026-07-31 15:48:18,174 [INFO] IPUIPlugin:80 - create IPUIPlugin
2026-07-31 15:48:18,175 [INFO] PluginManager:220 - loadIPPluginJar : add ucpd
2026-07-31 15:48:18,297 [INFO] IPUIPlugin:80 - create IPUIPlugin
2026-07-31 15:48:18,298 [INFO] PluginManager:220 - loadIPPluginJar : add usart
2026-07-31 15:48:18,363 [INFO] IPUIPlugin:80 - create IPUIPlugin
2026-07-31 15:48:18,363 [INFO] PluginManager:220 - loadIPPluginJar : add usbx
2026-07-31 15:48:19,002 [INFO] CADModel:165 - CPN selected for project level
2026-07-31 15:48:19,002 [INFO] CADModel:114 - Register for checkConnection events
2026-07-31 15:48:19,002 [FATAL] Updater:308 - Updater called before beeing initialized
2026-07-31 15:48:19,003 [ERROR] CADModel:125 - Updater not yet initialized, retry later 
2026-07-31 15:48:19,285 [INFO] ThirdPartyUpdaterWithRetryManager:70 - Updater plugin not ready yet. [7/15]
2026-07-31 15:48:21,450 [INFO] CADModel:165 - CPN selected for project level
2026-07-31 15:48:21,450 [INFO] CADModel:114 - Register for checkConnection events
2026-07-31 15:48:21,450 [FATAL] Updater:308 - Updater called before beeing initialized
2026-07-31 15:48:21,450 [ERROR] CADModel:125 - Updater not yet initialized, retry later 
2026-07-31 15:48:21,461 [FATAL] Updater:308 - Updater called before beeing initialized
2026-07-31 15:48:22,139 [FATAL] Updater:308 - Updater called before beeing initialized
2026-07-31 15:48:22,286 [FATAL] Updater:308 - Updater called before beeing initialized
2026-07-31 15:48:22,286 [ERROR] IntegrityCheckThread:130 - Cannot retrieve database content from updater: error 21
2026-07-31 15:48:22,286 [INFO] ThirdParty:978 - Integrity check success = false
2026-07-31 15:48:22,287 [INFO] IntegrityCheckThread:100 - exiting critical section [integrity check]
2026-07-31 15:48:22,287 [INFO] IntegrityCheckThread:103 - End integrity checks thread
2026-07-31 15:48:22,494 [INFO] DbMcusAds:53 - JSON generation date=Wed Feb 18 08:32:49 CST 2026 (1771425169444)
2026-07-31 15:48:22,494 [FATAL] Updater:308 - Updater called before beeing initialized
2026-07-31 15:48:23,847 [WARN] DetailPanel:346 - Failed to get advertising image, set to default
2026-07-31 15:48:24,388 [FATAL] Updater:308 - Updater called before beeing initialized
2026-07-31 15:48:24,565 [FATAL] Updater:308 - Updater called before beeing initialized
2026-07-31 15:48:24,565 [FATAL] Updater:308 - Updater called before beeing initialized
2026-07-31 15:48:24,565 [WARN] DetailPanel:346 - Failed to get advertising image, set to default
2026-07-31 15:48:24,567 [FATAL] Updater:308 - Updater called before beeing initialized
2026-07-31 15:48:25,494 [ERROR] Updater:1120 - MainUpdater not yet initialized. External WinMGr cannot be set.
2026-07-31 15:48:25,671 [INFO] Updater:1056 - Updater Version found : 6.11.0
2026-07-31 15:48:26,225 [INFO] ApplicationProperties:184 - Using Application install path: D:\Documentos\Electronica\Nueva carpeta\STM32CubeIDE_1.15.0\STM32CubeIDE\plugins\com.st.stm32cube.common.mx_6.11.0.202403141607
2026-07-31 15:48:27,968 [ERROR] LogOutputStream:75 - [STDERR_REDIRECT] Jul 31, 2026 3:48:27 PM java.util.prefs.WindowsPreferences <init>
2026-07-31 15:48:27,970 [ERROR] LogOutputStream:75 - [STDERR_REDIRECT] WARNING: Could not open/create prefs root node Software\JavaSoft\Prefs at root 0xffffffff80000002. Windows RegCreateKeyEx(...) returned error code 5.
2026-07-31 15:48:27,970 [ERROR] LogOutputStream:75 - [STDERR_REDIRECT] 
2026-07-31 15:48:31,231 [INFO] MainUpdater:2873 - connection check result : 10
2026-07-31 15:48:31,234 [INFO] MainUpdater:290 - Updater Check For Update Now.
2026-07-31 15:48:31,234 [INFO] MicroXplorer:498 - Change Database Version : DB.6.0.110
2026-07-31 15:48:31,324 [INFO] McuFinderGlobals:63 - Set McuFinder mode to 2 (CubeIDE integrated)
2026-07-31 15:48:31,459 [INFO] UserAuth:415 - Internet connection configuration mode: 1
2026-07-31 15:48:31,643 [INFO] CheckServerUpdateThread:120 - End of CheckServer Thread
2026-07-31 15:48:32,443 [INFO] JxBrowserEngine:152 - Initiate JxBrowser Engine with user profile folder
2026-07-31 15:48:49,524 [INFO] WebApp:161 - Instantiating new browser for Auth
2026-07-31 15:49:02,692 [INFO] WebApp:779 - Register for checkConnection events
2026-07-31 15:49:02,692 [INFO] WebApp:414 - Apply proxy settings
2026-07-31 15:49:02,692 [INFO] WebApp:499 - Chromium requires no authentication
2026-07-31 15:49:02,972 [INFO] WebApp:442 - Direct internet connection detected
2026-07-31 15:49:07,691 [INFO] WebApp:192 - Starting web application
2026-07-31 15:49:07,691 [INFO] WebApp:544 - Web application path used D:\Documentos\Electronica\Nueva carpeta\STM32CubeIDE_1.15.0\STM32CubeIDE\plugins\com.st.stm32cube.common.mx_6.11.0.202403141607\db\plugins\mcufinder\reactClient1\index.html
2026-07-31 15:56:03,726 [INFO] McuFinderGlobals:63 - Set McuFinder mode to 2 (CubeIDE integrated)
2026-07-31 15:56:03,792 [INFO] MainUpdater:2873 - connection check result : 10
2026-07-31 15:56:03,810 [INFO] MainUpdater:2873 - connection check result : 10
2026-07-31 15:56:04,489 [INFO] MicroXplorer:468 - Change Database Path : 
2026-07-31 15:56:04,489 [INFO] MicroXplorer:498 - Change Database Version : DB.6.0.110
2026-07-31 15:56:04,601 [WARN] ThirdParty:871 - waiting for thirdparty lock release [close project]
2026-07-31 15:56:04,601 [INFO] ThirdParty:873 - entering critical section [close project]
2026-07-31 15:56:04,603 [INFO] ThirdParty:883 - exiting critical section [close project]
2026-07-31 15:56:04,606 [INFO] PinOutPanel:1561 - setPackage(No Configuration,No Configuration)
2026-07-31 15:56:04,610 [INFO] UtilMem:75 - Begin LoadConfig() Used Memory: 754389840 Bytes (1073741824)
2026-07-31 15:56:04,611 [INFO] MicroXplorer:468 - Change Database Path : 
2026-07-31 15:56:04,612 [INFO] MicroXplorer:498 - Change Database Version : DB.6.0.110
2026-07-31 15:56:04,612 [INFO] OpenFileManager:312 - Change cursor
2026-07-31 15:56:04,673 [WARN] IntegrityCheckThread:84 - waiting for thirdparty lock release [integrity check]
2026-07-31 15:56:04,673 [INFO] IntegrityCheckThread:86 - entering critical section [integrity check]
2026-07-31 15:56:05,755 [WARN] PackLoader:240 - Cannot read IP mode file for STMicroelectronics.X-CUBE-AZRTOS-H7.3.5.0
2026-07-31 15:56:05,781 [WARN] PackLoader:240 - Cannot read IP mode file for STMicroelectronics.FP-SNS-MOTENVWB1.1.4.0
2026-07-31 15:56:05,801 [WARN] PackLoader:240 - Cannot read IP mode file for STMicroelectronics.FP-ATR-ASTRA1.2.0.3
2026-07-31 15:56:05,816 [WARN] PackLoader:240 - Cannot read IP mode file for STMicroelectronics.FP-ATR-ASTRA1.2.0.2
2026-07-31 15:56:05,832 [WARN] PackLoader:240 - Cannot read IP mode file for STMicroelectronics.FP-ATR-ASTRA1.2.0.1
2026-07-31 15:56:05,847 [ERROR] Engine:466 - C:\Users\USER\.stm32cubemx\thirdparties\pdsc\STMicroelectronics.X-CUBE-SMBUS.2.1.1.pdsc: PDSC version is not supported
2026-07-31 15:56:05,863 [WARN] PackLoader:240 - Cannot read IP mode file for STMicroelectronics.X-CUBE-SMBUS.2.1.0
2026-07-31 15:56:05,882 [WARN] PackLoader:240 - Cannot read IP mode file for STMicroelectronics.X-CUBE-WB05N.1.1.0
2026-07-31 15:56:05,901 [WARN] PackLoader:240 - Cannot read IP mode file for STMicroelectronics.X-CUBE-TOUCHGFX.4.23.2
2026-07-31 15:56:05,936 [WARN] PackLoader:240 - Cannot read IP mode file for STMicroelectronics.X-CUBE-AZRTOS-F7.1.1.0
2026-07-31 15:56:05,958 [ERROR] Engine:466 - C:\Users\USER\.stm32cubemx\thirdparties\pdsc\STMicroelectronics.X-CUBE-FREERTOS.1.6.0.pdsc: PDSC version is not supported
2026-07-31 15:56:06,021 [WARN] PackLoader:240 - Cannot read IP mode file for STMicroelectronics.X-CUBE-MEMS1.11.0.0
2026-07-31 15:56:06,139 [ERROR] Engine:466 - C:\Users\USER\.stm32cubemx\thirdparties\pdsc\STMicroelectronics.FP-SNS-MOTENV1.5.1.0.pdsc: PDSC version is not supported
2026-07-31 15:56:06,175 [WARN] PackLoader:240 - Cannot read IP mode file for STMicroelectronics.X-CUBE-AZRTOS-H7RS.1.3.0
2026-07-31 15:56:06,196 [WARN] PackLoader:240 - Cannot read IP mode file for STMicroelectronics.FP-SNS-FLIGHT1.5.0.2
2026-07-31 15:56:06,234 [WARN] PackLoader:240 - Cannot read IP mode file for STMicroelectronics.X-CUBE-AZRTOS-H7.3.4.0
2026-07-31 15:56:06,260 [WARN] PackLoader:240 - Cannot read IP mode file for STMicroelectronics.X-CUBE-DISPLAY.3.0.0
2026-07-31 15:56:06,285 [WARN] PackLoader:240 - Cannot read IP mode file for STMicroelectronics.X-CUBE-GNSS1.7.1.1
2026-07-31 15:56:06,303 [ERROR] Engine:466 - C:\Users\USER\.stm32cubemx\thirdparties\pdsc\STMicroelectronics.FP-SNS-MOTENVWB1.1.5.0.pdsc: PDSC version is not supported
2026-07-31 15:56:06,323 [WARN] PackLoader:240 - Cannot read IP mode file for STMicroelectronics.X-CUBE-BLE1.7.0.0
2026-07-31 15:56:06,345 [WARN] PackLoader:240 - Cannot read IP mode file for STMicroelectronics.X-CUBE-NFC10.1.0.0
2026-07-31 15:56:06,370 [WARN] PackLoader:240 - Cannot read IP mode file for STMicroelectronics.X-CUBE-BLEMGR.4.0.0
2026-07-31 15:56:06,387 [ERROR] Engine:466 - C:\Users\USER\.stm32cubemx\thirdparties\pdsc\STMicroelectronics.X-CUBE-ST60.1.1.0.pdsc: PDSC version is not supported
2026-07-31 15:56:06,409 [WARN] PackLoader:240 - Cannot read IP mode file for emotas.I-CUBE-CANOPEN.1.3.0
2026-07-31 15:56:06,425 [ERROR] Engine:466 - C:\Users\USER\.stm32cubemx\thirdparties\pdsc\STMicroelectronics.X-CUBE-WBA.1.1.0.pdsc: PDSC version is not supported
2026-07-31 15:56:06,445 [WARN] PackLoader:240 - Cannot read IP mode file for STMicroelectronics.X-CUBE-GNSS1.7.1.0
2026-07-31 15:56:06,465 [WARN] PackLoader:240 - Cannot read IP mode file for STMicroelectronics.X-CUBE-BLEMGR.3.1.0
2026-07-31 15:56:06,484 [WARN] PackLoader:240 - Cannot read IP mode file for STMicroelectronics.X-CUBE-AI.10.0.0
2026-07-31 15:56:06,500 [ERROR] Engine:466 - C:\Users\USER\.stm32cubemx\thirdparties\pdsc\STMicroelectronics.FP-SNS-STBOX1.2.1.0.pdsc: PDSC version is not supported
2026-07-31 15:56:06,520 [WARN] PackLoader:240 - Cannot read IP mode file for STMicroelectronics.FP-SNS-SMARTAG2.1.2.0
2026-07-31 15:56:06,536 [ERROR] Engine:466 - C:\Users\USER\.stm32cubemx\thirdparties\pdsc\STMicroelectronics.FP-SNS-FLIGHT1.5.1.0.pdsc: PDSC version is not supported
2026-07-31 15:56:06,586 [WARN] PackLoader:240 - Cannot read IP mode file for STMicroelectronics.X-CUBE-MEMS1.11.1.0
2026-07-31 15:56:06,701 [INFO] LogOutputStream:77 - [STDOUT_REDIRECT] 1 : Invalid condition id : UX_CORESTACK_Condition cause : null
2026-07-31 15:56:06,703 [INFO] LogOutputStream:77 - [STDOUT_REDIRECT] 1 : Invalid condition id : UX_CORESTACK_Condition cause : null
2026-07-31 15:56:06,705 [INFO] LogOutputStream:77 - [STDOUT_REDIRECT] 1 : Invalid condition id : UX_CORESTACK_Condition cause : null
2026-07-31 15:56:06,706 [INFO] LogOutputStream:77 - [STDOUT_REDIRECT] 1 : Invalid condition id : UX_CORESTACK_Condition cause : null
2026-07-31 15:56:06,707 [INFO] LogOutputStream:77 - [STDOUT_REDIRECT] 1 : Invalid condition id : UX_CORESTACK_Condition cause : null
2026-07-31 15:56:06,710 [WARN] PackLoader:240 - Cannot read IP mode file for STMicroelectronics.X-CUBE-AZRTOS-WL.2.0.0
2026-07-31 15:56:06,734 [WARN] PackLoader:240 - Cannot read IP mode file for STMicroelectronics.FP-SNS-MOTENV1.5.0.0
2026-07-31 15:56:06,771 [WARN] PackLoader:240 - Cannot read IP mode file for STMicroelectronics.X-CUBE-AZRTOS-H7RS.1.2.0
2026-07-31 15:56:06,791 [WARN] PackLoader:240 - Cannot read IP mode file for wolfSSL.I-CUBE-wolfMQTT.1.19.0
2026-07-31 15:56:06,816 [WARN] PackLoader:240 - Cannot read IP mode file for WES.I-CUBE-Cesium.1.3.0
2026-07-31 15:56:06,837 [WARN] PackLoader:240 - Cannot read IP mode file for STMicroelectronics.X-CUBE-BLE2.3.3.0
2026-07-31 15:56:06,852 [ERROR] Engine:466 - C:\Users\USER\.stm32cubemx\thirdparties\pdsc\Avnet-IOTCONNECT.X-CUBE-iotc-st67-sdk.1.0.0.pdsc: PDSC version is not supported
2026-07-31 15:56:06,877 [WARN] PackLoader:240 - Cannot read IP mode file for STMicroelectronics.X-CUBE-NFC9.1.0.0
2026-07-31 15:56:06,899 [WARN] PackLoader:240 - Cannot read IP mode file for STMicroelectronics.X-CUBE-BLE1.7.1.0
2026-07-31 15:56:06,920 [WARN] PackLoader:240 - Cannot read IP mode file for STMicroelectronics.X-CUBE-TCPP.4.1.0
2026-07-31 15:56:06,960 [ERROR] Engine:466 - C:\Users\USER\.stm32cubemx\thirdparties\pdsc\STMicroelectronics.X-CUBE-FREERTOS.1.4.0.pdsc: PDSC version is not supported
2026-07-31 15:56:06,986 [WARN] PackLoader:240 - Cannot read IP mode file for STMicroelectronics.X-CUBE-EEPRMA1.5.2.0
2026-07-31 15:56:07,010 [ERROR] Engine:466 - C:\Users\USER\.stm32cubemx\thirdparties\pdsc\STMicroelectronics.X-CUBE-ST67W61.1.1.0.pdsc: PDSC version is not supported
2026-07-31 15:56:07,120 [ERROR] Engine:466 - C:\Users\USER\.stm32cubemx\thirdparties\pdsc\STMicroelectronics.FP-SNS-STAIOTCFT.1.1.0.pdsc: PDSC version is not supported
2026-07-31 15:56:07,171 [WARN] PackLoader:240 - Cannot read IP mode file for STMicroelectronics.X-CUBE-MEMS1.12.0.0
2026-07-31 15:56:07,232 [WARN] PackLoader:240 - Cannot read IP mode file for STMicroelectronics.X-CUBE-ALGOBUILD.1.3.0
2026-07-31 15:56:07,280 [WARN] PackLoader:240 - Cannot read IP mode file for STMicroelectronics.X-CUBE-MEMS1.11.2.0
2026-07-31 15:56:07,385 [WARN] PackLoader:240 - Cannot read IP mode file for STMicroelectronics.X-CUBE-AZRTOS-G0.1.1.0
2026-07-31 15:56:07,405 [WARN] PackLoader:240 - Cannot read IP mode file for STMicroelectronics.X-CUBE-SAFEA1.1.2.2
2026-07-31 15:56:07,421 [WARN] PackLoader:240 - Cannot read IP mode file for STMicroelectronics.X-CUBE-NFC4.3.0.0
2026-07-31 15:56:07,441 [WARN] PackLoader:240 - Cannot read IP mode file for EmbeddedOffice.I-CUBE-FS-RTOS.1.0.1
2026-07-31 15:56:07,442 [ERROR] ConditionMgr:805 - Attr not supported : Dmpu
2026-07-31 15:56:07,442 [ERROR] ConditionMgr:805 - Attr not supported : Dmpu
2026-07-31 15:56:07,442 [ERROR] ConditionMgr:805 - Attr not supported : Dmpu
2026-07-31 15:56:07,442 [ERROR] ConditionMgr:805 - Attr not supported : Dmpu
2026-07-31 15:56:07,442 [ERROR] ConditionMgr:805 - Attr not supported : Dmpu
2026-07-31 15:56:07,442 [ERROR] ConditionMgr:805 - Attr not supported : Dmpu
2026-07-31 15:56:07,442 [ERROR] ConditionMgr:805 - Attr not supported : Dmpu
2026-07-31 15:56:07,442 [ERROR] ConditionMgr:805 - Attr not supported : Dmpu
2026-07-31 15:56:07,442 [ERROR] ConditionMgr:805 - Attr not supported : Dmpu
2026-07-31 15:56:07,442 [ERROR] ConditionMgr:805 - Attr not supported : Dmpu
2026-07-31 15:56:07,442 [ERROR] ConditionMgr:805 - Attr not supported : Dmpu
2026-07-31 15:56:07,442 [ERROR] ConditionMgr:805 - Attr not supported : Dmpu
2026-07-31 15:56:07,442 [ERROR] ConditionMgr:805 - Attr not supported : Dmpu
2026-07-31 15:56:07,442 [ERROR] ConditionMgr:805 - Attr not supported : Dmpu
2026-07-31 15:56:07,442 [ERROR] ConditionMgr:805 - Attr not supported : Dmpu
2026-07-31 15:56:07,442 [ERROR] ConditionMgr:805 - Attr not supported : Dmpu
2026-07-31 15:56:07,442 [ERROR] ConditionMgr:805 - Attr not supported : Dmpu
2026-07-31 15:56:07,443 [ERROR] ConditionMgr:805 - Attr not supported : Dmpu
2026-07-31 15:56:07,443 [ERROR] ConditionMgr:805 - Attr not supported : Dmpu
2026-07-31 15:56:07,443 [ERROR] ConditionMgr:805 - Attr not supported : Dmpu
2026-07-31 15:56:07,443 [ERROR] ConditionMgr:805 - Attr not supported : Dmpu
2026-07-31 15:56:07,443 [ERROR] ConditionMgr:805 - Attr not supported : Dmpu
2026-07-31 15:56:07,443 [ERROR] ConditionMgr:805 - Attr not supported : Dmpu
2026-07-31 15:56:07,443 [ERROR] ConditionMgr:805 - Attr not supported : Dmpu
2026-07-31 15:56:07,443 [ERROR] ConditionMgr:805 - Attr not supported : Dmpu
2026-07-31 15:56:07,443 [ERROR] ConditionMgr:805 - Attr not supported : Dmpu
2026-07-31 15:56:07,443 [ERROR] ConditionMgr:805 - Attr not supported : Dmpu
2026-07-31 15:56:07,443 [ERROR] ConditionMgr:805 - Attr not supported : Dmpu
2026-07-31 15:56:07,443 [ERROR] ConditionMgr:805 - Attr not supported : Dmpu
2026-07-31 15:56:07,443 [ERROR] ConditionMgr:805 - Attr not supported : Dmpu
2026-07-31 15:56:07,443 [ERROR] ConditionMgr:805 - Attr not supported : Dmpu
2026-07-31 15:56:07,443 [ERROR] ConditionMgr:805 - Attr not supported : Dmpu
2026-07-31 15:56:07,443 [ERROR] ConditionMgr:805 - Attr not supported : Dmpu
2026-07-31 15:56:07,443 [ERROR] ConditionMgr:805 - Attr not supported : Dmpu
2026-07-31 15:56:07,443 [ERROR] ConditionMgr:805 - Attr not supported : Dmpu
2026-07-31 15:56:07,443 [ERROR] ConditionMgr:805 - Attr not supported : Dmpu
2026-07-31 15:56:07,443 [ERROR] ConditionMgr:805 - Attr not supported : Dmpu
2026-07-31 15:56:07,444 [ERROR] ConditionMgr:805 - Attr not supported : Dmpu
2026-07-31 15:56:07,444 [ERROR] ConditionMgr:805 - Attr not supported : Dmpu
2026-07-31 15:56:07,444 [ERROR] ConditionMgr:805 - Attr not supported : Dmpu
2026-07-31 15:56:07,444 [ERROR] ConditionMgr:805 - Attr not supported : Dmpu
2026-07-31 15:56:07,444 [ERROR] ConditionMgr:805 - Attr not supported : Dmpu
2026-07-31 15:56:07,444 [ERROR] ConditionMgr:805 - Attr not supported : Dmpu
2026-07-31 15:56:07,444 [ERROR] ConditionMgr:805 - Attr not supported : Dmpu
2026-07-31 15:56:07,444 [ERROR] ConditionMgr:805 - Attr not supported : Dmpu
2026-07-31 15:56:07,444 [ERROR] ConditionMgr:805 - Attr not supported : Dmpu
2026-07-31 15:56:07,444 [ERROR] ConditionMgr:805 - Attr not supported : Dmpu
2026-07-31 15:56:07,444 [ERROR] ConditionMgr:805 - Attr not supported : Dmpu
2026-07-31 15:56:07,444 [ERROR] ConditionMgr:805 - Attr not supported : Dmpu
2026-07-31 15:56:07,444 [ERROR] ConditionMgr:805 - Attr not supported : Dmpu
2026-07-31 15:56:07,444 [ERROR] ConditionMgr:805 - Attr not supported : Dmpu
2026-07-31 15:56:07,444 [ERROR] ConditionMgr:805 - Attr not supported : Dmpu
2026-07-31 15:56:07,444 [ERROR] ConditionMgr:805 - Attr not supported : Dmpu
2026-07-31 15:56:07,444 [ERROR] ConditionMgr:805 - Attr not supported : Dmpu
2026-07-31 15:56:07,444 [ERROR] ConditionMgr:805 - Attr not supported : Dmpu
2026-07-31 15:56:07,444 [ERROR] ConditionMgr:805 - Attr not supported : Dmpu
2026-07-31 15:56:07,445 [ERROR] ConditionMgr:805 - Attr not supported : Dmpu
2026-07-31 15:56:07,445 [ERROR] ConditionMgr:805 - Attr not supported : Dmpu
2026-07-31 15:56:07,445 [ERROR] ConditionMgr:805 - Attr not supported : Dmpu
2026-07-31 15:56:07,445 [ERROR] ConditionMgr:805 - Attr not supported : Dmpu
2026-07-31 15:56:07,445 [ERROR] ConditionMgr:805 - Attr not supported : Dmpu
2026-07-31 15:56:07,445 [ERROR] ConditionMgr:805 - Attr not supported : Dmpu
2026-07-31 15:56:07,445 [ERROR] ConditionMgr:805 - Attr not supported : Dmpu
2026-07-31 15:56:07,445 [ERROR] ConditionMgr:805 - Attr not supported : Dmpu
2026-07-31 15:56:07,462 [WARN] PackLoader:240 - Cannot read IP mode file for STMicroelectronics.X-CUBE-WB05N.2.0.0
2026-07-31 15:56:07,477 [ERROR] Engine:466 - C:\Users\USER\.stm32cubemx\thirdparties\pdsc\STMicroelectronics.X-CUBE-TCPP.4.2.0.pdsc: PDSC version is not supported
2026-07-31 15:56:07,493 [WARN] PackLoader:240 - Cannot read IP mode file for RealThread.X-CUBE-RT-Thread_Nano.4.1.1
2026-07-31 15:56:07,507 [WARN] PackLoader:240 - Cannot read IP mode file for wolfSSL.I-CUBE-wolfSSL.5.7.0
2026-07-31 15:56:07,523 [WARN] PackLoader:240 - Cannot read IP mode file for STMicroelectronics.FP-ATR-SIGFOX1.3.2.0
2026-07-31 15:56:07,539 [WARN] ConditionMgr:438 - getConditionDescription Invalid condition id : Cortex-A Device cause : null
2026-07-31 15:56:07,560 [WARN] ConditionMgr:1039 - genDependencies : Invalid condition id : Cortex-A Device cause : null
2026-07-31 15:56:07,561 [WARN] ConditionMgr:1039 - genDependencies : Invalid condition id : Cortex-A Device cause : null
2026-07-31 15:56:07,561 [WARN] ConditionMgr:1039 - genDependencies : Invalid condition id : Cortex-A Device cause : null
2026-07-31 15:56:07,575 [WARN] PackLoader:240 - Cannot read IP mode file for STMicroelectronics.X-CUBE-EEPRMA1.5.1.0
2026-07-31 15:56:07,590 [ERROR] Engine:466 - C:\Users\USER\.stm32cubemx\thirdparties\pdsc\STMicroelectronics.X-CUBE-FREERTOS.1.5.0.pdsc: PDSC version is not supported
2026-07-31 15:56:07,610 [WARN] PackLoader:240 - Cannot read IP mode file for ITTIA_DB.I-CUBE-ITTIADB.8.9.0
2026-07-31 15:56:07,627 [WARN] PackLoader:240 - Cannot read IP mode file for STMicroelectronics.X-CUBE-NFC6.3.2.0
2026-07-31 15:56:07,643 [WARN] PackLoader:240 - Cannot read IP mode file for STMicroelectronics.X-CUBE-AI.10.2.1
2026-07-31 15:56:07,657 [WARN] PackLoader:240 - Cannot read IP mode file for STMicroelectronics.X-CUBE-AI.10.2.0
2026-07-31 15:56:07,696 [WARN] PackLoader:240 - Cannot read IP mode file for STMicroelectronics.X-CUBE-MEMS1.12.1.0
2026-07-31 15:56:07,777 [WARN] PackLoader:240 - Cannot read IP mode file for SEGGER.I-CUBE-embOS.1.3.1
2026-07-31 15:56:07,815 [WARN] PackLoader:240 - Cannot read IP mode file for STMicroelectronics.X-CUBE-ALGOBUILD.1.4.0
2026-07-31 15:56:07,831 [WARN] PackLoader:240 - Cannot read IP mode file for STMicroelectronics.X-CUBE-AI.9.1.0
2026-07-31 15:56:07,850 [WARN] PackLoader:240 - Cannot read IP mode file for STMicroelectronics.X-CUBE-NFC13.1.0.0
2026-07-31 15:56:07,868 [WARN] PackLoader:240 - Cannot read IP mode file for STMicroelectronics.X-CUBE-PM33A1.1.0.0
2026-07-31 15:56:07,885 [WARN] PackLoader:240 - Cannot read IP mode file for STMicroelectronics.X-CUBE-GNSS1.6.0.0
2026-07-31 15:56:07,916 [WARN] PackLoader:240 - Cannot read IP mode file for STMicroelectronics.X-CUBE-AZRTOS-F4.1.1.0
2026-07-31 15:56:07,935 [ERROR] Engine:466 - C:\Users\USER\.stm32cubemx\thirdparties\pdsc\Avnet-IotConnect.X-CUBE-IoTC-DA16k-PMOD.1.0.0.pdsc: PDSC version is not supported
2026-07-31 15:56:07,953 [WARN] PackLoader:240 - Cannot read IP mode file for STMicroelectronics.X-CUBE-ISPU.2.1.0
2026-07-31 15:56:07,973 [ERROR] Engine:466 - C:\Users\USER\.stm32cubemx\thirdparties\pdsc\STMicroelectronics.X-CUBE-IPS.3.2.0.pdsc: PDSC version is not supported
2026-07-31 15:56:07,987 [ERROR] Engine:466 - C:\Users\USER\.stm32cubemx\thirdparties\pdsc\STMicroelectronics.eDS-WB_DPC_TT-BIDIR.2.1.1.pdsc: PDSC version is not supported
2026-07-31 15:56:08,006 [WARN] PackLoader:240 - Cannot read IP mode file for STMicroelectronics.X-CUBE-FREERTOS.1.2.0
2026-07-31 15:56:08,025 [WARN] PackLoader:240 - Cannot read IP mode file for STMicroelectronics.X-CUBE-NFC12.1.0.0
2026-07-31 15:56:08,054 [WARN] PackLoader:240 - Cannot read IP mode file for STMicroelectronics.X-CUBE-AZRTOS-L5.2.0.0
2026-07-31 15:56:08,072 [WARN] PackLoader:240 - Cannot read IP mode file for STMicroelectronics.X-CUBE-NFC6.3.1.0
2026-07-31 15:56:08,091 [WARN] PackLoader:240 - Cannot read IP mode file for STMicroelectronics.X-CUBE-ALGOBUILD.1.5.0
2026-07-31 15:56:08,109 [WARN] PackLoader:240 - Cannot read IP mode file for STMicroelectronics.X-CUBE-DPower.1.2.0
2026-07-31 15:56:08,124 [ERROR] Engine:466 - C:\Users\USER\.stm32cubemx\thirdparties\pdsc\STMicroelectronics.eDS-WB_DPC_VIENNA.1.2.0.pdsc: PDSC version is not supported
2026-07-31 15:56:08,167 [WARN] PackLoader:240 - Cannot read IP mode file for STMicroelectronics.X-CUBE-MEMS1.13.0.0
2026-07-31 15:56:08,251 [ERROR] Engine:466 - C:\Users\USER\.stm32cubemx\thirdparties\pdsc\STMicroelectronics.eDS-WB_DPC_3PH2L-BIDIR.1.1.1.pdsc: PDSC version is not supported
2026-07-31 15:56:08,268 [WARN] PackLoader:240 - Cannot read IP mode file for STMicroelectronics.X-CUBE-AI.9.0.0
2026-07-31 15:56:08,287 [ERROR] Engine:466 - C:\Users\USER\.stm32cubemx\thirdparties\pdsc\STMicroelectronics.X-CUBE-ST67W61.1.3.0.pdsc: PDSC version is not supported
2026-07-31 15:56:08,304 [WARN] PackLoader:240 - Cannot read IP mode file for STMicroelectronics.X-CUBE-FREERTOS.1.3.1
2026-07-31 15:56:08,321 [WARN] PackLoader:240 - Cannot read IP mode file for STMicroelectronics.X-CUBE-FREERTOS.1.3.0
2026-07-31 15:56:08,341 [WARN] PackLoader:240 - Cannot read IP mode file for STMicroelectronics.X-CUBE-NFC7.1.0.1
2026-07-31 15:56:08,372 [WARN] PackLoader:240 - Cannot read IP mode file for STMicroelectronics.X-CUBE-TOUCHGFX.4.26.0
2026-07-31 15:56:08,578 [WARN] PackLoader:240 - Cannot read IP mode file for STMicroelectronics.X-CUBE-TOUCHGFX.4.26.1
2026-07-31 15:56:08,593 [ERROR] Engine:466 - C:\Users\USER\.stm32cubemx\thirdparties\pdsc\STMicroelectronics.FP-SNS-STAIOTCFT.1.0.0.pdsc: PDSC version is not supported
2026-07-31 15:56:08,613 [WARN] PackLoader:240 - Cannot read IP mode file for STMicroelectronics.X-CUBE-DPower.1.3.0
2026-07-31 15:56:08,657 [WARN] ConditionMgr:438 - getConditionDescription Invalid condition id : LAN8742 Phy interface Condition cause : null
2026-07-31 15:56:08,659 [WARN] PackLoader:240 - Cannot read IP mode file for STMicroelectronics.X-CUBE-AZRTOS-L4.2.0.0
2026-07-31 15:56:08,659 [WARN] ConditionMgr:1039 - genDependencies : Invalid condition id : LAN8742 Phy interface Condition cause : null
2026-07-31 15:56:08,660 [WARN] ConditionMgr:1039 - genDependencies : Invalid condition id : LAN8742 Phy interface Condition cause : null
2026-07-31 15:56:08,660 [WARN] ConditionMgr:1039 - genDependencies : Invalid condition id : LAN8742 Phy interface Condition cause : null
2026-07-31 15:56:08,684 [WARN] PackLoader:240 - Cannot read IP mode file for STMicroelectronics.X-CUBE-SFXS2LP1.4.0.0
2026-07-31 15:56:08,710 [WARN] PackLoader:240 - Cannot read IP mode file for STMicroelectronics.X-CUBE-WB05N.2.1.0
2026-07-31 15:56:08,732 [ERROR] Engine:466 - C:\Users\USER\.stm32cubemx\thirdparties\pdsc\STMicroelectronics.X-CUBE-ST67W61.1.2.0.pdsc: PDSC version is not supported
2026-07-31 15:56:08,767 [WARN] PackLoader:240 - Cannot read IP mode file for STMicroelectronics.X-CUBE-AZRTOS-H7.3.3.0
2026-07-31 15:56:08,784 [ERROR] Engine:466 - C:\Users\USER\.stm32cubemx\thirdparties\pdsc\STMicroelectronics.X-CUBE-BLEMGR.4.1.0.pdsc: PDSC version is not supported
2026-07-31 15:56:08,806 [WARN] PackLoader:240 - Cannot read IP mode file for STMicroelectronics.X-CUBE-IPS.3.0.0
2026-07-31 15:56:08,844 [WARN] ConditionMgr:438 - getConditionDescription Invalid condition id : UX DEVICE CLASS RTOS Condition cause : null
2026-07-31 15:56:08,844 [WARN] ConditionMgr:438 - getConditionDescription Invalid condition id : UX DEVICE CLASS RTOS Condition cause : null
2026-07-31 15:56:08,846 [WARN] PackLoader:240 - Cannot read IP mode file for STMicroelectronics.X-CUBE-AZRTOS-WB.2.0.0
2026-07-31 15:56:08,846 [WARN] ConditionMgr:1039 - genDependencies : Invalid condition id : UX DEVICE CLASS RTOS Condition cause : null
2026-07-31 15:56:08,847 [WARN] ConditionMgr:1039 - genDependencies : Invalid condition id : UX DEVICE CLASS RTOS Condition cause : null
2026-07-31 15:56:08,847 [WARN] ConditionMgr:1039 - genDependencies : Invalid condition id : UX DEVICE CLASS RTOS Condition cause : null
2026-07-31 15:56:08,847 [WARN] ConditionMgr:1039 - genDependencies : Invalid condition id : UX DEVICE CLASS RTOS Condition cause : null
2026-07-31 15:56:08,847 [WARN] ConditionMgr:1039 - genDependencies : Invalid condition id : UX DEVICE CLASS RTOS Condition cause : null
2026-07-31 15:56:08,872 [WARN] PackLoader:240 - Cannot read IP mode file for STMicroelectronics.X-CUBE-GNSS1.7.0.0
2026-07-31 15:56:08,891 [WARN] PackLoader:240 - Cannot read IP mode file for STMicroelectronics.X-CUBE-GNSS1.7.0.1
2026-07-31 15:56:08,910 [WARN] PackLoader:240 - Cannot read IP mode file for STMicroelectronics.X-CUBE-TOUCHGFX.4.25.0
2026-07-31 15:56:08,931 [WARN] PackLoader:240 - Cannot read IP mode file for STMicroelectronics.FP-SNS-STBOX1.2.0.0
2026-07-31 15:56:08,953 [WARN] PackLoader:240 - Cannot read IP mode file for STMicroelectronics.X-CUBE-STSE01.2.0.0
2026-07-31 15:56:08,977 [WARN] PackLoader:240 - Cannot read IP mode file for STMicroelectronics.X-CUBE-SUBG2.5.0.0
2026-07-31 15:56:09,011 [WARN] PackLoader:240 - Cannot read IP mode file for STMicroelectronics.X-CUBE-AZRTOS-H7RS.1.1.0
2026-07-31 15:56:09,032 [WARN] PackLoader:240 - Cannot read IP mode file for Cesanta.I-CUBE-Mongoose.7.13.0
2026-07-31 15:56:09,061 [WARN] PackLoader:240 - Cannot read IP mode file for STMicroelectronics.X-CUBE-AZRTOS-G4.2.0.0
2026-07-31 15:56:09,078 [WARN] PackLoader:240 - Cannot read IP mode file for STMicroelectronics.X-CUBE-NFC7.2.0.0
2026-07-31 15:56:09,094 [WARN] PackLoader:240 - Cannot read IP mode file for STMicroelectronics.X-CUBE-ISPU.2.0.0
2026-07-31 15:56:09,112 [ERROR] Engine:466 - C:\Users\USER\.stm32cubemx\thirdparties\pdsc\STMicroelectronics.X-CUBE-IPS.3.1.0.pdsc: PDSC version is not supported
2026-07-31 15:56:09,128 [ERROR] Engine:466 - C:\Users\USER\.stm32cubemx\thirdparties\pdsc\STMicroelectronics.X-CUBE-BLEMGR.4.2.0.pdsc: PDSC version is not supported
2026-07-31 15:56:09,147 [WARN] PackLoader:240 - Cannot read IP mode file for STMicroelectronics.X-CUBE-ALS.1.0.2
2026-07-31 15:56:09,188 [WARN] PackLoader:240 - Cannot read IP mode file for STMicroelectronics.X-CUBE-MEMS1.10.0.0
2026-07-31 15:56:09,261 [WARN] PackLoader:240 - Cannot read IP mode file for STMicroelectronics.X-CUBE-FREERTOS.1.1.0
2026-07-31 15:56:09,277 [WARN] PackLoader:240 - Cannot read IP mode file for STMicroelectronics.X-CUBE-TOUCHGFX.4.24.2
2026-07-31 15:56:09,293 [WARN] PackLoader:240 - Cannot read IP mode file for STMicroelectronics.X-CUBE-TOUCHGFX.4.24.1
2026-07-31 15:56:09,311 [WARN] PackLoader:240 - Cannot read IP mode file for STMicroelectronics.X-CUBE-STSE01.1.0.0
2026-07-31 15:56:09,330 [WARN] PackLoader:240 - Cannot read IP mode file for wolfSSL.I-CUBE-wolfTPM.3.4.0
2026-07-31 15:56:09,350 [WARN] PackLoader:240 - Cannot read IP mode file for portGmbH.I-Cube-SoM-uGOAL.1.1.0
2026-07-31 15:56:09,365 [WARN] PackLoader:240 - Cannot read IP mode file for STMicroelectronics.X-CUBE-ALS.1.0.1
2026-07-31 15:56:09,401 [WARN] PackLoader:240 - Cannot read IP mode file for STMicroelectronics.X-CUBE-AZRTOS-H7RS.1.0.0
2026-07-31 15:56:09,417 [WARN] PackLoader:240 - Cannot read IP mode file for STMicroelectronics.FP-ATR-ASTRA1.2.0.0
2026-07-31 15:56:09,442 [WARN] PackLoader:240 - Cannot read IP mode file for STMicroelectronics.X-CUBE-TOF1.3.4.2
2026-07-31 15:56:09,550 [ERROR] Engine:466 - C:\Users\USER\.stm32cubemx\thirdparties\pdsc\STMicroelectronics.X-CUBE-TOF1.3.4.3.pdsc: PDSC version is not supported
2026-07-31 15:56:09,572 [WARN] PackLoader:240 - Cannot read IP mode file for STMicroelectronics.X-CUBE-TOF1.3.4.1
2026-07-31 15:56:09,605 [WARN] PackLoader:240 - Cannot read IP mode file for STMicroelectronics.X-CUBE-AZRTOS-H7.3.2.0
2026-07-31 15:56:09,634 [WARN] PackLoader:240 - Cannot read IP mode file for Infineon.AIROC-Wi-Fi-Bluetooth-STM32.1.6.0
2026-07-31 15:56:09,652 [WARN] PackLoader:240 - Cannot read IP mode file for wolfSSL.I-CUBE-wolfSSH.1.4.17
2026-07-31 15:56:09,652 [INFO] ThirdParty:978 - Integrity check success = true
2026-07-31 15:56:09,652 [INFO] IntegrityCheckThread:100 - exiting critical section [integrity check]
2026-07-31 15:56:09,652 [INFO] IntegrityCheckThread:103 - End integrity checks thread
2026-07-31 15:56:09,931 [INFO] Mcu:2021 - Initializing MCU STM32F411C(C-E)Ux STM32F411CEUx STM32F411CEU6
2026-07-31 15:56:12,789 [INFO] Context:663 - Trying to add GPIOservice into a context  which must be forbidden
2026-07-31 15:56:13,617 [INFO] RtosManager:555 - Registered RTOS mode: class=CMSIS, group=RTOS, mode=CMSIS_V1, owner=FREERTOS
2026-07-31 15:56:13,617 [INFO] RtosManager:555 - Registered RTOS mode: class=CMSIS, group=RTOS2, mode=CMSIS_V2, owner=FREERTOS
2026-07-31 15:56:13,617 [INFO] RtosManager:555 - Registered RTOS mode: class=RTOS, group=Core, mode=CMSIS_V1, owner=FREERTOS
2026-07-31 15:56:13,617 [INFO] RtosManager:555 - Registered RTOS mode: class=RTOS, group=Core, mode=CMSIS_V2, owner=FREERTOS
2026-07-31 15:56:13,619 [WARN] ModelIntegratedComponent:184 - Missing modes for component STMicroelectronics:FreeRTOS:0.0.1:STMicroelectronics:RTOS:FreeRTOS:Core:::10.2.0:
2026-07-31 15:56:13,707 [WARN] ModelIntegratedComponent:63 - No mode defined for component null
2026-07-31 15:56:13,708 [WARN] ModelIntegratedComponent:63 - No mode defined for component null
2026-07-31 15:56:13,708 [WARN] ModelIntegratedComponent:63 - No mode defined for component null
2026-07-31 15:56:13,708 [WARN] ModelIntegratedComponent:63 - No mode defined for component null
2026-07-31 15:56:13,708 [WARN] ModelIntegratedComponent:63 - No mode defined for component null
2026-07-31 15:56:13,708 [WARN] ModelIntegratedComponent:63 - No mode defined for component null
2026-07-31 15:56:13,708 [WARN] ModelIntegratedComponent:63 - No mode defined for component null
2026-07-31 15:56:13,708 [WARN] ModelIntegratedComponent:63 - No mode defined for component null
2026-07-31 15:56:13,708 [WARN] ModelIntegratedComponent:63 - No mode defined for component null
2026-07-31 15:56:13,708 [WARN] ModelIntegratedComponent:63 - No mode defined for component null
2026-07-31 15:56:13,708 [WARN] ModelIntegratedComponent:63 - No mode defined for component null
2026-07-31 15:56:13,708 [WARN] ModelIntegratedComponent:63 - No mode defined for component null
2026-07-31 15:56:13,708 [WARN] ModelIntegratedComponent:63 - No mode defined for component null
2026-07-31 15:56:13,708 [WARN] ModelIntegratedComponent:63 - No mode defined for component null
2026-07-31 15:56:13,708 [WARN] ModelIntegratedComponent:63 - No mode defined for component null
2026-07-31 15:56:13,708 [WARN] ModelIntegratedComponent:63 - No mode defined for component null
2026-07-31 15:56:13,708 [WARN] ModelIntegratedComponent:63 - No mode defined for component null
2026-07-31 15:56:13,708 [WARN] ModelIntegratedComponent:63 - No mode defined for component null
2026-07-31 15:56:13,708 [WARN] ModelIntegratedComponent:63 - No mode defined for component null
2026-07-31 15:56:13,708 [WARN] ModelIntegratedComponent:63 - No mode defined for component null
2026-07-31 15:56:13,708 [WARN] ModelIntegratedComponent:63 - No mode defined for component null
2026-07-31 15:56:13,708 [WARN] ModelIntegratedComponent:63 - No mode defined for component null
2026-07-31 15:56:13,709 [WARN] ModelIntegratedComponent:63 - No mode defined for component null
2026-07-31 15:56:13,709 [WARN] ModelIntegratedComponent:63 - No mode defined for component null
2026-07-31 15:56:13,709 [WARN] ModelIntegratedComponent:63 - No mode defined for component null
2026-07-31 15:56:13,709 [WARN] ModelIntegratedComponent:63 - No mode defined for component null
2026-07-31 15:56:13,709 [WARN] ModelIntegratedComponent:63 - No mode defined for component null
2026-07-31 15:56:13,709 [WARN] ModelIntegratedComponent:63 - No mode defined for component null
2026-07-31 15:56:13,709 [WARN] ModelIntegratedComponent:63 - No mode defined for component null
2026-07-31 15:56:13,709 [WARN] ModelIntegratedComponent:63 - No mode defined for component null
2026-07-31 15:56:13,709 [WARN] ModelIntegratedComponent:63 - No mode defined for component null
2026-07-31 15:56:13,710 [WARN] ModelIntegratedComponent:63 - No mode defined for component null
2026-07-31 15:56:13,711 [WARN] ModelIntegratedComponent:63 - No mode defined for component null
2026-07-31 15:56:13,712 [WARN] ModelIntegratedComponent:63 - No mode defined for component null
2026-07-31 15:56:13,770 [WARN] ModelIntegratedComponent:182 - Modes not found for component STMicroelectronics:USB_DEVICE:1.0.0:STMicroelectronics:USB::USB Device:Audio HS::1.0:USB_DEVICE_1_0_RESTRICTED_HS
2026-07-31 15:56:13,770 [WARN] ModelIntegratedComponent:188 - Modes not found for component STMicroelectronics:USB_DEVICE:1.0.0:STMicroelectronics:USB::USB Device:Audio HS::1.0:USB_DEVICE_1_0_RESTRICTED_HS
2026-07-31 15:56:13,770 [WARN] ModelIntegratedComponent:182 - Modes not found for component STMicroelectronics:USB_DEVICE:1.0.0:STMicroelectronics:USB::USB Device:CDC HS::1.0:USB_DEVICE_1_0_RESTRICTED_HS
2026-07-31 15:56:13,770 [WARN] ModelIntegratedComponent:188 - Modes not found for component STMicroelectronics:USB_DEVICE:1.0.0:STMicroelectronics:USB::USB Device:CDC HS::1.0:USB_DEVICE_1_0_RESTRICTED_HS
2026-07-31 15:56:13,770 [WARN] ModelIntegratedComponent:182 - Modes not found for component STMicroelectronics:USB_DEVICE:1.0.0:STMicroelectronics:USB::USB Device:DFU HS::1.0:USB_DEVICE_1_0_RESTRICTED_HS
2026-07-31 15:56:13,770 [WARN] ModelIntegratedComponent:188 - Modes not found for component STMicroelectronics:USB_DEVICE:1.0.0:STMicroelectronics:USB::USB Device:DFU HS::1.0:USB_DEVICE_1_0_RESTRICTED_HS
2026-07-31 15:56:13,770 [WARN] ModelIntegratedComponent:182 - Modes not found for component STMicroelectronics:USB_DEVICE:1.0.0:STMicroelectronics:USB::USB Device:HID HS::1.0:USB_DEVICE_1_0_RESTRICTED_HS
2026-07-31 15:56:13,770 [WARN] ModelIntegratedComponent:188 - Modes not found for component STMicroelectronics:USB_DEVICE:1.0.0:STMicroelectronics:USB::USB Device:HID HS::1.0:USB_DEVICE_1_0_RESTRICTED_HS
2026-07-31 15:56:13,770 [WARN] ModelIntegratedComponent:182 - Modes not found for component STMicroelectronics:USB_DEVICE:1.0.0:STMicroelectronics:USB::USB Device:Custom HID HS::1.0:USB_DEVICE_1_0_RESTRICTED_HS
2026-07-31 15:56:13,770 [WARN] ModelIntegratedComponent:188 - Modes not found for component STMicroelectronics:USB_DEVICE:1.0.0:STMicroelectronics:USB::USB Device:Custom HID HS::1.0:USB_DEVICE_1_0_RESTRICTED_HS
2026-07-31 15:56:13,770 [WARN] ModelIntegratedComponent:182 - Modes not found for component STMicroelectronics:USB_DEVICE:1.0.0:STMicroelectronics:USB::USB Device:MSC HS::1.0:USB_DEVICE_1_0_RESTRICTED_HS
2026-07-31 15:56:13,771 [WARN] ModelIntegratedComponent:188 - Modes not found for component STMicroelectronics:USB_DEVICE:1.0.0:STMicroelectronics:USB::USB Device:MSC HS::1.0:USB_DEVICE_1_0_RESTRICTED_HS
2026-07-31 15:56:13,878 [WARN] ModelIntegratedComponent:182 - Modes not found for component STMicroelectronics:USB_HOST:1.0.0:STMicroelectronics:USB::USB Host:Audio HS::1.0:USB_HOST_1_0_RESTRICTED_HS
2026-07-31 15:56:13,878 [WARN] ModelIntegratedComponent:188 - Modes not found for component STMicroelectronics:USB_HOST:1.0.0:STMicroelectronics:USB::USB Host:Audio HS::1.0:USB_HOST_1_0_RESTRICTED_HS
2026-07-31 15:56:13,878 [WARN] ModelIntegratedComponent:182 - Modes not found for component STMicroelectronics:USB_HOST:1.0.0:STMicroelectronics:USB::USB Host:CDC HS::1.0:USB_HOST_1_0_RESTRICTED_HS
2026-07-31 15:56:13,878 [WARN] ModelIntegratedComponent:188 - Modes not found for component STMicroelectronics:USB_HOST:1.0.0:STMicroelectronics:USB::USB Host:CDC HS::1.0:USB_HOST_1_0_RESTRICTED_HS
2026-07-31 15:56:13,878 [WARN] ModelIntegratedComponent:182 - Modes not found for component STMicroelectronics:USB_HOST:1.0.0:STMicroelectronics:USB::USB Host:MSC HS::1.0:USB_HOST_1_0_RESTRICTED_HS
2026-07-31 15:56:13,878 [WARN] ModelIntegratedComponent:188 - Modes not found for component STMicroelectronics:USB_HOST:1.0.0:STMicroelectronics:USB::USB Host:MSC HS::1.0:USB_HOST_1_0_RESTRICTED_HS
2026-07-31 15:56:13,878 [WARN] ModelIntegratedComponent:182 - Modes not found for component STMicroelectronics:USB_HOST:1.0.0:STMicroelectronics:USB::USB Host:HID HS::1.0:USB_HOST_1_0_RESTRICTED_HS
2026-07-31 15:56:13,878 [WARN] ModelIntegratedComponent:188 - Modes not found for component STMicroelectronics:USB_HOST:1.0.0:STMicroelectronics:USB::USB Host:HID HS::1.0:USB_HOST_1_0_RESTRICTED_HS
2026-07-31 15:56:13,878 [WARN] ModelIntegratedComponent:182 - Modes not found for component STMicroelectronics:USB_HOST:1.0.0:STMicroelectronics:USB::USB Host:MTP HS::1.0:USB_HOST_1_0_RESTRICTED_HS
2026-07-31 15:56:13,878 [WARN] ModelIntegratedComponent:188 - Modes not found for component STMicroelectronics:USB_HOST:1.0.0:STMicroelectronics:USB::USB Host:MTP HS::1.0:USB_HOST_1_0_RESTRICTED_HS
2026-07-31 15:56:14,041 [INFO] ThirdPartyModel:298 - Start build external matchings
2026-07-31 15:56:16,153 [INFO] ThirdPartyModel:316 - End build external matchings
2026-07-31 15:56:16,210 [INFO] RtosManager:919 - Current active RTOS is FREERTOS [Cortex-M4NS]
2026-07-31 15:56:16,225 [INFO] ImportTextPane:194 - (OptionalMessage_ERROR) IP (DMA) : Parameter (Instance) has Id (USART1_RX) currently not set
2026-07-31 15:56:16,225 [INFO] ImportTextPane:194 - (OptionalMessage_ERROR) IP (DMA) : Parameter (Channel) has Id (USART1_RX) currently not set
2026-07-31 15:56:16,225 [INFO] ImportTextPane:194 - (OptionalMessage_ERROR) IP (DMA) : Parameter (Direction) has Id (USART1_RX) currently not set
2026-07-31 15:56:16,226 [INFO] ImportTextPane:194 - (OptionalMessage_ERROR) IP (DMA) : Parameter (PeriphInc) has Id (USART1_RX) currently not set
2026-07-31 15:56:16,226 [INFO] ImportTextPane:194 - (OptionalMessage_ERROR) IP (DMA) : Parameter (MemInc) has Id (USART1_RX) currently not set
2026-07-31 15:56:16,226 [INFO] ImportTextPane:194 - (OptionalMessage_ERROR) IP (DMA) : Parameter (PeriphDataAlignment) has Id (USART1_RX) currently not set
2026-07-31 15:56:16,226 [INFO] ImportTextPane:194 - (OptionalMessage_ERROR) IP (DMA) : Parameter (MemDataAlignment) has Id (USART1_RX) currently not set
2026-07-31 15:56:16,226 [INFO] ImportTextPane:194 - (OptionalMessage_ERROR) IP (DMA) : Parameter (Mode) has Id (USART1_RX) currently not set
2026-07-31 15:56:16,226 [INFO] ImportTextPane:194 - (OptionalMessage_ERROR) IP (DMA) : Parameter (Priority) has Id (USART1_RX) currently not set
2026-07-31 15:56:16,226 [INFO] ImportTextPane:194 - (OptionalMessage_ERROR) IP (DMA) : Parameter (FIFOMode) has Id (USART1_RX) currently not set
2026-07-31 15:56:16,226 [INFO] ImportTextPane:194 - (OptionalMessage_ERROR) IP (DMA) : Parameter (Instance) has Id (USART1_TX) currently not set
2026-07-31 15:56:16,226 [INFO] ImportTextPane:194 - (OptionalMessage_ERROR) IP (DMA) : Parameter (Channel) has Id (USART1_TX) currently not set
2026-07-31 15:56:16,226 [INFO] ImportTextPane:194 - (OptionalMessage_ERROR) IP (DMA) : Parameter (Direction) has Id (USART1_TX) currently not set
2026-07-31 15:56:16,227 [INFO] ImportTextPane:194 - (OptionalMessage_ERROR) IP (DMA) : Parameter (PeriphInc) has Id (USART1_TX) currently not set
2026-07-31 15:56:16,227 [INFO] ImportTextPane:194 - (OptionalMessage_ERROR) IP (DMA) : Parameter (MemInc) has Id (USART1_TX) currently not set
2026-07-31 15:56:16,227 [INFO] ImportTextPane:194 - (OptionalMessage_ERROR) IP (DMA) : Parameter (PeriphDataAlignment) has Id (USART1_TX) currently not set
2026-07-31 15:56:16,227 [INFO] ImportTextPane:194 - (OptionalMessage_ERROR) IP (DMA) : Parameter (MemDataAlignment) has Id (USART1_TX) currently not set
2026-07-31 15:56:16,227 [INFO] ImportTextPane:194 - (OptionalMessage_ERROR) IP (DMA) : Parameter (Mode) has Id (USART1_TX) currently not set
2026-07-31 15:56:16,227 [INFO] ImportTextPane:194 - (OptionalMessage_ERROR) IP (DMA) : Parameter (Priority) has Id (USART1_TX) currently not set
2026-07-31 15:56:16,227 [INFO] ImportTextPane:194 - (OptionalMessage_ERROR) IP (DMA) : Parameter (FIFOMode) has Id (USART1_TX) currently not set
2026-07-31 15:56:16,227 [INFO] ImportTextPane:194 - (OptionalMessage_ERROR) IP (DMA) : Parameter (Instance) has Id (ADC1) currently not set
2026-07-31 15:56:16,227 [INFO] ImportTextPane:194 - (OptionalMessage_ERROR) IP (DMA) : Parameter (Channel) has Id (ADC1) currently not set
2026-07-31 15:56:16,227 [INFO] ImportTextPane:194 - (OptionalMessage_ERROR) IP (DMA) : Parameter (Direction) has Id (ADC1) currently not set
2026-07-31 15:56:16,227 [INFO] ImportTextPane:194 - (OptionalMessage_ERROR) IP (DMA) : Parameter (PeriphInc) has Id (ADC1) currently not set
2026-07-31 15:56:16,227 [INFO] ImportTextPane:194 - (OptionalMessage_ERROR) IP (DMA) : Parameter (MemInc) has Id (ADC1) currently not set
2026-07-31 15:56:16,227 [INFO] ImportTextPane:194 - (OptionalMessage_ERROR) IP (DMA) : Parameter (PeriphDataAlignment) has Id (ADC1) currently not set
2026-07-31 15:56:16,227 [INFO] ImportTextPane:194 - (OptionalMessage_ERROR) IP (DMA) : Parameter (MemDataAlignment) has Id (ADC1) currently not set
2026-07-31 15:56:16,227 [INFO] ImportTextPane:194 - (OptionalMessage_ERROR) IP (DMA) : Parameter (Mode) has Id (ADC1) currently not set
2026-07-31 15:56:16,227 [INFO] ImportTextPane:194 - (OptionalMessage_ERROR) IP (DMA) : Parameter (Priority) has Id (ADC1) currently not set
2026-07-31 15:56:16,227 [INFO] ImportTextPane:194 - (OptionalMessage_ERROR) IP (DMA) : Parameter (FIFOMode) has Id (ADC1) currently not set
2026-07-31 15:56:16,233 [INFO] ImportTextPane:194 - (OptionalMessage_ERROR) IP (FREERTOS) : Invalid parameter (Events01)
2026-07-31 15:56:16,234 [INFO] ImportTextPane:194 - (OptionalMessage_ERROR) IP (RCC) : Parameter (RTCHSEDivFreq_Value) has invalid value (12500000)
2026-07-31 15:56:16,788 [INFO] ApiDb:581 - Connected to CubeFinder SQLite database (C:\Users\USER\.stmcufinder\plugins\mcufinder\mcu\cube-finder-db.db)
2026-07-31 15:56:16,955 [INFO] ApiDb:668 - CubeFinder database Data Model version=2.1
2026-07-31 15:56:16,956 [INFO] ApiDb:669 - CubeFinder database Configuration version=3.0.39
2026-07-31 15:56:16,956 [INFO] ApiDb:670 - CubeFinder database generation date=2025-12-22 (1766407740)
2026-07-31 15:56:16,957 [INFO] ApiDb:671 - CubeFinder database FW Pack versions=[FP-ATR-ASTRA1_V2.0.0, FP-SNS-FLIGHT1_V5.1.0, FP-SNS-MOTENV1_V5.1.0, FP-SNS-MOTENVWB1_V1.4.0, FP-SNS-SMARTAG2_V1.2.0, FP-SNS-STBOX1_V2.1.0, STM32Cube_FW_C0_V1.4.0, STM32Cube_FW_F4_V1.28.3, STM32Cube_FW_F7_V1.17.4, STM32Cube_FW_G0_V1.6.2, STM32Cube_FW_G4_V1.6.1, STM32Cube_FW_H5_V1.5.1, STM32Cube_FW_H7RS_V1.3.0, STM32Cube_FW_H7_V1.12.1, STM32Cube_FW_L0_V1.12.2, STM32Cube_FW_L4_V1.18.1, STM32Cube_FW_L5_V1.6.0, STM32Cube_FW_N6_V1.3.0, STM32Cube_FW_U0_V1.3.0, STM32Cube_FW_U3_V1.2.1, STM32Cube_FW_U5_V1.8.0, STM32Cube_FW_WB0_V1.4.0, STM32Cube_FW_WBA_V1.8.0, STM32Cube_FW_WB_V1.24.0, STM32Cube_FW_WL3_V1.3.0, STM32Cube_FW_WL_V1.4.0, X-CUBE-ALGOBUILD_V1.4.0, X-CUBE-ALS_V1.0.2, X-CUBE-AZRTOS-F4_V1.1.0, X-CUBE-AZRTOS-F7_V1.1.0, X-CUBE-AZRTOS-G0_V1.1.0, X-CUBE-AZRTOS-G4_V2.0.0, X-CUBE-AZRTOS-H7RS_V1.1.0, X-CUBE-AZRTOS-H7_V3.4.0, X-CUBE-AZRTOS-L4_V2.0.0, X-CUBE-AZRTOS-L5_V2.0.0, X-CUBE-AZRTOS-WB_V2.0.0, X-CUBE-AZRTOS-WL_V2.0.0, X-CUBE-BLE1_V7.1.0, X-CUBE-BLE2_V3.3.0, X-CUBE-BLEMGR_V4.1.0, X-CUBE-EEPRMA1_V5.2.0, X-CUBE-FREERTOS_V1.3.1, X-CUBE-GNSS1_V6.0.0, X-CUBE-MEMS1_V12.0.0, X-CUBE-NFC4_V3.0.0, X-CUBE-NFC7_V2.0.0, X-CUBE-SFXS2LP1_V4.0.0, X-CUBE-ST67W61_V1.1.0, X-CUBE-SUBG2_V5.0.0, X-CUBE-TOF1_V3.4.3]
2026-07-31 15:56:17,113 [INFO] DbBoardsSqlite:226 - include board P-NUCLEO-WB55-NUCLEO as a kit item of type 'Nucleo-64'
2026-07-31 15:56:17,114 [INFO] DbBoardsSqlite:226 - include board P-NUCLEO-WB55-USBDONGLE as a kit item of type 'Nucleo USB Dongle'
2026-07-31 15:56:17,116 [INFO] DbBoardsSqlite:226 - include board STEVAL-IDP005V1 as a kit item of type 'Evaluation Board'
2026-07-31 15:56:17,116 [INFO] DbBoardsSqlite:226 - include board STEVAL-IDP005V2 as a kit item of type 'Evaluation Board'
2026-07-31 15:56:17,766 [INFO] ApiDb:240 - Found 483 in-development CPN: [B-G473E-ZEST1S, B-WB1M-WPAN1, B-WL5M-SUBG1, NUCLEO-C031C6, NUCLEO-H503RB, NUCLEO-H533RE, NUCLEO-H563ZI, NUCLEO-H7S3L8, NUCLEO-U031R8, NUCLEO-U083RC, NUCLEO-U545RE-Q, NUCLEO-U5A5ZJ-Q, NUCLEO-WBA52CG, NUCLEO-WBA55CG, STEVAL-PROTEUS1, STEVAL-SMARTAG2, STEVAL-STWINBX1, STM320518-EVAL, STM32C0116-DK, STM32C011D6Y3TR, STM32C011D6Y6TR, STM32C011F4P3, STM32C011F4P6, STM32C011F4U3, STM32C011F4U6TR, STM32C011F6P3, STM32C011F6P6, STM32C011F6U3, STM32C011F6U6TR, STM32C011J4M3, STM32C011J4M6, STM32C011J6M3, STM32C011J6M6, STM32C0316-DK, STM32C031C4T3, STM32C031C4T6, STM32C031C4U3, STM32C031C4U6, STM32C031C6T3, STM32C031C6T6, STM32C031C6U3, STM32C031C6U6, STM32C031F4P3, STM32C031F4P6, STM32C031F6P3, STM32C031F6P6, STM32C031G4U3, STM32C031G4U6, STM32C031G6U3, STM32C031G6U6, STM32C031K4T3, STM32C031K4T6, STM32C031K4U3, STM32C031K4U6, STM32C031K6T3, STM32C031K6T6, STM32C031K6U3, STM32C031K6U6, STM32G071K8TXN, STM32G071K8UXN, STM32G081GBU6N, STM32G081KBT6N, STM32G081KBUXN, STM32G0B1CCT6N, STM32G0B1KCT6, STM32G0B1NEY6TR, STM32G0B1RCT6N, STM32G0C1CCT6, STM32G0C1CCT6N, STM32G0C1CCU6N, STM32G0C1CET6N, STM32G0C1CEU6N, STM32G0C1KCT6, STM32G0C1NEY6TR, STM32G0C1RCI6N, STM32G0C1RCT6N, STM32G0C1REI6N, STM32G0C1RET6N, STM32G0C1VCI6, STM32G0C1VEI6, STM32G471CCT6, STM32G471CCU6, STM32G471CET3, STM32G471CET6, STM32G471CEU3, STM32G471CEU6, STM32G471MCT6, STM32G471MET3, STM32G471MET6, STM32G471MEY6TR, STM32G471QCT6, STM32G471QET3, STM32G471RCT6, STM32G471RET3, STM32G471RET6, STM32G471VCH6, STM32G471VCI6, STM32G471VCT6, STM32G471VEH3, STM32G471VEH6, STM32G471VEI3, STM32G471VEI6, STM32G471VET3, STM32G471VET6, STM32G474CCT6, STM32H503CBT6, STM32H503CBU6, STM32H503EBY6TR, STM32H503KBU6, STM32H503RBT6, STM32H523CCT6, STM32H523CCU6, STM32H523CET6, STM32H523CEU6, STM32H523HEY6TR, STM32H523RCT6, STM32H523RET6, STM32H523VCI6, STM32H523VCT6, STM32H523VEI6, STM32H523VET6, STM32H523ZCJ6, STM32H523ZCT6, STM32H523ZEJ6, STM32H523ZET6, STM32H533CET6, STM32H533CEU6, STM32H533HEY6TR, STM32H533RET6, STM32H533VEI6, STM32H533VET6, STM32H533ZEJ6, STM32H533ZET6, STM32H562AGI6, STM32H562AII6, STM32H562IGK6, STM32H562IGT6, STM32H562IIK6, STM32H562IIT6, STM32H562RGT6, STM32H562RGV6, STM32H562RIT6, STM32H562RIV6, STM32H562VGT6, STM32H562VIT6, STM32H562ZGT6, STM32H562ZIT6, STM32H563AGI6, STM32H563AII3Q, STM32H563AII6, STM32H563IGK6, STM32H563IGT6, STM32H563IIK3Q, STM32H563IIK6, STM32H563IIT3Q, STM32H563IIT6, STM32H563MIY3QTR, STM32H563RGT6, STM32H563RGV6, STM32H563RIT6, STM32H563RIV6, STM32H563VGT6, STM32H563VIT3Q, STM32H563VIT6, STM32H563ZGT6, STM32H563ZIT3Q, STM32H563ZIT6, STM32H573AII3Q, STM32H573AII6, STM32H573I-DK, STM32H573IIK3Q, STM32H573IIK6, STM32H573IIT3Q, STM32H573IIT6, STM32H573MIY3QTR, STM32H573RIT6, STM32H573RIV6, STM32H573VIT3Q, STM32H573VIT6, STM32H573ZIT3Q, STM32H573ZIT6, STM32H7R3A8I6, STM32H7R3I8K6, STM32H7R3I8T6, STM32H7R3L8H6, STM32H7R3L8H6H, STM32H7R3R8V6, STM32H7R3V8H6, STM32H7R3V8T6, STM32H7R3V8Y6, STM32H7R3Z8J6, STM32H7R3Z8T6, STM32H7R7A8I6, STM32H7R7I8K6, STM32H7R7I8T6, STM32H7R7L8H6, STM32H7R7L8H6H, STM32H7R7Z8J6, STM32H7S3A8I6, STM32H7S3I8K6, STM32H7S3I8T6, STM32H7S3L8H6, STM32H7S3L8H6H, STM32H7S3R8V6, STM32H7S3V8H6, STM32H7S3V8T6, STM32H7S3V8Y6, STM32H7S3Z8J6, STM32H7S3Z8T6, STM32H7S78-DK, STM32H7S7A8I6, STM32H7S7I8K6, STM32H7S7I8T6, STM32H7S7L8H6, STM32H7S7L8H6H, STM32H7S7Z8J6, STM32L4R5QGI6STR, STM32MP131AAE3, STM32MP131AAF3, STM32MP131AAG3, STM32MP131CAE3, STM32MP131CAF3, STM32MP131CAG3, STM32MP131DAE7, STM32MP131DAF7, STM32MP131DAG7, STM32MP131FAE7, STM32MP131FAF7, STM32MP131FAG7, STM32MP133AAE3, STM32MP133AAF3, STM32MP133AAG3, STM32MP133CAE3, STM32MP133CAF3, STM32MP133CAG3, STM32MP133DAE7, STM32MP133DAF7, STM32MP133DAG7, STM32MP133FAE7, STM32MP133FAF7, STM32MP133FAG7, STM32MP135AAE3, STM32MP135AAF3, STM32MP135AAG3, STM32MP135CAE3, STM32MP135CAF3, STM32MP135CAG3, STM32MP135DAE7, STM32MP135DAF7, STM32MP135DAG7, STM32MP135F-DK, STM32MP135FAE7, STM32MP135FAF7, STM32MP135FAF7T, STM32MP135FAF7U, STM32MP135FAG7, STM32U031C6T6, STM32U031C6U6, STM32U031C8T6, STM32U031C8U6, STM32U031F4P6, STM32U031F6P6, STM32U031F8P6, STM32U031G6Y6TR, STM32U031G8Y6TR, STM32U031K4U6, STM32U031K6U6, STM32U031K8U6, STM32U031R6I6, STM32U031R6T6, STM32U031R8I6, STM32U031R8T6, STM32U073C8T6, STM32U073C8U6, STM32U073CBT6, STM32U073CBU6, STM32U073CCT6, STM32U073CCU6, STM32U073H8Y6TR, STM32U073HBY6TR, STM32U073HCY6TR, STM32U073K8U6, STM32U073KBU6, STM32U073KCU6, STM32U073M8I6, STM32U073M8T6, STM32U073MBI6, STM32U073MBT6, STM32U073MCI6, STM32U073MCT6, STM32U073R8I6, STM32U073R8T6, STM32U073RBI6, STM32U073RBT6, STM32U073RCI6, STM32U073RCT6, STM32U083C-DK, STM32U083CCT6, STM32U083CCU6, STM32U083HCY6TR, STM32U083KCU6, STM32U083MCI6, STM32U083MCT6, STM32U083RCI6, STM32U083RCT6, STM32U535CBT6, STM32U535CBT6Q, STM32U535CBU6, STM32U535CBU6Q, STM32U535CCT6, STM32U535CCT6Q, STM32U535CCU6, STM32U535CCU6Q, STM32U535CET6, STM32U535CET6Q, STM32U535CEU6, STM32U535CEU6Q, STM32U535JEY6QTR, STM32U535NCY6QTR, STM32U535NEY6QTR, STM32U535RBI6, STM32U535RBI6Q, STM32U535RBT6, STM32U535RBT6Q, STM32U535RCI6, STM32U535RCI6Q, STM32U535RCT6, STM32U535RCT6Q, STM32U535REI6, STM32U535REI6Q, STM32U535RET6, STM32U535RET6Q, STM32U535VCI6, STM32U535VCI6Q, STM32U535VCT6, STM32U535VCT6Q, STM32U535VEI6, STM32U535VEI6Q, STM32U535VET6, STM32U535VET6Q, STM32U545CET6, STM32U545CET6Q, STM32U545CEU6, STM32U545CEU6Q, STM32U545JEY6QTR, STM32U545NEY6QTR, STM32U545REI6, STM32U545REI6Q, STM32U545RET6, STM32U545RET6Q, STM32U545VEI6, STM32U545VEI6Q, STM32U545VET6, STM32U545VET6Q, STM32U595AIH6, STM32U595AIH6Q, STM32U595AJH6, STM32U595AJH6Q, STM32U595QII6, STM32U595QII6Q, STM32U595QJI6, STM32U595QJI6Q, STM32U595RIT6, STM32U595RIT6Q, STM32U595RJT6, STM32U595RJT6Q, STM32U595VIT6, STM32U595VIT6Q, STM32U595VJT6, STM32U595VJT6Q, STM32U595ZIT6, STM32U595ZIT6Q, STM32U595ZIY6QTR, STM32U595ZJT6, STM32U595ZJT6Q, STM32U595ZJY6QTR, STM32U599BJY6QTR, STM32U599NIH6Q, STM32U599NJH6Q, STM32U599VIT6Q, STM32U599VJT6, STM32U599VJT6Q, STM32U599ZIT6Q, STM32U599ZIY6QTR, STM32U599ZJT6Q, STM32U599ZJY6QTR, STM32U5A5AJH6, STM32U5A5AJH6Q, STM32U5A5QII3Q , STM32U5A5QJI6, STM32U5A5QJI6Q, STM32U5A5RJT6, STM32U5A5RJT6Q, STM32U5A5VJT6, STM32U5A5VJT6Q, STM32U5A5ZJT6, STM32U5A5ZJT6Q, STM32U5A5ZJY6QTR, STM32U5A9BJY6QTR, STM32U5A9J-DK, STM32U5A9NJH6Q, STM32U5A9VJT6Q, STM32U5A9ZJT6Q, STM32U5A9ZJY6QTR, STM32U5F7VIT6, STM32U5F7VIT6Q, STM32U5F7VJT6, STM32U5F7VJT6Q, STM32U5F9BJY6QTR, STM32U5F9NJH6Q, STM32U5F9VIT6Q, STM32U5F9VJT6Q, STM32U5F9ZIJ6QTR, STM32U5F9ZIT6Q, STM32U5F9ZJJ6QTR, STM32U5F9ZJT6Q, STM32U5G7VJT6, STM32U5G7VJT6Q, STM32U5G9BJY6QTR, STM32U5G9J-DK1, STM32U5G9J-DK2, STM32U5G9NJH6Q, STM32U5G9VJT6Q, STM32U5G9ZJJ6QTR, STM32U5G9ZJT6Q, STM32WB1MMCH6, STM32WBA50KEU6, STM32WBA50KEU6TR, STM32WBA50KGU6, STM32WBA50KGU6TR, STM32WBA52CEU6, STM32WBA52CEU6TR, STM32WBA52CEU7, STM32WBA52CEU7TR, STM32WBA52CGU6, STM32WBA52CGU6TR, STM32WBA52CGU6U, STM32WBA52CGU7, STM32WBA52CGU7TR, STM32WBA52KEU6, STM32WBA52KEU6TR, STM32WBA52KGU6, STM32WBA52KGU6TR, STM32WBA54CEU6, STM32WBA54CEU6TR, STM32WBA54CEU7, STM32WBA54CEU7TR, STM32WBA54CGU6, STM32WBA54CGU6TR, STM32WBA54CGU7, STM32WBA54CGU7TR, STM32WBA54KEU6, STM32WBA54KEU6TR, STM32WBA54KEU7, STM32WBA54KEU7TR, STM32WBA54KGU6, STM32WBA54KGU6TR, STM32WBA54KGU7, STM32WBA54KGU7TR, STM32WBA55CEU6, STM32WBA55CEU6TR, STM32WBA55CEU7, STM32WBA55CEU7TR, STM32WBA55CGU6, STM32WBA55CGU6TR, STM32WBA55CGU6U, STM32WBA55CGU7, STM32WBA55CGU7TR, STM32WBA55G-DK1, STM32WBA55HEF6, STM32WBA55HEF7, STM32WBA55HGF6, STM32WBA55HGF7, STM32WBA55UEI6, STM32WBA55UEI6TR, STM32WBA55UEI7, STM32WBA55UEI7TR, STM32WBA55UGI6, STM32WBA55UGI6TR, STM32WBA55UGI7, STM32WBA55UGI7TR, STM32WL5MOCH6, STM32WL5MOCH6TR]
2026-07-31 15:56:17,770 [INFO] ApiDb:668 - CubeFinder database Data Model version=2.1
2026-07-31 15:56:17,770 [INFO] ApiDb:669 - CubeFinder database Configuration version=3.0.39
2026-07-31 15:56:17,770 [INFO] ApiDb:670 - CubeFinder database generation date=2025-12-22 (1766407740)
2026-07-31 15:56:17,770 [INFO] ApiDb:671 - CubeFinder database FW Pack versions=[FP-ATR-ASTRA1_V2.0.0, FP-SNS-FLIGHT1_V5.1.0, FP-SNS-MOTENV1_V5.1.0, FP-SNS-MOTENVWB1_V1.4.0, FP-SNS-SMARTAG2_V1.2.0, FP-SNS-STBOX1_V2.1.0, STM32Cube_FW_C0_V1.4.0, STM32Cube_FW_F4_V1.28.3, STM32Cube_FW_F7_V1.17.4, STM32Cube_FW_G0_V1.6.2, STM32Cube_FW_G4_V1.6.1, STM32Cube_FW_H5_V1.5.1, STM32Cube_FW_H7RS_V1.3.0, STM32Cube_FW_H7_V1.12.1, STM32Cube_FW_L0_V1.12.2, STM32Cube_FW_L4_V1.18.1, STM32Cube_FW_L5_V1.6.0, STM32Cube_FW_N6_V1.3.0, STM32Cube_FW_U0_V1.3.0, STM32Cube_FW_U3_V1.2.1, STM32Cube_FW_U5_V1.8.0, STM32Cube_FW_WB0_V1.4.0, STM32Cube_FW_WBA_V1.8.0, STM32Cube_FW_WB_V1.24.0, STM32Cube_FW_WL3_V1.3.0, STM32Cube_FW_WL_V1.4.0, X-CUBE-ALGOBUILD_V1.4.0, X-CUBE-ALS_V1.0.2, X-CUBE-AZRTOS-F4_V1.1.0, X-CUBE-AZRTOS-F7_V1.1.0, X-CUBE-AZRTOS-G0_V1.1.0, X-CUBE-AZRTOS-G4_V2.0.0, X-CUBE-AZRTOS-H7RS_V1.1.0, X-CUBE-AZRTOS-H7_V3.4.0, X-CUBE-AZRTOS-L4_V2.0.0, X-CUBE-AZRTOS-L5_V2.0.0, X-CUBE-AZRTOS-WB_V2.0.0, X-CUBE-AZRTOS-WL_V2.0.0, X-CUBE-BLE1_V7.1.0, X-CUBE-BLE2_V3.3.0, X-CUBE-BLEMGR_V4.1.0, X-CUBE-EEPRMA1_V5.2.0, X-CUBE-FREERTOS_V1.3.1, X-CUBE-GNSS1_V6.0.0, X-CUBE-MEMS1_V12.0.0, X-CUBE-NFC4_V3.0.0, X-CUBE-NFC7_V2.0.0, X-CUBE-SFXS2LP1_V4.0.0, X-CUBE-ST67W61_V1.1.0, X-CUBE-SUBG2_V5.0.0, X-CUBE-TOF1_V3.4.3]
2026-07-31 15:56:19,890 [INFO] ApiDb:240 - Found 483 in-development CPN: [B-G473E-ZEST1S, B-WB1M-WPAN1, B-WL5M-SUBG1, NUCLEO-C031C6, NUCLEO-H503RB, NUCLEO-H533RE, NUCLEO-H563ZI, NUCLEO-H7S3L8, NUCLEO-U031R8, NUCLEO-U083RC, NUCLEO-U545RE-Q, NUCLEO-U5A5ZJ-Q, NUCLEO-WBA52CG, NUCLEO-WBA55CG, STEVAL-PROTEUS1, STEVAL-SMARTAG2, STEVAL-STWINBX1, STM320518-EVAL, STM32C0116-DK, STM32C011D6Y3TR, STM32C011D6Y6TR, STM32C011F4P3, STM32C011F4P6, STM32C011F4U3, STM32C011F4U6TR, STM32C011F6P3, STM32C011F6P6, STM32C011F6U3, STM32C011F6U6TR, STM32C011J4M3, STM32C011J4M6, STM32C011J6M3, STM32C011J6M6, STM32C0316-DK, STM32C031C4T3, STM32C031C4T6, STM32C031C4U3, STM32C031C4U6, STM32C031C6T3, STM32C031C6T6, STM32C031C6U3, STM32C031C6U6, STM32C031F4P3, STM32C031F4P6, STM32C031F6P3, STM32C031F6P6, STM32C031G4U3, STM32C031G4U6, STM32C031G6U3, STM32C031G6U6, STM32C031K4T3, STM32C031K4T6, STM32C031K4U3, STM32C031K4U6, STM32C031K6T3, STM32C031K6T6, STM32C031K6U3, STM32C031K6U6, STM32G071K8TXN, STM32G071K8UXN, STM32G081GBU6N, STM32G081KBT6N, STM32G081KBUXN, STM32G0B1CCT6N, STM32G0B1KCT6, STM32G0B1NEY6TR, STM32G0B1RCT6N, STM32G0C1CCT6, STM32G0C1CCT6N, STM32G0C1CCU6N, STM32G0C1CET6N, STM32G0C1CEU6N, STM32G0C1KCT6, STM32G0C1NEY6TR, STM32G0C1RCI6N, STM32G0C1RCT6N, STM32G0C1REI6N, STM32G0C1RET6N, STM32G0C1VCI6, STM32G0C1VEI6, STM32G471CCT6, STM32G471CCU6, STM32G471CET3, STM32G471CET6, STM32G471CEU3, STM32G471CEU6, STM32G471MCT6, STM32G471MET3, STM32G471MET6, STM32G471MEY6TR, STM32G471QCT6, STM32G471QET3, STM32G471RCT6, STM32G471RET3, STM32G471RET6, STM32G471VCH6, STM32G471VCI6, STM32G471VCT6, STM32G471VEH3, STM32G471VEH6, STM32G471VEI3, STM32G471VEI6, STM32G471VET3, STM32G471VET6, STM32G474CCT6, STM32H503CBT6, STM32H503CBU6, STM32H503EBY6TR, STM32H503KBU6, STM32H503RBT6, STM32H523CCT6, STM32H523CCU6, STM32H523CET6, STM32H523CEU6, STM32H523HEY6TR, STM32H523RCT6, STM32H523RET6, STM32H523VCI6, STM32H523VCT6, STM32H523VEI6, STM32H523VET6, STM32H523ZCJ6, STM32H523ZCT6, STM32H523ZEJ6, STM32H523ZET6, STM32H533CET6, STM32H533CEU6, STM32H533HEY6TR, STM32H533RET6, STM32H533VEI6, STM32H533VET6, STM32H533ZEJ6, STM32H533ZET6, STM32H562AGI6, STM32H562AII6, STM32H562IGK6, STM32H562IGT6, STM32H562IIK6, STM32H562IIT6, STM32H562RGT6, STM32H562RGV6, STM32H562RIT6, STM32H562RIV6, STM32H562VGT6, STM32H562VIT6, STM32H562ZGT6, STM32H562ZIT6, STM32H563AGI6, STM32H563AII3Q, STM32H563AII6, STM32H563IGK6, STM32H563IGT6, STM32H563IIK3Q, STM32H563IIK6, STM32H563IIT3Q, STM32H563IIT6, STM32H563MIY3QTR, STM32H563RGT6, STM32H563RGV6, STM32H563RIT6, STM32H563RIV6, STM32H563VGT6, STM32H563VIT3Q, STM32H563VIT6, STM32H563ZGT6, STM32H563ZIT3Q, STM32H563ZIT6, STM32H573AII3Q, STM32H573AII6, STM32H573I-DK, STM32H573IIK3Q, STM32H573IIK6, STM32H573IIT3Q, STM32H573IIT6, STM32H573MIY3QTR, STM32H573RIT6, STM32H573RIV6, STM32H573VIT3Q, STM32H573VIT6, STM32H573ZIT3Q, STM32H573ZIT6, STM32H7R3A8I6, STM32H7R3I8K6, STM32H7R3I8T6, STM32H7R3L8H6, STM32H7R3L8H6H, STM32H7R3R8V6, STM32H7R3V8H6, STM32H7R3V8T6, STM32H7R3V8Y6, STM32H7R3Z8J6, STM32H7R3Z8T6, STM32H7R7A8I6, STM32H7R7I8K6, STM32H7R7I8T6, STM32H7R7L8H6, STM32H7R7L8H6H, STM32H7R7Z8J6, STM32H7S3A8I6, STM32H7S3I8K6, STM32H7S3I8T6, STM32H7S3L8H6, STM32H7S3L8H6H, STM32H7S3R8V6, STM32H7S3V8H6, STM32H7S3V8T6, STM32H7S3V8Y6, STM32H7S3Z8J6, STM32H7S3Z8T6, STM32H7S78-DK, STM32H7S7A8I6, STM32H7S7I8K6, STM32H7S7I8T6, STM32H7S7L8H6, STM32H7S7L8H6H, STM32H7S7Z8J6, STM32L4R5QGI6STR, STM32MP131AAE3, STM32MP131AAF3, STM32MP131AAG3, STM32MP131CAE3, STM32MP131CAF3, STM32MP131CAG3, STM32MP131DAE7, STM32MP131DAF7, STM32MP131DAG7, STM32MP131FAE7, STM32MP131FAF7, STM32MP131FAG7, STM32MP133AAE3, STM32MP133AAF3, STM32MP133AAG3, STM32MP133CAE3, STM32MP133CAF3, STM32MP133CAG3, STM32MP133DAE7, STM32MP133DAF7, STM32MP133DAG7, STM32MP133FAE7, STM32MP133FAF7, STM32MP133FAG7, STM32MP135AAE3, STM32MP135AAF3, STM32MP135AAG3, STM32MP135CAE3, STM32MP135CAF3, STM32MP135CAG3, STM32MP135DAE7, STM32MP135DAF7, STM32MP135DAG7, STM32MP135F-DK, STM32MP135FAE7, STM32MP135FAF7, STM32MP135FAF7T, STM32MP135FAF7U, STM32MP135FAG7, STM32U031C6T6, STM32U031C6U6, STM32U031C8T6, STM32U031C8U6, STM32U031F4P6, STM32U031F6P6, STM32U031F8P6, STM32U031G6Y6TR, STM32U031G8Y6TR, STM32U031K4U6, STM32U031K6U6, STM32U031K8U6, STM32U031R6I6, STM32U031R6T6, STM32U031R8I6, STM32U031R8T6, STM32U073C8T6, STM32U073C8U6, STM32U073CBT6, STM32U073CBU6, STM32U073CCT6, STM32U073CCU6, STM32U073H8Y6TR, STM32U073HBY6TR, STM32U073HCY6TR, STM32U073K8U6, STM32U073KBU6, STM32U073KCU6, STM32U073M8I6, STM32U073M8T6, STM32U073MBI6, STM32U073MBT6, STM32U073MCI6, STM32U073MCT6, STM32U073R8I6, STM32U073R8T6, STM32U073RBI6, STM32U073RBT6, STM32U073RCI6, STM32U073RCT6, STM32U083C-DK, STM32U083CCT6, STM32U083CCU6, STM32U083HCY6TR, STM32U083KCU6, STM32U083MCI6, STM32U083MCT6, STM32U083RCI6, STM32U083RCT6, STM32U535CBT6, STM32U535CBT6Q, STM32U535CBU6, STM32U535CBU6Q, STM32U535CCT6, STM32U535CCT6Q, STM32U535CCU6, STM32U535CCU6Q, STM32U535CET6, STM32U535CET6Q, STM32U535CEU6, STM32U535CEU6Q, STM32U535JEY6QTR, STM32U535NCY6QTR, STM32U535NEY6QTR, STM32U535RBI6, STM32U535RBI6Q, STM32U535RBT6, STM32U535RBT6Q, STM32U535RCI6, STM32U535RCI6Q, STM32U535RCT6, STM32U535RCT6Q, STM32U535REI6, STM32U535REI6Q, STM32U535RET6, STM32U535RET6Q, STM32U535VCI6, STM32U535VCI6Q, STM32U535VCT6, STM32U535VCT6Q, STM32U535VEI6, STM32U535VEI6Q, STM32U535VET6, STM32U535VET6Q, STM32U545CET6, STM32U545CET6Q, STM32U545CEU6, STM32U545CEU6Q, STM32U545JEY6QTR, STM32U545NEY6QTR, STM32U545REI6, STM32U545REI6Q, STM32U545RET6, STM32U545RET6Q, STM32U545VEI6, STM32U545VEI6Q, STM32U545VET6, STM32U545VET6Q, STM32U595AIH6, STM32U595AIH6Q, STM32U595AJH6, STM32U595AJH6Q, STM32U595QII6, STM32U595QII6Q, STM32U595QJI6, STM32U595QJI6Q, STM32U595RIT6, STM32U595RIT6Q, STM32U595RJT6, STM32U595RJT6Q, STM32U595VIT6, STM32U595VIT6Q, STM32U595VJT6, STM32U595VJT6Q, STM32U595ZIT6, STM32U595ZIT6Q, STM32U595ZIY6QTR, STM32U595ZJT6, STM32U595ZJT6Q, STM32U595ZJY6QTR, STM32U599BJY6QTR, STM32U599NIH6Q, STM32U599NJH6Q, STM32U599VIT6Q, STM32U599VJT6, STM32U599VJT6Q, STM32U599ZIT6Q, STM32U599ZIY6QTR, STM32U599ZJT6Q, STM32U599ZJY6QTR, STM32U5A5AJH6, STM32U5A5AJH6Q, STM32U5A5QII3Q , STM32U5A5QJI6, STM32U5A5QJI6Q, STM32U5A5RJT6, STM32U5A5RJT6Q, STM32U5A5VJT6, STM32U5A5VJT6Q, STM32U5A5ZJT6, STM32U5A5ZJT6Q, STM32U5A5ZJY6QTR, STM32U5A9BJY6QTR, STM32U5A9J-DK, STM32U5A9NJH6Q, STM32U5A9VJT6Q, STM32U5A9ZJT6Q, STM32U5A9ZJY6QTR, STM32U5F7VIT6, STM32U5F7VIT6Q, STM32U5F7VJT6, STM32U5F7VJT6Q, STM32U5F9BJY6QTR, STM32U5F9NJH6Q, STM32U5F9VIT6Q, STM32U5F9VJT6Q, STM32U5F9ZIJ6QTR, STM32U5F9ZIT6Q, STM32U5F9ZJJ6QTR, STM32U5F9ZJT6Q, STM32U5G7VJT6, STM32U5G7VJT6Q, STM32U5G9BJY6QTR, STM32U5G9J-DK1, STM32U5G9J-DK2, STM32U5G9NJH6Q, STM32U5G9VJT6Q, STM32U5G9ZJJ6QTR, STM32U5G9ZJT6Q, STM32WB1MMCH6, STM32WBA50KEU6, STM32WBA50KEU6TR, STM32WBA50KGU6, STM32WBA50KGU6TR, STM32WBA52CEU6, STM32WBA52CEU6TR, STM32WBA52CEU7, STM32WBA52CEU7TR, STM32WBA52CGU6, STM32WBA52CGU6TR, STM32WBA52CGU6U, STM32WBA52CGU7, STM32WBA52CGU7TR, STM32WBA52KEU6, STM32WBA52KEU6TR, STM32WBA52KGU6, STM32WBA52KGU6TR, STM32WBA54CEU6, STM32WBA54CEU6TR, STM32WBA54CEU7, STM32WBA54CEU7TR, STM32WBA54CGU6, STM32WBA54CGU6TR, STM32WBA54CGU7, STM32WBA54CGU7TR, STM32WBA54KEU6, STM32WBA54KEU6TR, STM32WBA54KEU7, STM32WBA54KEU7TR, STM32WBA54KGU6, STM32WBA54KGU6TR, STM32WBA54KGU7, STM32WBA54KGU7TR, STM32WBA55CEU6, STM32WBA55CEU6TR, STM32WBA55CEU7, STM32WBA55CEU7TR, STM32WBA55CGU6, STM32WBA55CGU6TR, STM32WBA55CGU6U, STM32WBA55CGU7, STM32WBA55CGU7TR, STM32WBA55G-DK1, STM32WBA55HEF6, STM32WBA55HEF7, STM32WBA55HGF6, STM32WBA55HGF7, STM32WBA55UEI6, STM32WBA55UEI6TR, STM32WBA55UEI7, STM32WBA55UEI7TR, STM32WBA55UGI6, STM32WBA55UGI6TR, STM32WBA55UGI7, STM32WBA55UGI7TR, STM32WL5MOCH6, STM32WL5MOCH6TR]
2026-07-31 15:56:19,894 [INFO] DbMcus:218 - Found 4816 MCUs, 4816 are supported
2026-07-31 15:56:19,895 [INFO] ApiDb:423 - Load user favorites file C:\Users\USER/.stm32cubeide/favorites.mcus.txt: 0 item(s)
2026-07-31 15:56:19,895 [INFO] ApiDb:427 - User favorites MCUs=[]
2026-07-31 15:56:19,895 [INFO] DbMcus:224 - Set 0 / 0 favorites MCUs
2026-07-31 15:56:20,270 [INFO] BoardInfo:889 - No configuration file found for board B-WBA5M-WPAN
2026-07-31 15:56:20,271 [INFO] DbBoards:161 - Board is not supported: B-WBA5M-WPAN
2026-07-31 15:56:20,274 [INFO] BoardInfo:889 - No configuration file found for board NUCLEO-C051C8
2026-07-31 15:56:20,274 [INFO] DbBoards:161 - Board is not supported: NUCLEO-C051C8
2026-07-31 15:56:20,275 [INFO] BoardInfo:889 - No configuration file found for board NUCLEO-C071RB
2026-07-31 15:56:20,276 [INFO] DbBoards:161 - Board is not supported: NUCLEO-C071RB
2026-07-31 15:56:20,276 [INFO] BoardInfo:889 - No configuration file found for board NUCLEO-C092RC
2026-07-31 15:56:20,277 [INFO] DbBoards:161 - Board is not supported: NUCLEO-C092RC
2026-07-31 15:56:20,343 [INFO] BoardInfo:889 - No configuration file found for board NUCLEO-N657X0-Q
2026-07-31 15:56:20,343 [INFO] DbBoards:161 - Board is not supported: NUCLEO-N657X0-Q
2026-07-31 15:56:20,346 [INFO] BoardInfo:889 - No configuration file found for board NUCLEO-U385RG-Q
2026-07-31 15:56:20,346 [INFO] DbBoards:161 - Board is not supported: NUCLEO-U385RG-Q
2026-07-31 15:56:20,357 [INFO] BoardInfo:889 - No configuration file found for board NUCLEO-WB05KZ
2026-07-31 15:56:20,358 [INFO] DbBoards:161 - Board is not supported: NUCLEO-WB05KZ
2026-07-31 15:56:20,359 [INFO] BoardInfo:889 - No configuration file found for board NUCLEO-WB07CC
2026-07-31 15:56:20,359 [INFO] DbBoards:161 - Board is not supported: NUCLEO-WB07CC
2026-07-31 15:56:20,360 [INFO] BoardInfo:889 - No configuration file found for board NUCLEO-WB09KE
2026-07-31 15:56:20,361 [INFO] DbBoards:161 - Board is not supported: NUCLEO-WB09KE
2026-07-31 15:56:20,368 [INFO] BoardInfo:889 - No configuration file found for board NUCLEO-WBA65RI
2026-07-31 15:56:20,369 [INFO] DbBoards:161 - Board is not supported: NUCLEO-WBA65RI
2026-07-31 15:56:20,370 [INFO] BoardInfo:889 - No configuration file found for board NUCLEO-WL33CC1
2026-07-31 15:56:20,371 [INFO] DbBoards:161 - Board is not supported: NUCLEO-WL33CC1
2026-07-31 15:56:20,372 [INFO] BoardInfo:889 - No configuration file found for board NUCLEO-WL33CC2
2026-07-31 15:56:20,372 [INFO] DbBoards:161 - Board is not supported: NUCLEO-WL33CC2
2026-07-31 15:56:20,378 [INFO] BoardInfo:889 - No configuration file found for board P-NUCLEO-WB55
2026-07-31 15:56:20,379 [INFO] DbBoards:161 - Kit is not supported: P-NUCLEO-WB55
2026-07-31 15:56:20,385 [INFO] BoardInfo:889 - No configuration file found for board STEVAL-BFA001V1B
2026-07-31 15:56:20,385 [INFO] DbBoards:161 - Kit is not supported: STEVAL-BFA001V1B
2026-07-31 15:56:20,386 [INFO] BoardInfo:889 - No configuration file found for board STEVAL-BFA001V2B
2026-07-31 15:56:20,387 [INFO] DbBoards:161 - Kit is not supported: STEVAL-BFA001V2B
2026-07-31 15:56:20,513 [INFO] BoardInfo:889 - No configuration file found for board STM32MP257F-DK
2026-07-31 15:56:20,514 [INFO] DbBoards:161 - Board is not supported: STM32MP257F-DK
2026-07-31 15:56:20,515 [INFO] BoardInfo:889 - No configuration file found for board STM32MP257F-EV1
2026-07-31 15:56:20,516 [INFO] DbBoards:161 - Board is not supported: STM32MP257F-EV1
2026-07-31 15:56:20,517 [INFO] BoardInfo:889 - No configuration file found for board STM32N6570-DK
2026-07-31 15:56:20,517 [INFO] DbBoards:161 - Board is not supported: STM32N6570-DK
2026-07-31 15:56:20,530 [INFO] BoardInfo:889 - No configuration file found for board STM32WBA65I-DK1
2026-07-31 15:56:20,530 [INFO] DbBoards:161 - Board is not supported: STM32WBA65I-DK1
2026-07-31 15:56:20,530 [INFO] DbBoards:168 - Found 211 boards, 192 are supported
2026-07-31 15:56:20,530 [INFO] DbBoards:169 - Found 211 boards, 8 of them is supported for  Bsp
2026-07-31 15:56:20,534 [INFO] ApiDb:423 - Load user favorites file C:\Users\USER/.stm32cubeide/favorites.boards.txt: 0 item(s)
2026-07-31 15:56:20,534 [INFO] ApiDb:427 - User favorites Boards=[]
2026-07-31 15:56:20,535 [INFO] DbBoards:198 - Set 0 / 0 favorites Boards
2026-07-31 15:56:20,730 [INFO] UtilMem:75 - End LoadConfig() Used Memory: 837127672 Bytes (1073741824)
2026-07-31 15:56:20,994 [WARN] ThirdParty:833 - waiting for thirdparty lock release [change project]
2026-07-31 15:56:20,994 [INFO] ThirdParty:835 - entering critical section [change project]
2026-07-31 15:56:20,995 [INFO] ThirdParty:1030 - CMSIS Pack Vendor :STMicroelectronics X-CUBE-AZRTOS-H7 3.5.0
2026-07-31 15:56:20,995 [INFO] ThirdParty:1030 - CMSIS Pack Vendor :STMicroelectronics X-CUBE-PM33A1 1.0.0
2026-07-31 15:56:20,995 [INFO] ThirdParty:1030 - CMSIS Pack Vendor :STMicroelectronics USBPD 4.1
2026-07-31 15:56:20,995 [INFO] ThirdParty:1030 - CMSIS Pack Vendor :STMicroelectronics X-CUBE-GNSS1 6.0.0
2026-07-31 15:56:20,995 [INFO] ThirdParty:1030 - CMSIS Pack Vendor :STMicroelectronics USB_HOST 2.0.0
2026-07-31 15:56:20,995 [INFO] ThirdParty:1030 - CMSIS Pack Vendor :STMicroelectronics FP-SNS-MOTENVWB1 1.4.0
2026-07-31 15:56:20,995 [INFO] ThirdParty:1030 - CMSIS Pack Vendor :STMicroelectronics FP-ATR-ASTRA1 2.0.3
2026-07-31 15:56:20,995 [INFO] ThirdParty:1030 - CMSIS Pack Vendor :STMicroelectronics X-CUBE-AZRTOS-F4 1.1.0
2026-07-31 15:56:20,995 [INFO] ThirdParty:1030 - CMSIS Pack Vendor :STMicroelectronics LIBJPEG 8.0.0
2026-07-31 15:56:20,995 [INFO] ThirdParty:1030 - CMSIS Pack Vendor :STMicroelectronics FP-ATR-ASTRA1 2.0.2
2026-07-31 15:56:20,995 [INFO] ThirdParty:1030 - CMSIS Pack Vendor :STMicroelectronics FP-ATR-ASTRA1 2.0.1
2026-07-31 15:56:20,995 [INFO] ThirdParty:1030 - CMSIS Pack Vendor :STMicroelectronics X-CUBE-SMBUS 2.1.0
2026-07-31 15:56:20,995 [INFO] ThirdParty:1030 - CMSIS Pack Vendor :STMicroelectronics X-CUBE-WB05N 1.1.0
2026-07-31 15:56:20,995 [INFO] ThirdParty:1030 - CMSIS Pack Vendor :STMicroelectronics X-CUBE-ISPU 2.1.0
2026-07-31 15:56:20,995 [INFO] ThirdParty:1030 - CMSIS Pack Vendor :STMicroelectronics X-CUBE-FREERTOS 1.2.0
2026-07-31 15:56:20,995 [INFO] ThirdParty:1030 - CMSIS Pack Vendor :STMicroelectronics X-CUBE-NFC12 1.0.0
2026-07-31 15:56:20,995 [INFO] ThirdParty:1030 - CMSIS Pack Vendor :STMicroelectronics X-CUBE-TOUCHGFX 4.23.2
2026-07-31 15:56:20,995 [INFO] ThirdParty:1030 - CMSIS Pack Vendor :STMicroelectronics X-CUBE-AZRTOS-F7 1.1.0
2026-07-31 15:56:20,995 [INFO] ThirdParty:1030 - CMSIS Pack Vendor :STMicroelectronics X-CUBE-AZRTOS-L5 2.0.0
2026-07-31 15:56:20,995 [INFO] ThirdParty:1030 - CMSIS Pack Vendor :STMicroelectronics USB_DEVICE 2.0.0
2026-07-31 15:56:20,995 [INFO] ThirdParty:1030 - CMSIS Pack Vendor :STMicroelectronics X-CUBE-NFC6 3.1.0
2026-07-31 15:56:20,995 [INFO] ThirdParty:1030 - CMSIS Pack Vendor :STMicroelectronics X-CUBE-MEMS1 11.0.0
2026-07-31 15:56:20,995 [INFO] ThirdParty:1030 - CMSIS Pack Vendor :STMicroelectronics X-CUBE-ALGOBUILD 1.5.0
2026-07-31 15:56:20,995 [INFO] ThirdParty:1030 - CMSIS Pack Vendor :STMicroelectronics FreeRTOS 0.0.1
2026-07-31 15:56:20,995 [INFO] ThirdParty:1030 - CMSIS Pack Vendor :STMicroelectronics X-CUBE-AZRTOS-H7RS 1.3.0
2026-07-31 15:56:20,995 [INFO] ThirdParty:1030 - CMSIS Pack Vendor :STMicroelectronics X-CUBE-DPower 1.2.0
2026-07-31 15:56:20,995 [INFO] ThirdParty:1030 - CMSIS Pack Vendor :STMicroelectronics X-CUBE-MEMS1 13.0.0
2026-07-31 15:56:20,995 [INFO] ThirdParty:1030 - CMSIS Pack Vendor :STMicroelectronics FP-SNS-FLIGHT1 5.0.2
2026-07-31 15:56:20,995 [INFO] ThirdParty:1030 - CMSIS Pack Vendor :STMicroelectronics X-CUBE-AI 9.0.0
2026-07-31 15:56:20,995 [INFO] ThirdParty:1030 - CMSIS Pack Vendor :STMicroelectronics PDM2PCM 3.3.0
2026-07-31 15:56:20,995 [INFO] ThirdParty:1030 - CMSIS Pack Vendor :STMicroelectronics X-CUBE-AZRTOS-H7 3.4.0
2026-07-31 15:56:20,995 [INFO] ThirdParty:1030 - CMSIS Pack Vendor :STMicroelectronics X-CUBE-DISPLAY 3.0.0
2026-07-31 15:56:20,995 [INFO] ThirdParty:1030 - CMSIS Pack Vendor :STMicroelectronics X-CUBE-GNSS1 7.1.1
2026-07-31 15:56:20,995 [INFO] ThirdParty:1030 - CMSIS Pack Vendor :STMicroelectronics X-CUBE-BLE1 7.0.0
2026-07-31 15:56:20,995 [INFO] ThirdParty:1030 - CMSIS Pack Vendor :STMicroelectronics X-CUBE-NFC10 1.0.0
2026-07-31 15:56:20,995 [INFO] ThirdParty:1030 - CMSIS Pack Vendor :STMicroelectronics X-CUBE-BLEMGR 4.0.0
2026-07-31 15:56:20,996 [INFO] ThirdParty:1030 - CMSIS Pack Vendor :STMicroelectronics X-CUBE-FREERTOS 1.3.1
2026-07-31 15:56:20,996 [INFO] ThirdParty:1030 - CMSIS Pack Vendor :STMicroelectronics HAL Drivers 0.0.0
2026-07-31 15:56:20,996 [INFO] ThirdParty:1030 - CMSIS Pack Vendor :emotas I-CUBE-CANOPEN 1.3.0
2026-07-31 15:56:20,996 [INFO] ThirdParty:1030 - CMSIS Pack Vendor :STMicroelectronics X-CUBE-FREERTOS 1.3.0
2026-07-31 15:56:20,996 [INFO] ThirdParty:1030 - CMSIS Pack Vendor :STMicroelectronics X-CUBE-NFC7 1.0.1
2026-07-31 15:56:20,996 [INFO] ThirdParty:1030 - CMSIS Pack Vendor :STMicroelectronics MBEDTLS 2.14.1
2026-07-31 15:56:20,996 [INFO] ThirdParty:1030 - CMSIS Pack Vendor :STMicroelectronics X-CUBE-GNSS1 7.1.0
2026-07-31 15:56:20,996 [INFO] ThirdParty:1030 - CMSIS Pack Vendor :STMicroelectronics X-CUBE-TOUCHGFX 4.26.0
2026-07-31 15:56:20,996 [INFO] ThirdParty:1030 - CMSIS Pack Vendor :STMicroelectronics X-CUBE-TOUCHGFX 4.26.1
2026-07-31 15:56:20,996 [INFO] ThirdParty:1030 - CMSIS Pack Vendor :STMicroelectronics X-CUBE-BLEMGR 3.1.0
2026-07-31 15:56:20,996 [INFO] ThirdParty:1030 - CMSIS Pack Vendor :STMicroelectronics X-CUBE-AI 10.0.0
2026-07-31 15:56:20,996 [INFO] ThirdParty:1030 - CMSIS Pack Vendor :STMicroelectronics FP-SNS-SMARTAG2 1.2.0
2026-07-31 15:56:20,996 [INFO] ThirdParty:1030 - CMSIS Pack Vendor :STMicroelectronics X-CUBE-MEMS1 11.1.0
2026-07-31 15:56:20,996 [INFO] ThirdParty:1030 - CMSIS Pack Vendor :STMicroelectronics X-CUBE-AZRTOS-WL 2.0.0
2026-07-31 15:56:20,996 [INFO] ThirdParty:1030 - CMSIS Pack Vendor :STMicroelectronics X-CUBE-DPower 1.3.0
2026-07-31 15:56:20,996 [INFO] ThirdParty:1030 - CMSIS Pack Vendor :STMicroelectronics FP-SNS-MOTENV1 5.0.0
2026-07-31 15:56:20,996 [INFO] ThirdParty:1030 - CMSIS Pack Vendor :STMicroelectronics USB_DEVICE 1.0.0
2026-07-31 15:56:20,996 [INFO] ThirdParty:1030 - CMSIS Pack Vendor :STMicroelectronics X-CUBE-AZRTOS-H7RS 1.2.0
2026-07-31 15:56:20,996 [INFO] ThirdParty:1030 - CMSIS Pack Vendor :wolfSSL I-CUBE-wolfMQTT 1.19.0
2026-07-31 15:56:20,996 [INFO] ThirdParty:1030 - CMSIS Pack Vendor :STMicroelectronics X-CUBE-AZRTOS-L4 2.0.0
2026-07-31 15:56:20,996 [INFO] ThirdParty:1030 - CMSIS Pack Vendor :STMicroelectronics ThreadX 0.0.2
2026-07-31 15:56:20,996 [INFO] ThirdParty:1030 - CMSIS Pack Vendor :WES I-CUBE-Cesium 1.3.0
2026-07-31 15:56:20,996 [INFO] ThirdParty:1030 - CMSIS Pack Vendor :STMicroelectronics lwIP 2.1.2
2026-07-31 15:56:20,996 [INFO] ThirdParty:1030 - CMSIS Pack Vendor :STMicroelectronics X-CUBE-SFXS2LP1 4.0.0
2026-07-31 15:56:20,996 [INFO] ThirdParty:1030 - CMSIS Pack Vendor :STMicroelectronics X-CUBE-BLE2 3.3.0
2026-07-31 15:56:20,996 [INFO] ThirdParty:1030 - CMSIS Pack Vendor :STMicroelectronics PDM2PCM 3.2.0
2026-07-31 15:56:20,996 [INFO] ThirdParty:1030 - CMSIS Pack Vendor :STMicroelectronics X-CUBE-WB05N 2.1.0
2026-07-31 15:56:20,996 [INFO] ThirdParty:1030 - CMSIS Pack Vendor :STMicroelectronics X-CUBE-AZRTOS-H7 3.3.0
2026-07-31 15:56:20,996 [INFO] ThirdParty:1030 - CMSIS Pack Vendor :STMicroelectronics X-CUBE-NFC9 1.0.0
2026-07-31 15:56:20,996 [INFO] ThirdParty:1030 - CMSIS Pack Vendor :STMicroelectronics X-CUBE-BLE1 7.1.0
2026-07-31 15:56:20,996 [INFO] ThirdParty:1030 - CMSIS Pack Vendor :STMicroelectronics USB_DEVICE 3.0.0
2026-07-31 15:56:20,996 [INFO] ThirdParty:1030 - CMSIS Pack Vendor :STMicroelectronics X-CUBE-TCPP 4.1.0
2026-07-31 15:56:20,996 [INFO] ThirdParty:1030 - CMSIS Pack Vendor :STMicroelectronics X-CUBE-EEPRMA1 5.2.0
2026-07-31 15:56:20,996 [INFO] ThirdParty:1030 - CMSIS Pack Vendor :STMicroelectronics X-CUBE-IPS 3.0.0
2026-07-31 15:56:20,996 [INFO] ThirdParty:1030 - CMSIS Pack Vendor :STMicroelectronics X-CUBE-AZRTOS-WB 2.0.0
2026-07-31 15:56:20,996 [INFO] ThirdParty:1030 - CMSIS Pack Vendor :STMicroelectronics X-CUBE-GNSS1 7.0.0
2026-07-31 15:56:20,996 [INFO] ThirdParty:1030 - CMSIS Pack Vendor :STMicroelectronics X-CUBE-GNSS1 7.0.1
2026-07-31 15:56:20,996 [INFO] ThirdParty:1030 - CMSIS Pack Vendor :STMicroelectronics X-CUBE-TOUCHGFX 4.25.0
2026-07-31 15:56:20,996 [INFO] ThirdParty:1030 - CMSIS Pack Vendor :STMicroelectronics FP-SNS-STBOX1 2.0.0
2026-07-31 15:56:20,996 [INFO] ThirdParty:1030 - CMSIS Pack Vendor :STMicroelectronics X-CUBE-MEMS1 12.0.0
2026-07-31 15:56:20,996 [INFO] ThirdParty:1030 - CMSIS Pack Vendor :STMicroelectronics X-CUBE-ALGOBUILD 1.3.0
2026-07-31 15:56:20,996 [INFO] ThirdParty:1030 - CMSIS Pack Vendor :STMicroelectronics X-CUBE-STSE01 2.0.0
2026-07-31 15:56:20,996 [INFO] ThirdParty:1030 - CMSIS Pack Vendor :STMicroelectronics X-CUBE-MEMS1 11.2.0
2026-07-31 15:56:20,996 [INFO] ThirdParty:1030 - CMSIS Pack Vendor :STMicroelectronics X-CUBE-AZRTOS-G0 1.1.0
2026-07-31 15:56:20,996 [INFO] ThirdParty:1030 - CMSIS Pack Vendor :STMicroelectronics X-CUBE-SAFEA1 1.2.2
2026-07-31 15:56:20,996 [INFO] ThirdParty:1030 - CMSIS Pack Vendor :STMicroelectronics X-CUBE-NFC4 3.0.0
2026-07-31 15:56:20,996 [INFO] ThirdParty:1030 - CMSIS Pack Vendor :STMicroelectronics X-CUBE-SUBG2 5.0.0
2026-07-31 15:56:20,996 [INFO] ThirdParty:1030 - CMSIS Pack Vendor :STMicroelectronics X-CUBE-AZRTOS-H7RS 1.1.0
2026-07-31 15:56:20,996 [INFO] ThirdParty:1030 - CMSIS Pack Vendor :STMicroelectronics STM32_WPAN 1.0.0
2026-07-31 15:56:20,997 [INFO] ThirdParty:1030 - CMSIS Pack Vendor :EmbeddedOffice I-CUBE-FS-RTOS 1.0.1
2026-07-31 15:56:20,997 [INFO] ThirdParty:1030 - CMSIS Pack Vendor :STMicroelectronics lwIP 2.0.3
2026-07-31 15:56:20,997 [INFO] ThirdParty:1030 - CMSIS Pack Vendor :Cesanta I-CUBE-Mongoose 7.13.0
2026-07-31 15:56:20,997 [INFO] ThirdParty:1030 - CMSIS Pack Vendor :STMicroelectronics USB_HOST 1.0.0
2026-07-31 15:56:20,997 [INFO] ThirdParty:1030 - CMSIS Pack Vendor :STMicroelectronics X-CUBE-AZRTOS-G4 2.0.0
2026-07-31 15:56:20,997 [INFO] ThirdParty:1030 - CMSIS Pack Vendor :STMicroelectronics X-CUBE-WB05N 2.0.0
2026-07-31 15:56:20,997 [INFO] ThirdParty:1030 - CMSIS Pack Vendor :STMicroelectronics PDM2PCM 3.1.0
2026-07-31 15:56:20,997 [INFO] ThirdParty:1030 - CMSIS Pack Vendor :STMicroelectronics X-CUBE-NFC7 2.0.0
2026-07-31 15:56:20,997 [INFO] ThirdParty:1030 - CMSIS Pack Vendor :RealThread X-CUBE-RT-Thread_Nano 4.1.1
2026-07-31 15:56:20,997 [INFO] ThirdParty:1030 - CMSIS Pack Vendor :wolfSSL I-CUBE-wolfSSL 5.7.0
2026-07-31 15:56:20,997 [INFO] ThirdParty:1030 - CMSIS Pack Vendor :STMicroelectronics FP-ATR-SIGFOX1 3.2.0
2026-07-31 15:56:20,997 [INFO] ThirdParty:1030 - CMSIS Pack Vendor :quantropi X-CUBE-qispace-sdk-base 1.9.3
2026-07-31 15:56:20,997 [INFO] ThirdParty:1030 - CMSIS Pack Vendor :STMicroelectronics X-CUBE-ISPU 2.0.0
2026-07-31 15:56:20,997 [INFO] ThirdParty:1030 - CMSIS Pack Vendor :STMicroelectronics X-CUBE-EEPRMA1 5.1.0
2026-07-31 15:56:20,997 [INFO] ThirdParty:1030 - CMSIS Pack Vendor :STMicroelectronics MBEDTLS 2.16.2
2026-07-31 15:56:20,997 [INFO] ThirdParty:1030 - CMSIS Pack Vendor :STMicroelectronics X-CUBE-ALS 1.0.2
2026-07-31 15:56:20,997 [INFO] ThirdParty:1030 - CMSIS Pack Vendor :STMicroelectronics X-CUBE-MEMS1 10.0.0
2026-07-31 15:56:20,997 [INFO] ThirdParty:1030 - CMSIS Pack Vendor :STMicroelectronics X-CUBE-FREERTOS 1.1.0
2026-07-31 15:56:20,997 [INFO] ThirdParty:1030 - CMSIS Pack Vendor :ITTIA_DB I-CUBE-ITTIADB 8.9.0
2026-07-31 15:56:20,997 [INFO] ThirdParty:1030 - CMSIS Pack Vendor :STMicroelectronics X-CUBE-TOUCHGFX 4.24.2
2026-07-31 15:56:20,997 [INFO] ThirdParty:1030 - CMSIS Pack Vendor :STMicroelectronics X-CUBE-TOUCHGFX 4.24.1
2026-07-31 15:56:20,997 [INFO] ThirdParty:1030 - CMSIS Pack Vendor :STMicroelectronics X-CUBE-STSE01 1.0.0
2026-07-31 15:56:20,997 [INFO] ThirdParty:1030 - CMSIS Pack Vendor :wolfSSL I-CUBE-wolfTPM 3.4.0
2026-07-31 15:56:20,997 [INFO] ThirdParty:1030 - CMSIS Pack Vendor :portGmbH I-Cube-SoM-uGOAL 1.1.0
2026-07-31 15:56:20,997 [INFO] ThirdParty:1030 - CMSIS Pack Vendor :STMicroelectronics X-CUBE-ALS 1.0.1
2026-07-31 15:56:20,997 [INFO] ThirdParty:1030 - CMSIS Pack Vendor :STMicroelectronics X-CUBE-NFC6 3.2.0
2026-07-31 15:56:20,997 [INFO] ThirdParty:1030 - CMSIS Pack Vendor :STMicroelectronics X-CUBE-AI 10.2.1
2026-07-31 15:56:20,997 [INFO] ThirdParty:1030 - CMSIS Pack Vendor :STMicroelectronics X-CUBE-AI 10.2.0
2026-07-31 15:56:20,997 [INFO] ThirdParty:1030 - CMSIS Pack Vendor :STMicroelectronics ThreadX 1.0.0
2026-07-31 15:56:20,997 [INFO] ThirdParty:1030 - CMSIS Pack Vendor :STMicroelectronics X-CUBE-MEMS1 12.1.0
2026-07-31 15:56:20,997 [INFO] ThirdParty:1030 - CMSIS Pack Vendor :SEGGER I-CUBE-embOS 1.3.1
2026-07-31 15:56:20,997 [INFO] ThirdParty:1030 - CMSIS Pack Vendor :STMicroelectronics X-CUBE-ALGOBUILD 1.4.0
2026-07-31 15:56:20,997 [INFO] ThirdParty:1030 - CMSIS Pack Vendor :STMicroelectronics X-CUBE-AZRTOS-H7RS 1.0.0
2026-07-31 15:56:20,997 [INFO] ThirdParty:1030 - CMSIS Pack Vendor :STMicroelectronics FP-ATR-ASTRA1 2.0.0
2026-07-31 15:56:20,997 [INFO] ThirdParty:1030 - CMSIS Pack Vendor :STMicroelectronics X-CUBE-TOF1 3.4.2
2026-07-31 15:56:20,997 [INFO] ThirdParty:1030 - CMSIS Pack Vendor :STMicroelectronics X-CUBE-AI 9.1.0
2026-07-31 15:56:20,997 [INFO] ThirdParty:1030 - CMSIS Pack Vendor :STMicroelectronics X-CUBE-TOF1 3.4.1
2026-07-31 15:56:20,997 [INFO] ThirdParty:1030 - CMSIS Pack Vendor :STMicroelectronics X-CUBE-AZRTOS-H7 3.2.0
2026-07-31 15:56:20,997 [INFO] ThirdParty:1030 - CMSIS Pack Vendor :STMicroelectronics X-CUBE-NFC13 1.0.0
2026-07-31 15:56:20,997 [INFO] ThirdParty:1030 - CMSIS Pack Vendor :Infineon AIROC-Wi-Fi-Bluetooth-STM32 1.6.0
2026-07-31 15:56:20,997 [INFO] ThirdParty:1030 - CMSIS Pack Vendor :wolfSSL I-CUBE-wolfSSH 1.4.17
2026-07-31 15:56:20,998 [INFO] ThirdParty:841 - exiting critical section [change project]
2026-07-31 15:56:21,520 [INFO] PinOutPanel:1561 - setPackage(No Configuration,No Configuration)
2026-07-31 15:56:21,521 [INFO] PinOutPanel:1561 - setPackage(STM32F411CEUx,UFQFPN48)
2026-07-31 15:56:22,342 [INFO] UtilMem:75 - Before build in PCC Used Memory: 782943608 Bytes (1073741824)
2026-07-31 15:56:24,308 [INFO] UtilMem:75 - After build in PCC Used Memory: 828704608 Bytes (1073741824)
2026-07-31 15:56:24,578 [INFO] ApiDbMcu:508 - Load IP Config File for FREERTOS
2026-07-31 15:56:24,608 [INFO] IPUIPlugin:80 - create IPUIPlugin
2026-07-31 15:56:24,609 [INFO] IPUIPlugin:80 - create IPUIPlugin
2026-07-31 15:56:24,609 [INFO] IPUIPlugin:80 - create IPUIPlugin
2026-07-31 15:56:24,609 [INFO] IPUIPlugin:80 - create IPUIPlugin
2026-07-31 15:56:24,609 [INFO] IPUIPlugin:80 - create IPUIPlugin
2026-07-31 15:56:24,609 [INFO] IPUIPlugin:80 - create IPUIPlugin
2026-07-31 15:56:24,609 [INFO] IPUIPlugin:80 - create IPUIPlugin
2026-07-31 15:56:24,609 [INFO] IPUIPlugin:80 - create IPUIPlugin
2026-07-31 15:56:24,609 [INFO] IPUIPlugin:80 - create IPUIPlugin
2026-07-31 15:56:24,609 [INFO] IPUIPlugin:80 - create IPUIPlugin
2026-07-31 15:56:24,609 [INFO] IPUIPlugin:80 - create IPUIPlugin
2026-07-31 15:56:24,610 [INFO] IPUIPlugin:80 - create IPUIPlugin
2026-07-31 15:56:24,610 [INFO] IPUIPlugin:80 - create IPUIPlugin
2026-07-31 15:56:24,610 [INFO] IPUIPlugin:80 - create IPUIPlugin
2026-07-31 15:56:24,610 [INFO] IPUIPlugin:80 - create IPUIPlugin
2026-07-31 15:56:24,610 [INFO] IPUIPlugin:80 - create IPUIPlugin
2026-07-31 15:56:24,610 [INFO] IPUIPlugin:80 - create IPUIPlugin
2026-07-31 15:56:24,610 [INFO] IPUIPlugin:80 - create IPUIPlugin
2026-07-31 15:56:24,610 [INFO] IPUIPlugin:80 - create IPUIPlugin
2026-07-31 15:56:24,611 [INFO] IPUIPlugin:80 - create IPUIPlugin
2026-07-31 15:56:24,611 [INFO] IPUIPlugin:80 - create IPUIPlugin
2026-07-31 15:56:24,611 [INFO] IPUIPlugin:80 - create IPUIPlugin
2026-07-31 15:56:24,611 [INFO] IPUIPlugin:80 - create IPUIPlugin
2026-07-31 15:56:24,611 [INFO] IPUIPlugin:80 - create IPUIPlugin
2026-07-31 15:56:24,611 [INFO] IPUIPlugin:80 - create IPUIPlugin
2026-07-31 15:56:24,612 [INFO] IPUIPlugin:80 - create IPUIPlugin
2026-07-31 15:56:24,612 [INFO] IPUIPlugin:80 - create IPUIPlugin
2026-07-31 15:56:24,612 [INFO] IPUIPlugin:80 - create IPUIPlugin
2026-07-31 15:56:24,612 [INFO] IPUIPlugin:80 - create IPUIPlugin
2026-07-31 15:56:24,612 [INFO] IPUIPlugin:80 - create IPUIPlugin
2026-07-31 15:56:24,613 [INFO] IPUIPlugin:80 - create IPUIPlugin
2026-07-31 15:56:24,613 [INFO] IPUIPlugin:80 - create IPUIPlugin
2026-07-31 15:56:24,613 [INFO] IPUIPlugin:80 - create IPUIPlugin
2026-07-31 15:56:24,613 [INFO] IPUIPlugin:80 - create IPUIPlugin
2026-07-31 15:56:24,614 [INFO] IPUIPlugin:80 - create IPUIPlugin
2026-07-31 15:56:24,614 [INFO] IPUIPlugin:80 - create IPUIPlugin
2026-07-31 15:56:24,614 [INFO] IPUIPlugin:80 - create IPUIPlugin
2026-07-31 15:56:24,614 [INFO] IPUIPlugin:80 - create IPUIPlugin
2026-07-31 15:56:24,614 [INFO] IPUIPlugin:80 - create IPUIPlugin
2026-07-31 15:56:24,615 [INFO] IPUIPlugin:80 - create IPUIPlugin
2026-07-31 15:56:24,615 [INFO] IPUIPlugin:80 - create IPUIPlugin
2026-07-31 15:56:24,615 [INFO] IPUIPlugin:80 - create IPUIPlugin
2026-07-31 15:56:24,615 [INFO] IPUIPlugin:80 - create IPUIPlugin
2026-07-31 15:56:24,817 [INFO] ApiDbMcu:508 - Load IP Config File for PDM2PCM
2026-07-31 15:56:24,859 [WARN] IP:2120 - I2C_Coeff_DF not found: check if there is a RefParameter without a condition.
2026-07-31 15:56:24,859 [WARN] IP:2120 - Analog_Filter not found: check if there is a RefParameter without a condition.
2026-07-31 15:56:24,919 [WARN] FreeRTOS:1023 - Null or empty value: should not occur! (nothing added to the table)
2026-07-31 15:56:25,439 [INFO] CADModel:165 - CPN selected for project levelSTM32F411CEU6
2026-07-31 15:56:25,440 [INFO] CADModel:114 - Register for checkConnection events
2026-07-31 15:56:25,442 [INFO] RtosManager:697 - Active RTOS found at IOC load: FREERTOS [Cortex-M4NS]
2026-07-31 15:56:25,535 [INFO] OpenFileManager:343 - Restore cursor
2026-07-31 15:56:25,936 [WARN] IP:2120 - I2C_Coeff_DF not found: check if there is a RefParameter without a condition.
2026-07-31 15:56:25,936 [WARN] IP:2120 - Analog_Filter not found: check if there is a RefParameter without a condition.
2026-07-31 15:56:25,937 [WARN] IP:2120 - I2C_Coeff_DF not found: check if there is a RefParameter without a condition.
2026-07-31 15:56:25,937 [WARN] IP:2120 - Analog_Filter not found: check if there is a RefParameter without a condition.
2026-07-31 16:16:51,775 [INFO] Activator:176 - 


2026-07-31 16:16:51,778 [INFO] Activator:177 - !SESSION log4j initialized
2026-07-31 16:17:06,810 [INFO] LogOutputStream:77 - [STDOUT_REDIRECT] 
2026-07-31 16:17:10,587 [INFO] ApplicationProperties:184 - Using Application install path: D:\Documentos\Electronica\Nueva carpeta\STM32CubeIDE_1.15.0\STM32CubeIDE\plugins\com.st.stm32cube.common.mx_6.11.0.202403141607
2026-07-31 16:17:10,899 [INFO] DbMcusXml:78 - Set database path to: D:\Documentos\Electronica\Nueva carpeta\STM32CubeIDE_1.15.0\STM32CubeIDE\plugins\com.st.stm32cube.common.mx_6.11.0.202403141607\\db\/mcu/
2026-07-31 16:17:10,899 [INFO] ApiDb:274 - Set plugin database path to: D:\Documentos\Electronica\Nueva carpeta\STM32CubeIDE_1.15.0\STM32CubeIDE\plugins\com.st.stm32cube.common.mx_6.11.0.202403141607\\db\/plugins/boardmanager/
2026-07-31 16:17:10,900 [WARN] ApiDb:259 - Overriding images path with different value:  => D:\Documentos\Electronica\Nueva carpeta\STM32CubeIDE_1.15.0\STM32CubeIDE\plugins\com.st.stm32cube.common.mx_6.11.0.202403141607\\db\/plugins/mcufinder/images/
2026-07-31 16:17:10,907 [INFO] ApiDb:250 - Set database path to: C:\Users\USER\.stmcufinder\plugins\mcufinder//mcu/
2026-07-31 16:17:10,909 [INFO] DbMcusAds:125 - Set database path to: C:\Users\USER\.stmcufinder\plugins\mcufinder//mcu/
2026-07-31 16:17:10,911 [INFO] CrossReferenceDbSqlite:203 - Set database path to: C:\Users\USER\.stmcufinder\plugins\mcufinder//mcu/cs/
2026-07-31 16:17:11,113 [INFO] RulesReader:64 - Compatibility file has been processed (297 Rules)
2026-07-31 16:17:11,404 [INFO] DbMcusXml:78 - Set database path to: D:\Documentos\Electronica\Nueva carpeta\STM32CubeIDE_1.15.0\STM32CubeIDE\plugins\com.st.stm32cube.common.mx_6.11.0.202403141607\\db\/mcu/
2026-07-31 16:17:11,404 [INFO] ApiDb:274 - Set plugin database path to: D:\Documentos\Electronica\Nueva carpeta\STM32CubeIDE_1.15.0\STM32CubeIDE\plugins\com.st.stm32cube.common.mx_6.11.0.202403141607\\db\/plugins/boardmanager/
2026-07-31 16:17:11,404 [INFO] ApiDb:261 - Set plugin images path to: D:\Documentos\Electronica\Nueva carpeta\STM32CubeIDE_1.15.0\STM32CubeIDE\plugins\com.st.stm32cube.common.mx_6.11.0.202403141607\\db\/plugins/mcufinder/images/
2026-07-31 16:17:11,405 [WARN] DbFile:41 - Overriding database path with different value: C:\Users\USER\.stmcufinder\plugins\mcufinder/ => C:\Users\USER\.stmcufinder\plugins\mcufinder
2026-07-31 16:17:11,405 [INFO] ApiDb:250 - Set database path to: C:\Users\USER\.stmcufinder\plugins\mcufinder//mcu/
2026-07-31 16:17:11,405 [WARN] DbFile:41 - Overriding database path with different value: C:\Users\USER\.stmcufinder\plugins\mcufinder/ => C:\Users\USER\.stmcufinder\plugins\mcufinder
2026-07-31 16:17:11,405 [INFO] DbMcusAds:125 - Set database path to: C:\Users\USER\.stmcufinder\plugins\mcufinder//mcu/
2026-07-31 16:17:11,405 [WARN] DbFile:41 - Overriding database path with different value: C:\Users\USER\.stmcufinder\plugins\mcufinder/ => C:\Users\USER\.stmcufinder\plugins\mcufinder
2026-07-31 16:17:11,405 [WARN] DbFile:41 - Overriding database path with different value: C:\Users\USER\.stmcufinder\plugins\mcufinder/ => C:\Users\USER\.stmcufinder\plugins\mcufinder
2026-07-31 16:17:11,405 [INFO] CrossReferenceDbSqlite:203 - Set database path to: C:\Users\USER\.stmcufinder\plugins\mcufinder//mcu/cs/
2026-07-31 16:17:11,712 [INFO] MainPanel:264 - HeapMemory: 268435456
2026-07-31 16:17:12,256 [INFO] DbMcusXml:78 - Set database path to: D:\Documentos\Electronica\Nueva carpeta\STM32CubeIDE_1.15.0\STM32CubeIDE\plugins\com.st.stm32cube.common.mx_6.11.0.202403141607\\db\/mcu/
2026-07-31 16:17:12,256 [INFO] ApiDb:274 - Set plugin database path to: D:\Documentos\Electronica\Nueva carpeta\STM32CubeIDE_1.15.0\STM32CubeIDE\plugins\com.st.stm32cube.common.mx_6.11.0.202403141607\\db\/plugins/boardmanager/
2026-07-31 16:17:12,257 [INFO] ApiDb:261 - Set plugin images path to: D:\Documentos\Electronica\Nueva carpeta\STM32CubeIDE_1.15.0\STM32CubeIDE\plugins\com.st.stm32cube.common.mx_6.11.0.202403141607\\db\/plugins/mcufinder/images/
2026-07-31 16:17:12,257 [WARN] DbFile:41 - Overriding database path with different value: C:\Users\USER\.stmcufinder\plugins\mcufinder/ => C:\Users\USER\.stmcufinder\plugins\mcufinder
2026-07-31 16:17:12,257 [INFO] ApiDb:250 - Set database path to: C:\Users\USER\.stmcufinder\plugins\mcufinder//mcu/
2026-07-31 16:17:12,257 [WARN] DbFile:41 - Overriding database path with different value: C:\Users\USER\.stmcufinder\plugins\mcufinder/ => C:\Users\USER\.stmcufinder\plugins\mcufinder
2026-07-31 16:17:12,257 [INFO] DbMcusAds:125 - Set database path to: C:\Users\USER\.stmcufinder\plugins\mcufinder//mcu/
2026-07-31 16:17:12,257 [WARN] DbFile:41 - Overriding database path with different value: C:\Users\USER\.stmcufinder\plugins\mcufinder/ => C:\Users\USER\.stmcufinder\plugins\mcufinder
2026-07-31 16:17:12,258 [WARN] DbFile:41 - Overriding database path with different value: C:\Users\USER\.stmcufinder\plugins\mcufinder/ => C:\Users\USER\.stmcufinder\plugins\mcufinder
2026-07-31 16:17:12,258 [INFO] CrossReferenceDbSqlite:203 - Set database path to: C:\Users\USER\.stmcufinder\plugins\mcufinder//mcu/cs/
2026-07-31 16:17:12,341 [INFO] ApplicationProperties:184 - Using Application install path: D:\Documentos\Electronica\Nueva carpeta\STM32CubeIDE_1.15.0\STM32CubeIDE\plugins\com.st.stm32cube.common.mx_6.11.0.202403141607
2026-07-31 16:17:12,343 [INFO] PluginManage:196 - Search for loadable plugins [exclusion list=, ]
2026-07-31 16:17:12,355 [INFO] PluginManage:310 - Check plugin analytics
2026-07-31 16:17:12,619 [INFO] AnalyticsPlugin:253 - Accepted Software Licenses: 
2026-07-31 16:17:12,619 [INFO] AnalyticsPlugin:255 - Accepted CMSIS Pack Licenses: STMicroelectronics.X-CUBE-TOUCHGFX.4.26.0,STMicroelectronics.X-CUBE-TOF1.3.4.2
2026-07-31 16:17:12,620 [INFO] AnalyticsPlugin:257 - Accepted Firmware Licenses: FW.F7.1.17.0,FW.H7.1.11.0,FW.F4.1.28.0
2026-07-31 16:17:12,625 [INFO] PluginManage:359 - Loaded plugin analytics (category:tool,tabindex:-1)
2026-07-31 16:17:12,626 [INFO] PluginManage:310 - Check plugin cadmodel
2026-07-31 16:17:12,647 [INFO] CADModel:105 - Init CAD model plugin
2026-07-31 16:17:12,647 [INFO] PluginManage:359 - Loaded plugin cadmodel (category:power,tabindex:5)
2026-07-31 16:17:12,648 [INFO] PluginManage:310 - Check plugin clock
2026-07-31 16:17:12,659 [INFO] PluginManage:359 - Loaded plugin clock (category:base,tabindex:2)
2026-07-31 16:17:12,660 [INFO] PluginManage:310 - Check plugin ddr
2026-07-31 16:17:12,671 [INFO] PluginManage:359 - Loaded plugin ddr (category:tool,tabindex:6)
2026-07-31 16:17:12,672 [INFO] PluginManage:310 - Check plugin filemanager
2026-07-31 16:17:12,970 [INFO] PluginManage:359 - Loaded plugin filemanager (category:base,tabindex:10)
2026-07-31 16:17:12,970 [INFO] PluginManage:310 - Check plugin ipmanager
2026-07-31 16:17:12,998 [INFO] PluginManage:359 - Loaded plugin ipmanager (category:base,tabindex:5)
2026-07-31 16:17:12,999 [INFO] PluginManage:310 - Check plugin lpbam
2026-07-31 16:17:13,017 [INFO] PluginManage:359 - Loaded plugin lpbam (category:base,tabindex:0)
2026-07-31 16:17:13,017 [INFO] PluginManage:310 - Check plugin memorymap
2026-07-31 16:17:13,052 [INFO] PluginManage:359 - Loaded plugin memorymap (category:base,tabindex:4)
2026-07-31 16:17:13,052 [INFO] PluginManage:310 - Check plugin pinoutandconfiguration
2026-07-31 16:17:13,059 [INFO] PluginManage:359 - Loaded plugin pinoutandconfiguration (category:base,tabindex:1)
2026-07-31 16:17:13,060 [INFO] PluginManage:310 - Check plugin pinoutconfig
2026-07-31 16:17:13,214 [WARN] SupportedApi:132 - Cannot load RTOS API schema: s4s-elt-must-match.1: The content of 'definitions' must match (annotation?, (simpleType | complexType)?, (unique | key | keyref)*)). A problem was found starting at: attribute.
2026-07-31 16:17:13,559 [INFO] PluginManage:359 - Loaded plugin pinoutconfig (category:base,tabindex:0)
2026-07-31 16:17:13,560 [INFO] PluginManage:310 - Check plugin power
2026-07-31 16:17:13,590 [INFO] PluginManage:359 - Loaded plugin power (category:power,tabindex:4)
2026-07-31 16:17:13,591 [INFO] PluginManage:310 - Check plugin projectmanager
2026-07-31 16:17:13,610 [INFO] PluginManage:359 - Loaded plugin projectmanager (category:projectmanager,tabindex:3)
2026-07-31 16:17:13,610 [INFO] PluginManage:310 - Check plugin thirdparty
2026-07-31 16:17:13,874 [WARN] IntegrityCheckThread:84 - waiting for thirdparty lock release [integrity check]
2026-07-31 16:17:13,875 [INFO] IntegrityCheckThread:86 - entering critical section [integrity check]
2026-07-31 16:17:13,876 [INFO] PluginManage:359 - Loaded plugin thirdparty (category:base,tabindex:-1)
2026-07-31 16:17:13,876 [INFO] ThirdPartyUpdaterWithRetryManager:70 - Updater plugin not ready yet. [1/15]
2026-07-31 16:17:13,876 [INFO] PluginManage:310 - Check plugin tools
2026-07-31 16:17:13,883 [INFO] PluginManage:359 - Loaded plugin tools (category:base,tabindex:7)
2026-07-31 16:17:13,883 [INFO] PluginManage:310 - Check plugin tutovideos
2026-07-31 16:17:14,147 [INFO] PluginManage:359 - Loaded plugin tutovideos (category:base,tabindex:-1)
2026-07-31 16:17:14,147 [INFO] PluginManage:310 - Check plugin updater
2026-07-31 16:17:14,174 [INFO] PluginManage:359 - Loaded plugin updater (category:base,tabindex:12)
2026-07-31 16:17:14,174 [INFO] PluginManage:310 - Check plugin userauth
2026-07-31 16:17:14,191 [INFO] UserAuth:114 - Init User Auth plugin
2026-07-31 16:17:14,191 [INFO] PluginManage:359 - Loaded plugin userauth (category:base,tabindex:14)
2026-07-31 16:17:14,192 [INFO] PluginManage:283 - PluginManage : Loaded plugins [17]
2026-07-31 16:17:14,942 [INFO] PinOutPanel:1561 - setPackage(No Configuration,No Configuration)
2026-07-31 16:17:15,139 [INFO] CADModel:165 - CPN selected for project level
2026-07-31 16:17:15,139 [INFO] CADModel:114 - Register for checkConnection events
2026-07-31 16:17:15,160 [INFO] IPUIPlugin:80 - create IPUIPlugin
2026-07-31 16:17:15,161 [INFO] PluginManager:220 - loadIPPluginJar : add adc
2026-07-31 16:17:15,164 [INFO] IPUIPlugin:80 - create IPUIPlugin
2026-07-31 16:17:15,164 [INFO] PluginManager:220 - loadIPPluginJar : add aes
2026-07-31 16:17:15,167 [INFO] IPUIPlugin:80 - create IPUIPlugin
2026-07-31 16:17:15,168 [INFO] PluginManager:220 - loadIPPluginJar : add can
2026-07-31 16:17:15,170 [INFO] IPUIPlugin:80 - create IPUIPlugin
2026-07-31 16:17:15,170 [INFO] PluginManager:220 - loadIPPluginJar : add comp
2026-07-31 16:17:15,173 [INFO] IPUIPlugin:80 - create IPUIPlugin
2026-07-31 16:17:15,173 [INFO] PluginManager:220 - loadIPPluginJar : add cryp
2026-07-31 16:17:15,176 [INFO] IPUIPlugin:80 - create IPUIPlugin
2026-07-31 16:17:15,177 [INFO] PluginManager:220 - loadIPPluginJar : add dfsdm
2026-07-31 16:17:15,186 [INFO] IPUIPlugin:80 - create IPUIPlugin
2026-07-31 16:17:15,187 [INFO] PluginManager:220 - loadIPPluginJar : add dma
2026-07-31 16:17:15,190 [INFO] IPUIPlugin:80 - create IPUIPlugin
2026-07-31 16:17:15,191 [INFO] PluginManager:220 - loadIPPluginJar : add dma3
2026-07-31 16:17:15,194 [INFO] IPUIPlugin:80 - create IPUIPlugin
2026-07-31 16:17:15,195 [INFO] PluginManager:220 - loadIPPluginJar : add extmemmanager
2026-07-31 16:17:15,197 [INFO] IPUIPlugin:80 - create IPUIPlugin
2026-07-31 16:17:15,197 [INFO] PluginManager:220 - loadIPPluginJar : add fatfs
2026-07-31 16:17:15,203 [INFO] IPUIPlugin:80 - create IPUIPlugin
2026-07-31 16:17:15,203 [INFO] PluginManager:220 - loadIPPluginJar : add fmc
2026-07-31 16:17:15,209 [INFO] IPUIPlugin:80 - create IPUIPlugin
2026-07-31 16:17:15,209 [INFO] PluginManager:220 - loadIPPluginJar : add freertos
2026-07-31 16:17:15,212 [INFO] IPUIPlugin:80 - create IPUIPlugin
2026-07-31 16:17:15,212 [INFO] PluginManager:220 - loadIPPluginJar : add genericplugin
2026-07-31 16:17:15,215 [INFO] IPUIPlugin:80 - create IPUIPlugin
2026-07-31 16:17:15,215 [INFO] PluginManager:220 - loadIPPluginJar : add gfxmmu
2026-07-31 16:17:15,222 [INFO] IPUIPlugin:80 - create IPUIPlugin
2026-07-31 16:17:15,222 [INFO] PluginManager:220 - loadIPPluginJar : add gic
2026-07-31 16:17:15,228 [INFO] IPUIPlugin:80 - create IPUIPlugin
2026-07-31 16:17:15,228 [INFO] PluginManager:220 - loadIPPluginJar : add gpio
2026-07-31 16:17:15,232 [INFO] IPUIPlugin:80 - create IPUIPlugin
2026-07-31 16:17:15,233 [INFO] PluginManager:220 - loadIPPluginJar : add gtzc
2026-07-31 16:17:15,236 [INFO] IPUIPlugin:80 - create IPUIPlugin
2026-07-31 16:17:15,236 [INFO] PluginManager:220 - loadIPPluginJar : add hash
2026-07-31 16:17:15,240 [INFO] IPUIPlugin:80 - create IPUIPlugin
2026-07-31 16:17:15,240 [INFO] PluginManager:220 - loadIPPluginJar : add i2c
2026-07-31 16:17:15,243 [INFO] IPUIPlugin:80 - create IPUIPlugin
2026-07-31 16:17:15,243 [INFO] PluginManager:220 - loadIPPluginJar : add i2s
2026-07-31 16:17:15,247 [INFO] IPUIPlugin:80 - create IPUIPlugin
2026-07-31 16:17:15,247 [INFO] PluginManager:220 - loadIPPluginJar : add i3c
2026-07-31 16:17:15,265 [INFO] IPUIPlugin:80 - create IPUIPlugin
2026-07-31 16:17:15,265 [INFO] PluginManager:220 - loadIPPluginJar : add ipddr
2026-07-31 16:17:15,284 [INFO] IPUIPlugin:80 - create IPUIPlugin
2026-07-31 16:17:15,284 [INFO] PluginManager:220 - loadIPPluginJar : add linkedlist
2026-07-31 16:17:15,287 [INFO] IPUIPlugin:80 - create IPUIPlugin
2026-07-31 16:17:15,287 [INFO] PluginManager:220 - loadIPPluginJar : add lorawan
2026-07-31 16:17:15,289 [INFO] IPUIPlugin:80 - create IPUIPlugin
2026-07-31 16:17:15,289 [INFO] PluginManager:220 - loadIPPluginJar : add ltdc
2026-07-31 16:17:15,297 [INFO] IPUIPlugin:80 - create IPUIPlugin
2026-07-31 16:17:15,297 [INFO] PluginManager:220 - loadIPPluginJar : add mdma
2026-07-31 16:17:15,300 [INFO] IPUIPlugin:80 - create IPUIPlugin
2026-07-31 16:17:15,300 [INFO] PluginManager:220 - loadIPPluginJar : add nvic
2026-07-31 16:17:15,304 [INFO] IPUIPlugin:80 - create IPUIPlugin
2026-07-31 16:17:15,304 [INFO] PluginManager:220 - loadIPPluginJar : add opamp
2026-07-31 16:17:15,308 [INFO] IPUIPlugin:80 - create IPUIPlugin
2026-07-31 16:17:15,308 [INFO] PluginManager:220 - loadIPPluginJar : add openamp
2026-07-31 16:17:15,312 [INFO] IPUIPlugin:80 - create IPUIPlugin
2026-07-31 16:17:15,312 [INFO] PluginManager:220 - loadIPPluginJar : add pdm2pcm
2026-07-31 16:17:15,319 [INFO] IPUIPlugin:80 - create IPUIPlugin
2026-07-31 16:17:15,323 [INFO] PluginManager:220 - loadIPPluginJar : add plateformsettings
2026-07-31 16:17:15,325 [INFO] IPUIPlugin:80 - create IPUIPlugin
2026-07-31 16:17:15,325 [INFO] PluginManager:220 - loadIPPluginJar : add quadspi
2026-07-31 16:17:15,329 [INFO] IPUIPlugin:80 - create IPUIPlugin
2026-07-31 16:17:15,329 [INFO] PluginManager:220 - loadIPPluginJar : add resmgrutility
2026-07-31 16:17:15,333 [INFO] IPUIPlugin:80 - create IPUIPlugin
2026-07-31 16:17:15,333 [INFO] PluginManager:220 - loadIPPluginJar : add sai
2026-07-31 16:17:15,336 [INFO] IPUIPlugin:80 - create IPUIPlugin
2026-07-31 16:17:15,336 [INFO] PluginManager:220 - loadIPPluginJar : add spi
2026-07-31 16:17:15,342 [INFO] IPUIPlugin:80 - create IPUIPlugin
2026-07-31 16:17:15,343 [INFO] PluginManager:220 - loadIPPluginJar : add stm32_wpan
2026-07-31 16:17:15,345 [INFO] IPUIPlugin:80 - create IPUIPlugin
2026-07-31 16:17:15,345 [INFO] PluginManager:220 - loadIPPluginJar : add tim
2026-07-31 16:17:15,350 [INFO] IPUIPlugin:80 - create IPUIPlugin
2026-07-31 16:17:15,350 [INFO] PluginManager:220 - loadIPPluginJar : add touchsensing
2026-07-31 16:17:15,353 [INFO] IPUIPlugin:80 - create IPUIPlugin
2026-07-31 16:17:15,353 [INFO] PluginManager:220 - loadIPPluginJar : add tracer_emb
2026-07-31 16:17:15,356 [INFO] IPUIPlugin:80 - create IPUIPlugin
2026-07-31 16:17:15,356 [INFO] PluginManager:220 - loadIPPluginJar : add ts
2026-07-31 16:17:15,358 [INFO] IPUIPlugin:80 - create IPUIPlugin
2026-07-31 16:17:15,358 [INFO] PluginManager:220 - loadIPPluginJar : add tsc
2026-07-31 16:17:15,360 [INFO] IPUIPlugin:80 - create IPUIPlugin
2026-07-31 16:17:15,360 [INFO] PluginManager:220 - loadIPPluginJar : add ucpd
2026-07-31 16:17:15,364 [INFO] IPUIPlugin:80 - create IPUIPlugin
2026-07-31 16:17:15,364 [INFO] PluginManager:220 - loadIPPluginJar : add usart
2026-07-31 16:17:15,368 [INFO] IPUIPlugin:80 - create IPUIPlugin
2026-07-31 16:17:15,368 [INFO] PluginManager:220 - loadIPPluginJar : add usbx
2026-07-31 16:17:15,551 [INFO] CADModel:165 - CPN selected for project level
2026-07-31 16:17:15,552 [INFO] CADModel:114 - Register for checkConnection events
2026-07-31 16:17:15,552 [FATAL] Updater:308 - Updater called before beeing initialized
2026-07-31 16:17:15,552 [ERROR] CADModel:125 - Updater not yet initialized, retry later 
2026-07-31 16:17:15,930 [INFO] CADModel:165 - CPN selected for project level
2026-07-31 16:17:15,930 [INFO] CADModel:114 - Register for checkConnection events
2026-07-31 16:17:15,930 [FATAL] Updater:308 - Updater called before beeing initialized
2026-07-31 16:17:15,930 [ERROR] CADModel:125 - Updater not yet initialized, retry later 
2026-07-31 16:17:15,934 [FATAL] Updater:308 - Updater called before beeing initialized
2026-07-31 16:17:16,298 [FATAL] Updater:308 - Updater called before beeing initialized
2026-07-31 16:17:16,302 [INFO] DbMcusAds:53 - JSON generation date=Wed Feb 18 08:32:49 CST 2026 (1771425169444)
2026-07-31 16:17:16,302 [FATAL] Updater:308 - Updater called before beeing initialized
2026-07-31 16:17:16,480 [WARN] DetailPanel:346 - Failed to get advertising image, set to default
2026-07-31 16:17:16,639 [FATAL] Updater:308 - Updater called before beeing initialized
2026-07-31 16:17:16,642 [FATAL] Updater:308 - Updater called before beeing initialized
2026-07-31 16:17:16,642 [FATAL] Updater:308 - Updater called before beeing initialized
2026-07-31 16:17:16,642 [WARN] DetailPanel:346 - Failed to get advertising image, set to default
2026-07-31 16:17:16,643 [FATAL] Updater:308 - Updater called before beeing initialized
2026-07-31 16:17:16,726 [ERROR] Updater:1120 - MainUpdater not yet initialized. External WinMGr cannot be set.
2026-07-31 16:17:16,740 [INFO] Updater:1056 - Updater Version found : 6.11.0
2026-07-31 16:17:16,782 [INFO] ApplicationProperties:184 - Using Application install path: D:\Documentos\Electronica\Nueva carpeta\STM32CubeIDE_1.15.0\STM32CubeIDE\plugins\com.st.stm32cube.common.mx_6.11.0.202403141607
2026-07-31 16:17:16,880 [INFO] ThirdPartyUpdaterWithRetryManager:70 - Updater plugin not ready yet. [2/15]
2026-07-31 16:17:18,357 [ERROR] LogOutputStream:75 - [STDERR_REDIRECT] Jul 31, 2026 4:17:18 PM java.util.prefs.WindowsPreferences <init>
2026-07-31 16:17:18,359 [ERROR] LogOutputStream:75 - [STDERR_REDIRECT] WARNING: Could not open/create prefs root node Software\JavaSoft\Prefs at root 0xffffffff80000002. Windows RegCreateKeyEx(...) returned error code 5.
2026-07-31 16:17:18,359 [ERROR] LogOutputStream:75 - [STDERR_REDIRECT] 
2026-07-31 16:17:19,730 [INFO] MainUpdater:2873 - connection check result : 10
2026-07-31 16:17:19,731 [INFO] MainUpdater:290 - Updater Check For Update Now.
2026-07-31 16:17:19,732 [INFO] MicroXplorer:498 - Change Database Version : DB.6.0.110
2026-07-31 16:17:19,773 [INFO] McuFinderGlobals:63 - Set McuFinder mode to 2 (CubeIDE integrated)
2026-07-31 16:17:19,807 [INFO] UserAuth:415 - Internet connection configuration mode: 1
2026-07-31 16:17:19,882 [WARN] MainUpdater:1194 - Updater busy. Cannot search thirdparties
2026-07-31 16:17:19,882 [INFO] ThirdPartyUpdaterWithRetryManager:96 - Updater plugin is busy. [1/15]
2026-07-31 16:17:19,944 [INFO] JxBrowserEngine:152 - Initiate JxBrowser Engine with user profile folder
2026-07-31 16:17:19,994 [INFO] CheckServerUpdateThread:120 - End of CheckServer Thread
2026-07-31 16:17:22,093 [INFO] WebApp:161 - Instantiating new browser for Auth
2026-07-31 16:17:23,646 [WARN] PackLoader:240 - Cannot read IP mode file for STMicroelectronics.X-CUBE-AZRTOS-H7.3.5.0
2026-07-31 16:17:23,661 [WARN] PackLoader:240 - Cannot read IP mode file for STMicroelectronics.FP-SNS-MOTENVWB1.1.4.0
2026-07-31 16:17:23,672 [WARN] PackLoader:240 - Cannot read IP mode file for STMicroelectronics.FP-ATR-ASTRA1.2.0.3
2026-07-31 16:17:23,686 [WARN] PackLoader:240 - Cannot read IP mode file for STMicroelectronics.FP-ATR-ASTRA1.2.0.2
2026-07-31 16:17:23,693 [WARN] PackLoader:240 - Cannot read IP mode file for STMicroelectronics.FP-ATR-ASTRA1.2.0.1
2026-07-31 16:17:23,730 [ERROR] Engine:466 - C:\Users\USER\.stm32cubemx\thirdparties\pdsc\STMicroelectronics.X-CUBE-SMBUS.2.1.1.pdsc: PDSC version is not supported
2026-07-31 16:17:23,737 [WARN] PackLoader:240 - Cannot read IP mode file for STMicroelectronics.X-CUBE-SMBUS.2.1.0
2026-07-31 16:17:23,752 [WARN] PackLoader:240 - Cannot read IP mode file for STMicroelectronics.X-CUBE-WB05N.1.1.0
2026-07-31 16:17:23,755 [INFO] WebApp:779 - Register for checkConnection events
2026-07-31 16:17:23,755 [INFO] WebApp:414 - Apply proxy settings
2026-07-31 16:17:23,755 [INFO] WebApp:499 - Chromium requires no authentication
2026-07-31 16:17:23,761 [WARN] PackLoader:240 - Cannot read IP mode file for STMicroelectronics.X-CUBE-TOUCHGFX.4.23.2
2026-07-31 16:17:23,772 [INFO] WebApp:442 - Direct internet connection detected
2026-07-31 16:17:23,786 [WARN] PackLoader:240 - Cannot read IP mode file for STMicroelectronics.X-CUBE-AZRTOS-F7.1.1.0
2026-07-31 16:17:23,799 [ERROR] Engine:466 - C:\Users\USER\.stm32cubemx\thirdparties\pdsc\STMicroelectronics.X-CUBE-FREERTOS.1.6.0.pdsc: PDSC version is not supported
2026-07-31 16:17:23,861 [WARN] PackLoader:240 - Cannot read IP mode file for STMicroelectronics.X-CUBE-MEMS1.11.0.0
2026-07-31 16:17:24,019 [ERROR] Engine:466 - C:\Users\USER\.stm32cubemx\thirdparties\pdsc\STMicroelectronics.FP-SNS-MOTENV1.5.1.0.pdsc: PDSC version is not supported
2026-07-31 16:17:24,085 [WARN] PackLoader:240 - Cannot read IP mode file for STMicroelectronics.X-CUBE-AZRTOS-H7RS.1.3.0
2026-07-31 16:17:24,104 [WARN] PackLoader:240 - Cannot read IP mode file for STMicroelectronics.FP-SNS-FLIGHT1.5.0.2
2026-07-31 16:17:24,125 [WARN] PackLoader:240 - Cannot read IP mode file for STMicroelectronics.X-CUBE-AZRTOS-H7.3.4.0
2026-07-31 16:17:24,161 [WARN] PackLoader:240 - Cannot read IP mode file for STMicroelectronics.X-CUBE-DISPLAY.3.0.0
2026-07-31 16:17:24,173 [WARN] PackLoader:240 - Cannot read IP mode file for STMicroelectronics.X-CUBE-GNSS1.7.1.1
2026-07-31 16:17:24,302 [ERROR] Engine:466 - C:\Users\USER\.stm32cubemx\thirdparties\pdsc\STMicroelectronics.FP-SNS-MOTENVWB1.1.5.0.pdsc: PDSC version is not supported
2026-07-31 16:17:24,311 [WARN] PackLoader:240 - Cannot read IP mode file for STMicroelectronics.X-CUBE-BLE1.7.0.0
2026-07-31 16:17:24,321 [WARN] PackLoader:240 - Cannot read IP mode file for STMicroelectronics.X-CUBE-NFC10.1.0.0
2026-07-31 16:17:24,336 [WARN] PackLoader:240 - Cannot read IP mode file for STMicroelectronics.X-CUBE-BLEMGR.4.0.0
2026-07-31 16:17:24,345 [ERROR] Engine:466 - C:\Users\USER\.stm32cubemx\thirdparties\pdsc\STMicroelectronics.X-CUBE-ST60.1.1.0.pdsc: PDSC version is not supported
2026-07-31 16:17:24,356 [WARN] PackLoader:240 - Cannot read IP mode file for emotas.I-CUBE-CANOPEN.1.3.0
2026-07-31 16:17:24,362 [ERROR] Engine:466 - C:\Users\USER\.stm32cubemx\thirdparties\pdsc\STMicroelectronics.X-CUBE-WBA.1.1.0.pdsc: PDSC version is not supported
2026-07-31 16:17:24,369 [WARN] PackLoader:240 - Cannot read IP mode file for STMicroelectronics.X-CUBE-GNSS1.7.1.0
2026-07-31 16:17:24,379 [WARN] PackLoader:240 - Cannot read IP mode file for STMicroelectronics.X-CUBE-BLEMGR.3.1.0
2026-07-31 16:17:24,389 [WARN] PackLoader:240 - Cannot read IP mode file for STMicroelectronics.X-CUBE-AI.10.0.0
2026-07-31 16:17:24,393 [ERROR] Engine:466 - C:\Users\USER\.stm32cubemx\thirdparties\pdsc\STMicroelectronics.FP-SNS-STBOX1.2.1.0.pdsc: PDSC version is not supported
2026-07-31 16:17:24,401 [WARN] PackLoader:240 - Cannot read IP mode file for STMicroelectronics.FP-SNS-SMARTAG2.1.2.0
2026-07-31 16:17:24,405 [ERROR] Engine:466 - C:\Users\USER\.stm32cubemx\thirdparties\pdsc\STMicroelectronics.FP-SNS-FLIGHT1.5.1.0.pdsc: PDSC version is not supported
2026-07-31 16:17:24,453 [WARN] PackLoader:240 - Cannot read IP mode file for STMicroelectronics.X-CUBE-MEMS1.11.1.0
2026-07-31 16:17:24,577 [INFO] LogOutputStream:77 - [STDOUT_REDIRECT] 1 : Invalid condition id : UX_CORESTACK_Condition cause : null
2026-07-31 16:17:24,578 [INFO] LogOutputStream:77 - [STDOUT_REDIRECT] 1 : Invalid condition id : UX_CORESTACK_Condition cause : null
2026-07-31 16:17:24,579 [INFO] LogOutputStream:77 - [STDOUT_REDIRECT] 1 : Invalid condition id : UX_CORESTACK_Condition cause : null
2026-07-31 16:17:24,580 [INFO] LogOutputStream:77 - [STDOUT_REDIRECT] 1 : Invalid condition id : UX_CORESTACK_Condition cause : null
2026-07-31 16:17:24,582 [INFO] LogOutputStream:77 - [STDOUT_REDIRECT] 1 : Invalid condition id : UX_CORESTACK_Condition cause : null
2026-07-31 16:17:24,586 [WARN] PackLoader:240 - Cannot read IP mode file for STMicroelectronics.X-CUBE-AZRTOS-WL.2.0.0
2026-07-31 16:17:24,597 [WARN] PackLoader:240 - Cannot read IP mode file for STMicroelectronics.FP-SNS-MOTENV1.5.0.0
2026-07-31 16:17:24,621 [WARN] PackLoader:240 - Cannot read IP mode file for STMicroelectronics.X-CUBE-AZRTOS-H7RS.1.2.0
2026-07-31 16:17:24,633 [WARN] PackLoader:240 - Cannot read IP mode file for wolfSSL.I-CUBE-wolfMQTT.1.19.0
2026-07-31 16:17:24,667 [WARN] PackLoader:240 - Cannot read IP mode file for WES.I-CUBE-Cesium.1.3.0
2026-07-31 16:17:24,701 [WARN] PackLoader:240 - Cannot read IP mode file for STMicroelectronics.X-CUBE-BLE2.3.3.0
2026-07-31 16:17:24,705 [ERROR] Engine:466 - C:\Users\USER\.stm32cubemx\thirdparties\pdsc\Avnet-IOTCONNECT.X-CUBE-iotc-st67-sdk.1.0.0.pdsc: PDSC version is not supported
2026-07-31 16:17:24,716 [WARN] PackLoader:240 - Cannot read IP mode file for STMicroelectronics.X-CUBE-NFC9.1.0.0
2026-07-31 16:17:24,723 [WARN] PackLoader:240 - Cannot read IP mode file for STMicroelectronics.X-CUBE-BLE1.7.1.0
2026-07-31 16:17:24,732 [WARN] PackLoader:240 - Cannot read IP mode file for STMicroelectronics.X-CUBE-TCPP.4.1.0
2026-07-31 16:17:24,739 [ERROR] Engine:466 - C:\Users\USER\.stm32cubemx\thirdparties\pdsc\STMicroelectronics.X-CUBE-FREERTOS.1.4.0.pdsc: PDSC version is not supported
2026-07-31 16:17:24,747 [WARN] PackLoader:240 - Cannot read IP mode file for STMicroelectronics.X-CUBE-EEPRMA1.5.2.0
2026-07-31 16:17:24,753 [ERROR] Engine:466 - C:\Users\USER\.stm32cubemx\thirdparties\pdsc\STMicroelectronics.X-CUBE-ST67W61.1.1.0.pdsc: PDSC version is not supported
2026-07-31 16:17:24,757 [ERROR] Engine:466 - C:\Users\USER\.stm32cubemx\thirdparties\pdsc\STMicroelectronics.FP-SNS-STAIOTCFT.1.1.0.pdsc: PDSC version is not supported
2026-07-31 16:17:24,799 [WARN] PackLoader:240 - Cannot read IP mode file for STMicroelectronics.X-CUBE-MEMS1.12.0.0
2026-07-31 16:17:24,878 [WARN] PackLoader:240 - Cannot read IP mode file for STMicroelectronics.X-CUBE-ALGOBUILD.1.3.0
2026-07-31 16:17:24,950 [WARN] PackLoader:240 - Cannot read IP mode file for STMicroelectronics.X-CUBE-MEMS1.11.2.0
2026-07-31 16:17:25,068 [WARN] PackLoader:240 - Cannot read IP mode file for STMicroelectronics.X-CUBE-AZRTOS-G0.1.1.0
2026-07-31 16:17:25,082 [WARN] PackLoader:240 - Cannot read IP mode file for STMicroelectronics.X-CUBE-SAFEA1.1.2.2
2026-07-31 16:17:25,092 [WARN] PackLoader:240 - Cannot read IP mode file for STMicroelectronics.X-CUBE-NFC4.3.0.0
2026-07-31 16:17:25,107 [WARN] PackLoader:240 - Cannot read IP mode file for EmbeddedOffice.I-CUBE-FS-RTOS.1.0.1
2026-07-31 16:17:25,110 [ERROR] ConditionMgr:805 - Attr not supported : Dmpu
2026-07-31 16:17:25,113 [ERROR] ConditionMgr:805 - Attr not supported : Dmpu
2026-07-31 16:17:25,114 [ERROR] ConditionMgr:805 - Attr not supported : Dmpu
2026-07-31 16:17:25,114 [ERROR] ConditionMgr:805 - Attr not supported : Dmpu
2026-07-31 16:17:25,114 [ERROR] ConditionMgr:805 - Attr not supported : Dmpu
2026-07-31 16:17:25,114 [ERROR] ConditionMgr:805 - Attr not supported : Dmpu
2026-07-31 16:17:25,114 [ERROR] ConditionMgr:805 - Attr not supported : Dmpu
2026-07-31 16:17:25,114 [ERROR] ConditionMgr:805 - Attr not supported : Dmpu
2026-07-31 16:17:25,114 [ERROR] ConditionMgr:805 - Attr not supported : Dmpu
2026-07-31 16:17:25,114 [ERROR] ConditionMgr:805 - Attr not supported : Dmpu
2026-07-31 16:17:25,114 [ERROR] ConditionMgr:805 - Attr not supported : Dmpu
2026-07-31 16:17:25,114 [ERROR] ConditionMgr:805 - Attr not supported : Dmpu
2026-07-31 16:17:25,115 [ERROR] ConditionMgr:805 - Attr not supported : Dmpu
2026-07-31 16:17:25,115 [ERROR] ConditionMgr:805 - Attr not supported : Dmpu
2026-07-31 16:17:25,115 [ERROR] ConditionMgr:805 - Attr not supported : Dmpu
2026-07-31 16:17:25,115 [ERROR] ConditionMgr:805 - Attr not supported : Dmpu
2026-07-31 16:17:25,115 [ERROR] ConditionMgr:805 - Attr not supported : Dmpu
2026-07-31 16:17:25,115 [ERROR] ConditionMgr:805 - Attr not supported : Dmpu
2026-07-31 16:17:25,115 [ERROR] ConditionMgr:805 - Attr not supported : Dmpu
2026-07-31 16:17:25,115 [ERROR] ConditionMgr:805 - Attr not supported : Dmpu
2026-07-31 16:17:25,115 [ERROR] ConditionMgr:805 - Attr not supported : Dmpu
2026-07-31 16:17:25,115 [ERROR] ConditionMgr:805 - Attr not supported : Dmpu
2026-07-31 16:17:25,115 [ERROR] ConditionMgr:805 - Attr not supported : Dmpu
2026-07-31 16:17:25,115 [ERROR] ConditionMgr:805 - Attr not supported : Dmpu
2026-07-31 16:17:25,115 [ERROR] ConditionMgr:805 - Attr not supported : Dmpu
2026-07-31 16:17:25,115 [ERROR] ConditionMgr:805 - Attr not supported : Dmpu
2026-07-31 16:17:25,115 [ERROR] ConditionMgr:805 - Attr not supported : Dmpu
2026-07-31 16:17:25,115 [ERROR] ConditionMgr:805 - Attr not supported : Dmpu
2026-07-31 16:17:25,116 [ERROR] ConditionMgr:805 - Attr not supported : Dmpu
2026-07-31 16:17:25,116 [ERROR] ConditionMgr:805 - Attr not supported : Dmpu
2026-07-31 16:17:25,116 [ERROR] ConditionMgr:805 - Attr not supported : Dmpu
2026-07-31 16:17:25,116 [ERROR] ConditionMgr:805 - Attr not supported : Dmpu
2026-07-31 16:17:25,116 [ERROR] ConditionMgr:805 - Attr not supported : Dmpu
2026-07-31 16:17:25,116 [ERROR] ConditionMgr:805 - Attr not supported : Dmpu
2026-07-31 16:17:25,116 [ERROR] ConditionMgr:805 - Attr not supported : Dmpu
2026-07-31 16:17:25,116 [ERROR] ConditionMgr:805 - Attr not supported : Dmpu
2026-07-31 16:17:25,117 [ERROR] ConditionMgr:805 - Attr not supported : Dmpu
2026-07-31 16:17:25,117 [ERROR] ConditionMgr:805 - Attr not supported : Dmpu
2026-07-31 16:17:25,117 [ERROR] ConditionMgr:805 - Attr not supported : Dmpu
2026-07-31 16:17:25,117 [ERROR] ConditionMgr:805 - Attr not supported : Dmpu
2026-07-31 16:17:25,117 [ERROR] ConditionMgr:805 - Attr not supported : Dmpu
2026-07-31 16:17:25,118 [ERROR] ConditionMgr:805 - Attr not supported : Dmpu
2026-07-31 16:17:25,118 [ERROR] ConditionMgr:805 - Attr not supported : Dmpu
2026-07-31 16:17:25,118 [ERROR] ConditionMgr:805 - Attr not supported : Dmpu
2026-07-31 16:17:25,118 [ERROR] ConditionMgr:805 - Attr not supported : Dmpu
2026-07-31 16:17:25,118 [ERROR] ConditionMgr:805 - Attr not supported : Dmpu
2026-07-31 16:17:25,118 [ERROR] ConditionMgr:805 - Attr not supported : Dmpu
2026-07-31 16:17:25,118 [ERROR] ConditionMgr:805 - Attr not supported : Dmpu
2026-07-31 16:17:25,118 [ERROR] ConditionMgr:805 - Attr not supported : Dmpu
2026-07-31 16:17:25,118 [ERROR] ConditionMgr:805 - Attr not supported : Dmpu
2026-07-31 16:17:25,118 [ERROR] ConditionMgr:805 - Attr not supported : Dmpu
2026-07-31 16:17:25,118 [ERROR] ConditionMgr:805 - Attr not supported : Dmpu
2026-07-31 16:17:25,118 [ERROR] ConditionMgr:805 - Attr not supported : Dmpu
2026-07-31 16:17:25,118 [ERROR] ConditionMgr:805 - Attr not supported : Dmpu
2026-07-31 16:17:25,118 [ERROR] ConditionMgr:805 - Attr not supported : Dmpu
2026-07-31 16:17:25,118 [ERROR] ConditionMgr:805 - Attr not supported : Dmpu
2026-07-31 16:17:25,118 [ERROR] ConditionMgr:805 - Attr not supported : Dmpu
2026-07-31 16:17:25,119 [ERROR] ConditionMgr:805 - Attr not supported : Dmpu
2026-07-31 16:17:25,119 [ERROR] ConditionMgr:805 - Attr not supported : Dmpu
2026-07-31 16:17:25,119 [ERROR] ConditionMgr:805 - Attr not supported : Dmpu
2026-07-31 16:17:25,119 [ERROR] ConditionMgr:805 - Attr not supported : Dmpu
2026-07-31 16:17:25,119 [ERROR] ConditionMgr:805 - Attr not supported : Dmpu
2026-07-31 16:17:25,119 [ERROR] ConditionMgr:805 - Attr not supported : Dmpu
2026-07-31 16:17:25,119 [ERROR] ConditionMgr:805 - Attr not supported : Dmpu
2026-07-31 16:17:25,125 [WARN] PackLoader:240 - Cannot read IP mode file for STMicroelectronics.X-CUBE-WB05N.2.0.0
2026-07-31 16:17:25,129 [ERROR] Engine:466 - C:\Users\USER\.stm32cubemx\thirdparties\pdsc\STMicroelectronics.X-CUBE-TCPP.4.2.0.pdsc: PDSC version is not supported
2026-07-31 16:17:25,142 [WARN] PackLoader:240 - Cannot read IP mode file for RealThread.X-CUBE-RT-Thread_Nano.4.1.1
2026-07-31 16:17:25,150 [WARN] PackLoader:240 - Cannot read IP mode file for wolfSSL.I-CUBE-wolfSSL.5.7.0
2026-07-31 16:17:25,159 [WARN] PackLoader:240 - Cannot read IP mode file for STMicroelectronics.FP-ATR-SIGFOX1.3.2.0
2026-07-31 16:17:25,169 [WARN] ConditionMgr:438 - getConditionDescription Invalid condition id : Cortex-A Device cause : null
2026-07-31 16:17:25,201 [WARN] ConditionMgr:1039 - genDependencies : Invalid condition id : Cortex-A Device cause : null
2026-07-31 16:17:25,201 [WARN] ConditionMgr:1039 - genDependencies : Invalid condition id : Cortex-A Device cause : null
2026-07-31 16:17:25,201 [WARN] ConditionMgr:1039 - genDependencies : Invalid condition id : Cortex-A Device cause : null
2026-07-31 16:17:25,208 [WARN] PackLoader:240 - Cannot read IP mode file for STMicroelectronics.X-CUBE-EEPRMA1.5.1.0
2026-07-31 16:17:25,225 [ERROR] Engine:466 - C:\Users\USER\.stm32cubemx\thirdparties\pdsc\STMicroelectronics.X-CUBE-FREERTOS.1.5.0.pdsc: PDSC version is not supported
2026-07-31 16:17:25,245 [WARN] PackLoader:240 - Cannot read IP mode file for ITTIA_DB.I-CUBE-ITTIADB.8.9.0
2026-07-31 16:17:25,262 [WARN] PackLoader:240 - Cannot read IP mode file for STMicroelectronics.X-CUBE-NFC6.3.2.0
2026-07-31 16:17:25,271 [WARN] PackLoader:240 - Cannot read IP mode file for STMicroelectronics.X-CUBE-AI.10.2.1
2026-07-31 16:17:25,277 [WARN] PackLoader:240 - Cannot read IP mode file for STMicroelectronics.X-CUBE-AI.10.2.0
2026-07-31 16:17:25,324 [WARN] PackLoader:240 - Cannot read IP mode file for STMicroelectronics.X-CUBE-MEMS1.12.1.0
2026-07-31 16:17:25,471 [WARN] PackLoader:240 - Cannot read IP mode file for SEGGER.I-CUBE-embOS.1.3.1
2026-07-31 16:17:25,514 [WARN] PackLoader:240 - Cannot read IP mode file for STMicroelectronics.X-CUBE-ALGOBUILD.1.4.0
2026-07-31 16:17:25,521 [WARN] PackLoader:240 - Cannot read IP mode file for STMicroelectronics.X-CUBE-AI.9.1.0
2026-07-31 16:17:25,530 [WARN] PackLoader:240 - Cannot read IP mode file for STMicroelectronics.X-CUBE-NFC13.1.0.0
2026-07-31 16:17:25,540 [WARN] PackLoader:240 - Cannot read IP mode file for STMicroelectronics.X-CUBE-PM33A1.1.0.0
2026-07-31 16:17:25,548 [WARN] PackLoader:240 - Cannot read IP mode file for STMicroelectronics.X-CUBE-GNSS1.6.0.0
2026-07-31 16:17:25,565 [WARN] PackLoader:240 - Cannot read IP mode file for STMicroelectronics.X-CUBE-AZRTOS-F4.1.1.0
2026-07-31 16:17:25,582 [ERROR] Engine:466 - C:\Users\USER\.stm32cubemx\thirdparties\pdsc\Avnet-IotConnect.X-CUBE-IoTC-DA16k-PMOD.1.0.0.pdsc: PDSC version is not supported
2026-07-31 16:17:25,589 [WARN] PackLoader:240 - Cannot read IP mode file for STMicroelectronics.X-CUBE-ISPU.2.1.0
2026-07-31 16:17:25,595 [ERROR] Engine:466 - C:\Users\USER\.stm32cubemx\thirdparties\pdsc\STMicroelectronics.X-CUBE-IPS.3.2.0.pdsc: PDSC version is not supported
2026-07-31 16:17:25,598 [ERROR] Engine:466 - C:\Users\USER\.stm32cubemx\thirdparties\pdsc\STMicroelectronics.eDS-WB_DPC_TT-BIDIR.2.1.1.pdsc: PDSC version is not supported
2026-07-31 16:17:25,606 [WARN] PackLoader:240 - Cannot read IP mode file for STMicroelectronics.X-CUBE-FREERTOS.1.2.0
2026-07-31 16:17:25,615 [WARN] PackLoader:240 - Cannot read IP mode file for STMicroelectronics.X-CUBE-NFC12.1.0.0
2026-07-31 16:17:25,634 [WARN] PackLoader:240 - Cannot read IP mode file for STMicroelectronics.X-CUBE-AZRTOS-L5.2.0.0
2026-07-31 16:17:25,770 [WARN] PackLoader:240 - Cannot read IP mode file for STMicroelectronics.X-CUBE-NFC6.3.1.0
2026-07-31 16:17:25,781 [WARN] PackLoader:240 - Cannot read IP mode file for STMicroelectronics.X-CUBE-ALGOBUILD.1.5.0
2026-07-31 16:17:25,793 [WARN] PackLoader:240 - Cannot read IP mode file for STMicroelectronics.X-CUBE-DPower.1.2.0
2026-07-31 16:17:25,796 [ERROR] Engine:466 - C:\Users\USER\.stm32cubemx\thirdparties\pdsc\STMicroelectronics.eDS-WB_DPC_VIENNA.1.2.0.pdsc: PDSC version is not supported
2026-07-31 16:17:25,840 [WARN] PackLoader:240 - Cannot read IP mode file for STMicroelectronics.X-CUBE-MEMS1.13.0.0
2026-07-31 16:17:25,931 [ERROR] Engine:466 - C:\Users\USER\.stm32cubemx\thirdparties\pdsc\STMicroelectronics.eDS-WB_DPC_3PH2L-BIDIR.1.1.1.pdsc: PDSC version is not supported
2026-07-31 16:17:25,936 [WARN] PackLoader:240 - Cannot read IP mode file for STMicroelectronics.X-CUBE-AI.9.0.0
2026-07-31 16:17:25,940 [ERROR] Engine:466 - C:\Users\USER\.stm32cubemx\thirdparties\pdsc\STMicroelectronics.X-CUBE-ST67W61.1.3.0.pdsc: PDSC version is not supported
2026-07-31 16:17:25,941 [INFO] WebApp:192 - Starting web application
2026-07-31 16:17:25,941 [INFO] WebApp:544 - Web application path used D:\Documentos\Electronica\Nueva carpeta\STM32CubeIDE_1.15.0\STM32CubeIDE\plugins\com.st.stm32cube.common.mx_6.11.0.202403141607\db\plugins\mcufinder\reactClient1\index.html
2026-07-31 16:17:25,949 [WARN] PackLoader:240 - Cannot read IP mode file for STMicroelectronics.X-CUBE-FREERTOS.1.3.1
2026-07-31 16:17:25,958 [WARN] PackLoader:240 - Cannot read IP mode file for STMicroelectronics.X-CUBE-FREERTOS.1.3.0
2026-07-31 16:17:25,977 [WARN] PackLoader:240 - Cannot read IP mode file for STMicroelectronics.X-CUBE-NFC7.1.0.1
2026-07-31 16:17:25,989 [WARN] PackLoader:240 - Cannot read IP mode file for STMicroelectronics.X-CUBE-TOUCHGFX.4.26.0
2026-07-31 16:17:26,257 [WARN] PackLoader:240 - Cannot read IP mode file for STMicroelectronics.X-CUBE-TOUCHGFX.4.26.1
2026-07-31 16:17:26,261 [ERROR] Engine:466 - C:\Users\USER\.stm32cubemx\thirdparties\pdsc\STMicroelectronics.FP-SNS-STAIOTCFT.1.0.0.pdsc: PDSC version is not supported
2026-07-31 16:17:26,266 [WARN] PackLoader:240 - Cannot read IP mode file for STMicroelectronics.X-CUBE-DPower.1.3.0
2026-07-31 16:17:26,285 [WARN] ConditionMgr:438 - getConditionDescription Invalid condition id : LAN8742 Phy interface Condition cause : null
2026-07-31 16:17:26,286 [WARN] PackLoader:240 - Cannot read IP mode file for STMicroelectronics.X-CUBE-AZRTOS-L4.2.0.0
2026-07-31 16:17:26,287 [WARN] ConditionMgr:1039 - genDependencies : Invalid condition id : LAN8742 Phy interface Condition cause : null
2026-07-31 16:17:26,287 [WARN] ConditionMgr:1039 - genDependencies : Invalid condition id : LAN8742 Phy interface Condition cause : null
2026-07-31 16:17:26,288 [WARN] ConditionMgr:1039 - genDependencies : Invalid condition id : LAN8742 Phy interface Condition cause : null
2026-07-31 16:17:26,297 [WARN] PackLoader:240 - Cannot read IP mode file for STMicroelectronics.X-CUBE-SFXS2LP1.4.0.0
2026-07-31 16:17:26,304 [WARN] PackLoader:240 - Cannot read IP mode file for STMicroelectronics.X-CUBE-WB05N.2.1.0
2026-07-31 16:17:26,312 [ERROR] Engine:466 - C:\Users\USER\.stm32cubemx\thirdparties\pdsc\STMicroelectronics.X-CUBE-ST67W61.1.2.0.pdsc: PDSC version is not supported
2026-07-31 16:17:26,331 [WARN] PackLoader:240 - Cannot read IP mode file for STMicroelectronics.X-CUBE-AZRTOS-H7.3.3.0
2026-07-31 16:17:26,338 [ERROR] Engine:466 - C:\Users\USER\.stm32cubemx\thirdparties\pdsc\STMicroelectronics.X-CUBE-BLEMGR.4.1.0.pdsc: PDSC version is not supported
2026-07-31 16:17:26,350 [WARN] PackLoader:240 - Cannot read IP mode file for STMicroelectronics.X-CUBE-IPS.3.0.0
2026-07-31 16:17:26,368 [WARN] ConditionMgr:438 - getConditionDescription Invalid condition id : UX DEVICE CLASS RTOS Condition cause : null
2026-07-31 16:17:26,368 [WARN] ConditionMgr:438 - getConditionDescription Invalid condition id : UX DEVICE CLASS RTOS Condition cause : null
2026-07-31 16:17:26,371 [WARN] PackLoader:240 - Cannot read IP mode file for STMicroelectronics.X-CUBE-AZRTOS-WB.2.0.0
2026-07-31 16:17:26,371 [WARN] ConditionMgr:1039 - genDependencies : Invalid condition id : UX DEVICE CLASS RTOS Condition cause : null
2026-07-31 16:17:26,372 [WARN] ConditionMgr:1039 - genDependencies : Invalid condition id : UX DEVICE CLASS RTOS Condition cause : null
2026-07-31 16:17:26,372 [WARN] ConditionMgr:1039 - genDependencies : Invalid condition id : UX DEVICE CLASS RTOS Condition cause : null
2026-07-31 16:17:26,373 [WARN] ConditionMgr:1039 - genDependencies : Invalid condition id : UX DEVICE CLASS RTOS Condition cause : null
2026-07-31 16:17:26,373 [WARN] ConditionMgr:1039 - genDependencies : Invalid condition id : UX DEVICE CLASS RTOS Condition cause : null
2026-07-31 16:17:26,380 [WARN] PackLoader:240 - Cannot read IP mode file for STMicroelectronics.X-CUBE-GNSS1.7.0.0
2026-07-31 16:17:26,387 [WARN] PackLoader:240 - Cannot read IP mode file for STMicroelectronics.X-CUBE-GNSS1.7.0.1
2026-07-31 16:17:26,393 [WARN] PackLoader:240 - Cannot read IP mode file for STMicroelectronics.X-CUBE-TOUCHGFX.4.25.0
2026-07-31 16:17:26,410 [WARN] PackLoader:240 - Cannot read IP mode file for STMicroelectronics.FP-SNS-STBOX1.2.0.0
2026-07-31 16:17:26,427 [WARN] PackLoader:240 - Cannot read IP mode file for STMicroelectronics.X-CUBE-STSE01.2.0.0
2026-07-31 16:17:26,444 [WARN] PackLoader:240 - Cannot read IP mode file for STMicroelectronics.X-CUBE-SUBG2.5.0.0
2026-07-31 16:17:26,471 [WARN] PackLoader:240 - Cannot read IP mode file for STMicroelectronics.X-CUBE-AZRTOS-H7RS.1.1.0
2026-07-31 16:17:26,508 [WARN] PackLoader:240 - Cannot read IP mode file for Cesanta.I-CUBE-Mongoose.7.13.0
2026-07-31 16:17:26,530 [WARN] PackLoader:240 - Cannot read IP mode file for STMicroelectronics.X-CUBE-AZRTOS-G4.2.0.0
2026-07-31 16:17:26,558 [WARN] PackLoader:240 - Cannot read IP mode file for STMicroelectronics.X-CUBE-NFC7.2.0.0
2026-07-31 16:17:26,565 [WARN] PackLoader:240 - Cannot read IP mode file for STMicroelectronics.X-CUBE-ISPU.2.0.0
2026-07-31 16:17:26,571 [ERROR] Engine:466 - C:\Users\USER\.stm32cubemx\thirdparties\pdsc\STMicroelectronics.X-CUBE-IPS.3.1.0.pdsc: PDSC version is not supported
2026-07-31 16:17:26,576 [ERROR] Engine:466 - C:\Users\USER\.stm32cubemx\thirdparties\pdsc\STMicroelectronics.X-CUBE-BLEMGR.4.2.0.pdsc: PDSC version is not supported
2026-07-31 16:17:26,584 [WARN] PackLoader:240 - Cannot read IP mode file for STMicroelectronics.X-CUBE-ALS.1.0.2
2026-07-31 16:17:26,614 [WARN] PackLoader:240 - Cannot read IP mode file for STMicroelectronics.X-CUBE-MEMS1.10.0.0
2026-07-31 16:17:26,701 [WARN] PackLoader:240 - Cannot read IP mode file for STMicroelectronics.X-CUBE-FREERTOS.1.1.0
2026-07-31 16:17:26,707 [WARN] PackLoader:240 - Cannot read IP mode file for STMicroelectronics.X-CUBE-TOUCHGFX.4.24.2
2026-07-31 16:17:26,712 [WARN] PackLoader:240 - Cannot read IP mode file for STMicroelectronics.X-CUBE-TOUCHGFX.4.24.1
2026-07-31 16:17:26,720 [WARN] PackLoader:240 - Cannot read IP mode file for STMicroelectronics.X-CUBE-STSE01.1.0.0
2026-07-31 16:17:26,729 [WARN] PackLoader:240 - Cannot read IP mode file for wolfSSL.I-CUBE-wolfTPM.3.4.0
2026-07-31 16:17:26,743 [WARN] PackLoader:240 - Cannot read IP mode file for portGmbH.I-Cube-SoM-uGOAL.1.1.0
2026-07-31 16:17:26,751 [WARN] PackLoader:240 - Cannot read IP mode file for STMicroelectronics.X-CUBE-ALS.1.0.1
2026-07-31 16:17:26,789 [WARN] PackLoader:240 - Cannot read IP mode file for STMicroelectronics.X-CUBE-AZRTOS-H7RS.1.0.0
2026-07-31 16:17:26,798 [WARN] PackLoader:240 - Cannot read IP mode file for STMicroelectronics.FP-ATR-ASTRA1.2.0.0
2026-07-31 16:17:26,817 [WARN] PackLoader:240 - Cannot read IP mode file for STMicroelectronics.X-CUBE-TOF1.3.4.2
2026-07-31 16:17:26,928 [ERROR] Engine:466 - C:\Users\USER\.stm32cubemx\thirdparties\pdsc\STMicroelectronics.X-CUBE-TOF1.3.4.3.pdsc: PDSC version is not supported
2026-07-31 16:17:27,039 [WARN] PackLoader:240 - Cannot read IP mode file for STMicroelectronics.X-CUBE-TOF1.3.4.1
2026-07-31 16:17:27,062 [WARN] PackLoader:240 - Cannot read IP mode file for STMicroelectronics.X-CUBE-AZRTOS-H7.3.2.0
2026-07-31 16:17:27,082 [WARN] PackLoader:240 - Cannot read IP mode file for Infineon.AIROC-Wi-Fi-Bluetooth-STM32.1.6.0
2026-07-31 16:17:27,096 [WARN] PackLoader:240 - Cannot read IP mode file for wolfSSL.I-CUBE-wolfSSH.1.4.17
2026-07-31 16:17:27,098 [INFO] ThirdParty:978 - Integrity check success = true
2026-07-31 16:17:27,098 [INFO] IntegrityCheckThread:100 - exiting critical section [integrity check]
2026-07-31 16:17:27,098 [INFO] IntegrityCheckThread:103 - End integrity checks thread
2026-07-31 18:22:18,160 [ERROR] LogOutputStream:75 - [STDERR_REDIRECT] 
2026-07-31 18:46:54,340 [INFO] Activator:176 - 


2026-07-31 18:46:54,340 [INFO] Activator:177 - !SESSION log4j initialized
2026-07-31 18:47:18,139 [INFO] LogOutputStream:77 - [STDOUT_REDIRECT] 
2026-07-31 18:47:32,264 [INFO] ApplicationProperties:184 - Using Application install path: D:\Documentos\Electronica\Nueva carpeta\STM32CubeIDE_1.15.0\STM32CubeIDE\plugins\com.st.stm32cube.common.mx_6.11.0.202403141607
2026-07-31 18:47:32,307 [INFO] DbMcusXml:78 - Set database path to: D:\Documentos\Electronica\Nueva carpeta\STM32CubeIDE_1.15.0\STM32CubeIDE\plugins\com.st.stm32cube.common.mx_6.11.0.202403141607\\db\/mcu/
2026-07-31 18:47:32,307 [INFO] ApiDb:274 - Set plugin database path to: D:\Documentos\Electronica\Nueva carpeta\STM32CubeIDE_1.15.0\STM32CubeIDE\plugins\com.st.stm32cube.common.mx_6.11.0.202403141607\\db\/plugins/boardmanager/
2026-07-31 18:47:32,307 [WARN] ApiDb:259 - Overriding images path with different value:  => D:\Documentos\Electronica\Nueva carpeta\STM32CubeIDE_1.15.0\STM32CubeIDE\plugins\com.st.stm32cube.common.mx_6.11.0.202403141607\\db\/plugins/mcufinder/images/
2026-07-31 18:47:32,466 [INFO] ApiDb:250 - Set database path to: C:\Users\USER\.stmcufinder\plugins\mcufinder//mcu/
2026-07-31 18:47:32,467 [INFO] DbMcusAds:125 - Set database path to: C:\Users\USER\.stmcufinder\plugins\mcufinder//mcu/
2026-07-31 18:47:32,477 [INFO] CrossReferenceDbSqlite:203 - Set database path to: C:\Users\USER\.stmcufinder\plugins\mcufinder//mcu/cs/
2026-07-31 18:47:32,867 [INFO] RulesReader:64 - Compatibility file has been processed (297 Rules)
2026-07-31 18:47:33,551 [INFO] DbMcusXml:78 - Set database path to: D:\Documentos\Electronica\Nueva carpeta\STM32CubeIDE_1.15.0\STM32CubeIDE\plugins\com.st.stm32cube.common.mx_6.11.0.202403141607\\db\/mcu/
2026-07-31 18:47:33,551 [INFO] ApiDb:274 - Set plugin database path to: D:\Documentos\Electronica\Nueva carpeta\STM32CubeIDE_1.15.0\STM32CubeIDE\plugins\com.st.stm32cube.common.mx_6.11.0.202403141607\\db\/plugins/boardmanager/
2026-07-31 18:47:33,551 [INFO] ApiDb:261 - Set plugin images path to: D:\Documentos\Electronica\Nueva carpeta\STM32CubeIDE_1.15.0\STM32CubeIDE\plugins\com.st.stm32cube.common.mx_6.11.0.202403141607\\db\/plugins/mcufinder/images/
2026-07-31 18:47:33,552 [WARN] DbFile:41 - Overriding database path with different value: C:\Users\USER\.stmcufinder\plugins\mcufinder/ => C:\Users\USER\.stmcufinder\plugins\mcufinder
2026-07-31 18:47:33,552 [INFO] ApiDb:250 - Set database path to: C:\Users\USER\.stmcufinder\plugins\mcufinder//mcu/
2026-07-31 18:47:33,552 [WARN] DbFile:41 - Overriding database path with different value: C:\Users\USER\.stmcufinder\plugins\mcufinder/ => C:\Users\USER\.stmcufinder\plugins\mcufinder
2026-07-31 18:47:33,552 [INFO] DbMcusAds:125 - Set database path to: C:\Users\USER\.stmcufinder\plugins\mcufinder//mcu/
2026-07-31 18:47:33,552 [WARN] DbFile:41 - Overriding database path with different value: C:\Users\USER\.stmcufinder\plugins\mcufinder/ => C:\Users\USER\.stmcufinder\plugins\mcufinder
2026-07-31 18:47:33,552 [WARN] DbFile:41 - Overriding database path with different value: C:\Users\USER\.stmcufinder\plugins\mcufinder/ => C:\Users\USER\.stmcufinder\plugins\mcufinder
2026-07-31 18:47:33,552 [INFO] CrossReferenceDbSqlite:203 - Set database path to: C:\Users\USER\.stmcufinder\plugins\mcufinder//mcu/cs/
2026-07-31 18:47:34,104 [INFO] MainPanel:264 - HeapMemory: 268435456
2026-07-31 18:47:35,094 [INFO] DbMcusXml:78 - Set database path to: D:\Documentos\Electronica\Nueva carpeta\STM32CubeIDE_1.15.0\STM32CubeIDE\plugins\com.st.stm32cube.common.mx_6.11.0.202403141607\\db\/mcu/
2026-07-31 18:47:35,095 [INFO] ApiDb:274 - Set plugin database path to: D:\Documentos\Electronica\Nueva carpeta\STM32CubeIDE_1.15.0\STM32CubeIDE\plugins\com.st.stm32cube.common.mx_6.11.0.202403141607\\db\/plugins/boardmanager/
2026-07-31 18:47:35,095 [INFO] ApiDb:261 - Set plugin images path to: D:\Documentos\Electronica\Nueva carpeta\STM32CubeIDE_1.15.0\STM32CubeIDE\plugins\com.st.stm32cube.common.mx_6.11.0.202403141607\\db\/plugins/mcufinder/images/
2026-07-31 18:47:35,096 [WARN] DbFile:41 - Overriding database path with different value: C:\Users\USER\.stmcufinder\plugins\mcufinder/ => C:\Users\USER\.stmcufinder\plugins\mcufinder
2026-07-31 18:47:35,096 [INFO] ApiDb:250 - Set database path to: C:\Users\USER\.stmcufinder\plugins\mcufinder//mcu/
2026-07-31 18:47:35,096 [WARN] DbFile:41 - Overriding database path with different value: C:\Users\USER\.stmcufinder\plugins\mcufinder/ => C:\Users\USER\.stmcufinder\plugins\mcufinder
2026-07-31 18:47:35,096 [INFO] DbMcusAds:125 - Set database path to: C:\Users\USER\.stmcufinder\plugins\mcufinder//mcu/
2026-07-31 18:47:35,096 [WARN] DbFile:41 - Overriding database path with different value: C:\Users\USER\.stmcufinder\plugins\mcufinder/ => C:\Users\USER\.stmcufinder\plugins\mcufinder
2026-07-31 18:47:35,096 [WARN] DbFile:41 - Overriding database path with different value: C:\Users\USER\.stmcufinder\plugins\mcufinder/ => C:\Users\USER\.stmcufinder\plugins\mcufinder
2026-07-31 18:47:35,096 [INFO] CrossReferenceDbSqlite:203 - Set database path to: C:\Users\USER\.stmcufinder\plugins\mcufinder//mcu/cs/
2026-07-31 18:47:35,212 [INFO] ApplicationProperties:184 - Using Application install path: D:\Documentos\Electronica\Nueva carpeta\STM32CubeIDE_1.15.0\STM32CubeIDE\plugins\com.st.stm32cube.common.mx_6.11.0.202403141607
2026-07-31 18:47:35,221 [INFO] PluginManage:196 - Search for loadable plugins [exclusion list=, ]
2026-07-31 18:47:35,237 [INFO] PluginManage:310 - Check plugin analytics
2026-07-31 18:47:35,629 [INFO] AnalyticsPlugin:253 - Accepted Software Licenses: 
2026-07-31 18:47:35,629 [INFO] AnalyticsPlugin:255 - Accepted CMSIS Pack Licenses: STMicroelectronics.X-CUBE-TOUCHGFX.4.26.0,STMicroelectronics.X-CUBE-TOF1.3.4.2
2026-07-31 18:47:35,629 [INFO] AnalyticsPlugin:257 - Accepted Firmware Licenses: FW.F7.1.17.0,FW.H7.1.11.0,FW.F4.1.28.0
2026-07-31 18:47:35,632 [INFO] PluginManage:359 - Loaded plugin analytics (category:tool,tabindex:-1)
2026-07-31 18:47:35,633 [INFO] PluginManage:310 - Check plugin cadmodel
2026-07-31 18:47:35,795 [INFO] CADModel:105 - Init CAD model plugin
2026-07-31 18:47:35,795 [INFO] PluginManage:359 - Loaded plugin cadmodel (category:power,tabindex:5)
2026-07-31 18:47:35,796 [INFO] PluginManage:310 - Check plugin clock
2026-07-31 18:47:35,918 [INFO] PluginManage:359 - Loaded plugin clock (category:base,tabindex:2)
2026-07-31 18:47:35,918 [INFO] PluginManage:310 - Check plugin ddr
2026-07-31 18:47:35,941 [INFO] PluginManage:359 - Loaded plugin ddr (category:tool,tabindex:6)
2026-07-31 18:47:35,942 [INFO] PluginManage:310 - Check plugin filemanager
2026-07-31 18:47:37,636 [INFO] PluginManage:359 - Loaded plugin filemanager (category:base,tabindex:10)
2026-07-31 18:47:37,636 [INFO] PluginManage:310 - Check plugin ipmanager
2026-07-31 18:47:37,683 [INFO] PluginManage:359 - Loaded plugin ipmanager (category:base,tabindex:5)
2026-07-31 18:47:37,683 [INFO] PluginManage:310 - Check plugin lpbam
2026-07-31 18:47:37,731 [INFO] PluginManage:359 - Loaded plugin lpbam (category:base,tabindex:0)
2026-07-31 18:47:37,731 [INFO] PluginManage:310 - Check plugin memorymap
2026-07-31 18:47:37,823 [INFO] PluginManage:359 - Loaded plugin memorymap (category:base,tabindex:4)
2026-07-31 18:47:37,823 [INFO] PluginManage:310 - Check plugin pinoutandconfiguration
2026-07-31 18:47:37,912 [INFO] PluginManage:359 - Loaded plugin pinoutandconfiguration (category:base,tabindex:1)
2026-07-31 18:47:37,912 [INFO] PluginManage:310 - Check plugin pinoutconfig
2026-07-31 18:47:38,175 [WARN] SupportedApi:132 - Cannot load RTOS API schema: s4s-elt-must-match.1: The content of 'definitions' must match (annotation?, (simpleType | complexType)?, (unique | key | keyref)*)). A problem was found starting at: attribute.
2026-07-31 18:47:38,563 [INFO] PluginManage:359 - Loaded plugin pinoutconfig (category:base,tabindex:0)
2026-07-31 18:47:38,563 [INFO] PluginManage:310 - Check plugin power
2026-07-31 18:47:38,684 [INFO] PluginManage:359 - Loaded plugin power (category:power,tabindex:4)
2026-07-31 18:47:38,684 [INFO] PluginManage:310 - Check plugin projectmanager
2026-07-31 18:47:38,757 [INFO] PluginManage:359 - Loaded plugin projectmanager (category:projectmanager,tabindex:3)
2026-07-31 18:47:38,757 [INFO] PluginManage:310 - Check plugin thirdparty
2026-07-31 18:47:39,496 [INFO] PluginManage:359 - Loaded plugin thirdparty (category:base,tabindex:-1)
2026-07-31 18:47:39,496 [INFO] PluginManage:310 - Check plugin tools
2026-07-31 18:47:39,496 [WARN] IntegrityCheckThread:84 - waiting for thirdparty lock release [integrity check]
2026-07-31 18:47:39,496 [INFO] IntegrityCheckThread:86 - entering critical section [integrity check]
2026-07-31 18:47:39,497 [INFO] ThirdPartyUpdaterWithRetryManager:70 - Updater plugin not ready yet. [1/15]
2026-07-31 18:47:39,558 [INFO] PluginManage:359 - Loaded plugin tools (category:base,tabindex:7)
2026-07-31 18:47:39,558 [INFO] PluginManage:310 - Check plugin tutovideos
2026-07-31 18:47:40,103 [INFO] PluginManage:359 - Loaded plugin tutovideos (category:base,tabindex:-1)
2026-07-31 18:47:40,104 [INFO] PluginManage:310 - Check plugin updater
2026-07-31 18:47:40,176 [INFO] PluginManage:359 - Loaded plugin updater (category:base,tabindex:12)
2026-07-31 18:47:40,176 [INFO] PluginManage:310 - Check plugin userauth
2026-07-31 18:47:40,219 [INFO] UserAuth:114 - Init User Auth plugin
2026-07-31 18:47:40,220 [INFO] PluginManage:359 - Loaded plugin userauth (category:base,tabindex:14)
2026-07-31 18:47:40,220 [INFO] PluginManage:283 - PluginManage : Loaded plugins [17]
2026-07-31 18:47:41,438 [INFO] PinOutPanel:1561 - setPackage(No Configuration,No Configuration)
2026-07-31 18:47:41,774 [INFO] CADModel:165 - CPN selected for project level
2026-07-31 18:47:41,774 [INFO] CADModel:114 - Register for checkConnection events
2026-07-31 18:47:41,879 [INFO] IPUIPlugin:80 - create IPUIPlugin
2026-07-31 18:47:41,880 [INFO] PluginManager:220 - loadIPPluginJar : add adc
2026-07-31 18:47:41,938 [INFO] IPUIPlugin:80 - create IPUIPlugin
2026-07-31 18:47:41,938 [INFO] PluginManager:220 - loadIPPluginJar : add aes
2026-07-31 18:47:42,031 [INFO] IPUIPlugin:80 - create IPUIPlugin
2026-07-31 18:47:42,031 [INFO] PluginManager:220 - loadIPPluginJar : add can
2026-07-31 18:47:42,075 [INFO] IPUIPlugin:80 - create IPUIPlugin
2026-07-31 18:47:42,075 [INFO] PluginManager:220 - loadIPPluginJar : add comp
2026-07-31 18:47:42,135 [INFO] IPUIPlugin:80 - create IPUIPlugin
2026-07-31 18:47:42,135 [INFO] PluginManager:220 - loadIPPluginJar : add cryp
2026-07-31 18:47:42,188 [INFO] IPUIPlugin:80 - create IPUIPlugin
2026-07-31 18:47:42,188 [INFO] PluginManager:220 - loadIPPluginJar : add dfsdm
2026-07-31 18:47:42,245 [INFO] IPUIPlugin:80 - create IPUIPlugin
2026-07-31 18:47:42,246 [INFO] PluginManager:220 - loadIPPluginJar : add dma
2026-07-31 18:47:42,329 [INFO] IPUIPlugin:80 - create IPUIPlugin
2026-07-31 18:47:42,329 [INFO] PluginManager:220 - loadIPPluginJar : add dma3
2026-07-31 18:47:42,407 [INFO] IPUIPlugin:80 - create IPUIPlugin
2026-07-31 18:47:42,407 [INFO] PluginManager:220 - loadIPPluginJar : add extmemmanager
2026-07-31 18:47:42,458 [INFO] IPUIPlugin:80 - create IPUIPlugin
2026-07-31 18:47:42,458 [INFO] PluginManager:220 - loadIPPluginJar : add fatfs
2026-07-31 18:47:42,498 [INFO] ThirdPartyUpdaterWithRetryManager:70 - Updater plugin not ready yet. [2/15]
2026-07-31 18:47:42,551 [INFO] IPUIPlugin:80 - create IPUIPlugin
2026-07-31 18:47:42,551 [INFO] PluginManager:220 - loadIPPluginJar : add fmc
2026-07-31 18:47:42,584 [INFO] IPUIPlugin:80 - create IPUIPlugin
2026-07-31 18:47:42,585 [INFO] PluginManager:220 - loadIPPluginJar : add freertos
2026-07-31 18:47:42,633 [INFO] IPUIPlugin:80 - create IPUIPlugin
2026-07-31 18:47:42,633 [INFO] PluginManager:220 - loadIPPluginJar : add genericplugin
2026-07-31 18:47:42,782 [INFO] IPUIPlugin:80 - create IPUIPlugin
2026-07-31 18:47:42,782 [INFO] PluginManager:220 - loadIPPluginJar : add gfxmmu
2026-07-31 18:47:42,981 [INFO] IPUIPlugin:80 - create IPUIPlugin
2026-07-31 18:47:42,981 [INFO] PluginManager:220 - loadIPPluginJar : add gic
2026-07-31 18:47:43,041 [INFO] IPUIPlugin:80 - create IPUIPlugin
2026-07-31 18:47:43,041 [INFO] PluginManager:220 - loadIPPluginJar : add gpio
2026-07-31 18:47:43,192 [INFO] IPUIPlugin:80 - create IPUIPlugin
2026-07-31 18:47:43,192 [INFO] PluginManager:220 - loadIPPluginJar : add gtzc
2026-07-31 18:47:43,254 [INFO] IPUIPlugin:80 - create IPUIPlugin
2026-07-31 18:47:43,254 [INFO] PluginManager:220 - loadIPPluginJar : add hash
2026-07-31 18:47:43,360 [INFO] IPUIPlugin:80 - create IPUIPlugin
2026-07-31 18:47:43,360 [INFO] PluginManager:220 - loadIPPluginJar : add i2c
2026-07-31 18:47:43,417 [INFO] IPUIPlugin:80 - create IPUIPlugin
2026-07-31 18:47:43,417 [INFO] PluginManager:220 - loadIPPluginJar : add i2s
2026-07-31 18:47:43,473 [INFO] IPUIPlugin:80 - create IPUIPlugin
2026-07-31 18:47:43,473 [INFO] PluginManager:220 - loadIPPluginJar : add i3c
2026-07-31 18:47:43,630 [INFO] IPUIPlugin:80 - create IPUIPlugin
2026-07-31 18:47:43,630 [INFO] PluginManager:220 - loadIPPluginJar : add ipddr
2026-07-31 18:47:43,831 [INFO] IPUIPlugin:80 - create IPUIPlugin
2026-07-31 18:47:43,832 [INFO] PluginManager:220 - loadIPPluginJar : add linkedlist
2026-07-31 18:47:43,915 [INFO] IPUIPlugin:80 - create IPUIPlugin
2026-07-31 18:47:43,915 [INFO] PluginManager:220 - loadIPPluginJar : add lorawan
2026-07-31 18:47:43,966 [INFO] IPUIPlugin:80 - create IPUIPlugin
2026-07-31 18:47:43,966 [INFO] PluginManager:220 - loadIPPluginJar : add ltdc
2026-07-31 18:47:43,993 [INFO] IPUIPlugin:80 - create IPUIPlugin
2026-07-31 18:47:43,993 [INFO] PluginManager:220 - loadIPPluginJar : add mdma
2026-07-31 18:47:44,026 [INFO] IPUIPlugin:80 - create IPUIPlugin
2026-07-31 18:47:44,027 [INFO] PluginManager:220 - loadIPPluginJar : add nvic
2026-07-31 18:47:44,073 [INFO] IPUIPlugin:80 - create IPUIPlugin
2026-07-31 18:47:44,074 [INFO] PluginManager:220 - loadIPPluginJar : add opamp
2026-07-31 18:47:44,169 [INFO] IPUIPlugin:80 - create IPUIPlugin
2026-07-31 18:47:44,169 [INFO] PluginManager:220 - loadIPPluginJar : add openamp
2026-07-31 18:47:44,251 [INFO] IPUIPlugin:80 - create IPUIPlugin
2026-07-31 18:47:44,251 [INFO] PluginManager:220 - loadIPPluginJar : add pdm2pcm
2026-07-31 18:47:44,295 [INFO] IPUIPlugin:80 - create IPUIPlugin
2026-07-31 18:47:44,297 [INFO] PluginManager:220 - loadIPPluginJar : add plateformsettings
2026-07-31 18:47:44,339 [INFO] IPUIPlugin:80 - create IPUIPlugin
2026-07-31 18:47:44,339 [INFO] PluginManager:220 - loadIPPluginJar : add quadspi
2026-07-31 18:47:44,371 [INFO] IPUIPlugin:80 - create IPUIPlugin
2026-07-31 18:47:44,371 [INFO] PluginManager:220 - loadIPPluginJar : add resmgrutility
2026-07-31 18:47:44,459 [INFO] IPUIPlugin:80 - create IPUIPlugin
2026-07-31 18:47:44,459 [INFO] PluginManager:220 - loadIPPluginJar : add sai
2026-07-31 18:47:44,551 [INFO] IPUIPlugin:80 - create IPUIPlugin
2026-07-31 18:47:44,552 [INFO] PluginManager:220 - loadIPPluginJar : add spi
2026-07-31 18:47:44,651 [INFO] IPUIPlugin:80 - create IPUIPlugin
2026-07-31 18:47:44,651 [INFO] PluginManager:220 - loadIPPluginJar : add stm32_wpan
2026-07-31 18:47:44,732 [INFO] IPUIPlugin:80 - create IPUIPlugin
2026-07-31 18:47:44,732 [INFO] PluginManager:220 - loadIPPluginJar : add tim
2026-07-31 18:47:44,831 [INFO] IPUIPlugin:80 - create IPUIPlugin
2026-07-31 18:47:44,831 [INFO] PluginManager:220 - loadIPPluginJar : add touchsensing
2026-07-31 18:47:44,887 [INFO] IPUIPlugin:80 - create IPUIPlugin
2026-07-31 18:47:44,887 [INFO] PluginManager:220 - loadIPPluginJar : add tracer_emb
2026-07-31 18:47:44,917 [INFO] IPUIPlugin:80 - create IPUIPlugin
2026-07-31 18:47:44,918 [INFO] PluginManager:220 - loadIPPluginJar : add ts
2026-07-31 18:47:44,946 [INFO] IPUIPlugin:80 - create IPUIPlugin
2026-07-31 18:47:44,946 [INFO] PluginManager:220 - loadIPPluginJar : add tsc
2026-07-31 18:47:44,976 [INFO] IPUIPlugin:80 - create IPUIPlugin
2026-07-31 18:47:44,977 [INFO] PluginManager:220 - loadIPPluginJar : add ucpd
2026-07-31 18:47:45,068 [INFO] IPUIPlugin:80 - create IPUIPlugin
2026-07-31 18:47:45,068 [INFO] PluginManager:220 - loadIPPluginJar : add usart
2026-07-31 18:47:45,125 [INFO] IPUIPlugin:80 - create IPUIPlugin
2026-07-31 18:47:45,126 [INFO] PluginManager:220 - loadIPPluginJar : add usbx
2026-07-31 18:47:45,387 [INFO] CADModel:165 - CPN selected for project level
2026-07-31 18:47:45,387 [INFO] CADModel:114 - Register for checkConnection events
2026-07-31 18:47:45,387 [FATAL] Updater:308 - Updater called before beeing initialized
2026-07-31 18:47:45,387 [ERROR] CADModel:125 - Updater not yet initialized, retry later 
2026-07-31 18:47:45,498 [INFO] ThirdPartyUpdaterWithRetryManager:70 - Updater plugin not ready yet. [3/15]
2026-07-31 18:47:45,990 [INFO] CADModel:165 - CPN selected for project level
2026-07-31 18:47:45,990 [INFO] CADModel:114 - Register for checkConnection events
2026-07-31 18:47:45,990 [FATAL] Updater:308 - Updater called before beeing initialized
2026-07-31 18:47:45,990 [ERROR] CADModel:125 - Updater not yet initialized, retry later 
2026-07-31 18:47:46,000 [FATAL] Updater:308 - Updater called before beeing initialized
2026-07-31 18:47:46,196 [FATAL] Updater:308 - Updater called before beeing initialized
2026-07-31 18:47:46,249 [INFO] DbMcusAds:53 - JSON generation date=Wed Feb 18 08:32:49 CST 2026 (1771425169444)
2026-07-31 18:47:46,249 [FATAL] Updater:308 - Updater called before beeing initialized
2026-07-31 18:47:46,511 [WARN] DetailPanel:346 - Failed to get advertising image, set to default
2026-07-31 18:47:46,716 [FATAL] Updater:308 - Updater called before beeing initialized
2026-07-31 18:47:46,749 [FATAL] Updater:308 - Updater called before beeing initialized
2026-07-31 18:47:46,749 [FATAL] Updater:308 - Updater called before beeing initialized
2026-07-31 18:47:46,749 [WARN] DetailPanel:346 - Failed to get advertising image, set to default
2026-07-31 18:47:46,750 [FATAL] Updater:308 - Updater called before beeing initialized
2026-07-31 18:47:47,024 [ERROR] Updater:1120 - MainUpdater not yet initialized. External WinMGr cannot be set.
2026-07-31 18:47:47,056 [INFO] Updater:1056 - Updater Version found : 6.11.0
2026-07-31 18:47:47,106 [INFO] ApplicationProperties:184 - Using Application install path: D:\Documentos\Electronica\Nueva carpeta\STM32CubeIDE_1.15.0\STM32CubeIDE\plugins\com.st.stm32cube.common.mx_6.11.0.202403141607
2026-07-31 18:47:48,500 [FATAL] Updater:308 - Updater called before beeing initialized
2026-07-31 18:47:48,500 [ERROR] IntegrityCheckThread:130 - Cannot retrieve database content from updater: error 21
2026-07-31 18:47:48,500 [INFO] ThirdParty:978 - Integrity check success = false
2026-07-31 18:47:48,501 [INFO] IntegrityCheckThread:100 - exiting critical section [integrity check]
2026-07-31 18:47:48,501 [INFO] IntegrityCheckThread:103 - End integrity checks thread
2026-07-31 18:47:48,710 [ERROR] LogOutputStream:75 - [STDERR_REDIRECT] Jul 31, 2026 6:47:48 PM java.util.prefs.WindowsPreferences <init>
2026-07-31 18:47:48,711 [ERROR] LogOutputStream:75 - [STDERR_REDIRECT] WARNING: Could not open/create prefs root node Software\JavaSoft\Prefs at root 0xffffffff80000002. Windows RegCreateKeyEx(...) returned error code 5.
2026-07-31 18:47:48,711 [ERROR] LogOutputStream:75 - [STDERR_REDIRECT] 
2026-07-31 18:47:49,784 [INFO] MainUpdater:2873 - connection check result : 10
2026-07-31 18:47:49,784 [INFO] MainUpdater:290 - Updater Check For Update Now.
2026-07-31 18:47:49,785 [INFO] MicroXplorer:498 - Change Database Version : DB.6.0.110
2026-07-31 18:47:49,831 [INFO] McuFinderGlobals:63 - Set McuFinder mode to 2 (CubeIDE integrated)
2026-07-31 18:47:49,905 [INFO] UserAuth:415 - Internet connection configuration mode: 1
2026-07-31 18:47:50,085 [INFO] JxBrowserEngine:152 - Initiate JxBrowser Engine with user profile folder
2026-07-31 18:47:50,085 [INFO] CheckServerUpdateThread:120 - End of CheckServer Thread
2026-07-31 18:48:08,474 [INFO] WebApp:161 - Instantiating new browser for Auth
2026-07-31 18:48:12,758 [INFO] WebApp:779 - Register for checkConnection events
2026-07-31 18:48:12,758 [INFO] WebApp:414 - Apply proxy settings
2026-07-31 18:48:12,758 [INFO] WebApp:499 - Chromium requires no authentication
2026-07-31 18:48:12,790 [INFO] WebApp:442 - Direct internet connection detected
2026-07-31 18:48:13,500 [INFO] WebApp:192 - Starting web application
2026-07-31 18:48:13,500 [INFO] WebApp:544 - Web application path used D:\Documentos\Electronica\Nueva carpeta\STM32CubeIDE_1.15.0\STM32CubeIDE\plugins\com.st.stm32cube.common.mx_6.11.0.202403141607\db\plugins\mcufinder\reactClient1\index.html
2026-07-31 19:11:51,935 [INFO] McuFinderGlobals:63 - Set McuFinder mode to 2 (CubeIDE integrated)
2026-07-31 19:11:52,003 [INFO] MainUpdater:2873 - connection check result : 10
2026-07-31 19:11:52,020 [INFO] MainUpdater:2873 - connection check result : 10
2026-07-31 19:11:52,390 [INFO] MicroXplorer:468 - Change Database Path : 
2026-07-31 19:11:52,390 [INFO] MicroXplorer:498 - Change Database Version : DB.6.0.110
2026-07-31 19:11:52,428 [WARN] ThirdParty:871 - waiting for thirdparty lock release [close project]
2026-07-31 19:11:52,428 [INFO] ThirdParty:873 - entering critical section [close project]
2026-07-31 19:11:52,454 [INFO] ThirdParty:883 - exiting critical section [close project]
2026-07-31 19:11:52,457 [INFO] PinOutPanel:1561 - setPackage(No Configuration,No Configuration)
2026-07-31 19:11:52,462 [INFO] UtilMem:75 - Begin LoadConfig() Used Memory: 813141952 Bytes (1073741824)
2026-07-31 19:11:52,464 [INFO] MicroXplorer:468 - Change Database Path : 
2026-07-31 19:11:52,464 [INFO] MicroXplorer:498 - Change Database Version : DB.6.0.110
2026-07-31 19:11:52,464 [INFO] OpenFileManager:312 - Change cursor
2026-07-31 19:11:52,497 [WARN] IntegrityCheckThread:84 - waiting for thirdparty lock release [integrity check]
2026-07-31 19:11:52,498 [INFO] IntegrityCheckThread:86 - entering critical section [integrity check]
2026-07-31 19:11:53,222 [WARN] PackLoader:240 - Cannot read IP mode file for STMicroelectronics.X-CUBE-AZRTOS-H7.3.5.0
2026-07-31 19:11:53,245 [WARN] PackLoader:240 - Cannot read IP mode file for STMicroelectronics.FP-SNS-MOTENVWB1.1.4.0
2026-07-31 19:11:53,264 [WARN] PackLoader:240 - Cannot read IP mode file for STMicroelectronics.FP-ATR-ASTRA1.2.0.3
2026-07-31 19:11:53,279 [WARN] PackLoader:240 - Cannot read IP mode file for STMicroelectronics.FP-ATR-ASTRA1.2.0.2
2026-07-31 19:11:53,295 [WARN] PackLoader:240 - Cannot read IP mode file for STMicroelectronics.FP-ATR-ASTRA1.2.0.1
2026-07-31 19:11:53,311 [ERROR] Engine:466 - C:\Users\USER\.stm32cubemx\thirdparties\pdsc\STMicroelectronics.X-CUBE-SMBUS.2.1.1.pdsc: PDSC version is not supported
2026-07-31 19:11:53,327 [WARN] PackLoader:240 - Cannot read IP mode file for STMicroelectronics.X-CUBE-SMBUS.2.1.0
2026-07-31 19:11:53,346 [WARN] PackLoader:240 - Cannot read IP mode file for STMicroelectronics.X-CUBE-WB05N.1.1.0
2026-07-31 19:11:53,363 [WARN] PackLoader:240 - Cannot read IP mode file for STMicroelectronics.X-CUBE-TOUCHGFX.4.23.2
2026-07-31 19:11:53,398 [WARN] PackLoader:240 - Cannot read IP mode file for STMicroelectronics.X-CUBE-AZRTOS-F7.1.1.0
2026-07-31 19:11:53,419 [ERROR] Engine:466 - C:\Users\USER\.stm32cubemx\thirdparties\pdsc\STMicroelectronics.X-CUBE-FREERTOS.1.6.0.pdsc: PDSC version is not supported
2026-07-31 19:11:53,469 [WARN] PackLoader:240 - Cannot read IP mode file for STMicroelectronics.X-CUBE-MEMS1.11.0.0
2026-07-31 19:11:53,600 [ERROR] Engine:466 - C:\Users\USER\.stm32cubemx\thirdparties\pdsc\STMicroelectronics.FP-SNS-MOTENV1.5.1.0.pdsc: PDSC version is not supported
2026-07-31 19:11:53,633 [WARN] PackLoader:240 - Cannot read IP mode file for STMicroelectronics.X-CUBE-AZRTOS-H7RS.1.3.0
2026-07-31 19:11:53,680 [WARN] PackLoader:240 - Cannot read IP mode file for STMicroelectronics.FP-SNS-FLIGHT1.5.0.2
2026-07-31 19:11:53,713 [WARN] PackLoader:240 - Cannot read IP mode file for STMicroelectronics.X-CUBE-AZRTOS-H7.3.4.0
2026-07-31 19:11:53,736 [WARN] PackLoader:240 - Cannot read IP mode file for STMicroelectronics.X-CUBE-DISPLAY.3.0.0
2026-07-31 19:11:53,759 [WARN] PackLoader:240 - Cannot read IP mode file for STMicroelectronics.X-CUBE-GNSS1.7.1.1
2026-07-31 19:11:53,775 [ERROR] Engine:466 - C:\Users\USER\.stm32cubemx\thirdparties\pdsc\STMicroelectronics.FP-SNS-MOTENVWB1.1.5.0.pdsc: PDSC version is not supported
2026-07-31 19:11:53,794 [WARN] PackLoader:240 - Cannot read IP mode file for STMicroelectronics.X-CUBE-BLE1.7.0.0
2026-07-31 19:11:53,815 [WARN] PackLoader:240 - Cannot read IP mode file for STMicroelectronics.X-CUBE-NFC10.1.0.0
2026-07-31 19:11:53,837 [WARN] PackLoader:240 - Cannot read IP mode file for STMicroelectronics.X-CUBE-BLEMGR.4.0.0
2026-07-31 19:11:53,854 [ERROR] Engine:466 - C:\Users\USER\.stm32cubemx\thirdparties\pdsc\STMicroelectronics.X-CUBE-ST60.1.1.0.pdsc: PDSC version is not supported
2026-07-31 19:11:53,875 [WARN] PackLoader:240 - Cannot read IP mode file for emotas.I-CUBE-CANOPEN.1.3.0
2026-07-31 19:11:53,891 [ERROR] Engine:466 - C:\Users\USER\.stm32cubemx\thirdparties\pdsc\STMicroelectronics.X-CUBE-WBA.1.1.0.pdsc: PDSC version is not supported
2026-07-31 19:11:53,910 [WARN] PackLoader:240 - Cannot read IP mode file for STMicroelectronics.X-CUBE-GNSS1.7.1.0
2026-07-31 19:11:53,931 [WARN] PackLoader:240 - Cannot read IP mode file for STMicroelectronics.X-CUBE-BLEMGR.3.1.0
2026-07-31 19:11:53,951 [WARN] PackLoader:240 - Cannot read IP mode file for STMicroelectronics.X-CUBE-AI.10.0.0
2026-07-31 19:11:53,968 [ERROR] Engine:466 - C:\Users\USER\.stm32cubemx\thirdparties\pdsc\STMicroelectronics.FP-SNS-STBOX1.2.1.0.pdsc: PDSC version is not supported
2026-07-31 19:11:53,988 [WARN] PackLoader:240 - Cannot read IP mode file for STMicroelectronics.FP-SNS-SMARTAG2.1.2.0
2026-07-31 19:11:54,003 [ERROR] Engine:466 - C:\Users\USER\.stm32cubemx\thirdparties\pdsc\STMicroelectronics.FP-SNS-FLIGHT1.5.1.0.pdsc: PDSC version is not supported
2026-07-31 19:11:54,054 [WARN] PackLoader:240 - Cannot read IP mode file for STMicroelectronics.X-CUBE-MEMS1.11.1.0
2026-07-31 19:11:54,150 [INFO] LogOutputStream:77 - [STDOUT_REDIRECT] 1 : Invalid condition id : UX_CORESTACK_Condition cause : null
2026-07-31 19:11:54,151 [INFO] LogOutputStream:77 - [STDOUT_REDIRECT] 1 : Invalid condition id : UX_CORESTACK_Condition cause : null
2026-07-31 19:11:54,153 [INFO] LogOutputStream:77 - [STDOUT_REDIRECT] 1 : Invalid condition id : UX_CORESTACK_Condition cause : null
2026-07-31 19:11:54,154 [INFO] LogOutputStream:77 - [STDOUT_REDIRECT] 1 : Invalid condition id : UX_CORESTACK_Condition cause : null
2026-07-31 19:11:54,156 [INFO] LogOutputStream:77 - [STDOUT_REDIRECT] 1 : Invalid condition id : UX_CORESTACK_Condition cause : null
2026-07-31 19:11:54,158 [WARN] PackLoader:240 - Cannot read IP mode file for STMicroelectronics.X-CUBE-AZRTOS-WL.2.0.0
2026-07-31 19:11:54,178 [WARN] PackLoader:240 - Cannot read IP mode file for STMicroelectronics.FP-SNS-MOTENV1.5.0.0
2026-07-31 19:11:54,212 [WARN] PackLoader:240 - Cannot read IP mode file for STMicroelectronics.X-CUBE-AZRTOS-H7RS.1.2.0
2026-07-31 19:11:54,231 [WARN] PackLoader:240 - Cannot read IP mode file for wolfSSL.I-CUBE-wolfMQTT.1.19.0
2026-07-31 19:11:54,254 [WARN] PackLoader:240 - Cannot read IP mode file for WES.I-CUBE-Cesium.1.3.0
2026-07-31 19:11:54,273 [WARN] PackLoader:240 - Cannot read IP mode file for STMicroelectronics.X-CUBE-BLE2.3.3.0
2026-07-31 19:11:54,288 [ERROR] Engine:466 - C:\Users\USER\.stm32cubemx\thirdparties\pdsc\Avnet-IOTCONNECT.X-CUBE-iotc-st67-sdk.1.0.0.pdsc: PDSC version is not supported
2026-07-31 19:11:54,310 [WARN] PackLoader:240 - Cannot read IP mode file for STMicroelectronics.X-CUBE-NFC9.1.0.0
2026-07-31 19:11:54,329 [WARN] PackLoader:240 - Cannot read IP mode file for STMicroelectronics.X-CUBE-BLE1.7.1.0
2026-07-31 19:11:54,350 [WARN] PackLoader:240 - Cannot read IP mode file for STMicroelectronics.X-CUBE-TCPP.4.1.0
2026-07-31 19:11:54,366 [ERROR] Engine:466 - C:\Users\USER\.stm32cubemx\thirdparties\pdsc\STMicroelectronics.X-CUBE-FREERTOS.1.4.0.pdsc: PDSC version is not supported
2026-07-31 19:11:54,387 [WARN] PackLoader:240 - Cannot read IP mode file for STMicroelectronics.X-CUBE-EEPRMA1.5.2.0
2026-07-31 19:11:54,403 [ERROR] Engine:466 - C:\Users\USER\.stm32cubemx\thirdparties\pdsc\STMicroelectronics.X-CUBE-ST67W61.1.1.0.pdsc: PDSC version is not supported
2026-07-31 19:11:54,418 [ERROR] Engine:466 - C:\Users\USER\.stm32cubemx\thirdparties\pdsc\STMicroelectronics.FP-SNS-STAIOTCFT.1.1.0.pdsc: PDSC version is not supported
2026-07-31 19:11:54,468 [WARN] PackLoader:240 - Cannot read IP mode file for STMicroelectronics.X-CUBE-MEMS1.12.0.0
2026-07-31 19:11:54,564 [WARN] PackLoader:240 - Cannot read IP mode file for STMicroelectronics.X-CUBE-ALGOBUILD.1.3.0
2026-07-31 19:11:54,631 [WARN] PackLoader:240 - Cannot read IP mode file for STMicroelectronics.X-CUBE-MEMS1.11.2.0
2026-07-31 19:11:54,749 [WARN] PackLoader:240 - Cannot read IP mode file for STMicroelectronics.X-CUBE-AZRTOS-G0.1.1.0
2026-07-31 19:11:54,773 [WARN] PackLoader:240 - Cannot read IP mode file for STMicroelectronics.X-CUBE-SAFEA1.1.2.2
2026-07-31 19:11:54,798 [WARN] PackLoader:240 - Cannot read IP mode file for STMicroelectronics.X-CUBE-NFC4.3.0.0
2026-07-31 19:11:54,827 [WARN] PackLoader:240 - Cannot read IP mode file for EmbeddedOffice.I-CUBE-FS-RTOS.1.0.1
2026-07-31 19:11:54,828 [ERROR] ConditionMgr:805 - Attr not supported : Dmpu
2026-07-31 19:11:54,828 [ERROR] ConditionMgr:805 - Attr not supported : Dmpu
2026-07-31 19:11:54,828 [ERROR] ConditionMgr:805 - Attr not supported : Dmpu
2026-07-31 19:11:54,828 [ERROR] ConditionMgr:805 - Attr not supported : Dmpu
2026-07-31 19:11:54,828 [ERROR] ConditionMgr:805 - Attr not supported : Dmpu
2026-07-31 19:11:54,828 [ERROR] ConditionMgr:805 - Attr not supported : Dmpu
2026-07-31 19:11:54,828 [ERROR] ConditionMgr:805 - Attr not supported : Dmpu
2026-07-31 19:11:54,828 [ERROR] ConditionMgr:805 - Attr not supported : Dmpu
2026-07-31 19:11:54,828 [ERROR] ConditionMgr:805 - Attr not supported : Dmpu
2026-07-31 19:11:54,828 [ERROR] ConditionMgr:805 - Attr not supported : Dmpu
2026-07-31 19:11:54,828 [ERROR] ConditionMgr:805 - Attr not supported : Dmpu
2026-07-31 19:11:54,828 [ERROR] ConditionMgr:805 - Attr not supported : Dmpu
2026-07-31 19:11:54,828 [ERROR] ConditionMgr:805 - Attr not supported : Dmpu
2026-07-31 19:11:54,828 [ERROR] ConditionMgr:805 - Attr not supported : Dmpu
2026-07-31 19:11:54,829 [ERROR] ConditionMgr:805 - Attr not supported : Dmpu
2026-07-31 19:11:54,829 [ERROR] ConditionMgr:805 - Attr not supported : Dmpu
2026-07-31 19:11:54,829 [ERROR] ConditionMgr:805 - Attr not supported : Dmpu
2026-07-31 19:11:54,829 [ERROR] ConditionMgr:805 - Attr not supported : Dmpu
2026-07-31 19:11:54,829 [ERROR] ConditionMgr:805 - Attr not supported : Dmpu
2026-07-31 19:11:54,829 [ERROR] ConditionMgr:805 - Attr not supported : Dmpu
2026-07-31 19:11:54,829 [ERROR] ConditionMgr:805 - Attr not supported : Dmpu
2026-07-31 19:11:54,829 [ERROR] ConditionMgr:805 - Attr not supported : Dmpu
2026-07-31 19:11:54,829 [ERROR] ConditionMgr:805 - Attr not supported : Dmpu
2026-07-31 19:11:54,829 [ERROR] ConditionMgr:805 - Attr not supported : Dmpu
2026-07-31 19:11:54,829 [ERROR] ConditionMgr:805 - Attr not supported : Dmpu
2026-07-31 19:11:54,829 [ERROR] ConditionMgr:805 - Attr not supported : Dmpu
2026-07-31 19:11:54,829 [ERROR] ConditionMgr:805 - Attr not supported : Dmpu
2026-07-31 19:11:54,829 [ERROR] ConditionMgr:805 - Attr not supported : Dmpu
2026-07-31 19:11:54,829 [ERROR] ConditionMgr:805 - Attr not supported : Dmpu
2026-07-31 19:11:54,829 [ERROR] ConditionMgr:805 - Attr not supported : Dmpu
2026-07-31 19:11:54,829 [ERROR] ConditionMgr:805 - Attr not supported : Dmpu
2026-07-31 19:11:54,829 [ERROR] ConditionMgr:805 - Attr not supported : Dmpu
2026-07-31 19:11:54,829 [ERROR] ConditionMgr:805 - Attr not supported : Dmpu
2026-07-31 19:11:54,829 [ERROR] ConditionMgr:805 - Attr not supported : Dmpu
2026-07-31 19:11:54,830 [ERROR] ConditionMgr:805 - Attr not supported : Dmpu
2026-07-31 19:11:54,830 [ERROR] ConditionMgr:805 - Attr not supported : Dmpu
2026-07-31 19:11:54,830 [ERROR] ConditionMgr:805 - Attr not supported : Dmpu
2026-07-31 19:11:54,830 [ERROR] ConditionMgr:805 - Attr not supported : Dmpu
2026-07-31 19:11:54,830 [ERROR] ConditionMgr:805 - Attr not supported : Dmpu
2026-07-31 19:11:54,830 [ERROR] ConditionMgr:805 - Attr not supported : Dmpu
2026-07-31 19:11:54,830 [ERROR] ConditionMgr:805 - Attr not supported : Dmpu
2026-07-31 19:11:54,830 [ERROR] ConditionMgr:805 - Attr not supported : Dmpu
2026-07-31 19:11:54,830 [ERROR] ConditionMgr:805 - Attr not supported : Dmpu
2026-07-31 19:11:54,830 [ERROR] ConditionMgr:805 - Attr not supported : Dmpu
2026-07-31 19:11:54,830 [ERROR] ConditionMgr:805 - Attr not supported : Dmpu
2026-07-31 19:11:54,830 [ERROR] ConditionMgr:805 - Attr not supported : Dmpu
2026-07-31 19:11:54,830 [ERROR] ConditionMgr:805 - Attr not supported : Dmpu
2026-07-31 19:11:54,830 [ERROR] ConditionMgr:805 - Attr not supported : Dmpu
2026-07-31 19:11:54,830 [ERROR] ConditionMgr:805 - Attr not supported : Dmpu
2026-07-31 19:11:54,831 [ERROR] ConditionMgr:805 - Attr not supported : Dmpu
2026-07-31 19:11:54,831 [ERROR] ConditionMgr:805 - Attr not supported : Dmpu
2026-07-31 19:11:54,831 [ERROR] ConditionMgr:805 - Attr not supported : Dmpu
2026-07-31 19:11:54,831 [ERROR] ConditionMgr:805 - Attr not supported : Dmpu
2026-07-31 19:11:54,831 [ERROR] ConditionMgr:805 - Attr not supported : Dmpu
2026-07-31 19:11:54,831 [ERROR] ConditionMgr:805 - Attr not supported : Dmpu
2026-07-31 19:11:54,831 [ERROR] ConditionMgr:805 - Attr not supported : Dmpu
2026-07-31 19:11:54,831 [ERROR] ConditionMgr:805 - Attr not supported : Dmpu
2026-07-31 19:11:54,831 [ERROR] ConditionMgr:805 - Attr not supported : Dmpu
2026-07-31 19:11:54,831 [ERROR] ConditionMgr:805 - Attr not supported : Dmpu
2026-07-31 19:11:54,831 [ERROR] ConditionMgr:805 - Attr not supported : Dmpu
2026-07-31 19:11:54,831 [ERROR] ConditionMgr:805 - Attr not supported : Dmpu
2026-07-31 19:11:54,831 [ERROR] ConditionMgr:805 - Attr not supported : Dmpu
2026-07-31 19:11:54,831 [ERROR] ConditionMgr:805 - Attr not supported : Dmpu
2026-07-31 19:11:54,831 [ERROR] ConditionMgr:805 - Attr not supported : Dmpu
2026-07-31 19:11:54,895 [WARN] PackLoader:240 - Cannot read IP mode file for STMicroelectronics.X-CUBE-WB05N.2.0.0
2026-07-31 19:11:54,918 [ERROR] Engine:466 - C:\Users\USER\.stm32cubemx\thirdparties\pdsc\STMicroelectronics.X-CUBE-TCPP.4.2.0.pdsc: PDSC version is not supported
2026-07-31 19:11:54,943 [WARN] PackLoader:240 - Cannot read IP mode file for RealThread.X-CUBE-RT-Thread_Nano.4.1.1
2026-07-31 19:11:54,964 [WARN] PackLoader:240 - Cannot read IP mode file for wolfSSL.I-CUBE-wolfSSL.5.7.0
2026-07-31 19:11:54,984 [WARN] PackLoader:240 - Cannot read IP mode file for STMicroelectronics.FP-ATR-SIGFOX1.3.2.0
2026-07-31 19:11:55,006 [WARN] ConditionMgr:438 - getConditionDescription Invalid condition id : Cortex-A Device cause : null
2026-07-31 19:11:55,039 [WARN] ConditionMgr:1039 - genDependencies : Invalid condition id : Cortex-A Device cause : null
2026-07-31 19:11:55,039 [WARN] ConditionMgr:1039 - genDependencies : Invalid condition id : Cortex-A Device cause : null
2026-07-31 19:11:55,039 [WARN] ConditionMgr:1039 - genDependencies : Invalid condition id : Cortex-A Device cause : null
2026-07-31 19:11:55,057 [WARN] PackLoader:240 - Cannot read IP mode file for STMicroelectronics.X-CUBE-EEPRMA1.5.1.0
2026-07-31 19:11:55,073 [ERROR] Engine:466 - C:\Users\USER\.stm32cubemx\thirdparties\pdsc\STMicroelectronics.X-CUBE-FREERTOS.1.5.0.pdsc: PDSC version is not supported
2026-07-31 19:11:55,096 [WARN] PackLoader:240 - Cannot read IP mode file for ITTIA_DB.I-CUBE-ITTIADB.8.9.0
2026-07-31 19:11:55,119 [WARN] PackLoader:240 - Cannot read IP mode file for STMicroelectronics.X-CUBE-NFC6.3.2.0
2026-07-31 19:11:55,136 [WARN] PackLoader:240 - Cannot read IP mode file for STMicroelectronics.X-CUBE-AI.10.2.1
2026-07-31 19:11:55,152 [WARN] PackLoader:240 - Cannot read IP mode file for STMicroelectronics.X-CUBE-AI.10.2.0
2026-07-31 19:11:55,193 [WARN] PackLoader:240 - Cannot read IP mode file for STMicroelectronics.X-CUBE-MEMS1.12.1.0
2026-07-31 19:11:55,277 [WARN] PackLoader:240 - Cannot read IP mode file for SEGGER.I-CUBE-embOS.1.3.1
2026-07-31 19:11:55,333 [WARN] PackLoader:240 - Cannot read IP mode file for STMicroelectronics.X-CUBE-ALGOBUILD.1.4.0
2026-07-31 19:11:55,350 [WARN] PackLoader:240 - Cannot read IP mode file for STMicroelectronics.X-CUBE-AI.9.1.0
2026-07-31 19:11:55,370 [WARN] PackLoader:240 - Cannot read IP mode file for STMicroelectronics.X-CUBE-NFC13.1.0.0
2026-07-31 19:11:55,388 [WARN] PackLoader:240 - Cannot read IP mode file for STMicroelectronics.X-CUBE-PM33A1.1.0.0
2026-07-31 19:11:55,407 [WARN] PackLoader:240 - Cannot read IP mode file for STMicroelectronics.X-CUBE-GNSS1.6.0.0
2026-07-31 19:11:55,439 [WARN] PackLoader:240 - Cannot read IP mode file for STMicroelectronics.X-CUBE-AZRTOS-F4.1.1.0
2026-07-31 19:11:55,457 [ERROR] Engine:466 - C:\Users\USER\.stm32cubemx\thirdparties\pdsc\Avnet-IotConnect.X-CUBE-IoTC-DA16k-PMOD.1.0.0.pdsc: PDSC version is not supported
2026-07-31 19:11:55,475 [WARN] PackLoader:240 - Cannot read IP mode file for STMicroelectronics.X-CUBE-ISPU.2.1.0
2026-07-31 19:11:55,493 [ERROR] Engine:466 - C:\Users\USER\.stm32cubemx\thirdparties\pdsc\STMicroelectronics.X-CUBE-IPS.3.2.0.pdsc: PDSC version is not supported
2026-07-31 19:11:55,508 [ERROR] Engine:466 - C:\Users\USER\.stm32cubemx\thirdparties\pdsc\STMicroelectronics.eDS-WB_DPC_TT-BIDIR.2.1.1.pdsc: PDSC version is not supported
2026-07-31 19:11:55,527 [WARN] PackLoader:240 - Cannot read IP mode file for STMicroelectronics.X-CUBE-FREERTOS.1.2.0
2026-07-31 19:11:55,545 [WARN] PackLoader:240 - Cannot read IP mode file for STMicroelectronics.X-CUBE-NFC12.1.0.0
2026-07-31 19:11:55,576 [WARN] PackLoader:240 - Cannot read IP mode file for STMicroelectronics.X-CUBE-AZRTOS-L5.2.0.0
2026-07-31 19:11:55,597 [WARN] PackLoader:240 - Cannot read IP mode file for STMicroelectronics.X-CUBE-NFC6.3.1.0
2026-07-31 19:11:55,616 [WARN] PackLoader:240 - Cannot read IP mode file for STMicroelectronics.X-CUBE-ALGOBUILD.1.5.0
2026-07-31 19:11:55,637 [WARN] PackLoader:240 - Cannot read IP mode file for STMicroelectronics.X-CUBE-DPower.1.2.0
2026-07-31 19:11:55,653 [ERROR] Engine:466 - C:\Users\USER\.stm32cubemx\thirdparties\pdsc\STMicroelectronics.eDS-WB_DPC_VIENNA.1.2.0.pdsc: PDSC version is not supported
2026-07-31 19:11:55,698 [WARN] PackLoader:240 - Cannot read IP mode file for STMicroelectronics.X-CUBE-MEMS1.13.0.0
2026-07-31 19:11:55,765 [ERROR] Engine:466 - C:\Users\USER\.stm32cubemx\thirdparties\pdsc\STMicroelectronics.eDS-WB_DPC_3PH2L-BIDIR.1.1.1.pdsc: PDSC version is not supported
2026-07-31 19:11:55,781 [WARN] PackLoader:240 - Cannot read IP mode file for STMicroelectronics.X-CUBE-AI.9.0.0
2026-07-31 19:11:55,797 [ERROR] Engine:466 - C:\Users\USER\.stm32cubemx\thirdparties\pdsc\STMicroelectronics.X-CUBE-ST67W61.1.3.0.pdsc: PDSC version is not supported
2026-07-31 19:11:55,813 [WARN] PackLoader:240 - Cannot read IP mode file for STMicroelectronics.X-CUBE-FREERTOS.1.3.1
2026-07-31 19:11:55,828 [WARN] PackLoader:240 - Cannot read IP mode file for STMicroelectronics.X-CUBE-FREERTOS.1.3.0
2026-07-31 19:11:55,846 [WARN] PackLoader:240 - Cannot read IP mode file for STMicroelectronics.X-CUBE-NFC7.1.0.1
2026-07-31 19:11:55,871 [WARN] PackLoader:240 - Cannot read IP mode file for STMicroelectronics.X-CUBE-TOUCHGFX.4.26.0
2026-07-31 19:11:56,050 [WARN] PackLoader:240 - Cannot read IP mode file for STMicroelectronics.X-CUBE-TOUCHGFX.4.26.1
2026-07-31 19:11:56,064 [ERROR] Engine:466 - C:\Users\USER\.stm32cubemx\thirdparties\pdsc\STMicroelectronics.FP-SNS-STAIOTCFT.1.0.0.pdsc: PDSC version is not supported
2026-07-31 19:11:56,081 [WARN] PackLoader:240 - Cannot read IP mode file for STMicroelectronics.X-CUBE-DPower.1.3.0
2026-07-31 19:11:56,125 [WARN] ConditionMgr:438 - getConditionDescription Invalid condition id : LAN8742 Phy interface Condition cause : null
2026-07-31 19:11:56,126 [WARN] PackLoader:240 - Cannot read IP mode file for STMicroelectronics.X-CUBE-AZRTOS-L4.2.0.0
2026-07-31 19:11:56,127 [WARN] ConditionMgr:1039 - genDependencies : Invalid condition id : LAN8742 Phy interface Condition cause : null
2026-07-31 19:11:56,127 [WARN] ConditionMgr:1039 - genDependencies : Invalid condition id : LAN8742 Phy interface Condition cause : null
2026-07-31 19:11:56,127 [WARN] ConditionMgr:1039 - genDependencies : Invalid condition id : LAN8742 Phy interface Condition cause : null
2026-07-31 19:11:56,146 [WARN] PackLoader:240 - Cannot read IP mode file for STMicroelectronics.X-CUBE-SFXS2LP1.4.0.0
2026-07-31 19:11:56,162 [WARN] PackLoader:240 - Cannot read IP mode file for STMicroelectronics.X-CUBE-WB05N.2.1.0
2026-07-31 19:11:56,177 [ERROR] Engine:466 - C:\Users\USER\.stm32cubemx\thirdparties\pdsc\STMicroelectronics.X-CUBE-ST67W61.1.2.0.pdsc: PDSC version is not supported
2026-07-31 19:11:56,208 [WARN] PackLoader:240 - Cannot read IP mode file for STMicroelectronics.X-CUBE-AZRTOS-H7.3.3.0
2026-07-31 19:11:56,224 [ERROR] Engine:466 - C:\Users\USER\.stm32cubemx\thirdparties\pdsc\STMicroelectronics.X-CUBE-BLEMGR.4.1.0.pdsc: PDSC version is not supported
2026-07-31 19:11:56,244 [WARN] PackLoader:240 - Cannot read IP mode file for STMicroelectronics.X-CUBE-IPS.3.0.0
2026-07-31 19:11:56,271 [WARN] ConditionMgr:438 - getConditionDescription Invalid condition id : UX DEVICE CLASS RTOS Condition cause : null
2026-07-31 19:11:56,272 [WARN] ConditionMgr:438 - getConditionDescription Invalid condition id : UX DEVICE CLASS RTOS Condition cause : null
2026-07-31 19:11:56,273 [WARN] PackLoader:240 - Cannot read IP mode file for STMicroelectronics.X-CUBE-AZRTOS-WB.2.0.0
2026-07-31 19:11:56,273 [WARN] ConditionMgr:1039 - genDependencies : Invalid condition id : UX DEVICE CLASS RTOS Condition cause : null
2026-07-31 19:11:56,273 [WARN] ConditionMgr:1039 - genDependencies : Invalid condition id : UX DEVICE CLASS RTOS Condition cause : null
2026-07-31 19:11:56,273 [WARN] ConditionMgr:1039 - genDependencies : Invalid condition id : UX DEVICE CLASS RTOS Condition cause : null
2026-07-31 19:11:56,273 [WARN] ConditionMgr:1039 - genDependencies : Invalid condition id : UX DEVICE CLASS RTOS Condition cause : null
2026-07-31 19:11:56,273 [WARN] ConditionMgr:1039 - genDependencies : Invalid condition id : UX DEVICE CLASS RTOS Condition cause : null
2026-07-31 19:11:56,289 [WARN] PackLoader:240 - Cannot read IP mode file for STMicroelectronics.X-CUBE-GNSS1.7.0.0
2026-07-31 19:11:56,304 [WARN] PackLoader:240 - Cannot read IP mode file for STMicroelectronics.X-CUBE-GNSS1.7.0.1
2026-07-31 19:11:56,319 [WARN] PackLoader:240 - Cannot read IP mode file for STMicroelectronics.X-CUBE-TOUCHGFX.4.25.0
2026-07-31 19:11:56,336 [WARN] PackLoader:240 - Cannot read IP mode file for STMicroelectronics.FP-SNS-STBOX1.2.0.0
2026-07-31 19:11:56,354 [WARN] PackLoader:240 - Cannot read IP mode file for STMicroelectronics.X-CUBE-STSE01.2.0.0
2026-07-31 19:11:56,375 [WARN] PackLoader:240 - Cannot read IP mode file for STMicroelectronics.X-CUBE-SUBG2.5.0.0
2026-07-31 19:11:56,407 [WARN] PackLoader:240 - Cannot read IP mode file for STMicroelectronics.X-CUBE-AZRTOS-H7RS.1.1.0
2026-07-31 19:11:56,426 [WARN] PackLoader:240 - Cannot read IP mode file for Cesanta.I-CUBE-Mongoose.7.13.0
2026-07-31 19:11:56,452 [WARN] PackLoader:240 - Cannot read IP mode file for STMicroelectronics.X-CUBE-AZRTOS-G4.2.0.0
2026-07-31 19:11:56,468 [WARN] PackLoader:240 - Cannot read IP mode file for STMicroelectronics.X-CUBE-NFC7.2.0.0
2026-07-31 19:11:56,484 [WARN] PackLoader:240 - Cannot read IP mode file for STMicroelectronics.X-CUBE-ISPU.2.0.0
2026-07-31 19:11:56,500 [ERROR] Engine:466 - C:\Users\USER\.stm32cubemx\thirdparties\pdsc\STMicroelectronics.X-CUBE-IPS.3.1.0.pdsc: PDSC version is not supported
2026-07-31 19:11:56,514 [ERROR] Engine:466 - C:\Users\USER\.stm32cubemx\thirdparties\pdsc\STMicroelectronics.X-CUBE-BLEMGR.4.2.0.pdsc: PDSC version is not supported
2026-07-31 19:11:56,529 [WARN] PackLoader:240 - Cannot read IP mode file for STMicroelectronics.X-CUBE-ALS.1.0.2
2026-07-31 19:11:56,562 [WARN] PackLoader:240 - Cannot read IP mode file for STMicroelectronics.X-CUBE-MEMS1.10.0.0
2026-07-31 19:11:56,643 [WARN] PackLoader:240 - Cannot read IP mode file for STMicroelectronics.X-CUBE-FREERTOS.1.1.0
2026-07-31 19:11:56,660 [WARN] PackLoader:240 - Cannot read IP mode file for STMicroelectronics.X-CUBE-TOUCHGFX.4.24.2
2026-07-31 19:11:56,679 [WARN] PackLoader:240 - Cannot read IP mode file for STMicroelectronics.X-CUBE-TOUCHGFX.4.24.1
2026-07-31 19:11:56,697 [WARN] PackLoader:240 - Cannot read IP mode file for STMicroelectronics.X-CUBE-STSE01.1.0.0
2026-07-31 19:11:56,714 [WARN] PackLoader:240 - Cannot read IP mode file for wolfSSL.I-CUBE-wolfTPM.3.4.0
2026-07-31 19:11:56,732 [WARN] PackLoader:240 - Cannot read IP mode file for portGmbH.I-Cube-SoM-uGOAL.1.1.0
2026-07-31 19:11:56,747 [WARN] PackLoader:240 - Cannot read IP mode file for STMicroelectronics.X-CUBE-ALS.1.0.1
2026-07-31 19:11:56,776 [WARN] PackLoader:240 - Cannot read IP mode file for STMicroelectronics.X-CUBE-AZRTOS-H7RS.1.0.0
2026-07-31 19:11:56,791 [WARN] PackLoader:240 - Cannot read IP mode file for STMicroelectronics.FP-ATR-ASTRA1.2.0.0
2026-07-31 19:11:56,816 [WARN] PackLoader:240 - Cannot read IP mode file for STMicroelectronics.X-CUBE-TOF1.3.4.2
2026-07-31 19:11:56,937 [ERROR] Engine:466 - C:\Users\USER\.stm32cubemx\thirdparties\pdsc\STMicroelectronics.X-CUBE-TOF1.3.4.3.pdsc: PDSC version is not supported
2026-07-31 19:11:56,960 [WARN] PackLoader:240 - Cannot read IP mode file for STMicroelectronics.X-CUBE-TOF1.3.4.1
2026-07-31 19:11:56,994 [WARN] PackLoader:240 - Cannot read IP mode file for STMicroelectronics.X-CUBE-AZRTOS-H7.3.2.0
2026-07-31 19:11:57,023 [WARN] PackLoader:240 - Cannot read IP mode file for Infineon.AIROC-Wi-Fi-Bluetooth-STM32.1.6.0
2026-07-31 19:11:57,048 [WARN] PackLoader:240 - Cannot read IP mode file for wolfSSL.I-CUBE-wolfSSH.1.4.17
2026-07-31 19:11:57,048 [INFO] ThirdParty:978 - Integrity check success = true
2026-07-31 19:11:57,048 [INFO] IntegrityCheckThread:100 - exiting critical section [integrity check]
2026-07-31 19:11:57,048 [INFO] IntegrityCheckThread:103 - End integrity checks thread
2026-07-31 19:11:57,168 [INFO] Mcu:2021 - Initializing MCU STM32F411C(C-E)Ux STM32F411CEUx STM32F411CEU6
2026-07-31 19:11:59,170 [INFO] Context:663 - Trying to add GPIOservice into a context  which must be forbidden
2026-07-31 19:11:59,821 [INFO] RtosManager:555 - Registered RTOS mode: class=CMSIS, group=RTOS, mode=CMSIS_V1, owner=FREERTOS
2026-07-31 19:11:59,821 [INFO] RtosManager:555 - Registered RTOS mode: class=CMSIS, group=RTOS2, mode=CMSIS_V2, owner=FREERTOS
2026-07-31 19:11:59,821 [INFO] RtosManager:555 - Registered RTOS mode: class=RTOS, group=Core, mode=CMSIS_V1, owner=FREERTOS
2026-07-31 19:11:59,821 [INFO] RtosManager:555 - Registered RTOS mode: class=RTOS, group=Core, mode=CMSIS_V2, owner=FREERTOS
2026-07-31 19:11:59,822 [WARN] ModelIntegratedComponent:184 - Missing modes for component STMicroelectronics:FreeRTOS:0.0.1:STMicroelectronics:RTOS:FreeRTOS:Core:::10.2.0:
2026-07-31 19:11:59,881 [WARN] ModelIntegratedComponent:63 - No mode defined for component null
2026-07-31 19:11:59,881 [WARN] ModelIntegratedComponent:63 - No mode defined for component null
2026-07-31 19:11:59,881 [WARN] ModelIntegratedComponent:63 - No mode defined for component null
2026-07-31 19:11:59,881 [WARN] ModelIntegratedComponent:63 - No mode defined for component null
2026-07-31 19:11:59,881 [WARN] ModelIntegratedComponent:63 - No mode defined for component null
2026-07-31 19:11:59,881 [WARN] ModelIntegratedComponent:63 - No mode defined for component null
2026-07-31 19:11:59,881 [WARN] ModelIntegratedComponent:63 - No mode defined for component null
2026-07-31 19:11:59,881 [WARN] ModelIntegratedComponent:63 - No mode defined for component null
2026-07-31 19:11:59,881 [WARN] ModelIntegratedComponent:63 - No mode defined for component null
2026-07-31 19:11:59,881 [WARN] ModelIntegratedComponent:63 - No mode defined for component null
2026-07-31 19:11:59,881 [WARN] ModelIntegratedComponent:63 - No mode defined for component null
2026-07-31 19:11:59,881 [WARN] ModelIntegratedComponent:63 - No mode defined for component null
2026-07-31 19:11:59,881 [WARN] ModelIntegratedComponent:63 - No mode defined for component null
2026-07-31 19:11:59,881 [WARN] ModelIntegratedComponent:63 - No mode defined for component null
2026-07-31 19:11:59,881 [WARN] ModelIntegratedComponent:63 - No mode defined for component null
2026-07-31 19:11:59,881 [WARN] ModelIntegratedComponent:63 - No mode defined for component null
2026-07-31 19:11:59,881 [WARN] ModelIntegratedComponent:63 - No mode defined for component null
2026-07-31 19:11:59,881 [WARN] ModelIntegratedComponent:63 - No mode defined for component null
2026-07-31 19:11:59,881 [WARN] ModelIntegratedComponent:63 - No mode defined for component null
2026-07-31 19:11:59,882 [WARN] ModelIntegratedComponent:63 - No mode defined for component null
2026-07-31 19:11:59,882 [WARN] ModelIntegratedComponent:63 - No mode defined for component null
2026-07-31 19:11:59,882 [WARN] ModelIntegratedComponent:63 - No mode defined for component null
2026-07-31 19:11:59,882 [WARN] ModelIntegratedComponent:63 - No mode defined for component null
2026-07-31 19:11:59,882 [WARN] ModelIntegratedComponent:63 - No mode defined for component null
2026-07-31 19:11:59,882 [WARN] ModelIntegratedComponent:63 - No mode defined for component null
2026-07-31 19:11:59,882 [WARN] ModelIntegratedComponent:63 - No mode defined for component null
2026-07-31 19:11:59,882 [WARN] ModelIntegratedComponent:63 - No mode defined for component null
2026-07-31 19:11:59,882 [WARN] ModelIntegratedComponent:63 - No mode defined for component null
2026-07-31 19:11:59,882 [WARN] ModelIntegratedComponent:63 - No mode defined for component null
2026-07-31 19:11:59,882 [WARN] ModelIntegratedComponent:63 - No mode defined for component null
2026-07-31 19:11:59,882 [WARN] ModelIntegratedComponent:63 - No mode defined for component null
2026-07-31 19:11:59,882 [WARN] ModelIntegratedComponent:63 - No mode defined for component null
2026-07-31 19:11:59,882 [WARN] ModelIntegratedComponent:63 - No mode defined for component null
2026-07-31 19:11:59,882 [WARN] ModelIntegratedComponent:63 - No mode defined for component null
2026-07-31 19:11:59,986 [WARN] ModelIntegratedComponent:182 - Modes not found for component STMicroelectronics:USB_DEVICE:1.0.0:STMicroelectronics:USB::USB Device:Audio HS::1.0:USB_DEVICE_1_0_RESTRICTED_HS
2026-07-31 19:11:59,986 [WARN] ModelIntegratedComponent:188 - Modes not found for component STMicroelectronics:USB_DEVICE:1.0.0:STMicroelectronics:USB::USB Device:Audio HS::1.0:USB_DEVICE_1_0_RESTRICTED_HS
2026-07-31 19:11:59,986 [WARN] ModelIntegratedComponent:182 - Modes not found for component STMicroelectronics:USB_DEVICE:1.0.0:STMicroelectronics:USB::USB Device:CDC HS::1.0:USB_DEVICE_1_0_RESTRICTED_HS
2026-07-31 19:11:59,986 [WARN] ModelIntegratedComponent:188 - Modes not found for component STMicroelectronics:USB_DEVICE:1.0.0:STMicroelectronics:USB::USB Device:CDC HS::1.0:USB_DEVICE_1_0_RESTRICTED_HS
2026-07-31 19:11:59,987 [WARN] ModelIntegratedComponent:182 - Modes not found for component STMicroelectronics:USB_DEVICE:1.0.0:STMicroelectronics:USB::USB Device:DFU HS::1.0:USB_DEVICE_1_0_RESTRICTED_HS
2026-07-31 19:11:59,987 [WARN] ModelIntegratedComponent:188 - Modes not found for component STMicroelectronics:USB_DEVICE:1.0.0:STMicroelectronics:USB::USB Device:DFU HS::1.0:USB_DEVICE_1_0_RESTRICTED_HS
2026-07-31 19:11:59,987 [WARN] ModelIntegratedComponent:182 - Modes not found for component STMicroelectronics:USB_DEVICE:1.0.0:STMicroelectronics:USB::USB Device:HID HS::1.0:USB_DEVICE_1_0_RESTRICTED_HS
2026-07-31 19:11:59,987 [WARN] ModelIntegratedComponent:188 - Modes not found for component STMicroelectronics:USB_DEVICE:1.0.0:STMicroelectronics:USB::USB Device:HID HS::1.0:USB_DEVICE_1_0_RESTRICTED_HS
2026-07-31 19:11:59,987 [WARN] ModelIntegratedComponent:182 - Modes not found for component STMicroelectronics:USB_DEVICE:1.0.0:STMicroelectronics:USB::USB Device:Custom HID HS::1.0:USB_DEVICE_1_0_RESTRICTED_HS
2026-07-31 19:11:59,987 [WARN] ModelIntegratedComponent:188 - Modes not found for component STMicroelectronics:USB_DEVICE:1.0.0:STMicroelectronics:USB::USB Device:Custom HID HS::1.0:USB_DEVICE_1_0_RESTRICTED_HS
2026-07-31 19:11:59,987 [WARN] ModelIntegratedComponent:182 - Modes not found for component STMicroelectronics:USB_DEVICE:1.0.0:STMicroelectronics:USB::USB Device:MSC HS::1.0:USB_DEVICE_1_0_RESTRICTED_HS
2026-07-31 19:11:59,987 [WARN] ModelIntegratedComponent:188 - Modes not found for component STMicroelectronics:USB_DEVICE:1.0.0:STMicroelectronics:USB::USB Device:MSC HS::1.0:USB_DEVICE_1_0_RESTRICTED_HS
2026-07-31 19:12:00,085 [WARN] ModelIntegratedComponent:182 - Modes not found for component STMicroelectronics:USB_HOST:1.0.0:STMicroelectronics:USB::USB Host:Audio HS::1.0:USB_HOST_1_0_RESTRICTED_HS
2026-07-31 19:12:00,086 [WARN] ModelIntegratedComponent:188 - Modes not found for component STMicroelectronics:USB_HOST:1.0.0:STMicroelectronics:USB::USB Host:Audio HS::1.0:USB_HOST_1_0_RESTRICTED_HS
2026-07-31 19:12:00,086 [WARN] ModelIntegratedComponent:182 - Modes not found for component STMicroelectronics:USB_HOST:1.0.0:STMicroelectronics:USB::USB Host:CDC HS::1.0:USB_HOST_1_0_RESTRICTED_HS
2026-07-31 19:12:00,086 [WARN] ModelIntegratedComponent:188 - Modes not found for component STMicroelectronics:USB_HOST:1.0.0:STMicroelectronics:USB::USB Host:CDC HS::1.0:USB_HOST_1_0_RESTRICTED_HS
2026-07-31 19:12:00,086 [WARN] ModelIntegratedComponent:182 - Modes not found for component STMicroelectronics:USB_HOST:1.0.0:STMicroelectronics:USB::USB Host:MSC HS::1.0:USB_HOST_1_0_RESTRICTED_HS
2026-07-31 19:12:00,086 [WARN] ModelIntegratedComponent:188 - Modes not found for component STMicroelectronics:USB_HOST:1.0.0:STMicroelectronics:USB::USB Host:MSC HS::1.0:USB_HOST_1_0_RESTRICTED_HS
2026-07-31 19:12:00,086 [WARN] ModelIntegratedComponent:182 - Modes not found for component STMicroelectronics:USB_HOST:1.0.0:STMicroelectronics:USB::USB Host:HID HS::1.0:USB_HOST_1_0_RESTRICTED_HS
2026-07-31 19:12:00,086 [WARN] ModelIntegratedComponent:188 - Modes not found for component STMicroelectronics:USB_HOST:1.0.0:STMicroelectronics:USB::USB Host:HID HS::1.0:USB_HOST_1_0_RESTRICTED_HS
2026-07-31 19:12:00,086 [WARN] ModelIntegratedComponent:182 - Modes not found for component STMicroelectronics:USB_HOST:1.0.0:STMicroelectronics:USB::USB Host:MTP HS::1.0:USB_HOST_1_0_RESTRICTED_HS
2026-07-31 19:12:00,086 [WARN] ModelIntegratedComponent:188 - Modes not found for component STMicroelectronics:USB_HOST:1.0.0:STMicroelectronics:USB::USB Host:MTP HS::1.0:USB_HOST_1_0_RESTRICTED_HS
2026-07-31 19:12:00,225 [INFO] ThirdPartyModel:298 - Start build external matchings
2026-07-31 19:12:02,345 [INFO] ThirdPartyModel:316 - End build external matchings
2026-07-31 19:12:02,400 [INFO] RtosManager:919 - Current active RTOS is FREERTOS [Cortex-M4NS]
2026-07-31 19:12:02,413 [INFO] ImportTextPane:194 - (OptionalMessage_ERROR) IP (DMA) : Parameter (Instance) has Id (USART1_RX) currently not set
2026-07-31 19:12:02,413 [INFO] ImportTextPane:194 - (OptionalMessage_ERROR) IP (DMA) : Parameter (Channel) has Id (USART1_RX) currently not set
2026-07-31 19:12:02,413 [INFO] ImportTextPane:194 - (OptionalMessage_ERROR) IP (DMA) : Parameter (Direction) has Id (USART1_RX) currently not set
2026-07-31 19:12:02,413 [INFO] ImportTextPane:194 - (OptionalMessage_ERROR) IP (DMA) : Parameter (PeriphInc) has Id (USART1_RX) currently not set
2026-07-31 19:12:02,413 [INFO] ImportTextPane:194 - (OptionalMessage_ERROR) IP (DMA) : Parameter (MemInc) has Id (USART1_RX) currently not set
2026-07-31 19:12:02,413 [INFO] ImportTextPane:194 - (OptionalMessage_ERROR) IP (DMA) : Parameter (PeriphDataAlignment) has Id (USART1_RX) currently not set
2026-07-31 19:12:02,414 [INFO] ImportTextPane:194 - (OptionalMessage_ERROR) IP (DMA) : Parameter (MemDataAlignment) has Id (USART1_RX) currently not set
2026-07-31 19:12:02,414 [INFO] ImportTextPane:194 - (OptionalMessage_ERROR) IP (DMA) : Parameter (Mode) has Id (USART1_RX) currently not set
2026-07-31 19:12:02,414 [INFO] ImportTextPane:194 - (OptionalMessage_ERROR) IP (DMA) : Parameter (Priority) has Id (USART1_RX) currently not set
2026-07-31 19:12:02,415 [INFO] ImportTextPane:194 - (OptionalMessage_ERROR) IP (DMA) : Parameter (FIFOMode) has Id (USART1_RX) currently not set
2026-07-31 19:12:02,415 [INFO] ImportTextPane:194 - (OptionalMessage_ERROR) IP (DMA) : Parameter (Instance) has Id (USART1_TX) currently not set
2026-07-31 19:12:02,415 [INFO] ImportTextPane:194 - (OptionalMessage_ERROR) IP (DMA) : Parameter (Channel) has Id (USART1_TX) currently not set
2026-07-31 19:12:02,415 [INFO] ImportTextPane:194 - (OptionalMessage_ERROR) IP (DMA) : Parameter (Direction) has Id (USART1_TX) currently not set
2026-07-31 19:12:02,415 [INFO] ImportTextPane:194 - (OptionalMessage_ERROR) IP (DMA) : Parameter (PeriphInc) has Id (USART1_TX) currently not set
2026-07-31 19:12:02,416 [INFO] ImportTextPane:194 - (OptionalMessage_ERROR) IP (DMA) : Parameter (MemInc) has Id (USART1_TX) currently not set
2026-07-31 19:12:02,416 [INFO] ImportTextPane:194 - (OptionalMessage_ERROR) IP (DMA) : Parameter (PeriphDataAlignment) has Id (USART1_TX) currently not set
2026-07-31 19:12:02,416 [INFO] ImportTextPane:194 - (OptionalMessage_ERROR) IP (DMA) : Parameter (MemDataAlignment) has Id (USART1_TX) currently not set
2026-07-31 19:12:02,416 [INFO] ImportTextPane:194 - (OptionalMessage_ERROR) IP (DMA) : Parameter (Mode) has Id (USART1_TX) currently not set
2026-07-31 19:12:02,416 [INFO] ImportTextPane:194 - (OptionalMessage_ERROR) IP (DMA) : Parameter (Priority) has Id (USART1_TX) currently not set
2026-07-31 19:12:02,416 [INFO] ImportTextPane:194 - (OptionalMessage_ERROR) IP (DMA) : Parameter (FIFOMode) has Id (USART1_TX) currently not set
2026-07-31 19:12:02,416 [INFO] ImportTextPane:194 - (OptionalMessage_ERROR) IP (DMA) : Parameter (Instance) has Id (ADC1) currently not set
2026-07-31 19:12:02,416 [INFO] ImportTextPane:194 - (OptionalMessage_ERROR) IP (DMA) : Parameter (Channel) has Id (ADC1) currently not set
2026-07-31 19:12:02,416 [INFO] ImportTextPane:194 - (OptionalMessage_ERROR) IP (DMA) : Parameter (Direction) has Id (ADC1) currently not set
2026-07-31 19:12:02,417 [INFO] ImportTextPane:194 - (OptionalMessage_ERROR) IP (DMA) : Parameter (PeriphInc) has Id (ADC1) currently not set
2026-07-31 19:12:02,417 [INFO] ImportTextPane:194 - (OptionalMessage_ERROR) IP (DMA) : Parameter (MemInc) has Id (ADC1) currently not set
2026-07-31 19:12:02,417 [INFO] ImportTextPane:194 - (OptionalMessage_ERROR) IP (DMA) : Parameter (PeriphDataAlignment) has Id (ADC1) currently not set
2026-07-31 19:12:02,417 [INFO] ImportTextPane:194 - (OptionalMessage_ERROR) IP (DMA) : Parameter (MemDataAlignment) has Id (ADC1) currently not set
2026-07-31 19:12:02,417 [INFO] ImportTextPane:194 - (OptionalMessage_ERROR) IP (DMA) : Parameter (Mode) has Id (ADC1) currently not set
2026-07-31 19:12:02,417 [INFO] ImportTextPane:194 - (OptionalMessage_ERROR) IP (DMA) : Parameter (Priority) has Id (ADC1) currently not set
2026-07-31 19:12:02,417 [INFO] ImportTextPane:194 - (OptionalMessage_ERROR) IP (DMA) : Parameter (FIFOMode) has Id (ADC1) currently not set
2026-07-31 19:12:02,423 [INFO] ImportTextPane:194 - (OptionalMessage_ERROR) IP (FREERTOS) : Invalid parameter (Events01)
2026-07-31 19:12:02,425 [INFO] ImportTextPane:194 - (OptionalMessage_ERROR) IP (RCC) : Parameter (RTCHSEDivFreq_Value) has invalid value (12500000)
2026-07-31 19:12:02,997 [INFO] ApiDb:581 - Connected to CubeFinder SQLite database (C:\Users\USER\.stmcufinder\plugins\mcufinder\mcu\cube-finder-db.db)
2026-07-31 19:12:03,153 [INFO] ApiDb:668 - CubeFinder database Data Model version=2.1
2026-07-31 19:12:03,153 [INFO] ApiDb:669 - CubeFinder database Configuration version=3.0.39
2026-07-31 19:12:03,154 [INFO] ApiDb:670 - CubeFinder database generation date=2025-12-22 (1766407740)
2026-07-31 19:12:03,154 [INFO] ApiDb:671 - CubeFinder database FW Pack versions=[FP-ATR-ASTRA1_V2.0.0, FP-SNS-FLIGHT1_V5.1.0, FP-SNS-MOTENV1_V5.1.0, FP-SNS-MOTENVWB1_V1.4.0, FP-SNS-SMARTAG2_V1.2.0, FP-SNS-STBOX1_V2.1.0, STM32Cube_FW_C0_V1.4.0, STM32Cube_FW_F4_V1.28.3, STM32Cube_FW_F7_V1.17.4, STM32Cube_FW_G0_V1.6.2, STM32Cube_FW_G4_V1.6.1, STM32Cube_FW_H5_V1.5.1, STM32Cube_FW_H7RS_V1.3.0, STM32Cube_FW_H7_V1.12.1, STM32Cube_FW_L0_V1.12.2, STM32Cube_FW_L4_V1.18.1, STM32Cube_FW_L5_V1.6.0, STM32Cube_FW_N6_V1.3.0, STM32Cube_FW_U0_V1.3.0, STM32Cube_FW_U3_V1.2.1, STM32Cube_FW_U5_V1.8.0, STM32Cube_FW_WB0_V1.4.0, STM32Cube_FW_WBA_V1.8.0, STM32Cube_FW_WB_V1.24.0, STM32Cube_FW_WL3_V1.3.0, STM32Cube_FW_WL_V1.4.0, X-CUBE-ALGOBUILD_V1.4.0, X-CUBE-ALS_V1.0.2, X-CUBE-AZRTOS-F4_V1.1.0, X-CUBE-AZRTOS-F7_V1.1.0, X-CUBE-AZRTOS-G0_V1.1.0, X-CUBE-AZRTOS-G4_V2.0.0, X-CUBE-AZRTOS-H7RS_V1.1.0, X-CUBE-AZRTOS-H7_V3.4.0, X-CUBE-AZRTOS-L4_V2.0.0, X-CUBE-AZRTOS-L5_V2.0.0, X-CUBE-AZRTOS-WB_V2.0.0, X-CUBE-AZRTOS-WL_V2.0.0, X-CUBE-BLE1_V7.1.0, X-CUBE-BLE2_V3.3.0, X-CUBE-BLEMGR_V4.1.0, X-CUBE-EEPRMA1_V5.2.0, X-CUBE-FREERTOS_V1.3.1, X-CUBE-GNSS1_V6.0.0, X-CUBE-MEMS1_V12.0.0, X-CUBE-NFC4_V3.0.0, X-CUBE-NFC7_V2.0.0, X-CUBE-SFXS2LP1_V4.0.0, X-CUBE-ST67W61_V1.1.0, X-CUBE-SUBG2_V5.0.0, X-CUBE-TOF1_V3.4.3]
2026-07-31 19:12:03,307 [INFO] DbBoardsSqlite:226 - include board P-NUCLEO-WB55-NUCLEO as a kit item of type 'Nucleo-64'
2026-07-31 19:12:03,307 [INFO] DbBoardsSqlite:226 - include board P-NUCLEO-WB55-USBDONGLE as a kit item of type 'Nucleo USB Dongle'
2026-07-31 19:12:03,309 [INFO] DbBoardsSqlite:226 - include board STEVAL-IDP005V1 as a kit item of type 'Evaluation Board'
2026-07-31 19:12:03,309 [INFO] DbBoardsSqlite:226 - include board STEVAL-IDP005V2 as a kit item of type 'Evaluation Board'
2026-07-31 19:12:03,964 [INFO] ApiDb:240 - Found 483 in-development CPN: [B-G473E-ZEST1S, B-WB1M-WPAN1, B-WL5M-SUBG1, NUCLEO-C031C6, NUCLEO-H503RB, NUCLEO-H533RE, NUCLEO-H563ZI, NUCLEO-H7S3L8, NUCLEO-U031R8, NUCLEO-U083RC, NUCLEO-U545RE-Q, NUCLEO-U5A5ZJ-Q, NUCLEO-WBA52CG, NUCLEO-WBA55CG, STEVAL-PROTEUS1, STEVAL-SMARTAG2, STEVAL-STWINBX1, STM320518-EVAL, STM32C0116-DK, STM32C011D6Y3TR, STM32C011D6Y6TR, STM32C011F4P3, STM32C011F4P6, STM32C011F4U3, STM32C011F4U6TR, STM32C011F6P3, STM32C011F6P6, STM32C011F6U3, STM32C011F6U6TR, STM32C011J4M3, STM32C011J4M6, STM32C011J6M3, STM32C011J6M6, STM32C0316-DK, STM32C031C4T3, STM32C031C4T6, STM32C031C4U3, STM32C031C4U6, STM32C031C6T3, STM32C031C6T6, STM32C031C6U3, STM32C031C6U6, STM32C031F4P3, STM32C031F4P6, STM32C031F6P3, STM32C031F6P6, STM32C031G4U3, STM32C031G4U6, STM32C031G6U3, STM32C031G6U6, STM32C031K4T3, STM32C031K4T6, STM32C031K4U3, STM32C031K4U6, STM32C031K6T3, STM32C031K6T6, STM32C031K6U3, STM32C031K6U6, STM32G071K8TXN, STM32G071K8UXN, STM32G081GBU6N, STM32G081KBT6N, STM32G081KBUXN, STM32G0B1CCT6N, STM32G0B1KCT6, STM32G0B1NEY6TR, STM32G0B1RCT6N, STM32G0C1CCT6, STM32G0C1CCT6N, STM32G0C1CCU6N, STM32G0C1CET6N, STM32G0C1CEU6N, STM32G0C1KCT6, STM32G0C1NEY6TR, STM32G0C1RCI6N, STM32G0C1RCT6N, STM32G0C1REI6N, STM32G0C1RET6N, STM32G0C1VCI6, STM32G0C1VEI6, STM32G471CCT6, STM32G471CCU6, STM32G471CET3, STM32G471CET6, STM32G471CEU3, STM32G471CEU6, STM32G471MCT6, STM32G471MET3, STM32G471MET6, STM32G471MEY6TR, STM32G471QCT6, STM32G471QET3, STM32G471RCT6, STM32G471RET3, STM32G471RET6, STM32G471VCH6, STM32G471VCI6, STM32G471VCT6, STM32G471VEH3, STM32G471VEH6, STM32G471VEI3, STM32G471VEI6, STM32G471VET3, STM32G471VET6, STM32G474CCT6, STM32H503CBT6, STM32H503CBU6, STM32H503EBY6TR, STM32H503KBU6, STM32H503RBT6, STM32H523CCT6, STM32H523CCU6, STM32H523CET6, STM32H523CEU6, STM32H523HEY6TR, STM32H523RCT6, STM32H523RET6, STM32H523VCI6, STM32H523VCT6, STM32H523VEI6, STM32H523VET6, STM32H523ZCJ6, STM32H523ZCT6, STM32H523ZEJ6, STM32H523ZET6, STM32H533CET6, STM32H533CEU6, STM32H533HEY6TR, STM32H533RET6, STM32H533VEI6, STM32H533VET6, STM32H533ZEJ6, STM32H533ZET6, STM32H562AGI6, STM32H562AII6, STM32H562IGK6, STM32H562IGT6, STM32H562IIK6, STM32H562IIT6, STM32H562RGT6, STM32H562RGV6, STM32H562RIT6, STM32H562RIV6, STM32H562VGT6, STM32H562VIT6, STM32H562ZGT6, STM32H562ZIT6, STM32H563AGI6, STM32H563AII3Q, STM32H563AII6, STM32H563IGK6, STM32H563IGT6, STM32H563IIK3Q, STM32H563IIK6, STM32H563IIT3Q, STM32H563IIT6, STM32H563MIY3QTR, STM32H563RGT6, STM32H563RGV6, STM32H563RIT6, STM32H563RIV6, STM32H563VGT6, STM32H563VIT3Q, STM32H563VIT6, STM32H563ZGT6, STM32H563ZIT3Q, STM32H563ZIT6, STM32H573AII3Q, STM32H573AII6, STM32H573I-DK, STM32H573IIK3Q, STM32H573IIK6, STM32H573IIT3Q, STM32H573IIT6, STM32H573MIY3QTR, STM32H573RIT6, STM32H573RIV6, STM32H573VIT3Q, STM32H573VIT6, STM32H573ZIT3Q, STM32H573ZIT6, STM32H7R3A8I6, STM32H7R3I8K6, STM32H7R3I8T6, STM32H7R3L8H6, STM32H7R3L8H6H, STM32H7R3R8V6, STM32H7R3V8H6, STM32H7R3V8T6, STM32H7R3V8Y6, STM32H7R3Z8J6, STM32H7R3Z8T6, STM32H7R7A8I6, STM32H7R7I8K6, STM32H7R7I8T6, STM32H7R7L8H6, STM32H7R7L8H6H, STM32H7R7Z8J6, STM32H7S3A8I6, STM32H7S3I8K6, STM32H7S3I8T6, STM32H7S3L8H6, STM32H7S3L8H6H, STM32H7S3R8V6, STM32H7S3V8H6, STM32H7S3V8T6, STM32H7S3V8Y6, STM32H7S3Z8J6, STM32H7S3Z8T6, STM32H7S78-DK, STM32H7S7A8I6, STM32H7S7I8K6, STM32H7S7I8T6, STM32H7S7L8H6, STM32H7S7L8H6H, STM32H7S7Z8J6, STM32L4R5QGI6STR, STM32MP131AAE3, STM32MP131AAF3, STM32MP131AAG3, STM32MP131CAE3, STM32MP131CAF3, STM32MP131CAG3, STM32MP131DAE7, STM32MP131DAF7, STM32MP131DAG7, STM32MP131FAE7, STM32MP131FAF7, STM32MP131FAG7, STM32MP133AAE3, STM32MP133AAF3, STM32MP133AAG3, STM32MP133CAE3, STM32MP133CAF3, STM32MP133CAG3, STM32MP133DAE7, STM32MP133DAF7, STM32MP133DAG7, STM32MP133FAE7, STM32MP133FAF7, STM32MP133FAG7, STM32MP135AAE3, STM32MP135AAF3, STM32MP135AAG3, STM32MP135CAE3, STM32MP135CAF3, STM32MP135CAG3, STM32MP135DAE7, STM32MP135DAF7, STM32MP135DAG7, STM32MP135F-DK, STM32MP135FAE7, STM32MP135FAF7, STM32MP135FAF7T, STM32MP135FAF7U, STM32MP135FAG7, STM32U031C6T6, STM32U031C6U6, STM32U031C8T6, STM32U031C8U6, STM32U031F4P6, STM32U031F6P6, STM32U031F8P6, STM32U031G6Y6TR, STM32U031G8Y6TR, STM32U031K4U6, STM32U031K6U6, STM32U031K8U6, STM32U031R6I6, STM32U031R6T6, STM32U031R8I6, STM32U031R8T6, STM32U073C8T6, STM32U073C8U6, STM32U073CBT6, STM32U073CBU6, STM32U073CCT6, STM32U073CCU6, STM32U073H8Y6TR, STM32U073HBY6TR, STM32U073HCY6TR, STM32U073K8U6, STM32U073KBU6, STM32U073KCU6, STM32U073M8I6, STM32U073M8T6, STM32U073MBI6, STM32U073MBT6, STM32U073MCI6, STM32U073MCT6, STM32U073R8I6, STM32U073R8T6, STM32U073RBI6, STM32U073RBT6, STM32U073RCI6, STM32U073RCT6, STM32U083C-DK, STM32U083CCT6, STM32U083CCU6, STM32U083HCY6TR, STM32U083KCU6, STM32U083MCI6, STM32U083MCT6, STM32U083RCI6, STM32U083RCT6, STM32U535CBT6, STM32U535CBT6Q, STM32U535CBU6, STM32U535CBU6Q, STM32U535CCT6, STM32U535CCT6Q, STM32U535CCU6, STM32U535CCU6Q, STM32U535CET6, STM32U535CET6Q, STM32U535CEU6, STM32U535CEU6Q, STM32U535JEY6QTR, STM32U535NCY6QTR, STM32U535NEY6QTR, STM32U535RBI6, STM32U535RBI6Q, STM32U535RBT6, STM32U535RBT6Q, STM32U535RCI6, STM32U535RCI6Q, STM32U535RCT6, STM32U535RCT6Q, STM32U535REI6, STM32U535REI6Q, STM32U535RET6, STM32U535RET6Q, STM32U535VCI6, STM32U535VCI6Q, STM32U535VCT6, STM32U535VCT6Q, STM32U535VEI6, STM32U535VEI6Q, STM32U535VET6, STM32U535VET6Q, STM32U545CET6, STM32U545CET6Q, STM32U545CEU6, STM32U545CEU6Q, STM32U545JEY6QTR, STM32U545NEY6QTR, STM32U545REI6, STM32U545REI6Q, STM32U545RET6, STM32U545RET6Q, STM32U545VEI6, STM32U545VEI6Q, STM32U545VET6, STM32U545VET6Q, STM32U595AIH6, STM32U595AIH6Q, STM32U595AJH6, STM32U595AJH6Q, STM32U595QII6, STM32U595QII6Q, STM32U595QJI6, STM32U595QJI6Q, STM32U595RIT6, STM32U595RIT6Q, STM32U595RJT6, STM32U595RJT6Q, STM32U595VIT6, STM32U595VIT6Q, STM32U595VJT6, STM32U595VJT6Q, STM32U595ZIT6, STM32U595ZIT6Q, STM32U595ZIY6QTR, STM32U595ZJT6, STM32U595ZJT6Q, STM32U595ZJY6QTR, STM32U599BJY6QTR, STM32U599NIH6Q, STM32U599NJH6Q, STM32U599VIT6Q, STM32U599VJT6, STM32U599VJT6Q, STM32U599ZIT6Q, STM32U599ZIY6QTR, STM32U599ZJT6Q, STM32U599ZJY6QTR, STM32U5A5AJH6, STM32U5A5AJH6Q, STM32U5A5QII3Q , STM32U5A5QJI6, STM32U5A5QJI6Q, STM32U5A5RJT6, STM32U5A5RJT6Q, STM32U5A5VJT6, STM32U5A5VJT6Q, STM32U5A5ZJT6, STM32U5A5ZJT6Q, STM32U5A5ZJY6QTR, STM32U5A9BJY6QTR, STM32U5A9J-DK, STM32U5A9NJH6Q, STM32U5A9VJT6Q, STM32U5A9ZJT6Q, STM32U5A9ZJY6QTR, STM32U5F7VIT6, STM32U5F7VIT6Q, STM32U5F7VJT6, STM32U5F7VJT6Q, STM32U5F9BJY6QTR, STM32U5F9NJH6Q, STM32U5F9VIT6Q, STM32U5F9VJT6Q, STM32U5F9ZIJ6QTR, STM32U5F9ZIT6Q, STM32U5F9ZJJ6QTR, STM32U5F9ZJT6Q, STM32U5G7VJT6, STM32U5G7VJT6Q, STM32U5G9BJY6QTR, STM32U5G9J-DK1, STM32U5G9J-DK2, STM32U5G9NJH6Q, STM32U5G9VJT6Q, STM32U5G9ZJJ6QTR, STM32U5G9ZJT6Q, STM32WB1MMCH6, STM32WBA50KEU6, STM32WBA50KEU6TR, STM32WBA50KGU6, STM32WBA50KGU6TR, STM32WBA52CEU6, STM32WBA52CEU6TR, STM32WBA52CEU7, STM32WBA52CEU7TR, STM32WBA52CGU6, STM32WBA52CGU6TR, STM32WBA52CGU6U, STM32WBA52CGU7, STM32WBA52CGU7TR, STM32WBA52KEU6, STM32WBA52KEU6TR, STM32WBA52KGU6, STM32WBA52KGU6TR, STM32WBA54CEU6, STM32WBA54CEU6TR, STM32WBA54CEU7, STM32WBA54CEU7TR, STM32WBA54CGU6, STM32WBA54CGU6TR, STM32WBA54CGU7, STM32WBA54CGU7TR, STM32WBA54KEU6, STM32WBA54KEU6TR, STM32WBA54KEU7, STM32WBA54KEU7TR, STM32WBA54KGU6, STM32WBA54KGU6TR, STM32WBA54KGU7, STM32WBA54KGU7TR, STM32WBA55CEU6, STM32WBA55CEU6TR, STM32WBA55CEU7, STM32WBA55CEU7TR, STM32WBA55CGU6, STM32WBA55CGU6TR, STM32WBA55CGU6U, STM32WBA55CGU7, STM32WBA55CGU7TR, STM32WBA55G-DK1, STM32WBA55HEF6, STM32WBA55HEF7, STM32WBA55HGF6, STM32WBA55HGF7, STM32WBA55UEI6, STM32WBA55UEI6TR, STM32WBA55UEI7, STM32WBA55UEI7TR, STM32WBA55UGI6, STM32WBA55UGI6TR, STM32WBA55UGI7, STM32WBA55UGI7TR, STM32WL5MOCH6, STM32WL5MOCH6TR]
2026-07-31 19:12:03,967 [INFO] ApiDb:668 - CubeFinder database Data Model version=2.1
2026-07-31 19:12:03,967 [INFO] ApiDb:669 - CubeFinder database Configuration version=3.0.39
2026-07-31 19:12:03,967 [INFO] ApiDb:670 - CubeFinder database generation date=2025-12-22 (1766407740)
2026-07-31 19:12:03,967 [INFO] ApiDb:671 - CubeFinder database FW Pack versions=[FP-ATR-ASTRA1_V2.0.0, FP-SNS-FLIGHT1_V5.1.0, FP-SNS-MOTENV1_V5.1.0, FP-SNS-MOTENVWB1_V1.4.0, FP-SNS-SMARTAG2_V1.2.0, FP-SNS-STBOX1_V2.1.0, STM32Cube_FW_C0_V1.4.0, STM32Cube_FW_F4_V1.28.3, STM32Cube_FW_F7_V1.17.4, STM32Cube_FW_G0_V1.6.2, STM32Cube_FW_G4_V1.6.1, STM32Cube_FW_H5_V1.5.1, STM32Cube_FW_H7RS_V1.3.0, STM32Cube_FW_H7_V1.12.1, STM32Cube_FW_L0_V1.12.2, STM32Cube_FW_L4_V1.18.1, STM32Cube_FW_L5_V1.6.0, STM32Cube_FW_N6_V1.3.0, STM32Cube_FW_U0_V1.3.0, STM32Cube_FW_U3_V1.2.1, STM32Cube_FW_U5_V1.8.0, STM32Cube_FW_WB0_V1.4.0, STM32Cube_FW_WBA_V1.8.0, STM32Cube_FW_WB_V1.24.0, STM32Cube_FW_WL3_V1.3.0, STM32Cube_FW_WL_V1.4.0, X-CUBE-ALGOBUILD_V1.4.0, X-CUBE-ALS_V1.0.2, X-CUBE-AZRTOS-F4_V1.1.0, X-CUBE-AZRTOS-F7_V1.1.0, X-CUBE-AZRTOS-G0_V1.1.0, X-CUBE-AZRTOS-G4_V2.0.0, X-CUBE-AZRTOS-H7RS_V1.1.0, X-CUBE-AZRTOS-H7_V3.4.0, X-CUBE-AZRTOS-L4_V2.0.0, X-CUBE-AZRTOS-L5_V2.0.0, X-CUBE-AZRTOS-WB_V2.0.0, X-CUBE-AZRTOS-WL_V2.0.0, X-CUBE-BLE1_V7.1.0, X-CUBE-BLE2_V3.3.0, X-CUBE-BLEMGR_V4.1.0, X-CUBE-EEPRMA1_V5.2.0, X-CUBE-FREERTOS_V1.3.1, X-CUBE-GNSS1_V6.0.0, X-CUBE-MEMS1_V12.0.0, X-CUBE-NFC4_V3.0.0, X-CUBE-NFC7_V2.0.0, X-CUBE-SFXS2LP1_V4.0.0, X-CUBE-ST67W61_V1.1.0, X-CUBE-SUBG2_V5.0.0, X-CUBE-TOF1_V3.4.3]
2026-07-31 19:12:05,866 [INFO] ApiDb:240 - Found 483 in-development CPN: [B-G473E-ZEST1S, B-WB1M-WPAN1, B-WL5M-SUBG1, NUCLEO-C031C6, NUCLEO-H503RB, NUCLEO-H533RE, NUCLEO-H563ZI, NUCLEO-H7S3L8, NUCLEO-U031R8, NUCLEO-U083RC, NUCLEO-U545RE-Q, NUCLEO-U5A5ZJ-Q, NUCLEO-WBA52CG, NUCLEO-WBA55CG, STEVAL-PROTEUS1, STEVAL-SMARTAG2, STEVAL-STWINBX1, STM320518-EVAL, STM32C0116-DK, STM32C011D6Y3TR, STM32C011D6Y6TR, STM32C011F4P3, STM32C011F4P6, STM32C011F4U3, STM32C011F4U6TR, STM32C011F6P3, STM32C011F6P6, STM32C011F6U3, STM32C011F6U6TR, STM32C011J4M3, STM32C011J4M6, STM32C011J6M3, STM32C011J6M6, STM32C0316-DK, STM32C031C4T3, STM32C031C4T6, STM32C031C4U3, STM32C031C4U6, STM32C031C6T3, STM32C031C6T6, STM32C031C6U3, STM32C031C6U6, STM32C031F4P3, STM32C031F4P6, STM32C031F6P3, STM32C031F6P6, STM32C031G4U3, STM32C031G4U6, STM32C031G6U3, STM32C031G6U6, STM32C031K4T3, STM32C031K4T6, STM32C031K4U3, STM32C031K4U6, STM32C031K6T3, STM32C031K6T6, STM32C031K6U3, STM32C031K6U6, STM32G071K8TXN, STM32G071K8UXN, STM32G081GBU6N, STM32G081KBT6N, STM32G081KBUXN, STM32G0B1CCT6N, STM32G0B1KCT6, STM32G0B1NEY6TR, STM32G0B1RCT6N, STM32G0C1CCT6, STM32G0C1CCT6N, STM32G0C1CCU6N, STM32G0C1CET6N, STM32G0C1CEU6N, STM32G0C1KCT6, STM32G0C1NEY6TR, STM32G0C1RCI6N, STM32G0C1RCT6N, STM32G0C1REI6N, STM32G0C1RET6N, STM32G0C1VCI6, STM32G0C1VEI6, STM32G471CCT6, STM32G471CCU6, STM32G471CET3, STM32G471CET6, STM32G471CEU3, STM32G471CEU6, STM32G471MCT6, STM32G471MET3, STM32G471MET6, STM32G471MEY6TR, STM32G471QCT6, STM32G471QET3, STM32G471RCT6, STM32G471RET3, STM32G471RET6, STM32G471VCH6, STM32G471VCI6, STM32G471VCT6, STM32G471VEH3, STM32G471VEH6, STM32G471VEI3, STM32G471VEI6, STM32G471VET3, STM32G471VET6, STM32G474CCT6, STM32H503CBT6, STM32H503CBU6, STM32H503EBY6TR, STM32H503KBU6, STM32H503RBT6, STM32H523CCT6, STM32H523CCU6, STM32H523CET6, STM32H523CEU6, STM32H523HEY6TR, STM32H523RCT6, STM32H523RET6, STM32H523VCI6, STM32H523VCT6, STM32H523VEI6, STM32H523VET6, STM32H523ZCJ6, STM32H523ZCT6, STM32H523ZEJ6, STM32H523ZET6, STM32H533CET6, STM32H533CEU6, STM32H533HEY6TR, STM32H533RET6, STM32H533VEI6, STM32H533VET6, STM32H533ZEJ6, STM32H533ZET6, STM32H562AGI6, STM32H562AII6, STM32H562IGK6, STM32H562IGT6, STM32H562IIK6, STM32H562IIT6, STM32H562RGT6, STM32H562RGV6, STM32H562RIT6, STM32H562RIV6, STM32H562VGT6, STM32H562VIT6, STM32H562ZGT6, STM32H562ZIT6, STM32H563AGI6, STM32H563AII3Q, STM32H563AII6, STM32H563IGK6, STM32H563IGT6, STM32H563IIK3Q, STM32H563IIK6, STM32H563IIT3Q, STM32H563IIT6, STM32H563MIY3QTR, STM32H563RGT6, STM32H563RGV6, STM32H563RIT6, STM32H563RIV6, STM32H563VGT6, STM32H563VIT3Q, STM32H563VIT6, STM32H563ZGT6, STM32H563ZIT3Q, STM32H563ZIT6, STM32H573AII3Q, STM32H573AII6, STM32H573I-DK, STM32H573IIK3Q, STM32H573IIK6, STM32H573IIT3Q, STM32H573IIT6, STM32H573MIY3QTR, STM32H573RIT6, STM32H573RIV6, STM32H573VIT3Q, STM32H573VIT6, STM32H573ZIT3Q, STM32H573ZIT6, STM32H7R3A8I6, STM32H7R3I8K6, STM32H7R3I8T6, STM32H7R3L8H6, STM32H7R3L8H6H, STM32H7R3R8V6, STM32H7R3V8H6, STM32H7R3V8T6, STM32H7R3V8Y6, STM32H7R3Z8J6, STM32H7R3Z8T6, STM32H7R7A8I6, STM32H7R7I8K6, STM32H7R7I8T6, STM32H7R7L8H6, STM32H7R7L8H6H, STM32H7R7Z8J6, STM32H7S3A8I6, STM32H7S3I8K6, STM32H7S3I8T6, STM32H7S3L8H6, STM32H7S3L8H6H, STM32H7S3R8V6, STM32H7S3V8H6, STM32H7S3V8T6, STM32H7S3V8Y6, STM32H7S3Z8J6, STM32H7S3Z8T6, STM32H7S78-DK, STM32H7S7A8I6, STM32H7S7I8K6, STM32H7S7I8T6, STM32H7S7L8H6, STM32H7S7L8H6H, STM32H7S7Z8J6, STM32L4R5QGI6STR, STM32MP131AAE3, STM32MP131AAF3, STM32MP131AAG3, STM32MP131CAE3, STM32MP131CAF3, STM32MP131CAG3, STM32MP131DAE7, STM32MP131DAF7, STM32MP131DAG7, STM32MP131FAE7, STM32MP131FAF7, STM32MP131FAG7, STM32MP133AAE3, STM32MP133AAF3, STM32MP133AAG3, STM32MP133CAE3, STM32MP133CAF3, STM32MP133CAG3, STM32MP133DAE7, STM32MP133DAF7, STM32MP133DAG7, STM32MP133FAE7, STM32MP133FAF7, STM32MP133FAG7, STM32MP135AAE3, STM32MP135AAF3, STM32MP135AAG3, STM32MP135CAE3, STM32MP135CAF3, STM32MP135CAG3, STM32MP135DAE7, STM32MP135DAF7, STM32MP135DAG7, STM32MP135F-DK, STM32MP135FAE7, STM32MP135FAF7, STM32MP135FAF7T, STM32MP135FAF7U, STM32MP135FAG7, STM32U031C6T6, STM32U031C6U6, STM32U031C8T6, STM32U031C8U6, STM32U031F4P6, STM32U031F6P6, STM32U031F8P6, STM32U031G6Y6TR, STM32U031G8Y6TR, STM32U031K4U6, STM32U031K6U6, STM32U031K8U6, STM32U031R6I6, STM32U031R6T6, STM32U031R8I6, STM32U031R8T6, STM32U073C8T6, STM32U073C8U6, STM32U073CBT6, STM32U073CBU6, STM32U073CCT6, STM32U073CCU6, STM32U073H8Y6TR, STM32U073HBY6TR, STM32U073HCY6TR, STM32U073K8U6, STM32U073KBU6, STM32U073KCU6, STM32U073M8I6, STM32U073M8T6, STM32U073MBI6, STM32U073MBT6, STM32U073MCI6, STM32U073MCT6, STM32U073R8I6, STM32U073R8T6, STM32U073RBI6, STM32U073RBT6, STM32U073RCI6, STM32U073RCT6, STM32U083C-DK, STM32U083CCT6, STM32U083CCU6, STM32U083HCY6TR, STM32U083KCU6, STM32U083MCI6, STM32U083MCT6, STM32U083RCI6, STM32U083RCT6, STM32U535CBT6, STM32U535CBT6Q, STM32U535CBU6, STM32U535CBU6Q, STM32U535CCT6, STM32U535CCT6Q, STM32U535CCU6, STM32U535CCU6Q, STM32U535CET6, STM32U535CET6Q, STM32U535CEU6, STM32U535CEU6Q, STM32U535JEY6QTR, STM32U535NCY6QTR, STM32U535NEY6QTR, STM32U535RBI6, STM32U535RBI6Q, STM32U535RBT6, STM32U535RBT6Q, STM32U535RCI6, STM32U535RCI6Q, STM32U535RCT6, STM32U535RCT6Q, STM32U535REI6, STM32U535REI6Q, STM32U535RET6, STM32U535RET6Q, STM32U535VCI6, STM32U535VCI6Q, STM32U535VCT6, STM32U535VCT6Q, STM32U535VEI6, STM32U535VEI6Q, STM32U535VET6, STM32U535VET6Q, STM32U545CET6, STM32U545CET6Q, STM32U545CEU6, STM32U545CEU6Q, STM32U545JEY6QTR, STM32U545NEY6QTR, STM32U545REI6, STM32U545REI6Q, STM32U545RET6, STM32U545RET6Q, STM32U545VEI6, STM32U545VEI6Q, STM32U545VET6, STM32U545VET6Q, STM32U595AIH6, STM32U595AIH6Q, STM32U595AJH6, STM32U595AJH6Q, STM32U595QII6, STM32U595QII6Q, STM32U595QJI6, STM32U595QJI6Q, STM32U595RIT6, STM32U595RIT6Q, STM32U595RJT6, STM32U595RJT6Q, STM32U595VIT6, STM32U595VIT6Q, STM32U595VJT6, STM32U595VJT6Q, STM32U595ZIT6, STM32U595ZIT6Q, STM32U595ZIY6QTR, STM32U595ZJT6, STM32U595ZJT6Q, STM32U595ZJY6QTR, STM32U599BJY6QTR, STM32U599NIH6Q, STM32U599NJH6Q, STM32U599VIT6Q, STM32U599VJT6, STM32U599VJT6Q, STM32U599ZIT6Q, STM32U599ZIY6QTR, STM32U599ZJT6Q, STM32U599ZJY6QTR, STM32U5A5AJH6, STM32U5A5AJH6Q, STM32U5A5QII3Q , STM32U5A5QJI6, STM32U5A5QJI6Q, STM32U5A5RJT6, STM32U5A5RJT6Q, STM32U5A5VJT6, STM32U5A5VJT6Q, STM32U5A5ZJT6, STM32U5A5ZJT6Q, STM32U5A5ZJY6QTR, STM32U5A9BJY6QTR, STM32U5A9J-DK, STM32U5A9NJH6Q, STM32U5A9VJT6Q, STM32U5A9ZJT6Q, STM32U5A9ZJY6QTR, STM32U5F7VIT6, STM32U5F7VIT6Q, STM32U5F7VJT6, STM32U5F7VJT6Q, STM32U5F9BJY6QTR, STM32U5F9NJH6Q, STM32U5F9VIT6Q, STM32U5F9VJT6Q, STM32U5F9ZIJ6QTR, STM32U5F9ZIT6Q, STM32U5F9ZJJ6QTR, STM32U5F9ZJT6Q, STM32U5G7VJT6, STM32U5G7VJT6Q, STM32U5G9BJY6QTR, STM32U5G9J-DK1, STM32U5G9J-DK2, STM32U5G9NJH6Q, STM32U5G9VJT6Q, STM32U5G9ZJJ6QTR, STM32U5G9ZJT6Q, STM32WB1MMCH6, STM32WBA50KEU6, STM32WBA50KEU6TR, STM32WBA50KGU6, STM32WBA50KGU6TR, STM32WBA52CEU6, STM32WBA52CEU6TR, STM32WBA52CEU7, STM32WBA52CEU7TR, STM32WBA52CGU6, STM32WBA52CGU6TR, STM32WBA52CGU6U, STM32WBA52CGU7, STM32WBA52CGU7TR, STM32WBA52KEU6, STM32WBA52KEU6TR, STM32WBA52KGU6, STM32WBA52KGU6TR, STM32WBA54CEU6, STM32WBA54CEU6TR, STM32WBA54CEU7, STM32WBA54CEU7TR, STM32WBA54CGU6, STM32WBA54CGU6TR, STM32WBA54CGU7, STM32WBA54CGU7TR, STM32WBA54KEU6, STM32WBA54KEU6TR, STM32WBA54KEU7, STM32WBA54KEU7TR, STM32WBA54KGU6, STM32WBA54KGU6TR, STM32WBA54KGU7, STM32WBA54KGU7TR, STM32WBA55CEU6, STM32WBA55CEU6TR, STM32WBA55CEU7, STM32WBA55CEU7TR, STM32WBA55CGU6, STM32WBA55CGU6TR, STM32WBA55CGU6U, STM32WBA55CGU7, STM32WBA55CGU7TR, STM32WBA55G-DK1, STM32WBA55HEF6, STM32WBA55HEF7, STM32WBA55HGF6, STM32WBA55HGF7, STM32WBA55UEI6, STM32WBA55UEI6TR, STM32WBA55UEI7, STM32WBA55UEI7TR, STM32WBA55UGI6, STM32WBA55UGI6TR, STM32WBA55UGI7, STM32WBA55UGI7TR, STM32WL5MOCH6, STM32WL5MOCH6TR]
2026-07-31 19:12:05,870 [INFO] DbMcus:218 - Found 4816 MCUs, 4816 are supported
2026-07-31 19:12:05,872 [INFO] ApiDb:423 - Load user favorites file C:\Users\USER/.stm32cubeide/favorites.mcus.txt: 0 item(s)
2026-07-31 19:12:05,872 [INFO] ApiDb:427 - User favorites MCUs=[]
2026-07-31 19:12:05,872 [INFO] DbMcus:224 - Set 0 / 0 favorites MCUs
2026-07-31 19:12:06,228 [INFO] BoardInfo:889 - No configuration file found for board B-WBA5M-WPAN
2026-07-31 19:12:06,229 [INFO] DbBoards:161 - Board is not supported: B-WBA5M-WPAN
2026-07-31 19:12:06,232 [INFO] BoardInfo:889 - No configuration file found for board NUCLEO-C051C8
2026-07-31 19:12:06,232 [INFO] DbBoards:161 - Board is not supported: NUCLEO-C051C8
2026-07-31 19:12:06,233 [INFO] BoardInfo:889 - No configuration file found for board NUCLEO-C071RB
2026-07-31 19:12:06,234 [INFO] DbBoards:161 - Board is not supported: NUCLEO-C071RB
2026-07-31 19:12:06,235 [INFO] BoardInfo:889 - No configuration file found for board NUCLEO-C092RC
2026-07-31 19:12:06,235 [INFO] DbBoards:161 - Board is not supported: NUCLEO-C092RC
2026-07-31 19:12:06,299 [INFO] BoardInfo:889 - No configuration file found for board NUCLEO-N657X0-Q
2026-07-31 19:12:06,299 [INFO] DbBoards:161 - Board is not supported: NUCLEO-N657X0-Q
2026-07-31 19:12:06,303 [INFO] BoardInfo:889 - No configuration file found for board NUCLEO-U385RG-Q
2026-07-31 19:12:06,303 [INFO] DbBoards:161 - Board is not supported: NUCLEO-U385RG-Q
2026-07-31 19:12:06,307 [INFO] BoardInfo:889 - No configuration file found for board NUCLEO-WB05KZ
2026-07-31 19:12:06,307 [INFO] DbBoards:161 - Board is not supported: NUCLEO-WB05KZ
2026-07-31 19:12:06,308 [INFO] BoardInfo:889 - No configuration file found for board NUCLEO-WB07CC
2026-07-31 19:12:06,309 [INFO] DbBoards:161 - Board is not supported: NUCLEO-WB07CC
2026-07-31 19:12:06,310 [INFO] BoardInfo:889 - No configuration file found for board NUCLEO-WB09KE
2026-07-31 19:12:06,310 [INFO] DbBoards:161 - Board is not supported: NUCLEO-WB09KE
2026-07-31 19:12:06,315 [INFO] BoardInfo:889 - No configuration file found for board NUCLEO-WBA65RI
2026-07-31 19:12:06,315 [INFO] DbBoards:161 - Board is not supported: NUCLEO-WBA65RI
2026-07-31 19:12:06,316 [INFO] BoardInfo:889 - No configuration file found for board NUCLEO-WL33CC1
2026-07-31 19:12:06,317 [INFO] DbBoards:161 - Board is not supported: NUCLEO-WL33CC1
2026-07-31 19:12:06,318 [INFO] BoardInfo:889 - No configuration file found for board NUCLEO-WL33CC2
2026-07-31 19:12:06,318 [INFO] DbBoards:161 - Board is not supported: NUCLEO-WL33CC2
2026-07-31 19:12:06,323 [INFO] BoardInfo:889 - No configuration file found for board P-NUCLEO-WB55
2026-07-31 19:12:06,324 [INFO] DbBoards:161 - Kit is not supported: P-NUCLEO-WB55
2026-07-31 19:12:06,328 [INFO] BoardInfo:889 - No configuration file found for board STEVAL-BFA001V1B
2026-07-31 19:12:06,328 [INFO] DbBoards:161 - Kit is not supported: STEVAL-BFA001V1B
2026-07-31 19:12:06,329 [INFO] BoardInfo:889 - No configuration file found for board STEVAL-BFA001V2B
2026-07-31 19:12:06,330 [INFO] DbBoards:161 - Kit is not supported: STEVAL-BFA001V2B
2026-07-31 19:12:06,430 [INFO] BoardInfo:889 - No configuration file found for board STM32MP257F-DK
2026-07-31 19:12:06,430 [INFO] DbBoards:161 - Board is not supported: STM32MP257F-DK
2026-07-31 19:12:06,431 [INFO] BoardInfo:889 - No configuration file found for board STM32MP257F-EV1
2026-07-31 19:12:06,431 [INFO] DbBoards:161 - Board is not supported: STM32MP257F-EV1
2026-07-31 19:12:06,432 [INFO] BoardInfo:889 - No configuration file found for board STM32N6570-DK
2026-07-31 19:12:06,432 [INFO] DbBoards:161 - Board is not supported: STM32N6570-DK
2026-07-31 19:12:06,440 [INFO] BoardInfo:889 - No configuration file found for board STM32WBA65I-DK1
2026-07-31 19:12:06,440 [INFO] DbBoards:161 - Board is not supported: STM32WBA65I-DK1
2026-07-31 19:12:06,441 [INFO] DbBoards:168 - Found 211 boards, 192 are supported
2026-07-31 19:12:06,441 [INFO] DbBoards:169 - Found 211 boards, 8 of them is supported for  Bsp
2026-07-31 19:12:06,444 [INFO] ApiDb:423 - Load user favorites file C:\Users\USER/.stm32cubeide/favorites.boards.txt: 0 item(s)
2026-07-31 19:12:06,444 [INFO] ApiDb:427 - User favorites Boards=[]
2026-07-31 19:12:06,444 [INFO] DbBoards:198 - Set 0 / 0 favorites Boards
2026-07-31 19:12:06,554 [INFO] UtilMem:75 - End LoadConfig() Used Memory: 891055272 Bytes (1073741824)
2026-07-31 19:12:06,718 [WARN] ThirdParty:833 - waiting for thirdparty lock release [change project]
2026-07-31 19:12:06,718 [INFO] ThirdParty:835 - entering critical section [change project]
2026-07-31 19:12:06,718 [INFO] ThirdParty:1030 - CMSIS Pack Vendor :STMicroelectronics X-CUBE-AZRTOS-H7 3.5.0
2026-07-31 19:12:06,718 [INFO] ThirdParty:1030 - CMSIS Pack Vendor :STMicroelectronics X-CUBE-PM33A1 1.0.0
2026-07-31 19:12:06,718 [INFO] ThirdParty:1030 - CMSIS Pack Vendor :STMicroelectronics USBPD 4.1
2026-07-31 19:12:06,719 [INFO] ThirdParty:1030 - CMSIS Pack Vendor :STMicroelectronics X-CUBE-GNSS1 6.0.0
2026-07-31 19:12:06,719 [INFO] ThirdParty:1030 - CMSIS Pack Vendor :STMicroelectronics USB_HOST 2.0.0
2026-07-31 19:12:06,719 [INFO] ThirdParty:1030 - CMSIS Pack Vendor :STMicroelectronics FP-SNS-MOTENVWB1 1.4.0
2026-07-31 19:12:06,719 [INFO] ThirdParty:1030 - CMSIS Pack Vendor :STMicroelectronics FP-ATR-ASTRA1 2.0.3
2026-07-31 19:12:06,719 [INFO] ThirdParty:1030 - CMSIS Pack Vendor :STMicroelectronics X-CUBE-AZRTOS-F4 1.1.0
2026-07-31 19:12:06,719 [INFO] ThirdParty:1030 - CMSIS Pack Vendor :STMicroelectronics LIBJPEG 8.0.0
2026-07-31 19:12:06,719 [INFO] ThirdParty:1030 - CMSIS Pack Vendor :STMicroelectronics FP-ATR-ASTRA1 2.0.2
2026-07-31 19:12:06,719 [INFO] ThirdParty:1030 - CMSIS Pack Vendor :STMicroelectronics FP-ATR-ASTRA1 2.0.1
2026-07-31 19:12:06,719 [INFO] ThirdParty:1030 - CMSIS Pack Vendor :STMicroelectronics X-CUBE-SMBUS 2.1.0
2026-07-31 19:12:06,719 [INFO] ThirdParty:1030 - CMSIS Pack Vendor :STMicroelectronics X-CUBE-WB05N 1.1.0
2026-07-31 19:12:06,719 [INFO] ThirdParty:1030 - CMSIS Pack Vendor :STMicroelectronics X-CUBE-ISPU 2.1.0
2026-07-31 19:12:06,719 [INFO] ThirdParty:1030 - CMSIS Pack Vendor :STMicroelectronics X-CUBE-FREERTOS 1.2.0
2026-07-31 19:12:06,719 [INFO] ThirdParty:1030 - CMSIS Pack Vendor :STMicroelectronics X-CUBE-NFC12 1.0.0
2026-07-31 19:12:06,719 [INFO] ThirdParty:1030 - CMSIS Pack Vendor :STMicroelectronics X-CUBE-TOUCHGFX 4.23.2
2026-07-31 19:12:06,719 [INFO] ThirdParty:1030 - CMSIS Pack Vendor :STMicroelectronics X-CUBE-AZRTOS-F7 1.1.0
2026-07-31 19:12:06,719 [INFO] ThirdParty:1030 - CMSIS Pack Vendor :STMicroelectronics X-CUBE-AZRTOS-L5 2.0.0
2026-07-31 19:12:06,719 [INFO] ThirdParty:1030 - CMSIS Pack Vendor :STMicroelectronics USB_DEVICE 2.0.0
2026-07-31 19:12:06,719 [INFO] ThirdParty:1030 - CMSIS Pack Vendor :STMicroelectronics X-CUBE-NFC6 3.1.0
2026-07-31 19:12:06,719 [INFO] ThirdParty:1030 - CMSIS Pack Vendor :STMicroelectronics X-CUBE-MEMS1 11.0.0
2026-07-31 19:12:06,719 [INFO] ThirdParty:1030 - CMSIS Pack Vendor :STMicroelectronics X-CUBE-ALGOBUILD 1.5.0
2026-07-31 19:12:06,719 [INFO] ThirdParty:1030 - CMSIS Pack Vendor :STMicroelectronics FreeRTOS 0.0.1
2026-07-31 19:12:06,719 [INFO] ThirdParty:1030 - CMSIS Pack Vendor :STMicroelectronics X-CUBE-AZRTOS-H7RS 1.3.0
2026-07-31 19:12:06,719 [INFO] ThirdParty:1030 - CMSIS Pack Vendor :STMicroelectronics X-CUBE-DPower 1.2.0
2026-07-31 19:12:06,719 [INFO] ThirdParty:1030 - CMSIS Pack Vendor :STMicroelectronics X-CUBE-MEMS1 13.0.0
2026-07-31 19:12:06,719 [INFO] ThirdParty:1030 - CMSIS Pack Vendor :STMicroelectronics FP-SNS-FLIGHT1 5.0.2
2026-07-31 19:12:06,719 [INFO] ThirdParty:1030 - CMSIS Pack Vendor :STMicroelectronics X-CUBE-AI 9.0.0
2026-07-31 19:12:06,719 [INFO] ThirdParty:1030 - CMSIS Pack Vendor :STMicroelectronics PDM2PCM 3.3.0
2026-07-31 19:12:06,719 [INFO] ThirdParty:1030 - CMSIS Pack Vendor :STMicroelectronics X-CUBE-AZRTOS-H7 3.4.0
2026-07-31 19:12:06,719 [INFO] ThirdParty:1030 - CMSIS Pack Vendor :STMicroelectronics X-CUBE-DISPLAY 3.0.0
2026-07-31 19:12:06,719 [INFO] ThirdParty:1030 - CMSIS Pack Vendor :STMicroelectronics X-CUBE-GNSS1 7.1.1
2026-07-31 19:12:06,719 [INFO] ThirdParty:1030 - CMSIS Pack Vendor :STMicroelectronics X-CUBE-BLE1 7.0.0
2026-07-31 19:12:06,719 [INFO] ThirdParty:1030 - CMSIS Pack Vendor :STMicroelectronics X-CUBE-NFC10 1.0.0
2026-07-31 19:12:06,719 [INFO] ThirdParty:1030 - CMSIS Pack Vendor :STMicroelectronics X-CUBE-BLEMGR 4.0.0
2026-07-31 19:12:06,719 [INFO] ThirdParty:1030 - CMSIS Pack Vendor :STMicroelectronics X-CUBE-FREERTOS 1.3.1
2026-07-31 19:12:06,719 [INFO] ThirdParty:1030 - CMSIS Pack Vendor :STMicroelectronics HAL Drivers 0.0.0
2026-07-31 19:12:06,720 [INFO] ThirdParty:1030 - CMSIS Pack Vendor :emotas I-CUBE-CANOPEN 1.3.0
2026-07-31 19:12:06,720 [INFO] ThirdParty:1030 - CMSIS Pack Vendor :STMicroelectronics X-CUBE-FREERTOS 1.3.0
2026-07-31 19:12:06,720 [INFO] ThirdParty:1030 - CMSIS Pack Vendor :STMicroelectronics X-CUBE-NFC7 1.0.1
2026-07-31 19:12:06,720 [INFO] ThirdParty:1030 - CMSIS Pack Vendor :STMicroelectronics MBEDTLS 2.14.1
2026-07-31 19:12:06,720 [INFO] ThirdParty:1030 - CMSIS Pack Vendor :STMicroelectronics X-CUBE-GNSS1 7.1.0
2026-07-31 19:12:06,720 [INFO] ThirdParty:1030 - CMSIS Pack Vendor :STMicroelectronics X-CUBE-TOUCHGFX 4.26.0
2026-07-31 19:12:06,720 [INFO] ThirdParty:1030 - CMSIS Pack Vendor :STMicroelectronics X-CUBE-TOUCHGFX 4.26.1
2026-07-31 19:12:06,720 [INFO] ThirdParty:1030 - CMSIS Pack Vendor :STMicroelectronics X-CUBE-BLEMGR 3.1.0
2026-07-31 19:12:06,720 [INFO] ThirdParty:1030 - CMSIS Pack Vendor :STMicroelectronics X-CUBE-AI 10.0.0
2026-07-31 19:12:06,720 [INFO] ThirdParty:1030 - CMSIS Pack Vendor :STMicroelectronics FP-SNS-SMARTAG2 1.2.0
2026-07-31 19:12:06,720 [INFO] ThirdParty:1030 - CMSIS Pack Vendor :STMicroelectronics X-CUBE-MEMS1 11.1.0
2026-07-31 19:12:06,720 [INFO] ThirdParty:1030 - CMSIS Pack Vendor :STMicroelectronics X-CUBE-AZRTOS-WL 2.0.0
2026-07-31 19:12:06,720 [INFO] ThirdParty:1030 - CMSIS Pack Vendor :STMicroelectronics X-CUBE-DPower 1.3.0
2026-07-31 19:12:06,720 [INFO] ThirdParty:1030 - CMSIS Pack Vendor :STMicroelectronics FP-SNS-MOTENV1 5.0.0
2026-07-31 19:12:06,720 [INFO] ThirdParty:1030 - CMSIS Pack Vendor :STMicroelectronics USB_DEVICE 1.0.0
2026-07-31 19:12:06,720 [INFO] ThirdParty:1030 - CMSIS Pack Vendor :STMicroelectronics X-CUBE-AZRTOS-H7RS 1.2.0
2026-07-31 19:12:06,720 [INFO] ThirdParty:1030 - CMSIS Pack Vendor :wolfSSL I-CUBE-wolfMQTT 1.19.0
2026-07-31 19:12:06,720 [INFO] ThirdParty:1030 - CMSIS Pack Vendor :STMicroelectronics X-CUBE-AZRTOS-L4 2.0.0
2026-07-31 19:12:06,720 [INFO] ThirdParty:1030 - CMSIS Pack Vendor :STMicroelectronics ThreadX 0.0.2
2026-07-31 19:12:06,720 [INFO] ThirdParty:1030 - CMSIS Pack Vendor :WES I-CUBE-Cesium 1.3.0
2026-07-31 19:12:06,720 [INFO] ThirdParty:1030 - CMSIS Pack Vendor :STMicroelectronics lwIP 2.1.2
2026-07-31 19:12:06,720 [INFO] ThirdParty:1030 - CMSIS Pack Vendor :STMicroelectronics X-CUBE-SFXS2LP1 4.0.0
2026-07-31 19:12:06,720 [INFO] ThirdParty:1030 - CMSIS Pack Vendor :STMicroelectronics X-CUBE-BLE2 3.3.0
2026-07-31 19:12:06,720 [INFO] ThirdParty:1030 - CMSIS Pack Vendor :STMicroelectronics PDM2PCM 3.2.0
2026-07-31 19:12:06,720 [INFO] ThirdParty:1030 - CMSIS Pack Vendor :STMicroelectronics X-CUBE-WB05N 2.1.0
2026-07-31 19:12:06,720 [INFO] ThirdParty:1030 - CMSIS Pack Vendor :STMicroelectronics X-CUBE-AZRTOS-H7 3.3.0
2026-07-31 19:12:06,720 [INFO] ThirdParty:1030 - CMSIS Pack Vendor :STMicroelectronics X-CUBE-NFC9 1.0.0
2026-07-31 19:12:06,720 [INFO] ThirdParty:1030 - CMSIS Pack Vendor :STMicroelectronics X-CUBE-BLE1 7.1.0
2026-07-31 19:12:06,720 [INFO] ThirdParty:1030 - CMSIS Pack Vendor :STMicroelectronics USB_DEVICE 3.0.0
2026-07-31 19:12:06,720 [INFO] ThirdParty:1030 - CMSIS Pack Vendor :STMicroelectronics X-CUBE-TCPP 4.1.0
2026-07-31 19:12:06,720 [INFO] ThirdParty:1030 - CMSIS Pack Vendor :STMicroelectronics X-CUBE-EEPRMA1 5.2.0
2026-07-31 19:12:06,720 [INFO] ThirdParty:1030 - CMSIS Pack Vendor :STMicroelectronics X-CUBE-IPS 3.0.0
2026-07-31 19:12:06,720 [INFO] ThirdParty:1030 - CMSIS Pack Vendor :STMicroelectronics X-CUBE-AZRTOS-WB 2.0.0
2026-07-31 19:12:06,720 [INFO] ThirdParty:1030 - CMSIS Pack Vendor :STMicroelectronics X-CUBE-GNSS1 7.0.0
2026-07-31 19:12:06,720 [INFO] ThirdParty:1030 - CMSIS Pack Vendor :STMicroelectronics X-CUBE-GNSS1 7.0.1
2026-07-31 19:12:06,720 [INFO] ThirdParty:1030 - CMSIS Pack Vendor :STMicroelectronics X-CUBE-TOUCHGFX 4.25.0
2026-07-31 19:12:06,720 [INFO] ThirdParty:1030 - CMSIS Pack Vendor :STMicroelectronics FP-SNS-STBOX1 2.0.0
2026-07-31 19:12:06,720 [INFO] ThirdParty:1030 - CMSIS Pack Vendor :STMicroelectronics X-CUBE-MEMS1 12.0.0
2026-07-31 19:12:06,720 [INFO] ThirdParty:1030 - CMSIS Pack Vendor :STMicroelectronics X-CUBE-ALGOBUILD 1.3.0
2026-07-31 19:12:06,720 [INFO] ThirdParty:1030 - CMSIS Pack Vendor :STMicroelectronics X-CUBE-STSE01 2.0.0
2026-07-31 19:12:06,720 [INFO] ThirdParty:1030 - CMSIS Pack Vendor :STMicroelectronics X-CUBE-MEMS1 11.2.0
2026-07-31 19:12:06,720 [INFO] ThirdParty:1030 - CMSIS Pack Vendor :STMicroelectronics X-CUBE-AZRTOS-G0 1.1.0
2026-07-31 19:12:06,721 [INFO] ThirdParty:1030 - CMSIS Pack Vendor :STMicroelectronics X-CUBE-SAFEA1 1.2.2
2026-07-31 19:12:06,721 [INFO] ThirdParty:1030 - CMSIS Pack Vendor :STMicroelectronics X-CUBE-NFC4 3.0.0
2026-07-31 19:12:06,721 [INFO] ThirdParty:1030 - CMSIS Pack Vendor :STMicroelectronics X-CUBE-SUBG2 5.0.0
2026-07-31 19:12:06,721 [INFO] ThirdParty:1030 - CMSIS Pack Vendor :STMicroelectronics X-CUBE-AZRTOS-H7RS 1.1.0
2026-07-31 19:12:06,721 [INFO] ThirdParty:1030 - CMSIS Pack Vendor :STMicroelectronics STM32_WPAN 1.0.0
2026-07-31 19:12:06,721 [INFO] ThirdParty:1030 - CMSIS Pack Vendor :EmbeddedOffice I-CUBE-FS-RTOS 1.0.1
2026-07-31 19:12:06,721 [INFO] ThirdParty:1030 - CMSIS Pack Vendor :STMicroelectronics lwIP 2.0.3
2026-07-31 19:12:06,721 [INFO] ThirdParty:1030 - CMSIS Pack Vendor :Cesanta I-CUBE-Mongoose 7.13.0
2026-07-31 19:12:06,721 [INFO] ThirdParty:1030 - CMSIS Pack Vendor :STMicroelectronics USB_HOST 1.0.0
2026-07-31 19:12:06,721 [INFO] ThirdParty:1030 - CMSIS Pack Vendor :STMicroelectronics X-CUBE-AZRTOS-G4 2.0.0
2026-07-31 19:12:06,721 [INFO] ThirdParty:1030 - CMSIS Pack Vendor :STMicroelectronics X-CUBE-WB05N 2.0.0
2026-07-31 19:12:06,721 [INFO] ThirdParty:1030 - CMSIS Pack Vendor :STMicroelectronics PDM2PCM 3.1.0
2026-07-31 19:12:06,721 [INFO] ThirdParty:1030 - CMSIS Pack Vendor :STMicroelectronics X-CUBE-NFC7 2.0.0
2026-07-31 19:12:06,721 [INFO] ThirdParty:1030 - CMSIS Pack Vendor :RealThread X-CUBE-RT-Thread_Nano 4.1.1
2026-07-31 19:12:06,721 [INFO] ThirdParty:1030 - CMSIS Pack Vendor :wolfSSL I-CUBE-wolfSSL 5.7.0
2026-07-31 19:12:06,721 [INFO] ThirdParty:1030 - CMSIS Pack Vendor :STMicroelectronics FP-ATR-SIGFOX1 3.2.0
2026-07-31 19:12:06,721 [INFO] ThirdParty:1030 - CMSIS Pack Vendor :quantropi X-CUBE-qispace-sdk-base 1.9.3
2026-07-31 19:12:06,721 [INFO] ThirdParty:1030 - CMSIS Pack Vendor :STMicroelectronics X-CUBE-ISPU 2.0.0
2026-07-31 19:12:06,721 [INFO] ThirdParty:1030 - CMSIS Pack Vendor :STMicroelectronics X-CUBE-EEPRMA1 5.1.0
2026-07-31 19:12:06,721 [INFO] ThirdParty:1030 - CMSIS Pack Vendor :STMicroelectronics MBEDTLS 2.16.2
2026-07-31 19:12:06,721 [INFO] ThirdParty:1030 - CMSIS Pack Vendor :STMicroelectronics X-CUBE-ALS 1.0.2
2026-07-31 19:12:06,721 [INFO] ThirdParty:1030 - CMSIS Pack Vendor :STMicroelectronics X-CUBE-MEMS1 10.0.0
2026-07-31 19:12:06,721 [INFO] ThirdParty:1030 - CMSIS Pack Vendor :STMicroelectronics X-CUBE-FREERTOS 1.1.0
2026-07-31 19:12:06,721 [INFO] ThirdParty:1030 - CMSIS Pack Vendor :ITTIA_DB I-CUBE-ITTIADB 8.9.0
2026-07-31 19:12:06,721 [INFO] ThirdParty:1030 - CMSIS Pack Vendor :STMicroelectronics X-CUBE-TOUCHGFX 4.24.2
2026-07-31 19:12:06,721 [INFO] ThirdParty:1030 - CMSIS Pack Vendor :STMicroelectronics X-CUBE-TOUCHGFX 4.24.1
2026-07-31 19:12:06,721 [INFO] ThirdParty:1030 - CMSIS Pack Vendor :STMicroelectronics X-CUBE-STSE01 1.0.0
2026-07-31 19:12:06,721 [INFO] ThirdParty:1030 - CMSIS Pack Vendor :wolfSSL I-CUBE-wolfTPM 3.4.0
2026-07-31 19:12:06,721 [INFO] ThirdParty:1030 - CMSIS Pack Vendor :portGmbH I-Cube-SoM-uGOAL 1.1.0
2026-07-31 19:12:06,721 [INFO] ThirdParty:1030 - CMSIS Pack Vendor :STMicroelectronics X-CUBE-ALS 1.0.1
2026-07-31 19:12:06,721 [INFO] ThirdParty:1030 - CMSIS Pack Vendor :STMicroelectronics X-CUBE-NFC6 3.2.0
2026-07-31 19:12:06,721 [INFO] ThirdParty:1030 - CMSIS Pack Vendor :STMicroelectronics X-CUBE-AI 10.2.1
2026-07-31 19:12:06,721 [INFO] ThirdParty:1030 - CMSIS Pack Vendor :STMicroelectronics X-CUBE-AI 10.2.0
2026-07-31 19:12:06,721 [INFO] ThirdParty:1030 - CMSIS Pack Vendor :STMicroelectronics ThreadX 1.0.0
2026-07-31 19:12:06,721 [INFO] ThirdParty:1030 - CMSIS Pack Vendor :STMicroelectronics X-CUBE-MEMS1 12.1.0
2026-07-31 19:12:06,721 [INFO] ThirdParty:1030 - CMSIS Pack Vendor :SEGGER I-CUBE-embOS 1.3.1
2026-07-31 19:12:06,721 [INFO] ThirdParty:1030 - CMSIS Pack Vendor :STMicroelectronics X-CUBE-ALGOBUILD 1.4.0
2026-07-31 19:12:06,721 [INFO] ThirdParty:1030 - CMSIS Pack Vendor :STMicroelectronics X-CUBE-AZRTOS-H7RS 1.0.0
2026-07-31 19:12:06,721 [INFO] ThirdParty:1030 - CMSIS Pack Vendor :STMicroelectronics FP-ATR-ASTRA1 2.0.0
2026-07-31 19:12:06,721 [INFO] ThirdParty:1030 - CMSIS Pack Vendor :STMicroelectronics X-CUBE-TOF1 3.4.2
2026-07-31 19:12:06,721 [INFO] ThirdParty:1030 - CMSIS Pack Vendor :STMicroelectronics X-CUBE-AI 9.1.0
2026-07-31 19:12:06,721 [INFO] ThirdParty:1030 - CMSIS Pack Vendor :STMicroelectronics X-CUBE-TOF1 3.4.1
2026-07-31 19:12:06,721 [INFO] ThirdParty:1030 - CMSIS Pack Vendor :STMicroelectronics X-CUBE-AZRTOS-H7 3.2.0
2026-07-31 19:12:06,722 [INFO] ThirdParty:1030 - CMSIS Pack Vendor :STMicroelectronics X-CUBE-NFC13 1.0.0
2026-07-31 19:12:06,722 [INFO] ThirdParty:1030 - CMSIS Pack Vendor :Infineon AIROC-Wi-Fi-Bluetooth-STM32 1.6.0
2026-07-31 19:12:06,722 [INFO] ThirdParty:1030 - CMSIS Pack Vendor :wolfSSL I-CUBE-wolfSSH 1.4.17
2026-07-31 19:12:06,722 [INFO] ThirdParty:841 - exiting critical section [change project]
2026-07-31 19:12:07,188 [INFO] PinOutPanel:1561 - setPackage(No Configuration,No Configuration)
2026-07-31 19:12:07,189 [INFO] PinOutPanel:1561 - setPackage(STM32F411CEUx,UFQFPN48)
2026-07-31 19:12:07,850 [INFO] UtilMem:75 - Before build in PCC Used Memory: 827311160 Bytes (1073741824)
2026-07-31 19:12:09,632 [INFO] UtilMem:75 - After build in PCC Used Memory: 907002944 Bytes (1073741824)
2026-07-31 19:12:09,925 [INFO] ApiDbMcu:508 - Load IP Config File for FREERTOS
2026-07-31 19:12:09,953 [INFO] IPUIPlugin:80 - create IPUIPlugin
2026-07-31 19:12:09,953 [INFO] IPUIPlugin:80 - create IPUIPlugin
2026-07-31 19:12:09,953 [INFO] IPUIPlugin:80 - create IPUIPlugin
2026-07-31 19:12:09,954 [INFO] IPUIPlugin:80 - create IPUIPlugin
2026-07-31 19:12:09,954 [INFO] IPUIPlugin:80 - create IPUIPlugin
2026-07-31 19:12:09,954 [INFO] IPUIPlugin:80 - create IPUIPlugin
2026-07-31 19:12:09,954 [INFO] IPUIPlugin:80 - create IPUIPlugin
2026-07-31 19:12:09,954 [INFO] IPUIPlugin:80 - create IPUIPlugin
2026-07-31 19:12:09,954 [INFO] IPUIPlugin:80 - create IPUIPlugin
2026-07-31 19:12:09,954 [INFO] IPUIPlugin:80 - create IPUIPlugin
2026-07-31 19:12:09,954 [INFO] IPUIPlugin:80 - create IPUIPlugin
2026-07-31 19:12:09,954 [INFO] IPUIPlugin:80 - create IPUIPlugin
2026-07-31 19:12:09,954 [INFO] IPUIPlugin:80 - create IPUIPlugin
2026-07-31 19:12:09,955 [INFO] IPUIPlugin:80 - create IPUIPlugin
2026-07-31 19:12:09,955 [INFO] IPUIPlugin:80 - create IPUIPlugin
2026-07-31 19:12:09,955 [INFO] IPUIPlugin:80 - create IPUIPlugin
2026-07-31 19:12:09,955 [INFO] IPUIPlugin:80 - create IPUIPlugin
2026-07-31 19:12:09,955 [INFO] IPUIPlugin:80 - create IPUIPlugin
2026-07-31 19:12:09,955 [INFO] IPUIPlugin:80 - create IPUIPlugin
2026-07-31 19:12:09,956 [INFO] IPUIPlugin:80 - create IPUIPlugin
2026-07-31 19:12:09,956 [INFO] IPUIPlugin:80 - create IPUIPlugin
2026-07-31 19:12:09,956 [INFO] IPUIPlugin:80 - create IPUIPlugin
2026-07-31 19:12:09,956 [INFO] IPUIPlugin:80 - create IPUIPlugin
2026-07-31 19:12:09,956 [INFO] IPUIPlugin:80 - create IPUIPlugin
2026-07-31 19:12:09,956 [INFO] IPUIPlugin:80 - create IPUIPlugin
2026-07-31 19:12:09,956 [INFO] IPUIPlugin:80 - create IPUIPlugin
2026-07-31 19:12:09,956 [INFO] IPUIPlugin:80 - create IPUIPlugin
2026-07-31 19:12:09,956 [INFO] IPUIPlugin:80 - create IPUIPlugin
2026-07-31 19:12:09,963 [INFO] IPUIPlugin:80 - create IPUIPlugin
2026-07-31 19:12:09,964 [INFO] IPUIPlugin:80 - create IPUIPlugin
2026-07-31 19:12:09,964 [INFO] IPUIPlugin:80 - create IPUIPlugin
2026-07-31 19:12:09,964 [INFO] IPUIPlugin:80 - create IPUIPlugin
2026-07-31 19:12:09,964 [INFO] IPUIPlugin:80 - create IPUIPlugin
2026-07-31 19:12:09,965 [INFO] IPUIPlugin:80 - create IPUIPlugin
2026-07-31 19:12:09,965 [INFO] IPUIPlugin:80 - create IPUIPlugin
2026-07-31 19:12:09,965 [INFO] IPUIPlugin:80 - create IPUIPlugin
2026-07-31 19:12:09,965 [INFO] IPUIPlugin:80 - create IPUIPlugin
2026-07-31 19:12:09,965 [INFO] IPUIPlugin:80 - create IPUIPlugin
2026-07-31 19:12:09,965 [INFO] IPUIPlugin:80 - create IPUIPlugin
2026-07-31 19:12:09,966 [INFO] IPUIPlugin:80 - create IPUIPlugin
2026-07-31 19:12:09,966 [INFO] IPUIPlugin:80 - create IPUIPlugin
2026-07-31 19:12:09,966 [INFO] IPUIPlugin:80 - create IPUIPlugin
2026-07-31 19:12:09,966 [INFO] IPUIPlugin:80 - create IPUIPlugin
2026-07-31 19:12:10,019 [INFO] ApiDbMcu:508 - Load IP Config File for PDM2PCM
2026-07-31 19:12:10,053 [WARN] IP:2120 - I2C_Coeff_DF not found: check if there is a RefParameter without a condition.
2026-07-31 19:12:10,053 [WARN] IP:2120 - Analog_Filter not found: check if there is a RefParameter without a condition.
2026-07-31 19:12:10,101 [WARN] FreeRTOS:1023 - Null or empty value: should not occur! (nothing added to the table)
2026-07-31 19:12:10,615 [INFO] CADModel:165 - CPN selected for project levelSTM32F411CEU6
2026-07-31 19:12:10,615 [INFO] CADModel:114 - Register for checkConnection events
2026-07-31 19:12:10,617 [INFO] RtosManager:697 - Active RTOS found at IOC load: FREERTOS [Cortex-M4NS]
2026-07-31 19:12:10,680 [INFO] OpenFileManager:343 - Restore cursor
2026-07-31 19:12:11,019 [WARN] IP:2120 - I2C_Coeff_DF not found: check if there is a RefParameter without a condition.
2026-07-31 19:12:11,019 [WARN] IP:2120 - Analog_Filter not found: check if there is a RefParameter without a condition.
2026-07-31 19:12:11,019 [WARN] IP:2120 - I2C_Coeff_DF not found: check if there is a RefParameter without a condition.
2026-07-31 19:12:11,020 [WARN] IP:2120 - Analog_Filter not found: check if there is a RefParameter without a condition.
2026-07-31 19:14:10,095 [INFO] Gpio:277 - dependency for GPIO [ADC1, I2C1, RCC, TIM1, TIM2, TIM3, USART1]
2026-07-31 19:14:48,376 [INFO] UtilMem:75 - End SaveConfig() Used Memory: 736745448 Bytes (1073741824)
2026-07-31 19:14:48,468 [INFO] UtilMem:75 - End SaveConfig() Used Memory: 750885152 Bytes (1073741824)
2026-07-31 19:14:49,951 [INFO] UtilMem:75 - End SaveConfig() Used Memory: 794292448 Bytes (1073741824)
2026-07-31 19:14:50,645 [INFO] BlockDiagram:2759 - set Specific Code input for plugin: NVIC
2026-07-31 19:14:50,646 [INFO] BlockDiagram:2759 - set Specific Code input for plugin: FREERTOS
2026-07-31 19:14:50,646 [INFO] BlockDiagram:2759 - set Specific Code input for plugin: USART
2026-07-31 19:14:50,646 [INFO] BlockDiagram:2759 - set Specific Code input for plugin: DMA
2026-07-31 19:14:50,646 [INFO] BlockDiagram:2759 - set Specific Code input for plugin: TIM1_8
2026-07-31 19:14:50,646 [INFO] BlockDiagram:2759 - set Specific Code input for plugin: TIM1_8
2026-07-31 19:14:50,646 [INFO] BlockDiagram:2759 - set Specific Code input for plugin: TIM1_8
2026-07-31 19:14:50,646 [INFO] BlockDiagram:2759 - set Specific Code input for plugin: SYS
2026-07-31 19:14:50,646 [INFO] BlockDiagram:2759 - set Specific Code input for plugin: GPIO
2026-07-31 19:14:50,647 [INFO] BlockDiagram:2759 - set Specific Code input for plugin: ADC
2026-07-31 19:14:50,647 [INFO] BlockDiagram:2759 - set Specific Code input for plugin: RCC
2026-07-31 19:14:50,647 [INFO] BlockDiagram:2759 - set Specific Code input for plugin: I2C
2026-07-31 19:14:50,650 [INFO] CodeGenerator:807 - code generatio: config db path: D:\Documentos\Electronica\Nueva carpeta\STM32CubeIDE_1.15.0\STM32CubeIDE\plugins\com.st.stm32cube.common.mx_6.11.0.202403141607\\db\
2026-07-31 19:14:50,684 [WARN] IP:2120 - I2C_Coeff_DF not found: check if there is a RefParameter without a condition.
2026-07-31 19:14:50,684 [WARN] IP:2120 - Analog_Filter not found: check if there is a RefParameter without a condition.
2026-07-31 19:14:51,049 [INFO] CodeEngine:255 - oldGeneratedFile, C:\git\VehiculoTT\VehiculoTT\MXTmpFiles\license.tmp_save
2026-07-31 19:14:51,480 [INFO] CodeEngine:279 - Generated code: C:\git\VehiculoTT\VehiculoTT\MXTmpFiles\license.tmp
2026-07-31 19:14:51,673 [INFO] CodeEngine:255 - oldGeneratedFile, C:\git\VehiculoTT\VehiculoTT\MXTmpFiles\gpio.tmp_save
2026-07-31 19:14:51,930 [INFO] CodeEngine:279 - Generated code: C:\git\VehiculoTT\VehiculoTT\MXTmpFiles\gpio.tmp
2026-07-31 19:14:52,774 [INFO] Middleware:1439 - No code input for Bsp Dependency
2026-07-31 19:14:52,812 [INFO] CodeEngine:255 - oldGeneratedFile, C:\git\VehiculoTT\VehiculoTT\MXTmpFiles\rtos_inc.tmp_save
2026-07-31 19:14:52,915 [INFO] CodeEngine:279 - Generated code: C:\git\VehiculoTT\VehiculoTT\MXTmpFiles\rtos_inc.tmp
2026-07-31 19:14:52,937 [INFO] CodeEngine:255 - oldGeneratedFile, C:\git\VehiculoTT\VehiculoTT\MXTmpFiles\rtos_kernelInit.tmp_save
2026-07-31 19:14:53,036 [INFO] CodeEngine:279 - Generated code: C:\git\VehiculoTT\VehiculoTT\MXTmpFiles\rtos_kernelInit.tmp
2026-07-31 19:14:53,055 [INFO] CodeEngine:255 - oldGeneratedFile, C:\git\VehiculoTT\VehiculoTT\MXTmpFiles\rtos_kernelStart.tmp_save
2026-07-31 19:14:53,145 [INFO] CodeEngine:279 - Generated code: C:\git\VehiculoTT\VehiculoTT\MXTmpFiles\rtos_kernelStart.tmp
2026-07-31 19:14:53,195 [INFO] CodeEngine:255 - oldGeneratedFile, C:\git\VehiculoTT\VehiculoTT\MXTmpFiles\rtos_typedefs.tmp_save
2026-07-31 19:14:53,263 [INFO] CodeEngine:279 - Generated code: C:\git\VehiculoTT\VehiculoTT\MXTmpFiles\rtos_typedefs.tmp
2026-07-31 19:14:53,296 [INFO] CodeEngine:255 - oldGeneratedFile, C:\git\VehiculoTT\VehiculoTT\MXTmpFiles\rtos_vars.tmp_save
2026-07-31 19:14:53,383 [INFO] CodeEngine:279 - Generated code: C:\git\VehiculoTT\VehiculoTT\MXTmpFiles\rtos_vars.tmp
2026-07-31 19:14:53,449 [INFO] CodeEngine:255 - oldGeneratedFile, C:\git\VehiculoTT\VehiculoTT\MXTmpFiles\rtos_pfp.tmp_save
2026-07-31 19:14:53,524 [INFO] CodeEngine:279 - Generated code: C:\git\VehiculoTT\VehiculoTT\MXTmpFiles\rtos_pfp.tmp
2026-07-31 19:14:53,543 [INFO] CodeEngine:255 - oldGeneratedFile, C:\git\VehiculoTT\VehiculoTT\MXTmpFiles\rtos_obj_creat.tmp_save
2026-07-31 19:14:53,622 [INFO] CodeEngine:279 - Generated code: C:\git\VehiculoTT\VehiculoTT\MXTmpFiles\rtos_obj_creat.tmp
2026-07-31 19:14:53,642 [INFO] CodeEngine:255 - oldGeneratedFile, C:\git\VehiculoTT\VehiculoTT\MXTmpFiles\rtos_default_thread.tmp_save
2026-07-31 19:14:53,722 [INFO] CodeEngine:279 - Generated code: C:\git\VehiculoTT\VehiculoTT\MXTmpFiles\rtos_default_thread.tmp
2026-07-31 19:14:53,740 [INFO] CodeEngine:255 - oldGeneratedFile, C:\git\VehiculoTT\VehiculoTT\MXTmpFiles\rtos_threads.tmp_save
2026-07-31 19:14:53,816 [INFO] CodeEngine:279 - Generated code: C:\git\VehiculoTT\VehiculoTT\MXTmpFiles\rtos_threads.tmp
2026-07-31 19:14:53,835 [INFO] Middleware:1439 - No code input for Bsp Dependency
2026-07-31 19:14:53,850 [INFO] CodeEngine:255 - oldGeneratedFile, C:\git\VehiculoTT\VehiculoTT\MXTmpFiles\rtos_inc.tmp_save
2026-07-31 19:14:53,915 [INFO] CodeEngine:279 - Generated code: C:\git\VehiculoTT\VehiculoTT\MXTmpFiles\rtos_inc.tmp
2026-07-31 19:14:53,925 [INFO] CodeEngine:255 - oldGeneratedFile, C:\git\VehiculoTT\VehiculoTT\MXTmpFiles\rtos_kernelInit.tmp_save
2026-07-31 19:14:53,983 [INFO] CodeEngine:279 - Generated code: C:\git\VehiculoTT\VehiculoTT\MXTmpFiles\rtos_kernelInit.tmp
2026-07-31 19:14:53,993 [INFO] CodeEngine:255 - oldGeneratedFile, C:\git\VehiculoTT\VehiculoTT\MXTmpFiles\rtos_kernelStart.tmp_save
2026-07-31 19:14:54,054 [INFO] CodeEngine:279 - Generated code: C:\git\VehiculoTT\VehiculoTT\MXTmpFiles\rtos_kernelStart.tmp
2026-07-31 19:14:54,066 [INFO] CodeEngine:255 - oldGeneratedFile, C:\git\VehiculoTT\VehiculoTT\MXTmpFiles\rtos_typedefs.tmp_save
2026-07-31 19:14:54,127 [INFO] CodeEngine:279 - Generated code: C:\git\VehiculoTT\VehiculoTT\MXTmpFiles\rtos_typedefs.tmp
2026-07-31 19:14:54,148 [INFO] CodeEngine:255 - oldGeneratedFile, C:\git\VehiculoTT\VehiculoTT\MXTmpFiles\rtos_vars.tmp_save
2026-07-31 19:14:54,210 [INFO] CodeEngine:279 - Generated code: C:\git\VehiculoTT\VehiculoTT\MXTmpFiles\rtos_vars.tmp
2026-07-31 19:14:54,221 [INFO] CodeEngine:255 - oldGeneratedFile, C:\git\VehiculoTT\VehiculoTT\MXTmpFiles\rtos_pfp.tmp_save
2026-07-31 19:14:54,283 [INFO] CodeEngine:279 - Generated code: C:\git\VehiculoTT\VehiculoTT\MXTmpFiles\rtos_pfp.tmp
2026-07-31 19:14:54,301 [INFO] CodeEngine:255 - oldGeneratedFile, C:\git\VehiculoTT\VehiculoTT\MXTmpFiles\rtos_obj_creat.tmp_save
2026-07-31 19:14:54,359 [INFO] CodeEngine:279 - Generated code: C:\git\VehiculoTT\VehiculoTT\MXTmpFiles\rtos_obj_creat.tmp
2026-07-31 19:14:54,370 [INFO] CodeEngine:255 - oldGeneratedFile, C:\git\VehiculoTT\VehiculoTT\MXTmpFiles\rtos_default_thread.tmp_save
2026-07-31 19:14:54,435 [INFO] CodeEngine:279 - Generated code: C:\git\VehiculoTT\VehiculoTT\MXTmpFiles\rtos_default_thread.tmp
2026-07-31 19:14:54,446 [INFO] CodeEngine:255 - oldGeneratedFile, C:\git\VehiculoTT\VehiculoTT\MXTmpFiles\rtos_threads.tmp_save
2026-07-31 19:14:54,503 [INFO] CodeEngine:279 - Generated code: C:\git\VehiculoTT\VehiculoTT\MXTmpFiles\rtos_threads.tmp
2026-07-31 19:14:54,567 [INFO] CodeEngine:255 - oldGeneratedFile, C:\git\VehiculoTT\VehiculoTT\Core\Inc\FreeRTOSConfig.h_save
2026-07-31 19:14:54,687 [INFO] CodeEngine:279 - Generated code: C:\git\VehiculoTT\VehiculoTT\Core\Inc\FreeRTOSConfig.h
2026-07-31 19:14:54,720 [INFO] CodeEngine:255 - oldGeneratedFile, C:\git\VehiculoTT\VehiculoTT\Core\Src\freertos.c_save
2026-07-31 19:14:54,853 [INFO] CodeEngine:279 - Generated code: C:\git\VehiculoTT\VehiculoTT\Core\Src\freertos.c
2026-07-31 19:14:54,924 [INFO] CodeEngine:255 - oldGeneratedFile, C:\git\VehiculoTT\VehiculoTT\MXTmpFiles\dma.tmp_save
2026-07-31 19:14:55,005 [INFO] CodeEngine:279 - Generated code: C:\git\VehiculoTT\VehiculoTT\MXTmpFiles\dma.tmp
2026-07-31 19:14:55,021 [INFO] CodeEngine:255 - oldGeneratedFile, C:\git\VehiculoTT\VehiculoTT\MXTmpFiles\dma_GV.tmp_save
2026-07-31 19:14:55,086 [INFO] CodeEngine:279 - Generated code: C:\git\VehiculoTT\VehiculoTT\MXTmpFiles\dma_GV.tmp
2026-07-31 19:14:55,143 [INFO] CodeEngine:255 - oldGeneratedFile, C:\git\VehiculoTT\VehiculoTT\Core\Src\stm32f4xx_it.c_save
2026-07-31 19:14:55,318 [INFO] CodeEngine:279 - Generated code: C:\git\VehiculoTT\VehiculoTT\Core\Src\stm32f4xx_it.c
2026-07-31 19:14:55,355 [INFO] CodeEngine:255 - oldGeneratedFile, C:\git\VehiculoTT\VehiculoTT\Core\Inc\stm32f4xx_it.h_save
2026-07-31 19:14:55,456 [INFO] CodeEngine:279 - Generated code: C:\git\VehiculoTT\VehiculoTT\Core\Inc\stm32f4xx_it.h
2026-07-31 19:14:55,547 [INFO] CodeEngine:255 - oldGeneratedFile, C:\git\VehiculoTT\VehiculoTT\Core\Src\stm32f4xx_hal_msp.c_save
2026-07-31 19:14:55,779 [INFO] CodeEngine:279 - Generated code: C:\git\VehiculoTT\VehiculoTT\Core\Src\stm32f4xx_hal_msp.c
2026-07-31 19:14:55,809 [INFO] CodeEngine:255 - oldGeneratedFile, C:\git\VehiculoTT\VehiculoTT\MXTmpFiles\system.tmp_save
2026-07-31 19:14:55,911 [INFO] CodeEngine:279 - Generated code: C:\git\VehiculoTT\VehiculoTT\MXTmpFiles\system.tmp
2026-07-31 19:14:55,967 [INFO] CodeEngine:255 - oldGeneratedFile, C:\git\VehiculoTT\VehiculoTT\Core\Src\stm32f4xx_hal_timebase_tim.c_save
2026-07-31 19:14:56,072 [INFO] CodeEngine:279 - Generated code: C:\git\VehiculoTT\VehiculoTT\Core\Src\stm32f4xx_hal_timebase_tim.c
2026-07-31 19:14:56,130 [INFO] CodeEngine:311 - oldGeneratedFile, C:\git\VehiculoTT\VehiculoTT\Core\Inc\stm32f4xx_hal_conf.h_save
2026-07-31 19:14:56,234 [INFO] CodeEngine:335 - Generated code: C:\git\VehiculoTT\VehiculoTT\Core\Inc\stm32f4xx_hal_conf.h
2026-07-31 19:14:56,276 [WARN] IPConfigManager:3513 - IP not found : TIM
2026-07-31 19:14:56,277 [WARN] CodeGenerator:3951 - IP not found : null
2026-07-31 19:14:56,312 [INFO] CodeEngine:255 - oldGeneratedFile, C:\git\VehiculoTT\VehiculoTT\Core\Inc\main.h_save
2026-07-31 19:14:56,429 [INFO] CodeEngine:279 - Generated code: C:\git\VehiculoTT\VehiculoTT\Core\Inc\main.h
2026-07-31 19:14:56,496 [INFO] CodeEngine:255 - oldGeneratedFile, C:\git\VehiculoTT\VehiculoTT\Core\Src\main.c_save
2026-07-31 19:14:56,757 [INFO] CodeEngine:279 - Generated code: C:\git\VehiculoTT\VehiculoTT\Core\Src\main.c
2026-07-31 19:14:57,761 [INFO] ProjectBuilder:3163 - Time for Copy HAL[1] : 813mS.
2026-07-31 19:14:57,777 [INFO] ProjectBuilder:4736 - Project Generator version: 4.3.0-B58
2026-07-31 19:14:57,914 [INFO] ConfigFileManager:1503 - The Die is : DIE431
2026-07-31 19:14:57,983 [INFO] ApiDbMcu:508 - Load IP Config File for FATFS
2026-07-31 19:14:58,005 [INFO] ApiDbMcu:508 - Load IP Config File for LIBJPEG
2026-07-31 19:14:58,030 [INFO] ApiDbMcu:508 - Load IP Config File for MBEDTLS
2026-07-31 19:14:58,062 [INFO] ApiDbMcu:508 - Load IP Config File for USB_DEVICE
2026-07-31 19:14:58,090 [INFO] ApiDbMcu:508 - Load IP Config File for USB_HOST
2026-07-31 19:14:59,091 [INFO] LogOutputStream:77 - [STDOUT_REDIRECT] 
2026-07-31 19:15:02,919 [INFO] ProjectBuilder:5002 - Time for Generating toolchain IDE Files: 5142mS.
2026-07-31 19:15:02,922 [INFO] ProjectBuilder:3034 - Time for Copy CMSIS : 2mS.
2026-07-31 19:15:02,951 [INFO] ProjectBuilder:3034 - Time for Copy CMSIS : 1mS.
2026-07-31 19:22:58,269 [INFO] UtilMem:75 - End SaveConfig() Used Memory: 902752144 Bytes (1073741824)
2026-07-31 19:22:58,353 [INFO] UtilMem:75 - End SaveConfig() Used Memory: 916383632 Bytes (1073741824)
2026-07-31 19:22:59,112 [INFO] UtilMem:75 - End SaveConfig() Used Memory: 952120776 Bytes (1073741824)
2026-07-31 19:22:59,627 [INFO] BlockDiagram:2759 - set Specific Code input for plugin: NVIC
2026-07-31 19:22:59,628 [INFO] BlockDiagram:2759 - set Specific Code input for plugin: FREERTOS
2026-07-31 19:22:59,628 [INFO] BlockDiagram:2759 - set Specific Code input for plugin: USART
2026-07-31 19:22:59,628 [INFO] BlockDiagram:2759 - set Specific Code input for plugin: DMA
2026-07-31 19:22:59,628 [INFO] BlockDiagram:2759 - set Specific Code input for plugin: TIM1_8
2026-07-31 19:22:59,628 [INFO] BlockDiagram:2759 - set Specific Code input for plugin: TIM1_8
2026-07-31 19:22:59,628 [INFO] BlockDiagram:2759 - set Specific Code input for plugin: TIM1_8
2026-07-31 19:22:59,628 [INFO] BlockDiagram:2759 - set Specific Code input for plugin: SYS
2026-07-31 19:22:59,628 [INFO] BlockDiagram:2759 - set Specific Code input for plugin: GPIO
2026-07-31 19:22:59,628 [INFO] BlockDiagram:2759 - set Specific Code input for plugin: ADC
2026-07-31 19:22:59,628 [INFO] BlockDiagram:2759 - set Specific Code input for plugin: RCC
2026-07-31 19:22:59,628 [INFO] BlockDiagram:2759 - set Specific Code input for plugin: I2C
2026-07-31 19:22:59,632 [INFO] CodeGenerator:807 - code generatio: config db path: D:\Documentos\Electronica\Nueva carpeta\STM32CubeIDE_1.15.0\STM32CubeIDE\plugins\com.st.stm32cube.common.mx_6.11.0.202403141607\\db\
2026-07-31 19:22:59,643 [INFO] Argument:325 - Argument : hdmavalue: null
2026-07-31 19:22:59,643 [INFO] Argument:327 - 	 sub Args: 
2026-07-31 19:22:59,643 [INFO] Argument:325 - Argument : Instancevalue: DMA2_Stream0
2026-07-31 19:22:59,643 [INFO] Argument:335 - Argument : Instancevalue: DMA2_Stream0
2026-07-31 19:22:59,643 [INFO] Argument:325 - Argument : Initvalue: null
2026-07-31 19:22:59,643 [INFO] Argument:327 - 	 sub Args: 
2026-07-31 19:22:59,643 [INFO] Argument:325 - Argument : Channelvalue: DMA_CHANNEL_0
2026-07-31 19:22:59,643 [INFO] Argument:335 - Argument : Channelvalue: DMA_CHANNEL_0
2026-07-31 19:22:59,643 [INFO] Argument:325 - Argument : Directionvalue: DMA_PERIPH_TO_MEMORY
2026-07-31 19:22:59,643 [INFO] Argument:335 - Argument : Directionvalue: DMA_PERIPH_TO_MEMORY
2026-07-31 19:22:59,643 [INFO] Argument:325 - Argument : PeriphIncvalue: DMA_PINC_DISABLE
2026-07-31 19:22:59,643 [INFO] Argument:335 - Argument : PeriphIncvalue: DMA_PINC_DISABLE
2026-07-31 19:22:59,643 [INFO] Argument:325 - Argument : MemIncvalue: DMA_MINC_ENABLE
2026-07-31 19:22:59,643 [INFO] Argument:335 - Argument : MemIncvalue: DMA_MINC_ENABLE
2026-07-31 19:22:59,643 [INFO] Argument:325 - Argument : PeriphDataAlignmentvalue: DMA_PDATAALIGN_HALFWORD
2026-07-31 19:22:59,643 [INFO] Argument:335 - Argument : PeriphDataAlignmentvalue: DMA_PDATAALIGN_HALFWORD
2026-07-31 19:22:59,644 [INFO] Argument:325 - Argument : MemDataAlignmentvalue: DMA_MDATAALIGN_HALFWORD
2026-07-31 19:22:59,644 [INFO] Argument:335 - Argument : MemDataAlignmentvalue: DMA_MDATAALIGN_HALFWORD
2026-07-31 19:22:59,644 [INFO] Argument:325 - Argument : Modevalue: DMA_CIRCULAR
2026-07-31 19:22:59,644 [INFO] Argument:335 - Argument : Modevalue: DMA_CIRCULAR
2026-07-31 19:22:59,644 [INFO] Argument:325 - Argument : Priorityvalue: DMA_PRIORITY_LOW
2026-07-31 19:22:59,644 [INFO] Argument:335 - Argument : Priorityvalue: DMA_PRIORITY_LOW
2026-07-31 19:22:59,644 [INFO] Argument:325 - Argument : FIFOModevalue: DMA_FIFOMODE_DISABLE
2026-07-31 19:22:59,644 [INFO] Argument:335 - Argument : FIFOModevalue: DMA_FIFOMODE_DISABLE
2026-07-31 19:22:59,644 [INFO] Argument:325 - Argument : FIFOThresholdvalue: null
2026-07-31 19:22:59,644 [INFO] Argument:335 - Argument : FIFOThresholdvalue: null
2026-07-31 19:22:59,644 [INFO] Argument:325 - Argument : MemBurstvalue: null
2026-07-31 19:22:59,644 [INFO] Argument:335 - Argument : MemBurstvalue: null
2026-07-31 19:22:59,644 [INFO] Argument:325 - Argument : PeriphBurstvalue: null
2026-07-31 19:22:59,644 [INFO] Argument:335 - Argument : PeriphBurstvalue: null
2026-07-31 19:22:59,644 [INFO] Argument:325 - Argument : Lockvalue: null
2026-07-31 19:22:59,644 [INFO] Argument:335 - Argument : Lockvalue: null
2026-07-31 19:22:59,644 [INFO] Argument:325 - Argument : Statevalue: null
2026-07-31 19:22:59,644 [INFO] Argument:335 - Argument : Statevalue: null
2026-07-31 19:22:59,644 [INFO] Argument:325 - Argument : Parentvalue: null
2026-07-31 19:22:59,644 [INFO] Argument:335 - Argument : Parentvalue: null
2026-07-31 19:22:59,644 [INFO] Argument:325 - Argument : XferCpltCallbackvalue: null
2026-07-31 19:22:59,644 [INFO] Argument:335 - Argument : XferCpltCallbackvalue: null
2026-07-31 19:22:59,644 [INFO] Argument:325 - Argument : XferHalfCpltCallbackvalue: null
2026-07-31 19:22:59,644 [INFO] Argument:335 - Argument : XferHalfCpltCallbackvalue: null
2026-07-31 19:22:59,644 [INFO] Argument:325 - Argument : XferM1CpltCallbackvalue: null
2026-07-31 19:22:59,644 [INFO] Argument:335 - Argument : XferM1CpltCallbackvalue: null
2026-07-31 19:22:59,644 [INFO] Argument:325 - Argument : XferErrorCallbackvalue: null
2026-07-31 19:22:59,644 [INFO] Argument:335 - Argument : XferErrorCallbackvalue: null
2026-07-31 19:22:59,644 [INFO] Argument:325 - Argument : ErrorCodevalue: null
2026-07-31 19:22:59,644 [INFO] Argument:335 - Argument : ErrorCodevalue: null
2026-07-31 19:22:59,649 [WARN] IP:2120 - I2C_Coeff_DF not found: check if there is a RefParameter without a condition.
2026-07-31 19:22:59,649 [WARN] IP:2120 - Analog_Filter not found: check if there is a RefParameter without a condition.
2026-07-31 19:22:59,697 [INFO] Argument:325 - Argument : hdmavalue: null
2026-07-31 19:22:59,697 [INFO] Argument:327 - 	 sub Args: 
2026-07-31 19:22:59,697 [INFO] Argument:325 - Argument : Instancevalue: DMA2_Stream2
2026-07-31 19:22:59,697 [INFO] Argument:335 - Argument : Instancevalue: DMA2_Stream2
2026-07-31 19:22:59,697 [INFO] Argument:325 - Argument : Initvalue: null
2026-07-31 19:22:59,697 [INFO] Argument:327 - 	 sub Args: 
2026-07-31 19:22:59,697 [INFO] Argument:325 - Argument : Channelvalue: DMA_CHANNEL_4
2026-07-31 19:22:59,697 [INFO] Argument:335 - Argument : Channelvalue: DMA_CHANNEL_4
2026-07-31 19:22:59,697 [INFO] Argument:325 - Argument : Directionvalue: DMA_PERIPH_TO_MEMORY
2026-07-31 19:22:59,697 [INFO] Argument:335 - Argument : Directionvalue: DMA_PERIPH_TO_MEMORY
2026-07-31 19:22:59,697 [INFO] Argument:325 - Argument : PeriphIncvalue: DMA_PINC_DISABLE
2026-07-31 19:22:59,697 [INFO] Argument:335 - Argument : PeriphIncvalue: DMA_PINC_DISABLE
2026-07-31 19:22:59,697 [INFO] Argument:325 - Argument : MemIncvalue: DMA_MINC_ENABLE
2026-07-31 19:22:59,697 [INFO] Argument:335 - Argument : MemIncvalue: DMA_MINC_ENABLE
2026-07-31 19:22:59,697 [INFO] Argument:325 - Argument : PeriphDataAlignmentvalue: DMA_PDATAALIGN_BYTE
2026-07-31 19:22:59,697 [INFO] Argument:335 - Argument : PeriphDataAlignmentvalue: DMA_PDATAALIGN_BYTE
2026-07-31 19:22:59,697 [INFO] Argument:325 - Argument : MemDataAlignmentvalue: DMA_MDATAALIGN_BYTE
2026-07-31 19:22:59,697 [INFO] Argument:335 - Argument : MemDataAlignmentvalue: DMA_MDATAALIGN_BYTE
2026-07-31 19:22:59,697 [INFO] Argument:325 - Argument : Modevalue: DMA_CIRCULAR
2026-07-31 19:22:59,697 [INFO] Argument:335 - Argument : Modevalue: DMA_CIRCULAR
2026-07-31 19:22:59,697 [INFO] Argument:325 - Argument : Priorityvalue: DMA_PRIORITY_HIGH
2026-07-31 19:22:59,697 [INFO] Argument:335 - Argument : Priorityvalue: DMA_PRIORITY_HIGH
2026-07-31 19:22:59,697 [INFO] Argument:325 - Argument : FIFOModevalue: DMA_FIFOMODE_DISABLE
2026-07-31 19:22:59,697 [INFO] Argument:335 - Argument : FIFOModevalue: DMA_FIFOMODE_DISABLE
2026-07-31 19:22:59,697 [INFO] Argument:325 - Argument : FIFOThresholdvalue: null
2026-07-31 19:22:59,697 [INFO] Argument:335 - Argument : FIFOThresholdvalue: null
2026-07-31 19:22:59,697 [INFO] Argument:325 - Argument : MemBurstvalue: null
2026-07-31 19:22:59,697 [INFO] Argument:335 - Argument : MemBurstvalue: null
2026-07-31 19:22:59,697 [INFO] Argument:325 - Argument : PeriphBurstvalue: null
2026-07-31 19:22:59,697 [INFO] Argument:335 - Argument : PeriphBurstvalue: null
2026-07-31 19:22:59,697 [INFO] Argument:325 - Argument : Lockvalue: null
2026-07-31 19:22:59,697 [INFO] Argument:335 - Argument : Lockvalue: null
2026-07-31 19:22:59,697 [INFO] Argument:325 - Argument : Statevalue: null
2026-07-31 19:22:59,697 [INFO] Argument:335 - Argument : Statevalue: null
2026-07-31 19:22:59,697 [INFO] Argument:325 - Argument : Parentvalue: null
2026-07-31 19:22:59,697 [INFO] Argument:335 - Argument : Parentvalue: null
2026-07-31 19:22:59,697 [INFO] Argument:325 - Argument : XferCpltCallbackvalue: null
2026-07-31 19:22:59,697 [INFO] Argument:335 - Argument : XferCpltCallbackvalue: null
2026-07-31 19:22:59,697 [INFO] Argument:325 - Argument : XferHalfCpltCallbackvalue: null
2026-07-31 19:22:59,697 [INFO] Argument:335 - Argument : XferHalfCpltCallbackvalue: null
2026-07-31 19:22:59,697 [INFO] Argument:325 - Argument : XferM1CpltCallbackvalue: null
2026-07-31 19:22:59,697 [INFO] Argument:335 - Argument : XferM1CpltCallbackvalue: null
2026-07-31 19:22:59,697 [INFO] Argument:325 - Argument : XferErrorCallbackvalue: null
2026-07-31 19:22:59,698 [INFO] Argument:335 - Argument : XferErrorCallbackvalue: null
2026-07-31 19:22:59,698 [INFO] Argument:325 - Argument : ErrorCodevalue: null
2026-07-31 19:22:59,698 [INFO] Argument:335 - Argument : ErrorCodevalue: null
2026-07-31 19:22:59,698 [INFO] Argument:325 - Argument : hdmavalue: null
2026-07-31 19:22:59,698 [INFO] Argument:327 - 	 sub Args: 
2026-07-31 19:22:59,698 [INFO] Argument:325 - Argument : Instancevalue: DMA2_Stream7
2026-07-31 19:22:59,698 [INFO] Argument:335 - Argument : Instancevalue: DMA2_Stream7
2026-07-31 19:22:59,698 [INFO] Argument:325 - Argument : Initvalue: null
2026-07-31 19:22:59,698 [INFO] Argument:327 - 	 sub Args: 
2026-07-31 19:22:59,698 [INFO] Argument:325 - Argument : Channelvalue: DMA_CHANNEL_4
2026-07-31 19:22:59,698 [INFO] Argument:335 - Argument : Channelvalue: DMA_CHANNEL_4
2026-07-31 19:22:59,698 [INFO] Argument:325 - Argument : Directionvalue: DMA_MEMORY_TO_PERIPH
2026-07-31 19:22:59,698 [INFO] Argument:335 - Argument : Directionvalue: DMA_MEMORY_TO_PERIPH
2026-07-31 19:22:59,698 [INFO] Argument:325 - Argument : PeriphIncvalue: DMA_PINC_DISABLE
2026-07-31 19:22:59,698 [INFO] Argument:335 - Argument : PeriphIncvalue: DMA_PINC_DISABLE
2026-07-31 19:22:59,698 [INFO] Argument:325 - Argument : MemIncvalue: DMA_MINC_ENABLE
2026-07-31 19:22:59,698 [INFO] Argument:335 - Argument : MemIncvalue: DMA_MINC_ENABLE
2026-07-31 19:22:59,698 [INFO] Argument:325 - Argument : PeriphDataAlignmentvalue: DMA_PDATAALIGN_BYTE
2026-07-31 19:22:59,698 [INFO] Argument:335 - Argument : PeriphDataAlignmentvalue: DMA_PDATAALIGN_BYTE
2026-07-31 19:22:59,698 [INFO] Argument:325 - Argument : MemDataAlignmentvalue: DMA_MDATAALIGN_BYTE
2026-07-31 19:22:59,698 [INFO] Argument:335 - Argument : MemDataAlignmentvalue: DMA_MDATAALIGN_BYTE
2026-07-31 19:22:59,698 [INFO] Argument:325 - Argument : Modevalue: DMA_NORMAL
2026-07-31 19:22:59,698 [INFO] Argument:335 - Argument : Modevalue: DMA_NORMAL
2026-07-31 19:22:59,698 [INFO] Argument:325 - Argument : Priorityvalue: DMA_PRIORITY_MEDIUM
2026-07-31 19:22:59,698 [INFO] Argument:335 - Argument : Priorityvalue: DMA_PRIORITY_MEDIUM
2026-07-31 19:22:59,698 [INFO] Argument:325 - Argument : FIFOModevalue: DMA_FIFOMODE_DISABLE
2026-07-31 19:22:59,698 [INFO] Argument:335 - Argument : FIFOModevalue: DMA_FIFOMODE_DISABLE
2026-07-31 19:22:59,698 [INFO] Argument:325 - Argument : FIFOThresholdvalue: null
2026-07-31 19:22:59,698 [INFO] Argument:335 - Argument : FIFOThresholdvalue: null
2026-07-31 19:22:59,698 [INFO] Argument:325 - Argument : MemBurstvalue: null
2026-07-31 19:22:59,698 [INFO] Argument:335 - Argument : MemBurstvalue: null
2026-07-31 19:22:59,698 [INFO] Argument:325 - Argument : PeriphBurstvalue: null
2026-07-31 19:22:59,699 [INFO] Argument:335 - Argument : PeriphBurstvalue: null
2026-07-31 19:22:59,699 [INFO] Argument:325 - Argument : Lockvalue: null
2026-07-31 19:22:59,699 [INFO] Argument:335 - Argument : Lockvalue: null
2026-07-31 19:22:59,699 [INFO] Argument:325 - Argument : Statevalue: null
2026-07-31 19:22:59,699 [INFO] Argument:335 - Argument : Statevalue: null
2026-07-31 19:22:59,699 [INFO] Argument:325 - Argument : Parentvalue: null
2026-07-31 19:22:59,699 [INFO] Argument:335 - Argument : Parentvalue: null
2026-07-31 19:22:59,699 [INFO] Argument:325 - Argument : XferCpltCallbackvalue: null
2026-07-31 19:22:59,699 [INFO] Argument:335 - Argument : XferCpltCallbackvalue: null
2026-07-31 19:22:59,699 [INFO] Argument:325 - Argument : XferHalfCpltCallbackvalue: null
2026-07-31 19:22:59,699 [INFO] Argument:335 - Argument : XferHalfCpltCallbackvalue: null
2026-07-31 19:22:59,699 [INFO] Argument:325 - Argument : XferM1CpltCallbackvalue: null
2026-07-31 19:22:59,699 [INFO] Argument:335 - Argument : XferM1CpltCallbackvalue: null
2026-07-31 19:22:59,699 [INFO] Argument:325 - Argument : XferErrorCallbackvalue: null
2026-07-31 19:22:59,699 [INFO] Argument:335 - Argument : XferErrorCallbackvalue: null
2026-07-31 19:22:59,699 [INFO] Argument:325 - Argument : ErrorCodevalue: null
2026-07-31 19:22:59,699 [INFO] Argument:335 - Argument : ErrorCodevalue: null
2026-07-31 19:23:01,460 [INFO] CodeEngine:255 - oldGeneratedFile, C:\git\VehiculoTT\VehiculoTT\MXTmpFiles\license.tmp_save
2026-07-31 19:23:01,566 [INFO] CodeEngine:279 - Generated code: C:\git\VehiculoTT\VehiculoTT\MXTmpFiles\license.tmp
2026-07-31 19:23:01,606 [INFO] CodeEngine:255 - oldGeneratedFile, C:\git\VehiculoTT\VehiculoTT\MXTmpFiles\gpio.tmp_save
2026-07-31 19:23:01,749 [INFO] CodeEngine:279 - Generated code: C:\git\VehiculoTT\VehiculoTT\MXTmpFiles\gpio.tmp
2026-07-31 19:23:02,301 [INFO] Middleware:1439 - No code input for Bsp Dependency
2026-07-31 19:23:02,356 [INFO] CodeEngine:255 - oldGeneratedFile, C:\git\VehiculoTT\VehiculoTT\MXTmpFiles\rtos_inc.tmp_save
2026-07-31 19:23:02,446 [INFO] CodeEngine:279 - Generated code: C:\git\VehiculoTT\VehiculoTT\MXTmpFiles\rtos_inc.tmp
2026-07-31 19:23:02,456 [INFO] CodeEngine:255 - oldGeneratedFile, C:\git\VehiculoTT\VehiculoTT\MXTmpFiles\rtos_kernelInit.tmp_save
2026-07-31 19:23:02,526 [INFO] CodeEngine:279 - Generated code: C:\git\VehiculoTT\VehiculoTT\MXTmpFiles\rtos_kernelInit.tmp
2026-07-31 19:23:02,539 [INFO] CodeEngine:255 - oldGeneratedFile, C:\git\VehiculoTT\VehiculoTT\MXTmpFiles\rtos_kernelStart.tmp_save
2026-07-31 19:23:02,605 [INFO] CodeEngine:279 - Generated code: C:\git\VehiculoTT\VehiculoTT\MXTmpFiles\rtos_kernelStart.tmp
2026-07-31 19:23:02,614 [INFO] CodeEngine:255 - oldGeneratedFile, C:\git\VehiculoTT\VehiculoTT\MXTmpFiles\rtos_typedefs.tmp_save
2026-07-31 19:23:02,671 [INFO] CodeEngine:279 - Generated code: C:\git\VehiculoTT\VehiculoTT\MXTmpFiles\rtos_typedefs.tmp
2026-07-31 19:23:02,678 [INFO] CodeEngine:255 - oldGeneratedFile, C:\git\VehiculoTT\VehiculoTT\MXTmpFiles\rtos_vars.tmp_save
2026-07-31 19:23:02,746 [INFO] CodeEngine:279 - Generated code: C:\git\VehiculoTT\VehiculoTT\MXTmpFiles\rtos_vars.tmp
2026-07-31 19:23:02,753 [INFO] CodeEngine:255 - oldGeneratedFile, C:\git\VehiculoTT\VehiculoTT\MXTmpFiles\rtos_pfp.tmp_save
2026-07-31 19:23:02,809 [INFO] CodeEngine:279 - Generated code: C:\git\VehiculoTT\VehiculoTT\MXTmpFiles\rtos_pfp.tmp
2026-07-31 19:23:02,817 [INFO] CodeEngine:255 - oldGeneratedFile, C:\git\VehiculoTT\VehiculoTT\MXTmpFiles\rtos_obj_creat.tmp_save
2026-07-31 19:23:02,884 [INFO] CodeEngine:279 - Generated code: C:\git\VehiculoTT\VehiculoTT\MXTmpFiles\rtos_obj_creat.tmp
2026-07-31 19:23:02,892 [INFO] CodeEngine:255 - oldGeneratedFile, C:\git\VehiculoTT\VehiculoTT\MXTmpFiles\rtos_default_thread.tmp_save
2026-07-31 19:23:02,956 [INFO] CodeEngine:279 - Generated code: C:\git\VehiculoTT\VehiculoTT\MXTmpFiles\rtos_default_thread.tmp
2026-07-31 19:23:02,965 [INFO] CodeEngine:255 - oldGeneratedFile, C:\git\VehiculoTT\VehiculoTT\MXTmpFiles\rtos_threads.tmp_save
2026-07-31 19:23:03,032 [INFO] CodeEngine:279 - Generated code: C:\git\VehiculoTT\VehiculoTT\MXTmpFiles\rtos_threads.tmp
2026-07-31 19:23:03,045 [INFO] Middleware:1439 - No code input for Bsp Dependency
2026-07-31 19:23:03,067 [INFO] CodeEngine:255 - oldGeneratedFile, C:\git\VehiculoTT\VehiculoTT\MXTmpFiles\rtos_inc.tmp_save
2026-07-31 19:23:03,137 [INFO] CodeEngine:279 - Generated code: C:\git\VehiculoTT\VehiculoTT\MXTmpFiles\rtos_inc.tmp
2026-07-31 19:23:03,151 [INFO] CodeEngine:255 - oldGeneratedFile, C:\git\VehiculoTT\VehiculoTT\MXTmpFiles\rtos_kernelInit.tmp_save
2026-07-31 19:23:03,207 [INFO] CodeEngine:279 - Generated code: C:\git\VehiculoTT\VehiculoTT\MXTmpFiles\rtos_kernelInit.tmp
2026-07-31 19:23:03,218 [INFO] CodeEngine:255 - oldGeneratedFile, C:\git\VehiculoTT\VehiculoTT\MXTmpFiles\rtos_kernelStart.tmp_save
2026-07-31 19:23:03,274 [INFO] CodeEngine:279 - Generated code: C:\git\VehiculoTT\VehiculoTT\MXTmpFiles\rtos_kernelStart.tmp
2026-07-31 19:23:03,285 [INFO] CodeEngine:255 - oldGeneratedFile, C:\git\VehiculoTT\VehiculoTT\MXTmpFiles\rtos_typedefs.tmp_save
2026-07-31 19:23:03,341 [INFO] CodeEngine:279 - Generated code: C:\git\VehiculoTT\VehiculoTT\MXTmpFiles\rtos_typedefs.tmp
2026-07-31 19:23:03,365 [INFO] CodeEngine:255 - oldGeneratedFile, C:\git\VehiculoTT\VehiculoTT\MXTmpFiles\rtos_vars.tmp_save
2026-07-31 19:23:03,424 [INFO] CodeEngine:279 - Generated code: C:\git\VehiculoTT\VehiculoTT\MXTmpFiles\rtos_vars.tmp
2026-07-31 19:23:03,436 [INFO] CodeEngine:255 - oldGeneratedFile, C:\git\VehiculoTT\VehiculoTT\MXTmpFiles\rtos_pfp.tmp_save
2026-07-31 19:23:03,497 [INFO] CodeEngine:279 - Generated code: C:\git\VehiculoTT\VehiculoTT\MXTmpFiles\rtos_pfp.tmp
2026-07-31 19:23:03,515 [INFO] CodeEngine:255 - oldGeneratedFile, C:\git\VehiculoTT\VehiculoTT\MXTmpFiles\rtos_obj_creat.tmp_save
2026-07-31 19:23:03,575 [INFO] CodeEngine:279 - Generated code: C:\git\VehiculoTT\VehiculoTT\MXTmpFiles\rtos_obj_creat.tmp
2026-07-31 19:23:03,587 [INFO] CodeEngine:255 - oldGeneratedFile, C:\git\VehiculoTT\VehiculoTT\MXTmpFiles\rtos_default_thread.tmp_save
2026-07-31 19:23:03,646 [INFO] CodeEngine:279 - Generated code: C:\git\VehiculoTT\VehiculoTT\MXTmpFiles\rtos_default_thread.tmp
2026-07-31 19:23:03,658 [INFO] CodeEngine:255 - oldGeneratedFile, C:\git\VehiculoTT\VehiculoTT\MXTmpFiles\rtos_threads.tmp_save
2026-07-31 19:23:03,715 [INFO] CodeEngine:279 - Generated code: C:\git\VehiculoTT\VehiculoTT\MXTmpFiles\rtos_threads.tmp
2026-07-31 19:23:03,734 [INFO] CodeEngine:255 - oldGeneratedFile, C:\git\VehiculoTT\VehiculoTT\Core\Inc\FreeRTOSConfig.h_save
2026-07-31 19:23:03,805 [INFO] CodeEngine:279 - Generated code: C:\git\VehiculoTT\VehiculoTT\Core\Inc\FreeRTOSConfig.h
2026-07-31 19:23:03,825 [INFO] CodeEngine:255 - oldGeneratedFile, C:\git\VehiculoTT\VehiculoTT\Core\Src\freertos.c_save
2026-07-31 19:23:03,890 [INFO] CodeEngine:279 - Generated code: C:\git\VehiculoTT\VehiculoTT\Core\Src\freertos.c
2026-07-31 19:23:03,935 [INFO] CodeEngine:255 - oldGeneratedFile, C:\git\VehiculoTT\VehiculoTT\MXTmpFiles\dma.tmp_save
2026-07-31 19:23:04,007 [INFO] CodeEngine:279 - Generated code: C:\git\VehiculoTT\VehiculoTT\MXTmpFiles\dma.tmp
2026-07-31 19:23:04,014 [INFO] CodeEngine:255 - oldGeneratedFile, C:\git\VehiculoTT\VehiculoTT\MXTmpFiles\dma_GV.tmp_save
2026-07-31 19:23:04,066 [INFO] CodeEngine:279 - Generated code: C:\git\VehiculoTT\VehiculoTT\MXTmpFiles\dma_GV.tmp
2026-07-31 19:23:04,098 [INFO] CodeEngine:255 - oldGeneratedFile, C:\git\VehiculoTT\VehiculoTT\Core\Src\stm32f4xx_it.c_save
2026-07-31 19:23:04,327 [INFO] CodeEngine:279 - Generated code: C:\git\VehiculoTT\VehiculoTT\Core\Src\stm32f4xx_it.c
2026-07-31 19:23:04,355 [INFO] CodeEngine:255 - oldGeneratedFile, C:\git\VehiculoTT\VehiculoTT\Core\Inc\stm32f4xx_it.h_save
2026-07-31 19:23:04,438 [INFO] CodeEngine:279 - Generated code: C:\git\VehiculoTT\VehiculoTT\Core\Inc\stm32f4xx_it.h
2026-07-31 19:23:04,478 [INFO] CodeEngine:255 - oldGeneratedFile, C:\git\VehiculoTT\VehiculoTT\Core\Src\stm32f4xx_hal_msp.c_save
2026-07-31 19:23:04,687 [INFO] CodeEngine:279 - Generated code: C:\git\VehiculoTT\VehiculoTT\Core\Src\stm32f4xx_hal_msp.c
2026-07-31 19:23:04,704 [INFO] CodeEngine:255 - oldGeneratedFile, C:\git\VehiculoTT\VehiculoTT\MXTmpFiles\system.tmp_save
2026-07-31 19:23:04,768 [INFO] CodeEngine:279 - Generated code: C:\git\VehiculoTT\VehiculoTT\MXTmpFiles\system.tmp
2026-07-31 19:23:04,787 [INFO] CodeEngine:255 - oldGeneratedFile, C:\git\VehiculoTT\VehiculoTT\Core\Src\stm32f4xx_hal_timebase_tim.c_save
2026-07-31 19:23:04,858 [INFO] CodeEngine:279 - Generated code: C:\git\VehiculoTT\VehiculoTT\Core\Src\stm32f4xx_hal_timebase_tim.c
2026-07-31 19:23:04,894 [INFO] CodeEngine:311 - oldGeneratedFile, C:\git\VehiculoTT\VehiculoTT\Core\Inc\stm32f4xx_hal_conf.h_save
2026-07-31 19:23:04,990 [INFO] CodeEngine:335 - Generated code: C:\git\VehiculoTT\VehiculoTT\Core\Inc\stm32f4xx_hal_conf.h
2026-07-31 19:23:05,018 [WARN] IPConfigManager:3513 - IP not found : TIM
2026-07-31 19:23:05,019 [WARN] CodeGenerator:3951 - IP not found : null
2026-07-31 19:23:05,041 [INFO] CodeEngine:255 - oldGeneratedFile, C:\git\VehiculoTT\VehiculoTT\Core\Inc\main.h_save
2026-07-31 19:23:05,141 [INFO] CodeEngine:279 - Generated code: C:\git\VehiculoTT\VehiculoTT\Core\Inc\main.h
2026-07-31 19:23:05,168 [INFO] CodeEngine:255 - oldGeneratedFile, C:\git\VehiculoTT\VehiculoTT\Core\Src\main.c_save
2026-07-31 19:23:05,374 [INFO] CodeEngine:279 - Generated code: C:\git\VehiculoTT\VehiculoTT\Core\Src\main.c
2026-07-31 19:23:06,221 [INFO] ProjectBuilder:3163 - Time for Copy HAL[1] : 663mS.
2026-07-31 19:23:06,233 [INFO] ProjectBuilder:4736 - Project Generator version: 4.3.0-B58
2026-07-31 19:23:06,297 [INFO] ConfigFileManager:1503 - The Die is : DIE431
2026-07-31 19:23:08,539 [INFO] ProjectBuilder:5002 - Time for Generating toolchain IDE Files: 2306mS.
2026-07-31 19:23:08,542 [INFO] ProjectBuilder:3034 - Time for Copy CMSIS : 2mS.
2026-07-31 19:23:08,583 [INFO] ProjectBuilder:3034 - Time for Copy CMSIS : 1mS.
2026-07-31 19:35:09,731 [INFO] UtilMem:75 - End SaveConfig() Used Memory: 888084352 Bytes (1073741824)
2026-07-31 19:35:09,804 [INFO] UtilMem:75 - End SaveConfig() Used Memory: 902238080 Bytes (1073741824)
2026-07-31 19:36:01,046 [INFO] UtilMem:75 - End SaveConfig() Used Memory: 822838136 Bytes (1073741824)
2026-07-31 19:36:01,275 [INFO] BlockDiagram:2759 - set Specific Code input for plugin: NVIC
2026-07-31 19:36:01,275 [INFO] BlockDiagram:2759 - set Specific Code input for plugin: FREERTOS
2026-07-31 19:36:01,275 [INFO] BlockDiagram:2759 - set Specific Code input for plugin: USART
2026-07-31 19:36:01,275 [INFO] BlockDiagram:2759 - set Specific Code input for plugin: DMA
2026-07-31 19:36:01,275 [INFO] BlockDiagram:2759 - set Specific Code input for plugin: TIM1_8
2026-07-31 19:36:01,275 [INFO] BlockDiagram:2759 - set Specific Code input for plugin: TIM1_8
2026-07-31 19:36:01,275 [INFO] BlockDiagram:2759 - set Specific Code input for plugin: TIM1_8
2026-07-31 19:36:01,275 [INFO] BlockDiagram:2759 - set Specific Code input for plugin: SYS
2026-07-31 19:36:01,276 [INFO] BlockDiagram:2759 - set Specific Code input for plugin: GPIO
2026-07-31 19:36:01,276 [INFO] BlockDiagram:2759 - set Specific Code input for plugin: ADC
2026-07-31 19:36:01,276 [INFO] BlockDiagram:2759 - set Specific Code input for plugin: RCC
2026-07-31 19:36:01,276 [INFO] BlockDiagram:2759 - set Specific Code input for plugin: I2C
2026-07-31 19:36:01,278 [INFO] CodeGenerator:807 - code generatio: config db path: D:\Documentos\Electronica\Nueva carpeta\STM32CubeIDE_1.15.0\STM32CubeIDE\plugins\com.st.stm32cube.common.mx_6.11.0.202403141607\\db\
2026-07-31 19:36:01,284 [INFO] Argument:325 - Argument : hdmavalue: null
2026-07-31 19:36:01,284 [INFO] Argument:327 - 	 sub Args: 
2026-07-31 19:36:01,284 [INFO] Argument:325 - Argument : Instancevalue: DMA2_Stream0
2026-07-31 19:36:01,284 [INFO] Argument:335 - Argument : Instancevalue: DMA2_Stream0
2026-07-31 19:36:01,284 [INFO] Argument:325 - Argument : Initvalue: null
2026-07-31 19:36:01,284 [INFO] Argument:327 - 	 sub Args: 
2026-07-31 19:36:01,284 [INFO] Argument:325 - Argument : Channelvalue: DMA_CHANNEL_0
2026-07-31 19:36:01,285 [INFO] Argument:335 - Argument : Channelvalue: DMA_CHANNEL_0
2026-07-31 19:36:01,285 [INFO] Argument:325 - Argument : Directionvalue: DMA_PERIPH_TO_MEMORY
2026-07-31 19:36:01,285 [INFO] Argument:335 - Argument : Directionvalue: DMA_PERIPH_TO_MEMORY
2026-07-31 19:36:01,285 [INFO] Argument:325 - Argument : PeriphIncvalue: DMA_PINC_DISABLE
2026-07-31 19:36:01,285 [INFO] Argument:335 - Argument : PeriphIncvalue: DMA_PINC_DISABLE
2026-07-31 19:36:01,285 [INFO] Argument:325 - Argument : MemIncvalue: DMA_MINC_ENABLE
2026-07-31 19:36:01,285 [INFO] Argument:335 - Argument : MemIncvalue: DMA_MINC_ENABLE
2026-07-31 19:36:01,285 [INFO] Argument:325 - Argument : PeriphDataAlignmentvalue: DMA_PDATAALIGN_HALFWORD
2026-07-31 19:36:01,285 [INFO] Argument:335 - Argument : PeriphDataAlignmentvalue: DMA_PDATAALIGN_HALFWORD
2026-07-31 19:36:01,285 [INFO] Argument:325 - Argument : MemDataAlignmentvalue: DMA_MDATAALIGN_HALFWORD
2026-07-31 19:36:01,285 [INFO] Argument:335 - Argument : MemDataAlignmentvalue: DMA_MDATAALIGN_HALFWORD
2026-07-31 19:36:01,285 [INFO] Argument:325 - Argument : Modevalue: DMA_CIRCULAR
2026-07-31 19:36:01,285 [INFO] Argument:335 - Argument : Modevalue: DMA_CIRCULAR
2026-07-31 19:36:01,285 [INFO] Argument:325 - Argument : Priorityvalue: DMA_PRIORITY_LOW
2026-07-31 19:36:01,285 [INFO] Argument:335 - Argument : Priorityvalue: DMA_PRIORITY_LOW
2026-07-31 19:36:01,285 [INFO] Argument:325 - Argument : FIFOModevalue: DMA_FIFOMODE_DISABLE
2026-07-31 19:36:01,285 [INFO] Argument:335 - Argument : FIFOModevalue: DMA_FIFOMODE_DISABLE
2026-07-31 19:36:01,285 [INFO] Argument:325 - Argument : FIFOThresholdvalue: null
2026-07-31 19:36:01,285 [INFO] Argument:335 - Argument : FIFOThresholdvalue: null
2026-07-31 19:36:01,285 [INFO] Argument:325 - Argument : MemBurstvalue: null
2026-07-31 19:36:01,285 [INFO] Argument:335 - Argument : MemBurstvalue: null
2026-07-31 19:36:01,285 [INFO] Argument:325 - Argument : PeriphBurstvalue: null
2026-07-31 19:36:01,285 [INFO] Argument:335 - Argument : PeriphBurstvalue: null
2026-07-31 19:36:01,285 [INFO] Argument:325 - Argument : Lockvalue: null
2026-07-31 19:36:01,285 [INFO] Argument:335 - Argument : Lockvalue: null
2026-07-31 19:36:01,285 [INFO] Argument:325 - Argument : Statevalue: null
2026-07-31 19:36:01,285 [INFO] Argument:335 - Argument : Statevalue: null
2026-07-31 19:36:01,285 [INFO] Argument:325 - Argument : Parentvalue: null
2026-07-31 19:36:01,285 [INFO] Argument:335 - Argument : Parentvalue: null
2026-07-31 19:36:01,285 [INFO] Argument:325 - Argument : XferCpltCallbackvalue: null
2026-07-31 19:36:01,285 [INFO] Argument:335 - Argument : XferCpltCallbackvalue: null
2026-07-31 19:36:01,285 [INFO] Argument:325 - Argument : XferHalfCpltCallbackvalue: null
2026-07-31 19:36:01,285 [INFO] Argument:335 - Argument : XferHalfCpltCallbackvalue: null
2026-07-31 19:36:01,285 [INFO] Argument:325 - Argument : XferM1CpltCallbackvalue: null
2026-07-31 19:36:01,285 [INFO] Argument:335 - Argument : XferM1CpltCallbackvalue: null
2026-07-31 19:36:01,286 [INFO] Argument:325 - Argument : XferErrorCallbackvalue: null
2026-07-31 19:36:01,286 [INFO] Argument:335 - Argument : XferErrorCallbackvalue: null
2026-07-31 19:36:01,286 [INFO] Argument:325 - Argument : ErrorCodevalue: null
2026-07-31 19:36:01,286 [INFO] Argument:335 - Argument : ErrorCodevalue: null
2026-07-31 19:36:01,291 [WARN] IP:2120 - I2C_Coeff_DF not found: check if there is a RefParameter without a condition.
2026-07-31 19:36:01,291 [WARN] IP:2120 - Analog_Filter not found: check if there is a RefParameter without a condition.
2026-07-31 19:36:01,314 [INFO] Argument:325 - Argument : hdmavalue: null
2026-07-31 19:36:01,315 [INFO] Argument:327 - 	 sub Args: 
2026-07-31 19:36:01,315 [INFO] Argument:325 - Argument : Instancevalue: DMA2_Stream2
2026-07-31 19:36:01,315 [INFO] Argument:335 - Argument : Instancevalue: DMA2_Stream2
2026-07-31 19:36:01,315 [INFO] Argument:325 - Argument : Initvalue: null
2026-07-31 19:36:01,315 [INFO] Argument:327 - 	 sub Args: 
2026-07-31 19:36:01,315 [INFO] Argument:325 - Argument : Channelvalue: DMA_CHANNEL_4
2026-07-31 19:36:01,315 [INFO] Argument:335 - Argument : Channelvalue: DMA_CHANNEL_4
2026-07-31 19:36:01,315 [INFO] Argument:325 - Argument : Directionvalue: DMA_PERIPH_TO_MEMORY
2026-07-31 19:36:01,315 [INFO] Argument:335 - Argument : Directionvalue: DMA_PERIPH_TO_MEMORY
2026-07-31 19:36:01,315 [INFO] Argument:325 - Argument : PeriphIncvalue: DMA_PINC_DISABLE
2026-07-31 19:36:01,315 [INFO] Argument:335 - Argument : PeriphIncvalue: DMA_PINC_DISABLE
2026-07-31 19:36:01,315 [INFO] Argument:325 - Argument : MemIncvalue: DMA_MINC_ENABLE
2026-07-31 19:36:01,315 [INFO] Argument:335 - Argument : MemIncvalue: DMA_MINC_ENABLE
2026-07-31 19:36:01,315 [INFO] Argument:325 - Argument : PeriphDataAlignmentvalue: DMA_PDATAALIGN_BYTE
2026-07-31 19:36:01,315 [INFO] Argument:335 - Argument : PeriphDataAlignmentvalue: DMA_PDATAALIGN_BYTE
2026-07-31 19:36:01,315 [INFO] Argument:325 - Argument : MemDataAlignmentvalue: DMA_MDATAALIGN_BYTE
2026-07-31 19:36:01,315 [INFO] Argument:335 - Argument : MemDataAlignmentvalue: DMA_MDATAALIGN_BYTE
2026-07-31 19:36:01,315 [INFO] Argument:325 - Argument : Modevalue: DMA_CIRCULAR
2026-07-31 19:36:01,315 [INFO] Argument:335 - Argument : Modevalue: DMA_CIRCULAR
2026-07-31 19:36:01,315 [INFO] Argument:325 - Argument : Priorityvalue: DMA_PRIORITY_HIGH
2026-07-31 19:36:01,315 [INFO] Argument:335 - Argument : Priorityvalue: DMA_PRIORITY_HIGH
2026-07-31 19:36:01,315 [INFO] Argument:325 - Argument : FIFOModevalue: DMA_FIFOMODE_DISABLE
2026-07-31 19:36:01,315 [INFO] Argument:335 - Argument : FIFOModevalue: DMA_FIFOMODE_DISABLE
2026-07-31 19:36:01,315 [INFO] Argument:325 - Argument : FIFOThresholdvalue: null
2026-07-31 19:36:01,315 [INFO] Argument:335 - Argument : FIFOThresholdvalue: null
2026-07-31 19:36:01,315 [INFO] Argument:325 - Argument : MemBurstvalue: null
2026-07-31 19:36:01,315 [INFO] Argument:335 - Argument : MemBurstvalue: null
2026-07-31 19:36:01,315 [INFO] Argument:325 - Argument : PeriphBurstvalue: null
2026-07-31 19:36:01,315 [INFO] Argument:335 - Argument : PeriphBurstvalue: null
2026-07-31 19:36:01,315 [INFO] Argument:325 - Argument : Lockvalue: null
2026-07-31 19:36:01,315 [INFO] Argument:335 - Argument : Lockvalue: null
2026-07-31 19:36:01,315 [INFO] Argument:325 - Argument : Statevalue: null
2026-07-31 19:36:01,315 [INFO] Argument:335 - Argument : Statevalue: null
2026-07-31 19:36:01,315 [INFO] Argument:325 - Argument : Parentvalue: null
2026-07-31 19:36:01,315 [INFO] Argument:335 - Argument : Parentvalue: null
2026-07-31 19:36:01,315 [INFO] Argument:325 - Argument : XferCpltCallbackvalue: null
2026-07-31 19:36:01,315 [INFO] Argument:335 - Argument : XferCpltCallbackvalue: null
2026-07-31 19:36:01,315 [INFO] Argument:325 - Argument : XferHalfCpltCallbackvalue: null
2026-07-31 19:36:01,315 [INFO] Argument:335 - Argument : XferHalfCpltCallbackvalue: null
2026-07-31 19:36:01,315 [INFO] Argument:325 - Argument : XferM1CpltCallbackvalue: null
2026-07-31 19:36:01,315 [INFO] Argument:335 - Argument : XferM1CpltCallbackvalue: null
2026-07-31 19:36:01,315 [INFO] Argument:325 - Argument : XferErrorCallbackvalue: null
2026-07-31 19:36:01,315 [INFO] Argument:335 - Argument : XferErrorCallbackvalue: null
2026-07-31 19:36:01,315 [INFO] Argument:325 - Argument : ErrorCodevalue: null
2026-07-31 19:36:01,315 [INFO] Argument:335 - Argument : ErrorCodevalue: null
2026-07-31 19:36:01,316 [INFO] Argument:325 - Argument : hdmavalue: null
2026-07-31 19:36:01,316 [INFO] Argument:327 - 	 sub Args: 
2026-07-31 19:36:01,316 [INFO] Argument:325 - Argument : Instancevalue: DMA2_Stream7
2026-07-31 19:36:01,316 [INFO] Argument:335 - Argument : Instancevalue: DMA2_Stream7
2026-07-31 19:36:01,316 [INFO] Argument:325 - Argument : Initvalue: null
2026-07-31 19:36:01,316 [INFO] Argument:327 - 	 sub Args: 
2026-07-31 19:36:01,316 [INFO] Argument:325 - Argument : Channelvalue: DMA_CHANNEL_4
2026-07-31 19:36:01,316 [INFO] Argument:335 - Argument : Channelvalue: DMA_CHANNEL_4
2026-07-31 19:36:01,316 [INFO] Argument:325 - Argument : Directionvalue: DMA_MEMORY_TO_PERIPH
2026-07-31 19:36:01,316 [INFO] Argument:335 - Argument : Directionvalue: DMA_MEMORY_TO_PERIPH
2026-07-31 19:36:01,316 [INFO] Argument:325 - Argument : PeriphIncvalue: DMA_PINC_DISABLE
2026-07-31 19:36:01,316 [INFO] Argument:335 - Argument : PeriphIncvalue: DMA_PINC_DISABLE
2026-07-31 19:36:01,316 [INFO] Argument:325 - Argument : MemIncvalue: DMA_MINC_ENABLE
2026-07-31 19:36:01,316 [INFO] Argument:335 - Argument : MemIncvalue: DMA_MINC_ENABLE
2026-07-31 19:36:01,316 [INFO] Argument:325 - Argument : PeriphDataAlignmentvalue: DMA_PDATAALIGN_BYTE
2026-07-31 19:36:01,316 [INFO] Argument:335 - Argument : PeriphDataAlignmentvalue: DMA_PDATAALIGN_BYTE
2026-07-31 19:36:01,316 [INFO] Argument:325 - Argument : MemDataAlignmentvalue: DMA_MDATAALIGN_BYTE
2026-07-31 19:36:01,316 [INFO] Argument:335 - Argument : MemDataAlignmentvalue: DMA_MDATAALIGN_BYTE
2026-07-31 19:36:01,316 [INFO] Argument:325 - Argument : Modevalue: DMA_NORMAL
2026-07-31 19:36:01,316 [INFO] Argument:335 - Argument : Modevalue: DMA_NORMAL
2026-07-31 19:36:01,316 [INFO] Argument:325 - Argument : Priorityvalue: DMA_PRIORITY_MEDIUM
2026-07-31 19:36:01,316 [INFO] Argument:335 - Argument : Priorityvalue: DMA_PRIORITY_MEDIUM
2026-07-31 19:36:01,316 [INFO] Argument:325 - Argument : FIFOModevalue: DMA_FIFOMODE_DISABLE
2026-07-31 19:36:01,316 [INFO] Argument:335 - Argument : FIFOModevalue: DMA_FIFOMODE_DISABLE
2026-07-31 19:36:01,316 [INFO] Argument:325 - Argument : FIFOThresholdvalue: null
2026-07-31 19:36:01,316 [INFO] Argument:335 - Argument : FIFOThresholdvalue: null
2026-07-31 19:36:01,316 [INFO] Argument:325 - Argument : MemBurstvalue: null
2026-07-31 19:36:01,316 [INFO] Argument:335 - Argument : MemBurstvalue: null
2026-07-31 19:36:01,316 [INFO] Argument:325 - Argument : PeriphBurstvalue: null
2026-07-31 19:36:01,316 [INFO] Argument:335 - Argument : PeriphBurstvalue: null
2026-07-31 19:36:01,316 [INFO] Argument:325 - Argument : Lockvalue: null
2026-07-31 19:36:01,316 [INFO] Argument:335 - Argument : Lockvalue: null
2026-07-31 19:36:01,317 [INFO] Argument:325 - Argument : Statevalue: null
2026-07-31 19:36:01,317 [INFO] Argument:335 - Argument : Statevalue: null
2026-07-31 19:36:01,317 [INFO] Argument:325 - Argument : Parentvalue: null
2026-07-31 19:36:01,317 [INFO] Argument:335 - Argument : Parentvalue: null
2026-07-31 19:36:01,317 [INFO] Argument:325 - Argument : XferCpltCallbackvalue: null
2026-07-31 19:36:01,317 [INFO] Argument:335 - Argument : XferCpltCallbackvalue: null
2026-07-31 19:36:01,317 [INFO] Argument:325 - Argument : XferHalfCpltCallbackvalue: null
2026-07-31 19:36:01,317 [INFO] Argument:335 - Argument : XferHalfCpltCallbackvalue: null
2026-07-31 19:36:01,317 [INFO] Argument:325 - Argument : XferM1CpltCallbackvalue: null
2026-07-31 19:36:01,317 [INFO] Argument:335 - Argument : XferM1CpltCallbackvalue: null
2026-07-31 19:36:01,317 [INFO] Argument:325 - Argument : XferErrorCallbackvalue: null
2026-07-31 19:36:01,317 [INFO] Argument:335 - Argument : XferErrorCallbackvalue: null
2026-07-31 19:36:01,317 [INFO] Argument:325 - Argument : ErrorCodevalue: null
2026-07-31 19:36:01,317 [INFO] Argument:335 - Argument : ErrorCodevalue: null
2026-07-31 19:36:01,391 [INFO] CodeEngine:255 - oldGeneratedFile, C:\git\VehiculoTT\VehiculoTT\MXTmpFiles\license.tmp_save
2026-07-31 19:36:01,472 [INFO] CodeEngine:279 - Generated code: C:\git\VehiculoTT\VehiculoTT\MXTmpFiles\license.tmp
2026-07-31 19:36:01,517 [INFO] CodeEngine:255 - oldGeneratedFile, C:\git\VehiculoTT\VehiculoTT\MXTmpFiles\gpio.tmp_save
2026-07-31 19:36:01,625 [INFO] CodeEngine:279 - Generated code: C:\git\VehiculoTT\VehiculoTT\MXTmpFiles\gpio.tmp
2026-07-31 19:36:02,020 [INFO] Middleware:1439 - No code input for Bsp Dependency
2026-07-31 19:36:02,033 [INFO] CodeEngine:255 - oldGeneratedFile, C:\git\VehiculoTT\VehiculoTT\MXTmpFiles\rtos_inc.tmp_save
2026-07-31 19:36:02,115 [INFO] CodeEngine:279 - Generated code: C:\git\VehiculoTT\VehiculoTT\MXTmpFiles\rtos_inc.tmp
2026-07-31 19:36:02,121 [INFO] CodeEngine:255 - oldGeneratedFile, C:\git\VehiculoTT\VehiculoTT\MXTmpFiles\rtos_kernelInit.tmp_save
2026-07-31 19:36:02,177 [INFO] CodeEngine:279 - Generated code: C:\git\VehiculoTT\VehiculoTT\MXTmpFiles\rtos_kernelInit.tmp
2026-07-31 19:36:02,183 [INFO] CodeEngine:255 - oldGeneratedFile, C:\git\VehiculoTT\VehiculoTT\MXTmpFiles\rtos_kernelStart.tmp_save
2026-07-31 19:36:02,238 [INFO] CodeEngine:279 - Generated code: C:\git\VehiculoTT\VehiculoTT\MXTmpFiles\rtos_kernelStart.tmp
2026-07-31 19:36:02,245 [INFO] CodeEngine:255 - oldGeneratedFile, C:\git\VehiculoTT\VehiculoTT\MXTmpFiles\rtos_typedefs.tmp_save
2026-07-31 19:36:02,302 [INFO] CodeEngine:279 - Generated code: C:\git\VehiculoTT\VehiculoTT\MXTmpFiles\rtos_typedefs.tmp
2026-07-31 19:36:02,309 [INFO] CodeEngine:255 - oldGeneratedFile, C:\git\VehiculoTT\VehiculoTT\MXTmpFiles\rtos_vars.tmp_save
2026-07-31 19:36:02,389 [INFO] CodeEngine:279 - Generated code: C:\git\VehiculoTT\VehiculoTT\MXTmpFiles\rtos_vars.tmp
2026-07-31 19:36:02,398 [INFO] CodeEngine:255 - oldGeneratedFile, C:\git\VehiculoTT\VehiculoTT\MXTmpFiles\rtos_pfp.tmp_save
2026-07-31 19:36:02,469 [INFO] CodeEngine:279 - Generated code: C:\git\VehiculoTT\VehiculoTT\MXTmpFiles\rtos_pfp.tmp
2026-07-31 19:36:02,477 [INFO] CodeEngine:255 - oldGeneratedFile, C:\git\VehiculoTT\VehiculoTT\MXTmpFiles\rtos_obj_creat.tmp_save
2026-07-31 19:36:02,550 [INFO] CodeEngine:279 - Generated code: C:\git\VehiculoTT\VehiculoTT\MXTmpFiles\rtos_obj_creat.tmp
2026-07-31 19:36:02,559 [INFO] CodeEngine:255 - oldGeneratedFile, C:\git\VehiculoTT\VehiculoTT\MXTmpFiles\rtos_default_thread.tmp_save
2026-07-31 19:36:02,621 [INFO] CodeEngine:279 - Generated code: C:\git\VehiculoTT\VehiculoTT\MXTmpFiles\rtos_default_thread.tmp
2026-07-31 19:36:02,629 [INFO] CodeEngine:255 - oldGeneratedFile, C:\git\VehiculoTT\VehiculoTT\MXTmpFiles\rtos_threads.tmp_save
2026-07-31 19:36:02,714 [INFO] CodeEngine:279 - Generated code: C:\git\VehiculoTT\VehiculoTT\MXTmpFiles\rtos_threads.tmp
2026-07-31 19:36:02,727 [INFO] Middleware:1439 - No code input for Bsp Dependency
2026-07-31 19:36:02,741 [INFO] CodeEngine:255 - oldGeneratedFile, C:\git\VehiculoTT\VehiculoTT\MXTmpFiles\rtos_inc.tmp_save
2026-07-31 19:36:02,810 [INFO] CodeEngine:279 - Generated code: C:\git\VehiculoTT\VehiculoTT\MXTmpFiles\rtos_inc.tmp
2026-07-31 19:36:02,822 [INFO] CodeEngine:255 - oldGeneratedFile, C:\git\VehiculoTT\VehiculoTT\MXTmpFiles\rtos_kernelInit.tmp_save
2026-07-31 19:36:02,881 [INFO] CodeEngine:279 - Generated code: C:\git\VehiculoTT\VehiculoTT\MXTmpFiles\rtos_kernelInit.tmp
2026-07-31 19:36:02,893 [INFO] CodeEngine:255 - oldGeneratedFile, C:\git\VehiculoTT\VehiculoTT\MXTmpFiles\rtos_kernelStart.tmp_save
2026-07-31 19:36:02,950 [INFO] CodeEngine:279 - Generated code: C:\git\VehiculoTT\VehiculoTT\MXTmpFiles\rtos_kernelStart.tmp
2026-07-31 19:36:02,961 [INFO] CodeEngine:255 - oldGeneratedFile, C:\git\VehiculoTT\VehiculoTT\MXTmpFiles\rtos_typedefs.tmp_save
2026-07-31 19:36:03,018 [INFO] CodeEngine:279 - Generated code: C:\git\VehiculoTT\VehiculoTT\MXTmpFiles\rtos_typedefs.tmp
2026-07-31 19:36:03,040 [INFO] CodeEngine:255 - oldGeneratedFile, C:\git\VehiculoTT\VehiculoTT\MXTmpFiles\rtos_vars.tmp_save
2026-07-31 19:36:03,109 [INFO] CodeEngine:279 - Generated code: C:\git\VehiculoTT\VehiculoTT\MXTmpFiles\rtos_vars.tmp
2026-07-31 19:36:03,121 [INFO] CodeEngine:255 - oldGeneratedFile, C:\git\VehiculoTT\VehiculoTT\MXTmpFiles\rtos_pfp.tmp_save
2026-07-31 19:36:03,178 [INFO] CodeEngine:279 - Generated code: C:\git\VehiculoTT\VehiculoTT\MXTmpFiles\rtos_pfp.tmp
2026-07-31 19:36:03,196 [INFO] CodeEngine:255 - oldGeneratedFile, C:\git\VehiculoTT\VehiculoTT\MXTmpFiles\rtos_obj_creat.tmp_save
2026-07-31 19:36:03,263 [INFO] CodeEngine:279 - Generated code: C:\git\VehiculoTT\VehiculoTT\MXTmpFiles\rtos_obj_creat.tmp
2026-07-31 19:36:03,272 [INFO] CodeEngine:255 - oldGeneratedFile, C:\git\VehiculoTT\VehiculoTT\MXTmpFiles\rtos_default_thread.tmp_save
2026-07-31 19:36:03,329 [INFO] CodeEngine:279 - Generated code: C:\git\VehiculoTT\VehiculoTT\MXTmpFiles\rtos_default_thread.tmp
2026-07-31 19:36:03,339 [INFO] CodeEngine:255 - oldGeneratedFile, C:\git\VehiculoTT\VehiculoTT\MXTmpFiles\rtos_threads.tmp_save
2026-07-31 19:36:03,398 [INFO] CodeEngine:279 - Generated code: C:\git\VehiculoTT\VehiculoTT\MXTmpFiles\rtos_threads.tmp
2026-07-31 19:36:03,419 [INFO] CodeEngine:255 - oldGeneratedFile, C:\git\VehiculoTT\VehiculoTT\Core\Inc\FreeRTOSConfig.h_save
2026-07-31 19:36:03,491 [INFO] CodeEngine:279 - Generated code: C:\git\VehiculoTT\VehiculoTT\Core\Inc\FreeRTOSConfig.h
2026-07-31 19:36:03,511 [INFO] CodeEngine:255 - oldGeneratedFile, C:\git\VehiculoTT\VehiculoTT\Core\Src\freertos.c_save
2026-07-31 19:36:03,582 [INFO] CodeEngine:279 - Generated code: C:\git\VehiculoTT\VehiculoTT\Core\Src\freertos.c
2026-07-31 19:36:03,631 [INFO] CodeEngine:255 - oldGeneratedFile, C:\git\VehiculoTT\VehiculoTT\MXTmpFiles\dma.tmp_save
2026-07-31 19:36:03,701 [INFO] CodeEngine:279 - Generated code: C:\git\VehiculoTT\VehiculoTT\MXTmpFiles\dma.tmp
2026-07-31 19:36:03,708 [INFO] CodeEngine:255 - oldGeneratedFile, C:\git\VehiculoTT\VehiculoTT\MXTmpFiles\dma_GV.tmp_save
2026-07-31 19:36:03,762 [INFO] CodeEngine:279 - Generated code: C:\git\VehiculoTT\VehiculoTT\MXTmpFiles\dma_GV.tmp
2026-07-31 19:36:03,795 [INFO] CodeEngine:255 - oldGeneratedFile, C:\git\VehiculoTT\VehiculoTT\Core\Src\stm32f4xx_it.c_save
2026-07-31 19:36:03,978 [INFO] CodeEngine:279 - Generated code: C:\git\VehiculoTT\VehiculoTT\Core\Src\stm32f4xx_it.c
2026-07-31 19:36:04,000 [INFO] CodeEngine:255 - oldGeneratedFile, C:\git\VehiculoTT\VehiculoTT\Core\Inc\stm32f4xx_it.h_save
2026-07-31 19:36:04,074 [INFO] CodeEngine:279 - Generated code: C:\git\VehiculoTT\VehiculoTT\Core\Inc\stm32f4xx_it.h
2026-07-31 19:36:04,111 [INFO] CodeEngine:255 - oldGeneratedFile, C:\git\VehiculoTT\VehiculoTT\Core\Src\stm32f4xx_hal_msp.c_save
2026-07-31 19:36:04,280 [INFO] CodeEngine:279 - Generated code: C:\git\VehiculoTT\VehiculoTT\Core\Src\stm32f4xx_hal_msp.c
2026-07-31 19:36:04,294 [INFO] CodeEngine:255 - oldGeneratedFile, C:\git\VehiculoTT\VehiculoTT\MXTmpFiles\system.tmp_save
2026-07-31 19:36:04,355 [INFO] CodeEngine:279 - Generated code: C:\git\VehiculoTT\VehiculoTT\MXTmpFiles\system.tmp
2026-07-31 19:36:04,376 [INFO] CodeEngine:255 - oldGeneratedFile, C:\git\VehiculoTT\VehiculoTT\Core\Src\stm32f4xx_hal_timebase_tim.c_save
2026-07-31 19:36:04,447 [INFO] CodeEngine:279 - Generated code: C:\git\VehiculoTT\VehiculoTT\Core\Src\stm32f4xx_hal_timebase_tim.c
2026-07-31 19:36:04,478 [INFO] CodeEngine:311 - oldGeneratedFile, C:\git\VehiculoTT\VehiculoTT\Core\Inc\stm32f4xx_hal_conf.h_save
2026-07-31 19:36:04,570 [INFO] CodeEngine:335 - Generated code: C:\git\VehiculoTT\VehiculoTT\Core\Inc\stm32f4xx_hal_conf.h
2026-07-31 19:36:04,600 [WARN] IPConfigManager:3513 - IP not found : TIM
2026-07-31 19:36:04,600 [WARN] CodeGenerator:3951 - IP not found : null
2026-07-31 19:36:04,629 [INFO] CodeEngine:255 - oldGeneratedFile, C:\git\VehiculoTT\VehiculoTT\Core\Inc\main.h_save
2026-07-31 19:36:04,728 [INFO] CodeEngine:279 - Generated code: C:\git\VehiculoTT\VehiculoTT\Core\Inc\main.h
2026-07-31 19:36:04,751 [INFO] CodeEngine:255 - oldGeneratedFile, C:\git\VehiculoTT\VehiculoTT\Core\Src\main.c_save
2026-07-31 19:36:04,949 [INFO] CodeEngine:279 - Generated code: C:\git\VehiculoTT\VehiculoTT\Core\Src\main.c
2026-07-31 19:36:05,791 [INFO] ProjectBuilder:3163 - Time for Copy HAL[1] : 666mS.
2026-07-31 19:36:05,801 [INFO] ProjectBuilder:4736 - Project Generator version: 4.3.0-B58
2026-07-31 19:36:05,866 [INFO] ConfigFileManager:1503 - The Die is : DIE431
2026-07-31 19:36:07,673 [INFO] ProjectBuilder:5002 - Time for Generating toolchain IDE Files: 1872mS.
2026-07-31 19:36:07,675 [INFO] ProjectBuilder:3034 - Time for Copy CMSIS : 2mS.
2026-07-31 19:36:07,700 [INFO] ProjectBuilder:3034 - Time for Copy CMSIS : 0mS.
2026-07-31 19:44:19,095 [INFO] UtilMem:75 - End SaveConfig() Used Memory: 916253064 Bytes (1073741824)
2026-07-31 19:44:19,170 [INFO] UtilMem:75 - End SaveConfig() Used Memory: 929358216 Bytes (1073741824)
2026-07-31 19:44:19,826 [INFO] UtilMem:75 - End SaveConfig() Used Memory: 793253504 Bytes (1073741824)
2026-07-31 19:44:20,112 [INFO] BlockDiagram:2759 - set Specific Code input for plugin: NVIC
2026-07-31 19:44:20,113 [INFO] BlockDiagram:2759 - set Specific Code input for plugin: FREERTOS
2026-07-31 19:44:20,113 [INFO] BlockDiagram:2759 - set Specific Code input for plugin: USART
2026-07-31 19:44:20,113 [INFO] BlockDiagram:2759 - set Specific Code input for plugin: DMA
2026-07-31 19:44:20,113 [INFO] BlockDiagram:2759 - set Specific Code input for plugin: TIM1_8
2026-07-31 19:44:20,113 [INFO] BlockDiagram:2759 - set Specific Code input for plugin: TIM1_8
2026-07-31 19:44:20,113 [INFO] BlockDiagram:2759 - set Specific Code input for plugin: TIM1_8
2026-07-31 19:44:20,113 [INFO] BlockDiagram:2759 - set Specific Code input for plugin: SYS
2026-07-31 19:44:20,113 [INFO] BlockDiagram:2759 - set Specific Code input for plugin: GPIO
2026-07-31 19:44:20,113 [INFO] BlockDiagram:2759 - set Specific Code input for plugin: ADC
2026-07-31 19:44:20,113 [INFO] BlockDiagram:2759 - set Specific Code input for plugin: RCC
2026-07-31 19:44:20,113 [INFO] BlockDiagram:2759 - set Specific Code input for plugin: I2C
2026-07-31 19:44:20,117 [INFO] CodeGenerator:807 - code generatio: config db path: D:\Documentos\Electronica\Nueva carpeta\STM32CubeIDE_1.15.0\STM32CubeIDE\plugins\com.st.stm32cube.common.mx_6.11.0.202403141607\\db\
2026-07-31 19:44:20,122 [INFO] Argument:325 - Argument : hdmavalue: null
2026-07-31 19:44:20,122 [INFO] Argument:327 - 	 sub Args: 
2026-07-31 19:44:20,122 [INFO] Argument:325 - Argument : Instancevalue: DMA2_Stream0
2026-07-31 19:44:20,122 [INFO] Argument:335 - Argument : Instancevalue: DMA2_Stream0
2026-07-31 19:44:20,122 [INFO] Argument:325 - Argument : Initvalue: null
2026-07-31 19:44:20,122 [INFO] Argument:327 - 	 sub Args: 
2026-07-31 19:44:20,122 [INFO] Argument:325 - Argument : Channelvalue: DMA_CHANNEL_0
2026-07-31 19:44:20,122 [INFO] Argument:335 - Argument : Channelvalue: DMA_CHANNEL_0
2026-07-31 19:44:20,122 [INFO] Argument:325 - Argument : Directionvalue: DMA_PERIPH_TO_MEMORY
2026-07-31 19:44:20,122 [INFO] Argument:335 - Argument : Directionvalue: DMA_PERIPH_TO_MEMORY
2026-07-31 19:44:20,122 [INFO] Argument:325 - Argument : PeriphIncvalue: DMA_PINC_DISABLE
2026-07-31 19:44:20,122 [INFO] Argument:335 - Argument : PeriphIncvalue: DMA_PINC_DISABLE
2026-07-31 19:44:20,122 [INFO] Argument:325 - Argument : MemIncvalue: DMA_MINC_ENABLE
2026-07-31 19:44:20,122 [INFO] Argument:335 - Argument : MemIncvalue: DMA_MINC_ENABLE
2026-07-31 19:44:20,122 [INFO] Argument:325 - Argument : PeriphDataAlignmentvalue: DMA_PDATAALIGN_HALFWORD
2026-07-31 19:44:20,122 [INFO] Argument:335 - Argument : PeriphDataAlignmentvalue: DMA_PDATAALIGN_HALFWORD
2026-07-31 19:44:20,122 [INFO] Argument:325 - Argument : MemDataAlignmentvalue: DMA_MDATAALIGN_HALFWORD
2026-07-31 19:44:20,122 [INFO] Argument:335 - Argument : MemDataAlignmentvalue: DMA_MDATAALIGN_HALFWORD
2026-07-31 19:44:20,122 [INFO] Argument:325 - Argument : Modevalue: DMA_CIRCULAR
2026-07-31 19:44:20,122 [INFO] Argument:335 - Argument : Modevalue: DMA_CIRCULAR
2026-07-31 19:44:20,122 [INFO] Argument:325 - Argument : Priorityvalue: DMA_PRIORITY_LOW
2026-07-31 19:44:20,122 [INFO] Argument:335 - Argument : Priorityvalue: DMA_PRIORITY_LOW
2026-07-31 19:44:20,122 [INFO] Argument:325 - Argument : FIFOModevalue: DMA_FIFOMODE_DISABLE
2026-07-31 19:44:20,123 [INFO] Argument:335 - Argument : FIFOModevalue: DMA_FIFOMODE_DISABLE
2026-07-31 19:44:20,123 [INFO] Argument:325 - Argument : FIFOThresholdvalue: null
2026-07-31 19:44:20,123 [INFO] Argument:335 - Argument : FIFOThresholdvalue: null
2026-07-31 19:44:20,123 [INFO] Argument:325 - Argument : MemBurstvalue: null
2026-07-31 19:44:20,123 [INFO] Argument:335 - Argument : MemBurstvalue: null
2026-07-31 19:44:20,123 [INFO] Argument:325 - Argument : PeriphBurstvalue: null
2026-07-31 19:44:20,123 [INFO] Argument:335 - Argument : PeriphBurstvalue: null
2026-07-31 19:44:20,123 [INFO] Argument:325 - Argument : Lockvalue: null
2026-07-31 19:44:20,123 [INFO] Argument:335 - Argument : Lockvalue: null
2026-07-31 19:44:20,123 [INFO] Argument:325 - Argument : Statevalue: null
2026-07-31 19:44:20,123 [INFO] Argument:335 - Argument : Statevalue: null
2026-07-31 19:44:20,123 [INFO] Argument:325 - Argument : Parentvalue: null
2026-07-31 19:44:20,123 [INFO] Argument:335 - Argument : Parentvalue: null
2026-07-31 19:44:20,123 [INFO] Argument:325 - Argument : XferCpltCallbackvalue: null
2026-07-31 19:44:20,123 [INFO] Argument:335 - Argument : XferCpltCallbackvalue: null
2026-07-31 19:44:20,123 [INFO] Argument:325 - Argument : XferHalfCpltCallbackvalue: null
2026-07-31 19:44:20,123 [INFO] Argument:335 - Argument : XferHalfCpltCallbackvalue: null
2026-07-31 19:44:20,123 [INFO] Argument:325 - Argument : XferM1CpltCallbackvalue: null
2026-07-31 19:44:20,123 [INFO] Argument:335 - Argument : XferM1CpltCallbackvalue: null
2026-07-31 19:44:20,123 [INFO] Argument:325 - Argument : XferErrorCallbackvalue: null
2026-07-31 19:44:20,123 [INFO] Argument:335 - Argument : XferErrorCallbackvalue: null
2026-07-31 19:44:20,123 [INFO] Argument:325 - Argument : ErrorCodevalue: null
2026-07-31 19:44:20,123 [INFO] Argument:335 - Argument : ErrorCodevalue: null
2026-07-31 19:44:20,126 [WARN] IP:2120 - I2C_Coeff_DF not found: check if there is a RefParameter without a condition.
2026-07-31 19:44:20,126 [WARN] IP:2120 - Analog_Filter not found: check if there is a RefParameter without a condition.
2026-07-31 19:44:20,142 [INFO] Argument:325 - Argument : hdmavalue: null
2026-07-31 19:44:20,142 [INFO] Argument:327 - 	 sub Args: 
2026-07-31 19:44:20,142 [INFO] Argument:325 - Argument : Instancevalue: DMA2_Stream2
2026-07-31 19:44:20,142 [INFO] Argument:335 - Argument : Instancevalue: DMA2_Stream2
2026-07-31 19:44:20,142 [INFO] Argument:325 - Argument : Initvalue: null
2026-07-31 19:44:20,142 [INFO] Argument:327 - 	 sub Args: 
2026-07-31 19:44:20,142 [INFO] Argument:325 - Argument : Channelvalue: DMA_CHANNEL_4
2026-07-31 19:44:20,142 [INFO] Argument:335 - Argument : Channelvalue: DMA_CHANNEL_4
2026-07-31 19:44:20,142 [INFO] Argument:325 - Argument : Directionvalue: DMA_PERIPH_TO_MEMORY
2026-07-31 19:44:20,142 [INFO] Argument:335 - Argument : Directionvalue: DMA_PERIPH_TO_MEMORY
2026-07-31 19:44:20,142 [INFO] Argument:325 - Argument : PeriphIncvalue: DMA_PINC_DISABLE
2026-07-31 19:44:20,142 [INFO] Argument:335 - Argument : PeriphIncvalue: DMA_PINC_DISABLE
2026-07-31 19:44:20,142 [INFO] Argument:325 - Argument : MemIncvalue: DMA_MINC_ENABLE
2026-07-31 19:44:20,142 [INFO] Argument:335 - Argument : MemIncvalue: DMA_MINC_ENABLE
2026-07-31 19:44:20,142 [INFO] Argument:325 - Argument : PeriphDataAlignmentvalue: DMA_PDATAALIGN_BYTE
2026-07-31 19:44:20,142 [INFO] Argument:335 - Argument : PeriphDataAlignmentvalue: DMA_PDATAALIGN_BYTE
2026-07-31 19:44:20,142 [INFO] Argument:325 - Argument : MemDataAlignmentvalue: DMA_MDATAALIGN_BYTE
2026-07-31 19:44:20,143 [INFO] Argument:335 - Argument : MemDataAlignmentvalue: DMA_MDATAALIGN_BYTE
2026-07-31 19:44:20,143 [INFO] Argument:325 - Argument : Modevalue: DMA_CIRCULAR
2026-07-31 19:44:20,143 [INFO] Argument:335 - Argument : Modevalue: DMA_CIRCULAR
2026-07-31 19:44:20,143 [INFO] Argument:325 - Argument : Priorityvalue: DMA_PRIORITY_HIGH
2026-07-31 19:44:20,143 [INFO] Argument:335 - Argument : Priorityvalue: DMA_PRIORITY_HIGH
2026-07-31 19:44:20,143 [INFO] Argument:325 - Argument : FIFOModevalue: DMA_FIFOMODE_DISABLE
2026-07-31 19:44:20,143 [INFO] Argument:335 - Argument : FIFOModevalue: DMA_FIFOMODE_DISABLE
2026-07-31 19:44:20,143 [INFO] Argument:325 - Argument : FIFOThresholdvalue: null
2026-07-31 19:44:20,143 [INFO] Argument:335 - Argument : FIFOThresholdvalue: null
2026-07-31 19:44:20,143 [INFO] Argument:325 - Argument : MemBurstvalue: null
2026-07-31 19:44:20,143 [INFO] Argument:335 - Argument : MemBurstvalue: null
2026-07-31 19:44:20,143 [INFO] Argument:325 - Argument : PeriphBurstvalue: null
2026-07-31 19:44:20,143 [INFO] Argument:335 - Argument : PeriphBurstvalue: null
2026-07-31 19:44:20,143 [INFO] Argument:325 - Argument : Lockvalue: null
2026-07-31 19:44:20,143 [INFO] Argument:335 - Argument : Lockvalue: null
2026-07-31 19:44:20,143 [INFO] Argument:325 - Argument : Statevalue: null
2026-07-31 19:44:20,143 [INFO] Argument:335 - Argument : Statevalue: null
2026-07-31 19:44:20,143 [INFO] Argument:325 - Argument : Parentvalue: null
2026-07-31 19:44:20,143 [INFO] Argument:335 - Argument : Parentvalue: null
2026-07-31 19:44:20,143 [INFO] Argument:325 - Argument : XferCpltCallbackvalue: null
2026-07-31 19:44:20,143 [INFO] Argument:335 - Argument : XferCpltCallbackvalue: null
2026-07-31 19:44:20,143 [INFO] Argument:325 - Argument : XferHalfCpltCallbackvalue: null
2026-07-31 19:44:20,143 [INFO] Argument:335 - Argument : XferHalfCpltCallbackvalue: null
2026-07-31 19:44:20,143 [INFO] Argument:325 - Argument : XferM1CpltCallbackvalue: null
2026-07-31 19:44:20,143 [INFO] Argument:335 - Argument : XferM1CpltCallbackvalue: null
2026-07-31 19:44:20,143 [INFO] Argument:325 - Argument : XferErrorCallbackvalue: null
2026-07-31 19:44:20,143 [INFO] Argument:335 - Argument : XferErrorCallbackvalue: null
2026-07-31 19:44:20,143 [INFO] Argument:325 - Argument : ErrorCodevalue: null
2026-07-31 19:44:20,143 [INFO] Argument:335 - Argument : ErrorCodevalue: null
2026-07-31 19:44:20,143 [INFO] Argument:325 - Argument : hdmavalue: null
2026-07-31 19:44:20,143 [INFO] Argument:327 - 	 sub Args: 
2026-07-31 19:44:20,143 [INFO] Argument:325 - Argument : Instancevalue: DMA2_Stream7
2026-07-31 19:44:20,143 [INFO] Argument:335 - Argument : Instancevalue: DMA2_Stream7
2026-07-31 19:44:20,143 [INFO] Argument:325 - Argument : Initvalue: null
2026-07-31 19:44:20,144 [INFO] Argument:327 - 	 sub Args: 
2026-07-31 19:44:20,144 [INFO] Argument:325 - Argument : Channelvalue: DMA_CHANNEL_4
2026-07-31 19:44:20,144 [INFO] Argument:335 - Argument : Channelvalue: DMA_CHANNEL_4
2026-07-31 19:44:20,144 [INFO] Argument:325 - Argument : Directionvalue: DMA_MEMORY_TO_PERIPH
2026-07-31 19:44:20,144 [INFO] Argument:335 - Argument : Directionvalue: DMA_MEMORY_TO_PERIPH
2026-07-31 19:44:20,144 [INFO] Argument:325 - Argument : PeriphIncvalue: DMA_PINC_DISABLE
2026-07-31 19:44:20,144 [INFO] Argument:335 - Argument : PeriphIncvalue: DMA_PINC_DISABLE
2026-07-31 19:44:20,144 [INFO] Argument:325 - Argument : MemIncvalue: DMA_MINC_ENABLE
2026-07-31 19:44:20,144 [INFO] Argument:335 - Argument : MemIncvalue: DMA_MINC_ENABLE
2026-07-31 19:44:20,144 [INFO] Argument:325 - Argument : PeriphDataAlignmentvalue: DMA_PDATAALIGN_BYTE
2026-07-31 19:44:20,144 [INFO] Argument:335 - Argument : PeriphDataAlignmentvalue: DMA_PDATAALIGN_BYTE
2026-07-31 19:44:20,144 [INFO] Argument:325 - Argument : MemDataAlignmentvalue: DMA_MDATAALIGN_BYTE
2026-07-31 19:44:20,144 [INFO] Argument:335 - Argument : MemDataAlignmentvalue: DMA_MDATAALIGN_BYTE
2026-07-31 19:44:20,144 [INFO] Argument:325 - Argument : Modevalue: DMA_NORMAL
2026-07-31 19:44:20,144 [INFO] Argument:335 - Argument : Modevalue: DMA_NORMAL
2026-07-31 19:44:20,144 [INFO] Argument:325 - Argument : Priorityvalue: DMA_PRIORITY_MEDIUM
2026-07-31 19:44:20,144 [INFO] Argument:335 - Argument : Priorityvalue: DMA_PRIORITY_MEDIUM
2026-07-31 19:44:20,144 [INFO] Argument:325 - Argument : FIFOModevalue: DMA_FIFOMODE_DISABLE
2026-07-31 19:44:20,144 [INFO] Argument:335 - Argument : FIFOModevalue: DMA_FIFOMODE_DISABLE
2026-07-31 19:44:20,144 [INFO] Argument:325 - Argument : FIFOThresholdvalue: null
2026-07-31 19:44:20,144 [INFO] Argument:335 - Argument : FIFOThresholdvalue: null
2026-07-31 19:44:20,144 [INFO] Argument:325 - Argument : MemBurstvalue: null
2026-07-31 19:44:20,144 [INFO] Argument:335 - Argument : MemBurstvalue: null
2026-07-31 19:44:20,144 [INFO] Argument:325 - Argument : PeriphBurstvalue: null
2026-07-31 19:44:20,144 [INFO] Argument:335 - Argument : PeriphBurstvalue: null
2026-07-31 19:44:20,144 [INFO] Argument:325 - Argument : Lockvalue: null
2026-07-31 19:44:20,144 [INFO] Argument:335 - Argument : Lockvalue: null
2026-07-31 19:44:20,144 [INFO] Argument:325 - Argument : Statevalue: null
2026-07-31 19:44:20,144 [INFO] Argument:335 - Argument : Statevalue: null
2026-07-31 19:44:20,144 [INFO] Argument:325 - Argument : Parentvalue: null
2026-07-31 19:44:20,144 [INFO] Argument:335 - Argument : Parentvalue: null
2026-07-31 19:44:20,144 [INFO] Argument:325 - Argument : XferCpltCallbackvalue: null
2026-07-31 19:44:20,144 [INFO] Argument:335 - Argument : XferCpltCallbackvalue: null
2026-07-31 19:44:20,144 [INFO] Argument:325 - Argument : XferHalfCpltCallbackvalue: null
2026-07-31 19:44:20,144 [INFO] Argument:335 - Argument : XferHalfCpltCallbackvalue: null
2026-07-31 19:44:20,144 [INFO] Argument:325 - Argument : XferM1CpltCallbackvalue: null
2026-07-31 19:44:20,144 [INFO] Argument:335 - Argument : XferM1CpltCallbackvalue: null
2026-07-31 19:44:20,144 [INFO] Argument:325 - Argument : XferErrorCallbackvalue: null
2026-07-31 19:44:20,144 [INFO] Argument:335 - Argument : XferErrorCallbackvalue: null
2026-07-31 19:44:20,144 [INFO] Argument:325 - Argument : ErrorCodevalue: null
2026-07-31 19:44:20,144 [INFO] Argument:335 - Argument : ErrorCodevalue: null
2026-07-31 19:44:20,198 [INFO] CodeEngine:255 - oldGeneratedFile, C:\git\VehiculoTT\VehiculoTT\MXTmpFiles\license.tmp_save
2026-07-31 19:44:20,275 [INFO] CodeEngine:279 - Generated code: C:\git\VehiculoTT\VehiculoTT\MXTmpFiles\license.tmp
2026-07-31 19:44:20,315 [INFO] CodeEngine:255 - oldGeneratedFile, C:\git\VehiculoTT\VehiculoTT\MXTmpFiles\gpio.tmp_save
2026-07-31 19:44:20,415 [INFO] CodeEngine:279 - Generated code: C:\git\VehiculoTT\VehiculoTT\MXTmpFiles\gpio.tmp
2026-07-31 19:44:20,786 [INFO] Middleware:1439 - No code input for Bsp Dependency
2026-07-31 19:44:20,797 [INFO] CodeEngine:255 - oldGeneratedFile, C:\git\VehiculoTT\VehiculoTT\MXTmpFiles\rtos_inc.tmp_save
2026-07-31 19:44:20,872 [INFO] CodeEngine:279 - Generated code: C:\git\VehiculoTT\VehiculoTT\MXTmpFiles\rtos_inc.tmp
2026-07-31 19:44:20,880 [INFO] CodeEngine:255 - oldGeneratedFile, C:\git\VehiculoTT\VehiculoTT\MXTmpFiles\rtos_kernelInit.tmp_save
2026-07-31 19:44:20,983 [INFO] CodeEngine:279 - Generated code: C:\git\VehiculoTT\VehiculoTT\MXTmpFiles\rtos_kernelInit.tmp
2026-07-31 19:44:20,991 [INFO] CodeEngine:255 - oldGeneratedFile, C:\git\VehiculoTT\VehiculoTT\MXTmpFiles\rtos_kernelStart.tmp_save
2026-07-31 19:44:21,052 [INFO] CodeEngine:279 - Generated code: C:\git\VehiculoTT\VehiculoTT\MXTmpFiles\rtos_kernelStart.tmp
2026-07-31 19:44:21,064 [INFO] CodeEngine:255 - oldGeneratedFile, C:\git\VehiculoTT\VehiculoTT\MXTmpFiles\rtos_typedefs.tmp_save
2026-07-31 19:44:21,122 [INFO] CodeEngine:279 - Generated code: C:\git\VehiculoTT\VehiculoTT\MXTmpFiles\rtos_typedefs.tmp
2026-07-31 19:44:21,131 [INFO] CodeEngine:255 - oldGeneratedFile, C:\git\VehiculoTT\VehiculoTT\MXTmpFiles\rtos_vars.tmp_save
2026-07-31 19:44:21,201 [INFO] CodeEngine:279 - Generated code: C:\git\VehiculoTT\VehiculoTT\MXTmpFiles\rtos_vars.tmp
2026-07-31 19:44:21,210 [INFO] CodeEngine:255 - oldGeneratedFile, C:\git\VehiculoTT\VehiculoTT\MXTmpFiles\rtos_pfp.tmp_save
2026-07-31 19:44:21,272 [INFO] CodeEngine:279 - Generated code: C:\git\VehiculoTT\VehiculoTT\MXTmpFiles\rtos_pfp.tmp
2026-07-31 19:44:21,279 [INFO] CodeEngine:255 - oldGeneratedFile, C:\git\VehiculoTT\VehiculoTT\MXTmpFiles\rtos_obj_creat.tmp_save
2026-07-31 19:44:21,341 [INFO] CodeEngine:279 - Generated code: C:\git\VehiculoTT\VehiculoTT\MXTmpFiles\rtos_obj_creat.tmp
2026-07-31 19:44:21,349 [INFO] CodeEngine:255 - oldGeneratedFile, C:\git\VehiculoTT\VehiculoTT\MXTmpFiles\rtos_default_thread.tmp_save
2026-07-31 19:44:21,406 [INFO] CodeEngine:279 - Generated code: C:\git\VehiculoTT\VehiculoTT\MXTmpFiles\rtos_default_thread.tmp
2026-07-31 19:44:21,413 [INFO] CodeEngine:255 - oldGeneratedFile, C:\git\VehiculoTT\VehiculoTT\MXTmpFiles\rtos_threads.tmp_save
2026-07-31 19:44:21,476 [INFO] CodeEngine:279 - Generated code: C:\git\VehiculoTT\VehiculoTT\MXTmpFiles\rtos_threads.tmp
2026-07-31 19:44:21,487 [INFO] Middleware:1439 - No code input for Bsp Dependency
2026-07-31 19:44:21,502 [INFO] CodeEngine:255 - oldGeneratedFile, C:\git\VehiculoTT\VehiculoTT\MXTmpFiles\rtos_inc.tmp_save
2026-07-31 19:44:21,567 [INFO] CodeEngine:279 - Generated code: C:\git\VehiculoTT\VehiculoTT\MXTmpFiles\rtos_inc.tmp
2026-07-31 19:44:21,580 [INFO] CodeEngine:255 - oldGeneratedFile, C:\git\VehiculoTT\VehiculoTT\MXTmpFiles\rtos_kernelInit.tmp_save
2026-07-31 19:44:21,637 [INFO] CodeEngine:279 - Generated code: C:\git\VehiculoTT\VehiculoTT\MXTmpFiles\rtos_kernelInit.tmp
2026-07-31 19:44:21,647 [INFO] CodeEngine:255 - oldGeneratedFile, C:\git\VehiculoTT\VehiculoTT\MXTmpFiles\rtos_kernelStart.tmp_save
2026-07-31 19:44:21,707 [INFO] CodeEngine:279 - Generated code: C:\git\VehiculoTT\VehiculoTT\MXTmpFiles\rtos_kernelStart.tmp
2026-07-31 19:44:21,718 [INFO] CodeEngine:255 - oldGeneratedFile, C:\git\VehiculoTT\VehiculoTT\MXTmpFiles\rtos_typedefs.tmp_save
2026-07-31 19:44:21,772 [INFO] CodeEngine:279 - Generated code: C:\git\VehiculoTT\VehiculoTT\MXTmpFiles\rtos_typedefs.tmp
2026-07-31 19:44:21,793 [INFO] CodeEngine:255 - oldGeneratedFile, C:\git\VehiculoTT\VehiculoTT\MXTmpFiles\rtos_vars.tmp_save
2026-07-31 19:44:21,851 [INFO] CodeEngine:279 - Generated code: C:\git\VehiculoTT\VehiculoTT\MXTmpFiles\rtos_vars.tmp
2026-07-31 19:44:21,861 [INFO] CodeEngine:255 - oldGeneratedFile, C:\git\VehiculoTT\VehiculoTT\MXTmpFiles\rtos_pfp.tmp_save
2026-07-31 19:44:21,916 [INFO] CodeEngine:279 - Generated code: C:\git\VehiculoTT\VehiculoTT\MXTmpFiles\rtos_pfp.tmp
2026-07-31 19:44:21,934 [INFO] CodeEngine:255 - oldGeneratedFile, C:\git\VehiculoTT\VehiculoTT\MXTmpFiles\rtos_obj_creat.tmp_save
2026-07-31 19:44:21,992 [INFO] CodeEngine:279 - Generated code: C:\git\VehiculoTT\VehiculoTT\MXTmpFiles\rtos_obj_creat.tmp
2026-07-31 19:44:22,003 [INFO] CodeEngine:255 - oldGeneratedFile, C:\git\VehiculoTT\VehiculoTT\MXTmpFiles\rtos_default_thread.tmp_save
2026-07-31 19:44:22,060 [INFO] CodeEngine:279 - Generated code: C:\git\VehiculoTT\VehiculoTT\MXTmpFiles\rtos_default_thread.tmp
2026-07-31 19:44:22,071 [INFO] CodeEngine:255 - oldGeneratedFile, C:\git\VehiculoTT\VehiculoTT\MXTmpFiles\rtos_threads.tmp_save
2026-07-31 19:44:22,135 [INFO] CodeEngine:279 - Generated code: C:\git\VehiculoTT\VehiculoTT\MXTmpFiles\rtos_threads.tmp
2026-07-31 19:44:22,157 [INFO] CodeEngine:255 - oldGeneratedFile, C:\git\VehiculoTT\VehiculoTT\Core\Inc\FreeRTOSConfig.h_save
2026-07-31 19:44:22,227 [INFO] CodeEngine:279 - Generated code: C:\git\VehiculoTT\VehiculoTT\Core\Inc\FreeRTOSConfig.h
2026-07-31 19:44:22,246 [INFO] CodeEngine:255 - oldGeneratedFile, C:\git\VehiculoTT\VehiculoTT\Core\Src\freertos.c_save
2026-07-31 19:44:22,311 [INFO] CodeEngine:279 - Generated code: C:\git\VehiculoTT\VehiculoTT\Core\Src\freertos.c
2026-07-31 19:44:22,356 [INFO] CodeEngine:255 - oldGeneratedFile, C:\git\VehiculoTT\VehiculoTT\MXTmpFiles\dma.tmp_save
2026-07-31 19:44:22,426 [INFO] CodeEngine:279 - Generated code: C:\git\VehiculoTT\VehiculoTT\MXTmpFiles\dma.tmp
2026-07-31 19:44:22,433 [INFO] CodeEngine:255 - oldGeneratedFile, C:\git\VehiculoTT\VehiculoTT\MXTmpFiles\dma_GV.tmp_save
2026-07-31 19:44:22,486 [INFO] CodeEngine:279 - Generated code: C:\git\VehiculoTT\VehiculoTT\MXTmpFiles\dma_GV.tmp
2026-07-31 19:44:22,519 [INFO] CodeEngine:255 - oldGeneratedFile, C:\git\VehiculoTT\VehiculoTT\Core\Src\stm32f4xx_it.c_save
2026-07-31 19:44:22,740 [INFO] CodeEngine:279 - Generated code: C:\git\VehiculoTT\VehiculoTT\Core\Src\stm32f4xx_it.c
2026-07-31 19:44:22,766 [INFO] CodeEngine:255 - oldGeneratedFile, C:\git\VehiculoTT\VehiculoTT\Core\Inc\stm32f4xx_it.h_save
2026-07-31 19:44:22,843 [INFO] CodeEngine:279 - Generated code: C:\git\VehiculoTT\VehiculoTT\Core\Inc\stm32f4xx_it.h
2026-07-31 19:44:22,879 [INFO] CodeEngine:255 - oldGeneratedFile, C:\git\VehiculoTT\VehiculoTT\Core\Src\stm32f4xx_hal_msp.c_save
2026-07-31 19:44:23,058 [INFO] CodeEngine:279 - Generated code: C:\git\VehiculoTT\VehiculoTT\Core\Src\stm32f4xx_hal_msp.c
2026-07-31 19:44:23,073 [INFO] CodeEngine:255 - oldGeneratedFile, C:\git\VehiculoTT\VehiculoTT\MXTmpFiles\system.tmp_save
2026-07-31 19:44:23,132 [INFO] CodeEngine:279 - Generated code: C:\git\VehiculoTT\VehiculoTT\MXTmpFiles\system.tmp
2026-07-31 19:44:23,153 [INFO] CodeEngine:255 - oldGeneratedFile, C:\git\VehiculoTT\VehiculoTT\Core\Src\stm32f4xx_hal_timebase_tim.c_save
2026-07-31 19:44:23,229 [INFO] CodeEngine:279 - Generated code: C:\git\VehiculoTT\VehiculoTT\Core\Src\stm32f4xx_hal_timebase_tim.c
2026-07-31 19:44:23,263 [INFO] CodeEngine:311 - oldGeneratedFile, C:\git\VehiculoTT\VehiculoTT\Core\Inc\stm32f4xx_hal_conf.h_save
2026-07-31 19:44:23,359 [INFO] CodeEngine:335 - Generated code: C:\git\VehiculoTT\VehiculoTT\Core\Inc\stm32f4xx_hal_conf.h
2026-07-31 19:44:23,387 [WARN] IPConfigManager:3513 - IP not found : TIM
2026-07-31 19:44:23,387 [WARN] CodeGenerator:3951 - IP not found : null
2026-07-31 19:44:23,411 [INFO] CodeEngine:255 - oldGeneratedFile, C:\git\VehiculoTT\VehiculoTT\Core\Inc\main.h_save
2026-07-31 19:44:23,514 [INFO] CodeEngine:279 - Generated code: C:\git\VehiculoTT\VehiculoTT\Core\Inc\main.h
2026-07-31 19:44:23,543 [INFO] CodeEngine:255 - oldGeneratedFile, C:\git\VehiculoTT\VehiculoTT\Core\Src\main.c_save
2026-07-31 19:44:23,742 [INFO] CodeEngine:279 - Generated code: C:\git\VehiculoTT\VehiculoTT\Core\Src\main.c
2026-07-31 19:44:24,727 [INFO] ProjectBuilder:3163 - Time for Copy HAL[1] : 796mS.
2026-07-31 19:44:24,740 [INFO] ProjectBuilder:4736 - Project Generator version: 4.3.0-B58
2026-07-31 19:44:24,807 [INFO] ConfigFileManager:1503 - The Die is : DIE431
2026-07-31 19:44:26,573 [INFO] ProjectBuilder:5002 - Time for Generating toolchain IDE Files: 1833mS.
2026-07-31 19:44:26,575 [INFO] ProjectBuilder:3034 - Time for Copy CMSIS : 1mS.
2026-07-31 19:44:26,599 [INFO] ProjectBuilder:3034 - Time for Copy CMSIS : 0mS.
