2026-05-02 17:59:52,119 [INFO] Activator:176 - 


2026-05-02 17:59:52,130 [INFO] Activator:177 - !SESSION log4j initialized
2026-05-02 18:00:11,036 [INFO] LogOutputStream:77 - [STDOUT_REDIRECT] 
2026-05-02 18:00:19,054 [INFO] ApplicationProperties:184 - Using Application install path: D:\Documentos\Electronica\Nueva carpeta\STM32CubeIDE_1.15.0\STM32CubeIDE\plugins\com.st.stm32cube.common.mx_6.11.0.202403141607
2026-05-02 18:00:19,163 [INFO] DbMcusXml:78 - Set database path to: D:\Documentos\Electronica\Nueva carpeta\STM32CubeIDE_1.15.0\STM32CubeIDE\plugins\com.st.stm32cube.common.mx_6.11.0.202403141607\\db\/mcu/
2026-05-02 18:00:19,164 [INFO] ApiDb:274 - Set plugin database path to: D:\Documentos\Electronica\Nueva carpeta\STM32CubeIDE_1.15.0\STM32CubeIDE\plugins\com.st.stm32cube.common.mx_6.11.0.202403141607\\db\/plugins/boardmanager/
2026-05-02 18:00:19,164 [WARN] ApiDb:259 - Overriding images path with different value:  => D:\Documentos\Electronica\Nueva carpeta\STM32CubeIDE_1.15.0\STM32CubeIDE\plugins\com.st.stm32cube.common.mx_6.11.0.202403141607\\db\/plugins/mcufinder/images/
2026-05-02 18:00:19,259 [INFO] ApiDb:250 - Set database path to: C:\Users\USER\.stmcufinder\plugins\mcufinder//mcu/
2026-05-02 18:00:19,261 [INFO] DbMcusAds:125 - Set database path to: C:\Users\USER\.stmcufinder\plugins\mcufinder//mcu/
2026-05-02 18:00:19,262 [INFO] CrossReferenceDbSqlite:203 - Set database path to: C:\Users\USER\.stmcufinder\plugins\mcufinder//mcu/cs/
2026-05-02 18:00:19,592 [INFO] RulesReader:64 - Compatibility file has been processed (297 Rules)
2026-05-02 18:00:20,107 [INFO] DbMcusXml:78 - Set database path to: D:\Documentos\Electronica\Nueva carpeta\STM32CubeIDE_1.15.0\STM32CubeIDE\plugins\com.st.stm32cube.common.mx_6.11.0.202403141607\\db\/mcu/
2026-05-02 18:00:20,107 [INFO] ApiDb:274 - Set plugin database path to: D:\Documentos\Electronica\Nueva carpeta\STM32CubeIDE_1.15.0\STM32CubeIDE\plugins\com.st.stm32cube.common.mx_6.11.0.202403141607\\db\/plugins/boardmanager/
2026-05-02 18:00:20,108 [INFO] ApiDb:261 - Set plugin images path to: D:\Documentos\Electronica\Nueva carpeta\STM32CubeIDE_1.15.0\STM32CubeIDE\plugins\com.st.stm32cube.common.mx_6.11.0.202403141607\\db\/plugins/mcufinder/images/
2026-05-02 18:00:20,108 [WARN] DbFile:41 - Overriding database path with different value: C:\Users\USER\.stmcufinder\plugins\mcufinder/ => C:\Users\USER\.stmcufinder\plugins\mcufinder
2026-05-02 18:00:20,108 [INFO] ApiDb:250 - Set database path to: C:\Users\USER\.stmcufinder\plugins\mcufinder//mcu/
2026-05-02 18:00:20,108 [WARN] DbFile:41 - Overriding database path with different value: C:\Users\USER\.stmcufinder\plugins\mcufinder/ => C:\Users\USER\.stmcufinder\plugins\mcufinder
2026-05-02 18:00:20,108 [INFO] DbMcusAds:125 - Set database path to: C:\Users\USER\.stmcufinder\plugins\mcufinder//mcu/
2026-05-02 18:00:20,108 [WARN] DbFile:41 - Overriding database path with different value: C:\Users\USER\.stmcufinder\plugins\mcufinder/ => C:\Users\USER\.stmcufinder\plugins\mcufinder
2026-05-02 18:00:20,108 [WARN] DbFile:41 - Overriding database path with different value: C:\Users\USER\.stmcufinder\plugins\mcufinder/ => C:\Users\USER\.stmcufinder\plugins\mcufinder
2026-05-02 18:00:20,108 [INFO] CrossReferenceDbSqlite:203 - Set database path to: C:\Users\USER\.stmcufinder\plugins\mcufinder//mcu/cs/
2026-05-02 18:00:20,616 [INFO] MainPanel:264 - HeapMemory: 268435456
2026-05-02 18:00:21,306 [INFO] DbMcusXml:78 - Set database path to: D:\Documentos\Electronica\Nueva carpeta\STM32CubeIDE_1.15.0\STM32CubeIDE\plugins\com.st.stm32cube.common.mx_6.11.0.202403141607\\db\/mcu/
2026-05-02 18:00:21,306 [INFO] ApiDb:274 - Set plugin database path to: D:\Documentos\Electronica\Nueva carpeta\STM32CubeIDE_1.15.0\STM32CubeIDE\plugins\com.st.stm32cube.common.mx_6.11.0.202403141607\\db\/plugins/boardmanager/
2026-05-02 18:00:21,306 [INFO] ApiDb:261 - Set plugin images path to: D:\Documentos\Electronica\Nueva carpeta\STM32CubeIDE_1.15.0\STM32CubeIDE\plugins\com.st.stm32cube.common.mx_6.11.0.202403141607\\db\/plugins/mcufinder/images/
2026-05-02 18:00:21,307 [WARN] DbFile:41 - Overriding database path with different value: C:\Users\USER\.stmcufinder\plugins\mcufinder/ => C:\Users\USER\.stmcufinder\plugins\mcufinder
2026-05-02 18:00:21,307 [INFO] ApiDb:250 - Set database path to: C:\Users\USER\.stmcufinder\plugins\mcufinder//mcu/
2026-05-02 18:00:21,307 [WARN] DbFile:41 - Overriding database path with different value: C:\Users\USER\.stmcufinder\plugins\mcufinder/ => C:\Users\USER\.stmcufinder\plugins\mcufinder
2026-05-02 18:00:21,307 [INFO] DbMcusAds:125 - Set database path to: C:\Users\USER\.stmcufinder\plugins\mcufinder//mcu/
2026-05-02 18:00:21,307 [WARN] DbFile:41 - Overriding database path with different value: C:\Users\USER\.stmcufinder\plugins\mcufinder/ => C:\Users\USER\.stmcufinder\plugins\mcufinder
2026-05-02 18:00:21,307 [WARN] DbFile:41 - Overriding database path with different value: C:\Users\USER\.stmcufinder\plugins\mcufinder/ => C:\Users\USER\.stmcufinder\plugins\mcufinder
2026-05-02 18:00:21,307 [INFO] CrossReferenceDbSqlite:203 - Set database path to: C:\Users\USER\.stmcufinder\plugins\mcufinder//mcu/cs/
2026-05-02 18:00:21,556 [INFO] ApplicationProperties:184 - Using Application install path: D:\Documentos\Electronica\Nueva carpeta\STM32CubeIDE_1.15.0\STM32CubeIDE\plugins\com.st.stm32cube.common.mx_6.11.0.202403141607
2026-05-02 18:00:21,568 [INFO] PluginManage:196 - Search for loadable plugins [exclusion list=, ]
2026-05-02 18:00:21,582 [INFO] PluginManage:310 - Check plugin analytics
2026-05-02 18:00:21,964 [INFO] AnalyticsPlugin:253 - Accepted Software Licenses: 
2026-05-02 18:00:21,964 [INFO] AnalyticsPlugin:255 - Accepted CMSIS Pack Licenses: STMicroelectronics.X-CUBE-TOUCHGFX.4.26.0,STMicroelectronics.X-CUBE-TOF1.3.4.2
2026-05-02 18:00:21,964 [INFO] AnalyticsPlugin:257 - Accepted Firmware Licenses: FW.F7.1.17.0,FW.H7.1.11.0,FW.F4.1.28.0
2026-05-02 18:00:21,966 [INFO] PluginManage:359 - Loaded plugin analytics (category:tool,tabindex:-1)
2026-05-02 18:00:21,967 [INFO] PluginManage:310 - Check plugin cadmodel
2026-05-02 18:00:22,025 [INFO] CADModel:105 - Init CAD model plugin
2026-05-02 18:00:22,026 [INFO] PluginManage:359 - Loaded plugin cadmodel (category:power,tabindex:5)
2026-05-02 18:00:22,026 [INFO] PluginManage:310 - Check plugin clock
2026-05-02 18:00:22,107 [INFO] PluginManage:359 - Loaded plugin clock (category:base,tabindex:2)
2026-05-02 18:00:22,107 [INFO] PluginManage:310 - Check plugin ddr
2026-05-02 18:00:22,121 [INFO] PluginManage:359 - Loaded plugin ddr (category:tool,tabindex:6)
2026-05-02 18:00:22,121 [INFO] PluginManage:310 - Check plugin filemanager
2026-05-02 18:00:22,637 [INFO] PluginManage:359 - Loaded plugin filemanager (category:base,tabindex:10)
2026-05-02 18:00:22,637 [INFO] PluginManage:310 - Check plugin ipmanager
2026-05-02 18:00:22,706 [INFO] PluginManage:359 - Loaded plugin ipmanager (category:base,tabindex:5)
2026-05-02 18:00:22,706 [INFO] PluginManage:310 - Check plugin lpbam
2026-05-02 18:00:22,775 [INFO] PluginManage:359 - Loaded plugin lpbam (category:base,tabindex:0)
2026-05-02 18:00:22,777 [INFO] PluginManage:310 - Check plugin memorymap
2026-05-02 18:00:22,852 [INFO] PluginManage:359 - Loaded plugin memorymap (category:base,tabindex:4)
2026-05-02 18:00:22,853 [INFO] PluginManage:310 - Check plugin pinoutandconfiguration
2026-05-02 18:00:22,885 [INFO] PluginManage:359 - Loaded plugin pinoutandconfiguration (category:base,tabindex:1)
2026-05-02 18:00:22,885 [INFO] PluginManage:310 - Check plugin pinoutconfig
2026-05-02 18:00:23,129 [WARN] SupportedApi:132 - Cannot load RTOS API schema: s4s-elt-must-match.1: The content of 'definitions' must match (annotation?, (simpleType | complexType)?, (unique | key | keyref)*)). A problem was found starting at: attribute.
2026-05-02 18:00:23,386 [INFO] PluginManage:359 - Loaded plugin pinoutconfig (category:base,tabindex:0)
2026-05-02 18:00:23,386 [INFO] PluginManage:310 - Check plugin power
2026-05-02 18:00:23,475 [INFO] PluginManage:359 - Loaded plugin power (category:power,tabindex:4)
2026-05-02 18:00:23,475 [INFO] PluginManage:310 - Check plugin projectmanager
2026-05-02 18:00:23,514 [INFO] PluginManage:359 - Loaded plugin projectmanager (category:projectmanager,tabindex:3)
2026-05-02 18:00:23,514 [INFO] PluginManage:310 - Check plugin thirdparty
2026-05-02 18:00:24,174 [INFO] PluginManage:359 - Loaded plugin thirdparty (category:base,tabindex:-1)
2026-05-02 18:00:24,174 [WARN] IntegrityCheckThread:84 - waiting for thirdparty lock release [integrity check]
2026-05-02 18:00:24,175 [INFO] PluginManage:310 - Check plugin tools
2026-05-02 18:00:24,175 [INFO] IntegrityCheckThread:86 - entering critical section [integrity check]
2026-05-02 18:00:24,175 [INFO] ThirdPartyUpdaterWithRetryManager:70 - Updater plugin not ready yet. [1/15]
2026-05-02 18:00:24,232 [INFO] PluginManage:359 - Loaded plugin tools (category:base,tabindex:7)
2026-05-02 18:00:24,232 [INFO] PluginManage:310 - Check plugin tutovideos
2026-05-02 18:00:24,605 [INFO] PluginManage:359 - Loaded plugin tutovideos (category:base,tabindex:-1)
2026-05-02 18:00:24,605 [INFO] PluginManage:310 - Check plugin updater
2026-05-02 18:00:24,644 [INFO] PluginManage:359 - Loaded plugin updater (category:base,tabindex:12)
2026-05-02 18:00:24,644 [INFO] PluginManage:310 - Check plugin userauth
2026-05-02 18:00:24,697 [INFO] UserAuth:114 - Init User Auth plugin
2026-05-02 18:00:24,697 [INFO] PluginManage:359 - Loaded plugin userauth (category:base,tabindex:14)
2026-05-02 18:00:24,697 [INFO] PluginManage:283 - PluginManage : Loaded plugins [17]
2026-05-02 18:00:25,860 [INFO] PinOutPanel:1561 - setPackage(No Configuration,No Configuration)
2026-05-02 18:00:26,242 [INFO] CADModel:165 - CPN selected for project level
2026-05-02 18:00:26,242 [INFO] CADModel:114 - Register for checkConnection events
2026-05-02 18:00:26,358 [INFO] IPUIPlugin:80 - create IPUIPlugin
2026-05-02 18:00:26,359 [INFO] PluginManager:220 - loadIPPluginJar : add adc
2026-05-02 18:00:26,416 [INFO] IPUIPlugin:80 - create IPUIPlugin
2026-05-02 18:00:26,416 [INFO] PluginManager:220 - loadIPPluginJar : add aes
2026-05-02 18:00:26,491 [INFO] IPUIPlugin:80 - create IPUIPlugin
2026-05-02 18:00:26,491 [INFO] PluginManager:220 - loadIPPluginJar : add can
2026-05-02 18:00:26,533 [INFO] IPUIPlugin:80 - create IPUIPlugin
2026-05-02 18:00:26,533 [INFO] PluginManager:220 - loadIPPluginJar : add comp
2026-05-02 18:00:26,585 [INFO] IPUIPlugin:80 - create IPUIPlugin
2026-05-02 18:00:26,585 [INFO] PluginManager:220 - loadIPPluginJar : add cryp
2026-05-02 18:00:26,625 [INFO] IPUIPlugin:80 - create IPUIPlugin
2026-05-02 18:00:26,625 [INFO] PluginManager:220 - loadIPPluginJar : add dfsdm
2026-05-02 18:00:26,711 [INFO] IPUIPlugin:80 - create IPUIPlugin
2026-05-02 18:00:26,712 [INFO] PluginManager:220 - loadIPPluginJar : add dma
2026-05-02 18:00:26,766 [INFO] IPUIPlugin:80 - create IPUIPlugin
2026-05-02 18:00:26,766 [INFO] PluginManager:220 - loadIPPluginJar : add dma3
2026-05-02 18:00:26,863 [INFO] IPUIPlugin:80 - create IPUIPlugin
2026-05-02 18:00:26,863 [INFO] PluginManager:220 - loadIPPluginJar : add extmemmanager
2026-05-02 18:00:26,904 [INFO] IPUIPlugin:80 - create IPUIPlugin
2026-05-02 18:00:26,904 [INFO] PluginManager:220 - loadIPPluginJar : add fatfs
2026-05-02 18:00:26,985 [INFO] IPUIPlugin:80 - create IPUIPlugin
2026-05-02 18:00:26,985 [INFO] PluginManager:220 - loadIPPluginJar : add fmc
2026-05-02 18:00:27,008 [INFO] IPUIPlugin:80 - create IPUIPlugin
2026-05-02 18:00:27,009 [INFO] PluginManager:220 - loadIPPluginJar : add freertos
2026-05-02 18:00:27,040 [INFO] IPUIPlugin:80 - create IPUIPlugin
2026-05-02 18:00:27,040 [INFO] PluginManager:220 - loadIPPluginJar : add genericplugin
2026-05-02 18:00:27,182 [INFO] IPUIPlugin:80 - create IPUIPlugin
2026-05-02 18:00:27,182 [INFO] PluginManager:220 - loadIPPluginJar : add gfxmmu
2026-05-02 18:00:27,189 [INFO] ThirdPartyUpdaterWithRetryManager:70 - Updater plugin not ready yet. [2/15]
2026-05-02 18:00:27,364 [INFO] IPUIPlugin:80 - create IPUIPlugin
2026-05-02 18:00:27,365 [INFO] PluginManager:220 - loadIPPluginJar : add gic
2026-05-02 18:00:27,396 [INFO] IPUIPlugin:80 - create IPUIPlugin
2026-05-02 18:00:27,396 [INFO] PluginManager:220 - loadIPPluginJar : add gpio
2026-05-02 18:00:27,542 [INFO] IPUIPlugin:80 - create IPUIPlugin
2026-05-02 18:00:27,543 [INFO] PluginManager:220 - loadIPPluginJar : add gtzc
2026-05-02 18:00:27,603 [INFO] IPUIPlugin:80 - create IPUIPlugin
2026-05-02 18:00:27,603 [INFO] PluginManager:220 - loadIPPluginJar : add hash
2026-05-02 18:00:27,691 [INFO] IPUIPlugin:80 - create IPUIPlugin
2026-05-02 18:00:27,691 [INFO] PluginManager:220 - loadIPPluginJar : add i2c
2026-05-02 18:00:27,744 [INFO] IPUIPlugin:80 - create IPUIPlugin
2026-05-02 18:00:27,744 [INFO] PluginManager:220 - loadIPPluginJar : add i2s
2026-05-02 18:00:27,797 [INFO] IPUIPlugin:80 - create IPUIPlugin
2026-05-02 18:00:27,797 [INFO] PluginManager:220 - loadIPPluginJar : add i3c
2026-05-02 18:00:27,934 [INFO] IPUIPlugin:80 - create IPUIPlugin
2026-05-02 18:00:27,934 [INFO] PluginManager:220 - loadIPPluginJar : add ipddr
2026-05-02 18:00:28,100 [INFO] IPUIPlugin:80 - create IPUIPlugin
2026-05-02 18:00:28,100 [INFO] PluginManager:220 - loadIPPluginJar : add linkedlist
2026-05-02 18:00:28,153 [INFO] IPUIPlugin:80 - create IPUIPlugin
2026-05-02 18:00:28,153 [INFO] PluginManager:220 - loadIPPluginJar : add lorawan
2026-05-02 18:00:28,199 [INFO] IPUIPlugin:80 - create IPUIPlugin
2026-05-02 18:00:28,199 [INFO] PluginManager:220 - loadIPPluginJar : add ltdc
2026-05-02 18:00:28,224 [INFO] IPUIPlugin:80 - create IPUIPlugin
2026-05-02 18:00:28,224 [INFO] PluginManager:220 - loadIPPluginJar : add mdma
2026-05-02 18:00:28,269 [INFO] IPUIPlugin:80 - create IPUIPlugin
2026-05-02 18:00:28,269 [INFO] PluginManager:220 - loadIPPluginJar : add nvic
2026-05-02 18:00:28,313 [INFO] IPUIPlugin:80 - create IPUIPlugin
2026-05-02 18:00:28,313 [INFO] PluginManager:220 - loadIPPluginJar : add opamp
2026-05-02 18:00:28,434 [INFO] IPUIPlugin:80 - create IPUIPlugin
2026-05-02 18:00:28,434 [INFO] PluginManager:220 - loadIPPluginJar : add openamp
2026-05-02 18:00:28,518 [INFO] IPUIPlugin:80 - create IPUIPlugin
2026-05-02 18:00:28,518 [INFO] PluginManager:220 - loadIPPluginJar : add pdm2pcm
2026-05-02 18:00:28,636 [INFO] IPUIPlugin:80 - create IPUIPlugin
2026-05-02 18:00:28,638 [INFO] PluginManager:220 - loadIPPluginJar : add plateformsettings
2026-05-02 18:00:28,708 [INFO] IPUIPlugin:80 - create IPUIPlugin
2026-05-02 18:00:28,708 [INFO] PluginManager:220 - loadIPPluginJar : add quadspi
2026-05-02 18:00:28,736 [INFO] IPUIPlugin:80 - create IPUIPlugin
2026-05-02 18:00:28,736 [INFO] PluginManager:220 - loadIPPluginJar : add resmgrutility
2026-05-02 18:00:28,802 [INFO] IPUIPlugin:80 - create IPUIPlugin
2026-05-02 18:00:28,802 [INFO] PluginManager:220 - loadIPPluginJar : add sai
2026-05-02 18:00:28,889 [INFO] IPUIPlugin:80 - create IPUIPlugin
2026-05-02 18:00:28,889 [INFO] PluginManager:220 - loadIPPluginJar : add spi
2026-05-02 18:00:28,993 [INFO] IPUIPlugin:80 - create IPUIPlugin
2026-05-02 18:00:28,993 [INFO] PluginManager:220 - loadIPPluginJar : add stm32_wpan
2026-05-02 18:00:29,022 [INFO] IPUIPlugin:80 - create IPUIPlugin
2026-05-02 18:00:29,022 [INFO] PluginManager:220 - loadIPPluginJar : add tim
2026-05-02 18:00:29,091 [INFO] IPUIPlugin:80 - create IPUIPlugin
2026-05-02 18:00:29,091 [INFO] PluginManager:220 - loadIPPluginJar : add touchsensing
2026-05-02 18:00:29,185 [INFO] IPUIPlugin:80 - create IPUIPlugin
2026-05-02 18:00:29,186 [INFO] PluginManager:220 - loadIPPluginJar : add tracer_emb
2026-05-02 18:00:29,235 [INFO] IPUIPlugin:80 - create IPUIPlugin
2026-05-02 18:00:29,235 [INFO] PluginManager:220 - loadIPPluginJar : add ts
2026-05-02 18:00:29,264 [INFO] IPUIPlugin:80 - create IPUIPlugin
2026-05-02 18:00:29,264 [INFO] PluginManager:220 - loadIPPluginJar : add tsc
2026-05-02 18:00:29,295 [INFO] IPUIPlugin:80 - create IPUIPlugin
2026-05-02 18:00:29,295 [INFO] PluginManager:220 - loadIPPluginJar : add ucpd
2026-05-02 18:00:29,350 [INFO] IPUIPlugin:80 - create IPUIPlugin
2026-05-02 18:00:29,350 [INFO] PluginManager:220 - loadIPPluginJar : add usart
2026-05-02 18:00:29,403 [INFO] IPUIPlugin:80 - create IPUIPlugin
2026-05-02 18:00:29,403 [INFO] PluginManager:220 - loadIPPluginJar : add usbx
2026-05-02 18:00:29,678 [INFO] CADModel:165 - CPN selected for project level
2026-05-02 18:00:29,678 [INFO] CADModel:114 - Register for checkConnection events
2026-05-02 18:00:29,678 [FATAL] Updater:308 - Updater called before beeing initialized
2026-05-02 18:00:29,678 [ERROR] CADModel:125 - Updater not yet initialized, retry later 
2026-05-02 18:00:30,192 [INFO] ThirdPartyUpdaterWithRetryManager:70 - Updater plugin not ready yet. [3/15]
2026-05-02 18:00:30,424 [INFO] CADModel:165 - CPN selected for project level
2026-05-02 18:00:30,425 [INFO] CADModel:114 - Register for checkConnection events
2026-05-02 18:00:30,425 [FATAL] Updater:308 - Updater called before beeing initialized
2026-05-02 18:00:30,425 [ERROR] CADModel:125 - Updater not yet initialized, retry later 
2026-05-02 18:00:30,435 [FATAL] Updater:308 - Updater called before beeing initialized
2026-05-02 18:00:30,691 [FATAL] Updater:308 - Updater called before beeing initialized
2026-05-02 18:00:30,703 [INFO] DbMcusAds:53 - JSON generation date=Wed Feb 18 08:32:49 CST 2026 (1771425169444)
2026-05-02 18:00:30,703 [FATAL] Updater:308 - Updater called before beeing initialized
2026-05-02 18:00:31,245 [WARN] DetailPanel:346 - Failed to get advertising image, set to default
2026-05-02 18:00:31,367 [FATAL] Updater:308 - Updater called before beeing initialized
2026-05-02 18:00:31,417 [FATAL] Updater:308 - Updater called before beeing initialized
2026-05-02 18:00:31,417 [FATAL] Updater:308 - Updater called before beeing initialized
2026-05-02 18:00:31,417 [WARN] DetailPanel:346 - Failed to get advertising image, set to default
2026-05-02 18:00:31,418 [FATAL] Updater:308 - Updater called before beeing initialized
2026-05-02 18:00:31,656 [ERROR] Updater:1120 - MainUpdater not yet initialized. External WinMGr cannot be set.
2026-05-02 18:00:31,685 [INFO] Updater:1056 - Updater Version found : 6.11.0
2026-05-02 18:00:31,741 [INFO] ApplicationProperties:184 - Using Application install path: D:\Documentos\Electronica\Nueva carpeta\STM32CubeIDE_1.15.0\STM32CubeIDE\plugins\com.st.stm32cube.common.mx_6.11.0.202403141607
2026-05-02 18:00:33,195 [FATAL] Updater:308 - Updater called before beeing initialized
2026-05-02 18:00:33,195 [ERROR] IntegrityCheckThread:130 - Cannot retrieve database content from updater: error 21
2026-05-02 18:00:33,196 [INFO] ThirdParty:978 - Integrity check success = false
2026-05-02 18:00:33,196 [INFO] IntegrityCheckThread:100 - exiting critical section [integrity check]
2026-05-02 18:00:33,196 [INFO] IntegrityCheckThread:103 - End integrity checks thread
2026-05-02 18:00:33,356 [ERROR] LogOutputStream:75 - [STDERR_REDIRECT] May 02, 2026 6:00:33 PM java.util.prefs.WindowsPreferences <init>
2026-05-02 18:00:33,358 [ERROR] LogOutputStream:75 - [STDERR_REDIRECT] WARNING: Could not open/create prefs root node Software\JavaSoft\Prefs at root 0xffffffff80000002. Windows RegCreateKeyEx(...) returned error code 5.
2026-05-02 18:00:33,358 [ERROR] LogOutputStream:75 - [STDERR_REDIRECT] 
2026-05-02 18:00:35,300 [INFO] MainUpdater:2873 - connection check result : 10
2026-05-02 18:00:35,301 [INFO] MainUpdater:3567 - Updater definition file requires update
2026-05-02 18:00:35,302 [INFO] MainUpdater:290 - Updater Check For Update Now.
2026-05-02 18:00:35,303 [INFO] MicroXplorer:498 - Change Database Version : DB.6.0.110
2026-05-02 18:00:35,351 [INFO] McuFinderGlobals:63 - Set McuFinder mode to 2 (CubeIDE integrated)
2026-05-02 18:00:35,418 [INFO] UserAuth:415 - Internet connection configuration mode: 1
2026-05-02 18:00:35,551 [INFO] JxBrowserEngine:152 - Initiate JxBrowser Engine with user profile folder
2026-05-02 18:00:36,335 [INFO] ServerAccessManage:473 - Download File updaters.zip
2026-05-02 18:00:36,577 [INFO] FileExtend:240 - Unzip File : updaters.zip
2026-05-02 18:00:36,578 [INFO] FileExtend:255 - Standard Zip Deflate
2026-05-02 18:00:37,734 [INFO] ServerAccessManage:473 - Download File PacksControlFlags.xml
2026-05-02 18:00:38,344 [INFO] ServerAccessManage:473 - Download File cubemx.pidx
2026-05-02 18:00:39,573 [INFO] ServerAccessManage:473 - Download File STMicroelectronics.FP-SNS-STAIOTCFT.pdsc
2026-05-02 18:00:41,645 [INFO] ServerAccessManage:473 - Download File STMicroelectronics.X-CUBE-FREERTOS.pdsc
2026-05-02 18:00:42,125 [INFO] WebApp:161 - Instantiating new browser for Auth
2026-05-02 18:00:43,996 [INFO] WebApp:779 - Register for checkConnection events
2026-05-02 18:00:43,997 [INFO] WebApp:414 - Apply proxy settings
2026-05-02 18:00:43,997 [INFO] WebApp:499 - Chromium requires no authentication
2026-05-02 18:00:44,005 [INFO] WebApp:442 - Direct internet connection detected
2026-05-02 18:00:44,633 [INFO] WebApp:192 - Starting web application
2026-05-02 18:00:44,634 [INFO] WebApp:544 - Web application path used D:\Documentos\Electronica\Nueva carpeta\STM32CubeIDE_1.15.0\STM32CubeIDE\plugins\com.st.stm32cube.common.mx_6.11.0.202403141607\db\plugins\mcufinder\reactClient1\index.html
2026-05-02 18:00:47,566 [INFO] ServerAccessManage:473 - Download File STMicroelectronics.X-CUBE-GNSS1.pdsc
2026-05-02 18:00:54,623 [ERROR] ServerAccessManage:1089 - Problem, file not found on Server
2026-05-02 18:00:55,244 [ERROR] ServerAccessManage:1089 - Problem, file not found on Server
2026-05-02 18:00:55,510 [ERROR] ServerAccessManage:1089 - Problem, file not found on Server
2026-05-02 18:00:55,748 [ERROR] ServerAccessManage:1089 - Problem, file not found on Server
2026-05-02 18:00:56,035 [ERROR] ServerAccessManage:1089 - Problem, file not found on Server
2026-05-02 18:00:56,403 [ERROR] ServerAccessManage:1089 - Problem, file not found on Server
2026-05-02 18:00:57,103 [INFO] ServerAccessManage:473 - Download File STMicroelectronics.X-CUBE-MEMS1.pdsc
2026-05-02 18:01:12,277 [INFO] ServerAccessManage:473 - Download File STMicroelectronics.X-CUBE-ST67W61.pdsc
2026-05-02 18:01:13,438 [INFO] ServerAccessManage:473 - Download File STMicroelectronics.X-CUBE-WB05N.pdsc
2026-05-02 18:01:14,558 [INFO] ServerAccessManage:473 - Download File STMicroelectronics.eDS-WB_DPC_VIENNA.pdsc
2026-05-02 18:01:16,450 [ERROR] ServerAccessManage:1089 - Problem, file not found on Server
2026-05-02 18:01:16,777 [ERROR] ServerAccessManage:1089 - Problem, file not found on Server
2026-05-02 18:01:17,105 [ERROR] ServerAccessManage:1089 - Problem, file not found on Server
2026-05-02 18:01:17,424 [ERROR] ServerAccessManage:1089 - Problem, file not found on Server
2026-05-02 18:01:17,732 [ERROR] ServerAccessManage:1089 - Problem, file not found on Server
2026-05-02 18:01:18,252 [INFO] ServerAccessManage:473 - Download File STMicroelectronics.eDS-WB_DPC_TT-BIDIR.pdsc
2026-05-02 18:01:18,632 [ERROR] ServerAccessManage:1089 - Problem, file not found on Server
2026-05-02 18:01:18,851 [ERROR] ServerAccessManage:1089 - Problem, file not found on Server
2026-05-02 18:01:19,163 [ERROR] ServerAccessManage:1089 - Problem, file not found on Server
2026-05-02 18:01:19,477 [ERROR] ServerAccessManage:1089 - Problem, file not found on Server
2026-05-02 18:01:19,770 [INFO] ServerAccessManage:473 - Download File STMicroelectronics.eDS-WB_DPC_3PH2L-BIDIR.pdsc
2026-05-02 18:01:20,291 [ERROR] ServerAccessManage:1089 - Problem, file not found on Server
2026-05-02 18:01:20,743 [WARN] PopulateThirdPartyThread:106 - Error when creating pack: C:/Users/USER/.stm32cubemx/thirdparties/pdsc/STMicroelectronics.FP-SNS-STAIOTCFT.pdsc
2026-05-02 18:01:20,746 [WARN] PopulateThirdPartyThread:106 - Error when creating pack: C:/Users/USER/.stm32cubemx/thirdparties/pdsc/STMicroelectronics.X-CUBE-FREERTOS.pdsc
2026-05-02 18:01:20,805 [WARN] PackLoader:240 - Cannot read IP mode file for STMicroelectronics.X-CUBE-GNSS1.7.1.1
2026-05-02 18:01:20,901 [WARN] PackLoader:240 - Cannot read IP mode file for STMicroelectronics.X-CUBE-MEMS1.12.1.0
2026-05-02 18:01:20,936 [INFO] CheckServerUpdateThread:120 - End of CheckServer Thread
2026-05-02 18:01:21,021 [WARN] PopulateThirdPartyThread:106 - Error when creating pack: C:/Users/USER/.stm32cubemx/thirdparties/pdsc/STMicroelectronics.X-CUBE-ST67W61.pdsc
2026-05-02 18:01:21,032 [WARN] PackLoader:240 - Cannot read IP mode file for STMicroelectronics.X-CUBE-WB05N.2.1.0
2026-05-02 18:01:21,038 [WARN] PopulateThirdPartyThread:106 - Error when creating pack: C:/Users/USER/.stm32cubemx/thirdparties/pdsc/STMicroelectronics.eDS-WB_DPC_VIENNA.pdsc
2026-05-02 18:01:21,042 [WARN] PopulateThirdPartyThread:106 - Error when creating pack: C:/Users/USER/.stm32cubemx/thirdparties/pdsc/STMicroelectronics.eDS-WB_DPC_TT-BIDIR.pdsc
2026-05-02 18:01:21,044 [WARN] PopulateThirdPartyThread:106 - Error when creating pack: C:/Users/USER/.stm32cubemx/thirdparties/pdsc/STMicroelectronics.eDS-WB_DPC_3PH2L-BIDIR.pdsc
2026-05-02 18:01:21,044 [INFO] PopulateThirdPartyThread:66 - Ending populate Thread
2026-05-02 18:01:21,075 [INFO] ThirdParty:1030 - CMSIS Pack Vendor :STMicroelectronics X-CUBE-MEMS1 12.1.0
2026-05-02 18:01:21,075 [INFO] ThirdParty:1030 - CMSIS Pack Vendor :STMicroelectronics X-CUBE-GNSS1 7.1.1
2026-05-02 18:01:21,077 [INFO] ThirdParty:1030 - CMSIS Pack Vendor :STMicroelectronics X-CUBE-WB05N 2.1.0
2026-05-02 18:01:21,077 [INFO] LoadServerUpdatesThread:375 - End of LoadServerUpdate Thread
2026-05-02 19:42:42,307 [INFO] McuFinderGlobals:63 - Set McuFinder mode to 2 (CubeIDE integrated)
2026-05-02 19:42:42,346 [INFO] MainUpdater:2873 - connection check result : 10
2026-05-02 19:42:42,367 [INFO] MainUpdater:2873 - connection check result : 10
2026-05-02 19:42:42,703 [INFO] MicroXplorer:468 - Change Database Path : 
2026-05-02 19:42:42,704 [INFO] MicroXplorer:498 - Change Database Version : DB.6.0.110
2026-05-02 19:42:42,785 [WARN] ThirdParty:871 - waiting for thirdparty lock release [close project]
2026-05-02 19:42:42,785 [INFO] ThirdParty:873 - entering critical section [close project]
2026-05-02 19:42:42,802 [INFO] ThirdParty:883 - exiting critical section [close project]
2026-05-02 19:42:42,804 [INFO] PinOutPanel:1561 - setPackage(No Configuration,No Configuration)
2026-05-02 19:42:42,808 [INFO] UtilMem:75 - Begin LoadConfig() Used Memory: 788456600 Bytes (1073741824)
2026-05-02 19:42:42,809 [INFO] MicroXplorer:468 - Change Database Path : 
2026-05-02 19:42:42,809 [INFO] MicroXplorer:498 - Change Database Version : DB.6.0.110
2026-05-02 19:42:42,809 [INFO] OpenFileManager:312 - Change cursor
2026-05-02 19:42:42,838 [INFO] ThirdPartyDownloadManager:103 - Found SW packSTMicroelectronics.X-CUBE-TOUCHGFX.4.26.0up-to-date on disk
2026-05-02 19:42:42,862 [WARN] IntegrityCheckThread:84 - waiting for thirdparty lock release [integrity check]
2026-05-02 19:42:42,862 [INFO] IntegrityCheckThread:86 - entering critical section [integrity check]
2026-05-02 19:42:43,418 [WARN] PackLoader:240 - Cannot read IP mode file for STMicroelectronics.X-CUBE-AZRTOS-H7.3.5.0
2026-05-02 19:42:43,435 [WARN] PackLoader:240 - Cannot read IP mode file for STMicroelectronics.FP-SNS-MOTENVWB1.1.4.0
2026-05-02 19:42:43,452 [WARN] PackLoader:240 - Cannot read IP mode file for STMicroelectronics.FP-ATR-ASTRA1.2.0.2
2026-05-02 19:42:43,465 [WARN] PackLoader:240 - Cannot read IP mode file for STMicroelectronics.FP-ATR-ASTRA1.2.0.1
2026-05-02 19:42:43,482 [WARN] PackLoader:240 - Cannot read IP mode file for STMicroelectronics.X-CUBE-SMBUS.2.1.0
2026-05-02 19:42:43,498 [WARN] PackLoader:240 - Cannot read IP mode file for STMicroelectronics.X-CUBE-WB05N.1.1.0
2026-05-02 19:42:43,514 [WARN] PackLoader:240 - Cannot read IP mode file for STMicroelectronics.X-CUBE-TOUCHGFX.4.23.2
2026-05-02 19:42:43,541 [WARN] PackLoader:240 - Cannot read IP mode file for STMicroelectronics.X-CUBE-AZRTOS-F7.1.1.0
2026-05-02 19:42:43,590 [WARN] PackLoader:240 - Cannot read IP mode file for STMicroelectronics.X-CUBE-MEMS1.11.0.0
2026-05-02 19:42:43,683 [ERROR] Engine:466 - C:\Users\USER\.stm32cubemx\thirdparties\pdsc\STMicroelectronics.FP-SNS-MOTENV1.5.1.0.pdsc: PDSC version is not supported
2026-05-02 19:42:43,698 [WARN] PackLoader:240 - Cannot read IP mode file for STMicroelectronics.FP-SNS-FLIGHT1.5.0.2
2026-05-02 19:42:43,728 [WARN] PackLoader:240 - Cannot read IP mode file for STMicroelectronics.X-CUBE-AZRTOS-H7.3.4.0
2026-05-02 19:42:43,748 [WARN] PackLoader:240 - Cannot read IP mode file for STMicroelectronics.X-CUBE-DISPLAY.3.0.0
2026-05-02 19:42:43,766 [WARN] PackLoader:240 - Cannot read IP mode file for STMicroelectronics.X-CUBE-GNSS1.7.1.1
2026-05-02 19:42:43,778 [ERROR] Engine:466 - C:\Users\USER\.stm32cubemx\thirdparties\pdsc\STMicroelectronics.FP-SNS-MOTENVWB1.1.5.0.pdsc: PDSC version is not supported
2026-05-02 19:42:43,795 [WARN] PackLoader:240 - Cannot read IP mode file for STMicroelectronics.X-CUBE-BLE1.7.0.0
2026-05-02 19:42:43,810 [WARN] PackLoader:240 - Cannot read IP mode file for STMicroelectronics.X-CUBE-NFC10.1.0.0
2026-05-02 19:42:43,832 [WARN] PackLoader:240 - Cannot read IP mode file for STMicroelectronics.X-CUBE-BLEMGR.4.0.0
2026-05-02 19:42:43,846 [ERROR] Engine:466 - C:\Users\USER\.stm32cubemx\thirdparties\pdsc\STMicroelectronics.X-CUBE-ST60.1.1.0.pdsc: PDSC version is not supported
2026-05-02 19:42:43,862 [WARN] PackLoader:240 - Cannot read IP mode file for emotas.I-CUBE-CANOPEN.1.3.0
2026-05-02 19:42:43,879 [WARN] PackLoader:240 - Cannot read IP mode file for STMicroelectronics.X-CUBE-GNSS1.7.1.0
2026-05-02 19:42:43,898 [WARN] PackLoader:240 - Cannot read IP mode file for STMicroelectronics.X-CUBE-BLEMGR.3.1.0
2026-05-02 19:42:43,916 [WARN] PackLoader:240 - Cannot read IP mode file for STMicroelectronics.X-CUBE-AI.10.0.0
2026-05-02 19:42:43,929 [ERROR] Engine:466 - C:\Users\USER\.stm32cubemx\thirdparties\pdsc\STMicroelectronics.FP-SNS-STBOX1.2.1.0.pdsc: PDSC version is not supported
2026-05-02 19:42:43,945 [WARN] PackLoader:240 - Cannot read IP mode file for STMicroelectronics.FP-SNS-SMARTAG2.1.2.0
2026-05-02 19:42:43,957 [ERROR] Engine:466 - C:\Users\USER\.stm32cubemx\thirdparties\pdsc\STMicroelectronics.FP-SNS-FLIGHT1.5.1.0.pdsc: PDSC version is not supported
2026-05-02 19:42:44,010 [WARN] PackLoader:240 - Cannot read IP mode file for STMicroelectronics.X-CUBE-MEMS1.11.1.0
2026-05-02 19:42:44,101 [INFO] LogOutputStream:77 - [STDOUT_REDIRECT] 1 : Invalid condition id : UX_CORESTACK_Condition cause : null
2026-05-02 19:42:44,102 [INFO] LogOutputStream:77 - [STDOUT_REDIRECT] 1 : Invalid condition id : UX_CORESTACK_Condition cause : null
2026-05-02 19:42:44,103 [INFO] LogOutputStream:77 - [STDOUT_REDIRECT] 1 : Invalid condition id : UX_CORESTACK_Condition cause : null
2026-05-02 19:42:44,104 [INFO] LogOutputStream:77 - [STDOUT_REDIRECT] 1 : Invalid condition id : UX_CORESTACK_Condition cause : null
2026-05-02 19:42:44,105 [INFO] LogOutputStream:77 - [STDOUT_REDIRECT] 1 : Invalid condition id : UX_CORESTACK_Condition cause : null
2026-05-02 19:42:44,106 [WARN] PackLoader:240 - Cannot read IP mode file for STMicroelectronics.X-CUBE-AZRTOS-WL.2.0.0
2026-05-02 19:42:44,124 [WARN] PackLoader:240 - Cannot read IP mode file for STMicroelectronics.FP-SNS-MOTENV1.5.0.0
2026-05-02 19:42:44,153 [WARN] PackLoader:240 - Cannot read IP mode file for STMicroelectronics.X-CUBE-AZRTOS-H7RS.1.2.0
2026-05-02 19:42:44,170 [WARN] PackLoader:240 - Cannot read IP mode file for wolfSSL.I-CUBE-wolfMQTT.1.19.0
2026-05-02 19:42:44,187 [WARN] PackLoader:240 - Cannot read IP mode file for WES.I-CUBE-Cesium.1.3.0
2026-05-02 19:42:44,203 [WARN] PackLoader:240 - Cannot read IP mode file for STMicroelectronics.X-CUBE-BLE2.3.3.0
2026-05-02 19:42:44,215 [ERROR] Engine:466 - C:\Users\USER\.stm32cubemx\thirdparties\pdsc\Avnet-IOTCONNECT.X-CUBE-iotc-st67-sdk.1.0.0.pdsc: PDSC version is not supported
2026-05-02 19:42:44,229 [WARN] PackLoader:240 - Cannot read IP mode file for STMicroelectronics.X-CUBE-NFC9.1.0.0
2026-05-02 19:42:44,246 [WARN] PackLoader:240 - Cannot read IP mode file for STMicroelectronics.X-CUBE-BLE1.7.1.0
2026-05-02 19:42:44,262 [WARN] PackLoader:240 - Cannot read IP mode file for STMicroelectronics.X-CUBE-TCPP.4.1.0
2026-05-02 19:42:44,277 [ERROR] Engine:466 - C:\Users\USER\.stm32cubemx\thirdparties\pdsc\STMicroelectronics.X-CUBE-FREERTOS.1.4.0.pdsc: PDSC version is not supported
2026-05-02 19:42:44,292 [WARN] PackLoader:240 - Cannot read IP mode file for STMicroelectronics.X-CUBE-EEPRMA1.5.2.0
2026-05-02 19:42:44,306 [ERROR] Engine:466 - C:\Users\USER\.stm32cubemx\thirdparties\pdsc\STMicroelectronics.X-CUBE-ST67W61.1.1.0.pdsc: PDSC version is not supported
2026-05-02 19:42:44,317 [ERROR] Engine:466 - C:\Users\USER\.stm32cubemx\thirdparties\pdsc\STMicroelectronics.FP-SNS-STAIOTCFT.1.1.0.pdsc: PDSC version is not supported
2026-05-02 19:42:44,357 [WARN] PackLoader:240 - Cannot read IP mode file for STMicroelectronics.X-CUBE-MEMS1.12.0.0
2026-05-02 19:42:44,414 [WARN] PackLoader:240 - Cannot read IP mode file for STMicroelectronics.X-CUBE-ALGOBUILD.1.3.0
2026-05-02 19:42:44,454 [WARN] PackLoader:240 - Cannot read IP mode file for STMicroelectronics.X-CUBE-MEMS1.11.2.0
2026-05-02 19:42:44,537 [WARN] PackLoader:240 - Cannot read IP mode file for STMicroelectronics.X-CUBE-AZRTOS-G0.1.1.0
2026-05-02 19:42:44,552 [WARN] PackLoader:240 - Cannot read IP mode file for STMicroelectronics.X-CUBE-SAFEA1.1.2.2
2026-05-02 19:42:44,567 [WARN] PackLoader:240 - Cannot read IP mode file for STMicroelectronics.X-CUBE-NFC4.3.0.0
2026-05-02 19:42:44,584 [WARN] PackLoader:240 - Cannot read IP mode file for EmbeddedOffice.I-CUBE-FS-RTOS.1.0.1
2026-05-02 19:42:44,584 [ERROR] ConditionMgr:805 - Attr not supported : Dmpu
2026-05-02 19:42:44,584 [ERROR] ConditionMgr:805 - Attr not supported : Dmpu
2026-05-02 19:42:44,584 [ERROR] ConditionMgr:805 - Attr not supported : Dmpu
2026-05-02 19:42:44,584 [ERROR] ConditionMgr:805 - Attr not supported : Dmpu
2026-05-02 19:42:44,584 [ERROR] ConditionMgr:805 - Attr not supported : Dmpu
2026-05-02 19:42:44,584 [ERROR] ConditionMgr:805 - Attr not supported : Dmpu
2026-05-02 19:42:44,584 [ERROR] ConditionMgr:805 - Attr not supported : Dmpu
2026-05-02 19:42:44,584 [ERROR] ConditionMgr:805 - Attr not supported : Dmpu
2026-05-02 19:42:44,584 [ERROR] ConditionMgr:805 - Attr not supported : Dmpu
2026-05-02 19:42:44,584 [ERROR] ConditionMgr:805 - Attr not supported : Dmpu
2026-05-02 19:42:44,585 [ERROR] ConditionMgr:805 - Attr not supported : Dmpu
2026-05-02 19:42:44,585 [ERROR] ConditionMgr:805 - Attr not supported : Dmpu
2026-05-02 19:42:44,585 [ERROR] ConditionMgr:805 - Attr not supported : Dmpu
2026-05-02 19:42:44,585 [ERROR] ConditionMgr:805 - Attr not supported : Dmpu
2026-05-02 19:42:44,585 [ERROR] ConditionMgr:805 - Attr not supported : Dmpu
2026-05-02 19:42:44,585 [ERROR] ConditionMgr:805 - Attr not supported : Dmpu
2026-05-02 19:42:44,585 [ERROR] ConditionMgr:805 - Attr not supported : Dmpu
2026-05-02 19:42:44,585 [ERROR] ConditionMgr:805 - Attr not supported : Dmpu
2026-05-02 19:42:44,585 [ERROR] ConditionMgr:805 - Attr not supported : Dmpu
2026-05-02 19:42:44,585 [ERROR] ConditionMgr:805 - Attr not supported : Dmpu
2026-05-02 19:42:44,585 [ERROR] ConditionMgr:805 - Attr not supported : Dmpu
2026-05-02 19:42:44,585 [ERROR] ConditionMgr:805 - Attr not supported : Dmpu
2026-05-02 19:42:44,585 [ERROR] ConditionMgr:805 - Attr not supported : Dmpu
2026-05-02 19:42:44,585 [ERROR] ConditionMgr:805 - Attr not supported : Dmpu
2026-05-02 19:42:44,585 [ERROR] ConditionMgr:805 - Attr not supported : Dmpu
2026-05-02 19:42:44,585 [ERROR] ConditionMgr:805 - Attr not supported : Dmpu
2026-05-02 19:42:44,585 [ERROR] ConditionMgr:805 - Attr not supported : Dmpu
2026-05-02 19:42:44,585 [ERROR] ConditionMgr:805 - Attr not supported : Dmpu
2026-05-02 19:42:44,585 [ERROR] ConditionMgr:805 - Attr not supported : Dmpu
2026-05-02 19:42:44,585 [ERROR] ConditionMgr:805 - Attr not supported : Dmpu
2026-05-02 19:42:44,585 [ERROR] ConditionMgr:805 - Attr not supported : Dmpu
2026-05-02 19:42:44,585 [ERROR] ConditionMgr:805 - Attr not supported : Dmpu
2026-05-02 19:42:44,585 [ERROR] ConditionMgr:805 - Attr not supported : Dmpu
2026-05-02 19:42:44,585 [ERROR] ConditionMgr:805 - Attr not supported : Dmpu
2026-05-02 19:42:44,585 [ERROR] ConditionMgr:805 - Attr not supported : Dmpu
2026-05-02 19:42:44,586 [ERROR] ConditionMgr:805 - Attr not supported : Dmpu
2026-05-02 19:42:44,586 [ERROR] ConditionMgr:805 - Attr not supported : Dmpu
2026-05-02 19:42:44,586 [ERROR] ConditionMgr:805 - Attr not supported : Dmpu
2026-05-02 19:42:44,586 [ERROR] ConditionMgr:805 - Attr not supported : Dmpu
2026-05-02 19:42:44,586 [ERROR] ConditionMgr:805 - Attr not supported : Dmpu
2026-05-02 19:42:44,586 [ERROR] ConditionMgr:805 - Attr not supported : Dmpu
2026-05-02 19:42:44,586 [ERROR] ConditionMgr:805 - Attr not supported : Dmpu
2026-05-02 19:42:44,586 [ERROR] ConditionMgr:805 - Attr not supported : Dmpu
2026-05-02 19:42:44,586 [ERROR] ConditionMgr:805 - Attr not supported : Dmpu
2026-05-02 19:42:44,586 [ERROR] ConditionMgr:805 - Attr not supported : Dmpu
2026-05-02 19:42:44,587 [ERROR] ConditionMgr:805 - Attr not supported : Dmpu
2026-05-02 19:42:44,587 [ERROR] ConditionMgr:805 - Attr not supported : Dmpu
2026-05-02 19:42:44,587 [ERROR] ConditionMgr:805 - Attr not supported : Dmpu
2026-05-02 19:42:44,587 [ERROR] ConditionMgr:805 - Attr not supported : Dmpu
2026-05-02 19:42:44,587 [ERROR] ConditionMgr:805 - Attr not supported : Dmpu
2026-05-02 19:42:44,587 [ERROR] ConditionMgr:805 - Attr not supported : Dmpu
2026-05-02 19:42:44,587 [ERROR] ConditionMgr:805 - Attr not supported : Dmpu
2026-05-02 19:42:44,587 [ERROR] ConditionMgr:805 - Attr not supported : Dmpu
2026-05-02 19:42:44,587 [ERROR] ConditionMgr:805 - Attr not supported : Dmpu
2026-05-02 19:42:44,587 [ERROR] ConditionMgr:805 - Attr not supported : Dmpu
2026-05-02 19:42:44,587 [ERROR] ConditionMgr:805 - Attr not supported : Dmpu
2026-05-02 19:42:44,587 [ERROR] ConditionMgr:805 - Attr not supported : Dmpu
2026-05-02 19:42:44,587 [ERROR] ConditionMgr:805 - Attr not supported : Dmpu
2026-05-02 19:42:44,587 [ERROR] ConditionMgr:805 - Attr not supported : Dmpu
2026-05-02 19:42:44,587 [ERROR] ConditionMgr:805 - Attr not supported : Dmpu
2026-05-02 19:42:44,587 [ERROR] ConditionMgr:805 - Attr not supported : Dmpu
2026-05-02 19:42:44,587 [ERROR] ConditionMgr:805 - Attr not supported : Dmpu
2026-05-02 19:42:44,587 [ERROR] ConditionMgr:805 - Attr not supported : Dmpu
2026-05-02 19:42:44,587 [ERROR] ConditionMgr:805 - Attr not supported : Dmpu
2026-05-02 19:42:44,602 [WARN] PackLoader:240 - Cannot read IP mode file for STMicroelectronics.X-CUBE-WB05N.2.0.0
2026-05-02 19:42:44,615 [ERROR] Engine:466 - C:\Users\USER\.stm32cubemx\thirdparties\pdsc\STMicroelectronics.X-CUBE-TCPP.4.2.0.pdsc: PDSC version is not supported
2026-05-02 19:42:44,632 [WARN] PackLoader:240 - Cannot read IP mode file for RealThread.X-CUBE-RT-Thread_Nano.4.1.1
2026-05-02 19:42:44,647 [WARN] PackLoader:240 - Cannot read IP mode file for wolfSSL.I-CUBE-wolfSSL.5.7.0
2026-05-02 19:42:44,660 [WARN] PackLoader:240 - Cannot read IP mode file for STMicroelectronics.FP-ATR-SIGFOX1.3.2.0
2026-05-02 19:42:44,673 [WARN] ConditionMgr:438 - getConditionDescription Invalid condition id : Cortex-A Device cause : null
2026-05-02 19:42:44,693 [WARN] ConditionMgr:1039 - genDependencies : Invalid condition id : Cortex-A Device cause : null
2026-05-02 19:42:44,693 [WARN] ConditionMgr:1039 - genDependencies : Invalid condition id : Cortex-A Device cause : null
2026-05-02 19:42:44,693 [WARN] ConditionMgr:1039 - genDependencies : Invalid condition id : Cortex-A Device cause : null
2026-05-02 19:42:44,706 [WARN] PackLoader:240 - Cannot read IP mode file for STMicroelectronics.X-CUBE-EEPRMA1.5.1.0
2026-05-02 19:42:44,717 [ERROR] Engine:466 - C:\Users\USER\.stm32cubemx\thirdparties\pdsc\STMicroelectronics.X-CUBE-FREERTOS.1.5.0.pdsc: PDSC version is not supported
2026-05-02 19:42:44,732 [WARN] PackLoader:240 - Cannot read IP mode file for ITTIA_DB.I-CUBE-ITTIADB.8.9.0
2026-05-02 19:42:44,748 [WARN] PackLoader:240 - Cannot read IP mode file for STMicroelectronics.X-CUBE-NFC6.3.2.0
2026-05-02 19:42:44,763 [WARN] PackLoader:240 - Cannot read IP mode file for STMicroelectronics.X-CUBE-AI.10.2.0
2026-05-02 19:42:44,800 [WARN] PackLoader:240 - Cannot read IP mode file for STMicroelectronics.X-CUBE-MEMS1.12.1.0
2026-05-02 19:42:44,885 [WARN] PackLoader:240 - Cannot read IP mode file for SEGGER.I-CUBE-embOS.1.3.1
2026-05-02 19:42:44,927 [WARN] PackLoader:240 - Cannot read IP mode file for STMicroelectronics.X-CUBE-ALGOBUILD.1.4.0
2026-05-02 19:42:44,944 [WARN] PackLoader:240 - Cannot read IP mode file for STMicroelectronics.X-CUBE-AI.9.1.0
2026-05-02 19:42:44,964 [WARN] PackLoader:240 - Cannot read IP mode file for STMicroelectronics.X-CUBE-PM33A1.1.0.0
2026-05-02 19:42:44,981 [WARN] PackLoader:240 - Cannot read IP mode file for STMicroelectronics.X-CUBE-GNSS1.6.0.0
2026-05-02 19:42:45,010 [WARN] PackLoader:240 - Cannot read IP mode file for STMicroelectronics.X-CUBE-AZRTOS-F4.1.1.0
2026-05-02 19:42:45,027 [ERROR] Engine:466 - C:\Users\USER\.stm32cubemx\thirdparties\pdsc\Avnet-IotConnect.X-CUBE-IoTC-DA16k-PMOD.1.0.0.pdsc: PDSC version is not supported
2026-05-02 19:42:45,044 [WARN] PackLoader:240 - Cannot read IP mode file for STMicroelectronics.X-CUBE-ISPU.2.1.0
2026-05-02 19:42:45,064 [ERROR] Engine:466 - C:\Users\USER\.stm32cubemx\thirdparties\pdsc\STMicroelectronics.X-CUBE-IPS.3.2.0.pdsc: PDSC version is not supported
2026-05-02 19:42:45,076 [ERROR] Engine:466 - C:\Users\USER\.stm32cubemx\thirdparties\pdsc\STMicroelectronics.eDS-WB_DPC_TT-BIDIR.2.1.1.pdsc: PDSC version is not supported
2026-05-02 19:42:45,095 [WARN] PackLoader:240 - Cannot read IP mode file for STMicroelectronics.X-CUBE-FREERTOS.1.2.0
2026-05-02 19:42:45,116 [WARN] PackLoader:240 - Cannot read IP mode file for STMicroelectronics.X-CUBE-NFC12.1.0.0
2026-05-02 19:42:45,144 [WARN] PackLoader:240 - Cannot read IP mode file for STMicroelectronics.X-CUBE-AZRTOS-L5.2.0.0
2026-05-02 19:42:45,187 [WARN] PackLoader:240 - Cannot read IP mode file for STMicroelectronics.X-CUBE-NFC6.3.1.0
2026-05-02 19:42:45,207 [WARN] PackLoader:240 - Cannot read IP mode file for STMicroelectronics.X-CUBE-DPower.1.2.0
2026-05-02 19:42:45,225 [ERROR] Engine:466 - C:\Users\USER\.stm32cubemx\thirdparties\pdsc\STMicroelectronics.eDS-WB_DPC_VIENNA.1.2.0.pdsc: PDSC version is not supported
2026-05-02 19:42:45,236 [ERROR] Engine:466 - C:\Users\USER\.stm32cubemx\thirdparties\pdsc\STMicroelectronics.eDS-WB_DPC_3PH2L-BIDIR.1.1.1.pdsc: PDSC version is not supported
2026-05-02 19:42:45,251 [WARN] PackLoader:240 - Cannot read IP mode file for STMicroelectronics.X-CUBE-AI.9.0.0
2026-05-02 19:42:45,266 [ERROR] Engine:466 - C:\Users\USER\.stm32cubemx\thirdparties\pdsc\STMicroelectronics.X-CUBE-ST67W61.1.3.0.pdsc: PDSC version is not supported
2026-05-02 19:42:45,282 [WARN] PackLoader:240 - Cannot read IP mode file for STMicroelectronics.X-CUBE-FREERTOS.1.3.1
2026-05-02 19:42:45,297 [WARN] PackLoader:240 - Cannot read IP mode file for STMicroelectronics.X-CUBE-FREERTOS.1.3.0
2026-05-02 19:42:45,314 [WARN] PackLoader:240 - Cannot read IP mode file for STMicroelectronics.X-CUBE-NFC7.1.0.1
2026-05-02 19:42:45,344 [WARN] PackLoader:240 - Cannot read IP mode file for STMicroelectronics.X-CUBE-TOUCHGFX.4.26.0
2026-05-02 19:42:45,425 [WARN] PackLoader:240 - Cannot read IP mode file for STMicroelectronics.X-CUBE-TOUCHGFX.4.26.1
2026-05-02 19:42:45,437 [ERROR] Engine:466 - C:\Users\USER\.stm32cubemx\thirdparties\pdsc\STMicroelectronics.FP-SNS-STAIOTCFT.1.0.0.pdsc: PDSC version is not supported
2026-05-02 19:42:45,450 [WARN] PackLoader:240 - Cannot read IP mode file for STMicroelectronics.X-CUBE-DPower.1.3.0
2026-05-02 19:42:45,477 [WARN] ConditionMgr:438 - getConditionDescription Invalid condition id : LAN8742 Phy interface Condition cause : null
2026-05-02 19:42:45,477 [WARN] PackLoader:240 - Cannot read IP mode file for STMicroelectronics.X-CUBE-AZRTOS-L4.2.0.0
2026-05-02 19:42:45,478 [WARN] ConditionMgr:1039 - genDependencies : Invalid condition id : LAN8742 Phy interface Condition cause : null
2026-05-02 19:42:45,478 [WARN] ConditionMgr:1039 - genDependencies : Invalid condition id : LAN8742 Phy interface Condition cause : null
2026-05-02 19:42:45,478 [WARN] ConditionMgr:1039 - genDependencies : Invalid condition id : LAN8742 Phy interface Condition cause : null
2026-05-02 19:42:45,494 [WARN] PackLoader:240 - Cannot read IP mode file for STMicroelectronics.X-CUBE-SFXS2LP1.4.0.0
2026-05-02 19:42:45,509 [WARN] PackLoader:240 - Cannot read IP mode file for STMicroelectronics.X-CUBE-WB05N.2.1.0
2026-05-02 19:42:45,523 [ERROR] Engine:466 - C:\Users\USER\.stm32cubemx\thirdparties\pdsc\STMicroelectronics.X-CUBE-ST67W61.1.2.0.pdsc: PDSC version is not supported
2026-05-02 19:42:45,549 [WARN] PackLoader:240 - Cannot read IP mode file for STMicroelectronics.X-CUBE-AZRTOS-H7.3.3.0
2026-05-02 19:42:45,562 [ERROR] Engine:466 - C:\Users\USER\.stm32cubemx\thirdparties\pdsc\STMicroelectronics.X-CUBE-BLEMGR.4.1.0.pdsc: PDSC version is not supported
2026-05-02 19:42:45,580 [WARN] PackLoader:240 - Cannot read IP mode file for STMicroelectronics.X-CUBE-IPS.3.0.0
2026-05-02 19:42:45,604 [WARN] ConditionMgr:438 - getConditionDescription Invalid condition id : UX DEVICE CLASS RTOS Condition cause : null
2026-05-02 19:42:45,604 [WARN] ConditionMgr:438 - getConditionDescription Invalid condition id : UX DEVICE CLASS RTOS Condition cause : null
2026-05-02 19:42:45,605 [WARN] PackLoader:240 - Cannot read IP mode file for STMicroelectronics.X-CUBE-AZRTOS-WB.2.0.0
2026-05-02 19:42:45,605 [WARN] ConditionMgr:1039 - genDependencies : Invalid condition id : UX DEVICE CLASS RTOS Condition cause : null
2026-05-02 19:42:45,605 [WARN] ConditionMgr:1039 - genDependencies : Invalid condition id : UX DEVICE CLASS RTOS Condition cause : null
2026-05-02 19:42:45,606 [WARN] ConditionMgr:1039 - genDependencies : Invalid condition id : UX DEVICE CLASS RTOS Condition cause : null
2026-05-02 19:42:45,606 [WARN] ConditionMgr:1039 - genDependencies : Invalid condition id : UX DEVICE CLASS RTOS Condition cause : null
2026-05-02 19:42:45,606 [WARN] ConditionMgr:1039 - genDependencies : Invalid condition id : UX DEVICE CLASS RTOS Condition cause : null
2026-05-02 19:42:45,618 [WARN] PackLoader:240 - Cannot read IP mode file for STMicroelectronics.X-CUBE-GNSS1.7.0.0
2026-05-02 19:42:45,630 [WARN] PackLoader:240 - Cannot read IP mode file for STMicroelectronics.X-CUBE-GNSS1.7.0.1
2026-05-02 19:42:45,644 [WARN] PackLoader:240 - Cannot read IP mode file for STMicroelectronics.X-CUBE-TOUCHGFX.4.25.0
2026-05-02 19:42:45,657 [WARN] PackLoader:240 - Cannot read IP mode file for STMicroelectronics.FP-SNS-STBOX1.2.0.0
2026-05-02 19:42:45,674 [WARN] PackLoader:240 - Cannot read IP mode file for STMicroelectronics.X-CUBE-STSE01.2.0.0
2026-05-02 19:42:45,692 [WARN] PackLoader:240 - Cannot read IP mode file for STMicroelectronics.X-CUBE-SUBG2.5.0.0
2026-05-02 19:42:45,720 [WARN] PackLoader:240 - Cannot read IP mode file for STMicroelectronics.X-CUBE-AZRTOS-H7RS.1.1.0
2026-05-02 19:42:45,737 [WARN] PackLoader:240 - Cannot read IP mode file for Cesanta.I-CUBE-Mongoose.7.13.0
2026-05-02 19:42:45,757 [WARN] PackLoader:240 - Cannot read IP mode file for STMicroelectronics.X-CUBE-AZRTOS-G4.2.0.0
2026-05-02 19:42:45,772 [WARN] PackLoader:240 - Cannot read IP mode file for STMicroelectronics.X-CUBE-NFC7.2.0.0
2026-05-02 19:42:45,785 [WARN] PackLoader:240 - Cannot read IP mode file for STMicroelectronics.X-CUBE-ISPU.2.0.0
2026-05-02 19:42:45,799 [ERROR] Engine:466 - C:\Users\USER\.stm32cubemx\thirdparties\pdsc\STMicroelectronics.X-CUBE-IPS.3.1.0.pdsc: PDSC version is not supported
2026-05-02 19:42:45,812 [WARN] PackLoader:240 - Cannot read IP mode file for STMicroelectronics.X-CUBE-ALS.1.0.2
2026-05-02 19:42:45,842 [WARN] PackLoader:240 - Cannot read IP mode file for STMicroelectronics.X-CUBE-MEMS1.10.0.0
2026-05-02 19:42:45,907 [WARN] PackLoader:240 - Cannot read IP mode file for STMicroelectronics.X-CUBE-FREERTOS.1.1.0
2026-05-02 19:42:45,921 [WARN] PackLoader:240 - Cannot read IP mode file for STMicroelectronics.X-CUBE-TOUCHGFX.4.24.2
2026-05-02 19:42:45,935 [WARN] PackLoader:240 - Cannot read IP mode file for STMicroelectronics.X-CUBE-TOUCHGFX.4.24.1
2026-05-02 19:42:45,952 [WARN] PackLoader:240 - Cannot read IP mode file for STMicroelectronics.X-CUBE-STSE01.1.0.0
2026-05-02 19:42:45,966 [WARN] PackLoader:240 - Cannot read IP mode file for wolfSSL.I-CUBE-wolfTPM.3.4.0
2026-05-02 19:42:45,982 [WARN] PackLoader:240 - Cannot read IP mode file for portGmbH.I-Cube-SoM-uGOAL.1.1.0
2026-05-02 19:42:45,993 [WARN] PackLoader:240 - Cannot read IP mode file for STMicroelectronics.X-CUBE-ALS.1.0.1
2026-05-02 19:42:46,016 [WARN] PackLoader:240 - Cannot read IP mode file for STMicroelectronics.X-CUBE-AZRTOS-H7RS.1.0.0
2026-05-02 19:42:46,029 [WARN] PackLoader:240 - Cannot read IP mode file for STMicroelectronics.FP-ATR-ASTRA1.2.0.0
2026-05-02 19:42:46,049 [WARN] PackLoader:240 - Cannot read IP mode file for STMicroelectronics.X-CUBE-TOF1.3.4.2
2026-05-02 19:42:46,132 [ERROR] Engine:466 - C:\Users\USER\.stm32cubemx\thirdparties\pdsc\STMicroelectronics.X-CUBE-TOF1.3.4.3.pdsc: PDSC version is not supported
2026-05-02 19:42:46,150 [WARN] PackLoader:240 - Cannot read IP mode file for STMicroelectronics.X-CUBE-TOF1.3.4.1
2026-05-02 19:42:46,178 [WARN] PackLoader:240 - Cannot read IP mode file for STMicroelectronics.X-CUBE-AZRTOS-H7.3.2.0
2026-05-02 19:42:46,201 [WARN] PackLoader:240 - Cannot read IP mode file for Infineon.AIROC-Wi-Fi-Bluetooth-STM32.1.6.0
2026-05-02 19:42:46,216 [WARN] PackLoader:240 - Cannot read IP mode file for wolfSSL.I-CUBE-wolfSSH.1.4.17
2026-05-02 19:42:46,216 [INFO] ThirdParty:978 - Integrity check success = true
2026-05-02 19:42:46,216 [INFO] IntegrityCheckThread:100 - exiting critical section [integrity check]
2026-05-02 19:42:46,216 [INFO] IntegrityCheckThread:103 - End integrity checks thread
2026-05-02 19:42:46,298 [INFO] Mcu:2021 - Initializing MCU STM32F411C(C-E)Ux STM32F411CEUx STM32F411CEU6
2026-05-02 19:42:47,967 [INFO] Context:663 - Trying to add GPIOservice into a context  which must be forbidden
2026-05-02 19:42:48,418 [INFO] ApiDbMcu:508 - Load IP Config File for STMicroelectronics.X-CUBE-TOUCHGFX.4.26.0
2026-05-02 19:42:48,653 [INFO] RtosManager:555 - Registered RTOS mode: class=CMSIS, group=RTOS, mode=CMSIS_V1, owner=FREERTOS
2026-05-02 19:42:48,653 [INFO] RtosManager:555 - Registered RTOS mode: class=CMSIS, group=RTOS2, mode=CMSIS_V2, owner=FREERTOS
2026-05-02 19:42:48,653 [INFO] RtosManager:555 - Registered RTOS mode: class=RTOS, group=Core, mode=CMSIS_V1, owner=FREERTOS
2026-05-02 19:42:48,653 [INFO] RtosManager:555 - Registered RTOS mode: class=RTOS, group=Core, mode=CMSIS_V2, owner=FREERTOS
2026-05-02 19:42:48,653 [WARN] ModelIntegratedComponent:184 - Missing modes for component STMicroelectronics:FreeRTOS:0.0.1:STMicroelectronics:RTOS:FreeRTOS:Core:::10.2.0:
2026-05-02 19:42:48,662 [WARN] ModelIntegratedComponent:63 - No mode defined for component null
2026-05-02 19:42:48,662 [WARN] ModelIntegratedComponent:63 - No mode defined for component null
2026-05-02 19:42:48,662 [WARN] ModelIntegratedComponent:63 - No mode defined for component null
2026-05-02 19:42:48,662 [WARN] ModelIntegratedComponent:63 - No mode defined for component null
2026-05-02 19:42:48,663 [WARN] ModelIntegratedComponent:63 - No mode defined for component null
2026-05-02 19:42:48,663 [WARN] ModelIntegratedComponent:63 - No mode defined for component null
2026-05-02 19:42:48,663 [WARN] ModelIntegratedComponent:63 - No mode defined for component null
2026-05-02 19:42:48,663 [WARN] ModelIntegratedComponent:63 - No mode defined for component null
2026-05-02 19:42:48,663 [WARN] ModelIntegratedComponent:63 - No mode defined for component null
2026-05-02 19:42:48,663 [WARN] ModelIntegratedComponent:63 - No mode defined for component null
2026-05-02 19:42:48,663 [WARN] ModelIntegratedComponent:63 - No mode defined for component null
2026-05-02 19:42:48,663 [WARN] ModelIntegratedComponent:63 - No mode defined for component null
2026-05-02 19:42:48,663 [WARN] ModelIntegratedComponent:63 - No mode defined for component null
2026-05-02 19:42:48,663 [WARN] ModelIntegratedComponent:63 - No mode defined for component null
2026-05-02 19:42:48,663 [WARN] ModelIntegratedComponent:63 - No mode defined for component null
2026-05-02 19:42:48,663 [WARN] ModelIntegratedComponent:63 - No mode defined for component null
2026-05-02 19:42:48,663 [WARN] ModelIntegratedComponent:63 - No mode defined for component null
2026-05-02 19:42:48,663 [WARN] ModelIntegratedComponent:63 - No mode defined for component null
2026-05-02 19:42:48,663 [WARN] ModelIntegratedComponent:63 - No mode defined for component null
2026-05-02 19:42:48,663 [WARN] ModelIntegratedComponent:63 - No mode defined for component null
2026-05-02 19:42:48,663 [WARN] ModelIntegratedComponent:63 - No mode defined for component null
2026-05-02 19:42:48,663 [WARN] ModelIntegratedComponent:63 - No mode defined for component null
2026-05-02 19:42:48,663 [WARN] ModelIntegratedComponent:63 - No mode defined for component null
2026-05-02 19:42:48,663 [WARN] ModelIntegratedComponent:63 - No mode defined for component null
2026-05-02 19:42:48,663 [WARN] ModelIntegratedComponent:63 - No mode defined for component null
2026-05-02 19:42:48,663 [WARN] ModelIntegratedComponent:63 - No mode defined for component null
2026-05-02 19:42:48,663 [WARN] ModelIntegratedComponent:63 - No mode defined for component null
2026-05-02 19:42:48,663 [WARN] ModelIntegratedComponent:63 - No mode defined for component null
2026-05-02 19:42:48,663 [WARN] ModelIntegratedComponent:63 - No mode defined for component null
2026-05-02 19:42:48,663 [WARN] ModelIntegratedComponent:63 - No mode defined for component null
2026-05-02 19:42:48,663 [WARN] ModelIntegratedComponent:63 - No mode defined for component null
2026-05-02 19:42:48,663 [WARN] ModelIntegratedComponent:63 - No mode defined for component null
2026-05-02 19:42:48,663 [WARN] ModelIntegratedComponent:63 - No mode defined for component null
2026-05-02 19:42:48,663 [WARN] ModelIntegratedComponent:63 - No mode defined for component null
2026-05-02 19:42:48,723 [WARN] ModelIntegratedComponent:182 - Modes not found for component STMicroelectronics:USB_DEVICE:1.0.0:STMicroelectronics:USB::USB Device:Audio HS::1.0:USB_DEVICE_1_0_RESTRICTED_HS
2026-05-02 19:42:48,724 [WARN] ModelIntegratedComponent:188 - Modes not found for component STMicroelectronics:USB_DEVICE:1.0.0:STMicroelectronics:USB::USB Device:Audio HS::1.0:USB_DEVICE_1_0_RESTRICTED_HS
2026-05-02 19:42:48,724 [WARN] ModelIntegratedComponent:182 - Modes not found for component STMicroelectronics:USB_DEVICE:1.0.0:STMicroelectronics:USB::USB Device:CDC HS::1.0:USB_DEVICE_1_0_RESTRICTED_HS
2026-05-02 19:42:48,724 [WARN] ModelIntegratedComponent:188 - Modes not found for component STMicroelectronics:USB_DEVICE:1.0.0:STMicroelectronics:USB::USB Device:CDC HS::1.0:USB_DEVICE_1_0_RESTRICTED_HS
2026-05-02 19:42:48,724 [WARN] ModelIntegratedComponent:182 - Modes not found for component STMicroelectronics:USB_DEVICE:1.0.0:STMicroelectronics:USB::USB Device:DFU HS::1.0:USB_DEVICE_1_0_RESTRICTED_HS
2026-05-02 19:42:48,724 [WARN] ModelIntegratedComponent:188 - Modes not found for component STMicroelectronics:USB_DEVICE:1.0.0:STMicroelectronics:USB::USB Device:DFU HS::1.0:USB_DEVICE_1_0_RESTRICTED_HS
2026-05-02 19:42:48,724 [WARN] ModelIntegratedComponent:182 - Modes not found for component STMicroelectronics:USB_DEVICE:1.0.0:STMicroelectronics:USB::USB Device:HID HS::1.0:USB_DEVICE_1_0_RESTRICTED_HS
2026-05-02 19:42:48,724 [WARN] ModelIntegratedComponent:188 - Modes not found for component STMicroelectronics:USB_DEVICE:1.0.0:STMicroelectronics:USB::USB Device:HID HS::1.0:USB_DEVICE_1_0_RESTRICTED_HS
2026-05-02 19:42:48,724 [WARN] ModelIntegratedComponent:182 - Modes not found for component STMicroelectronics:USB_DEVICE:1.0.0:STMicroelectronics:USB::USB Device:Custom HID HS::1.0:USB_DEVICE_1_0_RESTRICTED_HS
2026-05-02 19:42:48,724 [WARN] ModelIntegratedComponent:188 - Modes not found for component STMicroelectronics:USB_DEVICE:1.0.0:STMicroelectronics:USB::USB Device:Custom HID HS::1.0:USB_DEVICE_1_0_RESTRICTED_HS
2026-05-02 19:42:48,724 [WARN] ModelIntegratedComponent:182 - Modes not found for component STMicroelectronics:USB_DEVICE:1.0.0:STMicroelectronics:USB::USB Device:MSC HS::1.0:USB_DEVICE_1_0_RESTRICTED_HS
2026-05-02 19:42:48,724 [WARN] ModelIntegratedComponent:188 - Modes not found for component STMicroelectronics:USB_DEVICE:1.0.0:STMicroelectronics:USB::USB Device:MSC HS::1.0:USB_DEVICE_1_0_RESTRICTED_HS
2026-05-02 19:42:48,812 [WARN] ModelIntegratedComponent:182 - Modes not found for component STMicroelectronics:USB_HOST:1.0.0:STMicroelectronics:USB::USB Host:Audio HS::1.0:USB_HOST_1_0_RESTRICTED_HS
2026-05-02 19:42:48,812 [WARN] ModelIntegratedComponent:188 - Modes not found for component STMicroelectronics:USB_HOST:1.0.0:STMicroelectronics:USB::USB Host:Audio HS::1.0:USB_HOST_1_0_RESTRICTED_HS
2026-05-02 19:42:48,812 [WARN] ModelIntegratedComponent:182 - Modes not found for component STMicroelectronics:USB_HOST:1.0.0:STMicroelectronics:USB::USB Host:CDC HS::1.0:USB_HOST_1_0_RESTRICTED_HS
2026-05-02 19:42:48,812 [WARN] ModelIntegratedComponent:188 - Modes not found for component STMicroelectronics:USB_HOST:1.0.0:STMicroelectronics:USB::USB Host:CDC HS::1.0:USB_HOST_1_0_RESTRICTED_HS
2026-05-02 19:42:48,812 [WARN] ModelIntegratedComponent:182 - Modes not found for component STMicroelectronics:USB_HOST:1.0.0:STMicroelectronics:USB::USB Host:MSC HS::1.0:USB_HOST_1_0_RESTRICTED_HS
2026-05-02 19:42:48,812 [WARN] ModelIntegratedComponent:188 - Modes not found for component STMicroelectronics:USB_HOST:1.0.0:STMicroelectronics:USB::USB Host:MSC HS::1.0:USB_HOST_1_0_RESTRICTED_HS
2026-05-02 19:42:48,812 [WARN] ModelIntegratedComponent:182 - Modes not found for component STMicroelectronics:USB_HOST:1.0.0:STMicroelectronics:USB::USB Host:HID HS::1.0:USB_HOST_1_0_RESTRICTED_HS
2026-05-02 19:42:48,812 [WARN] ModelIntegratedComponent:188 - Modes not found for component STMicroelectronics:USB_HOST:1.0.0:STMicroelectronics:USB::USB Host:HID HS::1.0:USB_HOST_1_0_RESTRICTED_HS
2026-05-02 19:42:48,812 [WARN] ModelIntegratedComponent:182 - Modes not found for component STMicroelectronics:USB_HOST:1.0.0:STMicroelectronics:USB::USB Host:MTP HS::1.0:USB_HOST_1_0_RESTRICTED_HS
2026-05-02 19:42:48,812 [WARN] ModelIntegratedComponent:188 - Modes not found for component STMicroelectronics:USB_HOST:1.0.0:STMicroelectronics:USB::USB Host:MTP HS::1.0:USB_HOST_1_0_RESTRICTED_HS
2026-05-02 19:42:48,905 [WARN] IP:2120 - tgfx_framebuffer_stride_value_custom not found: check if there is a RefParameter without a condition.
2026-05-02 19:42:48,911 [WARN] IP:2120 - tgfx_framebuffer_stride_value_custom not found: check if there is a RefParameter without a condition.
2026-05-02 19:42:49,715 [INFO] ApiDbMcu:508 - Load IP Config File for FREERTOS
2026-05-02 19:42:49,752 [INFO] ThirdPartyModel:298 - Start build external matchings
2026-05-02 19:42:51,392 [INFO] ThirdPartyModel:316 - End build external matchings
2026-05-02 19:42:51,442 [INFO] RtosManager:919 - Current active RTOS is FREERTOS [Cortex-M4NS]
2026-05-02 19:42:51,454 [INFO] ImportTextPane:194 - (OptionalMessage_ERROR) IP (DMA) : Parameter (Instance) has Id (SPI1_TX) currently not set
2026-05-02 19:42:51,454 [INFO] ImportTextPane:194 - (OptionalMessage_ERROR) IP (DMA) : Parameter (Channel) has Id (SPI1_TX) currently not set
2026-05-02 19:42:51,454 [INFO] ImportTextPane:194 - (OptionalMessage_ERROR) IP (DMA) : Parameter (Direction) has Id (SPI1_TX) currently not set
2026-05-02 19:42:51,454 [INFO] ImportTextPane:194 - (OptionalMessage_ERROR) IP (DMA) : Parameter (PeriphInc) has Id (SPI1_TX) currently not set
2026-05-02 19:42:51,454 [INFO] ImportTextPane:194 - (OptionalMessage_ERROR) IP (DMA) : Parameter (MemInc) has Id (SPI1_TX) currently not set
2026-05-02 19:42:51,454 [INFO] ImportTextPane:194 - (OptionalMessage_ERROR) IP (DMA) : Parameter (PeriphDataAlignment) has Id (SPI1_TX) currently not set
2026-05-02 19:42:51,454 [INFO] ImportTextPane:194 - (OptionalMessage_ERROR) IP (DMA) : Parameter (MemDataAlignment) has Id (SPI1_TX) currently not set
2026-05-02 19:42:51,454 [INFO] ImportTextPane:194 - (OptionalMessage_ERROR) IP (DMA) : Parameter (Mode) has Id (SPI1_TX) currently not set
2026-05-02 19:42:51,454 [INFO] ImportTextPane:194 - (OptionalMessage_ERROR) IP (DMA) : Parameter (Priority) has Id (SPI1_TX) currently not set
2026-05-02 19:42:51,454 [INFO] ImportTextPane:194 - (OptionalMessage_ERROR) IP (DMA) : Parameter (FIFOMode) has Id (SPI1_TX) currently not set
2026-05-02 19:42:51,454 [INFO] ImportTextPane:194 - (OptionalMessage_ERROR) IP (DMA) : Parameter (FIFOThreshold) has Id (SPI1_TX) currently not set
2026-05-02 19:42:51,454 [INFO] ImportTextPane:194 - (OptionalMessage_ERROR) IP (DMA) : Parameter (FIFOThreshold) has invalid value (null)
2026-05-02 19:42:51,454 [INFO] ImportTextPane:194 - (OptionalMessage_ERROR) IP (DMA) : Parameter (MemBurst) has Id (SPI1_TX) currently not set
2026-05-02 19:42:51,454 [INFO] ImportTextPane:194 - (OptionalMessage_ERROR) IP (DMA) : Parameter (MemBurst) has invalid value (null)
2026-05-02 19:42:51,454 [INFO] ImportTextPane:194 - (OptionalMessage_ERROR) IP (DMA) : Parameter (PeriphBurst) has Id (SPI1_TX) currently not set
2026-05-02 19:42:51,454 [INFO] ImportTextPane:194 - (OptionalMessage_ERROR) IP (DMA) : Parameter (PeriphBurst) has invalid value (null)
2026-05-02 19:42:51,454 [INFO] ImportTextPane:194 - (OptionalMessage_ERROR) IP (DMA) : Parameter (Instance) has Id (USART1_RX) currently not set
2026-05-02 19:42:51,455 [INFO] ImportTextPane:194 - (OptionalMessage_ERROR) IP (DMA) : Parameter (Channel) has Id (USART1_RX) currently not set
2026-05-02 19:42:51,455 [INFO] ImportTextPane:194 - (OptionalMessage_ERROR) IP (DMA) : Parameter (Direction) has Id (USART1_RX) currently not set
2026-05-02 19:42:51,455 [INFO] ImportTextPane:194 - (OptionalMessage_ERROR) IP (DMA) : Parameter (PeriphInc) has Id (USART1_RX) currently not set
2026-05-02 19:42:51,455 [INFO] ImportTextPane:194 - (OptionalMessage_ERROR) IP (DMA) : Parameter (MemInc) has Id (USART1_RX) currently not set
2026-05-02 19:42:51,455 [INFO] ImportTextPane:194 - (OptionalMessage_ERROR) IP (DMA) : Parameter (PeriphDataAlignment) has Id (USART1_RX) currently not set
2026-05-02 19:42:51,455 [INFO] ImportTextPane:194 - (OptionalMessage_ERROR) IP (DMA) : Parameter (MemDataAlignment) has Id (USART1_RX) currently not set
2026-05-02 19:42:51,455 [INFO] ImportTextPane:194 - (OptionalMessage_ERROR) IP (DMA) : Parameter (Mode) has Id (USART1_RX) currently not set
2026-05-02 19:42:51,455 [INFO] ImportTextPane:194 - (OptionalMessage_ERROR) IP (DMA) : Parameter (Priority) has Id (USART1_RX) currently not set
2026-05-02 19:42:51,455 [INFO] ImportTextPane:194 - (OptionalMessage_ERROR) IP (DMA) : Parameter (FIFOMode) has Id (USART1_RX) currently not set
2026-05-02 19:42:51,455 [INFO] ImportTextPane:194 - (OptionalMessage_ERROR) IP (DMA) : Parameter (Instance) has Id (USART1_TX) currently not set
2026-05-02 19:42:51,455 [INFO] ImportTextPane:194 - (OptionalMessage_ERROR) IP (DMA) : Parameter (Channel) has Id (USART1_TX) currently not set
2026-05-02 19:42:51,455 [INFO] ImportTextPane:194 - (OptionalMessage_ERROR) IP (DMA) : Parameter (Direction) has Id (USART1_TX) currently not set
2026-05-02 19:42:51,455 [INFO] ImportTextPane:194 - (OptionalMessage_ERROR) IP (DMA) : Parameter (PeriphInc) has Id (USART1_TX) currently not set
2026-05-02 19:42:51,455 [INFO] ImportTextPane:194 - (OptionalMessage_ERROR) IP (DMA) : Parameter (MemInc) has Id (USART1_TX) currently not set
2026-05-02 19:42:51,455 [INFO] ImportTextPane:194 - (OptionalMessage_ERROR) IP (DMA) : Parameter (PeriphDataAlignment) has Id (USART1_TX) currently not set
2026-05-02 19:42:51,455 [INFO] ImportTextPane:194 - (OptionalMessage_ERROR) IP (DMA) : Parameter (MemDataAlignment) has Id (USART1_TX) currently not set
2026-05-02 19:42:51,455 [INFO] ImportTextPane:194 - (OptionalMessage_ERROR) IP (DMA) : Parameter (Mode) has Id (USART1_TX) currently not set
2026-05-02 19:42:51,455 [INFO] ImportTextPane:194 - (OptionalMessage_ERROR) IP (DMA) : Parameter (Priority) has Id (USART1_TX) currently not set
2026-05-02 19:42:51,455 [INFO] ImportTextPane:194 - (OptionalMessage_ERROR) IP (DMA) : Parameter (FIFOMode) has Id (USART1_TX) currently not set
2026-05-02 19:42:51,462 [WARN] IP:2120 - tgfx_framebuffer_stride_value_custom not found: check if there is a RefParameter without a condition.
2026-05-02 19:42:51,464 [INFO] ImportTextPane:194 - (OptionalMessage_ERROR) IP (STMicroelectronics.X-CUBE-TOUCHGFX.4.26.0) : Parameter (ApplicationCcGraphicsJjApplication) has invalid value (TouchGFXOoGenerator)
2026-05-02 19:42:51,892 [INFO] ApiDb:581 - Connected to CubeFinder SQLite database (C:\Users\USER\.stmcufinder\plugins\mcufinder\mcu\cube-finder-db.db)
2026-05-02 19:42:52,003 [INFO] ApiDb:668 - CubeFinder database Data Model version=2.1
2026-05-02 19:42:52,003 [INFO] ApiDb:669 - CubeFinder database Configuration version=3.0.39
2026-05-02 19:42:52,004 [INFO] ApiDb:670 - CubeFinder database generation date=2025-12-22 (1766407740)
2026-05-02 19:42:52,004 [INFO] ApiDb:671 - CubeFinder database FW Pack versions=[FP-ATR-ASTRA1_V2.0.0, FP-SNS-FLIGHT1_V5.1.0, FP-SNS-MOTENV1_V5.1.0, FP-SNS-MOTENVWB1_V1.4.0, FP-SNS-SMARTAG2_V1.2.0, FP-SNS-STBOX1_V2.1.0, STM32Cube_FW_C0_V1.4.0, STM32Cube_FW_F4_V1.28.3, STM32Cube_FW_F7_V1.17.4, STM32Cube_FW_G0_V1.6.2, STM32Cube_FW_G4_V1.6.1, STM32Cube_FW_H5_V1.5.1, STM32Cube_FW_H7RS_V1.3.0, STM32Cube_FW_H7_V1.12.1, STM32Cube_FW_L0_V1.12.2, STM32Cube_FW_L4_V1.18.1, STM32Cube_FW_L5_V1.6.0, STM32Cube_FW_N6_V1.3.0, STM32Cube_FW_U0_V1.3.0, STM32Cube_FW_U3_V1.2.1, STM32Cube_FW_U5_V1.8.0, STM32Cube_FW_WB0_V1.4.0, STM32Cube_FW_WBA_V1.8.0, STM32Cube_FW_WB_V1.24.0, STM32Cube_FW_WL3_V1.3.0, STM32Cube_FW_WL_V1.4.0, X-CUBE-ALGOBUILD_V1.4.0, X-CUBE-ALS_V1.0.2, X-CUBE-AZRTOS-F4_V1.1.0, X-CUBE-AZRTOS-F7_V1.1.0, X-CUBE-AZRTOS-G0_V1.1.0, X-CUBE-AZRTOS-G4_V2.0.0, X-CUBE-AZRTOS-H7RS_V1.1.0, X-CUBE-AZRTOS-H7_V3.4.0, X-CUBE-AZRTOS-L4_V2.0.0, X-CUBE-AZRTOS-L5_V2.0.0, X-CUBE-AZRTOS-WB_V2.0.0, X-CUBE-AZRTOS-WL_V2.0.0, X-CUBE-BLE1_V7.1.0, X-CUBE-BLE2_V3.3.0, X-CUBE-BLEMGR_V4.1.0, X-CUBE-EEPRMA1_V5.2.0, X-CUBE-FREERTOS_V1.3.1, X-CUBE-GNSS1_V6.0.0, X-CUBE-MEMS1_V12.0.0, X-CUBE-NFC4_V3.0.0, X-CUBE-NFC7_V2.0.0, X-CUBE-SFXS2LP1_V4.0.0, X-CUBE-ST67W61_V1.1.0, X-CUBE-SUBG2_V5.0.0, X-CUBE-TOF1_V3.4.3]
2026-05-02 19:42:52,132 [INFO] DbBoardsSqlite:226 - include board P-NUCLEO-WB55-NUCLEO as a kit item of type 'Nucleo-64'
2026-05-02 19:42:52,132 [INFO] DbBoardsSqlite:226 - include board P-NUCLEO-WB55-USBDONGLE as a kit item of type 'Nucleo USB Dongle'
2026-05-02 19:42:52,133 [INFO] DbBoardsSqlite:226 - include board STEVAL-IDP005V1 as a kit item of type 'Evaluation Board'
2026-05-02 19:42:52,133 [INFO] DbBoardsSqlite:226 - include board STEVAL-IDP005V2 as a kit item of type 'Evaluation Board'
2026-05-02 19:42:52,626 [INFO] ApiDb:240 - Found 483 in-development CPN: [B-G473E-ZEST1S, B-WB1M-WPAN1, B-WL5M-SUBG1, NUCLEO-C031C6, NUCLEO-H503RB, NUCLEO-H533RE, NUCLEO-H563ZI, NUCLEO-H7S3L8, NUCLEO-U031R8, NUCLEO-U083RC, NUCLEO-U545RE-Q, NUCLEO-U5A5ZJ-Q, NUCLEO-WBA52CG, NUCLEO-WBA55CG, STEVAL-PROTEUS1, STEVAL-SMARTAG2, STEVAL-STWINBX1, STM320518-EVAL, STM32C0116-DK, STM32C011D6Y3TR, STM32C011D6Y6TR, STM32C011F4P3, STM32C011F4P6, STM32C011F4U3, STM32C011F4U6TR, STM32C011F6P3, STM32C011F6P6, STM32C011F6U3, STM32C011F6U6TR, STM32C011J4M3, STM32C011J4M6, STM32C011J6M3, STM32C011J6M6, STM32C0316-DK, STM32C031C4T3, STM32C031C4T6, STM32C031C4U3, STM32C031C4U6, STM32C031C6T3, STM32C031C6T6, STM32C031C6U3, STM32C031C6U6, STM32C031F4P3, STM32C031F4P6, STM32C031F6P3, STM32C031F6P6, STM32C031G4U3, STM32C031G4U6, STM32C031G6U3, STM32C031G6U6, STM32C031K4T3, STM32C031K4T6, STM32C031K4U3, STM32C031K4U6, STM32C031K6T3, STM32C031K6T6, STM32C031K6U3, STM32C031K6U6, STM32G071K8TXN, STM32G071K8UXN, STM32G081GBU6N, STM32G081KBT6N, STM32G081KBUXN, STM32G0B1CCT6N, STM32G0B1KCT6, STM32G0B1NEY6TR, STM32G0B1RCT6N, STM32G0C1CCT6, STM32G0C1CCT6N, STM32G0C1CCU6N, STM32G0C1CET6N, STM32G0C1CEU6N, STM32G0C1KCT6, STM32G0C1NEY6TR, STM32G0C1RCI6N, STM32G0C1RCT6N, STM32G0C1REI6N, STM32G0C1RET6N, STM32G0C1VCI6, STM32G0C1VEI6, STM32G471CCT6, STM32G471CCU6, STM32G471CET3, STM32G471CET6, STM32G471CEU3, STM32G471CEU6, STM32G471MCT6, STM32G471MET3, STM32G471MET6, STM32G471MEY6TR, STM32G471QCT6, STM32G471QET3, STM32G471RCT6, STM32G471RET3, STM32G471RET6, STM32G471VCH6, STM32G471VCI6, STM32G471VCT6, STM32G471VEH3, STM32G471VEH6, STM32G471VEI3, STM32G471VEI6, STM32G471VET3, STM32G471VET6, STM32G474CCT6, STM32H503CBT6, STM32H503CBU6, STM32H503EBY6TR, STM32H503KBU6, STM32H503RBT6, STM32H523CCT6, STM32H523CCU6, STM32H523CET6, STM32H523CEU6, STM32H523HEY6TR, STM32H523RCT6, STM32H523RET6, STM32H523VCI6, STM32H523VCT6, STM32H523VEI6, STM32H523VET6, STM32H523ZCJ6, STM32H523ZCT6, STM32H523ZEJ6, STM32H523ZET6, STM32H533CET6, STM32H533CEU6, STM32H533HEY6TR, STM32H533RET6, STM32H533VEI6, STM32H533VET6, STM32H533ZEJ6, STM32H533ZET6, STM32H562AGI6, STM32H562AII6, STM32H562IGK6, STM32H562IGT6, STM32H562IIK6, STM32H562IIT6, STM32H562RGT6, STM32H562RGV6, STM32H562RIT6, STM32H562RIV6, STM32H562VGT6, STM32H562VIT6, STM32H562ZGT6, STM32H562ZIT6, STM32H563AGI6, STM32H563AII3Q, STM32H563AII6, STM32H563IGK6, STM32H563IGT6, STM32H563IIK3Q, STM32H563IIK6, STM32H563IIT3Q, STM32H563IIT6, STM32H563MIY3QTR, STM32H563RGT6, STM32H563RGV6, STM32H563RIT6, STM32H563RIV6, STM32H563VGT6, STM32H563VIT3Q, STM32H563VIT6, STM32H563ZGT6, STM32H563ZIT3Q, STM32H563ZIT6, STM32H573AII3Q, STM32H573AII6, STM32H573I-DK, STM32H573IIK3Q, STM32H573IIK6, STM32H573IIT3Q, STM32H573IIT6, STM32H573MIY3QTR, STM32H573RIT6, STM32H573RIV6, STM32H573VIT3Q, STM32H573VIT6, STM32H573ZIT3Q, STM32H573ZIT6, STM32H7R3A8I6, STM32H7R3I8K6, STM32H7R3I8T6, STM32H7R3L8H6, STM32H7R3L8H6H, STM32H7R3R8V6, STM32H7R3V8H6, STM32H7R3V8T6, STM32H7R3V8Y6, STM32H7R3Z8J6, STM32H7R3Z8T6, STM32H7R7A8I6, STM32H7R7I8K6, STM32H7R7I8T6, STM32H7R7L8H6, STM32H7R7L8H6H, STM32H7R7Z8J6, STM32H7S3A8I6, STM32H7S3I8K6, STM32H7S3I8T6, STM32H7S3L8H6, STM32H7S3L8H6H, STM32H7S3R8V6, STM32H7S3V8H6, STM32H7S3V8T6, STM32H7S3V8Y6, STM32H7S3Z8J6, STM32H7S3Z8T6, STM32H7S78-DK, STM32H7S7A8I6, STM32H7S7I8K6, STM32H7S7I8T6, STM32H7S7L8H6, STM32H7S7L8H6H, STM32H7S7Z8J6, STM32L4R5QGI6STR, STM32MP131AAE3, STM32MP131AAF3, STM32MP131AAG3, STM32MP131CAE3, STM32MP131CAF3, STM32MP131CAG3, STM32MP131DAE7, STM32MP131DAF7, STM32MP131DAG7, STM32MP131FAE7, STM32MP131FAF7, STM32MP131FAG7, STM32MP133AAE3, STM32MP133AAF3, STM32MP133AAG3, STM32MP133CAE3, STM32MP133CAF3, STM32MP133CAG3, STM32MP133DAE7, STM32MP133DAF7, STM32MP133DAG7, STM32MP133FAE7, STM32MP133FAF7, STM32MP133FAG7, STM32MP135AAE3, STM32MP135AAF3, STM32MP135AAG3, STM32MP135CAE3, STM32MP135CAF3, STM32MP135CAG3, STM32MP135DAE7, STM32MP135DAF7, STM32MP135DAG7, STM32MP135F-DK, STM32MP135FAE7, STM32MP135FAF7, STM32MP135FAF7T, STM32MP135FAF7U, STM32MP135FAG7, STM32U031C6T6, STM32U031C6U6, STM32U031C8T6, STM32U031C8U6, STM32U031F4P6, STM32U031F6P6, STM32U031F8P6, STM32U031G6Y6TR, STM32U031G8Y6TR, STM32U031K4U6, STM32U031K6U6, STM32U031K8U6, STM32U031R6I6, STM32U031R6T6, STM32U031R8I6, STM32U031R8T6, STM32U073C8T6, STM32U073C8U6, STM32U073CBT6, STM32U073CBU6, STM32U073CCT6, STM32U073CCU6, STM32U073H8Y6TR, STM32U073HBY6TR, STM32U073HCY6TR, STM32U073K8U6, STM32U073KBU6, STM32U073KCU6, STM32U073M8I6, STM32U073M8T6, STM32U073MBI6, STM32U073MBT6, STM32U073MCI6, STM32U073MCT6, STM32U073R8I6, STM32U073R8T6, STM32U073RBI6, STM32U073RBT6, STM32U073RCI6, STM32U073RCT6, STM32U083C-DK, STM32U083CCT6, STM32U083CCU6, STM32U083HCY6TR, STM32U083KCU6, STM32U083MCI6, STM32U083MCT6, STM32U083RCI6, STM32U083RCT6, STM32U535CBT6, STM32U535CBT6Q, STM32U535CBU6, STM32U535CBU6Q, STM32U535CCT6, STM32U535CCT6Q, STM32U535CCU6, STM32U535CCU6Q, STM32U535CET6, STM32U535CET6Q, STM32U535CEU6, STM32U535CEU6Q, STM32U535JEY6QTR, STM32U535NCY6QTR, STM32U535NEY6QTR, STM32U535RBI6, STM32U535RBI6Q, STM32U535RBT6, STM32U535RBT6Q, STM32U535RCI6, STM32U535RCI6Q, STM32U535RCT6, STM32U535RCT6Q, STM32U535REI6, STM32U535REI6Q, STM32U535RET6, STM32U535RET6Q, STM32U535VCI6, STM32U535VCI6Q, STM32U535VCT6, STM32U535VCT6Q, STM32U535VEI6, STM32U535VEI6Q, STM32U535VET6, STM32U535VET6Q, STM32U545CET6, STM32U545CET6Q, STM32U545CEU6, STM32U545CEU6Q, STM32U545JEY6QTR, STM32U545NEY6QTR, STM32U545REI6, STM32U545REI6Q, STM32U545RET6, STM32U545RET6Q, STM32U545VEI6, STM32U545VEI6Q, STM32U545VET6, STM32U545VET6Q, STM32U595AIH6, STM32U595AIH6Q, STM32U595AJH6, STM32U595AJH6Q, STM32U595QII6, STM32U595QII6Q, STM32U595QJI6, STM32U595QJI6Q, STM32U595RIT6, STM32U595RIT6Q, STM32U595RJT6, STM32U595RJT6Q, STM32U595VIT6, STM32U595VIT6Q, STM32U595VJT6, STM32U595VJT6Q, STM32U595ZIT6, STM32U595ZIT6Q, STM32U595ZIY6QTR, STM32U595ZJT6, STM32U595ZJT6Q, STM32U595ZJY6QTR, STM32U599BJY6QTR, STM32U599NIH6Q, STM32U599NJH6Q, STM32U599VIT6Q, STM32U599VJT6, STM32U599VJT6Q, STM32U599ZIT6Q, STM32U599ZIY6QTR, STM32U599ZJT6Q, STM32U599ZJY6QTR, STM32U5A5AJH6, STM32U5A5AJH6Q, STM32U5A5QII3Q , STM32U5A5QJI6, STM32U5A5QJI6Q, STM32U5A5RJT6, STM32U5A5RJT6Q, STM32U5A5VJT6, STM32U5A5VJT6Q, STM32U5A5ZJT6, STM32U5A5ZJT6Q, STM32U5A5ZJY6QTR, STM32U5A9BJY6QTR, STM32U5A9J-DK, STM32U5A9NJH6Q, STM32U5A9VJT6Q, STM32U5A9ZJT6Q, STM32U5A9ZJY6QTR, STM32U5F7VIT6, STM32U5F7VIT6Q, STM32U5F7VJT6, STM32U5F7VJT6Q, STM32U5F9BJY6QTR, STM32U5F9NJH6Q, STM32U5F9VIT6Q, STM32U5F9VJT6Q, STM32U5F9ZIJ6QTR, STM32U5F9ZIT6Q, STM32U5F9ZJJ6QTR, STM32U5F9ZJT6Q, STM32U5G7VJT6, STM32U5G7VJT6Q, STM32U5G9BJY6QTR, STM32U5G9J-DK1, STM32U5G9J-DK2, STM32U5G9NJH6Q, STM32U5G9VJT6Q, STM32U5G9ZJJ6QTR, STM32U5G9ZJT6Q, STM32WB1MMCH6, STM32WBA50KEU6, STM32WBA50KEU6TR, STM32WBA50KGU6, STM32WBA50KGU6TR, STM32WBA52CEU6, STM32WBA52CEU6TR, STM32WBA52CEU7, STM32WBA52CEU7TR, STM32WBA52CGU6, STM32WBA52CGU6TR, STM32WBA52CGU6U, STM32WBA52CGU7, STM32WBA52CGU7TR, STM32WBA52KEU6, STM32WBA52KEU6TR, STM32WBA52KGU6, STM32WBA52KGU6TR, STM32WBA54CEU6, STM32WBA54CEU6TR, STM32WBA54CEU7, STM32WBA54CEU7TR, STM32WBA54CGU6, STM32WBA54CGU6TR, STM32WBA54CGU7, STM32WBA54CGU7TR, STM32WBA54KEU6, STM32WBA54KEU6TR, STM32WBA54KEU7, STM32WBA54KEU7TR, STM32WBA54KGU6, STM32WBA54KGU6TR, STM32WBA54KGU7, STM32WBA54KGU7TR, STM32WBA55CEU6, STM32WBA55CEU6TR, STM32WBA55CEU7, STM32WBA55CEU7TR, STM32WBA55CGU6, STM32WBA55CGU6TR, STM32WBA55CGU6U, STM32WBA55CGU7, STM32WBA55CGU7TR, STM32WBA55G-DK1, STM32WBA55HEF6, STM32WBA55HEF7, STM32WBA55HGF6, STM32WBA55HGF7, STM32WBA55UEI6, STM32WBA55UEI6TR, STM32WBA55UEI7, STM32WBA55UEI7TR, STM32WBA55UGI6, STM32WBA55UGI6TR, STM32WBA55UGI7, STM32WBA55UGI7TR, STM32WL5MOCH6, STM32WL5MOCH6TR]
2026-05-02 19:42:52,629 [INFO] ApiDb:668 - CubeFinder database Data Model version=2.1
2026-05-02 19:42:52,629 [INFO] ApiDb:669 - CubeFinder database Configuration version=3.0.39
2026-05-02 19:42:52,629 [INFO] ApiDb:670 - CubeFinder database generation date=2025-12-22 (1766407740)
2026-05-02 19:42:52,629 [INFO] ApiDb:671 - CubeFinder database FW Pack versions=[FP-ATR-ASTRA1_V2.0.0, FP-SNS-FLIGHT1_V5.1.0, FP-SNS-MOTENV1_V5.1.0, FP-SNS-MOTENVWB1_V1.4.0, FP-SNS-SMARTAG2_V1.2.0, FP-SNS-STBOX1_V2.1.0, STM32Cube_FW_C0_V1.4.0, STM32Cube_FW_F4_V1.28.3, STM32Cube_FW_F7_V1.17.4, STM32Cube_FW_G0_V1.6.2, STM32Cube_FW_G4_V1.6.1, STM32Cube_FW_H5_V1.5.1, STM32Cube_FW_H7RS_V1.3.0, STM32Cube_FW_H7_V1.12.1, STM32Cube_FW_L0_V1.12.2, STM32Cube_FW_L4_V1.18.1, STM32Cube_FW_L5_V1.6.0, STM32Cube_FW_N6_V1.3.0, STM32Cube_FW_U0_V1.3.0, STM32Cube_FW_U3_V1.2.1, STM32Cube_FW_U5_V1.8.0, STM32Cube_FW_WB0_V1.4.0, STM32Cube_FW_WBA_V1.8.0, STM32Cube_FW_WB_V1.24.0, STM32Cube_FW_WL3_V1.3.0, STM32Cube_FW_WL_V1.4.0, X-CUBE-ALGOBUILD_V1.4.0, X-CUBE-ALS_V1.0.2, X-CUBE-AZRTOS-F4_V1.1.0, X-CUBE-AZRTOS-F7_V1.1.0, X-CUBE-AZRTOS-G0_V1.1.0, X-CUBE-AZRTOS-G4_V2.0.0, X-CUBE-AZRTOS-H7RS_V1.1.0, X-CUBE-AZRTOS-H7_V3.4.0, X-CUBE-AZRTOS-L4_V2.0.0, X-CUBE-AZRTOS-L5_V2.0.0, X-CUBE-AZRTOS-WB_V2.0.0, X-CUBE-AZRTOS-WL_V2.0.0, X-CUBE-BLE1_V7.1.0, X-CUBE-BLE2_V3.3.0, X-CUBE-BLEMGR_V4.1.0, X-CUBE-EEPRMA1_V5.2.0, X-CUBE-FREERTOS_V1.3.1, X-CUBE-GNSS1_V6.0.0, X-CUBE-MEMS1_V12.0.0, X-CUBE-NFC4_V3.0.0, X-CUBE-NFC7_V2.0.0, X-CUBE-SFXS2LP1_V4.0.0, X-CUBE-ST67W61_V1.1.0, X-CUBE-SUBG2_V5.0.0, X-CUBE-TOF1_V3.4.3]
2026-05-02 19:42:54,553 [INFO] ApiDb:240 - Found 483 in-development CPN: [B-G473E-ZEST1S, B-WB1M-WPAN1, B-WL5M-SUBG1, NUCLEO-C031C6, NUCLEO-H503RB, NUCLEO-H533RE, NUCLEO-H563ZI, NUCLEO-H7S3L8, NUCLEO-U031R8, NUCLEO-U083RC, NUCLEO-U545RE-Q, NUCLEO-U5A5ZJ-Q, NUCLEO-WBA52CG, NUCLEO-WBA55CG, STEVAL-PROTEUS1, STEVAL-SMARTAG2, STEVAL-STWINBX1, STM320518-EVAL, STM32C0116-DK, STM32C011D6Y3TR, STM32C011D6Y6TR, STM32C011F4P3, STM32C011F4P6, STM32C011F4U3, STM32C011F4U6TR, STM32C011F6P3, STM32C011F6P6, STM32C011F6U3, STM32C011F6U6TR, STM32C011J4M3, STM32C011J4M6, STM32C011J6M3, STM32C011J6M6, STM32C0316-DK, STM32C031C4T3, STM32C031C4T6, STM32C031C4U3, STM32C031C4U6, STM32C031C6T3, STM32C031C6T6, STM32C031C6U3, STM32C031C6U6, STM32C031F4P3, STM32C031F4P6, STM32C031F6P3, STM32C031F6P6, STM32C031G4U3, STM32C031G4U6, STM32C031G6U3, STM32C031G6U6, STM32C031K4T3, STM32C031K4T6, STM32C031K4U3, STM32C031K4U6, STM32C031K6T3, STM32C031K6T6, STM32C031K6U3, STM32C031K6U6, STM32G071K8TXN, STM32G071K8UXN, STM32G081GBU6N, STM32G081KBT6N, STM32G081KBUXN, STM32G0B1CCT6N, STM32G0B1KCT6, STM32G0B1NEY6TR, STM32G0B1RCT6N, STM32G0C1CCT6, STM32G0C1CCT6N, STM32G0C1CCU6N, STM32G0C1CET6N, STM32G0C1CEU6N, STM32G0C1KCT6, STM32G0C1NEY6TR, STM32G0C1RCI6N, STM32G0C1RCT6N, STM32G0C1REI6N, STM32G0C1RET6N, STM32G0C1VCI6, STM32G0C1VEI6, STM32G471CCT6, STM32G471CCU6, STM32G471CET3, STM32G471CET6, STM32G471CEU3, STM32G471CEU6, STM32G471MCT6, STM32G471MET3, STM32G471MET6, STM32G471MEY6TR, STM32G471QCT6, STM32G471QET3, STM32G471RCT6, STM32G471RET3, STM32G471RET6, STM32G471VCH6, STM32G471VCI6, STM32G471VCT6, STM32G471VEH3, STM32G471VEH6, STM32G471VEI3, STM32G471VEI6, STM32G471VET3, STM32G471VET6, STM32G474CCT6, STM32H503CBT6, STM32H503CBU6, STM32H503EBY6TR, STM32H503KBU6, STM32H503RBT6, STM32H523CCT6, STM32H523CCU6, STM32H523CET6, STM32H523CEU6, STM32H523HEY6TR, STM32H523RCT6, STM32H523RET6, STM32H523VCI6, STM32H523VCT6, STM32H523VEI6, STM32H523VET6, STM32H523ZCJ6, STM32H523ZCT6, STM32H523ZEJ6, STM32H523ZET6, STM32H533CET6, STM32H533CEU6, STM32H533HEY6TR, STM32H533RET6, STM32H533VEI6, STM32H533VET6, STM32H533ZEJ6, STM32H533ZET6, STM32H562AGI6, STM32H562AII6, STM32H562IGK6, STM32H562IGT6, STM32H562IIK6, STM32H562IIT6, STM32H562RGT6, STM32H562RGV6, STM32H562RIT6, STM32H562RIV6, STM32H562VGT6, STM32H562VIT6, STM32H562ZGT6, STM32H562ZIT6, STM32H563AGI6, STM32H563AII3Q, STM32H563AII6, STM32H563IGK6, STM32H563IGT6, STM32H563IIK3Q, STM32H563IIK6, STM32H563IIT3Q, STM32H563IIT6, STM32H563MIY3QTR, STM32H563RGT6, STM32H563RGV6, STM32H563RIT6, STM32H563RIV6, STM32H563VGT6, STM32H563VIT3Q, STM32H563VIT6, STM32H563ZGT6, STM32H563ZIT3Q, STM32H563ZIT6, STM32H573AII3Q, STM32H573AII6, STM32H573I-DK, STM32H573IIK3Q, STM32H573IIK6, STM32H573IIT3Q, STM32H573IIT6, STM32H573MIY3QTR, STM32H573RIT6, STM32H573RIV6, STM32H573VIT3Q, STM32H573VIT6, STM32H573ZIT3Q, STM32H573ZIT6, STM32H7R3A8I6, STM32H7R3I8K6, STM32H7R3I8T6, STM32H7R3L8H6, STM32H7R3L8H6H, STM32H7R3R8V6, STM32H7R3V8H6, STM32H7R3V8T6, STM32H7R3V8Y6, STM32H7R3Z8J6, STM32H7R3Z8T6, STM32H7R7A8I6, STM32H7R7I8K6, STM32H7R7I8T6, STM32H7R7L8H6, STM32H7R7L8H6H, STM32H7R7Z8J6, STM32H7S3A8I6, STM32H7S3I8K6, STM32H7S3I8T6, STM32H7S3L8H6, STM32H7S3L8H6H, STM32H7S3R8V6, STM32H7S3V8H6, STM32H7S3V8T6, STM32H7S3V8Y6, STM32H7S3Z8J6, STM32H7S3Z8T6, STM32H7S78-DK, STM32H7S7A8I6, STM32H7S7I8K6, STM32H7S7I8T6, STM32H7S7L8H6, STM32H7S7L8H6H, STM32H7S7Z8J6, STM32L4R5QGI6STR, STM32MP131AAE3, STM32MP131AAF3, STM32MP131AAG3, STM32MP131CAE3, STM32MP131CAF3, STM32MP131CAG3, STM32MP131DAE7, STM32MP131DAF7, STM32MP131DAG7, STM32MP131FAE7, STM32MP131FAF7, STM32MP131FAG7, STM32MP133AAE3, STM32MP133AAF3, STM32MP133AAG3, STM32MP133CAE3, STM32MP133CAF3, STM32MP133CAG3, STM32MP133DAE7, STM32MP133DAF7, STM32MP133DAG7, STM32MP133FAE7, STM32MP133FAF7, STM32MP133FAG7, STM32MP135AAE3, STM32MP135AAF3, STM32MP135AAG3, STM32MP135CAE3, STM32MP135CAF3, STM32MP135CAG3, STM32MP135DAE7, STM32MP135DAF7, STM32MP135DAG7, STM32MP135F-DK, STM32MP135FAE7, STM32MP135FAF7, STM32MP135FAF7T, STM32MP135FAF7U, STM32MP135FAG7, STM32U031C6T6, STM32U031C6U6, STM32U031C8T6, STM32U031C8U6, STM32U031F4P6, STM32U031F6P6, STM32U031F8P6, STM32U031G6Y6TR, STM32U031G8Y6TR, STM32U031K4U6, STM32U031K6U6, STM32U031K8U6, STM32U031R6I6, STM32U031R6T6, STM32U031R8I6, STM32U031R8T6, STM32U073C8T6, STM32U073C8U6, STM32U073CBT6, STM32U073CBU6, STM32U073CCT6, STM32U073CCU6, STM32U073H8Y6TR, STM32U073HBY6TR, STM32U073HCY6TR, STM32U073K8U6, STM32U073KBU6, STM32U073KCU6, STM32U073M8I6, STM32U073M8T6, STM32U073MBI6, STM32U073MBT6, STM32U073MCI6, STM32U073MCT6, STM32U073R8I6, STM32U073R8T6, STM32U073RBI6, STM32U073RBT6, STM32U073RCI6, STM32U073RCT6, STM32U083C-DK, STM32U083CCT6, STM32U083CCU6, STM32U083HCY6TR, STM32U083KCU6, STM32U083MCI6, STM32U083MCT6, STM32U083RCI6, STM32U083RCT6, STM32U535CBT6, STM32U535CBT6Q, STM32U535CBU6, STM32U535CBU6Q, STM32U535CCT6, STM32U535CCT6Q, STM32U535CCU6, STM32U535CCU6Q, STM32U535CET6, STM32U535CET6Q, STM32U535CEU6, STM32U535CEU6Q, STM32U535JEY6QTR, STM32U535NCY6QTR, STM32U535NEY6QTR, STM32U535RBI6, STM32U535RBI6Q, STM32U535RBT6, STM32U535RBT6Q, STM32U535RCI6, STM32U535RCI6Q, STM32U535RCT6, STM32U535RCT6Q, STM32U535REI6, STM32U535REI6Q, STM32U535RET6, STM32U535RET6Q, STM32U535VCI6, STM32U535VCI6Q, STM32U535VCT6, STM32U535VCT6Q, STM32U535VEI6, STM32U535VEI6Q, STM32U535VET6, STM32U535VET6Q, STM32U545CET6, STM32U545CET6Q, STM32U545CEU6, STM32U545CEU6Q, STM32U545JEY6QTR, STM32U545NEY6QTR, STM32U545REI6, STM32U545REI6Q, STM32U545RET6, STM32U545RET6Q, STM32U545VEI6, STM32U545VEI6Q, STM32U545VET6, STM32U545VET6Q, STM32U595AIH6, STM32U595AIH6Q, STM32U595AJH6, STM32U595AJH6Q, STM32U595QII6, STM32U595QII6Q, STM32U595QJI6, STM32U595QJI6Q, STM32U595RIT6, STM32U595RIT6Q, STM32U595RJT6, STM32U595RJT6Q, STM32U595VIT6, STM32U595VIT6Q, STM32U595VJT6, STM32U595VJT6Q, STM32U595ZIT6, STM32U595ZIT6Q, STM32U595ZIY6QTR, STM32U595ZJT6, STM32U595ZJT6Q, STM32U595ZJY6QTR, STM32U599BJY6QTR, STM32U599NIH6Q, STM32U599NJH6Q, STM32U599VIT6Q, STM32U599VJT6, STM32U599VJT6Q, STM32U599ZIT6Q, STM32U599ZIY6QTR, STM32U599ZJT6Q, STM32U599ZJY6QTR, STM32U5A5AJH6, STM32U5A5AJH6Q, STM32U5A5QII3Q , STM32U5A5QJI6, STM32U5A5QJI6Q, STM32U5A5RJT6, STM32U5A5RJT6Q, STM32U5A5VJT6, STM32U5A5VJT6Q, STM32U5A5ZJT6, STM32U5A5ZJT6Q, STM32U5A5ZJY6QTR, STM32U5A9BJY6QTR, STM32U5A9J-DK, STM32U5A9NJH6Q, STM32U5A9VJT6Q, STM32U5A9ZJT6Q, STM32U5A9ZJY6QTR, STM32U5F7VIT6, STM32U5F7VIT6Q, STM32U5F7VJT6, STM32U5F7VJT6Q, STM32U5F9BJY6QTR, STM32U5F9NJH6Q, STM32U5F9VIT6Q, STM32U5F9VJT6Q, STM32U5F9ZIJ6QTR, STM32U5F9ZIT6Q, STM32U5F9ZJJ6QTR, STM32U5F9ZJT6Q, STM32U5G7VJT6, STM32U5G7VJT6Q, STM32U5G9BJY6QTR, STM32U5G9J-DK1, STM32U5G9J-DK2, STM32U5G9NJH6Q, STM32U5G9VJT6Q, STM32U5G9ZJJ6QTR, STM32U5G9ZJT6Q, STM32WB1MMCH6, STM32WBA50KEU6, STM32WBA50KEU6TR, STM32WBA50KGU6, STM32WBA50KGU6TR, STM32WBA52CEU6, STM32WBA52CEU6TR, STM32WBA52CEU7, STM32WBA52CEU7TR, STM32WBA52CGU6, STM32WBA52CGU6TR, STM32WBA52CGU6U, STM32WBA52CGU7, STM32WBA52CGU7TR, STM32WBA52KEU6, STM32WBA52KEU6TR, STM32WBA52KGU6, STM32WBA52KGU6TR, STM32WBA54CEU6, STM32WBA54CEU6TR, STM32WBA54CEU7, STM32WBA54CEU7TR, STM32WBA54CGU6, STM32WBA54CGU6TR, STM32WBA54CGU7, STM32WBA54CGU7TR, STM32WBA54KEU6, STM32WBA54KEU6TR, STM32WBA54KEU7, STM32WBA54KEU7TR, STM32WBA54KGU6, STM32WBA54KGU6TR, STM32WBA54KGU7, STM32WBA54KGU7TR, STM32WBA55CEU6, STM32WBA55CEU6TR, STM32WBA55CEU7, STM32WBA55CEU7TR, STM32WBA55CGU6, STM32WBA55CGU6TR, STM32WBA55CGU6U, STM32WBA55CGU7, STM32WBA55CGU7TR, STM32WBA55G-DK1, STM32WBA55HEF6, STM32WBA55HEF7, STM32WBA55HGF6, STM32WBA55HGF7, STM32WBA55UEI6, STM32WBA55UEI6TR, STM32WBA55UEI7, STM32WBA55UEI7TR, STM32WBA55UGI6, STM32WBA55UGI6TR, STM32WBA55UGI7, STM32WBA55UGI7TR, STM32WL5MOCH6, STM32WL5MOCH6TR]
2026-05-02 19:42:54,556 [INFO] DbMcus:218 - Found 4816 MCUs, 4816 are supported
2026-05-02 19:42:54,557 [INFO] ApiDb:423 - Load user favorites file C:\Users\USER/.stm32cubeide/favorites.mcus.txt: 0 item(s)
2026-05-02 19:42:54,559 [INFO] ApiDb:427 - User favorites MCUs=[]
2026-05-02 19:42:54,559 [INFO] DbMcus:224 - Set 0 / 0 favorites MCUs
2026-05-02 19:42:54,856 [INFO] BoardInfo:889 - No configuration file found for board B-WBA5M-WPAN
2026-05-02 19:42:54,856 [INFO] DbBoards:161 - Board is not supported: B-WBA5M-WPAN
2026-05-02 19:42:54,859 [INFO] BoardInfo:889 - No configuration file found for board NUCLEO-C051C8
2026-05-02 19:42:54,860 [INFO] DbBoards:161 - Board is not supported: NUCLEO-C051C8
2026-05-02 19:42:54,861 [INFO] BoardInfo:889 - No configuration file found for board NUCLEO-C071RB
2026-05-02 19:42:54,861 [INFO] DbBoards:161 - Board is not supported: NUCLEO-C071RB
2026-05-02 19:42:54,862 [INFO] BoardInfo:889 - No configuration file found for board NUCLEO-C092RC
2026-05-02 19:42:54,862 [INFO] DbBoards:161 - Board is not supported: NUCLEO-C092RC
2026-05-02 19:42:54,923 [INFO] BoardInfo:889 - No configuration file found for board NUCLEO-N657X0-Q
2026-05-02 19:42:54,923 [INFO] DbBoards:161 - Board is not supported: NUCLEO-N657X0-Q
2026-05-02 19:42:54,925 [INFO] BoardInfo:889 - No configuration file found for board NUCLEO-U385RG-Q
2026-05-02 19:42:54,925 [INFO] DbBoards:161 - Board is not supported: NUCLEO-U385RG-Q
2026-05-02 19:42:54,930 [INFO] BoardInfo:889 - No configuration file found for board NUCLEO-WB05KZ
2026-05-02 19:42:54,930 [INFO] DbBoards:161 - Board is not supported: NUCLEO-WB05KZ
2026-05-02 19:42:54,931 [INFO] BoardInfo:889 - No configuration file found for board NUCLEO-WB07CC
2026-05-02 19:42:54,931 [INFO] DbBoards:161 - Board is not supported: NUCLEO-WB07CC
2026-05-02 19:42:54,932 [INFO] BoardInfo:889 - No configuration file found for board NUCLEO-WB09KE
2026-05-02 19:42:54,932 [INFO] DbBoards:161 - Board is not supported: NUCLEO-WB09KE
2026-05-02 19:42:54,936 [INFO] BoardInfo:889 - No configuration file found for board NUCLEO-WBA65RI
2026-05-02 19:42:54,936 [INFO] DbBoards:161 - Board is not supported: NUCLEO-WBA65RI
2026-05-02 19:42:54,937 [INFO] BoardInfo:889 - No configuration file found for board NUCLEO-WL33CC1
2026-05-02 19:42:54,937 [INFO] DbBoards:161 - Board is not supported: NUCLEO-WL33CC1
2026-05-02 19:42:54,938 [INFO] BoardInfo:889 - No configuration file found for board NUCLEO-WL33CC2
2026-05-02 19:42:54,938 [INFO] DbBoards:161 - Board is not supported: NUCLEO-WL33CC2
2026-05-02 19:42:54,942 [INFO] BoardInfo:889 - No configuration file found for board P-NUCLEO-WB55
2026-05-02 19:42:54,942 [INFO] DbBoards:161 - Kit is not supported: P-NUCLEO-WB55
2026-05-02 19:42:54,946 [INFO] BoardInfo:889 - No configuration file found for board STEVAL-BFA001V1B
2026-05-02 19:42:54,946 [INFO] DbBoards:161 - Kit is not supported: STEVAL-BFA001V1B
2026-05-02 19:42:54,947 [INFO] BoardInfo:889 - No configuration file found for board STEVAL-BFA001V2B
2026-05-02 19:42:54,947 [INFO] DbBoards:161 - Kit is not supported: STEVAL-BFA001V2B
2026-05-02 19:42:55,046 [INFO] BoardInfo:889 - No configuration file found for board STM32MP257F-DK
2026-05-02 19:42:55,048 [INFO] DbBoards:161 - Board is not supported: STM32MP257F-DK
2026-05-02 19:42:55,048 [INFO] BoardInfo:889 - No configuration file found for board STM32MP257F-EV1
2026-05-02 19:42:55,048 [INFO] DbBoards:161 - Board is not supported: STM32MP257F-EV1
2026-05-02 19:42:55,049 [INFO] BoardInfo:889 - No configuration file found for board STM32N6570-DK
2026-05-02 19:42:55,050 [INFO] DbBoards:161 - Board is not supported: STM32N6570-DK
2026-05-02 19:42:55,058 [INFO] BoardInfo:889 - No configuration file found for board STM32WBA65I-DK1
2026-05-02 19:42:55,059 [INFO] DbBoards:161 - Board is not supported: STM32WBA65I-DK1
2026-05-02 19:42:55,059 [INFO] DbBoards:168 - Found 211 boards, 192 are supported
2026-05-02 19:42:55,059 [INFO] DbBoards:169 - Found 211 boards, 8 of them is supported for  Bsp
2026-05-02 19:42:55,066 [INFO] ApiDb:423 - Load user favorites file C:\Users\USER/.stm32cubeide/favorites.boards.txt: 0 item(s)
2026-05-02 19:42:55,066 [INFO] ApiDb:427 - User favorites Boards=[]
2026-05-02 19:42:55,066 [INFO] DbBoards:198 - Set 0 / 0 favorites Boards
2026-05-02 19:42:55,155 [INFO] UtilMem:75 - End LoadConfig() Used Memory: 751091280 Bytes (1073741824)
2026-05-02 19:42:55,318 [WARN] ThirdParty:833 - waiting for thirdparty lock release [change project]
2026-05-02 19:42:55,318 [INFO] ThirdParty:835 - entering critical section [change project]
2026-05-02 19:42:55,318 [INFO] ThirdParty:1030 - CMSIS Pack Vendor :STMicroelectronics X-CUBE-AZRTOS-H7 3.5.0
2026-05-02 19:42:55,318 [INFO] ThirdParty:1030 - CMSIS Pack Vendor :STMicroelectronics X-CUBE-PM33A1 1.0.0
2026-05-02 19:42:55,318 [INFO] ThirdParty:1030 - CMSIS Pack Vendor :STMicroelectronics USBPD 4.1
2026-05-02 19:42:55,318 [INFO] ThirdParty:1030 - CMSIS Pack Vendor :STMicroelectronics X-CUBE-GNSS1 6.0.0
2026-05-02 19:42:55,318 [INFO] ThirdParty:1030 - CMSIS Pack Vendor :STMicroelectronics USB_HOST 2.0.0
2026-05-02 19:42:55,318 [INFO] ThirdParty:1030 - CMSIS Pack Vendor :STMicroelectronics FP-SNS-MOTENVWB1 1.4.0
2026-05-02 19:42:55,318 [INFO] ThirdParty:1030 - CMSIS Pack Vendor :STMicroelectronics X-CUBE-AZRTOS-F4 1.1.0
2026-05-02 19:42:55,318 [INFO] ThirdParty:1030 - CMSIS Pack Vendor :STMicroelectronics LIBJPEG 8.0.0
2026-05-02 19:42:55,318 [INFO] ThirdParty:1030 - CMSIS Pack Vendor :STMicroelectronics FP-ATR-ASTRA1 2.0.2
2026-05-02 19:42:55,318 [INFO] ThirdParty:1030 - CMSIS Pack Vendor :STMicroelectronics FP-ATR-ASTRA1 2.0.1
2026-05-02 19:42:55,318 [INFO] ThirdParty:1030 - CMSIS Pack Vendor :STMicroelectronics X-CUBE-SMBUS 2.1.0
2026-05-02 19:42:55,318 [INFO] ThirdParty:1030 - CMSIS Pack Vendor :STMicroelectronics X-CUBE-WB05N 1.1.0
2026-05-02 19:42:55,318 [INFO] ThirdParty:1030 - CMSIS Pack Vendor :STMicroelectronics X-CUBE-ISPU 2.1.0
2026-05-02 19:42:55,318 [INFO] ThirdParty:1030 - CMSIS Pack Vendor :STMicroelectronics X-CUBE-FREERTOS 1.2.0
2026-05-02 19:42:55,318 [INFO] ThirdParty:1030 - CMSIS Pack Vendor :STMicroelectronics X-CUBE-NFC12 1.0.0
2026-05-02 19:42:55,318 [INFO] ThirdParty:1030 - CMSIS Pack Vendor :STMicroelectronics X-CUBE-TOUCHGFX 4.23.2
2026-05-02 19:42:55,318 [INFO] ThirdParty:1030 - CMSIS Pack Vendor :STMicroelectronics X-CUBE-AZRTOS-F7 1.1.0
2026-05-02 19:42:55,318 [INFO] ThirdParty:1030 - CMSIS Pack Vendor :STMicroelectronics X-CUBE-AZRTOS-L5 2.0.0
2026-05-02 19:42:55,318 [INFO] ThirdParty:1030 - CMSIS Pack Vendor :STMicroelectronics USB_DEVICE 2.0.0
2026-05-02 19:42:55,318 [INFO] ThirdParty:1030 - CMSIS Pack Vendor :STMicroelectronics X-CUBE-NFC6 3.1.0
2026-05-02 19:42:55,318 [INFO] ThirdParty:1030 - CMSIS Pack Vendor :STMicroelectronics X-CUBE-MEMS1 11.0.0
2026-05-02 19:42:55,318 [INFO] ThirdParty:1030 - CMSIS Pack Vendor :STMicroelectronics FreeRTOS 0.0.1
2026-05-02 19:42:55,318 [INFO] ThirdParty:1030 - CMSIS Pack Vendor :STMicroelectronics X-CUBE-DPower 1.2.0
2026-05-02 19:42:55,318 [INFO] ThirdParty:1030 - CMSIS Pack Vendor :STMicroelectronics FP-SNS-FLIGHT1 5.0.2
2026-05-02 19:42:55,318 [INFO] ThirdParty:1030 - CMSIS Pack Vendor :STMicroelectronics X-CUBE-AI 9.0.0
2026-05-02 19:42:55,318 [INFO] ThirdParty:1030 - CMSIS Pack Vendor :STMicroelectronics PDM2PCM 3.3.0
2026-05-02 19:42:55,318 [INFO] ThirdParty:1030 - CMSIS Pack Vendor :STMicroelectronics X-CUBE-AZRTOS-H7 3.4.0
2026-05-02 19:42:55,318 [INFO] ThirdParty:1030 - CMSIS Pack Vendor :STMicroelectronics X-CUBE-DISPLAY 3.0.0
2026-05-02 19:42:55,318 [INFO] ThirdParty:1030 - CMSIS Pack Vendor :STMicroelectronics X-CUBE-GNSS1 7.1.1
2026-05-02 19:42:55,318 [INFO] ThirdParty:1030 - CMSIS Pack Vendor :STMicroelectronics X-CUBE-BLE1 7.0.0
2026-05-02 19:42:55,320 [INFO] ThirdParty:1030 - CMSIS Pack Vendor :STMicroelectronics X-CUBE-NFC10 1.0.0
2026-05-02 19:42:55,320 [INFO] ThirdParty:1030 - CMSIS Pack Vendor :STMicroelectronics X-CUBE-BLEMGR 4.0.0
2026-05-02 19:42:55,320 [INFO] ThirdParty:1030 - CMSIS Pack Vendor :STMicroelectronics X-CUBE-FREERTOS 1.3.1
2026-05-02 19:42:55,320 [INFO] ThirdParty:1030 - CMSIS Pack Vendor :STMicroelectronics HAL Drivers 0.0.0
2026-05-02 19:42:55,320 [INFO] ThirdParty:1030 - CMSIS Pack Vendor :emotas I-CUBE-CANOPEN 1.3.0
2026-05-02 19:42:55,320 [INFO] ThirdParty:1030 - CMSIS Pack Vendor :STMicroelectronics X-CUBE-FREERTOS 1.3.0
2026-05-02 19:42:55,320 [INFO] ThirdParty:1030 - CMSIS Pack Vendor :STMicroelectronics X-CUBE-NFC7 1.0.1
2026-05-02 19:42:55,320 [INFO] ThirdParty:1030 - CMSIS Pack Vendor :STMicroelectronics MBEDTLS 2.14.1
2026-05-02 19:42:55,320 [INFO] ThirdParty:1030 - CMSIS Pack Vendor :STMicroelectronics X-CUBE-GNSS1 7.1.0
2026-05-02 19:42:55,320 [INFO] ThirdParty:1030 - CMSIS Pack Vendor :STMicroelectronics X-CUBE-TOUCHGFX 4.26.0
2026-05-02 19:42:55,320 [INFO] ThirdParty:1030 - CMSIS Pack Vendor :STMicroelectronics X-CUBE-TOUCHGFX 4.26.1
2026-05-02 19:42:55,320 [INFO] ThirdParty:1030 - CMSIS Pack Vendor :STMicroelectronics X-CUBE-BLEMGR 3.1.0
2026-05-02 19:42:55,320 [INFO] ThirdParty:1030 - CMSIS Pack Vendor :STMicroelectronics X-CUBE-AI 10.0.0
2026-05-02 19:42:55,320 [INFO] ThirdParty:1030 - CMSIS Pack Vendor :STMicroelectronics FP-SNS-SMARTAG2 1.2.0
2026-05-02 19:42:55,320 [INFO] ThirdParty:1030 - CMSIS Pack Vendor :STMicroelectronics X-CUBE-MEMS1 11.1.0
2026-05-02 19:42:55,320 [INFO] ThirdParty:1030 - CMSIS Pack Vendor :STMicroelectronics X-CUBE-AZRTOS-WL 2.0.0
2026-05-02 19:42:55,320 [INFO] ThirdParty:1030 - CMSIS Pack Vendor :STMicroelectronics X-CUBE-DPower 1.3.0
2026-05-02 19:42:55,320 [INFO] ThirdParty:1030 - CMSIS Pack Vendor :STMicroelectronics FP-SNS-MOTENV1 5.0.0
2026-05-02 19:42:55,320 [INFO] ThirdParty:1030 - CMSIS Pack Vendor :STMicroelectronics USB_DEVICE 1.0.0
2026-05-02 19:42:55,320 [INFO] ThirdParty:1030 - CMSIS Pack Vendor :STMicroelectronics X-CUBE-AZRTOS-H7RS 1.2.0
2026-05-02 19:42:55,320 [INFO] ThirdParty:1030 - CMSIS Pack Vendor :wolfSSL I-CUBE-wolfMQTT 1.19.0
2026-05-02 19:42:55,320 [INFO] ThirdParty:1030 - CMSIS Pack Vendor :STMicroelectronics X-CUBE-AZRTOS-L4 2.0.0
2026-05-02 19:42:55,320 [INFO] ThirdParty:1030 - CMSIS Pack Vendor :STMicroelectronics ThreadX 0.0.2
2026-05-02 19:42:55,320 [INFO] ThirdParty:1030 - CMSIS Pack Vendor :WES I-CUBE-Cesium 1.3.0
2026-05-02 19:42:55,320 [INFO] ThirdParty:1030 - CMSIS Pack Vendor :STMicroelectronics lwIP 2.1.2
2026-05-02 19:42:55,320 [INFO] ThirdParty:1030 - CMSIS Pack Vendor :STMicroelectronics X-CUBE-SFXS2LP1 4.0.0
2026-05-02 19:42:55,320 [INFO] ThirdParty:1030 - CMSIS Pack Vendor :STMicroelectronics X-CUBE-BLE2 3.3.0
2026-05-02 19:42:55,320 [INFO] ThirdParty:1030 - CMSIS Pack Vendor :STMicroelectronics PDM2PCM 3.2.0
2026-05-02 19:42:55,320 [INFO] ThirdParty:1030 - CMSIS Pack Vendor :STMicroelectronics X-CUBE-WB05N 2.1.0
2026-05-02 19:42:55,320 [INFO] ThirdParty:1030 - CMSIS Pack Vendor :STMicroelectronics X-CUBE-AZRTOS-H7 3.3.0
2026-05-02 19:42:55,320 [INFO] ThirdParty:1030 - CMSIS Pack Vendor :STMicroelectronics X-CUBE-NFC9 1.0.0
2026-05-02 19:42:55,320 [INFO] ThirdParty:1030 - CMSIS Pack Vendor :STMicroelectronics X-CUBE-BLE1 7.1.0
2026-05-02 19:42:55,320 [INFO] ThirdParty:1030 - CMSIS Pack Vendor :STMicroelectronics USB_DEVICE 3.0.0
2026-05-02 19:42:55,321 [INFO] ThirdParty:1030 - CMSIS Pack Vendor :STMicroelectronics X-CUBE-TCPP 4.1.0
2026-05-02 19:42:55,321 [INFO] ThirdParty:1030 - CMSIS Pack Vendor :STMicroelectronics X-CUBE-EEPRMA1 5.2.0
2026-05-02 19:42:55,321 [INFO] ThirdParty:1030 - CMSIS Pack Vendor :STMicroelectronics X-CUBE-IPS 3.0.0
2026-05-02 19:42:55,321 [INFO] ThirdParty:1030 - CMSIS Pack Vendor :STMicroelectronics X-CUBE-AZRTOS-WB 2.0.0
2026-05-02 19:42:55,321 [INFO] ThirdParty:1030 - CMSIS Pack Vendor :STMicroelectronics X-CUBE-GNSS1 7.0.0
2026-05-02 19:42:55,321 [INFO] ThirdParty:1030 - CMSIS Pack Vendor :STMicroelectronics X-CUBE-GNSS1 7.0.1
2026-05-02 19:42:55,321 [INFO] ThirdParty:1030 - CMSIS Pack Vendor :STMicroelectronics X-CUBE-TOUCHGFX 4.25.0
2026-05-02 19:42:55,321 [INFO] ThirdParty:1030 - CMSIS Pack Vendor :STMicroelectronics FP-SNS-STBOX1 2.0.0
2026-05-02 19:42:55,321 [INFO] ThirdParty:1030 - CMSIS Pack Vendor :STMicroelectronics X-CUBE-MEMS1 12.0.0
2026-05-02 19:42:55,321 [INFO] ThirdParty:1030 - CMSIS Pack Vendor :STMicroelectronics X-CUBE-ALGOBUILD 1.3.0
2026-05-02 19:42:55,321 [INFO] ThirdParty:1030 - CMSIS Pack Vendor :STMicroelectronics X-CUBE-STSE01 2.0.0
2026-05-02 19:42:55,321 [INFO] ThirdParty:1030 - CMSIS Pack Vendor :STMicroelectronics X-CUBE-MEMS1 11.2.0
2026-05-02 19:42:55,321 [INFO] ThirdParty:1030 - CMSIS Pack Vendor :STMicroelectronics X-CUBE-AZRTOS-G0 1.1.0
2026-05-02 19:42:55,321 [INFO] ThirdParty:1030 - CMSIS Pack Vendor :STMicroelectronics X-CUBE-SAFEA1 1.2.2
2026-05-02 19:42:55,321 [INFO] ThirdParty:1030 - CMSIS Pack Vendor :STMicroelectronics X-CUBE-NFC4 3.0.0
2026-05-02 19:42:55,321 [INFO] ThirdParty:1030 - CMSIS Pack Vendor :STMicroelectronics X-CUBE-SUBG2 5.0.0
2026-05-02 19:42:55,321 [INFO] ThirdParty:1030 - CMSIS Pack Vendor :STMicroelectronics X-CUBE-AZRTOS-H7RS 1.1.0
2026-05-02 19:42:55,321 [INFO] ThirdParty:1030 - CMSIS Pack Vendor :STMicroelectronics STM32_WPAN 1.0.0
2026-05-02 19:42:55,321 [INFO] ThirdParty:1030 - CMSIS Pack Vendor :EmbeddedOffice I-CUBE-FS-RTOS 1.0.1
2026-05-02 19:42:55,321 [INFO] ThirdParty:1030 - CMSIS Pack Vendor :STMicroelectronics lwIP 2.0.3
2026-05-02 19:42:55,321 [INFO] ThirdParty:1030 - CMSIS Pack Vendor :Cesanta I-CUBE-Mongoose 7.13.0
2026-05-02 19:42:55,321 [INFO] ThirdParty:1030 - CMSIS Pack Vendor :STMicroelectronics USB_HOST 1.0.0
2026-05-02 19:42:55,321 [INFO] ThirdParty:1030 - CMSIS Pack Vendor :STMicroelectronics X-CUBE-AZRTOS-G4 2.0.0
2026-05-02 19:42:55,321 [INFO] ThirdParty:1030 - CMSIS Pack Vendor :STMicroelectronics X-CUBE-WB05N 2.0.0
2026-05-02 19:42:55,321 [INFO] ThirdParty:1030 - CMSIS Pack Vendor :STMicroelectronics PDM2PCM 3.1.0
2026-05-02 19:42:55,321 [INFO] ThirdParty:1030 - CMSIS Pack Vendor :STMicroelectronics X-CUBE-NFC7 2.0.0
2026-05-02 19:42:55,321 [INFO] ThirdParty:1030 - CMSIS Pack Vendor :RealThread X-CUBE-RT-Thread_Nano 4.1.1
2026-05-02 19:42:55,321 [INFO] ThirdParty:1030 - CMSIS Pack Vendor :wolfSSL I-CUBE-wolfSSL 5.7.0
2026-05-02 19:42:55,321 [INFO] ThirdParty:1030 - CMSIS Pack Vendor :STMicroelectronics FP-ATR-SIGFOX1 3.2.0
2026-05-02 19:42:55,321 [INFO] ThirdParty:1030 - CMSIS Pack Vendor :quantropi X-CUBE-qispace-sdk-base 1.9.3
2026-05-02 19:42:55,321 [INFO] ThirdParty:1030 - CMSIS Pack Vendor :STMicroelectronics X-CUBE-ISPU 2.0.0
2026-05-02 19:42:55,321 [INFO] ThirdParty:1030 - CMSIS Pack Vendor :STMicroelectronics X-CUBE-EEPRMA1 5.1.0
2026-05-02 19:42:55,321 [INFO] ThirdParty:1030 - CMSIS Pack Vendor :STMicroelectronics MBEDTLS 2.16.2
2026-05-02 19:42:55,321 [INFO] ThirdParty:1030 - CMSIS Pack Vendor :STMicroelectronics X-CUBE-ALS 1.0.2
2026-05-02 19:42:55,321 [INFO] ThirdParty:1030 - CMSIS Pack Vendor :STMicroelectronics X-CUBE-MEMS1 10.0.0
2026-05-02 19:42:55,321 [INFO] ThirdParty:1030 - CMSIS Pack Vendor :STMicroelectronics X-CUBE-FREERTOS 1.1.0
2026-05-02 19:42:55,321 [INFO] ThirdParty:1030 - CMSIS Pack Vendor :ITTIA_DB I-CUBE-ITTIADB 8.9.0
2026-05-02 19:42:55,321 [INFO] ThirdParty:1030 - CMSIS Pack Vendor :STMicroelectronics X-CUBE-TOUCHGFX 4.24.2
2026-05-02 19:42:55,321 [INFO] ThirdParty:1030 - CMSIS Pack Vendor :STMicroelectronics X-CUBE-TOUCHGFX 4.24.1
2026-05-02 19:42:55,321 [INFO] ThirdParty:1030 - CMSIS Pack Vendor :STMicroelectronics X-CUBE-STSE01 1.0.0
2026-05-02 19:42:55,321 [INFO] ThirdParty:1030 - CMSIS Pack Vendor :wolfSSL I-CUBE-wolfTPM 3.4.0
2026-05-02 19:42:55,321 [INFO] ThirdParty:1030 - CMSIS Pack Vendor :portGmbH I-Cube-SoM-uGOAL 1.1.0
2026-05-02 19:42:55,321 [INFO] ThirdParty:1030 - CMSIS Pack Vendor :STMicroelectronics X-CUBE-ALS 1.0.1
2026-05-02 19:42:55,321 [INFO] ThirdParty:1030 - CMSIS Pack Vendor :STMicroelectronics X-CUBE-NFC6 3.2.0
2026-05-02 19:42:55,321 [INFO] ThirdParty:1030 - CMSIS Pack Vendor :STMicroelectronics X-CUBE-AI 10.2.0
2026-05-02 19:42:55,321 [INFO] ThirdParty:1030 - CMSIS Pack Vendor :STMicroelectronics ThreadX 1.0.0
2026-05-02 19:42:55,321 [INFO] ThirdParty:1030 - CMSIS Pack Vendor :STMicroelectronics X-CUBE-MEMS1 12.1.0
2026-05-02 19:42:55,321 [INFO] ThirdParty:1030 - CMSIS Pack Vendor :SEGGER I-CUBE-embOS 1.3.1
2026-05-02 19:42:55,321 [INFO] ThirdParty:1030 - CMSIS Pack Vendor :STMicroelectronics X-CUBE-ALGOBUILD 1.4.0
2026-05-02 19:42:55,321 [INFO] ThirdParty:1030 - CMSIS Pack Vendor :STMicroelectronics X-CUBE-AZRTOS-H7RS 1.0.0
2026-05-02 19:42:55,321 [INFO] ThirdParty:1030 - CMSIS Pack Vendor :STMicroelectronics FP-ATR-ASTRA1 2.0.0
2026-05-02 19:42:55,321 [INFO] ThirdParty:1030 - CMSIS Pack Vendor :STMicroelectronics X-CUBE-TOF1 3.4.2
2026-05-02 19:42:55,321 [INFO] ThirdParty:1030 - CMSIS Pack Vendor :STMicroelectronics X-CUBE-AI 9.1.0
2026-05-02 19:42:55,321 [INFO] ThirdParty:1030 - CMSIS Pack Vendor :STMicroelectronics X-CUBE-TOF1 3.4.1
2026-05-02 19:42:55,321 [INFO] ThirdParty:1030 - CMSIS Pack Vendor :STMicroelectronics X-CUBE-AZRTOS-H7 3.2.0
2026-05-02 19:42:55,321 [INFO] ThirdParty:1030 - CMSIS Pack Vendor :Infineon AIROC-Wi-Fi-Bluetooth-STM32 1.6.0
2026-05-02 19:42:55,321 [INFO] ThirdParty:1030 - CMSIS Pack Vendor :wolfSSL I-CUBE-wolfSSH 1.4.17
2026-05-02 19:42:55,321 [INFO] ThirdParty:841 - exiting critical section [change project]
2026-05-02 19:42:55,554 [INFO] PinOutPanel:1561 - setPackage(No Configuration,No Configuration)
2026-05-02 19:42:55,555 [INFO] PinOutPanel:1561 - setPackage(STM32F411CEUx,UFQFPN48)
2026-05-02 19:42:56,076 [INFO] UtilMem:75 - Before build in PCC Used Memory: 873756032 Bytes (1073741824)
2026-05-02 19:42:57,538 [INFO] UtilMem:75 - After build in PCC Used Memory: 721229592 Bytes (1073741824)
2026-05-02 19:42:57,567 [INFO] IPUIPlugin:80 - create IPUIPlugin
2026-05-02 19:42:57,567 [INFO] IPUIPlugin:80 - create IPUIPlugin
2026-05-02 19:42:57,568 [INFO] IPUIPlugin:80 - create IPUIPlugin
2026-05-02 19:42:57,568 [INFO] IPUIPlugin:80 - create IPUIPlugin
2026-05-02 19:42:57,568 [INFO] IPUIPlugin:80 - create IPUIPlugin
2026-05-02 19:42:57,568 [INFO] IPUIPlugin:80 - create IPUIPlugin
2026-05-02 19:42:57,569 [INFO] IPUIPlugin:80 - create IPUIPlugin
2026-05-02 19:42:57,569 [INFO] IPUIPlugin:80 - create IPUIPlugin
2026-05-02 19:42:57,569 [INFO] IPUIPlugin:80 - create IPUIPlugin
2026-05-02 19:42:57,569 [INFO] IPUIPlugin:80 - create IPUIPlugin
2026-05-02 19:42:57,569 [INFO] IPUIPlugin:80 - create IPUIPlugin
2026-05-02 19:42:57,569 [INFO] IPUIPlugin:80 - create IPUIPlugin
2026-05-02 19:42:57,569 [INFO] IPUIPlugin:80 - create IPUIPlugin
2026-05-02 19:42:57,569 [INFO] IPUIPlugin:80 - create IPUIPlugin
2026-05-02 19:42:57,569 [INFO] IPUIPlugin:80 - create IPUIPlugin
2026-05-02 19:42:57,569 [INFO] IPUIPlugin:80 - create IPUIPlugin
2026-05-02 19:42:57,569 [INFO] IPUIPlugin:80 - create IPUIPlugin
2026-05-02 19:42:57,569 [INFO] IPUIPlugin:80 - create IPUIPlugin
2026-05-02 19:42:57,570 [INFO] IPUIPlugin:80 - create IPUIPlugin
2026-05-02 19:42:57,570 [INFO] IPUIPlugin:80 - create IPUIPlugin
2026-05-02 19:42:57,570 [INFO] IPUIPlugin:80 - create IPUIPlugin
2026-05-02 19:42:57,570 [INFO] IPUIPlugin:80 - create IPUIPlugin
2026-05-02 19:42:57,570 [INFO] IPUIPlugin:80 - create IPUIPlugin
2026-05-02 19:42:57,570 [INFO] IPUIPlugin:80 - create IPUIPlugin
2026-05-02 19:42:57,571 [INFO] IPUIPlugin:80 - create IPUIPlugin
2026-05-02 19:42:57,571 [INFO] IPUIPlugin:80 - create IPUIPlugin
2026-05-02 19:42:57,571 [INFO] IPUIPlugin:80 - create IPUIPlugin
2026-05-02 19:42:57,571 [INFO] IPUIPlugin:80 - create IPUIPlugin
2026-05-02 19:42:57,571 [INFO] IPUIPlugin:80 - create IPUIPlugin
2026-05-02 19:42:57,571 [INFO] IPUIPlugin:80 - create IPUIPlugin
2026-05-02 19:42:57,572 [INFO] IPUIPlugin:80 - create IPUIPlugin
2026-05-02 19:42:57,572 [INFO] IPUIPlugin:80 - create IPUIPlugin
2026-05-02 19:42:57,572 [INFO] IPUIPlugin:80 - create IPUIPlugin
2026-05-02 19:42:57,572 [INFO] IPUIPlugin:80 - create IPUIPlugin
2026-05-02 19:42:57,572 [INFO] IPUIPlugin:80 - create IPUIPlugin
2026-05-02 19:42:57,572 [INFO] IPUIPlugin:80 - create IPUIPlugin
2026-05-02 19:42:57,573 [INFO] IPUIPlugin:80 - create IPUIPlugin
2026-05-02 19:42:57,573 [INFO] IPUIPlugin:80 - create IPUIPlugin
2026-05-02 19:42:57,573 [INFO] IPUIPlugin:80 - create IPUIPlugin
2026-05-02 19:42:57,573 [INFO] IPUIPlugin:80 - create IPUIPlugin
2026-05-02 19:42:57,573 [INFO] IPUIPlugin:80 - create IPUIPlugin
2026-05-02 19:42:57,573 [INFO] IPUIPlugin:80 - create IPUIPlugin
2026-05-02 19:42:57,574 [INFO] IPUIPlugin:80 - create IPUIPlugin
2026-05-02 19:42:57,574 [INFO] IPUIPlugin:80 - create IPUIPlugin
2026-05-02 19:42:57,674 [INFO] ApiDbMcu:508 - Load IP Config File for PDM2PCM
2026-05-02 19:42:57,734 [WARN] FreeRTOS:1023 - Null or empty value: should not occur! (nothing added to the table)
2026-05-02 19:42:58,087 [INFO] CADModel:165 - CPN selected for project levelSTM32F411CEU6
2026-05-02 19:42:58,087 [INFO] CADModel:114 - Register for checkConnection events
2026-05-02 19:42:58,089 [INFO] RtosManager:697 - Active RTOS found at IOC load: FREERTOS [Cortex-M4NS]
2026-05-02 19:42:58,142 [INFO] OpenFileManager:343 - Restore cursor
2026-05-02 19:42:58,320 [WARN] IP:2120 - tgfx_framebuffer_stride_value_custom not found: check if there is a RefParameter without a condition.
2026-05-02 19:42:58,323 [WARN] IP:2120 - tgfx_framebuffer_stride_value_custom not found: check if there is a RefParameter without a condition.
2026-05-02 19:51:11,078 [WARN] IP:2120 - tgfx_framebuffer_stride_value_custom not found: check if there is a RefParameter without a condition.
2026-05-02 19:51:11,081 [WARN] IP:2120 - tgfx_framebuffer_stride_value_custom not found: check if there is a RefParameter without a condition.
2026-05-02 19:51:11,121 [WARN] IP:2120 - tgfx_framebuffer_stride_value_custom not found: check if there is a RefParameter without a condition.
2026-05-02 19:51:11,153 [WARN] IP:2120 - tgfx_framebuffer_stride_value_custom not found: check if there is a RefParameter without a condition.
2026-05-02 19:51:13,708 [WARN] IP:2120 - tgfx_framebuffer_stride_value_custom not found: check if there is a RefParameter without a condition.
2026-05-02 19:51:13,710 [WARN] IP:2120 - tgfx_framebuffer_stride_value_custom not found: check if there is a RefParameter without a condition.
2026-05-02 19:51:13,744 [WARN] IP:2120 - tgfx_framebuffer_stride_value_custom not found: check if there is a RefParameter without a condition.
2026-05-02 19:51:13,773 [WARN] IP:2120 - tgfx_framebuffer_stride_value_custom not found: check if there is a RefParameter without a condition.
2026-05-02 19:51:16,162 [WARN] IP:2120 - tgfx_framebuffer_stride_value_custom not found: check if there is a RefParameter without a condition.
2026-05-02 19:51:16,164 [WARN] IP:2120 - tgfx_framebuffer_stride_value_custom not found: check if there is a RefParameter without a condition.
2026-05-02 19:51:16,195 [WARN] IP:2120 - tgfx_framebuffer_stride_value_custom not found: check if there is a RefParameter without a condition.
2026-05-02 19:51:16,219 [WARN] IP:2120 - tgfx_framebuffer_stride_value_custom not found: check if there is a RefParameter without a condition.
2026-05-02 19:51:17,988 [WARN] IP:2120 - tgfx_framebuffer_stride_value_custom not found: check if there is a RefParameter without a condition.
2026-05-02 19:51:17,990 [WARN] IP:2120 - tgfx_framebuffer_stride_value_custom not found: check if there is a RefParameter without a condition.
2026-05-02 19:51:18,027 [WARN] IP:2120 - tgfx_framebuffer_stride_value_custom not found: check if there is a RefParameter without a condition.
2026-05-02 19:51:18,058 [WARN] IP:2120 - tgfx_framebuffer_stride_value_custom not found: check if there is a RefParameter without a condition.
2026-05-02 19:51:30,539 [WARN] IP:2120 - tgfx_framebuffer_stride_value_custom not found: check if there is a RefParameter without a condition.
2026-05-02 19:51:30,541 [WARN] IP:2120 - tgfx_framebuffer_stride_value_custom not found: check if there is a RefParameter without a condition.
2026-05-02 19:51:30,571 [WARN] IP:2120 - tgfx_framebuffer_stride_value_custom not found: check if there is a RefParameter without a condition.
2026-05-02 19:51:30,597 [WARN] IP:2120 - tgfx_framebuffer_stride_value_custom not found: check if there is a RefParameter without a condition.
2026-05-02 19:51:44,004 [WARN] IP:2120 - tgfx_framebuffer_stride_value_custom not found: check if there is a RefParameter without a condition.
2026-05-02 19:51:44,007 [WARN] IP:2120 - tgfx_framebuffer_stride_value_custom not found: check if there is a RefParameter without a condition.
2026-05-02 19:51:44,034 [WARN] IP:2120 - tgfx_framebuffer_stride_value_custom not found: check if there is a RefParameter without a condition.
2026-05-02 19:51:44,072 [WARN] IP:2120 - tgfx_framebuffer_stride_value_custom not found: check if there is a RefParameter without a condition.
2026-05-02 19:51:47,340 [WARN] IP:2120 - tgfx_framebuffer_stride_value_custom not found: check if there is a RefParameter without a condition.
2026-05-02 19:51:47,343 [WARN] IP:2120 - tgfx_framebuffer_stride_value_custom not found: check if there is a RefParameter without a condition.
2026-05-02 19:51:47,371 [WARN] IP:2120 - tgfx_framebuffer_stride_value_custom not found: check if there is a RefParameter without a condition.
2026-05-02 19:51:47,396 [WARN] IP:2120 - tgfx_framebuffer_stride_value_custom not found: check if there is a RefParameter without a condition.
2026-05-02 19:51:50,691 [WARN] IP:2120 - tgfx_framebuffer_stride_value_custom not found: check if there is a RefParameter without a condition.
2026-05-02 19:51:50,694 [WARN] IP:2120 - tgfx_framebuffer_stride_value_custom not found: check if there is a RefParameter without a condition.
2026-05-02 19:51:50,724 [WARN] IP:2120 - tgfx_framebuffer_stride_value_custom not found: check if there is a RefParameter without a condition.
2026-05-02 19:51:50,748 [WARN] IP:2120 - tgfx_framebuffer_stride_value_custom not found: check if there is a RefParameter without a condition.
2026-05-02 19:51:54,109 [WARN] IP:2120 - tgfx_framebuffer_stride_value_custom not found: check if there is a RefParameter without a condition.
2026-05-02 19:51:54,112 [WARN] IP:2120 - tgfx_framebuffer_stride_value_custom not found: check if there is a RefParameter without a condition.
2026-05-02 19:51:54,139 [WARN] IP:2120 - tgfx_framebuffer_stride_value_custom not found: check if there is a RefParameter without a condition.
2026-05-02 19:51:54,167 [WARN] IP:2120 - tgfx_framebuffer_stride_value_custom not found: check if there is a RefParameter without a condition.
2026-05-02 19:52:06,982 [WARN] IP:2120 - tgfx_framebuffer_stride_value_custom not found: check if there is a RefParameter without a condition.
2026-05-02 19:52:06,984 [WARN] IP:2120 - tgfx_framebuffer_stride_value_custom not found: check if there is a RefParameter without a condition.
2026-05-02 19:52:07,011 [WARN] IP:2120 - tgfx_framebuffer_stride_value_custom not found: check if there is a RefParameter without a condition.
2026-05-02 19:52:07,034 [WARN] IP:2120 - tgfx_framebuffer_stride_value_custom not found: check if there is a RefParameter without a condition.
2026-05-02 19:52:10,200 [WARN] IP:2120 - tgfx_framebuffer_stride_value_custom not found: check if there is a RefParameter without a condition.
2026-05-02 19:52:10,203 [WARN] IP:2120 - tgfx_framebuffer_stride_value_custom not found: check if there is a RefParameter without a condition.
2026-05-02 19:52:10,234 [WARN] IP:2120 - tgfx_framebuffer_stride_value_custom not found: check if there is a RefParameter without a condition.
2026-05-02 19:52:10,260 [WARN] IP:2120 - tgfx_framebuffer_stride_value_custom not found: check if there is a RefParameter without a condition.
2026-05-02 20:05:23,312 [INFO] Gpio:277 - dependency for GPIO [SPI1, SPI2, USART1]
2026-05-02 20:05:27,872 [INFO] Gpio:277 - dependency for GPIO [SPI1, SPI2, USART1]
2026-05-02 20:06:40,019 [INFO] UtilMem:75 - End SaveConfig() Used Memory: 750833536 Bytes (1073741824)
2026-05-02 20:06:41,600 [INFO] UtilMem:75 - End SaveConfig() Used Memory: 809454768 Bytes (1073741824)
2026-05-02 20:06:45,779 [INFO] BlockDiagram:2759 - set Specific Code input for plugin: SPI
2026-05-02 20:06:45,779 [INFO] BlockDiagram:2759 - set Specific Code input for plugin: SPI
2026-05-02 20:06:45,779 [INFO] BlockDiagram:2759 - set Specific Code input for plugin: NVIC
2026-05-02 20:06:45,779 [INFO] BlockDiagram:2759 - set Specific Code input for plugin: FREERTOS
2026-05-02 20:06:45,779 [INFO] BlockDiagram:2759 - set Specific Code input for plugin: USART
2026-05-02 20:06:45,779 [INFO] BlockDiagram:2759 - set Specific Code input for plugin: DMA
2026-05-02 20:06:45,779 [INFO] BlockDiagram:2759 - set Specific Code input for plugin: STMicroelectronics.X-CUBE-TOUCHGFX.4.26.0
2026-05-02 20:06:45,779 [INFO] BlockDiagram:2759 - set Specific Code input for plugin: TIM1_8
2026-05-02 20:06:45,779 [INFO] BlockDiagram:2759 - set Specific Code input for plugin: SYS
2026-05-02 20:06:45,780 [INFO] BlockDiagram:2759 - set Specific Code input for plugin: GPIO
2026-05-02 20:06:45,780 [INFO] BlockDiagram:2759 - set Specific Code input for plugin: RCC
2026-05-02 20:06:45,780 [INFO] BlockDiagram:2759 - set Specific Code input for plugin: CRC
2026-05-02 20:06:45,786 [WARN] IP:2120 - tgfx_framebuffer_stride_value_custom not found: check if there is a RefParameter without a condition.
2026-05-02 20:06:45,790 [INFO] CodeGenerator:807 - code generatio: config db path: D:\Documentos\Electronica\Nueva carpeta\STM32CubeIDE_1.15.0\STM32CubeIDE\plugins\com.st.stm32cube.common.mx_6.11.0.202403141607\\db\
2026-05-02 20:06:45,825 [WARN] IP:2120 - tgfx_framebuffer_stride_value_custom not found: check if there is a RefParameter without a condition.
2026-05-02 20:06:45,940 [INFO] IP:3348 - RTE Config file name : RTE_Component
2026-05-02 20:06:45,940 [INFO] IP:3366 - RTE template : RTE_Components.ftl
2026-05-02 20:06:46,093 [INFO] CodeEngine:255 - oldGeneratedFile, C:\git\VehiculoTT\HMITT\MXTmpFiles\license.tmp_save
2026-05-02 20:06:46,812 [INFO] CodeEngine:279 - Generated code: C:\git\VehiculoTT\HMITT\MXTmpFiles\license.tmp
2026-05-02 20:06:46,960 [INFO] CodeEngine:255 - oldGeneratedFile, C:\git\VehiculoTT\HMITT\MXTmpFiles\gpio.tmp_save
2026-05-02 20:06:47,182 [INFO] CodeEngine:279 - Generated code: C:\git\VehiculoTT\HMITT\MXTmpFiles\gpio.tmp
2026-05-02 20:06:47,779 [INFO] Middleware:1439 - No code input for Bsp Dependency
2026-05-02 20:06:47,800 [INFO] CodeEngine:255 - oldGeneratedFile, C:\git\VehiculoTT\HMITT\MXTmpFiles\rtos_inc.tmp_save
2026-05-02 20:06:47,904 [INFO] CodeEngine:279 - Generated code: C:\git\VehiculoTT\HMITT\MXTmpFiles\rtos_inc.tmp
2026-05-02 20:06:47,927 [INFO] CodeEngine:255 - oldGeneratedFile, C:\git\VehiculoTT\HMITT\MXTmpFiles\rtos_kernelInit.tmp_save
2026-05-02 20:06:48,046 [INFO] CodeEngine:279 - Generated code: C:\git\VehiculoTT\HMITT\MXTmpFiles\rtos_kernelInit.tmp
2026-05-02 20:06:48,062 [INFO] CodeEngine:255 - oldGeneratedFile, C:\git\VehiculoTT\HMITT\MXTmpFiles\rtos_kernelStart.tmp_save
2026-05-02 20:06:48,154 [INFO] CodeEngine:279 - Generated code: C:\git\VehiculoTT\HMITT\MXTmpFiles\rtos_kernelStart.tmp
2026-05-02 20:06:48,196 [INFO] CodeEngine:255 - oldGeneratedFile, C:\git\VehiculoTT\HMITT\MXTmpFiles\rtos_typedefs.tmp_save
2026-05-02 20:06:48,261 [INFO] CodeEngine:279 - Generated code: C:\git\VehiculoTT\HMITT\MXTmpFiles\rtos_typedefs.tmp
2026-05-02 20:06:48,286 [INFO] CodeEngine:255 - oldGeneratedFile, C:\git\VehiculoTT\HMITT\MXTmpFiles\rtos_vars.tmp_save
2026-05-02 20:06:48,372 [INFO] CodeEngine:279 - Generated code: C:\git\VehiculoTT\HMITT\MXTmpFiles\rtos_vars.tmp
2026-05-02 20:06:48,436 [INFO] CodeEngine:255 - oldGeneratedFile, C:\git\VehiculoTT\HMITT\MXTmpFiles\rtos_pfp.tmp_save
2026-05-02 20:06:48,505 [INFO] CodeEngine:279 - Generated code: C:\git\VehiculoTT\HMITT\MXTmpFiles\rtos_pfp.tmp
2026-05-02 20:06:48,525 [INFO] CodeEngine:255 - oldGeneratedFile, C:\git\VehiculoTT\HMITT\MXTmpFiles\rtos_obj_creat.tmp_save
2026-05-02 20:06:48,597 [INFO] CodeEngine:279 - Generated code: C:\git\VehiculoTT\HMITT\MXTmpFiles\rtos_obj_creat.tmp
2026-05-02 20:06:48,613 [INFO] CodeEngine:255 - oldGeneratedFile, C:\git\VehiculoTT\HMITT\MXTmpFiles\rtos_default_thread.tmp_save
2026-05-02 20:06:48,683 [INFO] CodeEngine:279 - Generated code: C:\git\VehiculoTT\HMITT\MXTmpFiles\rtos_default_thread.tmp
2026-05-02 20:06:48,699 [INFO] CodeEngine:255 - oldGeneratedFile, C:\git\VehiculoTT\HMITT\MXTmpFiles\rtos_threads.tmp_save
2026-05-02 20:06:48,768 [INFO] CodeEngine:279 - Generated code: C:\git\VehiculoTT\HMITT\MXTmpFiles\rtos_threads.tmp
2026-05-02 20:06:48,777 [INFO] Middleware:1439 - No code input for Bsp Dependency
2026-05-02 20:06:48,778 [INFO] IP:3348 - RTE Config file name : RTE_Component
2026-05-02 20:06:48,778 [INFO] IP:3366 - RTE template : RTE_Components.ftl
2026-05-02 20:06:48,800 [INFO] CodeEngine:255 - oldGeneratedFile, C:\git\VehiculoTT\HMITT\MXTmpFiles\SCB_CleanInvalidateDCache.tmp_save
2026-05-02 20:06:48,857 [INFO] CodeEngine:279 - Generated code: C:\git\VehiculoTT\HMITT\MXTmpFiles\SCB_CleanInvalidateDCache.tmp
2026-05-02 20:06:48,873 [INFO] CodeEngine:255 - oldGeneratedFile, C:\git\VehiculoTT\HMITT\MXTmpFiles\SCB_InvalidateDCache.tmp_save
2026-05-02 20:06:48,932 [INFO] CodeEngine:279 - Generated code: C:\git\VehiculoTT\HMITT\MXTmpFiles\SCB_InvalidateDCache.tmp
2026-05-02 20:06:48,946 [INFO] CodeEngine:255 - oldGeneratedFile, C:\git\VehiculoTT\HMITT\MXTmpFiles\touchgfx_license.tmp_save
2026-05-02 20:06:49,049 [INFO] CodeEngine:279 - Generated code: C:\git\VehiculoTT\HMITT\MXTmpFiles\touchgfx_license.tmp
2026-05-02 20:06:49,063 [INFO] CodeEngine:255 - oldGeneratedFile, C:\git\VehiculoTT\HMITT\MXTmpFiles\touchgfx_gen_license.tmp_save
2026-05-02 20:06:49,135 [INFO] CodeEngine:279 - Generated code: C:\git\VehiculoTT\HMITT\MXTmpFiles\touchgfx_gen_license.tmp
2026-05-02 20:06:49,154 [INFO] CodeEngine:255 - oldGeneratedFile, C:\git\VehiculoTT\HMITT\MXTmpFiles\oswrappers_cmsis.tmp_save
2026-05-02 20:06:49,234 [INFO] CodeEngine:279 - Generated code: C:\git\VehiculoTT\HMITT\MXTmpFiles\oswrappers_cmsis.tmp
2026-05-02 20:06:49,247 [INFO] Middleware:1439 - No code input for Bsp Dependency
2026-05-02 20:06:49,261 [INFO] CodeEngine:255 - oldGeneratedFile, C:\git\VehiculoTT\HMITT\MXTmpFiles\rtos_inc.tmp_save
2026-05-02 20:06:49,328 [INFO] CodeEngine:279 - Generated code: C:\git\VehiculoTT\HMITT\MXTmpFiles\rtos_inc.tmp
2026-05-02 20:06:49,338 [INFO] CodeEngine:255 - oldGeneratedFile, C:\git\VehiculoTT\HMITT\MXTmpFiles\rtos_kernelInit.tmp_save
2026-05-02 20:06:49,399 [INFO] CodeEngine:279 - Generated code: C:\git\VehiculoTT\HMITT\MXTmpFiles\rtos_kernelInit.tmp
2026-05-02 20:06:49,410 [INFO] CodeEngine:255 - oldGeneratedFile, C:\git\VehiculoTT\HMITT\MXTmpFiles\rtos_kernelStart.tmp_save
2026-05-02 20:06:49,467 [INFO] CodeEngine:279 - Generated code: C:\git\VehiculoTT\HMITT\MXTmpFiles\rtos_kernelStart.tmp
2026-05-02 20:06:49,477 [INFO] CodeEngine:255 - oldGeneratedFile, C:\git\VehiculoTT\HMITT\MXTmpFiles\rtos_typedefs.tmp_save
2026-05-02 20:06:49,531 [INFO] CodeEngine:279 - Generated code: C:\git\VehiculoTT\HMITT\MXTmpFiles\rtos_typedefs.tmp
2026-05-02 20:06:49,553 [INFO] CodeEngine:255 - oldGeneratedFile, C:\git\VehiculoTT\HMITT\MXTmpFiles\rtos_vars.tmp_save
2026-05-02 20:06:49,611 [INFO] CodeEngine:279 - Generated code: C:\git\VehiculoTT\HMITT\MXTmpFiles\rtos_vars.tmp
2026-05-02 20:06:49,622 [INFO] CodeEngine:255 - oldGeneratedFile, C:\git\VehiculoTT\HMITT\MXTmpFiles\rtos_pfp.tmp_save
2026-05-02 20:06:49,677 [INFO] CodeEngine:279 - Generated code: C:\git\VehiculoTT\HMITT\MXTmpFiles\rtos_pfp.tmp
2026-05-02 20:06:49,692 [INFO] CodeEngine:255 - oldGeneratedFile, C:\git\VehiculoTT\HMITT\MXTmpFiles\rtos_obj_creat.tmp_save
2026-05-02 20:06:49,751 [INFO] CodeEngine:279 - Generated code: C:\git\VehiculoTT\HMITT\MXTmpFiles\rtos_obj_creat.tmp
2026-05-02 20:06:49,763 [INFO] CodeEngine:255 - oldGeneratedFile, C:\git\VehiculoTT\HMITT\MXTmpFiles\rtos_default_thread.tmp_save
2026-05-02 20:06:49,823 [INFO] CodeEngine:279 - Generated code: C:\git\VehiculoTT\HMITT\MXTmpFiles\rtos_default_thread.tmp
2026-05-02 20:06:49,832 [INFO] CodeEngine:255 - oldGeneratedFile, C:\git\VehiculoTT\HMITT\MXTmpFiles\rtos_threads.tmp_save
2026-05-02 20:06:49,889 [INFO] CodeEngine:279 - Generated code: C:\git\VehiculoTT\HMITT\MXTmpFiles\rtos_threads.tmp
2026-05-02 20:06:49,943 [INFO] CodeEngine:255 - oldGeneratedFile, C:\git\VehiculoTT\HMITT\Core\Inc\FreeRTOSConfig.h_save
2026-05-02 20:06:50,034 [INFO] CodeEngine:279 - Generated code: C:\git\VehiculoTT\HMITT\Core\Inc\FreeRTOSConfig.h
2026-05-02 20:06:50,061 [INFO] CodeEngine:255 - oldGeneratedFile, C:\git\VehiculoTT\HMITT\Core\Src\freertos.c_save
2026-05-02 20:06:50,140 [INFO] CodeEngine:279 - Generated code: C:\git\VehiculoTT\HMITT\Core\Src\freertos.c
2026-05-02 20:06:50,222 [INFO] CodeEngine:255 - oldGeneratedFile, C:\git\VehiculoTT\HMITT\MXTmpFiles\dma.tmp_save
2026-05-02 20:06:50,291 [INFO] CodeEngine:279 - Generated code: C:\git\VehiculoTT\HMITT\MXTmpFiles\dma.tmp
2026-05-02 20:06:50,306 [INFO] CodeEngine:255 - oldGeneratedFile, C:\git\VehiculoTT\HMITT\MXTmpFiles\dma_GV.tmp_save
2026-05-02 20:06:50,363 [INFO] CodeEngine:279 - Generated code: C:\git\VehiculoTT\HMITT\MXTmpFiles\dma_GV.tmp
2026-05-02 20:06:50,372 [INFO] Middleware:1439 - No code input for Bsp Dependency
2026-05-02 20:06:50,372 [INFO] IP:3348 - RTE Config file name : RTE_Component
2026-05-02 20:06:50,372 [INFO] IP:3366 - RTE template : RTE_Components.ftl
2026-05-02 20:06:50,386 [INFO] CodeEngine:255 - oldGeneratedFile, C:\git\VehiculoTT\HMITT\MXTmpFiles\SCB_CleanInvalidateDCache.tmp_save
2026-05-02 20:06:50,445 [INFO] CodeEngine:279 - Generated code: C:\git\VehiculoTT\HMITT\MXTmpFiles\SCB_CleanInvalidateDCache.tmp
2026-05-02 20:06:50,454 [INFO] CodeEngine:255 - oldGeneratedFile, C:\git\VehiculoTT\HMITT\MXTmpFiles\SCB_InvalidateDCache.tmp_save
2026-05-02 20:06:50,507 [INFO] CodeEngine:279 - Generated code: C:\git\VehiculoTT\HMITT\MXTmpFiles\SCB_InvalidateDCache.tmp
2026-05-02 20:06:50,513 [INFO] CodeEngine:255 - oldGeneratedFile, C:\git\VehiculoTT\HMITT\MXTmpFiles\touchgfx_license.tmp_save
2026-05-02 20:06:50,577 [INFO] CodeEngine:279 - Generated code: C:\git\VehiculoTT\HMITT\MXTmpFiles\touchgfx_license.tmp
2026-05-02 20:06:50,586 [INFO] CodeEngine:255 - oldGeneratedFile, C:\git\VehiculoTT\HMITT\MXTmpFiles\touchgfx_gen_license.tmp_save
2026-05-02 20:06:50,644 [INFO] CodeEngine:279 - Generated code: C:\git\VehiculoTT\HMITT\MXTmpFiles\touchgfx_gen_license.tmp
2026-05-02 20:06:50,665 [INFO] CodeEngine:255 - oldGeneratedFile, C:\git\VehiculoTT\HMITT\MXTmpFiles\oswrappers_cmsis.tmp_save
2026-05-02 20:06:50,724 [INFO] CodeEngine:279 - Generated code: C:\git\VehiculoTT\HMITT\MXTmpFiles\oswrappers_cmsis.tmp
2026-05-02 20:06:50,749 [INFO] CodeEngine:255 - oldGeneratedFile, C:\git\VehiculoTT\HMITT\TouchGFX\App\app_touchgfx.h_save
2026-05-02 20:06:50,814 [INFO] CodeEngine:279 - Generated code: C:\git\VehiculoTT\HMITT\TouchGFX\App\app_touchgfx.h
2026-05-02 20:06:50,842 [INFO] CodeEngine:255 - oldGeneratedFile, C:\git\VehiculoTT\HMITT\TouchGFX\ApplicationTemplate.touchgfx.part_save
2026-05-02 20:06:50,920 [INFO] CodeEngine:279 - Generated code: C:\git\VehiculoTT\HMITT\TouchGFX\ApplicationTemplate.touchgfx.part
2026-05-02 20:06:50,950 [INFO] CodeEngine:255 - oldGeneratedFile, C:\git\VehiculoTT\HMITT\TouchGFX\target\generated\TouchGFXConfiguration.cpp_save
2026-05-02 20:06:51,040 [INFO] CodeEngine:279 - Generated code: C:\git\VehiculoTT\HMITT\TouchGFX\target\generated\TouchGFXConfiguration.cpp
2026-05-02 20:06:51,067 [INFO] CodeEngine:255 - oldGeneratedFile, C:\git\VehiculoTT\HMITT\TouchGFX\target\generated\TouchGFXGeneratedHAL.hpp_save
2026-05-02 20:06:51,143 [INFO] CodeEngine:279 - Generated code: C:\git\VehiculoTT\HMITT\TouchGFX\target\generated\TouchGFXGeneratedHAL.hpp
2026-05-02 20:06:51,170 [INFO] CodeEngine:255 - oldGeneratedFile, C:\git\VehiculoTT\HMITT\TouchGFX\target\generated\TouchGFXGeneratedHAL.cpp_save
2026-05-02 20:06:51,292 [INFO] CodeEngine:279 - Generated code: C:\git\VehiculoTT\HMITT\TouchGFX\target\generated\TouchGFXGeneratedHAL.cpp
2026-05-02 20:06:51,325 [INFO] CodeEngine:255 - oldGeneratedFile, C:\git\VehiculoTT\HMITT\TouchGFX\target\TouchGFXHAL.hpp_save
2026-05-02 20:06:51,420 [INFO] CodeEngine:279 - Generated code: C:\git\VehiculoTT\HMITT\TouchGFX\target\TouchGFXHAL.hpp
2026-05-02 20:06:51,453 [INFO] CodeEngine:255 - oldGeneratedFile, C:\git\VehiculoTT\HMITT\TouchGFX\target\TouchGFXHAL.cpp_save
2026-05-02 20:06:51,570 [INFO] CodeEngine:279 - Generated code: C:\git\VehiculoTT\HMITT\TouchGFX\target\TouchGFXHAL.cpp
2026-05-02 20:06:51,598 [INFO] CodeEngine:255 - oldGeneratedFile, C:\git\VehiculoTT\HMITT\TouchGFX\target\STM32TouchController.hpp_save
2026-05-02 20:06:51,678 [INFO] CodeEngine:279 - Generated code: C:\git\VehiculoTT\HMITT\TouchGFX\target\STM32TouchController.hpp
2026-05-02 20:06:51,704 [INFO] CodeEngine:255 - oldGeneratedFile, C:\git\VehiculoTT\HMITT\TouchGFX\target\STM32TouchController.cpp_save
2026-05-02 20:06:51,783 [INFO] CodeEngine:279 - Generated code: C:\git\VehiculoTT\HMITT\TouchGFX\target\STM32TouchController.cpp
2026-05-02 20:06:51,810 [INFO] CodeEngine:255 - oldGeneratedFile, C:\git\VehiculoTT\HMITT\TouchGFX\target\generated\STM32DMA.hpp_save
2026-05-02 20:06:51,883 [INFO] CodeEngine:279 - Generated code: C:\git\VehiculoTT\HMITT\TouchGFX\target\generated\STM32DMA.hpp
2026-05-02 20:06:51,907 [INFO] CodeEngine:255 - oldGeneratedFile, C:\git\VehiculoTT\HMITT\TouchGFX\target\generated\STM32DMA.cpp_save
2026-05-02 20:06:51,977 [INFO] CodeEngine:279 - Generated code: C:\git\VehiculoTT\HMITT\TouchGFX\target\generated\STM32DMA.cpp
2026-05-02 20:06:52,000 [INFO] CodeEngine:255 - oldGeneratedFile, C:\git\VehiculoTT\HMITT\TouchGFX\target\generated\OSWrappers.cpp_save
2026-05-02 20:06:52,085 [INFO] CodeEngine:279 - Generated code: C:\git\VehiculoTT\HMITT\TouchGFX\target\generated\OSWrappers.cpp
2026-05-02 20:06:52,108 [INFO] CodeEngine:255 - oldGeneratedFile, C:\git\VehiculoTT\HMITT\TouchGFX\target\TouchGFXGPIO.cpp_save
2026-05-02 20:06:52,185 [INFO] CodeEngine:279 - Generated code: C:\git\VehiculoTT\HMITT\TouchGFX\target\TouchGFXGPIO.cpp
2026-05-02 20:06:52,209 [INFO] CodeEngine:255 - oldGeneratedFile, C:\git\VehiculoTT\HMITT\TouchGFX\App\app_touchgfx.c_save
2026-05-02 20:06:52,279 [INFO] CodeEngine:279 - Generated code: C:\git\VehiculoTT\HMITT\TouchGFX\App\app_touchgfx.c
2026-05-02 20:06:52,320 [INFO] CodeEngine:255 - oldGeneratedFile, C:\git\VehiculoTT\HMITT\Core\Src\stm32f4xx_it.c_save
2026-05-02 20:06:52,458 [INFO] CodeEngine:279 - Generated code: C:\git\VehiculoTT\HMITT\Core\Src\stm32f4xx_it.c
2026-05-02 20:06:52,487 [INFO] CodeEngine:255 - oldGeneratedFile, C:\git\VehiculoTT\HMITT\Core\Inc\stm32f4xx_it.h_save
2026-05-02 20:06:52,559 [INFO] CodeEngine:279 - Generated code: C:\git\VehiculoTT\HMITT\Core\Inc\stm32f4xx_it.h
2026-05-02 20:06:52,573 [INFO] IP:3348 - RTE Config file name : RTE_Component
2026-05-02 20:06:52,573 [INFO] IP:3366 - RTE template : RTE_Components.ftl
2026-05-02 20:06:52,573 [INFO] CodeGenerator:2119 - Add RTE Code Input 
2026-05-02 20:06:52,629 [INFO] CodeEngine:255 - oldGeneratedFile, C:\git\VehiculoTT\HMITT\Core\Inc\RTE_Components.h_save
2026-05-02 20:06:52,703 [INFO] CodeEngine:279 - Generated code: C:\git\VehiculoTT\HMITT\Core\Inc\RTE_Components.h
2026-05-02 20:06:52,789 [INFO] CodeEngine:255 - oldGeneratedFile, C:\git\VehiculoTT\HMITT\Core\Src\stm32f4xx_hal_msp.c_save
2026-05-02 20:06:52,916 [INFO] CodeEngine:279 - Generated code: C:\git\VehiculoTT\HMITT\Core\Src\stm32f4xx_hal_msp.c
2026-05-02 20:06:52,932 [INFO] CodeEngine:255 - oldGeneratedFile, C:\git\VehiculoTT\HMITT\MXTmpFiles\system.tmp_save
2026-05-02 20:06:53,000 [INFO] CodeEngine:279 - Generated code: C:\git\VehiculoTT\HMITT\MXTmpFiles\system.tmp
2026-05-02 20:06:53,054 [INFO] CodeEngine:255 - oldGeneratedFile, C:\git\VehiculoTT\HMITT\Core\Src\stm32f4xx_hal_timebase_tim.c_save
2026-05-02 20:06:53,133 [INFO] CodeEngine:279 - Generated code: C:\git\VehiculoTT\HMITT\Core\Src\stm32f4xx_hal_timebase_tim.c
2026-05-02 20:06:53,205 [INFO] CodeEngine:311 - oldGeneratedFile, C:\git\VehiculoTT\HMITT\Core\Inc\stm32f4xx_hal_conf.h_save
2026-05-02 20:06:53,292 [INFO] CodeEngine:335 - Generated code: C:\git\VehiculoTT\HMITT\Core\Inc\stm32f4xx_hal_conf.h
2026-05-02 20:06:53,327 [WARN] IPConfigManager:3513 - IP not found : TIM
2026-05-02 20:06:53,328 [WARN] CodeGenerator:3951 - IP not found : null
2026-05-02 20:06:53,358 [INFO] CodeEngine:255 - oldGeneratedFile, C:\git\VehiculoTT\HMITT\Core\Inc\main.h_save
2026-05-02 20:06:53,457 [INFO] CodeEngine:279 - Generated code: C:\git\VehiculoTT\HMITT\Core\Inc\main.h
2026-05-02 20:06:53,513 [INFO] CodeEngine:255 - oldGeneratedFile, C:\git\VehiculoTT\HMITT\Core\Src\main.c_save
2026-05-02 20:06:53,740 [INFO] CodeEngine:279 - Generated code: C:\git\VehiculoTT\HMITT\Core\Src\main.c
2026-05-02 20:06:54,777 [INFO] ProjectBuilder:3163 - Time for Copy HAL[1] : 763mS.
2026-05-02 20:06:54,777 [ERROR] Middleware:2969 - Invalid RefComponent liste
2026-05-02 20:06:54,777 [ERROR] Middleware:2969 - Invalid RefComponent liste
2026-05-02 20:06:54,777 [ERROR] Middleware:2969 - Invalid RefComponent liste
2026-05-02 20:06:54,777 [ERROR] Middleware:2969 - Invalid RefComponent liste
2026-05-02 20:06:54,777 [ERROR] Middleware:2969 - Invalid RefComponent liste
2026-05-02 20:06:54,777 [ERROR] Middleware:2969 - Invalid RefComponent liste
2026-05-02 20:06:54,778 [ERROR] Middleware:2969 - Invalid RefComponent liste
2026-05-02 20:06:54,778 [ERROR] Middleware:2969 - Invalid RefComponent liste
2026-05-02 20:06:54,778 [ERROR] Middleware:2969 - Invalid RefComponent liste
2026-05-02 20:06:54,778 [ERROR] Middleware:2969 - Invalid RefComponent liste
2026-05-02 20:06:54,778 [ERROR] Middleware:2969 - Invalid RefComponent liste
2026-05-02 20:06:54,778 [ERROR] Middleware:2969 - Invalid RefComponent liste
2026-05-02 20:06:54,778 [ERROR] Middleware:2969 - Invalid RefComponent liste
2026-05-02 20:06:54,778 [ERROR] Middleware:2969 - Invalid RefComponent liste
2026-05-02 20:06:54,778 [ERROR] Middleware:2969 - Invalid RefComponent liste
2026-05-02 20:06:54,778 [ERROR] Middleware:2969 - Invalid RefComponent liste
2026-05-02 20:06:54,778 [ERROR] Middleware:2969 - Invalid RefComponent liste
2026-05-02 20:06:54,778 [ERROR] Middleware:2969 - Invalid RefComponent liste
2026-05-02 20:06:54,778 [ERROR] Middleware:2969 - Invalid RefComponent liste
2026-05-02 20:06:54,778 [ERROR] Middleware:2969 - Invalid RefComponent liste
2026-05-02 20:06:54,779 [ERROR] Middleware:2969 - Invalid RefComponent liste
2026-05-02 20:06:54,779 [ERROR] Middleware:2969 - Invalid RefComponent liste
2026-05-02 20:06:54,779 [ERROR] Middleware:2969 - Invalid RefComponent liste
2026-05-02 20:06:54,779 [ERROR] Middleware:2969 - Invalid RefComponent liste
2026-05-02 20:06:54,779 [ERROR] Middleware:2969 - Invalid RefComponent liste
2026-05-02 20:06:54,779 [ERROR] Middleware:2969 - Invalid RefComponent liste
2026-05-02 20:06:54,779 [ERROR] Middleware:2969 - Invalid RefComponent liste
2026-05-02 20:06:54,779 [ERROR] Middleware:2969 - Invalid RefComponent liste
2026-05-02 20:06:54,779 [ERROR] Middleware:2969 - Invalid RefComponent liste
2026-05-02 20:06:54,779 [ERROR] Middleware:2969 - Invalid RefComponent liste
2026-05-02 20:06:54,779 [ERROR] Middleware:2969 - Invalid RefComponent liste
2026-05-02 20:06:54,779 [ERROR] Middleware:2969 - Invalid RefComponent liste
2026-05-02 20:06:54,779 [ERROR] Middleware:2969 - Invalid RefComponent liste
2026-05-02 20:06:54,779 [ERROR] Middleware:2969 - Invalid RefComponent liste
2026-05-02 20:06:54,779 [ERROR] Middleware:2969 - Invalid RefComponent liste
2026-05-02 20:06:54,779 [ERROR] Middleware:2969 - Invalid RefComponent liste
2026-05-02 20:06:54,779 [ERROR] Middleware:2969 - Invalid RefComponent liste
2026-05-02 20:06:54,779 [ERROR] Middleware:2969 - Invalid RefComponent liste
2026-05-02 20:06:54,779 [ERROR] Middleware:2969 - Invalid RefComponent liste
2026-05-02 20:06:54,779 [ERROR] Middleware:2969 - Invalid RefComponent liste
2026-05-02 20:06:54,779 [ERROR] Middleware:2969 - Invalid RefComponent liste
2026-05-02 20:06:54,779 [ERROR] Middleware:2969 - Invalid RefComponent liste
2026-05-02 20:06:54,779 [ERROR] Middleware:2969 - Invalid RefComponent liste
2026-05-02 20:06:54,779 [ERROR] Middleware:2969 - Invalid RefComponent liste
2026-05-02 20:06:54,779 [ERROR] Middleware:2969 - Invalid RefComponent liste
2026-05-02 20:06:54,779 [ERROR] Middleware:2969 - Invalid RefComponent liste
2026-05-02 20:06:54,779 [ERROR] Middleware:2969 - Invalid RefComponent liste
2026-05-02 20:06:54,779 [ERROR] Middleware:2969 - Invalid RefComponent liste
2026-05-02 20:06:54,779 [ERROR] Middleware:2969 - Invalid RefComponent liste
2026-05-02 20:06:54,779 [ERROR] Middleware:2969 - Invalid RefComponent liste
2026-05-02 20:06:54,779 [ERROR] Middleware:2969 - Invalid RefComponent liste
2026-05-02 20:06:54,779 [ERROR] Middleware:2969 - Invalid RefComponent liste
2026-05-02 20:06:54,779 [ERROR] Middleware:2969 - Invalid RefComponent liste
2026-05-02 20:06:54,779 [ERROR] Middleware:2969 - Invalid RefComponent liste
2026-05-02 20:06:54,779 [ERROR] Middleware:2969 - Invalid RefComponent liste
2026-05-02 20:06:54,779 [ERROR] Middleware:2969 - Invalid RefComponent liste
2026-05-02 20:06:54,780 [ERROR] Middleware:2969 - Invalid RefComponent liste
2026-05-02 20:06:54,780 [ERROR] Middleware:2969 - Invalid RefComponent liste
2026-05-02 20:06:54,780 [ERROR] Middleware:2969 - Invalid RefComponent liste
2026-05-02 20:06:54,780 [ERROR] Middleware:2969 - Invalid RefComponent liste
2026-05-02 20:06:54,780 [ERROR] Middleware:2969 - Invalid RefComponent liste
2026-05-02 20:06:54,780 [ERROR] Middleware:2969 - Invalid RefComponent liste
2026-05-02 20:06:54,780 [ERROR] Middleware:2969 - Invalid RefComponent liste
2026-05-02 20:06:54,780 [ERROR] Middleware:2969 - Invalid RefComponent liste
2026-05-02 20:06:54,780 [ERROR] Middleware:2969 - Invalid RefComponent liste
2026-05-02 20:06:54,780 [ERROR] Middleware:2969 - Invalid RefComponent liste
2026-05-02 20:06:54,780 [ERROR] Middleware:2969 - Invalid RefComponent liste
2026-05-02 20:06:54,780 [ERROR] Middleware:2969 - Invalid RefComponent liste
2026-05-02 20:06:54,780 [ERROR] Middleware:2969 - Invalid RefComponent liste
2026-05-02 20:06:54,780 [ERROR] Middleware:2969 - Invalid RefComponent liste
2026-05-02 20:06:54,780 [ERROR] Middleware:2969 - Invalid RefComponent liste
2026-05-02 20:06:54,780 [ERROR] Middleware:2969 - Invalid RefComponent liste
2026-05-02 20:06:54,780 [ERROR] Middleware:2969 - Invalid RefComponent liste
2026-05-02 20:06:54,780 [ERROR] Middleware:2969 - Invalid RefComponent liste
2026-05-02 20:06:54,780 [ERROR] Middleware:2969 - Invalid RefComponent liste
2026-05-02 20:06:54,780 [ERROR] Middleware:2969 - Invalid RefComponent liste
2026-05-02 20:06:54,780 [ERROR] Middleware:2969 - Invalid RefComponent liste
2026-05-02 20:06:54,780 [ERROR] Middleware:2969 - Invalid RefComponent liste
2026-05-02 20:06:54,780 [ERROR] Middleware:2969 - Invalid RefComponent liste
2026-05-02 20:06:54,780 [ERROR] Middleware:2969 - Invalid RefComponent liste
2026-05-02 20:06:54,780 [ERROR] Middleware:2969 - Invalid RefComponent liste
2026-05-02 20:06:54,780 [ERROR] Middleware:2969 - Invalid RefComponent liste
2026-05-02 20:06:54,780 [ERROR] Middleware:2969 - Invalid RefComponent liste
2026-05-02 20:06:54,780 [ERROR] Middleware:2969 - Invalid RefComponent liste
2026-05-02 20:06:54,780 [ERROR] Middleware:2969 - Invalid RefComponent liste
2026-05-02 20:06:54,780 [ERROR] Middleware:2969 - Invalid RefComponent liste
2026-05-02 20:06:54,780 [ERROR] Middleware:2969 - Invalid RefComponent liste
2026-05-02 20:06:54,780 [ERROR] Middleware:2969 - Invalid RefComponent liste
2026-05-02 20:06:54,780 [ERROR] Middleware:2969 - Invalid RefComponent liste
2026-05-02 20:06:54,780 [ERROR] Middleware:2969 - Invalid RefComponent liste
2026-05-02 20:06:54,780 [ERROR] Middleware:2969 - Invalid RefComponent liste
2026-05-02 20:06:54,780 [ERROR] Middleware:2969 - Invalid RefComponent liste
2026-05-02 20:06:54,780 [ERROR] Middleware:2969 - Invalid RefComponent liste
2026-05-02 20:06:54,780 [ERROR] Middleware:2969 - Invalid RefComponent liste
2026-05-02 20:06:54,781 [ERROR] Middleware:2969 - Invalid RefComponent liste
2026-05-02 20:06:54,781 [ERROR] Middleware:2969 - Invalid RefComponent liste
2026-05-02 20:06:54,781 [ERROR] Middleware:2969 - Invalid RefComponent liste
2026-05-02 20:06:54,781 [ERROR] Middleware:2969 - Invalid RefComponent liste
2026-05-02 20:06:54,781 [ERROR] Middleware:2969 - Invalid RefComponent liste
2026-05-02 20:06:54,781 [ERROR] Middleware:2969 - Invalid RefComponent liste
2026-05-02 20:06:54,781 [ERROR] Middleware:2969 - Invalid RefComponent liste
2026-05-02 20:06:54,781 [ERROR] Middleware:2969 - Invalid RefComponent liste
2026-05-02 20:06:54,801 [INFO] ProjectBuilder:4736 - Project Generator version: 4.3.0-B58
2026-05-02 20:06:54,911 [INFO] ConfigFileManager:1503 - The Die is : DIE431
2026-05-02 20:06:54,938 [INFO] ApiDbMcu:508 - Load IP Config File for FATFS
2026-05-02 20:06:54,962 [INFO] ApiDbMcu:508 - Load IP Config File for LIBJPEG
2026-05-02 20:06:54,986 [INFO] ApiDbMcu:508 - Load IP Config File for MBEDTLS
2026-05-02 20:06:55,004 [INFO] ApiDbMcu:508 - Load IP Config File for USB_DEVICE
2026-05-02 20:06:55,021 [INFO] ApiDbMcu:508 - Load IP Config File for USB_HOST
2026-05-02 20:06:56,204 [INFO] LogOutputStream:77 - [STDOUT_REDIRECT] 
2026-05-02 20:07:00,315 [INFO] ProjectBuilder:5002 - Time for Generating toolchain IDE Files: 5513mS.
2026-05-02 20:07:00,318 [INFO] ProjectBuilder:3034 - Time for Copy CMSIS : 1mS.
2026-05-02 20:07:00,442 [INFO] ProjectBuilder:3034 - Time for Copy CMSIS : 0mS.
2026-05-02 20:17:22,566 [INFO] UtilMem:75 - End SaveConfig() Used Memory: 819418104 Bytes (1073741824)
2026-05-02 20:17:25,551 [INFO] UtilMem:75 - End SaveConfig() Used Memory: 778803992 Bytes (1073741824)
2026-05-02 20:17:47,546 [INFO] BlockDiagram:2759 - set Specific Code input for plugin: SPI
2026-05-02 20:17:47,546 [INFO] BlockDiagram:2759 - set Specific Code input for plugin: SPI
2026-05-02 20:17:47,546 [INFO] BlockDiagram:2759 - set Specific Code input for plugin: NVIC
2026-05-02 20:17:47,546 [INFO] BlockDiagram:2759 - set Specific Code input for plugin: FREERTOS
2026-05-02 20:17:47,546 [INFO] BlockDiagram:2759 - set Specific Code input for plugin: USART
2026-05-02 20:17:47,546 [INFO] BlockDiagram:2759 - set Specific Code input for plugin: DMA
2026-05-02 20:17:47,546 [INFO] BlockDiagram:2759 - set Specific Code input for plugin: STMicroelectronics.X-CUBE-TOUCHGFX.4.26.0
2026-05-02 20:17:47,546 [INFO] BlockDiagram:2759 - set Specific Code input for plugin: TIM1_8
2026-05-02 20:17:47,546 [INFO] BlockDiagram:2759 - set Specific Code input for plugin: SYS
2026-05-02 20:17:47,546 [INFO] BlockDiagram:2759 - set Specific Code input for plugin: GPIO
2026-05-02 20:17:47,546 [INFO] BlockDiagram:2759 - set Specific Code input for plugin: RCC
2026-05-02 20:17:47,546 [INFO] BlockDiagram:2759 - set Specific Code input for plugin: CRC
2026-05-02 20:17:47,548 [WARN] IP:2120 - tgfx_framebuffer_stride_value_custom not found: check if there is a RefParameter without a condition.
2026-05-02 20:17:47,548 [INFO] CodeGenerator:807 - code generatio: config db path: D:\Documentos\Electronica\Nueva carpeta\STM32CubeIDE_1.15.0\STM32CubeIDE\plugins\com.st.stm32cube.common.mx_6.11.0.202403141607\\db\
2026-05-02 20:17:47,562 [INFO] Argument:325 - Argument : hdmavalue: null
2026-05-02 20:17:47,562 [INFO] Argument:327 - 	 sub Args: 
2026-05-02 20:17:47,562 [INFO] Argument:325 - Argument : Instancevalue: DMA2_Stream2
2026-05-02 20:17:47,562 [INFO] Argument:335 - Argument : Instancevalue: DMA2_Stream2
2026-05-02 20:17:47,562 [INFO] Argument:325 - Argument : Initvalue: null
2026-05-02 20:17:47,562 [INFO] Argument:327 - 	 sub Args: 
2026-05-02 20:17:47,562 [INFO] Argument:325 - Argument : Channelvalue: DMA_CHANNEL_2
2026-05-02 20:17:47,562 [INFO] Argument:335 - Argument : Channelvalue: DMA_CHANNEL_2
2026-05-02 20:17:47,562 [INFO] Argument:325 - Argument : Directionvalue: DMA_MEMORY_TO_PERIPH
2026-05-02 20:17:47,562 [INFO] Argument:335 - Argument : Directionvalue: DMA_MEMORY_TO_PERIPH
2026-05-02 20:17:47,562 [INFO] Argument:325 - Argument : PeriphIncvalue: DMA_PINC_DISABLE
2026-05-02 20:17:47,562 [INFO] Argument:335 - Argument : PeriphIncvalue: DMA_PINC_DISABLE
2026-05-02 20:17:47,562 [INFO] Argument:325 - Argument : MemIncvalue: DMA_MINC_ENABLE
2026-05-02 20:17:47,562 [INFO] Argument:335 - Argument : MemIncvalue: DMA_MINC_ENABLE
2026-05-02 20:17:47,562 [INFO] Argument:325 - Argument : PeriphDataAlignmentvalue: DMA_PDATAALIGN_BYTE
2026-05-02 20:17:47,562 [INFO] Argument:335 - Argument : PeriphDataAlignmentvalue: DMA_PDATAALIGN_BYTE
2026-05-02 20:17:47,562 [INFO] Argument:325 - Argument : MemDataAlignmentvalue: DMA_MDATAALIGN_BYTE
2026-05-02 20:17:47,562 [INFO] Argument:335 - Argument : MemDataAlignmentvalue: DMA_MDATAALIGN_BYTE
2026-05-02 20:17:47,562 [INFO] Argument:325 - Argument : Modevalue: DMA_NORMAL
2026-05-02 20:17:47,562 [INFO] Argument:335 - Argument : Modevalue: DMA_NORMAL
2026-05-02 20:17:47,562 [INFO] Argument:325 - Argument : Priorityvalue: DMA_PRIORITY_LOW
2026-05-02 20:17:47,562 [INFO] Argument:335 - Argument : Priorityvalue: DMA_PRIORITY_LOW
2026-05-02 20:17:47,562 [INFO] Argument:325 - Argument : FIFOModevalue: DMA_FIFOMODE_ENABLE
2026-05-02 20:17:47,562 [INFO] Argument:335 - Argument : FIFOModevalue: DMA_FIFOMODE_ENABLE
2026-05-02 20:17:47,562 [INFO] Argument:325 - Argument : FIFOThresholdvalue: DMA_FIFO_THRESHOLD_FULL
2026-05-02 20:17:47,562 [INFO] Argument:335 - Argument : FIFOThresholdvalue: DMA_FIFO_THRESHOLD_FULL
2026-05-02 20:17:47,562 [INFO] Argument:325 - Argument : MemBurstvalue: DMA_MBURST_SINGLE
2026-05-02 20:17:47,562 [INFO] Argument:335 - Argument : MemBurstvalue: DMA_MBURST_SINGLE
2026-05-02 20:17:47,562 [INFO] Argument:325 - Argument : PeriphBurstvalue: DMA_PBURST_SINGLE
2026-05-02 20:17:47,562 [INFO] Argument:335 - Argument : PeriphBurstvalue: DMA_PBURST_SINGLE
2026-05-02 20:17:47,562 [INFO] Argument:325 - Argument : Lockvalue: null
2026-05-02 20:17:47,562 [INFO] Argument:335 - Argument : Lockvalue: null
2026-05-02 20:17:47,562 [INFO] Argument:325 - Argument : Statevalue: null
2026-05-02 20:17:47,562 [INFO] Argument:335 - Argument : Statevalue: null
2026-05-02 20:17:47,562 [INFO] Argument:325 - Argument : Parentvalue: null
2026-05-02 20:17:47,562 [INFO] Argument:335 - Argument : Parentvalue: null
2026-05-02 20:17:47,562 [INFO] Argument:325 - Argument : XferCpltCallbackvalue: null
2026-05-02 20:17:47,562 [INFO] Argument:335 - Argument : XferCpltCallbackvalue: null
2026-05-02 20:17:47,562 [INFO] Argument:325 - Argument : XferHalfCpltCallbackvalue: null
2026-05-02 20:17:47,562 [INFO] Argument:335 - Argument : XferHalfCpltCallbackvalue: null
2026-05-02 20:17:47,562 [INFO] Argument:325 - Argument : XferM1CpltCallbackvalue: null
2026-05-02 20:17:47,562 [INFO] Argument:335 - Argument : XferM1CpltCallbackvalue: null
2026-05-02 20:17:47,562 [INFO] Argument:325 - Argument : XferErrorCallbackvalue: null
2026-05-02 20:17:47,562 [INFO] Argument:335 - Argument : XferErrorCallbackvalue: null
2026-05-02 20:17:47,562 [INFO] Argument:325 - Argument : ErrorCodevalue: null
2026-05-02 20:17:47,562 [INFO] Argument:335 - Argument : ErrorCodevalue: null
2026-05-02 20:17:47,562 [WARN] IP:2120 - tgfx_framebuffer_stride_value_custom not found: check if there is a RefParameter without a condition.
2026-05-02 20:17:47,567 [INFO] Argument:325 - Argument : hdmavalue: null
2026-05-02 20:17:47,567 [INFO] Argument:327 - 	 sub Args: 
2026-05-02 20:17:47,567 [INFO] Argument:325 - Argument : Instancevalue: DMA2_Stream5
2026-05-02 20:17:47,567 [INFO] Argument:335 - Argument : Instancevalue: DMA2_Stream5
2026-05-02 20:17:47,567 [INFO] Argument:325 - Argument : Initvalue: null
2026-05-02 20:17:47,567 [INFO] Argument:327 - 	 sub Args: 
2026-05-02 20:17:47,567 [INFO] Argument:325 - Argument : Channelvalue: DMA_CHANNEL_4
2026-05-02 20:17:47,567 [INFO] Argument:335 - Argument : Channelvalue: DMA_CHANNEL_4
2026-05-02 20:17:47,567 [INFO] Argument:325 - Argument : Directionvalue: DMA_PERIPH_TO_MEMORY
2026-05-02 20:17:47,567 [INFO] Argument:335 - Argument : Directionvalue: DMA_PERIPH_TO_MEMORY
2026-05-02 20:17:47,567 [INFO] Argument:325 - Argument : PeriphIncvalue: DMA_PINC_DISABLE
2026-05-02 20:17:47,567 [INFO] Argument:335 - Argument : PeriphIncvalue: DMA_PINC_DISABLE
2026-05-02 20:17:47,567 [INFO] Argument:325 - Argument : MemIncvalue: DMA_MINC_ENABLE
2026-05-02 20:17:47,567 [INFO] Argument:335 - Argument : MemIncvalue: DMA_MINC_ENABLE
2026-05-02 20:17:47,567 [INFO] Argument:325 - Argument : PeriphDataAlignmentvalue: DMA_PDATAALIGN_BYTE
2026-05-02 20:17:47,567 [INFO] Argument:335 - Argument : PeriphDataAlignmentvalue: DMA_PDATAALIGN_BYTE
2026-05-02 20:17:47,567 [INFO] Argument:325 - Argument : MemDataAlignmentvalue: DMA_MDATAALIGN_BYTE
2026-05-02 20:17:47,567 [INFO] Argument:335 - Argument : MemDataAlignmentvalue: DMA_MDATAALIGN_BYTE
2026-05-02 20:17:47,567 [INFO] Argument:325 - Argument : Modevalue: DMA_CIRCULAR
2026-05-02 20:17:47,567 [INFO] Argument:335 - Argument : Modevalue: DMA_CIRCULAR
2026-05-02 20:17:47,567 [INFO] Argument:325 - Argument : Priorityvalue: DMA_PRIORITY_LOW
2026-05-02 20:17:47,567 [INFO] Argument:335 - Argument : Priorityvalue: DMA_PRIORITY_LOW
2026-05-02 20:17:47,567 [INFO] Argument:325 - Argument : FIFOModevalue: DMA_FIFOMODE_DISABLE
2026-05-02 20:17:47,567 [INFO] Argument:335 - Argument : FIFOModevalue: DMA_FIFOMODE_DISABLE
2026-05-02 20:17:47,567 [INFO] Argument:325 - Argument : FIFOThresholdvalue: null
2026-05-02 20:17:47,567 [INFO] Argument:335 - Argument : FIFOThresholdvalue: null
2026-05-02 20:17:47,567 [INFO] Argument:325 - Argument : MemBurstvalue: null
2026-05-02 20:17:47,567 [INFO] Argument:335 - Argument : MemBurstvalue: null
2026-05-02 20:17:47,567 [INFO] Argument:325 - Argument : PeriphBurstvalue: null
2026-05-02 20:17:47,567 [INFO] Argument:335 - Argument : PeriphBurstvalue: null
2026-05-02 20:17:47,567 [INFO] Argument:325 - Argument : Lockvalue: null
2026-05-02 20:17:47,567 [INFO] Argument:335 - Argument : Lockvalue: null
2026-05-02 20:17:47,567 [INFO] Argument:325 - Argument : Statevalue: null
2026-05-02 20:17:47,567 [INFO] Argument:335 - Argument : Statevalue: null
2026-05-02 20:17:47,567 [INFO] Argument:325 - Argument : Parentvalue: null
2026-05-02 20:17:47,567 [INFO] Argument:335 - Argument : Parentvalue: null
2026-05-02 20:17:47,567 [INFO] Argument:325 - Argument : XferCpltCallbackvalue: null
2026-05-02 20:17:47,567 [INFO] Argument:335 - Argument : XferCpltCallbackvalue: null
2026-05-02 20:17:47,567 [INFO] Argument:325 - Argument : XferHalfCpltCallbackvalue: null
2026-05-02 20:17:47,567 [INFO] Argument:335 - Argument : XferHalfCpltCallbackvalue: null
2026-05-02 20:17:47,567 [INFO] Argument:325 - Argument : XferM1CpltCallbackvalue: null
2026-05-02 20:17:47,567 [INFO] Argument:335 - Argument : XferM1CpltCallbackvalue: null
2026-05-02 20:17:47,567 [INFO] Argument:325 - Argument : XferErrorCallbackvalue: null
2026-05-02 20:17:47,567 [INFO] Argument:335 - Argument : XferErrorCallbackvalue: null
2026-05-02 20:17:47,567 [INFO] Argument:325 - Argument : ErrorCodevalue: null
2026-05-02 20:17:47,567 [INFO] Argument:335 - Argument : ErrorCodevalue: null
2026-05-02 20:17:47,570 [INFO] Argument:325 - Argument : hdmavalue: null
2026-05-02 20:17:47,570 [INFO] Argument:327 - 	 sub Args: 
2026-05-02 20:17:47,570 [INFO] Argument:325 - Argument : Instancevalue: DMA2_Stream7
2026-05-02 20:17:47,570 [INFO] Argument:335 - Argument : Instancevalue: DMA2_Stream7
2026-05-02 20:17:47,570 [INFO] Argument:325 - Argument : Initvalue: null
2026-05-02 20:17:47,570 [INFO] Argument:327 - 	 sub Args: 
2026-05-02 20:17:47,570 [INFO] Argument:325 - Argument : Channelvalue: DMA_CHANNEL_4
2026-05-02 20:17:47,570 [INFO] Argument:335 - Argument : Channelvalue: DMA_CHANNEL_4
2026-05-02 20:17:47,570 [INFO] Argument:325 - Argument : Directionvalue: DMA_MEMORY_TO_PERIPH
2026-05-02 20:17:47,570 [INFO] Argument:335 - Argument : Directionvalue: DMA_MEMORY_TO_PERIPH
2026-05-02 20:17:47,570 [INFO] Argument:325 - Argument : PeriphIncvalue: DMA_PINC_DISABLE
2026-05-02 20:17:47,570 [INFO] Argument:335 - Argument : PeriphIncvalue: DMA_PINC_DISABLE
2026-05-02 20:17:47,570 [INFO] Argument:325 - Argument : MemIncvalue: DMA_MINC_ENABLE
2026-05-02 20:17:47,570 [INFO] Argument:335 - Argument : MemIncvalue: DMA_MINC_ENABLE
2026-05-02 20:17:47,570 [INFO] Argument:325 - Argument : PeriphDataAlignmentvalue: DMA_PDATAALIGN_BYTE
2026-05-02 20:17:47,570 [INFO] Argument:335 - Argument : PeriphDataAlignmentvalue: DMA_PDATAALIGN_BYTE
2026-05-02 20:17:47,570 [INFO] Argument:325 - Argument : MemDataAlignmentvalue: DMA_MDATAALIGN_BYTE
2026-05-02 20:17:47,570 [INFO] Argument:335 - Argument : MemDataAlignmentvalue: DMA_MDATAALIGN_BYTE
2026-05-02 20:17:47,570 [INFO] Argument:325 - Argument : Modevalue: DMA_NORMAL
2026-05-02 20:17:47,570 [INFO] Argument:335 - Argument : Modevalue: DMA_NORMAL
2026-05-02 20:17:47,570 [INFO] Argument:325 - Argument : Priorityvalue: DMA_PRIORITY_LOW
2026-05-02 20:17:47,570 [INFO] Argument:335 - Argument : Priorityvalue: DMA_PRIORITY_LOW
2026-05-02 20:17:47,570 [INFO] Argument:325 - Argument : FIFOModevalue: DMA_FIFOMODE_DISABLE
2026-05-02 20:17:47,570 [INFO] Argument:335 - Argument : FIFOModevalue: DMA_FIFOMODE_DISABLE
2026-05-02 20:17:47,570 [INFO] Argument:325 - Argument : FIFOThresholdvalue: null
2026-05-02 20:17:47,570 [INFO] Argument:335 - Argument : FIFOThresholdvalue: null
2026-05-02 20:17:47,570 [INFO] Argument:325 - Argument : MemBurstvalue: null
2026-05-02 20:17:47,570 [INFO] Argument:335 - Argument : MemBurstvalue: null
2026-05-02 20:17:47,570 [INFO] Argument:325 - Argument : PeriphBurstvalue: null
2026-05-02 20:17:47,570 [INFO] Argument:335 - Argument : PeriphBurstvalue: null
2026-05-02 20:17:47,570 [INFO] Argument:325 - Argument : Lockvalue: null
2026-05-02 20:17:47,570 [INFO] Argument:335 - Argument : Lockvalue: null
2026-05-02 20:17:47,570 [INFO] Argument:325 - Argument : Statevalue: null
2026-05-02 20:17:47,570 [INFO] Argument:335 - Argument : Statevalue: null
2026-05-02 20:17:47,570 [INFO] Argument:325 - Argument : Parentvalue: null
2026-05-02 20:17:47,570 [INFO] Argument:335 - Argument : Parentvalue: null
2026-05-02 20:17:47,570 [INFO] Argument:325 - Argument : XferCpltCallbackvalue: null
2026-05-02 20:17:47,570 [INFO] Argument:335 - Argument : XferCpltCallbackvalue: null
2026-05-02 20:17:47,570 [INFO] Argument:325 - Argument : XferHalfCpltCallbackvalue: null
2026-05-02 20:17:47,570 [INFO] Argument:335 - Argument : XferHalfCpltCallbackvalue: null
2026-05-02 20:17:47,570 [INFO] Argument:325 - Argument : XferM1CpltCallbackvalue: null
2026-05-02 20:17:47,570 [INFO] Argument:335 - Argument : XferM1CpltCallbackvalue: null
2026-05-02 20:17:47,570 [INFO] Argument:325 - Argument : XferErrorCallbackvalue: null
2026-05-02 20:17:47,570 [INFO] Argument:335 - Argument : XferErrorCallbackvalue: null
2026-05-02 20:17:47,570 [INFO] Argument:325 - Argument : ErrorCodevalue: null
2026-05-02 20:17:47,570 [INFO] Argument:335 - Argument : ErrorCodevalue: null
2026-05-02 20:17:47,611 [INFO] IP:3348 - RTE Config file name : RTE_Component
2026-05-02 20:17:47,611 [INFO] IP:3366 - RTE template : RTE_Components.ftl
2026-05-02 20:17:47,623 [INFO] CodeEngine:255 - oldGeneratedFile, C:\git\VehiculoTT\HMITT\MXTmpFiles\license.tmp_save
2026-05-02 20:17:47,714 [INFO] CodeEngine:279 - Generated code: C:\git\VehiculoTT\HMITT\MXTmpFiles\license.tmp
2026-05-02 20:17:47,748 [INFO] CodeEngine:255 - oldGeneratedFile, C:\git\VehiculoTT\HMITT\MXTmpFiles\gpio.tmp_save
2026-05-02 20:17:47,856 [INFO] CodeEngine:279 - Generated code: C:\git\VehiculoTT\HMITT\MXTmpFiles\gpio.tmp
2026-05-02 20:17:48,155 [INFO] Middleware:1439 - No code input for Bsp Dependency
2026-05-02 20:17:48,165 [INFO] CodeEngine:255 - oldGeneratedFile, C:\git\VehiculoTT\HMITT\MXTmpFiles\rtos_inc.tmp_save
2026-05-02 20:17:48,234 [INFO] CodeEngine:279 - Generated code: C:\git\VehiculoTT\HMITT\MXTmpFiles\rtos_inc.tmp
2026-05-02 20:17:48,241 [INFO] CodeEngine:255 - oldGeneratedFile, C:\git\VehiculoTT\HMITT\MXTmpFiles\rtos_kernelInit.tmp_save
2026-05-02 20:17:48,301 [INFO] CodeEngine:279 - Generated code: C:\git\VehiculoTT\HMITT\MXTmpFiles\rtos_kernelInit.tmp
2026-05-02 20:17:48,308 [INFO] CodeEngine:255 - oldGeneratedFile, C:\git\VehiculoTT\HMITT\MXTmpFiles\rtos_kernelStart.tmp_save
2026-05-02 20:17:48,364 [INFO] CodeEngine:279 - Generated code: C:\git\VehiculoTT\HMITT\MXTmpFiles\rtos_kernelStart.tmp
2026-05-02 20:17:48,371 [INFO] CodeEngine:255 - oldGeneratedFile, C:\git\VehiculoTT\HMITT\MXTmpFiles\rtos_typedefs.tmp_save
2026-05-02 20:17:48,427 [INFO] CodeEngine:279 - Generated code: C:\git\VehiculoTT\HMITT\MXTmpFiles\rtos_typedefs.tmp
2026-05-02 20:17:48,433 [INFO] CodeEngine:255 - oldGeneratedFile, C:\git\VehiculoTT\HMITT\MXTmpFiles\rtos_vars.tmp_save
2026-05-02 20:17:48,516 [INFO] CodeEngine:279 - Generated code: C:\git\VehiculoTT\HMITT\MXTmpFiles\rtos_vars.tmp
2026-05-02 20:17:48,523 [INFO] CodeEngine:255 - oldGeneratedFile, C:\git\VehiculoTT\HMITT\MXTmpFiles\rtos_pfp.tmp_save
2026-05-02 20:17:48,598 [INFO] CodeEngine:279 - Generated code: C:\git\VehiculoTT\HMITT\MXTmpFiles\rtos_pfp.tmp
2026-05-02 20:17:48,605 [INFO] CodeEngine:255 - oldGeneratedFile, C:\git\VehiculoTT\HMITT\MXTmpFiles\rtos_obj_creat.tmp_save
2026-05-02 20:17:48,670 [INFO] CodeEngine:279 - Generated code: C:\git\VehiculoTT\HMITT\MXTmpFiles\rtos_obj_creat.tmp
2026-05-02 20:17:48,677 [INFO] CodeEngine:255 - oldGeneratedFile, C:\git\VehiculoTT\HMITT\MXTmpFiles\rtos_default_thread.tmp_save
2026-05-02 20:17:48,736 [INFO] CodeEngine:279 - Generated code: C:\git\VehiculoTT\HMITT\MXTmpFiles\rtos_default_thread.tmp
2026-05-02 20:17:48,742 [INFO] CodeEngine:255 - oldGeneratedFile, C:\git\VehiculoTT\HMITT\MXTmpFiles\rtos_threads.tmp_save
2026-05-02 20:17:48,796 [INFO] CodeEngine:279 - Generated code: C:\git\VehiculoTT\HMITT\MXTmpFiles\rtos_threads.tmp
2026-05-02 20:17:48,803 [INFO] Middleware:1439 - No code input for Bsp Dependency
2026-05-02 20:17:48,803 [INFO] IP:3348 - RTE Config file name : RTE_Component
2026-05-02 20:17:48,803 [INFO] IP:3366 - RTE template : RTE_Components.ftl
2026-05-02 20:17:48,814 [INFO] CodeEngine:255 - oldGeneratedFile, C:\git\VehiculoTT\HMITT\MXTmpFiles\SCB_CleanInvalidateDCache.tmp_save
2026-05-02 20:17:48,878 [INFO] CodeEngine:279 - Generated code: C:\git\VehiculoTT\HMITT\MXTmpFiles\SCB_CleanInvalidateDCache.tmp
2026-05-02 20:17:48,884 [INFO] CodeEngine:255 - oldGeneratedFile, C:\git\VehiculoTT\HMITT\MXTmpFiles\SCB_InvalidateDCache.tmp_save
2026-05-02 20:17:48,936 [INFO] CodeEngine:279 - Generated code: C:\git\VehiculoTT\HMITT\MXTmpFiles\SCB_InvalidateDCache.tmp
2026-05-02 20:17:48,945 [INFO] CodeEngine:255 - oldGeneratedFile, C:\git\VehiculoTT\HMITT\MXTmpFiles\touchgfx_license.tmp_save
2026-05-02 20:17:48,999 [INFO] CodeEngine:279 - Generated code: C:\git\VehiculoTT\HMITT\MXTmpFiles\touchgfx_license.tmp
2026-05-02 20:17:49,006 [INFO] CodeEngine:255 - oldGeneratedFile, C:\git\VehiculoTT\HMITT\MXTmpFiles\touchgfx_gen_license.tmp_save
2026-05-02 20:17:49,058 [INFO] CodeEngine:279 - Generated code: C:\git\VehiculoTT\HMITT\MXTmpFiles\touchgfx_gen_license.tmp
2026-05-02 20:17:49,066 [INFO] CodeEngine:255 - oldGeneratedFile, C:\git\VehiculoTT\HMITT\MXTmpFiles\oswrappers_cmsis.tmp_save
2026-05-02 20:17:49,125 [INFO] CodeEngine:279 - Generated code: C:\git\VehiculoTT\HMITT\MXTmpFiles\oswrappers_cmsis.tmp
2026-05-02 20:17:49,140 [INFO] Middleware:1439 - No code input for Bsp Dependency
2026-05-02 20:17:49,153 [INFO] CodeEngine:255 - oldGeneratedFile, C:\git\VehiculoTT\HMITT\MXTmpFiles\rtos_inc.tmp_save
2026-05-02 20:17:49,217 [INFO] CodeEngine:279 - Generated code: C:\git\VehiculoTT\HMITT\MXTmpFiles\rtos_inc.tmp
2026-05-02 20:17:49,229 [INFO] CodeEngine:255 - oldGeneratedFile, C:\git\VehiculoTT\HMITT\MXTmpFiles\rtos_kernelInit.tmp_save
2026-05-02 20:17:49,284 [INFO] CodeEngine:279 - Generated code: C:\git\VehiculoTT\HMITT\MXTmpFiles\rtos_kernelInit.tmp
2026-05-02 20:17:49,296 [INFO] CodeEngine:255 - oldGeneratedFile, C:\git\VehiculoTT\HMITT\MXTmpFiles\rtos_kernelStart.tmp_save
2026-05-02 20:17:49,349 [INFO] CodeEngine:279 - Generated code: C:\git\VehiculoTT\HMITT\MXTmpFiles\rtos_kernelStart.tmp
2026-05-02 20:17:49,361 [INFO] CodeEngine:255 - oldGeneratedFile, C:\git\VehiculoTT\HMITT\MXTmpFiles\rtos_typedefs.tmp_save
2026-05-02 20:17:49,416 [INFO] CodeEngine:279 - Generated code: C:\git\VehiculoTT\HMITT\MXTmpFiles\rtos_typedefs.tmp
2026-05-02 20:17:49,434 [INFO] CodeEngine:255 - oldGeneratedFile, C:\git\VehiculoTT\HMITT\MXTmpFiles\rtos_vars.tmp_save
2026-05-02 20:17:49,498 [INFO] CodeEngine:279 - Generated code: C:\git\VehiculoTT\HMITT\MXTmpFiles\rtos_vars.tmp
2026-05-02 20:17:49,508 [INFO] CodeEngine:255 - oldGeneratedFile, C:\git\VehiculoTT\HMITT\MXTmpFiles\rtos_pfp.tmp_save
2026-05-02 20:17:49,568 [INFO] CodeEngine:279 - Generated code: C:\git\VehiculoTT\HMITT\MXTmpFiles\rtos_pfp.tmp
2026-05-02 20:17:49,584 [INFO] CodeEngine:255 - oldGeneratedFile, C:\git\VehiculoTT\HMITT\MXTmpFiles\rtos_obj_creat.tmp_save
2026-05-02 20:17:49,648 [INFO] CodeEngine:279 - Generated code: C:\git\VehiculoTT\HMITT\MXTmpFiles\rtos_obj_creat.tmp
2026-05-02 20:17:49,658 [INFO] CodeEngine:255 - oldGeneratedFile, C:\git\VehiculoTT\HMITT\MXTmpFiles\rtos_default_thread.tmp_save
2026-05-02 20:17:49,720 [INFO] CodeEngine:279 - Generated code: C:\git\VehiculoTT\HMITT\MXTmpFiles\rtos_default_thread.tmp
2026-05-02 20:17:49,733 [INFO] CodeEngine:255 - oldGeneratedFile, C:\git\VehiculoTT\HMITT\MXTmpFiles\rtos_threads.tmp_save
2026-05-02 20:17:49,792 [INFO] CodeEngine:279 - Generated code: C:\git\VehiculoTT\HMITT\MXTmpFiles\rtos_threads.tmp
2026-05-02 20:17:49,813 [INFO] CodeEngine:255 - oldGeneratedFile, C:\git\VehiculoTT\HMITT\Core\Inc\FreeRTOSConfig.h_save
2026-05-02 20:17:49,895 [INFO] CodeEngine:279 - Generated code: C:\git\VehiculoTT\HMITT\Core\Inc\FreeRTOSConfig.h
2026-05-02 20:17:49,912 [INFO] CodeEngine:255 - oldGeneratedFile, C:\git\VehiculoTT\HMITT\Core\Src\freertos.c_save
2026-05-02 20:17:49,975 [INFO] CodeEngine:279 - Generated code: C:\git\VehiculoTT\HMITT\Core\Src\freertos.c
2026-05-02 20:17:50,025 [INFO] CodeEngine:255 - oldGeneratedFile, C:\git\VehiculoTT\HMITT\MXTmpFiles\dma.tmp_save
2026-05-02 20:17:50,085 [INFO] CodeEngine:279 - Generated code: C:\git\VehiculoTT\HMITT\MXTmpFiles\dma.tmp
2026-05-02 20:17:50,096 [INFO] CodeEngine:255 - oldGeneratedFile, C:\git\VehiculoTT\HMITT\MXTmpFiles\dma_GV.tmp_save
2026-05-02 20:17:50,146 [INFO] CodeEngine:279 - Generated code: C:\git\VehiculoTT\HMITT\MXTmpFiles\dma_GV.tmp
2026-05-02 20:17:50,155 [INFO] Middleware:1439 - No code input for Bsp Dependency
2026-05-02 20:17:50,155 [INFO] IP:3348 - RTE Config file name : RTE_Component
2026-05-02 20:17:50,155 [INFO] IP:3366 - RTE template : RTE_Components.ftl
2026-05-02 20:17:50,169 [INFO] CodeEngine:255 - oldGeneratedFile, C:\git\VehiculoTT\HMITT\MXTmpFiles\SCB_CleanInvalidateDCache.tmp_save
2026-05-02 20:17:50,228 [INFO] CodeEngine:279 - Generated code: C:\git\VehiculoTT\HMITT\MXTmpFiles\SCB_CleanInvalidateDCache.tmp
2026-05-02 20:17:50,237 [INFO] CodeEngine:255 - oldGeneratedFile, C:\git\VehiculoTT\HMITT\MXTmpFiles\SCB_InvalidateDCache.tmp_save
2026-05-02 20:17:50,291 [INFO] CodeEngine:279 - Generated code: C:\git\VehiculoTT\HMITT\MXTmpFiles\SCB_InvalidateDCache.tmp
2026-05-02 20:17:50,300 [INFO] CodeEngine:255 - oldGeneratedFile, C:\git\VehiculoTT\HMITT\MXTmpFiles\touchgfx_license.tmp_save
2026-05-02 20:17:50,361 [INFO] CodeEngine:279 - Generated code: C:\git\VehiculoTT\HMITT\MXTmpFiles\touchgfx_license.tmp
2026-05-02 20:17:50,371 [INFO] CodeEngine:255 - oldGeneratedFile, C:\git\VehiculoTT\HMITT\MXTmpFiles\touchgfx_gen_license.tmp_save
2026-05-02 20:17:50,425 [INFO] CodeEngine:279 - Generated code: C:\git\VehiculoTT\HMITT\MXTmpFiles\touchgfx_gen_license.tmp
2026-05-02 20:17:50,446 [INFO] CodeEngine:255 - oldGeneratedFile, C:\git\VehiculoTT\HMITT\MXTmpFiles\oswrappers_cmsis.tmp_save
2026-05-02 20:17:50,502 [INFO] CodeEngine:279 - Generated code: C:\git\VehiculoTT\HMITT\MXTmpFiles\oswrappers_cmsis.tmp
2026-05-02 20:17:50,511 [INFO] CodeEngine:255 - oldGeneratedFile, C:\git\VehiculoTT\HMITT\TouchGFX\App\app_touchgfx.h_save
2026-05-02 20:17:50,574 [INFO] CodeEngine:279 - Generated code: C:\git\VehiculoTT\HMITT\TouchGFX\App\app_touchgfx.h
2026-05-02 20:17:50,591 [INFO] CodeEngine:255 - oldGeneratedFile, C:\git\VehiculoTT\HMITT\TouchGFX\ApplicationTemplate.touchgfx.part_save
2026-05-02 20:17:50,666 [INFO] CodeEngine:279 - Generated code: C:\git\VehiculoTT\HMITT\TouchGFX\ApplicationTemplate.touchgfx.part
2026-05-02 20:17:50,684 [INFO] CodeEngine:255 - oldGeneratedFile, C:\git\VehiculoTT\HMITT\TouchGFX\target\generated\TouchGFXConfiguration.cpp_save
2026-05-02 20:17:50,758 [INFO] CodeEngine:279 - Generated code: C:\git\VehiculoTT\HMITT\TouchGFX\target\generated\TouchGFXConfiguration.cpp
2026-05-02 20:17:50,779 [INFO] CodeEngine:255 - oldGeneratedFile, C:\git\VehiculoTT\HMITT\TouchGFX\target\generated\TouchGFXGeneratedHAL.hpp_save
2026-05-02 20:17:50,847 [INFO] CodeEngine:279 - Generated code: C:\git\VehiculoTT\HMITT\TouchGFX\target\generated\TouchGFXGeneratedHAL.hpp
2026-05-02 20:17:50,866 [INFO] CodeEngine:255 - oldGeneratedFile, C:\git\VehiculoTT\HMITT\TouchGFX\target\generated\TouchGFXGeneratedHAL.cpp_save
2026-05-02 20:17:50,934 [INFO] CodeEngine:279 - Generated code: C:\git\VehiculoTT\HMITT\TouchGFX\target\generated\TouchGFXGeneratedHAL.cpp
2026-05-02 20:17:50,948 [INFO] CodeEngine:255 - oldGeneratedFile, C:\git\VehiculoTT\HMITT\TouchGFX\target\TouchGFXHAL.hpp_save
2026-05-02 20:17:51,011 [INFO] CodeEngine:279 - Generated code: C:\git\VehiculoTT\HMITT\TouchGFX\target\TouchGFXHAL.hpp
2026-05-02 20:17:51,020 [INFO] CodeEngine:255 - oldGeneratedFile, C:\git\VehiculoTT\HMITT\TouchGFX\target\TouchGFXHAL.cpp_save
2026-05-02 20:17:51,101 [INFO] CodeEngine:279 - Generated code: C:\git\VehiculoTT\HMITT\TouchGFX\target\TouchGFXHAL.cpp
2026-05-02 20:17:51,113 [INFO] CodeEngine:255 - oldGeneratedFile, C:\git\VehiculoTT\HMITT\TouchGFX\target\STM32TouchController.hpp_save
2026-05-02 20:17:51,179 [INFO] CodeEngine:279 - Generated code: C:\git\VehiculoTT\HMITT\TouchGFX\target\STM32TouchController.hpp
2026-05-02 20:17:51,193 [INFO] CodeEngine:255 - oldGeneratedFile, C:\git\VehiculoTT\HMITT\TouchGFX\target\STM32TouchController.cpp_save
2026-05-02 20:17:51,259 [INFO] CodeEngine:279 - Generated code: C:\git\VehiculoTT\HMITT\TouchGFX\target\STM32TouchController.cpp
2026-05-02 20:17:51,271 [INFO] CodeEngine:255 - oldGeneratedFile, C:\git\VehiculoTT\HMITT\TouchGFX\target\generated\STM32DMA.hpp_save
2026-05-02 20:17:51,334 [INFO] CodeEngine:279 - Generated code: C:\git\VehiculoTT\HMITT\TouchGFX\target\generated\STM32DMA.hpp
2026-05-02 20:17:51,346 [INFO] CodeEngine:255 - oldGeneratedFile, C:\git\VehiculoTT\HMITT\TouchGFX\target\generated\STM32DMA.cpp_save
2026-05-02 20:17:51,410 [INFO] CodeEngine:279 - Generated code: C:\git\VehiculoTT\HMITT\TouchGFX\target\generated\STM32DMA.cpp
2026-05-02 20:17:51,425 [INFO] CodeEngine:255 - oldGeneratedFile, C:\git\VehiculoTT\HMITT\TouchGFX\target\generated\OSWrappers.cpp_save
2026-05-02 20:17:51,500 [INFO] CodeEngine:279 - Generated code: C:\git\VehiculoTT\HMITT\TouchGFX\target\generated\OSWrappers.cpp
2026-05-02 20:17:51,518 [INFO] CodeEngine:255 - oldGeneratedFile, C:\git\VehiculoTT\HMITT\TouchGFX\target\TouchGFXGPIO.cpp_save
2026-05-02 20:17:51,597 [INFO] CodeEngine:279 - Generated code: C:\git\VehiculoTT\HMITT\TouchGFX\target\TouchGFXGPIO.cpp
2026-05-02 20:17:51,609 [INFO] CodeEngine:255 - oldGeneratedFile, C:\git\VehiculoTT\HMITT\TouchGFX\App\app_touchgfx.c_save
2026-05-02 20:17:51,674 [INFO] CodeEngine:279 - Generated code: C:\git\VehiculoTT\HMITT\TouchGFX\App\app_touchgfx.c
2026-05-02 20:17:51,706 [INFO] CodeEngine:255 - oldGeneratedFile, C:\git\VehiculoTT\HMITT\Core\Src\stm32f4xx_it.c_save
2026-05-02 20:17:51,925 [INFO] CodeEngine:279 - Generated code: C:\git\VehiculoTT\HMITT\Core\Src\stm32f4xx_it.c
2026-05-02 20:17:51,942 [INFO] CodeEngine:255 - oldGeneratedFile, C:\git\VehiculoTT\HMITT\Core\Inc\stm32f4xx_it.h_save
2026-05-02 20:17:52,025 [INFO] CodeEngine:279 - Generated code: C:\git\VehiculoTT\HMITT\Core\Inc\stm32f4xx_it.h
2026-05-02 20:17:52,033 [INFO] IP:3348 - RTE Config file name : RTE_Component
2026-05-02 20:17:52,033 [INFO] IP:3366 - RTE template : RTE_Components.ftl
2026-05-02 20:17:52,033 [INFO] CodeGenerator:2119 - Add RTE Code Input 
2026-05-02 20:17:52,047 [INFO] CodeEngine:255 - oldGeneratedFile, C:\git\VehiculoTT\HMITT\Core\Inc\RTE_Components.h_save
2026-05-02 20:17:52,111 [INFO] CodeEngine:279 - Generated code: C:\git\VehiculoTT\HMITT\Core\Inc\RTE_Components.h
2026-05-02 20:17:52,141 [INFO] CodeEngine:255 - oldGeneratedFile, C:\git\VehiculoTT\HMITT\Core\Src\stm32f4xx_hal_msp.c_save
2026-05-02 20:17:52,257 [INFO] CodeEngine:279 - Generated code: C:\git\VehiculoTT\HMITT\Core\Src\stm32f4xx_hal_msp.c
2026-05-02 20:17:52,262 [INFO] CodeEngine:255 - oldGeneratedFile, C:\git\VehiculoTT\HMITT\MXTmpFiles\system.tmp_save
2026-05-02 20:17:52,316 [INFO] CodeEngine:279 - Generated code: C:\git\VehiculoTT\HMITT\MXTmpFiles\system.tmp
2026-05-02 20:17:52,332 [INFO] CodeEngine:255 - oldGeneratedFile, C:\git\VehiculoTT\HMITT\Core\Src\stm32f4xx_hal_timebase_tim.c_save
2026-05-02 20:17:52,399 [INFO] CodeEngine:279 - Generated code: C:\git\VehiculoTT\HMITT\Core\Src\stm32f4xx_hal_timebase_tim.c
2026-05-02 20:17:52,423 [INFO] CodeEngine:311 - oldGeneratedFile, C:\git\VehiculoTT\HMITT\Core\Inc\stm32f4xx_hal_conf.h_save
2026-05-02 20:17:52,507 [INFO] CodeEngine:335 - Generated code: C:\git\VehiculoTT\HMITT\Core\Inc\stm32f4xx_hal_conf.h
2026-05-02 20:17:52,529 [WARN] IPConfigManager:3513 - IP not found : TIM
2026-05-02 20:17:52,529 [WARN] CodeGenerator:3951 - IP not found : null
2026-05-02 20:17:52,550 [INFO] CodeEngine:255 - oldGeneratedFile, C:\git\VehiculoTT\HMITT\Core\Inc\main.h_save
2026-05-02 20:17:52,634 [INFO] CodeEngine:279 - Generated code: C:\git\VehiculoTT\HMITT\Core\Inc\main.h
2026-05-02 20:17:52,654 [INFO] CodeEngine:255 - oldGeneratedFile, C:\git\VehiculoTT\HMITT\Core\Src\main.c_save
2026-05-02 20:17:52,820 [INFO] CodeEngine:279 - Generated code: C:\git\VehiculoTT\HMITT\Core\Src\main.c
2026-05-02 20:17:53,662 [INFO] ProjectBuilder:3163 - Time for Copy HAL[1] : 573mS.
2026-05-02 20:17:53,662 [ERROR] Middleware:2969 - Invalid RefComponent liste
2026-05-02 20:17:53,662 [ERROR] Middleware:2969 - Invalid RefComponent liste
2026-05-02 20:17:53,663 [ERROR] Middleware:2969 - Invalid RefComponent liste
2026-05-02 20:17:53,663 [ERROR] Middleware:2969 - Invalid RefComponent liste
2026-05-02 20:17:53,663 [ERROR] Middleware:2969 - Invalid RefComponent liste
2026-05-02 20:17:53,663 [ERROR] Middleware:2969 - Invalid RefComponent liste
2026-05-02 20:17:53,663 [ERROR] Middleware:2969 - Invalid RefComponent liste
2026-05-02 20:17:53,663 [ERROR] Middleware:2969 - Invalid RefComponent liste
2026-05-02 20:17:53,663 [ERROR] Middleware:2969 - Invalid RefComponent liste
2026-05-02 20:17:53,663 [ERROR] Middleware:2969 - Invalid RefComponent liste
2026-05-02 20:17:53,663 [ERROR] Middleware:2969 - Invalid RefComponent liste
2026-05-02 20:17:53,663 [ERROR] Middleware:2969 - Invalid RefComponent liste
2026-05-02 20:17:53,663 [ERROR] Middleware:2969 - Invalid RefComponent liste
2026-05-02 20:17:53,663 [ERROR] Middleware:2969 - Invalid RefComponent liste
2026-05-02 20:17:53,663 [ERROR] Middleware:2969 - Invalid RefComponent liste
2026-05-02 20:17:53,663 [ERROR] Middleware:2969 - Invalid RefComponent liste
2026-05-02 20:17:53,663 [ERROR] Middleware:2969 - Invalid RefComponent liste
2026-05-02 20:17:53,663 [ERROR] Middleware:2969 - Invalid RefComponent liste
2026-05-02 20:17:53,663 [ERROR] Middleware:2969 - Invalid RefComponent liste
2026-05-02 20:17:53,663 [ERROR] Middleware:2969 - Invalid RefComponent liste
2026-05-02 20:17:53,663 [ERROR] Middleware:2969 - Invalid RefComponent liste
2026-05-02 20:17:53,663 [ERROR] Middleware:2969 - Invalid RefComponent liste
2026-05-02 20:17:53,663 [ERROR] Middleware:2969 - Invalid RefComponent liste
2026-05-02 20:17:53,663 [ERROR] Middleware:2969 - Invalid RefComponent liste
2026-05-02 20:17:53,663 [ERROR] Middleware:2969 - Invalid RefComponent liste
2026-05-02 20:17:53,663 [ERROR] Middleware:2969 - Invalid RefComponent liste
2026-05-02 20:17:53,663 [ERROR] Middleware:2969 - Invalid RefComponent liste
2026-05-02 20:17:53,663 [ERROR] Middleware:2969 - Invalid RefComponent liste
2026-05-02 20:17:53,663 [ERROR] Middleware:2969 - Invalid RefComponent liste
2026-05-02 20:17:53,663 [ERROR] Middleware:2969 - Invalid RefComponent liste
2026-05-02 20:17:53,663 [ERROR] Middleware:2969 - Invalid RefComponent liste
2026-05-02 20:17:53,663 [ERROR] Middleware:2969 - Invalid RefComponent liste
2026-05-02 20:17:53,663 [ERROR] Middleware:2969 - Invalid RefComponent liste
2026-05-02 20:17:53,663 [ERROR] Middleware:2969 - Invalid RefComponent liste
2026-05-02 20:17:53,663 [ERROR] Middleware:2969 - Invalid RefComponent liste
2026-05-02 20:17:53,664 [ERROR] Middleware:2969 - Invalid RefComponent liste
2026-05-02 20:17:53,664 [ERROR] Middleware:2969 - Invalid RefComponent liste
2026-05-02 20:17:53,664 [ERROR] Middleware:2969 - Invalid RefComponent liste
2026-05-02 20:17:53,664 [ERROR] Middleware:2969 - Invalid RefComponent liste
2026-05-02 20:17:53,664 [ERROR] Middleware:2969 - Invalid RefComponent liste
2026-05-02 20:17:53,664 [ERROR] Middleware:2969 - Invalid RefComponent liste
2026-05-02 20:17:53,664 [ERROR] Middleware:2969 - Invalid RefComponent liste
2026-05-02 20:17:53,664 [ERROR] Middleware:2969 - Invalid RefComponent liste
2026-05-02 20:17:53,664 [ERROR] Middleware:2969 - Invalid RefComponent liste
2026-05-02 20:17:53,664 [ERROR] Middleware:2969 - Invalid RefComponent liste
2026-05-02 20:17:53,664 [ERROR] Middleware:2969 - Invalid RefComponent liste
2026-05-02 20:17:53,664 [ERROR] Middleware:2969 - Invalid RefComponent liste
2026-05-02 20:17:53,664 [ERROR] Middleware:2969 - Invalid RefComponent liste
2026-05-02 20:17:53,664 [ERROR] Middleware:2969 - Invalid RefComponent liste
2026-05-02 20:17:53,664 [ERROR] Middleware:2969 - Invalid RefComponent liste
2026-05-02 20:17:53,664 [ERROR] Middleware:2969 - Invalid RefComponent liste
2026-05-02 20:17:53,664 [ERROR] Middleware:2969 - Invalid RefComponent liste
2026-05-02 20:17:53,664 [ERROR] Middleware:2969 - Invalid RefComponent liste
2026-05-02 20:17:53,664 [ERROR] Middleware:2969 - Invalid RefComponent liste
2026-05-02 20:17:53,664 [ERROR] Middleware:2969 - Invalid RefComponent liste
2026-05-02 20:17:53,664 [ERROR] Middleware:2969 - Invalid RefComponent liste
2026-05-02 20:17:53,664 [ERROR] Middleware:2969 - Invalid RefComponent liste
2026-05-02 20:17:53,664 [ERROR] Middleware:2969 - Invalid RefComponent liste
2026-05-02 20:17:53,664 [ERROR] Middleware:2969 - Invalid RefComponent liste
2026-05-02 20:17:53,664 [ERROR] Middleware:2969 - Invalid RefComponent liste
2026-05-02 20:17:53,664 [ERROR] Middleware:2969 - Invalid RefComponent liste
2026-05-02 20:17:53,664 [ERROR] Middleware:2969 - Invalid RefComponent liste
2026-05-02 20:17:53,664 [ERROR] Middleware:2969 - Invalid RefComponent liste
2026-05-02 20:17:53,664 [ERROR] Middleware:2969 - Invalid RefComponent liste
2026-05-02 20:17:53,664 [ERROR] Middleware:2969 - Invalid RefComponent liste
2026-05-02 20:17:53,664 [ERROR] Middleware:2969 - Invalid RefComponent liste
2026-05-02 20:17:53,664 [ERROR] Middleware:2969 - Invalid RefComponent liste
2026-05-02 20:17:53,664 [ERROR] Middleware:2969 - Invalid RefComponent liste
2026-05-02 20:17:53,664 [ERROR] Middleware:2969 - Invalid RefComponent liste
2026-05-02 20:17:53,664 [ERROR] Middleware:2969 - Invalid RefComponent liste
2026-05-02 20:17:53,664 [ERROR] Middleware:2969 - Invalid RefComponent liste
2026-05-02 20:17:53,664 [ERROR] Middleware:2969 - Invalid RefComponent liste
2026-05-02 20:17:53,664 [ERROR] Middleware:2969 - Invalid RefComponent liste
2026-05-02 20:17:53,664 [ERROR] Middleware:2969 - Invalid RefComponent liste
2026-05-02 20:17:53,664 [ERROR] Middleware:2969 - Invalid RefComponent liste
2026-05-02 20:17:53,664 [ERROR] Middleware:2969 - Invalid RefComponent liste
2026-05-02 20:17:53,664 [ERROR] Middleware:2969 - Invalid RefComponent liste
2026-05-02 20:17:53,664 [ERROR] Middleware:2969 - Invalid RefComponent liste
2026-05-02 20:17:53,664 [ERROR] Middleware:2969 - Invalid RefComponent liste
2026-05-02 20:17:53,664 [ERROR] Middleware:2969 - Invalid RefComponent liste
2026-05-02 20:17:53,664 [ERROR] Middleware:2969 - Invalid RefComponent liste
2026-05-02 20:17:53,664 [ERROR] Middleware:2969 - Invalid RefComponent liste
2026-05-02 20:17:53,664 [ERROR] Middleware:2969 - Invalid RefComponent liste
2026-05-02 20:17:53,664 [ERROR] Middleware:2969 - Invalid RefComponent liste
2026-05-02 20:17:53,664 [ERROR] Middleware:2969 - Invalid RefComponent liste
2026-05-02 20:17:53,664 [ERROR] Middleware:2969 - Invalid RefComponent liste
2026-05-02 20:17:53,664 [ERROR] Middleware:2969 - Invalid RefComponent liste
2026-05-02 20:17:53,664 [ERROR] Middleware:2969 - Invalid RefComponent liste
2026-05-02 20:17:53,664 [ERROR] Middleware:2969 - Invalid RefComponent liste
2026-05-02 20:17:53,664 [ERROR] Middleware:2969 - Invalid RefComponent liste
2026-05-02 20:17:53,664 [ERROR] Middleware:2969 - Invalid RefComponent liste
2026-05-02 20:17:53,664 [ERROR] Middleware:2969 - Invalid RefComponent liste
2026-05-02 20:17:53,664 [ERROR] Middleware:2969 - Invalid RefComponent liste
2026-05-02 20:17:53,664 [ERROR] Middleware:2969 - Invalid RefComponent liste
2026-05-02 20:17:53,664 [ERROR] Middleware:2969 - Invalid RefComponent liste
2026-05-02 20:17:53,666 [ERROR] Middleware:2969 - Invalid RefComponent liste
2026-05-02 20:17:53,666 [ERROR] Middleware:2969 - Invalid RefComponent liste
2026-05-02 20:17:53,666 [ERROR] Middleware:2969 - Invalid RefComponent liste
2026-05-02 20:17:53,666 [ERROR] Middleware:2969 - Invalid RefComponent liste
2026-05-02 20:17:53,666 [ERROR] Middleware:2969 - Invalid RefComponent liste
2026-05-02 20:17:53,666 [ERROR] Middleware:2969 - Invalid RefComponent liste
2026-05-02 20:17:53,666 [ERROR] Middleware:2969 - Invalid RefComponent liste
2026-05-02 20:17:53,682 [INFO] ProjectBuilder:4736 - Project Generator version: 4.3.0-B58
2026-05-02 20:17:53,746 [INFO] ConfigFileManager:1503 - The Die is : DIE431
2026-05-02 20:17:58,039 [INFO] ProjectBuilder:5002 - Time for Generating toolchain IDE Files: 4357mS.
2026-05-02 20:17:58,040 [INFO] ProjectBuilder:3034 - Time for Copy CMSIS : 0mS.
2026-05-02 20:17:58,159 [INFO] ProjectBuilder:3034 - Time for Copy CMSIS : 0mS.
2026-05-02 20:31:59,099 [ERROR] ConfigurationRetriever:142 - IOException on connection: Read timed out
2026-05-02 20:32:01,102 [ERROR] ConfigurationRetriever:142 - IOException on connection: Connect timed out
2026-05-02 20:32:03,104 [ERROR] ConfigurationRetriever:142 - IOException on connection: Connect timed out
2026-05-02 20:37:35,896 [ERROR] LogOutputStream:75 - [STDERR_REDIRECT] 
2026-05-11 12:21:37,087 [INFO] Activator:176 - 


2026-05-11 12:21:37,088 [INFO] Activator:177 - !SESSION log4j initialized
2026-05-11 12:21:43,480 [INFO] LogOutputStream:77 - [STDOUT_REDIRECT] 
2026-05-11 12:21:48,620 [INFO] ApplicationProperties:184 - Using Application install path: C:\ST\STM32CubeIDE_1.17.0\STM32CubeIDE\plugins\com.st.stm32cube.common.mx_6.13.0.202411220809
2026-05-11 12:21:48,640 [INFO] DbMcusXml:78 - Set database path to: C:\ST\STM32CubeIDE_1.17.0\STM32CubeIDE\plugins\com.st.stm32cube.common.mx_6.13.0.202411220809\\db\/mcu/
2026-05-11 12:21:48,641 [INFO] ApiDb:274 - Set plugin database path to: C:\ST\STM32CubeIDE_1.17.0\STM32CubeIDE\plugins\com.st.stm32cube.common.mx_6.13.0.202411220809\\db\/plugins/boardmanager/
2026-05-11 12:21:48,641 [WARN] ApiDb:259 - Overriding images path with different value:  => C:\ST\STM32CubeIDE_1.17.0\STM32CubeIDE\plugins\com.st.stm32cube.common.mx_6.13.0.202411220809\\db\/plugins/mcufinder/images/
2026-05-11 12:21:48,650 [INFO] ApiDb:250 - Set database path to: C:\Users\Pache\.stmcufinder\plugins\mcufinder//mcu/
2026-05-11 12:21:48,653 [INFO] DbMcusAds:125 - Set database path to: C:\Users\Pache\.stmcufinder\plugins\mcufinder//mcu/
2026-05-11 12:21:48,655 [INFO] CrossReferenceDbSqlite:203 - Set database path to: C:\Users\Pache\.stmcufinder\plugins\mcufinder//mcu/cs/
2026-05-11 12:21:48,756 [INFO] RulesReader:64 - Compatibility file has been processed (297 Rules)
2026-05-11 12:21:48,847 [INFO] DbMcusXml:78 - Set database path to: C:\ST\STM32CubeIDE_1.17.0\STM32CubeIDE\plugins\com.st.stm32cube.common.mx_6.13.0.202411220809\\db\/mcu/
2026-05-11 12:21:48,847 [INFO] ApiDb:274 - Set plugin database path to: C:\ST\STM32CubeIDE_1.17.0\STM32CubeIDE\plugins\com.st.stm32cube.common.mx_6.13.0.202411220809\\db\/plugins/boardmanager/
2026-05-11 12:21:48,847 [INFO] ApiDb:261 - Set plugin images path to: C:\ST\STM32CubeIDE_1.17.0\STM32CubeIDE\plugins\com.st.stm32cube.common.mx_6.13.0.202411220809\\db\/plugins/mcufinder/images/
2026-05-11 12:21:48,848 [WARN] DbFile:41 - Overriding database path with different value: C:\Users\Pache\.stmcufinder\plugins\mcufinder/ => C:\Users\Pache\.stmcufinder\plugins\mcufinder
2026-05-11 12:21:48,848 [INFO] ApiDb:250 - Set database path to: C:\Users\Pache\.stmcufinder\plugins\mcufinder//mcu/
2026-05-11 12:21:48,848 [WARN] DbFile:41 - Overriding database path with different value: C:\Users\Pache\.stmcufinder\plugins\mcufinder/ => C:\Users\Pache\.stmcufinder\plugins\mcufinder
2026-05-11 12:21:48,848 [INFO] DbMcusAds:125 - Set database path to: C:\Users\Pache\.stmcufinder\plugins\mcufinder//mcu/
2026-05-11 12:21:48,848 [WARN] DbFile:41 - Overriding database path with different value: C:\Users\Pache\.stmcufinder\plugins\mcufinder/ => C:\Users\Pache\.stmcufinder\plugins\mcufinder
2026-05-11 12:21:48,848 [WARN] DbFile:41 - Overriding database path with different value: C:\Users\Pache\.stmcufinder\plugins\mcufinder/ => C:\Users\Pache\.stmcufinder\plugins\mcufinder
2026-05-11 12:21:48,848 [INFO] CrossReferenceDbSqlite:203 - Set database path to: C:\Users\Pache\.stmcufinder\plugins\mcufinder//mcu/cs/
2026-05-11 12:21:48,928 [INFO] MainPanel:272 - HeapMemory: 268435456
2026-05-11 12:21:49,008 [INFO] DbMcusXml:78 - Set database path to: C:\ST\STM32CubeIDE_1.17.0\STM32CubeIDE\plugins\com.st.stm32cube.common.mx_6.13.0.202411220809\\db\/mcu/
2026-05-11 12:21:49,008 [INFO] ApiDb:274 - Set plugin database path to: C:\ST\STM32CubeIDE_1.17.0\STM32CubeIDE\plugins\com.st.stm32cube.common.mx_6.13.0.202411220809\\db\/plugins/boardmanager/
2026-05-11 12:21:49,008 [INFO] ApiDb:261 - Set plugin images path to: C:\ST\STM32CubeIDE_1.17.0\STM32CubeIDE\plugins\com.st.stm32cube.common.mx_6.13.0.202411220809\\db\/plugins/mcufinder/images/
2026-05-11 12:21:49,009 [WARN] DbFile:41 - Overriding database path with different value: C:\Users\Pache\.stmcufinder\plugins\mcufinder/ => C:\Users\Pache\.stmcufinder\plugins\mcufinder
2026-05-11 12:21:49,009 [INFO] ApiDb:250 - Set database path to: C:\Users\Pache\.stmcufinder\plugins\mcufinder//mcu/
2026-05-11 12:21:49,009 [WARN] DbFile:41 - Overriding database path with different value: C:\Users\Pache\.stmcufinder\plugins\mcufinder/ => C:\Users\Pache\.stmcufinder\plugins\mcufinder
2026-05-11 12:21:49,009 [INFO] DbMcusAds:125 - Set database path to: C:\Users\Pache\.stmcufinder\plugins\mcufinder//mcu/
2026-05-11 12:21:49,009 [WARN] DbFile:41 - Overriding database path with different value: C:\Users\Pache\.stmcufinder\plugins\mcufinder/ => C:\Users\Pache\.stmcufinder\plugins\mcufinder
2026-05-11 12:21:49,009 [WARN] DbFile:41 - Overriding database path with different value: C:\Users\Pache\.stmcufinder\plugins\mcufinder/ => C:\Users\Pache\.stmcufinder\plugins\mcufinder
2026-05-11 12:21:49,009 [INFO] CrossReferenceDbSqlite:203 - Set database path to: C:\Users\Pache\.stmcufinder\plugins\mcufinder//mcu/cs/
2026-05-11 12:21:49,028 [INFO] ApplicationProperties:184 - Using Application install path: C:\ST\STM32CubeIDE_1.17.0\STM32CubeIDE\plugins\com.st.stm32cube.common.mx_6.13.0.202411220809
2026-05-11 12:21:49,031 [INFO] PluginManage:196 - Search for loadable plugins [exclusion list=, ]
2026-05-11 12:21:49,032 [INFO] PluginManage:310 - Check plugin analytics
2026-05-11 12:21:49,228 [INFO] AnalyticsPlugin:253 - Accepted Software Licenses: 
2026-05-11 12:21:49,228 [INFO] AnalyticsPlugin:255 - Accepted CMSIS Pack Licenses: 
2026-05-11 12:21:49,229 [INFO] AnalyticsPlugin:257 - Accepted Firmware Licenses: 
2026-05-11 12:21:49,233 [INFO] PluginManage:359 - Loaded plugin analytics (category:tool,tabindex:-1)
2026-05-11 12:21:49,233 [INFO] PluginManage:310 - Check plugin cadmodel
2026-05-11 12:21:49,239 [INFO] CADModel:105 - Init CAD model plugin
2026-05-11 12:21:49,239 [INFO] PluginManage:359 - Loaded plugin cadmodel (category:power,tabindex:5)
2026-05-11 12:21:49,239 [INFO] PluginManage:310 - Check plugin clock
2026-05-11 12:21:49,249 [INFO] PluginManage:359 - Loaded plugin clock (category:base,tabindex:2)
2026-05-11 12:21:49,250 [INFO] PluginManage:310 - Check plugin ddr
2026-05-11 12:21:49,252 [INFO] PluginManage:359 - Loaded plugin ddr (category:tool,tabindex:6)
2026-05-11 12:21:49,252 [INFO] PluginManage:310 - Check plugin filemanager
2026-05-11 12:21:49,394 [INFO] PluginManage:359 - Loaded plugin filemanager (category:base,tabindex:10)
2026-05-11 12:21:49,394 [INFO] PluginManage:310 - Check plugin ipmanager
2026-05-11 12:21:49,404 [INFO] PluginManage:359 - Loaded plugin ipmanager (category:base,tabindex:5)
2026-05-11 12:21:49,404 [INFO] PluginManage:310 - Check plugin lpbam
2026-05-11 12:21:49,411 [INFO] PluginManage:359 - Loaded plugin lpbam (category:base,tabindex:0)
2026-05-11 12:21:49,411 [INFO] PluginManage:310 - Check plugin memorymap
2026-05-11 12:21:49,421 [INFO] PluginManage:359 - Loaded plugin memorymap (category:base,tabindex:4)
2026-05-11 12:21:49,422 [INFO] PluginManage:310 - Check plugin pinoutandconfiguration
2026-05-11 12:21:49,430 [INFO] PluginManage:359 - Loaded plugin pinoutandconfiguration (category:base,tabindex:1)
2026-05-11 12:21:49,430 [INFO] PluginManage:310 - Check plugin pinoutconfig
2026-05-11 12:21:49,512 [WARN] SupportedApi:132 - Cannot load RTOS API schema: s4s-elt-must-match.1: The content of 'definitions' must match (annotation?, (simpleType | complexType)?, (unique | key | keyref)*)). A problem was found starting at: attribute.
2026-05-11 12:21:49,668 [INFO] PluginManage:359 - Loaded plugin pinoutconfig (category:base,tabindex:0)
2026-05-11 12:21:49,668 [INFO] PluginManage:310 - Check plugin power
2026-05-11 12:21:49,676 [INFO] PluginManage:359 - Loaded plugin power (category:power,tabindex:4)
2026-05-11 12:21:49,676 [INFO] PluginManage:310 - Check plugin projectmanager
2026-05-11 12:21:49,693 [INFO] PluginManage:359 - Loaded plugin projectmanager (category:projectmanager,tabindex:4)
2026-05-11 12:21:49,693 [INFO] PluginManage:310 - Check plugin rif
2026-05-11 12:21:49,700 [INFO] PluginManage:359 - Loaded plugin rif (category:base,tabindex:3)
2026-05-11 12:21:49,700 [INFO] PluginManage:310 - Check plugin thirdparty
2026-05-11 12:21:49,824 [INFO] PluginManage:359 - Loaded plugin thirdparty (category:base,tabindex:-1)
2026-05-11 12:21:49,824 [INFO] PluginManage:310 - Check plugin tools
2026-05-11 12:21:49,824 [WARN] IntegrityCheckThread:84 - waiting for thirdparty lock release [integrity check]
2026-05-11 12:21:49,826 [INFO] IntegrityCheckThread:86 - entering critical section [integrity check]
2026-05-11 12:21:49,826 [INFO] ThirdPartyUpdaterWithRetryManager:70 - Updater plugin not ready yet. [1/15]
2026-05-11 12:21:49,828 [INFO] PluginManage:359 - Loaded plugin tools (category:base,tabindex:7)
2026-05-11 12:21:49,828 [INFO] PluginManage:310 - Check plugin tutovideos
2026-05-11 12:21:49,987 [INFO] PluginManage:359 - Loaded plugin tutovideos (category:base,tabindex:-1)
2026-05-11 12:21:49,987 [INFO] PluginManage:310 - Check plugin updater
2026-05-11 12:21:50,008 [INFO] PluginManage:359 - Loaded plugin updater (category:base,tabindex:12)
2026-05-11 12:21:50,008 [INFO] PluginManage:310 - Check plugin userauth
2026-05-11 12:21:50,011 [INFO] UserAuth:118 - Init User Auth plugin
2026-05-11 12:21:50,011 [INFO] PluginManage:359 - Loaded plugin userauth (category:base,tabindex:14)
2026-05-11 12:21:50,012 [INFO] PluginManage:283 - PluginManage : Loaded plugins [18]
2026-05-11 12:21:50,255 [INFO] PinOutPanel:1589 - setPackage(No Configuration,No Configuration)
2026-05-11 12:21:50,355 [INFO] CADModel:165 - CPN selected for project level
2026-05-11 12:21:50,355 [INFO] CADModel:114 - Register for checkConnection events
2026-05-11 12:21:50,370 [INFO] IPUIPlugin:80 - create IPUIPlugin
2026-05-11 12:21:50,370 [INFO] PluginManager:220 - loadIPPluginJar : add adc
2026-05-11 12:21:50,373 [INFO] IPUIPlugin:80 - create IPUIPlugin
2026-05-11 12:21:50,373 [INFO] PluginManager:220 - loadIPPluginJar : add aes
2026-05-11 12:21:50,375 [INFO] IPUIPlugin:80 - create IPUIPlugin
2026-05-11 12:21:50,376 [INFO] PluginManager:220 - loadIPPluginJar : add can
2026-05-11 12:21:50,377 [INFO] IPUIPlugin:80 - create IPUIPlugin
2026-05-11 12:21:50,377 [INFO] PluginManager:220 - loadIPPluginJar : add comp
2026-05-11 12:21:50,380 [INFO] IPUIPlugin:80 - create IPUIPlugin
2026-05-11 12:21:50,380 [INFO] PluginManager:220 - loadIPPluginJar : add cryp
2026-05-11 12:21:50,382 [INFO] IPUIPlugin:80 - create IPUIPlugin
2026-05-11 12:21:50,382 [INFO] PluginManager:220 - loadIPPluginJar : add ddr_ctrl_phy
2026-05-11 12:21:50,385 [INFO] IPUIPlugin:80 - create IPUIPlugin
2026-05-11 12:21:50,385 [INFO] PluginManager:220 - loadIPPluginJar : add dfsdm
2026-05-11 12:21:50,394 [INFO] IPUIPlugin:80 - create IPUIPlugin
2026-05-11 12:21:50,394 [INFO] PluginManager:220 - loadIPPluginJar : add dma
2026-05-11 12:21:50,397 [INFO] IPUIPlugin:80 - create IPUIPlugin
2026-05-11 12:21:50,397 [INFO] PluginManager:220 - loadIPPluginJar : add dma3
2026-05-11 12:21:50,401 [INFO] IPUIPlugin:80 - create IPUIPlugin
2026-05-11 12:21:50,402 [INFO] PluginManager:220 - loadIPPluginJar : add extmemmanager
2026-05-11 12:21:50,403 [INFO] IPUIPlugin:80 - create IPUIPlugin
2026-05-11 12:21:50,403 [INFO] PluginManager:220 - loadIPPluginJar : add fatfs
2026-05-11 12:21:50,408 [INFO] IPUIPlugin:80 - create IPUIPlugin
2026-05-11 12:21:50,410 [INFO] PluginManager:220 - loadIPPluginJar : add fmc
2026-05-11 12:21:50,415 [INFO] IPUIPlugin:80 - create IPUIPlugin
2026-05-11 12:21:50,416 [INFO] PluginManager:220 - loadIPPluginJar : add freertos
2026-05-11 12:21:50,418 [INFO] IPUIPlugin:80 - create IPUIPlugin
2026-05-11 12:21:50,418 [INFO] PluginManager:220 - loadIPPluginJar : add genericplugin
2026-05-11 12:21:50,421 [INFO] IPUIPlugin:80 - create IPUIPlugin
2026-05-11 12:21:50,421 [INFO] PluginManager:220 - loadIPPluginJar : add gfxmmu
2026-05-11 12:21:50,427 [INFO] IPUIPlugin:80 - create IPUIPlugin
2026-05-11 12:21:50,427 [INFO] PluginManager:220 - loadIPPluginJar : add gic
2026-05-11 12:21:50,432 [INFO] IPUIPlugin:80 - create IPUIPlugin
2026-05-11 12:21:50,432 [INFO] PluginManager:220 - loadIPPluginJar : add gpio
2026-05-11 12:21:50,436 [INFO] IPUIPlugin:80 - create IPUIPlugin
2026-05-11 12:21:50,436 [INFO] PluginManager:220 - loadIPPluginJar : add gtzc
2026-05-11 12:21:50,439 [INFO] IPUIPlugin:80 - create IPUIPlugin
2026-05-11 12:21:50,439 [INFO] PluginManager:220 - loadIPPluginJar : add hash
2026-05-11 12:21:50,442 [INFO] IPUIPlugin:80 - create IPUIPlugin
2026-05-11 12:21:50,442 [INFO] PluginManager:220 - loadIPPluginJar : add i2c
2026-05-11 12:21:50,445 [INFO] IPUIPlugin:80 - create IPUIPlugin
2026-05-11 12:21:50,445 [INFO] PluginManager:220 - loadIPPluginJar : add i2s
2026-05-11 12:21:50,448 [INFO] IPUIPlugin:80 - create IPUIPlugin
2026-05-11 12:21:50,449 [INFO] PluginManager:220 - loadIPPluginJar : add i3c
2026-05-11 12:21:50,451 [INFO] IPUIPlugin:80 - create IPUIPlugin
2026-05-11 12:21:50,451 [INFO] PluginManager:220 - loadIPPluginJar : add ipddr
2026-05-11 12:21:50,459 [INFO] IPUIPlugin:80 - create IPUIPlugin
2026-05-11 12:21:50,460 [INFO] PluginManager:220 - loadIPPluginJar : add linkedlist
2026-05-11 12:21:50,464 [INFO] IPUIPlugin:80 - create IPUIPlugin
2026-05-11 12:21:50,464 [INFO] PluginManager:220 - loadIPPluginJar : add lorawan
2026-05-11 12:21:50,466 [INFO] IPUIPlugin:80 - create IPUIPlugin
2026-05-11 12:21:50,466 [INFO] PluginManager:220 - loadIPPluginJar : add ltdc
2026-05-11 12:21:50,473 [INFO] IPUIPlugin:80 - create IPUIPlugin
2026-05-11 12:21:50,473 [INFO] PluginManager:220 - loadIPPluginJar : add mdma
2026-05-11 12:21:50,477 [INFO] IPUIPlugin:80 - create IPUIPlugin
2026-05-11 12:21:50,477 [INFO] PluginManager:220 - loadIPPluginJar : add nvic
2026-05-11 12:21:50,480 [INFO] IPUIPlugin:80 - create IPUIPlugin
2026-05-11 12:21:50,480 [INFO] PluginManager:220 - loadIPPluginJar : add opamp
2026-05-11 12:21:50,484 [INFO] IPUIPlugin:80 - create IPUIPlugin
2026-05-11 12:21:50,485 [INFO] PluginManager:220 - loadIPPluginJar : add openamp
2026-05-11 12:21:50,487 [INFO] IPUIPlugin:80 - create IPUIPlugin
2026-05-11 12:21:50,487 [INFO] PluginManager:220 - loadIPPluginJar : add pdm2pcm
2026-05-11 12:21:50,493 [INFO] IPUIPlugin:80 - create IPUIPlugin
2026-05-11 12:21:50,495 [INFO] PluginManager:220 - loadIPPluginJar : add plateformsettings
2026-05-11 12:21:50,497 [INFO] IPUIPlugin:80 - create IPUIPlugin
2026-05-11 12:21:50,497 [INFO] PluginManager:220 - loadIPPluginJar : add quadspi
2026-05-11 12:21:50,498 [INFO] IPUIPlugin:80 - create IPUIPlugin
2026-05-11 12:21:50,499 [INFO] PluginManager:220 - loadIPPluginJar : add radio
2026-05-11 12:21:50,501 [INFO] IPUIPlugin:80 - create IPUIPlugin
2026-05-11 12:21:50,502 [INFO] PluginManager:220 - loadIPPluginJar : add resmgrutility
2026-05-11 12:21:50,505 [INFO] IPUIPlugin:80 - create IPUIPlugin
2026-05-11 12:21:50,505 [INFO] PluginManager:220 - loadIPPluginJar : add sai
2026-05-11 12:21:50,508 [INFO] IPUIPlugin:80 - create IPUIPlugin
2026-05-11 12:21:50,508 [INFO] PluginManager:220 - loadIPPluginJar : add spi
2026-05-11 12:21:50,513 [INFO] IPUIPlugin:80 - create IPUIPlugin
2026-05-11 12:21:50,513 [INFO] PluginManager:220 - loadIPPluginJar : add stm32_wpan
2026-05-11 12:21:50,515 [INFO] IPUIPlugin:80 - create IPUIPlugin
2026-05-11 12:21:50,515 [INFO] PluginManager:220 - loadIPPluginJar : add tim
2026-05-11 12:21:50,518 [INFO] IPUIPlugin:80 - create IPUIPlugin
2026-05-11 12:21:50,519 [INFO] PluginManager:220 - loadIPPluginJar : add touchsensing
2026-05-11 12:21:50,522 [INFO] IPUIPlugin:80 - create IPUIPlugin
2026-05-11 12:21:50,522 [INFO] PluginManager:220 - loadIPPluginJar : add tracer_emb
2026-05-11 12:21:50,524 [INFO] IPUIPlugin:80 - create IPUIPlugin
2026-05-11 12:21:50,524 [INFO] PluginManager:220 - loadIPPluginJar : add ts
2026-05-11 12:21:50,526 [INFO] IPUIPlugin:80 - create IPUIPlugin
2026-05-11 12:21:50,526 [INFO] PluginManager:220 - loadIPPluginJar : add tsc
2026-05-11 12:21:50,528 [INFO] IPUIPlugin:80 - create IPUIPlugin
2026-05-11 12:21:50,528 [INFO] PluginManager:220 - loadIPPluginJar : add ucpd
2026-05-11 12:21:50,533 [INFO] IPUIPlugin:80 - create IPUIPlugin
2026-05-11 12:21:50,533 [INFO] PluginManager:220 - loadIPPluginJar : add usart
2026-05-11 12:21:50,536 [INFO] IPUIPlugin:80 - create IPUIPlugin
2026-05-11 12:21:50,537 [INFO] PluginManager:220 - loadIPPluginJar : add usbx
2026-05-11 12:21:50,669 [INFO] McuFinderGlobals:63 - Set McuFinder mode to 2 (CubeIDE integrated)
2026-05-11 12:21:50,677 [FATAL] Updater:351 - Updater called before beeing initialized
2026-05-11 12:21:50,705 [INFO] RulesReader:64 - Compatibility file has been processed (297 Rules)
2026-05-11 12:21:50,719 [INFO] RulesReader:64 - Compatibility file has been processed (297 Rules)
2026-05-11 12:21:50,725 [INFO] CADModel:165 - CPN selected for project level
2026-05-11 12:21:50,725 [INFO] CADModel:114 - Register for checkConnection events
2026-05-11 12:21:50,725 [FATAL] Updater:351 - Updater called before beeing initialized
2026-05-11 12:21:50,725 [ERROR] CADModel:125 - Updater not yet initialized, retry later 
2026-05-11 12:21:50,880 [FATAL] Updater:351 - Updater called before beeing initialized
2026-05-11 12:21:50,882 [INFO] CADModel:165 - CPN selected for project level
2026-05-11 12:21:50,882 [INFO] CADModel:114 - Register for checkConnection events
2026-05-11 12:21:50,882 [FATAL] Updater:351 - Updater called before beeing initialized
2026-05-11 12:21:50,882 [ERROR] CADModel:125 - Updater not yet initialized, retry later 
2026-05-11 12:21:50,885 [FATAL] Updater:351 - Updater called before beeing initialized
2026-05-11 12:21:51,019 [FATAL] Updater:351 - Updater called before beeing initialized
2026-05-11 12:21:51,022 [INFO] DbMcusAds:53 - JSON generation date=Fri Apr 10 03:19:02 CST 2026 (1775812742310)
2026-05-11 12:21:51,022 [FATAL] Updater:351 - Updater called before beeing initialized
2026-05-11 12:21:51,053 [WARN] DetailPanel:346 - Failed to get advertising image, set to default
2026-05-11 12:21:51,279 [FATAL] Updater:351 - Updater called before beeing initialized
2026-05-11 12:21:51,281 [FATAL] Updater:351 - Updater called before beeing initialized
2026-05-11 12:21:51,281 [FATAL] Updater:351 - Updater called before beeing initialized
2026-05-11 12:21:51,281 [WARN] DetailPanel:346 - Failed to get advertising image, set to default
2026-05-11 12:21:51,282 [FATAL] Updater:351 - Updater called before beeing initialized
2026-05-11 12:21:51,332 [ERROR] Updater:1198 - MainUpdater not yet initialized. External WinMGr cannot be set.
2026-05-11 12:21:51,334 [INFO] Updater:1134 - Updater Version found : 6.13.0
2026-05-11 12:21:51,347 [INFO] ApplicationProperties:184 - Using Application install path: C:\ST\STM32CubeIDE_1.17.0\STM32CubeIDE\plugins\com.st.stm32cube.common.mx_6.13.0.202411220809
2026-05-11 12:21:52,827 [INFO] ThirdPartyUpdaterWithRetryManager:70 - Updater plugin not ready yet. [2/15]
2026-05-11 12:21:52,925 [ERROR] LogOutputStream:75 - [STDERR_REDIRECT] May 11, 2026 12:21:52 PM java.util.prefs.WindowsPreferences <init>
2026-05-11 12:21:52,926 [ERROR] LogOutputStream:75 - [STDERR_REDIRECT] WARNING: Could not open/create prefs root node Software\JavaSoft\Prefs at root 0xffffffff80000002. Windows RegCreateKeyEx(...) returned error code 5.
2026-05-11 12:21:52,926 [ERROR] LogOutputStream:75 - [STDERR_REDIRECT] 
2026-05-11 12:21:54,033 [INFO] MainUpdater:2872 - connection check result : 10
2026-05-11 12:21:54,034 [INFO] MainUpdater:289 - Updater Check For Update Now.
2026-05-11 12:21:54,034 [INFO] MicroXplorer:498 - Change Database Version : DB.6.0.130
2026-05-11 12:21:54,040 [INFO] McuFinderGlobals:63 - Set McuFinder mode to 2 (CubeIDE integrated)
2026-05-11 12:21:54,041 [INFO] UserAuth:486 - Internet connection configuration mode: 1
2026-05-11 12:21:54,056 [INFO] JxBrowserEngine:152 - Initiate JxBrowser Engine with user profile folder
2026-05-11 12:21:54,243 [INFO] CheckServerUpdateThread:120 - End of CheckServer Thread
2026-05-11 12:21:54,291 [INFO] MainUpdater:2872 - connection check result : 10
2026-05-11 12:21:54,317 [INFO] McuFinderGlobals:76 - Set McuFinderConnectedMode to true
2026-05-11 12:21:54,848 [INFO] WebApp:168 - Instantiating new browser for Auth
2026-05-11 12:21:54,988 [INFO] ServerAccessManage:473 - Download File mcusAds.json._tmp_
2026-05-11 12:21:55,103 [INFO] LoadUrlFilesThread:156 - End of LoadUrlFiles Thread
2026-05-11 12:21:55,536 [INFO] WebApp:449 - Apply proxy settings
2026-05-11 12:21:55,537 [INFO] WebApp:534 - Chromium requires no authentication
2026-05-11 12:21:55,544 [INFO] WebApp:477 - Direct internet connection detected
2026-05-11 12:21:55,570 [INFO] WebApp:880 - Register for checkConnection events
2026-05-11 12:21:55,570 [INFO] WebApp:449 - Apply proxy settings
2026-05-11 12:21:55,570 [INFO] WebApp:534 - Chromium requires no authentication
2026-05-11 12:21:55,571 [INFO] WebApp:477 - Direct internet connection detected
2026-05-11 12:21:55,828 [WARN] MainUpdater:1193 - Updater busy. Cannot search thirdparties
2026-05-11 12:21:55,828 [INFO] ThirdPartyUpdaterWithRetryManager:96 - Updater plugin is busy. [1/15]
2026-05-11 12:21:55,854 [INFO] WebApp:221 - Starting web application
2026-05-11 12:21:55,854 [INFO] WebApp:579 - Web application path used C:\ST\STM32CubeIDE_1.17.0\STM32CubeIDE\plugins\com.st.stm32cube.common.mx_6.13.0.202411220809\db\plugins\mcufinder\reactClient1\index.html
2026-05-11 12:21:55,864 [INFO] ServerAccessManage:473 - Download File cube-finder-db.zip
2026-05-11 12:21:56,038 [INFO] WebApp:187 - Connection restablished
2026-05-11 12:21:56,062 [INFO] UserAuth:486 - Internet connection configuration mode: 1
2026-05-11 12:21:58,829 [WARN] MainUpdater:1193 - Updater busy. Cannot search thirdparties
2026-05-11 12:21:58,829 [INFO] ThirdPartyUpdaterWithRetryManager:96 - Updater plugin is busy. [2/15]
2026-05-11 12:21:58,892 [INFO] FileExtend:240 - Unzip File : cube-finder-db.zip
2026-05-11 12:21:58,892 [INFO] FileExtend:255 - Standard Zip Deflate
2026-05-11 12:22:00,105 [INFO] LoadUrlFilesThread:156 - End of LoadUrlFiles Thread
2026-05-11 12:22:00,930 [INFO] ServerAccessManage:473 - Download File crdb.zip
2026-05-11 12:22:01,815 [INFO] FileExtend:240 - Unzip File : crdb.zip
2026-05-11 12:22:01,816 [INFO] FileExtend:255 - Standard Zip Deflate
2026-05-11 12:22:01,831 [WARN] MainUpdater:1193 - Updater busy. Cannot search thirdparties
2026-05-11 12:22:01,832 [INFO] ThirdPartyUpdaterWithRetryManager:96 - Updater plugin is busy. [3/15]
2026-05-11 12:22:01,966 [INFO] LoadUrlFilesThread:156 - End of LoadUrlFiles Thread
2026-05-11 12:22:02,036 [INFO] ServerAccessManage:473 - Download File tutoVideoDB.zip
2026-05-11 12:22:02,048 [INFO] FileExtend:240 - Unzip File : tutoVideoDB.zip
2026-05-11 12:22:02,049 [INFO] FileExtend:255 - Standard Zip Deflate
2026-05-11 12:22:02,169 [INFO] LoadUrlFilesThread:156 - End of LoadUrlFiles Thread
2026-05-11 12:22:02,171 [WARN] DbFile:41 - Overriding database path with different value: C:\Users\Pache\.stmcufinder\plugins\mcufinder/ => C:\Users\Pache\.stmcufinder\plugins\mcufinder
2026-05-11 12:22:03,020 [ERROR] ServerAccessManage:1089 - Problem, file not found on Server
2026-05-11 12:22:03,021 [ERROR] ServerAccessManage:651 - Problem, file not found on Server : api_config.json.
2026-05-11 12:22:04,833 [WARN] MainUpdater:1193 - Updater busy. Cannot search thirdparties
2026-05-11 12:22:04,833 [INFO] ThirdPartyUpdaterWithRetryManager:96 - Updater plugin is busy. [4/15]
2026-05-11 12:22:06,774 [INFO] LoadUrlFilesThread:156 - End of LoadUrlFiles Thread
2026-05-11 12:22:08,416 [WARN] PackLoader:240 - Cannot read IP mode file for STMicroelectronics.X-CUBE-AZRTOS-H7.3.5.0
2026-05-11 12:22:08,449 [WARN] PackLoader:240 - Cannot read IP mode file for STMicroelectronics.FP-SNS-MOTENVWB1.1.4.0
2026-05-11 12:22:08,462 [WARN] PackLoader:240 - Cannot read IP mode file for STMicroelectronics.FP-ATR-ASTRA1.2.0.2
2026-05-11 12:22:08,481 [WARN] PackLoader:240 - Cannot read IP mode file for STMicroelectronics.FP-ATR-ASTRA1.2.0.1
2026-05-11 12:22:08,511 [WARN] PackLoader:240 - Cannot read IP mode file for STMicroelectronics.X-CUBE-SMBUS.2.1.0
2026-05-11 12:22:08,536 [WARN] PackLoader:240 - Cannot read IP mode file for STMicroelectronics.X-CUBE-WB05N.1.1.0
2026-05-11 12:22:08,559 [INFO] DbMcusAds:53 - JSON generation date=Mon Apr 27 02:14:29 CST 2026 (1777277669577)
2026-05-11 12:22:08,586 [WARN] PackLoader:240 - Cannot read IP mode file for STMicroelectronics.X-CUBE-AZRTOS-F7.1.1.0
2026-05-11 12:22:08,597 [ERROR] TargetSelectorAdapter:267 - Unable to refresh data
2026-05-11 12:22:08,612 [ERROR] Engine:466 - C:\Users\Pache\.stm32cubemx\thirdparties\pdsc\STMicroelectronics.FP-SNS-MOTENV1.5.1.0.pdsc: PDSC version is not supported
2026-05-11 12:22:08,632 [WARN] PackLoader:240 - Cannot read IP mode file for STMicroelectronics.FP-SNS-FLIGHT1.5.0.2
2026-05-11 12:22:08,665 [WARN] PackLoader:240 - Cannot read IP mode file for Infineon.AIROC-Wi-Fi-Bluetooth-STM32.1.7.0
2026-05-11 12:22:08,696 [WARN] PackLoader:240 - Cannot read IP mode file for STMicroelectronics.X-CUBE-DISPLAY.3.0.0
2026-05-11 12:22:08,709 [WARN] PackLoader:240 - Cannot read IP mode file for STMicroelectronics.X-CUBE-GNSS1.7.1.1
2026-05-11 12:22:08,716 [ERROR] Engine:466 - C:\Users\Pache\.stm32cubemx\thirdparties\pdsc\STMicroelectronics.FP-SNS-MOTENVWB1.1.5.0.pdsc: PDSC version is not supported
2026-05-11 12:22:08,736 [WARN] PackLoader:240 - Cannot read IP mode file for STMicroelectronics.X-CUBE-BLE1.7.0.0
2026-05-11 12:22:08,759 [WARN] PackLoader:240 - Cannot read IP mode file for STMicroelectronics.X-CUBE-NFC10.1.0.0
2026-05-11 12:22:08,783 [WARN] PackLoader:240 - Cannot read IP mode file for STMicroelectronics.X-CUBE-BLEMGR.4.0.0
2026-05-11 12:22:08,804 [WARN] PackLoader:240 - Cannot read IP mode file for STMicroelectronics.X-CUBE-ST60.1.1.0
2026-05-11 12:22:08,822 [WARN] PackLoader:240 - Cannot read IP mode file for emotas.I-CUBE-CANOPEN.1.3.0
2026-05-11 12:22:08,838 [WARN] PackLoader:240 - Cannot read IP mode file for STMicroelectronics.X-CUBE-GNSS1.7.1.0
2026-05-11 12:22:08,855 [WARN] PackLoader:240 - Cannot read IP mode file for STMicroelectronics.X-CUBE-AI.10.0.0
2026-05-11 12:22:08,868 [ERROR] Engine:466 - C:\Users\Pache\.stm32cubemx\thirdparties\pdsc\STMicroelectronics.FP-SNS-STBOX1.2.1.0.pdsc: PDSC version is not supported
2026-05-11 12:22:08,885 [WARN] PackLoader:240 - Cannot read IP mode file for STMicroelectronics.FP-SNS-SMARTAG2.1.2.0
2026-05-11 12:22:08,900 [WARN] PackLoader:240 - Cannot read IP mode file for STMicroelectronics.FP-SNS-FLIGHT1.5.1.0
2026-05-11 12:22:08,954 [WARN] PackLoader:240 - Cannot read IP mode file for STMicroelectronics.X-CUBE-MEMS1.11.1.0
2026-05-11 12:22:09,131 [INFO] LogOutputStream:77 - [STDOUT_REDIRECT] 1 : Invalid condition id : UX_CORESTACK_Condition cause : null
2026-05-11 12:22:09,142 [INFO] LogOutputStream:77 - [STDOUT_REDIRECT] 1 : Invalid condition id : UX_CORESTACK_Condition cause : null
2026-05-11 12:22:09,144 [INFO] LogOutputStream:77 - [STDOUT_REDIRECT] 1 : Invalid condition id : UX_CORESTACK_Condition cause : null
2026-05-11 12:22:09,146 [INFO] LogOutputStream:77 - [STDOUT_REDIRECT] 1 : Invalid condition id : UX_CORESTACK_Condition cause : null
2026-05-11 12:22:09,147 [INFO] LogOutputStream:77 - [STDOUT_REDIRECT] 1 : Invalid condition id : UX_CORESTACK_Condition cause : null
2026-05-11 12:22:09,150 [WARN] PackLoader:240 - Cannot read IP mode file for STMicroelectronics.X-CUBE-AZRTOS-WL.2.0.0
2026-05-11 12:22:09,179 [WARN] PackLoader:240 - Cannot read IP mode file for STMicroelectronics.FP-SNS-MOTENV1.5.0.0
2026-05-11 12:22:09,218 [WARN] PackLoader:240 - Cannot read IP mode file for STMicroelectronics.X-CUBE-AZRTOS-H7RS.1.2.0
2026-05-11 12:22:09,231 [WARN] PackLoader:240 - Cannot read IP mode file for wolfSSL.I-CUBE-wolfMQTT.1.19.0
2026-05-11 12:22:09,247 [INFO] ApiDb:581 - Connected to CubeFinder SQLite database (C:\Users\Pache\.stmcufinder\plugins\mcufinder\mcu\cube-finder-db.db)
2026-05-11 12:22:09,259 [WARN] PackLoader:240 - Cannot read IP mode file for WES.I-CUBE-Cesium.1.3.0
2026-05-11 12:22:09,279 [WARN] PackLoader:240 - Cannot read IP mode file for STMicroelectronics.X-CUBE-BLE2.3.3.0
2026-05-11 12:22:09,338 [WARN] PackLoader:240 - Cannot read IP mode file for STMicroelectronics.X-CUBE-NFC9.1.0.0
2026-05-11 12:22:09,354 [WARN] PackLoader:240 - Cannot read IP mode file for STMicroelectronics.X-CUBE-BLE1.7.1.0
2026-05-11 12:22:09,379 [WARN] PackLoader:240 - Cannot read IP mode file for STMicroelectronics.X-CUBE-EEPRMA1.5.2.0
2026-05-11 12:22:09,382 [ERROR] Engine:466 - C:\Users\Pache\.stm32cubemx\thirdparties\pdsc\STMicroelectronics.FP-SNS-STAIOTCFT.1.1.0.pdsc: PDSC version is not supported
2026-05-11 12:22:09,398 [INFO] ApiDb:668 - CubeFinder database Data Model version=2.1
2026-05-11 12:22:09,398 [INFO] ApiDb:669 - CubeFinder database Configuration version=3.0.42
2026-05-11 12:22:09,398 [INFO] ApiDb:670 - CubeFinder database generation date=2026-05-06 (1778060171)
2026-05-11 12:22:09,400 [INFO] ApiDb:671 - CubeFinder database FW Pack versions=[FP-ATR-ASTRA1_V2.0.0, FP-SNS-FLIGHT1_V5.1.0, FP-SNS-MOTENV1_V5.1.0, FP-SNS-MOTENVWB1_V1.5.0, FP-SNS-SMARTAG2_V1.2.0, FP-SNS-STBOX1_V2.1.0, STM32Cube_FW_C0_V1.4.0, STM32Cube_FW_F4_V1.28.3, STM32Cube_FW_F7_V1.17.4, STM32Cube_FW_G0_V1.6.3, STM32Cube_FW_G4_V1.6.2, STM32Cube_FW_H5_V1.6.0, STM32Cube_FW_H7RS_V1.3.0, STM32Cube_FW_H7_V1.13.0, STM32Cube_FW_L0_V1.12.2, STM32Cube_FW_L4_V1.18.2, STM32Cube_FW_L5_V1.6.0, STM32Cube_FW_N6_V1.3.0, STM32Cube_FW_U0_V1.3.0, STM32Cube_FW_U3_V1.3.0, STM32Cube_FW_U5_V1.8.0, STM32Cube_FW_WB0_V1.4.0, STM32Cube_FW_WBA_V1.9.0, STM32Cube_FW_WB_V1.24.0, STM32Cube_FW_WL3_V1.4.0, STM32Cube_FW_WL_V1.5.0, X-CUBE-ALGOBUILD_V1.4.0, X-CUBE-ALS_V1.0.2, X-CUBE-AZRTOS-F4_V1.1.0, X-CUBE-AZRTOS-F7_V1.1.0, X-CUBE-AZRTOS-G0_V1.1.0, X-CUBE-AZRTOS-G4_V2.0.0, X-CUBE-AZRTOS-H7RS_V1.1.0, X-CUBE-AZRTOS-H7_V3.5.0, X-CUBE-AZRTOS-L4_V2.0.0, X-CUBE-AZRTOS-L5_V2.0.0, X-CUBE-AZRTOS-WB_V2.0.0, X-CUBE-AZRTOS-WL_V2.0.0, X-CUBE-BLE1_V7.1.0, X-CUBE-BLE2_V3.3.0, X-CUBE-BLEMGR_V4.1.0, X-CUBE-EEPRMA1_V5.2.0, X-CUBE-FREERTOS_V1.5.0, X-CUBE-GNSS1_V6.0.0, X-CUBE-MEMS1_V12.0.0, X-CUBE-NFC4_V3.0.0, X-CUBE-NFC7_V2.0.0, X-CUBE-SFXS2LP1_V4.0.0, X-CUBE-ST67W61_V1.2.0, X-CUBE-SUBG2_V5.0.0, X-CUBE-TOF1_V3.4.3]
2026-05-11 12:22:09,429 [WARN] PackLoader:240 - Cannot read IP mode file for STMicroelectronics.X-CUBE-MEMS1.12.0.0
2026-05-11 12:22:09,495 [INFO] DbBoardsSqlite:226 - include board P-NUCLEO-WB55-NUCLEO as a kit item of type 'Nucleo-64'
2026-05-11 12:22:09,495 [INFO] DbBoardsSqlite:226 - include board P-NUCLEO-WB55-USBDONGLE as a kit item of type 'Nucleo USB Dongle'
2026-05-11 12:22:09,496 [INFO] DbBoardsSqlite:226 - include board STEVAL-IDP005V1 as a kit item of type 'Evaluation Board'
2026-05-11 12:22:09,496 [INFO] DbBoardsSqlite:226 - include board STEVAL-IDP005V2 as a kit item of type 'Evaluation Board'
2026-05-11 12:22:09,512 [WARN] PackLoader:240 - Cannot read IP mode file for STMicroelectronics.X-CUBE-AZRTOS-G0.1.1.0
2026-05-11 12:22:09,536 [WARN] PackLoader:240 - Cannot read IP mode file for STMicroelectronics.X-CUBE-SAFEA1.1.2.2
2026-05-11 12:22:09,560 [WARN] PackLoader:240 - Cannot read IP mode file for STMicroelectronics.X-CUBE-NFC4.3.0.0
2026-05-11 12:22:09,584 [WARN] PackLoader:240 - Cannot read IP mode file for EmbeddedOffice.I-CUBE-FS-RTOS.1.0.1
2026-05-11 12:22:09,601 [WARN] PackLoader:240 - Cannot read IP mode file for STMicroelectronics.X-CUBE-TCPP.4.2.0
2026-05-11 12:22:09,620 [WARN] PackLoader:240 - Cannot read IP mode file for RealThread.X-CUBE-RT-Thread_Nano.4.1.1
2026-05-11 12:22:09,627 [INFO] ApiDb:240 - Found 858 in-development CPN: [B-G473E-ZEST1S, B-WB1M-WPAN1, B-WBA5M-WPAN, B-WL5M-SUBG1, NUCLEO-C031C6, NUCLEO-C051C8, NUCLEO-C071RB, NUCLEO-C092RC, NUCLEO-H503RB, NUCLEO-H533RE, NUCLEO-H563ZI, NUCLEO-H7S3L8, NUCLEO-N657X0-Q, NUCLEO-U031R8, NUCLEO-U083RC, NUCLEO-U385RG-Q, NUCLEO-U545RE-Q, NUCLEO-U5A5ZJ-Q, NUCLEO-WB05KZ, NUCLEO-WB07CC, NUCLEO-WB09KE, NUCLEO-WBA52CG, NUCLEO-WBA55CG, NUCLEO-WL33CC1, NUCLEO-WL33CC2, STEVAL-PROTEUS1, STEVAL-SMARTAG2, STEVAL-STWINBX1, STM320518-EVAL, STM32C0116-DK, STM32C011D6Y3TR, STM32C011D6Y6TR, STM32C011F4P3, STM32C011F4P6, STM32C011F4U3, STM32C011F4U6TR, STM32C011F6P3, STM32C011F6P6, STM32C011F6U3, STM32C011F6U6TR, STM32C011J4M3, STM32C011J4M6, STM32C011J6M3, STM32C011J6M6, STM32C0316-DK, STM32C031C4T3, STM32C031C4T6, STM32C031C4U3, STM32C031C4U6, STM32C031C6T3, STM32C031C6T6, STM32C031C6U3, STM32C031C6U6, STM32C031F4P3, STM32C031F4P6, STM32C031F6P3, STM32C031F6P6, STM32C031G4U3, STM32C031G4U6, STM32C031G6U3, STM32C031G6U6, STM32C031K4T3, STM32C031K4T6, STM32C031K4U3, STM32C031K4U6, STM32C031K6T3, STM32C031K6T6, STM32C031K6U3, STM32C031K6U6, STM32C051C6T6, STM32C051C6U6, STM32C051C8T6, STM32C051C8U6, STM32C051D8Y6TR, STM32C051F6P6, STM32C051F8P6, STM32C051G6U6, STM32C051G8U6, STM32C051K6T6, STM32C051K6U6, STM32C051K8T6, STM32C071C8T6, STM32C071C8T6N, STM32C071C8U6, STM32C071C8U6N, STM32C071CBT6, STM32C071CBT6N, STM32C071CBU6, STM32C071CBU6N, STM32C071F8P6, STM32C071F8P6N, STM32C071FBP6, STM32C071FBP6N, STM32C071FBY6TR, STM32C071G8U6, STM32C071G8U6N, STM32C071GBU6, STM32C071GBU6N, STM32C071K8T6, STM32C071K8T6N, STM32C071K8U6, STM32C071K8U6N, STM32C071KBT6, STM32C071KBT6N, STM32C071KBU6, STM32C071KBU6N, STM32C071R8T6, STM32C071R8T6N, STM32C071RBI6N, STM32C071RBT6, STM32C071RBT6N, STM32C091CBT6, STM32C091CBU6, STM32C091CCT6, STM32C091CCU6, STM32C091ECY6TR, STM32C091FBP6, STM32C091FCP6, STM32C091GBU6, STM32C091GCU6, STM32C091KBT6, STM32C091KBU6, STM32C091KCT6, STM32C091KCU6, STM32C091RBT6, STM32C091RCI6, STM32C091RCT6, STM32C092CBT6, STM32C092CBU6, STM32C092CCT6, STM32C092CCU6, STM32C092ECY6TR, STM32C092FBP6, STM32C092FCP6, STM32C092GBU6, STM32C092GCU6, STM32C092KBT6, STM32C092KBU6, STM32C092KCT6, STM32C092KCU6, STM32C092RBT6, STM32C092RCI6, STM32C092RCT6, STM32G071K8TXN, STM32G071K8UXN, STM32G081GBU6N, STM32G081KBT6N, STM32G081KBUXN, STM32G0B1CCT6N, STM32G0B1KCT6, STM32G0B1NEY6TR, STM32G0B1RCT6N, STM32G0C1CCT6, STM32G0C1CCT6N, STM32G0C1CCU6N, STM32G0C1CET6N, STM32G0C1CEU6N, STM32G0C1KCT6, STM32G0C1NEY6TR, STM32G0C1RCI6N, STM32G0C1RCT6N, STM32G0C1REI6N, STM32G0C1RET6N, STM32G0C1VCI6, STM32G0C1VEI6, STM32G411C6T3, STM32G411C6T6, STM32G411C6U3, STM32G411C6U6, STM32G411C8T3, STM32G411C8T6, STM32G411C8U3, STM32G411C8U6, STM32G411CBT3, STM32G411CBT6, STM32G411CBU3, STM32G411CBU6, STM32G411CCT3, STM32G411CCT6, STM32G411CCU3, STM32G411CCU6, STM32G411K6T3, STM32G411K6T6, STM32G411K6U3, STM32G411K6U6, STM32G411K8T3, STM32G411K8T6, STM32G411K8U3, STM32G411K8U6, STM32G411KBT3, STM32G411KBT6, STM32G411KBU3, STM32G411KBU6, STM32G411M6T3, STM32G411M6T6, STM32G411M8T3, STM32G411M8T6, STM32G411MBT3, STM32G411MBT6, STM32G411MCT3, STM32G411MCT6, STM32G411R6T3, STM32G411R6T6, STM32G411R8T3, STM32G411R8T6, STM32G411RBT3, STM32G411RBT6, STM32G411RCT3, STM32G411RCT6, STM32G414CBT3, STM32G414CBT6, STM32G414CBU3, STM32G414CBU6, STM32G414CCT3, STM32G414CCT6, STM32G414CCU3, STM32G414CCU6, STM32G414MBT3, STM32G414MBT6, STM32G414MCT3, STM32G414MCT6, STM32G414RBT3, STM32G414RBT6, STM32G414RCT3, STM32G414RCT6, STM32G414VBT3, STM32G414VBT6, STM32G414VCT3, STM32G414VCT6, STM32G431CBT3Z, STM32G431RBT3Z, STM32G471CCT6, STM32G471CCU6, STM32G471CET3, STM32G471CET6, STM32G471CEU3, STM32G471CEU6, STM32G471MCT6, STM32G471MET3, STM32G471MET6, STM32G471MEY6TR, STM32G471QCT6, STM32G471QET3, STM32G471RCT6, STM32G471RET3, STM32G471RET6, STM32G471VCH6, STM32G471VCI6, STM32G471VCT6, STM32G471VEH3, STM32G471VEH6, STM32G471VEI3, STM32G471VEI6, STM32G471VET3, STM32G471VET6, STM32G473QET3Z, STM32G473RET3Z, STM32G474CCT6, STM32G491RET3Z, STM32H503CBT6, STM32H503CBU6, STM32H503EBY6TR, STM32H503KBU6, STM32H503RBT6, STM32H523CCT6, STM32H523CCU6, STM32H523CET6, STM32H523CEU6, STM32H523HEY6TR, STM32H523RCT6, STM32H523RET6, STM32H523VCI6, STM32H523VCT6, STM32H523VEI6, STM32H523VET6, STM32H523ZCJ6, STM32H523ZCT6, STM32H523ZEJ6, STM32H523ZET6, STM32H533CET6, STM32H533CEU6, STM32H533HEY6TR, STM32H533RET6, STM32H533VEI6, STM32H533VET6, STM32H533ZEJ6, STM32H533ZET6, STM32H562AGI6, STM32H562AII6, STM32H562IGK6, STM32H562IGT6, STM32H562IIK6, STM32H562IIT6, STM32H562RGT6, STM32H562RGV6, STM32H562RIT6, STM32H562RIV6, STM32H562VGT6, STM32H562VIT6, STM32H562ZGT6, STM32H562ZIT6, STM32H563AGI6, STM32H563AII3Q, STM32H563AII6, STM32H563IGK6, STM32H563IGT6, STM32H563IIK3Q, STM32H563IIK6, STM32H563IIT3Q, STM32H563IIT6, STM32H563MIY3QTR, STM32H563RGT6, STM32H563RGV6, STM32H563RIT6, STM32H563RIV6, STM32H563VGT6, STM32H563VIT3Q, STM32H563VIT6, STM32H563ZGT6, STM32H563ZIT3Q, STM32H563ZIT6, STM32H573AII3Q, STM32H573AII6, STM32H573I-DK, STM32H573IIK3Q, STM32H573IIK6, STM32H573IIT3Q, STM32H573IIT6, STM32H573MIY3QTR, STM32H573RIT6, STM32H573RIV6, STM32H573VIT3Q, STM32H573VIT6, STM32H573ZIT3Q, STM32H573ZIT6, STM32H7R3A8I6, STM32H7R3I8K6, STM32H7R3I8T6, STM32H7R3L8H6, STM32H7R3L8H6H, STM32H7R3R8V6, STM32H7R3V8H6, STM32H7R3V8T6, STM32H7R3V8Y6TR, STM32H7R3Z8J6, STM32H7R3Z8T6, STM32H7R7A8I6, STM32H7R7I8K6, STM32H7R7I8T6, STM32H7R7L8H6, STM32H7R7L8H6H, STM32H7R7Z8J6, STM32H7S3A8I6, STM32H7S3I8K6, STM32H7S3I8T6, STM32H7S3L8H6, STM32H7S3L8H6H, STM32H7S3R8V6, STM32H7S3V8H6, STM32H7S3V8T6, STM32H7S3V8Y6TR, STM32H7S3Z8J6, STM32H7S3Z8T6, STM32H7S78-DK, STM32H7S7A8I6, STM32H7S7I8K6, STM32H7S7I8T6, STM32H7S7L8H6, STM32H7S7L8H6H, STM32H7S7Z8J6, STM32L4R5QGI6STR, STM32MP131AAE3, STM32MP131AAF3, STM32MP131AAG3, STM32MP131CAE3, STM32MP131CAF3, STM32MP131CAG3, STM32MP131DAE7, STM32MP131DAF7, STM32MP131DAG7, STM32MP131FAE7, STM32MP131FAF7, STM32MP131FAG7, STM32MP133AAE3, STM32MP133AAF3, STM32MP133AAG3, STM32MP133CAE3, STM32MP133CAF3, STM32MP133CAG3, STM32MP133DAE7, STM32MP133DAF7, STM32MP133DAG7, STM32MP133FAE7, STM32MP133FAF7, STM32MP133FAG7, STM32MP135AAE3, STM32MP135AAF3, STM32MP135AAG3, STM32MP135CAE3, STM32MP135CAF3, STM32MP135CAG3, STM32MP135DAE7, STM32MP135DAF7, STM32MP135DAG7, STM32MP135F-DK, STM32MP135FAE7, STM32MP135FAF7, STM32MP135FAF7T, STM32MP135FAF7U, STM32MP135FAG7, STM32MP231AAJ3, STM32MP231AAK3, STM32MP231AAL3, STM32MP231CAJ3, STM32MP231CAK3, STM32MP231CAL3, STM32MP231DAJ3, STM32MP231DAK3, STM32MP231DAL3, STM32MP231FAJ3, STM32MP231FAK3, STM32MP231FAL3, STM32MP233AAJ3, STM32MP233AAK3, STM32MP233AAL3, STM32MP233CAJ3, STM32MP233CAK3, STM32MP233CAL3, STM32MP233DAJ3, STM32MP233DAK3, STM32MP233DAL3, STM32MP233FAJ3, STM32MP233FAK3, STM32MP233FAL3, STM32MP235AAJ3, STM32MP235AAK3, STM32MP235AAL3, STM32MP235CAJ3, STM32MP235CAK3, STM32MP235CAL3, STM32MP235DAJ3, STM32MP235DAK3, STM32MP235DAL3, STM32MP235FAJ3, STM32MP235FAK3, STM32MP235FAL3, STM32MP251AAI3, STM32MP251AAJ3, STM32MP251AAK3, STM32MP251AAL3, STM32MP251CAI3, STM32MP251CAJ3, STM32MP251CAK3, STM32MP251CAL3, STM32MP251DAI3, STM32MP251DAJ3, STM32MP251DAK3, STM32MP251DAL3, STM32MP251FAI3, STM32MP251FAJ3, STM32MP251FAK3, STM32MP251FAL3, STM32MP253AAI3, STM32MP253AAJ3, STM32MP253AAK3, STM32MP253AAL3, STM32MP253CAI3, STM32MP253CAJ3, STM32MP253CAK3, STM32MP253CAL3, STM32MP253DAI3, STM32MP253DAJ3, STM32MP253DAK3, STM32MP253DAL3, STM32MP253FAI3, STM32MP253FAJ3, STM32MP253FAK3, STM32MP253FAL3, STM32MP255AAI3, STM32MP255AAJ3, STM32MP255AAK3, STM32MP255AAL3, STM32MP255CAI3, STM32MP255CAJ3, STM32MP255CAK3, STM32MP255CAL3, STM32MP255DAI3, STM32MP255DAJ3, STM32MP255DAK3, STM32MP255DAL3, STM32MP255FAI3, STM32MP255FAJ3, STM32MP255FAK3, STM32MP255FAL3, STM32MP257AAI3, STM32MP257AAJ3, STM32MP257AAK3, STM32MP257AAL3, STM32MP257CAI3, STM32MP257CAJ3, STM32MP257CAK3, STM32MP257CAL3, STM32MP257DAI3, STM32MP257DAJ3, STM32MP257DAK3, STM32MP257DAL3, STM32MP257F-DK, STM32MP257F-EV1, STM32MP257FAI3, STM32MP257FAJ3, STM32MP257FAK3, STM32MP257FAL3, STM32N645A0H3Q, STM32N645B0H3Q, STM32N645I0H3Q, STM32N645L0H3Q, STM32N645X0H3Q, STM32N645Z0H3Q, STM32N647A0H3Q, STM32N647B0H3Q, STM32N647I0H3Q, STM32N647L0H3Q, STM32N647X0H3Q, STM32N647Z0H3Q, STM32N655A0H3Q, STM32N655B0H3Q, STM32N655I0H3Q, STM32N655L0H3Q, STM32N655X0H3Q, STM32N655Z0H3Q, STM32N6570-DK, STM32N657A0H3Q, STM32N657B0H3Q, STM32N657I0H3Q, STM32N657L0H3Q, STM32N657X0H3Q, STM32N657Z0H3Q, STM32U031C6T6, STM32U031C6U6, STM32U031C8T6, STM32U031C8U6, STM32U031F4P6, STM32U031F6P6, STM32U031F8P6, STM32U031G6Y6TR, STM32U031G8Y6TR, STM32U031K4U6, STM32U031K6U6, STM32U031K8U6, STM32U031R6I6, STM32U031R6T6, STM32U031R8I6, STM32U031R8T6, STM32U073C8T6, STM32U073C8U6, STM32U073CBT6, STM32U073CBU6, STM32U073CCT6, STM32U073CCU6, STM32U073H8Y6TR, STM32U073HBY6TR, STM32U073HCY6TR, STM32U073K8U6, STM32U073KBU6, STM32U073KCU6, STM32U073M8I6, STM32U073M8T6, STM32U073MBI6, STM32U073MBT6, STM32U073MCI6, STM32U073MCT6, STM32U073R8I6, STM32U073R8T6, STM32U073RBI6, STM32U073RBT6, STM32U073RCI6, STM32U073RCT6, STM32U083C-DK, STM32U083CCT6, STM32U083CCU6, STM32U083HCY6TR, STM32U083KCU6, STM32U083MCI6, STM32U083MCT6, STM32U083RCI6, STM32U083RCT6, STM32U375CET6, STM32U375CET6Q, STM32U375CEU6, STM32U375CEU6Q, STM32U375CEY6QTR, STM32U375CGT6, STM32U375CGT6Q, STM32U375CGU6, STM32U375CGU6Q, STM32U375CGY6QTR, STM32U375KEU6, STM32U375KGU6, STM32U375REI6, STM32U375REI6Q, STM32U375RET6, STM32U375RET6Q, STM32U375REY6GTR, STM32U375REY6QTR, STM32U375RGI6, STM32U375RGI6Q, STM32U375RGT6, STM32U375RGT6Q, STM32U375RGY6GTR, STM32U375RGY6QTR, STM32U375VEI6, STM32U375VEI6Q, STM32U375VET6, STM32U375VET6Q, STM32U375VGI6, STM32U375VGI6Q, STM32U375VGT6, STM32U375VGT6Q, STM32U385CGT6, STM32U385CGT6Q, STM32U385CGU6, STM32U385CGU6Q, STM32U385CGY6QTR, STM32U385KGU6, STM32U385RGI6, STM32U385RGI6Q, STM32U385RGT6, STM32U385RGT6Q, STM32U385RGY6GTR, STM32U385RGY6QTR, STM32U385VGI6, STM32U385VGI6Q, STM32U385VGT6, STM32U385VGT6Q, STM32U535CBT6, STM32U535CBT6Q, STM32U535CBU6, STM32U535CBU6Q, STM32U535CCT6, STM32U535CCT6Q, STM32U535CCU6, STM32U535CCU6Q, STM32U535CET6, STM32U535CET6Q, STM32U535CEU6, STM32U535CEU6Q, STM32U535JEY6QTR, STM32U535NCY6QTR, STM32U535NEY6QTR, STM32U535RBI6, STM32U535RBI6Q, STM32U535RBT6, STM32U535RBT6Q, STM32U535RCI6, STM32U535RCI6Q, STM32U535RCT6, STM32U535RCT6Q, STM32U535REI6, STM32U535REI6Q, STM32U535RET6, STM32U535RET6Q, STM32U535VCI6, STM32U535VCI6Q, STM32U535VCT6, STM32U535VCT6Q, STM32U535VEI6, STM32U535VEI6Q, STM32U535VET6, STM32U535VET6Q, STM32U545CET6, STM32U545CET6Q, STM32U545CEU6, STM32U545CEU6Q, STM32U545JEY6QTR, STM32U545NEY6QTR, STM32U545REI6, STM32U545REI6Q, STM32U545RET6, STM32U545RET6Q, STM32U545VEI6, STM32U545VEI6Q, STM32U545VET6, STM32U545VET6Q, STM32U595AIH6, STM32U595AIH6Q, STM32U595AJH6, STM32U595AJH6Q, STM32U595QII6, STM32U595QII6Q, STM32U595QJI6, STM32U595QJI6Q, STM32U595RIT6, STM32U595RIT6Q, STM32U595RJT6, STM32U595RJT6Q, STM32U595VIT6, STM32U595VIT6Q, STM32U595VJT6, STM32U595VJT6Q, STM32U595ZIT6, STM32U595ZIT6Q, STM32U595ZIY6QTR, STM32U595ZJT6, STM32U595ZJT6Q, STM32U595ZJY6QTR, STM32U599BJY6QTR, STM32U599NIH6Q, STM32U599NJH6Q, STM32U599VIT6Q, STM32U599VJT6, STM32U599VJT6Q, STM32U599ZIT6Q, STM32U599ZIY6QTR, STM32U599ZJT6Q, STM32U599ZJY6QTR, STM32U5A5AJH6, STM32U5A5AJH6Q, STM32U5A5QII3Q , STM32U5A5QJI6, STM32U5A5QJI6Q, STM32U5A5RJT6, STM32U5A5RJT6Q, STM32U5A5VJT6, STM32U5A5VJT6Q, STM32U5A5ZJT6, STM32U5A5ZJT6Q, STM32U5A5ZJY6QTR, STM32U5A9BJY6QTR, STM32U5A9J-DK, STM32U5A9NJH6Q, STM32U5A9VJT6Q, STM32U5A9ZJT6Q, STM32U5A9ZJY6QTR, STM32U5F7VIT6, STM32U5F7VIT6Q, STM32U5F7VJT6, STM32U5F7VJT6Q, STM32U5F9BJY6QTR, STM32U5F9NJH6Q, STM32U5F9VIT6Q, STM32U5F9VJT6Q, STM32U5F9ZIJ6QTR, STM32U5F9ZIT6Q, STM32U5F9ZJJ6QTR, STM32U5F9ZJT6Q, STM32U5G7VJT6, STM32U5G7VJT6Q, STM32U5G9BJY6QTR, STM32U5G9J-DK1, STM32U5G9J-DK2, STM32U5G9NJH6Q, STM32U5G9VJT6Q, STM32U5G9ZJJ6QTR, STM32U5G9ZJT6Q, STM32WB05KZV6TR, STM32WB05KZV7TR, STM32WB05TZF6TR, STM32WB05TZF7TR, STM32WB06CCF6TR, STM32WB06CCF7TR, STM32WB06CCV6TR, STM32WB06CCV7TR, STM32WB06KCV6TR, STM32WB06KCV7TR, STM32WB07CCF6TR, STM32WB07CCF7TR, STM32WB07CCV6TR, STM32WB07CCV7TR, STM32WB07KCV6TR, STM32WB07KCV7TR, STM32WB09KEV6TR, STM32WB09KEV7TR, STM32WB09TEF6TR, STM32WB09TEF7TR, STM32WB1MMCH6, STM32WBA50KGU6, STM32WBA50KGU6TR, STM32WBA52CEU6, STM32WBA52CEU6TR, STM32WBA52CEU7, STM32WBA52CEU7TR, STM32WBA52CGU6, STM32WBA52CGU6TR, STM32WBA52CGU6U, STM32WBA52CGU7, STM32WBA52CGU7TR, STM32WBA52KEU6, STM32WBA52KEU6TR, STM32WBA52KGU6, STM32WBA52KGU6TR, STM32WBA54CEU6, STM32WBA54CEU6TR, STM32WBA54CEU7, STM32WBA54CEU7TR, STM32WBA54CGU6, STM32WBA54CGU6TR, STM32WBA54CGU7, STM32WBA54CGU7TR, STM32WBA54KEU6, STM32WBA54KEU6TR, STM32WBA54KEU7, STM32WBA54KEU7TR, STM32WBA54KGU6, STM32WBA54KGU6TR, STM32WBA54KGU7, STM32WBA54KGU7TR, STM32WBA55CEU6, STM32WBA55CEU6TR, STM32WBA55CEU7, STM32WBA55CEU7TR, STM32WBA55CGU6, STM32WBA55CGU6TR, STM32WBA55CGU6U, STM32WBA55CGU7, STM32WBA55CGU7TR, STM32WBA55G-DK1, STM32WBA55HEF6, STM32WBA55HEF7, STM32WBA55HGF6, STM32WBA55HGF7, STM32WBA55UEI6, STM32WBA55UEI6TR, STM32WBA55UEI7, STM32WBA55UEI7TR, STM32WBA55UGI6, STM32WBA55UGI6TR, STM32WBA55UGI7, STM32WBA55UGI7TR, STM32WBA5MJGH6TR, STM32WBA5MJGH6U, STM32WL33C8V6, STM32WL33C8V6TR, STM32WL33C8V7, STM32WL33C8V7TR, STM32WL33CBV6, STM32WL33CBV6TR, STM32WL33CBV7, STM32WL33CBV7TR, STM32WL33CCV6, STM32WL33CCV6TR, STM32WL33CCV7, STM32WL33CCV7A, STM32WL33CCV7ATR, STM32WL33CCV7TR, STM32WL33K8V6, STM32WL33K8V6TR, STM32WL33K8V7, STM32WL33K8V7TR, STM32WL33KBV6, STM32WL33KBV6TR, STM32WL33KBV7, STM32WL33KBV7TR, STM32WL33KCV6, STM32WL33KCV6TR, STM32WL33KCV7, STM32WL33KCV7TR, STM32WL5MOCH6, STM32WL5MOCH6TR]
2026-05-11 12:22:09,628 [WARN] PackLoader:240 - Cannot read IP mode file for STMicroelectronics.FP-ATR-SIGFOX1.3.2.0
2026-05-11 12:22:09,631 [INFO] ApiDb:668 - CubeFinder database Data Model version=2.1
2026-05-11 12:22:09,631 [INFO] ApiDb:669 - CubeFinder database Configuration version=3.0.42
2026-05-11 12:22:09,631 [INFO] ApiDb:670 - CubeFinder database generation date=2026-05-06 (1778060171)
2026-05-11 12:22:09,631 [INFO] ApiDb:671 - CubeFinder database FW Pack versions=[FP-ATR-ASTRA1_V2.0.0, FP-SNS-FLIGHT1_V5.1.0, FP-SNS-MOTENV1_V5.1.0, FP-SNS-MOTENVWB1_V1.5.0, FP-SNS-SMARTAG2_V1.2.0, FP-SNS-STBOX1_V2.1.0, STM32Cube_FW_C0_V1.4.0, STM32Cube_FW_F4_V1.28.3, STM32Cube_FW_F7_V1.17.4, STM32Cube_FW_G0_V1.6.3, STM32Cube_FW_G4_V1.6.2, STM32Cube_FW_H5_V1.6.0, STM32Cube_FW_H7RS_V1.3.0, STM32Cube_FW_H7_V1.13.0, STM32Cube_FW_L0_V1.12.2, STM32Cube_FW_L4_V1.18.2, STM32Cube_FW_L5_V1.6.0, STM32Cube_FW_N6_V1.3.0, STM32Cube_FW_U0_V1.3.0, STM32Cube_FW_U3_V1.3.0, STM32Cube_FW_U5_V1.8.0, STM32Cube_FW_WB0_V1.4.0, STM32Cube_FW_WBA_V1.9.0, STM32Cube_FW_WB_V1.24.0, STM32Cube_FW_WL3_V1.4.0, STM32Cube_FW_WL_V1.5.0, X-CUBE-ALGOBUILD_V1.4.0, X-CUBE-ALS_V1.0.2, X-CUBE-AZRTOS-F4_V1.1.0, X-CUBE-AZRTOS-F7_V1.1.0, X-CUBE-AZRTOS-G0_V1.1.0, X-CUBE-AZRTOS-G4_V2.0.0, X-CUBE-AZRTOS-H7RS_V1.1.0, X-CUBE-AZRTOS-H7_V3.5.0, X-CUBE-AZRTOS-L4_V2.0.0, X-CUBE-AZRTOS-L5_V2.0.0, X-CUBE-AZRTOS-WB_V2.0.0, X-CUBE-AZRTOS-WL_V2.0.0, X-CUBE-BLE1_V7.1.0, X-CUBE-BLE2_V3.3.0, X-CUBE-BLEMGR_V4.1.0, X-CUBE-EEPRMA1_V5.2.0, X-CUBE-FREERTOS_V1.5.0, X-CUBE-GNSS1_V6.0.0, X-CUBE-MEMS1_V12.0.0, X-CUBE-NFC4_V3.0.0, X-CUBE-NFC7_V2.0.0, X-CUBE-SFXS2LP1_V4.0.0, X-CUBE-ST67W61_V1.2.0, X-CUBE-SUBG2_V5.0.0, X-CUBE-TOF1_V3.4.3]
2026-05-11 12:22:09,635 [WARN] ConditionMgr:438 - getConditionDescription Invalid condition id : Cortex-A Device cause : null
2026-05-11 12:22:09,660 [WARN] ConditionMgr:1044 - genDependencies : Invalid condition id : Cortex-A Device cause : null
2026-05-11 12:22:09,660 [WARN] ConditionMgr:1044 - genDependencies : Invalid condition id : Cortex-A Device cause : null
2026-05-11 12:22:09,660 [WARN] ConditionMgr:1044 - genDependencies : Invalid condition id : Cortex-A Device cause : null
2026-05-11 12:22:09,681 [WARN] PackLoader:240 - Cannot read IP mode file for STMicroelectronics.X-CUBE-EEPRMA1.5.1.0
2026-05-11 12:22:09,700 [ERROR] Engine:466 - C:\Users\Pache\.stm32cubemx\thirdparties\pdsc\STMicroelectronics.X-CUBE-FREERTOS.1.5.0.pdsc: PDSC version is not supported
2026-05-11 12:22:09,719 [WARN] PackLoader:240 - Cannot read IP mode file for wolfSSL.I-CUBE-wolfSSL.5.7.4
2026-05-11 12:22:09,741 [WARN] PackLoader:240 - Cannot read IP mode file for ITTIA_DB.I-CUBE-ITTIADB.8.9.0
2026-05-11 12:22:09,760 [WARN] PackLoader:240 - Cannot read IP mode file for STMicroelectronics.X-CUBE-NFC6.3.2.0
2026-05-11 12:22:09,780 [WARN] PackLoader:240 - Cannot read IP mode file for STMicroelectronics.X-CUBE-AI.10.2.0
2026-05-11 12:22:09,812 [WARN] PackLoader:240 - Cannot read IP mode file for STMicroelectronics.X-CUBE-MEMS1.12.1.0
2026-05-11 12:22:09,899 [WARN] PackLoader:240 - Cannot read IP mode file for SEGGER.I-CUBE-embOS.1.3.1
2026-05-11 12:22:09,942 [WARN] PackLoader:240 - Cannot read IP mode file for STMicroelectronics.X-CUBE-ALGOBUILD.1.4.0
2026-05-11 12:22:09,961 [WARN] PackLoader:240 - Cannot read IP mode file for STMicroelectronics.X-CUBE-AI.9.1.0
2026-05-11 12:22:09,983 [WARN] PackLoader:240 - Cannot read IP mode file for STMicroelectronics.X-CUBE-PM33A1.1.0.0
2026-05-11 12:22:10,017 [WARN] PackLoader:240 - Cannot read IP mode file for STMicroelectronics.X-CUBE-AZRTOS-F4.1.1.0
2026-05-11 12:22:10,038 [WARN] PackLoader:240 - Cannot read IP mode file for STMicroelectronics.X-CUBE-ISPU.2.1.0
2026-05-11 12:22:10,056 [ERROR] Engine:466 - C:\Users\Pache\.stm32cubemx\thirdparties\pdsc\STMicroelectronics.X-CUBE-IPS.3.2.0.pdsc: PDSC version is not supported
2026-05-11 12:22:10,061 [WARN] PackLoader:240 - Cannot read IP mode file for STMicroelectronics.eDS-WB_DPC_TT-BIDIR.2.1.1
2026-05-11 12:22:10,083 [WARN] PackLoader:240 - Cannot read IP mode file for STMicroelectronics.X-CUBE-NFC12.1.0.0
2026-05-11 12:22:10,116 [WARN] PackLoader:240 - Cannot read IP mode file for STMicroelectronics.X-CUBE-AZRTOS-L5.2.0.0
2026-05-11 12:22:10,140 [WARN] PackLoader:240 - Cannot read IP mode file for STMicroelectronics.X-CUBE-NFC6.3.1.0
2026-05-11 12:22:10,162 [WARN] PackLoader:240 - Cannot read IP mode file for STMicroelectronics.X-CUBE-DPower.1.2.0
2026-05-11 12:22:10,170 [WARN] PackLoader:240 - Cannot read IP mode file for STMicroelectronics.eDS-WB_DPC_VIENNA.1.2.0
2026-05-11 12:22:10,178 [WARN] PackLoader:240 - Cannot read IP mode file for STMicroelectronics.eDS-WB_DPC_3PH2L-BIDIR.1.1.1
2026-05-11 12:22:10,180 [ERROR] Engine:466 - C:\Users\Pache\.stm32cubemx\thirdparties\pdsc\STMicroelectronics.X-CUBE-ST67W61.1.3.0.pdsc: PDSC version is not supported
2026-05-11 12:22:10,199 [WARN] PackLoader:240 - Cannot read IP mode file for STMicroelectronics.X-CUBE-FREERTOS.1.3.0
2026-05-11 12:22:10,220 [WARN] PackLoader:240 - Cannot read IP mode file for STMicroelectronics.X-CUBE-NFC7.1.0.1
2026-05-11 12:22:10,243 [WARN] PackLoader:240 - Cannot read IP mode file for STMicroelectronics.X-CUBE-TOUCHGFX.4.26.1
2026-05-11 12:22:10,263 [WARN] PackLoader:240 - Cannot read IP mode file for STMicroelectronics.FP-SNS-STAIOTCFT.1.0.0
2026-05-11 12:22:10,278 [WARN] PackLoader:240 - Cannot read IP mode file for STMicroelectronics.X-CUBE-DPower.1.3.0
2026-05-11 12:22:10,305 [WARN] ConditionMgr:438 - getConditionDescription Invalid condition id : LAN8742 Phy interface Condition cause : null
2026-05-11 12:22:10,305 [WARN] PackLoader:240 - Cannot read IP mode file for STMicroelectronics.X-CUBE-AZRTOS-L4.2.0.0
2026-05-11 12:22:10,306 [WARN] ConditionMgr:1044 - genDependencies : Invalid condition id : LAN8742 Phy interface Condition cause : null
2026-05-11 12:22:10,306 [WARN] ConditionMgr:1044 - genDependencies : Invalid condition id : LAN8742 Phy interface Condition cause : null
2026-05-11 12:22:10,306 [WARN] ConditionMgr:1044 - genDependencies : Invalid condition id : LAN8742 Phy interface Condition cause : null
2026-05-11 12:22:10,323 [WARN] PackLoader:240 - Cannot read IP mode file for STMicroelectronics.X-CUBE-SFXS2LP1.4.0.0
2026-05-11 12:22:10,337 [WARN] PackLoader:240 - Cannot read IP mode file for STMicroelectronics.X-CUBE-WB05N.2.1.0
2026-05-11 12:22:10,353 [ERROR] Engine:466 - C:\Users\Pache\.stm32cubemx\thirdparties\pdsc\STMicroelectronics.X-CUBE-ST67W61.1.2.0.pdsc: PDSC version is not supported
2026-05-11 12:22:10,377 [WARN] PackLoader:240 - Cannot read IP mode file for STMicroelectronics.X-CUBE-AZRTOS-H7.3.3.0
2026-05-11 12:22:10,398 [WARN] PackLoader:240 - Cannot read IP mode file for STMicroelectronics.X-CUBE-BLEMGR.4.1.0
2026-05-11 12:22:10,426 [WARN] PackLoader:240 - Cannot read IP mode file for STMicroelectronics.X-CUBE-IPS.3.0.0
2026-05-11 12:22:10,451 [WARN] ConditionMgr:438 - getConditionDescription Invalid condition id : UX DEVICE CLASS RTOS Condition cause : null
2026-05-11 12:22:10,452 [WARN] ConditionMgr:438 - getConditionDescription Invalid condition id : UX DEVICE CLASS RTOS Condition cause : null
2026-05-11 12:22:10,453 [WARN] PackLoader:240 - Cannot read IP mode file for STMicroelectronics.X-CUBE-AZRTOS-WB.2.0.0
2026-05-11 12:22:10,454 [WARN] ConditionMgr:1044 - genDependencies : Invalid condition id : UX DEVICE CLASS RTOS Condition cause : null
2026-05-11 12:22:10,454 [WARN] ConditionMgr:1044 - genDependencies : Invalid condition id : UX DEVICE CLASS RTOS Condition cause : null
2026-05-11 12:22:10,454 [WARN] ConditionMgr:1044 - genDependencies : Invalid condition id : UX DEVICE CLASS RTOS Condition cause : null
2026-05-11 12:22:10,455 [WARN] ConditionMgr:1044 - genDependencies : Invalid condition id : UX DEVICE CLASS RTOS Condition cause : null
2026-05-11 12:22:10,455 [WARN] ConditionMgr:1044 - genDependencies : Invalid condition id : UX DEVICE CLASS RTOS Condition cause : null
2026-05-11 12:22:10,471 [WARN] PackLoader:240 - Cannot read IP mode file for STMicroelectronics.X-CUBE-GNSS1.7.0.1
2026-05-11 12:22:10,493 [WARN] PackLoader:240 - Cannot read IP mode file for STMicroelectronics.FP-SNS-STBOX1.2.0.0
2026-05-11 12:22:10,512 [WARN] PackLoader:240 - Cannot read IP mode file for STMicroelectronics.X-CUBE-STSE01.2.0.0
2026-05-11 12:22:10,531 [WARN] PackLoader:240 - Cannot read IP mode file for STMicroelectronics.X-CUBE-SUBG2.5.0.0
2026-05-11 12:22:10,541 [WARN] PackLoader:240 - Cannot read IP mode file for Cesanta.I-CUBE-Mongoose.7.13.0
2026-05-11 12:22:10,567 [WARN] PackLoader:240 - Cannot read IP mode file for STMicroelectronics.X-CUBE-AZRTOS-G4.2.0.0
2026-05-11 12:22:10,580 [WARN] PackLoader:240 - Cannot read IP mode file for STMicroelectronics.X-CUBE-NFC7.2.0.0
2026-05-11 12:22:10,598 [WARN] PackLoader:240 - Cannot read IP mode file for STMicroelectronics.X-CUBE-IPS.3.1.0
2026-05-11 12:22:10,615 [WARN] PackLoader:240 - Cannot read IP mode file for STMicroelectronics.X-CUBE-ALS.1.0.2
2026-05-11 12:22:10,630 [WARN] PackLoader:240 - Cannot read IP mode file for STMicroelectronics.X-CUBE-TOUCHGFX.4.24.2
2026-05-11 12:22:10,648 [WARN] PackLoader:240 - Cannot read IP mode file for STMicroelectronics.X-CUBE-TOUCHGFX.4.24.1
2026-05-11 12:22:10,666 [WARN] PackLoader:240 - Cannot read IP mode file for wolfSSL.I-CUBE-wolfTPM.3.4.0
2026-05-11 12:22:10,687 [WARN] PackLoader:240 - Cannot read IP mode file for portGmbH.I-Cube-SoM-uGOAL.1.1.0
2026-05-11 12:22:10,718 [WARN] PackLoader:240 - Cannot read IP mode file for STMicroelectronics.X-CUBE-AZRTOS-H7RS.1.0.0
2026-05-11 12:22:10,738 [WARN] PackLoader:240 - Cannot read IP mode file for STMicroelectronics.X-CUBE-TOF1.3.4.2
2026-05-11 12:22:10,761 [WARN] PackLoader:240 - Cannot read IP mode file for STMicroelectronics.X-CUBE-TOF1.3.4.3
2026-05-11 12:22:10,774 [WARN] PackLoader:240 - Cannot read IP mode file for wolfSSL.I-CUBE-wolfSSH.1.4.17
2026-05-11 12:22:10,774 [INFO] ThirdParty:978 - Integrity check success = true
2026-05-11 12:22:10,774 [INFO] IntegrityCheckThread:100 - exiting critical section [integrity check]
2026-05-11 12:22:10,774 [INFO] IntegrityCheckThread:103 - End integrity checks thread
2026-05-11 12:22:12,151 [INFO] ApiDb:240 - Found 858 in-development CPN: [B-G473E-ZEST1S, B-WB1M-WPAN1, B-WBA5M-WPAN, B-WL5M-SUBG1, NUCLEO-C031C6, NUCLEO-C051C8, NUCLEO-C071RB, NUCLEO-C092RC, NUCLEO-H503RB, NUCLEO-H533RE, NUCLEO-H563ZI, NUCLEO-H7S3L8, NUCLEO-N657X0-Q, NUCLEO-U031R8, NUCLEO-U083RC, NUCLEO-U385RG-Q, NUCLEO-U545RE-Q, NUCLEO-U5A5ZJ-Q, NUCLEO-WB05KZ, NUCLEO-WB07CC, NUCLEO-WB09KE, NUCLEO-WBA52CG, NUCLEO-WBA55CG, NUCLEO-WL33CC1, NUCLEO-WL33CC2, STEVAL-PROTEUS1, STEVAL-SMARTAG2, STEVAL-STWINBX1, STM320518-EVAL, STM32C0116-DK, STM32C011D6Y3TR, STM32C011D6Y6TR, STM32C011F4P3, STM32C011F4P6, STM32C011F4U3, STM32C011F4U6TR, STM32C011F6P3, STM32C011F6P6, STM32C011F6U3, STM32C011F6U6TR, STM32C011J4M3, STM32C011J4M6, STM32C011J6M3, STM32C011J6M6, STM32C0316-DK, STM32C031C4T3, STM32C031C4T6, STM32C031C4U3, STM32C031C4U6, STM32C031C6T3, STM32C031C6T6, STM32C031C6U3, STM32C031C6U6, STM32C031F4P3, STM32C031F4P6, STM32C031F6P3, STM32C031F6P6, STM32C031G4U3, STM32C031G4U6, STM32C031G6U3, STM32C031G6U6, STM32C031K4T3, STM32C031K4T6, STM32C031K4U3, STM32C031K4U6, STM32C031K6T3, STM32C031K6T6, STM32C031K6U3, STM32C031K6U6, STM32C051C6T6, STM32C051C6U6, STM32C051C8T6, STM32C051C8U6, STM32C051D8Y6TR, STM32C051F6P6, STM32C051F8P6, STM32C051G6U6, STM32C051G8U6, STM32C051K6T6, STM32C051K6U6, STM32C051K8T6, STM32C071C8T6, STM32C071C8T6N, STM32C071C8U6, STM32C071C8U6N, STM32C071CBT6, STM32C071CBT6N, STM32C071CBU6, STM32C071CBU6N, STM32C071F8P6, STM32C071F8P6N, STM32C071FBP6, STM32C071FBP6N, STM32C071FBY6TR, STM32C071G8U6, STM32C071G8U6N, STM32C071GBU6, STM32C071GBU6N, STM32C071K8T6, STM32C071K8T6N, STM32C071K8U6, STM32C071K8U6N, STM32C071KBT6, STM32C071KBT6N, STM32C071KBU6, STM32C071KBU6N, STM32C071R8T6, STM32C071R8T6N, STM32C071RBI6N, STM32C071RBT6, STM32C071RBT6N, STM32C091CBT6, STM32C091CBU6, STM32C091CCT6, STM32C091CCU6, STM32C091ECY6TR, STM32C091FBP6, STM32C091FCP6, STM32C091GBU6, STM32C091GCU6, STM32C091KBT6, STM32C091KBU6, STM32C091KCT6, STM32C091KCU6, STM32C091RBT6, STM32C091RCI6, STM32C091RCT6, STM32C092CBT6, STM32C092CBU6, STM32C092CCT6, STM32C092CCU6, STM32C092ECY6TR, STM32C092FBP6, STM32C092FCP6, STM32C092GBU6, STM32C092GCU6, STM32C092KBT6, STM32C092KBU6, STM32C092KCT6, STM32C092KCU6, STM32C092RBT6, STM32C092RCI6, STM32C092RCT6, STM32G071K8TXN, STM32G071K8UXN, STM32G081GBU6N, STM32G081KBT6N, STM32G081KBUXN, STM32G0B1CCT6N, STM32G0B1KCT6, STM32G0B1NEY6TR, STM32G0B1RCT6N, STM32G0C1CCT6, STM32G0C1CCT6N, STM32G0C1CCU6N, STM32G0C1CET6N, STM32G0C1CEU6N, STM32G0C1KCT6, STM32G0C1NEY6TR, STM32G0C1RCI6N, STM32G0C1RCT6N, STM32G0C1REI6N, STM32G0C1RET6N, STM32G0C1VCI6, STM32G0C1VEI6, STM32G411C6T3, STM32G411C6T6, STM32G411C6U3, STM32G411C6U6, STM32G411C8T3, STM32G411C8T6, STM32G411C8U3, STM32G411C8U6, STM32G411CBT3, STM32G411CBT6, STM32G411CBU3, STM32G411CBU6, STM32G411CCT3, STM32G411CCT6, STM32G411CCU3, STM32G411CCU6, STM32G411K6T3, STM32G411K6T6, STM32G411K6U3, STM32G411K6U6, STM32G411K8T3, STM32G411K8T6, STM32G411K8U3, STM32G411K8U6, STM32G411KBT3, STM32G411KBT6, STM32G411KBU3, STM32G411KBU6, STM32G411M6T3, STM32G411M6T6, STM32G411M8T3, STM32G411M8T6, STM32G411MBT3, STM32G411MBT6, STM32G411MCT3, STM32G411MCT6, STM32G411R6T3, STM32G411R6T6, STM32G411R8T3, STM32G411R8T6, STM32G411RBT3, STM32G411RBT6, STM32G411RCT3, STM32G411RCT6, STM32G414CBT3, STM32G414CBT6, STM32G414CBU3, STM32G414CBU6, STM32G414CCT3, STM32G414CCT6, STM32G414CCU3, STM32G414CCU6, STM32G414MBT3, STM32G414MBT6, STM32G414MCT3, STM32G414MCT6, STM32G414RBT3, STM32G414RBT6, STM32G414RCT3, STM32G414RCT6, STM32G414VBT3, STM32G414VBT6, STM32G414VCT3, STM32G414VCT6, STM32G431CBT3Z, STM32G431RBT3Z, STM32G471CCT6, STM32G471CCU6, STM32G471CET3, STM32G471CET6, STM32G471CEU3, STM32G471CEU6, STM32G471MCT6, STM32G471MET3, STM32G471MET6, STM32G471MEY6TR, STM32G471QCT6, STM32G471QET3, STM32G471RCT6, STM32G471RET3, STM32G471RET6, STM32G471VCH6, STM32G471VCI6, STM32G471VCT6, STM32G471VEH3, STM32G471VEH6, STM32G471VEI3, STM32G471VEI6, STM32G471VET3, STM32G471VET6, STM32G473QET3Z, STM32G473RET3Z, STM32G474CCT6, STM32G491RET3Z, STM32H503CBT6, STM32H503CBU6, STM32H503EBY6TR, STM32H503KBU6, STM32H503RBT6, STM32H523CCT6, STM32H523CCU6, STM32H523CET6, STM32H523CEU6, STM32H523HEY6TR, STM32H523RCT6, STM32H523RET6, STM32H523VCI6, STM32H523VCT6, STM32H523VEI6, STM32H523VET6, STM32H523ZCJ6, STM32H523ZCT6, STM32H523ZEJ6, STM32H523ZET6, STM32H533CET6, STM32H533CEU6, STM32H533HEY6TR, STM32H533RET6, STM32H533VEI6, STM32H533VET6, STM32H533ZEJ6, STM32H533ZET6, STM32H562AGI6, STM32H562AII6, STM32H562IGK6, STM32H562IGT6, STM32H562IIK6, STM32H562IIT6, STM32H562RGT6, STM32H562RGV6, STM32H562RIT6, STM32H562RIV6, STM32H562VGT6, STM32H562VIT6, STM32H562ZGT6, STM32H562ZIT6, STM32H563AGI6, STM32H563AII3Q, STM32H563AII6, STM32H563IGK6, STM32H563IGT6, STM32H563IIK3Q, STM32H563IIK6, STM32H563IIT3Q, STM32H563IIT6, STM32H563MIY3QTR, STM32H563RGT6, STM32H563RGV6, STM32H563RIT6, STM32H563RIV6, STM32H563VGT6, STM32H563VIT3Q, STM32H563VIT6, STM32H563ZGT6, STM32H563ZIT3Q, STM32H563ZIT6, STM32H573AII3Q, STM32H573AII6, STM32H573I-DK, STM32H573IIK3Q, STM32H573IIK6, STM32H573IIT3Q, STM32H573IIT6, STM32H573MIY3QTR, STM32H573RIT6, STM32H573RIV6, STM32H573VIT3Q, STM32H573VIT6, STM32H573ZIT3Q, STM32H573ZIT6, STM32H7R3A8I6, STM32H7R3I8K6, STM32H7R3I8T6, STM32H7R3L8H6, STM32H7R3L8H6H, STM32H7R3R8V6, STM32H7R3V8H6, STM32H7R3V8T6, STM32H7R3V8Y6TR, STM32H7R3Z8J6, STM32H7R3Z8T6, STM32H7R7A8I6, STM32H7R7I8K6, STM32H7R7I8T6, STM32H7R7L8H6, STM32H7R7L8H6H, STM32H7R7Z8J6, STM32H7S3A8I6, STM32H7S3I8K6, STM32H7S3I8T6, STM32H7S3L8H6, STM32H7S3L8H6H, STM32H7S3R8V6, STM32H7S3V8H6, STM32H7S3V8T6, STM32H7S3V8Y6TR, STM32H7S3Z8J6, STM32H7S3Z8T6, STM32H7S78-DK, STM32H7S7A8I6, STM32H7S7I8K6, STM32H7S7I8T6, STM32H7S7L8H6, STM32H7S7L8H6H, STM32H7S7Z8J6, STM32L4R5QGI6STR, STM32MP131AAE3, STM32MP131AAF3, STM32MP131AAG3, STM32MP131CAE3, STM32MP131CAF3, STM32MP131CAG3, STM32MP131DAE7, STM32MP131DAF7, STM32MP131DAG7, STM32MP131FAE7, STM32MP131FAF7, STM32MP131FAG7, STM32MP133AAE3, STM32MP133AAF3, STM32MP133AAG3, STM32MP133CAE3, STM32MP133CAF3, STM32MP133CAG3, STM32MP133DAE7, STM32MP133DAF7, STM32MP133DAG7, STM32MP133FAE7, STM32MP133FAF7, STM32MP133FAG7, STM32MP135AAE3, STM32MP135AAF3, STM32MP135AAG3, STM32MP135CAE3, STM32MP135CAF3, STM32MP135CAG3, STM32MP135DAE7, STM32MP135DAF7, STM32MP135DAG7, STM32MP135F-DK, STM32MP135FAE7, STM32MP135FAF7, STM32MP135FAF7T, STM32MP135FAF7U, STM32MP135FAG7, STM32MP231AAJ3, STM32MP231AAK3, STM32MP231AAL3, STM32MP231CAJ3, STM32MP231CAK3, STM32MP231CAL3, STM32MP231DAJ3, STM32MP231DAK3, STM32MP231DAL3, STM32MP231FAJ3, STM32MP231FAK3, STM32MP231FAL3, STM32MP233AAJ3, STM32MP233AAK3, STM32MP233AAL3, STM32MP233CAJ3, STM32MP233CAK3, STM32MP233CAL3, STM32MP233DAJ3, STM32MP233DAK3, STM32MP233DAL3, STM32MP233FAJ3, STM32MP233FAK3, STM32MP233FAL3, STM32MP235AAJ3, STM32MP235AAK3, STM32MP235AAL3, STM32MP235CAJ3, STM32MP235CAK3, STM32MP235CAL3, STM32MP235DAJ3, STM32MP235DAK3, STM32MP235DAL3, STM32MP235FAJ3, STM32MP235FAK3, STM32MP235FAL3, STM32MP251AAI3, STM32MP251AAJ3, STM32MP251AAK3, STM32MP251AAL3, STM32MP251CAI3, STM32MP251CAJ3, STM32MP251CAK3, STM32MP251CAL3, STM32MP251DAI3, STM32MP251DAJ3, STM32MP251DAK3, STM32MP251DAL3, STM32MP251FAI3, STM32MP251FAJ3, STM32MP251FAK3, STM32MP251FAL3, STM32MP253AAI3, STM32MP253AAJ3, STM32MP253AAK3, STM32MP253AAL3, STM32MP253CAI3, STM32MP253CAJ3, STM32MP253CAK3, STM32MP253CAL3, STM32MP253DAI3, STM32MP253DAJ3, STM32MP253DAK3, STM32MP253DAL3, STM32MP253FAI3, STM32MP253FAJ3, STM32MP253FAK3, STM32MP253FAL3, STM32MP255AAI3, STM32MP255AAJ3, STM32MP255AAK3, STM32MP255AAL3, STM32MP255CAI3, STM32MP255CAJ3, STM32MP255CAK3, STM32MP255CAL3, STM32MP255DAI3, STM32MP255DAJ3, STM32MP255DAK3, STM32MP255DAL3, STM32MP255FAI3, STM32MP255FAJ3, STM32MP255FAK3, STM32MP255FAL3, STM32MP257AAI3, STM32MP257AAJ3, STM32MP257AAK3, STM32MP257AAL3, STM32MP257CAI3, STM32MP257CAJ3, STM32MP257CAK3, STM32MP257CAL3, STM32MP257DAI3, STM32MP257DAJ3, STM32MP257DAK3, STM32MP257DAL3, STM32MP257F-DK, STM32MP257F-EV1, STM32MP257FAI3, STM32MP257FAJ3, STM32MP257FAK3, STM32MP257FAL3, STM32N645A0H3Q, STM32N645B0H3Q, STM32N645I0H3Q, STM32N645L0H3Q, STM32N645X0H3Q, STM32N645Z0H3Q, STM32N647A0H3Q, STM32N647B0H3Q, STM32N647I0H3Q, STM32N647L0H3Q, STM32N647X0H3Q, STM32N647Z0H3Q, STM32N655A0H3Q, STM32N655B0H3Q, STM32N655I0H3Q, STM32N655L0H3Q, STM32N655X0H3Q, STM32N655Z0H3Q, STM32N6570-DK, STM32N657A0H3Q, STM32N657B0H3Q, STM32N657I0H3Q, STM32N657L0H3Q, STM32N657X0H3Q, STM32N657Z0H3Q, STM32U031C6T6, STM32U031C6U6, STM32U031C8T6, STM32U031C8U6, STM32U031F4P6, STM32U031F6P6, STM32U031F8P6, STM32U031G6Y6TR, STM32U031G8Y6TR, STM32U031K4U6, STM32U031K6U6, STM32U031K8U6, STM32U031R6I6, STM32U031R6T6, STM32U031R8I6, STM32U031R8T6, STM32U073C8T6, STM32U073C8U6, STM32U073CBT6, STM32U073CBU6, STM32U073CCT6, STM32U073CCU6, STM32U073H8Y6TR, STM32U073HBY6TR, STM32U073HCY6TR, STM32U073K8U6, STM32U073KBU6, STM32U073KCU6, STM32U073M8I6, STM32U073M8T6, STM32U073MBI6, STM32U073MBT6, STM32U073MCI6, STM32U073MCT6, STM32U073R8I6, STM32U073R8T6, STM32U073RBI6, STM32U073RBT6, STM32U073RCI6, STM32U073RCT6, STM32U083C-DK, STM32U083CCT6, STM32U083CCU6, STM32U083HCY6TR, STM32U083KCU6, STM32U083MCI6, STM32U083MCT6, STM32U083RCI6, STM32U083RCT6, STM32U375CET6, STM32U375CET6Q, STM32U375CEU6, STM32U375CEU6Q, STM32U375CEY6QTR, STM32U375CGT6, STM32U375CGT6Q, STM32U375CGU6, STM32U375CGU6Q, STM32U375CGY6QTR, STM32U375KEU6, STM32U375KGU6, STM32U375REI6, STM32U375REI6Q, STM32U375RET6, STM32U375RET6Q, STM32U375REY6GTR, STM32U375REY6QTR, STM32U375RGI6, STM32U375RGI6Q, STM32U375RGT6, STM32U375RGT6Q, STM32U375RGY6GTR, STM32U375RGY6QTR, STM32U375VEI6, STM32U375VEI6Q, STM32U375VET6, STM32U375VET6Q, STM32U375VGI6, STM32U375VGI6Q, STM32U375VGT6, STM32U375VGT6Q, STM32U385CGT6, STM32U385CGT6Q, STM32U385CGU6, STM32U385CGU6Q, STM32U385CGY6QTR, STM32U385KGU6, STM32U385RGI6, STM32U385RGI6Q, STM32U385RGT6, STM32U385RGT6Q, STM32U385RGY6GTR, STM32U385RGY6QTR, STM32U385VGI6, STM32U385VGI6Q, STM32U385VGT6, STM32U385VGT6Q, STM32U535CBT6, STM32U535CBT6Q, STM32U535CBU6, STM32U535CBU6Q, STM32U535CCT6, STM32U535CCT6Q, STM32U535CCU6, STM32U535CCU6Q, STM32U535CET6, STM32U535CET6Q, STM32U535CEU6, STM32U535CEU6Q, STM32U535JEY6QTR, STM32U535NCY6QTR, STM32U535NEY6QTR, STM32U535RBI6, STM32U535RBI6Q, STM32U535RBT6, STM32U535RBT6Q, STM32U535RCI6, STM32U535RCI6Q, STM32U535RCT6, STM32U535RCT6Q, STM32U535REI6, STM32U535REI6Q, STM32U535RET6, STM32U535RET6Q, STM32U535VCI6, STM32U535VCI6Q, STM32U535VCT6, STM32U535VCT6Q, STM32U535VEI6, STM32U535VEI6Q, STM32U535VET6, STM32U535VET6Q, STM32U545CET6, STM32U545CET6Q, STM32U545CEU6, STM32U545CEU6Q, STM32U545JEY6QTR, STM32U545NEY6QTR, STM32U545REI6, STM32U545REI6Q, STM32U545RET6, STM32U545RET6Q, STM32U545VEI6, STM32U545VEI6Q, STM32U545VET6, STM32U545VET6Q, STM32U595AIH6, STM32U595AIH6Q, STM32U595AJH6, STM32U595AJH6Q, STM32U595QII6, STM32U595QII6Q, STM32U595QJI6, STM32U595QJI6Q, STM32U595RIT6, STM32U595RIT6Q, STM32U595RJT6, STM32U595RJT6Q, STM32U595VIT6, STM32U595VIT6Q, STM32U595VJT6, STM32U595VJT6Q, STM32U595ZIT6, STM32U595ZIT6Q, STM32U595ZIY6QTR, STM32U595ZJT6, STM32U595ZJT6Q, STM32U595ZJY6QTR, STM32U599BJY6QTR, STM32U599NIH6Q, STM32U599NJH6Q, STM32U599VIT6Q, STM32U599VJT6, STM32U599VJT6Q, STM32U599ZIT6Q, STM32U599ZIY6QTR, STM32U599ZJT6Q, STM32U599ZJY6QTR, STM32U5A5AJH6, STM32U5A5AJH6Q, STM32U5A5QII3Q , STM32U5A5QJI6, STM32U5A5QJI6Q, STM32U5A5RJT6, STM32U5A5RJT6Q, STM32U5A5VJT6, STM32U5A5VJT6Q, STM32U5A5ZJT6, STM32U5A5ZJT6Q, STM32U5A5ZJY6QTR, STM32U5A9BJY6QTR, STM32U5A9J-DK, STM32U5A9NJH6Q, STM32U5A9VJT6Q, STM32U5A9ZJT6Q, STM32U5A9ZJY6QTR, STM32U5F7VIT6, STM32U5F7VIT6Q, STM32U5F7VJT6, STM32U5F7VJT6Q, STM32U5F9BJY6QTR, STM32U5F9NJH6Q, STM32U5F9VIT6Q, STM32U5F9VJT6Q, STM32U5F9ZIJ6QTR, STM32U5F9ZIT6Q, STM32U5F9ZJJ6QTR, STM32U5F9ZJT6Q, STM32U5G7VJT6, STM32U5G7VJT6Q, STM32U5G9BJY6QTR, STM32U5G9J-DK1, STM32U5G9J-DK2, STM32U5G9NJH6Q, STM32U5G9VJT6Q, STM32U5G9ZJJ6QTR, STM32U5G9ZJT6Q, STM32WB05KZV6TR, STM32WB05KZV7TR, STM32WB05TZF6TR, STM32WB05TZF7TR, STM32WB06CCF6TR, STM32WB06CCF7TR, STM32WB06CCV6TR, STM32WB06CCV7TR, STM32WB06KCV6TR, STM32WB06KCV7TR, STM32WB07CCF6TR, STM32WB07CCF7TR, STM32WB07CCV6TR, STM32WB07CCV7TR, STM32WB07KCV6TR, STM32WB07KCV7TR, STM32WB09KEV6TR, STM32WB09KEV7TR, STM32WB09TEF6TR, STM32WB09TEF7TR, STM32WB1MMCH6, STM32WBA50KGU6, STM32WBA50KGU6TR, STM32WBA52CEU6, STM32WBA52CEU6TR, STM32WBA52CEU7, STM32WBA52CEU7TR, STM32WBA52CGU6, STM32WBA52CGU6TR, STM32WBA52CGU6U, STM32WBA52CGU7, STM32WBA52CGU7TR, STM32WBA52KEU6, STM32WBA52KEU6TR, STM32WBA52KGU6, STM32WBA52KGU6TR, STM32WBA54CEU6, STM32WBA54CEU6TR, STM32WBA54CEU7, STM32WBA54CEU7TR, STM32WBA54CGU6, STM32WBA54CGU6TR, STM32WBA54CGU7, STM32WBA54CGU7TR, STM32WBA54KEU6, STM32WBA54KEU6TR, STM32WBA54KEU7, STM32WBA54KEU7TR, STM32WBA54KGU6, STM32WBA54KGU6TR, STM32WBA54KGU7, STM32WBA54KGU7TR, STM32WBA55CEU6, STM32WBA55CEU6TR, STM32WBA55CEU7, STM32WBA55CEU7TR, STM32WBA55CGU6, STM32WBA55CGU6TR, STM32WBA55CGU6U, STM32WBA55CGU7, STM32WBA55CGU7TR, STM32WBA55G-DK1, STM32WBA55HEF6, STM32WBA55HEF7, STM32WBA55HGF6, STM32WBA55HGF7, STM32WBA55UEI6, STM32WBA55UEI6TR, STM32WBA55UEI7, STM32WBA55UEI7TR, STM32WBA55UGI6, STM32WBA55UGI6TR, STM32WBA55UGI7, STM32WBA55UGI7TR, STM32WBA5MJGH6TR, STM32WBA5MJGH6U, STM32WL33C8V6, STM32WL33C8V6TR, STM32WL33C8V7, STM32WL33C8V7TR, STM32WL33CBV6, STM32WL33CBV6TR, STM32WL33CBV7, STM32WL33CBV7TR, STM32WL33CCV6, STM32WL33CCV6TR, STM32WL33CCV7, STM32WL33CCV7A, STM32WL33CCV7ATR, STM32WL33CCV7TR, STM32WL33K8V6, STM32WL33K8V6TR, STM32WL33K8V7, STM32WL33K8V7TR, STM32WL33KBV6, STM32WL33KBV6TR, STM32WL33KBV7, STM32WL33KBV7TR, STM32WL33KCV6, STM32WL33KCV6TR, STM32WL33KCV7, STM32WL33KCV7TR, STM32WL5MOCH6, STM32WL5MOCH6TR]
2026-05-11 12:22:12,157 [INFO] DbMcus:218 - Found 5077 MCUs, 4959 are supported
2026-05-11 12:22:12,163 [INFO] ApiDb:423 - Load user favorites file C:\Users\Pache/.stm32cubeide/favorites.mcus.txt: 0 item(s)
2026-05-11 12:22:12,163 [INFO] ApiDb:427 - User favorites MCUs=[]
2026-05-11 12:22:12,163 [INFO] DbMcus:224 - Set 0 / 0 favorites MCUs
2026-05-11 12:22:12,656 [INFO] BoardInfo:889 - No configuration file found for board NUCLEO-H5E5ZJ
2026-05-11 12:22:12,658 [INFO] DbBoards:161 - Board is not supported: NUCLEO-H5E5ZJ
2026-05-11 12:22:12,724 [INFO] BoardInfo:889 - No configuration file found for board NUCLEO-U3C5ZI-Q
2026-05-11 12:22:12,726 [INFO] DbBoards:161 - Board is not supported: NUCLEO-U3C5ZI-Q
2026-05-11 12:22:12,743 [INFO] BoardInfo:889 - No configuration file found for board NUCLEO-WBA25CE1
2026-05-11 12:22:12,745 [INFO] DbBoards:161 - Board is not supported: NUCLEO-WBA25CE1
2026-05-11 12:22:12,751 [INFO] BoardInfo:889 - No configuration file found for board NUCLEO-WBA65RI
2026-05-11 12:22:12,752 [INFO] DbBoards:161 - Board is not supported: NUCLEO-WBA65RI
2026-05-11 12:22:12,757 [INFO] BoardInfo:889 - No configuration file found for board NUCLEO-WL3RKB1
2026-05-11 12:22:12,758 [INFO] DbBoards:161 - Board is not supported: NUCLEO-WL3RKB1
2026-05-11 12:22:12,759 [INFO] BoardInfo:889 - No configuration file found for board NUCLEO-WL3RKB2
2026-05-11 12:22:12,759 [INFO] DbBoards:161 - Board is not supported: NUCLEO-WL3RKB2
2026-05-11 12:22:12,770 [INFO] BoardInfo:889 - No configuration file found for board P-NUCLEO-WB55
2026-05-11 12:22:12,771 [INFO] DbBoards:161 - Kit is not supported: P-NUCLEO-WB55
2026-05-11 12:22:12,778 [INFO] BoardInfo:889 - No configuration file found for board STEVAL-BFA001V1B
2026-05-11 12:22:12,779 [INFO] DbBoards:161 - Kit is not supported: STEVAL-BFA001V1B
2026-05-11 12:22:12,780 [INFO] BoardInfo:889 - No configuration file found for board STEVAL-BFA001V2B
2026-05-11 12:22:12,781 [INFO] DbBoards:161 - Kit is not supported: STEVAL-BFA001V2B
2026-05-11 12:22:12,918 [INFO] BoardInfo:889 - No configuration file found for board STM32H5F5J-DK
2026-05-11 12:22:12,919 [INFO] DbBoards:161 - Board is not supported: STM32H5F5J-DK
2026-05-11 12:22:13,002 [INFO] BoardInfo:889 - No configuration file found for board STM32MP215F-DK
2026-05-11 12:22:13,003 [INFO] DbBoards:161 - Board is not supported: STM32MP215F-DK
2026-05-11 12:22:13,027 [INFO] BoardInfo:889 - No configuration file found for board STM32WBA65I-DK1
2026-05-11 12:22:13,028 [INFO] DbBoards:161 - Board is not supported: STM32WBA65I-DK1
2026-05-11 12:22:13,028 [INFO] DbBoards:168 - Found 218 boards, 206 are supported
2026-05-11 12:22:13,028 [INFO] DbBoards:169 - Found 218 boards, 42 of them is supported for  Bsp
2026-05-11 12:22:13,032 [INFO] ApiDb:423 - Load user favorites file C:\Users\Pache/.stm32cubeide/favorites.boards.txt: 0 item(s)
2026-05-11 12:22:13,032 [INFO] ApiDb:427 - User favorites Boards=[]
2026-05-11 12:22:13,032 [INFO] DbBoards:198 - Set 0 / 0 favorites Boards
2026-05-11 12:22:13,032 [INFO] McuFinderGlobals:76 - Set McuFinderConnectedMode to true
2026-05-11 12:22:13,045 [INFO] MultiScanPanel:200 - Auto-refresh data requested => check proxy status ongoing
2026-05-11 12:22:13,047 [INFO] FinderPluginLoader:95 - Searching for filters in installed packs
2026-05-11 12:22:15,072 [INFO] ServerAccessManage:473 - Download File 
2026-05-11 12:22:15,217 [INFO] LoadUrlFilesThread:185 - End of LoadServerUrlFiles without Thread
2026-05-11 12:22:15,273 [INFO] DetailPanel:341 - Set advertising image to C:/Users/Pache/STM32Cube/Repository/\en.prom-stm32wba2-stm32-nucleo-board-0426.png
2026-05-11 12:22:16,110 [INFO] MultiScanPanel:200 - Auto-refresh data requested => check proxy status ongoing
2026-05-11 12:22:16,315 [INFO] LoadUrlFilesThread:185 - End of LoadServerUrlFiles without Thread
2026-05-11 12:22:16,315 [INFO] DetailPanel:341 - Set advertising image to C:/Users/Pache/STM32Cube/Repository/\en.prom-stm32wba2-stm32-nucleo-board-0426.png
2026-05-11 12:22:16,334 [INFO] DbBoards:642 - Loading board mini-images...
2026-05-11 12:22:18,727 [INFO] DbBoards:665 - Loaded 218 board mini-images
2026-05-11 12:22:18,799 [INFO] MultiScanPanel:200 - Auto-refresh data requested => check proxy status ongoing
2026-05-11 12:22:18,803 [INFO] ApiDb:668 - CubeFinder database Data Model version=2.1
2026-05-11 12:22:18,803 [INFO] ApiDb:669 - CubeFinder database Configuration version=3.0.42
2026-05-11 12:22:18,803 [INFO] ApiDb:670 - CubeFinder database generation date=2026-05-06 (1778060171)
2026-05-11 12:22:18,803 [INFO] ApiDb:671 - CubeFinder database FW Pack versions=[FP-ATR-ASTRA1_V2.0.0, FP-SNS-FLIGHT1_V5.1.0, FP-SNS-MOTENV1_V5.1.0, FP-SNS-MOTENVWB1_V1.5.0, FP-SNS-SMARTAG2_V1.2.0, FP-SNS-STBOX1_V2.1.0, STM32Cube_FW_C0_V1.4.0, STM32Cube_FW_F4_V1.28.3, STM32Cube_FW_F7_V1.17.4, STM32Cube_FW_G0_V1.6.3, STM32Cube_FW_G4_V1.6.2, STM32Cube_FW_H5_V1.6.0, STM32Cube_FW_H7RS_V1.3.0, STM32Cube_FW_H7_V1.13.0, STM32Cube_FW_L0_V1.12.2, STM32Cube_FW_L4_V1.18.2, STM32Cube_FW_L5_V1.6.0, STM32Cube_FW_N6_V1.3.0, STM32Cube_FW_U0_V1.3.0, STM32Cube_FW_U3_V1.3.0, STM32Cube_FW_U5_V1.8.0, STM32Cube_FW_WB0_V1.4.0, STM32Cube_FW_WBA_V1.9.0, STM32Cube_FW_WB_V1.24.0, STM32Cube_FW_WL3_V1.4.0, STM32Cube_FW_WL_V1.5.0, X-CUBE-ALGOBUILD_V1.4.0, X-CUBE-ALS_V1.0.2, X-CUBE-AZRTOS-F4_V1.1.0, X-CUBE-AZRTOS-F7_V1.1.0, X-CUBE-AZRTOS-G0_V1.1.0, X-CUBE-AZRTOS-G4_V2.0.0, X-CUBE-AZRTOS-H7RS_V1.1.0, X-CUBE-AZRTOS-H7_V3.5.0, X-CUBE-AZRTOS-L4_V2.0.0, X-CUBE-AZRTOS-L5_V2.0.0, X-CUBE-AZRTOS-WB_V2.0.0, X-CUBE-AZRTOS-WL_V2.0.0, X-CUBE-BLE1_V7.1.0, X-CUBE-BLE2_V3.3.0, X-CUBE-BLEMGR_V4.1.0, X-CUBE-EEPRMA1_V5.2.0, X-CUBE-FREERTOS_V1.5.0, X-CUBE-GNSS1_V6.0.0, X-CUBE-MEMS1_V12.0.0, X-CUBE-NFC4_V3.0.0, X-CUBE-NFC7_V2.0.0, X-CUBE-SFXS2LP1_V4.0.0, X-CUBE-ST67W61_V1.2.0, X-CUBE-SUBG2_V5.0.0, X-CUBE-TOF1_V3.4.3]
2026-05-11 12:22:19,492 [ERROR] DbExamplesSqlite:437 - Missing JSON key: board_cpn
2026-05-11 12:22:19,493 [ERROR] DbExamplesSqlite:437 - Missing JSON key: board_cpn
2026-05-11 12:22:19,493 [ERROR] DbExamplesSqlite:437 - Missing JSON key: board_cpn
2026-05-11 12:22:19,493 [ERROR] DbExamplesSqlite:437 - Missing JSON key: board_cpn
2026-05-11 12:22:19,806 [ERROR] DbExamplesSqlite:437 - Missing JSON key: board_cpn
2026-05-11 12:22:19,807 [ERROR] DbExamplesSqlite:437 - Missing JSON key: board_cpn
2026-05-11 12:22:19,865 [INFO] DbExamplesSqlite:395 - Ignored 39 examples not supported by CubeIDE
2026-05-11 12:22:19,865 [INFO] DbExamplesSqlite:396 - Found 11215 examples active
2026-05-11 12:22:19,865 [INFO] DbExamplesSqlite:397 - Found 0 examples obsolete
2026-05-11 12:22:19,865 [INFO] DbExamplesSqlite:398 - Found 0 examples under development
2026-05-11 12:22:19,865 [INFO] DbExamplesSqlite:399 - Found 76 examples not building
2026-05-11 12:22:19,868 [INFO] DbExamples:125 - Found 11252 examples
2026-05-11 12:22:19,942 [ERROR] DbExamples:208 - Found 381 examples with invalid data (board or MCU)
2026-05-11 12:22:19,943 [INFO] DbExamples:222 - Found 140 boards with related examples
2026-05-11 12:22:19,943 [INFO] DbExamples:235 - Found 114 MCUs with related examples
2026-05-11 12:22:19,963 [INFO] ApiDb:414 - User favorites file not found: C:\Users\Pache/.stm32cubeide/favorites.examples.txt
2026-05-11 12:22:19,964 [INFO] DbExamples:250 - Set 0 / 0 favorites Examples
2026-05-11 12:22:20,763 [INFO] SoftwarePacks:127 - Download is needed for SW pack 'FP-ATR-ASTRA1_V2.0.0'
2026-05-11 12:22:20,763 [INFO] SoftwarePacks:127 - Download is needed for SW pack 'FP-SNS-FLIGHT1_V5.1.0'
2026-05-11 12:22:20,763 [INFO] SoftwarePacks:127 - Download is needed for SW pack 'FP-SNS-MOTENV1_V5.1.0'
2026-05-11 12:22:20,764 [INFO] SoftwarePacks:127 - Download is needed for SW pack 'FP-SNS-MOTENVWB1_V1.5.0'
2026-05-11 12:22:20,764 [INFO] SoftwarePacks:127 - Download is needed for SW pack 'FP-SNS-SMARTAG2_V1.2.0'
2026-05-11 12:22:20,764 [INFO] SoftwarePacks:127 - Download is needed for SW pack 'FP-SNS-STBOX1_V2.1.0'
2026-05-11 12:22:20,774 [INFO] SoftwarePacks:127 - Download is needed for SW pack 'STM32Cube_FW_C0_V1.4.0'
2026-05-11 12:22:20,781 [INFO] SoftwarePacks:131 - Found SW pack 'STM32Cube_FW_F4_V1.28.3' up-to-date on disk.
2026-05-11 12:22:20,790 [INFO] SoftwarePacks:127 - Download is needed for SW pack 'STM32Cube_FW_F7_V1.17.4'
2026-05-11 12:22:20,798 [INFO] SoftwarePacks:127 - Download is needed for SW pack 'STM32Cube_FW_G0_V1.6.3'
2026-05-11 12:22:20,807 [INFO] SoftwarePacks:127 - Download is needed for SW pack 'STM32Cube_FW_G4_V1.6.2'
2026-05-11 12:22:20,814 [INFO] SoftwarePacks:127 - Download is needed for SW pack 'STM32Cube_FW_H5_V1.6.0'
2026-05-11 12:22:20,825 [INFO] SoftwarePacks:127 - Download is needed for SW pack 'STM32Cube_FW_H7RS_V1.3.0'
2026-05-11 12:22:20,834 [INFO] SoftwarePacks:127 - Download is needed for SW pack 'STM32Cube_FW_H7_V1.13.0'
2026-05-11 12:22:20,842 [INFO] SoftwarePacks:127 - Download is needed for SW pack 'STM32Cube_FW_L0_V1.12.2'
2026-05-11 12:22:20,849 [INFO] SoftwarePacks:127 - Download is needed for SW pack 'STM32Cube_FW_L4_V1.18.2'
2026-05-11 12:22:20,857 [INFO] SoftwarePacks:127 - Download is needed for SW pack 'STM32Cube_FW_L5_V1.6.0'
2026-05-11 12:22:20,864 [INFO] SoftwarePacks:127 - Download is needed for SW pack 'STM32Cube_FW_N6_V1.3.0'
2026-05-11 12:22:20,871 [INFO] SoftwarePacks:127 - Download is needed for SW pack 'STM32Cube_FW_U0_V1.3.0'
2026-05-11 12:22:20,878 [INFO] SoftwarePacks:127 - Download is needed for SW pack 'STM32Cube_FW_U3_V1.3.0'
2026-05-11 12:22:20,885 [INFO] SoftwarePacks:127 - Download is needed for SW pack 'STM32Cube_FW_U5_V1.8.0'
2026-05-11 12:22:20,892 [INFO] SoftwarePacks:127 - Download is needed for SW pack 'STM32Cube_FW_WB0_V1.4.0'
2026-05-11 12:22:20,899 [INFO] SoftwarePacks:127 - Download is needed for SW pack 'STM32Cube_FW_WBA_V1.9.0'
2026-05-11 12:22:20,908 [INFO] SoftwarePacks:127 - Download is needed for SW pack 'STM32Cube_FW_WB_V1.24.0'
2026-05-11 12:22:20,914 [INFO] SoftwarePacks:127 - Download is needed for SW pack 'STM32Cube_FW_WL3_V1.4.0'
2026-05-11 12:22:20,923 [INFO] SoftwarePacks:127 - Download is needed for SW pack 'STM32Cube_FW_WL_V1.5.0'
2026-05-11 12:22:20,923 [INFO] SoftwarePacks:127 - Download is needed for SW pack 'X-CUBE-ALGOBUILD_V1.4.0'
2026-05-11 12:22:20,923 [INFO] SoftwarePacks:127 - Download is needed for SW pack 'X-CUBE-ALS_V1.0.2'
2026-05-11 12:22:20,923 [INFO] SoftwarePacks:127 - Download is needed for SW pack 'X-CUBE-AZRTOS-F4_V1.1.0'
2026-05-11 12:22:20,924 [INFO] SoftwarePacks:127 - Download is needed for SW pack 'X-CUBE-AZRTOS-F7_V1.1.0'
2026-05-11 12:22:20,924 [INFO] SoftwarePacks:127 - Download is needed for SW pack 'X-CUBE-AZRTOS-G0_V1.1.0'
2026-05-11 12:22:20,924 [INFO] SoftwarePacks:127 - Download is needed for SW pack 'X-CUBE-AZRTOS-G4_V2.0.0'
2026-05-11 12:22:20,924 [INFO] SoftwarePacks:127 - Download is needed for SW pack 'X-CUBE-AZRTOS-H7RS_V1.1.0'
2026-05-11 12:22:20,924 [INFO] SoftwarePacks:127 - Download is needed for SW pack 'X-CUBE-AZRTOS-H7_V3.5.0'
2026-05-11 12:22:20,924 [INFO] SoftwarePacks:127 - Download is needed for SW pack 'X-CUBE-AZRTOS-L4_V2.0.0'
2026-05-11 12:22:20,925 [INFO] SoftwarePacks:127 - Download is needed for SW pack 'X-CUBE-AZRTOS-L5_V2.0.0'
2026-05-11 12:22:20,925 [INFO] SoftwarePacks:127 - Download is needed for SW pack 'X-CUBE-AZRTOS-WB_V2.0.0'
2026-05-11 12:22:20,925 [INFO] SoftwarePacks:127 - Download is needed for SW pack 'X-CUBE-AZRTOS-WL_V2.0.0'
2026-05-11 12:22:20,925 [INFO] SoftwarePacks:127 - Download is needed for SW pack 'X-CUBE-BLE1_V7.1.0'
2026-05-11 12:22:20,925 [INFO] SoftwarePacks:127 - Download is needed for SW pack 'X-CUBE-BLE2_V3.3.0'
2026-05-11 12:22:20,925 [INFO] SoftwarePacks:127 - Download is needed for SW pack 'X-CUBE-BLEMGR_V4.1.0'
2026-05-11 12:22:20,925 [INFO] SoftwarePacks:127 - Download is needed for SW pack 'X-CUBE-EEPRMA1_V5.2.0'
2026-05-11 12:22:20,925 [INFO] SoftwarePacks:127 - Download is needed for SW pack 'X-CUBE-FREERTOS_V1.5.0'
2026-05-11 12:22:20,926 [INFO] SoftwarePacks:127 - Download is needed for SW pack 'X-CUBE-GNSS1_V6.0.0'
2026-05-11 12:22:20,926 [INFO] SoftwarePacks:127 - Download is needed for SW pack 'X-CUBE-MEMS1_V12.0.0'
2026-05-11 12:22:20,926 [INFO] SoftwarePacks:127 - Download is needed for SW pack 'X-CUBE-NFC4_V3.0.0'
2026-05-11 12:22:20,926 [INFO] SoftwarePacks:127 - Download is needed for SW pack 'X-CUBE-NFC7_V2.0.0'
2026-05-11 12:22:20,926 [INFO] SoftwarePacks:127 - Download is needed for SW pack 'X-CUBE-SFXS2LP1_V4.0.0'
2026-05-11 12:22:20,926 [INFO] SoftwarePacks:127 - Download is needed for SW pack 'X-CUBE-ST67W61_V1.2.0'
2026-05-11 12:22:20,926 [INFO] SoftwarePacks:127 - Download is needed for SW pack 'X-CUBE-SUBG2_V5.0.0'
2026-05-11 12:22:20,926 [INFO] SoftwarePacks:127 - Download is needed for SW pack 'X-CUBE-TOF1_V3.4.3'
2026-05-11 12:22:21,858 [INFO] LoadUrlFilesThread:185 - End of LoadServerUrlFiles without Thread
2026-05-11 12:22:21,858 [INFO] DetailPanel:341 - Set advertising image to C:/Users/Pache/STM32Cube/Repository/\en.prom-stm32wba2-stm32-nucleo-board-0426.png
2026-05-11 12:22:21,873 [ERROR] AppliInfo:139 - Unknown STM32CubeMX version: 6.15.0
2026-05-11 12:22:21,873 [ERROR] AppliInfo:139 - Unknown STM32CubeMX version: 6.15.0
2026-05-11 12:22:21,875 [ERROR] AppliInfo:139 - Unknown STM32CubeMX version: 6.15.0
2026-05-11 12:22:21,875 [ERROR] AppliInfo:139 - Unknown STM32CubeMX version: 6.15.0
2026-05-11 12:22:21,875 [ERROR] AppliInfo:139 - Unknown STM32CubeMX version: 6.15.0
2026-05-11 12:22:21,875 [ERROR] AppliInfo:139 - Unknown STM32CubeMX version: 6.15.0
2026-05-11 12:22:21,876 [ERROR] AppliInfo:139 - Unknown STM32CubeMX version: 6.16.1
2026-05-11 12:22:21,876 [ERROR] AppliInfo:139 - Unknown STM32CubeMX version: 6.16.1
2026-05-11 12:22:21,878 [ERROR] AppliInfo:139 - Unknown STM32CubeMX version: 6.14.1
2026-05-11 12:22:21,878 [ERROR] AppliInfo:139 - Unknown STM32CubeMX version: 6.14.1
2026-05-11 12:22:21,879 [ERROR] AppliInfo:139 - Unknown STM32CubeMX version: 6.14.1
2026-05-11 12:22:21,879 [ERROR] AppliInfo:139 - Unknown STM32CubeMX version: 6.14.1
2026-05-11 12:22:21,879 [ERROR] AppliInfo:139 - Unknown STM32CubeMX version: 6.14.1
2026-05-11 12:22:21,879 [ERROR] AppliInfo:139 - Unknown STM32CubeMX version: 6.14.1
2026-05-11 12:22:21,879 [ERROR] AppliInfo:139 - Unknown STM32CubeMX version: 6.14.1
2026-05-11 12:22:21,881 [ERROR] AppliInfo:139 - Unknown STM32CubeMX version: 6.14.1
2026-05-11 12:22:21,881 [ERROR] AppliInfo:139 - Unknown STM32CubeMX version: 6.14.1
2026-05-11 12:22:21,881 [ERROR] AppliInfo:139 - Unknown STM32CubeMX version: 6.14.1
2026-05-11 12:22:21,882 [ERROR] AppliInfo:139 - Unknown STM32CubeMX version: 6.14.1
2026-05-11 12:22:21,883 [ERROR] AppliInfo:139 - Unknown STM32CubeMX version: 6.14.1
2026-05-11 12:22:21,884 [ERROR] AppliInfo:139 - Unknown STM32CubeMX version: 6.14.1
2026-05-11 12:22:21,885 [ERROR] AppliInfo:139 - Unknown STM32CubeMX version: 6.14.1
2026-05-11 12:22:21,907 [ERROR] AppliInfo:139 - Unknown STM32CubeMX version: 6.14.0
2026-05-11 12:22:21,907 [ERROR] AppliInfo:139 - Unknown STM32CubeMX version: 6.14.0
2026-05-11 12:22:21,907 [ERROR] AppliInfo:139 - Unknown STM32CubeMX version: 6.14.0
2026-05-11 12:22:21,908 [ERROR] AppliInfo:139 - Unknown STM32CubeMX version: 6.14.0
2026-05-11 12:22:21,908 [ERROR] AppliInfo:139 - Unknown STM32CubeMX version: 6.14.0
2026-05-11 12:22:21,908 [ERROR] AppliInfo:139 - Unknown STM32CubeMX version: 6.14.0
2026-05-11 12:22:21,908 [ERROR] AppliInfo:139 - Unknown STM32CubeMX version: 6.14.0
2026-05-11 12:22:21,910 [ERROR] AppliInfo:139 - Unknown STM32CubeMX version: 6.14.0
2026-05-11 12:22:21,910 [ERROR] AppliInfo:139 - Unknown STM32CubeMX version: 6.14.0
2026-05-11 12:22:21,911 [ERROR] AppliInfo:139 - Unknown STM32CubeMX version: 6.14.0
2026-05-11 12:22:21,911 [ERROR] AppliInfo:139 - Unknown STM32CubeMX version: 6.14.0
2026-05-11 12:22:21,911 [ERROR] AppliInfo:139 - Unknown STM32CubeMX version: 6.14.0
2026-05-11 12:22:21,911 [ERROR] AppliInfo:139 - Unknown STM32CubeMX version: 6.14.0
2026-05-11 12:22:21,911 [ERROR] AppliInfo:139 - Unknown STM32CubeMX version: 6.14.0
2026-05-11 12:22:21,912 [ERROR] AppliInfo:139 - Unknown STM32CubeMX version: 6.14.0
2026-05-11 12:22:21,912 [ERROR] AppliInfo:139 - Unknown STM32CubeMX version: 6.14.0
2026-05-11 12:22:21,912 [ERROR] AppliInfo:139 - Unknown STM32CubeMX version: 6.14.0
2026-05-11 12:22:21,912 [ERROR] AppliInfo:139 - Unknown STM32CubeMX version: 6.14.0
2026-05-11 12:22:21,912 [ERROR] AppliInfo:139 - Unknown STM32CubeMX version: 6.14.0
2026-05-11 12:22:21,912 [ERROR] AppliInfo:139 - Unknown STM32CubeMX version: 6.14.0
2026-05-11 12:22:21,913 [ERROR] AppliInfo:139 - Unknown STM32CubeMX version: 6.14.0
2026-05-11 12:22:21,913 [ERROR] AppliInfo:139 - Unknown STM32CubeMX version: 6.14.0
2026-05-11 12:22:21,913 [ERROR] AppliInfo:139 - Unknown STM32CubeMX version: 6.14.0
2026-05-11 12:22:21,913 [ERROR] AppliInfo:139 - Unknown STM32CubeMX version: 6.14.0
2026-05-11 12:22:21,913 [ERROR] AppliInfo:139 - Unknown STM32CubeMX version: 6.14.0
2026-05-11 12:22:21,913 [ERROR] AppliInfo:139 - Unknown STM32CubeMX version: 6.14.0
2026-05-11 12:22:21,913 [ERROR] AppliInfo:139 - Unknown STM32CubeMX version: 6.14.0
2026-05-11 12:22:21,913 [ERROR] AppliInfo:139 - Unknown STM32CubeMX version: 6.14.0
2026-05-11 12:22:21,913 [ERROR] AppliInfo:139 - Unknown STM32CubeMX version: 6.14.0
2026-05-11 12:22:21,913 [ERROR] AppliInfo:139 - Unknown STM32CubeMX version: 6.14.0
2026-05-11 12:22:21,915 [ERROR] AppliInfo:139 - Unknown STM32CubeMX version: 6.14.0
2026-05-11 12:22:21,915 [ERROR] AppliInfo:139 - Unknown STM32CubeMX version: 6.14.0
2026-05-11 12:22:21,915 [ERROR] AppliInfo:139 - Unknown STM32CubeMX version: 6.14.0
2026-05-11 12:22:21,915 [ERROR] AppliInfo:139 - Unknown STM32CubeMX version: 6.14.0
2026-05-11 12:22:21,915 [ERROR] AppliInfo:139 - Unknown STM32CubeMX version: 6.14.0
2026-05-11 12:22:21,915 [ERROR] AppliInfo:139 - Unknown STM32CubeMX version: 6.14.0
2026-05-11 12:22:21,915 [ERROR] AppliInfo:139 - Unknown STM32CubeMX version: 6.14.0
2026-05-11 12:22:21,916 [ERROR] AppliInfo:139 - Unknown STM32CubeMX version: 6.14.0
2026-05-11 12:22:21,916 [ERROR] AppliInfo:139 - Unknown STM32CubeMX version: 6.14.0
2026-05-11 12:22:21,916 [ERROR] AppliInfo:139 - Unknown STM32CubeMX version: 6.14.0
2026-05-11 12:22:21,916 [ERROR] AppliInfo:139 - Unknown STM32CubeMX version: 6.14.0
2026-05-11 12:22:21,916 [ERROR] AppliInfo:139 - Unknown STM32CubeMX version: 6.14.0
2026-05-11 12:22:21,917 [ERROR] AppliInfo:139 - Unknown STM32CubeMX version: 6.14.0
2026-05-11 12:22:21,917 [ERROR] AppliInfo:139 - Unknown STM32CubeMX version: 6.14.0
2026-05-11 12:22:21,917 [ERROR] AppliInfo:139 - Unknown STM32CubeMX version: 6.14.0
2026-05-11 12:22:21,917 [ERROR] AppliInfo:139 - Unknown STM32CubeMX version: 6.14.0
2026-05-11 12:22:21,917 [ERROR] AppliInfo:139 - Unknown STM32CubeMX version: 6.14.0
2026-05-11 12:22:21,917 [ERROR] AppliInfo:139 - Unknown STM32CubeMX version: 6.14.0
2026-05-11 12:22:21,917 [ERROR] AppliInfo:139 - Unknown STM32CubeMX version: 6.14.0
2026-05-11 12:22:21,918 [ERROR] AppliInfo:139 - Unknown STM32CubeMX version: 6.14.0
2026-05-11 12:22:21,918 [ERROR] AppliInfo:139 - Unknown STM32CubeMX version: 6.14.0
2026-05-11 12:22:21,918 [ERROR] AppliInfo:139 - Unknown STM32CubeMX version: 6.14.0
2026-05-11 12:22:21,918 [ERROR] AppliInfo:139 - Unknown STM32CubeMX version: 6.14.0
2026-05-11 12:22:21,918 [ERROR] AppliInfo:139 - Unknown STM32CubeMX version: 6.14.0
2026-05-11 12:22:21,918 [ERROR] AppliInfo:139 - Unknown STM32CubeMX version: 6.14.0
2026-05-11 12:22:21,918 [ERROR] AppliInfo:139 - Unknown STM32CubeMX version: 6.14.0
2026-05-11 12:22:21,918 [ERROR] AppliInfo:139 - Unknown STM32CubeMX version: 6.14.0
2026-05-11 12:22:21,918 [ERROR] AppliInfo:139 - Unknown STM32CubeMX version: 6.14.0
2026-05-11 12:22:21,918 [ERROR] AppliInfo:139 - Unknown STM32CubeMX version: 6.14.0
2026-05-11 12:22:21,919 [ERROR] AppliInfo:139 - Unknown STM32CubeMX version: 6.14.0
2026-05-11 12:22:21,919 [ERROR] AppliInfo:139 - Unknown STM32CubeMX version: 6.14.0
2026-05-11 12:22:21,919 [ERROR] AppliInfo:139 - Unknown STM32CubeMX version: 6.14.0
2026-05-11 12:22:21,919 [ERROR] AppliInfo:139 - Unknown STM32CubeMX version: 6.14.0
2026-05-11 12:22:21,919 [ERROR] AppliInfo:139 - Unknown STM32CubeMX version: 6.14.0
2026-05-11 12:22:21,919 [ERROR] AppliInfo:139 - Unknown STM32CubeMX version: 6.14.0
2026-05-11 12:22:21,919 [ERROR] AppliInfo:139 - Unknown STM32CubeMX version: 6.14.0
2026-05-11 12:22:22,037 [ERROR] AppliInfo:139 - Unknown STM32CubeMX version: 6.15.0
2026-05-11 12:22:22,038 [ERROR] AppliInfo:139 - Unknown STM32CubeMX version: 6.15.0
2026-05-11 12:22:22,038 [ERROR] AppliInfo:139 - Unknown STM32CubeMX version: 6.15.0
2026-05-11 12:22:22,038 [ERROR] AppliInfo:139 - Unknown STM32CubeMX version: 6.15.0
2026-05-11 12:22:22,102 [ERROR] AppliInfo:139 - Unknown STM32CubeMX version: 6.15.0
2026-05-11 12:22:22,103 [ERROR] AppliInfo:139 - Unknown STM32CubeMX version: 6.15.0
2026-05-11 12:22:22,103 [ERROR] AppliInfo:139 - Unknown STM32CubeMX version: 6.15.0
2026-05-11 12:22:22,103 [ERROR] AppliInfo:139 - Unknown STM32CubeMX version: 6.15.0
2026-05-11 12:22:22,116 [ERROR] AppliInfo:139 - Unknown STM32CubeMX version: 6.15.0
2026-05-11 12:22:22,116 [ERROR] AppliInfo:139 - Unknown STM32CubeMX version: 6.15.0
2026-05-11 12:22:22,120 [ERROR] AppliInfo:139 - Unknown STM32CubeMX version: 6.17.0
2026-05-11 12:22:22,123 [ERROR] AppliInfo:139 - Unknown STM32CubeMX version: 6.14.0
2026-05-11 12:22:22,123 [ERROR] AppliInfo:139 - Unknown STM32CubeMX version: 6.14.0
2026-05-11 12:22:22,124 [ERROR] AppliInfo:139 - Unknown STM32CubeMX version: 6.14.0
2026-05-11 12:22:22,124 [ERROR] AppliInfo:139 - Unknown STM32CubeMX version: 6.14.0
2026-05-11 12:22:22,124 [ERROR] AppliInfo:139 - Unknown STM32CubeMX version: 6.14.0
2026-05-11 12:22:22,125 [ERROR] AppliInfo:139 - Unknown STM32CubeMX version: 6.17.0
2026-05-11 12:22:22,126 [ERROR] AppliInfo:139 - Unknown STM32CubeMX version: 6.17.0
2026-05-11 12:22:22,126 [ERROR] AppliInfo:139 - Unknown STM32CubeMX version: 6.17.0
2026-05-11 12:22:22,126 [ERROR] AppliInfo:139 - Unknown STM32CubeMX version: 6.17.0
2026-05-11 12:22:22,126 [ERROR] AppliInfo:139 - Unknown STM32CubeMX version: 6.17.0
2026-05-11 12:22:22,126 [ERROR] AppliInfo:139 - Unknown STM32CubeMX version: 6.17.0
2026-05-11 12:22:22,126 [ERROR] AppliInfo:139 - Unknown STM32CubeMX version: 6.17.0
2026-05-11 12:22:22,127 [ERROR] AppliInfo:139 - Unknown STM32CubeMX version: 6.17.0
2026-05-11 12:22:22,127 [ERROR] AppliInfo:139 - Unknown STM32CubeMX version: 6.14.0
2026-05-11 12:22:22,130 [ERROR] AppliInfo:139 - Unknown STM32CubeMX version: 6.14.0
2026-05-11 12:22:22,130 [ERROR] AppliInfo:139 - Unknown STM32CubeMX version: 6.14.0
2026-05-11 12:22:22,132 [ERROR] AppliInfo:139 - Unknown STM32CubeMX version: 6.17.0
2026-05-11 12:22:22,132 [ERROR] AppliInfo:139 - Unknown STM32CubeMX version: 6.17.0
2026-05-11 12:22:22,133 [ERROR] AppliInfo:139 - Unknown STM32CubeMX version: 6.17.0
2026-05-11 12:22:22,133 [ERROR] AppliInfo:139 - Unknown STM32CubeMX version: 6.17.0
2026-05-11 12:22:22,133 [ERROR] AppliInfo:139 - Unknown STM32CubeMX version: 6.17.0
2026-05-11 12:22:22,133 [ERROR] AppliInfo:139 - Unknown STM32CubeMX version: 6.17.0
2026-05-11 12:22:22,133 [ERROR] AppliInfo:139 - Unknown STM32CubeMX version: 6.17.0
2026-05-11 12:22:22,133 [ERROR] AppliInfo:139 - Unknown STM32CubeMX version: 6.17.0
2026-05-11 12:22:22,133 [ERROR] AppliInfo:139 - Unknown STM32CubeMX version: 6.17.0
2026-05-11 12:22:22,134 [ERROR] AppliInfo:139 - Unknown STM32CubeMX version: 6.17.0
2026-05-11 12:22:22,134 [ERROR] AppliInfo:139 - Unknown STM32CubeMX version: 6.17.0
2026-05-11 12:22:22,134 [ERROR] AppliInfo:139 - Unknown STM32CubeMX version: 6.17.0
2026-05-11 12:22:22,134 [ERROR] AppliInfo:139 - Unknown STM32CubeMX version: 6.17.0
2026-05-11 12:22:22,134 [ERROR] AppliInfo:139 - Unknown STM32CubeMX version: 6.17.0
2026-05-11 12:22:22,135 [ERROR] AppliInfo:139 - Unknown STM32CubeMX version: 6.17.0
2026-05-11 12:22:22,135 [ERROR] AppliInfo:139 - Unknown STM32CubeMX version: 6.17.0
2026-05-11 12:22:22,135 [ERROR] AppliInfo:139 - Unknown STM32CubeMX version: 6.17.0
2026-05-11 12:22:22,135 [ERROR] AppliInfo:139 - Unknown STM32CubeMX version: 6.17.0
2026-05-11 12:22:22,135 [ERROR] AppliInfo:139 - Unknown STM32CubeMX version: 6.17.0
2026-05-11 12:22:22,135 [ERROR] AppliInfo:139 - Unknown STM32CubeMX version: 6.17.0
2026-05-11 12:22:22,138 [ERROR] AppliInfo:139 - Unknown STM32CubeMX version: 6.14.0
2026-05-11 12:22:22,138 [ERROR] AppliInfo:139 - Unknown STM32CubeMX version: 6.14.0
2026-05-11 12:22:22,138 [ERROR] AppliInfo:139 - Unknown STM32CubeMX version: 6.14.0
2026-05-11 12:22:22,143 [ERROR] AppliInfo:139 - Unknown STM32CubeMX version: 6.17.0
2026-05-11 12:22:22,144 [ERROR] AppliInfo:139 - Unknown STM32CubeMX version: 6.17.0
2026-05-11 12:22:22,144 [ERROR] AppliInfo:139 - Unknown STM32CubeMX version: 6.17.0
2026-05-11 12:22:22,144 [ERROR] AppliInfo:139 - Unknown STM32CubeMX version: 6.17.0
2026-05-11 12:22:22,144 [ERROR] AppliInfo:139 - Unknown STM32CubeMX version: 6.14.0
2026-05-11 12:22:22,145 [ERROR] AppliInfo:139 - Unknown STM32CubeMX version: 6.17.0
2026-05-11 12:22:22,145 [ERROR] AppliInfo:139 - Unknown STM32CubeMX version: 6.17.0
2026-05-11 12:22:22,146 [ERROR] AppliInfo:139 - Unknown STM32CubeMX version: 6.17.0
2026-05-11 12:22:22,146 [ERROR] AppliInfo:139 - Unknown STM32CubeMX version: 6.17.0
2026-05-11 12:22:22,146 [ERROR] AppliInfo:139 - Unknown STM32CubeMX version: 6.17.0
2026-05-11 12:22:22,149 [ERROR] AppliInfo:139 - Unknown STM32CubeMX version: 6.17.0
2026-05-11 12:22:22,153 [ERROR] AppliInfo:139 - Unknown STM32CubeMX version: 6.17.0
2026-05-11 12:22:22,153 [ERROR] AppliInfo:139 - Unknown STM32CubeMX version: 6.17.0
2026-05-11 12:22:22,153 [ERROR] AppliInfo:139 - Unknown STM32CubeMX version: 6.17.0
2026-05-11 12:22:22,153 [ERROR] AppliInfo:139 - Unknown STM32CubeMX version: 6.17.0
2026-05-11 12:22:22,154 [ERROR] AppliInfo:139 - Unknown STM32CubeMX version: 6.14.0
2026-05-11 12:22:22,154 [ERROR] AppliInfo:139 - Unknown STM32CubeMX version: 6.17.0
2026-05-11 12:22:22,154 [ERROR] AppliInfo:139 - Unknown STM32CubeMX version: 6.17.0
2026-05-11 12:22:22,154 [ERROR] AppliInfo:139 - Unknown STM32CubeMX version: 6.17.0
2026-05-11 12:22:22,154 [ERROR] AppliInfo:139 - Unknown STM32CubeMX version: 6.17.0
2026-05-11 12:22:22,154 [ERROR] AppliInfo:139 - Unknown STM32CubeMX version: 6.17.0
2026-05-11 12:22:22,154 [ERROR] AppliInfo:139 - Unknown STM32CubeMX version: 6.17.0
2026-05-11 12:22:22,155 [ERROR] AppliInfo:139 - Unknown STM32CubeMX version: 6.17.0
2026-05-11 12:22:22,155 [ERROR] AppliInfo:139 - Unknown STM32CubeMX version: 6.17.0
2026-05-11 12:22:22,155 [ERROR] AppliInfo:139 - Unknown STM32CubeMX version: 6.17.0
2026-05-11 12:22:22,155 [ERROR] AppliInfo:139 - Unknown STM32CubeMX version: 6.17.0
2026-05-11 12:22:22,155 [ERROR] AppliInfo:139 - Unknown STM32CubeMX version: 6.17.0
2026-05-11 12:22:22,155 [ERROR] AppliInfo:139 - Unknown STM32CubeMX version: 6.17.0
2026-05-11 12:22:22,155 [ERROR] AppliInfo:139 - Unknown STM32CubeMX version: 6.17.0
2026-05-11 12:22:22,155 [ERROR] AppliInfo:139 - Unknown STM32CubeMX version: 6.17.0
2026-05-11 12:22:22,156 [ERROR] AppliInfo:139 - Unknown STM32CubeMX version: 6.17.0
2026-05-11 12:22:22,156 [ERROR] AppliInfo:139 - Unknown STM32CubeMX version: 6.17.0
2026-05-11 12:22:22,156 [ERROR] AppliInfo:139 - Unknown STM32CubeMX version: 6.17.0
2026-05-11 12:22:22,156 [ERROR] AppliInfo:139 - Unknown STM32CubeMX version: 6.17.0
2026-05-11 12:22:22,156 [ERROR] AppliInfo:139 - Unknown STM32CubeMX version: 6.17.0
2026-05-11 12:22:22,156 [ERROR] AppliInfo:139 - Unknown STM32CubeMX version: 6.17.0
2026-05-11 12:22:22,156 [ERROR] AppliInfo:139 - Unknown STM32CubeMX version: 6.17.0
2026-05-11 12:22:22,156 [ERROR] AppliInfo:139 - Unknown STM32CubeMX version: 6.17.0
2026-05-11 12:22:22,156 [ERROR] AppliInfo:139 - Unknown STM32CubeMX version: 6.17.0
2026-05-11 12:22:22,157 [ERROR] AppliInfo:139 - Unknown STM32CubeMX version: 6.17.0
2026-05-11 12:22:22,157 [ERROR] AppliInfo:139 - Unknown STM32CubeMX version: 6.17.0
2026-05-11 12:22:22,157 [ERROR] AppliInfo:139 - Unknown STM32CubeMX version: 6.17.0
2026-05-11 12:22:22,157 [ERROR] AppliInfo:139 - Unknown STM32CubeMX version: 6.17.0
2026-05-11 12:22:22,157 [ERROR] AppliInfo:139 - Unknown STM32CubeMX version: 6.17.0
2026-05-11 12:22:22,157 [ERROR] AppliInfo:139 - Unknown STM32CubeMX version: 6.17.0
2026-05-11 12:22:22,157 [ERROR] AppliInfo:139 - Unknown STM32CubeMX version: 6.17.0
2026-05-11 12:22:22,157 [ERROR] AppliInfo:139 - Unknown STM32CubeMX version: 6.17.0
2026-05-11 12:22:22,158 [ERROR] AppliInfo:139 - Unknown STM32CubeMX version: 6.17.0
2026-05-11 12:22:22,158 [ERROR] AppliInfo:139 - Unknown STM32CubeMX version: 6.17.0
2026-05-11 12:22:22,158 [ERROR] AppliInfo:139 - Unknown STM32CubeMX version: 6.17.0
2026-05-11 12:22:22,158 [ERROR] AppliInfo:139 - Unknown STM32CubeMX version: 6.17.0
2026-05-11 12:22:22,158 [ERROR] AppliInfo:139 - Unknown STM32CubeMX version: 6.17.0
2026-05-11 12:22:22,158 [ERROR] AppliInfo:139 - Unknown STM32CubeMX version: 6.17.0
2026-05-11 12:22:22,158 [ERROR] AppliInfo:139 - Unknown STM32CubeMX version: 6.17.0
2026-05-11 12:22:22,158 [ERROR] AppliInfo:139 - Unknown STM32CubeMX version: 6.17.0
2026-05-11 12:22:22,158 [ERROR] AppliInfo:139 - Unknown STM32CubeMX version: 6.17.0
2026-05-11 12:22:22,159 [ERROR] AppliInfo:139 - Unknown STM32CubeMX version: 6.17.0
2026-05-11 12:22:22,159 [ERROR] AppliInfo:139 - Unknown STM32CubeMX version: 6.17.0
2026-05-11 12:22:22,159 [ERROR] AppliInfo:139 - Unknown STM32CubeMX version: 6.17.0
2026-05-11 12:22:22,159 [ERROR] AppliInfo:139 - Unknown STM32CubeMX version: 6.17.0
2026-05-11 12:22:22,162 [ERROR] AppliInfo:139 - Unknown STM32CubeMX version: 6.17.0
2026-05-11 12:22:22,162 [ERROR] AppliInfo:139 - Unknown STM32CubeMX version: 6.17.0
2026-05-11 12:22:22,163 [ERROR] AppliInfo:139 - Unknown STM32CubeMX version: 6.17.0
2026-05-11 12:22:22,163 [ERROR] AppliInfo:139 - Unknown STM32CubeMX version: 6.17.0
2026-05-11 12:22:22,163 [ERROR] AppliInfo:139 - Unknown STM32CubeMX version: 6.17.0
2026-05-11 12:22:22,163 [ERROR] AppliInfo:139 - Unknown STM32CubeMX version: 6.17.0
2026-05-11 12:22:22,163 [ERROR] AppliInfo:139 - Unknown STM32CubeMX version: 6.17.0
2026-05-11 12:22:22,163 [ERROR] AppliInfo:139 - Unknown STM32CubeMX version: 6.17.0
2026-05-11 12:22:22,163 [ERROR] AppliInfo:139 - Unknown STM32CubeMX version: 6.17.0
2026-05-11 12:22:22,163 [ERROR] AppliInfo:139 - Unknown STM32CubeMX version: 6.17.0
2026-05-11 12:22:22,163 [ERROR] AppliInfo:139 - Unknown STM32CubeMX version: 6.17.0
2026-05-11 12:22:22,163 [ERROR] AppliInfo:139 - Unknown STM32CubeMX version: 6.17.0
2026-05-11 12:22:22,164 [ERROR] AppliInfo:139 - Unknown STM32CubeMX version: 6.17.0
2026-05-11 12:22:22,164 [ERROR] AppliInfo:139 - Unknown STM32CubeMX version: 6.17.0
2026-05-11 12:22:22,164 [ERROR] AppliInfo:139 - Unknown STM32CubeMX version: 6.17.0
2026-05-11 12:22:22,164 [ERROR] AppliInfo:139 - Unknown STM32CubeMX version: 6.17.0
2026-05-11 12:22:22,164 [ERROR] AppliInfo:139 - Unknown STM32CubeMX version: 6.17.0
2026-05-11 12:22:22,164 [ERROR] AppliInfo:139 - Unknown STM32CubeMX version: 6.17.0
2026-05-11 12:22:22,164 [ERROR] AppliInfo:139 - Unknown STM32CubeMX version: 6.17.0
2026-05-11 12:22:22,164 [ERROR] AppliInfo:139 - Unknown STM32CubeMX version: 6.17.0
2026-05-11 12:22:22,164 [ERROR] AppliInfo:139 - Unknown STM32CubeMX version: 6.17.0
2026-05-11 12:22:22,165 [ERROR] AppliInfo:139 - Unknown STM32CubeMX version: 6.17.0
2026-05-11 12:22:22,165 [ERROR] AppliInfo:139 - Unknown STM32CubeMX version: 6.17.0
2026-05-11 12:22:22,165 [ERROR] AppliInfo:139 - Unknown STM32CubeMX version: 6.17.0
2026-05-11 12:22:22,165 [ERROR] AppliInfo:139 - Unknown STM32CubeMX version: 6.17.0
2026-05-11 12:22:22,165 [ERROR] AppliInfo:139 - Unknown STM32CubeMX version: 6.17.0
2026-05-11 12:22:22,165 [ERROR] AppliInfo:139 - Unknown STM32CubeMX version: 6.17.0
2026-05-11 12:22:22,165 [ERROR] AppliInfo:139 - Unknown STM32CubeMX version: 6.17.0
2026-05-11 12:22:22,165 [ERROR] AppliInfo:139 - Unknown STM32CubeMX version: 6.17.0
2026-05-11 12:22:22,166 [ERROR] AppliInfo:139 - Unknown STM32CubeMX version: 6.17.0
2026-05-11 12:22:22,247 [ERROR] AppliInfo:139 - Unknown STM32CubeMX version: 6.14.0
2026-05-11 12:22:22,247 [ERROR] AppliInfo:139 - Unknown STM32CubeMX version: 6.14.0
2026-05-11 12:22:22,248 [ERROR] AppliInfo:139 - Unknown STM32CubeMX version: 6.14.0
2026-05-11 12:22:22,248 [ERROR] AppliInfo:139 - Unknown STM32CubeMX version: 6.16.0
2026-05-11 12:22:22,248 [ERROR] AppliInfo:139 - Unknown STM32CubeMX version: 6.16.0
2026-05-11 12:22:22,248 [ERROR] AppliInfo:139 - Unknown STM32CubeMX version: 6.16.0
2026-05-11 12:22:22,248 [ERROR] AppliInfo:139 - Unknown STM32CubeMX version: 6.16.0
2026-05-11 12:22:22,248 [ERROR] AppliInfo:139 - Unknown STM32CubeMX version: 6.16.0
2026-05-11 12:22:22,248 [ERROR] AppliInfo:139 - Unknown STM32CubeMX version: 6.14.0
2026-05-11 12:22:22,248 [ERROR] AppliInfo:139 - Unknown STM32CubeMX version: 6.14.0
2026-05-11 12:22:22,248 [ERROR] AppliInfo:139 - Unknown STM32CubeMX version: 6.14.0
2026-05-11 12:22:22,248 [ERROR] AppliInfo:139 - Unknown STM32CubeMX version: 6.14.0
2026-05-11 12:22:22,250 [ERROR] AppliInfo:139 - Unknown STM32CubeMX version: 6.15.0
2026-05-11 12:22:22,250 [ERROR] AppliInfo:139 - Unknown STM32CubeMX version: 6.15.0
2026-05-11 12:22:22,250 [ERROR] AppliInfo:139 - Unknown STM32CubeMX version: 6.15.0
2026-05-11 12:22:22,250 [ERROR] AppliInfo:139 - Unknown STM32CubeMX version: 6.15.0
2026-05-11 12:22:22,250 [ERROR] AppliInfo:139 - Unknown STM32CubeMX version: 6.15.0
2026-05-11 12:22:22,250 [ERROR] AppliInfo:139 - Unknown STM32CubeMX version: 6.15.0
2026-05-11 12:22:22,250 [ERROR] AppliInfo:139 - Unknown STM32CubeMX version: 6.15.0
2026-05-11 12:22:22,255 [ERROR] AppliInfo:139 - Unknown STM32CubeMX version: 6.15.0
2026-05-11 12:22:22,257 [ERROR] AppliInfo:139 - Unknown STM32CubeMX version: 6.14.0
2026-05-11 12:22:22,257 [ERROR] AppliInfo:139 - Unknown STM32CubeMX version: 6.14.0
2026-05-11 12:22:22,257 [ERROR] AppliInfo:139 - Unknown STM32CubeMX version: 6.14.0
2026-05-11 12:22:22,257 [ERROR] AppliInfo:139 - Unknown STM32CubeMX version: 6.14.0
2026-05-11 12:22:22,257 [ERROR] AppliInfo:139 - Unknown STM32CubeMX version: 6.14.0
2026-05-11 12:22:22,258 [ERROR] AppliInfo:139 - Unknown STM32CubeMX version: 6.14.0
2026-05-11 12:22:22,258 [ERROR] AppliInfo:139 - Unknown STM32CubeMX version: 6.14.0
2026-05-11 12:22:22,258 [ERROR] AppliInfo:139 - Unknown STM32CubeMX version: 6.14.0
2026-05-11 12:22:22,258 [ERROR] AppliInfo:139 - Unknown STM32CubeMX version: 6.14.0
2026-05-11 12:22:22,259 [ERROR] AppliInfo:139 - Unknown STM32CubeMX version: 6.16.0
2026-05-11 12:22:22,259 [ERROR] AppliInfo:139 - Unknown STM32CubeMX version: 6.16.0
2026-05-11 12:22:22,260 [ERROR] AppliInfo:139 - Unknown STM32CubeMX version: 6.16.0
2026-05-11 12:22:22,261 [ERROR] AppliInfo:139 - Unknown STM32CubeMX version: 6.14.0
2026-05-11 12:22:22,261 [ERROR] AppliInfo:139 - Unknown STM32CubeMX version: 6.14.0
2026-05-11 12:22:22,261 [ERROR] AppliInfo:139 - Unknown STM32CubeMX version: 6.16.0
2026-05-11 12:22:22,364 [ERROR] AppliInfo:139 - Unknown STM32CubeMX version: 6.16.0
2026-05-11 12:22:22,365 [ERROR] AppliInfo:139 - Unknown STM32CubeMX version: 6.16.0
2026-05-11 12:22:22,381 [ERROR] AppliInfo:139 - Unknown STM32CubeMX version: 6.16.0
2026-05-11 12:22:22,382 [ERROR] AppliInfo:139 - Unknown STM32CubeMX version: 6.16.0
2026-05-11 12:22:22,382 [ERROR] AppliInfo:139 - Unknown STM32CubeMX version: 6.16.0
2026-05-11 12:22:22,383 [ERROR] AppliInfo:139 - Unknown STM32CubeMX version: 6.16.0
2026-05-11 12:22:22,383 [ERROR] AppliInfo:139 - Unknown STM32CubeMX version: 6.16.0
2026-05-11 12:22:22,383 [ERROR] AppliInfo:139 - Unknown STM32CubeMX version: 6.16.0
2026-05-11 12:22:22,384 [ERROR] AppliInfo:139 - Unknown STM32CubeMX version: 6.16.0
2026-05-11 12:22:22,384 [ERROR] AppliInfo:139 - Unknown STM32CubeMX version: 6.16.0
2026-05-11 12:22:22,384 [ERROR] AppliInfo:139 - Unknown STM32CubeMX version: 6.16.0
2026-05-11 12:22:22,384 [ERROR] AppliInfo:139 - Unknown STM32CubeMX version: 6.16.0
2026-05-11 12:22:22,384 [ERROR] AppliInfo:139 - Unknown STM32CubeMX version: 6.16.0
2026-05-11 12:22:22,384 [ERROR] AppliInfo:139 - Unknown STM32CubeMX version: 6.15.0
2026-05-11 12:22:22,384 [ERROR] AppliInfo:139 - Unknown STM32CubeMX version: 6.16.0
2026-05-11 12:22:22,385 [ERROR] AppliInfo:139 - Unknown STM32CubeMX version: 6.14.0
2026-05-11 12:22:22,385 [ERROR] AppliInfo:139 - Unknown STM32CubeMX version: 6.15.0
2026-05-11 12:22:22,385 [ERROR] AppliInfo:139 - Unknown STM32CubeMX version: 6.16.0
2026-05-11 12:22:22,385 [ERROR] AppliInfo:139 - Unknown STM32CubeMX version: 6.16.0
2026-05-11 12:22:22,386 [ERROR] AppliInfo:139 - Unknown STM32CubeMX version: 6.15.0
2026-05-11 12:22:22,386 [ERROR] AppliInfo:139 - Unknown STM32CubeMX version: 6.15.0
2026-05-11 12:22:22,386 [ERROR] AppliInfo:139 - Unknown STM32CubeMX version: 6.16.0
2026-05-11 12:22:22,386 [ERROR] AppliInfo:139 - Unknown STM32CubeMX version: 6.16.0
2026-05-11 12:22:22,386 [ERROR] AppliInfo:139 - Unknown STM32CubeMX version: 6.16.0
2026-05-11 12:22:22,386 [ERROR] AppliInfo:139 - Unknown STM32CubeMX version: 6.16.0
2026-05-11 12:22:22,387 [ERROR] AppliInfo:139 - Unknown STM32CubeMX version: 6.14.0
2026-05-11 12:22:22,387 [ERROR] AppliInfo:139 - Unknown STM32CubeMX version: 6.15.0
2026-05-11 12:22:22,387 [ERROR] AppliInfo:139 - Unknown STM32CubeMX version: 6.15.0
2026-05-11 12:22:22,387 [ERROR] AppliInfo:139 - Unknown STM32CubeMX version: 6.15.0
2026-05-11 12:22:22,388 [ERROR] AppliInfo:139 - Unknown STM32CubeMX version: 6.15.0
2026-05-11 12:22:22,388 [ERROR] AppliInfo:139 - Unknown STM32CubeMX version: 6.15.0
2026-05-11 12:22:22,388 [ERROR] AppliInfo:139 - Unknown STM32CubeMX version: 6.15.0
2026-05-11 12:22:22,388 [ERROR] AppliInfo:139 - Unknown STM32CubeMX version: 6.16.0
2026-05-11 12:22:22,389 [ERROR] AppliInfo:139 - Unknown STM32CubeMX version: 6.16.0
2026-05-11 12:22:22,389 [ERROR] AppliInfo:139 - Unknown STM32CubeMX version: 6.16.0
2026-05-11 12:22:22,389 [ERROR] AppliInfo:139 - Unknown STM32CubeMX version: 6.16.0
2026-05-11 12:22:22,389 [ERROR] AppliInfo:139 - Unknown STM32CubeMX version: 6.16.0
2026-05-11 12:22:22,389 [ERROR] AppliInfo:139 - Unknown STM32CubeMX version: 6.16.0
2026-05-11 12:22:22,390 [ERROR] AppliInfo:139 - Unknown STM32CubeMX version: 6.14.0
2026-05-11 12:22:22,390 [ERROR] AppliInfo:139 - Unknown STM32CubeMX version: 6.16.0
2026-05-11 12:22:22,390 [ERROR] AppliInfo:139 - Unknown STM32CubeMX version: 6.16.0
2026-05-11 12:22:22,391 [ERROR] AppliInfo:139 - Unknown STM32CubeMX version: 6.15.0
2026-05-11 12:22:22,391 [ERROR] AppliInfo:139 - Unknown STM32CubeMX version: 6.15.0
2026-05-11 12:22:22,391 [ERROR] AppliInfo:139 - Unknown STM32CubeMX version: 6.14.0
2026-05-11 12:22:22,391 [ERROR] AppliInfo:139 - Unknown STM32CubeMX version: 6.16.0
2026-05-11 12:22:22,391 [ERROR] AppliInfo:139 - Unknown STM32CubeMX version: 6.16.0
2026-05-11 12:22:22,392 [ERROR] AppliInfo:139 - Unknown STM32CubeMX version: 6.16.0
2026-05-11 12:22:22,392 [ERROR] AppliInfo:139 - Unknown STM32CubeMX version: 6.15.0
2026-05-11 12:22:22,392 [ERROR] AppliInfo:139 - Unknown STM32CubeMX version: 6.15.0
2026-05-11 12:22:22,392 [ERROR] AppliInfo:139 - Unknown STM32CubeMX version: 6.15.0
2026-05-11 12:22:22,392 [ERROR] AppliInfo:139 - Unknown STM32CubeMX version: 6.16.0
2026-05-11 12:22:22,392 [ERROR] AppliInfo:139 - Unknown STM32CubeMX version: 6.16.0
2026-05-11 12:22:22,393 [ERROR] AppliInfo:139 - Unknown STM32CubeMX version: 6.14.0
2026-05-11 12:22:22,393 [ERROR] AppliInfo:139 - Unknown STM32CubeMX version: 6.16.0
2026-05-11 12:22:22,393 [ERROR] AppliInfo:139 - Unknown STM32CubeMX version: 6.16.0
2026-05-11 12:22:22,393 [ERROR] AppliInfo:139 - Unknown STM32CubeMX version: 6.16.0
2026-05-11 12:22:22,394 [ERROR] AppliInfo:139 - Unknown STM32CubeMX version: 6.16.0
2026-05-11 12:22:22,394 [ERROR] AppliInfo:139 - Unknown STM32CubeMX version: 6.14.0
2026-05-11 12:22:22,394 [ERROR] AppliInfo:139 - Unknown STM32CubeMX version: 6.14.0
2026-05-11 12:22:22,394 [ERROR] AppliInfo:139 - Unknown STM32CubeMX version: 6.14.0
2026-05-11 12:22:22,394 [ERROR] AppliInfo:139 - Unknown STM32CubeMX version: 6.14.0
2026-05-11 12:22:22,394 [ERROR] AppliInfo:139 - Unknown STM32CubeMX version: 6.14.0
2026-05-11 12:22:22,395 [ERROR] AppliInfo:139 - Unknown STM32CubeMX version: 6.14.0
2026-05-11 12:22:22,395 [ERROR] AppliInfo:139 - Unknown STM32CubeMX version: 6.14.0
2026-05-11 12:22:22,395 [ERROR] AppliInfo:139 - Unknown STM32CubeMX version: 6.16.0
2026-05-11 12:22:22,395 [ERROR] AppliInfo:139 - Unknown STM32CubeMX version: 6.16.0
2026-05-11 12:22:22,395 [ERROR] AppliInfo:139 - Unknown STM32CubeMX version: 6.16.0
2026-05-11 12:22:22,395 [ERROR] AppliInfo:139 - Unknown STM32CubeMX version: 6.14.0
2026-05-11 12:22:22,395 [ERROR] AppliInfo:139 - Unknown STM32CubeMX version: 6.14.0
2026-05-11 12:22:22,395 [ERROR] AppliInfo:139 - Unknown STM32CubeMX version: 6.16.0
2026-05-11 12:22:22,395 [ERROR] AppliInfo:139 - Unknown STM32CubeMX version: 6.14.0
2026-05-11 12:22:22,395 [ERROR] AppliInfo:139 - Unknown STM32CubeMX version: 6.14.0
2026-05-11 12:22:22,395 [ERROR] AppliInfo:139 - Unknown STM32CubeMX version: 6.14.0
2026-05-11 12:22:22,396 [ERROR] AppliInfo:139 - Unknown STM32CubeMX version: 6.14.0
2026-05-11 12:22:22,396 [ERROR] AppliInfo:139 - Unknown STM32CubeMX version: 6.14.0
2026-05-11 12:22:22,412 [ERROR] AppliInfo:139 - Unknown STM32CubeMX version: 6.17.0
2026-05-11 12:22:22,425 [ERROR] AppliInfo:139 - Unknown STM32CubeMX version: 6.17.0
2026-05-11 12:22:22,425 [ERROR] AppliInfo:139 - Unknown STM32CubeMX version: 6.17.0
2026-05-11 12:22:22,426 [ERROR] AppliInfo:139 - Unknown STM32CubeMX version: 6.14.0
2026-05-11 12:22:22,429 [ERROR] AppliInfo:139 - Unknown STM32CubeMX version: 6.14.0
2026-05-11 12:22:22,430 [ERROR] AppliInfo:139 - Unknown STM32CubeMX version: 6.14.0
2026-05-11 12:22:22,430 [ERROR] AppliInfo:139 - Unknown STM32CubeMX version: 6.14.0
2026-05-11 12:22:22,430 [ERROR] AppliInfo:139 - Unknown STM32CubeMX version: 6.17.0
2026-05-11 12:22:22,431 [ERROR] AppliInfo:139 - Unknown STM32CubeMX version: 6.17.0
2026-05-11 12:22:22,431 [ERROR] AppliInfo:139 - Unknown STM32CubeMX version: 6.17.0
2026-05-11 12:22:22,431 [ERROR] AppliInfo:139 - Unknown STM32CubeMX version: 6.17.0
2026-05-11 12:22:22,431 [ERROR] AppliInfo:139 - Unknown STM32CubeMX version: 6.17.0
2026-05-11 12:22:22,432 [ERROR] AppliInfo:139 - Unknown STM32CubeMX version: 6.17.0
2026-05-11 12:22:22,432 [ERROR] AppliInfo:139 - Unknown STM32CubeMX version: 6.17.0
2026-05-11 12:22:22,432 [ERROR] AppliInfo:139 - Unknown STM32CubeMX version: 6.17.0
2026-05-11 12:22:22,432 [ERROR] AppliInfo:139 - Unknown STM32CubeMX version: 6.17.0
2026-05-11 12:22:22,432 [ERROR] AppliInfo:139 - Unknown STM32CubeMX version: 6.17.0
2026-05-11 12:22:22,432 [ERROR] AppliInfo:139 - Unknown STM32CubeMX version: 6.17.0
2026-05-11 12:22:22,433 [ERROR] AppliInfo:139 - Unknown STM32CubeMX version: 6.17.0
2026-05-11 12:22:22,433 [ERROR] AppliInfo:139 - Unknown STM32CubeMX version: 6.17.0
2026-05-11 12:22:22,433 [ERROR] AppliInfo:139 - Unknown STM32CubeMX version: 6.17.0
2026-05-11 12:22:22,433 [ERROR] AppliInfo:139 - Unknown STM32CubeMX version: 6.17.0
2026-05-11 12:22:22,434 [ERROR] AppliInfo:139 - Unknown STM32CubeMX version: 6.17.0
2026-05-11 12:22:22,434 [ERROR] AppliInfo:139 - Unknown STM32CubeMX version: 6.17.0
2026-05-11 12:22:22,434 [ERROR] AppliInfo:139 - Unknown STM32CubeMX version: 6.14.0
2026-05-11 12:22:22,435 [ERROR] AppliInfo:139 - Unknown STM32CubeMX version: 6.17.0
2026-05-11 12:22:22,435 [ERROR] AppliInfo:139 - Unknown STM32CubeMX version: 6.14.0
2026-05-11 12:22:22,435 [ERROR] AppliInfo:139 - Unknown STM32CubeMX version: 6.14.0
2026-05-11 12:22:22,438 [ERROR] AppliInfo:139 - Unknown STM32CubeMX version: 6.14.0
2026-05-11 12:22:22,438 [ERROR] AppliInfo:139 - Unknown STM32CubeMX version: 6.14.0
2026-05-11 12:22:22,438 [ERROR] AppliInfo:139 - Unknown STM32CubeMX version: 6.14.0
2026-05-11 12:22:22,443 [ERROR] AppliInfo:139 - Unknown STM32CubeMX version: 6.17.0
2026-05-11 12:22:22,444 [ERROR] AppliInfo:139 - Unknown STM32CubeMX version: 6.17.0
2026-05-11 12:22:22,444 [ERROR] AppliInfo:139 - Unknown STM32CubeMX version: 6.17.0
2026-05-11 12:22:22,446 [ERROR] AppliInfo:139 - Unknown STM32CubeMX version: 6.17.0
2026-05-11 12:22:22,446 [ERROR] AppliInfo:139 - Unknown STM32CubeMX version: 6.17.0
2026-05-11 12:22:22,446 [ERROR] AppliInfo:139 - Unknown STM32CubeMX version: 6.17.0
2026-05-11 12:22:22,447 [ERROR] AppliInfo:139 - Unknown STM32CubeMX version: 6.14.0
2026-05-11 12:22:22,448 [ERROR] AppliInfo:139 - Unknown STM32CubeMX version: 6.17.0
2026-05-11 12:22:22,448 [ERROR] AppliInfo:139 - Unknown STM32CubeMX version: 6.15.0
2026-05-11 12:22:22,448 [ERROR] AppliInfo:139 - Unknown STM32CubeMX version: 6.15.0
2026-05-11 12:22:22,449 [ERROR] AppliInfo:139 - Unknown STM32CubeMX version: 6.14.0
2026-05-11 12:22:22,449 [ERROR] AppliInfo:139 - Unknown STM32CubeMX version: 6.17.0
2026-05-11 12:22:22,449 [ERROR] AppliInfo:139 - Unknown STM32CubeMX version: 6.17.0
2026-05-11 12:22:22,449 [ERROR] AppliInfo:139 - Unknown STM32CubeMX version: 6.17.0
2026-05-11 12:22:22,449 [ERROR] AppliInfo:139 - Unknown STM32CubeMX version: 6.17.0
2026-05-11 12:22:22,449 [ERROR] AppliInfo:139 - Unknown STM32CubeMX version: 6.17.0
2026-05-11 12:22:22,449 [ERROR] AppliInfo:139 - Unknown STM32CubeMX version: 6.17.0
2026-05-11 12:22:22,449 [ERROR] AppliInfo:139 - Unknown STM32CubeMX version: 6.17.0
2026-05-11 12:22:22,449 [ERROR] AppliInfo:139 - Unknown STM32CubeMX version: 6.17.0
2026-05-11 12:22:22,449 [ERROR] AppliInfo:139 - Unknown STM32CubeMX version: 6.17.0
2026-05-11 12:22:22,450 [ERROR] AppliInfo:139 - Unknown STM32CubeMX version: 6.17.0
2026-05-11 12:22:22,450 [ERROR] AppliInfo:139 - Unknown STM32CubeMX version: 6.17.0
2026-05-11 12:22:22,450 [ERROR] AppliInfo:139 - Unknown STM32CubeMX version: 6.17.0
2026-05-11 12:22:22,450 [ERROR] AppliInfo:139 - Unknown STM32CubeMX version: 6.17.0
2026-05-11 12:22:22,450 [ERROR] AppliInfo:139 - Unknown STM32CubeMX version: 6.17.0
2026-05-11 12:22:22,450 [ERROR] AppliInfo:139 - Unknown STM32CubeMX version: 6.17.0
2026-05-11 12:22:22,450 [ERROR] AppliInfo:139 - Unknown STM32CubeMX version: 6.17.0
2026-05-11 12:22:22,450 [ERROR] AppliInfo:139 - Unknown STM32CubeMX version: 6.17.0
2026-05-11 12:22:22,450 [ERROR] AppliInfo:139 - Unknown STM32CubeMX version: 6.17.0
2026-05-11 12:22:22,450 [ERROR] AppliInfo:139 - Unknown STM32CubeMX version: 6.17.0
2026-05-11 12:22:22,450 [ERROR] AppliInfo:139 - Unknown STM32CubeMX version: 6.17.0
2026-05-11 12:22:22,450 [ERROR] AppliInfo:139 - Unknown STM32CubeMX version: 6.17.0
2026-05-11 12:22:22,450 [ERROR] AppliInfo:139 - Unknown STM32CubeMX version: 6.17.0
2026-05-11 12:22:22,450 [ERROR] AppliInfo:139 - Unknown STM32CubeMX version: 6.17.0
2026-05-11 12:22:22,450 [ERROR] AppliInfo:139 - Unknown STM32CubeMX version: 6.17.0
2026-05-11 12:22:22,451 [ERROR] AppliInfo:139 - Unknown STM32CubeMX version: 6.17.0
2026-05-11 12:22:22,451 [ERROR] AppliInfo:139 - Unknown STM32CubeMX version: 6.17.0
2026-05-11 12:22:22,451 [ERROR] AppliInfo:139 - Unknown STM32CubeMX version: 6.17.0
2026-05-11 12:22:22,451 [ERROR] AppliInfo:139 - Unknown STM32CubeMX version: 6.17.0
2026-05-11 12:22:22,451 [ERROR] AppliInfo:139 - Unknown STM32CubeMX version: 6.17.0
2026-05-11 12:22:22,451 [ERROR] AppliInfo:139 - Unknown STM32CubeMX version: 6.17.0
2026-05-11 12:22:22,451 [ERROR] AppliInfo:139 - Unknown STM32CubeMX version: 6.17.0
2026-05-11 12:22:22,451 [ERROR] AppliInfo:139 - Unknown STM32CubeMX version: 6.17.0
2026-05-11 12:22:22,451 [ERROR] AppliInfo:139 - Unknown STM32CubeMX version: 6.17.0
2026-05-11 12:22:22,451 [ERROR] AppliInfo:139 - Unknown STM32CubeMX version: 6.17.0
2026-05-11 12:22:22,451 [ERROR] AppliInfo:139 - Unknown STM32CubeMX version: 6.17.0
2026-05-11 12:22:22,452 [ERROR] AppliInfo:139 - Unknown STM32CubeMX version: 6.17.0
2026-05-11 12:22:22,452 [ERROR] AppliInfo:139 - Unknown STM32CubeMX version: 6.17.0
2026-05-11 12:22:22,452 [ERROR] AppliInfo:139 - Unknown STM32CubeMX version: 6.17.0
2026-05-11 12:22:22,452 [ERROR] AppliInfo:139 - Unknown STM32CubeMX version: 6.17.0
2026-05-11 12:22:22,452 [ERROR] AppliInfo:139 - Unknown STM32CubeMX version: 6.17.0
2026-05-11 12:22:22,452 [ERROR] AppliInfo:139 - Unknown STM32CubeMX version: 6.17.0
2026-05-11 12:22:22,452 [ERROR] AppliInfo:139 - Unknown STM32CubeMX version: 6.17.0
2026-05-11 12:22:22,452 [ERROR] AppliInfo:139 - Unknown STM32CubeMX version: 6.17.0
2026-05-11 12:22:22,452 [ERROR] AppliInfo:139 - Unknown STM32CubeMX version: 6.17.0
2026-05-11 12:22:22,452 [ERROR] AppliInfo:139 - Unknown STM32CubeMX version: 6.17.0
2026-05-11 12:22:22,452 [ERROR] AppliInfo:139 - Unknown STM32CubeMX version: 6.17.0
2026-05-11 12:22:22,452 [ERROR] AppliInfo:139 - Unknown STM32CubeMX version: 6.17.0
2026-05-11 12:22:22,453 [ERROR] AppliInfo:139 - Unknown STM32CubeMX version: 6.17.0
2026-05-11 12:22:22,453 [ERROR] AppliInfo:139 - Unknown STM32CubeMX version: 6.17.0
2026-05-11 12:22:22,453 [ERROR] AppliInfo:139 - Unknown STM32CubeMX version: 6.17.0
2026-05-11 12:22:22,453 [ERROR] AppliInfo:139 - Unknown STM32CubeMX version: 6.17.0
2026-05-11 12:22:22,453 [ERROR] AppliInfo:139 - Unknown STM32CubeMX version: 6.17.0
2026-05-11 12:22:22,453 [ERROR] AppliInfo:139 - Unknown STM32CubeMX version: 6.17.0
2026-05-11 12:22:22,453 [ERROR] AppliInfo:139 - Unknown STM32CubeMX version: 6.17.0
2026-05-11 12:22:22,463 [ERROR] AppliInfo:139 - Unknown STM32CubeMX version: 6.15.0
2026-05-11 12:22:22,463 [ERROR] AppliInfo:139 - Unknown STM32CubeMX version: 6.15.0
2026-05-11 12:22:22,465 [ERROR] AppliInfo:139 - Unknown STM32CubeMX version: 6.15.0
2026-05-11 12:22:22,465 [ERROR] AppliInfo:139 - Unknown STM32CubeMX version: 6.15.0
2026-05-11 12:22:22,465 [ERROR] AppliInfo:139 - Unknown STM32CubeMX version: 6.15.0
2026-05-11 12:22:22,469 [ERROR] AppliInfo:139 - Unknown STM32CubeMX version: 6.15.0
2026-05-11 12:22:22,470 [ERROR] AppliInfo:139 - Unknown STM32CubeMX version: 6.15.0
2026-05-11 12:22:22,471 [ERROR] AppliInfo:139 - Unknown STM32CubeMX version: 6.16.0
2026-05-11 12:22:22,475 [ERROR] AppliInfo:139 - Unknown STM32CubeMX version: 6.14.0
2026-05-11 12:22:22,477 [ERROR] AppliInfo:139 - Unknown STM32CubeMX version: 6.16.0
2026-05-11 12:22:22,477 [ERROR] AppliInfo:139 - Unknown STM32CubeMX version: 6.16.0
2026-05-11 12:22:22,477 [ERROR] AppliInfo:139 - Unknown STM32CubeMX version: 6.16.0
2026-05-11 12:22:22,477 [ERROR] AppliInfo:139 - Unknown STM32CubeMX version: 6.16.0
2026-05-11 12:22:22,477 [ERROR] AppliInfo:139 - Unknown STM32CubeMX version: 6.16.0
2026-05-11 12:22:22,477 [ERROR] AppliInfo:139 - Unknown STM32CubeMX version: 6.16.0
2026-05-11 12:22:22,494 [ERROR] AppliInfo:139 - Unknown STM32CubeMX version: 6.14.0
2026-05-11 12:22:22,495 [ERROR] AppliInfo:139 - Unknown STM32CubeMX version: 6.14.0
2026-05-11 12:22:22,495 [ERROR] AppliInfo:139 - Unknown STM32CubeMX version: 6.14.0
2026-05-11 12:22:22,495 [ERROR] AppliInfo:139 - Unknown STM32CubeMX version: 6.12.1
2026-05-11 12:22:22,495 [ERROR] AppliInfo:139 - Unknown STM32CubeMX version: 6.16.0
2026-05-11 12:22:22,495 [ERROR] AppliInfo:139 - Unknown STM32CubeMX version: 6.16.0
2026-05-11 12:22:22,495 [ERROR] AppliInfo:139 - Unknown STM32CubeMX version: 6.16.0
2026-05-11 12:22:22,496 [ERROR] AppliInfo:139 - Unknown STM32CubeMX version: 6.16.0
2026-05-11 12:22:22,496 [ERROR] AppliInfo:139 - Unknown STM32CubeMX version: 6.16.0
2026-05-11 12:22:22,496 [ERROR] AppliInfo:139 - Unknown STM32CubeMX version: 6.16.0
2026-05-11 12:22:22,496 [ERROR] AppliInfo:139 - Unknown STM32CubeMX version: 6.16.0
2026-05-11 12:22:22,496 [ERROR] AppliInfo:139 - Unknown STM32CubeMX version: 6.16.0
2026-05-11 12:22:22,496 [ERROR] AppliInfo:139 - Unknown STM32CubeMX version: 6.16.0
2026-05-11 12:22:22,496 [ERROR] AppliInfo:139 - Unknown STM32CubeMX version: 6.16.0
2026-05-11 12:22:22,496 [ERROR] AppliInfo:139 - Unknown STM32CubeMX version: 6.16.0
2026-05-11 12:22:22,496 [ERROR] AppliInfo:139 - Unknown STM32CubeMX version: 6.16.0
2026-05-11 12:22:22,496 [ERROR] AppliInfo:139 - Unknown STM32CubeMX version: 6.16.0
2026-05-11 12:22:22,496 [ERROR] AppliInfo:139 - Unknown STM32CubeMX version: 6.16.0
2026-05-11 12:22:22,498 [ERROR] AppliInfo:139 - Unknown STM32CubeMX version: 6.16.0
2026-05-11 12:22:22,498 [ERROR] AppliInfo:139 - Unknown STM32CubeMX version: 6.16.0
2026-05-11 12:22:22,498 [ERROR] AppliInfo:139 - Unknown STM32CubeMX version: 6.16.0
2026-05-11 12:22:22,498 [ERROR] AppliInfo:139 - Unknown STM32CubeMX version: 6.16.0
2026-05-11 12:22:22,498 [ERROR] AppliInfo:139 - Unknown STM32CubeMX version: 6.16.0
2026-05-11 12:22:22,498 [ERROR] AppliInfo:139 - Unknown STM32CubeMX version: 6.16.0
2026-05-11 12:22:22,498 [ERROR] AppliInfo:139 - Unknown STM32CubeMX version: 6.16.0
2026-05-11 12:22:22,498 [ERROR] AppliInfo:139 - Unknown STM32CubeMX version: 6.14.0
2026-05-11 12:22:22,499 [ERROR] AppliInfo:139 - Unknown STM32CubeMX version: 6.14.0
2026-05-11 12:22:22,499 [ERROR] AppliInfo:139 - Unknown STM32CubeMX version: 6.14.0
2026-05-11 12:22:22,499 [ERROR] AppliInfo:139 - Unknown STM32CubeMX version: 6.14.0
2026-05-11 12:22:22,499 [ERROR] AppliInfo:139 - Unknown STM32CubeMX version: 6.14.0
2026-05-11 12:22:22,499 [ERROR] AppliInfo:139 - Unknown STM32CubeMX version: 6.14.0
2026-05-11 12:22:22,500 [ERROR] AppliInfo:139 - Unknown STM32CubeMX version: 6.14.0
2026-05-11 12:22:22,500 [ERROR] AppliInfo:139 - Unknown STM32CubeMX version: 6.14.0
2026-05-11 12:22:22,500 [ERROR] AppliInfo:139 - Unknown STM32CubeMX version: 6.14.0
2026-05-11 12:22:22,500 [ERROR] AppliInfo:139 - Unknown STM32CubeMX version: 6.14.0
2026-05-11 12:22:22,500 [ERROR] AppliInfo:139 - Unknown STM32CubeMX version: 6.14.0
2026-05-11 12:22:22,500 [ERROR] AppliInfo:139 - Unknown STM32CubeMX version: 6.14.0
2026-05-11 12:22:22,500 [ERROR] AppliInfo:139 - Unknown STM32CubeMX version: 6.14.0
2026-05-11 12:22:22,500 [ERROR] AppliInfo:139 - Unknown STM32CubeMX version: 6.14.0
2026-05-11 12:22:22,500 [ERROR] AppliInfo:139 - Unknown STM32CubeMX version: 6.14.0
2026-05-11 12:22:22,500 [ERROR] AppliInfo:139 - Unknown STM32CubeMX version: 6.14.0
2026-05-11 12:22:22,501 [ERROR] AppliInfo:139 - Unknown STM32CubeMX version: 6.14.0
2026-05-11 12:22:22,501 [ERROR] AppliInfo:139 - Unknown STM32CubeMX version: 6.14.0
2026-05-11 12:22:22,501 [ERROR] AppliInfo:139 - Unknown STM32CubeMX version: 6.14.0
2026-05-11 12:22:22,501 [ERROR] AppliInfo:139 - Unknown STM32CubeMX version: 6.14.0
2026-05-11 12:22:22,501 [ERROR] AppliInfo:139 - Unknown STM32CubeMX version: 6.14.0
2026-05-11 12:22:22,501 [ERROR] AppliInfo:139 - Unknown STM32CubeMX version: 6.14.0
2026-05-11 12:22:22,501 [ERROR] AppliInfo:139 - Unknown STM32CubeMX version: 6.14.0
2026-05-11 12:22:22,501 [ERROR] AppliInfo:139 - Unknown STM32CubeMX version: 6.14.0
2026-05-11 12:22:22,501 [ERROR] AppliInfo:139 - Unknown STM32CubeMX version: 6.14.0
2026-05-11 12:22:22,501 [ERROR] AppliInfo:139 - Unknown STM32CubeMX version: 6.14.0
2026-05-11 12:22:22,501 [ERROR] AppliInfo:139 - Unknown STM32CubeMX version: 6.14.0
2026-05-11 12:22:22,501 [ERROR] AppliInfo:139 - Unknown STM32CubeMX version: 6.14.0
2026-05-11 12:22:22,501 [ERROR] AppliInfo:139 - Unknown STM32CubeMX version: 6.14.0
2026-05-11 12:22:22,501 [ERROR] AppliInfo:139 - Unknown STM32CubeMX version: 6.14.0
2026-05-11 12:22:22,501 [ERROR] AppliInfo:139 - Unknown STM32CubeMX version: 6.14.0
2026-05-11 12:22:22,502 [ERROR] AppliInfo:139 - Unknown STM32CubeMX version: 6.14.0
2026-05-11 12:22:22,502 [ERROR] AppliInfo:139 - Unknown STM32CubeMX version: 6.14.0
2026-05-11 12:22:22,502 [ERROR] AppliInfo:139 - Unknown STM32CubeMX version: 6.14.0
2026-05-11 12:22:22,502 [ERROR] AppliInfo:139 - Unknown STM32CubeMX version: 6.14.0
2026-05-11 12:22:22,502 [ERROR] AppliInfo:139 - Unknown STM32CubeMX version: 6.14.0
2026-05-11 12:22:22,502 [ERROR] AppliInfo:139 - Unknown STM32CubeMX version: 6.14.0
2026-05-11 12:22:22,502 [ERROR] AppliInfo:139 - Unknown STM32CubeMX version: 6.16.0
2026-05-11 12:22:22,502 [ERROR] AppliInfo:139 - Unknown STM32CubeMX version: 6.16.0
2026-05-11 12:22:22,502 [ERROR] AppliInfo:139 - Unknown STM32CubeMX version: 6.16.0
2026-05-11 12:22:22,502 [ERROR] AppliInfo:139 - Unknown STM32CubeMX version: 6.16.0
2026-05-11 12:22:22,502 [ERROR] AppliInfo:139 - Unknown STM32CubeMX version: 6.16.0
2026-05-11 12:22:22,502 [ERROR] AppliInfo:139 - Unknown STM32CubeMX version: 6.16.0
2026-05-11 12:22:22,502 [ERROR] AppliInfo:139 - Unknown STM32CubeMX version: 6.16.0
2026-05-11 12:22:22,502 [ERROR] AppliInfo:139 - Unknown STM32CubeMX version: 6.16.0
2026-05-11 12:22:22,502 [ERROR] AppliInfo:139 - Unknown STM32CubeMX version: 6.16.0
2026-05-11 12:22:22,502 [ERROR] AppliInfo:139 - Unknown STM32CubeMX version: 6.16.0
2026-05-11 12:22:22,502 [ERROR] AppliInfo:139 - Unknown STM32CubeMX version: 6.16.0
2026-05-11 12:22:22,504 [ERROR] AppliInfo:139 - Unknown STM32CubeMX version: 6.16.0
2026-05-11 12:22:22,504 [ERROR] AppliInfo:139 - Unknown STM32CubeMX version: 6.16.0
2026-05-11 12:22:22,504 [ERROR] AppliInfo:139 - Unknown STM32CubeMX version: 6.16.0
2026-05-11 12:22:22,504 [ERROR] AppliInfo:139 - Unknown STM32CubeMX version: 6.16.0
2026-05-11 12:22:22,504 [ERROR] AppliInfo:139 - Unknown STM32CubeMX version: 6.16.0
2026-05-11 12:22:22,504 [ERROR] AppliInfo:139 - Unknown STM32CubeMX version: 6.16.0
2026-05-11 12:22:22,504 [ERROR] AppliInfo:139 - Unknown STM32CubeMX version: 6.16.0
2026-05-11 12:22:22,504 [ERROR] AppliInfo:139 - Unknown STM32CubeMX version: 6.16.0
2026-05-11 12:22:22,504 [ERROR] AppliInfo:139 - Unknown STM32CubeMX version: 6.16.0
2026-05-11 12:22:22,504 [ERROR] AppliInfo:139 - Unknown STM32CubeMX version: 6.16.0
2026-05-11 12:22:22,504 [ERROR] AppliInfo:139 - Unknown STM32CubeMX version: 6.14.0
2026-05-11 12:22:22,505 [ERROR] AppliInfo:139 - Unknown STM32CubeMX version: 6.14.0
2026-05-11 12:22:22,505 [ERROR] AppliInfo:139 - Unknown STM32CubeMX version: 6.14.0
2026-05-11 12:22:22,505 [ERROR] AppliInfo:139 - Unknown STM32CubeMX version: 6.14.0
2026-05-11 12:22:22,505 [ERROR] AppliInfo:139 - Unknown STM32CubeMX version: 6.14.0
2026-05-11 12:22:22,505 [ERROR] AppliInfo:139 - Unknown STM32CubeMX version: 6.14.0
2026-05-11 12:22:22,506 [ERROR] AppliInfo:139 - Unknown STM32CubeMX version: 6.14.0
2026-05-11 12:22:22,506 [ERROR] AppliInfo:139 - Unknown STM32CubeMX version: 6.14.0
2026-05-11 12:22:22,506 [ERROR] AppliInfo:139 - Unknown STM32CubeMX version: 6.14.0
2026-05-11 12:22:22,506 [ERROR] AppliInfo:139 - Unknown STM32CubeMX version: 6.14.0
2026-05-11 12:22:22,506 [ERROR] AppliInfo:139 - Unknown STM32CubeMX version: 6.14.0
2026-05-11 12:22:22,506 [ERROR] AppliInfo:139 - Unknown STM32CubeMX version: 6.14.0
2026-05-11 12:22:22,506 [ERROR] AppliInfo:139 - Unknown STM32CubeMX version: 6.14.0
2026-05-11 12:22:22,506 [ERROR] AppliInfo:139 - Unknown STM32CubeMX version: 6.14.0
2026-05-11 12:22:22,506 [ERROR] AppliInfo:139 - Unknown STM32CubeMX version: 6.14.0
2026-05-11 12:22:22,506 [ERROR] AppliInfo:139 - Unknown STM32CubeMX version: 6.14.0
2026-05-11 12:22:22,506 [ERROR] AppliInfo:139 - Unknown STM32CubeMX version: 6.14.0
2026-05-11 12:22:22,507 [ERROR] AppliInfo:139 - Unknown STM32CubeMX version: 6.14.0
2026-05-11 12:22:22,507 [ERROR] AppliInfo:139 - Unknown STM32CubeMX version: 6.14.0
2026-05-11 12:22:22,507 [ERROR] AppliInfo:139 - Unknown STM32CubeMX version: 6.14.0
2026-05-11 12:22:22,507 [ERROR] AppliInfo:139 - Unknown STM32CubeMX version: 6.14.0
2026-05-11 12:22:22,507 [ERROR] AppliInfo:139 - Unknown STM32CubeMX version: 6.14.0
2026-05-11 12:22:22,507 [ERROR] AppliInfo:139 - Unknown STM32CubeMX version: 6.14.0
2026-05-11 12:22:22,507 [ERROR] AppliInfo:139 - Unknown STM32CubeMX version: 6.14.0
2026-05-11 12:22:22,507 [ERROR] AppliInfo:139 - Unknown STM32CubeMX version: 6.14.0
2026-05-11 12:22:22,507 [ERROR] AppliInfo:139 - Unknown STM32CubeMX version: 6.14.0
2026-05-11 12:22:22,507 [ERROR] AppliInfo:139 - Unknown STM32CubeMX version: 6.14.0
2026-05-11 12:22:22,508 [ERROR] AppliInfo:139 - Unknown STM32CubeMX version: 6.14.0
2026-05-11 12:22:22,508 [ERROR] AppliInfo:139 - Unknown STM32CubeMX version: 6.14.0
2026-05-11 12:22:22,508 [ERROR] AppliInfo:139 - Unknown STM32CubeMX version: 6.14.0
2026-05-11 12:22:22,508 [ERROR] AppliInfo:139 - Unknown STM32CubeMX version: 6.14.0
2026-05-11 12:22:22,508 [ERROR] AppliInfo:139 - Unknown STM32CubeMX version: 6.14.0
2026-05-11 12:22:22,508 [ERROR] AppliInfo:139 - Unknown STM32CubeMX version: 6.14.0
2026-05-11 12:22:22,508 [ERROR] AppliInfo:139 - Unknown STM32CubeMX version: 6.14.0
2026-05-11 12:22:22,508 [ERROR] AppliInfo:139 - Unknown STM32CubeMX version: 6.14.0
2026-05-11 12:22:22,508 [ERROR] AppliInfo:139 - Unknown STM32CubeMX version: 6.14.0
2026-05-11 12:22:22,508 [ERROR] AppliInfo:139 - Unknown STM32CubeMX version: 6.14.0
2026-05-11 12:22:22,508 [ERROR] AppliInfo:139 - Unknown STM32CubeMX version: 6.16.0
2026-05-11 12:22:22,508 [ERROR] AppliInfo:139 - Unknown STM32CubeMX version: 6.16.0
2026-05-11 12:22:22,509 [ERROR] AppliInfo:139 - Unknown STM32CubeMX version: 6.16.0
2026-05-11 12:22:22,509 [ERROR] AppliInfo:139 - Unknown STM32CubeMX version: 6.16.0
2026-05-11 12:22:22,509 [ERROR] AppliInfo:139 - Unknown STM32CubeMX version: 6.16.0
2026-05-11 12:22:22,509 [ERROR] AppliInfo:139 - Unknown STM32CubeMX version: 6.16.0
2026-05-11 12:22:22,509 [ERROR] AppliInfo:139 - Unknown STM32CubeMX version: 6.16.0
2026-05-11 12:22:22,509 [ERROR] AppliInfo:139 - Unknown STM32CubeMX version: 6.16.0
2026-05-11 12:22:22,509 [ERROR] AppliInfo:139 - Unknown STM32CubeMX version: 6.16.0
2026-05-11 12:22:22,509 [ERROR] AppliInfo:139 - Unknown STM32CubeMX version: 6.16.0
2026-05-11 12:22:22,509 [ERROR] AppliInfo:139 - Unknown STM32CubeMX version: 6.16.0
2026-05-11 12:22:22,509 [ERROR] AppliInfo:139 - Unknown STM32CubeMX version: 6.16.0
2026-05-11 12:22:22,510 [ERROR] AppliInfo:139 - Unknown STM32CubeMX version: 6.16.0
2026-05-11 12:22:22,510 [ERROR] AppliInfo:139 - Unknown STM32CubeMX version: 6.16.0
2026-05-11 12:22:22,518 [ERROR] AppliInfo:139 - Unknown STM32CubeMX version: 6.16.0
2026-05-11 12:22:22,520 [ERROR] AppliInfo:139 - Unknown STM32CubeMX version: 6.16.0
2026-05-11 12:22:22,520 [ERROR] AppliInfo:139 - Unknown STM32CubeMX version: 6.16.0
2026-05-11 12:22:22,520 [ERROR] AppliInfo:139 - Unknown STM32CubeMX version: 6.16.0
2026-05-11 12:22:22,520 [ERROR] AppliInfo:139 - Unknown STM32CubeMX version: 6.16.0
2026-05-11 12:22:22,520 [ERROR] AppliInfo:139 - Unknown STM32CubeMX version: 6.16.0
2026-05-11 12:22:22,520 [ERROR] AppliInfo:139 - Unknown STM32CubeMX version: 6.16.0
2026-05-11 12:22:22,521 [ERROR] AppliInfo:139 - Unknown STM32CubeMX version: 6.14.0
2026-05-11 12:22:22,521 [ERROR] AppliInfo:139 - Unknown STM32CubeMX version: 6.14.0
2026-05-11 12:22:22,521 [ERROR] AppliInfo:139 - Unknown STM32CubeMX version: 6.14.0
2026-05-11 12:22:22,521 [ERROR] AppliInfo:139 - Unknown STM32CubeMX version: 6.14.0
2026-05-11 12:22:22,522 [ERROR] AppliInfo:139 - Unknown STM32CubeMX version: 6.14.0
2026-05-11 12:22:22,522 [ERROR] AppliInfo:139 - Unknown STM32CubeMX version: 6.14.0
2026-05-11 12:22:22,522 [ERROR] AppliInfo:139 - Unknown STM32CubeMX version: 6.14.0
2026-05-11 12:22:22,522 [ERROR] AppliInfo:139 - Unknown STM32CubeMX version: 6.14.0
2026-05-11 12:22:22,522 [ERROR] AppliInfo:139 - Unknown STM32CubeMX version: 6.14.0
2026-05-11 12:22:22,522 [ERROR] AppliInfo:139 - Unknown STM32CubeMX version: 6.14.0
2026-05-11 12:22:22,522 [ERROR] AppliInfo:139 - Unknown STM32CubeMX version: 6.14.0
2026-05-11 12:22:22,522 [ERROR] AppliInfo:139 - Unknown STM32CubeMX version: 6.14.0
2026-05-11 12:22:22,522 [ERROR] AppliInfo:139 - Unknown STM32CubeMX version: 6.14.0
2026-05-11 12:22:22,522 [ERROR] AppliInfo:139 - Unknown STM32CubeMX version: 6.14.0
2026-05-11 12:22:22,523 [ERROR] AppliInfo:139 - Unknown STM32CubeMX version: 6.14.0
2026-05-11 12:22:22,523 [ERROR] AppliInfo:139 - Unknown STM32CubeMX version: 6.14.0
2026-05-11 12:22:22,523 [ERROR] AppliInfo:139 - Unknown STM32CubeMX version: 6.14.0
2026-05-11 12:22:22,523 [ERROR] AppliInfo:139 - Unknown STM32CubeMX version: 6.14.0
2026-05-11 12:22:22,523 [ERROR] AppliInfo:139 - Unknown STM32CubeMX version: 6.14.0
2026-05-11 12:22:22,523 [ERROR] AppliInfo:139 - Unknown STM32CubeMX version: 6.14.0
2026-05-11 12:22:22,523 [ERROR] AppliInfo:139 - Unknown STM32CubeMX version: 6.14.0
2026-05-11 12:22:22,523 [ERROR] AppliInfo:139 - Unknown STM32CubeMX version: 6.14.0
2026-05-11 12:22:22,523 [ERROR] AppliInfo:139 - Unknown STM32CubeMX version: 6.14.0
2026-05-11 12:22:22,523 [ERROR] AppliInfo:139 - Unknown STM32CubeMX version: 6.14.0
2026-05-11 12:22:22,524 [ERROR] AppliInfo:139 - Unknown STM32CubeMX version: 6.14.0
2026-05-11 12:22:22,524 [ERROR] AppliInfo:139 - Unknown STM32CubeMX version: 6.14.0
2026-05-11 12:22:22,524 [ERROR] AppliInfo:139 - Unknown STM32CubeMX version: 6.14.0
2026-05-11 12:22:22,524 [ERROR] AppliInfo:139 - Unknown STM32CubeMX version: 6.14.0
2026-05-11 12:22:22,524 [ERROR] AppliInfo:139 - Unknown STM32CubeMX version: 6.14.0
2026-05-11 12:22:22,524 [ERROR] AppliInfo:139 - Unknown STM32CubeMX version: 6.14.0
2026-05-11 12:22:22,524 [ERROR] AppliInfo:139 - Unknown STM32CubeMX version: 6.14.0
2026-05-11 12:22:22,524 [ERROR] AppliInfo:139 - Unknown STM32CubeMX version: 6.14.0
2026-05-11 12:22:22,524 [ERROR] AppliInfo:139 - Unknown STM32CubeMX version: 6.14.0
2026-05-11 12:22:22,524 [ERROR] AppliInfo:139 - Unknown STM32CubeMX version: 6.14.0
2026-05-11 12:22:22,524 [ERROR] AppliInfo:139 - Unknown STM32CubeMX version: 6.14.0
2026-05-11 12:22:22,525 [ERROR] AppliInfo:139 - Unknown STM32CubeMX version: 6.14.0
2026-05-11 12:22:22,525 [ERROR] AppliInfo:139 - Unknown STM32CubeMX version: 6.14.0
2026-05-11 12:22:22,525 [ERROR] AppliInfo:139 - Unknown STM32CubeMX version: 6.14.0
2026-05-11 12:22:22,525 [ERROR] AppliInfo:139 - Unknown STM32CubeMX version: 6.14.0
2026-05-11 12:22:22,525 [ERROR] AppliInfo:139 - Unknown STM32CubeMX version: 6.14.0
2026-05-11 12:22:22,525 [ERROR] AppliInfo:139 - Unknown STM32CubeMX version: 6.14.0
2026-05-11 12:22:22,525 [ERROR] AppliInfo:139 - Unknown STM32CubeMX version: 6.14.0
2026-05-11 12:22:22,525 [ERROR] AppliInfo:139 - Unknown STM32CubeMX version: 6.14.0
2026-05-11 12:22:22,525 [ERROR] AppliInfo:139 - Unknown STM32CubeMX version: 6.14.0
2026-05-11 12:22:22,525 [ERROR] AppliInfo:139 - Unknown STM32CubeMX version: 6.14.0
2026-05-11 12:22:22,526 [ERROR] AppliInfo:139 - Unknown STM32CubeMX version: 6.14.0
2026-05-11 12:22:22,526 [ERROR] AppliInfo:139 - Unknown STM32CubeMX version: 6.14.0
2026-05-11 12:22:22,526 [ERROR] AppliInfo:139 - Unknown STM32CubeMX version: 6.14.0
2026-05-11 12:22:22,526 [ERROR] AppliInfo:139 - Unknown STM32CubeMX version: 6.14.0
2026-05-11 12:22:22,526 [ERROR] AppliInfo:139 - Unknown STM32CubeMX version: 6.14.0
2026-05-11 12:22:22,526 [ERROR] AppliInfo:139 - Unknown STM32CubeMX version: 6.14.0
2026-05-11 12:22:22,526 [ERROR] AppliInfo:139 - Unknown STM32CubeMX version: 6.14.0
2026-05-11 12:22:22,526 [ERROR] AppliInfo:139 - Unknown STM32CubeMX version: 6.14.0
2026-05-11 12:22:22,526 [ERROR] AppliInfo:139 - Unknown STM32CubeMX version: 6.14.0
2026-05-11 12:22:22,526 [ERROR] AppliInfo:139 - Unknown STM32CubeMX version: 6.14.0
2026-05-11 12:22:22,526 [ERROR] AppliInfo:139 - Unknown STM32CubeMX version: 6.14.0
2026-05-11 12:22:22,526 [ERROR] AppliInfo:139 - Unknown STM32CubeMX version: 6.14.0
2026-05-11 12:22:22,526 [ERROR] AppliInfo:139 - Unknown STM32CubeMX version: 6.14.0
2026-05-11 12:22:22,526 [ERROR] AppliInfo:139 - Unknown STM32CubeMX version: 6.14.0
2026-05-11 12:22:22,526 [ERROR] AppliInfo:139 - Unknown STM32CubeMX version: 6.14.0
2026-05-11 12:22:22,527 [ERROR] AppliInfo:139 - Unknown STM32CubeMX version: 6.14.0
2026-05-11 12:22:22,527 [ERROR] AppliInfo:139 - Unknown STM32CubeMX version: 6.14.0
2026-05-11 12:22:22,527 [ERROR] AppliInfo:139 - Unknown STM32CubeMX version: 6.14.0
2026-05-11 12:22:22,527 [ERROR] AppliInfo:139 - Unknown STM32CubeMX version: 6.14.0
2026-05-11 12:22:22,527 [ERROR] AppliInfo:139 - Unknown STM32CubeMX version: 6.14.0
2026-05-11 12:22:22,527 [ERROR] AppliInfo:139 - Unknown STM32CubeMX version: 6.14.0
2026-05-11 12:22:22,527 [ERROR] AppliInfo:139 - Unknown STM32CubeMX version: 6.14.0
2026-05-11 12:22:22,527 [ERROR] AppliInfo:139 - Unknown STM32CubeMX version: 6.14.0
2026-05-11 12:22:22,527 [ERROR] AppliInfo:139 - Unknown STM32CubeMX version: 6.14.0
2026-05-11 12:22:22,527 [ERROR] AppliInfo:139 - Unknown STM32CubeMX version: 6.14.0
2026-05-11 12:22:22,527 [ERROR] AppliInfo:139 - Unknown STM32CubeMX version: 6.16.0
2026-05-11 12:22:22,528 [ERROR] AppliInfo:139 - Unknown STM32CubeMX version: 6.16.0
2026-05-11 12:22:22,528 [ERROR] AppliInfo:139 - Unknown STM32CubeMX version: 6.16.0
2026-05-11 12:22:22,528 [ERROR] AppliInfo:139 - Unknown STM32CubeMX version: 6.16.0
2026-05-11 12:22:22,528 [ERROR] AppliInfo:139 - Unknown STM32CubeMX version: 6.16.0
2026-05-11 12:22:22,528 [ERROR] AppliInfo:139 - Unknown STM32CubeMX version: 6.16.0
2026-05-11 12:22:22,528 [ERROR] AppliInfo:139 - Unknown STM32CubeMX version: 6.16.0
2026-05-11 12:22:22,528 [ERROR] AppliInfo:139 - Unknown STM32CubeMX version: 6.16.0
2026-05-11 12:22:22,528 [ERROR] AppliInfo:139 - Unknown STM32CubeMX version: 6.16.0
2026-05-11 12:22:22,528 [ERROR] AppliInfo:139 - Unknown STM32CubeMX version: 6.14.0
2026-05-11 12:22:22,530 [ERROR] AppliInfo:139 - Unknown STM32CubeMX version: 6.14.0
2026-05-11 12:22:22,530 [ERROR] AppliInfo:139 - Unknown STM32CubeMX version: 6.14.0
2026-05-11 12:22:22,530 [ERROR] AppliInfo:139 - Unknown STM32CubeMX version: 6.14.0
2026-05-11 12:22:22,530 [ERROR] AppliInfo:139 - Unknown STM32CubeMX version: 6.16.0
2026-05-11 12:22:22,530 [ERROR] AppliInfo:139 - Unknown STM32CubeMX version: 6.16.0
2026-05-11 12:22:22,530 [ERROR] AppliInfo:139 - Unknown STM32CubeMX version: 6.16.0
2026-05-11 12:22:22,530 [ERROR] AppliInfo:139 - Unknown STM32CubeMX version: 6.16.0
2026-05-11 12:22:22,530 [ERROR] AppliInfo:139 - Unknown STM32CubeMX version: 6.16.0
2026-05-11 12:22:22,530 [ERROR] AppliInfo:139 - Unknown STM32CubeMX version: 6.16.0
2026-05-11 12:22:22,531 [ERROR] AppliInfo:139 - Unknown STM32CubeMX version: 6.14.0
2026-05-11 12:22:22,531 [ERROR] AppliInfo:139 - Unknown STM32CubeMX version: 6.14.0
2026-05-11 12:22:22,531 [ERROR] AppliInfo:139 - Unknown STM32CubeMX version: 6.14.0
2026-05-11 12:22:22,531 [ERROR] AppliInfo:139 - Unknown STM32CubeMX version: 6.14.0
2026-05-11 12:22:22,531 [ERROR] AppliInfo:139 - Unknown STM32CubeMX version: 6.16.0
2026-05-11 12:22:22,531 [ERROR] AppliInfo:139 - Unknown STM32CubeMX version: 6.16.0
2026-05-11 12:22:22,531 [ERROR] AppliInfo:139 - Unknown STM32CubeMX version: 6.16.0
2026-05-11 12:22:22,532 [ERROR] AppliInfo:139 - Unknown STM32CubeMX version: 6.16.0
2026-05-11 12:22:22,532 [ERROR] AppliInfo:139 - Unknown STM32CubeMX version: 6.16.0
2026-05-11 12:22:22,532 [ERROR] AppliInfo:139 - Unknown STM32CubeMX version: 6.16.0
2026-05-11 12:22:22,532 [ERROR] AppliInfo:139 - Unknown STM32CubeMX version: 6.16.0
2026-05-11 12:22:22,532 [ERROR] AppliInfo:139 - Unknown STM32CubeMX version: 6.16.0
2026-05-11 12:22:22,532 [ERROR] AppliInfo:139 - Unknown STM32CubeMX version: 6.14.0
2026-05-11 12:22:22,532 [ERROR] AppliInfo:139 - Unknown STM32CubeMX version: 6.14.0
2026-05-11 12:22:22,533 [ERROR] AppliInfo:139 - Unknown STM32CubeMX version: 6.14.0
2026-05-11 12:22:22,533 [ERROR] AppliInfo:139 - Unknown STM32CubeMX version: 6.14.0
2026-05-11 12:22:22,533 [ERROR] AppliInfo:139 - Unknown STM32CubeMX version: 6.16.0
2026-05-11 12:22:22,533 [ERROR] AppliInfo:139 - Unknown STM32CubeMX version: 6.16.0
2026-05-11 12:22:22,534 [ERROR] AppliInfo:139 - Unknown STM32CubeMX version: 6.16.0
2026-05-11 12:22:22,534 [ERROR] AppliInfo:139 - Unknown STM32CubeMX version: 6.16.0
2026-05-11 12:22:22,534 [ERROR] AppliInfo:139 - Unknown STM32CubeMX version: 6.16.0
2026-05-11 12:22:22,534 [ERROR] AppliInfo:139 - Unknown STM32CubeMX version: 6.16.0
2026-05-11 12:22:22,534 [ERROR] AppliInfo:139 - Unknown STM32CubeMX version: 6.16.0
2026-05-11 12:22:22,534 [ERROR] AppliInfo:139 - Unknown STM32CubeMX version: 6.16.0
2026-05-11 12:22:22,534 [ERROR] AppliInfo:139 - Unknown STM32CubeMX version: 6.16.0
2026-05-11 12:22:22,534 [ERROR] AppliInfo:139 - Unknown STM32CubeMX version: 6.16.0
2026-05-11 12:22:22,535 [ERROR] AppliInfo:139 - Unknown STM32CubeMX version: 6.16.0
2026-05-11 12:22:22,535 [ERROR] AppliInfo:139 - Unknown STM32CubeMX version: 6.16.0
2026-05-11 12:22:22,535 [ERROR] AppliInfo:139 - Unknown STM32CubeMX version: 6.16.0
2026-05-11 12:22:22,535 [ERROR] AppliInfo:139 - Unknown STM32CubeMX version: 6.16.0
2026-05-11 12:22:22,535 [ERROR] AppliInfo:139 - Unknown STM32CubeMX version: 6.16.0
2026-05-11 12:22:22,535 [ERROR] AppliInfo:139 - Unknown STM32CubeMX version: 6.16.0
2026-05-11 12:22:22,535 [ERROR] AppliInfo:139 - Unknown STM32CubeMX version: 6.16.0
2026-05-11 12:22:22,535 [ERROR] AppliInfo:139 - Unknown STM32CubeMX version: 6.16.0
2026-05-11 12:22:22,536 [ERROR] AppliInfo:139 - Unknown STM32CubeMX version: 6.16.0
2026-05-11 12:22:22,536 [ERROR] AppliInfo:139 - Unknown STM32CubeMX version: 6.16.0
2026-05-11 12:22:22,536 [ERROR] AppliInfo:139 - Unknown STM32CubeMX version: 6.16.0
2026-05-11 12:22:22,536 [ERROR] AppliInfo:139 - Unknown STM32CubeMX version: 6.16.0
2026-05-11 12:22:22,537 [ERROR] AppliInfo:139 - Unknown STM32CubeMX version: 6.16.0
2026-05-11 12:22:22,537 [ERROR] AppliInfo:139 - Unknown STM32CubeMX version: 6.16.0
2026-05-11 12:22:22,537 [ERROR] AppliInfo:139 - Unknown STM32CubeMX version: 6.17.0
2026-05-11 12:22:22,537 [ERROR] AppliInfo:139 - Unknown STM32CubeMX version: 6.16.0
2026-05-11 12:22:22,538 [ERROR] AppliInfo:139 - Unknown STM32CubeMX version: 6.16.0
2026-05-11 12:22:22,538 [ERROR] AppliInfo:139 - Unknown STM32CubeMX version: 6.16.0
2026-05-11 12:22:22,538 [ERROR] AppliInfo:139 - Unknown STM32CubeMX version: 6.16.0
2026-05-11 12:22:22,538 [ERROR] AppliInfo:139 - Unknown STM32CubeMX version: 6.17.0
2026-05-11 12:22:22,538 [ERROR] AppliInfo:139 - Unknown STM32CubeMX version: 6.17.0
2026-05-11 12:22:22,538 [ERROR] AppliInfo:139 - Unknown STM32CubeMX version: 6.17.0
2026-05-11 12:22:22,538 [ERROR] AppliInfo:139 - Unknown STM32CubeMX version: 6.16.0
2026-05-11 12:22:22,538 [ERROR] AppliInfo:139 - Unknown STM32CubeMX version: 6.16.0
2026-05-11 12:22:22,538 [ERROR] AppliInfo:139 - Unknown STM32CubeMX version: 6.17.0
2026-05-11 12:22:22,538 [ERROR] AppliInfo:139 - Unknown STM32CubeMX version: 6.16.0
2026-05-11 12:22:22,538 [ERROR] AppliInfo:139 - Unknown STM32CubeMX version: 6.16.0
2026-05-11 12:22:22,539 [ERROR] AppliInfo:139 - Unknown STM32CubeMX version: 6.15.0
2026-05-11 12:22:22,539 [ERROR] AppliInfo:139 - Unknown STM32CubeMX version: 6.17.0
2026-05-11 12:22:22,539 [ERROR] AppliInfo:139 - Unknown STM32CubeMX version: 6.17.0
2026-05-11 12:22:22,539 [ERROR] AppliInfo:139 - Unknown STM32CubeMX version: 6.15.0
2026-05-11 12:22:22,539 [ERROR] AppliInfo:139 - Unknown STM32CubeMX version: 6.15.0
2026-05-11 12:22:22,539 [ERROR] AppliInfo:139 - Unknown STM32CubeMX version: 6.17.0
2026-05-11 12:22:22,539 [ERROR] AppliInfo:139 - Unknown STM32CubeMX version: 6.17.0
2026-05-11 12:22:22,539 [ERROR] AppliInfo:139 - Unknown STM32CubeMX version: 6.17.0
2026-05-11 12:22:22,539 [ERROR] AppliInfo:139 - Unknown STM32CubeMX version: 6.17.0
2026-05-11 12:22:22,539 [ERROR] AppliInfo:139 - Unknown STM32CubeMX version: 6.17.0
2026-05-11 12:22:22,540 [ERROR] AppliInfo:139 - Unknown STM32CubeMX version: 6.17.0
2026-05-11 12:22:22,540 [ERROR] AppliInfo:139 - Unknown STM32CubeMX version: 6.14.0
2026-05-11 12:22:22,540 [ERROR] AppliInfo:139 - Unknown STM32CubeMX version: 6.14.0
2026-05-11 12:22:22,540 [ERROR] AppliInfo:139 - Unknown STM32CubeMX version: 6.14.0
2026-05-11 12:22:22,540 [ERROR] AppliInfo:139 - Unknown STM32CubeMX version: 6.14.0
2026-05-11 12:22:22,540 [ERROR] AppliInfo:139 - Unknown STM32CubeMX version: 6.14.0
2026-05-11 12:22:22,540 [ERROR] AppliInfo:139 - Unknown STM32CubeMX version: 6.14.0
2026-05-11 12:22:22,540 [ERROR] AppliInfo:139 - Unknown STM32CubeMX version: 6.14.0
2026-05-11 12:22:22,540 [ERROR] AppliInfo:139 - Unknown STM32CubeMX version: 6.14.0
2026-05-11 12:22:22,540 [ERROR] AppliInfo:139 - Unknown STM32CubeMX version: 6.14.0
2026-05-11 12:22:22,541 [ERROR] AppliInfo:139 - Unknown STM32CubeMX version: 6.14.0
2026-05-11 12:22:22,541 [ERROR] AppliInfo:139 - Unknown STM32CubeMX version: 6.14.0
2026-05-11 12:22:22,541 [ERROR] AppliInfo:139 - Unknown STM32CubeMX version: 6.14.0
2026-05-11 12:22:22,541 [ERROR] AppliInfo:139 - Unknown STM32CubeMX version: 6.14.0
2026-05-11 12:22:22,541 [ERROR] AppliInfo:139 - Unknown STM32CubeMX version: 6.14.0
2026-05-11 12:22:22,541 [ERROR] AppliInfo:139 - Unknown STM32CubeMX version: 6.14.0
2026-05-11 12:22:22,541 [ERROR] AppliInfo:139 - Unknown STM32CubeMX version: 6.14.0
2026-05-11 12:22:22,541 [ERROR] AppliInfo:139 - Unknown STM32CubeMX version: 6.14.0
2026-05-11 12:22:22,543 [ERROR] AppliInfo:139 - Unknown STM32CubeMX version: 6.14.0
2026-05-11 12:22:22,543 [ERROR] AppliInfo:139 - Unknown STM32CubeMX version: 6.14.0
2026-05-11 12:22:22,543 [ERROR] AppliInfo:139 - Unknown STM32CubeMX version: 6.14.0
2026-05-11 12:22:22,543 [ERROR] AppliInfo:139 - Unknown STM32CubeMX version: 6.14.0
2026-05-11 12:22:22,543 [ERROR] AppliInfo:139 - Unknown STM32CubeMX version: 6.14.0
2026-05-11 12:22:22,543 [ERROR] AppliInfo:139 - Unknown STM32CubeMX version: 6.14.0
2026-05-11 12:22:22,543 [ERROR] AppliInfo:139 - Unknown STM32CubeMX version: 6.14.0
2026-05-11 12:22:22,543 [ERROR] AppliInfo:139 - Unknown STM32CubeMX version: 6.14.0
2026-05-11 12:22:22,543 [ERROR] AppliInfo:139 - Unknown STM32CubeMX version: 6.14.0
2026-05-11 12:22:22,544 [ERROR] AppliInfo:139 - Unknown STM32CubeMX version: 6.14.0
2026-05-11 12:22:22,544 [ERROR] AppliInfo:139 - Unknown STM32CubeMX version: 6.14.0
2026-05-11 12:22:22,544 [ERROR] AppliInfo:139 - Unknown STM32CubeMX version: 6.14.0
2026-05-11 12:22:22,544 [ERROR] AppliInfo:139 - Unknown STM32CubeMX version: 6.14.0
2026-05-11 12:22:22,544 [ERROR] AppliInfo:139 - Unknown STM32CubeMX version: 6.14.0
2026-05-11 12:22:22,544 [ERROR] AppliInfo:139 - Unknown STM32CubeMX version: 6.14.0
2026-05-11 12:22:22,544 [ERROR] AppliInfo:139 - Unknown STM32CubeMX version: 6.14.0
2026-05-11 12:22:22,544 [ERROR] AppliInfo:139 - Unknown STM32CubeMX version: 6.14.0
2026-05-11 12:22:22,544 [ERROR] AppliInfo:139 - Unknown STM32CubeMX version: 6.14.0
2026-05-11 12:22:22,545 [ERROR] AppliInfo:139 - Unknown STM32CubeMX version: 6.14.0
2026-05-11 12:22:22,545 [ERROR] AppliInfo:139 - Unknown STM32CubeMX version: 6.14.0
2026-05-11 12:22:22,545 [ERROR] AppliInfo:139 - Unknown STM32CubeMX version: 6.14.0
2026-05-11 12:22:22,545 [ERROR] AppliInfo:139 - Unknown STM32CubeMX version: 6.14.0
2026-05-11 12:22:22,545 [ERROR] AppliInfo:139 - Unknown STM32CubeMX version: 6.14.0
2026-05-11 12:22:22,545 [ERROR] AppliInfo:139 - Unknown STM32CubeMX version: 6.14.0
2026-05-11 12:22:22,545 [ERROR] AppliInfo:139 - Unknown STM32CubeMX version: 6.14.0
2026-05-11 12:22:22,545 [ERROR] AppliInfo:139 - Unknown STM32CubeMX version: 6.14.0
2026-05-11 12:22:22,545 [ERROR] AppliInfo:139 - Unknown STM32CubeMX version: 6.14.0
2026-05-11 12:22:22,545 [ERROR] AppliInfo:139 - Unknown STM32CubeMX version: 6.14.0
2026-05-11 12:22:22,545 [ERROR] AppliInfo:139 - Unknown STM32CubeMX version: 6.14.0
2026-05-11 12:22:22,545 [ERROR] AppliInfo:139 - Unknown STM32CubeMX version: 6.14.0
2026-05-11 12:22:22,546 [ERROR] AppliInfo:139 - Unknown STM32CubeMX version: 6.14.0
2026-05-11 12:22:22,546 [ERROR] AppliInfo:139 - Unknown STM32CubeMX version: 6.14.0
2026-05-11 12:22:22,546 [ERROR] AppliInfo:139 - Unknown STM32CubeMX version: 6.14.0
2026-05-11 12:22:22,546 [ERROR] AppliInfo:139 - Unknown STM32CubeMX version: 6.14.0
2026-05-11 12:22:22,546 [ERROR] AppliInfo:139 - Unknown STM32CubeMX version: 6.14.0
2026-05-11 12:22:22,546 [ERROR] AppliInfo:139 - Unknown STM32CubeMX version: 6.14.0
2026-05-11 12:22:22,546 [ERROR] AppliInfo:139 - Unknown STM32CubeMX version: 6.14.0
2026-05-11 12:22:22,546 [ERROR] AppliInfo:139 - Unknown STM32CubeMX version: 6.14.0
2026-05-11 12:22:22,546 [ERROR] AppliInfo:139 - Unknown STM32CubeMX version: 6.14.0
2026-05-11 12:22:22,546 [ERROR] AppliInfo:139 - Unknown STM32CubeMX version: 6.14.0
2026-05-11 12:22:22,546 [ERROR] AppliInfo:139 - Unknown STM32CubeMX version: 6.14.0
2026-05-11 12:22:22,547 [ERROR] AppliInfo:139 - Unknown STM32CubeMX version: 6.14.0
2026-05-11 12:22:22,547 [ERROR] AppliInfo:139 - Unknown STM32CubeMX version: 6.14.0
2026-05-11 12:22:22,547 [ERROR] AppliInfo:139 - Unknown STM32CubeMX version: 6.14.0
2026-05-11 12:22:22,547 [ERROR] AppliInfo:139 - Unknown STM32CubeMX version: 6.14.0
2026-05-11 12:22:22,547 [ERROR] AppliInfo:139 - Unknown STM32CubeMX version: 6.16.0
2026-05-11 12:22:22,547 [ERROR] AppliInfo:139 - Unknown STM32CubeMX version: 6.14.0
2026-05-11 12:22:22,547 [ERROR] AppliInfo:139 - Unknown STM32CubeMX version: 6.14.0
2026-05-11 12:22:22,547 [ERROR] AppliInfo:139 - Unknown STM32CubeMX version: 6.14.0
2026-05-11 12:22:22,547 [ERROR] AppliInfo:139 - Unknown STM32CubeMX version: 6.14.0
2026-05-11 12:22:22,547 [ERROR] AppliInfo:139 - Unknown STM32CubeMX version: 6.14.0
2026-05-11 12:22:22,548 [ERROR] AppliInfo:139 - Unknown STM32CubeMX version: 6.14.0
2026-05-11 12:22:22,548 [ERROR] AppliInfo:139 - Unknown STM32CubeMX version: 6.14.0
2026-05-11 12:22:22,548 [ERROR] AppliInfo:139 - Unknown STM32CubeMX version: 6.14.0
2026-05-11 12:22:22,548 [ERROR] AppliInfo:139 - Unknown STM32CubeMX version: 6.14.0
2026-05-11 12:22:22,548 [ERROR] AppliInfo:139 - Unknown STM32CubeMX version: 6.14.0
2026-05-11 12:22:22,548 [ERROR] AppliInfo:139 - Unknown STM32CubeMX version: 6.14.0
2026-05-11 12:22:22,548 [ERROR] AppliInfo:139 - Unknown STM32CubeMX version: 6.16.0
2026-05-11 12:22:22,548 [ERROR] AppliInfo:139 - Unknown STM32CubeMX version: 6.14.0
2026-05-11 12:22:22,548 [ERROR] AppliInfo:139 - Unknown STM32CubeMX version: 6.14.0
2026-05-11 12:22:22,548 [ERROR] AppliInfo:139 - Unknown STM32CubeMX version: 6.14.0
2026-05-11 12:22:22,549 [ERROR] AppliInfo:139 - Unknown STM32CubeMX version: 6.14.0
2026-05-11 12:22:22,549 [ERROR] AppliInfo:139 - Unknown STM32CubeMX version: 6.14.0
2026-05-11 12:22:22,549 [ERROR] AppliInfo:139 - Unknown STM32CubeMX version: 6.14.0
2026-05-11 12:22:22,549 [ERROR] AppliInfo:139 - Unknown STM32CubeMX version: 6.14.0
2026-05-11 12:22:22,549 [ERROR] AppliInfo:139 - Unknown STM32CubeMX version: 6.14.0
2026-05-11 12:22:22,549 [ERROR] AppliInfo:139 - Unknown STM32CubeMX version: 6.14.0
2026-05-11 12:22:22,550 [ERROR] AppliInfo:139 - Unknown STM32CubeMX version: 6.14.0
2026-05-11 12:22:22,550 [ERROR] AppliInfo:139 - Unknown STM32CubeMX version: 6.14.0
2026-05-11 12:22:22,550 [ERROR] AppliInfo:139 - Unknown STM32CubeMX version: 6.14.0
2026-05-11 12:22:22,550 [ERROR] AppliInfo:139 - Unknown STM32CubeMX version: 6.14.0
2026-05-11 12:22:22,550 [ERROR] AppliInfo:139 - Unknown STM32CubeMX version: 6.14.0
2026-05-11 12:22:22,550 [ERROR] AppliInfo:139 - Unknown STM32CubeMX version: 6.14.0
2026-05-11 12:22:22,550 [ERROR] AppliInfo:139 - Unknown STM32CubeMX version: 6.14.0
2026-05-11 12:22:22,551 [ERROR] AppliInfo:139 - Unknown STM32CubeMX version: 6.14.0
2026-05-11 12:22:22,551 [ERROR] AppliInfo:139 - Unknown STM32CubeMX version: 6.14.0
2026-05-11 12:22:22,551 [ERROR] AppliInfo:139 - Unknown STM32CubeMX version: 6.14.0
2026-05-11 12:22:22,551 [ERROR] AppliInfo:139 - Unknown STM32CubeMX version: 6.14.0
2026-05-11 12:22:22,551 [ERROR] AppliInfo:139 - Unknown STM32CubeMX version: 6.14.0
2026-05-11 12:22:22,551 [ERROR] AppliInfo:139 - Unknown STM32CubeMX version: 6.14.0
2026-05-11 12:22:22,551 [ERROR] AppliInfo:139 - Unknown STM32CubeMX version: 6.14.0
2026-05-11 12:22:22,552 [ERROR] AppliInfo:139 - Unknown STM32CubeMX version: 6.14.0
2026-05-11 12:22:22,552 [ERROR] AppliInfo:139 - Unknown STM32CubeMX version: 6.14.0
2026-05-11 12:22:22,552 [ERROR] AppliInfo:139 - Unknown STM32CubeMX version: 6.14.0
2026-05-11 12:22:22,552 [ERROR] AppliInfo:139 - Unknown STM32CubeMX version: 6.14.0
2026-05-11 12:22:22,552 [ERROR] AppliInfo:139 - Unknown STM32CubeMX version: 6.14.0
2026-05-11 12:22:22,552 [ERROR] AppliInfo:139 - Unknown STM32CubeMX version: 6.14.0
2026-05-11 12:22:22,552 [ERROR] AppliInfo:139 - Unknown STM32CubeMX version: 6.14.0
2026-05-11 12:22:22,554 [ERROR] AppliInfo:139 - Unknown STM32CubeMX version: 6.14.0
2026-05-11 12:22:22,554 [ERROR] AppliInfo:139 - Unknown STM32CubeMX version: 6.14.0
2026-05-11 12:22:22,554 [ERROR] AppliInfo:139 - Unknown STM32CubeMX version: 6.14.0
2026-05-11 12:22:22,554 [ERROR] AppliInfo:139 - Unknown STM32CubeMX version: 6.14.0
2026-05-11 12:22:22,554 [ERROR] AppliInfo:139 - Unknown STM32CubeMX version: 6.14.0
2026-05-11 12:22:22,554 [ERROR] AppliInfo:139 - Unknown STM32CubeMX version: 6.14.0
2026-05-11 12:22:22,554 [ERROR] AppliInfo:139 - Unknown STM32CubeMX version: 6.14.0
2026-05-11 12:22:22,554 [ERROR] AppliInfo:139 - Unknown STM32CubeMX version: 6.14.0
2026-05-11 12:22:22,554 [ERROR] AppliInfo:139 - Unknown STM32CubeMX version: 6.14.0
2026-05-11 12:22:22,555 [ERROR] AppliInfo:139 - Unknown STM32CubeMX version: 6.14.0
2026-05-11 12:22:22,555 [ERROR] AppliInfo:139 - Unknown STM32CubeMX version: 6.14.0
2026-05-11 12:22:22,555 [ERROR] AppliInfo:139 - Unknown STM32CubeMX version: 6.14.0
2026-05-11 12:22:22,555 [ERROR] AppliInfo:139 - Unknown STM32CubeMX version: 6.14.0
2026-05-11 12:22:22,555 [ERROR] AppliInfo:139 - Unknown STM32CubeMX version: 6.14.0
2026-05-11 12:22:22,555 [ERROR] AppliInfo:139 - Unknown STM32CubeMX version: 6.14.0
2026-05-11 12:22:22,555 [ERROR] AppliInfo:139 - Unknown STM32CubeMX version: 6.14.0
2026-05-11 12:22:22,556 [ERROR] AppliInfo:139 - Unknown STM32CubeMX version: 6.14.0
2026-05-11 12:22:22,556 [ERROR] AppliInfo:139 - Unknown STM32CubeMX version: 6.14.0
2026-05-11 12:22:22,556 [ERROR] AppliInfo:139 - Unknown STM32CubeMX version: 6.14.0
2026-05-11 12:22:22,556 [ERROR] AppliInfo:139 - Unknown STM32CubeMX version: 6.14.0
2026-05-11 12:22:22,556 [ERROR] AppliInfo:139 - Unknown STM32CubeMX version: 6.14.0
2026-05-11 12:22:22,556 [ERROR] AppliInfo:139 - Unknown STM32CubeMX version: 6.14.0
2026-05-11 12:22:22,556 [ERROR] AppliInfo:139 - Unknown STM32CubeMX version: 6.14.0
2026-05-11 12:22:22,557 [ERROR] AppliInfo:139 - Unknown STM32CubeMX version: 6.14.0
2026-05-11 12:22:22,557 [ERROR] AppliInfo:139 - Unknown STM32CubeMX version: 6.14.0
2026-05-11 12:22:22,557 [ERROR] AppliInfo:139 - Unknown STM32CubeMX version: 6.14.0
2026-05-11 12:22:22,557 [ERROR] AppliInfo:139 - Unknown STM32CubeMX version: 6.14.0
2026-05-11 12:22:22,557 [ERROR] AppliInfo:139 - Unknown STM32CubeMX version: 6.14.0
2026-05-11 12:22:22,557 [ERROR] AppliInfo:139 - Unknown STM32CubeMX version: 6.14.0
2026-05-11 12:22:22,557 [ERROR] AppliInfo:139 - Unknown STM32CubeMX version: 6.14.0
2026-05-11 12:22:22,557 [ERROR] AppliInfo:139 - Unknown STM32CubeMX version: 6.14.0
2026-05-11 12:22:22,557 [ERROR] AppliInfo:139 - Unknown STM32CubeMX version: 6.14.0
2026-05-11 12:22:22,557 [ERROR] AppliInfo:139 - Unknown STM32CubeMX version: 6.14.0
2026-05-11 12:22:22,559 [ERROR] AppliInfo:139 - Unknown STM32CubeMX version: 6.14.0
2026-05-11 12:22:22,559 [ERROR] AppliInfo:139 - Unknown STM32CubeMX version: 6.14.0
2026-05-11 12:22:22,559 [ERROR] AppliInfo:139 - Unknown STM32CubeMX version: 6.14.0
2026-05-11 12:22:22,559 [ERROR] AppliInfo:139 - Unknown STM32CubeMX version: 6.14.0
2026-05-11 12:22:22,559 [ERROR] AppliInfo:139 - Unknown STM32CubeMX version: 6.14.0
2026-05-11 12:22:22,559 [ERROR] AppliInfo:139 - Unknown STM32CubeMX version: 6.14.0
2026-05-11 12:22:22,559 [ERROR] AppliInfo:139 - Unknown STM32CubeMX version: 6.14.0
2026-05-11 12:22:22,559 [ERROR] AppliInfo:139 - Unknown STM32CubeMX version: 6.14.0
2026-05-11 12:22:22,560 [ERROR] AppliInfo:139 - Unknown STM32CubeMX version: 6.14.0
2026-05-11 12:22:22,560 [ERROR] AppliInfo:139 - Unknown STM32CubeMX version: 6.14.0
2026-05-11 12:22:22,560 [ERROR] AppliInfo:139 - Unknown STM32CubeMX version: 6.14.0
2026-05-11 12:22:22,560 [ERROR] AppliInfo:139 - Unknown STM32CubeMX version: 6.14.0
2026-05-11 12:22:22,560 [ERROR] AppliInfo:139 - Unknown STM32CubeMX version: 6.14.0
2026-05-11 12:22:22,560 [ERROR] AppliInfo:139 - Unknown STM32CubeMX version: 6.14.0
2026-05-11 12:22:22,560 [ERROR] AppliInfo:139 - Unknown STM32CubeMX version: 6.14.0
2026-05-11 12:22:22,560 [ERROR] AppliInfo:139 - Unknown STM32CubeMX version: 6.14.0
2026-05-11 12:22:22,561 [ERROR] AppliInfo:139 - Unknown STM32CubeMX version: 6.14.0
2026-05-11 12:22:22,561 [ERROR] AppliInfo:139 - Unknown STM32CubeMX version: 6.14.0
2026-05-11 12:22:22,561 [ERROR] AppliInfo:139 - Unknown STM32CubeMX version: 6.14.0
2026-05-11 12:22:22,561 [ERROR] AppliInfo:139 - Unknown STM32CubeMX version: 6.14.0
2026-05-11 12:22:22,561 [ERROR] AppliInfo:139 - Unknown STM32CubeMX version: 6.14.0
2026-05-11 12:22:22,561 [ERROR] AppliInfo:139 - Unknown STM32CubeMX version: 6.14.0
2026-05-11 12:22:22,561 [ERROR] AppliInfo:139 - Unknown STM32CubeMX version: 6.14.0
2026-05-11 12:22:22,562 [ERROR] AppliInfo:139 - Unknown STM32CubeMX version: 6.14.0
2026-05-11 12:22:22,562 [ERROR] AppliInfo:139 - Unknown STM32CubeMX version: 6.14.0
2026-05-11 12:22:22,562 [ERROR] AppliInfo:139 - Unknown STM32CubeMX version: 6.14.0
2026-05-11 12:22:22,562 [ERROR] AppliInfo:139 - Unknown STM32CubeMX version: 6.14.0
2026-05-11 12:22:22,562 [ERROR] AppliInfo:139 - Unknown STM32CubeMX version: 6.14.0
2026-05-11 12:22:22,562 [ERROR] AppliInfo:139 - Unknown STM32CubeMX version: 6.14.0
2026-05-11 12:22:22,563 [ERROR] AppliInfo:139 - Unknown STM32CubeMX version: 6.14.0
2026-05-11 12:22:22,563 [ERROR] AppliInfo:139 - Unknown STM32CubeMX version: 6.14.0
2026-05-11 12:22:22,563 [ERROR] AppliInfo:139 - Unknown STM32CubeMX version: 6.14.0
2026-05-11 12:22:22,563 [ERROR] AppliInfo:139 - Unknown STM32CubeMX version: 6.16.0
2026-05-11 12:22:22,563 [ERROR] AppliInfo:139 - Unknown STM32CubeMX version: 6.16.0
2026-05-11 12:22:22,563 [ERROR] AppliInfo:139 - Unknown STM32CubeMX version: 6.16.0
2026-05-11 12:22:22,563 [ERROR] AppliInfo:139 - Unknown STM32CubeMX version: 6.16.0
2026-05-11 12:22:22,564 [ERROR] AppliInfo:139 - Unknown STM32CubeMX version: 6.14.0
2026-05-11 12:22:22,564 [ERROR] AppliInfo:139 - Unknown STM32CubeMX version: 6.14.0
2026-05-11 12:22:22,564 [ERROR] AppliInfo:139 - Unknown STM32CubeMX version: 6.14.0
2026-05-11 12:22:22,564 [ERROR] AppliInfo:139 - Unknown STM32CubeMX version: 6.16.0
2026-05-11 12:22:22,564 [ERROR] AppliInfo:139 - Unknown STM32CubeMX version: 6.16.0
2026-05-11 12:22:22,564 [ERROR] AppliInfo:139 - Unknown STM32CubeMX version: 6.16.0
2026-05-11 12:22:22,565 [ERROR] AppliInfo:139 - Unknown STM32CubeMX version: 6.17.0
2026-05-11 12:22:22,565 [ERROR] AppliInfo:139 - Unknown STM32CubeMX version: 6.17.0
2026-05-11 12:22:22,565 [ERROR] AppliInfo:139 - Unknown STM32CubeMX version: 6.14.0
2026-05-11 12:22:22,565 [ERROR] AppliInfo:139 - Unknown STM32CubeMX version: 6.14.0
2026-05-11 12:22:22,565 [ERROR] AppliInfo:139 - Unknown STM32CubeMX version: 6.14.0
2026-05-11 12:22:22,565 [ERROR] AppliInfo:139 - Unknown STM32CubeMX version: 6.14.0
2026-05-11 12:22:22,565 [ERROR] AppliInfo:139 - Unknown STM32CubeMX version: 6.17.0
2026-05-11 12:22:22,565 [ERROR] AppliInfo:139 - Unknown STM32CubeMX version: 6.14.0
2026-05-11 12:22:22,565 [ERROR] AppliInfo:139 - Unknown STM32CubeMX version: 6.17.0
2026-05-11 12:22:22,565 [ERROR] AppliInfo:139 - Unknown STM32CubeMX version: 6.14.0
2026-05-11 12:22:22,566 [ERROR] AppliInfo:139 - Unknown STM32CubeMX version: 6.14.0
2026-05-11 12:22:22,566 [ERROR] AppliInfo:139 - Unknown STM32CubeMX version: 6.14.0
2026-05-11 12:22:22,566 [ERROR] AppliInfo:139 - Unknown STM32CubeMX version: 6.14.0
2026-05-11 12:22:22,566 [ERROR] AppliInfo:139 - Unknown STM32CubeMX version: 6.14.0
2026-05-11 12:22:22,566 [ERROR] AppliInfo:139 - Unknown STM32CubeMX version: 6.15.0
2026-05-11 12:22:22,566 [ERROR] AppliInfo:139 - Unknown STM32CubeMX version: 6.15.0
2026-05-11 12:22:22,566 [ERROR] AppliInfo:139 - Unknown STM32CubeMX version: 6.15.0
2026-05-11 12:22:22,567 [ERROR] AppliInfo:139 - Unknown STM32CubeMX version: 6.15.0
2026-05-11 12:22:22,567 [ERROR] AppliInfo:139 - Unknown STM32CubeMX version: 6.17.0
2026-05-11 12:22:22,567 [ERROR] AppliInfo:139 - Unknown STM32CubeMX version: 6.17.0
2026-05-11 12:22:22,567 [ERROR] AppliInfo:139 - Unknown STM32CubeMX version: 6.17.0
2026-05-11 12:22:22,567 [ERROR] AppliInfo:139 - Unknown STM32CubeMX version: 6.17.0
2026-05-11 12:22:22,567 [ERROR] AppliInfo:139 - Unknown STM32CubeMX version: 6.17.0
2026-05-11 12:22:22,567 [ERROR] AppliInfo:139 - Unknown STM32CubeMX version: 6.17.0
2026-05-11 12:22:22,569 [ERROR] AppliInfo:139 - Unknown STM32CubeMX version: 6.17.0
2026-05-11 12:22:22,569 [ERROR] AppliInfo:139 - Unknown STM32CubeMX version: 6.17.0
2026-05-11 12:22:22,569 [ERROR] AppliInfo:139 - Unknown STM32CubeMX version: 6.17.0
2026-05-11 12:22:22,569 [ERROR] AppliInfo:139 - Unknown STM32CubeMX version: 6.17.0
2026-05-11 12:22:22,569 [ERROR] AppliInfo:139 - Unknown STM32CubeMX version: 6.17.0
2026-05-11 12:22:22,569 [ERROR] AppliInfo:139 - Unknown STM32CubeMX version: 6.17.0
2026-05-11 12:22:22,569 [ERROR] AppliInfo:139 - Unknown STM32CubeMX version: 6.17.0
2026-05-11 12:22:22,570 [ERROR] AppliInfo:139 - Unknown STM32CubeMX version: 6.17.0
2026-05-11 12:22:22,570 [ERROR] AppliInfo:139 - Unknown STM32CubeMX version: 6.17.0
2026-05-11 12:22:22,570 [ERROR] AppliInfo:139 - Unknown STM32CubeMX version: 6.17.0
2026-05-11 12:22:22,570 [ERROR] AppliInfo:139 - Unknown STM32CubeMX version: 6.17.0
2026-05-11 12:22:22,570 [ERROR] AppliInfo:139 - Unknown STM32CubeMX version: 6.17.0
2026-05-11 12:22:22,570 [ERROR] AppliInfo:139 - Unknown STM32CubeMX version: 6.17.0
2026-05-11 12:22:22,571 [ERROR] AppliInfo:139 - Unknown STM32CubeMX version: 6.17.0
2026-05-11 12:22:22,571 [ERROR] AppliInfo:139 - Unknown STM32CubeMX version: 6.17.0
2026-05-11 12:22:22,571 [ERROR] AppliInfo:139 - Unknown STM32CubeMX version: 6.17.0
2026-05-11 12:22:22,571 [ERROR] AppliInfo:139 - Unknown STM32CubeMX version: 6.17.0
2026-05-11 12:22:22,571 [ERROR] AppliInfo:139 - Unknown STM32CubeMX version: 6.17.0
2026-05-11 12:22:22,571 [ERROR] AppliInfo:139 - Unknown STM32CubeMX version: 6.17.0
2026-05-11 12:22:22,571 [ERROR] AppliInfo:139 - Unknown STM32CubeMX version: 6.17.0
2026-05-11 12:22:22,572 [ERROR] AppliInfo:139 - Unknown STM32CubeMX version: 6.17.0
2026-05-11 12:22:22,572 [ERROR] AppliInfo:139 - Unknown STM32CubeMX version: 6.17.0
2026-05-11 12:22:22,572 [ERROR] AppliInfo:139 - Unknown STM32CubeMX version: 6.17.0
2026-05-11 12:22:22,572 [ERROR] AppliInfo:139 - Unknown STM32CubeMX version: 6.14.0
2026-05-11 12:22:22,572 [ERROR] AppliInfo:139 - Unknown STM32CubeMX version: 6.14.0
2026-05-11 12:22:22,572 [ERROR] AppliInfo:139 - Unknown STM32CubeMX version: 6.14.0
2026-05-11 12:22:22,573 [ERROR] AppliInfo:139 - Unknown STM32CubeMX version: 6.16.0
2026-05-11 12:22:22,573 [ERROR] AppliInfo:139 - Unknown STM32CubeMX version: 6.14.0
2026-05-11 12:22:22,573 [ERROR] AppliInfo:139 - Unknown STM32CubeMX version: 6.14.0
2026-05-11 12:22:22,573 [ERROR] AppliInfo:139 - Unknown STM32CubeMX version: 6.14.0
2026-05-11 12:22:22,573 [ERROR] AppliInfo:139 - Unknown STM32CubeMX version: 6.15.0
2026-05-11 12:22:22,573 [ERROR] AppliInfo:139 - Unknown STM32CubeMX version: 6.15.0
2026-05-11 12:22:22,573 [ERROR] AppliInfo:139 - Unknown STM32CubeMX version: 6.15.0
2026-05-11 12:22:22,574 [ERROR] AppliInfo:139 - Unknown STM32CubeMX version: 6.15.0
2026-05-11 12:22:22,574 [ERROR] AppliInfo:139 - Unknown STM32CubeMX version: 6.14.0
2026-05-11 12:22:22,574 [ERROR] AppliInfo:139 - Unknown STM32CubeMX version: 6.17.0
2026-05-11 12:22:22,574 [ERROR] AppliInfo:139 - Unknown STM32CubeMX version: 6.17.0
2026-05-11 12:22:22,574 [ERROR] AppliInfo:139 - Unknown STM32CubeMX version: 6.16.0
2026-05-11 12:22:22,574 [ERROR] AppliInfo:139 - Unknown STM32CubeMX version: 6.16.0
2026-05-11 12:22:22,575 [ERROR] AppliInfo:139 - Unknown STM32CubeMX version: 6.16.0
2026-05-11 12:22:22,575 [ERROR] AppliInfo:139 - Unknown STM32CubeMX version: 6.16.0
2026-05-11 12:22:22,575 [ERROR] AppliInfo:139 - Unknown STM32CubeMX version: 6.16.0
2026-05-11 12:22:22,575 [ERROR] AppliInfo:139 - Unknown STM32CubeMX version: 6.17.0
2026-05-11 12:22:22,575 [ERROR] AppliInfo:139 - Unknown STM32CubeMX version: 6.17.0
2026-05-11 12:22:22,575 [ERROR] AppliInfo:139 - Unknown STM32CubeMX version: 6.17.0
2026-05-11 12:22:22,575 [ERROR] AppliInfo:139 - Unknown STM32CubeMX version: 6.17.0
2026-05-11 12:22:22,576 [ERROR] AppliInfo:139 - Unknown STM32CubeMX version: 6.17.0
2026-05-11 12:22:22,576 [ERROR] AppliInfo:139 - Unknown STM32CubeMX version: 6.17.0
2026-05-11 12:22:22,576 [ERROR] AppliInfo:139 - Unknown STM32CubeMX version: 6.17.0
2026-05-11 12:22:22,576 [ERROR] AppliInfo:139 - Unknown STM32CubeMX version: 6.17.0
2026-05-11 12:22:22,576 [ERROR] AppliInfo:139 - Unknown STM32CubeMX version: 6.17.0
2026-05-11 12:22:22,576 [ERROR] AppliInfo:139 - Unknown STM32CubeMX version: 6.17.0
2026-05-11 12:22:22,576 [ERROR] AppliInfo:139 - Unknown STM32CubeMX version: 6.17.0
2026-05-11 12:22:22,576 [ERROR] AppliInfo:139 - Unknown STM32CubeMX version: 6.17.0
2026-05-11 12:22:22,576 [ERROR] AppliInfo:139 - Unknown STM32CubeMX version: 6.17.0
2026-05-11 12:22:22,577 [ERROR] AppliInfo:139 - Unknown STM32CubeMX version: 6.16.0
2026-05-11 12:22:22,577 [ERROR] AppliInfo:139 - Unknown STM32CubeMX version: 6.17.0
2026-05-11 12:22:22,577 [ERROR] AppliInfo:139 - Unknown STM32CubeMX version: 6.17.0
2026-05-11 12:22:22,577 [ERROR] AppliInfo:139 - Unknown STM32CubeMX version: 6.14.0
2026-05-11 12:22:22,577 [ERROR] AppliInfo:139 - Unknown STM32CubeMX version: 6.14.0
2026-05-11 12:22:22,577 [ERROR] AppliInfo:139 - Unknown STM32CubeMX version: 6.14.0
2026-05-11 12:22:22,577 [ERROR] AppliInfo:139 - Unknown STM32CubeMX version: 6.16.0
2026-05-11 12:22:22,577 [ERROR] AppliInfo:139 - Unknown STM32CubeMX version: 6.17.0
2026-05-11 12:22:22,577 [ERROR] AppliInfo:139 - Unknown STM32CubeMX version: 6.16.0
2026-05-11 12:22:22,578 [ERROR] AppliInfo:139 - Unknown STM32CubeMX version: 6.17.0
2026-05-11 12:22:22,578 [ERROR] AppliInfo:139 - Unknown STM32CubeMX version: 6.16.0
2026-05-11 12:22:22,578 [ERROR] AppliInfo:139 - Unknown STM32CubeMX version: 6.16.0
2026-05-11 12:22:22,578 [ERROR] AppliInfo:139 - Unknown STM32CubeMX version: 6.16.0
2026-05-11 12:22:22,578 [ERROR] AppliInfo:139 - Unknown STM32CubeMX version: 6.15.0
2026-05-11 12:22:22,578 [ERROR] AppliInfo:139 - Unknown STM32CubeMX version: 6.17.0
2026-05-11 12:22:22,578 [ERROR] AppliInfo:139 - Unknown STM32CubeMX version: 6.17.0
2026-05-11 12:22:22,578 [ERROR] AppliInfo:139 - Unknown STM32CubeMX version: 6.17.0
2026-05-11 12:22:22,578 [ERROR] AppliInfo:139 - Unknown STM32CubeMX version: 6.17.0
2026-05-11 12:22:22,579 [ERROR] AppliInfo:139 - Unknown STM32CubeMX version: 6.15.0
2026-05-11 12:22:22,579 [ERROR] AppliInfo:139 - Unknown STM32CubeMX version: 6.16.0
2026-05-11 12:22:22,579 [ERROR] AppliInfo:139 - Unknown STM32CubeMX version: 6.17.0
2026-05-11 12:22:22,579 [ERROR] AppliInfo:139 - Unknown STM32CubeMX version: 6.15.0
2026-05-11 12:22:22,579 [ERROR] AppliInfo:139 - Unknown STM32CubeMX version: 6.16.0
2026-05-11 12:22:22,579 [ERROR] AppliInfo:139 - Unknown STM32CubeMX version: 6.15.0
2026-05-11 12:22:22,579 [ERROR] AppliInfo:139 - Unknown STM32CubeMX version: 6.17.0
2026-05-11 12:22:22,579 [ERROR] AppliInfo:139 - Unknown STM32CubeMX version: 6.17.0
2026-05-11 12:22:22,579 [ERROR] AppliInfo:139 - Unknown STM32CubeMX version: 6.17.0
2026-05-11 12:22:22,579 [ERROR] AppliInfo:139 - Unknown STM32CubeMX version: 6.17.0
2026-05-11 12:22:22,581 [ERROR] AppliInfo:139 - Unknown STM32CubeMX version: 6.17.0
2026-05-11 12:22:22,581 [ERROR] AppliInfo:139 - Unknown STM32CubeMX version: 6.15.0
2026-05-11 12:22:22,581 [ERROR] AppliInfo:139 - Unknown STM32CubeMX version: 6.17.0
2026-05-11 12:22:22,581 [ERROR] AppliInfo:139 - Unknown STM32CubeMX version: 6.16.0
2026-05-11 12:22:22,581 [ERROR] AppliInfo:139 - Unknown STM32CubeMX version: 6.17.0
2026-05-11 12:22:22,581 [ERROR] AppliInfo:139 - Unknown STM32CubeMX version: 6.17.0
2026-05-11 12:22:22,581 [ERROR] AppliInfo:139 - Unknown STM32CubeMX version: 6.17.0
2026-05-11 12:22:22,581 [ERROR] AppliInfo:139 - Unknown STM32CubeMX version: 6.17.0
2026-05-11 12:22:22,581 [ERROR] AppliInfo:139 - Unknown STM32CubeMX version: 6.17.0
2026-05-11 12:22:22,582 [ERROR] AppliInfo:139 - Unknown STM32CubeMX version: 6.17.0
2026-05-11 12:22:22,582 [ERROR] AppliInfo:139 - Unknown STM32CubeMX version: 6.17.0
2026-05-11 12:22:22,582 [ERROR] AppliInfo:139 - Unknown STM32CubeMX version: 6.17.0
2026-05-11 12:22:22,582 [ERROR] AppliInfo:139 - Unknown STM32CubeMX version: 6.17.0
2026-05-11 12:22:22,582 [ERROR] AppliInfo:139 - Unknown STM32CubeMX version: 6.17.0
2026-05-11 12:22:22,582 [ERROR] AppliInfo:139 - Unknown STM32CubeMX version: 6.17.0
2026-05-11 12:22:22,582 [ERROR] AppliInfo:139 - Unknown STM32CubeMX version: 6.17.0
2026-05-11 12:22:22,583 [ERROR] AppliInfo:139 - Unknown STM32CubeMX version: 6.17.0
2026-05-11 12:22:22,583 [ERROR] AppliInfo:139 - Unknown STM32CubeMX version: 6.17.0
2026-05-11 12:22:22,583 [ERROR] AppliInfo:139 - Unknown STM32CubeMX version: 6.17.0
2026-05-11 12:22:22,583 [ERROR] AppliInfo:139 - Unknown STM32CubeMX version: 6.17.0
2026-05-11 12:22:22,583 [ERROR] AppliInfo:139 - Unknown STM32CubeMX version: 6.17.0
2026-05-11 12:22:22,583 [ERROR] AppliInfo:139 - Unknown STM32CubeMX version: 6.17.0
2026-05-11 12:22:22,583 [ERROR] AppliInfo:139 - Unknown STM32CubeMX version: 6.17.0
2026-05-11 12:22:22,583 [ERROR] AppliInfo:139 - Unknown STM32CubeMX version: 6.14.0
2026-05-11 12:22:22,583 [ERROR] AppliInfo:139 - Unknown STM32CubeMX version: 6.14.0
2026-05-11 12:22:22,583 [ERROR] AppliInfo:139 - Unknown STM32CubeMX version: 6.14.0
2026-05-11 12:22:22,583 [ERROR] AppliInfo:139 - Unknown STM32CubeMX version: 6.14.0
2026-05-11 12:22:22,584 [ERROR] AppliInfo:139 - Unknown STM32CubeMX version: 6.14.0
2026-05-11 12:22:22,584 [ERROR] AppliInfo:139 - Unknown STM32CubeMX version: 6.14.0
2026-05-11 12:22:22,584 [ERROR] AppliInfo:139 - Unknown STM32CubeMX version: 6.14.0
2026-05-11 12:22:22,584 [ERROR] AppliInfo:139 - Unknown STM32CubeMX version: 6.14.0
2026-05-11 12:22:22,584 [ERROR] AppliInfo:139 - Unknown STM32CubeMX version: 6.14.0
2026-05-11 12:22:22,584 [ERROR] AppliInfo:139 - Unknown STM32CubeMX version: 6.14.0
2026-05-11 12:22:22,584 [ERROR] AppliInfo:139 - Unknown STM32CubeMX version: 6.14.0
2026-05-11 12:22:22,584 [ERROR] AppliInfo:139 - Unknown STM32CubeMX version: 6.14.0
2026-05-11 12:22:22,585 [ERROR] AppliInfo:139 - Unknown STM32CubeMX version: 6.14.0
2026-05-11 12:22:22,585 [ERROR] AppliInfo:139 - Unknown STM32CubeMX version: 6.14.0
2026-05-11 12:22:22,585 [ERROR] AppliInfo:139 - Unknown STM32CubeMX version: 6.14.0
2026-05-11 12:22:22,585 [ERROR] AppliInfo:139 - Unknown STM32CubeMX version: 6.14.0
2026-05-11 12:22:22,585 [ERROR] AppliInfo:139 - Unknown STM32CubeMX version: 6.14.0
2026-05-11 12:22:22,585 [ERROR] AppliInfo:139 - Unknown STM32CubeMX version: 6.14.0
2026-05-11 12:22:22,585 [ERROR] AppliInfo:139 - Unknown STM32CubeMX version: 6.14.0
2026-05-11 12:22:22,585 [ERROR] AppliInfo:139 - Unknown STM32CubeMX version: 6.14.0
2026-05-11 12:22:22,585 [ERROR] AppliInfo:139 - Unknown STM32CubeMX version: 6.14.0
2026-05-11 12:22:22,585 [ERROR] AppliInfo:139 - Unknown STM32CubeMX version: 6.14.0
2026-05-11 12:22:22,585 [ERROR] AppliInfo:139 - Unknown STM32CubeMX version: 6.17.0
2026-05-11 12:22:22,586 [ERROR] AppliInfo:139 - Unknown STM32CubeMX version: 6.17.0
2026-05-11 12:22:22,586 [ERROR] AppliInfo:139 - Unknown STM32CubeMX version: 6.16.0
2026-05-11 12:22:22,586 [ERROR] AppliInfo:139 - Unknown STM32CubeMX version: 6.16.0
2026-05-11 12:22:22,586 [ERROR] AppliInfo:139 - Unknown STM32CubeMX version: 6.16.0
2026-05-11 12:22:22,586 [ERROR] AppliInfo:139 - Unknown STM32CubeMX version: 6.16.0
2026-05-11 12:22:22,586 [ERROR] AppliInfo:139 - Unknown STM32CubeMX version: 6.16.0
2026-05-11 12:22:22,586 [ERROR] AppliInfo:139 - Unknown STM32CubeMX version: 6.16.0
2026-05-11 12:22:22,586 [ERROR] AppliInfo:139 - Unknown STM32CubeMX version: 6.16.0
2026-05-11 12:22:22,586 [ERROR] AppliInfo:139 - Unknown STM32CubeMX version: 6.16.0
2026-05-11 12:22:22,587 [ERROR] AppliInfo:139 - Unknown STM32CubeMX version: 6.17.0
2026-05-11 12:22:22,588 [ERROR] AppliInfo:139 - Unknown STM32CubeMX version: 6.17.0
2026-05-11 12:22:22,589 [ERROR] AppliInfo:139 - Unknown STM32CubeMX version: 6.17.0
2026-05-11 12:22:22,589 [ERROR] AppliInfo:139 - Unknown STM32CubeMX version: 6.17.0
2026-05-11 12:22:22,589 [ERROR] AppliInfo:139 - Unknown STM32CubeMX version: 6.17.0
2026-05-11 12:22:22,589 [ERROR] AppliInfo:139 - Unknown STM32CubeMX version: 6.17.0
2026-05-11 12:22:22,589 [ERROR] AppliInfo:139 - Unknown STM32CubeMX version: 6.17.0
2026-05-11 12:22:22,589 [ERROR] AppliInfo:139 - Unknown STM32CubeMX version: 6.17.0
2026-05-11 12:22:22,589 [ERROR] AppliInfo:139 - Unknown STM32CubeMX version: 6.17.0
2026-05-11 12:22:22,590 [ERROR] AppliInfo:139 - Unknown STM32CubeMX version: 6.17.0
2026-05-11 12:22:22,590 [ERROR] AppliInfo:139 - Unknown STM32CubeMX version: 6.17.0
2026-05-11 12:22:22,590 [ERROR] AppliInfo:139 - Unknown STM32CubeMX version: 6.17.0
2026-05-11 12:22:22,590 [ERROR] AppliInfo:139 - Unknown STM32CubeMX version: 6.17.0
2026-05-11 12:22:22,590 [ERROR] AppliInfo:139 - Unknown STM32CubeMX version: 6.17.0
2026-05-11 12:22:22,590 [ERROR] AppliInfo:139 - Unknown STM32CubeMX version: 6.17.0
2026-05-11 12:22:22,591 [ERROR] AppliInfo:139 - Unknown STM32CubeMX version: 6.17.0
2026-05-11 12:22:22,591 [ERROR] AppliInfo:139 - Unknown STM32CubeMX version: 6.14.0
2026-05-11 12:22:22,591 [ERROR] AppliInfo:139 - Unknown STM32CubeMX version: 6.14.0
2026-05-11 12:22:22,591 [ERROR] AppliInfo:139 - Unknown STM32CubeMX version: 6.14.0
2026-05-11 12:22:22,591 [ERROR] AppliInfo:139 - Unknown STM32CubeMX version: 6.14.0
2026-05-11 12:22:22,591 [ERROR] AppliInfo:139 - Unknown STM32CubeMX version: 6.14.0
2026-05-11 12:22:22,591 [ERROR] AppliInfo:139 - Unknown STM32CubeMX version: 6.14.0
2026-05-11 12:22:22,591 [ERROR] AppliInfo:139 - Unknown STM32CubeMX version: 6.16.0
2026-05-11 12:22:22,591 [ERROR] AppliInfo:139 - Unknown STM32CubeMX version: 6.14.0
2026-05-11 12:22:22,593 [ERROR] AppliInfo:139 - Unknown STM32CubeMX version: 6.14.0
2026-05-11 12:22:22,593 [ERROR] AppliInfo:139 - Unknown STM32CubeMX version: 6.14.0
2026-05-11 12:22:22,593 [ERROR] AppliInfo:139 - Unknown STM32CubeMX version: 6.17.0
2026-05-11 12:22:22,593 [ERROR] AppliInfo:139 - Unknown STM32CubeMX version: 6.17.0
2026-05-11 12:22:22,593 [ERROR] AppliInfo:139 - Unknown STM32CubeMX version: 6.17.0
2026-05-11 12:22:22,594 [ERROR] AppliInfo:139 - Unknown STM32CubeMX version: 6.17.0
2026-05-11 12:22:22,594 [ERROR] AppliInfo:139 - Unknown STM32CubeMX version: 6.17.0
2026-05-11 12:22:22,594 [ERROR] AppliInfo:139 - Unknown STM32CubeMX version: 6.17.0
2026-05-11 12:22:22,594 [ERROR] AppliInfo:139 - Unknown STM32CubeMX version: 6.14.0
2026-05-11 12:22:22,594 [ERROR] AppliInfo:139 - Unknown STM32CubeMX version: 6.17.0
2026-05-11 12:22:22,594 [ERROR] AppliInfo:139 - Unknown STM32CubeMX version: 6.17.0
2026-05-11 12:22:22,594 [ERROR] AppliInfo:139 - Unknown STM32CubeMX version: 6.17.0
2026-05-11 12:22:22,594 [ERROR] AppliInfo:139 - Unknown STM32CubeMX version: 6.14.0
2026-05-11 12:22:22,594 [ERROR] AppliInfo:139 - Unknown STM32CubeMX version: 6.17.0
2026-05-11 12:22:22,595 [ERROR] AppliInfo:139 - Unknown STM32CubeMX version: 6.15.0
2026-05-11 12:22:22,595 [ERROR] AppliInfo:139 - Unknown STM32CubeMX version: 6.15.0
2026-05-11 12:22:22,595 [ERROR] AppliInfo:139 - Unknown STM32CubeMX version: 6.15.0
2026-05-11 12:22:22,595 [ERROR] AppliInfo:139 - Unknown STM32CubeMX version: 6.15.0
2026-05-11 12:22:22,595 [ERROR] AppliInfo:139 - Unknown STM32CubeMX version: 6.15.0
2026-05-11 12:22:22,595 [ERROR] AppliInfo:139 - Unknown STM32CubeMX version: 6.17.0
2026-05-11 12:22:22,595 [ERROR] AppliInfo:139 - Unknown STM32CubeMX version: 6.17.0
2026-05-11 12:22:22,595 [ERROR] AppliInfo:139 - Unknown STM32CubeMX version: 6.17.0
2026-05-11 12:22:22,595 [ERROR] AppliInfo:139 - Unknown STM32CubeMX version: 6.17.0
2026-05-11 12:22:22,595 [ERROR] AppliInfo:139 - Unknown STM32CubeMX version: 6.17.0
2026-05-11 12:22:22,596 [ERROR] AppliInfo:139 - Unknown STM32CubeMX version: 6.17.0
2026-05-11 12:22:22,596 [ERROR] AppliInfo:139 - Unknown STM32CubeMX version: 6.17.0
2026-05-11 12:22:22,596 [ERROR] AppliInfo:139 - Unknown STM32CubeMX version: 6.17.0
2026-05-11 12:22:22,596 [ERROR] AppliInfo:139 - Unknown STM32CubeMX version: 6.17.0
2026-05-11 12:22:22,596 [ERROR] AppliInfo:139 - Unknown STM32CubeMX version: 6.17.0
2026-05-11 12:22:22,596 [ERROR] AppliInfo:139 - Unknown STM32CubeMX version: 6.17.0
2026-05-11 12:22:22,596 [ERROR] AppliInfo:139 - Unknown STM32CubeMX version: 6.17.0
2026-05-11 12:22:22,596 [ERROR] AppliInfo:139 - Unknown STM32CubeMX version: 6.17.0
2026-05-11 12:22:22,596 [ERROR] AppliInfo:139 - Unknown STM32CubeMX version: 6.17.0
2026-05-11 12:22:22,596 [ERROR] AppliInfo:139 - Unknown STM32CubeMX version: 6.17.0
2026-05-11 12:22:22,597 [ERROR] AppliInfo:139 - Unknown STM32CubeMX version: 6.17.0
2026-05-11 12:22:22,597 [ERROR] AppliInfo:139 - Unknown STM32CubeMX version: 6.17.0
2026-05-11 12:22:22,597 [ERROR] AppliInfo:139 - Unknown STM32CubeMX version: 6.17.0
2026-05-11 12:22:22,597 [ERROR] AppliInfo:139 - Unknown STM32CubeMX version: 6.17.0
2026-05-11 12:22:22,597 [ERROR] AppliInfo:139 - Unknown STM32CubeMX version: 6.17.0
2026-05-11 12:22:22,597 [ERROR] AppliInfo:139 - Unknown STM32CubeMX version: 6.17.0
2026-05-11 12:22:22,597 [ERROR] AppliInfo:139 - Unknown STM32CubeMX version: 6.17.0
2026-05-11 12:22:22,597 [ERROR] AppliInfo:139 - Unknown STM32CubeMX version: 6.17.0
2026-05-11 12:22:22,597 [ERROR] AppliInfo:139 - Unknown STM32CubeMX version: 6.17.0
2026-05-11 12:22:22,597 [ERROR] AppliInfo:139 - Unknown STM32CubeMX version: 6.17.0
2026-05-11 12:22:22,598 [ERROR] AppliInfo:139 - Unknown STM32CubeMX version: 6.17.0
2026-05-11 12:22:22,598 [ERROR] AppliInfo:139 - Unknown STM32CubeMX version: 6.17.0
2026-05-11 12:22:22,598 [ERROR] AppliInfo:139 - Unknown STM32CubeMX version: 6.17.0
2026-05-11 12:22:22,598 [ERROR] AppliInfo:139 - Unknown STM32CubeMX version: 6.17.0
2026-05-11 12:22:22,598 [ERROR] AppliInfo:139 - Unknown STM32CubeMX version: 6.17.0
2026-05-11 12:22:22,598 [ERROR] AppliInfo:139 - Unknown STM32CubeMX version: 6.17.0
2026-05-11 12:22:22,598 [ERROR] AppliInfo:139 - Unknown STM32CubeMX version: 6.17.0
2026-05-11 12:22:22,598 [ERROR] AppliInfo:139 - Unknown STM32CubeMX version: 6.17.0
2026-05-11 12:22:22,598 [ERROR] AppliInfo:139 - Unknown STM32CubeMX version: 6.17.0
2026-05-11 12:22:22,598 [ERROR] AppliInfo:139 - Unknown STM32CubeMX version: 6.17.0
2026-05-11 12:22:22,599 [ERROR] AppliInfo:139 - Unknown STM32CubeMX version: 6.17.0
2026-05-11 12:22:22,599 [ERROR] AppliInfo:139 - Unknown STM32CubeMX version: 6.17.0
2026-05-11 12:22:22,599 [ERROR] AppliInfo:139 - Unknown STM32CubeMX version: 6.17.0
2026-05-11 12:22:22,599 [ERROR] AppliInfo:139 - Unknown STM32CubeMX version: 6.17.0
2026-05-11 12:22:22,599 [ERROR] AppliInfo:139 - Unknown STM32CubeMX version: 6.17.0
2026-05-11 12:22:22,599 [ERROR] AppliInfo:139 - Unknown STM32CubeMX version: 6.17.0
2026-05-11 12:22:22,599 [ERROR] AppliInfo:139 - Unknown STM32CubeMX version: 6.17.0
2026-05-11 12:22:22,599 [ERROR] AppliInfo:139 - Unknown STM32CubeMX version: 6.17.0
2026-05-11 12:22:22,600 [ERROR] AppliInfo:139 - Unknown STM32CubeMX version: 6.17.0
2026-05-11 12:22:22,600 [ERROR] AppliInfo:139 - Unknown STM32CubeMX version: 6.17.0
2026-05-11 12:22:22,600 [ERROR] AppliInfo:139 - Unknown STM32CubeMX version: 6.17.0
2026-05-11 12:22:22,600 [ERROR] AppliInfo:139 - Unknown STM32CubeMX version: 6.17.0
2026-05-11 12:22:22,600 [ERROR] AppliInfo:139 - Unknown STM32CubeMX version: 6.17.0
2026-05-11 12:22:22,600 [ERROR] AppliInfo:139 - Unknown STM32CubeMX version: 6.17.0
2026-05-11 12:22:22,603 [ERROR] AppliInfo:139 - Unknown STM32CubeMX version: 6.17.0
2026-05-11 12:22:22,603 [ERROR] AppliInfo:139 - Unknown STM32CubeMX version: 6.17.0
2026-05-11 12:22:22,603 [ERROR] AppliInfo:139 - Unknown STM32CubeMX version: 6.17.0
2026-05-11 12:22:22,603 [ERROR] AppliInfo:139 - Unknown STM32CubeMX version: 6.17.0
2026-05-11 12:22:22,603 [ERROR] AppliInfo:139 - Unknown STM32CubeMX version: 6.17.0
2026-05-11 12:22:22,604 [ERROR] AppliInfo:139 - Unknown STM32CubeMX version: 6.17.0
2026-05-11 12:22:22,604 [ERROR] AppliInfo:139 - Unknown STM32CubeMX version: 6.17.0
2026-05-11 12:22:22,604 [ERROR] AppliInfo:139 - Unknown STM32CubeMX version: 6.17.0
2026-05-11 12:22:22,604 [ERROR] AppliInfo:139 - Unknown STM32CubeMX version: 6.17.0
2026-05-11 12:22:22,604 [ERROR] AppliInfo:139 - Unknown STM32CubeMX version: 6.17.0
2026-05-11 12:22:22,605 [ERROR] AppliInfo:139 - Unknown STM32CubeMX version: 6.17.0
2026-05-11 12:22:22,605 [ERROR] AppliInfo:139 - Unknown STM32CubeMX version: 6.17.0
2026-05-11 12:22:22,605 [ERROR] AppliInfo:139 - Unknown STM32CubeMX version: 6.17.0
2026-05-11 12:22:22,605 [ERROR] AppliInfo:139 - Unknown STM32CubeMX version: 6.17.0
2026-05-11 12:22:22,605 [ERROR] AppliInfo:139 - Unknown STM32CubeMX version: 6.17.0
2026-05-11 12:22:22,605 [ERROR] AppliInfo:139 - Unknown STM32CubeMX version: 6.17.0
2026-05-11 12:22:22,605 [ERROR] AppliInfo:139 - Unknown STM32CubeMX version: 6.17.0
2026-05-11 12:22:22,606 [ERROR] AppliInfo:139 - Unknown STM32CubeMX version: 6.17.0
2026-05-11 12:22:22,606 [ERROR] AppliInfo:139 - Unknown STM32CubeMX version: 6.17.0
2026-05-11 12:22:22,607 [ERROR] AppliInfo:139 - Unknown STM32CubeMX version: 6.17.0
2026-05-11 12:22:22,607 [ERROR] AppliInfo:139 - Unknown STM32CubeMX version: 6.17.0
2026-05-11 12:22:22,607 [ERROR] AppliInfo:139 - Unknown STM32CubeMX version: 6.17.0
2026-05-11 12:22:22,607 [ERROR] AppliInfo:139 - Unknown STM32CubeMX version: 6.17.0
2026-05-11 12:22:22,607 [ERROR] AppliInfo:139 - Unknown STM32CubeMX version: 6.17.0
2026-05-11 12:22:22,607 [ERROR] AppliInfo:139 - Unknown STM32CubeMX version: 6.17.0
2026-05-11 12:22:22,607 [ERROR] AppliInfo:139 - Unknown STM32CubeMX version: 6.17.0
2026-05-11 12:22:22,607 [ERROR] AppliInfo:139 - Unknown STM32CubeMX version: 6.17.0
2026-05-11 12:22:22,607 [ERROR] AppliInfo:139 - Unknown STM32CubeMX version: 6.17.0
2026-05-11 12:22:22,608 [ERROR] AppliInfo:139 - Unknown STM32CubeMX version: 6.17.0
2026-05-11 12:22:22,608 [ERROR] AppliInfo:139 - Unknown STM32CubeMX version: 6.17.0
2026-05-11 12:22:22,608 [ERROR] AppliInfo:139 - Unknown STM32CubeMX version: 6.17.0
2026-05-11 12:22:22,608 [ERROR] AppliInfo:139 - Unknown STM32CubeMX version: 6.17.0
2026-05-11 12:22:22,608 [ERROR] AppliInfo:139 - Unknown STM32CubeMX version: 6.17.0
2026-05-11 12:22:22,608 [ERROR] AppliInfo:139 - Unknown STM32CubeMX version: 6.17.0
2026-05-11 12:22:22,608 [ERROR] AppliInfo:139 - Unknown STM32CubeMX version: 6.17.0
2026-05-11 12:22:22,608 [ERROR] AppliInfo:139 - Unknown STM32CubeMX version: 6.17.0
2026-05-11 12:22:22,608 [ERROR] AppliInfo:139 - Unknown STM32CubeMX version: 6.17.0
2026-05-11 12:22:22,608 [ERROR] AppliInfo:139 - Unknown STM32CubeMX version: 6.17.0
2026-05-11 12:22:22,609 [ERROR] AppliInfo:139 - Unknown STM32CubeMX version: 6.17.0
2026-05-11 12:22:22,609 [ERROR] AppliInfo:139 - Unknown STM32CubeMX version: 6.17.0
2026-05-11 12:22:22,609 [ERROR] AppliInfo:139 - Unknown STM32CubeMX version: 6.17.0
2026-05-11 12:22:22,609 [ERROR] AppliInfo:139 - Unknown STM32CubeMX version: 6.17.0
2026-05-11 12:22:22,609 [ERROR] AppliInfo:139 - Unknown STM32CubeMX version: 6.15.0
2026-05-11 12:22:22,609 [ERROR] AppliInfo:139 - Unknown STM32CubeMX version: 6.17.0
2026-05-11 12:22:22,609 [ERROR] AppliInfo:139 - Unknown STM32CubeMX version: 6.17.0
2026-05-11 12:22:22,609 [ERROR] AppliInfo:139 - Unknown STM32CubeMX version: 6.17.0
2026-05-11 12:22:22,609 [ERROR] AppliInfo:139 - Unknown STM32CubeMX version: 6.17.0
2026-05-11 12:22:22,610 [ERROR] AppliInfo:139 - Unknown STM32CubeMX version: 6.17.0
2026-05-11 12:22:22,610 [ERROR] AppliInfo:139 - Unknown STM32CubeMX version: 6.17.0
2026-05-11 12:22:22,610 [ERROR] AppliInfo:139 - Unknown STM32CubeMX version: 6.17.0
2026-05-11 12:22:22,610 [ERROR] AppliInfo:139 - Unknown STM32CubeMX version: 6.17.0
2026-05-11 12:22:22,610 [ERROR] AppliInfo:139 - Unknown STM32CubeMX version: 6.17.0
2026-05-11 12:22:22,611 [ERROR] AppliInfo:139 - Unknown STM32CubeMX version: 6.17.0
2026-05-11 12:22:22,611 [ERROR] AppliInfo:139 - Unknown STM32CubeMX version: 6.17.0
2026-05-11 12:22:22,611 [ERROR] AppliInfo:139 - Unknown STM32CubeMX version: 6.17.0
2026-05-11 12:22:22,611 [ERROR] AppliInfo:139 - Unknown STM32CubeMX version: 6.17.0
2026-05-11 12:22:22,611 [ERROR] AppliInfo:139 - Unknown STM32CubeMX version: 6.17.0
2026-05-11 12:22:22,611 [ERROR] AppliInfo:139 - Unknown STM32CubeMX version: 6.17.0
2026-05-11 12:22:22,611 [ERROR] AppliInfo:139 - Unknown STM32CubeMX version: 6.17.0
2026-05-11 12:22:22,611 [ERROR] AppliInfo:139 - Unknown STM32CubeMX version: 6.17.0
2026-05-11 12:22:22,611 [ERROR] AppliInfo:139 - Unknown STM32CubeMX version: 6.17.0
2026-05-11 12:22:22,611 [ERROR] AppliInfo:139 - Unknown STM32CubeMX version: 6.17.0
2026-05-11 12:22:22,612 [ERROR] AppliInfo:139 - Unknown STM32CubeMX version: 6.17.0
2026-05-11 12:22:22,612 [ERROR] AppliInfo:139 - Unknown STM32CubeMX version: 6.17.0
2026-05-11 12:22:22,612 [ERROR] AppliInfo:139 - Unknown STM32CubeMX version: 6.17.0
2026-05-11 12:22:22,612 [ERROR] AppliInfo:139 - Unknown STM32CubeMX version: 6.17.0
2026-05-11 12:22:22,612 [ERROR] AppliInfo:139 - Unknown STM32CubeMX version: 6.17.0
2026-05-11 12:22:22,612 [ERROR] AppliInfo:139 - Unknown STM32CubeMX version: 6.17.0
2026-05-11 12:22:22,613 [ERROR] AppliInfo:139 - Unknown STM32CubeMX version: 6.17.0
2026-05-11 12:22:22,613 [ERROR] AppliInfo:139 - Unknown STM32CubeMX version: 6.17.0
2026-05-11 12:22:22,613 [ERROR] AppliInfo:139 - Unknown STM32CubeMX version: 6.17.0
2026-05-11 12:22:22,613 [ERROR] AppliInfo:139 - Unknown STM32CubeMX version: 6.17.0
2026-05-11 12:22:22,613 [ERROR] AppliInfo:139 - Unknown STM32CubeMX version: 6.17.0
2026-05-11 12:22:22,613 [ERROR] AppliInfo:139 - Unknown STM32CubeMX version: 6.17.0
2026-05-11 12:22:22,613 [ERROR] AppliInfo:139 - Unknown STM32CubeMX version: 6.17.0
2026-05-11 12:22:22,613 [ERROR] AppliInfo:139 - Unknown STM32CubeMX version: 6.17.0
2026-05-11 12:22:22,614 [ERROR] AppliInfo:139 - Unknown STM32CubeMX version: 6.17.0
2026-05-11 12:22:22,614 [ERROR] AppliInfo:139 - Unknown STM32CubeMX version: 6.17.0
2026-05-11 12:22:22,614 [ERROR] AppliInfo:139 - Unknown STM32CubeMX version: 6.17.0
2026-05-11 12:22:22,614 [ERROR] AppliInfo:139 - Unknown STM32CubeMX version: 6.17.0
2026-05-11 12:22:22,614 [ERROR] AppliInfo:139 - Unknown STM32CubeMX version: 6.17.0
2026-05-11 12:22:22,636 [ERROR] AppliInfo:139 - Unknown STM32CubeMX version: 6.17.0
2026-05-11 12:22:22,636 [ERROR] AppliInfo:139 - Unknown STM32CubeMX version: 6.17.0
2026-05-11 12:22:22,637 [ERROR] AppliInfo:139 - Unknown STM32CubeMX version: 6.17.0
2026-05-11 12:22:22,637 [ERROR] AppliInfo:139 - Unknown STM32CubeMX version: 6.17.0
2026-05-11 12:22:22,637 [ERROR] AppliInfo:139 - Unknown STM32CubeMX version: 6.17.0
2026-05-11 12:22:22,637 [ERROR] AppliInfo:139 - Unknown STM32CubeMX version: 6.17.0
2026-05-11 12:22:22,637 [ERROR] AppliInfo:139 - Unknown STM32CubeMX version: 6.17.0
2026-05-11 12:22:22,638 [ERROR] AppliInfo:139 - Unknown STM32CubeMX version: 6.17.0
2026-05-11 12:22:22,638 [ERROR] AppliInfo:139 - Unknown STM32CubeMX version: 6.17.0
2026-05-11 12:22:22,638 [ERROR] AppliInfo:139 - Unknown STM32CubeMX version: 6.17.0
2026-05-11 12:22:22,638 [ERROR] AppliInfo:139 - Unknown STM32CubeMX version: 6.17.0
2026-05-11 12:22:22,638 [ERROR] AppliInfo:139 - Unknown STM32CubeMX version: 6.17.0
2026-05-11 12:22:22,638 [ERROR] AppliInfo:139 - Unknown STM32CubeMX version: 6.17.0
2026-05-11 12:22:22,638 [ERROR] AppliInfo:139 - Unknown STM32CubeMX version: 6.17.0
2026-05-11 12:22:22,665 [ERROR] AppliInfo:139 - Unknown STM32CubeMX version: 6.17.0
2026-05-11 12:22:22,665 [ERROR] AppliInfo:139 - Unknown STM32CubeMX version: 6.17.0
2026-05-11 12:22:22,666 [ERROR] AppliInfo:139 - Unknown STM32CubeMX version: 6.17.0
2026-05-11 12:22:22,666 [ERROR] AppliInfo:139 - Unknown STM32CubeMX version: 6.17.0
2026-05-11 12:22:22,666 [ERROR] AppliInfo:139 - Unknown STM32CubeMX version: 6.17.0
2026-05-11 12:22:22,666 [ERROR] AppliInfo:139 - Unknown STM32CubeMX version: 6.17.0
2026-05-11 12:22:22,666 [ERROR] AppliInfo:139 - Unknown STM32CubeMX version: 6.17.0
2026-05-11 12:22:22,666 [ERROR] AppliInfo:139 - Unknown STM32CubeMX version: 6.17.0
2026-05-11 12:22:22,667 [ERROR] AppliInfo:139 - Unknown STM32CubeMX version: 6.17.0
2026-05-11 12:22:22,667 [ERROR] AppliInfo:139 - Unknown STM32CubeMX version: 6.17.0
2026-05-11 12:22:22,667 [ERROR] AppliInfo:139 - Unknown STM32CubeMX version: 6.17.0
2026-05-11 12:22:22,667 [ERROR] AppliInfo:139 - Unknown STM32CubeMX version: 6.17.0
2026-05-11 12:22:22,667 [ERROR] AppliInfo:139 - Unknown STM32CubeMX version: 6.17.0
2026-05-11 12:22:22,668 [ERROR] AppliInfo:139 - Unknown STM32CubeMX version: 6.17.0
2026-05-11 12:22:22,668 [ERROR] AppliInfo:139 - Unknown STM32CubeMX version: 6.17.0
2026-05-11 12:22:22,668 [ERROR] AppliInfo:139 - Unknown STM32CubeMX version: 6.17.0
2026-05-11 12:22:22,668 [ERROR] AppliInfo:139 - Unknown STM32CubeMX version: 6.17.0
2026-05-11 12:22:22,668 [ERROR] AppliInfo:139 - Unknown STM32CubeMX version: 6.17.0
2026-05-11 12:22:22,668 [ERROR] AppliInfo:139 - Unknown STM32CubeMX version: 6.17.0
2026-05-11 12:22:22,668 [ERROR] AppliInfo:139 - Unknown STM32CubeMX version: 6.17.0
2026-05-11 12:22:22,669 [ERROR] AppliInfo:139 - Unknown STM32CubeMX version: 6.17.0
2026-05-11 12:22:22,669 [ERROR] AppliInfo:139 - Unknown STM32CubeMX version: 6.17.0
2026-05-11 12:22:22,670 [ERROR] AppliInfo:139 - Unknown STM32CubeMX version: 6.16.0
2026-05-11 12:22:22,670 [ERROR] AppliInfo:139 - Unknown STM32CubeMX version: 6.15.0
2026-05-11 12:22:22,670 [ERROR] AppliInfo:139 - Unknown STM32CubeMX version: 6.15.0
2026-05-11 12:22:22,670 [ERROR] AppliInfo:139 - Unknown STM32CubeMX version: 6.15.0
2026-05-11 12:22:22,670 [ERROR] AppliInfo:139 - Unknown STM32CubeMX version: 6.15.0
2026-05-11 12:22:22,670 [ERROR] AppliInfo:139 - Unknown STM32CubeMX version: 6.15.0
2026-05-11 12:22:22,670 [ERROR] AppliInfo:139 - Unknown STM32CubeMX version: 6.15.0
2026-05-11 12:22:22,671 [ERROR] AppliInfo:139 - Unknown STM32CubeMX version: 6.15.0
2026-05-11 12:22:22,671 [ERROR] AppliInfo:139 - Unknown STM32CubeMX version: 6.16.0
2026-05-11 12:22:22,671 [ERROR] AppliInfo:139 - Unknown STM32CubeMX version: 6.16.0
2026-05-11 12:22:22,673 [ERROR] AppliInfo:139 - Unknown STM32CubeMX version: 6.15.0
2026-05-11 12:22:22,673 [ERROR] AppliInfo:139 - Unknown STM32CubeMX version: 6.15.0
2026-05-11 12:22:22,673 [ERROR] AppliInfo:139 - Unknown STM32CubeMX version: 6.15.0
2026-05-11 12:22:22,674 [ERROR] AppliInfo:139 - Unknown STM32CubeMX version: 6.15.0
2026-05-11 12:22:22,674 [ERROR] AppliInfo:139 - Unknown STM32CubeMX version: 6.15.0
2026-05-11 12:22:22,674 [ERROR] AppliInfo:139 - Unknown STM32CubeMX version: 6.15.0
2026-05-11 12:22:22,674 [ERROR] AppliInfo:139 - Unknown STM32CubeMX version: 6.15.0
2026-05-11 12:22:22,674 [ERROR] AppliInfo:139 - Unknown STM32CubeMX version: 6.15.0
2026-05-11 12:22:22,674 [ERROR] AppliInfo:139 - Unknown STM32CubeMX version: 6.15.0
2026-05-11 12:22:22,674 [ERROR] AppliInfo:139 - Unknown STM32CubeMX version: 6.15.0
2026-05-11 12:22:22,674 [ERROR] AppliInfo:139 - Unknown STM32CubeMX version: 6.15.0
2026-05-11 12:22:22,674 [ERROR] AppliInfo:139 - Unknown STM32CubeMX version: 6.15.0
2026-05-11 12:22:22,674 [ERROR] AppliInfo:139 - Unknown STM32CubeMX version: 6.15.0
2026-05-11 12:22:22,677 [ERROR] AppliInfo:139 - Unknown STM32CubeMX version: 6.16.0
2026-05-11 12:22:22,677 [ERROR] AppliInfo:139 - Unknown STM32CubeMX version: 6.15.0
2026-05-11 12:22:22,677 [ERROR] AppliInfo:139 - Unknown STM32CubeMX version: 6.15.0
2026-05-11 12:22:22,677 [ERROR] AppliInfo:139 - Unknown STM32CubeMX version: 6.15.0
2026-05-11 12:22:22,677 [ERROR] AppliInfo:139 - Unknown STM32CubeMX version: 6.15.0
2026-05-11 12:22:22,679 [ERROR] AppliInfo:139 - Unknown STM32CubeMX version: 6.15.0
2026-05-11 12:22:22,679 [ERROR] AppliInfo:139 - Unknown STM32CubeMX version: 6.15.0
2026-05-11 12:22:22,679 [ERROR] AppliInfo:139 - Unknown STM32CubeMX version: 6.15.0
2026-05-11 12:22:22,679 [ERROR] AppliInfo:139 - Unknown STM32CubeMX version: 6.16.0
2026-05-11 12:22:22,679 [ERROR] AppliInfo:139 - Unknown STM32CubeMX version: 6.16.0
2026-05-11 12:22:22,681 [ERROR] AppliInfo:139 - Unknown STM32CubeMX version: 6.15.0
2026-05-11 12:22:22,682 [ERROR] AppliInfo:139 - Unknown STM32CubeMX version: 6.15.0
2026-05-11 12:22:22,682 [ERROR] AppliInfo:139 - Unknown STM32CubeMX version: 6.15.0
2026-05-11 12:22:22,682 [ERROR] AppliInfo:139 - Unknown STM32CubeMX version: 6.15.0
2026-05-11 12:22:22,682 [ERROR] AppliInfo:139 - Unknown STM32CubeMX version: 6.15.0
2026-05-11 12:22:22,682 [ERROR] AppliInfo:139 - Unknown STM32CubeMX version: 6.15.0
2026-05-11 12:22:22,682 [ERROR] AppliInfo:139 - Unknown STM32CubeMX version: 6.15.0
2026-05-11 12:22:22,682 [ERROR] AppliInfo:139 - Unknown STM32CubeMX version: 6.15.0
2026-05-11 12:22:22,682 [ERROR] AppliInfo:139 - Unknown STM32CubeMX version: 6.15.0
2026-05-11 12:22:22,682 [ERROR] AppliInfo:139 - Unknown STM32CubeMX version: 6.15.0
2026-05-11 12:22:22,682 [ERROR] AppliInfo:139 - Unknown STM32CubeMX version: 6.15.0
2026-05-11 12:22:22,683 [ERROR] AppliInfo:139 - Unknown STM32CubeMX version: 6.15.0
2026-05-11 12:22:22,683 [ERROR] AppliInfo:139 - Unknown STM32CubeMX version: 6.15.0
2026-05-11 12:22:22,686 [ERROR] AppliInfo:139 - Unknown STM32CubeMX version: 6.16.0
2026-05-11 12:22:22,686 [ERROR] AppliInfo:139 - Unknown STM32CubeMX version: 6.16.0
2026-05-11 12:22:22,686 [ERROR] AppliInfo:139 - Unknown STM32CubeMX version: 6.16.0
2026-05-11 12:22:22,686 [ERROR] AppliInfo:139 - Unknown STM32CubeMX version: 6.16.0
2026-05-11 12:22:22,686 [ERROR] AppliInfo:139 - Unknown STM32CubeMX version: 6.16.0
2026-05-11 12:22:22,686 [ERROR] AppliInfo:139 - Unknown STM32CubeMX version: 6.16.0
2026-05-11 12:22:22,687 [ERROR] AppliInfo:139 - Unknown STM32CubeMX version: 6.16.0
2026-05-11 12:22:22,687 [ERROR] AppliInfo:139 - Unknown STM32CubeMX version: 6.16.0
2026-05-11 12:22:22,687 [ERROR] AppliInfo:139 - Unknown STM32CubeMX version: 6.16.0
2026-05-11 12:22:22,687 [ERROR] AppliInfo:139 - Unknown STM32CubeMX version: 6.16.0
2026-05-11 12:22:22,687 [ERROR] AppliInfo:139 - Unknown STM32CubeMX version: 6.16.0
2026-05-11 12:22:22,687 [ERROR] AppliInfo:139 - Unknown STM32CubeMX version: 6.16.0
2026-05-11 12:22:22,688 [ERROR] AppliInfo:139 - Unknown STM32CubeMX version: 6.16.0
2026-05-11 12:22:22,688 [ERROR] AppliInfo:139 - Unknown STM32CubeMX version: 6.16.0
2026-05-11 12:22:22,688 [ERROR] AppliInfo:139 - Unknown STM32CubeMX version: 6.16.0
2026-05-11 12:22:22,688 [ERROR] AppliInfo:139 - Unknown STM32CubeMX version: 6.16.0
2026-05-11 12:22:22,688 [ERROR] AppliInfo:139 - Unknown STM32CubeMX version: 6.16.0
2026-05-11 12:22:22,688 [ERROR] AppliInfo:139 - Unknown STM32CubeMX version: 6.16.0
2026-05-11 12:22:22,688 [ERROR] AppliInfo:139 - Unknown STM32CubeMX version: 6.16.0
2026-05-11 12:22:22,689 [ERROR] AppliInfo:139 - Unknown STM32CubeMX version: 6.16.0
2026-05-11 12:22:22,689 [ERROR] AppliInfo:139 - Unknown STM32CubeMX version: 6.16.0
2026-05-11 12:22:22,689 [ERROR] AppliInfo:139 - Unknown STM32CubeMX version: 6.16.0
2026-05-11 12:22:22,689 [ERROR] AppliInfo:139 - Unknown STM32CubeMX version: 6.16.0
2026-05-11 12:22:22,689 [ERROR] AppliInfo:139 - Unknown STM32CubeMX version: 6.16.0
2026-05-11 12:22:22,689 [ERROR] AppliInfo:139 - Unknown STM32CubeMX version: 6.16.0
2026-05-11 12:22:22,689 [ERROR] AppliInfo:139 - Unknown STM32CubeMX version: 6.16.0
2026-05-11 12:22:22,689 [ERROR] AppliInfo:139 - Unknown STM32CubeMX version: 6.16.0
2026-05-11 12:22:22,689 [ERROR] AppliInfo:139 - Unknown STM32CubeMX version: 6.16.0
2026-05-11 12:22:22,689 [ERROR] AppliInfo:139 - Unknown STM32CubeMX version: 6.16.0
2026-05-11 12:22:22,690 [ERROR] AppliInfo:139 - Unknown STM32CubeMX version: 6.16.0
2026-05-11 12:22:22,690 [ERROR] AppliInfo:139 - Unknown STM32CubeMX version: 6.16.0
2026-05-11 12:22:22,690 [ERROR] AppliInfo:139 - Unknown STM32CubeMX version: 6.16.0
2026-05-11 12:22:22,690 [ERROR] AppliInfo:139 - Unknown STM32CubeMX version: 6.16.0
2026-05-11 12:22:22,690 [ERROR] AppliInfo:139 - Unknown STM32CubeMX version: 6.16.0
2026-05-11 12:22:22,690 [ERROR] AppliInfo:139 - Unknown STM32CubeMX version: 6.16.0
2026-05-11 12:22:22,690 [ERROR] AppliInfo:139 - Unknown STM32CubeMX version: 6.16.0
2026-05-11 12:22:22,690 [ERROR] AppliInfo:139 - Unknown STM32CubeMX version: 6.16.0
2026-05-11 12:22:22,690 [ERROR] AppliInfo:139 - Unknown STM32CubeMX version: 6.16.0
2026-05-11 12:22:22,690 [ERROR] AppliInfo:139 - Unknown STM32CubeMX version: 6.16.0
2026-05-11 12:22:22,691 [ERROR] AppliInfo:139 - Unknown STM32CubeMX version: 6.16.0
2026-05-11 12:22:22,691 [ERROR] AppliInfo:139 - Unknown STM32CubeMX version: 6.16.0
2026-05-11 12:22:22,691 [ERROR] AppliInfo:139 - Unknown STM32CubeMX version: 6.16.0
2026-05-11 12:22:22,691 [ERROR] AppliInfo:139 - Unknown STM32CubeMX version: 6.16.0
2026-05-11 12:22:22,691 [ERROR] AppliInfo:139 - Unknown STM32CubeMX version: 6.16.0
2026-05-11 12:22:22,691 [ERROR] AppliInfo:139 - Unknown STM32CubeMX version: 6.16.0
2026-05-11 12:22:22,691 [ERROR] AppliInfo:139 - Unknown STM32CubeMX version: 6.16.0
2026-05-11 12:22:22,691 [ERROR] AppliInfo:139 - Unknown STM32CubeMX version: 6.16.0
2026-05-11 12:22:22,691 [ERROR] AppliInfo:139 - Unknown STM32CubeMX version: 6.16.0
2026-05-11 12:22:22,691 [ERROR] AppliInfo:139 - Unknown STM32CubeMX version: 6.16.0
2026-05-11 12:22:22,692 [ERROR] AppliInfo:139 - Unknown STM32CubeMX version: 6.16.0
2026-05-11 12:22:22,692 [ERROR] AppliInfo:139 - Unknown STM32CubeMX version: 6.16.0
2026-05-11 12:22:22,692 [ERROR] AppliInfo:139 - Unknown STM32CubeMX version: 6.16.0
2026-05-11 12:22:22,692 [ERROR] AppliInfo:139 - Unknown STM32CubeMX version: 6.16.0
2026-05-11 12:22:22,692 [ERROR] AppliInfo:139 - Unknown STM32CubeMX version: 6.16.0
2026-05-11 12:22:22,692 [ERROR] AppliInfo:139 - Unknown STM32CubeMX version: 6.16.0
2026-05-11 12:22:22,692 [ERROR] AppliInfo:139 - Unknown STM32CubeMX version: 6.16.0
2026-05-11 12:22:22,692 [ERROR] AppliInfo:139 - Unknown STM32CubeMX version: 6.16.0
2026-05-11 12:22:22,692 [ERROR] AppliInfo:139 - Unknown STM32CubeMX version: 6.16.0
2026-05-11 12:22:22,692 [ERROR] AppliInfo:139 - Unknown STM32CubeMX version: 6.16.0
2026-05-11 12:22:22,693 [ERROR] AppliInfo:139 - Unknown STM32CubeMX version: 6.16.0
2026-05-11 12:22:22,693 [ERROR] AppliInfo:139 - Unknown STM32CubeMX version: 6.17.0
2026-05-11 12:22:22,693 [ERROR] AppliInfo:139 - Unknown STM32CubeMX version: 6.16.0
2026-05-11 12:22:22,693 [ERROR] AppliInfo:139 - Unknown STM32CubeMX version: 6.16.0
2026-05-11 12:22:22,693 [ERROR] AppliInfo:139 - Unknown STM32CubeMX version: 6.16.0
2026-05-11 12:22:22,693 [ERROR] AppliInfo:139 - Unknown STM32CubeMX version: 6.16.0
2026-05-11 12:22:22,693 [ERROR] AppliInfo:139 - Unknown STM32CubeMX version: 6.16.0
2026-05-11 12:22:22,693 [ERROR] AppliInfo:139 - Unknown STM32CubeMX version: 6.16.0
2026-05-11 12:22:22,694 [ERROR] AppliInfo:139 - Unknown STM32CubeMX version: 6.16.0
2026-05-11 12:22:22,694 [ERROR] AppliInfo:139 - Unknown STM32CubeMX version: 6.17.0
2026-05-11 12:22:22,694 [ERROR] AppliInfo:139 - Unknown STM32CubeMX version: 6.17.0
2026-05-11 12:22:22,694 [ERROR] AppliInfo:139 - Unknown STM32CubeMX version: 6.17.0
2026-05-11 12:22:22,694 [ERROR] AppliInfo:139 - Unknown STM32CubeMX version: 6.16.0
2026-05-11 12:22:22,694 [ERROR] AppliInfo:139 - Unknown STM32CubeMX version: 6.16.0
2026-05-11 12:22:22,694 [ERROR] AppliInfo:139 - Unknown STM32CubeMX version: 6.16.0
2026-05-11 12:22:22,694 [ERROR] AppliInfo:139 - Unknown STM32CubeMX version: 6.16.0
2026-05-11 12:22:22,694 [ERROR] AppliInfo:139 - Unknown STM32CubeMX version: 6.16.0
2026-05-11 12:22:22,694 [ERROR] AppliInfo:139 - Unknown STM32CubeMX version: 6.17.0
2026-05-11 12:22:22,695 [ERROR] AppliInfo:139 - Unknown STM32CubeMX version: 6.17.0
2026-05-11 12:22:22,695 [ERROR] AppliInfo:139 - Unknown STM32CubeMX version: 6.17.0
2026-05-11 12:22:22,695 [ERROR] AppliInfo:139 - Unknown STM32CubeMX version: 6.16.0
2026-05-11 12:22:22,695 [ERROR] AppliInfo:139 - Unknown STM32CubeMX version: 6.17.0
2026-05-11 12:22:22,695 [ERROR] AppliInfo:139 - Unknown STM32CubeMX version: 6.17.0
2026-05-11 12:22:22,695 [ERROR] AppliInfo:139 - Unknown STM32CubeMX version: 6.17.0
2026-05-11 12:22:22,695 [ERROR] AppliInfo:139 - Unknown STM32CubeMX version: 6.17.0
2026-05-11 12:22:22,695 [ERROR] AppliInfo:139 - Unknown STM32CubeMX version: 6.17.0
2026-05-11 12:22:22,695 [ERROR] AppliInfo:139 - Unknown STM32CubeMX version: 6.16.0
2026-05-11 12:22:22,695 [ERROR] AppliInfo:139 - Unknown STM32CubeMX version: 6.16.0
2026-05-11 12:22:22,696 [ERROR] AppliInfo:139 - Unknown STM32CubeMX version: 6.16.0
2026-05-11 12:22:22,696 [ERROR] AppliInfo:139 - Unknown STM32CubeMX version: 6.17.0
2026-05-11 12:22:22,696 [ERROR] AppliInfo:139 - Unknown STM32CubeMX version: 6.17.0
2026-05-11 12:22:22,696 [ERROR] AppliInfo:139 - Unknown STM32CubeMX version: 6.16.0
2026-05-11 12:22:22,696 [ERROR] AppliInfo:139 - Unknown STM32CubeMX version: 6.17.0
2026-05-11 12:22:22,696 [ERROR] AppliInfo:139 - Unknown STM32CubeMX version: 6.17.0
2026-05-11 12:22:22,696 [ERROR] AppliInfo:139 - Unknown STM32CubeMX version: 6.17.0
2026-05-11 12:22:22,696 [ERROR] AppliInfo:139 - Unknown STM32CubeMX version: 6.17.0
2026-05-11 12:22:22,696 [ERROR] AppliInfo:139 - Unknown STM32CubeMX version: 6.17.0
2026-05-11 12:22:22,696 [ERROR] AppliInfo:139 - Unknown STM32CubeMX version: 6.16.0
2026-05-11 12:22:22,697 [ERROR] AppliInfo:139 - Unknown STM32CubeMX version: 6.16.0
2026-05-11 12:22:22,697 [ERROR] AppliInfo:139 - Unknown STM32CubeMX version: 6.16.0
2026-05-11 12:22:22,697 [ERROR] AppliInfo:139 - Unknown STM32CubeMX version: 6.17.0
2026-05-11 12:22:22,697 [ERROR] AppliInfo:139 - Unknown STM32CubeMX version: 6.17.0
2026-05-11 12:22:22,697 [ERROR] AppliInfo:139 - Unknown STM32CubeMX version: 6.17.0
2026-05-11 12:22:22,697 [ERROR] AppliInfo:139 - Unknown STM32CubeMX version: 6.16.0
2026-05-11 12:22:22,697 [ERROR] AppliInfo:139 - Unknown STM32CubeMX version: 6.16.0
2026-05-11 12:22:22,697 [ERROR] AppliInfo:139 - Unknown STM32CubeMX version: 6.16.0
2026-05-11 12:22:22,697 [ERROR] AppliInfo:139 - Unknown STM32CubeMX version: 6.16.0
2026-05-11 12:22:22,698 [ERROR] AppliInfo:139 - Unknown STM32CubeMX version: 6.16.0
2026-05-11 12:22:22,698 [ERROR] AppliInfo:139 - Unknown STM32CubeMX version: 6.16.0
2026-05-11 12:22:22,698 [ERROR] AppliInfo:139 - Unknown STM32CubeMX version: 6.16.0
2026-05-11 12:22:22,698 [ERROR] AppliInfo:139 - Unknown STM32CubeMX version: 6.17.0
2026-05-11 12:22:22,698 [ERROR] AppliInfo:139 - Unknown STM32CubeMX version: 6.17.0
2026-05-11 12:22:22,698 [ERROR] AppliInfo:139 - Unknown STM32CubeMX version: 6.17.0
2026-05-11 12:22:22,698 [ERROR] AppliInfo:139 - Unknown STM32CubeMX version: 6.16.0
2026-05-11 12:22:22,698 [ERROR] AppliInfo:139 - Unknown STM32CubeMX version: 6.16.0
2026-05-11 12:22:22,698 [ERROR] AppliInfo:139 - Unknown STM32CubeMX version: 6.16.0
2026-05-11 12:22:22,698 [ERROR] AppliInfo:139 - Unknown STM32CubeMX version: 6.16.0
2026-05-11 12:22:22,699 [ERROR] AppliInfo:139 - Unknown STM32CubeMX version: 6.16.0
2026-05-11 12:22:22,699 [ERROR] AppliInfo:139 - Unknown STM32CubeMX version: 6.16.0
2026-05-11 12:22:22,699 [ERROR] AppliInfo:139 - Unknown STM32CubeMX version: 6.16.0
2026-05-11 12:22:22,699 [ERROR] AppliInfo:139 - Unknown STM32CubeMX version: 6.17.0
2026-05-11 12:22:22,699 [ERROR] AppliInfo:139 - Unknown STM32CubeMX version: 6.17.0
2026-05-11 12:22:22,699 [ERROR] AppliInfo:139 - Unknown STM32CubeMX version: 6.17.0
2026-05-11 12:22:22,699 [ERROR] AppliInfo:139 - Unknown STM32CubeMX version: 6.16.0
2026-05-11 12:22:22,699 [ERROR] AppliInfo:139 - Unknown STM32CubeMX version: 6.17.0
2026-05-11 12:22:22,699 [ERROR] AppliInfo:139 - Unknown STM32CubeMX version: 6.17.0
2026-05-11 12:22:22,700 [ERROR] AppliInfo:139 - Unknown STM32CubeMX version: 6.17.0
2026-05-11 12:22:22,700 [ERROR] AppliInfo:139 - Unknown STM32CubeMX version: 6.17.0
2026-05-11 12:22:22,700 [ERROR] AppliInfo:139 - Unknown STM32CubeMX version: 6.17.0
2026-05-11 12:22:22,700 [ERROR] AppliInfo:139 - Unknown STM32CubeMX version: 6.16.0
2026-05-11 12:22:22,700 [ERROR] AppliInfo:139 - Unknown STM32CubeMX version: 6.16.0
2026-05-11 12:22:22,700 [ERROR] AppliInfo:139 - Unknown STM32CubeMX version: 6.16.0
2026-05-11 12:22:22,700 [ERROR] AppliInfo:139 - Unknown STM32CubeMX version: 6.17.0
2026-05-11 12:22:22,701 [ERROR] AppliInfo:139 - Unknown STM32CubeMX version: 6.17.0
2026-05-11 12:22:22,701 [ERROR] AppliInfo:139 - Unknown STM32CubeMX version: 6.16.0
2026-05-11 12:22:22,701 [ERROR] AppliInfo:139 - Unknown STM32CubeMX version: 6.17.0
2026-05-11 12:22:22,701 [ERROR] AppliInfo:139 - Unknown STM32CubeMX version: 6.17.0
2026-05-11 12:22:22,701 [ERROR] AppliInfo:139 - Unknown STM32CubeMX version: 6.17.0
2026-05-11 12:22:22,701 [ERROR] AppliInfo:139 - Unknown STM32CubeMX version: 6.17.0
2026-05-11 12:22:22,701 [ERROR] AppliInfo:139 - Unknown STM32CubeMX version: 6.17.0
2026-05-11 12:22:22,701 [ERROR] AppliInfo:139 - Unknown STM32CubeMX version: 6.16.0
2026-05-11 12:22:22,701 [ERROR] AppliInfo:139 - Unknown STM32CubeMX version: 6.16.0
2026-05-11 12:22:22,701 [ERROR] AppliInfo:139 - Unknown STM32CubeMX version: 6.16.0
2026-05-11 12:22:22,702 [ERROR] AppliInfo:139 - Unknown STM32CubeMX version: 6.17.0
2026-05-11 12:22:22,702 [ERROR] AppliInfo:139 - Unknown STM32CubeMX version: 6.17.0
2026-05-11 12:22:22,710 [ERROR] AppliInfo:139 - Unknown STM32CubeMX version: 6.17.0
2026-05-11 12:22:22,710 [ERROR] AppliInfo:139 - Unknown STM32CubeMX version: 6.17.0
2026-05-11 12:22:22,710 [ERROR] AppliInfo:139 - Unknown STM32CubeMX version: 6.17.0
2026-05-11 12:22:22,710 [ERROR] AppliInfo:139 - Unknown STM32CubeMX version: 6.17.0
2026-05-11 12:22:22,710 [ERROR] AppliInfo:139 - Unknown STM32CubeMX version: 6.17.0
2026-05-11 12:22:22,710 [ERROR] AppliInfo:139 - Unknown STM32CubeMX version: 6.17.0
2026-05-11 12:22:22,710 [ERROR] AppliInfo:139 - Unknown STM32CubeMX version: 6.17.0
2026-05-11 12:22:22,711 [ERROR] AppliInfo:139 - Unknown STM32CubeMX version: 6.17.0
2026-05-11 12:22:22,711 [ERROR] AppliInfo:139 - Unknown STM32CubeMX version: 6.17.0
2026-05-11 12:22:22,711 [ERROR] AppliInfo:139 - Unknown STM32CubeMX version: 6.17.0
2026-05-11 12:22:22,711 [ERROR] AppliInfo:139 - Unknown STM32CubeMX version: 6.17.0
2026-05-11 12:22:22,711 [ERROR] AppliInfo:139 - Unknown STM32CubeMX version: 6.17.0
2026-05-11 12:22:22,711 [ERROR] AppliInfo:139 - Unknown STM32CubeMX version: 6.17.0
2026-05-11 12:22:22,711 [ERROR] AppliInfo:139 - Unknown STM32CubeMX version: 6.17.0
2026-05-11 12:22:22,711 [ERROR] AppliInfo:139 - Unknown STM32CubeMX version: 6.17.0
2026-05-11 12:22:22,712 [ERROR] AppliInfo:139 - Unknown STM32CubeMX version: 6.17.0
2026-05-11 12:22:22,712 [ERROR] AppliInfo:139 - Unknown STM32CubeMX version: 6.17.0
2026-05-11 12:22:22,712 [ERROR] AppliInfo:139 - Unknown STM32CubeMX version: 6.15.0
2026-05-11 12:22:22,712 [ERROR] AppliInfo:139 - Unknown STM32CubeMX version: 6.17.0
2026-05-11 12:22:22,712 [ERROR] AppliInfo:139 - Unknown STM32CubeMX version: 6.17.0
2026-05-11 12:22:22,712 [ERROR] AppliInfo:139 - Unknown STM32CubeMX version: 6.17.0
2026-05-11 12:22:22,712 [ERROR] AppliInfo:139 - Unknown STM32CubeMX version: 6.17.0
2026-05-11 12:22:22,712 [ERROR] AppliInfo:139 - Unknown STM32CubeMX version: 6.17.0
2026-05-11 12:22:22,712 [ERROR] AppliInfo:139 - Unknown STM32CubeMX version: 6.17.0
2026-05-11 12:22:22,713 [ERROR] AppliInfo:139 - Unknown STM32CubeMX version: 6.17.0
2026-05-11 12:22:22,713 [ERROR] AppliInfo:139 - Unknown STM32CubeMX version: 6.17.0
2026-05-11 12:22:22,713 [ERROR] AppliInfo:139 - Unknown STM32CubeMX version: 6.17.0
2026-05-11 12:22:22,713 [ERROR] AppliInfo:139 - Unknown STM32CubeMX version: 6.17.0
2026-05-11 12:22:22,713 [ERROR] AppliInfo:139 - Unknown STM32CubeMX version: 6.17.0
2026-05-11 12:22:22,713 [ERROR] AppliInfo:139 - Unknown STM32CubeMX version: 6.17.0
2026-05-11 12:22:22,713 [ERROR] AppliInfo:139 - Unknown STM32CubeMX version: 6.17.0
2026-05-11 12:22:22,713 [ERROR] AppliInfo:139 - Unknown STM32CubeMX version: 6.17.0
2026-05-11 12:22:22,714 [ERROR] AppliInfo:139 - Unknown STM32CubeMX version: 6.17.0
2026-05-11 12:22:22,714 [ERROR] AppliInfo:139 - Unknown STM32CubeMX version: 6.17.0
2026-05-11 12:22:22,714 [ERROR] AppliInfo:139 - Unknown STM32CubeMX version: 6.17.0
2026-05-11 12:22:22,714 [ERROR] AppliInfo:139 - Unknown STM32CubeMX version: 6.17.0
2026-05-11 12:22:22,714 [ERROR] AppliInfo:139 - Unknown STM32CubeMX version: 6.17.0
2026-05-11 12:22:22,714 [ERROR] AppliInfo:139 - Unknown STM32CubeMX version: 6.17.0
2026-05-11 12:22:22,714 [ERROR] AppliInfo:139 - Unknown STM32CubeMX version: 6.17.0
2026-05-11 12:22:22,714 [ERROR] AppliInfo:139 - Unknown STM32CubeMX version: 6.17.0
2026-05-11 12:22:22,714 [ERROR] AppliInfo:139 - Unknown STM32CubeMX version: 6.17.0
2026-05-11 12:22:22,715 [ERROR] AppliInfo:139 - Unknown STM32CubeMX version: 6.17.0
2026-05-11 12:22:22,715 [ERROR] AppliInfo:139 - Unknown STM32CubeMX version: 6.17.0
2026-05-11 12:22:22,715 [ERROR] AppliInfo:139 - Unknown STM32CubeMX version: 6.17.0
2026-05-11 12:22:22,715 [ERROR] AppliInfo:139 - Unknown STM32CubeMX version: 6.14.0
2026-05-11 12:22:22,715 [ERROR] AppliInfo:139 - Unknown STM32CubeMX version: 6.14.0
2026-05-11 12:22:22,715 [ERROR] AppliInfo:139 - Unknown STM32CubeMX version: 6.14.0
2026-05-11 12:22:22,715 [ERROR] AppliInfo:139 - Unknown STM32CubeMX version: 6.14.0
2026-05-11 12:22:22,715 [ERROR] AppliInfo:139 - Unknown STM32CubeMX version: 6.14.0
2026-05-11 12:22:22,715 [ERROR] AppliInfo:139 - Unknown STM32CubeMX version: 6.14.0
2026-05-11 12:22:22,716 [ERROR] AppliInfo:139 - Unknown STM32CubeMX version: 6.14.0
2026-05-11 12:22:22,716 [ERROR] AppliInfo:139 - Unknown STM32CubeMX version: 6.14.0
2026-05-11 12:22:22,716 [ERROR] AppliInfo:139 - Unknown STM32CubeMX version: 6.14.0
2026-05-11 12:22:22,716 [ERROR] AppliInfo:139 - Unknown STM32CubeMX version: 6.14.0
2026-05-11 12:22:22,716 [ERROR] AppliInfo:139 - Unknown STM32CubeMX version: 6.14.0
2026-05-11 12:22:22,716 [ERROR] AppliInfo:139 - Unknown STM32CubeMX version: 6.14.0
2026-05-11 12:22:22,716 [ERROR] AppliInfo:139 - Unknown STM32CubeMX version: 6.14.0
2026-05-11 12:22:22,716 [ERROR] AppliInfo:139 - Unknown STM32CubeMX version: 6.14.0
2026-05-11 12:22:22,716 [ERROR] AppliInfo:139 - Unknown STM32CubeMX version: 6.14.0
2026-05-11 12:22:22,717 [ERROR] AppliInfo:139 - Unknown STM32CubeMX version: 6.14.0
2026-05-11 12:22:22,717 [ERROR] AppliInfo:139 - Unknown STM32CubeMX version: 6.14.0
2026-05-11 12:22:22,717 [ERROR] AppliInfo:139 - Unknown STM32CubeMX version: 6.14.0
2026-05-11 12:22:22,717 [ERROR] AppliInfo:139 - Unknown STM32CubeMX version: 6.14.0
2026-05-11 12:22:22,717 [ERROR] AppliInfo:139 - Unknown STM32CubeMX version: 6.14.0
2026-05-11 12:22:22,718 [ERROR] AppliInfo:139 - Unknown STM32CubeMX version: 6.14.0
2026-05-11 12:22:22,718 [ERROR] AppliInfo:139 - Unknown STM32CubeMX version: 6.14.0
2026-05-11 12:22:22,718 [ERROR] AppliInfo:139 - Unknown STM32CubeMX version: 6.14.0
2026-05-11 12:22:22,718 [ERROR] AppliInfo:139 - Unknown STM32CubeMX version: 6.14.0
2026-05-11 12:22:22,718 [ERROR] AppliInfo:139 - Unknown STM32CubeMX version: 6.14.0
2026-05-11 12:22:22,718 [ERROR] AppliInfo:139 - Unknown STM32CubeMX version: 6.14.0
2026-05-11 12:22:22,724 [ERROR] AppliInfo:139 - Unknown STM32CubeMX version: 6.14.0
2026-05-11 12:22:22,724 [ERROR] AppliInfo:139 - Unknown STM32CubeMX version: 6.14.0
2026-05-11 12:22:22,724 [ERROR] AppliInfo:139 - Unknown STM32CubeMX version: 6.14.0
2026-05-11 12:22:22,725 [ERROR] AppliInfo:139 - Unknown STM32CubeMX version: 6.14.0
2026-05-11 12:22:22,726 [ERROR] AppliInfo:139 - Unknown STM32CubeMX version: 6.14.1
2026-05-11 12:22:22,726 [ERROR] AppliInfo:139 - Unknown STM32CubeMX version: 6.14.1
2026-05-11 12:22:22,726 [ERROR] AppliInfo:139 - Unknown STM32CubeMX version: 6.14.1
2026-05-11 12:22:22,726 [ERROR] AppliInfo:139 - Unknown STM32CubeMX version: 6.14.1
2026-05-11 12:22:22,726 [ERROR] AppliInfo:139 - Unknown STM32CubeMX version: 6.14.1
2026-05-11 12:22:22,726 [ERROR] AppliInfo:139 - Unknown STM32CubeMX version: 6.14.1
2026-05-11 12:22:22,727 [ERROR] AppliInfo:139 - Unknown STM32CubeMX version: 6.14.1
2026-05-11 12:22:22,727 [ERROR] AppliInfo:139 - Unknown STM32CubeMX version: 6.14.1
2026-05-11 12:22:22,727 [ERROR] AppliInfo:139 - Unknown STM32CubeMX version: 6.14.1
2026-05-11 12:22:22,727 [ERROR] AppliInfo:139 - Unknown STM32CubeMX version: 6.14.1
2026-05-11 12:22:22,727 [ERROR] AppliInfo:139 - Unknown STM32CubeMX version: 6.14.1
2026-05-11 12:22:22,727 [ERROR] AppliInfo:139 - Unknown STM32CubeMX version: 6.14.1
2026-05-11 12:22:22,727 [ERROR] AppliInfo:139 - Unknown STM32CubeMX version: 6.14.1
2026-05-11 12:22:22,728 [ERROR] AppliInfo:139 - Unknown STM32CubeMX version: 6.14.1
2026-05-11 12:22:22,728 [ERROR] AppliInfo:139 - Unknown STM32CubeMX version: 6.14.1
2026-05-11 12:22:22,728 [ERROR] AppliInfo:139 - Unknown STM32CubeMX version: 6.14.1
2026-05-11 12:22:22,728 [ERROR] AppliInfo:139 - Unknown STM32CubeMX version: 6.17.0
2026-05-11 12:22:22,728 [ERROR] AppliInfo:139 - Unknown STM32CubeMX version: 6.17.0
2026-05-11 12:22:22,729 [ERROR] AppliInfo:139 - Unknown STM32CubeMX version: 6.17.0
2026-05-11 12:22:22,729 [ERROR] AppliInfo:139 - Unknown STM32CubeMX version: 6.17.0
2026-05-11 12:22:22,729 [ERROR] AppliInfo:139 - Unknown STM32CubeMX version: 6.17.0
2026-05-11 12:22:22,729 [ERROR] AppliInfo:139 - Unknown STM32CubeMX version: 6.17.0
2026-05-11 12:22:22,729 [ERROR] AppliInfo:139 - Unknown STM32CubeMX version: 6.17.0
2026-05-11 12:22:22,730 [ERROR] AppliInfo:139 - Unknown STM32CubeMX version: 6.17.0
2026-05-11 12:22:22,730 [ERROR] AppliInfo:139 - Unknown STM32CubeMX version: 6.17.0
2026-05-11 12:22:22,730 [ERROR] AppliInfo:139 - Unknown STM32CubeMX version: 6.17.0
2026-05-11 12:22:22,730 [ERROR] AppliInfo:139 - Unknown STM32CubeMX version: 6.17.0
2026-05-11 12:22:22,730 [ERROR] AppliInfo:139 - Unknown STM32CubeMX version: 6.17.0
2026-05-11 12:22:22,731 [ERROR] AppliInfo:139 - Unknown STM32CubeMX version: 6.17.0
2026-05-11 12:22:22,731 [ERROR] AppliInfo:139 - Unknown STM32CubeMX version: 6.17.0
2026-05-11 12:22:22,731 [ERROR] AppliInfo:139 - Unknown STM32CubeMX version: 6.17.0
2026-05-11 12:22:22,731 [ERROR] AppliInfo:139 - Unknown STM32CubeMX version: 6.17.0
2026-05-11 12:22:22,731 [ERROR] AppliInfo:139 - Unknown STM32CubeMX version: 6.17.0
2026-05-11 12:22:22,732 [ERROR] AppliInfo:139 - Unknown STM32CubeMX version: 6.17.0
2026-05-11 12:22:22,732 [ERROR] AppliInfo:139 - Unknown STM32CubeMX version: 6.17.0
2026-05-11 12:22:22,732 [ERROR] AppliInfo:139 - Unknown STM32CubeMX version: 6.17.0
2026-05-11 12:22:22,732 [ERROR] AppliInfo:139 - Unknown STM32CubeMX version: 6.17.0
2026-05-11 12:22:22,732 [ERROR] AppliInfo:139 - Unknown STM32CubeMX version: 6.17.0
2026-05-11 12:22:22,733 [ERROR] AppliInfo:139 - Unknown STM32CubeMX version: 6.17.0
2026-05-11 12:22:22,733 [ERROR] AppliInfo:139 - Unknown STM32CubeMX version: 6.17.0
2026-05-11 12:22:22,733 [ERROR] AppliInfo:139 - Unknown STM32CubeMX version: 6.17.0
2026-05-11 12:22:22,733 [ERROR] AppliInfo:139 - Unknown STM32CubeMX version: 6.17.0
2026-05-11 12:22:22,734 [ERROR] AppliInfo:139 - Unknown STM32CubeMX version: 6.17.0
2026-05-11 12:22:22,735 [ERROR] AppliInfo:139 - Unknown STM32CubeMX version: 6.15.0
2026-05-11 12:22:22,735 [ERROR] AppliInfo:139 - Unknown STM32CubeMX version: 6.15.0
2026-05-11 12:22:22,735 [ERROR] AppliInfo:139 - Unknown STM32CubeMX version: 6.15.0
2026-05-11 12:22:22,735 [ERROR] AppliInfo:139 - Unknown STM32CubeMX version: 6.15.0
2026-05-11 12:22:22,736 [ERROR] AppliInfo:139 - Unknown STM32CubeMX version: 6.15.0
2026-05-11 12:22:22,736 [ERROR] AppliInfo:139 - Unknown STM32CubeMX version: 6.15.0
2026-05-11 12:22:22,736 [ERROR] AppliInfo:139 - Unknown STM32CubeMX version: 6.15.0
2026-05-11 12:22:22,736 [ERROR] AppliInfo:139 - Unknown STM32CubeMX version: 6.15.0
2026-05-11 12:22:22,736 [ERROR] AppliInfo:139 - Unknown STM32CubeMX version: 6.15.0
2026-05-11 12:22:22,737 [ERROR] AppliInfo:139 - Unknown STM32CubeMX version: 6.15.0
2026-05-11 12:22:22,737 [ERROR] AppliInfo:139 - Unknown STM32CubeMX version: 6.15.0
2026-05-11 12:22:22,737 [ERROR] AppliInfo:139 - Unknown STM32CubeMX version: 6.15.0
2026-05-11 12:22:22,737 [ERROR] AppliInfo:139 - Unknown STM32CubeMX version: 6.15.0
2026-05-11 12:22:22,737 [ERROR] AppliInfo:139 - Unknown STM32CubeMX version: 6.15.0
2026-05-11 12:22:22,737 [ERROR] AppliInfo:139 - Unknown STM32CubeMX version: 6.15.0
2026-05-11 12:22:22,738 [ERROR] AppliInfo:139 - Unknown STM32CubeMX version: 6.15.0
2026-05-11 12:22:22,738 [ERROR] AppliInfo:139 - Unknown STM32CubeMX version: 6.15.0
2026-05-11 12:22:22,738 [ERROR] AppliInfo:139 - Unknown STM32CubeMX version: 6.15.0
2026-05-11 12:22:22,738 [ERROR] AppliInfo:139 - Unknown STM32CubeMX version: 6.15.0
2026-05-11 12:22:22,738 [ERROR] AppliInfo:139 - Unknown STM32CubeMX version: 6.15.0
2026-05-11 12:22:22,738 [ERROR] AppliInfo:139 - Unknown STM32CubeMX version: 6.15.0
2026-05-11 12:22:22,738 [ERROR] AppliInfo:139 - Unknown STM32CubeMX version: 6.15.0
2026-05-11 12:22:22,738 [ERROR] AppliInfo:139 - Unknown STM32CubeMX version: 6.15.0
2026-05-11 12:22:22,739 [ERROR] AppliInfo:139 - Unknown STM32CubeMX version: 6.15.0
2026-05-11 12:22:22,739 [ERROR] AppliInfo:139 - Unknown STM32CubeMX version: 6.15.0
2026-05-11 12:22:22,739 [ERROR] AppliInfo:139 - Unknown STM32CubeMX version: 6.15.0
2026-05-11 12:22:22,739 [ERROR] AppliInfo:139 - Unknown STM32CubeMX version: 6.15.0
2026-05-11 12:22:22,739 [ERROR] AppliInfo:139 - Unknown STM32CubeMX version: 6.15.0
2026-05-11 12:22:22,739 [ERROR] AppliInfo:139 - Unknown STM32CubeMX version: 6.15.0
2026-05-11 12:22:22,739 [ERROR] AppliInfo:139 - Unknown STM32CubeMX version: 6.15.0
2026-05-11 12:22:22,739 [ERROR] AppliInfo:139 - Unknown STM32CubeMX version: 6.15.0
2026-05-11 12:22:22,740 [ERROR] AppliInfo:139 - Unknown STM32CubeMX version: 6.15.0
2026-05-11 12:22:22,740 [ERROR] AppliInfo:139 - Unknown STM32CubeMX version: 6.15.0
2026-05-11 12:22:22,740 [ERROR] AppliInfo:139 - Unknown STM32CubeMX version: 6.15.0
2026-05-11 12:22:22,740 [ERROR] AppliInfo:139 - Unknown STM32CubeMX version: 6.15.0
2026-05-11 12:22:22,740 [ERROR] AppliInfo:139 - Unknown STM32CubeMX version: 6.15.0
2026-05-11 12:22:22,740 [ERROR] AppliInfo:139 - Unknown STM32CubeMX version: 6.15.0
2026-05-11 12:22:22,740 [ERROR] AppliInfo:139 - Unknown STM32CubeMX version: 6.15.0
2026-05-11 12:22:22,741 [ERROR] AppliInfo:139 - Unknown STM32CubeMX version: 6.15.0
2026-05-11 12:22:22,741 [ERROR] AppliInfo:139 - Unknown STM32CubeMX version: 6.15.0
2026-05-11 12:22:22,741 [ERROR] AppliInfo:139 - Unknown STM32CubeMX version: 6.15.0
2026-05-11 12:22:22,741 [ERROR] AppliInfo:139 - Unknown STM32CubeMX version: 6.15.0
2026-05-11 12:22:22,741 [ERROR] AppliInfo:139 - Unknown STM32CubeMX version: 6.15.0
2026-05-11 12:22:22,741 [ERROR] AppliInfo:139 - Unknown STM32CubeMX version: 6.15.0
2026-05-11 12:22:22,741 [ERROR] AppliInfo:139 - Unknown STM32CubeMX version: 6.15.0
2026-05-11 12:22:22,741 [ERROR] AppliInfo:139 - Unknown STM32CubeMX version: 6.15.0
2026-05-11 12:22:22,741 [ERROR] AppliInfo:139 - Unknown STM32CubeMX version: 6.15.0
2026-05-11 12:22:22,742 [ERROR] AppliInfo:139 - Unknown STM32CubeMX version: 6.15.0
2026-05-11 12:22:22,742 [ERROR] AppliInfo:139 - Unknown STM32CubeMX version: 6.15.0
2026-05-11 12:22:22,742 [ERROR] AppliInfo:139 - Unknown STM32CubeMX version: 6.15.0
2026-05-11 12:22:22,742 [ERROR] AppliInfo:139 - Unknown STM32CubeMX version: 6.15.0
2026-05-11 12:22:22,742 [ERROR] AppliInfo:139 - Unknown STM32CubeMX version: 6.15.0
2026-05-11 12:22:22,742 [ERROR] AppliInfo:139 - Unknown STM32CubeMX version: 6.15.0
2026-05-11 12:22:22,742 [ERROR] AppliInfo:139 - Unknown STM32CubeMX version: 6.15.0
2026-05-11 12:22:22,742 [ERROR] AppliInfo:139 - Unknown STM32CubeMX version: 6.15.0
2026-05-11 12:22:22,742 [ERROR] AppliInfo:139 - Unknown STM32CubeMX version: 6.15.0
2026-05-11 12:22:22,743 [ERROR] AppliInfo:139 - Unknown STM32CubeMX version: 6.15.0
2026-05-11 12:22:22,743 [ERROR] AppliInfo:139 - Unknown STM32CubeMX version: 6.15.0
2026-05-11 12:22:22,743 [ERROR] AppliInfo:139 - Unknown STM32CubeMX version: 6.15.0
2026-05-11 12:22:22,743 [ERROR] AppliInfo:139 - Unknown STM32CubeMX version: 6.15.0
2026-05-11 12:22:22,743 [ERROR] AppliInfo:139 - Unknown STM32CubeMX version: 6.15.0
2026-05-11 12:22:22,743 [ERROR] AppliInfo:139 - Unknown STM32CubeMX version: 6.15.0
2026-05-11 12:22:22,743 [ERROR] AppliInfo:139 - Unknown STM32CubeMX version: 6.15.0
2026-05-11 12:22:22,743 [ERROR] AppliInfo:139 - Unknown STM32CubeMX version: 6.15.0
2026-05-11 12:22:22,744 [ERROR] AppliInfo:139 - Unknown STM32CubeMX version: 6.15.0
2026-05-11 12:22:22,744 [ERROR] AppliInfo:139 - Unknown STM32CubeMX version: 6.15.0
2026-05-11 12:22:22,744 [ERROR] AppliInfo:139 - Unknown STM32CubeMX version: 6.15.0
2026-05-11 12:22:22,744 [ERROR] AppliInfo:139 - Unknown STM32CubeMX version: 6.15.0
2026-05-11 12:22:22,744 [ERROR] AppliInfo:139 - Unknown STM32CubeMX version: 6.15.0
2026-05-11 12:22:22,744 [ERROR] AppliInfo:139 - Unknown STM32CubeMX version: 6.15.0
2026-05-11 12:22:22,744 [ERROR] AppliInfo:139 - Unknown STM32CubeMX version: 6.15.0
2026-05-11 12:22:22,744 [ERROR] AppliInfo:139 - Unknown STM32CubeMX version: 6.15.0
2026-05-11 12:22:22,744 [ERROR] AppliInfo:139 - Unknown STM32CubeMX version: 6.15.0
2026-05-11 12:22:22,745 [ERROR] AppliInfo:139 - Unknown STM32CubeMX version: 6.15.0
2026-05-11 12:22:22,745 [ERROR] AppliInfo:139 - Unknown STM32CubeMX version: 6.15.0
2026-05-11 12:22:22,745 [ERROR] AppliInfo:139 - Unknown STM32CubeMX version: 6.15.0
2026-05-11 12:22:22,745 [ERROR] AppliInfo:139 - Unknown STM32CubeMX version: 6.15.0
2026-05-11 12:22:22,745 [ERROR] AppliInfo:139 - Unknown STM32CubeMX version: 6.15.0
2026-05-11 12:22:22,745 [ERROR] AppliInfo:139 - Unknown STM32CubeMX version: 6.15.0
2026-05-11 12:22:22,745 [ERROR] AppliInfo:139 - Unknown STM32CubeMX version: 6.15.0
2026-05-11 12:22:22,745 [ERROR] AppliInfo:139 - Unknown STM32CubeMX version: 6.15.0
2026-05-11 12:22:22,746 [ERROR] AppliInfo:139 - Unknown STM32CubeMX version: 6.15.0
2026-05-11 12:22:22,746 [ERROR] AppliInfo:139 - Unknown STM32CubeMX version: 6.15.0
2026-05-11 12:22:22,746 [ERROR] AppliInfo:139 - Unknown STM32CubeMX version: 6.15.0
2026-05-11 12:22:22,746 [ERROR] AppliInfo:139 - Unknown STM32CubeMX version: 6.15.0
2026-05-11 12:22:22,746 [ERROR] AppliInfo:139 - Unknown STM32CubeMX version: 6.15.0
2026-05-11 12:22:22,746 [ERROR] AppliInfo:139 - Unknown STM32CubeMX version: 6.15.0
2026-05-11 12:22:22,746 [ERROR] AppliInfo:139 - Unknown STM32CubeMX version: 6.15.0
2026-05-11 12:22:22,746 [ERROR] AppliInfo:139 - Unknown STM32CubeMX version: 6.15.0
2026-05-11 12:22:22,746 [ERROR] AppliInfo:139 - Unknown STM32CubeMX version: 6.15.0
2026-05-11 12:22:22,746 [ERROR] AppliInfo:139 - Unknown STM32CubeMX version: 6.15.0
2026-05-11 12:22:22,747 [ERROR] AppliInfo:139 - Unknown STM32CubeMX version: 6.15.0
2026-05-11 12:22:22,747 [ERROR] AppliInfo:139 - Unknown STM32CubeMX version: 6.15.0
2026-05-11 12:22:22,753 [ERROR] AppliInfo:139 - Unknown STM32CubeMX version: 6.15.0
2026-05-11 12:22:22,753 [ERROR] AppliInfo:139 - Unknown STM32CubeMX version: 6.15.0
2026-05-11 12:22:22,753 [ERROR] AppliInfo:139 - Unknown STM32CubeMX version: 6.15.0
2026-05-11 12:22:22,753 [ERROR] AppliInfo:139 - Unknown STM32CubeMX version: 6.15.0
2026-05-11 12:22:22,754 [ERROR] AppliInfo:139 - Unknown STM32CubeMX version: 6.15.0
2026-05-11 12:22:22,754 [ERROR] AppliInfo:139 - Unknown STM32CubeMX version: 6.15.0
2026-05-11 12:22:22,754 [ERROR] AppliInfo:139 - Unknown STM32CubeMX version: 6.15.0
2026-05-11 12:22:22,754 [ERROR] AppliInfo:139 - Unknown STM32CubeMX version: 6.15.0
2026-05-11 12:22:22,754 [ERROR] AppliInfo:139 - Unknown STM32CubeMX version: 6.15.0
2026-05-11 12:22:22,754 [ERROR] AppliInfo:139 - Unknown STM32CubeMX version: 6.15.0
2026-05-11 12:22:22,754 [ERROR] AppliInfo:139 - Unknown STM32CubeMX version: 6.15.0
2026-05-11 12:22:22,754 [ERROR] AppliInfo:139 - Unknown STM32CubeMX version: 6.15.0
2026-05-11 12:22:22,755 [ERROR] AppliInfo:139 - Unknown STM32CubeMX version: 6.15.0
2026-05-11 12:22:22,755 [ERROR] AppliInfo:139 - Unknown STM32CubeMX version: 6.15.0
2026-05-11 12:22:22,755 [ERROR] AppliInfo:139 - Unknown STM32CubeMX version: 6.15.0
2026-05-11 12:22:22,755 [ERROR] AppliInfo:139 - Unknown STM32CubeMX version: 6.15.0
2026-05-11 12:22:22,755 [ERROR] AppliInfo:139 - Unknown STM32CubeMX version: 6.15.0
2026-05-11 12:22:22,755 [ERROR] AppliInfo:139 - Unknown STM32CubeMX version: 6.15.0
2026-05-11 12:22:22,755 [ERROR] AppliInfo:139 - Unknown STM32CubeMX version: 6.15.0
2026-05-11 12:22:22,755 [ERROR] AppliInfo:139 - Unknown STM32CubeMX version: 6.15.0
2026-05-11 12:22:22,755 [ERROR] AppliInfo:139 - Unknown STM32CubeMX version: 6.15.0
2026-05-11 12:22:22,756 [ERROR] AppliInfo:139 - Unknown STM32CubeMX version: 6.15.0
2026-05-11 12:22:22,756 [ERROR] AppliInfo:139 - Unknown STM32CubeMX version: 6.15.0
2026-05-11 12:22:22,756 [ERROR] AppliInfo:139 - Unknown STM32CubeMX version: 6.15.0
2026-05-11 12:22:22,756 [ERROR] AppliInfo:139 - Unknown STM32CubeMX version: 6.15.0
2026-05-11 12:22:22,756 [ERROR] AppliInfo:139 - Unknown STM32CubeMX version: 6.15.0
2026-05-11 12:22:22,756 [ERROR] AppliInfo:139 - Unknown STM32CubeMX version: 6.15.0
2026-05-11 12:22:22,756 [ERROR] AppliInfo:139 - Unknown STM32CubeMX version: 6.15.0
2026-05-11 12:22:22,756 [ERROR] AppliInfo:139 - Unknown STM32CubeMX version: 6.15.0
2026-05-11 12:22:22,756 [ERROR] AppliInfo:139 - Unknown STM32CubeMX version: 6.15.0
2026-05-11 12:22:22,756 [ERROR] AppliInfo:139 - Unknown STM32CubeMX version: 6.15.0
2026-05-11 12:22:22,757 [ERROR] AppliInfo:139 - Unknown STM32CubeMX version: 6.15.0
2026-05-11 12:22:22,757 [ERROR] AppliInfo:139 - Unknown STM32CubeMX version: 6.15.0
2026-05-11 12:22:22,757 [ERROR] AppliInfo:139 - Unknown STM32CubeMX version: 6.15.0
2026-05-11 12:22:22,757 [ERROR] AppliInfo:139 - Unknown STM32CubeMX version: 6.15.0
2026-05-11 12:22:22,757 [ERROR] AppliInfo:139 - Unknown STM32CubeMX version: 6.15.0
2026-05-11 12:22:22,757 [ERROR] AppliInfo:139 - Unknown STM32CubeMX version: 6.15.0
2026-05-11 12:22:22,757 [ERROR] AppliInfo:139 - Unknown STM32CubeMX version: 6.15.0
2026-05-11 12:22:22,757 [ERROR] AppliInfo:139 - Unknown STM32CubeMX version: 6.15.0
2026-05-11 12:22:22,757 [ERROR] AppliInfo:139 - Unknown STM32CubeMX version: 6.15.0
2026-05-11 12:22:22,758 [ERROR] AppliInfo:139 - Unknown STM32CubeMX version: 6.15.0
2026-05-11 12:22:22,758 [ERROR] AppliInfo:139 - Unknown STM32CubeMX version: 6.15.0
2026-05-11 12:22:22,758 [ERROR] AppliInfo:139 - Unknown STM32CubeMX version: 6.15.0
2026-05-11 12:22:22,758 [ERROR] AppliInfo:139 - Unknown STM32CubeMX version: 6.15.0
2026-05-11 12:22:22,758 [ERROR] AppliInfo:139 - Unknown STM32CubeMX version: 6.15.0
2026-05-11 12:22:22,758 [ERROR] AppliInfo:139 - Unknown STM32CubeMX version: 6.15.0
2026-05-11 12:22:22,758 [ERROR] AppliInfo:139 - Unknown STM32CubeMX version: 6.15.0
2026-05-11 12:22:22,758 [ERROR] AppliInfo:139 - Unknown STM32CubeMX version: 6.15.0
2026-05-11 12:22:22,758 [ERROR] AppliInfo:139 - Unknown STM32CubeMX version: 6.15.0
2026-05-11 12:22:22,759 [ERROR] AppliInfo:139 - Unknown STM32CubeMX version: 6.15.0
2026-05-11 12:22:22,759 [ERROR] AppliInfo:139 - Unknown STM32CubeMX version: 6.15.0
2026-05-11 12:22:22,759 [ERROR] AppliInfo:139 - Unknown STM32CubeMX version: 6.15.0
2026-05-11 12:22:22,759 [ERROR] AppliInfo:139 - Unknown STM32CubeMX version: 6.15.0
2026-05-11 12:22:22,759 [ERROR] AppliInfo:139 - Unknown STM32CubeMX version: 6.15.0
2026-05-11 12:22:22,759 [ERROR] AppliInfo:139 - Unknown STM32CubeMX version: 6.15.0
2026-05-11 12:22:22,759 [ERROR] AppliInfo:139 - Unknown STM32CubeMX version: 6.15.0
2026-05-11 12:22:22,759 [ERROR] AppliInfo:139 - Unknown STM32CubeMX version: 6.15.0
2026-05-11 12:22:22,766 [ERROR] AppliInfo:139 - Unknown STM32CubeMX version: 6.15.0
2026-05-11 12:22:22,767 [ERROR] AppliInfo:139 - Unknown STM32CubeMX version: 6.15.0
2026-05-11 12:22:22,767 [ERROR] AppliInfo:139 - Unknown STM32CubeMX version: 6.15.0
2026-05-11 12:22:22,767 [ERROR] AppliInfo:139 - Unknown STM32CubeMX version: 6.15.0
2026-05-11 12:22:22,767 [ERROR] AppliInfo:139 - Unknown STM32CubeMX version: 6.15.0
2026-05-11 12:22:22,767 [ERROR] AppliInfo:139 - Unknown STM32CubeMX version: 6.15.0
2026-05-11 12:22:22,767 [ERROR] AppliInfo:139 - Unknown STM32CubeMX version: 6.15.0
2026-05-11 12:22:22,767 [ERROR] AppliInfo:139 - Unknown STM32CubeMX version: 6.15.0
2026-05-11 12:22:22,767 [ERROR] AppliInfo:139 - Unknown STM32CubeMX version: 6.15.0
2026-05-11 12:22:22,767 [ERROR] AppliInfo:139 - Unknown STM32CubeMX version: 6.15.0
2026-05-11 12:22:22,767 [ERROR] AppliInfo:139 - Unknown STM32CubeMX version: 6.15.0
2026-05-11 12:22:22,772 [ERROR] AppliInfo:139 - Unknown STM32CubeMX version: 6.16.0
2026-05-11 12:22:22,773 [ERROR] AppliInfo:139 - Unknown STM32CubeMX version: 6.16.0
2026-05-11 12:22:22,773 [ERROR] AppliInfo:139 - Unknown STM32CubeMX version: 6.16.0
2026-05-11 12:22:22,773 [ERROR] AppliInfo:139 - Unknown STM32CubeMX version: 6.16.0
2026-05-11 12:22:22,773 [ERROR] AppliInfo:139 - Unknown STM32CubeMX version: 6.16.0
2026-05-11 12:22:22,773 [ERROR] AppliInfo:139 - Unknown STM32CubeMX version: 6.16.0
2026-05-11 12:22:22,773 [ERROR] AppliInfo:139 - Unknown STM32CubeMX version: 6.16.0
2026-05-11 12:22:22,773 [ERROR] AppliInfo:139 - Unknown STM32CubeMX version: 6.16.0
2026-05-11 12:22:22,773 [ERROR] AppliInfo:139 - Unknown STM32CubeMX version: 6.16.0
2026-05-11 12:22:22,773 [ERROR] AppliInfo:139 - Unknown STM32CubeMX version: 6.16.0
2026-05-11 12:22:22,774 [ERROR] AppliInfo:139 - Unknown STM32CubeMX version: 6.16.0
2026-05-11 12:22:22,774 [ERROR] AppliInfo:139 - Unknown STM32CubeMX version: 6.16.0
2026-05-11 12:22:22,774 [ERROR] AppliInfo:139 - Unknown STM32CubeMX version: 6.16.0
2026-05-11 12:22:22,774 [ERROR] AppliInfo:139 - Unknown STM32CubeMX version: 6.16.0
2026-05-11 12:22:22,774 [ERROR] AppliInfo:139 - Unknown STM32CubeMX version: 6.16.0
2026-05-11 12:22:22,774 [ERROR] AppliInfo:139 - Unknown STM32CubeMX version: 6.16.0
2026-05-11 12:22:22,774 [ERROR] AppliInfo:139 - Unknown STM32CubeMX version: 6.16.0
2026-05-11 12:22:22,774 [ERROR] AppliInfo:139 - Unknown STM32CubeMX version: 6.16.0
2026-05-11 12:22:22,774 [ERROR] AppliInfo:139 - Unknown STM32CubeMX version: 6.16.0
2026-05-11 12:22:22,774 [ERROR] AppliInfo:139 - Unknown STM32CubeMX version: 6.16.0
2026-05-11 12:22:30,975 [INFO] McuFinderGlobals:76 - Set McuFinderConnectedMode to true
2026-05-11 12:22:30,981 [INFO] ApiDb:448 - Save user favorites file C:\Users\Pache/.stm32cubeide/favorites.mcus.txt: 0 item(s)
2026-05-11 12:22:30,982 [INFO] ApiDb:452 - User favorites MCUs=[]
2026-05-11 12:22:30,986 [INFO] ApiDb:448 - Save user favorites file C:\Users\Pache/.stm32cubeide/favorites.boards.txt: 0 item(s)
2026-05-11 12:22:30,986 [INFO] ApiDb:452 - User favorites Boards=[]
2026-05-11 12:22:30,991 [INFO] ApiDb:448 - Save user favorites file C:\Users\Pache/.stm32cubeide/favorites.examples.txt: 0 item(s)
2026-05-11 12:22:30,991 [INFO] ApiDb:452 - User favorites Examples=[]
2026-05-11 12:24:33,239 [INFO] MainUpdater:2872 - connection check result : 10
2026-05-11 12:24:33,240 [INFO] MainUpdater:2872 - connection check result : 10
2026-05-11 12:24:33,272 [INFO] MicroXplorer:468 - Change Database Path : 
2026-05-11 12:24:33,272 [INFO] MicroXplorer:498 - Change Database Version : DB.6.0.130
2026-05-11 12:24:33,278 [WARN] ThirdParty:871 - waiting for thirdparty lock release [close project]
2026-05-11 12:24:33,278 [INFO] ThirdParty:873 - entering critical section [close project]
2026-05-11 12:24:33,279 [INFO] ThirdParty:883 - exiting critical section [close project]
2026-05-11 12:24:33,283 [INFO] PinOutPanel:1589 - setPackage(No Configuration,No Configuration)
2026-05-11 12:24:33,289 [INFO] UtilMem:75 - Begin LoadConfig() Used Memory: 872780920 Bytes (1073741824)
2026-05-11 12:24:33,303 [INFO] MicroXplorer:468 - Change Database Path : C:/Users/Pache/.stm32cubemx/databases/DB.6.0.110/db/
2026-05-11 12:24:33,303 [INFO] MicroXplorer:498 - Change Database Version : DB.6.0.110
2026-05-11 12:24:47,571 [INFO] OpenFileManager:332 - Change cursor
2026-05-11 12:24:47,706 [INFO] Mcu:2035 - Initializing MCU STM32F411C(C-E)Ux STM32F411CEUx STM32F411CEU6
2026-05-11 12:24:49,626 [INFO] Context:748 - Trying to add GPIOservice into a context  which must be forbidden
2026-05-11 12:24:50,321 [INFO] RtosManager:555 - Registered RTOS mode: class=CMSIS, group=RTOS, mode=CMSIS_V1, owner=FREERTOS
2026-05-11 12:24:50,321 [INFO] RtosManager:555 - Registered RTOS mode: class=CMSIS, group=RTOS2, mode=CMSIS_V2, owner=FREERTOS
2026-05-11 12:24:50,321 [INFO] RtosManager:555 - Registered RTOS mode: class=RTOS, group=Core, mode=CMSIS_V1, owner=FREERTOS
2026-05-11 12:24:50,322 [INFO] RtosManager:555 - Registered RTOS mode: class=RTOS, group=Core, mode=CMSIS_V2, owner=FREERTOS
2026-05-11 12:24:50,322 [WARN] ModelIntegratedComponent:184 - Missing modes for component STMicroelectronics:FreeRTOS:0.0.1:STMicroelectronics:RTOS:FreeRTOS:Core:::10.2.0:
2026-05-11 12:24:50,342 [WARN] ModelIntegratedComponent:63 - No mode defined for component null
2026-05-11 12:24:50,343 [WARN] ModelIntegratedComponent:63 - No mode defined for component null
2026-05-11 12:24:50,344 [WARN] ModelIntegratedComponent:63 - No mode defined for component null
2026-05-11 12:24:50,344 [WARN] ModelIntegratedComponent:63 - No mode defined for component null
2026-05-11 12:24:50,344 [WARN] ModelIntegratedComponent:63 - No mode defined for component null
2026-05-11 12:24:50,344 [WARN] ModelIntegratedComponent:63 - No mode defined for component null
2026-05-11 12:24:50,344 [WARN] ModelIntegratedComponent:63 - No mode defined for component null
2026-05-11 12:24:50,344 [WARN] ModelIntegratedComponent:63 - No mode defined for component null
2026-05-11 12:24:50,344 [WARN] ModelIntegratedComponent:63 - No mode defined for component null
2026-05-11 12:24:50,344 [WARN] ModelIntegratedComponent:63 - No mode defined for component null
2026-05-11 12:24:50,345 [WARN] ModelIntegratedComponent:63 - No mode defined for component null
2026-05-11 12:24:50,345 [WARN] ModelIntegratedComponent:63 - No mode defined for component null
2026-05-11 12:24:50,345 [WARN] ModelIntegratedComponent:63 - No mode defined for component null
2026-05-11 12:24:50,345 [WARN] ModelIntegratedComponent:63 - No mode defined for component null
2026-05-11 12:24:50,345 [WARN] ModelIntegratedComponent:63 - No mode defined for component null
2026-05-11 12:24:50,345 [WARN] ModelIntegratedComponent:63 - No mode defined for component null
2026-05-11 12:24:50,345 [WARN] ModelIntegratedComponent:63 - No mode defined for component null
2026-05-11 12:24:50,345 [WARN] ModelIntegratedComponent:63 - No mode defined for component null
2026-05-11 12:24:50,345 [WARN] ModelIntegratedComponent:63 - No mode defined for component null
2026-05-11 12:24:50,346 [WARN] ModelIntegratedComponent:63 - No mode defined for component null
2026-05-11 12:24:50,346 [WARN] ModelIntegratedComponent:63 - No mode defined for component null
2026-05-11 12:24:50,346 [WARN] ModelIntegratedComponent:63 - No mode defined for component null
2026-05-11 12:24:50,346 [WARN] ModelIntegratedComponent:63 - No mode defined for component null
2026-05-11 12:24:50,346 [WARN] ModelIntegratedComponent:63 - No mode defined for component null
2026-05-11 12:24:50,346 [WARN] ModelIntegratedComponent:63 - No mode defined for component null
2026-05-11 12:24:50,346 [WARN] ModelIntegratedComponent:63 - No mode defined for component null
2026-05-11 12:24:50,346 [WARN] ModelIntegratedComponent:63 - No mode defined for component null
2026-05-11 12:24:50,346 [WARN] ModelIntegratedComponent:63 - No mode defined for component null
2026-05-11 12:24:50,346 [WARN] ModelIntegratedComponent:63 - No mode defined for component null
2026-05-11 12:24:50,348 [WARN] ModelIntegratedComponent:63 - No mode defined for component null
2026-05-11 12:24:50,348 [WARN] ModelIntegratedComponent:63 - No mode defined for component null
2026-05-11 12:24:50,348 [WARN] ModelIntegratedComponent:63 - No mode defined for component null
2026-05-11 12:24:50,348 [WARN] ModelIntegratedComponent:63 - No mode defined for component null
2026-05-11 12:24:50,348 [WARN] ModelIntegratedComponent:63 - No mode defined for component null
2026-05-11 12:24:50,349 [WARN] ModelIntegratedComponent:63 - No mode defined for component null
2026-05-11 12:24:50,349 [WARN] ModelPack:524 - Component already loaded: STMicroelectronics:HAL Drivers:0.0.0:STMicroelectronics:Device:STMicro_Driver:XSPI:HAL::0.0.1:HAL_XSPI
2026-05-11 12:24:50,470 [WARN] ModelIntegratedComponent:182 - Modes not found for component STMicroelectronics:USB_DEVICE:1.0.0:STMicroelectronics:USB::USB Device:Audio HS::1.0:USB_DEVICE_1_0_RESTRICTED_HS
2026-05-11 12:24:50,472 [WARN] ModelIntegratedComponent:188 - Modes not found for component STMicroelectronics:USB_DEVICE:1.0.0:STMicroelectronics:USB::USB Device:Audio HS::1.0:USB_DEVICE_1_0_RESTRICTED_HS
2026-05-11 12:24:50,472 [WARN] ModelIntegratedComponent:182 - Modes not found for component STMicroelectronics:USB_DEVICE:1.0.0:STMicroelectronics:USB::USB Device:CDC HS::1.0:USB_DEVICE_1_0_RESTRICTED_HS
2026-05-11 12:24:50,472 [WARN] ModelIntegratedComponent:188 - Modes not found for component STMicroelectronics:USB_DEVICE:1.0.0:STMicroelectronics:USB::USB Device:CDC HS::1.0:USB_DEVICE_1_0_RESTRICTED_HS
2026-05-11 12:24:50,472 [WARN] ModelIntegratedComponent:182 - Modes not found for component STMicroelectronics:USB_DEVICE:1.0.0:STMicroelectronics:USB::USB Device:DFU HS::1.0:USB_DEVICE_1_0_RESTRICTED_HS
2026-05-11 12:24:50,472 [WARN] ModelIntegratedComponent:188 - Modes not found for component STMicroelectronics:USB_DEVICE:1.0.0:STMicroelectronics:USB::USB Device:DFU HS::1.0:USB_DEVICE_1_0_RESTRICTED_HS
2026-05-11 12:24:50,472 [WARN] ModelIntegratedComponent:182 - Modes not found for component STMicroelectronics:USB_DEVICE:1.0.0:STMicroelectronics:USB::USB Device:HID HS::1.0:USB_DEVICE_1_0_RESTRICTED_HS
2026-05-11 12:24:50,472 [WARN] ModelIntegratedComponent:188 - Modes not found for component STMicroelectronics:USB_DEVICE:1.0.0:STMicroelectronics:USB::USB Device:HID HS::1.0:USB_DEVICE_1_0_RESTRICTED_HS
2026-05-11 12:24:50,472 [WARN] ModelIntegratedComponent:182 - Modes not found for component STMicroelectronics:USB_DEVICE:1.0.0:STMicroelectronics:USB::USB Device:Custom HID HS::1.0:USB_DEVICE_1_0_RESTRICTED_HS
2026-05-11 12:24:50,472 [WARN] ModelIntegratedComponent:188 - Modes not found for component STMicroelectronics:USB_DEVICE:1.0.0:STMicroelectronics:USB::USB Device:Custom HID HS::1.0:USB_DEVICE_1_0_RESTRICTED_HS
2026-05-11 12:24:50,472 [WARN] ModelIntegratedComponent:182 - Modes not found for component STMicroelectronics:USB_DEVICE:1.0.0:STMicroelectronics:USB::USB Device:MSC HS::1.0:USB_DEVICE_1_0_RESTRICTED_HS
2026-05-11 12:24:50,472 [WARN] ModelIntegratedComponent:188 - Modes not found for component STMicroelectronics:USB_DEVICE:1.0.0:STMicroelectronics:USB::USB Device:MSC HS::1.0:USB_DEVICE_1_0_RESTRICTED_HS
2026-05-11 12:24:50,533 [WARN] ModelIntegratedComponent:182 - Modes not found for component STMicroelectronics:USB_HOST:1.0.0:STMicroelectronics:USB::USB Host:Audio HS::1.0:USB_HOST_1_0_RESTRICTED_HS
2026-05-11 12:24:50,533 [WARN] ModelIntegratedComponent:188 - Modes not found for component STMicroelectronics:USB_HOST:1.0.0:STMicroelectronics:USB::USB Host:Audio HS::1.0:USB_HOST_1_0_RESTRICTED_HS
2026-05-11 12:24:50,533 [WARN] ModelIntegratedComponent:182 - Modes not found for component STMicroelectronics:USB_HOST:1.0.0:STMicroelectronics:USB::USB Host:CDC HS::1.0:USB_HOST_1_0_RESTRICTED_HS
2026-05-11 12:24:50,533 [WARN] ModelIntegratedComponent:188 - Modes not found for component STMicroelectronics:USB_HOST:1.0.0:STMicroelectronics:USB::USB Host:CDC HS::1.0:USB_HOST_1_0_RESTRICTED_HS
2026-05-11 12:24:50,533 [WARN] ModelIntegratedComponent:182 - Modes not found for component STMicroelectronics:USB_HOST:1.0.0:STMicroelectronics:USB::USB Host:MSC HS::1.0:USB_HOST_1_0_RESTRICTED_HS
2026-05-11 12:24:50,533 [WARN] ModelIntegratedComponent:188 - Modes not found for component STMicroelectronics:USB_HOST:1.0.0:STMicroelectronics:USB::USB Host:MSC HS::1.0:USB_HOST_1_0_RESTRICTED_HS
2026-05-11 12:24:50,533 [WARN] ModelIntegratedComponent:182 - Modes not found for component STMicroelectronics:USB_HOST:1.0.0:STMicroelectronics:USB::USB Host:HID HS::1.0:USB_HOST_1_0_RESTRICTED_HS
2026-05-11 12:24:50,533 [WARN] ModelIntegratedComponent:188 - Modes not found for component STMicroelectronics:USB_HOST:1.0.0:STMicroelectronics:USB::USB Host:HID HS::1.0:USB_HOST_1_0_RESTRICTED_HS
2026-05-11 12:24:50,533 [WARN] ModelIntegratedComponent:182 - Modes not found for component STMicroelectronics:USB_HOST:1.0.0:STMicroelectronics:USB::USB Host:MTP HS::1.0:USB_HOST_1_0_RESTRICTED_HS
2026-05-11 12:24:50,533 [WARN] ModelIntegratedComponent:188 - Modes not found for component STMicroelectronics:USB_HOST:1.0.0:STMicroelectronics:USB::USB Host:MTP HS::1.0:USB_HOST_1_0_RESTRICTED_HS
2026-05-11 12:24:50,630 [INFO] ThirdPartyModel:298 - Start build external matchings
2026-05-11 12:24:51,503 [INFO] ThirdPartyModel:316 - End build external matchings
2026-05-11 12:24:51,529 [INFO] RtosManager:922 - Current active RTOS is FREERTOS [Cortex-M4NS]
2026-05-11 12:24:51,538 [INFO] ImportTextPane:218 - (OptionalMessage_ERROR) IP (DMA) : Parameter (Instance) has Id (USART1_RX) currently not set
2026-05-11 12:24:51,538 [INFO] ImportTextPane:218 - (OptionalMessage_ERROR) IP (DMA) : Parameter (Channel) has Id (USART1_RX) currently not set
2026-05-11 12:24:51,538 [INFO] ImportTextPane:218 - (OptionalMessage_ERROR) IP (DMA) : Parameter (Direction) has Id (USART1_RX) currently not set
2026-05-11 12:24:51,538 [INFO] ImportTextPane:218 - (OptionalMessage_ERROR) IP (DMA) : Parameter (PeriphInc) has Id (USART1_RX) currently not set
2026-05-11 12:24:51,538 [INFO] ImportTextPane:218 - (OptionalMessage_ERROR) IP (DMA) : Parameter (MemInc) has Id (USART1_RX) currently not set
2026-05-11 12:24:51,539 [INFO] ImportTextPane:218 - (OptionalMessage_ERROR) IP (DMA) : Parameter (PeriphDataAlignment) has Id (USART1_RX) currently not set
2026-05-11 12:24:51,539 [INFO] ImportTextPane:218 - (OptionalMessage_ERROR) IP (DMA) : Parameter (MemDataAlignment) has Id (USART1_RX) currently not set
2026-05-11 12:24:51,539 [INFO] ImportTextPane:218 - (OptionalMessage_ERROR) IP (DMA) : Parameter (Mode) has Id (USART1_RX) currently not set
2026-05-11 12:24:51,539 [INFO] ImportTextPane:218 - (OptionalMessage_ERROR) IP (DMA) : Parameter (Priority) has Id (USART1_RX) currently not set
2026-05-11 12:24:51,539 [INFO] ImportTextPane:218 - (OptionalMessage_ERROR) IP (DMA) : Parameter (FIFOMode) has Id (USART1_RX) currently not set
2026-05-11 12:24:51,539 [INFO] ImportTextPane:218 - (OptionalMessage_ERROR) IP (DMA) : Parameter (Instance) has Id (USART1_TX) currently not set
2026-05-11 12:24:51,539 [INFO] ImportTextPane:218 - (OptionalMessage_ERROR) IP (DMA) : Parameter (Channel) has Id (USART1_TX) currently not set
2026-05-11 12:24:51,539 [INFO] ImportTextPane:218 - (OptionalMessage_ERROR) IP (DMA) : Parameter (Direction) has Id (USART1_TX) currently not set
2026-05-11 12:24:51,539 [INFO] ImportTextPane:218 - (OptionalMessage_ERROR) IP (DMA) : Parameter (PeriphInc) has Id (USART1_TX) currently not set
2026-05-11 12:24:51,539 [INFO] ImportTextPane:218 - (OptionalMessage_ERROR) IP (DMA) : Parameter (MemInc) has Id (USART1_TX) currently not set
2026-05-11 12:24:51,539 [INFO] ImportTextPane:218 - (OptionalMessage_ERROR) IP (DMA) : Parameter (PeriphDataAlignment) has Id (USART1_TX) currently not set
2026-05-11 12:24:51,540 [INFO] ImportTextPane:218 - (OptionalMessage_ERROR) IP (DMA) : Parameter (MemDataAlignment) has Id (USART1_TX) currently not set
2026-05-11 12:24:51,540 [INFO] ImportTextPane:218 - (OptionalMessage_ERROR) IP (DMA) : Parameter (Mode) has Id (USART1_TX) currently not set
2026-05-11 12:24:51,540 [INFO] ImportTextPane:218 - (OptionalMessage_ERROR) IP (DMA) : Parameter (Priority) has Id (USART1_TX) currently not set
2026-05-11 12:24:51,540 [INFO] ImportTextPane:218 - (OptionalMessage_ERROR) IP (DMA) : Parameter (FIFOMode) has Id (USART1_TX) currently not set
2026-05-11 12:24:51,548 [INFO] ImportTextPane:218 - (OptionalMessage_ERROR) IP (RCC) : Parameter (RTCHSEDivFreq_Value) has invalid value (12500000)
2026-05-11 12:24:51,828 [INFO] UtilMem:75 - End LoadConfig() Used Memory: 902722768 Bytes (1073741824)
2026-05-11 12:24:51,832 [INFO] ApiDb:581 - Connected to CubeFinder SQLite database (C:\Users\Pache\.stmcufinder\plugins\mcufinder\mcu\cube-finder-db.db)
2026-05-11 12:24:51,990 [WARN] ThirdParty:833 - waiting for thirdparty lock release [change project]
2026-05-11 12:24:51,990 [INFO] ThirdParty:835 - entering critical section [change project]
2026-05-11 12:24:51,991 [INFO] ThirdParty:1030 - CMSIS Pack Vendor :STMicroelectronics X-CUBE-AZRTOS-H7 3.5.0
2026-05-11 12:24:51,991 [INFO] ThirdParty:1030 - CMSIS Pack Vendor :STMicroelectronics X-CUBE-PM33A1 1.0.0
2026-05-11 12:24:51,991 [INFO] ThirdParty:1030 - CMSIS Pack Vendor :STMicroelectronics USBPD 4.1
2026-05-11 12:24:51,991 [INFO] ThirdParty:1030 - CMSIS Pack Vendor :STMicroelectronics USB_HOST 2.0.0
2026-05-11 12:24:51,991 [INFO] ThirdParty:1030 - CMSIS Pack Vendor :STMicroelectronics FP-SNS-MOTENVWB1 1.4.0
2026-05-11 12:24:51,991 [INFO] ThirdParty:1030 - CMSIS Pack Vendor :STMicroelectronics X-CUBE-AZRTOS-F4 1.1.0
2026-05-11 12:24:51,991 [INFO] ThirdParty:1030 - CMSIS Pack Vendor :STMicroelectronics LIBJPEG 8.0.0
2026-05-11 12:24:51,991 [INFO] ThirdParty:1030 - CMSIS Pack Vendor :STMicroelectronics FP-ATR-ASTRA1 2.0.2
2026-05-11 12:24:51,991 [INFO] ThirdParty:1030 - CMSIS Pack Vendor :STMicroelectronics FP-ATR-ASTRA1 2.0.1
2026-05-11 12:24:51,991 [INFO] ThirdParty:1030 - CMSIS Pack Vendor :STMicroelectronics X-CUBE-SMBUS 2.1.0
2026-05-11 12:24:51,991 [INFO] ThirdParty:1030 - CMSIS Pack Vendor :STMicroelectronics X-CUBE-WB05N 1.1.0
2026-05-11 12:24:51,991 [INFO] ThirdParty:1030 - CMSIS Pack Vendor :STMicroelectronics X-CUBE-ISPU 2.1.0
2026-05-11 12:24:51,991 [INFO] ThirdParty:1030 - CMSIS Pack Vendor :STMicroelectronics eDS-WB_DPC_TT-BIDIR 2.1.1
2026-05-11 12:24:51,991 [INFO] ThirdParty:1030 - CMSIS Pack Vendor :STMicroelectronics X-CUBE-NFC12 1.0.0
2026-05-11 12:24:51,991 [INFO] ThirdParty:1030 - CMSIS Pack Vendor :STMicroelectronics X-CUBE-AZRTOS-F7 1.1.0
2026-05-11 12:24:51,991 [INFO] ThirdParty:1030 - CMSIS Pack Vendor :STMicroelectronics X-CUBE-AZRTOS-L5 2.0.0
2026-05-11 12:24:51,991 [INFO] ThirdParty:1030 - CMSIS Pack Vendor :STMicroelectronics USB_DEVICE 2.0.0
2026-05-11 12:24:51,991 [INFO] ThirdParty:1030 - CMSIS Pack Vendor :STMicroelectronics X-CUBE-NFC6 3.1.0
2026-05-11 12:24:51,991 [INFO] ThirdParty:1030 - CMSIS Pack Vendor :STMicroelectronics FreeRTOS 0.0.1
2026-05-11 12:24:51,991 [INFO] ThirdParty:1030 - CMSIS Pack Vendor :STMicroelectronics X-CUBE-DPower 1.2.0
2026-05-11 12:24:51,991 [INFO] ThirdParty:1030 - CMSIS Pack Vendor :STMicroelectronics eDS-WB_DPC_VIENNA 1.2.0
2026-05-11 12:24:51,991 [INFO] ThirdParty:1030 - CMSIS Pack Vendor :STMicroelectronics FP-SNS-FLIGHT1 5.0.2
2026-05-11 12:24:51,992 [INFO] ThirdParty:1030 - CMSIS Pack Vendor :STMicroelectronics eDS-WB_DPC_3PH2L-BIDIR 1.1.1
2026-05-11 12:24:51,992 [INFO] ThirdParty:1030 - CMSIS Pack Vendor :Infineon AIROC-Wi-Fi-Bluetooth-STM32 1.7.0
2026-05-11 12:24:51,992 [INFO] ThirdParty:1030 - CMSIS Pack Vendor :STMicroelectronics PDM2PCM 3.3.0
2026-05-11 12:24:51,992 [INFO] ThirdParty:1030 - CMSIS Pack Vendor :STMicroelectronics X-CUBE-DISPLAY 3.0.0
2026-05-11 12:24:51,992 [INFO] ThirdParty:1030 - CMSIS Pack Vendor :STMicroelectronics X-CUBE-GNSS1 7.1.1
2026-05-11 12:24:51,992 [INFO] ThirdParty:1030 - CMSIS Pack Vendor :STMicroelectronics X-CUBE-BLE1 7.0.0
2026-05-11 12:24:51,992 [INFO] ThirdParty:1030 - CMSIS Pack Vendor :STMicroelectronics X-CUBE-NFC10 1.0.0
2026-05-11 12:24:51,992 [INFO] ThirdParty:1030 - CMSIS Pack Vendor :STMicroelectronics X-CUBE-BLEMGR 4.0.0
2026-05-11 12:24:51,992 [INFO] ThirdParty:1030 - CMSIS Pack Vendor :STMicroelectronics HAL Drivers 0.0.0
2026-05-11 12:24:51,992 [INFO] ThirdParty:1030 - CMSIS Pack Vendor :STMicroelectronics X-CUBE-ST60 1.1.0
2026-05-11 12:24:51,992 [INFO] ThirdParty:1030 - CMSIS Pack Vendor :emotas I-CUBE-CANOPEN 1.3.0
2026-05-11 12:24:51,992 [INFO] ThirdParty:1030 - CMSIS Pack Vendor :STMicroelectronics X-CUBE-FREERTOS 1.3.0
2026-05-11 12:24:51,992 [INFO] ThirdParty:1030 - CMSIS Pack Vendor :STMicroelectronics X-CUBE-NFC7 1.0.1
2026-05-11 12:24:51,992 [INFO] ThirdParty:1030 - CMSIS Pack Vendor :STMicroelectronics MBEDTLS 2.14.1
2026-05-11 12:24:51,992 [INFO] ThirdParty:1030 - CMSIS Pack Vendor :STMicroelectronics X-CUBE-GNSS1 7.1.0
2026-05-11 12:24:51,992 [INFO] ThirdParty:1030 - CMSIS Pack Vendor :STMicroelectronics X-CUBE-TOUCHGFX 4.26.1
2026-05-11 12:24:51,992 [INFO] ThirdParty:1030 - CMSIS Pack Vendor :STMicroelectronics X-CUBE-AI 10.0.0
2026-05-11 12:24:51,992 [INFO] ThirdParty:1030 - CMSIS Pack Vendor :STMicroelectronics FP-SNS-STAIOTCFT 1.0.0
2026-05-11 12:24:51,992 [INFO] ThirdParty:1030 - CMSIS Pack Vendor :STMicroelectronics FP-SNS-SMARTAG2 1.2.0
2026-05-11 12:24:51,992 [INFO] ThirdParty:1030 - CMSIS Pack Vendor :STMicroelectronics FP-SNS-FLIGHT1 5.1.0
2026-05-11 12:24:51,992 [INFO] ThirdParty:1030 - CMSIS Pack Vendor :STMicroelectronics X-CUBE-MEMS1 11.1.0
2026-05-11 12:24:51,992 [INFO] ThirdParty:1030 - CMSIS Pack Vendor :STMicroelectronics X-CUBE-AZRTOS-WL 2.0.0
2026-05-11 12:24:51,994 [INFO] ThirdParty:1030 - CMSIS Pack Vendor :STMicroelectronics X-CUBE-DPower 1.3.0
2026-05-11 12:24:51,994 [INFO] ThirdParty:1030 - CMSIS Pack Vendor :STMicroelectronics FP-SNS-MOTENV1 5.0.0
2026-05-11 12:24:51,994 [INFO] ThirdParty:1030 - CMSIS Pack Vendor :STMicroelectronics USB_DEVICE 1.0.0
2026-05-11 12:24:51,994 [INFO] ThirdParty:1030 - CMSIS Pack Vendor :STMicroelectronics X-CUBE-AZRTOS-H7RS 1.2.0
2026-05-11 12:24:51,994 [INFO] ThirdParty:1030 - CMSIS Pack Vendor :wolfSSL I-CUBE-wolfMQTT 1.19.0
2026-05-11 12:24:51,994 [INFO] ThirdParty:1030 - CMSIS Pack Vendor :STMicroelectronics X-CUBE-AZRTOS-L4 2.0.0
2026-05-11 12:24:51,994 [INFO] ThirdParty:1030 - CMSIS Pack Vendor :STMicroelectronics ThreadX 0.0.2
2026-05-11 12:24:51,994 [INFO] ThirdParty:1030 - CMSIS Pack Vendor :WES I-CUBE-Cesium 1.3.0
2026-05-11 12:24:51,994 [INFO] ThirdParty:1030 - CMSIS Pack Vendor :STMicroelectronics lwIP 2.1.2
2026-05-11 12:24:51,994 [INFO] ThirdParty:1030 - CMSIS Pack Vendor :STMicroelectronics X-CUBE-SFXS2LP1 4.0.0
2026-05-11 12:24:51,994 [INFO] ThirdParty:1030 - CMSIS Pack Vendor :STMicroelectronics X-CUBE-BLE2 3.3.0
2026-05-11 12:24:51,994 [INFO] ThirdParty:1030 - CMSIS Pack Vendor :Avnet-IOTCONNECT X-CUBE-iotc-st67-sdk 1.0.0
2026-05-11 12:24:51,994 [INFO] ThirdParty:1030 - CMSIS Pack Vendor :STMicroelectronics PDM2PCM 3.2.0
2026-05-11 12:24:51,994 [INFO] ThirdParty:1030 - CMSIS Pack Vendor :STMicroelectronics X-CUBE-WB05N 2.1.0
2026-05-11 12:24:51,994 [INFO] ThirdParty:1030 - CMSIS Pack Vendor :STMicroelectronics X-CUBE-AZRTOS-H7 3.3.0
2026-05-11 12:24:51,994 [INFO] ThirdParty:1030 - CMSIS Pack Vendor :STMicroelectronics X-CUBE-NFC9 1.0.0
2026-05-11 12:24:51,994 [INFO] ThirdParty:1030 - CMSIS Pack Vendor :STMicroelectronics X-CUBE-BLE1 7.1.0
2026-05-11 12:24:51,994 [INFO] ThirdParty:1030 - CMSIS Pack Vendor :STMicroelectronics USB_DEVICE 3.0.0
2026-05-11 12:24:51,994 [INFO] ThirdParty:1030 - CMSIS Pack Vendor :STMicroelectronics X-CUBE-EEPRMA1 5.2.0
2026-05-11 12:24:51,994 [INFO] ThirdParty:1030 - CMSIS Pack Vendor :STMicroelectronics X-CUBE-BLEMGR 4.1.0
2026-05-11 12:24:51,994 [INFO] ThirdParty:1030 - CMSIS Pack Vendor :STMicroelectronics X-CUBE-IPS 3.0.0
2026-05-11 12:24:51,994 [INFO] ThirdParty:1030 - CMSIS Pack Vendor :STMicroelectronics X-CUBE-AZRTOS-WB 2.0.0
2026-05-11 12:24:51,994 [INFO] ThirdParty:1030 - CMSIS Pack Vendor :STMicroelectronics X-CUBE-GNSS1 7.0.1
2026-05-11 12:24:51,994 [INFO] ThirdParty:1030 - CMSIS Pack Vendor :STMicroelectronics FP-SNS-STBOX1 2.0.0
2026-05-11 12:24:51,994 [INFO] ThirdParty:1030 - CMSIS Pack Vendor :STMicroelectronics X-CUBE-MEMS1 12.0.0
2026-05-11 12:24:51,994 [INFO] ThirdParty:1030 - CMSIS Pack Vendor :STMicroelectronics X-CUBE-STSE01 2.0.0
2026-05-11 12:24:51,994 [INFO] ThirdParty:1030 - CMSIS Pack Vendor :STMicroelectronics X-CUBE-AZRTOS-G0 1.1.0
2026-05-11 12:24:51,994 [INFO] ThirdParty:1030 - CMSIS Pack Vendor :STMicroelectronics X-CUBE-SAFEA1 1.2.2
2026-05-11 12:24:51,994 [INFO] ThirdParty:1030 - CMSIS Pack Vendor :STMicroelectronics X-CUBE-NFC4 3.0.0
2026-05-11 12:24:51,994 [INFO] ThirdParty:1030 - CMSIS Pack Vendor :STMicroelectronics X-CUBE-SUBG2 5.0.0
2026-05-11 12:24:51,994 [INFO] ThirdParty:1030 - CMSIS Pack Vendor :STMicroelectronics STM32_WPAN 1.0.0
2026-05-11 12:24:51,994 [INFO] ThirdParty:1030 - CMSIS Pack Vendor :EmbeddedOffice I-CUBE-FS-RTOS 1.0.1
2026-05-11 12:24:51,994 [INFO] ThirdParty:1030 - CMSIS Pack Vendor :STMicroelectronics lwIP 2.0.3
2026-05-11 12:24:51,994 [INFO] ThirdParty:1030 - CMSIS Pack Vendor :Cesanta I-CUBE-Mongoose 7.13.0
2026-05-11 12:24:51,994 [INFO] ThirdParty:1030 - CMSIS Pack Vendor :STMicroelectronics USB_HOST 1.0.0
2026-05-11 12:24:51,994 [INFO] ThirdParty:1030 - CMSIS Pack Vendor :STMicroelectronics X-CUBE-AZRTOS-G4 2.0.0
2026-05-11 12:24:51,994 [INFO] ThirdParty:1030 - CMSIS Pack Vendor :STMicroelectronics PDM2PCM 3.1.0
2026-05-11 12:24:51,994 [INFO] ThirdParty:1030 - CMSIS Pack Vendor :STMicroelectronics X-CUBE-NFC7 2.0.0
2026-05-11 12:24:51,994 [INFO] ThirdParty:1030 - CMSIS Pack Vendor :STMicroelectronics X-CUBE-TCPP 4.2.0
2026-05-11 12:24:51,994 [INFO] ThirdParty:1030 - CMSIS Pack Vendor :RealThread X-CUBE-RT-Thread_Nano 4.1.1
2026-05-11 12:24:51,994 [INFO] ThirdParty:1030 - CMSIS Pack Vendor :STMicroelectronics FP-ATR-SIGFOX1 3.2.0
2026-05-11 12:24:51,994 [INFO] ThirdParty:1030 - CMSIS Pack Vendor :quantropi X-CUBE-qispace-sdk-base 1.9.3
2026-05-11 12:24:51,994 [INFO] ThirdParty:1030 - CMSIS Pack Vendor :STMicroelectronics X-CUBE-EEPRMA1 5.1.0
2026-05-11 12:24:51,994 [INFO] ThirdParty:1030 - CMSIS Pack Vendor :STMicroelectronics MBEDTLS 2.16.2
2026-05-11 12:24:51,994 [INFO] ThirdParty:1030 - CMSIS Pack Vendor :STMicroelectronics X-CUBE-IPS 3.1.0
2026-05-11 12:24:51,994 [INFO] ThirdParty:1030 - CMSIS Pack Vendor :STMicroelectronics X-CUBE-ALS 1.0.2
2026-05-11 12:24:51,994 [INFO] ThirdParty:1030 - CMSIS Pack Vendor :wolfSSL I-CUBE-wolfSSL 5.7.4
2026-05-11 12:24:51,994 [INFO] ThirdParty:1030 - CMSIS Pack Vendor :ITTIA_DB I-CUBE-ITTIADB 8.9.0
2026-05-11 12:24:51,995 [INFO] ThirdParty:1030 - CMSIS Pack Vendor :STMicroelectronics X-CUBE-TOUCHGFX 4.24.2
2026-05-11 12:24:51,995 [INFO] ThirdParty:1030 - CMSIS Pack Vendor :STMicroelectronics X-CUBE-TOUCHGFX 4.24.1
2026-05-11 12:24:51,995 [INFO] ThirdParty:1030 - CMSIS Pack Vendor :wolfSSL I-CUBE-wolfTPM 3.4.0
2026-05-11 12:24:51,995 [INFO] ThirdParty:1030 - CMSIS Pack Vendor :portGmbH I-Cube-SoM-uGOAL 1.1.0
2026-05-11 12:24:51,995 [INFO] ThirdParty:1030 - CMSIS Pack Vendor :STMicroelectronics X-CUBE-NFC6 3.2.0
2026-05-11 12:24:51,995 [INFO] ThirdParty:1030 - CMSIS Pack Vendor :STMicroelectronics X-CUBE-AI 10.2.0
2026-05-11 12:24:51,995 [INFO] ThirdParty:1030 - CMSIS Pack Vendor :STMicroelectronics ThreadX 1.0.0
2026-05-11 12:24:51,995 [INFO] ThirdParty:1030 - CMSIS Pack Vendor :STMicroelectronics X-CUBE-MEMS1 12.1.0
2026-05-11 12:24:51,995 [INFO] ThirdParty:1030 - CMSIS Pack Vendor :SEGGER I-CUBE-embOS 1.3.1
2026-05-11 12:24:51,995 [INFO] ThirdParty:1030 - CMSIS Pack Vendor :STMicroelectronics X-CUBE-ALGOBUILD 1.4.0
2026-05-11 12:24:51,995 [INFO] ThirdParty:1030 - CMSIS Pack Vendor :STMicroelectronics X-CUBE-AZRTOS-H7RS 1.0.0
2026-05-11 12:24:51,995 [INFO] ThirdParty:1030 - CMSIS Pack Vendor :STMicroelectronics X-CUBE-TOF1 3.4.2
2026-05-11 12:24:51,995 [INFO] ThirdParty:1030 - CMSIS Pack Vendor :STMicroelectronics X-CUBE-TOF1 3.4.3
2026-05-11 12:24:51,995 [INFO] ThirdParty:1030 - CMSIS Pack Vendor :STMicroelectronics X-CUBE-AI 9.1.0
2026-05-11 12:24:51,995 [INFO] ThirdParty:1030 - CMSIS Pack Vendor :wolfSSL I-CUBE-wolfSSH 1.4.17
2026-05-11 12:24:51,995 [INFO] ThirdParty:841 - exiting critical section [change project]
2026-05-11 12:24:52,338 [INFO] PinOutPanel:1589 - setPackage(No Configuration,No Configuration)
2026-05-11 12:24:52,346 [INFO] PinOutPanel:1589 - setPackage(STM32F411CEUx,UFQFPN48)
2026-05-11 12:24:52,855 [INFO] UtilMem:75 - Before build in PCC Used Memory: 799111064 Bytes (1073741824)
2026-05-11 12:24:53,815 [INFO] UtilMem:75 - After build in PCC Used Memory: 851017624 Bytes (1073741824)
2026-05-11 12:24:53,926 [INFO] ApiDbMcu:508 - Load IP Config File for FREERTOS
2026-05-11 12:24:53,952 [INFO] IPUIPlugin:80 - create IPUIPlugin
2026-05-11 12:24:53,952 [INFO] IPUIPlugin:80 - create IPUIPlugin
2026-05-11 12:24:53,952 [INFO] IPUIPlugin:80 - create IPUIPlugin
2026-05-11 12:24:53,952 [INFO] IPUIPlugin:80 - create IPUIPlugin
2026-05-11 12:24:53,952 [INFO] IPUIPlugin:80 - create IPUIPlugin
2026-05-11 12:24:53,954 [INFO] IPUIPlugin:80 - create IPUIPlugin
2026-05-11 12:24:53,954 [INFO] IPUIPlugin:80 - create IPUIPlugin
2026-05-11 12:24:53,954 [INFO] IPUIPlugin:80 - create IPUIPlugin
2026-05-11 12:24:53,954 [INFO] IPUIPlugin:80 - create IPUIPlugin
2026-05-11 12:24:53,954 [INFO] IPUIPlugin:80 - create IPUIPlugin
2026-05-11 12:24:53,954 [INFO] IPUIPlugin:80 - create IPUIPlugin
2026-05-11 12:24:53,954 [INFO] IPUIPlugin:80 - create IPUIPlugin
2026-05-11 12:24:53,954 [INFO] IPUIPlugin:80 - create IPUIPlugin
2026-05-11 12:24:53,954 [INFO] IPUIPlugin:80 - create IPUIPlugin
2026-05-11 12:24:53,954 [INFO] IPUIPlugin:80 - create IPUIPlugin
2026-05-11 12:24:53,955 [INFO] IPUIPlugin:80 - create IPUIPlugin
2026-05-11 12:24:53,955 [INFO] IPUIPlugin:80 - create IPUIPlugin
2026-05-11 12:24:53,955 [INFO] IPUIPlugin:80 - create IPUIPlugin
2026-05-11 12:24:53,955 [INFO] IPUIPlugin:80 - create IPUIPlugin
2026-05-11 12:24:53,955 [INFO] IPUIPlugin:80 - create IPUIPlugin
2026-05-11 12:24:53,955 [INFO] IPUIPlugin:80 - create IPUIPlugin
2026-05-11 12:24:53,956 [INFO] IPUIPlugin:80 - create IPUIPlugin
2026-05-11 12:24:53,956 [INFO] IPUIPlugin:80 - create IPUIPlugin
2026-05-11 12:24:53,956 [INFO] IPUIPlugin:80 - create IPUIPlugin
2026-05-11 12:24:53,956 [INFO] IPUIPlugin:80 - create IPUIPlugin
2026-05-11 12:24:53,956 [INFO] IPUIPlugin:80 - create IPUIPlugin
2026-05-11 12:24:53,956 [INFO] IPUIPlugin:80 - create IPUIPlugin
2026-05-11 12:24:53,956 [INFO] IPUIPlugin:80 - create IPUIPlugin
2026-05-11 12:24:53,956 [INFO] IPUIPlugin:80 - create IPUIPlugin
2026-05-11 12:24:53,957 [INFO] IPUIPlugin:80 - create IPUIPlugin
2026-05-11 12:24:53,957 [INFO] IPUIPlugin:80 - create IPUIPlugin
2026-05-11 12:24:53,957 [INFO] IPUIPlugin:80 - create IPUIPlugin
2026-05-11 12:24:53,957 [INFO] IPUIPlugin:80 - create IPUIPlugin
2026-05-11 12:24:53,957 [INFO] IPUIPlugin:80 - create IPUIPlugin
2026-05-11 12:24:53,957 [INFO] IPUIPlugin:80 - create IPUIPlugin
2026-05-11 12:24:53,957 [INFO] IPUIPlugin:80 - create IPUIPlugin
2026-05-11 12:24:53,957 [INFO] IPUIPlugin:80 - create IPUIPlugin
2026-05-11 12:24:53,957 [INFO] IPUIPlugin:80 - create IPUIPlugin
2026-05-11 12:24:53,958 [INFO] IPUIPlugin:80 - create IPUIPlugin
2026-05-11 12:24:53,958 [INFO] IPUIPlugin:80 - create IPUIPlugin
2026-05-11 12:24:53,958 [INFO] IPUIPlugin:80 - create IPUIPlugin
2026-05-11 12:24:53,958 [INFO] IPUIPlugin:80 - create IPUIPlugin
2026-05-11 12:24:53,958 [INFO] IPUIPlugin:80 - create IPUIPlugin
2026-05-11 12:24:53,986 [INFO] ApiDbMcu:508 - Load IP Config File for PDM2PCM
2026-05-11 12:24:53,995 [WARN] IP:2251 - I2C_Coeff_DF not found: check if there is a RefParameter without a condition.
2026-05-11 12:24:53,995 [WARN] IP:2251 - Analog_Filter not found: check if there is a RefParameter without a condition.
2026-05-11 12:24:54,024 [WARN] FreeRTOS:1023 - Null or empty value: should not occur! (nothing added to the table)
2026-05-11 12:24:54,211 [INFO] CADModel:165 - CPN selected for project levelSTM32F411CEU6
2026-05-11 12:24:54,211 [INFO] CADModel:114 - Register for checkConnection events
2026-05-11 12:24:54,214 [INFO] RtosManager:697 - Active RTOS found at IOC load: FREERTOS [Cortex-M4NS]
2026-05-11 12:24:54,266 [INFO] OpenFileManager:363 - Restore cursor
2026-05-11 12:24:54,503 [WARN] IP:2251 - I2C_Coeff_DF not found: check if there is a RefParameter without a condition.
2026-05-11 12:24:54,504 [WARN] IP:2251 - Analog_Filter not found: check if there is a RefParameter without a condition.
2026-05-11 12:24:54,504 [WARN] IP:2251 - I2C_Coeff_DF not found: check if there is a RefParameter without a condition.
2026-05-11 12:24:54,504 [WARN] IP:2251 - Analog_Filter not found: check if there is a RefParameter without a condition.
2026-05-11 12:35:41,073 [INFO] MainUpdater:2872 - connection check result : 10
2026-05-11 12:35:41,073 [INFO] MainUpdater:2872 - connection check result : 10
2026-05-11 12:35:41,097 [INFO] MicroXplorer:468 - Change Database Path : 
2026-05-11 12:35:41,097 [INFO] MicroXplorer:498 - Change Database Version : DB.6.0.130
2026-05-11 12:35:41,154 [ERROR] ProjectManagerView:394 - 
java.lang.NullPointerException: Cannot invoke "javax.swing.JTextField.getText()" because the return value of "java.util.List.get(int)" is null
	at com.st.microxplorer.plugins.projectmanager.gui.ProjectChoiceTab$9.caretUpdate(ProjectChoiceTab.java:2616) ~[filemanager.jar:?]
	at javax.swing.text.JTextComponent.fireCaretUpdate(JTextComponent.java:408) ~[?:?]
	at javax.swing.text.JTextComponent$MutableCaretEvent.fire(JTextComponent.java:4484) ~[?:?]
	at javax.swing.text.JTextComponent$MutableCaretEvent.stateChanged(JTextComponent.java:4506) ~[?:?]
	at javax.swing.text.DefaultCaret.fireStateChanged(DefaultCaret.java:857) ~[?:?]
	at javax.swing.text.DefaultCaret.changeCaretPosition(DefaultCaret.java:1343) ~[?:?]
	at javax.swing.text.DefaultCaret.handleSetDot(DefaultCaret.java:1242) ~[?:?]
	at javax.swing.text.DefaultCaret.setDot(DefaultCaret.java:1223) ~[?:?]
	at javax.swing.text.DefaultCaret$Handler.insertUpdate(DefaultCaret.java:1819) ~[?:?]
	at javax.swing.text.AbstractDocument.fireInsertUpdate(AbstractDocument.java:227) ~[?:?]
	at javax.swing.text.AbstractDocument.handleInsertString(AbstractDocument.java:781) ~[?:?]
	at javax.swing.text.AbstractDocument.insertString(AbstractDocument.java:740) ~[?:?]
	at javax.swing.text.PlainDocument.insertString(PlainDocument.java:131) ~[?:?]
	at javax.swing.text.AbstractDocument.replace(AbstractDocument.java:699) ~[?:?]
	at javax.swing.text.JTextComponent.setText(JTextComponent.java:1725) ~[?:?]
	at com.st.microxplorer.plugins.projectmanager.gui.ProjectChoiceTab.createHeapStackFields(ProjectChoiceTab.java:975) ~[filemanager.jar:?]
	at com.st.microxplorer.plugins.projectmanager.gui.ProjectChoiceTab.buildLinkSettingsPanel(ProjectChoiceTab.java:3666) ~[filemanager.jar:?]
	at com.st.microxplorer.plugins.projectmanager.gui.ProjectChoiceTab.defineWindowsFields(ProjectChoiceTab.java:1934) ~[filemanager.jar:?]
	at com.st.microxplorer.plugins.projectmanager.gui.ProjectChoiceTab.updateSettings(ProjectChoiceTab.java:553) ~[filemanager.jar:?]
	at com.st.microxplorer.plugins.projectmanager.gui.ProjectSettingsPanel.UpdateDialog(ProjectSettingsPanel.java:245) ~[filemanager.jar:?]
	at com.st.microxplorer.plugins.projectmanager.ProjectManagerView.propertyChange(ProjectManagerView.java:391) ~[filemanager.jar:?]
	at java.beans.PropertyChangeSupport.fire(PropertyChangeSupport.java:343) ~[?:?]
	at java.beans.PropertyChangeSupport.firePropertyChange(PropertyChangeSupport.java:335) ~[?:?]
	at java.beans.PropertyChangeSupport.firePropertyChange(PropertyChangeSupport.java:268) ~[?:?]
	at com.st.microxplorer.util.MXPropertyChangeSupport.firePropertyChange(MXPropertyChangeSupport.java:54) ~[STM32CubeMX.jar:?]
	at com.st.microxplorer.mxsystem.MxSystem.closeConfig(MxSystem.java:899) ~[STM32CubeMX.jar:?]
	at com.st.microxplorer.maingui.MainPanel.closeConfig(MainPanel.java:789) ~[STM32CubeMX.jar:?]
	at com.st.microxplorer.plugins.filemanager.engine.OpenFileManager.loadConfigurationFile(OpenFileManager.java:265) ~[filemanager.jar:?]
	at com.st.microxplorer.plugins.filemanager.engine.MainFileManager.userLoadConfig(MainFileManager.java:340) ~[filemanager.jar:?]
	at com.st.microxplorer.plugins.filemanager.engine.MainFileManager.userLoadConfig(MainFileManager.java:318) ~[filemanager.jar:?]
	at com.st.microxplorer.plugins.filemanager.FileManagerView.getSpecificTask(FileManagerView.java:246) ~[filemanager.jar:?]
	at com.st.stm32cube.common.mx.editor.CubeMxEditor.getMxTabbedPaneInstance(CubeMxEditor.java:1198) ~[com.st.stm32cube.common.mx_6.13.0.202411220809/:?]
	at com.st.stm32cube.common.mx.editor.CubeMxEditor$12$1.createSwingComponent(CubeMxEditor.java:1068) ~[com.st.stm32cube.common.mx_6.13.0.202411220809/:?]
	at com.st.stm32cube.common.mx.oss.core.awtswtbridge.EmbeddedSwingComposite.doComponentCreation(EmbeddedSwingComposite.java:492) ~[com.st.stm32cube.common.mx.oss_6.13.0.202411220809/:?]
	at com.st.stm32cube.common.mx.oss.core.awtswtbridge.EmbeddedSwingComposite$4.run(EmbeddedSwingComposite.java:291) ~[com.st.stm32cube.common.mx.oss_6.13.0.202411220809/:?]
	at com.st.stm32cube.common.mx.oss.core.awtswtbridge.AwtEnvironment$2.run(AwtEnvironment.java:166) ~[com.st.stm32cube.common.mx.oss_6.13.0.202411220809/:?]
	at java.awt.event.InvocationEvent.dispatch(InvocationEvent.java:318) ~[?:?]
	at java.awt.EventQueue.dispatchEventImpl(EventQueue.java:773) ~[?:?]
	at java.awt.EventQueue$4.run(EventQueue.java:720) ~[?:?]
	at java.awt.EventQueue$4.run(EventQueue.java:714) ~[?:?]
	at java.security.AccessController.doPrivileged(AccessController.java:400) ~[?:?]
	at java.security.ProtectionDomain$JavaSecurityAccessImpl.doIntersectionPrivilege(ProtectionDomain.java:87) ~[?:?]
	at java.awt.EventQueue.dispatchEvent(EventQueue.java:742) ~[?:?]
	at java.awt.EventDispatchThread.pumpOneEventForFilters(EventDispatchThread.java:203) ~[?:?]
	at java.awt.EventDispatchThread.pumpEventsForFilter(EventDispatchThread.java:124) ~[?:?]
	at java.awt.EventDispatchThread.pumpEventsForHierarchy(EventDispatchThread.java:113) ~[?:?]
	at java.awt.EventDispatchThread.pumpEvents(EventDispatchThread.java:109) ~[?:?]
	at java.awt.EventDispatchThread.pumpEvents(EventDispatchThread.java:101) ~[?:?]
	at java.awt.EventDispatchThread.run(EventDispatchThread.java:90) ~[?:?]
2026-05-11 12:35:41,173 [WARN] ThirdParty:871 - waiting for thirdparty lock release [close project]
2026-05-11 12:35:41,175 [INFO] ThirdParty:873 - entering critical section [close project]
2026-05-11 12:35:41,175 [INFO] ThirdParty:883 - exiting critical section [close project]
2026-05-11 12:35:41,182 [INFO] PinOutPanel:1589 - setPackage(No Configuration,No Configuration)
2026-05-11 12:35:41,201 [WARN] IpParametersView:154 - Warning: This peripheral hasn't parameters
2026-05-11 12:35:41,213 [WARN] MainPanel:289 - <html><b><center>Warning: This peripheral has no parameters to be configured<br></b></html>
2026-05-11 12:35:41,217 [ERROR] MainPanel:599 - java.lang.IndexOutOfBoundsException: Index: 0, Tab count: 0
2026-05-11 12:35:41,229 [INFO] UtilMem:75 - Begin LoadConfig() Used Memory: 935470072 Bytes (1073741824)
2026-05-11 12:35:41,248 [INFO] MicroXplorer:468 - Change Database Path : C:/Users/Pache/.stm32cubemx/databases/DB.6.0.110/db/
2026-05-11 12:35:41,248 [INFO] MicroXplorer:498 - Change Database Version : DB.6.0.110
2026-05-11 12:35:44,411 [INFO] OpenFileManager:332 - Change cursor
2026-05-11 12:35:53,917 [INFO] ServerAccessManage:473 - Download File STMicroelectronics.X-CUBE-TOUCHGFX.4.26.0.pack
2026-05-11 12:36:59,414 [INFO] AnalyticsPlugin:363 - Accepted License(s) without tracking enabled: [STMicroelectronics.X-CUBE-TOUCHGFX.4.26.0]
2026-05-11 12:36:59,415 [INFO] FileExtend:240 - Unzip File : STMicroelectronics.X-CUBE-TOUCHGFX.4.26.0.pack
2026-05-11 12:36:59,415 [INFO] FileExtend:255 - Standard Zip Deflate
2026-05-11 12:37:07,535 [INFO] LoadServerPackagesThread:196 - End of LoadServerPackages Thread
2026-05-11 12:37:09,285 [WARN] ThirdParty:509 - waiting for thirdparty lock release [add software pack]
2026-05-11 12:37:09,285 [INFO] ThirdParty:511 - entering critical section [add software pack]
2026-05-11 12:37:09,297 [WARN] PackLoader:240 - Cannot read IP mode file for STMicroelectronics.X-CUBE-TOUCHGFX.4.26.0
2026-05-11 12:37:09,427 [INFO] ThirdPartyPackRequestProcessor:621 - CMSIS Pack Vendor :STMicroelectronics X-CUBE-AZRTOS-H7 3.5.0
2026-05-11 12:37:09,428 [INFO] ThirdPartyPackRequestProcessor:621 - CMSIS Pack Vendor :STMicroelectronics X-CUBE-PM33A1 1.0.0
2026-05-11 12:37:09,428 [INFO] ThirdPartyPackRequestProcessor:621 - CMSIS Pack Vendor :STMicroelectronics USBPD 4.1
2026-05-11 12:37:09,428 [INFO] ThirdPartyPackRequestProcessor:621 - CMSIS Pack Vendor :STMicroelectronics USB_HOST 2.0.0
2026-05-11 12:37:09,428 [INFO] ThirdPartyPackRequestProcessor:621 - CMSIS Pack Vendor :STMicroelectronics FP-SNS-MOTENVWB1 1.4.0
2026-05-11 12:37:09,428 [INFO] ThirdPartyPackRequestProcessor:621 - CMSIS Pack Vendor :STMicroelectronics X-CUBE-AZRTOS-F4 1.1.0
2026-05-11 12:37:09,428 [INFO] ThirdPartyPackRequestProcessor:621 - CMSIS Pack Vendor :STMicroelectronics LIBJPEG 8.0.0
2026-05-11 12:37:09,428 [INFO] ThirdPartyPackRequestProcessor:621 - CMSIS Pack Vendor :STMicroelectronics FP-ATR-ASTRA1 2.0.2
2026-05-11 12:37:09,430 [INFO] ThirdPartyPackRequestProcessor:621 - CMSIS Pack Vendor :STMicroelectronics FP-ATR-ASTRA1 2.0.1
2026-05-11 12:37:09,430 [INFO] ThirdPartyPackRequestProcessor:621 - CMSIS Pack Vendor :STMicroelectronics X-CUBE-SMBUS 2.1.0
2026-05-11 12:37:09,430 [INFO] ThirdPartyPackRequestProcessor:621 - CMSIS Pack Vendor :STMicroelectronics X-CUBE-WB05N 1.1.0
2026-05-11 12:37:09,430 [INFO] ThirdPartyPackRequestProcessor:621 - CMSIS Pack Vendor :STMicroelectronics X-CUBE-ISPU 2.1.0
2026-05-11 12:37:09,430 [INFO] ThirdPartyPackRequestProcessor:621 - CMSIS Pack Vendor :STMicroelectronics eDS-WB_DPC_TT-BIDIR 2.1.1
2026-05-11 12:37:09,430 [INFO] ThirdPartyPackRequestProcessor:621 - CMSIS Pack Vendor :STMicroelectronics X-CUBE-NFC12 1.0.0
2026-05-11 12:37:09,430 [INFO] ThirdPartyPackRequestProcessor:621 - CMSIS Pack Vendor :STMicroelectronics X-CUBE-AZRTOS-F7 1.1.0
2026-05-11 12:37:09,430 [INFO] ThirdPartyPackRequestProcessor:621 - CMSIS Pack Vendor :STMicroelectronics X-CUBE-AZRTOS-L5 2.0.0
2026-05-11 12:37:09,430 [INFO] ThirdPartyPackRequestProcessor:621 - CMSIS Pack Vendor :STMicroelectronics USB_DEVICE 2.0.0
2026-05-11 12:37:09,430 [INFO] ThirdPartyPackRequestProcessor:621 - CMSIS Pack Vendor :STMicroelectronics X-CUBE-NFC6 3.1.0
2026-05-11 12:37:09,430 [INFO] ThirdPartyPackRequestProcessor:621 - CMSIS Pack Vendor :STMicroelectronics FreeRTOS 0.0.1
2026-05-11 12:37:09,431 [INFO] ThirdPartyPackRequestProcessor:621 - CMSIS Pack Vendor :STMicroelectronics X-CUBE-DPower 1.2.0
2026-05-11 12:37:09,431 [INFO] ThirdPartyPackRequestProcessor:621 - CMSIS Pack Vendor :STMicroelectronics eDS-WB_DPC_VIENNA 1.2.0
2026-05-11 12:37:09,431 [INFO] ThirdPartyPackRequestProcessor:621 - CMSIS Pack Vendor :STMicroelectronics FP-SNS-FLIGHT1 5.0.2
2026-05-11 12:37:09,431 [INFO] ThirdPartyPackRequestProcessor:621 - CMSIS Pack Vendor :STMicroelectronics eDS-WB_DPC_3PH2L-BIDIR 1.1.1
2026-05-11 12:37:09,431 [INFO] ThirdPartyPackRequestProcessor:621 - CMSIS Pack Vendor :Infineon AIROC-Wi-Fi-Bluetooth-STM32 1.7.0
2026-05-11 12:37:09,431 [INFO] ThirdPartyPackRequestProcessor:621 - CMSIS Pack Vendor :STMicroelectronics PDM2PCM 3.3.0
2026-05-11 12:37:09,431 [INFO] ThirdPartyPackRequestProcessor:621 - CMSIS Pack Vendor :STMicroelectronics X-CUBE-DISPLAY 3.0.0
2026-05-11 12:37:09,431 [INFO] ThirdPartyPackRequestProcessor:621 - CMSIS Pack Vendor :STMicroelectronics X-CUBE-GNSS1 7.1.1
2026-05-11 12:37:09,431 [INFO] ThirdPartyPackRequestProcessor:621 - CMSIS Pack Vendor :STMicroelectronics X-CUBE-BLE1 7.0.0
2026-05-11 12:37:09,432 [INFO] ThirdPartyPackRequestProcessor:621 - CMSIS Pack Vendor :STMicroelectronics X-CUBE-NFC10 1.0.0
2026-05-11 12:37:09,432 [INFO] ThirdPartyPackRequestProcessor:621 - CMSIS Pack Vendor :STMicroelectronics X-CUBE-BLEMGR 4.0.0
2026-05-11 12:37:09,432 [INFO] ThirdPartyPackRequestProcessor:621 - CMSIS Pack Vendor :STMicroelectronics HAL Drivers 0.0.0
2026-05-11 12:37:09,432 [INFO] ThirdPartyPackRequestProcessor:621 - CMSIS Pack Vendor :STMicroelectronics X-CUBE-ST60 1.1.0
2026-05-11 12:37:09,432 [INFO] ThirdPartyPackRequestProcessor:621 - CMSIS Pack Vendor :emotas I-CUBE-CANOPEN 1.3.0
2026-05-11 12:37:09,432 [INFO] ThirdPartyPackRequestProcessor:621 - CMSIS Pack Vendor :STMicroelectronics X-CUBE-FREERTOS 1.3.0
2026-05-11 12:37:09,432 [INFO] ThirdPartyPackRequestProcessor:621 - CMSIS Pack Vendor :STMicroelectronics X-CUBE-NFC7 1.0.1
2026-05-11 12:37:09,432 [INFO] ThirdPartyPackRequestProcessor:621 - CMSIS Pack Vendor :STMicroelectronics MBEDTLS 2.14.1
2026-05-11 12:37:09,434 [INFO] ThirdPartyPackRequestProcessor:621 - CMSIS Pack Vendor :STMicroelectronics X-CUBE-GNSS1 7.1.0
2026-05-11 12:37:09,434 [INFO] ThirdPartyPackRequestProcessor:621 - CMSIS Pack Vendor :STMicroelectronics X-CUBE-TOUCHGFX 4.26.0
2026-05-11 12:37:09,434 [INFO] ThirdPartyPackRequestProcessor:621 - CMSIS Pack Vendor :STMicroelectronics X-CUBE-TOUCHGFX 4.26.1
2026-05-11 12:37:09,434 [INFO] ThirdPartyPackRequestProcessor:621 - CMSIS Pack Vendor :STMicroelectronics X-CUBE-AI 10.0.0
2026-05-11 12:37:09,434 [INFO] ThirdPartyPackRequestProcessor:621 - CMSIS Pack Vendor :STMicroelectronics FP-SNS-STAIOTCFT 1.0.0
2026-05-11 12:37:09,435 [INFO] ThirdPartyPackRequestProcessor:621 - CMSIS Pack Vendor :STMicroelectronics FP-SNS-SMARTAG2 1.2.0
2026-05-11 12:37:09,435 [INFO] ThirdPartyPackRequestProcessor:621 - CMSIS Pack Vendor :STMicroelectronics FP-SNS-FLIGHT1 5.1.0
2026-05-11 12:37:09,435 [INFO] ThirdPartyPackRequestProcessor:621 - CMSIS Pack Vendor :STMicroelectronics X-CUBE-MEMS1 11.1.0
2026-05-11 12:37:09,435 [INFO] ThirdPartyPackRequestProcessor:621 - CMSIS Pack Vendor :STMicroelectronics X-CUBE-AZRTOS-WL 2.0.0
2026-05-11 12:37:09,435 [INFO] ThirdPartyPackRequestProcessor:621 - CMSIS Pack Vendor :STMicroelectronics X-CUBE-DPower 1.3.0
2026-05-11 12:37:09,435 [INFO] ThirdPartyPackRequestProcessor:621 - CMSIS Pack Vendor :STMicroelectronics FP-SNS-MOTENV1 5.0.0
2026-05-11 12:37:09,435 [INFO] ThirdPartyPackRequestProcessor:621 - CMSIS Pack Vendor :STMicroelectronics USB_DEVICE 1.0.0
2026-05-11 12:37:09,435 [INFO] ThirdPartyPackRequestProcessor:621 - CMSIS Pack Vendor :STMicroelectronics X-CUBE-AZRTOS-H7RS 1.2.0
2026-05-11 12:37:09,435 [INFO] ThirdPartyPackRequestProcessor:621 - CMSIS Pack Vendor :wolfSSL I-CUBE-wolfMQTT 1.19.0
2026-05-11 12:37:09,436 [INFO] ThirdPartyPackRequestProcessor:621 - CMSIS Pack Vendor :STMicroelectronics X-CUBE-AZRTOS-L4 2.0.0
2026-05-11 12:37:09,436 [INFO] ThirdPartyPackRequestProcessor:621 - CMSIS Pack Vendor :STMicroelectronics ThreadX 0.0.2
2026-05-11 12:37:09,436 [INFO] ThirdPartyPackRequestProcessor:621 - CMSIS Pack Vendor :WES I-CUBE-Cesium 1.3.0
2026-05-11 12:37:09,436 [INFO] ThirdPartyPackRequestProcessor:621 - CMSIS Pack Vendor :STMicroelectronics lwIP 2.1.2
2026-05-11 12:37:09,436 [INFO] ThirdPartyPackRequestProcessor:621 - CMSIS Pack Vendor :STMicroelectronics X-CUBE-SFXS2LP1 4.0.0
2026-05-11 12:37:09,436 [INFO] ThirdPartyPackRequestProcessor:621 - CMSIS Pack Vendor :STMicroelectronics X-CUBE-BLE2 3.3.0
2026-05-11 12:37:09,436 [INFO] ThirdPartyPackRequestProcessor:621 - CMSIS Pack Vendor :Avnet-IOTCONNECT X-CUBE-iotc-st67-sdk 1.0.0
2026-05-11 12:37:09,436 [INFO] ThirdPartyPackRequestProcessor:621 - CMSIS Pack Vendor :STMicroelectronics PDM2PCM 3.2.0
2026-05-11 12:37:09,436 [INFO] ThirdPartyPackRequestProcessor:621 - CMSIS Pack Vendor :STMicroelectronics X-CUBE-WB05N 2.1.0
2026-05-11 12:37:09,436 [INFO] ThirdPartyPackRequestProcessor:621 - CMSIS Pack Vendor :STMicroelectronics X-CUBE-AZRTOS-H7 3.3.0
2026-05-11 12:37:09,436 [INFO] ThirdPartyPackRequestProcessor:621 - CMSIS Pack Vendor :STMicroelectronics X-CUBE-NFC9 1.0.0
2026-05-11 12:37:09,436 [INFO] ThirdPartyPackRequestProcessor:621 - CMSIS Pack Vendor :STMicroelectronics X-CUBE-BLE1 7.1.0
2026-05-11 12:37:09,436 [INFO] ThirdPartyPackRequestProcessor:621 - CMSIS Pack Vendor :STMicroelectronics USB_DEVICE 3.0.0
2026-05-11 12:37:09,436 [INFO] ThirdPartyPackRequestProcessor:621 - CMSIS Pack Vendor :STMicroelectronics X-CUBE-EEPRMA1 5.2.0
2026-05-11 12:37:09,436 [INFO] ThirdPartyPackRequestProcessor:621 - CMSIS Pack Vendor :STMicroelectronics X-CUBE-BLEMGR 4.1.0
2026-05-11 12:37:09,437 [INFO] ThirdPartyPackRequestProcessor:621 - CMSIS Pack Vendor :STMicroelectronics X-CUBE-IPS 3.0.0
2026-05-11 12:37:09,437 [INFO] ThirdPartyPackRequestProcessor:621 - CMSIS Pack Vendor :STMicroelectronics X-CUBE-AZRTOS-WB 2.0.0
2026-05-11 12:37:09,437 [INFO] ThirdPartyPackRequestProcessor:621 - CMSIS Pack Vendor :STMicroelectronics X-CUBE-GNSS1 7.0.1
2026-05-11 12:37:09,437 [INFO] ThirdPartyPackRequestProcessor:621 - CMSIS Pack Vendor :STMicroelectronics FP-SNS-STBOX1 2.0.0
2026-05-11 12:37:09,437 [INFO] ThirdPartyPackRequestProcessor:621 - CMSIS Pack Vendor :STMicroelectronics X-CUBE-MEMS1 12.0.0
2026-05-11 12:37:09,437 [INFO] ThirdPartyPackRequestProcessor:621 - CMSIS Pack Vendor :STMicroelectronics X-CUBE-STSE01 2.0.0
2026-05-11 12:37:09,437 [INFO] ThirdPartyPackRequestProcessor:621 - CMSIS Pack Vendor :STMicroelectronics X-CUBE-AZRTOS-G0 1.1.0
2026-05-11 12:37:09,439 [INFO] ThirdPartyPackRequestProcessor:621 - CMSIS Pack Vendor :STMicroelectronics X-CUBE-SAFEA1 1.2.2
2026-05-11 12:37:09,439 [INFO] ThirdPartyPackRequestProcessor:621 - CMSIS Pack Vendor :STMicroelectronics X-CUBE-NFC4 3.0.0
2026-05-11 12:37:09,439 [INFO] ThirdPartyPackRequestProcessor:621 - CMSIS Pack Vendor :STMicroelectronics X-CUBE-SUBG2 5.0.0
2026-05-11 12:37:09,439 [INFO] ThirdPartyPackRequestProcessor:621 - CMSIS Pack Vendor :STMicroelectronics STM32_WPAN 1.0.0
2026-05-11 12:37:09,439 [INFO] ThirdPartyPackRequestProcessor:621 - CMSIS Pack Vendor :EmbeddedOffice I-CUBE-FS-RTOS 1.0.1
2026-05-11 12:37:09,439 [INFO] ThirdPartyPackRequestProcessor:621 - CMSIS Pack Vendor :STMicroelectronics lwIP 2.0.3
2026-05-11 12:37:09,439 [INFO] ThirdPartyPackRequestProcessor:621 - CMSIS Pack Vendor :Cesanta I-CUBE-Mongoose 7.13.0
2026-05-11 12:37:09,439 [INFO] ThirdPartyPackRequestProcessor:621 - CMSIS Pack Vendor :STMicroelectronics USB_HOST 1.0.0
2026-05-11 12:37:09,439 [INFO] ThirdPartyPackRequestProcessor:621 - CMSIS Pack Vendor :STMicroelectronics X-CUBE-AZRTOS-G4 2.0.0
2026-05-11 12:37:09,439 [INFO] ThirdPartyPackRequestProcessor:621 - CMSIS Pack Vendor :STMicroelectronics PDM2PCM 3.1.0
2026-05-11 12:37:09,439 [INFO] ThirdPartyPackRequestProcessor:621 - CMSIS Pack Vendor :STMicroelectronics X-CUBE-NFC7 2.0.0
2026-05-11 12:37:09,439 [INFO] ThirdPartyPackRequestProcessor:621 - CMSIS Pack Vendor :STMicroelectronics X-CUBE-TCPP 4.2.0
2026-05-11 12:37:09,439 [INFO] ThirdPartyPackRequestProcessor:621 - CMSIS Pack Vendor :RealThread X-CUBE-RT-Thread_Nano 4.1.1
2026-05-11 12:37:09,439 [INFO] ThirdPartyPackRequestProcessor:621 - CMSIS Pack Vendor :STMicroelectronics FP-ATR-SIGFOX1 3.2.0
2026-05-11 12:37:09,439 [INFO] ThirdPartyPackRequestProcessor:621 - CMSIS Pack Vendor :quantropi X-CUBE-qispace-sdk-base 1.9.3
2026-05-11 12:37:09,439 [INFO] ThirdPartyPackRequestProcessor:621 - CMSIS Pack Vendor :STMicroelectronics X-CUBE-EEPRMA1 5.1.0
2026-05-11 12:37:09,439 [INFO] ThirdPartyPackRequestProcessor:621 - CMSIS Pack Vendor :STMicroelectronics MBEDTLS 2.16.2
2026-05-11 12:37:09,440 [INFO] ThirdPartyPackRequestProcessor:621 - CMSIS Pack Vendor :STMicroelectronics X-CUBE-IPS 3.1.0
2026-05-11 12:37:09,440 [INFO] ThirdPartyPackRequestProcessor:621 - CMSIS Pack Vendor :STMicroelectronics X-CUBE-ALS 1.0.2
2026-05-11 12:37:09,440 [INFO] ThirdPartyPackRequestProcessor:621 - CMSIS Pack Vendor :wolfSSL I-CUBE-wolfSSL 5.7.4
2026-05-11 12:37:09,440 [INFO] ThirdPartyPackRequestProcessor:621 - CMSIS Pack Vendor :ITTIA_DB I-CUBE-ITTIADB 8.9.0
2026-05-11 12:37:09,440 [INFO] ThirdPartyPackRequestProcessor:621 - CMSIS Pack Vendor :STMicroelectronics X-CUBE-TOUCHGFX 4.24.2
2026-05-11 12:37:09,440 [INFO] ThirdPartyPackRequestProcessor:621 - CMSIS Pack Vendor :STMicroelectronics X-CUBE-TOUCHGFX 4.24.1
2026-05-11 12:37:09,440 [INFO] ThirdPartyPackRequestProcessor:621 - CMSIS Pack Vendor :wolfSSL I-CUBE-wolfTPM 3.4.0
2026-05-11 12:37:09,440 [INFO] ThirdPartyPackRequestProcessor:621 - CMSIS Pack Vendor :portGmbH I-Cube-SoM-uGOAL 1.1.0
2026-05-11 12:37:09,440 [INFO] ThirdPartyPackRequestProcessor:621 - CMSIS Pack Vendor :STMicroelectronics X-CUBE-NFC6 3.2.0
2026-05-11 12:37:09,441 [INFO] ThirdPartyPackRequestProcessor:621 - CMSIS Pack Vendor :STMicroelectronics X-CUBE-AI 10.2.0
2026-05-11 12:37:09,441 [INFO] ThirdPartyPackRequestProcessor:621 - CMSIS Pack Vendor :STMicroelectronics ThreadX 1.0.0
2026-05-11 12:37:09,441 [INFO] ThirdPartyPackRequestProcessor:621 - CMSIS Pack Vendor :STMicroelectronics X-CUBE-MEMS1 12.1.0
2026-05-11 12:37:09,441 [INFO] ThirdPartyPackRequestProcessor:621 - CMSIS Pack Vendor :SEGGER I-CUBE-embOS 1.3.1
2026-05-11 12:37:09,441 [INFO] ThirdPartyPackRequestProcessor:621 - CMSIS Pack Vendor :STMicroelectronics X-CUBE-ALGOBUILD 1.4.0
2026-05-11 12:37:09,441 [INFO] ThirdPartyPackRequestProcessor:621 - CMSIS Pack Vendor :STMicroelectronics X-CUBE-AZRTOS-H7RS 1.0.0
2026-05-11 12:37:09,442 [INFO] ThirdPartyPackRequestProcessor:621 - CMSIS Pack Vendor :STMicroelectronics X-CUBE-TOF1 3.4.2
2026-05-11 12:37:09,442 [INFO] ThirdPartyPackRequestProcessor:621 - CMSIS Pack Vendor :STMicroelectronics X-CUBE-TOF1 3.4.3
2026-05-11 12:37:09,442 [INFO] ThirdPartyPackRequestProcessor:621 - CMSIS Pack Vendor :STMicroelectronics X-CUBE-AI 9.1.0
2026-05-11 12:37:09,442 [INFO] ThirdPartyPackRequestProcessor:621 - CMSIS Pack Vendor :wolfSSL I-CUBE-wolfSSH 1.4.17
2026-05-11 12:37:09,442 [INFO] ThirdParty:514 - exiting critical section [add software pack]
2026-05-11 12:37:09,444 [INFO] LoadServerUpdatesThread:375 - End of LoadServerUpdate Thread
2026-05-11 12:37:09,628 [INFO] MainUpdater:1610 - ProgressBar Return now
2026-05-11 12:37:09,631 [INFO] CheckServerUpdateThread:120 - End of CheckServer Thread
2026-05-11 12:37:09,668 [INFO] Mcu:2035 - Initializing MCU STM32F411C(C-E)Ux STM32F411CEUx STM32F411CEU6
2026-05-11 12:37:10,592 [INFO] Context:748 - Trying to add GPIOservice into a context  which must be forbidden
2026-05-11 12:37:11,046 [INFO] ApiDbMcu:508 - Load IP Config File for STMicroelectronics.X-CUBE-TOUCHGFX.4.26.0
2026-05-11 12:37:11,168 [INFO] RtosManager:555 - Registered RTOS mode: class=CMSIS, group=RTOS, mode=CMSIS_V1, owner=FREERTOS
2026-05-11 12:37:11,168 [INFO] RtosManager:555 - Registered RTOS mode: class=CMSIS, group=RTOS2, mode=CMSIS_V2, owner=FREERTOS
2026-05-11 12:37:11,168 [INFO] RtosManager:555 - Registered RTOS mode: class=RTOS, group=Core, mode=CMSIS_V1, owner=FREERTOS
2026-05-11 12:37:11,168 [INFO] RtosManager:555 - Registered RTOS mode: class=RTOS, group=Core, mode=CMSIS_V2, owner=FREERTOS
2026-05-11 12:37:11,168 [WARN] ModelIntegratedComponent:184 - Missing modes for component STMicroelectronics:FreeRTOS:0.0.1:STMicroelectronics:RTOS:FreeRTOS:Core:::10.2.0:
2026-05-11 12:37:11,183 [WARN] ModelIntegratedComponent:63 - No mode defined for component null
2026-05-11 12:37:11,183 [WARN] ModelIntegratedComponent:63 - No mode defined for component null
2026-05-11 12:37:11,184 [WARN] ModelIntegratedComponent:63 - No mode defined for component null
2026-05-11 12:37:11,184 [WARN] ModelIntegratedComponent:63 - No mode defined for component null
2026-05-11 12:37:11,184 [WARN] ModelIntegratedComponent:63 - No mode defined for component null
2026-05-11 12:37:11,184 [WARN] ModelIntegratedComponent:63 - No mode defined for component null
2026-05-11 12:37:11,184 [WARN] ModelIntegratedComponent:63 - No mode defined for component null
2026-05-11 12:37:11,184 [WARN] ModelIntegratedComponent:63 - No mode defined for component null
2026-05-11 12:37:11,184 [WARN] ModelIntegratedComponent:63 - No mode defined for component null
2026-05-11 12:37:11,184 [WARN] ModelIntegratedComponent:63 - No mode defined for component null
2026-05-11 12:37:11,184 [WARN] ModelIntegratedComponent:63 - No mode defined for component null
2026-05-11 12:37:11,184 [WARN] ModelIntegratedComponent:63 - No mode defined for component null
2026-05-11 12:37:11,184 [WARN] ModelIntegratedComponent:63 - No mode defined for component null
2026-05-11 12:37:11,184 [WARN] ModelIntegratedComponent:63 - No mode defined for component null
2026-05-11 12:37:11,184 [WARN] ModelIntegratedComponent:63 - No mode defined for component null
2026-05-11 12:37:11,184 [WARN] ModelIntegratedComponent:63 - No mode defined for component null
2026-05-11 12:37:11,184 [WARN] ModelIntegratedComponent:63 - No mode defined for component null
2026-05-11 12:37:11,184 [WARN] ModelIntegratedComponent:63 - No mode defined for component null
2026-05-11 12:37:11,184 [WARN] ModelIntegratedComponent:63 - No mode defined for component null
2026-05-11 12:37:11,185 [WARN] ModelIntegratedComponent:63 - No mode defined for component null
2026-05-11 12:37:11,185 [WARN] ModelIntegratedComponent:63 - No mode defined for component null
2026-05-11 12:37:11,185 [WARN] ModelIntegratedComponent:63 - No mode defined for component null
2026-05-11 12:37:11,185 [WARN] ModelIntegratedComponent:63 - No mode defined for component null
2026-05-11 12:37:11,185 [WARN] ModelIntegratedComponent:63 - No mode defined for component null
2026-05-11 12:37:11,185 [WARN] ModelIntegratedComponent:63 - No mode defined for component null
2026-05-11 12:37:11,185 [WARN] ModelIntegratedComponent:63 - No mode defined for component null
2026-05-11 12:37:11,185 [WARN] ModelIntegratedComponent:63 - No mode defined for component null
2026-05-11 12:37:11,185 [WARN] ModelIntegratedComponent:63 - No mode defined for component null
2026-05-11 12:37:11,185 [WARN] ModelIntegratedComponent:63 - No mode defined for component null
2026-05-11 12:37:11,185 [WARN] ModelIntegratedComponent:63 - No mode defined for component null
2026-05-11 12:37:11,185 [WARN] ModelIntegratedComponent:63 - No mode defined for component null
2026-05-11 12:37:11,185 [WARN] ModelIntegratedComponent:63 - No mode defined for component null
2026-05-11 12:37:11,185 [WARN] ModelIntegratedComponent:63 - No mode defined for component null
2026-05-11 12:37:11,185 [WARN] ModelIntegratedComponent:63 - No mode defined for component null
2026-05-11 12:37:11,185 [WARN] ModelIntegratedComponent:63 - No mode defined for component null
2026-05-11 12:37:11,185 [WARN] ModelPack:524 - Component already loaded: STMicroelectronics:HAL Drivers:0.0.0:STMicroelectronics:Device:STMicro_Driver:XSPI:HAL::0.0.1:HAL_XSPI
2026-05-11 12:37:11,252 [WARN] ModelIntegratedComponent:182 - Modes not found for component STMicroelectronics:USB_DEVICE:1.0.0:STMicroelectronics:USB::USB Device:Audio HS::1.0:USB_DEVICE_1_0_RESTRICTED_HS
2026-05-11 12:37:11,252 [WARN] ModelIntegratedComponent:188 - Modes not found for component STMicroelectronics:USB_DEVICE:1.0.0:STMicroelectronics:USB::USB Device:Audio HS::1.0:USB_DEVICE_1_0_RESTRICTED_HS
2026-05-11 12:37:11,252 [WARN] ModelIntegratedComponent:182 - Modes not found for component STMicroelectronics:USB_DEVICE:1.0.0:STMicroelectronics:USB::USB Device:CDC HS::1.0:USB_DEVICE_1_0_RESTRICTED_HS
2026-05-11 12:37:11,252 [WARN] ModelIntegratedComponent:188 - Modes not found for component STMicroelectronics:USB_DEVICE:1.0.0:STMicroelectronics:USB::USB Device:CDC HS::1.0:USB_DEVICE_1_0_RESTRICTED_HS
2026-05-11 12:37:11,252 [WARN] ModelIntegratedComponent:182 - Modes not found for component STMicroelectronics:USB_DEVICE:1.0.0:STMicroelectronics:USB::USB Device:DFU HS::1.0:USB_DEVICE_1_0_RESTRICTED_HS
2026-05-11 12:37:11,252 [WARN] ModelIntegratedComponent:188 - Modes not found for component STMicroelectronics:USB_DEVICE:1.0.0:STMicroelectronics:USB::USB Device:DFU HS::1.0:USB_DEVICE_1_0_RESTRICTED_HS
2026-05-11 12:37:11,252 [WARN] ModelIntegratedComponent:182 - Modes not found for component STMicroelectronics:USB_DEVICE:1.0.0:STMicroelectronics:USB::USB Device:HID HS::1.0:USB_DEVICE_1_0_RESTRICTED_HS
2026-05-11 12:37:11,252 [WARN] ModelIntegratedComponent:188 - Modes not found for component STMicroelectronics:USB_DEVICE:1.0.0:STMicroelectronics:USB::USB Device:HID HS::1.0:USB_DEVICE_1_0_RESTRICTED_HS
2026-05-11 12:37:11,252 [WARN] ModelIntegratedComponent:182 - Modes not found for component STMicroelectronics:USB_DEVICE:1.0.0:STMicroelectronics:USB::USB Device:Custom HID HS::1.0:USB_DEVICE_1_0_RESTRICTED_HS
2026-05-11 12:37:11,252 [WARN] ModelIntegratedComponent:188 - Modes not found for component STMicroelectronics:USB_DEVICE:1.0.0:STMicroelectronics:USB::USB Device:Custom HID HS::1.0:USB_DEVICE_1_0_RESTRICTED_HS
2026-05-11 12:37:11,252 [WARN] ModelIntegratedComponent:182 - Modes not found for component STMicroelectronics:USB_DEVICE:1.0.0:STMicroelectronics:USB::USB Device:MSC HS::1.0:USB_DEVICE_1_0_RESTRICTED_HS
2026-05-11 12:37:11,252 [WARN] ModelIntegratedComponent:188 - Modes not found for component STMicroelectronics:USB_DEVICE:1.0.0:STMicroelectronics:USB::USB Device:MSC HS::1.0:USB_DEVICE_1_0_RESTRICTED_HS
2026-05-11 12:37:11,293 [WARN] ModelIntegratedComponent:182 - Modes not found for component STMicroelectronics:USB_HOST:1.0.0:STMicroelectronics:USB::USB Host:Audio HS::1.0:USB_HOST_1_0_RESTRICTED_HS
2026-05-11 12:37:11,293 [WARN] ModelIntegratedComponent:188 - Modes not found for component STMicroelectronics:USB_HOST:1.0.0:STMicroelectronics:USB::USB Host:Audio HS::1.0:USB_HOST_1_0_RESTRICTED_HS
2026-05-11 12:37:11,293 [WARN] ModelIntegratedComponent:182 - Modes not found for component STMicroelectronics:USB_HOST:1.0.0:STMicroelectronics:USB::USB Host:CDC HS::1.0:USB_HOST_1_0_RESTRICTED_HS
2026-05-11 12:37:11,293 [WARN] ModelIntegratedComponent:188 - Modes not found for component STMicroelectronics:USB_HOST:1.0.0:STMicroelectronics:USB::USB Host:CDC HS::1.0:USB_HOST_1_0_RESTRICTED_HS
2026-05-11 12:37:11,293 [WARN] ModelIntegratedComponent:182 - Modes not found for component STMicroelectronics:USB_HOST:1.0.0:STMicroelectronics:USB::USB Host:MSC HS::1.0:USB_HOST_1_0_RESTRICTED_HS
2026-05-11 12:37:11,293 [WARN] ModelIntegratedComponent:188 - Modes not found for component STMicroelectronics:USB_HOST:1.0.0:STMicroelectronics:USB::USB Host:MSC HS::1.0:USB_HOST_1_0_RESTRICTED_HS
2026-05-11 12:37:11,293 [WARN] ModelIntegratedComponent:182 - Modes not found for component STMicroelectronics:USB_HOST:1.0.0:STMicroelectronics:USB::USB Host:HID HS::1.0:USB_HOST_1_0_RESTRICTED_HS
2026-05-11 12:37:11,294 [WARN] ModelIntegratedComponent:188 - Modes not found for component STMicroelectronics:USB_HOST:1.0.0:STMicroelectronics:USB::USB Host:HID HS::1.0:USB_HOST_1_0_RESTRICTED_HS
2026-05-11 12:37:11,294 [WARN] ModelIntegratedComponent:182 - Modes not found for component STMicroelectronics:USB_HOST:1.0.0:STMicroelectronics:USB::USB Host:MTP HS::1.0:USB_HOST_1_0_RESTRICTED_HS
2026-05-11 12:37:11,294 [WARN] ModelIntegratedComponent:188 - Modes not found for component STMicroelectronics:USB_HOST:1.0.0:STMicroelectronics:USB::USB Host:MTP HS::1.0:USB_HOST_1_0_RESTRICTED_HS
2026-05-11 12:37:11,351 [WARN] IP:2251 - tgfx_framebuffer_stride_value_custom not found: check if there is a RefParameter without a condition.
2026-05-11 12:37:11,359 [WARN] IP:2251 - tgfx_framebuffer_stride_value_custom not found: check if there is a RefParameter without a condition.
2026-05-11 12:37:11,554 [INFO] ApiDbMcu:508 - Load IP Config File for FREERTOS
2026-05-11 12:37:11,578 [INFO] ThirdPartyModel:298 - Start build external matchings
2026-05-11 12:37:12,258 [INFO] ThirdPartyModel:316 - End build external matchings
2026-05-11 12:37:12,279 [INFO] RtosManager:922 - Current active RTOS is FREERTOS [Cortex-M4NS]
2026-05-11 12:37:12,290 [INFO] ImportTextPane:218 - (OptionalMessage_ERROR) IP (DMA) : Parameter (Instance) has Id (SPI1_TX) currently not set
2026-05-11 12:37:12,290 [INFO] ImportTextPane:218 - (OptionalMessage_ERROR) IP (DMA) : Parameter (Channel) has Id (SPI1_TX) currently not set
2026-05-11 12:37:12,290 [INFO] ImportTextPane:218 - (OptionalMessage_ERROR) IP (DMA) : Parameter (Direction) has Id (SPI1_TX) currently not set
2026-05-11 12:37:12,290 [INFO] ImportTextPane:218 - (OptionalMessage_ERROR) IP (DMA) : Parameter (PeriphInc) has Id (SPI1_TX) currently not set
2026-05-11 12:37:12,290 [INFO] ImportTextPane:218 - (OptionalMessage_ERROR) IP (DMA) : Parameter (MemInc) has Id (SPI1_TX) currently not set
2026-05-11 12:37:12,291 [INFO] ImportTextPane:218 - (OptionalMessage_ERROR) IP (DMA) : Parameter (PeriphDataAlignment) has Id (SPI1_TX) currently not set
2026-05-11 12:37:12,291 [INFO] ImportTextPane:218 - (OptionalMessage_ERROR) IP (DMA) : Parameter (MemDataAlignment) has Id (SPI1_TX) currently not set
2026-05-11 12:37:12,291 [INFO] ImportTextPane:218 - (OptionalMessage_ERROR) IP (DMA) : Parameter (Mode) has Id (SPI1_TX) currently not set
2026-05-11 12:37:12,291 [INFO] ImportTextPane:218 - (OptionalMessage_ERROR) IP (DMA) : Parameter (Priority) has Id (SPI1_TX) currently not set
2026-05-11 12:37:12,291 [INFO] ImportTextPane:218 - (OptionalMessage_ERROR) IP (DMA) : Parameter (FIFOMode) has Id (SPI1_TX) currently not set
2026-05-11 12:37:12,291 [INFO] ImportTextPane:218 - (OptionalMessage_ERROR) IP (DMA) : Parameter (FIFOThreshold) has Id (SPI1_TX) currently not set
2026-05-11 12:37:12,291 [INFO] ImportTextPane:218 - (OptionalMessage_ERROR) IP (DMA) : Parameter (FIFOThreshold) has invalid value (null)
2026-05-11 12:37:12,291 [INFO] ImportTextPane:218 - (OptionalMessage_ERROR) IP (DMA) : Parameter (MemBurst) has Id (SPI1_TX) currently not set
2026-05-11 12:37:12,291 [INFO] ImportTextPane:218 - (OptionalMessage_ERROR) IP (DMA) : Parameter (MemBurst) has invalid value (null)
2026-05-11 12:37:12,291 [INFO] ImportTextPane:218 - (OptionalMessage_ERROR) IP (DMA) : Parameter (PeriphBurst) has Id (SPI1_TX) currently not set
2026-05-11 12:37:12,291 [INFO] ImportTextPane:218 - (OptionalMessage_ERROR) IP (DMA) : Parameter (PeriphBurst) has invalid value (null)
2026-05-11 12:37:12,291 [INFO] ImportTextPane:218 - (OptionalMessage_ERROR) IP (DMA) : Parameter (Instance) has Id (USART1_RX) currently not set
2026-05-11 12:37:12,291 [INFO] ImportTextPane:218 - (OptionalMessage_ERROR) IP (DMA) : Parameter (Channel) has Id (USART1_RX) currently not set
2026-05-11 12:37:12,291 [INFO] ImportTextPane:218 - (OptionalMessage_ERROR) IP (DMA) : Parameter (Direction) has Id (USART1_RX) currently not set
2026-05-11 12:37:12,291 [INFO] ImportTextPane:218 - (OptionalMessage_ERROR) IP (DMA) : Parameter (PeriphInc) has Id (USART1_RX) currently not set
2026-05-11 12:37:12,291 [INFO] ImportTextPane:218 - (OptionalMessage_ERROR) IP (DMA) : Parameter (MemInc) has Id (USART1_RX) currently not set
2026-05-11 12:37:12,291 [INFO] ImportTextPane:218 - (OptionalMessage_ERROR) IP (DMA) : Parameter (PeriphDataAlignment) has Id (USART1_RX) currently not set
2026-05-11 12:37:12,291 [INFO] ImportTextPane:218 - (OptionalMessage_ERROR) IP (DMA) : Parameter (MemDataAlignment) has Id (USART1_RX) currently not set
2026-05-11 12:37:12,291 [INFO] ImportTextPane:218 - (OptionalMessage_ERROR) IP (DMA) : Parameter (Mode) has Id (USART1_RX) currently not set
2026-05-11 12:37:12,291 [INFO] ImportTextPane:218 - (OptionalMessage_ERROR) IP (DMA) : Parameter (Priority) has Id (USART1_RX) currently not set
2026-05-11 12:37:12,291 [INFO] ImportTextPane:218 - (OptionalMessage_ERROR) IP (DMA) : Parameter (FIFOMode) has Id (USART1_RX) currently not set
2026-05-11 12:37:12,291 [INFO] ImportTextPane:218 - (OptionalMessage_ERROR) IP (DMA) : Parameter (Instance) has Id (USART1_TX) currently not set
2026-05-11 12:37:12,291 [INFO] ImportTextPane:218 - (OptionalMessage_ERROR) IP (DMA) : Parameter (Channel) has Id (USART1_TX) currently not set
2026-05-11 12:37:12,292 [INFO] ImportTextPane:218 - (OptionalMessage_ERROR) IP (DMA) : Parameter (Direction) has Id (USART1_TX) currently not set
2026-05-11 12:37:12,292 [INFO] ImportTextPane:218 - (OptionalMessage_ERROR) IP (DMA) : Parameter (PeriphInc) has Id (USART1_TX) currently not set
2026-05-11 12:37:12,292 [INFO] ImportTextPane:218 - (OptionalMessage_ERROR) IP (DMA) : Parameter (MemInc) has Id (USART1_TX) currently not set
2026-05-11 12:37:12,292 [INFO] ImportTextPane:218 - (OptionalMessage_ERROR) IP (DMA) : Parameter (PeriphDataAlignment) has Id (USART1_TX) currently not set
2026-05-11 12:37:12,292 [INFO] ImportTextPane:218 - (OptionalMessage_ERROR) IP (DMA) : Parameter (MemDataAlignment) has Id (USART1_TX) currently not set
2026-05-11 12:37:12,292 [INFO] ImportTextPane:218 - (OptionalMessage_ERROR) IP (DMA) : Parameter (Mode) has Id (USART1_TX) currently not set
2026-05-11 12:37:12,292 [INFO] ImportTextPane:218 - (OptionalMessage_ERROR) IP (DMA) : Parameter (Priority) has Id (USART1_TX) currently not set
2026-05-11 12:37:12,292 [INFO] ImportTextPane:218 - (OptionalMessage_ERROR) IP (DMA) : Parameter (FIFOMode) has Id (USART1_TX) currently not set
2026-05-11 12:37:12,296 [WARN] IP:2251 - tgfx_framebuffer_stride_value_custom not found: check if there is a RefParameter without a condition.
2026-05-11 12:37:12,298 [INFO] ImportTextPane:218 - (OptionalMessage_ERROR) IP (STMicroelectronics.X-CUBE-TOUCHGFX.4.26.0) : Parameter (ApplicationCcGraphicsJjApplication) has invalid value (TouchGFXOoGenerator)
2026-05-11 12:37:12,489 [INFO] UtilMem:75 - End LoadConfig() Used Memory: 900939480 Bytes (1073741824)
2026-05-11 12:37:12,518 [WARN] ThirdParty:833 - waiting for thirdparty lock release [change project]
2026-05-11 12:37:12,518 [INFO] ThirdParty:835 - entering critical section [change project]
2026-05-11 12:37:12,518 [INFO] ThirdParty:1030 - CMSIS Pack Vendor :STMicroelectronics X-CUBE-AZRTOS-H7 3.5.0
2026-05-11 12:37:12,518 [INFO] ThirdParty:1030 - CMSIS Pack Vendor :STMicroelectronics X-CUBE-PM33A1 1.0.0
2026-05-11 12:37:12,518 [INFO] ThirdParty:1030 - CMSIS Pack Vendor :STMicroelectronics USBPD 4.1
2026-05-11 12:37:12,518 [INFO] ThirdParty:1030 - CMSIS Pack Vendor :STMicroelectronics USB_HOST 2.0.0
2026-05-11 12:37:12,518 [INFO] ThirdParty:1030 - CMSIS Pack Vendor :STMicroelectronics FP-SNS-MOTENVWB1 1.4.0
2026-05-11 12:37:12,518 [INFO] ThirdParty:1030 - CMSIS Pack Vendor :STMicroelectronics X-CUBE-AZRTOS-F4 1.1.0
2026-05-11 12:37:12,518 [INFO] ThirdParty:1030 - CMSIS Pack Vendor :STMicroelectronics LIBJPEG 8.0.0
2026-05-11 12:37:12,518 [INFO] ThirdParty:1030 - CMSIS Pack Vendor :STMicroelectronics FP-ATR-ASTRA1 2.0.2
2026-05-11 12:37:12,518 [INFO] ThirdParty:1030 - CMSIS Pack Vendor :STMicroelectronics FP-ATR-ASTRA1 2.0.1
2026-05-11 12:37:12,518 [INFO] ThirdParty:1030 - CMSIS Pack Vendor :STMicroelectronics X-CUBE-SMBUS 2.1.0
2026-05-11 12:37:12,518 [INFO] ThirdParty:1030 - CMSIS Pack Vendor :STMicroelectronics X-CUBE-WB05N 1.1.0
2026-05-11 12:37:12,518 [INFO] ThirdParty:1030 - CMSIS Pack Vendor :STMicroelectronics X-CUBE-ISPU 2.1.0
2026-05-11 12:37:12,518 [INFO] ThirdParty:1030 - CMSIS Pack Vendor :STMicroelectronics eDS-WB_DPC_TT-BIDIR 2.1.1
2026-05-11 12:37:12,518 [INFO] ThirdParty:1030 - CMSIS Pack Vendor :STMicroelectronics X-CUBE-NFC12 1.0.0
2026-05-11 12:37:12,518 [INFO] ThirdParty:1030 - CMSIS Pack Vendor :STMicroelectronics X-CUBE-AZRTOS-F7 1.1.0
2026-05-11 12:37:12,518 [INFO] ThirdParty:1030 - CMSIS Pack Vendor :STMicroelectronics X-CUBE-AZRTOS-L5 2.0.0
2026-05-11 12:37:12,518 [INFO] ThirdParty:1030 - CMSIS Pack Vendor :STMicroelectronics USB_DEVICE 2.0.0
2026-05-11 12:37:12,518 [INFO] ThirdParty:1030 - CMSIS Pack Vendor :STMicroelectronics X-CUBE-NFC6 3.1.0
2026-05-11 12:37:12,518 [INFO] ThirdParty:1030 - CMSIS Pack Vendor :STMicroelectronics FreeRTOS 0.0.1
2026-05-11 12:37:12,519 [INFO] ThirdParty:1030 - CMSIS Pack Vendor :STMicroelectronics X-CUBE-DPower 1.2.0
2026-05-11 12:37:12,519 [INFO] ThirdParty:1030 - CMSIS Pack Vendor :STMicroelectronics eDS-WB_DPC_VIENNA 1.2.0
2026-05-11 12:37:12,519 [INFO] ThirdParty:1030 - CMSIS Pack Vendor :STMicroelectronics FP-SNS-FLIGHT1 5.0.2
2026-05-11 12:37:12,519 [INFO] ThirdParty:1030 - CMSIS Pack Vendor :STMicroelectronics eDS-WB_DPC_3PH2L-BIDIR 1.1.1
2026-05-11 12:37:12,519 [INFO] ThirdParty:1030 - CMSIS Pack Vendor :Infineon AIROC-Wi-Fi-Bluetooth-STM32 1.7.0
2026-05-11 12:37:12,519 [INFO] ThirdParty:1030 - CMSIS Pack Vendor :STMicroelectronics PDM2PCM 3.3.0
2026-05-11 12:37:12,519 [INFO] ThirdParty:1030 - CMSIS Pack Vendor :STMicroelectronics X-CUBE-DISPLAY 3.0.0
2026-05-11 12:37:12,519 [INFO] ThirdParty:1030 - CMSIS Pack Vendor :STMicroelectronics X-CUBE-GNSS1 7.1.1
2026-05-11 12:37:12,519 [INFO] ThirdParty:1030 - CMSIS Pack Vendor :STMicroelectronics X-CUBE-BLE1 7.0.0
2026-05-11 12:37:12,519 [INFO] ThirdParty:1030 - CMSIS Pack Vendor :STMicroelectronics X-CUBE-NFC10 1.0.0
2026-05-11 12:37:12,519 [INFO] ThirdParty:1030 - CMSIS Pack Vendor :STMicroelectronics X-CUBE-BLEMGR 4.0.0
2026-05-11 12:37:12,519 [INFO] ThirdParty:1030 - CMSIS Pack Vendor :STMicroelectronics HAL Drivers 0.0.0
2026-05-11 12:37:12,519 [INFO] ThirdParty:1030 - CMSIS Pack Vendor :STMicroelectronics X-CUBE-ST60 1.1.0
2026-05-11 12:37:12,519 [INFO] ThirdParty:1030 - CMSIS Pack Vendor :emotas I-CUBE-CANOPEN 1.3.0
2026-05-11 12:37:12,519 [INFO] ThirdParty:1030 - CMSIS Pack Vendor :STMicroelectronics X-CUBE-FREERTOS 1.3.0
2026-05-11 12:37:12,519 [INFO] ThirdParty:1030 - CMSIS Pack Vendor :STMicroelectronics X-CUBE-NFC7 1.0.1
2026-05-11 12:37:12,519 [INFO] ThirdParty:1030 - CMSIS Pack Vendor :STMicroelectronics MBEDTLS 2.14.1
2026-05-11 12:37:12,519 [INFO] ThirdParty:1030 - CMSIS Pack Vendor :STMicroelectronics X-CUBE-GNSS1 7.1.0
2026-05-11 12:37:12,519 [INFO] ThirdParty:1030 - CMSIS Pack Vendor :STMicroelectronics X-CUBE-TOUCHGFX 4.26.0
2026-05-11 12:37:12,519 [INFO] ThirdParty:1030 - CMSIS Pack Vendor :STMicroelectronics X-CUBE-TOUCHGFX 4.26.1
2026-05-11 12:37:12,519 [INFO] ThirdParty:1030 - CMSIS Pack Vendor :STMicroelectronics X-CUBE-AI 10.0.0
2026-05-11 12:37:12,519 [INFO] ThirdParty:1030 - CMSIS Pack Vendor :STMicroelectronics FP-SNS-STAIOTCFT 1.0.0
2026-05-11 12:37:12,519 [INFO] ThirdParty:1030 - CMSIS Pack Vendor :STMicroelectronics FP-SNS-SMARTAG2 1.2.0
2026-05-11 12:37:12,519 [INFO] ThirdParty:1030 - CMSIS Pack Vendor :STMicroelectronics FP-SNS-FLIGHT1 5.1.0
2026-05-11 12:37:12,519 [INFO] ThirdParty:1030 - CMSIS Pack Vendor :STMicroelectronics X-CUBE-MEMS1 11.1.0
2026-05-11 12:37:12,519 [INFO] ThirdParty:1030 - CMSIS Pack Vendor :STMicroelectronics X-CUBE-AZRTOS-WL 2.0.0
2026-05-11 12:37:12,519 [INFO] ThirdParty:1030 - CMSIS Pack Vendor :STMicroelectronics X-CUBE-DPower 1.3.0
2026-05-11 12:37:12,519 [INFO] ThirdParty:1030 - CMSIS Pack Vendor :STMicroelectronics FP-SNS-MOTENV1 5.0.0
2026-05-11 12:37:12,519 [INFO] ThirdParty:1030 - CMSIS Pack Vendor :STMicroelectronics USB_DEVICE 1.0.0
2026-05-11 12:37:12,519 [INFO] ThirdParty:1030 - CMSIS Pack Vendor :STMicroelectronics X-CUBE-AZRTOS-H7RS 1.2.0
2026-05-11 12:37:12,519 [INFO] ThirdParty:1030 - CMSIS Pack Vendor :wolfSSL I-CUBE-wolfMQTT 1.19.0
2026-05-11 12:37:12,519 [INFO] ThirdParty:1030 - CMSIS Pack Vendor :STMicroelectronics X-CUBE-AZRTOS-L4 2.0.0
2026-05-11 12:37:12,519 [INFO] ThirdParty:1030 - CMSIS Pack Vendor :STMicroelectronics ThreadX 0.0.2
2026-05-11 12:37:12,519 [INFO] ThirdParty:1030 - CMSIS Pack Vendor :WES I-CUBE-Cesium 1.3.0
2026-05-11 12:37:12,519 [INFO] ThirdParty:1030 - CMSIS Pack Vendor :STMicroelectronics lwIP 2.1.2
2026-05-11 12:37:12,519 [INFO] ThirdParty:1030 - CMSIS Pack Vendor :STMicroelectronics X-CUBE-SFXS2LP1 4.0.0
2026-05-11 12:37:12,519 [INFO] ThirdParty:1030 - CMSIS Pack Vendor :STMicroelectronics X-CUBE-BLE2 3.3.0
2026-05-11 12:37:12,519 [INFO] ThirdParty:1030 - CMSIS Pack Vendor :Avnet-IOTCONNECT X-CUBE-iotc-st67-sdk 1.0.0
2026-05-11 12:37:12,519 [INFO] ThirdParty:1030 - CMSIS Pack Vendor :STMicroelectronics PDM2PCM 3.2.0
2026-05-11 12:37:12,519 [INFO] ThirdParty:1030 - CMSIS Pack Vendor :STMicroelectronics X-CUBE-WB05N 2.1.0
2026-05-11 12:37:12,519 [INFO] ThirdParty:1030 - CMSIS Pack Vendor :STMicroelectronics X-CUBE-AZRTOS-H7 3.3.0
2026-05-11 12:37:12,519 [INFO] ThirdParty:1030 - CMSIS Pack Vendor :STMicroelectronics X-CUBE-NFC9 1.0.0
2026-05-11 12:37:12,519 [INFO] ThirdParty:1030 - CMSIS Pack Vendor :STMicroelectronics X-CUBE-BLE1 7.1.0
2026-05-11 12:37:12,519 [INFO] ThirdParty:1030 - CMSIS Pack Vendor :STMicroelectronics USB_DEVICE 3.0.0
2026-05-11 12:37:12,519 [INFO] ThirdParty:1030 - CMSIS Pack Vendor :STMicroelectronics X-CUBE-EEPRMA1 5.2.0
2026-05-11 12:37:12,519 [INFO] ThirdParty:1030 - CMSIS Pack Vendor :STMicroelectronics X-CUBE-BLEMGR 4.1.0
2026-05-11 12:37:12,519 [INFO] ThirdParty:1030 - CMSIS Pack Vendor :STMicroelectronics X-CUBE-IPS 3.0.0
2026-05-11 12:37:12,519 [INFO] ThirdParty:1030 - CMSIS Pack Vendor :STMicroelectronics X-CUBE-AZRTOS-WB 2.0.0
2026-05-11 12:37:12,519 [INFO] ThirdParty:1030 - CMSIS Pack Vendor :STMicroelectronics X-CUBE-GNSS1 7.0.1
2026-05-11 12:37:12,519 [INFO] ThirdParty:1030 - CMSIS Pack Vendor :STMicroelectronics FP-SNS-STBOX1 2.0.0
2026-05-11 12:37:12,519 [INFO] ThirdParty:1030 - CMSIS Pack Vendor :STMicroelectronics X-CUBE-MEMS1 12.0.0
2026-05-11 12:37:12,520 [INFO] ThirdParty:1030 - CMSIS Pack Vendor :STMicroelectronics X-CUBE-STSE01 2.0.0
2026-05-11 12:37:12,520 [INFO] ThirdParty:1030 - CMSIS Pack Vendor :STMicroelectronics X-CUBE-AZRTOS-G0 1.1.0
2026-05-11 12:37:12,520 [INFO] ThirdParty:1030 - CMSIS Pack Vendor :STMicroelectronics X-CUBE-SAFEA1 1.2.2
2026-05-11 12:37:12,520 [INFO] ThirdParty:1030 - CMSIS Pack Vendor :STMicroelectronics X-CUBE-NFC4 3.0.0
2026-05-11 12:37:12,520 [INFO] ThirdParty:1030 - CMSIS Pack Vendor :STMicroelectronics X-CUBE-SUBG2 5.0.0
2026-05-11 12:37:12,520 [INFO] ThirdParty:1030 - CMSIS Pack Vendor :STMicroelectronics STM32_WPAN 1.0.0
2026-05-11 12:37:12,520 [INFO] ThirdParty:1030 - CMSIS Pack Vendor :EmbeddedOffice I-CUBE-FS-RTOS 1.0.1
2026-05-11 12:37:12,520 [INFO] ThirdParty:1030 - CMSIS Pack Vendor :STMicroelectronics lwIP 2.0.3
2026-05-11 12:37:12,520 [INFO] ThirdParty:1030 - CMSIS Pack Vendor :Cesanta I-CUBE-Mongoose 7.13.0
2026-05-11 12:37:12,520 [INFO] ThirdParty:1030 - CMSIS Pack Vendor :STMicroelectronics USB_HOST 1.0.0
2026-05-11 12:37:12,520 [INFO] ThirdParty:1030 - CMSIS Pack Vendor :STMicroelectronics X-CUBE-AZRTOS-G4 2.0.0
2026-05-11 12:37:12,520 [INFO] ThirdParty:1030 - CMSIS Pack Vendor :STMicroelectronics PDM2PCM 3.1.0
2026-05-11 12:37:12,520 [INFO] ThirdParty:1030 - CMSIS Pack Vendor :STMicroelectronics X-CUBE-NFC7 2.0.0
2026-05-11 12:37:12,520 [INFO] ThirdParty:1030 - CMSIS Pack Vendor :STMicroelectronics X-CUBE-TCPP 4.2.0
2026-05-11 12:37:12,520 [INFO] ThirdParty:1030 - CMSIS Pack Vendor :RealThread X-CUBE-RT-Thread_Nano 4.1.1
2026-05-11 12:37:12,520 [INFO] ThirdParty:1030 - CMSIS Pack Vendor :STMicroelectronics FP-ATR-SIGFOX1 3.2.0
2026-05-11 12:37:12,520 [INFO] ThirdParty:1030 - CMSIS Pack Vendor :quantropi X-CUBE-qispace-sdk-base 1.9.3
2026-05-11 12:37:12,520 [INFO] ThirdParty:1030 - CMSIS Pack Vendor :STMicroelectronics X-CUBE-EEPRMA1 5.1.0
2026-05-11 12:37:12,520 [INFO] ThirdParty:1030 - CMSIS Pack Vendor :STMicroelectronics MBEDTLS 2.16.2
2026-05-11 12:37:12,520 [INFO] ThirdParty:1030 - CMSIS Pack Vendor :STMicroelectronics X-CUBE-IPS 3.1.0
2026-05-11 12:37:12,520 [INFO] ThirdParty:1030 - CMSIS Pack Vendor :STMicroelectronics X-CUBE-ALS 1.0.2
2026-05-11 12:37:12,520 [INFO] ThirdParty:1030 - CMSIS Pack Vendor :wolfSSL I-CUBE-wolfSSL 5.7.4
2026-05-11 12:37:12,520 [INFO] ThirdParty:1030 - CMSIS Pack Vendor :ITTIA_DB I-CUBE-ITTIADB 8.9.0
2026-05-11 12:37:12,520 [INFO] ThirdParty:1030 - CMSIS Pack Vendor :STMicroelectronics X-CUBE-TOUCHGFX 4.24.2
2026-05-11 12:37:12,520 [INFO] ThirdParty:1030 - CMSIS Pack Vendor :STMicroelectronics X-CUBE-TOUCHGFX 4.24.1
2026-05-11 12:37:12,520 [INFO] ThirdParty:1030 - CMSIS Pack Vendor :wolfSSL I-CUBE-wolfTPM 3.4.0
2026-05-11 12:37:12,520 [INFO] ThirdParty:1030 - CMSIS Pack Vendor :portGmbH I-Cube-SoM-uGOAL 1.1.0
2026-05-11 12:37:12,520 [INFO] ThirdParty:1030 - CMSIS Pack Vendor :STMicroelectronics X-CUBE-NFC6 3.2.0
2026-05-11 12:37:12,520 [INFO] ThirdParty:1030 - CMSIS Pack Vendor :STMicroelectronics X-CUBE-AI 10.2.0
2026-05-11 12:37:12,520 [INFO] ThirdParty:1030 - CMSIS Pack Vendor :STMicroelectronics ThreadX 1.0.0
2026-05-11 12:37:12,520 [INFO] ThirdParty:1030 - CMSIS Pack Vendor :STMicroelectronics X-CUBE-MEMS1 12.1.0
2026-05-11 12:37:12,520 [INFO] ThirdParty:1030 - CMSIS Pack Vendor :SEGGER I-CUBE-embOS 1.3.1
2026-05-11 12:37:12,520 [INFO] ThirdParty:1030 - CMSIS Pack Vendor :STMicroelectronics X-CUBE-ALGOBUILD 1.4.0
2026-05-11 12:37:12,520 [INFO] ThirdParty:1030 - CMSIS Pack Vendor :STMicroelectronics X-CUBE-AZRTOS-H7RS 1.0.0
2026-05-11 12:37:12,520 [INFO] ThirdParty:1030 - CMSIS Pack Vendor :STMicroelectronics X-CUBE-TOF1 3.4.2
2026-05-11 12:37:12,520 [INFO] ThirdParty:1030 - CMSIS Pack Vendor :STMicroelectronics X-CUBE-TOF1 3.4.3
2026-05-11 12:37:12,520 [INFO] ThirdParty:1030 - CMSIS Pack Vendor :STMicroelectronics X-CUBE-AI 9.1.0
2026-05-11 12:37:12,520 [INFO] ThirdParty:1030 - CMSIS Pack Vendor :wolfSSL I-CUBE-wolfSSH 1.4.17
2026-05-11 12:37:12,520 [INFO] ThirdParty:841 - exiting critical section [change project]
2026-05-11 12:37:12,633 [INFO] PinOutPanel:1589 - setPackage(No Configuration,No Configuration)
2026-05-11 12:37:12,634 [INFO] PinOutPanel:1589 - setPackage(STM32F411CEUx,UFQFPN48)
2026-05-11 12:37:12,803 [INFO] UtilMem:75 - Before build in PCC Used Memory: 822065704 Bytes (1073741824)
2026-05-11 12:37:13,097 [INFO] UtilMem:75 - After build in PCC Used Memory: 865583656 Bytes (1073741824)
2026-05-11 12:37:13,118 [INFO] IPUIPlugin:80 - create IPUIPlugin
2026-05-11 12:37:13,120 [INFO] IPUIPlugin:80 - create IPUIPlugin
2026-05-11 12:37:13,120 [INFO] IPUIPlugin:80 - create IPUIPlugin
2026-05-11 12:37:13,120 [INFO] IPUIPlugin:80 - create IPUIPlugin
2026-05-11 12:37:13,120 [INFO] IPUIPlugin:80 - create IPUIPlugin
2026-05-11 12:37:13,120 [INFO] IPUIPlugin:80 - create IPUIPlugin
2026-05-11 12:37:13,121 [INFO] IPUIPlugin:80 - create IPUIPlugin
2026-05-11 12:37:13,121 [INFO] IPUIPlugin:80 - create IPUIPlugin
2026-05-11 12:37:13,121 [INFO] IPUIPlugin:80 - create IPUIPlugin
2026-05-11 12:37:13,121 [INFO] IPUIPlugin:80 - create IPUIPlugin
2026-05-11 12:37:13,121 [INFO] IPUIPlugin:80 - create IPUIPlugin
2026-05-11 12:37:13,121 [INFO] IPUIPlugin:80 - create IPUIPlugin
2026-05-11 12:37:13,121 [INFO] IPUIPlugin:80 - create IPUIPlugin
2026-05-11 12:37:13,121 [INFO] IPUIPlugin:80 - create IPUIPlugin
2026-05-11 12:37:13,122 [INFO] IPUIPlugin:80 - create IPUIPlugin
2026-05-11 12:37:13,122 [INFO] IPUIPlugin:80 - create IPUIPlugin
2026-05-11 12:37:13,122 [INFO] IPUIPlugin:80 - create IPUIPlugin
2026-05-11 12:37:13,122 [INFO] IPUIPlugin:80 - create IPUIPlugin
2026-05-11 12:37:13,122 [INFO] IPUIPlugin:80 - create IPUIPlugin
2026-05-11 12:37:13,124 [INFO] IPUIPlugin:80 - create IPUIPlugin
2026-05-11 12:37:13,124 [INFO] IPUIPlugin:80 - create IPUIPlugin
2026-05-11 12:37:13,124 [INFO] IPUIPlugin:80 - create IPUIPlugin
2026-05-11 12:37:13,124 [INFO] IPUIPlugin:80 - create IPUIPlugin
2026-05-11 12:37:13,124 [INFO] IPUIPlugin:80 - create IPUIPlugin
2026-05-11 12:37:13,125 [INFO] IPUIPlugin:80 - create IPUIPlugin
2026-05-11 12:37:13,125 [INFO] IPUIPlugin:80 - create IPUIPlugin
2026-05-11 12:37:13,125 [INFO] IPUIPlugin:80 - create IPUIPlugin
2026-05-11 12:37:13,125 [INFO] IPUIPlugin:80 - create IPUIPlugin
2026-05-11 12:37:13,125 [INFO] IPUIPlugin:80 - create IPUIPlugin
2026-05-11 12:37:13,125 [INFO] IPUIPlugin:80 - create IPUIPlugin
2026-05-11 12:37:13,125 [INFO] IPUIPlugin:80 - create IPUIPlugin
2026-05-11 12:37:13,126 [INFO] IPUIPlugin:80 - create IPUIPlugin
2026-05-11 12:37:13,126 [INFO] IPUIPlugin:80 - create IPUIPlugin
2026-05-11 12:37:13,126 [INFO] IPUIPlugin:80 - create IPUIPlugin
2026-05-11 12:37:13,126 [INFO] IPUIPlugin:80 - create IPUIPlugin
2026-05-11 12:37:13,126 [INFO] IPUIPlugin:80 - create IPUIPlugin
2026-05-11 12:37:13,126 [INFO] IPUIPlugin:80 - create IPUIPlugin
2026-05-11 12:37:13,126 [INFO] IPUIPlugin:80 - create IPUIPlugin
2026-05-11 12:37:13,128 [INFO] IPUIPlugin:80 - create IPUIPlugin
2026-05-11 12:37:13,128 [INFO] IPUIPlugin:80 - create IPUIPlugin
2026-05-11 12:37:13,128 [INFO] IPUIPlugin:80 - create IPUIPlugin
2026-05-11 12:37:13,128 [INFO] IPUIPlugin:80 - create IPUIPlugin
2026-05-11 12:37:13,128 [INFO] IPUIPlugin:80 - create IPUIPlugin
2026-05-11 12:37:13,129 [INFO] IPUIPlugin:80 - create IPUIPlugin
2026-05-11 12:37:13,132 [INFO] ApiDbMcu:508 - Load IP Config File for PDM2PCM
2026-05-11 12:37:13,195 [WARN] FreeRTOS:1023 - Null or empty value: should not occur! (nothing added to the table)
2026-05-11 12:37:13,256 [INFO] CADModel:165 - CPN selected for project levelSTM32F411CEU6
2026-05-11 12:37:13,256 [INFO] CADModel:114 - Register for checkConnection events
2026-05-11 12:37:13,260 [INFO] RtosManager:697 - Active RTOS found at IOC load: FREERTOS [Cortex-M4NS]
2026-05-11 12:37:13,312 [INFO] OpenFileManager:363 - Restore cursor
2026-05-11 12:37:13,481 [WARN] IP:2251 - tgfx_framebuffer_stride_value_custom not found: check if there is a RefParameter without a condition.
2026-05-11 12:37:13,484 [WARN] IP:2251 - tgfx_framebuffer_stride_value_custom not found: check if there is a RefParameter without a condition.
2026-05-11 12:46:12,885 [INFO] Gpio:277 - dependency for GPIO [SPI1, SPI2, USART1]
2026-05-11 12:46:29,810 [INFO] DmaTabbedPanel:205 - Cannot restore the selected Tab for DMA
2026-05-11 12:46:34,179 [INFO] Gpio:277 - dependency for GPIO [SPI1, SPI2, USART1]
2026-05-11 12:46:40,736 [INFO] Gpio:277 - dependency for GPIO [SPI1, SPI2, USART1]
2026-05-11 12:46:42,162 [INFO] NvicIntPanel:101 - NVIC parent = com.st.microxplorer.plugins.ip.nvic.MultiNvicIntPanel[,2,27,453x482,layout=javax.swing.BoxLayout,alignmentX=0.0,alignmentY=0.0,border=,flags=9,maximumSize=,minimumSize=,preferredSize=]
2026-05-11 12:47:04,253 [INFO] Gpio:277 - dependency for GPIO [SPI1, SPI2, USART1]
2026-05-11 13:12:00,723 [INFO] MainUpdater:2872 - connection check result : 10
2026-05-11 13:12:00,723 [INFO] MainUpdater:2872 - connection check result : 10
2026-05-11 13:12:00,746 [INFO] MicroXplorer:468 - Change Database Path : 
2026-05-11 13:12:00,746 [INFO] MicroXplorer:498 - Change Database Version : DB.6.0.130
2026-05-11 13:12:00,814 [ERROR] ProjectManagerView:394 - 
java.lang.NullPointerException: Cannot invoke "javax.swing.JTextField.getText()" because the return value of "java.util.List.get(int)" is null
	at com.st.microxplorer.plugins.projectmanager.gui.ProjectChoiceTab$9.caretUpdate(ProjectChoiceTab.java:2616) ~[filemanager.jar:?]
	at javax.swing.text.JTextComponent.fireCaretUpdate(JTextComponent.java:408) ~[?:?]
	at javax.swing.text.JTextComponent$MutableCaretEvent.fire(JTextComponent.java:4484) ~[?:?]
	at javax.swing.text.JTextComponent$MutableCaretEvent.stateChanged(JTextComponent.java:4506) ~[?:?]
	at javax.swing.text.DefaultCaret.fireStateChanged(DefaultCaret.java:857) ~[?:?]
	at javax.swing.text.DefaultCaret.changeCaretPosition(DefaultCaret.java:1343) ~[?:?]
	at javax.swing.text.DefaultCaret.handleSetDot(DefaultCaret.java:1242) ~[?:?]
	at javax.swing.text.DefaultCaret.setDot(DefaultCaret.java:1223) ~[?:?]
	at javax.swing.text.DefaultCaret$Handler.insertUpdate(DefaultCaret.java:1819) ~[?:?]
	at javax.swing.text.AbstractDocument.fireInsertUpdate(AbstractDocument.java:227) ~[?:?]
	at javax.swing.text.AbstractDocument.handleInsertString(AbstractDocument.java:781) ~[?:?]
	at javax.swing.text.AbstractDocument.insertString(AbstractDocument.java:740) ~[?:?]
	at javax.swing.text.PlainDocument.insertString(PlainDocument.java:131) ~[?:?]
	at javax.swing.text.AbstractDocument.replace(AbstractDocument.java:699) ~[?:?]
	at javax.swing.text.JTextComponent.setText(JTextComponent.java:1725) ~[?:?]
	at com.st.microxplorer.plugins.projectmanager.gui.ProjectChoiceTab.createHeapStackFields(ProjectChoiceTab.java:975) ~[filemanager.jar:?]
	at com.st.microxplorer.plugins.projectmanager.gui.ProjectChoiceTab.buildLinkSettingsPanel(ProjectChoiceTab.java:3666) ~[filemanager.jar:?]
	at com.st.microxplorer.plugins.projectmanager.gui.ProjectChoiceTab.defineWindowsFields(ProjectChoiceTab.java:1934) ~[filemanager.jar:?]
	at com.st.microxplorer.plugins.projectmanager.gui.ProjectChoiceTab.updateSettings(ProjectChoiceTab.java:553) ~[filemanager.jar:?]
	at com.st.microxplorer.plugins.projectmanager.gui.ProjectSettingsPanel.UpdateDialog(ProjectSettingsPanel.java:245) ~[filemanager.jar:?]
	at com.st.microxplorer.plugins.projectmanager.ProjectManagerView.propertyChange(ProjectManagerView.java:391) ~[filemanager.jar:?]
	at java.beans.PropertyChangeSupport.fire(PropertyChangeSupport.java:343) ~[?:?]
	at java.beans.PropertyChangeSupport.firePropertyChange(PropertyChangeSupport.java:335) ~[?:?]
	at java.beans.PropertyChangeSupport.firePropertyChange(PropertyChangeSupport.java:268) ~[?:?]
	at com.st.microxplorer.util.MXPropertyChangeSupport.firePropertyChange(MXPropertyChangeSupport.java:54) ~[STM32CubeMX.jar:?]
	at com.st.microxplorer.mxsystem.MxSystem.closeConfig(MxSystem.java:899) ~[STM32CubeMX.jar:?]
	at com.st.microxplorer.maingui.MainPanel.closeConfig(MainPanel.java:789) ~[STM32CubeMX.jar:?]
	at com.st.microxplorer.plugins.filemanager.engine.OpenFileManager.loadConfigurationFile(OpenFileManager.java:265) ~[filemanager.jar:?]
	at com.st.microxplorer.plugins.filemanager.engine.MainFileManager.userLoadConfig(MainFileManager.java:340) ~[filemanager.jar:?]
	at com.st.microxplorer.plugins.filemanager.engine.MainFileManager.userLoadConfig(MainFileManager.java:318) ~[filemanager.jar:?]
	at com.st.microxplorer.plugins.filemanager.FileManagerView.getSpecificTask(FileManagerView.java:246) ~[filemanager.jar:?]
	at com.st.stm32cube.common.mx.editor.CubeMxEditor.getMxTabbedPaneInstance(CubeMxEditor.java:1198) ~[com.st.stm32cube.common.mx_6.13.0.202411220809/:?]
	at com.st.stm32cube.common.mx.editor.CubeMxEditor$12$1.createSwingComponent(CubeMxEditor.java:1068) ~[com.st.stm32cube.common.mx_6.13.0.202411220809/:?]
	at com.st.stm32cube.common.mx.oss.core.awtswtbridge.EmbeddedSwingComposite.doComponentCreation(EmbeddedSwingComposite.java:492) ~[com.st.stm32cube.common.mx.oss_6.13.0.202411220809/:?]
	at com.st.stm32cube.common.mx.oss.core.awtswtbridge.EmbeddedSwingComposite$4.run(EmbeddedSwingComposite.java:291) ~[com.st.stm32cube.common.mx.oss_6.13.0.202411220809/:?]
	at com.st.stm32cube.common.mx.oss.core.awtswtbridge.AwtEnvironment$2.run(AwtEnvironment.java:166) ~[com.st.stm32cube.common.mx.oss_6.13.0.202411220809/:?]
	at java.awt.event.InvocationEvent.dispatch(InvocationEvent.java:318) ~[?:?]
	at java.awt.EventQueue.dispatchEventImpl(EventQueue.java:773) ~[?:?]
	at java.awt.EventQueue$4.run(EventQueue.java:720) ~[?:?]
	at java.awt.EventQueue$4.run(EventQueue.java:714) ~[?:?]
	at java.security.AccessController.doPrivileged(AccessController.java:400) ~[?:?]
	at java.security.ProtectionDomain$JavaSecurityAccessImpl.doIntersectionPrivilege(ProtectionDomain.java:87) ~[?:?]
	at java.awt.EventQueue.dispatchEvent(EventQueue.java:742) ~[?:?]
	at java.awt.EventDispatchThread.pumpOneEventForFilters(EventDispatchThread.java:203) ~[?:?]
	at java.awt.EventDispatchThread.pumpEventsForFilter(EventDispatchThread.java:124) ~[?:?]
	at java.awt.EventDispatchThread.pumpEventsForHierarchy(EventDispatchThread.java:113) ~[?:?]
	at java.awt.EventDispatchThread.pumpEvents(EventDispatchThread.java:109) ~[?:?]
	at java.awt.EventDispatchThread.pumpEvents(EventDispatchThread.java:101) ~[?:?]
	at java.awt.EventDispatchThread.run(EventDispatchThread.java:90) ~[?:?]
2026-05-11 13:12:00,817 [WARN] ThirdParty:871 - waiting for thirdparty lock release [close project]
2026-05-11 13:12:00,817 [INFO] ThirdParty:873 - entering critical section [close project]
2026-05-11 13:12:00,818 [INFO] ThirdParty:883 - exiting critical section [close project]
2026-05-11 13:12:00,821 [INFO] PinOutPanel:1589 - setPackage(No Configuration,No Configuration)
2026-05-11 13:12:00,852 [WARN] IpParametersView:154 - Warning: This peripheral hasn't parameters
2026-05-11 13:12:00,869 [WARN] MainPanel:289 - <html><b><center>Warning: This peripheral has no parameters to be configured<br></b></html>
2026-05-11 13:12:00,870 [ERROR] MainPanel:599 - java.lang.IndexOutOfBoundsException: Index: 0, Tab count: 0
2026-05-11 13:12:00,881 [INFO] UtilMem:75 - Begin LoadConfig() Used Memory: 862389584 Bytes (1073741824)
2026-05-11 13:12:00,910 [INFO] MicroXplorer:468 - Change Database Path : C:/Users/Pache/.stm32cubemx/databases/DB.6.0.110/db/
2026-05-11 13:12:00,910 [INFO] MicroXplorer:498 - Change Database Version : DB.6.0.110
2026-05-11 13:12:04,035 [INFO] OpenFileManager:332 - Change cursor
2026-05-11 13:12:04,089 [INFO] Mcu:2035 - Initializing MCU STM32F411C(C-E)Ux STM32F411CEUx STM32F411CEU6
2026-05-11 13:12:05,219 [INFO] Context:748 - Trying to add GPIOservice into a context  which must be forbidden
2026-05-11 13:12:05,739 [INFO] RtosManager:555 - Registered RTOS mode: class=CMSIS, group=RTOS, mode=CMSIS_V1, owner=FREERTOS
2026-05-11 13:12:05,740 [INFO] RtosManager:555 - Registered RTOS mode: class=CMSIS, group=RTOS2, mode=CMSIS_V2, owner=FREERTOS
2026-05-11 13:12:05,740 [INFO] RtosManager:555 - Registered RTOS mode: class=RTOS, group=Core, mode=CMSIS_V1, owner=FREERTOS
2026-05-11 13:12:05,740 [INFO] RtosManager:555 - Registered RTOS mode: class=RTOS, group=Core, mode=CMSIS_V2, owner=FREERTOS
2026-05-11 13:12:05,740 [WARN] ModelIntegratedComponent:184 - Missing modes for component STMicroelectronics:FreeRTOS:0.0.1:STMicroelectronics:RTOS:FreeRTOS:Core:::10.2.0:
2026-05-11 13:12:05,756 [WARN] ModelIntegratedComponent:63 - No mode defined for component null
2026-05-11 13:12:05,756 [WARN] ModelIntegratedComponent:63 - No mode defined for component null
2026-05-11 13:12:05,756 [WARN] ModelIntegratedComponent:63 - No mode defined for component null
2026-05-11 13:12:05,756 [WARN] ModelIntegratedComponent:63 - No mode defined for component null
2026-05-11 13:12:05,756 [WARN] ModelIntegratedComponent:63 - No mode defined for component null
2026-05-11 13:12:05,757 [WARN] ModelIntegratedComponent:63 - No mode defined for component null
2026-05-11 13:12:05,757 [WARN] ModelIntegratedComponent:63 - No mode defined for component null
2026-05-11 13:12:05,757 [WARN] ModelIntegratedComponent:63 - No mode defined for component null
2026-05-11 13:12:05,757 [WARN] ModelIntegratedComponent:63 - No mode defined for component null
2026-05-11 13:12:05,757 [WARN] ModelIntegratedComponent:63 - No mode defined for component null
2026-05-11 13:12:05,757 [WARN] ModelIntegratedComponent:63 - No mode defined for component null
2026-05-11 13:12:05,757 [WARN] ModelIntegratedComponent:63 - No mode defined for component null
2026-05-11 13:12:05,757 [WARN] ModelIntegratedComponent:63 - No mode defined for component null
2026-05-11 13:12:05,757 [WARN] ModelIntegratedComponent:63 - No mode defined for component null
2026-05-11 13:12:05,757 [WARN] ModelIntegratedComponent:63 - No mode defined for component null
2026-05-11 13:12:05,758 [WARN] ModelIntegratedComponent:63 - No mode defined for component null
2026-05-11 13:12:05,758 [WARN] ModelIntegratedComponent:63 - No mode defined for component null
2026-05-11 13:12:05,758 [WARN] ModelIntegratedComponent:63 - No mode defined for component null
2026-05-11 13:12:05,758 [WARN] ModelIntegratedComponent:63 - No mode defined for component null
2026-05-11 13:12:05,758 [WARN] ModelIntegratedComponent:63 - No mode defined for component null
2026-05-11 13:12:05,758 [WARN] ModelIntegratedComponent:63 - No mode defined for component null
2026-05-11 13:12:05,758 [WARN] ModelIntegratedComponent:63 - No mode defined for component null
2026-05-11 13:12:05,758 [WARN] ModelIntegratedComponent:63 - No mode defined for component null
2026-05-11 13:12:05,758 [WARN] ModelIntegratedComponent:63 - No mode defined for component null
2026-05-11 13:12:05,758 [WARN] ModelIntegratedComponent:63 - No mode defined for component null
2026-05-11 13:12:05,759 [WARN] ModelIntegratedComponent:63 - No mode defined for component null
2026-05-11 13:12:05,759 [WARN] ModelIntegratedComponent:63 - No mode defined for component null
2026-05-11 13:12:05,759 [WARN] ModelIntegratedComponent:63 - No mode defined for component null
2026-05-11 13:12:05,759 [WARN] ModelIntegratedComponent:63 - No mode defined for component null
2026-05-11 13:12:05,759 [WARN] ModelIntegratedComponent:63 - No mode defined for component null
2026-05-11 13:12:05,759 [WARN] ModelIntegratedComponent:63 - No mode defined for component null
2026-05-11 13:12:05,759 [WARN] ModelIntegratedComponent:63 - No mode defined for component null
2026-05-11 13:12:05,759 [WARN] ModelIntegratedComponent:63 - No mode defined for component null
2026-05-11 13:12:05,759 [WARN] ModelIntegratedComponent:63 - No mode defined for component null
2026-05-11 13:12:05,759 [WARN] ModelIntegratedComponent:63 - No mode defined for component null
2026-05-11 13:12:05,759 [WARN] ModelPack:524 - Component already loaded: STMicroelectronics:HAL Drivers:0.0.0:STMicroelectronics:Device:STMicro_Driver:XSPI:HAL::0.0.1:HAL_XSPI
2026-05-11 13:12:05,848 [WARN] ModelIntegratedComponent:182 - Modes not found for component STMicroelectronics:USB_DEVICE:1.0.0:STMicroelectronics:USB::USB Device:Audio HS::1.0:USB_DEVICE_1_0_RESTRICTED_HS
2026-05-11 13:12:05,848 [WARN] ModelIntegratedComponent:188 - Modes not found for component STMicroelectronics:USB_DEVICE:1.0.0:STMicroelectronics:USB::USB Device:Audio HS::1.0:USB_DEVICE_1_0_RESTRICTED_HS
2026-05-11 13:12:05,850 [WARN] ModelIntegratedComponent:182 - Modes not found for component STMicroelectronics:USB_DEVICE:1.0.0:STMicroelectronics:USB::USB Device:CDC HS::1.0:USB_DEVICE_1_0_RESTRICTED_HS
2026-05-11 13:12:05,850 [WARN] ModelIntegratedComponent:188 - Modes not found for component STMicroelectronics:USB_DEVICE:1.0.0:STMicroelectronics:USB::USB Device:CDC HS::1.0:USB_DEVICE_1_0_RESTRICTED_HS
2026-05-11 13:12:05,850 [WARN] ModelIntegratedComponent:182 - Modes not found for component STMicroelectronics:USB_DEVICE:1.0.0:STMicroelectronics:USB::USB Device:DFU HS::1.0:USB_DEVICE_1_0_RESTRICTED_HS
2026-05-11 13:12:05,850 [WARN] ModelIntegratedComponent:188 - Modes not found for component STMicroelectronics:USB_DEVICE:1.0.0:STMicroelectronics:USB::USB Device:DFU HS::1.0:USB_DEVICE_1_0_RESTRICTED_HS
2026-05-11 13:12:05,850 [WARN] ModelIntegratedComponent:182 - Modes not found for component STMicroelectronics:USB_DEVICE:1.0.0:STMicroelectronics:USB::USB Device:HID HS::1.0:USB_DEVICE_1_0_RESTRICTED_HS
2026-05-11 13:12:05,850 [WARN] ModelIntegratedComponent:188 - Modes not found for component STMicroelectronics:USB_DEVICE:1.0.0:STMicroelectronics:USB::USB Device:HID HS::1.0:USB_DEVICE_1_0_RESTRICTED_HS
2026-05-11 13:12:05,850 [WARN] ModelIntegratedComponent:182 - Modes not found for component STMicroelectronics:USB_DEVICE:1.0.0:STMicroelectronics:USB::USB Device:Custom HID HS::1.0:USB_DEVICE_1_0_RESTRICTED_HS
2026-05-11 13:12:05,850 [WARN] ModelIntegratedComponent:188 - Modes not found for component STMicroelectronics:USB_DEVICE:1.0.0:STMicroelectronics:USB::USB Device:Custom HID HS::1.0:USB_DEVICE_1_0_RESTRICTED_HS
2026-05-11 13:12:05,850 [WARN] ModelIntegratedComponent:182 - Modes not found for component STMicroelectronics:USB_DEVICE:1.0.0:STMicroelectronics:USB::USB Device:MSC HS::1.0:USB_DEVICE_1_0_RESTRICTED_HS
2026-05-11 13:12:05,851 [WARN] ModelIntegratedComponent:188 - Modes not found for component STMicroelectronics:USB_DEVICE:1.0.0:STMicroelectronics:USB::USB Device:MSC HS::1.0:USB_DEVICE_1_0_RESTRICTED_HS
2026-05-11 13:12:05,912 [WARN] ModelIntegratedComponent:182 - Modes not found for component STMicroelectronics:USB_HOST:1.0.0:STMicroelectronics:USB::USB Host:Audio HS::1.0:USB_HOST_1_0_RESTRICTED_HS
2026-05-11 13:12:05,913 [WARN] ModelIntegratedComponent:188 - Modes not found for component STMicroelectronics:USB_HOST:1.0.0:STMicroelectronics:USB::USB Host:Audio HS::1.0:USB_HOST_1_0_RESTRICTED_HS
2026-05-11 13:12:05,913 [WARN] ModelIntegratedComponent:182 - Modes not found for component STMicroelectronics:USB_HOST:1.0.0:STMicroelectronics:USB::USB Host:CDC HS::1.0:USB_HOST_1_0_RESTRICTED_HS
2026-05-11 13:12:05,913 [WARN] ModelIntegratedComponent:188 - Modes not found for component STMicroelectronics:USB_HOST:1.0.0:STMicroelectronics:USB::USB Host:CDC HS::1.0:USB_HOST_1_0_RESTRICTED_HS
2026-05-11 13:12:05,913 [WARN] ModelIntegratedComponent:182 - Modes not found for component STMicroelectronics:USB_HOST:1.0.0:STMicroelectronics:USB::USB Host:MSC HS::1.0:USB_HOST_1_0_RESTRICTED_HS
2026-05-11 13:12:05,913 [WARN] ModelIntegratedComponent:188 - Modes not found for component STMicroelectronics:USB_HOST:1.0.0:STMicroelectronics:USB::USB Host:MSC HS::1.0:USB_HOST_1_0_RESTRICTED_HS
2026-05-11 13:12:05,913 [WARN] ModelIntegratedComponent:182 - Modes not found for component STMicroelectronics:USB_HOST:1.0.0:STMicroelectronics:USB::USB Host:HID HS::1.0:USB_HOST_1_0_RESTRICTED_HS
2026-05-11 13:12:05,913 [WARN] ModelIntegratedComponent:188 - Modes not found for component STMicroelectronics:USB_HOST:1.0.0:STMicroelectronics:USB::USB Host:HID HS::1.0:USB_HOST_1_0_RESTRICTED_HS
2026-05-11 13:12:05,914 [WARN] ModelIntegratedComponent:182 - Modes not found for component STMicroelectronics:USB_HOST:1.0.0:STMicroelectronics:USB::USB Host:MTP HS::1.0:USB_HOST_1_0_RESTRICTED_HS
2026-05-11 13:12:05,914 [WARN] ModelIntegratedComponent:188 - Modes not found for component STMicroelectronics:USB_HOST:1.0.0:STMicroelectronics:USB::USB Host:MTP HS::1.0:USB_HOST_1_0_RESTRICTED_HS
2026-05-11 13:12:05,990 [INFO] ThirdPartyModel:298 - Start build external matchings
2026-05-11 13:12:07,005 [INFO] ThirdPartyModel:316 - End build external matchings
2026-05-11 13:12:07,031 [INFO] RtosManager:922 - Current active RTOS is FREERTOS [Cortex-M4NS]
2026-05-11 13:12:07,034 [INFO] ImportTextPane:218 - (OptionalMessage_ERROR) IP (DMA) : Parameter (Instance) has Id (USART1_RX) currently not set
2026-05-11 13:12:07,034 [INFO] ImportTextPane:218 - (OptionalMessage_ERROR) IP (DMA) : Parameter (Channel) has Id (USART1_RX) currently not set
2026-05-11 13:12:07,034 [INFO] ImportTextPane:218 - (OptionalMessage_ERROR) IP (DMA) : Parameter (Direction) has Id (USART1_RX) currently not set
2026-05-11 13:12:07,034 [INFO] ImportTextPane:218 - (OptionalMessage_ERROR) IP (DMA) : Parameter (PeriphInc) has Id (USART1_RX) currently not set
2026-05-11 13:12:07,034 [INFO] ImportTextPane:218 - (OptionalMessage_ERROR) IP (DMA) : Parameter (MemInc) has Id (USART1_RX) currently not set
2026-05-11 13:12:07,035 [INFO] ImportTextPane:218 - (OptionalMessage_ERROR) IP (DMA) : Parameter (PeriphDataAlignment) has Id (USART1_RX) currently not set
2026-05-11 13:12:07,035 [INFO] ImportTextPane:218 - (OptionalMessage_ERROR) IP (DMA) : Parameter (MemDataAlignment) has Id (USART1_RX) currently not set
2026-05-11 13:12:07,035 [INFO] ImportTextPane:218 - (OptionalMessage_ERROR) IP (DMA) : Parameter (Mode) has Id (USART1_RX) currently not set
2026-05-11 13:12:07,035 [INFO] ImportTextPane:218 - (OptionalMessage_ERROR) IP (DMA) : Parameter (Priority) has Id (USART1_RX) currently not set
2026-05-11 13:12:07,035 [INFO] ImportTextPane:218 - (OptionalMessage_ERROR) IP (DMA) : Parameter (FIFOMode) has Id (USART1_RX) currently not set
2026-05-11 13:12:07,035 [INFO] ImportTextPane:218 - (OptionalMessage_ERROR) IP (DMA) : Parameter (Instance) has Id (USART1_TX) currently not set
2026-05-11 13:12:07,035 [INFO] ImportTextPane:218 - (OptionalMessage_ERROR) IP (DMA) : Parameter (Channel) has Id (USART1_TX) currently not set
2026-05-11 13:12:07,036 [INFO] ImportTextPane:218 - (OptionalMessage_ERROR) IP (DMA) : Parameter (Direction) has Id (USART1_TX) currently not set
2026-05-11 13:12:07,036 [INFO] ImportTextPane:218 - (OptionalMessage_ERROR) IP (DMA) : Parameter (PeriphInc) has Id (USART1_TX) currently not set
2026-05-11 13:12:07,036 [INFO] ImportTextPane:218 - (OptionalMessage_ERROR) IP (DMA) : Parameter (MemInc) has Id (USART1_TX) currently not set
2026-05-11 13:12:07,036 [INFO] ImportTextPane:218 - (OptionalMessage_ERROR) IP (DMA) : Parameter (PeriphDataAlignment) has Id (USART1_TX) currently not set
2026-05-11 13:12:07,036 [INFO] ImportTextPane:218 - (OptionalMessage_ERROR) IP (DMA) : Parameter (MemDataAlignment) has Id (USART1_TX) currently not set
2026-05-11 13:12:07,037 [INFO] ImportTextPane:218 - (OptionalMessage_ERROR) IP (DMA) : Parameter (Mode) has Id (USART1_TX) currently not set
2026-05-11 13:12:07,037 [INFO] ImportTextPane:218 - (OptionalMessage_ERROR) IP (DMA) : Parameter (Priority) has Id (USART1_TX) currently not set
2026-05-11 13:12:07,037 [INFO] ImportTextPane:218 - (OptionalMessage_ERROR) IP (DMA) : Parameter (FIFOMode) has Id (USART1_TX) currently not set
2026-05-11 13:12:07,044 [INFO] ImportTextPane:218 - (OptionalMessage_ERROR) IP (RCC) : Parameter (RTCHSEDivFreq_Value) has invalid value (12500000)
2026-05-11 13:12:07,316 [INFO] UtilMem:75 - End LoadConfig() Used Memory: 850181184 Bytes (1073741824)
2026-05-11 13:12:07,352 [WARN] ThirdParty:833 - waiting for thirdparty lock release [change project]
2026-05-11 13:12:07,354 [INFO] ThirdParty:835 - entering critical section [change project]
2026-05-11 13:12:07,354 [INFO] ThirdParty:1030 - CMSIS Pack Vendor :STMicroelectronics X-CUBE-AZRTOS-H7 3.5.0
2026-05-11 13:12:07,354 [INFO] ThirdParty:1030 - CMSIS Pack Vendor :STMicroelectronics X-CUBE-PM33A1 1.0.0
2026-05-11 13:12:07,354 [INFO] ThirdParty:1030 - CMSIS Pack Vendor :STMicroelectronics USBPD 4.1
2026-05-11 13:12:07,354 [INFO] ThirdParty:1030 - CMSIS Pack Vendor :STMicroelectronics USB_HOST 2.0.0
2026-05-11 13:12:07,354 [INFO] ThirdParty:1030 - CMSIS Pack Vendor :STMicroelectronics FP-SNS-MOTENVWB1 1.4.0
2026-05-11 13:12:07,354 [INFO] ThirdParty:1030 - CMSIS Pack Vendor :STMicroelectronics X-CUBE-AZRTOS-F4 1.1.0
2026-05-11 13:12:07,354 [INFO] ThirdParty:1030 - CMSIS Pack Vendor :STMicroelectronics LIBJPEG 8.0.0
2026-05-11 13:12:07,354 [INFO] ThirdParty:1030 - CMSIS Pack Vendor :STMicroelectronics FP-ATR-ASTRA1 2.0.2
2026-05-11 13:12:07,354 [INFO] ThirdParty:1030 - CMSIS Pack Vendor :STMicroelectronics FP-ATR-ASTRA1 2.0.1
2026-05-11 13:12:07,354 [INFO] ThirdParty:1030 - CMSIS Pack Vendor :STMicroelectronics X-CUBE-SMBUS 2.1.0
2026-05-11 13:12:07,354 [INFO] ThirdParty:1030 - CMSIS Pack Vendor :STMicroelectronics X-CUBE-WB05N 1.1.0
2026-05-11 13:12:07,354 [INFO] ThirdParty:1030 - CMSIS Pack Vendor :STMicroelectronics X-CUBE-ISPU 2.1.0
2026-05-11 13:12:07,354 [INFO] ThirdParty:1030 - CMSIS Pack Vendor :STMicroelectronics eDS-WB_DPC_TT-BIDIR 2.1.1
2026-05-11 13:12:07,354 [INFO] ThirdParty:1030 - CMSIS Pack Vendor :STMicroelectronics X-CUBE-NFC12 1.0.0
2026-05-11 13:12:07,354 [INFO] ThirdParty:1030 - CMSIS Pack Vendor :STMicroelectronics X-CUBE-AZRTOS-F7 1.1.0
2026-05-11 13:12:07,354 [INFO] ThirdParty:1030 - CMSIS Pack Vendor :STMicroelectronics X-CUBE-AZRTOS-L5 2.0.0
2026-05-11 13:12:07,354 [INFO] ThirdParty:1030 - CMSIS Pack Vendor :STMicroelectronics USB_DEVICE 2.0.0
2026-05-11 13:12:07,355 [INFO] ThirdParty:1030 - CMSIS Pack Vendor :STMicroelectronics X-CUBE-NFC6 3.1.0
2026-05-11 13:12:07,355 [INFO] ThirdParty:1030 - CMSIS Pack Vendor :STMicroelectronics FreeRTOS 0.0.1
2026-05-11 13:12:07,355 [INFO] ThirdParty:1030 - CMSIS Pack Vendor :STMicroelectronics X-CUBE-DPower 1.2.0
2026-05-11 13:12:07,355 [INFO] ThirdParty:1030 - CMSIS Pack Vendor :STMicroelectronics eDS-WB_DPC_VIENNA 1.2.0
2026-05-11 13:12:07,355 [INFO] ThirdParty:1030 - CMSIS Pack Vendor :STMicroelectronics FP-SNS-FLIGHT1 5.0.2
2026-05-11 13:12:07,355 [INFO] ThirdParty:1030 - CMSIS Pack Vendor :STMicroelectronics eDS-WB_DPC_3PH2L-BIDIR 1.1.1
2026-05-11 13:12:07,355 [INFO] ThirdParty:1030 - CMSIS Pack Vendor :Infineon AIROC-Wi-Fi-Bluetooth-STM32 1.7.0
2026-05-11 13:12:07,355 [INFO] ThirdParty:1030 - CMSIS Pack Vendor :STMicroelectronics PDM2PCM 3.3.0
2026-05-11 13:12:07,355 [INFO] ThirdParty:1030 - CMSIS Pack Vendor :STMicroelectronics X-CUBE-DISPLAY 3.0.0
2026-05-11 13:12:07,355 [INFO] ThirdParty:1030 - CMSIS Pack Vendor :STMicroelectronics X-CUBE-GNSS1 7.1.1
2026-05-11 13:12:07,355 [INFO] ThirdParty:1030 - CMSIS Pack Vendor :STMicroelectronics X-CUBE-BLE1 7.0.0
2026-05-11 13:12:07,355 [INFO] ThirdParty:1030 - CMSIS Pack Vendor :STMicroelectronics X-CUBE-NFC10 1.0.0
2026-05-11 13:12:07,355 [INFO] ThirdParty:1030 - CMSIS Pack Vendor :STMicroelectronics X-CUBE-BLEMGR 4.0.0
2026-05-11 13:12:07,355 [INFO] ThirdParty:1030 - CMSIS Pack Vendor :STMicroelectronics HAL Drivers 0.0.0
2026-05-11 13:12:07,355 [INFO] ThirdParty:1030 - CMSIS Pack Vendor :STMicroelectronics X-CUBE-ST60 1.1.0
2026-05-11 13:12:07,355 [INFO] ThirdParty:1030 - CMSIS Pack Vendor :emotas I-CUBE-CANOPEN 1.3.0
2026-05-11 13:12:07,355 [INFO] ThirdParty:1030 - CMSIS Pack Vendor :STMicroelectronics X-CUBE-FREERTOS 1.3.0
2026-05-11 13:12:07,355 [INFO] ThirdParty:1030 - CMSIS Pack Vendor :STMicroelectronics X-CUBE-NFC7 1.0.1
2026-05-11 13:12:07,355 [INFO] ThirdParty:1030 - CMSIS Pack Vendor :STMicroelectronics MBEDTLS 2.14.1
2026-05-11 13:12:07,355 [INFO] ThirdParty:1030 - CMSIS Pack Vendor :STMicroelectronics X-CUBE-GNSS1 7.1.0
2026-05-11 13:12:07,356 [INFO] ThirdParty:1030 - CMSIS Pack Vendor :STMicroelectronics X-CUBE-TOUCHGFX 4.26.0
2026-05-11 13:12:07,356 [INFO] ThirdParty:1030 - CMSIS Pack Vendor :STMicroelectronics X-CUBE-TOUCHGFX 4.26.1
2026-05-11 13:12:07,356 [INFO] ThirdParty:1030 - CMSIS Pack Vendor :STMicroelectronics X-CUBE-AI 10.0.0
2026-05-11 13:12:07,356 [INFO] ThirdParty:1030 - CMSIS Pack Vendor :STMicroelectronics FP-SNS-STAIOTCFT 1.0.0
2026-05-11 13:12:07,356 [INFO] ThirdParty:1030 - CMSIS Pack Vendor :STMicroelectronics FP-SNS-SMARTAG2 1.2.0
2026-05-11 13:12:07,356 [INFO] ThirdParty:1030 - CMSIS Pack Vendor :STMicroelectronics FP-SNS-FLIGHT1 5.1.0
2026-05-11 13:12:07,356 [INFO] ThirdParty:1030 - CMSIS Pack Vendor :STMicroelectronics X-CUBE-MEMS1 11.1.0
2026-05-11 13:12:07,356 [INFO] ThirdParty:1030 - CMSIS Pack Vendor :STMicroelectronics X-CUBE-AZRTOS-WL 2.0.0
2026-05-11 13:12:07,356 [INFO] ThirdParty:1030 - CMSIS Pack Vendor :STMicroelectronics X-CUBE-DPower 1.3.0
2026-05-11 13:12:07,356 [INFO] ThirdParty:1030 - CMSIS Pack Vendor :STMicroelectronics FP-SNS-MOTENV1 5.0.0
2026-05-11 13:12:07,356 [INFO] ThirdParty:1030 - CMSIS Pack Vendor :STMicroelectronics USB_DEVICE 1.0.0
2026-05-11 13:12:07,356 [INFO] ThirdParty:1030 - CMSIS Pack Vendor :STMicroelectronics X-CUBE-AZRTOS-H7RS 1.2.0
2026-05-11 13:12:07,356 [INFO] ThirdParty:1030 - CMSIS Pack Vendor :wolfSSL I-CUBE-wolfMQTT 1.19.0
2026-05-11 13:12:07,356 [INFO] ThirdParty:1030 - CMSIS Pack Vendor :STMicroelectronics X-CUBE-AZRTOS-L4 2.0.0
2026-05-11 13:12:07,356 [INFO] ThirdParty:1030 - CMSIS Pack Vendor :STMicroelectronics ThreadX 0.0.2
2026-05-11 13:12:07,356 [INFO] ThirdParty:1030 - CMSIS Pack Vendor :WES I-CUBE-Cesium 1.3.0
2026-05-11 13:12:07,356 [INFO] ThirdParty:1030 - CMSIS Pack Vendor :STMicroelectronics lwIP 2.1.2
2026-05-11 13:12:07,356 [INFO] ThirdParty:1030 - CMSIS Pack Vendor :STMicroelectronics X-CUBE-SFXS2LP1 4.0.0
2026-05-11 13:12:07,356 [INFO] ThirdParty:1030 - CMSIS Pack Vendor :STMicroelectronics X-CUBE-BLE2 3.3.0
2026-05-11 13:12:07,356 [INFO] ThirdParty:1030 - CMSIS Pack Vendor :Avnet-IOTCONNECT X-CUBE-iotc-st67-sdk 1.0.0
2026-05-11 13:12:07,356 [INFO] ThirdParty:1030 - CMSIS Pack Vendor :STMicroelectronics PDM2PCM 3.2.0
2026-05-11 13:12:07,356 [INFO] ThirdParty:1030 - CMSIS Pack Vendor :STMicroelectronics X-CUBE-WB05N 2.1.0
2026-05-11 13:12:07,356 [INFO] ThirdParty:1030 - CMSIS Pack Vendor :STMicroelectronics X-CUBE-AZRTOS-H7 3.3.0
2026-05-11 13:12:07,356 [INFO] ThirdParty:1030 - CMSIS Pack Vendor :STMicroelectronics X-CUBE-NFC9 1.0.0
2026-05-11 13:12:07,356 [INFO] ThirdParty:1030 - CMSIS Pack Vendor :STMicroelectronics X-CUBE-BLE1 7.1.0
2026-05-11 13:12:07,356 [INFO] ThirdParty:1030 - CMSIS Pack Vendor :STMicroelectronics USB_DEVICE 3.0.0
2026-05-11 13:12:07,356 [INFO] ThirdParty:1030 - CMSIS Pack Vendor :STMicroelectronics X-CUBE-EEPRMA1 5.2.0
2026-05-11 13:12:07,356 [INFO] ThirdParty:1030 - CMSIS Pack Vendor :STMicroelectronics X-CUBE-BLEMGR 4.1.0
2026-05-11 13:12:07,356 [INFO] ThirdParty:1030 - CMSIS Pack Vendor :STMicroelectronics X-CUBE-IPS 3.0.0
2026-05-11 13:12:07,356 [INFO] ThirdParty:1030 - CMSIS Pack Vendor :STMicroelectronics X-CUBE-AZRTOS-WB 2.0.0
2026-05-11 13:12:07,356 [INFO] ThirdParty:1030 - CMSIS Pack Vendor :STMicroelectronics X-CUBE-GNSS1 7.0.1
2026-05-11 13:12:07,356 [INFO] ThirdParty:1030 - CMSIS Pack Vendor :STMicroelectronics FP-SNS-STBOX1 2.0.0
2026-05-11 13:12:07,356 [INFO] ThirdParty:1030 - CMSIS Pack Vendor :STMicroelectronics X-CUBE-MEMS1 12.0.0
2026-05-11 13:12:07,356 [INFO] ThirdParty:1030 - CMSIS Pack Vendor :STMicroelectronics X-CUBE-STSE01 2.0.0
2026-05-11 13:12:07,357 [INFO] ThirdParty:1030 - CMSIS Pack Vendor :STMicroelectronics X-CUBE-AZRTOS-G0 1.1.0
2026-05-11 13:12:07,357 [INFO] ThirdParty:1030 - CMSIS Pack Vendor :STMicroelectronics X-CUBE-SAFEA1 1.2.2
2026-05-11 13:12:07,357 [INFO] ThirdParty:1030 - CMSIS Pack Vendor :STMicroelectronics X-CUBE-NFC4 3.0.0
2026-05-11 13:12:07,357 [INFO] ThirdParty:1030 - CMSIS Pack Vendor :STMicroelectronics X-CUBE-SUBG2 5.0.0
2026-05-11 13:12:07,357 [INFO] ThirdParty:1030 - CMSIS Pack Vendor :STMicroelectronics STM32_WPAN 1.0.0
2026-05-11 13:12:07,357 [INFO] ThirdParty:1030 - CMSIS Pack Vendor :EmbeddedOffice I-CUBE-FS-RTOS 1.0.1
2026-05-11 13:12:07,357 [INFO] ThirdParty:1030 - CMSIS Pack Vendor :STMicroelectronics lwIP 2.0.3
2026-05-11 13:12:07,357 [INFO] ThirdParty:1030 - CMSIS Pack Vendor :Cesanta I-CUBE-Mongoose 7.13.0
2026-05-11 13:12:07,357 [INFO] ThirdParty:1030 - CMSIS Pack Vendor :STMicroelectronics USB_HOST 1.0.0
2026-05-11 13:12:07,357 [INFO] ThirdParty:1030 - CMSIS Pack Vendor :STMicroelectronics X-CUBE-AZRTOS-G4 2.0.0
2026-05-11 13:12:07,357 [INFO] ThirdParty:1030 - CMSIS Pack Vendor :STMicroelectronics PDM2PCM 3.1.0
2026-05-11 13:12:07,357 [INFO] ThirdParty:1030 - CMSIS Pack Vendor :STMicroelectronics X-CUBE-NFC7 2.0.0
2026-05-11 13:12:07,357 [INFO] ThirdParty:1030 - CMSIS Pack Vendor :STMicroelectronics X-CUBE-TCPP 4.2.0
2026-05-11 13:12:07,357 [INFO] ThirdParty:1030 - CMSIS Pack Vendor :RealThread X-CUBE-RT-Thread_Nano 4.1.1
2026-05-11 13:12:07,357 [INFO] ThirdParty:1030 - CMSIS Pack Vendor :STMicroelectronics FP-ATR-SIGFOX1 3.2.0
2026-05-11 13:12:07,357 [INFO] ThirdParty:1030 - CMSIS Pack Vendor :quantropi X-CUBE-qispace-sdk-base 1.9.3
2026-05-11 13:12:07,357 [INFO] ThirdParty:1030 - CMSIS Pack Vendor :STMicroelectronics X-CUBE-EEPRMA1 5.1.0
2026-05-11 13:12:07,357 [INFO] ThirdParty:1030 - CMSIS Pack Vendor :STMicroelectronics MBEDTLS 2.16.2
2026-05-11 13:12:07,357 [INFO] ThirdParty:1030 - CMSIS Pack Vendor :STMicroelectronics X-CUBE-IPS 3.1.0
2026-05-11 13:12:07,357 [INFO] ThirdParty:1030 - CMSIS Pack Vendor :STMicroelectronics X-CUBE-ALS 1.0.2
2026-05-11 13:12:07,357 [INFO] ThirdParty:1030 - CMSIS Pack Vendor :wolfSSL I-CUBE-wolfSSL 5.7.4
2026-05-11 13:12:07,357 [INFO] ThirdParty:1030 - CMSIS Pack Vendor :ITTIA_DB I-CUBE-ITTIADB 8.9.0
2026-05-11 13:12:07,357 [INFO] ThirdParty:1030 - CMSIS Pack Vendor :STMicroelectronics X-CUBE-TOUCHGFX 4.24.2
2026-05-11 13:12:07,357 [INFO] ThirdParty:1030 - CMSIS Pack Vendor :STMicroelectronics X-CUBE-TOUCHGFX 4.24.1
2026-05-11 13:12:07,357 [INFO] ThirdParty:1030 - CMSIS Pack Vendor :wolfSSL I-CUBE-wolfTPM 3.4.0
2026-05-11 13:12:07,357 [INFO] ThirdParty:1030 - CMSIS Pack Vendor :portGmbH I-Cube-SoM-uGOAL 1.1.0
2026-05-11 13:12:07,357 [INFO] ThirdParty:1030 - CMSIS Pack Vendor :STMicroelectronics X-CUBE-NFC6 3.2.0
2026-05-11 13:12:07,358 [INFO] ThirdParty:1030 - CMSIS Pack Vendor :STMicroelectronics X-CUBE-AI 10.2.0
2026-05-11 13:12:07,358 [INFO] ThirdParty:1030 - CMSIS Pack Vendor :STMicroelectronics ThreadX 1.0.0
2026-05-11 13:12:07,358 [INFO] ThirdParty:1030 - CMSIS Pack Vendor :STMicroelectronics X-CUBE-MEMS1 12.1.0
2026-05-11 13:12:07,358 [INFO] ThirdParty:1030 - CMSIS Pack Vendor :SEGGER I-CUBE-embOS 1.3.1
2026-05-11 13:12:07,358 [INFO] ThirdParty:1030 - CMSIS Pack Vendor :STMicroelectronics X-CUBE-ALGOBUILD 1.4.0
2026-05-11 13:12:07,358 [INFO] ThirdParty:1030 - CMSIS Pack Vendor :STMicroelectronics X-CUBE-AZRTOS-H7RS 1.0.0
2026-05-11 13:12:07,358 [INFO] ThirdParty:1030 - CMSIS Pack Vendor :STMicroelectronics X-CUBE-TOF1 3.4.2
2026-05-11 13:12:07,358 [INFO] ThirdParty:1030 - CMSIS Pack Vendor :STMicroelectronics X-CUBE-TOF1 3.4.3
2026-05-11 13:12:07,358 [INFO] ThirdParty:1030 - CMSIS Pack Vendor :STMicroelectronics X-CUBE-AI 9.1.0
2026-05-11 13:12:07,358 [INFO] ThirdParty:1030 - CMSIS Pack Vendor :wolfSSL I-CUBE-wolfSSH 1.4.17
2026-05-11 13:12:07,358 [INFO] ThirdParty:841 - exiting critical section [change project]
2026-05-11 13:12:07,550 [INFO] PinOutPanel:1589 - setPackage(No Configuration,No Configuration)
2026-05-11 13:12:07,551 [INFO] PinOutPanel:1589 - setPackage(STM32F411CEUx,UFQFPN48)
2026-05-11 13:12:07,737 [INFO] UtilMem:75 - Before build in PCC Used Memory: 967094480 Bytes (1073741824)
2026-05-11 13:12:08,030 [INFO] UtilMem:75 - After build in PCC Used Memory: 813910992 Bytes (1073741824)
2026-05-11 13:12:08,037 [INFO] ApiDbMcu:508 - Load IP Config File for FREERTOS
2026-05-11 13:12:08,059 [INFO] IPUIPlugin:80 - create IPUIPlugin
2026-05-11 13:12:08,059 [INFO] IPUIPlugin:80 - create IPUIPlugin
2026-05-11 13:12:08,059 [INFO] IPUIPlugin:80 - create IPUIPlugin
2026-05-11 13:12:08,059 [INFO] IPUIPlugin:80 - create IPUIPlugin
2026-05-11 13:12:08,060 [INFO] IPUIPlugin:80 - create IPUIPlugin
2026-05-11 13:12:08,060 [INFO] IPUIPlugin:80 - create IPUIPlugin
2026-05-11 13:12:08,060 [INFO] IPUIPlugin:80 - create IPUIPlugin
2026-05-11 13:12:08,060 [INFO] IPUIPlugin:80 - create IPUIPlugin
2026-05-11 13:12:08,060 [INFO] IPUIPlugin:80 - create IPUIPlugin
2026-05-11 13:12:08,060 [INFO] IPUIPlugin:80 - create IPUIPlugin
2026-05-11 13:12:08,060 [INFO] IPUIPlugin:80 - create IPUIPlugin
2026-05-11 13:12:08,061 [INFO] IPUIPlugin:80 - create IPUIPlugin
2026-05-11 13:12:08,061 [INFO] IPUIPlugin:80 - create IPUIPlugin
2026-05-11 13:12:08,061 [INFO] IPUIPlugin:80 - create IPUIPlugin
2026-05-11 13:12:08,061 [INFO] IPUIPlugin:80 - create IPUIPlugin
2026-05-11 13:12:08,061 [INFO] IPUIPlugin:80 - create IPUIPlugin
2026-05-11 13:12:08,061 [INFO] IPUIPlugin:80 - create IPUIPlugin
2026-05-11 13:12:08,061 [INFO] IPUIPlugin:80 - create IPUIPlugin
2026-05-11 13:12:08,061 [INFO] IPUIPlugin:80 - create IPUIPlugin
2026-05-11 13:12:08,061 [INFO] IPUIPlugin:80 - create IPUIPlugin
2026-05-11 13:12:08,062 [INFO] IPUIPlugin:80 - create IPUIPlugin
2026-05-11 13:12:08,062 [INFO] IPUIPlugin:80 - create IPUIPlugin
2026-05-11 13:12:08,062 [INFO] IPUIPlugin:80 - create IPUIPlugin
2026-05-11 13:12:08,062 [INFO] IPUIPlugin:80 - create IPUIPlugin
2026-05-11 13:12:08,062 [INFO] IPUIPlugin:80 - create IPUIPlugin
2026-05-11 13:12:08,062 [INFO] IPUIPlugin:80 - create IPUIPlugin
2026-05-11 13:12:08,062 [INFO] IPUIPlugin:80 - create IPUIPlugin
2026-05-11 13:12:08,062 [INFO] IPUIPlugin:80 - create IPUIPlugin
2026-05-11 13:12:08,062 [INFO] IPUIPlugin:80 - create IPUIPlugin
2026-05-11 13:12:08,062 [INFO] IPUIPlugin:80 - create IPUIPlugin
2026-05-11 13:12:08,062 [INFO] IPUIPlugin:80 - create IPUIPlugin
2026-05-11 13:12:08,062 [INFO] IPUIPlugin:80 - create IPUIPlugin
2026-05-11 13:12:08,062 [INFO] IPUIPlugin:80 - create IPUIPlugin
2026-05-11 13:12:08,063 [INFO] IPUIPlugin:80 - create IPUIPlugin
2026-05-11 13:12:08,063 [INFO] IPUIPlugin:80 - create IPUIPlugin
2026-05-11 13:12:08,063 [INFO] IPUIPlugin:80 - create IPUIPlugin
2026-05-11 13:12:08,063 [INFO] IPUIPlugin:80 - create IPUIPlugin
2026-05-11 13:12:08,063 [INFO] IPUIPlugin:80 - create IPUIPlugin
2026-05-11 13:12:08,063 [INFO] IPUIPlugin:80 - create IPUIPlugin
2026-05-11 13:12:08,064 [INFO] IPUIPlugin:80 - create IPUIPlugin
2026-05-11 13:12:08,064 [INFO] IPUIPlugin:80 - create IPUIPlugin
2026-05-11 13:12:08,064 [INFO] IPUIPlugin:80 - create IPUIPlugin
2026-05-11 13:12:08,064 [INFO] IPUIPlugin:80 - create IPUIPlugin
2026-05-11 13:12:08,069 [INFO] ApiDbMcu:508 - Load IP Config File for PDM2PCM
2026-05-11 13:12:08,070 [WARN] IP:2251 - I2C_Coeff_DF not found: check if there is a RefParameter without a condition.
2026-05-11 13:12:08,070 [WARN] IP:2251 - Analog_Filter not found: check if there is a RefParameter without a condition.
2026-05-11 13:12:08,078 [WARN] FreeRTOS:1023 - Null or empty value: should not occur! (nothing added to the table)
2026-05-11 13:12:08,133 [INFO] CADModel:165 - CPN selected for project levelSTM32F411CEU6
2026-05-11 13:12:08,133 [INFO] CADModel:114 - Register for checkConnection events
2026-05-11 13:12:08,134 [INFO] RtosManager:697 - Active RTOS found at IOC load: FREERTOS [Cortex-M4NS]
2026-05-11 13:12:08,189 [INFO] OpenFileManager:363 - Restore cursor
2026-05-11 13:12:08,369 [WARN] IP:2251 - I2C_Coeff_DF not found: check if there is a RefParameter without a condition.
2026-05-11 13:12:08,369 [WARN] IP:2251 - Analog_Filter not found: check if there is a RefParameter without a condition.
2026-05-11 13:12:08,369 [WARN] IP:2251 - I2C_Coeff_DF not found: check if there is a RefParameter without a condition.
2026-05-11 13:12:08,369 [WARN] IP:2251 - Analog_Filter not found: check if there is a RefParameter without a condition.
2026-05-11 13:27:10,216 [WARN] IP:2251 - I2C_Coeff_DF not found: check if there is a RefParameter without a condition.
2026-05-11 13:27:10,216 [WARN] IP:2251 - Analog_Filter not found: check if there is a RefParameter without a condition.
2026-05-11 13:27:10,218 [WARN] IP:2251 - I2C_Coeff_DF not found: check if there is a RefParameter without a condition.
2026-05-11 13:27:10,218 [WARN] IP:2251 - Analog_Filter not found: check if there is a RefParameter without a condition.
2026-05-11 13:27:13,961 [INFO] UtilMem:75 - End SaveConfig() Used Memory: 801849664 Bytes (1073741824)
2026-05-11 13:27:21,089 [INFO] UtilMem:75 - End SaveConfig() Used Memory: 820678656 Bytes (1073741824)
2026-05-11 13:27:22,586 [INFO] UtilMem:75 - End SaveConfig() Used Memory: 918198872 Bytes (1073741824)
2026-05-11 13:27:23,228 [INFO] BlockDiagram:2766 - set Specific Code input for plugin: NVIC
2026-05-11 13:27:23,228 [INFO] BlockDiagram:2766 - set Specific Code input for plugin: FREERTOS
2026-05-11 13:27:23,229 [INFO] BlockDiagram:2766 - set Specific Code input for plugin: USART
2026-05-11 13:27:23,229 [INFO] BlockDiagram:2766 - set Specific Code input for plugin: DMA
2026-05-11 13:27:23,229 [INFO] BlockDiagram:2766 - set Specific Code input for plugin: TIM1_8
2026-05-11 13:27:23,229 [INFO] BlockDiagram:2766 - set Specific Code input for plugin: TIM1_8
2026-05-11 13:27:23,229 [INFO] BlockDiagram:2766 - set Specific Code input for plugin: SYS
2026-05-11 13:27:23,230 [INFO] BlockDiagram:2766 - set Specific Code input for plugin: GPIO
2026-05-11 13:27:23,230 [INFO] BlockDiagram:2766 - set Specific Code input for plugin: RCC
2026-05-11 13:27:23,230 [INFO] BlockDiagram:2766 - set Specific Code input for plugin: I2C
2026-05-11 13:27:23,234 [INFO] CodeGenerator:896 - code generatio: config db path: C:/Users/Pache/.stm32cubemx/databases/DB.6.0.110/db/
2026-05-11 13:27:23,248 [WARN] IP:2251 - I2C_Coeff_DF not found: check if there is a RefParameter without a condition.
2026-05-11 13:27:23,248 [WARN] IP:2251 - Analog_Filter not found: check if there is a RefParameter without a condition.
2026-05-11 13:27:23,621 [INFO] CodeEngine:255 - oldGeneratedFile, C:\git\VehiculoTT\VehiculoTT\MXTmpFiles\license.tmp_save
2026-05-11 13:27:24,199 [INFO] CodeEngine:279 - Generated code: C:\git\VehiculoTT\VehiculoTT\MXTmpFiles\license.tmp
2026-05-11 13:27:24,335 [INFO] CodeEngine:255 - oldGeneratedFile, C:\git\VehiculoTT\VehiculoTT\MXTmpFiles\gpio.tmp_save
2026-05-11 13:27:24,536 [INFO] CodeEngine:279 - Generated code: C:\git\VehiculoTT\VehiculoTT\MXTmpFiles\gpio.tmp
2026-05-11 13:27:25,027 [INFO] Middleware:1450 - No code input for Bsp Dependency
2026-05-11 13:27:25,054 [INFO] CodeEngine:255 - oldGeneratedFile, C:\git\VehiculoTT\VehiculoTT\MXTmpFiles\rtos_inc.tmp_save
2026-05-11 13:27:25,191 [INFO] CodeEngine:279 - Generated code: C:\git\VehiculoTT\VehiculoTT\MXTmpFiles\rtos_inc.tmp
2026-05-11 13:27:25,210 [INFO] CodeEngine:255 - oldGeneratedFile, C:\git\VehiculoTT\VehiculoTT\MXTmpFiles\rtos_kernelInit.tmp_save
2026-05-11 13:27:25,315 [INFO] CodeEngine:279 - Generated code: C:\git\VehiculoTT\VehiculoTT\MXTmpFiles\rtos_kernelInit.tmp
2026-05-11 13:27:25,334 [INFO] CodeEngine:255 - oldGeneratedFile, C:\git\VehiculoTT\VehiculoTT\MXTmpFiles\rtos_kernelStart.tmp_save
2026-05-11 13:27:25,426 [INFO] CodeEngine:279 - Generated code: C:\git\VehiculoTT\VehiculoTT\MXTmpFiles\rtos_kernelStart.tmp
2026-05-11 13:27:25,451 [INFO] CodeEngine:255 - oldGeneratedFile, C:\git\VehiculoTT\VehiculoTT\MXTmpFiles\rtos_typedefs.tmp_save
2026-05-11 13:27:25,521 [INFO] CodeEngine:279 - Generated code: C:\git\VehiculoTT\VehiculoTT\MXTmpFiles\rtos_typedefs.tmp
2026-05-11 13:27:25,545 [INFO] CodeEngine:255 - oldGeneratedFile, C:\git\VehiculoTT\VehiculoTT\MXTmpFiles\rtos_vars.tmp_save
2026-05-11 13:27:25,636 [INFO] CodeEngine:279 - Generated code: C:\git\VehiculoTT\VehiculoTT\MXTmpFiles\rtos_vars.tmp
2026-05-11 13:27:25,653 [INFO] CodeEngine:255 - oldGeneratedFile, C:\git\VehiculoTT\VehiculoTT\MXTmpFiles\rtos_pfp.tmp_save
2026-05-11 13:27:25,725 [INFO] CodeEngine:279 - Generated code: C:\git\VehiculoTT\VehiculoTT\MXTmpFiles\rtos_pfp.tmp
2026-05-11 13:27:25,742 [INFO] CodeEngine:255 - oldGeneratedFile, C:\git\VehiculoTT\VehiculoTT\MXTmpFiles\rtos_obj_creat.tmp_save
2026-05-11 13:27:25,826 [INFO] CodeEngine:279 - Generated code: C:\git\VehiculoTT\VehiculoTT\MXTmpFiles\rtos_obj_creat.tmp
2026-05-11 13:27:25,844 [INFO] CodeEngine:255 - oldGeneratedFile, C:\git\VehiculoTT\VehiculoTT\MXTmpFiles\rtos_default_thread.tmp_save
2026-05-11 13:27:25,934 [INFO] CodeEngine:279 - Generated code: C:\git\VehiculoTT\VehiculoTT\MXTmpFiles\rtos_default_thread.tmp
2026-05-11 13:27:25,956 [INFO] CodeEngine:255 - oldGeneratedFile, C:\git\VehiculoTT\VehiculoTT\MXTmpFiles\rtos_threads.tmp_save
2026-05-11 13:27:26,043 [INFO] CodeEngine:279 - Generated code: C:\git\VehiculoTT\VehiculoTT\MXTmpFiles\rtos_threads.tmp
2026-05-11 13:27:26,078 [INFO] Middleware:1450 - No code input for Bsp Dependency
2026-05-11 13:27:26,092 [INFO] CodeEngine:255 - oldGeneratedFile, C:\git\VehiculoTT\VehiculoTT\MXTmpFiles\rtos_inc.tmp_save
2026-05-11 13:27:26,174 [INFO] CodeEngine:279 - Generated code: C:\git\VehiculoTT\VehiculoTT\MXTmpFiles\rtos_inc.tmp
2026-05-11 13:27:26,184 [INFO] CodeEngine:255 - oldGeneratedFile, C:\git\VehiculoTT\VehiculoTT\MXTmpFiles\rtos_kernelInit.tmp_save
2026-05-11 13:27:26,257 [INFO] CodeEngine:279 - Generated code: C:\git\VehiculoTT\VehiculoTT\MXTmpFiles\rtos_kernelInit.tmp
2026-05-11 13:27:26,268 [INFO] CodeEngine:255 - oldGeneratedFile, C:\git\VehiculoTT\VehiculoTT\MXTmpFiles\rtos_kernelStart.tmp_save
2026-05-11 13:27:26,334 [INFO] CodeEngine:279 - Generated code: C:\git\VehiculoTT\VehiculoTT\MXTmpFiles\rtos_kernelStart.tmp
2026-05-11 13:27:26,345 [INFO] CodeEngine:255 - oldGeneratedFile, C:\git\VehiculoTT\VehiculoTT\MXTmpFiles\rtos_typedefs.tmp_save
2026-05-11 13:27:26,410 [INFO] CodeEngine:279 - Generated code: C:\git\VehiculoTT\VehiculoTT\MXTmpFiles\rtos_typedefs.tmp
2026-05-11 13:27:26,432 [INFO] CodeEngine:255 - oldGeneratedFile, C:\git\VehiculoTT\VehiculoTT\MXTmpFiles\rtos_vars.tmp_save
2026-05-11 13:27:26,489 [INFO] CodeEngine:279 - Generated code: C:\git\VehiculoTT\VehiculoTT\MXTmpFiles\rtos_vars.tmp
2026-05-11 13:27:26,498 [INFO] CodeEngine:255 - oldGeneratedFile, C:\git\VehiculoTT\VehiculoTT\MXTmpFiles\rtos_pfp.tmp_save
2026-05-11 13:27:26,552 [INFO] CodeEngine:279 - Generated code: C:\git\VehiculoTT\VehiculoTT\MXTmpFiles\rtos_pfp.tmp
2026-05-11 13:27:26,568 [INFO] CodeEngine:255 - oldGeneratedFile, C:\git\VehiculoTT\VehiculoTT\MXTmpFiles\rtos_obj_creat.tmp_save
2026-05-11 13:27:26,630 [INFO] CodeEngine:279 - Generated code: C:\git\VehiculoTT\VehiculoTT\MXTmpFiles\rtos_obj_creat.tmp
2026-05-11 13:27:26,639 [INFO] CodeEngine:255 - oldGeneratedFile, C:\git\VehiculoTT\VehiculoTT\MXTmpFiles\rtos_default_thread.tmp_save
2026-05-11 13:27:26,694 [INFO] CodeEngine:279 - Generated code: C:\git\VehiculoTT\VehiculoTT\MXTmpFiles\rtos_default_thread.tmp
2026-05-11 13:27:26,703 [INFO] CodeEngine:255 - oldGeneratedFile, C:\git\VehiculoTT\VehiculoTT\MXTmpFiles\rtos_threads.tmp_save
2026-05-11 13:27:26,757 [INFO] CodeEngine:279 - Generated code: C:\git\VehiculoTT\VehiculoTT\MXTmpFiles\rtos_threads.tmp
2026-05-11 13:27:26,795 [INFO] CodeEngine:255 - oldGeneratedFile, C:\git\VehiculoTT\VehiculoTT\Core\Inc\FreeRTOSConfig.h_save
2026-05-11 13:27:26,901 [INFO] CodeEngine:279 - Generated code: C:\git\VehiculoTT\VehiculoTT\Core\Inc\FreeRTOSConfig.h
2026-05-11 13:27:26,931 [INFO] CodeEngine:255 - oldGeneratedFile, C:\git\VehiculoTT\VehiculoTT\Core\Src\freertos.c_save
2026-05-11 13:27:27,019 [INFO] CodeEngine:279 - Generated code: C:\git\VehiculoTT\VehiculoTT\Core\Src\freertos.c
2026-05-11 13:27:27,066 [INFO] CodeEngine:255 - oldGeneratedFile, C:\git\VehiculoTT\VehiculoTT\MXTmpFiles\dma.tmp_save
2026-05-11 13:27:27,134 [INFO] CodeEngine:279 - Generated code: C:\git\VehiculoTT\VehiculoTT\MXTmpFiles\dma.tmp
2026-05-11 13:27:27,148 [INFO] CodeEngine:255 - oldGeneratedFile, C:\git\VehiculoTT\VehiculoTT\MXTmpFiles\dma_GV.tmp_save
2026-05-11 13:27:27,198 [INFO] CodeEngine:279 - Generated code: C:\git\VehiculoTT\VehiculoTT\MXTmpFiles\dma_GV.tmp
2026-05-11 13:27:27,241 [INFO] CodeEngine:255 - oldGeneratedFile, C:\git\VehiculoTT\VehiculoTT\Core\Src\stm32f4xx_it.c_save
2026-05-11 13:27:27,402 [INFO] CodeEngine:279 - Generated code: C:\git\VehiculoTT\VehiculoTT\Core\Src\stm32f4xx_it.c
2026-05-11 13:27:27,427 [INFO] CodeEngine:255 - oldGeneratedFile, C:\git\VehiculoTT\VehiculoTT\Core\Inc\stm32f4xx_it.h_save
2026-05-11 13:27:27,510 [INFO] CodeEngine:279 - Generated code: C:\git\VehiculoTT\VehiculoTT\Core\Inc\stm32f4xx_it.h
2026-05-11 13:27:27,548 [INFO] CodeEngine:255 - oldGeneratedFile, C:\git\VehiculoTT\VehiculoTT\Core\Src\stm32f4xx_hal_msp.c_save
2026-05-11 13:27:27,690 [INFO] CodeEngine:279 - Generated code: C:\git\VehiculoTT\VehiculoTT\Core\Src\stm32f4xx_hal_msp.c
2026-05-11 13:27:27,716 [INFO] CodeEngine:255 - oldGeneratedFile, C:\git\VehiculoTT\VehiculoTT\MXTmpFiles\system.tmp_save
2026-05-11 13:27:27,776 [INFO] CodeEngine:279 - Generated code: C:\git\VehiculoTT\VehiculoTT\MXTmpFiles\system.tmp
2026-05-11 13:27:27,801 [INFO] CodeEngine:255 - oldGeneratedFile, C:\git\VehiculoTT\VehiculoTT\Core\Src\stm32f4xx_hal_timebase_tim.c_save
2026-05-11 13:27:27,875 [INFO] CodeEngine:279 - Generated code: C:\git\VehiculoTT\VehiculoTT\Core\Src\stm32f4xx_hal_timebase_tim.c
2026-05-11 13:27:27,909 [INFO] CodeEngine:311 - oldGeneratedFile, C:\git\VehiculoTT\VehiculoTT\Core\Inc\stm32f4xx_hal_conf.h_save
2026-05-11 13:27:27,998 [INFO] CodeEngine:335 - Generated code: C:\git\VehiculoTT\VehiculoTT\Core\Inc\stm32f4xx_hal_conf.h
2026-05-11 13:27:28,038 [INFO] ApiDbMcu:508 - Load IP Config File for I2C1
2026-05-11 13:27:28,051 [INFO] ApiDbMcu:508 - Load IP Config File for TIM1
2026-05-11 13:27:28,062 [INFO] ApiDbMcu:508 - Load IP Config File for TIM2
2026-05-11 13:27:28,066 [INFO] ApiDbMcu:508 - Load IP Config File for USART1
2026-05-11 13:27:28,070 [INFO] ApiDbMcu:508 - Load IP Config File for RCC
2026-05-11 13:27:28,073 [WARN] IPConfigManager:3618 - IP not found : TIM
2026-05-11 13:27:28,074 [WARN] CodeGenerator:4152 - IP not found : null
2026-05-11 13:27:28,108 [INFO] CodeEngine:255 - oldGeneratedFile, C:\git\VehiculoTT\VehiculoTT\Core\Inc\main.h_save
2026-05-11 13:27:28,212 [INFO] CodeEngine:279 - Generated code: C:\git\VehiculoTT\VehiculoTT\Core\Inc\main.h
2026-05-11 13:27:28,250 [INFO] CodeEngine:255 - oldGeneratedFile, C:\git\VehiculoTT\VehiculoTT\Core\Src\main.c_save
2026-05-11 13:27:28,453 [INFO] CodeEngine:279 - Generated code: C:\git\VehiculoTT\VehiculoTT\Core\Src\main.c
2026-05-11 13:27:29,248 [INFO] ProjectBuilder:3289 - Time for Copy HAL[1] : 544mS.
2026-05-11 13:27:29,261 [INFO] ProjectBuilder:4876 - Project Generator version: 4.5.0-RC5
2026-05-11 13:27:29,355 [INFO] ConfigFileManager:1579 - The Die is : DIE431
2026-05-11 13:27:29,376 [INFO] ApiDbMcu:508 - Load IP Config File for FATFS
2026-05-11 13:27:29,391 [INFO] ApiDbMcu:508 - Load IP Config File for LIBJPEG
2026-05-11 13:27:29,411 [INFO] ApiDbMcu:508 - Load IP Config File for MBEDTLS
2026-05-11 13:27:29,430 [INFO] ApiDbMcu:508 - Load IP Config File for USB_DEVICE
2026-05-11 13:27:29,444 [INFO] ApiDbMcu:508 - Load IP Config File for USB_HOST
2026-05-11 13:27:30,321 [INFO] LogOutputStream:77 - [STDOUT_REDIRECT] 
2026-05-11 13:27:32,700 [INFO] ProjectBuilder:5154 - Time for Generating toolchain IDE Files: 3436mS.
2026-05-11 13:27:32,702 [INFO] ProjectBuilder:3146 - Time for Copy CMSIS : 1mS.
2026-05-11 13:27:32,719 [INFO] ProjectBuilder:3146 - Time for Copy CMSIS : 0mS.
2026-05-11 13:33:48,785 [INFO] MainUpdater:2872 - connection check result : 10
2026-05-11 13:33:48,785 [INFO] MainUpdater:2872 - connection check result : 10
2026-05-11 13:33:48,798 [INFO] MicroXplorer:468 - Change Database Path : 
2026-05-11 13:33:48,798 [INFO] MicroXplorer:498 - Change Database Version : DB.6.0.130
2026-05-11 13:33:48,822 [ERROR] ProjectManagerView:394 - 
java.lang.NullPointerException: Cannot invoke "javax.swing.JTextField.getText()" because the return value of "java.util.List.get(int)" is null
	at com.st.microxplorer.plugins.projectmanager.gui.ProjectChoiceTab$9.caretUpdate(ProjectChoiceTab.java:2616) ~[filemanager.jar:?]
	at javax.swing.text.JTextComponent.fireCaretUpdate(JTextComponent.java:408) ~[?:?]
	at javax.swing.text.JTextComponent$MutableCaretEvent.fire(JTextComponent.java:4484) ~[?:?]
	at javax.swing.text.JTextComponent$MutableCaretEvent.stateChanged(JTextComponent.java:4506) ~[?:?]
	at javax.swing.text.DefaultCaret.fireStateChanged(DefaultCaret.java:857) ~[?:?]
	at javax.swing.text.DefaultCaret.changeCaretPosition(DefaultCaret.java:1343) ~[?:?]
	at javax.swing.text.DefaultCaret.handleSetDot(DefaultCaret.java:1242) ~[?:?]
	at javax.swing.text.DefaultCaret.setDot(DefaultCaret.java:1223) ~[?:?]
	at javax.swing.text.DefaultCaret$Handler.insertUpdate(DefaultCaret.java:1819) ~[?:?]
	at javax.swing.text.AbstractDocument.fireInsertUpdate(AbstractDocument.java:227) ~[?:?]
	at javax.swing.text.AbstractDocument.handleInsertString(AbstractDocument.java:781) ~[?:?]
	at javax.swing.text.AbstractDocument.insertString(AbstractDocument.java:740) ~[?:?]
	at javax.swing.text.PlainDocument.insertString(PlainDocument.java:131) ~[?:?]
	at javax.swing.text.AbstractDocument.replace(AbstractDocument.java:699) ~[?:?]
	at javax.swing.text.JTextComponent.setText(JTextComponent.java:1725) ~[?:?]
	at com.st.microxplorer.plugins.projectmanager.gui.ProjectChoiceTab.createHeapStackFields(ProjectChoiceTab.java:975) ~[filemanager.jar:?]
	at com.st.microxplorer.plugins.projectmanager.gui.ProjectChoiceTab.buildLinkSettingsPanel(ProjectChoiceTab.java:3666) ~[filemanager.jar:?]
	at com.st.microxplorer.plugins.projectmanager.gui.ProjectChoiceTab.defineWindowsFields(ProjectChoiceTab.java:1934) ~[filemanager.jar:?]
	at com.st.microxplorer.plugins.projectmanager.gui.ProjectChoiceTab.updateSettings(ProjectChoiceTab.java:553) ~[filemanager.jar:?]
	at com.st.microxplorer.plugins.projectmanager.gui.ProjectSettingsPanel.UpdateDialog(ProjectSettingsPanel.java:245) ~[filemanager.jar:?]
	at com.st.microxplorer.plugins.projectmanager.ProjectManagerView.propertyChange(ProjectManagerView.java:391) ~[filemanager.jar:?]
	at java.beans.PropertyChangeSupport.fire(PropertyChangeSupport.java:343) ~[?:?]
	at java.beans.PropertyChangeSupport.firePropertyChange(PropertyChangeSupport.java:335) ~[?:?]
	at java.beans.PropertyChangeSupport.firePropertyChange(PropertyChangeSupport.java:268) ~[?:?]
	at com.st.microxplorer.util.MXPropertyChangeSupport.firePropertyChange(MXPropertyChangeSupport.java:54) ~[STM32CubeMX.jar:?]
	at com.st.microxplorer.mxsystem.MxSystem.closeConfig(MxSystem.java:899) ~[STM32CubeMX.jar:?]
	at com.st.microxplorer.maingui.MainPanel.closeConfig(MainPanel.java:789) ~[STM32CubeMX.jar:?]
	at com.st.microxplorer.plugins.filemanager.engine.OpenFileManager.loadConfigurationFile(OpenFileManager.java:265) ~[filemanager.jar:?]
	at com.st.microxplorer.plugins.filemanager.engine.MainFileManager.userLoadConfig(MainFileManager.java:340) ~[filemanager.jar:?]
	at com.st.microxplorer.plugins.filemanager.engine.MainFileManager.userLoadConfig(MainFileManager.java:318) ~[filemanager.jar:?]
	at com.st.microxplorer.plugins.filemanager.FileManagerView.getSpecificTask(FileManagerView.java:246) ~[filemanager.jar:?]
	at com.st.stm32cube.common.mx.editor.CubeMxEditor.getMxTabbedPaneInstance(CubeMxEditor.java:1198) ~[com.st.stm32cube.common.mx_6.13.0.202411220809/:?]
	at com.st.stm32cube.common.mx.editor.CubeMxEditor$12$1.createSwingComponent(CubeMxEditor.java:1068) ~[com.st.stm32cube.common.mx_6.13.0.202411220809/:?]
	at com.st.stm32cube.common.mx.oss.core.awtswtbridge.EmbeddedSwingComposite.doComponentCreation(EmbeddedSwingComposite.java:492) ~[com.st.stm32cube.common.mx.oss_6.13.0.202411220809/:?]
	at com.st.stm32cube.common.mx.oss.core.awtswtbridge.EmbeddedSwingComposite$4.run(EmbeddedSwingComposite.java:291) ~[com.st.stm32cube.common.mx.oss_6.13.0.202411220809/:?]
	at com.st.stm32cube.common.mx.oss.core.awtswtbridge.AwtEnvironment$2.run(AwtEnvironment.java:166) ~[com.st.stm32cube.common.mx.oss_6.13.0.202411220809/:?]
	at java.awt.event.InvocationEvent.dispatch(InvocationEvent.java:318) ~[?:?]
	at java.awt.EventQueue.dispatchEventImpl(EventQueue.java:773) ~[?:?]
	at java.awt.EventQueue$4.run(EventQueue.java:720) ~[?:?]
	at java.awt.EventQueue$4.run(EventQueue.java:714) ~[?:?]
	at java.security.AccessController.doPrivileged(AccessController.java:400) ~[?:?]
	at java.security.ProtectionDomain$JavaSecurityAccessImpl.doIntersectionPrivilege(ProtectionDomain.java:87) ~[?:?]
	at java.awt.EventQueue.dispatchEvent(EventQueue.java:742) ~[?:?]
	at java.awt.EventDispatchThread.pumpOneEventForFilters(EventDispatchThread.java:203) ~[?:?]
	at java.awt.EventDispatchThread.pumpEventsForFilter(EventDispatchThread.java:124) ~[?:?]
	at java.awt.EventDispatchThread.pumpEventsForHierarchy(EventDispatchThread.java:113) ~[?:?]
	at java.awt.EventDispatchThread.pumpEvents(EventDispatchThread.java:109) ~[?:?]
	at java.awt.EventDispatchThread.pumpEvents(EventDispatchThread.java:101) ~[?:?]
	at java.awt.EventDispatchThread.run(EventDispatchThread.java:90) ~[?:?]
2026-05-11 13:33:48,824 [WARN] ThirdParty:871 - waiting for thirdparty lock release [close project]
2026-05-11 13:33:48,824 [INFO] ThirdParty:873 - entering critical section [close project]
2026-05-11 13:33:48,824 [INFO] ThirdParty:883 - exiting critical section [close project]
2026-05-11 13:33:48,826 [INFO] PinOutPanel:1589 - setPackage(No Configuration,No Configuration)
2026-05-11 13:33:48,842 [WARN] IpParametersView:154 - Warning: This peripheral hasn't parameters
2026-05-11 13:33:48,853 [WARN] MainPanel:289 - <html><b><center>Warning: This peripheral has no parameters to be configured<br></b></html>
2026-05-11 13:33:48,854 [ERROR] MainPanel:599 - java.lang.IndexOutOfBoundsException: Index: 0, Tab count: 0
2026-05-11 13:33:48,860 [INFO] UtilMem:75 - Begin LoadConfig() Used Memory: 894678736 Bytes (1073741824)
2026-05-11 13:33:48,873 [INFO] MicroXplorer:468 - Change Database Path : C:/Users/Pache/.stm32cubemx/databases/DB.6.0.110/db/
2026-05-11 13:33:48,873 [INFO] MicroXplorer:498 - Change Database Version : DB.6.0.110
2026-05-11 13:33:50,678 [INFO] OpenFileManager:332 - Change cursor
2026-05-11 13:33:50,765 [INFO] RulesReader:64 - Compatibility file has been processed (297 Rules)
2026-05-11 13:33:50,772 [INFO] Mcu:2035 - Initializing MCU STM32F411C(C-E)Ux STM32F411CEUx STM32F411CEU6
2026-05-11 13:33:51,830 [INFO] Context:748 - Trying to add GPIOservice into a context  which must be forbidden
2026-05-11 13:33:52,387 [INFO] ApiDbMcu:508 - Load IP Config File for STMicroelectronics.X-CUBE-TOUCHGFX.4.26.0
2026-05-11 13:33:52,526 [INFO] RtosManager:555 - Registered RTOS mode: class=CMSIS, group=RTOS, mode=CMSIS_V1, owner=FREERTOS
2026-05-11 13:33:52,526 [INFO] RtosManager:555 - Registered RTOS mode: class=CMSIS, group=RTOS2, mode=CMSIS_V2, owner=FREERTOS
2026-05-11 13:33:52,526 [INFO] RtosManager:555 - Registered RTOS mode: class=RTOS, group=Core, mode=CMSIS_V1, owner=FREERTOS
2026-05-11 13:33:52,526 [INFO] RtosManager:555 - Registered RTOS mode: class=RTOS, group=Core, mode=CMSIS_V2, owner=FREERTOS
2026-05-11 13:33:52,526 [WARN] ModelIntegratedComponent:184 - Missing modes for component STMicroelectronics:FreeRTOS:0.0.1:STMicroelectronics:RTOS:FreeRTOS:Core:::10.2.0:
2026-05-11 13:33:52,546 [WARN] ModelIntegratedComponent:63 - No mode defined for component null
2026-05-11 13:33:52,547 [WARN] ModelIntegratedComponent:63 - No mode defined for component null
2026-05-11 13:33:52,547 [WARN] ModelIntegratedComponent:63 - No mode defined for component null
2026-05-11 13:33:52,547 [WARN] ModelIntegratedComponent:63 - No mode defined for component null
2026-05-11 13:33:52,547 [WARN] ModelIntegratedComponent:63 - No mode defined for component null
2026-05-11 13:33:52,547 [WARN] ModelIntegratedComponent:63 - No mode defined for component null
2026-05-11 13:33:52,547 [WARN] ModelIntegratedComponent:63 - No mode defined for component null
2026-05-11 13:33:52,547 [WARN] ModelIntegratedComponent:63 - No mode defined for component null
2026-05-11 13:33:52,547 [WARN] ModelIntegratedComponent:63 - No mode defined for component null
2026-05-11 13:33:52,547 [WARN] ModelIntegratedComponent:63 - No mode defined for component null
2026-05-11 13:33:52,547 [WARN] ModelIntegratedComponent:63 - No mode defined for component null
2026-05-11 13:33:52,547 [WARN] ModelIntegratedComponent:63 - No mode defined for component null
2026-05-11 13:33:52,547 [WARN] ModelIntegratedComponent:63 - No mode defined for component null
2026-05-11 13:33:52,547 [WARN] ModelIntegratedComponent:63 - No mode defined for component null
2026-05-11 13:33:52,547 [WARN] ModelIntegratedComponent:63 - No mode defined for component null
2026-05-11 13:33:52,547 [WARN] ModelIntegratedComponent:63 - No mode defined for component null
2026-05-11 13:33:52,547 [WARN] ModelIntegratedComponent:63 - No mode defined for component null
2026-05-11 13:33:52,547 [WARN] ModelIntegratedComponent:63 - No mode defined for component null
2026-05-11 13:33:52,547 [WARN] ModelIntegratedComponent:63 - No mode defined for component null
2026-05-11 13:33:52,547 [WARN] ModelIntegratedComponent:63 - No mode defined for component null
2026-05-11 13:33:52,547 [WARN] ModelIntegratedComponent:63 - No mode defined for component null
2026-05-11 13:33:52,547 [WARN] ModelIntegratedComponent:63 - No mode defined for component null
2026-05-11 13:33:52,547 [WARN] ModelIntegratedComponent:63 - No mode defined for component null
2026-05-11 13:33:52,547 [WARN] ModelIntegratedComponent:63 - No mode defined for component null
2026-05-11 13:33:52,547 [WARN] ModelIntegratedComponent:63 - No mode defined for component null
2026-05-11 13:33:52,547 [WARN] ModelIntegratedComponent:63 - No mode defined for component null
2026-05-11 13:33:52,547 [WARN] ModelIntegratedComponent:63 - No mode defined for component null
2026-05-11 13:33:52,547 [WARN] ModelIntegratedComponent:63 - No mode defined for component null
2026-05-11 13:33:52,547 [WARN] ModelIntegratedComponent:63 - No mode defined for component null
2026-05-11 13:33:52,548 [WARN] ModelIntegratedComponent:63 - No mode defined for component null
2026-05-11 13:33:52,548 [WARN] ModelIntegratedComponent:63 - No mode defined for component null
2026-05-11 13:33:52,548 [WARN] ModelIntegratedComponent:63 - No mode defined for component null
2026-05-11 13:33:52,548 [WARN] ModelIntegratedComponent:63 - No mode defined for component null
2026-05-11 13:33:52,548 [WARN] ModelIntegratedComponent:63 - No mode defined for component null
2026-05-11 13:33:52,548 [WARN] ModelIntegratedComponent:63 - No mode defined for component null
2026-05-11 13:33:52,548 [WARN] ModelPack:524 - Component already loaded: STMicroelectronics:HAL Drivers:0.0.0:STMicroelectronics:Device:STMicro_Driver:XSPI:HAL::0.0.1:HAL_XSPI
2026-05-11 13:33:52,629 [WARN] ModelIntegratedComponent:182 - Modes not found for component STMicroelectronics:USB_DEVICE:1.0.0:STMicroelectronics:USB::USB Device:Audio HS::1.0:USB_DEVICE_1_0_RESTRICTED_HS
2026-05-11 13:33:52,629 [WARN] ModelIntegratedComponent:188 - Modes not found for component STMicroelectronics:USB_DEVICE:1.0.0:STMicroelectronics:USB::USB Device:Audio HS::1.0:USB_DEVICE_1_0_RESTRICTED_HS
2026-05-11 13:33:52,629 [WARN] ModelIntegratedComponent:182 - Modes not found for component STMicroelectronics:USB_DEVICE:1.0.0:STMicroelectronics:USB::USB Device:CDC HS::1.0:USB_DEVICE_1_0_RESTRICTED_HS
2026-05-11 13:33:52,629 [WARN] ModelIntegratedComponent:188 - Modes not found for component STMicroelectronics:USB_DEVICE:1.0.0:STMicroelectronics:USB::USB Device:CDC HS::1.0:USB_DEVICE_1_0_RESTRICTED_HS
2026-05-11 13:33:52,629 [WARN] ModelIntegratedComponent:182 - Modes not found for component STMicroelectronics:USB_DEVICE:1.0.0:STMicroelectronics:USB::USB Device:DFU HS::1.0:USB_DEVICE_1_0_RESTRICTED_HS
2026-05-11 13:33:52,629 [WARN] ModelIntegratedComponent:188 - Modes not found for component STMicroelectronics:USB_DEVICE:1.0.0:STMicroelectronics:USB::USB Device:DFU HS::1.0:USB_DEVICE_1_0_RESTRICTED_HS
2026-05-11 13:33:52,629 [WARN] ModelIntegratedComponent:182 - Modes not found for component STMicroelectronics:USB_DEVICE:1.0.0:STMicroelectronics:USB::USB Device:HID HS::1.0:USB_DEVICE_1_0_RESTRICTED_HS
2026-05-11 13:33:52,629 [WARN] ModelIntegratedComponent:188 - Modes not found for component STMicroelectronics:USB_DEVICE:1.0.0:STMicroelectronics:USB::USB Device:HID HS::1.0:USB_DEVICE_1_0_RESTRICTED_HS
2026-05-11 13:33:52,629 [WARN] ModelIntegratedComponent:182 - Modes not found for component STMicroelectronics:USB_DEVICE:1.0.0:STMicroelectronics:USB::USB Device:Custom HID HS::1.0:USB_DEVICE_1_0_RESTRICTED_HS
2026-05-11 13:33:52,629 [WARN] ModelIntegratedComponent:188 - Modes not found for component STMicroelectronics:USB_DEVICE:1.0.0:STMicroelectronics:USB::USB Device:Custom HID HS::1.0:USB_DEVICE_1_0_RESTRICTED_HS
2026-05-11 13:33:52,629 [WARN] ModelIntegratedComponent:182 - Modes not found for component STMicroelectronics:USB_DEVICE:1.0.0:STMicroelectronics:USB::USB Device:MSC HS::1.0:USB_DEVICE_1_0_RESTRICTED_HS
2026-05-11 13:33:52,629 [WARN] ModelIntegratedComponent:188 - Modes not found for component STMicroelectronics:USB_DEVICE:1.0.0:STMicroelectronics:USB::USB Device:MSC HS::1.0:USB_DEVICE_1_0_RESTRICTED_HS
2026-05-11 13:33:52,682 [WARN] ModelIntegratedComponent:182 - Modes not found for component STMicroelectronics:USB_HOST:1.0.0:STMicroelectronics:USB::USB Host:Audio HS::1.0:USB_HOST_1_0_RESTRICTED_HS
2026-05-11 13:33:52,684 [WARN] ModelIntegratedComponent:188 - Modes not found for component STMicroelectronics:USB_HOST:1.0.0:STMicroelectronics:USB::USB Host:Audio HS::1.0:USB_HOST_1_0_RESTRICTED_HS
2026-05-11 13:33:52,684 [WARN] ModelIntegratedComponent:182 - Modes not found for component STMicroelectronics:USB_HOST:1.0.0:STMicroelectronics:USB::USB Host:CDC HS::1.0:USB_HOST_1_0_RESTRICTED_HS
2026-05-11 13:33:52,684 [WARN] ModelIntegratedComponent:188 - Modes not found for component STMicroelectronics:USB_HOST:1.0.0:STMicroelectronics:USB::USB Host:CDC HS::1.0:USB_HOST_1_0_RESTRICTED_HS
2026-05-11 13:33:52,684 [WARN] ModelIntegratedComponent:182 - Modes not found for component STMicroelectronics:USB_HOST:1.0.0:STMicroelectronics:USB::USB Host:MSC HS::1.0:USB_HOST_1_0_RESTRICTED_HS
2026-05-11 13:33:52,684 [WARN] ModelIntegratedComponent:188 - Modes not found for component STMicroelectronics:USB_HOST:1.0.0:STMicroelectronics:USB::USB Host:MSC HS::1.0:USB_HOST_1_0_RESTRICTED_HS
2026-05-11 13:33:52,684 [WARN] ModelIntegratedComponent:182 - Modes not found for component STMicroelectronics:USB_HOST:1.0.0:STMicroelectronics:USB::USB Host:HID HS::1.0:USB_HOST_1_0_RESTRICTED_HS
2026-05-11 13:33:52,684 [WARN] ModelIntegratedComponent:188 - Modes not found for component STMicroelectronics:USB_HOST:1.0.0:STMicroelectronics:USB::USB Host:HID HS::1.0:USB_HOST_1_0_RESTRICTED_HS
2026-05-11 13:33:52,684 [WARN] ModelIntegratedComponent:182 - Modes not found for component STMicroelectronics:USB_HOST:1.0.0:STMicroelectronics:USB::USB Host:MTP HS::1.0:USB_HOST_1_0_RESTRICTED_HS
2026-05-11 13:33:52,684 [WARN] ModelIntegratedComponent:188 - Modes not found for component STMicroelectronics:USB_HOST:1.0.0:STMicroelectronics:USB::USB Host:MTP HS::1.0:USB_HOST_1_0_RESTRICTED_HS
2026-05-11 13:33:52,744 [WARN] IP:2251 - tgfx_framebuffer_stride_value_custom not found: check if there is a RefParameter without a condition.
2026-05-11 13:33:52,749 [WARN] IP:2251 - tgfx_framebuffer_stride_value_custom not found: check if there is a RefParameter without a condition.
2026-05-11 13:33:52,995 [INFO] ApiDbMcu:508 - Load IP Config File for FREERTOS
2026-05-11 13:33:53,024 [INFO] ThirdPartyModel:298 - Start build external matchings
2026-05-11 13:33:53,962 [INFO] ThirdPartyModel:316 - End build external matchings
2026-05-11 13:33:53,994 [INFO] RtosManager:922 - Current active RTOS is FREERTOS [Cortex-M4NS]
2026-05-11 13:33:54,011 [INFO] ImportTextPane:218 - (OptionalMessage_ERROR) IP (DMA) : Parameter (Instance) has Id (SPI1_TX) currently not set
2026-05-11 13:33:54,011 [INFO] ImportTextPane:218 - (OptionalMessage_ERROR) IP (DMA) : Parameter (Channel) has Id (SPI1_TX) currently not set
2026-05-11 13:33:54,011 [INFO] ImportTextPane:218 - (OptionalMessage_ERROR) IP (DMA) : Parameter (Direction) has Id (SPI1_TX) currently not set
2026-05-11 13:33:54,011 [INFO] ImportTextPane:218 - (OptionalMessage_ERROR) IP (DMA) : Parameter (PeriphInc) has Id (SPI1_TX) currently not set
2026-05-11 13:33:54,011 [INFO] ImportTextPane:218 - (OptionalMessage_ERROR) IP (DMA) : Parameter (MemInc) has Id (SPI1_TX) currently not set
2026-05-11 13:33:54,011 [INFO] ImportTextPane:218 - (OptionalMessage_ERROR) IP (DMA) : Parameter (PeriphDataAlignment) has Id (SPI1_TX) currently not set
2026-05-11 13:33:54,012 [INFO] ImportTextPane:218 - (OptionalMessage_ERROR) IP (DMA) : Parameter (MemDataAlignment) has Id (SPI1_TX) currently not set
2026-05-11 13:33:54,012 [INFO] ImportTextPane:218 - (OptionalMessage_ERROR) IP (DMA) : Parameter (Mode) has Id (SPI1_TX) currently not set
2026-05-11 13:33:54,012 [INFO] ImportTextPane:218 - (OptionalMessage_ERROR) IP (DMA) : Parameter (Priority) has Id (SPI1_TX) currently not set
2026-05-11 13:33:54,012 [INFO] ImportTextPane:218 - (OptionalMessage_ERROR) IP (DMA) : Parameter (FIFOMode) has Id (SPI1_TX) currently not set
2026-05-11 13:33:54,012 [INFO] ImportTextPane:218 - (OptionalMessage_ERROR) IP (DMA) : Parameter (FIFOThreshold) has Id (SPI1_TX) currently not set
2026-05-11 13:33:54,012 [INFO] ImportTextPane:218 - (OptionalMessage_ERROR) IP (DMA) : Parameter (FIFOThreshold) has invalid value (null)
2026-05-11 13:33:54,012 [INFO] ImportTextPane:218 - (OptionalMessage_ERROR) IP (DMA) : Parameter (MemBurst) has Id (SPI1_TX) currently not set
2026-05-11 13:33:54,012 [INFO] ImportTextPane:218 - (OptionalMessage_ERROR) IP (DMA) : Parameter (MemBurst) has invalid value (null)
2026-05-11 13:33:54,012 [INFO] ImportTextPane:218 - (OptionalMessage_ERROR) IP (DMA) : Parameter (PeriphBurst) has Id (SPI1_TX) currently not set
2026-05-11 13:33:54,012 [INFO] ImportTextPane:218 - (OptionalMessage_ERROR) IP (DMA) : Parameter (PeriphBurst) has invalid value (null)
2026-05-11 13:33:54,012 [INFO] ImportTextPane:218 - (OptionalMessage_ERROR) IP (DMA) : Parameter (Instance) has Id (USART1_RX) currently not set
2026-05-11 13:33:54,012 [INFO] ImportTextPane:218 - (OptionalMessage_ERROR) IP (DMA) : Parameter (Channel) has Id (USART1_RX) currently not set
2026-05-11 13:33:54,012 [INFO] ImportTextPane:218 - (OptionalMessage_ERROR) IP (DMA) : Parameter (Direction) has Id (USART1_RX) currently not set
2026-05-11 13:33:54,012 [INFO] ImportTextPane:218 - (OptionalMessage_ERROR) IP (DMA) : Parameter (PeriphInc) has Id (USART1_RX) currently not set
2026-05-11 13:33:54,012 [INFO] ImportTextPane:218 - (OptionalMessage_ERROR) IP (DMA) : Parameter (MemInc) has Id (USART1_RX) currently not set
2026-05-11 13:33:54,012 [INFO] ImportTextPane:218 - (OptionalMessage_ERROR) IP (DMA) : Parameter (PeriphDataAlignment) has Id (USART1_RX) currently not set
2026-05-11 13:33:54,012 [INFO] ImportTextPane:218 - (OptionalMessage_ERROR) IP (DMA) : Parameter (MemDataAlignment) has Id (USART1_RX) currently not set
2026-05-11 13:33:54,012 [INFO] ImportTextPane:218 - (OptionalMessage_ERROR) IP (DMA) : Parameter (Mode) has Id (USART1_RX) currently not set
2026-05-11 13:33:54,013 [INFO] ImportTextPane:218 - (OptionalMessage_ERROR) IP (DMA) : Parameter (Priority) has Id (USART1_RX) currently not set
2026-05-11 13:33:54,013 [INFO] ImportTextPane:218 - (OptionalMessage_ERROR) IP (DMA) : Parameter (FIFOMode) has Id (USART1_RX) currently not set
2026-05-11 13:33:54,013 [INFO] ImportTextPane:218 - (OptionalMessage_ERROR) IP (DMA) : Parameter (Instance) has Id (USART1_TX) currently not set
2026-05-11 13:33:54,013 [INFO] ImportTextPane:218 - (OptionalMessage_ERROR) IP (DMA) : Parameter (Channel) has Id (USART1_TX) currently not set
2026-05-11 13:33:54,013 [INFO] ImportTextPane:218 - (OptionalMessage_ERROR) IP (DMA) : Parameter (Direction) has Id (USART1_TX) currently not set
2026-05-11 13:33:54,013 [INFO] ImportTextPane:218 - (OptionalMessage_ERROR) IP (DMA) : Parameter (PeriphInc) has Id (USART1_TX) currently not set
2026-05-11 13:33:54,013 [INFO] ImportTextPane:218 - (OptionalMessage_ERROR) IP (DMA) : Parameter (MemInc) has Id (USART1_TX) currently not set
2026-05-11 13:33:54,013 [INFO] ImportTextPane:218 - (OptionalMessage_ERROR) IP (DMA) : Parameter (PeriphDataAlignment) has Id (USART1_TX) currently not set
2026-05-11 13:33:54,013 [INFO] ImportTextPane:218 - (OptionalMessage_ERROR) IP (DMA) : Parameter (MemDataAlignment) has Id (USART1_TX) currently not set
2026-05-11 13:33:54,013 [INFO] ImportTextPane:218 - (OptionalMessage_ERROR) IP (DMA) : Parameter (Mode) has Id (USART1_TX) currently not set
2026-05-11 13:33:54,013 [INFO] ImportTextPane:218 - (OptionalMessage_ERROR) IP (DMA) : Parameter (Priority) has Id (USART1_TX) currently not set
2026-05-11 13:33:54,013 [INFO] ImportTextPane:218 - (OptionalMessage_ERROR) IP (DMA) : Parameter (FIFOMode) has Id (USART1_TX) currently not set
2026-05-11 13:33:54,016 [WARN] IP:2251 - tgfx_framebuffer_stride_value_custom not found: check if there is a RefParameter without a condition.
2026-05-11 13:33:54,018 [INFO] ImportTextPane:218 - (OptionalMessage_ERROR) IP (STMicroelectronics.X-CUBE-TOUCHGFX.4.26.0) : Parameter (ApplicationCcGraphicsJjApplication) has invalid value (TouchGFXOoGenerator)
2026-05-11 13:33:54,244 [INFO] UtilMem:75 - End LoadConfig() Used Memory: 879408096 Bytes (1073741824)
2026-05-11 13:33:54,274 [WARN] ThirdParty:833 - waiting for thirdparty lock release [change project]
2026-05-11 13:33:54,274 [INFO] ThirdParty:835 - entering critical section [change project]
2026-05-11 13:33:54,274 [INFO] ThirdParty:1030 - CMSIS Pack Vendor :STMicroelectronics X-CUBE-AZRTOS-H7 3.5.0
2026-05-11 13:33:54,274 [INFO] ThirdParty:1030 - CMSIS Pack Vendor :STMicroelectronics X-CUBE-PM33A1 1.0.0
2026-05-11 13:33:54,274 [INFO] ThirdParty:1030 - CMSIS Pack Vendor :STMicroelectronics USBPD 4.1
2026-05-11 13:33:54,274 [INFO] ThirdParty:1030 - CMSIS Pack Vendor :STMicroelectronics USB_HOST 2.0.0
2026-05-11 13:33:54,274 [INFO] ThirdParty:1030 - CMSIS Pack Vendor :STMicroelectronics FP-SNS-MOTENVWB1 1.4.0
2026-05-11 13:33:54,274 [INFO] ThirdParty:1030 - CMSIS Pack Vendor :STMicroelectronics X-CUBE-AZRTOS-F4 1.1.0
2026-05-11 13:33:54,275 [INFO] ThirdParty:1030 - CMSIS Pack Vendor :STMicroelectronics LIBJPEG 8.0.0
2026-05-11 13:33:54,275 [INFO] ThirdParty:1030 - CMSIS Pack Vendor :STMicroelectronics FP-ATR-ASTRA1 2.0.2
2026-05-11 13:33:54,275 [INFO] ThirdParty:1030 - CMSIS Pack Vendor :STMicroelectronics FP-ATR-ASTRA1 2.0.1
2026-05-11 13:33:54,275 [INFO] ThirdParty:1030 - CMSIS Pack Vendor :STMicroelectronics X-CUBE-SMBUS 2.1.0
2026-05-11 13:33:54,275 [INFO] ThirdParty:1030 - CMSIS Pack Vendor :STMicroelectronics X-CUBE-WB05N 1.1.0
2026-05-11 13:33:54,275 [INFO] ThirdParty:1030 - CMSIS Pack Vendor :STMicroelectronics X-CUBE-ISPU 2.1.0
2026-05-11 13:33:54,275 [INFO] ThirdParty:1030 - CMSIS Pack Vendor :STMicroelectronics eDS-WB_DPC_TT-BIDIR 2.1.1
2026-05-11 13:33:54,275 [INFO] ThirdParty:1030 - CMSIS Pack Vendor :STMicroelectronics X-CUBE-NFC12 1.0.0
2026-05-11 13:33:54,275 [INFO] ThirdParty:1030 - CMSIS Pack Vendor :STMicroelectronics X-CUBE-AZRTOS-F7 1.1.0
2026-05-11 13:33:54,275 [INFO] ThirdParty:1030 - CMSIS Pack Vendor :STMicroelectronics X-CUBE-AZRTOS-L5 2.0.0
2026-05-11 13:33:54,275 [INFO] ThirdParty:1030 - CMSIS Pack Vendor :STMicroelectronics USB_DEVICE 2.0.0
2026-05-11 13:33:54,275 [INFO] ThirdParty:1030 - CMSIS Pack Vendor :STMicroelectronics X-CUBE-NFC6 3.1.0
2026-05-11 13:33:54,275 [INFO] ThirdParty:1030 - CMSIS Pack Vendor :STMicroelectronics FreeRTOS 0.0.1
2026-05-11 13:33:54,275 [INFO] ThirdParty:1030 - CMSIS Pack Vendor :STMicroelectronics X-CUBE-DPower 1.2.0
2026-05-11 13:33:54,275 [INFO] ThirdParty:1030 - CMSIS Pack Vendor :STMicroelectronics eDS-WB_DPC_VIENNA 1.2.0
2026-05-11 13:33:54,275 [INFO] ThirdParty:1030 - CMSIS Pack Vendor :STMicroelectronics FP-SNS-FLIGHT1 5.0.2
2026-05-11 13:33:54,275 [INFO] ThirdParty:1030 - CMSIS Pack Vendor :STMicroelectronics eDS-WB_DPC_3PH2L-BIDIR 1.1.1
2026-05-11 13:33:54,275 [INFO] ThirdParty:1030 - CMSIS Pack Vendor :Infineon AIROC-Wi-Fi-Bluetooth-STM32 1.7.0
2026-05-11 13:33:54,275 [INFO] ThirdParty:1030 - CMSIS Pack Vendor :STMicroelectronics PDM2PCM 3.3.0
2026-05-11 13:33:54,275 [INFO] ThirdParty:1030 - CMSIS Pack Vendor :STMicroelectronics X-CUBE-DISPLAY 3.0.0
2026-05-11 13:33:54,275 [INFO] ThirdParty:1030 - CMSIS Pack Vendor :STMicroelectronics X-CUBE-GNSS1 7.1.1
2026-05-11 13:33:54,275 [INFO] ThirdParty:1030 - CMSIS Pack Vendor :STMicroelectronics X-CUBE-BLE1 7.0.0
2026-05-11 13:33:54,275 [INFO] ThirdParty:1030 - CMSIS Pack Vendor :STMicroelectronics X-CUBE-NFC10 1.0.0
2026-05-11 13:33:54,275 [INFO] ThirdParty:1030 - CMSIS Pack Vendor :STMicroelectronics X-CUBE-BLEMGR 4.0.0
2026-05-11 13:33:54,275 [INFO] ThirdParty:1030 - CMSIS Pack Vendor :STMicroelectronics HAL Drivers 0.0.0
2026-05-11 13:33:54,275 [INFO] ThirdParty:1030 - CMSIS Pack Vendor :STMicroelectronics X-CUBE-ST60 1.1.0
2026-05-11 13:33:54,275 [INFO] ThirdParty:1030 - CMSIS Pack Vendor :emotas I-CUBE-CANOPEN 1.3.0
2026-05-11 13:33:54,275 [INFO] ThirdParty:1030 - CMSIS Pack Vendor :STMicroelectronics X-CUBE-FREERTOS 1.3.0
2026-05-11 13:33:54,275 [INFO] ThirdParty:1030 - CMSIS Pack Vendor :STMicroelectronics X-CUBE-NFC7 1.0.1
2026-05-11 13:33:54,275 [INFO] ThirdParty:1030 - CMSIS Pack Vendor :STMicroelectronics MBEDTLS 2.14.1
2026-05-11 13:33:54,275 [INFO] ThirdParty:1030 - CMSIS Pack Vendor :STMicroelectronics X-CUBE-GNSS1 7.1.0
2026-05-11 13:33:54,275 [INFO] ThirdParty:1030 - CMSIS Pack Vendor :STMicroelectronics X-CUBE-TOUCHGFX 4.26.0
2026-05-11 13:33:54,275 [INFO] ThirdParty:1030 - CMSIS Pack Vendor :STMicroelectronics X-CUBE-TOUCHGFX 4.26.1
2026-05-11 13:33:54,275 [INFO] ThirdParty:1030 - CMSIS Pack Vendor :STMicroelectronics X-CUBE-AI 10.0.0
2026-05-11 13:33:54,275 [INFO] ThirdParty:1030 - CMSIS Pack Vendor :STMicroelectronics FP-SNS-STAIOTCFT 1.0.0
2026-05-11 13:33:54,275 [INFO] ThirdParty:1030 - CMSIS Pack Vendor :STMicroelectronics FP-SNS-SMARTAG2 1.2.0
2026-05-11 13:33:54,275 [INFO] ThirdParty:1030 - CMSIS Pack Vendor :STMicroelectronics FP-SNS-FLIGHT1 5.1.0
2026-05-11 13:33:54,275 [INFO] ThirdParty:1030 - CMSIS Pack Vendor :STMicroelectronics X-CUBE-MEMS1 11.1.0
2026-05-11 13:33:54,275 [INFO] ThirdParty:1030 - CMSIS Pack Vendor :STMicroelectronics X-CUBE-AZRTOS-WL 2.0.0
2026-05-11 13:33:54,275 [INFO] ThirdParty:1030 - CMSIS Pack Vendor :STMicroelectronics X-CUBE-DPower 1.3.0
2026-05-11 13:33:54,275 [INFO] ThirdParty:1030 - CMSIS Pack Vendor :STMicroelectronics FP-SNS-MOTENV1 5.0.0
2026-05-11 13:33:54,275 [INFO] ThirdParty:1030 - CMSIS Pack Vendor :STMicroelectronics USB_DEVICE 1.0.0
2026-05-11 13:33:54,275 [INFO] ThirdParty:1030 - CMSIS Pack Vendor :STMicroelectronics X-CUBE-AZRTOS-H7RS 1.2.0
2026-05-11 13:33:54,275 [INFO] ThirdParty:1030 - CMSIS Pack Vendor :wolfSSL I-CUBE-wolfMQTT 1.19.0
2026-05-11 13:33:54,275 [INFO] ThirdParty:1030 - CMSIS Pack Vendor :STMicroelectronics X-CUBE-AZRTOS-L4 2.0.0
2026-05-11 13:33:54,275 [INFO] ThirdParty:1030 - CMSIS Pack Vendor :STMicroelectronics ThreadX 0.0.2
2026-05-11 13:33:54,275 [INFO] ThirdParty:1030 - CMSIS Pack Vendor :WES I-CUBE-Cesium 1.3.0
2026-05-11 13:33:54,275 [INFO] ThirdParty:1030 - CMSIS Pack Vendor :STMicroelectronics lwIP 2.1.2
2026-05-11 13:33:54,275 [INFO] ThirdParty:1030 - CMSIS Pack Vendor :STMicroelectronics X-CUBE-SFXS2LP1 4.0.0
2026-05-11 13:33:54,275 [INFO] ThirdParty:1030 - CMSIS Pack Vendor :STMicroelectronics X-CUBE-BLE2 3.3.0
2026-05-11 13:33:54,275 [INFO] ThirdParty:1030 - CMSIS Pack Vendor :Avnet-IOTCONNECT X-CUBE-iotc-st67-sdk 1.0.0
2026-05-11 13:33:54,275 [INFO] ThirdParty:1030 - CMSIS Pack Vendor :STMicroelectronics PDM2PCM 3.2.0
2026-05-11 13:33:54,275 [INFO] ThirdParty:1030 - CMSIS Pack Vendor :STMicroelectronics X-CUBE-WB05N 2.1.0
2026-05-11 13:33:54,275 [INFO] ThirdParty:1030 - CMSIS Pack Vendor :STMicroelectronics X-CUBE-AZRTOS-H7 3.3.0
2026-05-11 13:33:54,275 [INFO] ThirdParty:1030 - CMSIS Pack Vendor :STMicroelectronics X-CUBE-NFC9 1.0.0
2026-05-11 13:33:54,275 [INFO] ThirdParty:1030 - CMSIS Pack Vendor :STMicroelectronics X-CUBE-BLE1 7.1.0
2026-05-11 13:33:54,276 [INFO] ThirdParty:1030 - CMSIS Pack Vendor :STMicroelectronics USB_DEVICE 3.0.0
2026-05-11 13:33:54,276 [INFO] ThirdParty:1030 - CMSIS Pack Vendor :STMicroelectronics X-CUBE-EEPRMA1 5.2.0
2026-05-11 13:33:54,276 [INFO] ThirdParty:1030 - CMSIS Pack Vendor :STMicroelectronics X-CUBE-BLEMGR 4.1.0
2026-05-11 13:33:54,276 [INFO] ThirdParty:1030 - CMSIS Pack Vendor :STMicroelectronics X-CUBE-IPS 3.0.0
2026-05-11 13:33:54,276 [INFO] ThirdParty:1030 - CMSIS Pack Vendor :STMicroelectronics X-CUBE-AZRTOS-WB 2.0.0
2026-05-11 13:33:54,276 [INFO] ThirdParty:1030 - CMSIS Pack Vendor :STMicroelectronics X-CUBE-GNSS1 7.0.1
2026-05-11 13:33:54,276 [INFO] ThirdParty:1030 - CMSIS Pack Vendor :STMicroelectronics FP-SNS-STBOX1 2.0.0
2026-05-11 13:33:54,276 [INFO] ThirdParty:1030 - CMSIS Pack Vendor :STMicroelectronics X-CUBE-MEMS1 12.0.0
2026-05-11 13:33:54,276 [INFO] ThirdParty:1030 - CMSIS Pack Vendor :STMicroelectronics X-CUBE-STSE01 2.0.0
2026-05-11 13:33:54,276 [INFO] ThirdParty:1030 - CMSIS Pack Vendor :STMicroelectronics X-CUBE-AZRTOS-G0 1.1.0
2026-05-11 13:33:54,276 [INFO] ThirdParty:1030 - CMSIS Pack Vendor :STMicroelectronics X-CUBE-SAFEA1 1.2.2
2026-05-11 13:33:54,276 [INFO] ThirdParty:1030 - CMSIS Pack Vendor :STMicroelectronics X-CUBE-NFC4 3.0.0
2026-05-11 13:33:54,276 [INFO] ThirdParty:1030 - CMSIS Pack Vendor :STMicroelectronics X-CUBE-SUBG2 5.0.0
2026-05-11 13:33:54,276 [INFO] ThirdParty:1030 - CMSIS Pack Vendor :STMicroelectronics STM32_WPAN 1.0.0
2026-05-11 13:33:54,276 [INFO] ThirdParty:1030 - CMSIS Pack Vendor :EmbeddedOffice I-CUBE-FS-RTOS 1.0.1
2026-05-11 13:33:54,276 [INFO] ThirdParty:1030 - CMSIS Pack Vendor :STMicroelectronics lwIP 2.0.3
2026-05-11 13:33:54,276 [INFO] ThirdParty:1030 - CMSIS Pack Vendor :Cesanta I-CUBE-Mongoose 7.13.0
2026-05-11 13:33:54,276 [INFO] ThirdParty:1030 - CMSIS Pack Vendor :STMicroelectronics USB_HOST 1.0.0
2026-05-11 13:33:54,276 [INFO] ThirdParty:1030 - CMSIS Pack Vendor :STMicroelectronics X-CUBE-AZRTOS-G4 2.0.0
2026-05-11 13:33:54,276 [INFO] ThirdParty:1030 - CMSIS Pack Vendor :STMicroelectronics PDM2PCM 3.1.0
2026-05-11 13:33:54,276 [INFO] ThirdParty:1030 - CMSIS Pack Vendor :STMicroelectronics X-CUBE-NFC7 2.0.0
2026-05-11 13:33:54,276 [INFO] ThirdParty:1030 - CMSIS Pack Vendor :STMicroelectronics X-CUBE-TCPP 4.2.0
2026-05-11 13:33:54,276 [INFO] ThirdParty:1030 - CMSIS Pack Vendor :RealThread X-CUBE-RT-Thread_Nano 4.1.1
2026-05-11 13:33:54,276 [INFO] ThirdParty:1030 - CMSIS Pack Vendor :STMicroelectronics FP-ATR-SIGFOX1 3.2.0
2026-05-11 13:33:54,276 [INFO] ThirdParty:1030 - CMSIS Pack Vendor :quantropi X-CUBE-qispace-sdk-base 1.9.3
2026-05-11 13:33:54,276 [INFO] ThirdParty:1030 - CMSIS Pack Vendor :STMicroelectronics X-CUBE-EEPRMA1 5.1.0
2026-05-11 13:33:54,276 [INFO] ThirdParty:1030 - CMSIS Pack Vendor :STMicroelectronics MBEDTLS 2.16.2
2026-05-11 13:33:54,276 [INFO] ThirdParty:1030 - CMSIS Pack Vendor :STMicroelectronics X-CUBE-IPS 3.1.0
2026-05-11 13:33:54,276 [INFO] ThirdParty:1030 - CMSIS Pack Vendor :STMicroelectronics X-CUBE-ALS 1.0.2
2026-05-11 13:33:54,276 [INFO] ThirdParty:1030 - CMSIS Pack Vendor :wolfSSL I-CUBE-wolfSSL 5.7.4
2026-05-11 13:33:54,276 [INFO] ThirdParty:1030 - CMSIS Pack Vendor :ITTIA_DB I-CUBE-ITTIADB 8.9.0
2026-05-11 13:33:54,276 [INFO] ThirdParty:1030 - CMSIS Pack Vendor :STMicroelectronics X-CUBE-TOUCHGFX 4.24.2
2026-05-11 13:33:54,276 [INFO] ThirdParty:1030 - CMSIS Pack Vendor :STMicroelectronics X-CUBE-TOUCHGFX 4.24.1
2026-05-11 13:33:54,276 [INFO] ThirdParty:1030 - CMSIS Pack Vendor :wolfSSL I-CUBE-wolfTPM 3.4.0
2026-05-11 13:33:54,276 [INFO] ThirdParty:1030 - CMSIS Pack Vendor :portGmbH I-Cube-SoM-uGOAL 1.1.0
2026-05-11 13:33:54,276 [INFO] ThirdParty:1030 - CMSIS Pack Vendor :STMicroelectronics X-CUBE-NFC6 3.2.0
2026-05-11 13:33:54,277 [INFO] ThirdParty:1030 - CMSIS Pack Vendor :STMicroelectronics X-CUBE-AI 10.2.0
2026-05-11 13:33:54,277 [INFO] ThirdParty:1030 - CMSIS Pack Vendor :STMicroelectronics ThreadX 1.0.0
2026-05-11 13:33:54,277 [INFO] ThirdParty:1030 - CMSIS Pack Vendor :STMicroelectronics X-CUBE-MEMS1 12.1.0
2026-05-11 13:33:54,277 [INFO] ThirdParty:1030 - CMSIS Pack Vendor :SEGGER I-CUBE-embOS 1.3.1
2026-05-11 13:33:54,277 [INFO] ThirdParty:1030 - CMSIS Pack Vendor :STMicroelectronics X-CUBE-ALGOBUILD 1.4.0
2026-05-11 13:33:54,277 [INFO] ThirdParty:1030 - CMSIS Pack Vendor :STMicroelectronics X-CUBE-AZRTOS-H7RS 1.0.0
2026-05-11 13:33:54,277 [INFO] ThirdParty:1030 - CMSIS Pack Vendor :STMicroelectronics X-CUBE-TOF1 3.4.2
2026-05-11 13:33:54,277 [INFO] ThirdParty:1030 - CMSIS Pack Vendor :STMicroelectronics X-CUBE-TOF1 3.4.3
2026-05-11 13:33:54,277 [INFO] ThirdParty:1030 - CMSIS Pack Vendor :STMicroelectronics X-CUBE-AI 9.1.0
2026-05-11 13:33:54,277 [INFO] ThirdParty:1030 - CMSIS Pack Vendor :wolfSSL I-CUBE-wolfSSH 1.4.17
2026-05-11 13:33:54,277 [INFO] ThirdParty:841 - exiting critical section [change project]
2026-05-11 13:33:54,378 [INFO] PinOutPanel:1589 - setPackage(No Configuration,No Configuration)
2026-05-11 13:33:54,379 [INFO] PinOutPanel:1589 - setPackage(STM32F411CEUx,UFQFPN48)
2026-05-11 13:33:54,579 [INFO] UtilMem:75 - Before build in PCC Used Memory: 879763728 Bytes (1073741824)
2026-05-11 13:33:54,874 [INFO] UtilMem:75 - After build in PCC Used Memory: 923277584 Bytes (1073741824)
2026-05-11 13:33:54,891 [INFO] IPUIPlugin:80 - create IPUIPlugin
2026-05-11 13:33:54,892 [INFO] IPUIPlugin:80 - create IPUIPlugin
2026-05-11 13:33:54,892 [INFO] IPUIPlugin:80 - create IPUIPlugin
2026-05-11 13:33:54,892 [INFO] IPUIPlugin:80 - create IPUIPlugin
2026-05-11 13:33:54,892 [INFO] IPUIPlugin:80 - create IPUIPlugin
2026-05-11 13:33:54,892 [INFO] IPUIPlugin:80 - create IPUIPlugin
2026-05-11 13:33:54,892 [INFO] IPUIPlugin:80 - create IPUIPlugin
2026-05-11 13:33:54,892 [INFO] IPUIPlugin:80 - create IPUIPlugin
2026-05-11 13:33:54,892 [INFO] IPUIPlugin:80 - create IPUIPlugin
2026-05-11 13:33:54,892 [INFO] IPUIPlugin:80 - create IPUIPlugin
2026-05-11 13:33:54,892 [INFO] IPUIPlugin:80 - create IPUIPlugin
2026-05-11 13:33:54,892 [INFO] IPUIPlugin:80 - create IPUIPlugin
2026-05-11 13:33:54,892 [INFO] IPUIPlugin:80 - create IPUIPlugin
2026-05-11 13:33:54,893 [INFO] IPUIPlugin:80 - create IPUIPlugin
2026-05-11 13:33:54,893 [INFO] IPUIPlugin:80 - create IPUIPlugin
2026-05-11 13:33:54,893 [INFO] IPUIPlugin:80 - create IPUIPlugin
2026-05-11 13:33:54,893 [INFO] IPUIPlugin:80 - create IPUIPlugin
2026-05-11 13:33:54,893 [INFO] IPUIPlugin:80 - create IPUIPlugin
2026-05-11 13:33:54,893 [INFO] IPUIPlugin:80 - create IPUIPlugin
2026-05-11 13:33:54,893 [INFO] IPUIPlugin:80 - create IPUIPlugin
2026-05-11 13:33:54,893 [INFO] IPUIPlugin:80 - create IPUIPlugin
2026-05-11 13:33:54,893 [INFO] IPUIPlugin:80 - create IPUIPlugin
2026-05-11 13:33:54,894 [INFO] IPUIPlugin:80 - create IPUIPlugin
2026-05-11 13:33:54,894 [INFO] IPUIPlugin:80 - create IPUIPlugin
2026-05-11 13:33:54,894 [INFO] IPUIPlugin:80 - create IPUIPlugin
2026-05-11 13:33:54,894 [INFO] IPUIPlugin:80 - create IPUIPlugin
2026-05-11 13:33:54,894 [INFO] IPUIPlugin:80 - create IPUIPlugin
2026-05-11 13:33:54,894 [INFO] IPUIPlugin:80 - create IPUIPlugin
2026-05-11 13:33:54,894 [INFO] IPUIPlugin:80 - create IPUIPlugin
2026-05-11 13:33:54,894 [INFO] IPUIPlugin:80 - create IPUIPlugin
2026-05-11 13:33:54,894 [INFO] IPUIPlugin:80 - create IPUIPlugin
2026-05-11 13:33:54,895 [INFO] IPUIPlugin:80 - create IPUIPlugin
2026-05-11 13:33:54,895 [INFO] IPUIPlugin:80 - create IPUIPlugin
2026-05-11 13:33:54,895 [INFO] IPUIPlugin:80 - create IPUIPlugin
2026-05-11 13:33:54,895 [INFO] IPUIPlugin:80 - create IPUIPlugin
2026-05-11 13:33:54,895 [INFO] IPUIPlugin:80 - create IPUIPlugin
2026-05-11 13:33:54,895 [INFO] IPUIPlugin:80 - create IPUIPlugin
2026-05-11 13:33:54,895 [INFO] IPUIPlugin:80 - create IPUIPlugin
2026-05-11 13:33:54,896 [INFO] IPUIPlugin:80 - create IPUIPlugin
2026-05-11 13:33:54,896 [INFO] IPUIPlugin:80 - create IPUIPlugin
2026-05-11 13:33:54,896 [INFO] IPUIPlugin:80 - create IPUIPlugin
2026-05-11 13:33:54,896 [INFO] IPUIPlugin:80 - create IPUIPlugin
2026-05-11 13:33:54,897 [INFO] IPUIPlugin:80 - create IPUIPlugin
2026-05-11 13:33:54,897 [INFO] IPUIPlugin:80 - create IPUIPlugin
2026-05-11 13:33:54,903 [INFO] ApiDbMcu:508 - Load IP Config File for PDM2PCM
2026-05-11 13:33:54,914 [WARN] FreeRTOS:1023 - Null or empty value: should not occur! (nothing added to the table)
2026-05-11 13:33:54,994 [INFO] CADModel:165 - CPN selected for project levelSTM32F411CEU6
2026-05-11 13:33:54,994 [INFO] CADModel:114 - Register for checkConnection events
2026-05-11 13:33:54,996 [INFO] RtosManager:697 - Active RTOS found at IOC load: FREERTOS [Cortex-M4NS]
2026-05-11 13:33:55,051 [INFO] OpenFileManager:363 - Restore cursor
2026-05-11 13:33:55,216 [WARN] IP:2251 - tgfx_framebuffer_stride_value_custom not found: check if there is a RefParameter without a condition.
2026-05-11 13:33:55,218 [WARN] IP:2251 - tgfx_framebuffer_stride_value_custom not found: check if there is a RefParameter without a condition.
2026-05-11 14:02:01,696 [INFO] WebApp:190 - Connection lost
2026-05-11 14:02:01,978 [INFO] WebApp:187 - Connection restablished
2026-05-11 14:02:07,148 [INFO] WebApp:190 - Connection lost
2026-05-11 14:02:07,480 [INFO] WebApp:187 - Connection restablished
2026-05-11 14:13:51,630 [INFO] MainUpdater:2872 - connection check result : 10
2026-05-11 14:13:51,631 [INFO] MainUpdater:2872 - connection check result : 10
2026-05-11 14:13:51,657 [INFO] MicroXplorer:468 - Change Database Path : 
2026-05-11 14:13:51,657 [INFO] MicroXplorer:498 - Change Database Version : DB.6.0.130
2026-05-11 14:13:51,715 [ERROR] ProjectManagerView:394 - 
java.lang.NullPointerException: Cannot invoke "javax.swing.JTextField.getText()" because the return value of "java.util.List.get(int)" is null
	at com.st.microxplorer.plugins.projectmanager.gui.ProjectChoiceTab$9.caretUpdate(ProjectChoiceTab.java:2616) ~[filemanager.jar:?]
	at javax.swing.text.JTextComponent.fireCaretUpdate(JTextComponent.java:408) ~[?:?]
	at javax.swing.text.JTextComponent$MutableCaretEvent.fire(JTextComponent.java:4484) ~[?:?]
	at javax.swing.text.JTextComponent$MutableCaretEvent.stateChanged(JTextComponent.java:4506) ~[?:?]
	at javax.swing.text.DefaultCaret.fireStateChanged(DefaultCaret.java:857) ~[?:?]
	at javax.swing.text.DefaultCaret.changeCaretPosition(DefaultCaret.java:1343) ~[?:?]
	at javax.swing.text.DefaultCaret.handleSetDot(DefaultCaret.java:1242) ~[?:?]
	at javax.swing.text.DefaultCaret.setDot(DefaultCaret.java:1223) ~[?:?]
	at javax.swing.text.DefaultCaret$Handler.insertUpdate(DefaultCaret.java:1819) ~[?:?]
	at javax.swing.text.AbstractDocument.fireInsertUpdate(AbstractDocument.java:227) ~[?:?]
	at javax.swing.text.AbstractDocument.handleInsertString(AbstractDocument.java:781) ~[?:?]
	at javax.swing.text.AbstractDocument.insertString(AbstractDocument.java:740) ~[?:?]
	at javax.swing.text.PlainDocument.insertString(PlainDocument.java:131) ~[?:?]
	at javax.swing.text.AbstractDocument.replace(AbstractDocument.java:699) ~[?:?]
	at javax.swing.text.JTextComponent.setText(JTextComponent.java:1725) ~[?:?]
	at com.st.microxplorer.plugins.projectmanager.gui.ProjectChoiceTab.createHeapStackFields(ProjectChoiceTab.java:975) ~[filemanager.jar:?]
	at com.st.microxplorer.plugins.projectmanager.gui.ProjectChoiceTab.buildLinkSettingsPanel(ProjectChoiceTab.java:3666) ~[filemanager.jar:?]
	at com.st.microxplorer.plugins.projectmanager.gui.ProjectChoiceTab.defineWindowsFields(ProjectChoiceTab.java:1934) ~[filemanager.jar:?]
	at com.st.microxplorer.plugins.projectmanager.gui.ProjectChoiceTab.updateSettings(ProjectChoiceTab.java:553) ~[filemanager.jar:?]
	at com.st.microxplorer.plugins.projectmanager.gui.ProjectSettingsPanel.UpdateDialog(ProjectSettingsPanel.java:245) ~[filemanager.jar:?]
	at com.st.microxplorer.plugins.projectmanager.ProjectManagerView.propertyChange(ProjectManagerView.java:391) ~[filemanager.jar:?]
	at java.beans.PropertyChangeSupport.fire(PropertyChangeSupport.java:343) ~[?:?]
	at java.beans.PropertyChangeSupport.firePropertyChange(PropertyChangeSupport.java:335) ~[?:?]
	at java.beans.PropertyChangeSupport.firePropertyChange(PropertyChangeSupport.java:268) ~[?:?]
	at com.st.microxplorer.util.MXPropertyChangeSupport.firePropertyChange(MXPropertyChangeSupport.java:54) ~[STM32CubeMX.jar:?]
	at com.st.microxplorer.mxsystem.MxSystem.closeConfig(MxSystem.java:899) ~[STM32CubeMX.jar:?]
	at com.st.microxplorer.maingui.MainPanel.closeConfig(MainPanel.java:789) ~[STM32CubeMX.jar:?]
	at com.st.microxplorer.plugins.filemanager.engine.OpenFileManager.loadConfigurationFile(OpenFileManager.java:265) ~[filemanager.jar:?]
	at com.st.microxplorer.plugins.filemanager.engine.MainFileManager.userLoadConfig(MainFileManager.java:340) ~[filemanager.jar:?]
	at com.st.microxplorer.plugins.filemanager.engine.MainFileManager.userLoadConfig(MainFileManager.java:318) ~[filemanager.jar:?]
	at com.st.microxplorer.plugins.filemanager.FileManagerView.getSpecificTask(FileManagerView.java:246) ~[filemanager.jar:?]
	at com.st.stm32cube.common.mx.editor.CubeMxEditor.getMxTabbedPaneInstance(CubeMxEditor.java:1198) ~[com.st.stm32cube.common.mx_6.13.0.202411220809/:?]
	at com.st.stm32cube.common.mx.editor.CubeMxEditor$12$1.createSwingComponent(CubeMxEditor.java:1068) ~[com.st.stm32cube.common.mx_6.13.0.202411220809/:?]
	at com.st.stm32cube.common.mx.oss.core.awtswtbridge.EmbeddedSwingComposite.doComponentCreation(EmbeddedSwingComposite.java:492) ~[com.st.stm32cube.common.mx.oss_6.13.0.202411220809/:?]
	at com.st.stm32cube.common.mx.oss.core.awtswtbridge.EmbeddedSwingComposite$4.run(EmbeddedSwingComposite.java:291) ~[com.st.stm32cube.common.mx.oss_6.13.0.202411220809/:?]
	at com.st.stm32cube.common.mx.oss.core.awtswtbridge.AwtEnvironment$2.run(AwtEnvironment.java:166) ~[com.st.stm32cube.common.mx.oss_6.13.0.202411220809/:?]
	at java.awt.event.InvocationEvent.dispatch(InvocationEvent.java:318) ~[?:?]
	at java.awt.EventQueue.dispatchEventImpl(EventQueue.java:773) ~[?:?]
	at java.awt.EventQueue$4.run(EventQueue.java:720) ~[?:?]
	at java.awt.EventQueue$4.run(EventQueue.java:714) ~[?:?]
	at java.security.AccessController.doPrivileged(AccessController.java:400) ~[?:?]
	at java.security.ProtectionDomain$JavaSecurityAccessImpl.doIntersectionPrivilege(ProtectionDomain.java:87) ~[?:?]
	at java.awt.EventQueue.dispatchEvent(EventQueue.java:742) ~[?:?]
	at java.awt.EventDispatchThread.pumpOneEventForFilters(EventDispatchThread.java:203) ~[?:?]
	at java.awt.EventDispatchThread.pumpEventsForFilter(EventDispatchThread.java:124) ~[?:?]
	at java.awt.EventDispatchThread.pumpEventsForHierarchy(EventDispatchThread.java:113) ~[?:?]
	at java.awt.EventDispatchThread.pumpEvents(EventDispatchThread.java:109) ~[?:?]
	at java.awt.EventDispatchThread.pumpEvents(EventDispatchThread.java:101) ~[?:?]
	at java.awt.EventDispatchThread.run(EventDispatchThread.java:90) ~[?:?]
2026-05-11 14:13:51,718 [WARN] ThirdParty:871 - waiting for thirdparty lock release [close project]
2026-05-11 14:13:51,719 [INFO] ThirdParty:873 - entering critical section [close project]
2026-05-11 14:13:51,719 [INFO] ThirdParty:883 - exiting critical section [close project]
2026-05-11 14:13:51,722 [INFO] PinOutPanel:1589 - setPackage(No Configuration,No Configuration)
2026-05-11 14:13:51,737 [WARN] IpParametersView:154 - Warning: This peripheral hasn't parameters
2026-05-11 14:13:51,758 [WARN] MainPanel:289 - <html><b><center>Warning: This peripheral has no parameters to be configured<br></b></html>
2026-05-11 14:13:51,759 [ERROR] MainPanel:599 - java.lang.IndexOutOfBoundsException: Index: 0, Tab count: 0
2026-05-11 14:13:51,766 [INFO] UtilMem:75 - Begin LoadConfig() Used Memory: 985000056 Bytes (1073741824)
2026-05-11 14:13:51,783 [INFO] MicroXplorer:468 - Change Database Path : C:/Users/Pache/.stm32cubemx/databases/DB.6.0.110/db/
2026-05-11 14:13:51,783 [INFO] MicroXplorer:498 - Change Database Version : DB.6.0.110
2026-05-11 14:13:53,643 [INFO] OpenFileManager:332 - Change cursor
2026-05-11 14:13:53,693 [INFO] Mcu:2035 - Initializing MCU STM32F411C(C-E)Ux STM32F411CEUx STM32F411CEU6
2026-05-11 14:13:55,076 [INFO] Context:748 - Trying to add GPIOservice into a context  which must be forbidden
2026-05-11 14:13:55,766 [INFO] RtosManager:555 - Registered RTOS mode: class=CMSIS, group=RTOS, mode=CMSIS_V1, owner=FREERTOS
2026-05-11 14:13:55,766 [INFO] RtosManager:555 - Registered RTOS mode: class=CMSIS, group=RTOS2, mode=CMSIS_V2, owner=FREERTOS
2026-05-11 14:13:55,766 [INFO] RtosManager:555 - Registered RTOS mode: class=RTOS, group=Core, mode=CMSIS_V1, owner=FREERTOS
2026-05-11 14:13:55,766 [INFO] RtosManager:555 - Registered RTOS mode: class=RTOS, group=Core, mode=CMSIS_V2, owner=FREERTOS
2026-05-11 14:13:55,766 [WARN] ModelIntegratedComponent:184 - Missing modes for component STMicroelectronics:FreeRTOS:0.0.1:STMicroelectronics:RTOS:FreeRTOS:Core:::10.2.0:
2026-05-11 14:13:55,789 [WARN] ModelIntegratedComponent:63 - No mode defined for component null
2026-05-11 14:13:55,790 [WARN] ModelIntegratedComponent:63 - No mode defined for component null
2026-05-11 14:13:55,790 [WARN] ModelIntegratedComponent:63 - No mode defined for component null
2026-05-11 14:13:55,790 [WARN] ModelIntegratedComponent:63 - No mode defined for component null
2026-05-11 14:13:55,790 [WARN] ModelIntegratedComponent:63 - No mode defined for component null
2026-05-11 14:13:55,790 [WARN] ModelIntegratedComponent:63 - No mode defined for component null
2026-05-11 14:13:55,790 [WARN] ModelIntegratedComponent:63 - No mode defined for component null
2026-05-11 14:13:55,790 [WARN] ModelIntegratedComponent:63 - No mode defined for component null
2026-05-11 14:13:55,790 [WARN] ModelIntegratedComponent:63 - No mode defined for component null
2026-05-11 14:13:55,790 [WARN] ModelIntegratedComponent:63 - No mode defined for component null
2026-05-11 14:13:55,790 [WARN] ModelIntegratedComponent:63 - No mode defined for component null
2026-05-11 14:13:55,791 [WARN] ModelIntegratedComponent:63 - No mode defined for component null
2026-05-11 14:13:55,791 [WARN] ModelIntegratedComponent:63 - No mode defined for component null
2026-05-11 14:13:55,791 [WARN] ModelIntegratedComponent:63 - No mode defined for component null
2026-05-11 14:13:55,791 [WARN] ModelIntegratedComponent:63 - No mode defined for component null
2026-05-11 14:13:55,791 [WARN] ModelIntegratedComponent:63 - No mode defined for component null
2026-05-11 14:13:55,791 [WARN] ModelIntegratedComponent:63 - No mode defined for component null
2026-05-11 14:13:55,791 [WARN] ModelIntegratedComponent:63 - No mode defined for component null
2026-05-11 14:13:55,791 [WARN] ModelIntegratedComponent:63 - No mode defined for component null
2026-05-11 14:13:55,791 [WARN] ModelIntegratedComponent:63 - No mode defined for component null
2026-05-11 14:13:55,792 [WARN] ModelIntegratedComponent:63 - No mode defined for component null
2026-05-11 14:13:55,792 [WARN] ModelIntegratedComponent:63 - No mode defined for component null
2026-05-11 14:13:55,792 [WARN] ModelIntegratedComponent:63 - No mode defined for component null
2026-05-11 14:13:55,792 [WARN] ModelIntegratedComponent:63 - No mode defined for component null
2026-05-11 14:13:55,792 [WARN] ModelIntegratedComponent:63 - No mode defined for component null
2026-05-11 14:13:55,792 [WARN] ModelIntegratedComponent:63 - No mode defined for component null
2026-05-11 14:13:55,793 [WARN] ModelIntegratedComponent:63 - No mode defined for component null
2026-05-11 14:13:55,793 [WARN] ModelIntegratedComponent:63 - No mode defined for component null
2026-05-11 14:13:55,793 [WARN] ModelIntegratedComponent:63 - No mode defined for component null
2026-05-11 14:13:55,793 [WARN] ModelIntegratedComponent:63 - No mode defined for component null
2026-05-11 14:13:55,793 [WARN] ModelIntegratedComponent:63 - No mode defined for component null
2026-05-11 14:13:55,793 [WARN] ModelIntegratedComponent:63 - No mode defined for component null
2026-05-11 14:13:55,793 [WARN] ModelIntegratedComponent:63 - No mode defined for component null
2026-05-11 14:13:55,795 [WARN] ModelIntegratedComponent:63 - No mode defined for component null
2026-05-11 14:13:55,795 [WARN] ModelIntegratedComponent:63 - No mode defined for component null
2026-05-11 14:13:55,795 [WARN] ModelPack:524 - Component already loaded: STMicroelectronics:HAL Drivers:0.0.0:STMicroelectronics:Device:STMicro_Driver:XSPI:HAL::0.0.1:HAL_XSPI
2026-05-11 14:13:55,929 [WARN] ModelIntegratedComponent:182 - Modes not found for component STMicroelectronics:USB_DEVICE:1.0.0:STMicroelectronics:USB::USB Device:Audio HS::1.0:USB_DEVICE_1_0_RESTRICTED_HS
2026-05-11 14:13:55,930 [WARN] ModelIntegratedComponent:188 - Modes not found for component STMicroelectronics:USB_DEVICE:1.0.0:STMicroelectronics:USB::USB Device:Audio HS::1.0:USB_DEVICE_1_0_RESTRICTED_HS
2026-05-11 14:13:55,930 [WARN] ModelIntegratedComponent:182 - Modes not found for component STMicroelectronics:USB_DEVICE:1.0.0:STMicroelectronics:USB::USB Device:CDC HS::1.0:USB_DEVICE_1_0_RESTRICTED_HS
2026-05-11 14:13:55,930 [WARN] ModelIntegratedComponent:188 - Modes not found for component STMicroelectronics:USB_DEVICE:1.0.0:STMicroelectronics:USB::USB Device:CDC HS::1.0:USB_DEVICE_1_0_RESTRICTED_HS
2026-05-11 14:13:55,930 [WARN] ModelIntegratedComponent:182 - Modes not found for component STMicroelectronics:USB_DEVICE:1.0.0:STMicroelectronics:USB::USB Device:DFU HS::1.0:USB_DEVICE_1_0_RESTRICTED_HS
2026-05-11 14:13:55,930 [WARN] ModelIntegratedComponent:188 - Modes not found for component STMicroelectronics:USB_DEVICE:1.0.0:STMicroelectronics:USB::USB Device:DFU HS::1.0:USB_DEVICE_1_0_RESTRICTED_HS
2026-05-11 14:13:55,932 [WARN] ModelIntegratedComponent:182 - Modes not found for component STMicroelectronics:USB_DEVICE:1.0.0:STMicroelectronics:USB::USB Device:HID HS::1.0:USB_DEVICE_1_0_RESTRICTED_HS
2026-05-11 14:13:55,932 [WARN] ModelIntegratedComponent:188 - Modes not found for component STMicroelectronics:USB_DEVICE:1.0.0:STMicroelectronics:USB::USB Device:HID HS::1.0:USB_DEVICE_1_0_RESTRICTED_HS
2026-05-11 14:13:55,932 [WARN] ModelIntegratedComponent:182 - Modes not found for component STMicroelectronics:USB_DEVICE:1.0.0:STMicroelectronics:USB::USB Device:Custom HID HS::1.0:USB_DEVICE_1_0_RESTRICTED_HS
2026-05-11 14:13:55,932 [WARN] ModelIntegratedComponent:188 - Modes not found for component STMicroelectronics:USB_DEVICE:1.0.0:STMicroelectronics:USB::USB Device:Custom HID HS::1.0:USB_DEVICE_1_0_RESTRICTED_HS
2026-05-11 14:13:55,932 [WARN] ModelIntegratedComponent:182 - Modes not found for component STMicroelectronics:USB_DEVICE:1.0.0:STMicroelectronics:USB::USB Device:MSC HS::1.0:USB_DEVICE_1_0_RESTRICTED_HS
2026-05-11 14:13:55,933 [WARN] ModelIntegratedComponent:188 - Modes not found for component STMicroelectronics:USB_DEVICE:1.0.0:STMicroelectronics:USB::USB Device:MSC HS::1.0:USB_DEVICE_1_0_RESTRICTED_HS
2026-05-11 14:13:55,996 [WARN] ModelIntegratedComponent:182 - Modes not found for component STMicroelectronics:USB_HOST:1.0.0:STMicroelectronics:USB::USB Host:Audio HS::1.0:USB_HOST_1_0_RESTRICTED_HS
2026-05-11 14:13:55,996 [WARN] ModelIntegratedComponent:188 - Modes not found for component STMicroelectronics:USB_HOST:1.0.0:STMicroelectronics:USB::USB Host:Audio HS::1.0:USB_HOST_1_0_RESTRICTED_HS
2026-05-11 14:13:55,996 [WARN] ModelIntegratedComponent:182 - Modes not found for component STMicroelectronics:USB_HOST:1.0.0:STMicroelectronics:USB::USB Host:CDC HS::1.0:USB_HOST_1_0_RESTRICTED_HS
2026-05-11 14:13:55,996 [WARN] ModelIntegratedComponent:188 - Modes not found for component STMicroelectronics:USB_HOST:1.0.0:STMicroelectronics:USB::USB Host:CDC HS::1.0:USB_HOST_1_0_RESTRICTED_HS
2026-05-11 14:13:55,996 [WARN] ModelIntegratedComponent:182 - Modes not found for component STMicroelectronics:USB_HOST:1.0.0:STMicroelectronics:USB::USB Host:MSC HS::1.0:USB_HOST_1_0_RESTRICTED_HS
2026-05-11 14:13:55,997 [WARN] ModelIntegratedComponent:188 - Modes not found for component STMicroelectronics:USB_HOST:1.0.0:STMicroelectronics:USB::USB Host:MSC HS::1.0:USB_HOST_1_0_RESTRICTED_HS
2026-05-11 14:13:55,997 [WARN] ModelIntegratedComponent:182 - Modes not found for component STMicroelectronics:USB_HOST:1.0.0:STMicroelectronics:USB::USB Host:HID HS::1.0:USB_HOST_1_0_RESTRICTED_HS
2026-05-11 14:13:55,997 [WARN] ModelIntegratedComponent:188 - Modes not found for component STMicroelectronics:USB_HOST:1.0.0:STMicroelectronics:USB::USB Host:HID HS::1.0:USB_HOST_1_0_RESTRICTED_HS
2026-05-11 14:13:55,997 [WARN] ModelIntegratedComponent:182 - Modes not found for component STMicroelectronics:USB_HOST:1.0.0:STMicroelectronics:USB::USB Host:MTP HS::1.0:USB_HOST_1_0_RESTRICTED_HS
2026-05-11 14:13:55,997 [WARN] ModelIntegratedComponent:188 - Modes not found for component STMicroelectronics:USB_HOST:1.0.0:STMicroelectronics:USB::USB Host:MTP HS::1.0:USB_HOST_1_0_RESTRICTED_HS
2026-05-11 14:13:56,086 [INFO] ThirdPartyModel:298 - Start build external matchings
2026-05-11 14:13:57,035 [INFO] ThirdPartyModel:316 - End build external matchings
2026-05-11 14:13:57,060 [INFO] RtosManager:922 - Current active RTOS is FREERTOS [Cortex-M4NS]
2026-05-11 14:13:57,064 [INFO] ImportTextPane:218 - (OptionalMessage_ERROR) IP (DMA) : Parameter (Instance) has Id (USART1_RX) currently not set
2026-05-11 14:13:57,065 [INFO] ImportTextPane:218 - (OptionalMessage_ERROR) IP (DMA) : Parameter (Channel) has Id (USART1_RX) currently not set
2026-05-11 14:13:57,065 [INFO] ImportTextPane:218 - (OptionalMessage_ERROR) IP (DMA) : Parameter (Direction) has Id (USART1_RX) currently not set
2026-05-11 14:13:57,065 [INFO] ImportTextPane:218 - (OptionalMessage_ERROR) IP (DMA) : Parameter (PeriphInc) has Id (USART1_RX) currently not set
2026-05-11 14:13:57,065 [INFO] ImportTextPane:218 - (OptionalMessage_ERROR) IP (DMA) : Parameter (MemInc) has Id (USART1_RX) currently not set
2026-05-11 14:13:57,065 [INFO] ImportTextPane:218 - (OptionalMessage_ERROR) IP (DMA) : Parameter (PeriphDataAlignment) has Id (USART1_RX) currently not set
2026-05-11 14:13:57,066 [INFO] ImportTextPane:218 - (OptionalMessage_ERROR) IP (DMA) : Parameter (MemDataAlignment) has Id (USART1_RX) currently not set
2026-05-11 14:13:57,066 [INFO] ImportTextPane:218 - (OptionalMessage_ERROR) IP (DMA) : Parameter (Mode) has Id (USART1_RX) currently not set
2026-05-11 14:13:57,066 [INFO] ImportTextPane:218 - (OptionalMessage_ERROR) IP (DMA) : Parameter (Priority) has Id (USART1_RX) currently not set
2026-05-11 14:13:57,066 [INFO] ImportTextPane:218 - (OptionalMessage_ERROR) IP (DMA) : Parameter (FIFOMode) has Id (USART1_RX) currently not set
2026-05-11 14:13:57,066 [INFO] ImportTextPane:218 - (OptionalMessage_ERROR) IP (DMA) : Parameter (Instance) has Id (USART1_TX) currently not set
2026-05-11 14:13:57,066 [INFO] ImportTextPane:218 - (OptionalMessage_ERROR) IP (DMA) : Parameter (Channel) has Id (USART1_TX) currently not set
2026-05-11 14:13:57,066 [INFO] ImportTextPane:218 - (OptionalMessage_ERROR) IP (DMA) : Parameter (Direction) has Id (USART1_TX) currently not set
2026-05-11 14:13:57,066 [INFO] ImportTextPane:218 - (OptionalMessage_ERROR) IP (DMA) : Parameter (PeriphInc) has Id (USART1_TX) currently not set
2026-05-11 14:13:57,066 [INFO] ImportTextPane:218 - (OptionalMessage_ERROR) IP (DMA) : Parameter (MemInc) has Id (USART1_TX) currently not set
2026-05-11 14:13:57,066 [INFO] ImportTextPane:218 - (OptionalMessage_ERROR) IP (DMA) : Parameter (PeriphDataAlignment) has Id (USART1_TX) currently not set
2026-05-11 14:13:57,066 [INFO] ImportTextPane:218 - (OptionalMessage_ERROR) IP (DMA) : Parameter (MemDataAlignment) has Id (USART1_TX) currently not set
2026-05-11 14:13:57,067 [INFO] ImportTextPane:218 - (OptionalMessage_ERROR) IP (DMA) : Parameter (Mode) has Id (USART1_TX) currently not set
2026-05-11 14:13:57,067 [INFO] ImportTextPane:218 - (OptionalMessage_ERROR) IP (DMA) : Parameter (Priority) has Id (USART1_TX) currently not set
2026-05-11 14:13:57,067 [INFO] ImportTextPane:218 - (OptionalMessage_ERROR) IP (DMA) : Parameter (FIFOMode) has Id (USART1_TX) currently not set
2026-05-11 14:13:57,074 [INFO] ImportTextPane:218 - (OptionalMessage_ERROR) IP (RCC) : Parameter (RTCHSEDivFreq_Value) has invalid value (12500000)
2026-05-11 14:13:57,359 [INFO] UtilMem:75 - End LoadConfig() Used Memory: 929969992 Bytes (1073741824)
2026-05-11 14:13:57,416 [WARN] ThirdParty:833 - waiting for thirdparty lock release [change project]
2026-05-11 14:13:57,418 [INFO] ThirdParty:835 - entering critical section [change project]
2026-05-11 14:13:57,418 [INFO] ThirdParty:1030 - CMSIS Pack Vendor :STMicroelectronics X-CUBE-AZRTOS-H7 3.5.0
2026-05-11 14:13:57,418 [INFO] ThirdParty:1030 - CMSIS Pack Vendor :STMicroelectronics X-CUBE-PM33A1 1.0.0
2026-05-11 14:13:57,418 [INFO] ThirdParty:1030 - CMSIS Pack Vendor :STMicroelectronics USBPD 4.1
2026-05-11 14:13:57,418 [INFO] ThirdParty:1030 - CMSIS Pack Vendor :STMicroelectronics USB_HOST 2.0.0
2026-05-11 14:13:57,418 [INFO] ThirdParty:1030 - CMSIS Pack Vendor :STMicroelectronics FP-SNS-MOTENVWB1 1.4.0
2026-05-11 14:13:57,418 [INFO] ThirdParty:1030 - CMSIS Pack Vendor :STMicroelectronics X-CUBE-AZRTOS-F4 1.1.0
2026-05-11 14:13:57,418 [INFO] ThirdParty:1030 - CMSIS Pack Vendor :STMicroelectronics LIBJPEG 8.0.0
2026-05-11 14:13:57,418 [INFO] ThirdParty:1030 - CMSIS Pack Vendor :STMicroelectronics FP-ATR-ASTRA1 2.0.2
2026-05-11 14:13:57,418 [INFO] ThirdParty:1030 - CMSIS Pack Vendor :STMicroelectronics FP-ATR-ASTRA1 2.0.1
2026-05-11 14:13:57,418 [INFO] ThirdParty:1030 - CMSIS Pack Vendor :STMicroelectronics X-CUBE-SMBUS 2.1.0
2026-05-11 14:13:57,418 [INFO] ThirdParty:1030 - CMSIS Pack Vendor :STMicroelectronics X-CUBE-WB05N 1.1.0
2026-05-11 14:13:57,418 [INFO] ThirdParty:1030 - CMSIS Pack Vendor :STMicroelectronics X-CUBE-ISPU 2.1.0
2026-05-11 14:13:57,418 [INFO] ThirdParty:1030 - CMSIS Pack Vendor :STMicroelectronics eDS-WB_DPC_TT-BIDIR 2.1.1
2026-05-11 14:13:57,418 [INFO] ThirdParty:1030 - CMSIS Pack Vendor :STMicroelectronics X-CUBE-NFC12 1.0.0
2026-05-11 14:13:57,418 [INFO] ThirdParty:1030 - CMSIS Pack Vendor :STMicroelectronics X-CUBE-AZRTOS-F7 1.1.0
2026-05-11 14:13:57,418 [INFO] ThirdParty:1030 - CMSIS Pack Vendor :STMicroelectronics X-CUBE-AZRTOS-L5 2.0.0
2026-05-11 14:13:57,418 [INFO] ThirdParty:1030 - CMSIS Pack Vendor :STMicroelectronics USB_DEVICE 2.0.0
2026-05-11 14:13:57,418 [INFO] ThirdParty:1030 - CMSIS Pack Vendor :STMicroelectronics X-CUBE-NFC6 3.1.0
2026-05-11 14:13:57,418 [INFO] ThirdParty:1030 - CMSIS Pack Vendor :STMicroelectronics FreeRTOS 0.0.1
2026-05-11 14:13:57,418 [INFO] ThirdParty:1030 - CMSIS Pack Vendor :STMicroelectronics X-CUBE-DPower 1.2.0
2026-05-11 14:13:57,418 [INFO] ThirdParty:1030 - CMSIS Pack Vendor :STMicroelectronics eDS-WB_DPC_VIENNA 1.2.0
2026-05-11 14:13:57,418 [INFO] ThirdParty:1030 - CMSIS Pack Vendor :STMicroelectronics FP-SNS-FLIGHT1 5.0.2
2026-05-11 14:13:57,418 [INFO] ThirdParty:1030 - CMSIS Pack Vendor :STMicroelectronics eDS-WB_DPC_3PH2L-BIDIR 1.1.1
2026-05-11 14:13:57,418 [INFO] ThirdParty:1030 - CMSIS Pack Vendor :Infineon AIROC-Wi-Fi-Bluetooth-STM32 1.7.0
2026-05-11 14:13:57,418 [INFO] ThirdParty:1030 - CMSIS Pack Vendor :STMicroelectronics PDM2PCM 3.3.0
2026-05-11 14:13:57,418 [INFO] ThirdParty:1030 - CMSIS Pack Vendor :STMicroelectronics X-CUBE-DISPLAY 3.0.0
2026-05-11 14:13:57,418 [INFO] ThirdParty:1030 - CMSIS Pack Vendor :STMicroelectronics X-CUBE-GNSS1 7.1.1
2026-05-11 14:13:57,418 [INFO] ThirdParty:1030 - CMSIS Pack Vendor :STMicroelectronics X-CUBE-BLE1 7.0.0
2026-05-11 14:13:57,419 [INFO] ThirdParty:1030 - CMSIS Pack Vendor :STMicroelectronics X-CUBE-NFC10 1.0.0
2026-05-11 14:13:57,419 [INFO] ThirdParty:1030 - CMSIS Pack Vendor :STMicroelectronics X-CUBE-BLEMGR 4.0.0
2026-05-11 14:13:57,419 [INFO] ThirdParty:1030 - CMSIS Pack Vendor :STMicroelectronics HAL Drivers 0.0.0
2026-05-11 14:13:57,419 [INFO] ThirdParty:1030 - CMSIS Pack Vendor :STMicroelectronics X-CUBE-ST60 1.1.0
2026-05-11 14:13:57,419 [INFO] ThirdParty:1030 - CMSIS Pack Vendor :emotas I-CUBE-CANOPEN 1.3.0
2026-05-11 14:13:57,419 [INFO] ThirdParty:1030 - CMSIS Pack Vendor :STMicroelectronics X-CUBE-FREERTOS 1.3.0
2026-05-11 14:13:57,419 [INFO] ThirdParty:1030 - CMSIS Pack Vendor :STMicroelectronics X-CUBE-NFC7 1.0.1
2026-05-11 14:13:57,419 [INFO] ThirdParty:1030 - CMSIS Pack Vendor :STMicroelectronics MBEDTLS 2.14.1
2026-05-11 14:13:57,419 [INFO] ThirdParty:1030 - CMSIS Pack Vendor :STMicroelectronics X-CUBE-GNSS1 7.1.0
2026-05-11 14:13:57,419 [INFO] ThirdParty:1030 - CMSIS Pack Vendor :STMicroelectronics X-CUBE-TOUCHGFX 4.26.0
2026-05-11 14:13:57,419 [INFO] ThirdParty:1030 - CMSIS Pack Vendor :STMicroelectronics X-CUBE-TOUCHGFX 4.26.1
2026-05-11 14:13:57,419 [INFO] ThirdParty:1030 - CMSIS Pack Vendor :STMicroelectronics X-CUBE-AI 10.0.0
2026-05-11 14:13:57,419 [INFO] ThirdParty:1030 - CMSIS Pack Vendor :STMicroelectronics FP-SNS-STAIOTCFT 1.0.0
2026-05-11 14:13:57,419 [INFO] ThirdParty:1030 - CMSIS Pack Vendor :STMicroelectronics FP-SNS-SMARTAG2 1.2.0
2026-05-11 14:13:57,419 [INFO] ThirdParty:1030 - CMSIS Pack Vendor :STMicroelectronics FP-SNS-FLIGHT1 5.1.0
2026-05-11 14:13:57,419 [INFO] ThirdParty:1030 - CMSIS Pack Vendor :STMicroelectronics X-CUBE-MEMS1 11.1.0
2026-05-11 14:13:57,419 [INFO] ThirdParty:1030 - CMSIS Pack Vendor :STMicroelectronics X-CUBE-AZRTOS-WL 2.0.0
2026-05-11 14:13:57,419 [INFO] ThirdParty:1030 - CMSIS Pack Vendor :STMicroelectronics X-CUBE-DPower 1.3.0
2026-05-11 14:13:57,419 [INFO] ThirdParty:1030 - CMSIS Pack Vendor :STMicroelectronics FP-SNS-MOTENV1 5.0.0
2026-05-11 14:13:57,419 [INFO] ThirdParty:1030 - CMSIS Pack Vendor :STMicroelectronics USB_DEVICE 1.0.0
2026-05-11 14:13:57,419 [INFO] ThirdParty:1030 - CMSIS Pack Vendor :STMicroelectronics X-CUBE-AZRTOS-H7RS 1.2.0
2026-05-11 14:13:57,419 [INFO] ThirdParty:1030 - CMSIS Pack Vendor :wolfSSL I-CUBE-wolfMQTT 1.19.0
2026-05-11 14:13:57,419 [INFO] ThirdParty:1030 - CMSIS Pack Vendor :STMicroelectronics X-CUBE-AZRTOS-L4 2.0.0
2026-05-11 14:13:57,419 [INFO] ThirdParty:1030 - CMSIS Pack Vendor :STMicroelectronics ThreadX 0.0.2
2026-05-11 14:13:57,419 [INFO] ThirdParty:1030 - CMSIS Pack Vendor :WES I-CUBE-Cesium 1.3.0
2026-05-11 14:13:57,419 [INFO] ThirdParty:1030 - CMSIS Pack Vendor :STMicroelectronics lwIP 2.1.2
2026-05-11 14:13:57,419 [INFO] ThirdParty:1030 - CMSIS Pack Vendor :STMicroelectronics X-CUBE-SFXS2LP1 4.0.0
2026-05-11 14:13:57,419 [INFO] ThirdParty:1030 - CMSIS Pack Vendor :STMicroelectronics X-CUBE-BLE2 3.3.0
2026-05-11 14:13:57,419 [INFO] ThirdParty:1030 - CMSIS Pack Vendor :Avnet-IOTCONNECT X-CUBE-iotc-st67-sdk 1.0.0
2026-05-11 14:13:57,419 [INFO] ThirdParty:1030 - CMSIS Pack Vendor :STMicroelectronics PDM2PCM 3.2.0
2026-05-11 14:13:57,419 [INFO] ThirdParty:1030 - CMSIS Pack Vendor :STMicroelectronics X-CUBE-WB05N 2.1.0
2026-05-11 14:13:57,419 [INFO] ThirdParty:1030 - CMSIS Pack Vendor :STMicroelectronics X-CUBE-AZRTOS-H7 3.3.0
2026-05-11 14:13:57,419 [INFO] ThirdParty:1030 - CMSIS Pack Vendor :STMicroelectronics X-CUBE-NFC9 1.0.0
2026-05-11 14:13:57,420 [INFO] ThirdParty:1030 - CMSIS Pack Vendor :STMicroelectronics X-CUBE-BLE1 7.1.0
2026-05-11 14:13:57,420 [INFO] ThirdParty:1030 - CMSIS Pack Vendor :STMicroelectronics USB_DEVICE 3.0.0
2026-05-11 14:13:57,420 [INFO] ThirdParty:1030 - CMSIS Pack Vendor :STMicroelectronics X-CUBE-EEPRMA1 5.2.0
2026-05-11 14:13:57,420 [INFO] ThirdParty:1030 - CMSIS Pack Vendor :STMicroelectronics X-CUBE-BLEMGR 4.1.0
2026-05-11 14:13:57,420 [INFO] ThirdParty:1030 - CMSIS Pack Vendor :STMicroelectronics X-CUBE-IPS 3.0.0
2026-05-11 14:13:57,420 [INFO] ThirdParty:1030 - CMSIS Pack Vendor :STMicroelectronics X-CUBE-AZRTOS-WB 2.0.0
2026-05-11 14:13:57,420 [INFO] ThirdParty:1030 - CMSIS Pack Vendor :STMicroelectronics X-CUBE-GNSS1 7.0.1
2026-05-11 14:13:57,420 [INFO] ThirdParty:1030 - CMSIS Pack Vendor :STMicroelectronics FP-SNS-STBOX1 2.0.0
2026-05-11 14:13:57,420 [INFO] ThirdParty:1030 - CMSIS Pack Vendor :STMicroelectronics X-CUBE-MEMS1 12.0.0
2026-05-11 14:13:57,420 [INFO] ThirdParty:1030 - CMSIS Pack Vendor :STMicroelectronics X-CUBE-STSE01 2.0.0
2026-05-11 14:13:57,420 [INFO] ThirdParty:1030 - CMSIS Pack Vendor :STMicroelectronics X-CUBE-AZRTOS-G0 1.1.0
2026-05-11 14:13:57,420 [INFO] ThirdParty:1030 - CMSIS Pack Vendor :STMicroelectronics X-CUBE-SAFEA1 1.2.2
2026-05-11 14:13:57,420 [INFO] ThirdParty:1030 - CMSIS Pack Vendor :STMicroelectronics X-CUBE-NFC4 3.0.0
2026-05-11 14:13:57,420 [INFO] ThirdParty:1030 - CMSIS Pack Vendor :STMicroelectronics X-CUBE-SUBG2 5.0.0
2026-05-11 14:13:57,420 [INFO] ThirdParty:1030 - CMSIS Pack Vendor :STMicroelectronics STM32_WPAN 1.0.0
2026-05-11 14:13:57,420 [INFO] ThirdParty:1030 - CMSIS Pack Vendor :EmbeddedOffice I-CUBE-FS-RTOS 1.0.1
2026-05-11 14:13:57,420 [INFO] ThirdParty:1030 - CMSIS Pack Vendor :STMicroelectronics lwIP 2.0.3
2026-05-11 14:13:57,420 [INFO] ThirdParty:1030 - CMSIS Pack Vendor :Cesanta I-CUBE-Mongoose 7.13.0
2026-05-11 14:13:57,420 [INFO] ThirdParty:1030 - CMSIS Pack Vendor :STMicroelectronics USB_HOST 1.0.0
2026-05-11 14:13:57,420 [INFO] ThirdParty:1030 - CMSIS Pack Vendor :STMicroelectronics X-CUBE-AZRTOS-G4 2.0.0
2026-05-11 14:13:57,420 [INFO] ThirdParty:1030 - CMSIS Pack Vendor :STMicroelectronics PDM2PCM 3.1.0
2026-05-11 14:13:57,420 [INFO] ThirdParty:1030 - CMSIS Pack Vendor :STMicroelectronics X-CUBE-NFC7 2.0.0
2026-05-11 14:13:57,420 [INFO] ThirdParty:1030 - CMSIS Pack Vendor :STMicroelectronics X-CUBE-TCPP 4.2.0
2026-05-11 14:13:57,420 [INFO] ThirdParty:1030 - CMSIS Pack Vendor :RealThread X-CUBE-RT-Thread_Nano 4.1.1
2026-05-11 14:13:57,420 [INFO] ThirdParty:1030 - CMSIS Pack Vendor :STMicroelectronics FP-ATR-SIGFOX1 3.2.0
2026-05-11 14:13:57,420 [INFO] ThirdParty:1030 - CMSIS Pack Vendor :quantropi X-CUBE-qispace-sdk-base 1.9.3
2026-05-11 14:13:57,420 [INFO] ThirdParty:1030 - CMSIS Pack Vendor :STMicroelectronics X-CUBE-EEPRMA1 5.1.0
2026-05-11 14:13:57,420 [INFO] ThirdParty:1030 - CMSIS Pack Vendor :STMicroelectronics MBEDTLS 2.16.2
2026-05-11 14:13:57,420 [INFO] ThirdParty:1030 - CMSIS Pack Vendor :STMicroelectronics X-CUBE-IPS 3.1.0
2026-05-11 14:13:57,420 [INFO] ThirdParty:1030 - CMSIS Pack Vendor :STMicroelectronics X-CUBE-ALS 1.0.2
2026-05-11 14:13:57,420 [INFO] ThirdParty:1030 - CMSIS Pack Vendor :wolfSSL I-CUBE-wolfSSL 5.7.4
2026-05-11 14:13:57,420 [INFO] ThirdParty:1030 - CMSIS Pack Vendor :ITTIA_DB I-CUBE-ITTIADB 8.9.0
2026-05-11 14:13:57,420 [INFO] ThirdParty:1030 - CMSIS Pack Vendor :STMicroelectronics X-CUBE-TOUCHGFX 4.24.2
2026-05-11 14:13:57,420 [INFO] ThirdParty:1030 - CMSIS Pack Vendor :STMicroelectronics X-CUBE-TOUCHGFX 4.24.1
2026-05-11 14:13:57,420 [INFO] ThirdParty:1030 - CMSIS Pack Vendor :wolfSSL I-CUBE-wolfTPM 3.4.0
2026-05-11 14:13:57,420 [INFO] ThirdParty:1030 - CMSIS Pack Vendor :portGmbH I-Cube-SoM-uGOAL 1.1.0
2026-05-11 14:13:57,422 [INFO] ThirdParty:1030 - CMSIS Pack Vendor :STMicroelectronics X-CUBE-NFC6 3.2.0
2026-05-11 14:13:57,422 [INFO] ThirdParty:1030 - CMSIS Pack Vendor :STMicroelectronics X-CUBE-AI 10.2.0
2026-05-11 14:13:57,422 [INFO] ThirdParty:1030 - CMSIS Pack Vendor :STMicroelectronics ThreadX 1.0.0
2026-05-11 14:13:57,422 [INFO] ThirdParty:1030 - CMSIS Pack Vendor :STMicroelectronics X-CUBE-MEMS1 12.1.0
2026-05-11 14:13:57,422 [INFO] ThirdParty:1030 - CMSIS Pack Vendor :SEGGER I-CUBE-embOS 1.3.1
2026-05-11 14:13:57,422 [INFO] ThirdParty:1030 - CMSIS Pack Vendor :STMicroelectronics X-CUBE-ALGOBUILD 1.4.0
2026-05-11 14:13:57,422 [INFO] ThirdParty:1030 - CMSIS Pack Vendor :STMicroelectronics X-CUBE-AZRTOS-H7RS 1.0.0
2026-05-11 14:13:57,422 [INFO] ThirdParty:1030 - CMSIS Pack Vendor :STMicroelectronics X-CUBE-TOF1 3.4.2
2026-05-11 14:13:57,422 [INFO] ThirdParty:1030 - CMSIS Pack Vendor :STMicroelectronics X-CUBE-TOF1 3.4.3
2026-05-11 14:13:57,422 [INFO] ThirdParty:1030 - CMSIS Pack Vendor :STMicroelectronics X-CUBE-AI 9.1.0
2026-05-11 14:13:57,422 [INFO] ThirdParty:1030 - CMSIS Pack Vendor :wolfSSL I-CUBE-wolfSSH 1.4.17
2026-05-11 14:13:57,422 [INFO] ThirdParty:841 - exiting critical section [change project]
2026-05-11 14:13:57,641 [INFO] PinOutPanel:1589 - setPackage(No Configuration,No Configuration)
2026-05-11 14:13:57,642 [INFO] PinOutPanel:1589 - setPackage(STM32F411CEUx,UFQFPN48)
2026-05-11 14:13:57,870 [INFO] UtilMem:75 - Before build in PCC Used Memory: 871660320 Bytes (1073741824)
2026-05-11 14:13:58,290 [INFO] UtilMem:75 - After build in PCC Used Memory: 916749088 Bytes (1073741824)
2026-05-11 14:13:58,301 [INFO] ApiDbMcu:508 - Load IP Config File for FREERTOS
2026-05-11 14:13:58,330 [INFO] IPUIPlugin:80 - create IPUIPlugin
2026-05-11 14:13:58,330 [INFO] IPUIPlugin:80 - create IPUIPlugin
2026-05-11 14:13:58,331 [INFO] IPUIPlugin:80 - create IPUIPlugin
2026-05-11 14:13:58,331 [INFO] IPUIPlugin:80 - create IPUIPlugin
2026-05-11 14:13:58,331 [INFO] IPUIPlugin:80 - create IPUIPlugin
2026-05-11 14:13:58,331 [INFO] IPUIPlugin:80 - create IPUIPlugin
2026-05-11 14:13:58,332 [INFO] IPUIPlugin:80 - create IPUIPlugin
2026-05-11 14:13:58,332 [INFO] IPUIPlugin:80 - create IPUIPlugin
2026-05-11 14:13:58,332 [INFO] IPUIPlugin:80 - create IPUIPlugin
2026-05-11 14:13:58,333 [INFO] IPUIPlugin:80 - create IPUIPlugin
2026-05-11 14:13:58,333 [INFO] IPUIPlugin:80 - create IPUIPlugin
2026-05-11 14:13:58,334 [INFO] IPUIPlugin:80 - create IPUIPlugin
2026-05-11 14:13:58,334 [INFO] IPUIPlugin:80 - create IPUIPlugin
2026-05-11 14:13:58,334 [INFO] IPUIPlugin:80 - create IPUIPlugin
2026-05-11 14:13:58,334 [INFO] IPUIPlugin:80 - create IPUIPlugin
2026-05-11 14:13:58,334 [INFO] IPUIPlugin:80 - create IPUIPlugin
2026-05-11 14:13:58,334 [INFO] IPUIPlugin:80 - create IPUIPlugin
2026-05-11 14:13:58,334 [INFO] IPUIPlugin:80 - create IPUIPlugin
2026-05-11 14:13:58,334 [INFO] IPUIPlugin:80 - create IPUIPlugin
2026-05-11 14:13:58,336 [INFO] IPUIPlugin:80 - create IPUIPlugin
2026-05-11 14:13:58,336 [INFO] IPUIPlugin:80 - create IPUIPlugin
2026-05-11 14:13:58,336 [INFO] IPUIPlugin:80 - create IPUIPlugin
2026-05-11 14:13:58,336 [INFO] IPUIPlugin:80 - create IPUIPlugin
2026-05-11 14:13:58,336 [INFO] IPUIPlugin:80 - create IPUIPlugin
2026-05-11 14:13:58,336 [INFO] IPUIPlugin:80 - create IPUIPlugin
2026-05-11 14:13:58,336 [INFO] IPUIPlugin:80 - create IPUIPlugin
2026-05-11 14:13:58,336 [INFO] IPUIPlugin:80 - create IPUIPlugin
2026-05-11 14:13:58,337 [INFO] IPUIPlugin:80 - create IPUIPlugin
2026-05-11 14:13:58,337 [INFO] IPUIPlugin:80 - create IPUIPlugin
2026-05-11 14:13:58,337 [INFO] IPUIPlugin:80 - create IPUIPlugin
2026-05-11 14:13:58,337 [INFO] IPUIPlugin:80 - create IPUIPlugin
2026-05-11 14:13:58,337 [INFO] IPUIPlugin:80 - create IPUIPlugin
2026-05-11 14:13:58,338 [INFO] IPUIPlugin:80 - create IPUIPlugin
2026-05-11 14:13:58,338 [INFO] IPUIPlugin:80 - create IPUIPlugin
2026-05-11 14:13:58,338 [INFO] IPUIPlugin:80 - create IPUIPlugin
2026-05-11 14:13:58,338 [INFO] IPUIPlugin:80 - create IPUIPlugin
2026-05-11 14:13:58,338 [INFO] IPUIPlugin:80 - create IPUIPlugin
2026-05-11 14:13:58,338 [INFO] IPUIPlugin:80 - create IPUIPlugin
2026-05-11 14:13:58,338 [INFO] IPUIPlugin:80 - create IPUIPlugin
2026-05-11 14:13:58,339 [INFO] IPUIPlugin:80 - create IPUIPlugin
2026-05-11 14:13:58,339 [INFO] IPUIPlugin:80 - create IPUIPlugin
2026-05-11 14:13:58,339 [INFO] IPUIPlugin:80 - create IPUIPlugin
2026-05-11 14:13:58,339 [INFO] IPUIPlugin:80 - create IPUIPlugin
2026-05-11 14:13:58,345 [INFO] ApiDbMcu:508 - Load IP Config File for PDM2PCM
2026-05-11 14:13:58,346 [WARN] IP:2251 - I2C_Coeff_DF not found: check if there is a RefParameter without a condition.
2026-05-11 14:13:58,346 [WARN] IP:2251 - Analog_Filter not found: check if there is a RefParameter without a condition.
2026-05-11 14:13:58,358 [WARN] FreeRTOS:1023 - Null or empty value: should not occur! (nothing added to the table)
2026-05-11 14:13:58,427 [INFO] CADModel:165 - CPN selected for project levelSTM32F411CEU6
2026-05-11 14:13:58,427 [INFO] CADModel:114 - Register for checkConnection events
2026-05-11 14:13:58,430 [INFO] RtosManager:697 - Active RTOS found at IOC load: FREERTOS [Cortex-M4NS]
2026-05-11 14:13:58,493 [INFO] OpenFileManager:363 - Restore cursor
2026-05-11 14:13:58,723 [WARN] IP:2251 - I2C_Coeff_DF not found: check if there is a RefParameter without a condition.
2026-05-11 14:13:58,723 [WARN] IP:2251 - Analog_Filter not found: check if there is a RefParameter without a condition.
2026-05-11 14:13:58,723 [WARN] IP:2251 - I2C_Coeff_DF not found: check if there is a RefParameter without a condition.
2026-05-11 14:13:58,723 [WARN] IP:2251 - Analog_Filter not found: check if there is a RefParameter without a condition.
2026-05-11 14:54:15,203 [WARN] IP:2251 - I2C_Coeff_DF not found: check if there is a RefParameter without a condition.
2026-05-11 14:54:15,203 [WARN] IP:2251 - Analog_Filter not found: check if there is a RefParameter without a condition.
2026-05-11 14:54:15,205 [WARN] IP:2251 - I2C_Coeff_DF not found: check if there is a RefParameter without a condition.
2026-05-11 14:54:15,205 [WARN] IP:2251 - Analog_Filter not found: check if there is a RefParameter without a condition.
2026-05-11 14:58:01,397 [ERROR] LogOutputStream:75 - [STDERR_REDIRECT] 
2026-05-11 22:55:48,696 [INFO] Activator:176 - 


2026-05-11 22:55:48,699 [INFO] Activator:177 - !SESSION log4j initialized
2026-05-11 22:55:57,310 [INFO] LogOutputStream:77 - [STDOUT_REDIRECT] 
2026-05-11 22:56:02,636 [INFO] ApplicationProperties:184 - Using Application install path: C:\ST\STM32CubeIDE_1.17.0\STM32CubeIDE\plugins\com.st.stm32cube.common.mx_6.13.0.202411220809
2026-05-11 22:56:02,653 [INFO] DbMcusXml:78 - Set database path to: C:\ST\STM32CubeIDE_1.17.0\STM32CubeIDE\plugins\com.st.stm32cube.common.mx_6.13.0.202411220809\\db\/mcu/
2026-05-11 22:56:02,653 [INFO] ApiDb:274 - Set plugin database path to: C:\ST\STM32CubeIDE_1.17.0\STM32CubeIDE\plugins\com.st.stm32cube.common.mx_6.13.0.202411220809\\db\/plugins/boardmanager/
2026-05-11 22:56:02,654 [WARN] ApiDb:259 - Overriding images path with different value:  => C:\ST\STM32CubeIDE_1.17.0\STM32CubeIDE\plugins\com.st.stm32cube.common.mx_6.13.0.202411220809\\db\/plugins/mcufinder/images/
2026-05-11 22:56:02,662 [INFO] ApiDb:250 - Set database path to: C:\Users\Pache\.stmcufinder\plugins\mcufinder//mcu/
2026-05-11 22:56:02,663 [INFO] DbMcusAds:125 - Set database path to: C:\Users\Pache\.stmcufinder\plugins\mcufinder//mcu/
2026-05-11 22:56:02,665 [INFO] CrossReferenceDbSqlite:203 - Set database path to: C:\Users\Pache\.stmcufinder\plugins\mcufinder//mcu/cs/
2026-05-11 22:56:02,752 [INFO] RulesReader:64 - Compatibility file has been processed (297 Rules)
2026-05-11 22:56:02,835 [INFO] DbMcusXml:78 - Set database path to: C:\ST\STM32CubeIDE_1.17.0\STM32CubeIDE\plugins\com.st.stm32cube.common.mx_6.13.0.202411220809\\db\/mcu/
2026-05-11 22:56:02,835 [INFO] ApiDb:274 - Set plugin database path to: C:\ST\STM32CubeIDE_1.17.0\STM32CubeIDE\plugins\com.st.stm32cube.common.mx_6.13.0.202411220809\\db\/plugins/boardmanager/
2026-05-11 22:56:02,835 [INFO] ApiDb:261 - Set plugin images path to: C:\ST\STM32CubeIDE_1.17.0\STM32CubeIDE\plugins\com.st.stm32cube.common.mx_6.13.0.202411220809\\db\/plugins/mcufinder/images/
2026-05-11 22:56:02,835 [WARN] DbFile:41 - Overriding database path with different value: C:\Users\Pache\.stmcufinder\plugins\mcufinder/ => C:\Users\Pache\.stmcufinder\plugins\mcufinder
2026-05-11 22:56:02,835 [INFO] ApiDb:250 - Set database path to: C:\Users\Pache\.stmcufinder\plugins\mcufinder//mcu/
2026-05-11 22:56:02,836 [WARN] DbFile:41 - Overriding database path with different value: C:\Users\Pache\.stmcufinder\plugins\mcufinder/ => C:\Users\Pache\.stmcufinder\plugins\mcufinder
2026-05-11 22:56:02,836 [INFO] DbMcusAds:125 - Set database path to: C:\Users\Pache\.stmcufinder\plugins\mcufinder//mcu/
2026-05-11 22:56:02,836 [WARN] DbFile:41 - Overriding database path with different value: C:\Users\Pache\.stmcufinder\plugins\mcufinder/ => C:\Users\Pache\.stmcufinder\plugins\mcufinder
2026-05-11 22:56:02,836 [WARN] DbFile:41 - Overriding database path with different value: C:\Users\Pache\.stmcufinder\plugins\mcufinder/ => C:\Users\Pache\.stmcufinder\plugins\mcufinder
2026-05-11 22:56:02,836 [INFO] CrossReferenceDbSqlite:203 - Set database path to: C:\Users\Pache\.stmcufinder\plugins\mcufinder//mcu/cs/
2026-05-11 22:56:02,916 [INFO] MainPanel:272 - HeapMemory: 268435456
2026-05-11 22:56:03,019 [INFO] DbMcusXml:78 - Set database path to: C:\ST\STM32CubeIDE_1.17.0\STM32CubeIDE\plugins\com.st.stm32cube.common.mx_6.13.0.202411220809\\db\/mcu/
2026-05-11 22:56:03,019 [INFO] ApiDb:274 - Set plugin database path to: C:\ST\STM32CubeIDE_1.17.0\STM32CubeIDE\plugins\com.st.stm32cube.common.mx_6.13.0.202411220809\\db\/plugins/boardmanager/
2026-05-11 22:56:03,019 [INFO] ApiDb:261 - Set plugin images path to: C:\ST\STM32CubeIDE_1.17.0\STM32CubeIDE\plugins\com.st.stm32cube.common.mx_6.13.0.202411220809\\db\/plugins/mcufinder/images/
2026-05-11 22:56:03,019 [WARN] DbFile:41 - Overriding database path with different value: C:\Users\Pache\.stmcufinder\plugins\mcufinder/ => C:\Users\Pache\.stmcufinder\plugins\mcufinder
2026-05-11 22:56:03,019 [INFO] ApiDb:250 - Set database path to: C:\Users\Pache\.stmcufinder\plugins\mcufinder//mcu/
2026-05-11 22:56:03,019 [WARN] DbFile:41 - Overriding database path with different value: C:\Users\Pache\.stmcufinder\plugins\mcufinder/ => C:\Users\Pache\.stmcufinder\plugins\mcufinder
2026-05-11 22:56:03,019 [INFO] DbMcusAds:125 - Set database path to: C:\Users\Pache\.stmcufinder\plugins\mcufinder//mcu/
2026-05-11 22:56:03,019 [WARN] DbFile:41 - Overriding database path with different value: C:\Users\Pache\.stmcufinder\plugins\mcufinder/ => C:\Users\Pache\.stmcufinder\plugins\mcufinder
2026-05-11 22:56:03,019 [WARN] DbFile:41 - Overriding database path with different value: C:\Users\Pache\.stmcufinder\plugins\mcufinder/ => C:\Users\Pache\.stmcufinder\plugins\mcufinder
2026-05-11 22:56:03,019 [INFO] CrossReferenceDbSqlite:203 - Set database path to: C:\Users\Pache\.stmcufinder\plugins\mcufinder//mcu/cs/
2026-05-11 22:56:03,040 [INFO] ApplicationProperties:184 - Using Application install path: C:\ST\STM32CubeIDE_1.17.0\STM32CubeIDE\plugins\com.st.stm32cube.common.mx_6.13.0.202411220809
2026-05-11 22:56:03,041 [INFO] PluginManage:196 - Search for loadable plugins [exclusion list=, ]
2026-05-11 22:56:03,042 [INFO] PluginManage:310 - Check plugin analytics
2026-05-11 22:56:03,166 [INFO] AnalyticsPlugin:253 - Accepted Software Licenses: 
2026-05-11 22:56:03,166 [INFO] AnalyticsPlugin:255 - Accepted CMSIS Pack Licenses: 
2026-05-11 22:56:03,166 [INFO] AnalyticsPlugin:257 - Accepted Firmware Licenses: 
2026-05-11 22:56:03,168 [INFO] PluginManage:359 - Loaded plugin analytics (category:tool,tabindex:-1)
2026-05-11 22:56:03,168 [INFO] PluginManage:310 - Check plugin cadmodel
2026-05-11 22:56:03,172 [INFO] CADModel:105 - Init CAD model plugin
2026-05-11 22:56:03,173 [INFO] PluginManage:359 - Loaded plugin cadmodel (category:power,tabindex:5)
2026-05-11 22:56:03,173 [INFO] PluginManage:310 - Check plugin clock
2026-05-11 22:56:03,179 [INFO] PluginManage:359 - Loaded plugin clock (category:base,tabindex:2)
2026-05-11 22:56:03,179 [INFO] PluginManage:310 - Check plugin ddr
2026-05-11 22:56:03,180 [INFO] PluginManage:359 - Loaded plugin ddr (category:tool,tabindex:6)
2026-05-11 22:56:03,180 [INFO] PluginManage:310 - Check plugin filemanager
2026-05-11 22:56:03,301 [INFO] PluginManage:359 - Loaded plugin filemanager (category:base,tabindex:10)
2026-05-11 22:56:03,301 [INFO] PluginManage:310 - Check plugin ipmanager
2026-05-11 22:56:03,309 [INFO] PluginManage:359 - Loaded plugin ipmanager (category:base,tabindex:5)
2026-05-11 22:56:03,309 [INFO] PluginManage:310 - Check plugin lpbam
2026-05-11 22:56:03,316 [INFO] PluginManage:359 - Loaded plugin lpbam (category:base,tabindex:0)
2026-05-11 22:56:03,317 [INFO] PluginManage:310 - Check plugin memorymap
2026-05-11 22:56:03,330 [INFO] PluginManage:359 - Loaded plugin memorymap (category:base,tabindex:4)
2026-05-11 22:56:03,330 [INFO] PluginManage:310 - Check plugin pinoutandconfiguration
2026-05-11 22:56:03,335 [INFO] PluginManage:359 - Loaded plugin pinoutandconfiguration (category:base,tabindex:1)
2026-05-11 22:56:03,335 [INFO] PluginManage:310 - Check plugin pinoutconfig
2026-05-11 22:56:03,414 [WARN] SupportedApi:132 - Cannot load RTOS API schema: s4s-elt-must-match.1: The content of 'definitions' must match (annotation?, (simpleType | complexType)?, (unique | key | keyref)*)). A problem was found starting at: attribute.
2026-05-11 22:56:03,518 [INFO] PluginManage:359 - Loaded plugin pinoutconfig (category:base,tabindex:0)
2026-05-11 22:56:03,518 [INFO] PluginManage:310 - Check plugin power
2026-05-11 22:56:03,525 [INFO] PluginManage:359 - Loaded plugin power (category:power,tabindex:4)
2026-05-11 22:56:03,527 [INFO] PluginManage:310 - Check plugin projectmanager
2026-05-11 22:56:03,539 [INFO] PluginManage:359 - Loaded plugin projectmanager (category:projectmanager,tabindex:4)
2026-05-11 22:56:03,540 [INFO] PluginManage:310 - Check plugin rif
2026-05-11 22:56:03,554 [INFO] PluginManage:359 - Loaded plugin rif (category:base,tabindex:3)
2026-05-11 22:56:03,554 [INFO] PluginManage:310 - Check plugin thirdparty
2026-05-11 22:56:03,825 [INFO] PluginManage:359 - Loaded plugin thirdparty (category:base,tabindex:-1)
2026-05-11 22:56:03,825 [INFO] PluginManage:310 - Check plugin tools
2026-05-11 22:56:03,825 [WARN] IntegrityCheckThread:84 - waiting for thirdparty lock release [integrity check]
2026-05-11 22:56:03,826 [INFO] IntegrityCheckThread:86 - entering critical section [integrity check]
2026-05-11 22:56:03,826 [INFO] ThirdPartyUpdaterWithRetryManager:70 - Updater plugin not ready yet. [1/15]
2026-05-11 22:56:03,827 [INFO] PluginManage:359 - Loaded plugin tools (category:base,tabindex:7)
2026-05-11 22:56:03,828 [INFO] PluginManage:310 - Check plugin tutovideos
2026-05-11 22:56:04,007 [INFO] PluginManage:359 - Loaded plugin tutovideos (category:base,tabindex:-1)
2026-05-11 22:56:04,007 [INFO] PluginManage:310 - Check plugin updater
2026-05-11 22:56:04,025 [INFO] PluginManage:359 - Loaded plugin updater (category:base,tabindex:12)
2026-05-11 22:56:04,025 [INFO] PluginManage:310 - Check plugin userauth
2026-05-11 22:56:04,028 [INFO] UserAuth:118 - Init User Auth plugin
2026-05-11 22:56:04,029 [INFO] PluginManage:359 - Loaded plugin userauth (category:base,tabindex:14)
2026-05-11 22:56:04,029 [INFO] PluginManage:283 - PluginManage : Loaded plugins [18]
2026-05-11 22:56:04,239 [INFO] PinOutPanel:1589 - setPackage(No Configuration,No Configuration)
2026-05-11 22:56:04,327 [INFO] CADModel:165 - CPN selected for project level
2026-05-11 22:56:04,327 [INFO] CADModel:114 - Register for checkConnection events
2026-05-11 22:56:04,339 [INFO] IPUIPlugin:80 - create IPUIPlugin
2026-05-11 22:56:04,339 [INFO] PluginManager:220 - loadIPPluginJar : add adc
2026-05-11 22:56:04,340 [INFO] IPUIPlugin:80 - create IPUIPlugin
2026-05-11 22:56:04,342 [INFO] PluginManager:220 - loadIPPluginJar : add aes
2026-05-11 22:56:04,344 [INFO] IPUIPlugin:80 - create IPUIPlugin
2026-05-11 22:56:04,344 [INFO] PluginManager:220 - loadIPPluginJar : add can
2026-05-11 22:56:04,345 [INFO] IPUIPlugin:80 - create IPUIPlugin
2026-05-11 22:56:04,345 [INFO] PluginManager:220 - loadIPPluginJar : add comp
2026-05-11 22:56:04,347 [INFO] IPUIPlugin:80 - create IPUIPlugin
2026-05-11 22:56:04,347 [INFO] PluginManager:220 - loadIPPluginJar : add cryp
2026-05-11 22:56:04,359 [INFO] IPUIPlugin:80 - create IPUIPlugin
2026-05-11 22:56:04,359 [INFO] PluginManager:220 - loadIPPluginJar : add ddr_ctrl_phy
2026-05-11 22:56:04,360 [INFO] IPUIPlugin:80 - create IPUIPlugin
2026-05-11 22:56:04,360 [INFO] PluginManager:220 - loadIPPluginJar : add dfsdm
2026-05-11 22:56:04,364 [INFO] IPUIPlugin:80 - create IPUIPlugin
2026-05-11 22:56:04,364 [INFO] PluginManager:220 - loadIPPluginJar : add dma
2026-05-11 22:56:04,366 [INFO] IPUIPlugin:80 - create IPUIPlugin
2026-05-11 22:56:04,366 [INFO] PluginManager:220 - loadIPPluginJar : add dma3
2026-05-11 22:56:04,370 [INFO] IPUIPlugin:80 - create IPUIPlugin
2026-05-11 22:56:04,370 [INFO] PluginManager:220 - loadIPPluginJar : add extmemmanager
2026-05-11 22:56:04,371 [INFO] IPUIPlugin:80 - create IPUIPlugin
2026-05-11 22:56:04,371 [INFO] PluginManager:220 - loadIPPluginJar : add fatfs
2026-05-11 22:56:04,374 [INFO] IPUIPlugin:80 - create IPUIPlugin
2026-05-11 22:56:04,374 [INFO] PluginManager:220 - loadIPPluginJar : add fmc
2026-05-11 22:56:04,378 [INFO] IPUIPlugin:80 - create IPUIPlugin
2026-05-11 22:56:04,378 [INFO] PluginManager:220 - loadIPPluginJar : add freertos
2026-05-11 22:56:04,379 [INFO] IPUIPlugin:80 - create IPUIPlugin
2026-05-11 22:56:04,379 [INFO] PluginManager:220 - loadIPPluginJar : add genericplugin
2026-05-11 22:56:04,380 [INFO] IPUIPlugin:80 - create IPUIPlugin
2026-05-11 22:56:04,380 [INFO] PluginManager:220 - loadIPPluginJar : add gfxmmu
2026-05-11 22:56:04,384 [INFO] IPUIPlugin:80 - create IPUIPlugin
2026-05-11 22:56:04,384 [INFO] PluginManager:220 - loadIPPluginJar : add gic
2026-05-11 22:56:04,387 [INFO] IPUIPlugin:80 - create IPUIPlugin
2026-05-11 22:56:04,387 [INFO] PluginManager:220 - loadIPPluginJar : add gpio
2026-05-11 22:56:04,388 [INFO] IPUIPlugin:80 - create IPUIPlugin
2026-05-11 22:56:04,388 [INFO] PluginManager:220 - loadIPPluginJar : add gtzc
2026-05-11 22:56:04,391 [INFO] IPUIPlugin:80 - create IPUIPlugin
2026-05-11 22:56:04,391 [INFO] PluginManager:220 - loadIPPluginJar : add hash
2026-05-11 22:56:04,393 [INFO] IPUIPlugin:80 - create IPUIPlugin
2026-05-11 22:56:04,393 [INFO] PluginManager:220 - loadIPPluginJar : add i2c
2026-05-11 22:56:04,394 [INFO] IPUIPlugin:80 - create IPUIPlugin
2026-05-11 22:56:04,394 [INFO] PluginManager:220 - loadIPPluginJar : add i2s
2026-05-11 22:56:04,396 [INFO] IPUIPlugin:80 - create IPUIPlugin
2026-05-11 22:56:04,396 [INFO] PluginManager:220 - loadIPPluginJar : add i3c
2026-05-11 22:56:04,490 [INFO] IPUIPlugin:80 - create IPUIPlugin
2026-05-11 22:56:04,490 [INFO] PluginManager:220 - loadIPPluginJar : add ipddr
2026-05-11 22:56:04,496 [INFO] IPUIPlugin:80 - create IPUIPlugin
2026-05-11 22:56:04,496 [INFO] PluginManager:220 - loadIPPluginJar : add linkedlist
2026-05-11 22:56:04,499 [INFO] IPUIPlugin:80 - create IPUIPlugin
2026-05-11 22:56:04,499 [INFO] PluginManager:220 - loadIPPluginJar : add lorawan
2026-05-11 22:56:04,500 [INFO] IPUIPlugin:80 - create IPUIPlugin
2026-05-11 22:56:04,500 [INFO] PluginManager:220 - loadIPPluginJar : add ltdc
2026-05-11 22:56:04,504 [INFO] IPUIPlugin:80 - create IPUIPlugin
2026-05-11 22:56:04,504 [INFO] PluginManager:220 - loadIPPluginJar : add mdma
2026-05-11 22:56:04,507 [INFO] IPUIPlugin:80 - create IPUIPlugin
2026-05-11 22:56:04,507 [INFO] PluginManager:220 - loadIPPluginJar : add nvic
2026-05-11 22:56:04,509 [INFO] IPUIPlugin:80 - create IPUIPlugin
2026-05-11 22:56:04,510 [INFO] PluginManager:220 - loadIPPluginJar : add opamp
2026-05-11 22:56:04,513 [INFO] IPUIPlugin:80 - create IPUIPlugin
2026-05-11 22:56:04,513 [INFO] PluginManager:220 - loadIPPluginJar : add openamp
2026-05-11 22:56:04,515 [INFO] IPUIPlugin:80 - create IPUIPlugin
2026-05-11 22:56:04,515 [INFO] PluginManager:220 - loadIPPluginJar : add pdm2pcm
2026-05-11 22:56:04,519 [INFO] IPUIPlugin:80 - create IPUIPlugin
2026-05-11 22:56:04,521 [INFO] PluginManager:220 - loadIPPluginJar : add plateformsettings
2026-05-11 22:56:04,522 [INFO] IPUIPlugin:80 - create IPUIPlugin
2026-05-11 22:56:04,522 [INFO] PluginManager:220 - loadIPPluginJar : add quadspi
2026-05-11 22:56:04,523 [INFO] IPUIPlugin:80 - create IPUIPlugin
2026-05-11 22:56:04,523 [INFO] PluginManager:220 - loadIPPluginJar : add radio
2026-05-11 22:56:04,527 [INFO] IPUIPlugin:80 - create IPUIPlugin
2026-05-11 22:56:04,527 [INFO] PluginManager:220 - loadIPPluginJar : add resmgrutility
2026-05-11 22:56:04,529 [INFO] IPUIPlugin:80 - create IPUIPlugin
2026-05-11 22:56:04,529 [INFO] PluginManager:220 - loadIPPluginJar : add sai
2026-05-11 22:56:04,530 [INFO] IPUIPlugin:80 - create IPUIPlugin
2026-05-11 22:56:04,530 [INFO] PluginManager:220 - loadIPPluginJar : add spi
2026-05-11 22:56:04,533 [INFO] IPUIPlugin:80 - create IPUIPlugin
2026-05-11 22:56:04,533 [INFO] PluginManager:220 - loadIPPluginJar : add stm32_wpan
2026-05-11 22:56:04,535 [INFO] IPUIPlugin:80 - create IPUIPlugin
2026-05-11 22:56:04,535 [INFO] PluginManager:220 - loadIPPluginJar : add tim
2026-05-11 22:56:04,537 [INFO] IPUIPlugin:80 - create IPUIPlugin
2026-05-11 22:56:04,537 [INFO] PluginManager:220 - loadIPPluginJar : add touchsensing
2026-05-11 22:56:04,538 [INFO] IPUIPlugin:80 - create IPUIPlugin
2026-05-11 22:56:04,538 [INFO] PluginManager:220 - loadIPPluginJar : add tracer_emb
2026-05-11 22:56:04,539 [INFO] IPUIPlugin:80 - create IPUIPlugin
2026-05-11 22:56:04,539 [INFO] PluginManager:220 - loadIPPluginJar : add ts
2026-05-11 22:56:04,541 [INFO] IPUIPlugin:80 - create IPUIPlugin
2026-05-11 22:56:04,541 [INFO] PluginManager:220 - loadIPPluginJar : add tsc
2026-05-11 22:56:04,543 [INFO] IPUIPlugin:80 - create IPUIPlugin
2026-05-11 22:56:04,543 [INFO] PluginManager:220 - loadIPPluginJar : add ucpd
2026-05-11 22:56:04,545 [INFO] IPUIPlugin:80 - create IPUIPlugin
2026-05-11 22:56:04,545 [INFO] PluginManager:220 - loadIPPluginJar : add usart
2026-05-11 22:56:04,549 [INFO] IPUIPlugin:80 - create IPUIPlugin
2026-05-11 22:56:04,549 [INFO] PluginManager:220 - loadIPPluginJar : add usbx
2026-05-11 22:56:04,671 [FATAL] Updater:351 - Updater called before beeing initialized
2026-05-11 22:56:04,692 [INFO] RulesReader:64 - Compatibility file has been processed (297 Rules)
2026-05-11 22:56:04,699 [INFO] RulesReader:64 - Compatibility file has been processed (297 Rules)
2026-05-11 22:56:04,706 [INFO] CADModel:165 - CPN selected for project level
2026-05-11 22:56:04,706 [INFO] CADModel:114 - Register for checkConnection events
2026-05-11 22:56:04,706 [FATAL] Updater:351 - Updater called before beeing initialized
2026-05-11 22:56:04,706 [ERROR] CADModel:125 - Updater not yet initialized, retry later 
2026-05-11 22:56:04,840 [FATAL] Updater:351 - Updater called before beeing initialized
2026-05-11 22:56:04,843 [INFO] CADModel:165 - CPN selected for project level
2026-05-11 22:56:04,843 [INFO] CADModel:114 - Register for checkConnection events
2026-05-11 22:56:04,843 [FATAL] Updater:351 - Updater called before beeing initialized
2026-05-11 22:56:04,843 [ERROR] CADModel:125 - Updater not yet initialized, retry later 
2026-05-11 22:56:04,846 [FATAL] Updater:351 - Updater called before beeing initialized
2026-05-11 22:56:04,938 [FATAL] Updater:351 - Updater called before beeing initialized
2026-05-11 22:56:04,950 [INFO] DbMcusAds:53 - JSON generation date=Mon Apr 27 02:14:29 CST 2026 (1777277669577)
2026-05-11 22:56:04,950 [FATAL] Updater:351 - Updater called before beeing initialized
2026-05-11 22:56:04,984 [WARN] DetailPanel:346 - Failed to get advertising image, set to default
2026-05-11 22:56:05,176 [FATAL] Updater:351 - Updater called before beeing initialized
2026-05-11 22:56:05,177 [FATAL] Updater:351 - Updater called before beeing initialized
2026-05-11 22:56:05,178 [FATAL] Updater:351 - Updater called before beeing initialized
2026-05-11 22:56:05,178 [WARN] DetailPanel:346 - Failed to get advertising image, set to default
2026-05-11 22:56:05,179 [FATAL] Updater:351 - Updater called before beeing initialized
2026-05-11 22:56:05,239 [ERROR] Updater:1198 - MainUpdater not yet initialized. External WinMGr cannot be set.
2026-05-11 22:56:05,249 [INFO] Updater:1134 - Updater Version found : 6.13.0
2026-05-11 22:56:05,264 [INFO] ApplicationProperties:184 - Using Application install path: C:\ST\STM32CubeIDE_1.17.0\STM32CubeIDE\plugins\com.st.stm32cube.common.mx_6.13.0.202411220809
2026-05-11 22:56:06,828 [INFO] ThirdPartyUpdaterWithRetryManager:70 - Updater plugin not ready yet. [2/15]
2026-05-11 22:56:06,838 [ERROR] LogOutputStream:75 - [STDERR_REDIRECT] May 11, 2026 10:56:06 PM java.util.prefs.WindowsPreferences <init>
2026-05-11 22:56:06,839 [ERROR] LogOutputStream:75 - [STDERR_REDIRECT] WARNING: Could not open/create prefs root node Software\JavaSoft\Prefs at root 0xffffffff80000002. Windows RegCreateKeyEx(...) returned error code 5.
2026-05-11 22:56:06,839 [ERROR] LogOutputStream:75 - [STDERR_REDIRECT] 
2026-05-11 22:56:07,198 [INFO] MainUpdater:2872 - connection check result : 10
2026-05-11 22:56:07,199 [INFO] MainUpdater:289 - Updater Check For Update Now.
2026-05-11 22:56:07,199 [INFO] MicroXplorer:498 - Change Database Version : DB.6.0.130
2026-05-11 22:56:07,219 [INFO] McuFinderGlobals:63 - Set McuFinder mode to 2 (CubeIDE integrated)
2026-05-11 22:56:07,226 [INFO] UserAuth:486 - Internet connection configuration mode: 1
2026-05-11 22:56:07,262 [INFO] JxBrowserEngine:152 - Initiate JxBrowser Engine with user profile folder
2026-05-11 22:56:07,404 [INFO] CheckServerUpdateThread:120 - End of CheckServer Thread
2026-05-11 22:56:08,105 [INFO] WebApp:168 - Instantiating new browser for Auth
2026-05-11 22:56:08,704 [INFO] WebApp:449 - Apply proxy settings
2026-05-11 22:56:08,704 [INFO] WebApp:534 - Chromium requires no authentication
2026-05-11 22:56:08,714 [INFO] WebApp:477 - Direct internet connection detected
2026-05-11 22:56:08,735 [INFO] WebApp:880 - Register for checkConnection events
2026-05-11 22:56:08,735 [INFO] WebApp:449 - Apply proxy settings
2026-05-11 22:56:08,735 [INFO] WebApp:534 - Chromium requires no authentication
2026-05-11 22:56:08,736 [INFO] WebApp:477 - Direct internet connection detected
2026-05-11 22:56:08,913 [INFO] WebApp:221 - Starting web application
2026-05-11 22:56:08,914 [INFO] WebApp:579 - Web application path used C:\ST\STM32CubeIDE_1.17.0\STM32CubeIDE\plugins\com.st.stm32cube.common.mx_6.13.0.202411220809\db\plugins\mcufinder\reactClient1\index.html
2026-05-11 22:56:09,050 [INFO] UserAuth:486 - Internet connection configuration mode: 1
2026-05-11 22:56:09,973 [INFO] WebApp:187 - Connection restablished
2026-05-11 22:56:10,269 [WARN] PackLoader:240 - Cannot read IP mode file for STMicroelectronics.X-CUBE-AZRTOS-H7.3.5.0
2026-05-11 22:56:10,294 [WARN] PackLoader:240 - Cannot read IP mode file for STMicroelectronics.FP-SNS-MOTENVWB1.1.4.0
2026-05-11 22:56:10,316 [WARN] PackLoader:240 - Cannot read IP mode file for STMicroelectronics.FP-ATR-ASTRA1.2.0.2
2026-05-11 22:56:10,333 [WARN] PackLoader:240 - Cannot read IP mode file for STMicroelectronics.FP-ATR-ASTRA1.2.0.1
2026-05-11 22:56:10,352 [WARN] PackLoader:240 - Cannot read IP mode file for STMicroelectronics.X-CUBE-SMBUS.2.1.0
2026-05-11 22:56:10,371 [WARN] PackLoader:240 - Cannot read IP mode file for STMicroelectronics.X-CUBE-WB05N.1.1.0
2026-05-11 22:56:10,412 [WARN] PackLoader:240 - Cannot read IP mode file for STMicroelectronics.X-CUBE-AZRTOS-F7.1.1.0
2026-05-11 22:56:10,434 [ERROR] Engine:466 - C:\Users\Pache\.stm32cubemx\thirdparties\pdsc\STMicroelectronics.FP-SNS-MOTENV1.5.1.0.pdsc: PDSC version is not supported
2026-05-11 22:56:10,451 [WARN] PackLoader:240 - Cannot read IP mode file for STMicroelectronics.FP-SNS-FLIGHT1.5.0.2
2026-05-11 22:56:10,497 [WARN] PackLoader:240 - Cannot read IP mode file for Infineon.AIROC-Wi-Fi-Bluetooth-STM32.1.7.0
2026-05-11 22:56:10,519 [WARN] PackLoader:240 - Cannot read IP mode file for STMicroelectronics.X-CUBE-DISPLAY.3.0.0
2026-05-11 22:56:10,539 [WARN] PackLoader:240 - Cannot read IP mode file for STMicroelectronics.X-CUBE-GNSS1.7.1.1
2026-05-11 22:56:10,552 [ERROR] Engine:466 - C:\Users\Pache\.stm32cubemx\thirdparties\pdsc\STMicroelectronics.FP-SNS-MOTENVWB1.1.5.0.pdsc: PDSC version is not supported
2026-05-11 22:56:10,566 [WARN] PackLoader:240 - Cannot read IP mode file for STMicroelectronics.X-CUBE-BLE1.7.0.0
2026-05-11 22:56:10,581 [WARN] PackLoader:240 - Cannot read IP mode file for STMicroelectronics.X-CUBE-NFC10.1.0.0
2026-05-11 22:56:10,600 [WARN] PackLoader:240 - Cannot read IP mode file for STMicroelectronics.X-CUBE-BLEMGR.4.0.0
2026-05-11 22:56:10,619 [WARN] PackLoader:240 - Cannot read IP mode file for STMicroelectronics.X-CUBE-ST60.1.1.0
2026-05-11 22:56:10,638 [WARN] PackLoader:240 - Cannot read IP mode file for emotas.I-CUBE-CANOPEN.1.3.0
2026-05-11 22:56:10,653 [WARN] PackLoader:240 - Cannot read IP mode file for STMicroelectronics.X-CUBE-GNSS1.7.1.0
2026-05-11 22:56:10,667 [WARN] PackLoader:240 - Cannot read IP mode file for STMicroelectronics.X-CUBE-AI.10.0.0
2026-05-11 22:56:10,679 [ERROR] Engine:466 - C:\Users\Pache\.stm32cubemx\thirdparties\pdsc\STMicroelectronics.FP-SNS-STBOX1.2.1.0.pdsc: PDSC version is not supported
2026-05-11 22:56:10,692 [WARN] PackLoader:240 - Cannot read IP mode file for STMicroelectronics.FP-SNS-SMARTAG2.1.2.0
2026-05-11 22:56:10,706 [WARN] PackLoader:240 - Cannot read IP mode file for STMicroelectronics.FP-SNS-FLIGHT1.5.1.0
2026-05-11 22:56:10,755 [WARN] PackLoader:240 - Cannot read IP mode file for STMicroelectronics.X-CUBE-MEMS1.11.1.0
2026-05-11 22:56:10,875 [INFO] LogOutputStream:77 - [STDOUT_REDIRECT] 1 : Invalid condition id : UX_CORESTACK_Condition cause : null
2026-05-11 22:56:10,875 [INFO] LogOutputStream:77 - [STDOUT_REDIRECT] 1 : Invalid condition id : UX_CORESTACK_Condition cause : null
2026-05-11 22:56:10,877 [INFO] LogOutputStream:77 - [STDOUT_REDIRECT] 1 : Invalid condition id : UX_CORESTACK_Condition cause : null
2026-05-11 22:56:10,878 [INFO] LogOutputStream:77 - [STDOUT_REDIRECT] 1 : Invalid condition id : UX_CORESTACK_Condition cause : null
2026-05-11 22:56:10,879 [INFO] LogOutputStream:77 - [STDOUT_REDIRECT] 1 : Invalid condition id : UX_CORESTACK_Condition cause : null
2026-05-11 22:56:10,882 [WARN] PackLoader:240 - Cannot read IP mode file for STMicroelectronics.X-CUBE-AZRTOS-WL.2.0.0
2026-05-11 22:56:10,904 [WARN] PackLoader:240 - Cannot read IP mode file for STMicroelectronics.FP-SNS-MOTENV1.5.0.0
2026-05-11 22:56:10,937 [WARN] PackLoader:240 - Cannot read IP mode file for STMicroelectronics.X-CUBE-AZRTOS-H7RS.1.2.0
2026-05-11 22:56:10,956 [WARN] PackLoader:240 - Cannot read IP mode file for wolfSSL.I-CUBE-wolfMQTT.1.19.0
2026-05-11 22:56:10,976 [WARN] PackLoader:240 - Cannot read IP mode file for WES.I-CUBE-Cesium.1.3.0
2026-05-11 22:56:10,990 [WARN] PackLoader:240 - Cannot read IP mode file for STMicroelectronics.X-CUBE-BLE2.3.3.0
2026-05-11 22:56:11,051 [WARN] PackLoader:240 - Cannot read IP mode file for STMicroelectronics.X-CUBE-NFC9.1.0.0
2026-05-11 22:56:11,067 [WARN] PackLoader:240 - Cannot read IP mode file for STMicroelectronics.X-CUBE-BLE1.7.1.0
2026-05-11 22:56:11,088 [WARN] PackLoader:240 - Cannot read IP mode file for STMicroelectronics.X-CUBE-EEPRMA1.5.2.0
2026-05-11 22:56:11,102 [ERROR] Engine:466 - C:\Users\Pache\.stm32cubemx\thirdparties\pdsc\STMicroelectronics.FP-SNS-STAIOTCFT.1.1.0.pdsc: PDSC version is not supported
2026-05-11 22:56:11,148 [WARN] PackLoader:240 - Cannot read IP mode file for STMicroelectronics.X-CUBE-MEMS1.12.0.0
2026-05-11 22:56:11,214 [WARN] PackLoader:240 - Cannot read IP mode file for STMicroelectronics.X-CUBE-AZRTOS-G0.1.1.0
2026-05-11 22:56:11,233 [WARN] PackLoader:240 - Cannot read IP mode file for STMicroelectronics.X-CUBE-SAFEA1.1.2.2
2026-05-11 22:56:11,249 [WARN] PackLoader:240 - Cannot read IP mode file for STMicroelectronics.X-CUBE-NFC4.3.0.0
2026-05-11 22:56:11,267 [WARN] PackLoader:240 - Cannot read IP mode file for EmbeddedOffice.I-CUBE-FS-RTOS.1.0.1
2026-05-11 22:56:11,284 [WARN] PackLoader:240 - Cannot read IP mode file for STMicroelectronics.X-CUBE-TCPP.4.2.0
2026-05-11 22:56:11,300 [WARN] PackLoader:240 - Cannot read IP mode file for RealThread.X-CUBE-RT-Thread_Nano.4.1.1
2026-05-11 22:56:11,317 [WARN] PackLoader:240 - Cannot read IP mode file for STMicroelectronics.FP-ATR-SIGFOX1.3.2.0
2026-05-11 22:56:11,333 [WARN] ConditionMgr:438 - getConditionDescription Invalid condition id : Cortex-A Device cause : null
2026-05-11 22:56:11,353 [WARN] ConditionMgr:1044 - genDependencies : Invalid condition id : Cortex-A Device cause : null
2026-05-11 22:56:11,353 [WARN] ConditionMgr:1044 - genDependencies : Invalid condition id : Cortex-A Device cause : null
2026-05-11 22:56:11,353 [WARN] ConditionMgr:1044 - genDependencies : Invalid condition id : Cortex-A Device cause : null
2026-05-11 22:56:11,368 [WARN] PackLoader:240 - Cannot read IP mode file for STMicroelectronics.X-CUBE-EEPRMA1.5.1.0
2026-05-11 22:56:11,380 [ERROR] Engine:466 - C:\Users\Pache\.stm32cubemx\thirdparties\pdsc\STMicroelectronics.X-CUBE-FREERTOS.1.5.0.pdsc: PDSC version is not supported
2026-05-11 22:56:11,392 [WARN] PackLoader:240 - Cannot read IP mode file for wolfSSL.I-CUBE-wolfSSL.5.7.4
2026-05-11 22:56:11,407 [WARN] PackLoader:240 - Cannot read IP mode file for ITTIA_DB.I-CUBE-ITTIADB.8.9.0
2026-05-11 22:56:11,422 [WARN] PackLoader:240 - Cannot read IP mode file for STMicroelectronics.X-CUBE-NFC6.3.2.0
2026-05-11 22:56:11,435 [WARN] PackLoader:240 - Cannot read IP mode file for STMicroelectronics.X-CUBE-AI.10.2.0
2026-05-11 22:56:11,477 [WARN] PackLoader:240 - Cannot read IP mode file for STMicroelectronics.X-CUBE-MEMS1.12.1.0
2026-05-11 22:56:11,554 [WARN] PackLoader:240 - Cannot read IP mode file for SEGGER.I-CUBE-embOS.1.3.1
2026-05-11 22:56:11,587 [WARN] PackLoader:240 - Cannot read IP mode file for STMicroelectronics.X-CUBE-ALGOBUILD.1.4.0
2026-05-11 22:56:11,601 [WARN] PackLoader:240 - Cannot read IP mode file for STMicroelectronics.X-CUBE-AI.9.1.0
2026-05-11 22:56:11,615 [WARN] PackLoader:240 - Cannot read IP mode file for STMicroelectronics.X-CUBE-PM33A1.1.0.0
2026-05-11 22:56:11,639 [WARN] PackLoader:240 - Cannot read IP mode file for STMicroelectronics.X-CUBE-AZRTOS-F4.1.1.0
2026-05-11 22:56:11,665 [WARN] PackLoader:240 - Cannot read IP mode file for STMicroelectronics.X-CUBE-ISPU.2.1.0
2026-05-11 22:56:11,679 [ERROR] Engine:466 - C:\Users\Pache\.stm32cubemx\thirdparties\pdsc\STMicroelectronics.X-CUBE-IPS.3.2.0.pdsc: PDSC version is not supported
2026-05-11 22:56:11,693 [WARN] PackLoader:240 - Cannot read IP mode file for STMicroelectronics.eDS-WB_DPC_TT-BIDIR.2.1.1
2026-05-11 22:56:11,708 [WARN] PackLoader:240 - Cannot read IP mode file for STMicroelectronics.X-CUBE-NFC12.1.0.0
2026-05-11 22:56:11,733 [WARN] PackLoader:240 - Cannot read IP mode file for STMicroelectronics.X-CUBE-AZRTOS-L5.2.0.0
2026-05-11 22:56:11,747 [WARN] PackLoader:240 - Cannot read IP mode file for STMicroelectronics.X-CUBE-NFC6.3.1.0
2026-05-11 22:56:11,764 [WARN] PackLoader:240 - Cannot read IP mode file for STMicroelectronics.X-CUBE-DPower.1.2.0
2026-05-11 22:56:11,777 [WARN] PackLoader:240 - Cannot read IP mode file for STMicroelectronics.eDS-WB_DPC_VIENNA.1.2.0
2026-05-11 22:56:11,792 [WARN] PackLoader:240 - Cannot read IP mode file for STMicroelectronics.eDS-WB_DPC_3PH2L-BIDIR.1.1.1
2026-05-11 22:56:11,804 [ERROR] Engine:466 - C:\Users\Pache\.stm32cubemx\thirdparties\pdsc\STMicroelectronics.X-CUBE-ST67W61.1.3.0.pdsc: PDSC version is not supported
2026-05-11 22:56:11,816 [WARN] PackLoader:240 - Cannot read IP mode file for STMicroelectronics.X-CUBE-FREERTOS.1.3.0
2026-05-11 22:56:11,830 [WARN] PackLoader:240 - Cannot read IP mode file for STMicroelectronics.X-CUBE-NFC7.1.0.1
2026-05-11 22:56:11,848 [WARN] PackLoader:240 - Cannot read IP mode file for STMicroelectronics.X-CUBE-TOUCHGFX.4.26.0
2026-05-11 22:56:11,950 [WARN] PackLoader:240 - Cannot read IP mode file for STMicroelectronics.X-CUBE-TOUCHGFX.4.26.1
2026-05-11 22:56:11,965 [WARN] PackLoader:240 - Cannot read IP mode file for STMicroelectronics.FP-SNS-STAIOTCFT.1.0.0
2026-05-11 22:56:11,978 [WARN] PackLoader:240 - Cannot read IP mode file for STMicroelectronics.X-CUBE-DPower.1.3.0
2026-05-11 22:56:12,004 [WARN] ConditionMgr:438 - getConditionDescription Invalid condition id : LAN8742 Phy interface Condition cause : null
2026-05-11 22:56:12,004 [WARN] PackLoader:240 - Cannot read IP mode file for STMicroelectronics.X-CUBE-AZRTOS-L4.2.0.0
2026-05-11 22:56:12,005 [WARN] ConditionMgr:1044 - genDependencies : Invalid condition id : LAN8742 Phy interface Condition cause : null
2026-05-11 22:56:12,005 [WARN] ConditionMgr:1044 - genDependencies : Invalid condition id : LAN8742 Phy interface Condition cause : null
2026-05-11 22:56:12,005 [WARN] ConditionMgr:1044 - genDependencies : Invalid condition id : LAN8742 Phy interface Condition cause : null
2026-05-11 22:56:12,023 [WARN] PackLoader:240 - Cannot read IP mode file for STMicroelectronics.X-CUBE-SFXS2LP1.4.0.0
2026-05-11 22:56:12,037 [WARN] PackLoader:240 - Cannot read IP mode file for STMicroelectronics.X-CUBE-WB05N.2.1.0
2026-05-11 22:56:12,050 [ERROR] Engine:466 - C:\Users\Pache\.stm32cubemx\thirdparties\pdsc\STMicroelectronics.X-CUBE-ST67W61.1.2.0.pdsc: PDSC version is not supported
2026-05-11 22:56:12,074 [WARN] PackLoader:240 - Cannot read IP mode file for STMicroelectronics.X-CUBE-AZRTOS-H7.3.3.0
2026-05-11 22:56:12,091 [WARN] PackLoader:240 - Cannot read IP mode file for STMicroelectronics.X-CUBE-BLEMGR.4.1.0
2026-05-11 22:56:12,108 [WARN] PackLoader:240 - Cannot read IP mode file for STMicroelectronics.X-CUBE-IPS.3.0.0
2026-05-11 22:56:12,131 [WARN] ConditionMgr:438 - getConditionDescription Invalid condition id : UX DEVICE CLASS RTOS Condition cause : null
2026-05-11 22:56:12,131 [WARN] ConditionMgr:438 - getConditionDescription Invalid condition id : UX DEVICE CLASS RTOS Condition cause : null
2026-05-11 22:56:12,132 [WARN] PackLoader:240 - Cannot read IP mode file for STMicroelectronics.X-CUBE-AZRTOS-WB.2.0.0
2026-05-11 22:56:12,132 [WARN] ConditionMgr:1044 - genDependencies : Invalid condition id : UX DEVICE CLASS RTOS Condition cause : null
2026-05-11 22:56:12,132 [WARN] ConditionMgr:1044 - genDependencies : Invalid condition id : UX DEVICE CLASS RTOS Condition cause : null
2026-05-11 22:56:12,132 [WARN] ConditionMgr:1044 - genDependencies : Invalid condition id : UX DEVICE CLASS RTOS Condition cause : null
2026-05-11 22:56:12,132 [WARN] ConditionMgr:1044 - genDependencies : Invalid condition id : UX DEVICE CLASS RTOS Condition cause : null
2026-05-11 22:56:12,132 [WARN] ConditionMgr:1044 - genDependencies : Invalid condition id : UX DEVICE CLASS RTOS Condition cause : null
2026-05-11 22:56:12,145 [WARN] PackLoader:240 - Cannot read IP mode file for STMicroelectronics.X-CUBE-GNSS1.7.0.1
2026-05-11 22:56:12,159 [WARN] PackLoader:240 - Cannot read IP mode file for STMicroelectronics.FP-SNS-STBOX1.2.0.0
2026-05-11 22:56:12,177 [WARN] PackLoader:240 - Cannot read IP mode file for STMicroelectronics.X-CUBE-STSE01.2.0.0
2026-05-11 22:56:12,195 [WARN] PackLoader:240 - Cannot read IP mode file for STMicroelectronics.X-CUBE-SUBG2.5.0.0
2026-05-11 22:56:12,214 [WARN] PackLoader:240 - Cannot read IP mode file for Cesanta.I-CUBE-Mongoose.7.13.0
2026-05-11 22:56:12,234 [WARN] PackLoader:240 - Cannot read IP mode file for STMicroelectronics.X-CUBE-AZRTOS-G4.2.0.0
2026-05-11 22:56:12,248 [WARN] PackLoader:240 - Cannot read IP mode file for STMicroelectronics.X-CUBE-NFC7.2.0.0
2026-05-11 22:56:12,264 [WARN] PackLoader:240 - Cannot read IP mode file for STMicroelectronics.X-CUBE-IPS.3.1.0
2026-05-11 22:56:12,280 [WARN] PackLoader:240 - Cannot read IP mode file for STMicroelectronics.X-CUBE-ALS.1.0.2
2026-05-11 22:56:12,292 [WARN] PackLoader:240 - Cannot read IP mode file for STMicroelectronics.X-CUBE-TOUCHGFX.4.24.2
2026-05-11 22:56:12,304 [WARN] PackLoader:240 - Cannot read IP mode file for STMicroelectronics.X-CUBE-TOUCHGFX.4.24.1
2026-05-11 22:56:12,317 [WARN] PackLoader:240 - Cannot read IP mode file for wolfSSL.I-CUBE-wolfTPM.3.4.0
2026-05-11 22:56:12,331 [WARN] PackLoader:240 - Cannot read IP mode file for portGmbH.I-Cube-SoM-uGOAL.1.1.0
2026-05-11 22:56:12,352 [WARN] PackLoader:240 - Cannot read IP mode file for STMicroelectronics.X-CUBE-AZRTOS-H7RS.1.0.0
2026-05-11 22:56:12,369 [WARN] PackLoader:240 - Cannot read IP mode file for STMicroelectronics.X-CUBE-TOF1.3.4.2
2026-05-11 22:56:12,387 [WARN] PackLoader:240 - Cannot read IP mode file for STMicroelectronics.X-CUBE-TOF1.3.4.3
2026-05-11 22:56:12,403 [WARN] PackLoader:240 - Cannot read IP mode file for wolfSSL.I-CUBE-wolfSSH.1.4.17
2026-05-11 22:56:12,404 [INFO] ThirdParty:978 - Integrity check success = true
2026-05-11 22:56:12,404 [INFO] IntegrityCheckThread:100 - exiting critical section [integrity check]
2026-05-11 22:56:12,404 [INFO] IntegrityCheckThread:103 - End integrity checks thread
2026-05-11 22:56:21,805 [INFO] McuFinderGlobals:63 - Set McuFinder mode to 2 (CubeIDE integrated)
2026-05-11 22:56:21,835 [INFO] MainUpdater:2872 - connection check result : 10
2026-05-11 22:56:21,842 [INFO] MainUpdater:2872 - connection check result : 10
2026-05-11 22:56:22,000 [INFO] MicroXplorer:468 - Change Database Path : 
2026-05-11 22:56:22,000 [INFO] MicroXplorer:498 - Change Database Version : DB.6.0.130
2026-05-11 22:56:22,005 [WARN] ThirdParty:871 - waiting for thirdparty lock release [close project]
2026-05-11 22:56:22,005 [INFO] ThirdParty:873 - entering critical section [close project]
2026-05-11 22:56:22,006 [INFO] ThirdParty:883 - exiting critical section [close project]
2026-05-11 22:56:22,007 [INFO] PinOutPanel:1589 - setPackage(No Configuration,No Configuration)
2026-05-11 22:56:22,010 [INFO] UtilMem:75 - Begin LoadConfig() Used Memory: 160554960 Bytes (356515840)
2026-05-11 22:56:22,015 [INFO] MicroXplorer:468 - Change Database Path : C:/Users/Pache/.stm32cubemx/databases/DB.6.0.110/db/
2026-05-11 22:56:22,015 [INFO] MicroXplorer:498 - Change Database Version : DB.6.0.110
2026-05-11 22:56:29,193 [INFO] OpenFileManager:332 - Change cursor
2026-05-11 22:56:29,225 [INFO] Mcu:2035 - Initializing MCU STM32F411C(C-E)Ux STM32F411CEUx STM32F411CEU6
2026-05-11 22:56:30,430 [INFO] Context:748 - Trying to add GPIOservice into a context  which must be forbidden
2026-05-11 22:56:30,836 [INFO] RtosManager:555 - Registered RTOS mode: class=CMSIS, group=RTOS, mode=CMSIS_V1, owner=FREERTOS
2026-05-11 22:56:30,836 [INFO] RtosManager:555 - Registered RTOS mode: class=CMSIS, group=RTOS2, mode=CMSIS_V2, owner=FREERTOS
2026-05-11 22:56:30,837 [INFO] RtosManager:555 - Registered RTOS mode: class=RTOS, group=Core, mode=CMSIS_V1, owner=FREERTOS
2026-05-11 22:56:30,837 [INFO] RtosManager:555 - Registered RTOS mode: class=RTOS, group=Core, mode=CMSIS_V2, owner=FREERTOS
2026-05-11 22:56:30,837 [WARN] ModelIntegratedComponent:184 - Missing modes for component STMicroelectronics:FreeRTOS:0.0.1:STMicroelectronics:RTOS:FreeRTOS:Core:::10.2.0:
2026-05-11 22:56:30,845 [WARN] ModelIntegratedComponent:63 - No mode defined for component null
2026-05-11 22:56:30,845 [WARN] ModelIntegratedComponent:63 - No mode defined for component null
2026-05-11 22:56:30,846 [WARN] ModelIntegratedComponent:63 - No mode defined for component null
2026-05-11 22:56:30,846 [WARN] ModelIntegratedComponent:63 - No mode defined for component null
2026-05-11 22:56:30,846 [WARN] ModelIntegratedComponent:63 - No mode defined for component null
2026-05-11 22:56:30,846 [WARN] ModelIntegratedComponent:63 - No mode defined for component null
2026-05-11 22:56:30,846 [WARN] ModelIntegratedComponent:63 - No mode defined for component null
2026-05-11 22:56:30,846 [WARN] ModelIntegratedComponent:63 - No mode defined for component null
2026-05-11 22:56:30,846 [WARN] ModelIntegratedComponent:63 - No mode defined for component null
2026-05-11 22:56:30,846 [WARN] ModelIntegratedComponent:63 - No mode defined for component null
2026-05-11 22:56:30,846 [WARN] ModelIntegratedComponent:63 - No mode defined for component null
2026-05-11 22:56:30,846 [WARN] ModelIntegratedComponent:63 - No mode defined for component null
2026-05-11 22:56:30,846 [WARN] ModelIntegratedComponent:63 - No mode defined for component null
2026-05-11 22:56:30,846 [WARN] ModelIntegratedComponent:63 - No mode defined for component null
2026-05-11 22:56:30,846 [WARN] ModelIntegratedComponent:63 - No mode defined for component null
2026-05-11 22:56:30,846 [WARN] ModelIntegratedComponent:63 - No mode defined for component null
2026-05-11 22:56:30,846 [WARN] ModelIntegratedComponent:63 - No mode defined for component null
2026-05-11 22:56:30,847 [WARN] ModelIntegratedComponent:63 - No mode defined for component null
2026-05-11 22:56:30,847 [WARN] ModelIntegratedComponent:63 - No mode defined for component null
2026-05-11 22:56:30,847 [WARN] ModelIntegratedComponent:63 - No mode defined for component null
2026-05-11 22:56:30,847 [WARN] ModelIntegratedComponent:63 - No mode defined for component null
2026-05-11 22:56:30,847 [WARN] ModelIntegratedComponent:63 - No mode defined for component null
2026-05-11 22:56:30,847 [WARN] ModelIntegratedComponent:63 - No mode defined for component null
2026-05-11 22:56:30,847 [WARN] ModelIntegratedComponent:63 - No mode defined for component null
2026-05-11 22:56:30,847 [WARN] ModelIntegratedComponent:63 - No mode defined for component null
2026-05-11 22:56:30,847 [WARN] ModelIntegratedComponent:63 - No mode defined for component null
2026-05-11 22:56:30,847 [WARN] ModelIntegratedComponent:63 - No mode defined for component null
2026-05-11 22:56:30,847 [WARN] ModelIntegratedComponent:63 - No mode defined for component null
2026-05-11 22:56:30,847 [WARN] ModelIntegratedComponent:63 - No mode defined for component null
2026-05-11 22:56:30,847 [WARN] ModelIntegratedComponent:63 - No mode defined for component null
2026-05-11 22:56:30,847 [WARN] ModelIntegratedComponent:63 - No mode defined for component null
2026-05-11 22:56:30,847 [WARN] ModelIntegratedComponent:63 - No mode defined for component null
2026-05-11 22:56:30,847 [WARN] ModelIntegratedComponent:63 - No mode defined for component null
2026-05-11 22:56:30,847 [WARN] ModelIntegratedComponent:63 - No mode defined for component null
2026-05-11 22:56:30,848 [WARN] ModelIntegratedComponent:63 - No mode defined for component null
2026-05-11 22:56:30,848 [WARN] ModelPack:524 - Component already loaded: STMicroelectronics:HAL Drivers:0.0.0:STMicroelectronics:Device:STMicro_Driver:XSPI:HAL::0.0.1:HAL_XSPI
2026-05-11 22:56:30,921 [WARN] ModelIntegratedComponent:182 - Modes not found for component STMicroelectronics:USB_DEVICE:1.0.0:STMicroelectronics:USB::USB Device:Audio HS::1.0:USB_DEVICE_1_0_RESTRICTED_HS
2026-05-11 22:56:30,921 [WARN] ModelIntegratedComponent:188 - Modes not found for component STMicroelectronics:USB_DEVICE:1.0.0:STMicroelectronics:USB::USB Device:Audio HS::1.0:USB_DEVICE_1_0_RESTRICTED_HS
2026-05-11 22:56:30,923 [WARN] ModelIntegratedComponent:182 - Modes not found for component STMicroelectronics:USB_DEVICE:1.0.0:STMicroelectronics:USB::USB Device:CDC HS::1.0:USB_DEVICE_1_0_RESTRICTED_HS
2026-05-11 22:56:30,923 [WARN] ModelIntegratedComponent:188 - Modes not found for component STMicroelectronics:USB_DEVICE:1.0.0:STMicroelectronics:USB::USB Device:CDC HS::1.0:USB_DEVICE_1_0_RESTRICTED_HS
2026-05-11 22:56:30,923 [WARN] ModelIntegratedComponent:182 - Modes not found for component STMicroelectronics:USB_DEVICE:1.0.0:STMicroelectronics:USB::USB Device:DFU HS::1.0:USB_DEVICE_1_0_RESTRICTED_HS
2026-05-11 22:56:30,923 [WARN] ModelIntegratedComponent:188 - Modes not found for component STMicroelectronics:USB_DEVICE:1.0.0:STMicroelectronics:USB::USB Device:DFU HS::1.0:USB_DEVICE_1_0_RESTRICTED_HS
2026-05-11 22:56:30,923 [WARN] ModelIntegratedComponent:182 - Modes not found for component STMicroelectronics:USB_DEVICE:1.0.0:STMicroelectronics:USB::USB Device:HID HS::1.0:USB_DEVICE_1_0_RESTRICTED_HS
2026-05-11 22:56:30,923 [WARN] ModelIntegratedComponent:188 - Modes not found for component STMicroelectronics:USB_DEVICE:1.0.0:STMicroelectronics:USB::USB Device:HID HS::1.0:USB_DEVICE_1_0_RESTRICTED_HS
2026-05-11 22:56:30,923 [WARN] ModelIntegratedComponent:182 - Modes not found for component STMicroelectronics:USB_DEVICE:1.0.0:STMicroelectronics:USB::USB Device:Custom HID HS::1.0:USB_DEVICE_1_0_RESTRICTED_HS
2026-05-11 22:56:30,923 [WARN] ModelIntegratedComponent:188 - Modes not found for component STMicroelectronics:USB_DEVICE:1.0.0:STMicroelectronics:USB::USB Device:Custom HID HS::1.0:USB_DEVICE_1_0_RESTRICTED_HS
2026-05-11 22:56:30,923 [WARN] ModelIntegratedComponent:182 - Modes not found for component STMicroelectronics:USB_DEVICE:1.0.0:STMicroelectronics:USB::USB Device:MSC HS::1.0:USB_DEVICE_1_0_RESTRICTED_HS
2026-05-11 22:56:30,923 [WARN] ModelIntegratedComponent:188 - Modes not found for component STMicroelectronics:USB_DEVICE:1.0.0:STMicroelectronics:USB::USB Device:MSC HS::1.0:USB_DEVICE_1_0_RESTRICTED_HS
2026-05-11 22:56:30,959 [WARN] ModelIntegratedComponent:182 - Modes not found for component STMicroelectronics:USB_HOST:1.0.0:STMicroelectronics:USB::USB Host:Audio HS::1.0:USB_HOST_1_0_RESTRICTED_HS
2026-05-11 22:56:30,959 [WARN] ModelIntegratedComponent:188 - Modes not found for component STMicroelectronics:USB_HOST:1.0.0:STMicroelectronics:USB::USB Host:Audio HS::1.0:USB_HOST_1_0_RESTRICTED_HS
2026-05-11 22:56:30,959 [WARN] ModelIntegratedComponent:182 - Modes not found for component STMicroelectronics:USB_HOST:1.0.0:STMicroelectronics:USB::USB Host:CDC HS::1.0:USB_HOST_1_0_RESTRICTED_HS
2026-05-11 22:56:30,959 [WARN] ModelIntegratedComponent:188 - Modes not found for component STMicroelectronics:USB_HOST:1.0.0:STMicroelectronics:USB::USB Host:CDC HS::1.0:USB_HOST_1_0_RESTRICTED_HS
2026-05-11 22:56:30,959 [WARN] ModelIntegratedComponent:182 - Modes not found for component STMicroelectronics:USB_HOST:1.0.0:STMicroelectronics:USB::USB Host:MSC HS::1.0:USB_HOST_1_0_RESTRICTED_HS
2026-05-11 22:56:30,959 [WARN] ModelIntegratedComponent:188 - Modes not found for component STMicroelectronics:USB_HOST:1.0.0:STMicroelectronics:USB::USB Host:MSC HS::1.0:USB_HOST_1_0_RESTRICTED_HS
2026-05-11 22:56:30,959 [WARN] ModelIntegratedComponent:182 - Modes not found for component STMicroelectronics:USB_HOST:1.0.0:STMicroelectronics:USB::USB Host:HID HS::1.0:USB_HOST_1_0_RESTRICTED_HS
2026-05-11 22:56:30,959 [WARN] ModelIntegratedComponent:188 - Modes not found for component STMicroelectronics:USB_HOST:1.0.0:STMicroelectronics:USB::USB Host:HID HS::1.0:USB_HOST_1_0_RESTRICTED_HS
2026-05-11 22:56:30,959 [WARN] ModelIntegratedComponent:182 - Modes not found for component STMicroelectronics:USB_HOST:1.0.0:STMicroelectronics:USB::USB Host:MTP HS::1.0:USB_HOST_1_0_RESTRICTED_HS
2026-05-11 22:56:30,959 [WARN] ModelIntegratedComponent:188 - Modes not found for component STMicroelectronics:USB_HOST:1.0.0:STMicroelectronics:USB::USB Host:MTP HS::1.0:USB_HOST_1_0_RESTRICTED_HS
2026-05-11 22:56:31,032 [INFO] ThirdPartyModel:298 - Start build external matchings
2026-05-11 22:56:31,636 [INFO] ThirdPartyModel:316 - End build external matchings
2026-05-11 22:56:31,657 [INFO] RtosManager:922 - Current active RTOS is FREERTOS [Cortex-M4NS]
2026-05-11 22:56:31,664 [INFO] ImportTextPane:218 - (OptionalMessage_ERROR) IP (DMA) : Parameter (Instance) has Id (USART1_RX) currently not set
2026-05-11 22:56:31,664 [INFO] ImportTextPane:218 - (OptionalMessage_ERROR) IP (DMA) : Parameter (Channel) has Id (USART1_RX) currently not set
2026-05-11 22:56:31,664 [INFO] ImportTextPane:218 - (OptionalMessage_ERROR) IP (DMA) : Parameter (Direction) has Id (USART1_RX) currently not set
2026-05-11 22:56:31,664 [INFO] ImportTextPane:218 - (OptionalMessage_ERROR) IP (DMA) : Parameter (PeriphInc) has Id (USART1_RX) currently not set
2026-05-11 22:56:31,664 [INFO] ImportTextPane:218 - (OptionalMessage_ERROR) IP (DMA) : Parameter (MemInc) has Id (USART1_RX) currently not set
2026-05-11 22:56:31,664 [INFO] ImportTextPane:218 - (OptionalMessage_ERROR) IP (DMA) : Parameter (PeriphDataAlignment) has Id (USART1_RX) currently not set
2026-05-11 22:56:31,664 [INFO] ImportTextPane:218 - (OptionalMessage_ERROR) IP (DMA) : Parameter (MemDataAlignment) has Id (USART1_RX) currently not set
2026-05-11 22:56:31,664 [INFO] ImportTextPane:218 - (OptionalMessage_ERROR) IP (DMA) : Parameter (Mode) has Id (USART1_RX) currently not set
2026-05-11 22:56:31,665 [INFO] ImportTextPane:218 - (OptionalMessage_ERROR) IP (DMA) : Parameter (Priority) has Id (USART1_RX) currently not set
2026-05-11 22:56:31,665 [INFO] ImportTextPane:218 - (OptionalMessage_ERROR) IP (DMA) : Parameter (FIFOMode) has Id (USART1_RX) currently not set
2026-05-11 22:56:31,665 [INFO] ImportTextPane:218 - (OptionalMessage_ERROR) IP (DMA) : Parameter (Instance) has Id (USART1_TX) currently not set
2026-05-11 22:56:31,665 [INFO] ImportTextPane:218 - (OptionalMessage_ERROR) IP (DMA) : Parameter (Channel) has Id (USART1_TX) currently not set
2026-05-11 22:56:31,665 [INFO] ImportTextPane:218 - (OptionalMessage_ERROR) IP (DMA) : Parameter (Direction) has Id (USART1_TX) currently not set
2026-05-11 22:56:31,665 [INFO] ImportTextPane:218 - (OptionalMessage_ERROR) IP (DMA) : Parameter (PeriphInc) has Id (USART1_TX) currently not set
2026-05-11 22:56:31,665 [INFO] ImportTextPane:218 - (OptionalMessage_ERROR) IP (DMA) : Parameter (MemInc) has Id (USART1_TX) currently not set
2026-05-11 22:56:31,665 [INFO] ImportTextPane:218 - (OptionalMessage_ERROR) IP (DMA) : Parameter (PeriphDataAlignment) has Id (USART1_TX) currently not set
2026-05-11 22:56:31,665 [INFO] ImportTextPane:218 - (OptionalMessage_ERROR) IP (DMA) : Parameter (MemDataAlignment) has Id (USART1_TX) currently not set
2026-05-11 22:56:31,665 [INFO] ImportTextPane:218 - (OptionalMessage_ERROR) IP (DMA) : Parameter (Mode) has Id (USART1_TX) currently not set
2026-05-11 22:56:31,665 [INFO] ImportTextPane:218 - (OptionalMessage_ERROR) IP (DMA) : Parameter (Priority) has Id (USART1_TX) currently not set
2026-05-11 22:56:31,665 [INFO] ImportTextPane:218 - (OptionalMessage_ERROR) IP (DMA) : Parameter (FIFOMode) has Id (USART1_TX) currently not set
2026-05-11 22:56:31,671 [INFO] ImportTextPane:218 - (OptionalMessage_ERROR) IP (RCC) : Parameter (RTCHSEDivFreq_Value) has invalid value (12500000)
2026-05-11 22:56:31,949 [INFO] ApiDb:581 - Connected to CubeFinder SQLite database (C:\Users\Pache\.stmcufinder\plugins\mcufinder\mcu\cube-finder-db.db)
2026-05-11 22:56:32,114 [INFO] ApiDb:668 - CubeFinder database Data Model version=2.1
2026-05-11 22:56:32,114 [INFO] ApiDb:669 - CubeFinder database Configuration version=3.0.42
2026-05-11 22:56:32,114 [INFO] ApiDb:670 - CubeFinder database generation date=2026-05-06 (1778060171)
2026-05-11 22:56:32,114 [INFO] ApiDb:671 - CubeFinder database FW Pack versions=[FP-ATR-ASTRA1_V2.0.0, FP-SNS-FLIGHT1_V5.1.0, FP-SNS-MOTENV1_V5.1.0, FP-SNS-MOTENVWB1_V1.5.0, FP-SNS-SMARTAG2_V1.2.0, FP-SNS-STBOX1_V2.1.0, STM32Cube_FW_C0_V1.4.0, STM32Cube_FW_F4_V1.28.3, STM32Cube_FW_F7_V1.17.4, STM32Cube_FW_G0_V1.6.3, STM32Cube_FW_G4_V1.6.2, STM32Cube_FW_H5_V1.6.0, STM32Cube_FW_H7RS_V1.3.0, STM32Cube_FW_H7_V1.13.0, STM32Cube_FW_L0_V1.12.2, STM32Cube_FW_L4_V1.18.2, STM32Cube_FW_L5_V1.6.0, STM32Cube_FW_N6_V1.3.0, STM32Cube_FW_U0_V1.3.0, STM32Cube_FW_U3_V1.3.0, STM32Cube_FW_U5_V1.8.0, STM32Cube_FW_WB0_V1.4.0, STM32Cube_FW_WBA_V1.9.0, STM32Cube_FW_WB_V1.24.0, STM32Cube_FW_WL3_V1.4.0, STM32Cube_FW_WL_V1.5.0, X-CUBE-ALGOBUILD_V1.4.0, X-CUBE-ALS_V1.0.2, X-CUBE-AZRTOS-F4_V1.1.0, X-CUBE-AZRTOS-F7_V1.1.0, X-CUBE-AZRTOS-G0_V1.1.0, X-CUBE-AZRTOS-G4_V2.0.0, X-CUBE-AZRTOS-H7RS_V1.1.0, X-CUBE-AZRTOS-H7_V3.5.0, X-CUBE-AZRTOS-L4_V2.0.0, X-CUBE-AZRTOS-L5_V2.0.0, X-CUBE-AZRTOS-WB_V2.0.0, X-CUBE-AZRTOS-WL_V2.0.0, X-CUBE-BLE1_V7.1.0, X-CUBE-BLE2_V3.3.0, X-CUBE-BLEMGR_V4.1.0, X-CUBE-EEPRMA1_V5.2.0, X-CUBE-FREERTOS_V1.5.0, X-CUBE-GNSS1_V6.0.0, X-CUBE-MEMS1_V12.0.0, X-CUBE-NFC4_V3.0.0, X-CUBE-NFC7_V2.0.0, X-CUBE-SFXS2LP1_V4.0.0, X-CUBE-ST67W61_V1.2.0, X-CUBE-SUBG2_V5.0.0, X-CUBE-TOF1_V3.4.3]
2026-05-11 22:56:32,244 [INFO] DbBoardsSqlite:226 - include board P-NUCLEO-WB55-NUCLEO as a kit item of type 'Nucleo-64'
2026-05-11 22:56:32,246 [INFO] DbBoardsSqlite:226 - include board P-NUCLEO-WB55-USBDONGLE as a kit item of type 'Nucleo USB Dongle'
2026-05-11 22:56:32,247 [INFO] DbBoardsSqlite:226 - include board STEVAL-IDP005V1 as a kit item of type 'Evaluation Board'
2026-05-11 22:56:32,247 [INFO] DbBoardsSqlite:226 - include board STEVAL-IDP005V2 as a kit item of type 'Evaluation Board'
2026-05-11 22:56:32,826 [INFO] ApiDb:240 - Found 858 in-development CPN: [B-G473E-ZEST1S, B-WB1M-WPAN1, B-WBA5M-WPAN, B-WL5M-SUBG1, NUCLEO-C031C6, NUCLEO-C051C8, NUCLEO-C071RB, NUCLEO-C092RC, NUCLEO-H503RB, NUCLEO-H533RE, NUCLEO-H563ZI, NUCLEO-H7S3L8, NUCLEO-N657X0-Q, NUCLEO-U031R8, NUCLEO-U083RC, NUCLEO-U385RG-Q, NUCLEO-U545RE-Q, NUCLEO-U5A5ZJ-Q, NUCLEO-WB05KZ, NUCLEO-WB07CC, NUCLEO-WB09KE, NUCLEO-WBA52CG, NUCLEO-WBA55CG, NUCLEO-WL33CC1, NUCLEO-WL33CC2, STEVAL-PROTEUS1, STEVAL-SMARTAG2, STEVAL-STWINBX1, STM320518-EVAL, STM32C0116-DK, STM32C011D6Y3TR, STM32C011D6Y6TR, STM32C011F4P3, STM32C011F4P6, STM32C011F4U3, STM32C011F4U6TR, STM32C011F6P3, STM32C011F6P6, STM32C011F6U3, STM32C011F6U6TR, STM32C011J4M3, STM32C011J4M6, STM32C011J6M3, STM32C011J6M6, STM32C0316-DK, STM32C031C4T3, STM32C031C4T6, STM32C031C4U3, STM32C031C4U6, STM32C031C6T3, STM32C031C6T6, STM32C031C6U3, STM32C031C6U6, STM32C031F4P3, STM32C031F4P6, STM32C031F6P3, STM32C031F6P6, STM32C031G4U3, STM32C031G4U6, STM32C031G6U3, STM32C031G6U6, STM32C031K4T3, STM32C031K4T6, STM32C031K4U3, STM32C031K4U6, STM32C031K6T3, STM32C031K6T6, STM32C031K6U3, STM32C031K6U6, STM32C051C6T6, STM32C051C6U6, STM32C051C8T6, STM32C051C8U6, STM32C051D8Y6TR, STM32C051F6P6, STM32C051F8P6, STM32C051G6U6, STM32C051G8U6, STM32C051K6T6, STM32C051K6U6, STM32C051K8T6, STM32C071C8T6, STM32C071C8T6N, STM32C071C8U6, STM32C071C8U6N, STM32C071CBT6, STM32C071CBT6N, STM32C071CBU6, STM32C071CBU6N, STM32C071F8P6, STM32C071F8P6N, STM32C071FBP6, STM32C071FBP6N, STM32C071FBY6TR, STM32C071G8U6, STM32C071G8U6N, STM32C071GBU6, STM32C071GBU6N, STM32C071K8T6, STM32C071K8T6N, STM32C071K8U6, STM32C071K8U6N, STM32C071KBT6, STM32C071KBT6N, STM32C071KBU6, STM32C071KBU6N, STM32C071R8T6, STM32C071R8T6N, STM32C071RBI6N, STM32C071RBT6, STM32C071RBT6N, STM32C091CBT6, STM32C091CBU6, STM32C091CCT6, STM32C091CCU6, STM32C091ECY6TR, STM32C091FBP6, STM32C091FCP6, STM32C091GBU6, STM32C091GCU6, STM32C091KBT6, STM32C091KBU6, STM32C091KCT6, STM32C091KCU6, STM32C091RBT6, STM32C091RCI6, STM32C091RCT6, STM32C092CBT6, STM32C092CBU6, STM32C092CCT6, STM32C092CCU6, STM32C092ECY6TR, STM32C092FBP6, STM32C092FCP6, STM32C092GBU6, STM32C092GCU6, STM32C092KBT6, STM32C092KBU6, STM32C092KCT6, STM32C092KCU6, STM32C092RBT6, STM32C092RCI6, STM32C092RCT6, STM32G071K8TXN, STM32G071K8UXN, STM32G081GBU6N, STM32G081KBT6N, STM32G081KBUXN, STM32G0B1CCT6N, STM32G0B1KCT6, STM32G0B1NEY6TR, STM32G0B1RCT6N, STM32G0C1CCT6, STM32G0C1CCT6N, STM32G0C1CCU6N, STM32G0C1CET6N, STM32G0C1CEU6N, STM32G0C1KCT6, STM32G0C1NEY6TR, STM32G0C1RCI6N, STM32G0C1RCT6N, STM32G0C1REI6N, STM32G0C1RET6N, STM32G0C1VCI6, STM32G0C1VEI6, STM32G411C6T3, STM32G411C6T6, STM32G411C6U3, STM32G411C6U6, STM32G411C8T3, STM32G411C8T6, STM32G411C8U3, STM32G411C8U6, STM32G411CBT3, STM32G411CBT6, STM32G411CBU3, STM32G411CBU6, STM32G411CCT3, STM32G411CCT6, STM32G411CCU3, STM32G411CCU6, STM32G411K6T3, STM32G411K6T6, STM32G411K6U3, STM32G411K6U6, STM32G411K8T3, STM32G411K8T6, STM32G411K8U3, STM32G411K8U6, STM32G411KBT3, STM32G411KBT6, STM32G411KBU3, STM32G411KBU6, STM32G411M6T3, STM32G411M6T6, STM32G411M8T3, STM32G411M8T6, STM32G411MBT3, STM32G411MBT6, STM32G411MCT3, STM32G411MCT6, STM32G411R6T3, STM32G411R6T6, STM32G411R8T3, STM32G411R8T6, STM32G411RBT3, STM32G411RBT6, STM32G411RCT3, STM32G411RCT6, STM32G414CBT3, STM32G414CBT6, STM32G414CBU3, STM32G414CBU6, STM32G414CCT3, STM32G414CCT6, STM32G414CCU3, STM32G414CCU6, STM32G414MBT3, STM32G414MBT6, STM32G414MCT3, STM32G414MCT6, STM32G414RBT3, STM32G414RBT6, STM32G414RCT3, STM32G414RCT6, STM32G414VBT3, STM32G414VBT6, STM32G414VCT3, STM32G414VCT6, STM32G431CBT3Z, STM32G431RBT3Z, STM32G471CCT6, STM32G471CCU6, STM32G471CET3, STM32G471CET6, STM32G471CEU3, STM32G471CEU6, STM32G471MCT6, STM32G471MET3, STM32G471MET6, STM32G471MEY6TR, STM32G471QCT6, STM32G471QET3, STM32G471RCT6, STM32G471RET3, STM32G471RET6, STM32G471VCH6, STM32G471VCI6, STM32G471VCT6, STM32G471VEH3, STM32G471VEH6, STM32G471VEI3, STM32G471VEI6, STM32G471VET3, STM32G471VET6, STM32G473QET3Z, STM32G473RET3Z, STM32G474CCT6, STM32G491RET3Z, STM32H503CBT6, STM32H503CBU6, STM32H503EBY6TR, STM32H503KBU6, STM32H503RBT6, STM32H523CCT6, STM32H523CCU6, STM32H523CET6, STM32H523CEU6, STM32H523HEY6TR, STM32H523RCT6, STM32H523RET6, STM32H523VCI6, STM32H523VCT6, STM32H523VEI6, STM32H523VET6, STM32H523ZCJ6, STM32H523ZCT6, STM32H523ZEJ6, STM32H523ZET6, STM32H533CET6, STM32H533CEU6, STM32H533HEY6TR, STM32H533RET6, STM32H533VEI6, STM32H533VET6, STM32H533ZEJ6, STM32H533ZET6, STM32H562AGI6, STM32H562AII6, STM32H562IGK6, STM32H562IGT6, STM32H562IIK6, STM32H562IIT6, STM32H562RGT6, STM32H562RGV6, STM32H562RIT6, STM32H562RIV6, STM32H562VGT6, STM32H562VIT6, STM32H562ZGT6, STM32H562ZIT6, STM32H563AGI6, STM32H563AII3Q, STM32H563AII6, STM32H563IGK6, STM32H563IGT6, STM32H563IIK3Q, STM32H563IIK6, STM32H563IIT3Q, STM32H563IIT6, STM32H563MIY3QTR, STM32H563RGT6, STM32H563RGV6, STM32H563RIT6, STM32H563RIV6, STM32H563VGT6, STM32H563VIT3Q, STM32H563VIT6, STM32H563ZGT6, STM32H563ZIT3Q, STM32H563ZIT6, STM32H573AII3Q, STM32H573AII6, STM32H573I-DK, STM32H573IIK3Q, STM32H573IIK6, STM32H573IIT3Q, STM32H573IIT6, STM32H573MIY3QTR, STM32H573RIT6, STM32H573RIV6, STM32H573VIT3Q, STM32H573VIT6, STM32H573ZIT3Q, STM32H573ZIT6, STM32H7R3A8I6, STM32H7R3I8K6, STM32H7R3I8T6, STM32H7R3L8H6, STM32H7R3L8H6H, STM32H7R3R8V6, STM32H7R3V8H6, STM32H7R3V8T6, STM32H7R3V8Y6TR, STM32H7R3Z8J6, STM32H7R3Z8T6, STM32H7R7A8I6, STM32H7R7I8K6, STM32H7R7I8T6, STM32H7R7L8H6, STM32H7R7L8H6H, STM32H7R7Z8J6, STM32H7S3A8I6, STM32H7S3I8K6, STM32H7S3I8T6, STM32H7S3L8H6, STM32H7S3L8H6H, STM32H7S3R8V6, STM32H7S3V8H6, STM32H7S3V8T6, STM32H7S3V8Y6TR, STM32H7S3Z8J6, STM32H7S3Z8T6, STM32H7S78-DK, STM32H7S7A8I6, STM32H7S7I8K6, STM32H7S7I8T6, STM32H7S7L8H6, STM32H7S7L8H6H, STM32H7S7Z8J6, STM32L4R5QGI6STR, STM32MP131AAE3, STM32MP131AAF3, STM32MP131AAG3, STM32MP131CAE3, STM32MP131CAF3, STM32MP131CAG3, STM32MP131DAE7, STM32MP131DAF7, STM32MP131DAG7, STM32MP131FAE7, STM32MP131FAF7, STM32MP131FAG7, STM32MP133AAE3, STM32MP133AAF3, STM32MP133AAG3, STM32MP133CAE3, STM32MP133CAF3, STM32MP133CAG3, STM32MP133DAE7, STM32MP133DAF7, STM32MP133DAG7, STM32MP133FAE7, STM32MP133FAF7, STM32MP133FAG7, STM32MP135AAE3, STM32MP135AAF3, STM32MP135AAG3, STM32MP135CAE3, STM32MP135CAF3, STM32MP135CAG3, STM32MP135DAE7, STM32MP135DAF7, STM32MP135DAG7, STM32MP135F-DK, STM32MP135FAE7, STM32MP135FAF7, STM32MP135FAF7T, STM32MP135FAF7U, STM32MP135FAG7, STM32MP231AAJ3, STM32MP231AAK3, STM32MP231AAL3, STM32MP231CAJ3, STM32MP231CAK3, STM32MP231CAL3, STM32MP231DAJ3, STM32MP231DAK3, STM32MP231DAL3, STM32MP231FAJ3, STM32MP231FAK3, STM32MP231FAL3, STM32MP233AAJ3, STM32MP233AAK3, STM32MP233AAL3, STM32MP233CAJ3, STM32MP233CAK3, STM32MP233CAL3, STM32MP233DAJ3, STM32MP233DAK3, STM32MP233DAL3, STM32MP233FAJ3, STM32MP233FAK3, STM32MP233FAL3, STM32MP235AAJ3, STM32MP235AAK3, STM32MP235AAL3, STM32MP235CAJ3, STM32MP235CAK3, STM32MP235CAL3, STM32MP235DAJ3, STM32MP235DAK3, STM32MP235DAL3, STM32MP235FAJ3, STM32MP235FAK3, STM32MP235FAL3, STM32MP251AAI3, STM32MP251AAJ3, STM32MP251AAK3, STM32MP251AAL3, STM32MP251CAI3, STM32MP251CAJ3, STM32MP251CAK3, STM32MP251CAL3, STM32MP251DAI3, STM32MP251DAJ3, STM32MP251DAK3, STM32MP251DAL3, STM32MP251FAI3, STM32MP251FAJ3, STM32MP251FAK3, STM32MP251FAL3, STM32MP253AAI3, STM32MP253AAJ3, STM32MP253AAK3, STM32MP253AAL3, STM32MP253CAI3, STM32MP253CAJ3, STM32MP253CAK3, STM32MP253CAL3, STM32MP253DAI3, STM32MP253DAJ3, STM32MP253DAK3, STM32MP253DAL3, STM32MP253FAI3, STM32MP253FAJ3, STM32MP253FAK3, STM32MP253FAL3, STM32MP255AAI3, STM32MP255AAJ3, STM32MP255AAK3, STM32MP255AAL3, STM32MP255CAI3, STM32MP255CAJ3, STM32MP255CAK3, STM32MP255CAL3, STM32MP255DAI3, STM32MP255DAJ3, STM32MP255DAK3, STM32MP255DAL3, STM32MP255FAI3, STM32MP255FAJ3, STM32MP255FAK3, STM32MP255FAL3, STM32MP257AAI3, STM32MP257AAJ3, STM32MP257AAK3, STM32MP257AAL3, STM32MP257CAI3, STM32MP257CAJ3, STM32MP257CAK3, STM32MP257CAL3, STM32MP257DAI3, STM32MP257DAJ3, STM32MP257DAK3, STM32MP257DAL3, STM32MP257F-DK, STM32MP257F-EV1, STM32MP257FAI3, STM32MP257FAJ3, STM32MP257FAK3, STM32MP257FAL3, STM32N645A0H3Q, STM32N645B0H3Q, STM32N645I0H3Q, STM32N645L0H3Q, STM32N645X0H3Q, STM32N645Z0H3Q, STM32N647A0H3Q, STM32N647B0H3Q, STM32N647I0H3Q, STM32N647L0H3Q, STM32N647X0H3Q, STM32N647Z0H3Q, STM32N655A0H3Q, STM32N655B0H3Q, STM32N655I0H3Q, STM32N655L0H3Q, STM32N655X0H3Q, STM32N655Z0H3Q, STM32N6570-DK, STM32N657A0H3Q, STM32N657B0H3Q, STM32N657I0H3Q, STM32N657L0H3Q, STM32N657X0H3Q, STM32N657Z0H3Q, STM32U031C6T6, STM32U031C6U6, STM32U031C8T6, STM32U031C8U6, STM32U031F4P6, STM32U031F6P6, STM32U031F8P6, STM32U031G6Y6TR, STM32U031G8Y6TR, STM32U031K4U6, STM32U031K6U6, STM32U031K8U6, STM32U031R6I6, STM32U031R6T6, STM32U031R8I6, STM32U031R8T6, STM32U073C8T6, STM32U073C8U6, STM32U073CBT6, STM32U073CBU6, STM32U073CCT6, STM32U073CCU6, STM32U073H8Y6TR, STM32U073HBY6TR, STM32U073HCY6TR, STM32U073K8U6, STM32U073KBU6, STM32U073KCU6, STM32U073M8I6, STM32U073M8T6, STM32U073MBI6, STM32U073MBT6, STM32U073MCI6, STM32U073MCT6, STM32U073R8I6, STM32U073R8T6, STM32U073RBI6, STM32U073RBT6, STM32U073RCI6, STM32U073RCT6, STM32U083C-DK, STM32U083CCT6, STM32U083CCU6, STM32U083HCY6TR, STM32U083KCU6, STM32U083MCI6, STM32U083MCT6, STM32U083RCI6, STM32U083RCT6, STM32U375CET6, STM32U375CET6Q, STM32U375CEU6, STM32U375CEU6Q, STM32U375CEY6QTR, STM32U375CGT6, STM32U375CGT6Q, STM32U375CGU6, STM32U375CGU6Q, STM32U375CGY6QTR, STM32U375KEU6, STM32U375KGU6, STM32U375REI6, STM32U375REI6Q, STM32U375RET6, STM32U375RET6Q, STM32U375REY6GTR, STM32U375REY6QTR, STM32U375RGI6, STM32U375RGI6Q, STM32U375RGT6, STM32U375RGT6Q, STM32U375RGY6GTR, STM32U375RGY6QTR, STM32U375VEI6, STM32U375VEI6Q, STM32U375VET6, STM32U375VET6Q, STM32U375VGI6, STM32U375VGI6Q, STM32U375VGT6, STM32U375VGT6Q, STM32U385CGT6, STM32U385CGT6Q, STM32U385CGU6, STM32U385CGU6Q, STM32U385CGY6QTR, STM32U385KGU6, STM32U385RGI6, STM32U385RGI6Q, STM32U385RGT6, STM32U385RGT6Q, STM32U385RGY6GTR, STM32U385RGY6QTR, STM32U385VGI6, STM32U385VGI6Q, STM32U385VGT6, STM32U385VGT6Q, STM32U535CBT6, STM32U535CBT6Q, STM32U535CBU6, STM32U535CBU6Q, STM32U535CCT6, STM32U535CCT6Q, STM32U535CCU6, STM32U535CCU6Q, STM32U535CET6, STM32U535CET6Q, STM32U535CEU6, STM32U535CEU6Q, STM32U535JEY6QTR, STM32U535NCY6QTR, STM32U535NEY6QTR, STM32U535RBI6, STM32U535RBI6Q, STM32U535RBT6, STM32U535RBT6Q, STM32U535RCI6, STM32U535RCI6Q, STM32U535RCT6, STM32U535RCT6Q, STM32U535REI6, STM32U535REI6Q, STM32U535RET6, STM32U535RET6Q, STM32U535VCI6, STM32U535VCI6Q, STM32U535VCT6, STM32U535VCT6Q, STM32U535VEI6, STM32U535VEI6Q, STM32U535VET6, STM32U535VET6Q, STM32U545CET6, STM32U545CET6Q, STM32U545CEU6, STM32U545CEU6Q, STM32U545JEY6QTR, STM32U545NEY6QTR, STM32U545REI6, STM32U545REI6Q, STM32U545RET6, STM32U545RET6Q, STM32U545VEI6, STM32U545VEI6Q, STM32U545VET6, STM32U545VET6Q, STM32U595AIH6, STM32U595AIH6Q, STM32U595AJH6, STM32U595AJH6Q, STM32U595QII6, STM32U595QII6Q, STM32U595QJI6, STM32U595QJI6Q, STM32U595RIT6, STM32U595RIT6Q, STM32U595RJT6, STM32U595RJT6Q, STM32U595VIT6, STM32U595VIT6Q, STM32U595VJT6, STM32U595VJT6Q, STM32U595ZIT6, STM32U595ZIT6Q, STM32U595ZIY6QTR, STM32U595ZJT6, STM32U595ZJT6Q, STM32U595ZJY6QTR, STM32U599BJY6QTR, STM32U599NIH6Q, STM32U599NJH6Q, STM32U599VIT6Q, STM32U599VJT6, STM32U599VJT6Q, STM32U599ZIT6Q, STM32U599ZIY6QTR, STM32U599ZJT6Q, STM32U599ZJY6QTR, STM32U5A5AJH6, STM32U5A5AJH6Q, STM32U5A5QII3Q , STM32U5A5QJI6, STM32U5A5QJI6Q, STM32U5A5RJT6, STM32U5A5RJT6Q, STM32U5A5VJT6, STM32U5A5VJT6Q, STM32U5A5ZJT6, STM32U5A5ZJT6Q, STM32U5A5ZJY6QTR, STM32U5A9BJY6QTR, STM32U5A9J-DK, STM32U5A9NJH6Q, STM32U5A9VJT6Q, STM32U5A9ZJT6Q, STM32U5A9ZJY6QTR, STM32U5F7VIT6, STM32U5F7VIT6Q, STM32U5F7VJT6, STM32U5F7VJT6Q, STM32U5F9BJY6QTR, STM32U5F9NJH6Q, STM32U5F9VIT6Q, STM32U5F9VJT6Q, STM32U5F9ZIJ6QTR, STM32U5F9ZIT6Q, STM32U5F9ZJJ6QTR, STM32U5F9ZJT6Q, STM32U5G7VJT6, STM32U5G7VJT6Q, STM32U5G9BJY6QTR, STM32U5G9J-DK1, STM32U5G9J-DK2, STM32U5G9NJH6Q, STM32U5G9VJT6Q, STM32U5G9ZJJ6QTR, STM32U5G9ZJT6Q, STM32WB05KZV6TR, STM32WB05KZV7TR, STM32WB05TZF6TR, STM32WB05TZF7TR, STM32WB06CCF6TR, STM32WB06CCF7TR, STM32WB06CCV6TR, STM32WB06CCV7TR, STM32WB06KCV6TR, STM32WB06KCV7TR, STM32WB07CCF6TR, STM32WB07CCF7TR, STM32WB07CCV6TR, STM32WB07CCV7TR, STM32WB07KCV6TR, STM32WB07KCV7TR, STM32WB09KEV6TR, STM32WB09KEV7TR, STM32WB09TEF6TR, STM32WB09TEF7TR, STM32WB1MMCH6, STM32WBA50KGU6, STM32WBA50KGU6TR, STM32WBA52CEU6, STM32WBA52CEU6TR, STM32WBA52CEU7, STM32WBA52CEU7TR, STM32WBA52CGU6, STM32WBA52CGU6TR, STM32WBA52CGU6U, STM32WBA52CGU7, STM32WBA52CGU7TR, STM32WBA52KEU6, STM32WBA52KEU6TR, STM32WBA52KGU6, STM32WBA52KGU6TR, STM32WBA54CEU6, STM32WBA54CEU6TR, STM32WBA54CEU7, STM32WBA54CEU7TR, STM32WBA54CGU6, STM32WBA54CGU6TR, STM32WBA54CGU7, STM32WBA54CGU7TR, STM32WBA54KEU6, STM32WBA54KEU6TR, STM32WBA54KEU7, STM32WBA54KEU7TR, STM32WBA54KGU6, STM32WBA54KGU6TR, STM32WBA54KGU7, STM32WBA54KGU7TR, STM32WBA55CEU6, STM32WBA55CEU6TR, STM32WBA55CEU7, STM32WBA55CEU7TR, STM32WBA55CGU6, STM32WBA55CGU6TR, STM32WBA55CGU6U, STM32WBA55CGU7, STM32WBA55CGU7TR, STM32WBA55G-DK1, STM32WBA55HEF6, STM32WBA55HEF7, STM32WBA55HGF6, STM32WBA55HGF7, STM32WBA55UEI6, STM32WBA55UEI6TR, STM32WBA55UEI7, STM32WBA55UEI7TR, STM32WBA55UGI6, STM32WBA55UGI6TR, STM32WBA55UGI7, STM32WBA55UGI7TR, STM32WBA5MJGH6TR, STM32WBA5MJGH6U, STM32WL33C8V6, STM32WL33C8V6TR, STM32WL33C8V7, STM32WL33C8V7TR, STM32WL33CBV6, STM32WL33CBV6TR, STM32WL33CBV7, STM32WL33CBV7TR, STM32WL33CCV6, STM32WL33CCV6TR, STM32WL33CCV7, STM32WL33CCV7A, STM32WL33CCV7ATR, STM32WL33CCV7TR, STM32WL33K8V6, STM32WL33K8V6TR, STM32WL33K8V7, STM32WL33K8V7TR, STM32WL33KBV6, STM32WL33KBV6TR, STM32WL33KBV7, STM32WL33KBV7TR, STM32WL33KCV6, STM32WL33KCV6TR, STM32WL33KCV7, STM32WL33KCV7TR, STM32WL5MOCH6, STM32WL5MOCH6TR]
2026-05-11 22:56:32,830 [INFO] ApiDb:668 - CubeFinder database Data Model version=2.1
2026-05-11 22:56:32,830 [INFO] ApiDb:669 - CubeFinder database Configuration version=3.0.42
2026-05-11 22:56:32,830 [INFO] ApiDb:670 - CubeFinder database generation date=2026-05-06 (1778060171)
2026-05-11 22:56:32,830 [INFO] ApiDb:671 - CubeFinder database FW Pack versions=[FP-ATR-ASTRA1_V2.0.0, FP-SNS-FLIGHT1_V5.1.0, FP-SNS-MOTENV1_V5.1.0, FP-SNS-MOTENVWB1_V1.5.0, FP-SNS-SMARTAG2_V1.2.0, FP-SNS-STBOX1_V2.1.0, STM32Cube_FW_C0_V1.4.0, STM32Cube_FW_F4_V1.28.3, STM32Cube_FW_F7_V1.17.4, STM32Cube_FW_G0_V1.6.3, STM32Cube_FW_G4_V1.6.2, STM32Cube_FW_H5_V1.6.0, STM32Cube_FW_H7RS_V1.3.0, STM32Cube_FW_H7_V1.13.0, STM32Cube_FW_L0_V1.12.2, STM32Cube_FW_L4_V1.18.2, STM32Cube_FW_L5_V1.6.0, STM32Cube_FW_N6_V1.3.0, STM32Cube_FW_U0_V1.3.0, STM32Cube_FW_U3_V1.3.0, STM32Cube_FW_U5_V1.8.0, STM32Cube_FW_WB0_V1.4.0, STM32Cube_FW_WBA_V1.9.0, STM32Cube_FW_WB_V1.24.0, STM32Cube_FW_WL3_V1.4.0, STM32Cube_FW_WL_V1.5.0, X-CUBE-ALGOBUILD_V1.4.0, X-CUBE-ALS_V1.0.2, X-CUBE-AZRTOS-F4_V1.1.0, X-CUBE-AZRTOS-F7_V1.1.0, X-CUBE-AZRTOS-G0_V1.1.0, X-CUBE-AZRTOS-G4_V2.0.0, X-CUBE-AZRTOS-H7RS_V1.1.0, X-CUBE-AZRTOS-H7_V3.5.0, X-CUBE-AZRTOS-L4_V2.0.0, X-CUBE-AZRTOS-L5_V2.0.0, X-CUBE-AZRTOS-WB_V2.0.0, X-CUBE-AZRTOS-WL_V2.0.0, X-CUBE-BLE1_V7.1.0, X-CUBE-BLE2_V3.3.0, X-CUBE-BLEMGR_V4.1.0, X-CUBE-EEPRMA1_V5.2.0, X-CUBE-FREERTOS_V1.5.0, X-CUBE-GNSS1_V6.0.0, X-CUBE-MEMS1_V12.0.0, X-CUBE-NFC4_V3.0.0, X-CUBE-NFC7_V2.0.0, X-CUBE-SFXS2LP1_V4.0.0, X-CUBE-ST67W61_V1.2.0, X-CUBE-SUBG2_V5.0.0, X-CUBE-TOF1_V3.4.3]
2026-05-11 22:56:34,754 [INFO] ApiDb:240 - Found 858 in-development CPN: [B-G473E-ZEST1S, B-WB1M-WPAN1, B-WBA5M-WPAN, B-WL5M-SUBG1, NUCLEO-C031C6, NUCLEO-C051C8, NUCLEO-C071RB, NUCLEO-C092RC, NUCLEO-H503RB, NUCLEO-H533RE, NUCLEO-H563ZI, NUCLEO-H7S3L8, NUCLEO-N657X0-Q, NUCLEO-U031R8, NUCLEO-U083RC, NUCLEO-U385RG-Q, NUCLEO-U545RE-Q, NUCLEO-U5A5ZJ-Q, NUCLEO-WB05KZ, NUCLEO-WB07CC, NUCLEO-WB09KE, NUCLEO-WBA52CG, NUCLEO-WBA55CG, NUCLEO-WL33CC1, NUCLEO-WL33CC2, STEVAL-PROTEUS1, STEVAL-SMARTAG2, STEVAL-STWINBX1, STM320518-EVAL, STM32C0116-DK, STM32C011D6Y3TR, STM32C011D6Y6TR, STM32C011F4P3, STM32C011F4P6, STM32C011F4U3, STM32C011F4U6TR, STM32C011F6P3, STM32C011F6P6, STM32C011F6U3, STM32C011F6U6TR, STM32C011J4M3, STM32C011J4M6, STM32C011J6M3, STM32C011J6M6, STM32C0316-DK, STM32C031C4T3, STM32C031C4T6, STM32C031C4U3, STM32C031C4U6, STM32C031C6T3, STM32C031C6T6, STM32C031C6U3, STM32C031C6U6, STM32C031F4P3, STM32C031F4P6, STM32C031F6P3, STM32C031F6P6, STM32C031G4U3, STM32C031G4U6, STM32C031G6U3, STM32C031G6U6, STM32C031K4T3, STM32C031K4T6, STM32C031K4U3, STM32C031K4U6, STM32C031K6T3, STM32C031K6T6, STM32C031K6U3, STM32C031K6U6, STM32C051C6T6, STM32C051C6U6, STM32C051C8T6, STM32C051C8U6, STM32C051D8Y6TR, STM32C051F6P6, STM32C051F8P6, STM32C051G6U6, STM32C051G8U6, STM32C051K6T6, STM32C051K6U6, STM32C051K8T6, STM32C071C8T6, STM32C071C8T6N, STM32C071C8U6, STM32C071C8U6N, STM32C071CBT6, STM32C071CBT6N, STM32C071CBU6, STM32C071CBU6N, STM32C071F8P6, STM32C071F8P6N, STM32C071FBP6, STM32C071FBP6N, STM32C071FBY6TR, STM32C071G8U6, STM32C071G8U6N, STM32C071GBU6, STM32C071GBU6N, STM32C071K8T6, STM32C071K8T6N, STM32C071K8U6, STM32C071K8U6N, STM32C071KBT6, STM32C071KBT6N, STM32C071KBU6, STM32C071KBU6N, STM32C071R8T6, STM32C071R8T6N, STM32C071RBI6N, STM32C071RBT6, STM32C071RBT6N, STM32C091CBT6, STM32C091CBU6, STM32C091CCT6, STM32C091CCU6, STM32C091ECY6TR, STM32C091FBP6, STM32C091FCP6, STM32C091GBU6, STM32C091GCU6, STM32C091KBT6, STM32C091KBU6, STM32C091KCT6, STM32C091KCU6, STM32C091RBT6, STM32C091RCI6, STM32C091RCT6, STM32C092CBT6, STM32C092CBU6, STM32C092CCT6, STM32C092CCU6, STM32C092ECY6TR, STM32C092FBP6, STM32C092FCP6, STM32C092GBU6, STM32C092GCU6, STM32C092KBT6, STM32C092KBU6, STM32C092KCT6, STM32C092KCU6, STM32C092RBT6, STM32C092RCI6, STM32C092RCT6, STM32G071K8TXN, STM32G071K8UXN, STM32G081GBU6N, STM32G081KBT6N, STM32G081KBUXN, STM32G0B1CCT6N, STM32G0B1KCT6, STM32G0B1NEY6TR, STM32G0B1RCT6N, STM32G0C1CCT6, STM32G0C1CCT6N, STM32G0C1CCU6N, STM32G0C1CET6N, STM32G0C1CEU6N, STM32G0C1KCT6, STM32G0C1NEY6TR, STM32G0C1RCI6N, STM32G0C1RCT6N, STM32G0C1REI6N, STM32G0C1RET6N, STM32G0C1VCI6, STM32G0C1VEI6, STM32G411C6T3, STM32G411C6T6, STM32G411C6U3, STM32G411C6U6, STM32G411C8T3, STM32G411C8T6, STM32G411C8U3, STM32G411C8U6, STM32G411CBT3, STM32G411CBT6, STM32G411CBU3, STM32G411CBU6, STM32G411CCT3, STM32G411CCT6, STM32G411CCU3, STM32G411CCU6, STM32G411K6T3, STM32G411K6T6, STM32G411K6U3, STM32G411K6U6, STM32G411K8T3, STM32G411K8T6, STM32G411K8U3, STM32G411K8U6, STM32G411KBT3, STM32G411KBT6, STM32G411KBU3, STM32G411KBU6, STM32G411M6T3, STM32G411M6T6, STM32G411M8T3, STM32G411M8T6, STM32G411MBT3, STM32G411MBT6, STM32G411MCT3, STM32G411MCT6, STM32G411R6T3, STM32G411R6T6, STM32G411R8T3, STM32G411R8T6, STM32G411RBT3, STM32G411RBT6, STM32G411RCT3, STM32G411RCT6, STM32G414CBT3, STM32G414CBT6, STM32G414CBU3, STM32G414CBU6, STM32G414CCT3, STM32G414CCT6, STM32G414CCU3, STM32G414CCU6, STM32G414MBT3, STM32G414MBT6, STM32G414MCT3, STM32G414MCT6, STM32G414RBT3, STM32G414RBT6, STM32G414RCT3, STM32G414RCT6, STM32G414VBT3, STM32G414VBT6, STM32G414VCT3, STM32G414VCT6, STM32G431CBT3Z, STM32G431RBT3Z, STM32G471CCT6, STM32G471CCU6, STM32G471CET3, STM32G471CET6, STM32G471CEU3, STM32G471CEU6, STM32G471MCT6, STM32G471MET3, STM32G471MET6, STM32G471MEY6TR, STM32G471QCT6, STM32G471QET3, STM32G471RCT6, STM32G471RET3, STM32G471RET6, STM32G471VCH6, STM32G471VCI6, STM32G471VCT6, STM32G471VEH3, STM32G471VEH6, STM32G471VEI3, STM32G471VEI6, STM32G471VET3, STM32G471VET6, STM32G473QET3Z, STM32G473RET3Z, STM32G474CCT6, STM32G491RET3Z, STM32H503CBT6, STM32H503CBU6, STM32H503EBY6TR, STM32H503KBU6, STM32H503RBT6, STM32H523CCT6, STM32H523CCU6, STM32H523CET6, STM32H523CEU6, STM32H523HEY6TR, STM32H523RCT6, STM32H523RET6, STM32H523VCI6, STM32H523VCT6, STM32H523VEI6, STM32H523VET6, STM32H523ZCJ6, STM32H523ZCT6, STM32H523ZEJ6, STM32H523ZET6, STM32H533CET6, STM32H533CEU6, STM32H533HEY6TR, STM32H533RET6, STM32H533VEI6, STM32H533VET6, STM32H533ZEJ6, STM32H533ZET6, STM32H562AGI6, STM32H562AII6, STM32H562IGK6, STM32H562IGT6, STM32H562IIK6, STM32H562IIT6, STM32H562RGT6, STM32H562RGV6, STM32H562RIT6, STM32H562RIV6, STM32H562VGT6, STM32H562VIT6, STM32H562ZGT6, STM32H562ZIT6, STM32H563AGI6, STM32H563AII3Q, STM32H563AII6, STM32H563IGK6, STM32H563IGT6, STM32H563IIK3Q, STM32H563IIK6, STM32H563IIT3Q, STM32H563IIT6, STM32H563MIY3QTR, STM32H563RGT6, STM32H563RGV6, STM32H563RIT6, STM32H563RIV6, STM32H563VGT6, STM32H563VIT3Q, STM32H563VIT6, STM32H563ZGT6, STM32H563ZIT3Q, STM32H563ZIT6, STM32H573AII3Q, STM32H573AII6, STM32H573I-DK, STM32H573IIK3Q, STM32H573IIK6, STM32H573IIT3Q, STM32H573IIT6, STM32H573MIY3QTR, STM32H573RIT6, STM32H573RIV6, STM32H573VIT3Q, STM32H573VIT6, STM32H573ZIT3Q, STM32H573ZIT6, STM32H7R3A8I6, STM32H7R3I8K6, STM32H7R3I8T6, STM32H7R3L8H6, STM32H7R3L8H6H, STM32H7R3R8V6, STM32H7R3V8H6, STM32H7R3V8T6, STM32H7R3V8Y6TR, STM32H7R3Z8J6, STM32H7R3Z8T6, STM32H7R7A8I6, STM32H7R7I8K6, STM32H7R7I8T6, STM32H7R7L8H6, STM32H7R7L8H6H, STM32H7R7Z8J6, STM32H7S3A8I6, STM32H7S3I8K6, STM32H7S3I8T6, STM32H7S3L8H6, STM32H7S3L8H6H, STM32H7S3R8V6, STM32H7S3V8H6, STM32H7S3V8T6, STM32H7S3V8Y6TR, STM32H7S3Z8J6, STM32H7S3Z8T6, STM32H7S78-DK, STM32H7S7A8I6, STM32H7S7I8K6, STM32H7S7I8T6, STM32H7S7L8H6, STM32H7S7L8H6H, STM32H7S7Z8J6, STM32L4R5QGI6STR, STM32MP131AAE3, STM32MP131AAF3, STM32MP131AAG3, STM32MP131CAE3, STM32MP131CAF3, STM32MP131CAG3, STM32MP131DAE7, STM32MP131DAF7, STM32MP131DAG7, STM32MP131FAE7, STM32MP131FAF7, STM32MP131FAG7, STM32MP133AAE3, STM32MP133AAF3, STM32MP133AAG3, STM32MP133CAE3, STM32MP133CAF3, STM32MP133CAG3, STM32MP133DAE7, STM32MP133DAF7, STM32MP133DAG7, STM32MP133FAE7, STM32MP133FAF7, STM32MP133FAG7, STM32MP135AAE3, STM32MP135AAF3, STM32MP135AAG3, STM32MP135CAE3, STM32MP135CAF3, STM32MP135CAG3, STM32MP135DAE7, STM32MP135DAF7, STM32MP135DAG7, STM32MP135F-DK, STM32MP135FAE7, STM32MP135FAF7, STM32MP135FAF7T, STM32MP135FAF7U, STM32MP135FAG7, STM32MP231AAJ3, STM32MP231AAK3, STM32MP231AAL3, STM32MP231CAJ3, STM32MP231CAK3, STM32MP231CAL3, STM32MP231DAJ3, STM32MP231DAK3, STM32MP231DAL3, STM32MP231FAJ3, STM32MP231FAK3, STM32MP231FAL3, STM32MP233AAJ3, STM32MP233AAK3, STM32MP233AAL3, STM32MP233CAJ3, STM32MP233CAK3, STM32MP233CAL3, STM32MP233DAJ3, STM32MP233DAK3, STM32MP233DAL3, STM32MP233FAJ3, STM32MP233FAK3, STM32MP233FAL3, STM32MP235AAJ3, STM32MP235AAK3, STM32MP235AAL3, STM32MP235CAJ3, STM32MP235CAK3, STM32MP235CAL3, STM32MP235DAJ3, STM32MP235DAK3, STM32MP235DAL3, STM32MP235FAJ3, STM32MP235FAK3, STM32MP235FAL3, STM32MP251AAI3, STM32MP251AAJ3, STM32MP251AAK3, STM32MP251AAL3, STM32MP251CAI3, STM32MP251CAJ3, STM32MP251CAK3, STM32MP251CAL3, STM32MP251DAI3, STM32MP251DAJ3, STM32MP251DAK3, STM32MP251DAL3, STM32MP251FAI3, STM32MP251FAJ3, STM32MP251FAK3, STM32MP251FAL3, STM32MP253AAI3, STM32MP253AAJ3, STM32MP253AAK3, STM32MP253AAL3, STM32MP253CAI3, STM32MP253CAJ3, STM32MP253CAK3, STM32MP253CAL3, STM32MP253DAI3, STM32MP253DAJ3, STM32MP253DAK3, STM32MP253DAL3, STM32MP253FAI3, STM32MP253FAJ3, STM32MP253FAK3, STM32MP253FAL3, STM32MP255AAI3, STM32MP255AAJ3, STM32MP255AAK3, STM32MP255AAL3, STM32MP255CAI3, STM32MP255CAJ3, STM32MP255CAK3, STM32MP255CAL3, STM32MP255DAI3, STM32MP255DAJ3, STM32MP255DAK3, STM32MP255DAL3, STM32MP255FAI3, STM32MP255FAJ3, STM32MP255FAK3, STM32MP255FAL3, STM32MP257AAI3, STM32MP257AAJ3, STM32MP257AAK3, STM32MP257AAL3, STM32MP257CAI3, STM32MP257CAJ3, STM32MP257CAK3, STM32MP257CAL3, STM32MP257DAI3, STM32MP257DAJ3, STM32MP257DAK3, STM32MP257DAL3, STM32MP257F-DK, STM32MP257F-EV1, STM32MP257FAI3, STM32MP257FAJ3, STM32MP257FAK3, STM32MP257FAL3, STM32N645A0H3Q, STM32N645B0H3Q, STM32N645I0H3Q, STM32N645L0H3Q, STM32N645X0H3Q, STM32N645Z0H3Q, STM32N647A0H3Q, STM32N647B0H3Q, STM32N647I0H3Q, STM32N647L0H3Q, STM32N647X0H3Q, STM32N647Z0H3Q, STM32N655A0H3Q, STM32N655B0H3Q, STM32N655I0H3Q, STM32N655L0H3Q, STM32N655X0H3Q, STM32N655Z0H3Q, STM32N6570-DK, STM32N657A0H3Q, STM32N657B0H3Q, STM32N657I0H3Q, STM32N657L0H3Q, STM32N657X0H3Q, STM32N657Z0H3Q, STM32U031C6T6, STM32U031C6U6, STM32U031C8T6, STM32U031C8U6, STM32U031F4P6, STM32U031F6P6, STM32U031F8P6, STM32U031G6Y6TR, STM32U031G8Y6TR, STM32U031K4U6, STM32U031K6U6, STM32U031K8U6, STM32U031R6I6, STM32U031R6T6, STM32U031R8I6, STM32U031R8T6, STM32U073C8T6, STM32U073C8U6, STM32U073CBT6, STM32U073CBU6, STM32U073CCT6, STM32U073CCU6, STM32U073H8Y6TR, STM32U073HBY6TR, STM32U073HCY6TR, STM32U073K8U6, STM32U073KBU6, STM32U073KCU6, STM32U073M8I6, STM32U073M8T6, STM32U073MBI6, STM32U073MBT6, STM32U073MCI6, STM32U073MCT6, STM32U073R8I6, STM32U073R8T6, STM32U073RBI6, STM32U073RBT6, STM32U073RCI6, STM32U073RCT6, STM32U083C-DK, STM32U083CCT6, STM32U083CCU6, STM32U083HCY6TR, STM32U083KCU6, STM32U083MCI6, STM32U083MCT6, STM32U083RCI6, STM32U083RCT6, STM32U375CET6, STM32U375CET6Q, STM32U375CEU6, STM32U375CEU6Q, STM32U375CEY6QTR, STM32U375CGT6, STM32U375CGT6Q, STM32U375CGU6, STM32U375CGU6Q, STM32U375CGY6QTR, STM32U375KEU6, STM32U375KGU6, STM32U375REI6, STM32U375REI6Q, STM32U375RET6, STM32U375RET6Q, STM32U375REY6GTR, STM32U375REY6QTR, STM32U375RGI6, STM32U375RGI6Q, STM32U375RGT6, STM32U375RGT6Q, STM32U375RGY6GTR, STM32U375RGY6QTR, STM32U375VEI6, STM32U375VEI6Q, STM32U375VET6, STM32U375VET6Q, STM32U375VGI6, STM32U375VGI6Q, STM32U375VGT6, STM32U375VGT6Q, STM32U385CGT6, STM32U385CGT6Q, STM32U385CGU6, STM32U385CGU6Q, STM32U385CGY6QTR, STM32U385KGU6, STM32U385RGI6, STM32U385RGI6Q, STM32U385RGT6, STM32U385RGT6Q, STM32U385RGY6GTR, STM32U385RGY6QTR, STM32U385VGI6, STM32U385VGI6Q, STM32U385VGT6, STM32U385VGT6Q, STM32U535CBT6, STM32U535CBT6Q, STM32U535CBU6, STM32U535CBU6Q, STM32U535CCT6, STM32U535CCT6Q, STM32U535CCU6, STM32U535CCU6Q, STM32U535CET6, STM32U535CET6Q, STM32U535CEU6, STM32U535CEU6Q, STM32U535JEY6QTR, STM32U535NCY6QTR, STM32U535NEY6QTR, STM32U535RBI6, STM32U535RBI6Q, STM32U535RBT6, STM32U535RBT6Q, STM32U535RCI6, STM32U535RCI6Q, STM32U535RCT6, STM32U535RCT6Q, STM32U535REI6, STM32U535REI6Q, STM32U535RET6, STM32U535RET6Q, STM32U535VCI6, STM32U535VCI6Q, STM32U535VCT6, STM32U535VCT6Q, STM32U535VEI6, STM32U535VEI6Q, STM32U535VET6, STM32U535VET6Q, STM32U545CET6, STM32U545CET6Q, STM32U545CEU6, STM32U545CEU6Q, STM32U545JEY6QTR, STM32U545NEY6QTR, STM32U545REI6, STM32U545REI6Q, STM32U545RET6, STM32U545RET6Q, STM32U545VEI6, STM32U545VEI6Q, STM32U545VET6, STM32U545VET6Q, STM32U595AIH6, STM32U595AIH6Q, STM32U595AJH6, STM32U595AJH6Q, STM32U595QII6, STM32U595QII6Q, STM32U595QJI6, STM32U595QJI6Q, STM32U595RIT6, STM32U595RIT6Q, STM32U595RJT6, STM32U595RJT6Q, STM32U595VIT6, STM32U595VIT6Q, STM32U595VJT6, STM32U595VJT6Q, STM32U595ZIT6, STM32U595ZIT6Q, STM32U595ZIY6QTR, STM32U595ZJT6, STM32U595ZJT6Q, STM32U595ZJY6QTR, STM32U599BJY6QTR, STM32U599NIH6Q, STM32U599NJH6Q, STM32U599VIT6Q, STM32U599VJT6, STM32U599VJT6Q, STM32U599ZIT6Q, STM32U599ZIY6QTR, STM32U599ZJT6Q, STM32U599ZJY6QTR, STM32U5A5AJH6, STM32U5A5AJH6Q, STM32U5A5QII3Q , STM32U5A5QJI6, STM32U5A5QJI6Q, STM32U5A5RJT6, STM32U5A5RJT6Q, STM32U5A5VJT6, STM32U5A5VJT6Q, STM32U5A5ZJT6, STM32U5A5ZJT6Q, STM32U5A5ZJY6QTR, STM32U5A9BJY6QTR, STM32U5A9J-DK, STM32U5A9NJH6Q, STM32U5A9VJT6Q, STM32U5A9ZJT6Q, STM32U5A9ZJY6QTR, STM32U5F7VIT6, STM32U5F7VIT6Q, STM32U5F7VJT6, STM32U5F7VJT6Q, STM32U5F9BJY6QTR, STM32U5F9NJH6Q, STM32U5F9VIT6Q, STM32U5F9VJT6Q, STM32U5F9ZIJ6QTR, STM32U5F9ZIT6Q, STM32U5F9ZJJ6QTR, STM32U5F9ZJT6Q, STM32U5G7VJT6, STM32U5G7VJT6Q, STM32U5G9BJY6QTR, STM32U5G9J-DK1, STM32U5G9J-DK2, STM32U5G9NJH6Q, STM32U5G9VJT6Q, STM32U5G9ZJJ6QTR, STM32U5G9ZJT6Q, STM32WB05KZV6TR, STM32WB05KZV7TR, STM32WB05TZF6TR, STM32WB05TZF7TR, STM32WB06CCF6TR, STM32WB06CCF7TR, STM32WB06CCV6TR, STM32WB06CCV7TR, STM32WB06KCV6TR, STM32WB06KCV7TR, STM32WB07CCF6TR, STM32WB07CCF7TR, STM32WB07CCV6TR, STM32WB07CCV7TR, STM32WB07KCV6TR, STM32WB07KCV7TR, STM32WB09KEV6TR, STM32WB09KEV7TR, STM32WB09TEF6TR, STM32WB09TEF7TR, STM32WB1MMCH6, STM32WBA50KGU6, STM32WBA50KGU6TR, STM32WBA52CEU6, STM32WBA52CEU6TR, STM32WBA52CEU7, STM32WBA52CEU7TR, STM32WBA52CGU6, STM32WBA52CGU6TR, STM32WBA52CGU6U, STM32WBA52CGU7, STM32WBA52CGU7TR, STM32WBA52KEU6, STM32WBA52KEU6TR, STM32WBA52KGU6, STM32WBA52KGU6TR, STM32WBA54CEU6, STM32WBA54CEU6TR, STM32WBA54CEU7, STM32WBA54CEU7TR, STM32WBA54CGU6, STM32WBA54CGU6TR, STM32WBA54CGU7, STM32WBA54CGU7TR, STM32WBA54KEU6, STM32WBA54KEU6TR, STM32WBA54KEU7, STM32WBA54KEU7TR, STM32WBA54KGU6, STM32WBA54KGU6TR, STM32WBA54KGU7, STM32WBA54KGU7TR, STM32WBA55CEU6, STM32WBA55CEU6TR, STM32WBA55CEU7, STM32WBA55CEU7TR, STM32WBA55CGU6, STM32WBA55CGU6TR, STM32WBA55CGU6U, STM32WBA55CGU7, STM32WBA55CGU7TR, STM32WBA55G-DK1, STM32WBA55HEF6, STM32WBA55HEF7, STM32WBA55HGF6, STM32WBA55HGF7, STM32WBA55UEI6, STM32WBA55UEI6TR, STM32WBA55UEI7, STM32WBA55UEI7TR, STM32WBA55UGI6, STM32WBA55UGI6TR, STM32WBA55UGI7, STM32WBA55UGI7TR, STM32WBA5MJGH6TR, STM32WBA5MJGH6U, STM32WL33C8V6, STM32WL33C8V6TR, STM32WL33C8V7, STM32WL33C8V7TR, STM32WL33CBV6, STM32WL33CBV6TR, STM32WL33CBV7, STM32WL33CBV7TR, STM32WL33CCV6, STM32WL33CCV6TR, STM32WL33CCV7, STM32WL33CCV7A, STM32WL33CCV7ATR, STM32WL33CCV7TR, STM32WL33K8V6, STM32WL33K8V6TR, STM32WL33K8V7, STM32WL33K8V7TR, STM32WL33KBV6, STM32WL33KBV6TR, STM32WL33KBV7, STM32WL33KBV7TR, STM32WL33KCV6, STM32WL33KCV6TR, STM32WL33KCV7, STM32WL33KCV7TR, STM32WL5MOCH6, STM32WL5MOCH6TR]
2026-05-11 22:56:34,758 [INFO] DbMcus:218 - Found 5077 MCUs, 4959 are supported
2026-05-11 22:56:34,759 [INFO] ApiDb:423 - Load user favorites file C:\Users\Pache/.stm32cubeide/favorites.mcus.txt: 0 item(s)
2026-05-11 22:56:34,759 [INFO] ApiDb:427 - User favorites MCUs=[]
2026-05-11 22:56:34,759 [INFO] DbMcus:224 - Set 0 / 0 favorites MCUs
2026-05-11 22:56:35,143 [INFO] BoardInfo:889 - No configuration file found for board NUCLEO-H5E5ZJ
2026-05-11 22:56:35,144 [INFO] DbBoards:161 - Board is not supported: NUCLEO-H5E5ZJ
2026-05-11 22:56:35,204 [INFO] BoardInfo:889 - No configuration file found for board NUCLEO-U3C5ZI-Q
2026-05-11 22:56:35,205 [INFO] DbBoards:161 - Board is not supported: NUCLEO-U3C5ZI-Q
2026-05-11 22:56:35,220 [INFO] BoardInfo:889 - No configuration file found for board NUCLEO-WBA25CE1
2026-05-11 22:56:35,221 [INFO] DbBoards:161 - Board is not supported: NUCLEO-WBA25CE1
2026-05-11 22:56:35,226 [INFO] BoardInfo:889 - No configuration file found for board NUCLEO-WBA65RI
2026-05-11 22:56:35,227 [INFO] DbBoards:161 - Board is not supported: NUCLEO-WBA65RI
2026-05-11 22:56:35,232 [INFO] BoardInfo:889 - No configuration file found for board NUCLEO-WL3RKB1
2026-05-11 22:56:35,233 [INFO] DbBoards:161 - Board is not supported: NUCLEO-WL3RKB1
2026-05-11 22:56:35,234 [INFO] BoardInfo:889 - No configuration file found for board NUCLEO-WL3RKB2
2026-05-11 22:56:35,235 [INFO] DbBoards:161 - Board is not supported: NUCLEO-WL3RKB2
2026-05-11 22:56:35,242 [INFO] BoardInfo:889 - No configuration file found for board P-NUCLEO-WB55
2026-05-11 22:56:35,243 [INFO] DbBoards:161 - Kit is not supported: P-NUCLEO-WB55
2026-05-11 22:56:35,250 [INFO] BoardInfo:889 - No configuration file found for board STEVAL-BFA001V1B
2026-05-11 22:56:35,250 [INFO] DbBoards:161 - Kit is not supported: STEVAL-BFA001V1B
2026-05-11 22:56:35,252 [INFO] BoardInfo:889 - No configuration file found for board STEVAL-BFA001V2B
2026-05-11 22:56:35,253 [INFO] DbBoards:161 - Kit is not supported: STEVAL-BFA001V2B
2026-05-11 22:56:35,368 [INFO] BoardInfo:889 - No configuration file found for board STM32H5F5J-DK
2026-05-11 22:56:35,370 [INFO] DbBoards:161 - Board is not supported: STM32H5F5J-DK
2026-05-11 22:56:35,430 [INFO] BoardInfo:889 - No configuration file found for board STM32MP215F-DK
2026-05-11 22:56:35,430 [INFO] DbBoards:161 - Board is not supported: STM32MP215F-DK
2026-05-11 22:56:35,452 [INFO] BoardInfo:889 - No configuration file found for board STM32WBA65I-DK1
2026-05-11 22:56:35,453 [INFO] DbBoards:161 - Board is not supported: STM32WBA65I-DK1
2026-05-11 22:56:35,453 [INFO] DbBoards:168 - Found 218 boards, 206 are supported
2026-05-11 22:56:35,453 [INFO] DbBoards:169 - Found 218 boards, 42 of them is supported for  Bsp
2026-05-11 22:56:35,458 [INFO] ApiDb:423 - Load user favorites file C:\Users\Pache/.stm32cubeide/favorites.boards.txt: 0 item(s)
2026-05-11 22:56:35,458 [INFO] ApiDb:427 - User favorites Boards=[]
2026-05-11 22:56:35,458 [INFO] DbBoards:198 - Set 0 / 0 favorites Boards
2026-05-11 22:56:35,515 [INFO] UtilMem:75 - End LoadConfig() Used Memory: 276479224 Bytes (428867584)
2026-05-11 22:56:35,669 [WARN] ThirdParty:833 - waiting for thirdparty lock release [change project]
2026-05-11 22:56:35,669 [INFO] ThirdParty:835 - entering critical section [change project]
2026-05-11 22:56:35,669 [INFO] ThirdParty:1030 - CMSIS Pack Vendor :STMicroelectronics X-CUBE-AZRTOS-H7 3.5.0
2026-05-11 22:56:35,670 [INFO] ThirdParty:1030 - CMSIS Pack Vendor :STMicroelectronics X-CUBE-PM33A1 1.0.0
2026-05-11 22:56:35,670 [INFO] ThirdParty:1030 - CMSIS Pack Vendor :STMicroelectronics USBPD 4.1
2026-05-11 22:56:35,670 [INFO] ThirdParty:1030 - CMSIS Pack Vendor :STMicroelectronics USB_HOST 2.0.0
2026-05-11 22:56:35,670 [INFO] ThirdParty:1030 - CMSIS Pack Vendor :STMicroelectronics FP-SNS-MOTENVWB1 1.4.0
2026-05-11 22:56:35,670 [INFO] ThirdParty:1030 - CMSIS Pack Vendor :STMicroelectronics X-CUBE-AZRTOS-F4 1.1.0
2026-05-11 22:56:35,670 [INFO] ThirdParty:1030 - CMSIS Pack Vendor :STMicroelectronics LIBJPEG 8.0.0
2026-05-11 22:56:35,670 [INFO] ThirdParty:1030 - CMSIS Pack Vendor :STMicroelectronics FP-ATR-ASTRA1 2.0.2
2026-05-11 22:56:35,670 [INFO] ThirdParty:1030 - CMSIS Pack Vendor :STMicroelectronics FP-ATR-ASTRA1 2.0.1
2026-05-11 22:56:35,670 [INFO] ThirdParty:1030 - CMSIS Pack Vendor :STMicroelectronics X-CUBE-SMBUS 2.1.0
2026-05-11 22:56:35,670 [INFO] ThirdParty:1030 - CMSIS Pack Vendor :STMicroelectronics X-CUBE-WB05N 1.1.0
2026-05-11 22:56:35,670 [INFO] ThirdParty:1030 - CMSIS Pack Vendor :STMicroelectronics X-CUBE-ISPU 2.1.0
2026-05-11 22:56:35,670 [INFO] ThirdParty:1030 - CMSIS Pack Vendor :STMicroelectronics eDS-WB_DPC_TT-BIDIR 2.1.1
2026-05-11 22:56:35,670 [INFO] ThirdParty:1030 - CMSIS Pack Vendor :STMicroelectronics X-CUBE-NFC12 1.0.0
2026-05-11 22:56:35,670 [INFO] ThirdParty:1030 - CMSIS Pack Vendor :STMicroelectronics X-CUBE-AZRTOS-F7 1.1.0
2026-05-11 22:56:35,670 [INFO] ThirdParty:1030 - CMSIS Pack Vendor :STMicroelectronics X-CUBE-AZRTOS-L5 2.0.0
2026-05-11 22:56:35,670 [INFO] ThirdParty:1030 - CMSIS Pack Vendor :STMicroelectronics USB_DEVICE 2.0.0
2026-05-11 22:56:35,670 [INFO] ThirdParty:1030 - CMSIS Pack Vendor :STMicroelectronics X-CUBE-NFC6 3.1.0
2026-05-11 22:56:35,670 [INFO] ThirdParty:1030 - CMSIS Pack Vendor :STMicroelectronics FreeRTOS 0.0.1
2026-05-11 22:56:35,670 [INFO] ThirdParty:1030 - CMSIS Pack Vendor :STMicroelectronics X-CUBE-DPower 1.2.0
2026-05-11 22:56:35,670 [INFO] ThirdParty:1030 - CMSIS Pack Vendor :STMicroelectronics eDS-WB_DPC_VIENNA 1.2.0
2026-05-11 22:56:35,670 [INFO] ThirdParty:1030 - CMSIS Pack Vendor :STMicroelectronics FP-SNS-FLIGHT1 5.0.2
2026-05-11 22:56:35,670 [INFO] ThirdParty:1030 - CMSIS Pack Vendor :STMicroelectronics eDS-WB_DPC_3PH2L-BIDIR 1.1.1
2026-05-11 22:56:35,670 [INFO] ThirdParty:1030 - CMSIS Pack Vendor :Infineon AIROC-Wi-Fi-Bluetooth-STM32 1.7.0
2026-05-11 22:56:35,670 [INFO] ThirdParty:1030 - CMSIS Pack Vendor :STMicroelectronics PDM2PCM 3.3.0
2026-05-11 22:56:35,670 [INFO] ThirdParty:1030 - CMSIS Pack Vendor :STMicroelectronics X-CUBE-DISPLAY 3.0.0
2026-05-11 22:56:35,670 [INFO] ThirdParty:1030 - CMSIS Pack Vendor :STMicroelectronics X-CUBE-GNSS1 7.1.1
2026-05-11 22:56:35,670 [INFO] ThirdParty:1030 - CMSIS Pack Vendor :STMicroelectronics X-CUBE-BLE1 7.0.0
2026-05-11 22:56:35,670 [INFO] ThirdParty:1030 - CMSIS Pack Vendor :STMicroelectronics X-CUBE-NFC10 1.0.0
2026-05-11 22:56:35,670 [INFO] ThirdParty:1030 - CMSIS Pack Vendor :STMicroelectronics X-CUBE-BLEMGR 4.0.0
2026-05-11 22:56:35,670 [INFO] ThirdParty:1030 - CMSIS Pack Vendor :STMicroelectronics HAL Drivers 0.0.0
2026-05-11 22:56:35,670 [INFO] ThirdParty:1030 - CMSIS Pack Vendor :STMicroelectronics X-CUBE-ST60 1.1.0
2026-05-11 22:56:35,670 [INFO] ThirdParty:1030 - CMSIS Pack Vendor :emotas I-CUBE-CANOPEN 1.3.0
2026-05-11 22:56:35,670 [INFO] ThirdParty:1030 - CMSIS Pack Vendor :STMicroelectronics X-CUBE-FREERTOS 1.3.0
2026-05-11 22:56:35,670 [INFO] ThirdParty:1030 - CMSIS Pack Vendor :STMicroelectronics X-CUBE-NFC7 1.0.1
2026-05-11 22:56:35,670 [INFO] ThirdParty:1030 - CMSIS Pack Vendor :STMicroelectronics MBEDTLS 2.14.1
2026-05-11 22:56:35,670 [INFO] ThirdParty:1030 - CMSIS Pack Vendor :STMicroelectronics X-CUBE-GNSS1 7.1.0
2026-05-11 22:56:35,670 [INFO] ThirdParty:1030 - CMSIS Pack Vendor :STMicroelectronics X-CUBE-TOUCHGFX 4.26.0
2026-05-11 22:56:35,670 [INFO] ThirdParty:1030 - CMSIS Pack Vendor :STMicroelectronics X-CUBE-TOUCHGFX 4.26.1
2026-05-11 22:56:35,670 [INFO] ThirdParty:1030 - CMSIS Pack Vendor :STMicroelectronics X-CUBE-AI 10.0.0
2026-05-11 22:56:35,670 [INFO] ThirdParty:1030 - CMSIS Pack Vendor :STMicroelectronics FP-SNS-STAIOTCFT 1.0.0
2026-05-11 22:56:35,670 [INFO] ThirdParty:1030 - CMSIS Pack Vendor :STMicroelectronics FP-SNS-SMARTAG2 1.2.0
2026-05-11 22:56:35,670 [INFO] ThirdParty:1030 - CMSIS Pack Vendor :STMicroelectronics FP-SNS-FLIGHT1 5.1.0
2026-05-11 22:56:35,670 [INFO] ThirdParty:1030 - CMSIS Pack Vendor :STMicroelectronics X-CUBE-MEMS1 11.1.0
2026-05-11 22:56:35,672 [INFO] ThirdParty:1030 - CMSIS Pack Vendor :STMicroelectronics X-CUBE-AZRTOS-WL 2.0.0
2026-05-11 22:56:35,672 [INFO] ThirdParty:1030 - CMSIS Pack Vendor :STMicroelectronics X-CUBE-DPower 1.3.0
2026-05-11 22:56:35,672 [INFO] ThirdParty:1030 - CMSIS Pack Vendor :STMicroelectronics FP-SNS-MOTENV1 5.0.0
2026-05-11 22:56:35,672 [INFO] ThirdParty:1030 - CMSIS Pack Vendor :STMicroelectronics USB_DEVICE 1.0.0
2026-05-11 22:56:35,672 [INFO] ThirdParty:1030 - CMSIS Pack Vendor :STMicroelectronics X-CUBE-AZRTOS-H7RS 1.2.0
2026-05-11 22:56:35,672 [INFO] ThirdParty:1030 - CMSIS Pack Vendor :wolfSSL I-CUBE-wolfMQTT 1.19.0
2026-05-11 22:56:35,672 [INFO] ThirdParty:1030 - CMSIS Pack Vendor :STMicroelectronics X-CUBE-AZRTOS-L4 2.0.0
2026-05-11 22:56:35,672 [INFO] ThirdParty:1030 - CMSIS Pack Vendor :STMicroelectronics ThreadX 0.0.2
2026-05-11 22:56:35,672 [INFO] ThirdParty:1030 - CMSIS Pack Vendor :WES I-CUBE-Cesium 1.3.0
2026-05-11 22:56:35,672 [INFO] ThirdParty:1030 - CMSIS Pack Vendor :STMicroelectronics lwIP 2.1.2
2026-05-11 22:56:35,672 [INFO] ThirdParty:1030 - CMSIS Pack Vendor :STMicroelectronics X-CUBE-SFXS2LP1 4.0.0
2026-05-11 22:56:35,672 [INFO] ThirdParty:1030 - CMSIS Pack Vendor :STMicroelectronics X-CUBE-BLE2 3.3.0
2026-05-11 22:56:35,672 [INFO] ThirdParty:1030 - CMSIS Pack Vendor :Avnet-IOTCONNECT X-CUBE-iotc-st67-sdk 1.0.0
2026-05-11 22:56:35,672 [INFO] ThirdParty:1030 - CMSIS Pack Vendor :STMicroelectronics PDM2PCM 3.2.0
2026-05-11 22:56:35,672 [INFO] ThirdParty:1030 - CMSIS Pack Vendor :STMicroelectronics X-CUBE-WB05N 2.1.0
2026-05-11 22:56:35,672 [INFO] ThirdParty:1030 - CMSIS Pack Vendor :STMicroelectronics X-CUBE-AZRTOS-H7 3.3.0
2026-05-11 22:56:35,672 [INFO] ThirdParty:1030 - CMSIS Pack Vendor :STMicroelectronics X-CUBE-NFC9 1.0.0
2026-05-11 22:56:35,672 [INFO] ThirdParty:1030 - CMSIS Pack Vendor :STMicroelectronics X-CUBE-BLE1 7.1.0
2026-05-11 22:56:35,672 [INFO] ThirdParty:1030 - CMSIS Pack Vendor :STMicroelectronics USB_DEVICE 3.0.0
2026-05-11 22:56:35,672 [INFO] ThirdParty:1030 - CMSIS Pack Vendor :STMicroelectronics X-CUBE-EEPRMA1 5.2.0
2026-05-11 22:56:35,672 [INFO] ThirdParty:1030 - CMSIS Pack Vendor :STMicroelectronics X-CUBE-BLEMGR 4.1.0
2026-05-11 22:56:35,672 [INFO] ThirdParty:1030 - CMSIS Pack Vendor :STMicroelectronics X-CUBE-IPS 3.0.0
2026-05-11 22:56:35,672 [INFO] ThirdParty:1030 - CMSIS Pack Vendor :STMicroelectronics X-CUBE-AZRTOS-WB 2.0.0
2026-05-11 22:56:35,672 [INFO] ThirdParty:1030 - CMSIS Pack Vendor :STMicroelectronics X-CUBE-GNSS1 7.0.1
2026-05-11 22:56:35,672 [INFO] ThirdParty:1030 - CMSIS Pack Vendor :STMicroelectronics FP-SNS-STBOX1 2.0.0
2026-05-11 22:56:35,672 [INFO] ThirdParty:1030 - CMSIS Pack Vendor :STMicroelectronics X-CUBE-MEMS1 12.0.0
2026-05-11 22:56:35,672 [INFO] ThirdParty:1030 - CMSIS Pack Vendor :STMicroelectronics X-CUBE-STSE01 2.0.0
2026-05-11 22:56:35,672 [INFO] ThirdParty:1030 - CMSIS Pack Vendor :STMicroelectronics X-CUBE-AZRTOS-G0 1.1.0
2026-05-11 22:56:35,672 [INFO] ThirdParty:1030 - CMSIS Pack Vendor :STMicroelectronics X-CUBE-SAFEA1 1.2.2
2026-05-11 22:56:35,672 [INFO] ThirdParty:1030 - CMSIS Pack Vendor :STMicroelectronics X-CUBE-NFC4 3.0.0
2026-05-11 22:56:35,672 [INFO] ThirdParty:1030 - CMSIS Pack Vendor :STMicroelectronics X-CUBE-SUBG2 5.0.0
2026-05-11 22:56:35,672 [INFO] ThirdParty:1030 - CMSIS Pack Vendor :STMicroelectronics STM32_WPAN 1.0.0
2026-05-11 22:56:35,672 [INFO] ThirdParty:1030 - CMSIS Pack Vendor :EmbeddedOffice I-CUBE-FS-RTOS 1.0.1
2026-05-11 22:56:35,672 [INFO] ThirdParty:1030 - CMSIS Pack Vendor :STMicroelectronics lwIP 2.0.3
2026-05-11 22:56:35,673 [INFO] ThirdParty:1030 - CMSIS Pack Vendor :Cesanta I-CUBE-Mongoose 7.13.0
2026-05-11 22:56:35,673 [INFO] ThirdParty:1030 - CMSIS Pack Vendor :STMicroelectronics USB_HOST 1.0.0
2026-05-11 22:56:35,673 [INFO] ThirdParty:1030 - CMSIS Pack Vendor :STMicroelectronics X-CUBE-AZRTOS-G4 2.0.0
2026-05-11 22:56:35,673 [INFO] ThirdParty:1030 - CMSIS Pack Vendor :STMicroelectronics PDM2PCM 3.1.0
2026-05-11 22:56:35,673 [INFO] ThirdParty:1030 - CMSIS Pack Vendor :STMicroelectronics X-CUBE-NFC7 2.0.0
2026-05-11 22:56:35,673 [INFO] ThirdParty:1030 - CMSIS Pack Vendor :STMicroelectronics X-CUBE-TCPP 4.2.0
2026-05-11 22:56:35,673 [INFO] ThirdParty:1030 - CMSIS Pack Vendor :RealThread X-CUBE-RT-Thread_Nano 4.1.1
2026-05-11 22:56:35,673 [INFO] ThirdParty:1030 - CMSIS Pack Vendor :STMicroelectronics FP-ATR-SIGFOX1 3.2.0
2026-05-11 22:56:35,673 [INFO] ThirdParty:1030 - CMSIS Pack Vendor :quantropi X-CUBE-qispace-sdk-base 1.9.3
2026-05-11 22:56:35,673 [INFO] ThirdParty:1030 - CMSIS Pack Vendor :STMicroelectronics X-CUBE-EEPRMA1 5.1.0
2026-05-11 22:56:35,673 [INFO] ThirdParty:1030 - CMSIS Pack Vendor :STMicroelectronics MBEDTLS 2.16.2
2026-05-11 22:56:35,673 [INFO] ThirdParty:1030 - CMSIS Pack Vendor :STMicroelectronics X-CUBE-IPS 3.1.0
2026-05-11 22:56:35,673 [INFO] ThirdParty:1030 - CMSIS Pack Vendor :STMicroelectronics X-CUBE-ALS 1.0.2
2026-05-11 22:56:35,673 [INFO] ThirdParty:1030 - CMSIS Pack Vendor :wolfSSL I-CUBE-wolfSSL 5.7.4
2026-05-11 22:56:35,673 [INFO] ThirdParty:1030 - CMSIS Pack Vendor :ITTIA_DB I-CUBE-ITTIADB 8.9.0
2026-05-11 22:56:35,673 [INFO] ThirdParty:1030 - CMSIS Pack Vendor :STMicroelectronics X-CUBE-TOUCHGFX 4.24.2
2026-05-11 22:56:35,673 [INFO] ThirdParty:1030 - CMSIS Pack Vendor :STMicroelectronics X-CUBE-TOUCHGFX 4.24.1
2026-05-11 22:56:35,673 [INFO] ThirdParty:1030 - CMSIS Pack Vendor :wolfSSL I-CUBE-wolfTPM 3.4.0
2026-05-11 22:56:35,673 [INFO] ThirdParty:1030 - CMSIS Pack Vendor :portGmbH I-Cube-SoM-uGOAL 1.1.0
2026-05-11 22:56:35,673 [INFO] ThirdParty:1030 - CMSIS Pack Vendor :STMicroelectronics X-CUBE-NFC6 3.2.0
2026-05-11 22:56:35,673 [INFO] ThirdParty:1030 - CMSIS Pack Vendor :STMicroelectronics X-CUBE-AI 10.2.0
2026-05-11 22:56:35,673 [INFO] ThirdParty:1030 - CMSIS Pack Vendor :STMicroelectronics ThreadX 1.0.0
2026-05-11 22:56:35,673 [INFO] ThirdParty:1030 - CMSIS Pack Vendor :STMicroelectronics X-CUBE-MEMS1 12.1.0
2026-05-11 22:56:35,673 [INFO] ThirdParty:1030 - CMSIS Pack Vendor :SEGGER I-CUBE-embOS 1.3.1
2026-05-11 22:56:35,673 [INFO] ThirdParty:1030 - CMSIS Pack Vendor :STMicroelectronics X-CUBE-ALGOBUILD 1.4.0
2026-05-11 22:56:35,673 [INFO] ThirdParty:1030 - CMSIS Pack Vendor :STMicroelectronics X-CUBE-AZRTOS-H7RS 1.0.0
2026-05-11 22:56:35,673 [INFO] ThirdParty:1030 - CMSIS Pack Vendor :STMicroelectronics X-CUBE-TOF1 3.4.2
2026-05-11 22:56:35,673 [INFO] ThirdParty:1030 - CMSIS Pack Vendor :STMicroelectronics X-CUBE-TOF1 3.4.3
2026-05-11 22:56:35,673 [INFO] ThirdParty:1030 - CMSIS Pack Vendor :STMicroelectronics X-CUBE-AI 9.1.0
2026-05-11 22:56:35,673 [INFO] ThirdParty:1030 - CMSIS Pack Vendor :wolfSSL I-CUBE-wolfSSH 1.4.17
2026-05-11 22:56:35,673 [INFO] ThirdParty:841 - exiting critical section [change project]
2026-05-11 22:56:35,914 [INFO] PinOutPanel:1589 - setPackage(No Configuration,No Configuration)
2026-05-11 22:56:35,916 [INFO] PinOutPanel:1589 - setPackage(STM32F411CEUx,UFQFPN48)
2026-05-11 22:56:36,250 [INFO] UtilMem:75 - Before build in PCC Used Memory: 306844576 Bytes (428867584)
2026-05-11 22:56:36,864 [INFO] UtilMem:75 - After build in PCC Used Memory: 381941304 Bytes (428867584)
2026-05-11 22:56:36,937 [INFO] ApiDbMcu:508 - Load IP Config File for FREERTOS
2026-05-11 22:56:36,957 [INFO] IPUIPlugin:80 - create IPUIPlugin
2026-05-11 22:56:36,957 [INFO] IPUIPlugin:80 - create IPUIPlugin
2026-05-11 22:56:36,957 [INFO] IPUIPlugin:80 - create IPUIPlugin
2026-05-11 22:56:36,957 [INFO] IPUIPlugin:80 - create IPUIPlugin
2026-05-11 22:56:36,957 [INFO] IPUIPlugin:80 - create IPUIPlugin
2026-05-11 22:56:36,957 [INFO] IPUIPlugin:80 - create IPUIPlugin
2026-05-11 22:56:36,957 [INFO] IPUIPlugin:80 - create IPUIPlugin
2026-05-11 22:56:36,957 [INFO] IPUIPlugin:80 - create IPUIPlugin
2026-05-11 22:56:36,957 [INFO] IPUIPlugin:80 - create IPUIPlugin
2026-05-11 22:56:36,957 [INFO] IPUIPlugin:80 - create IPUIPlugin
2026-05-11 22:56:36,957 [INFO] IPUIPlugin:80 - create IPUIPlugin
2026-05-11 22:56:36,957 [INFO] IPUIPlugin:80 - create IPUIPlugin
2026-05-11 22:56:36,957 [INFO] IPUIPlugin:80 - create IPUIPlugin
2026-05-11 22:56:36,958 [INFO] IPUIPlugin:80 - create IPUIPlugin
2026-05-11 22:56:36,958 [INFO] IPUIPlugin:80 - create IPUIPlugin
2026-05-11 22:56:36,958 [INFO] IPUIPlugin:80 - create IPUIPlugin
2026-05-11 22:56:36,958 [INFO] IPUIPlugin:80 - create IPUIPlugin
2026-05-11 22:56:36,958 [INFO] IPUIPlugin:80 - create IPUIPlugin
2026-05-11 22:56:36,958 [INFO] IPUIPlugin:80 - create IPUIPlugin
2026-05-11 22:56:36,958 [INFO] IPUIPlugin:80 - create IPUIPlugin
2026-05-11 22:56:36,958 [INFO] IPUIPlugin:80 - create IPUIPlugin
2026-05-11 22:56:36,958 [INFO] IPUIPlugin:80 - create IPUIPlugin
2026-05-11 22:56:36,958 [INFO] IPUIPlugin:80 - create IPUIPlugin
2026-05-11 22:56:36,958 [INFO] IPUIPlugin:80 - create IPUIPlugin
2026-05-11 22:56:36,959 [INFO] IPUIPlugin:80 - create IPUIPlugin
2026-05-11 22:56:36,959 [INFO] IPUIPlugin:80 - create IPUIPlugin
2026-05-11 22:56:36,959 [INFO] IPUIPlugin:80 - create IPUIPlugin
2026-05-11 22:56:36,959 [INFO] IPUIPlugin:80 - create IPUIPlugin
2026-05-11 22:56:36,959 [INFO] IPUIPlugin:80 - create IPUIPlugin
2026-05-11 22:56:36,959 [INFO] IPUIPlugin:80 - create IPUIPlugin
2026-05-11 22:56:36,959 [INFO] IPUIPlugin:80 - create IPUIPlugin
2026-05-11 22:56:36,959 [INFO] IPUIPlugin:80 - create IPUIPlugin
2026-05-11 22:56:36,959 [INFO] IPUIPlugin:80 - create IPUIPlugin
2026-05-11 22:56:36,959 [INFO] IPUIPlugin:80 - create IPUIPlugin
2026-05-11 22:56:36,961 [INFO] IPUIPlugin:80 - create IPUIPlugin
2026-05-11 22:56:36,961 [INFO] IPUIPlugin:80 - create IPUIPlugin
2026-05-11 22:56:36,961 [INFO] IPUIPlugin:80 - create IPUIPlugin
2026-05-11 22:56:36,961 [INFO] IPUIPlugin:80 - create IPUIPlugin
2026-05-11 22:56:36,961 [INFO] IPUIPlugin:80 - create IPUIPlugin
2026-05-11 22:56:36,961 [INFO] IPUIPlugin:80 - create IPUIPlugin
2026-05-11 22:56:36,962 [INFO] IPUIPlugin:80 - create IPUIPlugin
2026-05-11 22:56:36,962 [INFO] IPUIPlugin:80 - create IPUIPlugin
2026-05-11 22:56:36,962 [INFO] IPUIPlugin:80 - create IPUIPlugin
2026-05-11 22:56:36,976 [INFO] ApiDbMcu:508 - Load IP Config File for PDM2PCM
2026-05-11 22:56:36,984 [WARN] IP:2251 - I2C_Coeff_DF not found: check if there is a RefParameter without a condition.
2026-05-11 22:56:36,984 [WARN] IP:2251 - Analog_Filter not found: check if there is a RefParameter without a condition.
2026-05-11 22:56:37,007 [WARN] FreeRTOS:1023 - Null or empty value: should not occur! (nothing added to the table)
2026-05-11 22:56:37,170 [INFO] CADModel:165 - CPN selected for project levelSTM32F411CEU6
2026-05-11 22:56:37,170 [INFO] CADModel:114 - Register for checkConnection events
2026-05-11 22:56:37,171 [INFO] RtosManager:697 - Active RTOS found at IOC load: FREERTOS [Cortex-M4NS]
2026-05-11 22:56:37,224 [INFO] OpenFileManager:363 - Restore cursor
2026-05-11 22:56:37,418 [WARN] IP:2251 - I2C_Coeff_DF not found: check if there is a RefParameter without a condition.
2026-05-11 22:56:37,418 [WARN] IP:2251 - Analog_Filter not found: check if there is a RefParameter without a condition.
2026-05-11 22:56:37,419 [WARN] IP:2251 - I2C_Coeff_DF not found: check if there is a RefParameter without a condition.
2026-05-11 22:56:37,419 [WARN] IP:2251 - Analog_Filter not found: check if there is a RefParameter without a condition.
2026-05-11 22:57:52,921 [WARN] IP:2251 - I2C_Coeff_DF not found: check if there is a RefParameter without a condition.
2026-05-11 22:57:52,922 [WARN] IP:2251 - Analog_Filter not found: check if there is a RefParameter without a condition.
2026-05-11 22:57:52,922 [WARN] IP:2251 - I2C_Coeff_DF not found: check if there is a RefParameter without a condition.
2026-05-11 22:57:52,922 [WARN] IP:2251 - Analog_Filter not found: check if there is a RefParameter without a condition.
2026-05-11 23:01:07,020 [WARN] IP:2251 - I2C_Coeff_DF not found: check if there is a RefParameter without a condition.
2026-05-11 23:01:07,020 [WARN] IP:2251 - Analog_Filter not found: check if there is a RefParameter without a condition.
2026-05-11 23:01:07,022 [WARN] IP:2251 - I2C_Coeff_DF not found: check if there is a RefParameter without a condition.
2026-05-11 23:01:07,023 [WARN] IP:2251 - Analog_Filter not found: check if there is a RefParameter without a condition.
2026-05-11 23:02:44,449 [INFO] UtilMem:75 - End SaveConfig() Used Memory: 735929448 Bytes (1073741824)
2026-05-11 23:05:12,256 [INFO] UtilMem:75 - End SaveConfig() Used Memory: 699682496 Bytes (1073741824)
2026-05-11 23:05:17,727 [INFO] UtilMem:75 - End SaveConfig() Used Memory: 719079104 Bytes (1073741824)
2026-05-11 23:05:18,449 [INFO] UtilMem:75 - End SaveConfig() Used Memory: 759973568 Bytes (1073741824)
2026-05-11 23:05:18,802 [INFO] BlockDiagram:2766 - set Specific Code input for plugin: NVIC
2026-05-11 23:05:18,803 [INFO] BlockDiagram:2766 - set Specific Code input for plugin: FREERTOS
2026-05-11 23:05:18,803 [INFO] BlockDiagram:2766 - set Specific Code input for plugin: USART
2026-05-11 23:05:18,803 [INFO] BlockDiagram:2766 - set Specific Code input for plugin: DMA
2026-05-11 23:05:18,803 [INFO] BlockDiagram:2766 - set Specific Code input for plugin: TIM1_8
2026-05-11 23:05:18,803 [INFO] BlockDiagram:2766 - set Specific Code input for plugin: TIM1_8
2026-05-11 23:05:18,803 [INFO] BlockDiagram:2766 - set Specific Code input for plugin: SYS
2026-05-11 23:05:18,803 [INFO] BlockDiagram:2766 - set Specific Code input for plugin: GPIO
2026-05-11 23:05:18,803 [INFO] BlockDiagram:2766 - set Specific Code input for plugin: RCC
2026-05-11 23:05:18,803 [INFO] BlockDiagram:2766 - set Specific Code input for plugin: I2C
2026-05-11 23:05:18,805 [INFO] CodeGenerator:896 - code generatio: config db path: C:/Users/Pache/.stm32cubemx/databases/DB.6.0.110/db/
2026-05-11 23:05:18,813 [WARN] IP:2251 - I2C_Coeff_DF not found: check if there is a RefParameter without a condition.
2026-05-11 23:05:18,813 [WARN] IP:2251 - Analog_Filter not found: check if there is a RefParameter without a condition.
2026-05-11 23:05:19,006 [INFO] CodeEngine:255 - oldGeneratedFile, C:\git\VehiculoTT\VehiculoTT\MXTmpFiles\license.tmp_save
2026-05-11 23:05:19,326 [INFO] CodeEngine:279 - Generated code: C:\git\VehiculoTT\VehiculoTT\MXTmpFiles\license.tmp
2026-05-11 23:05:19,414 [INFO] CodeEngine:255 - oldGeneratedFile, C:\git\VehiculoTT\VehiculoTT\MXTmpFiles\gpio.tmp_save
2026-05-11 23:05:19,552 [INFO] CodeEngine:279 - Generated code: C:\git\VehiculoTT\VehiculoTT\MXTmpFiles\gpio.tmp
2026-05-11 23:05:19,853 [INFO] Middleware:1450 - No code input for Bsp Dependency
2026-05-11 23:05:19,871 [INFO] CodeEngine:255 - oldGeneratedFile, C:\git\VehiculoTT\VehiculoTT\MXTmpFiles\rtos_inc.tmp_save
2026-05-11 23:05:19,948 [INFO] CodeEngine:279 - Generated code: C:\git\VehiculoTT\VehiculoTT\MXTmpFiles\rtos_inc.tmp
2026-05-11 23:05:19,962 [INFO] CodeEngine:255 - oldGeneratedFile, C:\git\VehiculoTT\VehiculoTT\MXTmpFiles\rtos_kernelInit.tmp_save
2026-05-11 23:05:20,027 [INFO] CodeEngine:279 - Generated code: C:\git\VehiculoTT\VehiculoTT\MXTmpFiles\rtos_kernelInit.tmp
2026-05-11 23:05:20,039 [INFO] CodeEngine:255 - oldGeneratedFile, C:\git\VehiculoTT\VehiculoTT\MXTmpFiles\rtos_kernelStart.tmp_save
2026-05-11 23:05:20,094 [INFO] CodeEngine:279 - Generated code: C:\git\VehiculoTT\VehiculoTT\MXTmpFiles\rtos_kernelStart.tmp
2026-05-11 23:05:20,108 [INFO] CodeEngine:255 - oldGeneratedFile, C:\git\VehiculoTT\VehiculoTT\MXTmpFiles\rtos_typedefs.tmp_save
2026-05-11 23:05:20,158 [INFO] CodeEngine:279 - Generated code: C:\git\VehiculoTT\VehiculoTT\MXTmpFiles\rtos_typedefs.tmp
2026-05-11 23:05:20,176 [INFO] CodeEngine:255 - oldGeneratedFile, C:\git\VehiculoTT\VehiculoTT\MXTmpFiles\rtos_vars.tmp_save
2026-05-11 23:05:20,252 [INFO] CodeEngine:279 - Generated code: C:\git\VehiculoTT\VehiculoTT\MXTmpFiles\rtos_vars.tmp
2026-05-11 23:05:20,265 [INFO] CodeEngine:255 - oldGeneratedFile, C:\git\VehiculoTT\VehiculoTT\MXTmpFiles\rtos_pfp.tmp_save
2026-05-11 23:05:20,325 [INFO] CodeEngine:279 - Generated code: C:\git\VehiculoTT\VehiculoTT\MXTmpFiles\rtos_pfp.tmp
2026-05-11 23:05:20,339 [INFO] CodeEngine:255 - oldGeneratedFile, C:\git\VehiculoTT\VehiculoTT\MXTmpFiles\rtos_obj_creat.tmp_save
2026-05-11 23:05:20,400 [INFO] CodeEngine:279 - Generated code: C:\git\VehiculoTT\VehiculoTT\MXTmpFiles\rtos_obj_creat.tmp
2026-05-11 23:05:20,417 [INFO] CodeEngine:255 - oldGeneratedFile, C:\git\VehiculoTT\VehiculoTT\MXTmpFiles\rtos_default_thread.tmp_save
2026-05-11 23:05:20,478 [INFO] CodeEngine:279 - Generated code: C:\git\VehiculoTT\VehiculoTT\MXTmpFiles\rtos_default_thread.tmp
2026-05-11 23:05:20,493 [INFO] CodeEngine:255 - oldGeneratedFile, C:\git\VehiculoTT\VehiculoTT\MXTmpFiles\rtos_threads.tmp_save
2026-05-11 23:05:20,555 [INFO] CodeEngine:279 - Generated code: C:\git\VehiculoTT\VehiculoTT\MXTmpFiles\rtos_threads.tmp
2026-05-11 23:05:20,575 [INFO] Middleware:1450 - No code input for Bsp Dependency
2026-05-11 23:05:20,585 [INFO] CodeEngine:255 - oldGeneratedFile, C:\git\VehiculoTT\VehiculoTT\MXTmpFiles\rtos_inc.tmp_save
2026-05-11 23:05:20,642 [INFO] CodeEngine:279 - Generated code: C:\git\VehiculoTT\VehiculoTT\MXTmpFiles\rtos_inc.tmp
2026-05-11 23:05:20,649 [INFO] CodeEngine:255 - oldGeneratedFile, C:\git\VehiculoTT\VehiculoTT\MXTmpFiles\rtos_kernelInit.tmp_save
2026-05-11 23:05:20,694 [INFO] CodeEngine:279 - Generated code: C:\git\VehiculoTT\VehiculoTT\MXTmpFiles\rtos_kernelInit.tmp
2026-05-11 23:05:20,701 [INFO] CodeEngine:255 - oldGeneratedFile, C:\git\VehiculoTT\VehiculoTT\MXTmpFiles\rtos_kernelStart.tmp_save
2026-05-11 23:05:20,747 [INFO] CodeEngine:279 - Generated code: C:\git\VehiculoTT\VehiculoTT\MXTmpFiles\rtos_kernelStart.tmp
2026-05-11 23:05:20,754 [INFO] CodeEngine:255 - oldGeneratedFile, C:\git\VehiculoTT\VehiculoTT\MXTmpFiles\rtos_typedefs.tmp_save
2026-05-11 23:05:20,799 [INFO] CodeEngine:279 - Generated code: C:\git\VehiculoTT\VehiculoTT\MXTmpFiles\rtos_typedefs.tmp
2026-05-11 23:05:20,816 [INFO] CodeEngine:255 - oldGeneratedFile, C:\git\VehiculoTT\VehiculoTT\MXTmpFiles\rtos_vars.tmp_save
2026-05-11 23:05:20,865 [INFO] CodeEngine:279 - Generated code: C:\git\VehiculoTT\VehiculoTT\MXTmpFiles\rtos_vars.tmp
2026-05-11 23:05:20,871 [INFO] CodeEngine:255 - oldGeneratedFile, C:\git\VehiculoTT\VehiculoTT\MXTmpFiles\rtos_pfp.tmp_save
2026-05-11 23:05:20,930 [INFO] CodeEngine:279 - Generated code: C:\git\VehiculoTT\VehiculoTT\MXTmpFiles\rtos_pfp.tmp
2026-05-11 23:05:20,944 [INFO] CodeEngine:255 - oldGeneratedFile, C:\git\VehiculoTT\VehiculoTT\MXTmpFiles\rtos_obj_creat.tmp_save
2026-05-11 23:05:20,992 [INFO] CodeEngine:279 - Generated code: C:\git\VehiculoTT\VehiculoTT\MXTmpFiles\rtos_obj_creat.tmp
2026-05-11 23:05:20,999 [INFO] CodeEngine:255 - oldGeneratedFile, C:\git\VehiculoTT\VehiculoTT\MXTmpFiles\rtos_default_thread.tmp_save
2026-05-11 23:05:21,045 [INFO] CodeEngine:279 - Generated code: C:\git\VehiculoTT\VehiculoTT\MXTmpFiles\rtos_default_thread.tmp
2026-05-11 23:05:21,051 [INFO] CodeEngine:255 - oldGeneratedFile, C:\git\VehiculoTT\VehiculoTT\MXTmpFiles\rtos_threads.tmp_save
2026-05-11 23:05:21,097 [INFO] CodeEngine:279 - Generated code: C:\git\VehiculoTT\VehiculoTT\MXTmpFiles\rtos_threads.tmp
2026-05-11 23:05:21,123 [INFO] CodeEngine:255 - oldGeneratedFile, C:\git\VehiculoTT\VehiculoTT\Core\Inc\FreeRTOSConfig.h_save
2026-05-11 23:05:21,217 [INFO] CodeEngine:279 - Generated code: C:\git\VehiculoTT\VehiculoTT\Core\Inc\FreeRTOSConfig.h
2026-05-11 23:05:21,243 [INFO] CodeEngine:255 - oldGeneratedFile, C:\git\VehiculoTT\VehiculoTT\Core\Src\freertos.c_save
2026-05-11 23:05:21,328 [INFO] CodeEngine:279 - Generated code: C:\git\VehiculoTT\VehiculoTT\Core\Src\freertos.c
2026-05-11 23:05:21,363 [INFO] CodeEngine:255 - oldGeneratedFile, C:\git\VehiculoTT\VehiculoTT\MXTmpFiles\dma.tmp_save
2026-05-11 23:05:21,428 [INFO] CodeEngine:279 - Generated code: C:\git\VehiculoTT\VehiculoTT\MXTmpFiles\dma.tmp
2026-05-11 23:05:21,440 [INFO] CodeEngine:255 - oldGeneratedFile, C:\git\VehiculoTT\VehiculoTT\MXTmpFiles\dma_GV.tmp_save
2026-05-11 23:05:21,488 [INFO] CodeEngine:279 - Generated code: C:\git\VehiculoTT\VehiculoTT\MXTmpFiles\dma_GV.tmp
2026-05-11 23:05:21,524 [INFO] CodeEngine:255 - oldGeneratedFile, C:\git\VehiculoTT\VehiculoTT\Core\Src\stm32f4xx_it.c_save
2026-05-11 23:05:21,647 [INFO] CodeEngine:279 - Generated code: C:\git\VehiculoTT\VehiculoTT\Core\Src\stm32f4xx_it.c
2026-05-11 23:05:21,669 [INFO] CodeEngine:255 - oldGeneratedFile, C:\git\VehiculoTT\VehiculoTT\Core\Inc\stm32f4xx_it.h_save
2026-05-11 23:05:21,746 [INFO] CodeEngine:279 - Generated code: C:\git\VehiculoTT\VehiculoTT\Core\Inc\stm32f4xx_it.h
2026-05-11 23:05:21,780 [INFO] CodeEngine:255 - oldGeneratedFile, C:\git\VehiculoTT\VehiculoTT\Core\Src\stm32f4xx_hal_msp.c_save
2026-05-11 23:05:21,906 [INFO] CodeEngine:279 - Generated code: C:\git\VehiculoTT\VehiculoTT\Core\Src\stm32f4xx_hal_msp.c
2026-05-11 23:05:21,918 [INFO] CodeEngine:255 - oldGeneratedFile, C:\git\VehiculoTT\VehiculoTT\MXTmpFiles\system.tmp_save
2026-05-11 23:05:21,968 [INFO] CodeEngine:279 - Generated code: C:\git\VehiculoTT\VehiculoTT\MXTmpFiles\system.tmp
2026-05-11 23:05:21,991 [INFO] CodeEngine:255 - oldGeneratedFile, C:\git\VehiculoTT\VehiculoTT\Core\Src\stm32f4xx_hal_timebase_tim.c_save
2026-05-11 23:05:22,066 [INFO] CodeEngine:279 - Generated code: C:\git\VehiculoTT\VehiculoTT\Core\Src\stm32f4xx_hal_timebase_tim.c
2026-05-11 23:05:22,098 [INFO] CodeEngine:311 - oldGeneratedFile, C:\git\VehiculoTT\VehiculoTT\Core\Inc\stm32f4xx_hal_conf.h_save
2026-05-11 23:05:22,179 [INFO] CodeEngine:335 - Generated code: C:\git\VehiculoTT\VehiculoTT\Core\Inc\stm32f4xx_hal_conf.h
2026-05-11 23:05:22,213 [INFO] ApiDbMcu:508 - Load IP Config File for I2C1
2026-05-11 23:05:22,220 [INFO] ApiDbMcu:508 - Load IP Config File for TIM1
2026-05-11 23:05:22,228 [INFO] ApiDbMcu:508 - Load IP Config File for TIM2
2026-05-11 23:05:22,230 [INFO] ApiDbMcu:508 - Load IP Config File for USART1
2026-05-11 23:05:22,232 [INFO] ApiDbMcu:508 - Load IP Config File for RCC
2026-05-11 23:05:22,235 [WARN] IPConfigManager:3618 - IP not found : TIM
2026-05-11 23:05:22,236 [WARN] CodeGenerator:4152 - IP not found : null
2026-05-11 23:05:22,261 [INFO] CodeEngine:255 - oldGeneratedFile, C:\git\VehiculoTT\VehiculoTT\Core\Inc\main.h_save
2026-05-11 23:05:22,361 [INFO] CodeEngine:279 - Generated code: C:\git\VehiculoTT\VehiculoTT\Core\Inc\main.h
2026-05-11 23:05:22,385 [INFO] CodeEngine:255 - oldGeneratedFile, C:\git\VehiculoTT\VehiculoTT\Core\Src\main.c_save
2026-05-11 23:05:22,550 [INFO] CodeEngine:279 - Generated code: C:\git\VehiculoTT\VehiculoTT\Core\Src\main.c
2026-05-11 23:05:23,234 [INFO] ProjectBuilder:3289 - Time for Copy HAL[1] : 497mS.
2026-05-11 23:05:23,244 [INFO] ProjectBuilder:4876 - Project Generator version: 4.5.0-RC5
2026-05-11 23:05:23,311 [INFO] ConfigFileManager:1579 - The Die is : DIE431
2026-05-11 23:05:23,326 [INFO] ApiDbMcu:508 - Load IP Config File for FATFS
2026-05-11 23:05:23,337 [INFO] ApiDbMcu:508 - Load IP Config File for LIBJPEG
2026-05-11 23:05:23,354 [INFO] ApiDbMcu:508 - Load IP Config File for MBEDTLS
2026-05-11 23:05:23,369 [INFO] ApiDbMcu:508 - Load IP Config File for USB_DEVICE
2026-05-11 23:05:23,384 [INFO] ApiDbMcu:508 - Load IP Config File for USB_HOST
2026-05-11 23:05:23,923 [INFO] LogOutputStream:77 - [STDOUT_REDIRECT] 
2026-05-11 23:05:25,622 [INFO] ProjectBuilder:5154 - Time for Generating toolchain IDE Files: 2376mS.
2026-05-11 23:05:25,624 [INFO] ProjectBuilder:3146 - Time for Copy CMSIS : 1mS.
2026-05-11 23:05:25,639 [INFO] ProjectBuilder:3146 - Time for Copy CMSIS : 0mS.
2026-05-11 23:05:49,191 [INFO] UtilMem:75 - End SaveConfig() Used Memory: 770462240 Bytes (1073741824)
2026-05-11 23:05:52,892 [INFO] UtilMem:75 - End SaveConfig() Used Memory: 789336608 Bytes (1073741824)
2026-05-11 23:05:53,528 [INFO] UtilMem:75 - End SaveConfig() Used Memory: 829182496 Bytes (1073741824)
2026-05-11 23:05:53,731 [INFO] BlockDiagram:2766 - set Specific Code input for plugin: NVIC
2026-05-11 23:05:53,731 [INFO] BlockDiagram:2766 - set Specific Code input for plugin: FREERTOS
2026-05-11 23:05:53,731 [INFO] BlockDiagram:2766 - set Specific Code input for plugin: USART
2026-05-11 23:05:53,732 [INFO] BlockDiagram:2766 - set Specific Code input for plugin: DMA
2026-05-11 23:05:53,732 [INFO] BlockDiagram:2766 - set Specific Code input for plugin: TIM1_8
2026-05-11 23:05:53,732 [INFO] BlockDiagram:2766 - set Specific Code input for plugin: TIM1_8
2026-05-11 23:05:53,732 [INFO] BlockDiagram:2766 - set Specific Code input for plugin: SYS
2026-05-11 23:05:53,732 [INFO] BlockDiagram:2766 - set Specific Code input for plugin: GPIO
2026-05-11 23:05:53,732 [INFO] BlockDiagram:2766 - set Specific Code input for plugin: RCC
2026-05-11 23:05:53,732 [INFO] BlockDiagram:2766 - set Specific Code input for plugin: I2C
2026-05-11 23:05:53,734 [INFO] CodeGenerator:896 - code generatio: config db path: C:/Users/Pache/.stm32cubemx/databases/DB.6.0.110/db/
2026-05-11 23:05:53,740 [WARN] IP:2251 - I2C_Coeff_DF not found: check if there is a RefParameter without a condition.
2026-05-11 23:05:53,740 [WARN] IP:2251 - Analog_Filter not found: check if there is a RefParameter without a condition.
2026-05-11 23:05:53,753 [INFO] Argument:325 - Argument : hdmavalue: null
2026-05-11 23:05:53,753 [INFO] Argument:327 - 	 sub Args: 
2026-05-11 23:05:53,753 [INFO] Argument:325 - Argument : Instancevalue: DMA2_Stream2
2026-05-11 23:05:53,754 [INFO] Argument:335 - Argument : Instancevalue: DMA2_Stream2
2026-05-11 23:05:53,754 [INFO] Argument:325 - Argument : Initvalue: null
2026-05-11 23:05:53,754 [INFO] Argument:327 - 	 sub Args: 
2026-05-11 23:05:53,754 [INFO] Argument:325 - Argument : Channelvalue: DMA_CHANNEL_4
2026-05-11 23:05:53,754 [INFO] Argument:335 - Argument : Channelvalue: DMA_CHANNEL_4
2026-05-11 23:05:53,754 [INFO] Argument:325 - Argument : Directionvalue: DMA_PERIPH_TO_MEMORY
2026-05-11 23:05:53,754 [INFO] Argument:335 - Argument : Directionvalue: DMA_PERIPH_TO_MEMORY
2026-05-11 23:05:53,754 [INFO] Argument:325 - Argument : PeriphIncvalue: DMA_PINC_DISABLE
2026-05-11 23:05:53,754 [INFO] Argument:335 - Argument : PeriphIncvalue: DMA_PINC_DISABLE
2026-05-11 23:05:53,754 [INFO] Argument:325 - Argument : MemIncvalue: DMA_MINC_ENABLE
2026-05-11 23:05:53,754 [INFO] Argument:335 - Argument : MemIncvalue: DMA_MINC_ENABLE
2026-05-11 23:05:53,754 [INFO] Argument:325 - Argument : PeriphDataAlignmentvalue: DMA_PDATAALIGN_BYTE
2026-05-11 23:05:53,754 [INFO] Argument:335 - Argument : PeriphDataAlignmentvalue: DMA_PDATAALIGN_BYTE
2026-05-11 23:05:53,754 [INFO] Argument:325 - Argument : MemDataAlignmentvalue: DMA_MDATAALIGN_BYTE
2026-05-11 23:05:53,754 [INFO] Argument:335 - Argument : MemDataAlignmentvalue: DMA_MDATAALIGN_BYTE
2026-05-11 23:05:53,754 [INFO] Argument:325 - Argument : Modevalue: DMA_CIRCULAR
2026-05-11 23:05:53,754 [INFO] Argument:335 - Argument : Modevalue: DMA_CIRCULAR
2026-05-11 23:05:53,754 [INFO] Argument:325 - Argument : Priorityvalue: DMA_PRIORITY_HIGH
2026-05-11 23:05:53,754 [INFO] Argument:335 - Argument : Priorityvalue: DMA_PRIORITY_HIGH
2026-05-11 23:05:53,754 [INFO] Argument:325 - Argument : FIFOModevalue: DMA_FIFOMODE_DISABLE
2026-05-11 23:05:53,754 [INFO] Argument:335 - Argument : FIFOModevalue: DMA_FIFOMODE_DISABLE
2026-05-11 23:05:53,754 [INFO] Argument:325 - Argument : FIFOThresholdvalue: null
2026-05-11 23:05:53,754 [INFO] Argument:335 - Argument : FIFOThresholdvalue: null
2026-05-11 23:05:53,754 [INFO] Argument:325 - Argument : MemBurstvalue: null
2026-05-11 23:05:53,754 [INFO] Argument:335 - Argument : MemBurstvalue: null
2026-05-11 23:05:53,754 [INFO] Argument:325 - Argument : PeriphBurstvalue: null
2026-05-11 23:05:53,754 [INFO] Argument:335 - Argument : PeriphBurstvalue: null
2026-05-11 23:05:53,754 [INFO] Argument:325 - Argument : Lockvalue: null
2026-05-11 23:05:53,754 [INFO] Argument:335 - Argument : Lockvalue: null
2026-05-11 23:05:53,754 [INFO] Argument:325 - Argument : Statevalue: null
2026-05-11 23:05:53,754 [INFO] Argument:335 - Argument : Statevalue: null
2026-05-11 23:05:53,754 [INFO] Argument:325 - Argument : Parentvalue: null
2026-05-11 23:05:53,754 [INFO] Argument:335 - Argument : Parentvalue: null
2026-05-11 23:05:53,754 [INFO] Argument:325 - Argument : XferCpltCallbackvalue: null
2026-05-11 23:05:53,755 [INFO] Argument:335 - Argument : XferCpltCallbackvalue: null
2026-05-11 23:05:53,755 [INFO] Argument:325 - Argument : XferHalfCpltCallbackvalue: null
2026-05-11 23:05:53,755 [INFO] Argument:335 - Argument : XferHalfCpltCallbackvalue: null
2026-05-11 23:05:53,755 [INFO] Argument:325 - Argument : XferM1CpltCallbackvalue: null
2026-05-11 23:05:53,755 [INFO] Argument:335 - Argument : XferM1CpltCallbackvalue: null
2026-05-11 23:05:53,755 [INFO] Argument:325 - Argument : XferErrorCallbackvalue: null
2026-05-11 23:05:53,755 [INFO] Argument:335 - Argument : XferErrorCallbackvalue: null
2026-05-11 23:05:53,755 [INFO] Argument:325 - Argument : ErrorCodevalue: null
2026-05-11 23:05:53,755 [INFO] Argument:335 - Argument : ErrorCodevalue: null
2026-05-11 23:05:53,755 [INFO] Argument:325 - Argument : hdmavalue: null
2026-05-11 23:05:53,755 [INFO] Argument:327 - 	 sub Args: 
2026-05-11 23:05:53,755 [INFO] Argument:325 - Argument : Instancevalue: DMA2_Stream7
2026-05-11 23:05:53,755 [INFO] Argument:335 - Argument : Instancevalue: DMA2_Stream7
2026-05-11 23:05:53,755 [INFO] Argument:325 - Argument : Initvalue: null
2026-05-11 23:05:53,755 [INFO] Argument:327 - 	 sub Args: 
2026-05-11 23:05:53,755 [INFO] Argument:325 - Argument : Channelvalue: DMA_CHANNEL_4
2026-05-11 23:05:53,755 [INFO] Argument:335 - Argument : Channelvalue: DMA_CHANNEL_4
2026-05-11 23:05:53,755 [INFO] Argument:325 - Argument : Directionvalue: DMA_MEMORY_TO_PERIPH
2026-05-11 23:05:53,755 [INFO] Argument:335 - Argument : Directionvalue: DMA_MEMORY_TO_PERIPH
2026-05-11 23:05:53,755 [INFO] Argument:325 - Argument : PeriphIncvalue: DMA_PINC_DISABLE
2026-05-11 23:05:53,755 [INFO] Argument:335 - Argument : PeriphIncvalue: DMA_PINC_DISABLE
2026-05-11 23:05:53,755 [INFO] Argument:325 - Argument : MemIncvalue: DMA_MINC_ENABLE
2026-05-11 23:05:53,756 [INFO] Argument:335 - Argument : MemIncvalue: DMA_MINC_ENABLE
2026-05-11 23:05:53,756 [INFO] Argument:325 - Argument : PeriphDataAlignmentvalue: DMA_PDATAALIGN_BYTE
2026-05-11 23:05:53,756 [INFO] Argument:335 - Argument : PeriphDataAlignmentvalue: DMA_PDATAALIGN_BYTE
2026-05-11 23:05:53,756 [INFO] Argument:325 - Argument : MemDataAlignmentvalue: DMA_MDATAALIGN_BYTE
2026-05-11 23:05:53,756 [INFO] Argument:335 - Argument : MemDataAlignmentvalue: DMA_MDATAALIGN_BYTE
2026-05-11 23:05:53,756 [INFO] Argument:325 - Argument : Modevalue: DMA_NORMAL
2026-05-11 23:05:53,756 [INFO] Argument:335 - Argument : Modevalue: DMA_NORMAL
2026-05-11 23:05:53,756 [INFO] Argument:325 - Argument : Priorityvalue: DMA_PRIORITY_LOW
2026-05-11 23:05:53,756 [INFO] Argument:335 - Argument : Priorityvalue: DMA_PRIORITY_LOW
2026-05-11 23:05:53,756 [INFO] Argument:325 - Argument : FIFOModevalue: DMA_FIFOMODE_DISABLE
2026-05-11 23:05:53,756 [INFO] Argument:335 - Argument : FIFOModevalue: DMA_FIFOMODE_DISABLE
2026-05-11 23:05:53,756 [INFO] Argument:325 - Argument : FIFOThresholdvalue: null
2026-05-11 23:05:53,756 [INFO] Argument:335 - Argument : FIFOThresholdvalue: null
2026-05-11 23:05:53,756 [INFO] Argument:325 - Argument : MemBurstvalue: null
2026-05-11 23:05:53,756 [INFO] Argument:335 - Argument : MemBurstvalue: null
2026-05-11 23:05:53,756 [INFO] Argument:325 - Argument : PeriphBurstvalue: null
2026-05-11 23:05:53,756 [INFO] Argument:335 - Argument : PeriphBurstvalue: null
2026-05-11 23:05:53,756 [INFO] Argument:325 - Argument : Lockvalue: null
2026-05-11 23:05:53,756 [INFO] Argument:335 - Argument : Lockvalue: null
2026-05-11 23:05:53,756 [INFO] Argument:325 - Argument : Statevalue: null
2026-05-11 23:05:53,756 [INFO] Argument:335 - Argument : Statevalue: null
2026-05-11 23:05:53,756 [INFO] Argument:325 - Argument : Parentvalue: null
2026-05-11 23:05:53,756 [INFO] Argument:335 - Argument : Parentvalue: null
2026-05-11 23:05:53,756 [INFO] Argument:325 - Argument : XferCpltCallbackvalue: null
2026-05-11 23:05:53,756 [INFO] Argument:335 - Argument : XferCpltCallbackvalue: null
2026-05-11 23:05:53,756 [INFO] Argument:325 - Argument : XferHalfCpltCallbackvalue: null
2026-05-11 23:05:53,756 [INFO] Argument:335 - Argument : XferHalfCpltCallbackvalue: null
2026-05-11 23:05:53,756 [INFO] Argument:325 - Argument : XferM1CpltCallbackvalue: null
2026-05-11 23:05:53,756 [INFO] Argument:335 - Argument : XferM1CpltCallbackvalue: null
2026-05-11 23:05:53,756 [INFO] Argument:325 - Argument : XferErrorCallbackvalue: null
2026-05-11 23:05:53,756 [INFO] Argument:335 - Argument : XferErrorCallbackvalue: null
2026-05-11 23:05:53,756 [INFO] Argument:325 - Argument : ErrorCodevalue: null
2026-05-11 23:05:53,756 [INFO] Argument:335 - Argument : ErrorCodevalue: null
2026-05-11 23:05:53,815 [INFO] CodeEngine:255 - oldGeneratedFile, C:\git\VehiculoTT\VehiculoTT\MXTmpFiles\license.tmp_save
2026-05-11 23:05:53,905 [INFO] CodeEngine:279 - Generated code: C:\git\VehiculoTT\VehiculoTT\MXTmpFiles\license.tmp
2026-05-11 23:05:53,928 [INFO] CodeEngine:255 - oldGeneratedFile, C:\git\VehiculoTT\VehiculoTT\MXTmpFiles\gpio.tmp_save
2026-05-11 23:05:53,994 [INFO] CodeEngine:279 - Generated code: C:\git\VehiculoTT\VehiculoTT\MXTmpFiles\gpio.tmp
2026-05-11 23:05:54,160 [INFO] Middleware:1450 - No code input for Bsp Dependency
2026-05-11 23:05:54,169 [INFO] CodeEngine:255 - oldGeneratedFile, C:\git\VehiculoTT\VehiculoTT\MXTmpFiles\rtos_inc.tmp_save
2026-05-11 23:05:54,241 [INFO] CodeEngine:279 - Generated code: C:\git\VehiculoTT\VehiculoTT\MXTmpFiles\rtos_inc.tmp
2026-05-11 23:05:54,246 [INFO] CodeEngine:255 - oldGeneratedFile, C:\git\VehiculoTT\VehiculoTT\MXTmpFiles\rtos_kernelInit.tmp_save
2026-05-11 23:05:54,294 [INFO] CodeEngine:279 - Generated code: C:\git\VehiculoTT\VehiculoTT\MXTmpFiles\rtos_kernelInit.tmp
2026-05-11 23:05:54,301 [INFO] CodeEngine:255 - oldGeneratedFile, C:\git\VehiculoTT\VehiculoTT\MXTmpFiles\rtos_kernelStart.tmp_save
2026-05-11 23:05:54,359 [INFO] CodeEngine:279 - Generated code: C:\git\VehiculoTT\VehiculoTT\MXTmpFiles\rtos_kernelStart.tmp
2026-05-11 23:05:54,366 [INFO] CodeEngine:255 - oldGeneratedFile, C:\git\VehiculoTT\VehiculoTT\MXTmpFiles\rtos_typedefs.tmp_save
2026-05-11 23:05:54,422 [INFO] CodeEngine:279 - Generated code: C:\git\VehiculoTT\VehiculoTT\MXTmpFiles\rtos_typedefs.tmp
2026-05-11 23:05:54,430 [INFO] CodeEngine:255 - oldGeneratedFile, C:\git\VehiculoTT\VehiculoTT\MXTmpFiles\rtos_vars.tmp_save
2026-05-11 23:05:54,508 [INFO] CodeEngine:279 - Generated code: C:\git\VehiculoTT\VehiculoTT\MXTmpFiles\rtos_vars.tmp
2026-05-11 23:05:54,514 [INFO] CodeEngine:255 - oldGeneratedFile, C:\git\VehiculoTT\VehiculoTT\MXTmpFiles\rtos_pfp.tmp_save
2026-05-11 23:05:54,577 [INFO] CodeEngine:279 - Generated code: C:\git\VehiculoTT\VehiculoTT\MXTmpFiles\rtos_pfp.tmp
2026-05-11 23:05:54,583 [INFO] CodeEngine:255 - oldGeneratedFile, C:\git\VehiculoTT\VehiculoTT\MXTmpFiles\rtos_obj_creat.tmp_save
2026-05-11 23:05:54,649 [INFO] CodeEngine:279 - Generated code: C:\git\VehiculoTT\VehiculoTT\MXTmpFiles\rtos_obj_creat.tmp
2026-05-11 23:05:54,657 [INFO] CodeEngine:255 - oldGeneratedFile, C:\git\VehiculoTT\VehiculoTT\MXTmpFiles\rtos_default_thread.tmp_save
2026-05-11 23:05:54,715 [INFO] CodeEngine:279 - Generated code: C:\git\VehiculoTT\VehiculoTT\MXTmpFiles\rtos_default_thread.tmp
2026-05-11 23:05:54,721 [INFO] CodeEngine:255 - oldGeneratedFile, C:\git\VehiculoTT\VehiculoTT\MXTmpFiles\rtos_threads.tmp_save
2026-05-11 23:05:54,780 [INFO] CodeEngine:279 - Generated code: C:\git\VehiculoTT\VehiculoTT\MXTmpFiles\rtos_threads.tmp
2026-05-11 23:05:54,807 [INFO] Middleware:1450 - No code input for Bsp Dependency
2026-05-11 23:05:54,822 [INFO] CodeEngine:255 - oldGeneratedFile, C:\git\VehiculoTT\VehiculoTT\MXTmpFiles\rtos_inc.tmp_save
2026-05-11 23:05:54,915 [INFO] CodeEngine:279 - Generated code: C:\git\VehiculoTT\VehiculoTT\MXTmpFiles\rtos_inc.tmp
2026-05-11 23:05:54,922 [INFO] CodeEngine:255 - oldGeneratedFile, C:\git\VehiculoTT\VehiculoTT\MXTmpFiles\rtos_kernelInit.tmp_save
2026-05-11 23:05:54,976 [INFO] CodeEngine:279 - Generated code: C:\git\VehiculoTT\VehiculoTT\MXTmpFiles\rtos_kernelInit.tmp
2026-05-11 23:05:54,984 [INFO] CodeEngine:255 - oldGeneratedFile, C:\git\VehiculoTT\VehiculoTT\MXTmpFiles\rtos_kernelStart.tmp_save
2026-05-11 23:05:55,037 [INFO] CodeEngine:279 - Generated code: C:\git\VehiculoTT\VehiculoTT\MXTmpFiles\rtos_kernelStart.tmp
2026-05-11 23:05:55,045 [INFO] CodeEngine:255 - oldGeneratedFile, C:\git\VehiculoTT\VehiculoTT\MXTmpFiles\rtos_typedefs.tmp_save
2026-05-11 23:05:55,094 [INFO] CodeEngine:279 - Generated code: C:\git\VehiculoTT\VehiculoTT\MXTmpFiles\rtos_typedefs.tmp
2026-05-11 23:05:55,120 [INFO] CodeEngine:255 - oldGeneratedFile, C:\git\VehiculoTT\VehiculoTT\MXTmpFiles\rtos_vars.tmp_save
2026-05-11 23:05:55,183 [INFO] CodeEngine:279 - Generated code: C:\git\VehiculoTT\VehiculoTT\MXTmpFiles\rtos_vars.tmp
2026-05-11 23:05:55,192 [INFO] CodeEngine:255 - oldGeneratedFile, C:\git\VehiculoTT\VehiculoTT\MXTmpFiles\rtos_pfp.tmp_save
2026-05-11 23:05:55,239 [INFO] CodeEngine:279 - Generated code: C:\git\VehiculoTT\VehiculoTT\MXTmpFiles\rtos_pfp.tmp
2026-05-11 23:05:55,256 [INFO] CodeEngine:255 - oldGeneratedFile, C:\git\VehiculoTT\VehiculoTT\MXTmpFiles\rtos_obj_creat.tmp_save
2026-05-11 23:05:55,305 [INFO] CodeEngine:279 - Generated code: C:\git\VehiculoTT\VehiculoTT\MXTmpFiles\rtos_obj_creat.tmp
2026-05-11 23:05:55,311 [INFO] CodeEngine:255 - oldGeneratedFile, C:\git\VehiculoTT\VehiculoTT\MXTmpFiles\rtos_default_thread.tmp_save
2026-05-11 23:05:55,358 [INFO] CodeEngine:279 - Generated code: C:\git\VehiculoTT\VehiculoTT\MXTmpFiles\rtos_default_thread.tmp
2026-05-11 23:05:55,366 [INFO] CodeEngine:255 - oldGeneratedFile, C:\git\VehiculoTT\VehiculoTT\MXTmpFiles\rtos_threads.tmp_save
2026-05-11 23:05:55,412 [INFO] CodeEngine:279 - Generated code: C:\git\VehiculoTT\VehiculoTT\MXTmpFiles\rtos_threads.tmp
2026-05-11 23:05:55,431 [INFO] CodeEngine:255 - oldGeneratedFile, C:\git\VehiculoTT\VehiculoTT\Core\Inc\FreeRTOSConfig.h_save
2026-05-11 23:05:55,490 [INFO] CodeEngine:279 - Generated code: C:\git\VehiculoTT\VehiculoTT\Core\Inc\FreeRTOSConfig.h
2026-05-11 23:05:55,516 [INFO] CodeEngine:255 - oldGeneratedFile, C:\git\VehiculoTT\VehiculoTT\Core\Src\freertos.c_save
2026-05-11 23:05:55,582 [INFO] CodeEngine:279 - Generated code: C:\git\VehiculoTT\VehiculoTT\Core\Src\freertos.c
2026-05-11 23:05:55,605 [INFO] CodeEngine:255 - oldGeneratedFile, C:\git\VehiculoTT\VehiculoTT\MXTmpFiles\dma.tmp_save
2026-05-11 23:05:55,685 [INFO] CodeEngine:279 - Generated code: C:\git\VehiculoTT\VehiculoTT\MXTmpFiles\dma.tmp
2026-05-11 23:05:55,691 [INFO] CodeEngine:255 - oldGeneratedFile, C:\git\VehiculoTT\VehiculoTT\MXTmpFiles\dma_GV.tmp_save
2026-05-11 23:05:55,736 [INFO] CodeEngine:279 - Generated code: C:\git\VehiculoTT\VehiculoTT\MXTmpFiles\dma_GV.tmp
2026-05-11 23:05:55,763 [INFO] CodeEngine:255 - oldGeneratedFile, C:\git\VehiculoTT\VehiculoTT\Core\Src\stm32f4xx_it.c_save
2026-05-11 23:05:55,858 [INFO] CodeEngine:279 - Generated code: C:\git\VehiculoTT\VehiculoTT\Core\Src\stm32f4xx_it.c
2026-05-11 23:05:55,867 [INFO] CodeEngine:255 - oldGeneratedFile, C:\git\VehiculoTT\VehiculoTT\Core\Inc\stm32f4xx_it.h_save
2026-05-11 23:05:55,920 [INFO] CodeEngine:279 - Generated code: C:\git\VehiculoTT\VehiculoTT\Core\Inc\stm32f4xx_it.h
2026-05-11 23:05:55,949 [INFO] CodeEngine:255 - oldGeneratedFile, C:\git\VehiculoTT\VehiculoTT\Core\Src\stm32f4xx_hal_msp.c_save
2026-05-11 23:05:56,070 [INFO] CodeEngine:279 - Generated code: C:\git\VehiculoTT\VehiculoTT\Core\Src\stm32f4xx_hal_msp.c
2026-05-11 23:05:56,084 [INFO] CodeEngine:255 - oldGeneratedFile, C:\git\VehiculoTT\VehiculoTT\MXTmpFiles\system.tmp_save
2026-05-11 23:05:56,132 [INFO] CodeEngine:279 - Generated code: C:\git\VehiculoTT\VehiculoTT\MXTmpFiles\system.tmp
2026-05-11 23:05:56,150 [INFO] CodeEngine:255 - oldGeneratedFile, C:\git\VehiculoTT\VehiculoTT\Core\Src\stm32f4xx_hal_timebase_tim.c_save
2026-05-11 23:05:56,203 [INFO] CodeEngine:279 - Generated code: C:\git\VehiculoTT\VehiculoTT\Core\Src\stm32f4xx_hal_timebase_tim.c
2026-05-11 23:05:56,228 [INFO] CodeEngine:311 - oldGeneratedFile, C:\git\VehiculoTT\VehiculoTT\Core\Inc\stm32f4xx_hal_conf.h_save
2026-05-11 23:05:56,321 [INFO] CodeEngine:335 - Generated code: C:\git\VehiculoTT\VehiculoTT\Core\Inc\stm32f4xx_hal_conf.h
2026-05-11 23:05:56,347 [WARN] IPConfigManager:3618 - IP not found : TIM
2026-05-11 23:05:56,348 [WARN] CodeGenerator:4152 - IP not found : null
2026-05-11 23:05:56,375 [INFO] CodeEngine:255 - oldGeneratedFile, C:\git\VehiculoTT\VehiculoTT\Core\Inc\main.h_save
2026-05-11 23:05:56,441 [INFO] CodeEngine:279 - Generated code: C:\git\VehiculoTT\VehiculoTT\Core\Inc\main.h
2026-05-11 23:05:56,462 [INFO] CodeEngine:255 - oldGeneratedFile, C:\git\VehiculoTT\VehiculoTT\Core\Src\main.c_save
2026-05-11 23:05:56,634 [INFO] CodeEngine:279 - Generated code: C:\git\VehiculoTT\VehiculoTT\Core\Src\main.c
2026-05-11 23:05:57,324 [INFO] ProjectBuilder:3289 - Time for Copy HAL[1] : 451mS.
2026-05-11 23:05:57,331 [INFO] ProjectBuilder:4876 - Project Generator version: 4.5.0-RC5
2026-05-11 23:05:57,394 [INFO] ConfigFileManager:1579 - The Die is : DIE431
2026-05-11 23:05:58,468 [INFO] ProjectBuilder:5154 - Time for Generating toolchain IDE Files: 1137mS.
2026-05-11 23:05:58,469 [INFO] ProjectBuilder:3146 - Time for Copy CMSIS : 1mS.
2026-05-11 23:05:58,485 [INFO] ProjectBuilder:3146 - Time for Copy CMSIS : 0mS.
2026-05-11 23:19:04,329 [ERROR] LogOutputStream:75 - [STDERR_REDIRECT] 
