2026-03-19 02:05:43,289 [INFO] Activator:176 - 


2026-03-19 02:05:43,312 [INFO] Activator:177 - !SESSION log4j initialized
2026-03-19 02:05:57,133 [INFO] LogOutputStream:77 - [STDOUT_REDIRECT] 
2026-03-19 02:06:04,436 [INFO] ApplicationProperties:184 - Using Application install path: D:\Documentos\Electronica\Nueva carpeta\STM32CubeIDE_1.15.0\STM32CubeIDE\plugins\com.st.stm32cube.common.mx_6.11.0.202403141607
2026-03-19 02:06:04,488 [INFO] DbMcusXml:78 - Set database path to: D:\Documentos\Electronica\Nueva carpeta\STM32CubeIDE_1.15.0\STM32CubeIDE\plugins\com.st.stm32cube.common.mx_6.11.0.202403141607\\db\/mcu/
2026-03-19 02:06:04,493 [INFO] ApiDb:274 - Set plugin database path to: D:\Documentos\Electronica\Nueva carpeta\STM32CubeIDE_1.15.0\STM32CubeIDE\plugins\com.st.stm32cube.common.mx_6.11.0.202403141607\\db\/plugins/boardmanager/
2026-03-19 02:06:04,493 [WARN] ApiDb:259 - Overriding images path with different value:  => D:\Documentos\Electronica\Nueva carpeta\STM32CubeIDE_1.15.0\STM32CubeIDE\plugins\com.st.stm32cube.common.mx_6.11.0.202403141607\\db\/plugins/mcufinder/images/
2026-03-19 02:06:04,589 [INFO] ApiDb:250 - Set database path to: C:\Users\USER\.stmcufinder\plugins\mcufinder//mcu/
2026-03-19 02:06:04,590 [INFO] DbMcusAds:125 - Set database path to: C:\Users\USER\.stmcufinder\plugins\mcufinder//mcu/
2026-03-19 02:06:04,592 [INFO] CrossReferenceDbSqlite:203 - Set database path to: C:\Users\USER\.stmcufinder\plugins\mcufinder//mcu/cs/
2026-03-19 02:06:04,805 [INFO] RulesReader:64 - Compatibility file has been processed (297 Rules)
2026-03-19 02:06:05,176 [INFO] DbMcusXml:78 - Set database path to: D:\Documentos\Electronica\Nueva carpeta\STM32CubeIDE_1.15.0\STM32CubeIDE\plugins\com.st.stm32cube.common.mx_6.11.0.202403141607\\db\/mcu/
2026-03-19 02:06:05,176 [INFO] ApiDb:274 - Set plugin database path to: D:\Documentos\Electronica\Nueva carpeta\STM32CubeIDE_1.15.0\STM32CubeIDE\plugins\com.st.stm32cube.common.mx_6.11.0.202403141607\\db\/plugins/boardmanager/
2026-03-19 02:06:05,176 [INFO] ApiDb:261 - Set plugin images path to: D:\Documentos\Electronica\Nueva carpeta\STM32CubeIDE_1.15.0\STM32CubeIDE\plugins\com.st.stm32cube.common.mx_6.11.0.202403141607\\db\/plugins/mcufinder/images/
2026-03-19 02:06:05,176 [WARN] DbFile:41 - Overriding database path with different value: C:\Users\USER\.stmcufinder\plugins\mcufinder/ => C:\Users\USER\.stmcufinder\plugins\mcufinder
2026-03-19 02:06:05,176 [INFO] ApiDb:250 - Set database path to: C:\Users\USER\.stmcufinder\plugins\mcufinder//mcu/
2026-03-19 02:06:05,176 [WARN] DbFile:41 - Overriding database path with different value: C:\Users\USER\.stmcufinder\plugins\mcufinder/ => C:\Users\USER\.stmcufinder\plugins\mcufinder
2026-03-19 02:06:05,176 [INFO] DbMcusAds:125 - Set database path to: C:\Users\USER\.stmcufinder\plugins\mcufinder//mcu/
2026-03-19 02:06:05,176 [WARN] DbFile:41 - Overriding database path with different value: C:\Users\USER\.stmcufinder\plugins\mcufinder/ => C:\Users\USER\.stmcufinder\plugins\mcufinder
2026-03-19 02:06:05,176 [WARN] DbFile:41 - Overriding database path with different value: C:\Users\USER\.stmcufinder\plugins\mcufinder/ => C:\Users\USER\.stmcufinder\plugins\mcufinder
2026-03-19 02:06:05,177 [INFO] CrossReferenceDbSqlite:203 - Set database path to: C:\Users\USER\.stmcufinder\plugins\mcufinder//mcu/cs/
2026-03-19 02:06:05,587 [INFO] MainPanel:264 - HeapMemory: 268435456
2026-03-19 02:06:06,088 [INFO] DbMcusXml:78 - Set database path to: D:\Documentos\Electronica\Nueva carpeta\STM32CubeIDE_1.15.0\STM32CubeIDE\plugins\com.st.stm32cube.common.mx_6.11.0.202403141607\\db\/mcu/
2026-03-19 02:06:06,088 [INFO] ApiDb:274 - Set plugin database path to: D:\Documentos\Electronica\Nueva carpeta\STM32CubeIDE_1.15.0\STM32CubeIDE\plugins\com.st.stm32cube.common.mx_6.11.0.202403141607\\db\/plugins/boardmanager/
2026-03-19 02:06:06,088 [INFO] ApiDb:261 - Set plugin images path to: D:\Documentos\Electronica\Nueva carpeta\STM32CubeIDE_1.15.0\STM32CubeIDE\plugins\com.st.stm32cube.common.mx_6.11.0.202403141607\\db\/plugins/mcufinder/images/
2026-03-19 02:06:06,088 [WARN] DbFile:41 - Overriding database path with different value: C:\Users\USER\.stmcufinder\plugins\mcufinder/ => C:\Users\USER\.stmcufinder\plugins\mcufinder
2026-03-19 02:06:06,088 [INFO] ApiDb:250 - Set database path to: C:\Users\USER\.stmcufinder\plugins\mcufinder//mcu/
2026-03-19 02:06:06,088 [WARN] DbFile:41 - Overriding database path with different value: C:\Users\USER\.stmcufinder\plugins\mcufinder/ => C:\Users\USER\.stmcufinder\plugins\mcufinder
2026-03-19 02:06:06,089 [INFO] DbMcusAds:125 - Set database path to: C:\Users\USER\.stmcufinder\plugins\mcufinder//mcu/
2026-03-19 02:06:06,089 [WARN] DbFile:41 - Overriding database path with different value: C:\Users\USER\.stmcufinder\plugins\mcufinder/ => C:\Users\USER\.stmcufinder\plugins\mcufinder
2026-03-19 02:06:06,089 [WARN] DbFile:41 - Overriding database path with different value: C:\Users\USER\.stmcufinder\plugins\mcufinder/ => C:\Users\USER\.stmcufinder\plugins\mcufinder
2026-03-19 02:06:06,089 [INFO] CrossReferenceDbSqlite:203 - Set database path to: C:\Users\USER\.stmcufinder\plugins\mcufinder//mcu/cs/
2026-03-19 02:06:06,170 [INFO] ApplicationProperties:184 - Using Application install path: D:\Documentos\Electronica\Nueva carpeta\STM32CubeIDE_1.15.0\STM32CubeIDE\plugins\com.st.stm32cube.common.mx_6.11.0.202403141607
2026-03-19 02:06:06,183 [INFO] PluginManage:196 - Search for loadable plugins [exclusion list=, ]
2026-03-19 02:06:06,187 [INFO] PluginManage:310 - Check plugin analytics
2026-03-19 02:06:06,470 [INFO] AnalyticsPlugin:253 - Accepted Software Licenses: 
2026-03-19 02:06:06,470 [INFO] AnalyticsPlugin:255 - Accepted CMSIS Pack Licenses: STMicroelectronics.X-CUBE-TOUCHGFX.4.26.0,STMicroelectronics.X-CUBE-TOF1.3.4.2
2026-03-19 02:06:06,471 [INFO] AnalyticsPlugin:257 - Accepted Firmware Licenses: FW.F7.1.17.0,FW.H7.1.11.0,FW.F4.1.28.0
2026-03-19 02:06:06,474 [INFO] PluginManage:359 - Loaded plugin analytics (category:tool,tabindex:-1)
2026-03-19 02:06:06,474 [INFO] PluginManage:310 - Check plugin cadmodel
2026-03-19 02:06:06,541 [INFO] CADModel:105 - Init CAD model plugin
2026-03-19 02:06:06,541 [INFO] PluginManage:359 - Loaded plugin cadmodel (category:power,tabindex:5)
2026-03-19 02:06:06,541 [INFO] PluginManage:310 - Check plugin clock
2026-03-19 02:06:06,603 [INFO] PluginManage:359 - Loaded plugin clock (category:base,tabindex:2)
2026-03-19 02:06:06,603 [INFO] PluginManage:310 - Check plugin ddr
2026-03-19 02:06:06,614 [INFO] PluginManage:359 - Loaded plugin ddr (category:tool,tabindex:6)
2026-03-19 02:06:06,614 [INFO] PluginManage:310 - Check plugin filemanager
2026-03-19 02:06:06,995 [INFO] PluginManage:359 - Loaded plugin filemanager (category:base,tabindex:10)
2026-03-19 02:06:06,995 [INFO] PluginManage:310 - Check plugin ipmanager
2026-03-19 02:06:07,021 [INFO] PluginManage:359 - Loaded plugin ipmanager (category:base,tabindex:5)
2026-03-19 02:06:07,021 [INFO] PluginManage:310 - Check plugin lpbam
2026-03-19 02:06:07,069 [INFO] PluginManage:359 - Loaded plugin lpbam (category:base,tabindex:0)
2026-03-19 02:06:07,069 [INFO] PluginManage:310 - Check plugin memorymap
2026-03-19 02:06:07,134 [INFO] PluginManage:359 - Loaded plugin memorymap (category:base,tabindex:4)
2026-03-19 02:06:07,134 [INFO] PluginManage:310 - Check plugin pinoutandconfiguration
2026-03-19 02:06:07,167 [INFO] PluginManage:359 - Loaded plugin pinoutandconfiguration (category:base,tabindex:1)
2026-03-19 02:06:07,168 [INFO] PluginManage:310 - Check plugin pinoutconfig
2026-03-19 02:06:07,328 [WARN] SupportedApi:132 - Cannot load RTOS API schema: s4s-elt-must-match.1: The content of 'definitions' must match (annotation?, (simpleType | complexType)?, (unique | key | keyref)*)). A problem was found starting at: attribute.
2026-03-19 02:06:07,492 [INFO] PluginManage:359 - Loaded plugin pinoutconfig (category:base,tabindex:0)
2026-03-19 02:06:07,492 [INFO] PluginManage:310 - Check plugin power
2026-03-19 02:06:07,578 [INFO] PluginManage:359 - Loaded plugin power (category:power,tabindex:4)
2026-03-19 02:06:07,578 [INFO] PluginManage:310 - Check plugin projectmanager
2026-03-19 02:06:07,618 [INFO] PluginManage:359 - Loaded plugin projectmanager (category:projectmanager,tabindex:3)
2026-03-19 02:06:07,619 [INFO] PluginManage:310 - Check plugin thirdparty
2026-03-19 02:06:08,169 [INFO] PluginManage:359 - Loaded plugin thirdparty (category:base,tabindex:-1)
2026-03-19 02:06:08,169 [WARN] IntegrityCheckThread:84 - waiting for thirdparty lock release [integrity check]
2026-03-19 02:06:08,169 [INFO] PluginManage:310 - Check plugin tools
2026-03-19 02:06:08,169 [INFO] IntegrityCheckThread:86 - entering critical section [integrity check]
2026-03-19 02:06:08,170 [INFO] ThirdPartyUpdaterWithRetryManager:70 - Updater plugin not ready yet. [1/15]
2026-03-19 02:06:08,225 [INFO] PluginManage:359 - Loaded plugin tools (category:base,tabindex:7)
2026-03-19 02:06:08,225 [INFO] PluginManage:310 - Check plugin tutovideos
2026-03-19 02:06:08,484 [INFO] PluginManage:359 - Loaded plugin tutovideos (category:base,tabindex:-1)
2026-03-19 02:06:08,484 [INFO] PluginManage:310 - Check plugin updater
2026-03-19 02:06:08,525 [INFO] PluginManage:359 - Loaded plugin updater (category:base,tabindex:12)
2026-03-19 02:06:08,525 [INFO] PluginManage:310 - Check plugin userauth
2026-03-19 02:06:08,567 [INFO] UserAuth:114 - Init User Auth plugin
2026-03-19 02:06:08,567 [INFO] PluginManage:359 - Loaded plugin userauth (category:base,tabindex:14)
2026-03-19 02:06:08,567 [INFO] PluginManage:283 - PluginManage : Loaded plugins [17]
2026-03-19 02:06:09,363 [INFO] PinOutPanel:1561 - setPackage(No Configuration,No Configuration)
2026-03-19 02:06:09,656 [INFO] CADModel:165 - CPN selected for project level
2026-03-19 02:06:09,656 [INFO] CADModel:114 - Register for checkConnection events
2026-03-19 02:06:09,739 [INFO] IPUIPlugin:80 - create IPUIPlugin
2026-03-19 02:06:09,740 [INFO] PluginManager:220 - loadIPPluginJar : add adc
2026-03-19 02:06:09,794 [INFO] IPUIPlugin:80 - create IPUIPlugin
2026-03-19 02:06:09,794 [INFO] PluginManager:220 - loadIPPluginJar : add aes
2026-03-19 02:06:09,873 [INFO] IPUIPlugin:80 - create IPUIPlugin
2026-03-19 02:06:09,873 [INFO] PluginManager:220 - loadIPPluginJar : add can
2026-03-19 02:06:09,913 [INFO] IPUIPlugin:80 - create IPUIPlugin
2026-03-19 02:06:09,913 [INFO] PluginManager:220 - loadIPPluginJar : add comp
2026-03-19 02:06:09,955 [INFO] IPUIPlugin:80 - create IPUIPlugin
2026-03-19 02:06:09,955 [INFO] PluginManager:220 - loadIPPluginJar : add cryp
2026-03-19 02:06:09,992 [INFO] IPUIPlugin:80 - create IPUIPlugin
2026-03-19 02:06:09,992 [INFO] PluginManager:220 - loadIPPluginJar : add dfsdm
2026-03-19 02:06:10,018 [INFO] IPUIPlugin:80 - create IPUIPlugin
2026-03-19 02:06:10,019 [INFO] PluginManager:220 - loadIPPluginJar : add dma
2026-03-19 02:06:10,073 [INFO] IPUIPlugin:80 - create IPUIPlugin
2026-03-19 02:06:10,073 [INFO] PluginManager:220 - loadIPPluginJar : add dma3
2026-03-19 02:06:10,143 [INFO] IPUIPlugin:80 - create IPUIPlugin
2026-03-19 02:06:10,144 [INFO] PluginManager:220 - loadIPPluginJar : add extmemmanager
2026-03-19 02:06:10,184 [INFO] IPUIPlugin:80 - create IPUIPlugin
2026-03-19 02:06:10,185 [INFO] PluginManager:220 - loadIPPluginJar : add fatfs
2026-03-19 02:06:10,245 [INFO] IPUIPlugin:80 - create IPUIPlugin
2026-03-19 02:06:10,245 [INFO] PluginManager:220 - loadIPPluginJar : add fmc
2026-03-19 02:06:10,268 [INFO] IPUIPlugin:80 - create IPUIPlugin
2026-03-19 02:06:10,268 [INFO] PluginManager:220 - loadIPPluginJar : add freertos
2026-03-19 02:06:10,302 [INFO] IPUIPlugin:80 - create IPUIPlugin
2026-03-19 02:06:10,302 [INFO] PluginManager:220 - loadIPPluginJar : add genericplugin
2026-03-19 02:06:10,431 [INFO] IPUIPlugin:80 - create IPUIPlugin
2026-03-19 02:06:10,431 [INFO] PluginManager:220 - loadIPPluginJar : add gfxmmu
2026-03-19 02:06:10,631 [INFO] IPUIPlugin:80 - create IPUIPlugin
2026-03-19 02:06:10,631 [INFO] PluginManager:220 - loadIPPluginJar : add gic
2026-03-19 02:06:10,666 [INFO] IPUIPlugin:80 - create IPUIPlugin
2026-03-19 02:06:10,666 [INFO] PluginManager:220 - loadIPPluginJar : add gpio
2026-03-19 02:06:10,774 [INFO] IPUIPlugin:80 - create IPUIPlugin
2026-03-19 02:06:10,774 [INFO] PluginManager:220 - loadIPPluginJar : add gtzc
2026-03-19 02:06:10,856 [INFO] IPUIPlugin:80 - create IPUIPlugin
2026-03-19 02:06:10,856 [INFO] PluginManager:220 - loadIPPluginJar : add hash
2026-03-19 02:06:10,932 [INFO] IPUIPlugin:80 - create IPUIPlugin
2026-03-19 02:06:10,932 [INFO] PluginManager:220 - loadIPPluginJar : add i2c
2026-03-19 02:06:10,980 [INFO] IPUIPlugin:80 - create IPUIPlugin
2026-03-19 02:06:10,980 [INFO] PluginManager:220 - loadIPPluginJar : add i2s
2026-03-19 02:06:11,030 [INFO] IPUIPlugin:80 - create IPUIPlugin
2026-03-19 02:06:11,030 [INFO] PluginManager:220 - loadIPPluginJar : add i3c
2026-03-19 02:06:11,147 [INFO] IPUIPlugin:80 - create IPUIPlugin
2026-03-19 02:06:11,147 [INFO] PluginManager:220 - loadIPPluginJar : add ipddr
2026-03-19 02:06:11,171 [INFO] ThirdPartyUpdaterWithRetryManager:70 - Updater plugin not ready yet. [2/15]
2026-03-19 02:06:11,294 [INFO] IPUIPlugin:80 - create IPUIPlugin
2026-03-19 02:06:11,295 [INFO] PluginManager:220 - loadIPPluginJar : add linkedlist
2026-03-19 02:06:11,336 [INFO] IPUIPlugin:80 - create IPUIPlugin
2026-03-19 02:06:11,336 [INFO] PluginManager:220 - loadIPPluginJar : add lorawan
2026-03-19 02:06:11,384 [INFO] IPUIPlugin:80 - create IPUIPlugin
2026-03-19 02:06:11,384 [INFO] PluginManager:220 - loadIPPluginJar : add ltdc
2026-03-19 02:06:11,419 [INFO] IPUIPlugin:80 - create IPUIPlugin
2026-03-19 02:06:11,419 [INFO] PluginManager:220 - loadIPPluginJar : add mdma
2026-03-19 02:06:11,442 [INFO] IPUIPlugin:80 - create IPUIPlugin
2026-03-19 02:06:11,443 [INFO] PluginManager:220 - loadIPPluginJar : add nvic
2026-03-19 02:06:11,497 [INFO] IPUIPlugin:80 - create IPUIPlugin
2026-03-19 02:06:11,498 [INFO] PluginManager:220 - loadIPPluginJar : add opamp
2026-03-19 02:06:11,579 [INFO] IPUIPlugin:80 - create IPUIPlugin
2026-03-19 02:06:11,579 [INFO] PluginManager:220 - loadIPPluginJar : add openamp
2026-03-19 02:06:11,644 [INFO] IPUIPlugin:80 - create IPUIPlugin
2026-03-19 02:06:11,645 [INFO] PluginManager:220 - loadIPPluginJar : add pdm2pcm
2026-03-19 02:06:11,671 [INFO] IPUIPlugin:80 - create IPUIPlugin
2026-03-19 02:06:11,674 [INFO] PluginManager:220 - loadIPPluginJar : add plateformsettings
2026-03-19 02:06:11,711 [INFO] IPUIPlugin:80 - create IPUIPlugin
2026-03-19 02:06:11,712 [INFO] PluginManager:220 - loadIPPluginJar : add quadspi
2026-03-19 02:06:11,732 [INFO] IPUIPlugin:80 - create IPUIPlugin
2026-03-19 02:06:11,733 [INFO] PluginManager:220 - loadIPPluginJar : add resmgrutility
2026-03-19 02:06:11,790 [INFO] IPUIPlugin:80 - create IPUIPlugin
2026-03-19 02:06:11,790 [INFO] PluginManager:220 - loadIPPluginJar : add sai
2026-03-19 02:06:11,841 [INFO] IPUIPlugin:80 - create IPUIPlugin
2026-03-19 02:06:11,841 [INFO] PluginManager:220 - loadIPPluginJar : add spi
2026-03-19 02:06:11,933 [INFO] IPUIPlugin:80 - create IPUIPlugin
2026-03-19 02:06:11,934 [INFO] PluginManager:220 - loadIPPluginJar : add stm32_wpan
2026-03-19 02:06:11,963 [INFO] IPUIPlugin:80 - create IPUIPlugin
2026-03-19 02:06:11,964 [INFO] PluginManager:220 - loadIPPluginJar : add tim
2026-03-19 02:06:12,036 [INFO] IPUIPlugin:80 - create IPUIPlugin
2026-03-19 02:06:12,036 [INFO] PluginManager:220 - loadIPPluginJar : add touchsensing
2026-03-19 02:06:12,067 [INFO] IPUIPlugin:80 - create IPUIPlugin
2026-03-19 02:06:12,067 [INFO] PluginManager:220 - loadIPPluginJar : add tracer_emb
2026-03-19 02:06:12,101 [INFO] IPUIPlugin:80 - create IPUIPlugin
2026-03-19 02:06:12,101 [INFO] PluginManager:220 - loadIPPluginJar : add ts
2026-03-19 02:06:12,134 [INFO] IPUIPlugin:80 - create IPUIPlugin
2026-03-19 02:06:12,134 [INFO] PluginManager:220 - loadIPPluginJar : add tsc
2026-03-19 02:06:12,160 [INFO] IPUIPlugin:80 - create IPUIPlugin
2026-03-19 02:06:12,160 [INFO] PluginManager:220 - loadIPPluginJar : add ucpd
2026-03-19 02:06:12,226 [INFO] IPUIPlugin:80 - create IPUIPlugin
2026-03-19 02:06:12,226 [INFO] PluginManager:220 - loadIPPluginJar : add usart
2026-03-19 02:06:12,281 [INFO] IPUIPlugin:80 - create IPUIPlugin
2026-03-19 02:06:12,281 [INFO] PluginManager:220 - loadIPPluginJar : add usbx
2026-03-19 02:06:12,483 [INFO] CADModel:165 - CPN selected for project level
2026-03-19 02:06:12,483 [INFO] CADModel:114 - Register for checkConnection events
2026-03-19 02:06:12,483 [FATAL] Updater:308 - Updater called before beeing initialized
2026-03-19 02:06:12,483 [ERROR] CADModel:125 - Updater not yet initialized, retry later 
2026-03-19 02:06:12,983 [INFO] CADModel:165 - CPN selected for project level
2026-03-19 02:06:12,983 [INFO] CADModel:114 - Register for checkConnection events
2026-03-19 02:06:12,984 [FATAL] Updater:308 - Updater called before beeing initialized
2026-03-19 02:06:12,984 [ERROR] CADModel:125 - Updater not yet initialized, retry later 
2026-03-19 02:06:12,994 [FATAL] Updater:308 - Updater called before beeing initialized
2026-03-19 02:06:13,184 [FATAL] Updater:308 - Updater called before beeing initialized
2026-03-19 02:06:13,207 [INFO] DbMcusAds:53 - JSON generation date=Wed Feb 18 08:32:49 CST 2026 (1771425169444)
2026-03-19 02:06:13,207 [FATAL] Updater:308 - Updater called before beeing initialized
2026-03-19 02:06:13,454 [WARN] DetailPanel:346 - Failed to get advertising image, set to default
2026-03-19 02:06:13,553 [FATAL] Updater:308 - Updater called before beeing initialized
2026-03-19 02:06:13,575 [FATAL] Updater:308 - Updater called before beeing initialized
2026-03-19 02:06:13,576 [FATAL] Updater:308 - Updater called before beeing initialized
2026-03-19 02:06:13,576 [WARN] DetailPanel:346 - Failed to get advertising image, set to default
2026-03-19 02:06:13,576 [FATAL] Updater:308 - Updater called before beeing initialized
2026-03-19 02:06:13,738 [ERROR] Updater:1120 - MainUpdater not yet initialized. External WinMGr cannot be set.
2026-03-19 02:06:13,767 [INFO] Updater:1056 - Updater Version found : 6.11.0
2026-03-19 02:06:13,807 [INFO] ApplicationProperties:184 - Using Application install path: D:\Documentos\Electronica\Nueva carpeta\STM32CubeIDE_1.15.0\STM32CubeIDE\plugins\com.st.stm32cube.common.mx_6.11.0.202403141607
2026-03-19 02:06:14,174 [INFO] ThirdPartyUpdaterWithRetryManager:70 - Updater plugin not ready yet. [3/15]
2026-03-19 02:06:15,415 [ERROR] LogOutputStream:75 - [STDERR_REDIRECT] Mar 19, 2026 2:06:15 AM java.util.prefs.WindowsPreferences <init>
2026-03-19 02:06:15,416 [ERROR] LogOutputStream:75 - [STDERR_REDIRECT] WARNING: Could not open/create prefs root node Software\JavaSoft\Prefs at root 0xffffffff80000002. Windows RegCreateKeyEx(...) returned error code 5.
2026-03-19 02:06:15,416 [ERROR] LogOutputStream:75 - [STDERR_REDIRECT] 
2026-03-19 02:06:16,096 [INFO] MainUpdater:2873 - connection check result : 10
2026-03-19 02:06:16,097 [INFO] MainUpdater:290 - Updater Check For Update Now.
2026-03-19 02:06:16,097 [INFO] MicroXplorer:498 - Change Database Version : DB.6.0.110
2026-03-19 02:06:16,147 [INFO] McuFinderGlobals:63 - Set McuFinder mode to 2 (CubeIDE integrated)
2026-03-19 02:06:16,201 [INFO] UserAuth:415 - Internet connection configuration mode: 1
2026-03-19 02:06:16,343 [INFO] JxBrowserEngine:152 - Initiate JxBrowser Engine with user profile folder
2026-03-19 02:06:16,361 [INFO] CheckServerUpdateThread:120 - End of CheckServer Thread
2026-03-19 02:06:17,747 [WARN] PackLoader:240 - Cannot read IP mode file for STMicroelectronics.X-CUBE-AZRTOS-H7.3.5.0
2026-03-19 02:06:17,771 [WARN] PackLoader:240 - Cannot read IP mode file for STMicroelectronics.FP-SNS-MOTENVWB1.1.4.0
2026-03-19 02:06:17,788 [WARN] PackLoader:240 - Cannot read IP mode file for STMicroelectronics.FP-ATR-ASTRA1.2.0.2
2026-03-19 02:06:17,802 [WARN] PackLoader:240 - Cannot read IP mode file for STMicroelectronics.FP-ATR-ASTRA1.2.0.1
2026-03-19 02:06:17,818 [WARN] PackLoader:240 - Cannot read IP mode file for STMicroelectronics.X-CUBE-SMBUS.2.1.0
2026-03-19 02:06:17,835 [WARN] PackLoader:240 - Cannot read IP mode file for STMicroelectronics.X-CUBE-WB05N.1.1.0
2026-03-19 02:06:17,852 [WARN] PackLoader:240 - Cannot read IP mode file for STMicroelectronics.X-CUBE-TOUCHGFX.4.23.2
2026-03-19 02:06:17,883 [WARN] PackLoader:240 - Cannot read IP mode file for STMicroelectronics.X-CUBE-AZRTOS-F7.1.1.0
2026-03-19 02:06:17,942 [WARN] PackLoader:240 - Cannot read IP mode file for STMicroelectronics.X-CUBE-MEMS1.11.0.0
2026-03-19 02:06:18,056 [ERROR] Engine:466 - C:\Users\USER\.stm32cubemx\thirdparties\pdsc\STMicroelectronics.FP-SNS-MOTENV1.5.1.0.pdsc: PDSC version is not supported
2026-03-19 02:06:18,075 [WARN] PackLoader:240 - Cannot read IP mode file for STMicroelectronics.FP-SNS-FLIGHT1.5.0.2
2026-03-19 02:06:18,108 [WARN] PackLoader:240 - Cannot read IP mode file for STMicroelectronics.X-CUBE-AZRTOS-H7.3.4.0
2026-03-19 02:06:18,130 [WARN] PackLoader:240 - Cannot read IP mode file for STMicroelectronics.X-CUBE-DISPLAY.3.0.0
2026-03-19 02:06:18,149 [ERROR] Engine:466 - C:\Users\USER\.stm32cubemx\thirdparties\pdsc\STMicroelectronics.FP-SNS-MOTENVWB1.1.5.0.pdsc: PDSC version is not supported
2026-03-19 02:06:18,168 [WARN] PackLoader:240 - Cannot read IP mode file for STMicroelectronics.X-CUBE-BLE1.7.0.0
2026-03-19 02:06:18,189 [WARN] PackLoader:240 - Cannot read IP mode file for STMicroelectronics.X-CUBE-NFC10.1.0.0
2026-03-19 02:06:18,218 [WARN] PackLoader:240 - Cannot read IP mode file for STMicroelectronics.X-CUBE-BLEMGR.4.0.0
2026-03-19 02:06:18,239 [ERROR] Engine:466 - C:\Users\USER\.stm32cubemx\thirdparties\pdsc\STMicroelectronics.X-CUBE-ST60.1.1.0.pdsc: PDSC version is not supported
2026-03-19 02:06:18,265 [WARN] PackLoader:240 - Cannot read IP mode file for emotas.I-CUBE-CANOPEN.1.3.0
2026-03-19 02:06:18,335 [WARN] PackLoader:240 - Cannot read IP mode file for STMicroelectronics.X-CUBE-GNSS1.7.1.0
2026-03-19 02:06:18,372 [WARN] PackLoader:240 - Cannot read IP mode file for STMicroelectronics.X-CUBE-BLEMGR.3.1.0
2026-03-19 02:06:18,392 [WARN] PackLoader:240 - Cannot read IP mode file for STMicroelectronics.X-CUBE-AI.10.0.0
2026-03-19 02:06:18,411 [ERROR] Engine:466 - C:\Users\USER\.stm32cubemx\thirdparties\pdsc\STMicroelectronics.FP-SNS-STBOX1.2.1.0.pdsc: PDSC version is not supported
2026-03-19 02:06:18,433 [WARN] PackLoader:240 - Cannot read IP mode file for STMicroelectronics.FP-SNS-SMARTAG2.1.2.0
2026-03-19 02:06:18,450 [ERROR] Engine:466 - C:\Users\USER\.stm32cubemx\thirdparties\pdsc\STMicroelectronics.FP-SNS-FLIGHT1.5.1.0.pdsc: PDSC version is not supported
2026-03-19 02:06:18,498 [WARN] PackLoader:240 - Cannot read IP mode file for STMicroelectronics.X-CUBE-MEMS1.11.1.0
2026-03-19 02:06:18,600 [INFO] LogOutputStream:77 - [STDOUT_REDIRECT] 1 : Invalid condition id : UX_CORESTACK_Condition cause : null
2026-03-19 02:06:18,601 [INFO] LogOutputStream:77 - [STDOUT_REDIRECT] 1 : Invalid condition id : UX_CORESTACK_Condition cause : null
2026-03-19 02:06:18,602 [INFO] LogOutputStream:77 - [STDOUT_REDIRECT] 1 : Invalid condition id : UX_CORESTACK_Condition cause : null
2026-03-19 02:06:18,603 [INFO] LogOutputStream:77 - [STDOUT_REDIRECT] 1 : Invalid condition id : UX_CORESTACK_Condition cause : null
2026-03-19 02:06:18,604 [INFO] LogOutputStream:77 - [STDOUT_REDIRECT] 1 : Invalid condition id : UX_CORESTACK_Condition cause : null
2026-03-19 02:06:18,607 [WARN] PackLoader:240 - Cannot read IP mode file for STMicroelectronics.X-CUBE-AZRTOS-WL.2.0.0
2026-03-19 02:06:18,627 [WARN] PackLoader:240 - Cannot read IP mode file for STMicroelectronics.FP-SNS-MOTENV1.5.0.0
2026-03-19 02:06:18,659 [WARN] PackLoader:240 - Cannot read IP mode file for STMicroelectronics.X-CUBE-AZRTOS-H7RS.1.2.0
2026-03-19 02:06:18,679 [WARN] PackLoader:240 - Cannot read IP mode file for wolfSSL.I-CUBE-wolfMQTT.1.19.0
2026-03-19 02:06:18,700 [WARN] PackLoader:240 - Cannot read IP mode file for WES.I-CUBE-Cesium.1.3.0
2026-03-19 02:06:18,718 [WARN] PackLoader:240 - Cannot read IP mode file for STMicroelectronics.X-CUBE-BLE2.3.3.0
2026-03-19 02:06:18,731 [ERROR] Engine:466 - C:\Users\USER\.stm32cubemx\thirdparties\pdsc\Avnet-IOTCONNECT.X-CUBE-iotc-st67-sdk.1.0.0.pdsc: PDSC version is not supported
2026-03-19 02:06:18,749 [WARN] PackLoader:240 - Cannot read IP mode file for STMicroelectronics.X-CUBE-NFC9.1.0.0
2026-03-19 02:06:18,767 [WARN] PackLoader:240 - Cannot read IP mode file for STMicroelectronics.X-CUBE-BLE1.7.1.0
2026-03-19 02:06:18,787 [WARN] PackLoader:240 - Cannot read IP mode file for STMicroelectronics.X-CUBE-TCPP.4.1.0
2026-03-19 02:06:18,802 [ERROR] Engine:466 - C:\Users\USER\.stm32cubemx\thirdparties\pdsc\STMicroelectronics.X-CUBE-FREERTOS.1.4.0.pdsc: PDSC version is not supported
2026-03-19 02:06:18,822 [WARN] PackLoader:240 - Cannot read IP mode file for STMicroelectronics.X-CUBE-EEPRMA1.5.2.0
2026-03-19 02:06:18,841 [ERROR] Engine:466 - C:\Users\USER\.stm32cubemx\thirdparties\pdsc\STMicroelectronics.X-CUBE-ST67W61.1.1.0.pdsc: PDSC version is not supported
2026-03-19 02:06:18,890 [WARN] PackLoader:240 - Cannot read IP mode file for STMicroelectronics.X-CUBE-MEMS1.12.0.0
2026-03-19 02:06:19,008 [WARN] PackLoader:240 - Cannot read IP mode file for STMicroelectronics.X-CUBE-ALGOBUILD.1.3.0
2026-03-19 02:06:19,067 [WARN] PackLoader:240 - Cannot read IP mode file for STMicroelectronics.X-CUBE-MEMS1.11.2.0
2026-03-19 02:06:19,189 [WARN] PackLoader:240 - Cannot read IP mode file for STMicroelectronics.X-CUBE-AZRTOS-G0.1.1.0
2026-03-19 02:06:19,217 [WARN] PackLoader:240 - Cannot read IP mode file for STMicroelectronics.X-CUBE-SAFEA1.1.2.2
2026-03-19 02:06:19,241 [WARN] PackLoader:240 - Cannot read IP mode file for STMicroelectronics.X-CUBE-NFC4.3.0.0
2026-03-19 02:06:19,269 [WARN] PackLoader:240 - Cannot read IP mode file for EmbeddedOffice.I-CUBE-FS-RTOS.1.0.1
2026-03-19 02:06:19,270 [ERROR] ConditionMgr:805 - Attr not supported : Dmpu
2026-03-19 02:06:19,270 [ERROR] ConditionMgr:805 - Attr not supported : Dmpu
2026-03-19 02:06:19,270 [ERROR] ConditionMgr:805 - Attr not supported : Dmpu
2026-03-19 02:06:19,271 [ERROR] ConditionMgr:805 - Attr not supported : Dmpu
2026-03-19 02:06:19,271 [ERROR] ConditionMgr:805 - Attr not supported : Dmpu
2026-03-19 02:06:19,271 [ERROR] ConditionMgr:805 - Attr not supported : Dmpu
2026-03-19 02:06:19,271 [ERROR] ConditionMgr:805 - Attr not supported : Dmpu
2026-03-19 02:06:19,271 [ERROR] ConditionMgr:805 - Attr not supported : Dmpu
2026-03-19 02:06:19,271 [ERROR] ConditionMgr:805 - Attr not supported : Dmpu
2026-03-19 02:06:19,272 [ERROR] ConditionMgr:805 - Attr not supported : Dmpu
2026-03-19 02:06:19,272 [ERROR] ConditionMgr:805 - Attr not supported : Dmpu
2026-03-19 02:06:19,272 [ERROR] ConditionMgr:805 - Attr not supported : Dmpu
2026-03-19 02:06:19,272 [ERROR] ConditionMgr:805 - Attr not supported : Dmpu
2026-03-19 02:06:19,272 [ERROR] ConditionMgr:805 - Attr not supported : Dmpu
2026-03-19 02:06:19,272 [ERROR] ConditionMgr:805 - Attr not supported : Dmpu
2026-03-19 02:06:19,273 [ERROR] ConditionMgr:805 - Attr not supported : Dmpu
2026-03-19 02:06:19,273 [ERROR] ConditionMgr:805 - Attr not supported : Dmpu
2026-03-19 02:06:19,273 [ERROR] ConditionMgr:805 - Attr not supported : Dmpu
2026-03-19 02:06:19,273 [ERROR] ConditionMgr:805 - Attr not supported : Dmpu
2026-03-19 02:06:19,273 [ERROR] ConditionMgr:805 - Attr not supported : Dmpu
2026-03-19 02:06:19,273 [ERROR] ConditionMgr:805 - Attr not supported : Dmpu
2026-03-19 02:06:19,273 [ERROR] ConditionMgr:805 - Attr not supported : Dmpu
2026-03-19 02:06:19,274 [ERROR] ConditionMgr:805 - Attr not supported : Dmpu
2026-03-19 02:06:19,274 [ERROR] ConditionMgr:805 - Attr not supported : Dmpu
2026-03-19 02:06:19,274 [ERROR] ConditionMgr:805 - Attr not supported : Dmpu
2026-03-19 02:06:19,274 [ERROR] ConditionMgr:805 - Attr not supported : Dmpu
2026-03-19 02:06:19,274 [ERROR] ConditionMgr:805 - Attr not supported : Dmpu
2026-03-19 02:06:19,274 [ERROR] ConditionMgr:805 - Attr not supported : Dmpu
2026-03-19 02:06:19,274 [ERROR] ConditionMgr:805 - Attr not supported : Dmpu
2026-03-19 02:06:19,274 [ERROR] ConditionMgr:805 - Attr not supported : Dmpu
2026-03-19 02:06:19,274 [ERROR] ConditionMgr:805 - Attr not supported : Dmpu
2026-03-19 02:06:19,274 [ERROR] ConditionMgr:805 - Attr not supported : Dmpu
2026-03-19 02:06:19,274 [ERROR] ConditionMgr:805 - Attr not supported : Dmpu
2026-03-19 02:06:19,275 [ERROR] ConditionMgr:805 - Attr not supported : Dmpu
2026-03-19 02:06:19,275 [ERROR] ConditionMgr:805 - Attr not supported : Dmpu
2026-03-19 02:06:19,275 [ERROR] ConditionMgr:805 - Attr not supported : Dmpu
2026-03-19 02:06:19,276 [ERROR] ConditionMgr:805 - Attr not supported : Dmpu
2026-03-19 02:06:19,276 [ERROR] ConditionMgr:805 - Attr not supported : Dmpu
2026-03-19 02:06:19,276 [ERROR] ConditionMgr:805 - Attr not supported : Dmpu
2026-03-19 02:06:19,276 [ERROR] ConditionMgr:805 - Attr not supported : Dmpu
2026-03-19 02:06:19,276 [ERROR] ConditionMgr:805 - Attr not supported : Dmpu
2026-03-19 02:06:19,276 [ERROR] ConditionMgr:805 - Attr not supported : Dmpu
2026-03-19 02:06:19,276 [ERROR] ConditionMgr:805 - Attr not supported : Dmpu
2026-03-19 02:06:19,276 [ERROR] ConditionMgr:805 - Attr not supported : Dmpu
2026-03-19 02:06:19,276 [ERROR] ConditionMgr:805 - Attr not supported : Dmpu
2026-03-19 02:06:19,276 [ERROR] ConditionMgr:805 - Attr not supported : Dmpu
2026-03-19 02:06:19,276 [ERROR] ConditionMgr:805 - Attr not supported : Dmpu
2026-03-19 02:06:19,276 [ERROR] ConditionMgr:805 - Attr not supported : Dmpu
2026-03-19 02:06:19,276 [ERROR] ConditionMgr:805 - Attr not supported : Dmpu
2026-03-19 02:06:19,276 [ERROR] ConditionMgr:805 - Attr not supported : Dmpu
2026-03-19 02:06:19,277 [ERROR] ConditionMgr:805 - Attr not supported : Dmpu
2026-03-19 02:06:19,277 [ERROR] ConditionMgr:805 - Attr not supported : Dmpu
2026-03-19 02:06:19,278 [ERROR] ConditionMgr:805 - Attr not supported : Dmpu
2026-03-19 02:06:19,278 [ERROR] ConditionMgr:805 - Attr not supported : Dmpu
2026-03-19 02:06:19,279 [ERROR] ConditionMgr:805 - Attr not supported : Dmpu
2026-03-19 02:06:19,279 [ERROR] ConditionMgr:805 - Attr not supported : Dmpu
2026-03-19 02:06:19,279 [ERROR] ConditionMgr:805 - Attr not supported : Dmpu
2026-03-19 02:06:19,279 [ERROR] ConditionMgr:805 - Attr not supported : Dmpu
2026-03-19 02:06:19,279 [ERROR] ConditionMgr:805 - Attr not supported : Dmpu
2026-03-19 02:06:19,280 [ERROR] ConditionMgr:805 - Attr not supported : Dmpu
2026-03-19 02:06:19,280 [ERROR] ConditionMgr:805 - Attr not supported : Dmpu
2026-03-19 02:06:19,280 [ERROR] ConditionMgr:805 - Attr not supported : Dmpu
2026-03-19 02:06:19,280 [ERROR] ConditionMgr:805 - Attr not supported : Dmpu
2026-03-19 02:06:19,280 [ERROR] ConditionMgr:805 - Attr not supported : Dmpu
2026-03-19 02:06:19,299 [WARN] PackLoader:240 - Cannot read IP mode file for STMicroelectronics.X-CUBE-WB05N.2.0.0
2026-03-19 02:06:19,316 [ERROR] Engine:466 - C:\Users\USER\.stm32cubemx\thirdparties\pdsc\STMicroelectronics.X-CUBE-TCPP.4.2.0.pdsc: PDSC version is not supported
2026-03-19 02:06:19,335 [WARN] PackLoader:240 - Cannot read IP mode file for RealThread.X-CUBE-RT-Thread_Nano.4.1.1
2026-03-19 02:06:19,354 [WARN] PackLoader:240 - Cannot read IP mode file for wolfSSL.I-CUBE-wolfSSL.5.7.0
2026-03-19 02:06:19,373 [WARN] PackLoader:240 - Cannot read IP mode file for STMicroelectronics.FP-ATR-SIGFOX1.3.2.0
2026-03-19 02:06:19,392 [WARN] ConditionMgr:438 - getConditionDescription Invalid condition id : Cortex-A Device cause : null
2026-03-19 02:06:19,421 [WARN] ConditionMgr:1039 - genDependencies : Invalid condition id : Cortex-A Device cause : null
2026-03-19 02:06:19,421 [WARN] ConditionMgr:1039 - genDependencies : Invalid condition id : Cortex-A Device cause : null
2026-03-19 02:06:19,421 [WARN] ConditionMgr:1039 - genDependencies : Invalid condition id : Cortex-A Device cause : null
2026-03-19 02:06:19,438 [WARN] PackLoader:240 - Cannot read IP mode file for STMicroelectronics.X-CUBE-EEPRMA1.5.1.0
2026-03-19 02:06:19,452 [ERROR] Engine:466 - C:\Users\USER\.stm32cubemx\thirdparties\pdsc\STMicroelectronics.X-CUBE-FREERTOS.1.5.0.pdsc: PDSC version is not supported
2026-03-19 02:06:19,468 [WARN] PackLoader:240 - Cannot read IP mode file for ITTIA_DB.I-CUBE-ITTIADB.8.9.0
2026-03-19 02:06:19,484 [WARN] PackLoader:240 - Cannot read IP mode file for STMicroelectronics.X-CUBE-NFC6.3.2.0
2026-03-19 02:06:19,499 [WARN] PackLoader:240 - Cannot read IP mode file for STMicroelectronics.X-CUBE-AI.10.2.0
2026-03-19 02:06:19,531 [WARN] PackLoader:240 - Cannot read IP mode file for SEGGER.I-CUBE-embOS.1.3.1
2026-03-19 02:06:19,594 [WARN] PackLoader:240 - Cannot read IP mode file for STMicroelectronics.X-CUBE-ALGOBUILD.1.4.0
2026-03-19 02:06:19,652 [WARN] PackLoader:240 - Cannot read IP mode file for STMicroelectronics.X-CUBE-AI.9.1.0
2026-03-19 02:06:19,676 [WARN] PackLoader:240 - Cannot read IP mode file for STMicroelectronics.X-CUBE-PM33A1.1.0.0
2026-03-19 02:06:19,696 [WARN] PackLoader:240 - Cannot read IP mode file for STMicroelectronics.X-CUBE-GNSS1.6.0.0
2026-03-19 02:06:19,730 [WARN] PackLoader:240 - Cannot read IP mode file for STMicroelectronics.X-CUBE-AZRTOS-F4.1.1.0
2026-03-19 02:06:19,745 [ERROR] Engine:466 - C:\Users\USER\.stm32cubemx\thirdparties\pdsc\Avnet-IotConnect.X-CUBE-IoTC-DA16k-PMOD.1.0.0.pdsc: PDSC version is not supported
2026-03-19 02:06:19,760 [WARN] PackLoader:240 - Cannot read IP mode file for STMicroelectronics.X-CUBE-ISPU.2.1.0
2026-03-19 02:06:19,776 [ERROR] Engine:466 - C:\Users\USER\.stm32cubemx\thirdparties\pdsc\STMicroelectronics.X-CUBE-IPS.3.2.0.pdsc: PDSC version is not supported
2026-03-19 02:06:19,790 [WARN] PackLoader:240 - Cannot read IP mode file for STMicroelectronics.X-CUBE-FREERTOS.1.2.0
2026-03-19 02:06:19,807 [WARN] PackLoader:240 - Cannot read IP mode file for STMicroelectronics.X-CUBE-NFC12.1.0.0
2026-03-19 02:06:19,836 [WARN] PackLoader:240 - Cannot read IP mode file for STMicroelectronics.X-CUBE-AZRTOS-L5.2.0.0
2026-03-19 02:06:19,853 [WARN] PackLoader:240 - Cannot read IP mode file for STMicroelectronics.X-CUBE-NFC6.3.1.0
2026-03-19 02:06:19,874 [WARN] PackLoader:240 - Cannot read IP mode file for STMicroelectronics.X-CUBE-DPower.1.2.0
2026-03-19 02:06:19,891 [WARN] PackLoader:240 - Cannot read IP mode file for STMicroelectronics.X-CUBE-AI.9.0.0
2026-03-19 02:06:19,910 [WARN] PackLoader:240 - Cannot read IP mode file for STMicroelectronics.X-CUBE-FREERTOS.1.3.1
2026-03-19 02:06:19,929 [WARN] PackLoader:240 - Cannot read IP mode file for STMicroelectronics.X-CUBE-FREERTOS.1.3.0
2026-03-19 02:06:19,946 [WARN] PackLoader:240 - Cannot read IP mode file for STMicroelectronics.X-CUBE-NFC7.1.0.1
2026-03-19 02:06:19,971 [WARN] PackLoader:240 - Cannot read IP mode file for STMicroelectronics.X-CUBE-TOUCHGFX.4.26.0
2026-03-19 02:06:20,106 [WARN] PackLoader:240 - Cannot read IP mode file for STMicroelectronics.X-CUBE-TOUCHGFX.4.26.1
2026-03-19 02:06:20,119 [ERROR] Engine:466 - C:\Users\USER\.stm32cubemx\thirdparties\pdsc\STMicroelectronics.FP-SNS-STAIOTCFT.1.0.0.pdsc: PDSC version is not supported
2026-03-19 02:06:20,134 [WARN] PackLoader:240 - Cannot read IP mode file for STMicroelectronics.X-CUBE-DPower.1.3.0
2026-03-19 02:06:20,167 [WARN] ConditionMgr:438 - getConditionDescription Invalid condition id : LAN8742 Phy interface Condition cause : null
2026-03-19 02:06:20,168 [WARN] PackLoader:240 - Cannot read IP mode file for STMicroelectronics.X-CUBE-AZRTOS-L4.2.0.0
2026-03-19 02:06:20,169 [WARN] ConditionMgr:1039 - genDependencies : Invalid condition id : LAN8742 Phy interface Condition cause : null
2026-03-19 02:06:20,170 [WARN] ConditionMgr:1039 - genDependencies : Invalid condition id : LAN8742 Phy interface Condition cause : null
2026-03-19 02:06:20,170 [WARN] ConditionMgr:1039 - genDependencies : Invalid condition id : LAN8742 Phy interface Condition cause : null
2026-03-19 02:06:20,195 [WARN] PackLoader:240 - Cannot read IP mode file for STMicroelectronics.X-CUBE-SFXS2LP1.4.0.0
2026-03-19 02:06:20,216 [ERROR] Engine:466 - C:\Users\USER\.stm32cubemx\thirdparties\pdsc\STMicroelectronics.X-CUBE-ST67W61.1.2.0.pdsc: PDSC version is not supported
2026-03-19 02:06:20,255 [WARN] PackLoader:240 - Cannot read IP mode file for STMicroelectronics.X-CUBE-AZRTOS-H7.3.3.0
2026-03-19 02:06:20,275 [ERROR] Engine:466 - C:\Users\USER\.stm32cubemx\thirdparties\pdsc\STMicroelectronics.X-CUBE-BLEMGR.4.1.0.pdsc: PDSC version is not supported
2026-03-19 02:06:20,297 [WARN] PackLoader:240 - Cannot read IP mode file for STMicroelectronics.X-CUBE-IPS.3.0.0
2026-03-19 02:06:20,330 [WARN] ConditionMgr:438 - getConditionDescription Invalid condition id : UX DEVICE CLASS RTOS Condition cause : null
2026-03-19 02:06:20,330 [WARN] ConditionMgr:438 - getConditionDescription Invalid condition id : UX DEVICE CLASS RTOS Condition cause : null
2026-03-19 02:06:20,332 [WARN] PackLoader:240 - Cannot read IP mode file for STMicroelectronics.X-CUBE-AZRTOS-WB.2.0.0
2026-03-19 02:06:20,333 [WARN] ConditionMgr:1039 - genDependencies : Invalid condition id : UX DEVICE CLASS RTOS Condition cause : null
2026-03-19 02:06:20,333 [WARN] ConditionMgr:1039 - genDependencies : Invalid condition id : UX DEVICE CLASS RTOS Condition cause : null
2026-03-19 02:06:20,333 [WARN] ConditionMgr:1039 - genDependencies : Invalid condition id : UX DEVICE CLASS RTOS Condition cause : null
2026-03-19 02:06:20,333 [WARN] ConditionMgr:1039 - genDependencies : Invalid condition id : UX DEVICE CLASS RTOS Condition cause : null
2026-03-19 02:06:20,333 [WARN] ConditionMgr:1039 - genDependencies : Invalid condition id : UX DEVICE CLASS RTOS Condition cause : null
2026-03-19 02:06:20,351 [WARN] PackLoader:240 - Cannot read IP mode file for STMicroelectronics.X-CUBE-GNSS1.7.0.0
2026-03-19 02:06:20,367 [WARN] PackLoader:240 - Cannot read IP mode file for STMicroelectronics.X-CUBE-GNSS1.7.0.1
2026-03-19 02:06:20,383 [WARN] PackLoader:240 - Cannot read IP mode file for STMicroelectronics.X-CUBE-TOUCHGFX.4.25.0
2026-03-19 02:06:20,400 [WARN] PackLoader:240 - Cannot read IP mode file for STMicroelectronics.FP-SNS-STBOX1.2.0.0
2026-03-19 02:06:20,418 [WARN] PackLoader:240 - Cannot read IP mode file for STMicroelectronics.X-CUBE-STSE01.2.0.0
2026-03-19 02:06:20,437 [WARN] PackLoader:240 - Cannot read IP mode file for STMicroelectronics.X-CUBE-SUBG2.5.0.0
2026-03-19 02:06:20,469 [WARN] PackLoader:240 - Cannot read IP mode file for STMicroelectronics.X-CUBE-AZRTOS-H7RS.1.1.0
2026-03-19 02:06:20,485 [WARN] PackLoader:240 - Cannot read IP mode file for Cesanta.I-CUBE-Mongoose.7.13.0
2026-03-19 02:06:20,510 [WARN] PackLoader:240 - Cannot read IP mode file for STMicroelectronics.X-CUBE-AZRTOS-G4.2.0.0
2026-03-19 02:06:20,526 [WARN] PackLoader:240 - Cannot read IP mode file for STMicroelectronics.X-CUBE-NFC7.2.0.0
2026-03-19 02:06:20,540 [WARN] PackLoader:240 - Cannot read IP mode file for STMicroelectronics.X-CUBE-ISPU.2.0.0
2026-03-19 02:06:20,556 [ERROR] Engine:466 - C:\Users\USER\.stm32cubemx\thirdparties\pdsc\STMicroelectronics.X-CUBE-IPS.3.1.0.pdsc: PDSC version is not supported
2026-03-19 02:06:20,571 [WARN] PackLoader:240 - Cannot read IP mode file for STMicroelectronics.X-CUBE-ALS.1.0.2
2026-03-19 02:06:20,607 [WARN] PackLoader:240 - Cannot read IP mode file for STMicroelectronics.X-CUBE-MEMS1.10.0.0
2026-03-19 02:06:20,677 [WARN] PackLoader:240 - Cannot read IP mode file for STMicroelectronics.X-CUBE-FREERTOS.1.1.0
2026-03-19 02:06:20,691 [WARN] PackLoader:240 - Cannot read IP mode file for STMicroelectronics.X-CUBE-TOUCHGFX.4.24.2
2026-03-19 02:06:20,707 [WARN] PackLoader:240 - Cannot read IP mode file for STMicroelectronics.X-CUBE-TOUCHGFX.4.24.1
2026-03-19 02:06:20,722 [WARN] PackLoader:240 - Cannot read IP mode file for STMicroelectronics.X-CUBE-STSE01.1.0.0
2026-03-19 02:06:20,738 [WARN] PackLoader:240 - Cannot read IP mode file for wolfSSL.I-CUBE-wolfTPM.3.4.0
2026-03-19 02:06:20,754 [WARN] PackLoader:240 - Cannot read IP mode file for portGmbH.I-Cube-SoM-uGOAL.1.1.0
2026-03-19 02:06:20,786 [WARN] PackLoader:240 - Cannot read IP mode file for STMicroelectronics.X-CUBE-ALS.1.0.1
2026-03-19 02:06:20,813 [WARN] PackLoader:240 - Cannot read IP mode file for STMicroelectronics.X-CUBE-AZRTOS-H7RS.1.0.0
2026-03-19 02:06:20,831 [WARN] PackLoader:240 - Cannot read IP mode file for STMicroelectronics.FP-ATR-ASTRA1.2.0.0
2026-03-19 02:06:20,853 [WARN] PackLoader:240 - Cannot read IP mode file for STMicroelectronics.X-CUBE-TOF1.3.4.2
2026-03-19 02:06:20,957 [ERROR] Engine:466 - C:\Users\USER\.stm32cubemx\thirdparties\pdsc\STMicroelectronics.X-CUBE-TOF1.3.4.3.pdsc: PDSC version is not supported
2026-03-19 02:06:20,978 [WARN] PackLoader:240 - Cannot read IP mode file for STMicroelectronics.X-CUBE-TOF1.3.4.1
2026-03-19 02:06:21,018 [WARN] PackLoader:240 - Cannot read IP mode file for STMicroelectronics.X-CUBE-AZRTOS-H7.3.2.0
2026-03-19 02:06:21,045 [WARN] PackLoader:240 - Cannot read IP mode file for Infineon.AIROC-Wi-Fi-Bluetooth-STM32.1.6.0
2026-03-19 02:06:21,063 [WARN] PackLoader:240 - Cannot read IP mode file for wolfSSL.I-CUBE-wolfSSH.1.4.17
2026-03-19 02:06:21,064 [INFO] ThirdParty:978 - Integrity check success = true
2026-03-19 02:06:21,064 [INFO] IntegrityCheckThread:100 - exiting critical section [integrity check]
2026-03-19 02:06:21,064 [INFO] IntegrityCheckThread:103 - End integrity checks thread
2026-03-19 02:06:22,515 [INFO] WebApp:161 - Instantiating new browser for Auth
2026-03-19 02:06:24,816 [INFO] WebApp:779 - Register for checkConnection events
2026-03-19 02:06:24,816 [INFO] WebApp:414 - Apply proxy settings
2026-03-19 02:06:24,816 [INFO] WebApp:499 - Chromium requires no authentication
2026-03-19 02:06:24,834 [INFO] WebApp:442 - Direct internet connection detected
2026-03-19 02:06:25,359 [INFO] WebApp:192 - Starting web application
2026-03-19 02:06:25,359 [INFO] WebApp:544 - Web application path used D:\Documentos\Electronica\Nueva carpeta\STM32CubeIDE_1.15.0\STM32CubeIDE\plugins\com.st.stm32cube.common.mx_6.11.0.202403141607\db\plugins\mcufinder\reactClient1\index.html
2026-03-19 02:52:28,885 [INFO] Activator:176 - 


2026-03-19 02:52:28,885 [INFO] Activator:177 - !SESSION log4j initialized
2026-03-19 02:52:35,336 [INFO] LogOutputStream:77 - [STDOUT_REDIRECT] 
2026-03-19 02:52:38,937 [INFO] ApplicationProperties:184 - Using Application install path: D:\Documentos\Electronica\Nueva carpeta\STM32CubeIDE_1.15.0\STM32CubeIDE\plugins\com.st.stm32cube.common.mx_6.11.0.202403141607
2026-03-19 02:52:38,990 [INFO] DbMcusXml:78 - Set database path to: D:\Documentos\Electronica\Nueva carpeta\STM32CubeIDE_1.15.0\STM32CubeIDE\plugins\com.st.stm32cube.common.mx_6.11.0.202403141607\\db\/mcu/
2026-03-19 02:52:38,991 [INFO] ApiDb:274 - Set plugin database path to: D:\Documentos\Electronica\Nueva carpeta\STM32CubeIDE_1.15.0\STM32CubeIDE\plugins\com.st.stm32cube.common.mx_6.11.0.202403141607\\db\/plugins/boardmanager/
2026-03-19 02:52:38,991 [WARN] ApiDb:259 - Overriding images path with different value:  => D:\Documentos\Electronica\Nueva carpeta\STM32CubeIDE_1.15.0\STM32CubeIDE\plugins\com.st.stm32cube.common.mx_6.11.0.202403141607\\db\/plugins/mcufinder/images/
2026-03-19 02:52:39,010 [INFO] ApiDb:250 - Set database path to: C:\Users\USER\.stmcufinder\plugins\mcufinder//mcu/
2026-03-19 02:52:39,012 [INFO] DbMcusAds:125 - Set database path to: C:\Users\USER\.stmcufinder\plugins\mcufinder//mcu/
2026-03-19 02:52:39,019 [INFO] CrossReferenceDbSqlite:203 - Set database path to: C:\Users\USER\.stmcufinder\plugins\mcufinder//mcu/cs/
2026-03-19 02:52:39,281 [INFO] RulesReader:64 - Compatibility file has been processed (297 Rules)
2026-03-19 02:52:39,479 [INFO] DbMcusXml:78 - Set database path to: D:\Documentos\Electronica\Nueva carpeta\STM32CubeIDE_1.15.0\STM32CubeIDE\plugins\com.st.stm32cube.common.mx_6.11.0.202403141607\\db\/mcu/
2026-03-19 02:52:39,480 [INFO] ApiDb:274 - Set plugin database path to: D:\Documentos\Electronica\Nueva carpeta\STM32CubeIDE_1.15.0\STM32CubeIDE\plugins\com.st.stm32cube.common.mx_6.11.0.202403141607\\db\/plugins/boardmanager/
2026-03-19 02:52:39,480 [INFO] ApiDb:261 - Set plugin images path to: D:\Documentos\Electronica\Nueva carpeta\STM32CubeIDE_1.15.0\STM32CubeIDE\plugins\com.st.stm32cube.common.mx_6.11.0.202403141607\\db\/plugins/mcufinder/images/
2026-03-19 02:52:39,481 [WARN] DbFile:41 - Overriding database path with different value: C:\Users\USER\.stmcufinder\plugins\mcufinder/ => C:\Users\USER\.stmcufinder\plugins\mcufinder
2026-03-19 02:52:39,481 [INFO] ApiDb:250 - Set database path to: C:\Users\USER\.stmcufinder\plugins\mcufinder//mcu/
2026-03-19 02:52:39,481 [WARN] DbFile:41 - Overriding database path with different value: C:\Users\USER\.stmcufinder\plugins\mcufinder/ => C:\Users\USER\.stmcufinder\plugins\mcufinder
2026-03-19 02:52:39,482 [INFO] DbMcusAds:125 - Set database path to: C:\Users\USER\.stmcufinder\plugins\mcufinder//mcu/
2026-03-19 02:52:39,482 [WARN] DbFile:41 - Overriding database path with different value: C:\Users\USER\.stmcufinder\plugins\mcufinder/ => C:\Users\USER\.stmcufinder\plugins\mcufinder
2026-03-19 02:52:39,482 [WARN] DbFile:41 - Overriding database path with different value: C:\Users\USER\.stmcufinder\plugins\mcufinder/ => C:\Users\USER\.stmcufinder\plugins\mcufinder
2026-03-19 02:52:39,483 [INFO] CrossReferenceDbSqlite:203 - Set database path to: C:\Users\USER\.stmcufinder\plugins\mcufinder//mcu/cs/
2026-03-19 02:52:39,675 [INFO] MainPanel:264 - HeapMemory: 268435456
2026-03-19 02:52:39,915 [INFO] DbMcusXml:78 - Set database path to: D:\Documentos\Electronica\Nueva carpeta\STM32CubeIDE_1.15.0\STM32CubeIDE\plugins\com.st.stm32cube.common.mx_6.11.0.202403141607\\db\/mcu/
2026-03-19 02:52:39,915 [INFO] ApiDb:274 - Set plugin database path to: D:\Documentos\Electronica\Nueva carpeta\STM32CubeIDE_1.15.0\STM32CubeIDE\plugins\com.st.stm32cube.common.mx_6.11.0.202403141607\\db\/plugins/boardmanager/
2026-03-19 02:52:39,915 [INFO] ApiDb:261 - Set plugin images path to: D:\Documentos\Electronica\Nueva carpeta\STM32CubeIDE_1.15.0\STM32CubeIDE\plugins\com.st.stm32cube.common.mx_6.11.0.202403141607\\db\/plugins/mcufinder/images/
2026-03-19 02:52:39,917 [WARN] DbFile:41 - Overriding database path with different value: C:\Users\USER\.stmcufinder\plugins\mcufinder/ => C:\Users\USER\.stmcufinder\plugins\mcufinder
2026-03-19 02:52:39,917 [INFO] ApiDb:250 - Set database path to: C:\Users\USER\.stmcufinder\plugins\mcufinder//mcu/
2026-03-19 02:52:39,918 [WARN] DbFile:41 - Overriding database path with different value: C:\Users\USER\.stmcufinder\plugins\mcufinder/ => C:\Users\USER\.stmcufinder\plugins\mcufinder
2026-03-19 02:52:39,918 [INFO] DbMcusAds:125 - Set database path to: C:\Users\USER\.stmcufinder\plugins\mcufinder//mcu/
2026-03-19 02:52:39,918 [WARN] DbFile:41 - Overriding database path with different value: C:\Users\USER\.stmcufinder\plugins\mcufinder/ => C:\Users\USER\.stmcufinder\plugins\mcufinder
2026-03-19 02:52:39,918 [WARN] DbFile:41 - Overriding database path with different value: C:\Users\USER\.stmcufinder\plugins\mcufinder/ => C:\Users\USER\.stmcufinder\plugins\mcufinder
2026-03-19 02:52:39,918 [INFO] CrossReferenceDbSqlite:203 - Set database path to: C:\Users\USER\.stmcufinder\plugins\mcufinder//mcu/cs/
2026-03-19 02:52:39,960 [INFO] ApplicationProperties:184 - Using Application install path: D:\Documentos\Electronica\Nueva carpeta\STM32CubeIDE_1.15.0\STM32CubeIDE\plugins\com.st.stm32cube.common.mx_6.11.0.202403141607
2026-03-19 02:52:39,964 [INFO] PluginManage:196 - Search for loadable plugins [exclusion list=, ]
2026-03-19 02:52:39,967 [INFO] PluginManage:310 - Check plugin analytics
2026-03-19 02:52:40,482 [INFO] AnalyticsPlugin:253 - Accepted Software Licenses: 
2026-03-19 02:52:40,482 [INFO] AnalyticsPlugin:255 - Accepted CMSIS Pack Licenses: STMicroelectronics.X-CUBE-TOUCHGFX.4.26.0,STMicroelectronics.X-CUBE-TOF1.3.4.2
2026-03-19 02:52:40,482 [INFO] AnalyticsPlugin:257 - Accepted Firmware Licenses: FW.F7.1.17.0,FW.H7.1.11.0,FW.F4.1.28.0
2026-03-19 02:52:40,487 [INFO] PluginManage:359 - Loaded plugin analytics (category:tool,tabindex:-1)
2026-03-19 02:52:40,488 [INFO] PluginManage:310 - Check plugin cadmodel
2026-03-19 02:52:40,510 [INFO] CADModel:105 - Init CAD model plugin
2026-03-19 02:52:40,510 [INFO] PluginManage:359 - Loaded plugin cadmodel (category:power,tabindex:5)
2026-03-19 02:52:40,511 [INFO] PluginManage:310 - Check plugin clock
2026-03-19 02:52:40,549 [INFO] PluginManage:359 - Loaded plugin clock (category:base,tabindex:2)
2026-03-19 02:52:40,550 [INFO] PluginManage:310 - Check plugin ddr
2026-03-19 02:52:40,553 [INFO] PluginManage:359 - Loaded plugin ddr (category:tool,tabindex:6)
2026-03-19 02:52:40,554 [INFO] PluginManage:310 - Check plugin filemanager
2026-03-19 02:52:40,985 [INFO] PluginManage:359 - Loaded plugin filemanager (category:base,tabindex:10)
2026-03-19 02:52:40,985 [INFO] PluginManage:310 - Check plugin ipmanager
2026-03-19 02:52:41,002 [INFO] PluginManage:359 - Loaded plugin ipmanager (category:base,tabindex:5)
2026-03-19 02:52:41,002 [INFO] PluginManage:310 - Check plugin lpbam
2026-03-19 02:52:41,036 [INFO] PluginManage:359 - Loaded plugin lpbam (category:base,tabindex:0)
2026-03-19 02:52:41,037 [INFO] PluginManage:310 - Check plugin memorymap
2026-03-19 02:52:41,098 [INFO] PluginManage:359 - Loaded plugin memorymap (category:base,tabindex:4)
2026-03-19 02:52:41,098 [INFO] PluginManage:310 - Check plugin pinoutandconfiguration
2026-03-19 02:52:41,140 [INFO] PluginManage:359 - Loaded plugin pinoutandconfiguration (category:base,tabindex:1)
2026-03-19 02:52:41,140 [INFO] PluginManage:310 - Check plugin pinoutconfig
2026-03-19 02:52:41,404 [WARN] SupportedApi:132 - Cannot load RTOS API schema: s4s-elt-must-match.1: The content of 'definitions' must match (annotation?, (simpleType | complexType)?, (unique | key | keyref)*)). A problem was found starting at: attribute.
2026-03-19 02:52:41,925 [INFO] PluginManage:359 - Loaded plugin pinoutconfig (category:base,tabindex:0)
2026-03-19 02:52:41,926 [INFO] PluginManage:310 - Check plugin power
2026-03-19 02:52:41,956 [INFO] PluginManage:359 - Loaded plugin power (category:power,tabindex:4)
2026-03-19 02:52:41,957 [INFO] PluginManage:310 - Check plugin projectmanager
2026-03-19 02:52:41,987 [INFO] PluginManage:359 - Loaded plugin projectmanager (category:projectmanager,tabindex:3)
2026-03-19 02:52:41,988 [INFO] PluginManage:310 - Check plugin thirdparty
2026-03-19 02:52:42,539 [INFO] PluginManage:359 - Loaded plugin thirdparty (category:base,tabindex:-1)
2026-03-19 02:52:42,539 [WARN] IntegrityCheckThread:84 - waiting for thirdparty lock release [integrity check]
2026-03-19 02:52:42,539 [INFO] PluginManage:310 - Check plugin tools
2026-03-19 02:52:42,539 [INFO] IntegrityCheckThread:86 - entering critical section [integrity check]
2026-03-19 02:52:42,540 [INFO] ThirdPartyUpdaterWithRetryManager:70 - Updater plugin not ready yet. [1/15]
2026-03-19 02:52:42,602 [INFO] PluginManage:359 - Loaded plugin tools (category:base,tabindex:7)
2026-03-19 02:52:42,602 [INFO] PluginManage:310 - Check plugin tutovideos
2026-03-19 02:52:43,243 [INFO] PluginManage:359 - Loaded plugin tutovideos (category:base,tabindex:-1)
2026-03-19 02:52:43,243 [INFO] PluginManage:310 - Check plugin updater
2026-03-19 02:52:43,266 [INFO] PluginManage:359 - Loaded plugin updater (category:base,tabindex:12)
2026-03-19 02:52:43,267 [INFO] PluginManage:310 - Check plugin userauth
2026-03-19 02:52:43,278 [INFO] UserAuth:114 - Init User Auth plugin
2026-03-19 02:52:43,278 [INFO] PluginManage:359 - Loaded plugin userauth (category:base,tabindex:14)
2026-03-19 02:52:43,280 [INFO] PluginManage:283 - PluginManage : Loaded plugins [17]
2026-03-19 02:52:43,820 [INFO] PinOutPanel:1561 - setPackage(No Configuration,No Configuration)
2026-03-19 02:52:43,996 [INFO] CADModel:165 - CPN selected for project level
2026-03-19 02:52:43,997 [INFO] CADModel:114 - Register for checkConnection events
2026-03-19 02:52:44,043 [INFO] IPUIPlugin:80 - create IPUIPlugin
2026-03-19 02:52:44,043 [INFO] PluginManager:220 - loadIPPluginJar : add adc
2026-03-19 02:52:44,102 [INFO] IPUIPlugin:80 - create IPUIPlugin
2026-03-19 02:52:44,104 [INFO] PluginManager:220 - loadIPPluginJar : add aes
2026-03-19 02:52:44,162 [INFO] IPUIPlugin:80 - create IPUIPlugin
2026-03-19 02:52:44,162 [INFO] PluginManager:220 - loadIPPluginJar : add can
2026-03-19 02:52:44,205 [INFO] IPUIPlugin:80 - create IPUIPlugin
2026-03-19 02:52:44,205 [INFO] PluginManager:220 - loadIPPluginJar : add comp
2026-03-19 02:52:44,270 [INFO] IPUIPlugin:80 - create IPUIPlugin
2026-03-19 02:52:44,270 [INFO] PluginManager:220 - loadIPPluginJar : add cryp
2026-03-19 02:52:44,328 [INFO] IPUIPlugin:80 - create IPUIPlugin
2026-03-19 02:52:44,328 [INFO] PluginManager:220 - loadIPPluginJar : add dfsdm
2026-03-19 02:52:44,348 [INFO] IPUIPlugin:80 - create IPUIPlugin
2026-03-19 02:52:44,349 [INFO] PluginManager:220 - loadIPPluginJar : add dma
2026-03-19 02:52:44,409 [INFO] IPUIPlugin:80 - create IPUIPlugin
2026-03-19 02:52:44,409 [INFO] PluginManager:220 - loadIPPluginJar : add dma3
2026-03-19 02:52:44,466 [INFO] IPUIPlugin:80 - create IPUIPlugin
2026-03-19 02:52:44,466 [INFO] PluginManager:220 - loadIPPluginJar : add extmemmanager
2026-03-19 02:52:44,493 [INFO] IPUIPlugin:80 - create IPUIPlugin
2026-03-19 02:52:44,493 [INFO] PluginManager:220 - loadIPPluginJar : add fatfs
2026-03-19 02:52:44,553 [INFO] IPUIPlugin:80 - create IPUIPlugin
2026-03-19 02:52:44,553 [INFO] PluginManager:220 - loadIPPluginJar : add fmc
2026-03-19 02:52:44,568 [INFO] IPUIPlugin:80 - create IPUIPlugin
2026-03-19 02:52:44,568 [INFO] PluginManager:220 - loadIPPluginJar : add freertos
2026-03-19 02:52:44,596 [INFO] IPUIPlugin:80 - create IPUIPlugin
2026-03-19 02:52:44,596 [INFO] PluginManager:220 - loadIPPluginJar : add genericplugin
2026-03-19 02:52:44,707 [INFO] IPUIPlugin:80 - create IPUIPlugin
2026-03-19 02:52:44,708 [INFO] PluginManager:220 - loadIPPluginJar : add gfxmmu
2026-03-19 02:52:44,857 [INFO] IPUIPlugin:80 - create IPUIPlugin
2026-03-19 02:52:44,858 [INFO] PluginManager:220 - loadIPPluginJar : add gic
2026-03-19 02:52:44,871 [INFO] IPUIPlugin:80 - create IPUIPlugin
2026-03-19 02:52:44,871 [INFO] PluginManager:220 - loadIPPluginJar : add gpio
2026-03-19 02:52:44,974 [INFO] IPUIPlugin:80 - create IPUIPlugin
2026-03-19 02:52:44,974 [INFO] PluginManager:220 - loadIPPluginJar : add gtzc
2026-03-19 02:52:45,011 [INFO] IPUIPlugin:80 - create IPUIPlugin
2026-03-19 02:52:45,011 [INFO] PluginManager:220 - loadIPPluginJar : add hash
2026-03-19 02:52:45,072 [INFO] IPUIPlugin:80 - create IPUIPlugin
2026-03-19 02:52:45,072 [INFO] PluginManager:220 - loadIPPluginJar : add i2c
2026-03-19 02:52:45,117 [INFO] IPUIPlugin:80 - create IPUIPlugin
2026-03-19 02:52:45,117 [INFO] PluginManager:220 - loadIPPluginJar : add i2s
2026-03-19 02:52:45,164 [INFO] IPUIPlugin:80 - create IPUIPlugin
2026-03-19 02:52:45,164 [INFO] PluginManager:220 - loadIPPluginJar : add i3c
2026-03-19 02:52:45,275 [INFO] IPUIPlugin:80 - create IPUIPlugin
2026-03-19 02:52:45,275 [INFO] PluginManager:220 - loadIPPluginJar : add ipddr
2026-03-19 02:52:45,380 [INFO] IPUIPlugin:80 - create IPUIPlugin
2026-03-19 02:52:45,380 [INFO] PluginManager:220 - loadIPPluginJar : add linkedlist
2026-03-19 02:52:45,428 [INFO] IPUIPlugin:80 - create IPUIPlugin
2026-03-19 02:52:45,428 [INFO] PluginManager:220 - loadIPPluginJar : add lorawan
2026-03-19 02:52:45,474 [INFO] IPUIPlugin:80 - create IPUIPlugin
2026-03-19 02:52:45,474 [INFO] PluginManager:220 - loadIPPluginJar : add ltdc
2026-03-19 02:52:45,489 [INFO] IPUIPlugin:80 - create IPUIPlugin
2026-03-19 02:52:45,489 [INFO] PluginManager:220 - loadIPPluginJar : add mdma
2026-03-19 02:52:45,502 [INFO] IPUIPlugin:80 - create IPUIPlugin
2026-03-19 02:52:45,502 [INFO] PluginManager:220 - loadIPPluginJar : add nvic
2026-03-19 02:52:45,541 [INFO] ThirdPartyUpdaterWithRetryManager:70 - Updater plugin not ready yet. [2/15]
2026-03-19 02:52:45,548 [INFO] IPUIPlugin:80 - create IPUIPlugin
2026-03-19 02:52:45,548 [INFO] PluginManager:220 - loadIPPluginJar : add opamp
2026-03-19 02:52:45,621 [INFO] IPUIPlugin:80 - create IPUIPlugin
2026-03-19 02:52:45,621 [INFO] PluginManager:220 - loadIPPluginJar : add openamp
2026-03-19 02:52:45,670 [INFO] IPUIPlugin:80 - create IPUIPlugin
2026-03-19 02:52:45,670 [INFO] PluginManager:220 - loadIPPluginJar : add pdm2pcm
2026-03-19 02:52:45,687 [INFO] IPUIPlugin:80 - create IPUIPlugin
2026-03-19 02:52:45,689 [INFO] PluginManager:220 - loadIPPluginJar : add plateformsettings
2026-03-19 02:52:45,717 [INFO] IPUIPlugin:80 - create IPUIPlugin
2026-03-19 02:52:45,717 [INFO] PluginManager:220 - loadIPPluginJar : add quadspi
2026-03-19 02:52:45,733 [INFO] IPUIPlugin:80 - create IPUIPlugin
2026-03-19 02:52:45,734 [INFO] PluginManager:220 - loadIPPluginJar : add resmgrutility
2026-03-19 02:52:45,789 [INFO] IPUIPlugin:80 - create IPUIPlugin
2026-03-19 02:52:45,789 [INFO] PluginManager:220 - loadIPPluginJar : add sai
2026-03-19 02:52:45,832 [INFO] IPUIPlugin:80 - create IPUIPlugin
2026-03-19 02:52:45,832 [INFO] PluginManager:220 - loadIPPluginJar : add spi
2026-03-19 02:52:45,906 [INFO] IPUIPlugin:80 - create IPUIPlugin
2026-03-19 02:52:45,906 [INFO] PluginManager:220 - loadIPPluginJar : add stm32_wpan
2026-03-19 02:52:45,934 [INFO] IPUIPlugin:80 - create IPUIPlugin
2026-03-19 02:52:45,934 [INFO] PluginManager:220 - loadIPPluginJar : add tim
2026-03-19 02:52:46,002 [INFO] IPUIPlugin:80 - create IPUIPlugin
2026-03-19 02:52:46,002 [INFO] PluginManager:220 - loadIPPluginJar : add touchsensing
2026-03-19 02:52:46,028 [INFO] IPUIPlugin:80 - create IPUIPlugin
2026-03-19 02:52:46,028 [INFO] PluginManager:220 - loadIPPluginJar : add tracer_emb
2026-03-19 02:52:46,057 [INFO] IPUIPlugin:80 - create IPUIPlugin
2026-03-19 02:52:46,057 [INFO] PluginManager:220 - loadIPPluginJar : add ts
2026-03-19 02:52:46,086 [INFO] IPUIPlugin:80 - create IPUIPlugin
2026-03-19 02:52:46,086 [INFO] PluginManager:220 - loadIPPluginJar : add tsc
2026-03-19 02:52:46,111 [INFO] IPUIPlugin:80 - create IPUIPlugin
2026-03-19 02:52:46,112 [INFO] PluginManager:220 - loadIPPluginJar : add ucpd
2026-03-19 02:52:46,160 [INFO] IPUIPlugin:80 - create IPUIPlugin
2026-03-19 02:52:46,160 [INFO] PluginManager:220 - loadIPPluginJar : add usart
2026-03-19 02:52:46,212 [INFO] IPUIPlugin:80 - create IPUIPlugin
2026-03-19 02:52:46,213 [INFO] PluginManager:220 - loadIPPluginJar : add usbx
2026-03-19 02:52:46,361 [INFO] CADModel:165 - CPN selected for project level
2026-03-19 02:52:46,361 [INFO] CADModel:114 - Register for checkConnection events
2026-03-19 02:52:46,361 [FATAL] Updater:308 - Updater called before beeing initialized
2026-03-19 02:52:46,362 [ERROR] CADModel:125 - Updater not yet initialized, retry later 
2026-03-19 02:52:46,509 [INFO] CADModel:165 - CPN selected for project level
2026-03-19 02:52:46,509 [INFO] CADModel:114 - Register for checkConnection events
2026-03-19 02:52:46,509 [FATAL] Updater:308 - Updater called before beeing initialized
2026-03-19 02:52:46,509 [ERROR] CADModel:125 - Updater not yet initialized, retry later 
2026-03-19 02:52:46,512 [FATAL] Updater:308 - Updater called before beeing initialized
2026-03-19 02:52:46,680 [FATAL] Updater:308 - Updater called before beeing initialized
2026-03-19 02:52:46,709 [INFO] DbMcusAds:53 - JSON generation date=Wed Feb 18 08:32:49 CST 2026 (1771425169444)
2026-03-19 02:52:46,709 [FATAL] Updater:308 - Updater called before beeing initialized
2026-03-19 02:52:46,810 [WARN] DetailPanel:346 - Failed to get advertising image, set to default
2026-03-19 02:52:46,933 [FATAL] Updater:308 - Updater called before beeing initialized
2026-03-19 02:52:46,935 [FATAL] Updater:308 - Updater called before beeing initialized
2026-03-19 02:52:46,935 [FATAL] Updater:308 - Updater called before beeing initialized
2026-03-19 02:52:46,935 [WARN] DetailPanel:346 - Failed to get advertising image, set to default
2026-03-19 02:52:46,936 [FATAL] Updater:308 - Updater called before beeing initialized
2026-03-19 02:52:46,998 [ERROR] Updater:1120 - MainUpdater not yet initialized. External WinMGr cannot be set.
2026-03-19 02:52:47,010 [INFO] Updater:1056 - Updater Version found : 6.11.0
2026-03-19 02:52:47,025 [INFO] ApplicationProperties:184 - Using Application install path: D:\Documentos\Electronica\Nueva carpeta\STM32CubeIDE_1.15.0\STM32CubeIDE\plugins\com.st.stm32cube.common.mx_6.11.0.202403141607
2026-03-19 02:52:48,542 [INFO] ThirdPartyUpdaterWithRetryManager:70 - Updater plugin not ready yet. [3/15]
2026-03-19 02:52:48,605 [ERROR] LogOutputStream:75 - [STDERR_REDIRECT] Mar 19, 2026 2:52:48 AM java.util.prefs.WindowsPreferences <init>
2026-03-19 02:52:48,605 [ERROR] LogOutputStream:75 - [STDERR_REDIRECT] WARNING: Could not open/create prefs root node Software\JavaSoft\Prefs at root 0xffffffff80000002. Windows RegCreateKeyEx(...) returned error code 5.
2026-03-19 02:52:48,606 [ERROR] LogOutputStream:75 - [STDERR_REDIRECT] 
2026-03-19 02:52:49,584 [INFO] MainUpdater:2873 - connection check result : 10
2026-03-19 02:52:49,585 [INFO] MainUpdater:290 - Updater Check For Update Now.
2026-03-19 02:52:49,585 [INFO] MicroXplorer:498 - Change Database Version : DB.6.0.110
2026-03-19 02:52:49,603 [INFO] McuFinderGlobals:63 - Set McuFinder mode to 2 (CubeIDE integrated)
2026-03-19 02:52:49,620 [INFO] UserAuth:415 - Internet connection configuration mode: 1
2026-03-19 02:52:49,672 [INFO] JxBrowserEngine:152 - Initiate JxBrowser Engine with user profile folder
2026-03-19 02:52:49,807 [INFO] CheckServerUpdateThread:120 - End of CheckServer Thread
2026-03-19 02:52:51,976 [WARN] PackLoader:240 - Cannot read IP mode file for STMicroelectronics.X-CUBE-AZRTOS-H7.3.5.0
2026-03-19 02:52:51,999 [WARN] PackLoader:240 - Cannot read IP mode file for STMicroelectronics.FP-SNS-MOTENVWB1.1.4.0
2026-03-19 02:52:52,024 [WARN] PackLoader:240 - Cannot read IP mode file for STMicroelectronics.FP-ATR-ASTRA1.2.0.2
2026-03-19 02:52:52,038 [WARN] PackLoader:240 - Cannot read IP mode file for STMicroelectronics.FP-ATR-ASTRA1.2.0.1
2026-03-19 02:52:52,054 [WARN] PackLoader:240 - Cannot read IP mode file for STMicroelectronics.X-CUBE-SMBUS.2.1.0
2026-03-19 02:52:52,072 [WARN] PackLoader:240 - Cannot read IP mode file for STMicroelectronics.X-CUBE-WB05N.1.1.0
2026-03-19 02:52:52,088 [WARN] PackLoader:240 - Cannot read IP mode file for STMicroelectronics.X-CUBE-TOUCHGFX.4.23.2
2026-03-19 02:52:52,124 [WARN] PackLoader:240 - Cannot read IP mode file for STMicroelectronics.X-CUBE-AZRTOS-F7.1.1.0
2026-03-19 02:52:52,178 [WARN] PackLoader:240 - Cannot read IP mode file for STMicroelectronics.X-CUBE-MEMS1.11.0.0
2026-03-19 02:52:52,300 [ERROR] Engine:466 - C:\Users\USER\.stm32cubemx\thirdparties\pdsc\STMicroelectronics.FP-SNS-MOTENV1.5.1.0.pdsc: PDSC version is not supported
2026-03-19 02:52:52,345 [WARN] PackLoader:240 - Cannot read IP mode file for STMicroelectronics.FP-SNS-FLIGHT1.5.0.2
2026-03-19 02:52:52,382 [WARN] PackLoader:240 - Cannot read IP mode file for STMicroelectronics.X-CUBE-AZRTOS-H7.3.4.0
2026-03-19 02:52:52,401 [WARN] PackLoader:240 - Cannot read IP mode file for STMicroelectronics.X-CUBE-DISPLAY.3.0.0
2026-03-19 02:52:52,418 [ERROR] Engine:466 - C:\Users\USER\.stm32cubemx\thirdparties\pdsc\STMicroelectronics.FP-SNS-MOTENVWB1.1.5.0.pdsc: PDSC version is not supported
2026-03-19 02:52:52,435 [WARN] PackLoader:240 - Cannot read IP mode file for STMicroelectronics.X-CUBE-BLE1.7.0.0
2026-03-19 02:52:52,454 [WARN] PackLoader:240 - Cannot read IP mode file for STMicroelectronics.X-CUBE-NFC10.1.0.0
2026-03-19 02:52:52,475 [WARN] PackLoader:240 - Cannot read IP mode file for STMicroelectronics.X-CUBE-BLEMGR.4.0.0
2026-03-19 02:52:52,491 [ERROR] Engine:466 - C:\Users\USER\.stm32cubemx\thirdparties\pdsc\STMicroelectronics.X-CUBE-ST60.1.1.0.pdsc: PDSC version is not supported
2026-03-19 02:52:52,509 [WARN] PackLoader:240 - Cannot read IP mode file for emotas.I-CUBE-CANOPEN.1.3.0
2026-03-19 02:52:52,527 [WARN] PackLoader:240 - Cannot read IP mode file for STMicroelectronics.X-CUBE-GNSS1.7.1.0
2026-03-19 02:52:52,548 [WARN] PackLoader:240 - Cannot read IP mode file for STMicroelectronics.X-CUBE-BLEMGR.3.1.0
2026-03-19 02:52:52,569 [WARN] PackLoader:240 - Cannot read IP mode file for STMicroelectronics.X-CUBE-AI.10.0.0
2026-03-19 02:52:52,589 [ERROR] Engine:466 - C:\Users\USER\.stm32cubemx\thirdparties\pdsc\STMicroelectronics.FP-SNS-STBOX1.2.1.0.pdsc: PDSC version is not supported
2026-03-19 02:52:52,605 [WARN] PackLoader:240 - Cannot read IP mode file for STMicroelectronics.FP-SNS-SMARTAG2.1.2.0
2026-03-19 02:52:52,618 [ERROR] Engine:466 - C:\Users\USER\.stm32cubemx\thirdparties\pdsc\STMicroelectronics.FP-SNS-FLIGHT1.5.1.0.pdsc: PDSC version is not supported
2026-03-19 02:52:52,676 [WARN] PackLoader:240 - Cannot read IP mode file for STMicroelectronics.X-CUBE-MEMS1.11.1.0
2026-03-19 02:52:52,787 [INFO] LogOutputStream:77 - [STDOUT_REDIRECT] 1 : Invalid condition id : UX_CORESTACK_Condition cause : null
2026-03-19 02:52:52,788 [INFO] LogOutputStream:77 - [STDOUT_REDIRECT] 1 : Invalid condition id : UX_CORESTACK_Condition cause : null
2026-03-19 02:52:52,789 [INFO] LogOutputStream:77 - [STDOUT_REDIRECT] 1 : Invalid condition id : UX_CORESTACK_Condition cause : null
2026-03-19 02:52:52,791 [INFO] LogOutputStream:77 - [STDOUT_REDIRECT] 1 : Invalid condition id : UX_CORESTACK_Condition cause : null
2026-03-19 02:52:52,792 [INFO] LogOutputStream:77 - [STDOUT_REDIRECT] 1 : Invalid condition id : UX_CORESTACK_Condition cause : null
2026-03-19 02:52:52,795 [WARN] PackLoader:240 - Cannot read IP mode file for STMicroelectronics.X-CUBE-AZRTOS-WL.2.0.0
2026-03-19 02:52:52,816 [WARN] PackLoader:240 - Cannot read IP mode file for STMicroelectronics.FP-SNS-MOTENV1.5.0.0
2026-03-19 02:52:52,859 [WARN] PackLoader:240 - Cannot read IP mode file for STMicroelectronics.X-CUBE-AZRTOS-H7RS.1.2.0
2026-03-19 02:52:52,887 [WARN] PackLoader:240 - Cannot read IP mode file for wolfSSL.I-CUBE-wolfMQTT.1.19.0
2026-03-19 02:52:52,938 [WARN] PackLoader:240 - Cannot read IP mode file for WES.I-CUBE-Cesium.1.3.0
2026-03-19 02:52:52,968 [WARN] PackLoader:240 - Cannot read IP mode file for STMicroelectronics.X-CUBE-BLE2.3.3.0
2026-03-19 02:52:52,989 [ERROR] Engine:466 - C:\Users\USER\.stm32cubemx\thirdparties\pdsc\Avnet-IOTCONNECT.X-CUBE-iotc-st67-sdk.1.0.0.pdsc: PDSC version is not supported
2026-03-19 02:52:53,018 [WARN] PackLoader:240 - Cannot read IP mode file for STMicroelectronics.X-CUBE-NFC9.1.0.0
2026-03-19 02:52:53,041 [WARN] PackLoader:240 - Cannot read IP mode file for STMicroelectronics.X-CUBE-BLE1.7.1.0
2026-03-19 02:52:53,061 [WARN] PackLoader:240 - Cannot read IP mode file for STMicroelectronics.X-CUBE-TCPP.4.1.0
2026-03-19 02:52:53,078 [ERROR] Engine:466 - C:\Users\USER\.stm32cubemx\thirdparties\pdsc\STMicroelectronics.X-CUBE-FREERTOS.1.4.0.pdsc: PDSC version is not supported
2026-03-19 02:52:53,108 [WARN] PackLoader:240 - Cannot read IP mode file for STMicroelectronics.X-CUBE-EEPRMA1.5.2.0
2026-03-19 02:52:53,129 [ERROR] Engine:466 - C:\Users\USER\.stm32cubemx\thirdparties\pdsc\STMicroelectronics.X-CUBE-ST67W61.1.1.0.pdsc: PDSC version is not supported
2026-03-19 02:52:53,187 [WARN] PackLoader:240 - Cannot read IP mode file for STMicroelectronics.X-CUBE-MEMS1.12.0.0
2026-03-19 02:52:53,278 [WARN] PackLoader:240 - Cannot read IP mode file for STMicroelectronics.X-CUBE-ALGOBUILD.1.3.0
2026-03-19 02:52:53,327 [WARN] PackLoader:240 - Cannot read IP mode file for STMicroelectronics.X-CUBE-MEMS1.11.2.0
2026-03-19 02:52:53,431 [WARN] PackLoader:240 - Cannot read IP mode file for STMicroelectronics.X-CUBE-AZRTOS-G0.1.1.0
2026-03-19 02:52:53,448 [WARN] PackLoader:240 - Cannot read IP mode file for STMicroelectronics.X-CUBE-SAFEA1.1.2.2
2026-03-19 02:52:53,464 [WARN] PackLoader:240 - Cannot read IP mode file for STMicroelectronics.X-CUBE-NFC4.3.0.0
2026-03-19 02:52:53,484 [WARN] PackLoader:240 - Cannot read IP mode file for EmbeddedOffice.I-CUBE-FS-RTOS.1.0.1
2026-03-19 02:52:53,485 [ERROR] ConditionMgr:805 - Attr not supported : Dmpu
2026-03-19 02:52:53,485 [ERROR] ConditionMgr:805 - Attr not supported : Dmpu
2026-03-19 02:52:53,485 [ERROR] ConditionMgr:805 - Attr not supported : Dmpu
2026-03-19 02:52:53,485 [ERROR] ConditionMgr:805 - Attr not supported : Dmpu
2026-03-19 02:52:53,485 [ERROR] ConditionMgr:805 - Attr not supported : Dmpu
2026-03-19 02:52:53,485 [ERROR] ConditionMgr:805 - Attr not supported : Dmpu
2026-03-19 02:52:53,485 [ERROR] ConditionMgr:805 - Attr not supported : Dmpu
2026-03-19 02:52:53,485 [ERROR] ConditionMgr:805 - Attr not supported : Dmpu
2026-03-19 02:52:53,485 [ERROR] ConditionMgr:805 - Attr not supported : Dmpu
2026-03-19 02:52:53,485 [ERROR] ConditionMgr:805 - Attr not supported : Dmpu
2026-03-19 02:52:53,485 [ERROR] ConditionMgr:805 - Attr not supported : Dmpu
2026-03-19 02:52:53,485 [ERROR] ConditionMgr:805 - Attr not supported : Dmpu
2026-03-19 02:52:53,485 [ERROR] ConditionMgr:805 - Attr not supported : Dmpu
2026-03-19 02:52:53,485 [ERROR] ConditionMgr:805 - Attr not supported : Dmpu
2026-03-19 02:52:53,485 [ERROR] ConditionMgr:805 - Attr not supported : Dmpu
2026-03-19 02:52:53,485 [ERROR] ConditionMgr:805 - Attr not supported : Dmpu
2026-03-19 02:52:53,485 [ERROR] ConditionMgr:805 - Attr not supported : Dmpu
2026-03-19 02:52:53,485 [ERROR] ConditionMgr:805 - Attr not supported : Dmpu
2026-03-19 02:52:53,485 [ERROR] ConditionMgr:805 - Attr not supported : Dmpu
2026-03-19 02:52:53,485 [ERROR] ConditionMgr:805 - Attr not supported : Dmpu
2026-03-19 02:52:53,485 [ERROR] ConditionMgr:805 - Attr not supported : Dmpu
2026-03-19 02:52:53,485 [ERROR] ConditionMgr:805 - Attr not supported : Dmpu
2026-03-19 02:52:53,485 [ERROR] ConditionMgr:805 - Attr not supported : Dmpu
2026-03-19 02:52:53,487 [ERROR] ConditionMgr:805 - Attr not supported : Dmpu
2026-03-19 02:52:53,487 [ERROR] ConditionMgr:805 - Attr not supported : Dmpu
2026-03-19 02:52:53,487 [ERROR] ConditionMgr:805 - Attr not supported : Dmpu
2026-03-19 02:52:53,487 [ERROR] ConditionMgr:805 - Attr not supported : Dmpu
2026-03-19 02:52:53,487 [ERROR] ConditionMgr:805 - Attr not supported : Dmpu
2026-03-19 02:52:53,487 [ERROR] ConditionMgr:805 - Attr not supported : Dmpu
2026-03-19 02:52:53,487 [ERROR] ConditionMgr:805 - Attr not supported : Dmpu
2026-03-19 02:52:53,487 [ERROR] ConditionMgr:805 - Attr not supported : Dmpu
2026-03-19 02:52:53,487 [ERROR] ConditionMgr:805 - Attr not supported : Dmpu
2026-03-19 02:52:53,487 [ERROR] ConditionMgr:805 - Attr not supported : Dmpu
2026-03-19 02:52:53,487 [ERROR] ConditionMgr:805 - Attr not supported : Dmpu
2026-03-19 02:52:53,487 [ERROR] ConditionMgr:805 - Attr not supported : Dmpu
2026-03-19 02:52:53,487 [ERROR] ConditionMgr:805 - Attr not supported : Dmpu
2026-03-19 02:52:53,487 [ERROR] ConditionMgr:805 - Attr not supported : Dmpu
2026-03-19 02:52:53,487 [ERROR] ConditionMgr:805 - Attr not supported : Dmpu
2026-03-19 02:52:53,487 [ERROR] ConditionMgr:805 - Attr not supported : Dmpu
2026-03-19 02:52:53,488 [ERROR] ConditionMgr:805 - Attr not supported : Dmpu
2026-03-19 02:52:53,488 [ERROR] ConditionMgr:805 - Attr not supported : Dmpu
2026-03-19 02:52:53,488 [ERROR] ConditionMgr:805 - Attr not supported : Dmpu
2026-03-19 02:52:53,488 [ERROR] ConditionMgr:805 - Attr not supported : Dmpu
2026-03-19 02:52:53,488 [ERROR] ConditionMgr:805 - Attr not supported : Dmpu
2026-03-19 02:52:53,488 [ERROR] ConditionMgr:805 - Attr not supported : Dmpu
2026-03-19 02:52:53,488 [ERROR] ConditionMgr:805 - Attr not supported : Dmpu
2026-03-19 02:52:53,488 [ERROR] ConditionMgr:805 - Attr not supported : Dmpu
2026-03-19 02:52:53,488 [ERROR] ConditionMgr:805 - Attr not supported : Dmpu
2026-03-19 02:52:53,488 [ERROR] ConditionMgr:805 - Attr not supported : Dmpu
2026-03-19 02:52:53,488 [ERROR] ConditionMgr:805 - Attr not supported : Dmpu
2026-03-19 02:52:53,488 [ERROR] ConditionMgr:805 - Attr not supported : Dmpu
2026-03-19 02:52:53,488 [ERROR] ConditionMgr:805 - Attr not supported : Dmpu
2026-03-19 02:52:53,488 [ERROR] ConditionMgr:805 - Attr not supported : Dmpu
2026-03-19 02:52:53,488 [ERROR] ConditionMgr:805 - Attr not supported : Dmpu
2026-03-19 02:52:53,488 [ERROR] ConditionMgr:805 - Attr not supported : Dmpu
2026-03-19 02:52:53,488 [ERROR] ConditionMgr:805 - Attr not supported : Dmpu
2026-03-19 02:52:53,488 [ERROR] ConditionMgr:805 - Attr not supported : Dmpu
2026-03-19 02:52:53,489 [ERROR] ConditionMgr:805 - Attr not supported : Dmpu
2026-03-19 02:52:53,489 [ERROR] ConditionMgr:805 - Attr not supported : Dmpu
2026-03-19 02:52:53,489 [ERROR] ConditionMgr:805 - Attr not supported : Dmpu
2026-03-19 02:52:53,489 [ERROR] ConditionMgr:805 - Attr not supported : Dmpu
2026-03-19 02:52:53,489 [ERROR] ConditionMgr:805 - Attr not supported : Dmpu
2026-03-19 02:52:53,489 [ERROR] ConditionMgr:805 - Attr not supported : Dmpu
2026-03-19 02:52:53,489 [ERROR] ConditionMgr:805 - Attr not supported : Dmpu
2026-03-19 02:52:53,505 [WARN] PackLoader:240 - Cannot read IP mode file for STMicroelectronics.X-CUBE-WB05N.2.0.0
2026-03-19 02:52:53,518 [ERROR] Engine:466 - C:\Users\USER\.stm32cubemx\thirdparties\pdsc\STMicroelectronics.X-CUBE-TCPP.4.2.0.pdsc: PDSC version is not supported
2026-03-19 02:52:53,522 [INFO] WebApp:161 - Instantiating new browser for Auth
2026-03-19 02:52:53,536 [WARN] PackLoader:240 - Cannot read IP mode file for RealThread.X-CUBE-RT-Thread_Nano.4.1.1
2026-03-19 02:52:53,557 [WARN] PackLoader:240 - Cannot read IP mode file for wolfSSL.I-CUBE-wolfSSL.5.7.0
2026-03-19 02:52:53,579 [WARN] PackLoader:240 - Cannot read IP mode file for STMicroelectronics.FP-ATR-SIGFOX1.3.2.0
2026-03-19 02:52:53,600 [WARN] ConditionMgr:438 - getConditionDescription Invalid condition id : Cortex-A Device cause : null
2026-03-19 02:52:53,640 [WARN] ConditionMgr:1039 - genDependencies : Invalid condition id : Cortex-A Device cause : null
2026-03-19 02:52:53,640 [WARN] ConditionMgr:1039 - genDependencies : Invalid condition id : Cortex-A Device cause : null
2026-03-19 02:52:53,641 [WARN] ConditionMgr:1039 - genDependencies : Invalid condition id : Cortex-A Device cause : null
2026-03-19 02:52:53,659 [WARN] PackLoader:240 - Cannot read IP mode file for STMicroelectronics.X-CUBE-EEPRMA1.5.1.0
2026-03-19 02:52:53,677 [ERROR] Engine:466 - C:\Users\USER\.stm32cubemx\thirdparties\pdsc\STMicroelectronics.X-CUBE-FREERTOS.1.5.0.pdsc: PDSC version is not supported
2026-03-19 02:52:53,705 [WARN] PackLoader:240 - Cannot read IP mode file for ITTIA_DB.I-CUBE-ITTIADB.8.9.0
2026-03-19 02:52:53,725 [WARN] PackLoader:240 - Cannot read IP mode file for STMicroelectronics.X-CUBE-NFC6.3.2.0
2026-03-19 02:52:53,746 [WARN] PackLoader:240 - Cannot read IP mode file for STMicroelectronics.X-CUBE-AI.10.2.0
2026-03-19 02:52:53,778 [WARN] PackLoader:240 - Cannot read IP mode file for SEGGER.I-CUBE-embOS.1.3.1
2026-03-19 02:52:53,817 [WARN] PackLoader:240 - Cannot read IP mode file for STMicroelectronics.X-CUBE-ALGOBUILD.1.4.0
2026-03-19 02:52:53,835 [WARN] PackLoader:240 - Cannot read IP mode file for STMicroelectronics.X-CUBE-AI.9.1.0
2026-03-19 02:52:53,851 [WARN] PackLoader:240 - Cannot read IP mode file for STMicroelectronics.X-CUBE-PM33A1.1.0.0
2026-03-19 02:52:53,865 [WARN] PackLoader:240 - Cannot read IP mode file for STMicroelectronics.X-CUBE-GNSS1.6.0.0
2026-03-19 02:52:53,890 [WARN] PackLoader:240 - Cannot read IP mode file for STMicroelectronics.X-CUBE-AZRTOS-F4.1.1.0
2026-03-19 02:52:53,904 [ERROR] Engine:466 - C:\Users\USER\.stm32cubemx\thirdparties\pdsc\Avnet-IotConnect.X-CUBE-IoTC-DA16k-PMOD.1.0.0.pdsc: PDSC version is not supported
2026-03-19 02:52:53,918 [WARN] PackLoader:240 - Cannot read IP mode file for STMicroelectronics.X-CUBE-ISPU.2.1.0
2026-03-19 02:52:53,936 [ERROR] Engine:466 - C:\Users\USER\.stm32cubemx\thirdparties\pdsc\STMicroelectronics.X-CUBE-IPS.3.2.0.pdsc: PDSC version is not supported
2026-03-19 02:52:53,956 [WARN] PackLoader:240 - Cannot read IP mode file for STMicroelectronics.X-CUBE-FREERTOS.1.2.0
2026-03-19 02:52:53,974 [WARN] PackLoader:240 - Cannot read IP mode file for STMicroelectronics.X-CUBE-NFC12.1.0.0
2026-03-19 02:52:54,002 [WARN] PackLoader:240 - Cannot read IP mode file for STMicroelectronics.X-CUBE-AZRTOS-L5.2.0.0
2026-03-19 02:52:54,018 [WARN] PackLoader:240 - Cannot read IP mode file for STMicroelectronics.X-CUBE-NFC6.3.1.0
2026-03-19 02:52:54,035 [WARN] PackLoader:240 - Cannot read IP mode file for STMicroelectronics.X-CUBE-DPower.1.2.0
2026-03-19 02:52:54,049 [WARN] PackLoader:240 - Cannot read IP mode file for STMicroelectronics.X-CUBE-AI.9.0.0
2026-03-19 02:52:54,064 [WARN] PackLoader:240 - Cannot read IP mode file for STMicroelectronics.X-CUBE-FREERTOS.1.3.1
2026-03-19 02:52:54,078 [WARN] PackLoader:240 - Cannot read IP mode file for STMicroelectronics.X-CUBE-FREERTOS.1.3.0
2026-03-19 02:52:54,101 [WARN] PackLoader:240 - Cannot read IP mode file for STMicroelectronics.X-CUBE-NFC7.1.0.1
2026-03-19 02:52:54,123 [WARN] PackLoader:240 - Cannot read IP mode file for STMicroelectronics.X-CUBE-TOUCHGFX.4.26.0
2026-03-19 02:52:54,266 [WARN] PackLoader:240 - Cannot read IP mode file for STMicroelectronics.X-CUBE-TOUCHGFX.4.26.1
2026-03-19 02:52:54,282 [ERROR] Engine:466 - C:\Users\USER\.stm32cubemx\thirdparties\pdsc\STMicroelectronics.FP-SNS-STAIOTCFT.1.0.0.pdsc: PDSC version is not supported
2026-03-19 02:52:54,301 [WARN] PackLoader:240 - Cannot read IP mode file for STMicroelectronics.X-CUBE-DPower.1.3.0
2026-03-19 02:52:54,331 [WARN] ConditionMgr:438 - getConditionDescription Invalid condition id : LAN8742 Phy interface Condition cause : null
2026-03-19 02:52:54,332 [WARN] PackLoader:240 - Cannot read IP mode file for STMicroelectronics.X-CUBE-AZRTOS-L4.2.0.0
2026-03-19 02:52:54,333 [WARN] ConditionMgr:1039 - genDependencies : Invalid condition id : LAN8742 Phy interface Condition cause : null
2026-03-19 02:52:54,334 [WARN] ConditionMgr:1039 - genDependencies : Invalid condition id : LAN8742 Phy interface Condition cause : null
2026-03-19 02:52:54,334 [WARN] ConditionMgr:1039 - genDependencies : Invalid condition id : LAN8742 Phy interface Condition cause : null
2026-03-19 02:52:54,353 [WARN] PackLoader:240 - Cannot read IP mode file for STMicroelectronics.X-CUBE-SFXS2LP1.4.0.0
2026-03-19 02:52:54,370 [ERROR] Engine:466 - C:\Users\USER\.stm32cubemx\thirdparties\pdsc\STMicroelectronics.X-CUBE-ST67W61.1.2.0.pdsc: PDSC version is not supported
2026-03-19 02:52:54,397 [WARN] PackLoader:240 - Cannot read IP mode file for STMicroelectronics.X-CUBE-AZRTOS-H7.3.3.0
2026-03-19 02:52:54,414 [ERROR] Engine:466 - C:\Users\USER\.stm32cubemx\thirdparties\pdsc\STMicroelectronics.X-CUBE-BLEMGR.4.1.0.pdsc: PDSC version is not supported
2026-03-19 02:52:54,434 [WARN] PackLoader:240 - Cannot read IP mode file for STMicroelectronics.X-CUBE-IPS.3.0.0
2026-03-19 02:52:54,463 [WARN] ConditionMgr:438 - getConditionDescription Invalid condition id : UX DEVICE CLASS RTOS Condition cause : null
2026-03-19 02:52:54,463 [WARN] ConditionMgr:438 - getConditionDescription Invalid condition id : UX DEVICE CLASS RTOS Condition cause : null
2026-03-19 02:52:54,464 [WARN] PackLoader:240 - Cannot read IP mode file for STMicroelectronics.X-CUBE-AZRTOS-WB.2.0.0
2026-03-19 02:52:54,465 [WARN] ConditionMgr:1039 - genDependencies : Invalid condition id : UX DEVICE CLASS RTOS Condition cause : null
2026-03-19 02:52:54,465 [WARN] ConditionMgr:1039 - genDependencies : Invalid condition id : UX DEVICE CLASS RTOS Condition cause : null
2026-03-19 02:52:54,465 [WARN] ConditionMgr:1039 - genDependencies : Invalid condition id : UX DEVICE CLASS RTOS Condition cause : null
2026-03-19 02:52:54,466 [WARN] ConditionMgr:1039 - genDependencies : Invalid condition id : UX DEVICE CLASS RTOS Condition cause : null
2026-03-19 02:52:54,466 [WARN] ConditionMgr:1039 - genDependencies : Invalid condition id : UX DEVICE CLASS RTOS Condition cause : null
2026-03-19 02:52:54,483 [WARN] PackLoader:240 - Cannot read IP mode file for STMicroelectronics.X-CUBE-GNSS1.7.0.0
2026-03-19 02:52:54,499 [WARN] PackLoader:240 - Cannot read IP mode file for STMicroelectronics.X-CUBE-GNSS1.7.0.1
2026-03-19 02:52:54,515 [WARN] PackLoader:240 - Cannot read IP mode file for STMicroelectronics.X-CUBE-TOUCHGFX.4.25.0
2026-03-19 02:52:54,532 [WARN] PackLoader:240 - Cannot read IP mode file for STMicroelectronics.FP-SNS-STBOX1.2.0.0
2026-03-19 02:52:54,555 [WARN] PackLoader:240 - Cannot read IP mode file for STMicroelectronics.X-CUBE-STSE01.2.0.0
2026-03-19 02:52:54,561 [INFO] WebApp:779 - Register for checkConnection events
2026-03-19 02:52:54,561 [INFO] WebApp:414 - Apply proxy settings
2026-03-19 02:52:54,561 [INFO] WebApp:499 - Chromium requires no authentication
2026-03-19 02:52:54,574 [INFO] WebApp:442 - Direct internet connection detected
2026-03-19 02:52:54,577 [WARN] PackLoader:240 - Cannot read IP mode file for STMicroelectronics.X-CUBE-SUBG2.5.0.0
2026-03-19 02:52:54,604 [WARN] PackLoader:240 - Cannot read IP mode file for STMicroelectronics.X-CUBE-AZRTOS-H7RS.1.1.0
2026-03-19 02:52:54,620 [WARN] PackLoader:240 - Cannot read IP mode file for Cesanta.I-CUBE-Mongoose.7.13.0
2026-03-19 02:52:54,647 [WARN] PackLoader:240 - Cannot read IP mode file for STMicroelectronics.X-CUBE-AZRTOS-G4.2.0.0
2026-03-19 02:52:54,664 [WARN] PackLoader:240 - Cannot read IP mode file for STMicroelectronics.X-CUBE-NFC7.2.0.0
2026-03-19 02:52:54,678 [WARN] PackLoader:240 - Cannot read IP mode file for STMicroelectronics.X-CUBE-ISPU.2.0.0
2026-03-19 02:52:54,693 [ERROR] Engine:466 - C:\Users\USER\.stm32cubemx\thirdparties\pdsc\STMicroelectronics.X-CUBE-IPS.3.1.0.pdsc: PDSC version is not supported
2026-03-19 02:52:54,708 [WARN] PackLoader:240 - Cannot read IP mode file for STMicroelectronics.X-CUBE-ALS.1.0.2
2026-03-19 02:52:54,743 [WARN] PackLoader:240 - Cannot read IP mode file for STMicroelectronics.X-CUBE-MEMS1.10.0.0
2026-03-19 02:52:54,816 [WARN] PackLoader:240 - Cannot read IP mode file for STMicroelectronics.X-CUBE-FREERTOS.1.1.0
2026-03-19 02:52:54,830 [WARN] PackLoader:240 - Cannot read IP mode file for STMicroelectronics.X-CUBE-TOUCHGFX.4.24.2
2026-03-19 02:52:54,844 [WARN] PackLoader:240 - Cannot read IP mode file for STMicroelectronics.X-CUBE-TOUCHGFX.4.24.1
2026-03-19 02:52:54,859 [WARN] PackLoader:240 - Cannot read IP mode file for STMicroelectronics.X-CUBE-STSE01.1.0.0
2026-03-19 02:52:54,870 [INFO] WebApp:192 - Starting web application
2026-03-19 02:52:54,870 [INFO] WebApp:544 - Web application path used D:\Documentos\Electronica\Nueva carpeta\STM32CubeIDE_1.15.0\STM32CubeIDE\plugins\com.st.stm32cube.common.mx_6.11.0.202403141607\db\plugins\mcufinder\reactClient1\index.html
2026-03-19 02:52:54,878 [WARN] PackLoader:240 - Cannot read IP mode file for wolfSSL.I-CUBE-wolfTPM.3.4.0
2026-03-19 02:52:54,899 [WARN] PackLoader:240 - Cannot read IP mode file for portGmbH.I-Cube-SoM-uGOAL.1.1.0
2026-03-19 02:52:54,915 [WARN] PackLoader:240 - Cannot read IP mode file for STMicroelectronics.X-CUBE-ALS.1.0.1
2026-03-19 02:52:54,943 [WARN] PackLoader:240 - Cannot read IP mode file for STMicroelectronics.X-CUBE-AZRTOS-H7RS.1.0.0
2026-03-19 02:52:54,959 [WARN] PackLoader:240 - Cannot read IP mode file for STMicroelectronics.FP-ATR-ASTRA1.2.0.0
2026-03-19 02:52:54,981 [WARN] PackLoader:240 - Cannot read IP mode file for STMicroelectronics.X-CUBE-TOF1.3.4.2
2026-03-19 02:52:55,097 [ERROR] Engine:466 - C:\Users\USER\.stm32cubemx\thirdparties\pdsc\STMicroelectronics.X-CUBE-TOF1.3.4.3.pdsc: PDSC version is not supported
2026-03-19 02:52:55,118 [WARN] PackLoader:240 - Cannot read IP mode file for STMicroelectronics.X-CUBE-TOF1.3.4.1
2026-03-19 02:52:55,152 [WARN] PackLoader:240 - Cannot read IP mode file for STMicroelectronics.X-CUBE-AZRTOS-H7.3.2.0
2026-03-19 02:52:55,184 [WARN] PackLoader:240 - Cannot read IP mode file for Infineon.AIROC-Wi-Fi-Bluetooth-STM32.1.6.0
2026-03-19 02:52:55,202 [WARN] PackLoader:240 - Cannot read IP mode file for wolfSSL.I-CUBE-wolfSSH.1.4.17
2026-03-19 02:52:55,204 [INFO] ThirdParty:978 - Integrity check success = true
2026-03-19 02:52:55,204 [INFO] IntegrityCheckThread:100 - exiting critical section [integrity check]
2026-03-19 02:52:55,204 [INFO] IntegrityCheckThread:103 - End integrity checks thread
2026-03-19 02:55:46,619 [INFO] McuFinderGlobals:63 - Set McuFinder mode to 2 (CubeIDE integrated)
2026-03-19 02:55:46,632 [INFO] MainUpdater:2873 - connection check result : 10
2026-03-19 02:55:46,635 [INFO] MainUpdater:2873 - connection check result : 10
2026-03-19 02:55:46,728 [INFO] MicroXplorer:468 - Change Database Path : 
2026-03-19 02:55:46,729 [INFO] MicroXplorer:498 - Change Database Version : DB.6.0.110
2026-03-19 02:55:46,745 [WARN] ThirdParty:871 - waiting for thirdparty lock release [close project]
2026-03-19 02:55:46,746 [INFO] ThirdParty:873 - entering critical section [close project]
2026-03-19 02:55:46,748 [INFO] ThirdParty:883 - exiting critical section [close project]
2026-03-19 02:55:46,754 [INFO] PinOutPanel:1561 - setPackage(No Configuration,No Configuration)
2026-03-19 02:55:46,761 [INFO] UtilMem:75 - Begin LoadConfig() Used Memory: 655899656 Bytes (1066401792)
2026-03-19 02:55:46,763 [INFO] MicroXplorer:468 - Change Database Path : 
2026-03-19 02:55:46,763 [INFO] MicroXplorer:498 - Change Database Version : DB.6.0.110
2026-03-19 02:55:46,763 [INFO] OpenFileManager:312 - Change cursor
2026-03-19 02:55:46,798 [INFO] ThirdPartyDownloadManager:103 - Found SW packSTMicroelectronics.X-CUBE-TOUCHGFX.4.26.0up-to-date on disk
2026-03-19 02:55:46,845 [INFO] Mcu:2021 - Initializing MCU STM32F411C(C-E)Ux STM32F411CEUx STM32F411CEU6
2026-03-19 02:55:48,618 [INFO] Context:663 - Trying to add GPIOservice into a context  which must be forbidden
2026-03-19 02:55:49,138 [INFO] ApiDbMcu:508 - Load IP Config File for STMicroelectronics.X-CUBE-TOUCHGFX.4.26.0
2026-03-19 02:55:49,449 [INFO] RtosManager:555 - Registered RTOS mode: class=CMSIS, group=RTOS, mode=CMSIS_V1, owner=FREERTOS
2026-03-19 02:55:49,449 [INFO] RtosManager:555 - Registered RTOS mode: class=CMSIS, group=RTOS2, mode=CMSIS_V2, owner=FREERTOS
2026-03-19 02:55:49,449 [INFO] RtosManager:555 - Registered RTOS mode: class=RTOS, group=Core, mode=CMSIS_V1, owner=FREERTOS
2026-03-19 02:55:49,449 [INFO] RtosManager:555 - Registered RTOS mode: class=RTOS, group=Core, mode=CMSIS_V2, owner=FREERTOS
2026-03-19 02:55:49,450 [WARN] ModelIntegratedComponent:184 - Missing modes for component STMicroelectronics:FreeRTOS:0.0.1:STMicroelectronics:RTOS:FreeRTOS:Core:::10.2.0:
2026-03-19 02:55:49,462 [WARN] ModelIntegratedComponent:63 - No mode defined for component null
2026-03-19 02:55:49,462 [WARN] ModelIntegratedComponent:63 - No mode defined for component null
2026-03-19 02:55:49,462 [WARN] ModelIntegratedComponent:63 - No mode defined for component null
2026-03-19 02:55:49,463 [WARN] ModelIntegratedComponent:63 - No mode defined for component null
2026-03-19 02:55:49,463 [WARN] ModelIntegratedComponent:63 - No mode defined for component null
2026-03-19 02:55:49,463 [WARN] ModelIntegratedComponent:63 - No mode defined for component null
2026-03-19 02:55:49,463 [WARN] ModelIntegratedComponent:63 - No mode defined for component null
2026-03-19 02:55:49,463 [WARN] ModelIntegratedComponent:63 - No mode defined for component null
2026-03-19 02:55:49,463 [WARN] ModelIntegratedComponent:63 - No mode defined for component null
2026-03-19 02:55:49,463 [WARN] ModelIntegratedComponent:63 - No mode defined for component null
2026-03-19 02:55:49,463 [WARN] ModelIntegratedComponent:63 - No mode defined for component null
2026-03-19 02:55:49,463 [WARN] ModelIntegratedComponent:63 - No mode defined for component null
2026-03-19 02:55:49,463 [WARN] ModelIntegratedComponent:63 - No mode defined for component null
2026-03-19 02:55:49,463 [WARN] ModelIntegratedComponent:63 - No mode defined for component null
2026-03-19 02:55:49,463 [WARN] ModelIntegratedComponent:63 - No mode defined for component null
2026-03-19 02:55:49,463 [WARN] ModelIntegratedComponent:63 - No mode defined for component null
2026-03-19 02:55:49,463 [WARN] ModelIntegratedComponent:63 - No mode defined for component null
2026-03-19 02:55:49,463 [WARN] ModelIntegratedComponent:63 - No mode defined for component null
2026-03-19 02:55:49,463 [WARN] ModelIntegratedComponent:63 - No mode defined for component null
2026-03-19 02:55:49,463 [WARN] ModelIntegratedComponent:63 - No mode defined for component null
2026-03-19 02:55:49,463 [WARN] ModelIntegratedComponent:63 - No mode defined for component null
2026-03-19 02:55:49,463 [WARN] ModelIntegratedComponent:63 - No mode defined for component null
2026-03-19 02:55:49,463 [WARN] ModelIntegratedComponent:63 - No mode defined for component null
2026-03-19 02:55:49,463 [WARN] ModelIntegratedComponent:63 - No mode defined for component null
2026-03-19 02:55:49,463 [WARN] ModelIntegratedComponent:63 - No mode defined for component null
2026-03-19 02:55:49,463 [WARN] ModelIntegratedComponent:63 - No mode defined for component null
2026-03-19 02:55:49,463 [WARN] ModelIntegratedComponent:63 - No mode defined for component null
2026-03-19 02:55:49,463 [WARN] ModelIntegratedComponent:63 - No mode defined for component null
2026-03-19 02:55:49,463 [WARN] ModelIntegratedComponent:63 - No mode defined for component null
2026-03-19 02:55:49,463 [WARN] ModelIntegratedComponent:63 - No mode defined for component null
2026-03-19 02:55:49,464 [WARN] ModelIntegratedComponent:63 - No mode defined for component null
2026-03-19 02:55:49,464 [WARN] ModelIntegratedComponent:63 - No mode defined for component null
2026-03-19 02:55:49,464 [WARN] ModelIntegratedComponent:63 - No mode defined for component null
2026-03-19 02:55:49,464 [WARN] ModelIntegratedComponent:63 - No mode defined for component null
2026-03-19 02:55:49,539 [WARN] ModelIntegratedComponent:182 - Modes not found for component STMicroelectronics:USB_DEVICE:1.0.0:STMicroelectronics:USB::USB Device:Audio HS::1.0:USB_DEVICE_1_0_RESTRICTED_HS
2026-03-19 02:55:49,539 [WARN] ModelIntegratedComponent:188 - Modes not found for component STMicroelectronics:USB_DEVICE:1.0.0:STMicroelectronics:USB::USB Device:Audio HS::1.0:USB_DEVICE_1_0_RESTRICTED_HS
2026-03-19 02:55:49,539 [WARN] ModelIntegratedComponent:182 - Modes not found for component STMicroelectronics:USB_DEVICE:1.0.0:STMicroelectronics:USB::USB Device:CDC HS::1.0:USB_DEVICE_1_0_RESTRICTED_HS
2026-03-19 02:55:49,539 [WARN] ModelIntegratedComponent:188 - Modes not found for component STMicroelectronics:USB_DEVICE:1.0.0:STMicroelectronics:USB::USB Device:CDC HS::1.0:USB_DEVICE_1_0_RESTRICTED_HS
2026-03-19 02:55:49,539 [WARN] ModelIntegratedComponent:182 - Modes not found for component STMicroelectronics:USB_DEVICE:1.0.0:STMicroelectronics:USB::USB Device:DFU HS::1.0:USB_DEVICE_1_0_RESTRICTED_HS
2026-03-19 02:55:49,539 [WARN] ModelIntegratedComponent:188 - Modes not found for component STMicroelectronics:USB_DEVICE:1.0.0:STMicroelectronics:USB::USB Device:DFU HS::1.0:USB_DEVICE_1_0_RESTRICTED_HS
2026-03-19 02:55:49,539 [WARN] ModelIntegratedComponent:182 - Modes not found for component STMicroelectronics:USB_DEVICE:1.0.0:STMicroelectronics:USB::USB Device:HID HS::1.0:USB_DEVICE_1_0_RESTRICTED_HS
2026-03-19 02:55:49,539 [WARN] ModelIntegratedComponent:188 - Modes not found for component STMicroelectronics:USB_DEVICE:1.0.0:STMicroelectronics:USB::USB Device:HID HS::1.0:USB_DEVICE_1_0_RESTRICTED_HS
2026-03-19 02:55:49,539 [WARN] ModelIntegratedComponent:182 - Modes not found for component STMicroelectronics:USB_DEVICE:1.0.0:STMicroelectronics:USB::USB Device:Custom HID HS::1.0:USB_DEVICE_1_0_RESTRICTED_HS
2026-03-19 02:55:49,539 [WARN] ModelIntegratedComponent:188 - Modes not found for component STMicroelectronics:USB_DEVICE:1.0.0:STMicroelectronics:USB::USB Device:Custom HID HS::1.0:USB_DEVICE_1_0_RESTRICTED_HS
2026-03-19 02:55:49,539 [WARN] ModelIntegratedComponent:182 - Modes not found for component STMicroelectronics:USB_DEVICE:1.0.0:STMicroelectronics:USB::USB Device:MSC HS::1.0:USB_DEVICE_1_0_RESTRICTED_HS
2026-03-19 02:55:49,539 [WARN] ModelIntegratedComponent:188 - Modes not found for component STMicroelectronics:USB_DEVICE:1.0.0:STMicroelectronics:USB::USB Device:MSC HS::1.0:USB_DEVICE_1_0_RESTRICTED_HS
2026-03-19 02:55:49,642 [WARN] ModelIntegratedComponent:182 - Modes not found for component STMicroelectronics:USB_HOST:1.0.0:STMicroelectronics:USB::USB Host:Audio HS::1.0:USB_HOST_1_0_RESTRICTED_HS
2026-03-19 02:55:49,643 [WARN] ModelIntegratedComponent:188 - Modes not found for component STMicroelectronics:USB_HOST:1.0.0:STMicroelectronics:USB::USB Host:Audio HS::1.0:USB_HOST_1_0_RESTRICTED_HS
2026-03-19 02:55:49,643 [WARN] ModelIntegratedComponent:182 - Modes not found for component STMicroelectronics:USB_HOST:1.0.0:STMicroelectronics:USB::USB Host:CDC HS::1.0:USB_HOST_1_0_RESTRICTED_HS
2026-03-19 02:55:49,643 [WARN] ModelIntegratedComponent:188 - Modes not found for component STMicroelectronics:USB_HOST:1.0.0:STMicroelectronics:USB::USB Host:CDC HS::1.0:USB_HOST_1_0_RESTRICTED_HS
2026-03-19 02:55:49,643 [WARN] ModelIntegratedComponent:182 - Modes not found for component STMicroelectronics:USB_HOST:1.0.0:STMicroelectronics:USB::USB Host:MSC HS::1.0:USB_HOST_1_0_RESTRICTED_HS
2026-03-19 02:55:49,643 [WARN] ModelIntegratedComponent:188 - Modes not found for component STMicroelectronics:USB_HOST:1.0.0:STMicroelectronics:USB::USB Host:MSC HS::1.0:USB_HOST_1_0_RESTRICTED_HS
2026-03-19 02:55:49,643 [WARN] ModelIntegratedComponent:182 - Modes not found for component STMicroelectronics:USB_HOST:1.0.0:STMicroelectronics:USB::USB Host:HID HS::1.0:USB_HOST_1_0_RESTRICTED_HS
2026-03-19 02:55:49,643 [WARN] ModelIntegratedComponent:188 - Modes not found for component STMicroelectronics:USB_HOST:1.0.0:STMicroelectronics:USB::USB Host:HID HS::1.0:USB_HOST_1_0_RESTRICTED_HS
2026-03-19 02:55:49,643 [WARN] ModelIntegratedComponent:182 - Modes not found for component STMicroelectronics:USB_HOST:1.0.0:STMicroelectronics:USB::USB Host:MTP HS::1.0:USB_HOST_1_0_RESTRICTED_HS
2026-03-19 02:55:49,643 [WARN] ModelIntegratedComponent:188 - Modes not found for component STMicroelectronics:USB_HOST:1.0.0:STMicroelectronics:USB::USB Host:MTP HS::1.0:USB_HOST_1_0_RESTRICTED_HS
2026-03-19 02:55:49,725 [WARN] IP:2120 - tgfx_framebuffer_stride_value_custom not found: check if there is a RefParameter without a condition.
2026-03-19 02:55:49,739 [WARN] IP:2120 - tgfx_framebuffer_stride_value_custom not found: check if there is a RefParameter without a condition.
2026-03-19 02:55:50,426 [INFO] ApiDbMcu:508 - Load IP Config File for FREERTOS
2026-03-19 02:55:50,466 [INFO] ThirdPartyModel:298 - Start build external matchings
2026-03-19 02:55:52,130 [INFO] ThirdPartyModel:316 - End build external matchings
2026-03-19 02:55:52,177 [INFO] RtosManager:919 - Current active RTOS is FREERTOS [Cortex-M4NS]
2026-03-19 02:55:52,184 [INFO] ImportTextPane:194 - (OptionalMessage_ERROR) IP (DMA) : Parameter (Instance) has Id (SPI1_TX) currently not set
2026-03-19 02:55:52,184 [INFO] ImportTextPane:194 - (OptionalMessage_ERROR) IP (DMA) : Parameter (Channel) has Id (SPI1_TX) currently not set
2026-03-19 02:55:52,184 [INFO] ImportTextPane:194 - (OptionalMessage_ERROR) IP (DMA) : Parameter (Direction) has Id (SPI1_TX) currently not set
2026-03-19 02:55:52,184 [INFO] ImportTextPane:194 - (OptionalMessage_ERROR) IP (DMA) : Parameter (PeriphInc) has Id (SPI1_TX) currently not set
2026-03-19 02:55:52,184 [INFO] ImportTextPane:194 - (OptionalMessage_ERROR) IP (DMA) : Parameter (MemInc) has Id (SPI1_TX) currently not set
2026-03-19 02:55:52,185 [INFO] ImportTextPane:194 - (OptionalMessage_ERROR) IP (DMA) : Parameter (PeriphDataAlignment) has Id (SPI1_TX) currently not set
2026-03-19 02:55:52,185 [INFO] ImportTextPane:194 - (OptionalMessage_ERROR) IP (DMA) : Parameter (MemDataAlignment) has Id (SPI1_TX) currently not set
2026-03-19 02:55:52,185 [INFO] ImportTextPane:194 - (OptionalMessage_ERROR) IP (DMA) : Parameter (Mode) has Id (SPI1_TX) currently not set
2026-03-19 02:55:52,185 [INFO] ImportTextPane:194 - (OptionalMessage_ERROR) IP (DMA) : Parameter (Priority) has Id (SPI1_TX) currently not set
2026-03-19 02:55:52,185 [INFO] ImportTextPane:194 - (OptionalMessage_ERROR) IP (DMA) : Parameter (FIFOMode) has Id (SPI1_TX) currently not set
2026-03-19 02:55:52,185 [INFO] ImportTextPane:194 - (OptionalMessage_ERROR) IP (DMA) : Parameter (FIFOThreshold) has Id (SPI1_TX) currently not set
2026-03-19 02:55:52,185 [INFO] ImportTextPane:194 - (OptionalMessage_ERROR) IP (DMA) : Parameter (FIFOThreshold) has invalid value (null)
2026-03-19 02:55:52,185 [INFO] ImportTextPane:194 - (OptionalMessage_ERROR) IP (DMA) : Parameter (MemBurst) has Id (SPI1_TX) currently not set
2026-03-19 02:55:52,185 [INFO] ImportTextPane:194 - (OptionalMessage_ERROR) IP (DMA) : Parameter (MemBurst) has invalid value (null)
2026-03-19 02:55:52,185 [INFO] ImportTextPane:194 - (OptionalMessage_ERROR) IP (DMA) : Parameter (PeriphBurst) has Id (SPI1_TX) currently not set
2026-03-19 02:55:52,185 [INFO] ImportTextPane:194 - (OptionalMessage_ERROR) IP (DMA) : Parameter (PeriphBurst) has invalid value (null)
2026-03-19 02:55:52,192 [WARN] IP:2120 - tgfx_framebuffer_stride_value_custom not found: check if there is a RefParameter without a condition.
2026-03-19 02:55:52,194 [INFO] ImportTextPane:194 - (OptionalMessage_ERROR) IP (STMicroelectronics.X-CUBE-TOUCHGFX.4.26.0) : Parameter (ApplicationCcGraphicsJjApplication) has invalid value (TouchGFXOoGenerator)
2026-03-19 02:55:52,641 [INFO] ApiDb:581 - Connected to CubeFinder SQLite database (C:\Users\USER\.stmcufinder\plugins\mcufinder\mcu\cube-finder-db.db)
2026-03-19 02:55:52,722 [INFO] ApiDb:668 - CubeFinder database Data Model version=2.1
2026-03-19 02:55:52,722 [INFO] ApiDb:669 - CubeFinder database Configuration version=3.0.39
2026-03-19 02:55:52,722 [INFO] ApiDb:670 - CubeFinder database generation date=2025-12-22 (1766407740)
2026-03-19 02:55:52,722 [INFO] ApiDb:671 - CubeFinder database FW Pack versions=[FP-ATR-ASTRA1_V2.0.0, FP-SNS-FLIGHT1_V5.1.0, FP-SNS-MOTENV1_V5.1.0, FP-SNS-MOTENVWB1_V1.4.0, FP-SNS-SMARTAG2_V1.2.0, FP-SNS-STBOX1_V2.1.0, STM32Cube_FW_C0_V1.4.0, STM32Cube_FW_F4_V1.28.3, STM32Cube_FW_F7_V1.17.4, STM32Cube_FW_G0_V1.6.2, STM32Cube_FW_G4_V1.6.1, STM32Cube_FW_H5_V1.5.1, STM32Cube_FW_H7RS_V1.3.0, STM32Cube_FW_H7_V1.12.1, STM32Cube_FW_L0_V1.12.2, STM32Cube_FW_L4_V1.18.1, STM32Cube_FW_L5_V1.6.0, STM32Cube_FW_N6_V1.3.0, STM32Cube_FW_U0_V1.3.0, STM32Cube_FW_U3_V1.2.1, STM32Cube_FW_U5_V1.8.0, STM32Cube_FW_WB0_V1.4.0, STM32Cube_FW_WBA_V1.8.0, STM32Cube_FW_WB_V1.24.0, STM32Cube_FW_WL3_V1.3.0, STM32Cube_FW_WL_V1.4.0, X-CUBE-ALGOBUILD_V1.4.0, X-CUBE-ALS_V1.0.2, X-CUBE-AZRTOS-F4_V1.1.0, X-CUBE-AZRTOS-F7_V1.1.0, X-CUBE-AZRTOS-G0_V1.1.0, X-CUBE-AZRTOS-G4_V2.0.0, X-CUBE-AZRTOS-H7RS_V1.1.0, X-CUBE-AZRTOS-H7_V3.4.0, X-CUBE-AZRTOS-L4_V2.0.0, X-CUBE-AZRTOS-L5_V2.0.0, X-CUBE-AZRTOS-WB_V2.0.0, X-CUBE-AZRTOS-WL_V2.0.0, X-CUBE-BLE1_V7.1.0, X-CUBE-BLE2_V3.3.0, X-CUBE-BLEMGR_V4.1.0, X-CUBE-EEPRMA1_V5.2.0, X-CUBE-FREERTOS_V1.3.1, X-CUBE-GNSS1_V6.0.0, X-CUBE-MEMS1_V12.0.0, X-CUBE-NFC4_V3.0.0, X-CUBE-NFC7_V2.0.0, X-CUBE-SFXS2LP1_V4.0.0, X-CUBE-ST67W61_V1.1.0, X-CUBE-SUBG2_V5.0.0, X-CUBE-TOF1_V3.4.3]
2026-03-19 02:55:52,783 [INFO] DbBoardsSqlite:226 - include board P-NUCLEO-WB55-NUCLEO as a kit item of type 'Nucleo-64'
2026-03-19 02:55:52,784 [INFO] DbBoardsSqlite:226 - include board P-NUCLEO-WB55-USBDONGLE as a kit item of type 'Nucleo USB Dongle'
2026-03-19 02:55:52,784 [INFO] DbBoardsSqlite:226 - include board STEVAL-IDP005V1 as a kit item of type 'Evaluation Board'
2026-03-19 02:55:52,784 [INFO] DbBoardsSqlite:226 - include board STEVAL-IDP005V2 as a kit item of type 'Evaluation Board'
2026-03-19 02:55:52,851 [INFO] ApiDb:240 - Found 483 in-development CPN: [B-G473E-ZEST1S, B-WB1M-WPAN1, B-WL5M-SUBG1, NUCLEO-C031C6, NUCLEO-H503RB, NUCLEO-H533RE, NUCLEO-H563ZI, NUCLEO-H7S3L8, NUCLEO-U031R8, NUCLEO-U083RC, NUCLEO-U545RE-Q, NUCLEO-U5A5ZJ-Q, NUCLEO-WBA52CG, NUCLEO-WBA55CG, STEVAL-PROTEUS1, STEVAL-SMARTAG2, STEVAL-STWINBX1, STM320518-EVAL, STM32C0116-DK, STM32C011D6Y3TR, STM32C011D6Y6TR, STM32C011F4P3, STM32C011F4P6, STM32C011F4U3, STM32C011F4U6TR, STM32C011F6P3, STM32C011F6P6, STM32C011F6U3, STM32C011F6U6TR, STM32C011J4M3, STM32C011J4M6, STM32C011J6M3, STM32C011J6M6, STM32C0316-DK, STM32C031C4T3, STM32C031C4T6, STM32C031C4U3, STM32C031C4U6, STM32C031C6T3, STM32C031C6T6, STM32C031C6U3, STM32C031C6U6, STM32C031F4P3, STM32C031F4P6, STM32C031F6P3, STM32C031F6P6, STM32C031G4U3, STM32C031G4U6, STM32C031G6U3, STM32C031G6U6, STM32C031K4T3, STM32C031K4T6, STM32C031K4U3, STM32C031K4U6, STM32C031K6T3, STM32C031K6T6, STM32C031K6U3, STM32C031K6U6, STM32G071K8TXN, STM32G071K8UXN, STM32G081GBU6N, STM32G081KBT6N, STM32G081KBUXN, STM32G0B1CCT6N, STM32G0B1KCT6, STM32G0B1NEY6TR, STM32G0B1RCT6N, STM32G0C1CCT6, STM32G0C1CCT6N, STM32G0C1CCU6N, STM32G0C1CET6N, STM32G0C1CEU6N, STM32G0C1KCT6, STM32G0C1NEY6TR, STM32G0C1RCI6N, STM32G0C1RCT6N, STM32G0C1REI6N, STM32G0C1RET6N, STM32G0C1VCI6, STM32G0C1VEI6, STM32G471CCT6, STM32G471CCU6, STM32G471CET3, STM32G471CET6, STM32G471CEU3, STM32G471CEU6, STM32G471MCT6, STM32G471MET3, STM32G471MET6, STM32G471MEY6TR, STM32G471QCT6, STM32G471QET3, STM32G471RCT6, STM32G471RET3, STM32G471RET6, STM32G471VCH6, STM32G471VCI6, STM32G471VCT6, STM32G471VEH3, STM32G471VEH6, STM32G471VEI3, STM32G471VEI6, STM32G471VET3, STM32G471VET6, STM32G474CCT6, STM32H503CBT6, STM32H503CBU6, STM32H503EBY6TR, STM32H503KBU6, STM32H503RBT6, STM32H523CCT6, STM32H523CCU6, STM32H523CET6, STM32H523CEU6, STM32H523HEY6TR, STM32H523RCT6, STM32H523RET6, STM32H523VCI6, STM32H523VCT6, STM32H523VEI6, STM32H523VET6, STM32H523ZCJ6, STM32H523ZCT6, STM32H523ZEJ6, STM32H523ZET6, STM32H533CET6, STM32H533CEU6, STM32H533HEY6TR, STM32H533RET6, STM32H533VEI6, STM32H533VET6, STM32H533ZEJ6, STM32H533ZET6, STM32H562AGI6, STM32H562AII6, STM32H562IGK6, STM32H562IGT6, STM32H562IIK6, STM32H562IIT6, STM32H562RGT6, STM32H562RGV6, STM32H562RIT6, STM32H562RIV6, STM32H562VGT6, STM32H562VIT6, STM32H562ZGT6, STM32H562ZIT6, STM32H563AGI6, STM32H563AII3Q, STM32H563AII6, STM32H563IGK6, STM32H563IGT6, STM32H563IIK3Q, STM32H563IIK6, STM32H563IIT3Q, STM32H563IIT6, STM32H563MIY3QTR, STM32H563RGT6, STM32H563RGV6, STM32H563RIT6, STM32H563RIV6, STM32H563VGT6, STM32H563VIT3Q, STM32H563VIT6, STM32H563ZGT6, STM32H563ZIT3Q, STM32H563ZIT6, STM32H573AII3Q, STM32H573AII6, STM32H573I-DK, STM32H573IIK3Q, STM32H573IIK6, STM32H573IIT3Q, STM32H573IIT6, STM32H573MIY3QTR, STM32H573RIT6, STM32H573RIV6, STM32H573VIT3Q, STM32H573VIT6, STM32H573ZIT3Q, STM32H573ZIT6, STM32H7R3A8I6, STM32H7R3I8K6, STM32H7R3I8T6, STM32H7R3L8H6, STM32H7R3L8H6H, STM32H7R3R8V6, STM32H7R3V8H6, STM32H7R3V8T6, STM32H7R3V8Y6, STM32H7R3Z8J6, STM32H7R3Z8T6, STM32H7R7A8I6, STM32H7R7I8K6, STM32H7R7I8T6, STM32H7R7L8H6, STM32H7R7L8H6H, STM32H7R7Z8J6, STM32H7S3A8I6, STM32H7S3I8K6, STM32H7S3I8T6, STM32H7S3L8H6, STM32H7S3L8H6H, STM32H7S3R8V6, STM32H7S3V8H6, STM32H7S3V8T6, STM32H7S3V8Y6, STM32H7S3Z8J6, STM32H7S3Z8T6, STM32H7S78-DK, STM32H7S7A8I6, STM32H7S7I8K6, STM32H7S7I8T6, STM32H7S7L8H6, STM32H7S7L8H6H, STM32H7S7Z8J6, STM32L4R5QGI6STR, STM32MP131AAE3, STM32MP131AAF3, STM32MP131AAG3, STM32MP131CAE3, STM32MP131CAF3, STM32MP131CAG3, STM32MP131DAE7, STM32MP131DAF7, STM32MP131DAG7, STM32MP131FAE7, STM32MP131FAF7, STM32MP131FAG7, STM32MP133AAE3, STM32MP133AAF3, STM32MP133AAG3, STM32MP133CAE3, STM32MP133CAF3, STM32MP133CAG3, STM32MP133DAE7, STM32MP133DAF7, STM32MP133DAG7, STM32MP133FAE7, STM32MP133FAF7, STM32MP133FAG7, STM32MP135AAE3, STM32MP135AAF3, STM32MP135AAG3, STM32MP135CAE3, STM32MP135CAF3, STM32MP135CAG3, STM32MP135DAE7, STM32MP135DAF7, STM32MP135DAG7, STM32MP135F-DK, STM32MP135FAE7, STM32MP135FAF7, STM32MP135FAF7T, STM32MP135FAF7U, STM32MP135FAG7, STM32U031C6T6, STM32U031C6U6, STM32U031C8T6, STM32U031C8U6, STM32U031F4P6, STM32U031F6P6, STM32U031F8P6, STM32U031G6Y6TR, STM32U031G8Y6TR, STM32U031K4U6, STM32U031K6U6, STM32U031K8U6, STM32U031R6I6, STM32U031R6T6, STM32U031R8I6, STM32U031R8T6, STM32U073C8T6, STM32U073C8U6, STM32U073CBT6, STM32U073CBU6, STM32U073CCT6, STM32U073CCU6, STM32U073H8Y6TR, STM32U073HBY6TR, STM32U073HCY6TR, STM32U073K8U6, STM32U073KBU6, STM32U073KCU6, STM32U073M8I6, STM32U073M8T6, STM32U073MBI6, STM32U073MBT6, STM32U073MCI6, STM32U073MCT6, STM32U073R8I6, STM32U073R8T6, STM32U073RBI6, STM32U073RBT6, STM32U073RCI6, STM32U073RCT6, STM32U083C-DK, STM32U083CCT6, STM32U083CCU6, STM32U083HCY6TR, STM32U083KCU6, STM32U083MCI6, STM32U083MCT6, STM32U083RCI6, STM32U083RCT6, STM32U535CBT6, STM32U535CBT6Q, STM32U535CBU6, STM32U535CBU6Q, STM32U535CCT6, STM32U535CCT6Q, STM32U535CCU6, STM32U535CCU6Q, STM32U535CET6, STM32U535CET6Q, STM32U535CEU6, STM32U535CEU6Q, STM32U535JEY6QTR, STM32U535NCY6QTR, STM32U535NEY6QTR, STM32U535RBI6, STM32U535RBI6Q, STM32U535RBT6, STM32U535RBT6Q, STM32U535RCI6, STM32U535RCI6Q, STM32U535RCT6, STM32U535RCT6Q, STM32U535REI6, STM32U535REI6Q, STM32U535RET6, STM32U535RET6Q, STM32U535VCI6, STM32U535VCI6Q, STM32U535VCT6, STM32U535VCT6Q, STM32U535VEI6, STM32U535VEI6Q, STM32U535VET6, STM32U535VET6Q, STM32U545CET6, STM32U545CET6Q, STM32U545CEU6, STM32U545CEU6Q, STM32U545JEY6QTR, STM32U545NEY6QTR, STM32U545REI6, STM32U545REI6Q, STM32U545RET6, STM32U545RET6Q, STM32U545VEI6, STM32U545VEI6Q, STM32U545VET6, STM32U545VET6Q, STM32U595AIH6, STM32U595AIH6Q, STM32U595AJH6, STM32U595AJH6Q, STM32U595QII6, STM32U595QII6Q, STM32U595QJI6, STM32U595QJI6Q, STM32U595RIT6, STM32U595RIT6Q, STM32U595RJT6, STM32U595RJT6Q, STM32U595VIT6, STM32U595VIT6Q, STM32U595VJT6, STM32U595VJT6Q, STM32U595ZIT6, STM32U595ZIT6Q, STM32U595ZIY6QTR, STM32U595ZJT6, STM32U595ZJT6Q, STM32U595ZJY6QTR, STM32U599BJY6QTR, STM32U599NIH6Q, STM32U599NJH6Q, STM32U599VIT6Q, STM32U599VJT6, STM32U599VJT6Q, STM32U599ZIT6Q, STM32U599ZIY6QTR, STM32U599ZJT6Q, STM32U599ZJY6QTR, STM32U5A5AJH6, STM32U5A5AJH6Q, STM32U5A5QII3Q , STM32U5A5QJI6, STM32U5A5QJI6Q, STM32U5A5RJT6, STM32U5A5RJT6Q, STM32U5A5VJT6, STM32U5A5VJT6Q, STM32U5A5ZJT6, STM32U5A5ZJT6Q, STM32U5A5ZJY6QTR, STM32U5A9BJY6QTR, STM32U5A9J-DK, STM32U5A9NJH6Q, STM32U5A9VJT6Q, STM32U5A9ZJT6Q, STM32U5A9ZJY6QTR, STM32U5F7VIT6, STM32U5F7VIT6Q, STM32U5F7VJT6, STM32U5F7VJT6Q, STM32U5F9BJY6QTR, STM32U5F9NJH6Q, STM32U5F9VIT6Q, STM32U5F9VJT6Q, STM32U5F9ZIJ6QTR, STM32U5F9ZIT6Q, STM32U5F9ZJJ6QTR, STM32U5F9ZJT6Q, STM32U5G7VJT6, STM32U5G7VJT6Q, STM32U5G9BJY6QTR, STM32U5G9J-DK1, STM32U5G9J-DK2, STM32U5G9NJH6Q, STM32U5G9VJT6Q, STM32U5G9ZJJ6QTR, STM32U5G9ZJT6Q, STM32WB1MMCH6, STM32WBA50KEU6, STM32WBA50KEU6TR, STM32WBA50KGU6, STM32WBA50KGU6TR, STM32WBA52CEU6, STM32WBA52CEU6TR, STM32WBA52CEU7, STM32WBA52CEU7TR, STM32WBA52CGU6, STM32WBA52CGU6TR, STM32WBA52CGU6U, STM32WBA52CGU7, STM32WBA52CGU7TR, STM32WBA52KEU6, STM32WBA52KEU6TR, STM32WBA52KGU6, STM32WBA52KGU6TR, STM32WBA54CEU6, STM32WBA54CEU6TR, STM32WBA54CEU7, STM32WBA54CEU7TR, STM32WBA54CGU6, STM32WBA54CGU6TR, STM32WBA54CGU7, STM32WBA54CGU7TR, STM32WBA54KEU6, STM32WBA54KEU6TR, STM32WBA54KEU7, STM32WBA54KEU7TR, STM32WBA54KGU6, STM32WBA54KGU6TR, STM32WBA54KGU7, STM32WBA54KGU7TR, STM32WBA55CEU6, STM32WBA55CEU6TR, STM32WBA55CEU7, STM32WBA55CEU7TR, STM32WBA55CGU6, STM32WBA55CGU6TR, STM32WBA55CGU6U, STM32WBA55CGU7, STM32WBA55CGU7TR, STM32WBA55G-DK1, STM32WBA55HEF6, STM32WBA55HEF7, STM32WBA55HGF6, STM32WBA55HGF7, STM32WBA55UEI6, STM32WBA55UEI6TR, STM32WBA55UEI7, STM32WBA55UEI7TR, STM32WBA55UGI6, STM32WBA55UGI6TR, STM32WBA55UGI7, STM32WBA55UGI7TR, STM32WL5MOCH6, STM32WL5MOCH6TR]
2026-03-19 02:55:52,854 [INFO] ApiDb:668 - CubeFinder database Data Model version=2.1
2026-03-19 02:55:52,856 [INFO] ApiDb:669 - CubeFinder database Configuration version=3.0.39
2026-03-19 02:55:52,856 [INFO] ApiDb:670 - CubeFinder database generation date=2025-12-22 (1766407740)
2026-03-19 02:55:52,856 [INFO] ApiDb:671 - CubeFinder database FW Pack versions=[FP-ATR-ASTRA1_V2.0.0, FP-SNS-FLIGHT1_V5.1.0, FP-SNS-MOTENV1_V5.1.0, FP-SNS-MOTENVWB1_V1.4.0, FP-SNS-SMARTAG2_V1.2.0, FP-SNS-STBOX1_V2.1.0, STM32Cube_FW_C0_V1.4.0, STM32Cube_FW_F4_V1.28.3, STM32Cube_FW_F7_V1.17.4, STM32Cube_FW_G0_V1.6.2, STM32Cube_FW_G4_V1.6.1, STM32Cube_FW_H5_V1.5.1, STM32Cube_FW_H7RS_V1.3.0, STM32Cube_FW_H7_V1.12.1, STM32Cube_FW_L0_V1.12.2, STM32Cube_FW_L4_V1.18.1, STM32Cube_FW_L5_V1.6.0, STM32Cube_FW_N6_V1.3.0, STM32Cube_FW_U0_V1.3.0, STM32Cube_FW_U3_V1.2.1, STM32Cube_FW_U5_V1.8.0, STM32Cube_FW_WB0_V1.4.0, STM32Cube_FW_WBA_V1.8.0, STM32Cube_FW_WB_V1.24.0, STM32Cube_FW_WL3_V1.3.0, STM32Cube_FW_WL_V1.4.0, X-CUBE-ALGOBUILD_V1.4.0, X-CUBE-ALS_V1.0.2, X-CUBE-AZRTOS-F4_V1.1.0, X-CUBE-AZRTOS-F7_V1.1.0, X-CUBE-AZRTOS-G0_V1.1.0, X-CUBE-AZRTOS-G4_V2.0.0, X-CUBE-AZRTOS-H7RS_V1.1.0, X-CUBE-AZRTOS-H7_V3.4.0, X-CUBE-AZRTOS-L4_V2.0.0, X-CUBE-AZRTOS-L5_V2.0.0, X-CUBE-AZRTOS-WB_V2.0.0, X-CUBE-AZRTOS-WL_V2.0.0, X-CUBE-BLE1_V7.1.0, X-CUBE-BLE2_V3.3.0, X-CUBE-BLEMGR_V4.1.0, X-CUBE-EEPRMA1_V5.2.0, X-CUBE-FREERTOS_V1.3.1, X-CUBE-GNSS1_V6.0.0, X-CUBE-MEMS1_V12.0.0, X-CUBE-NFC4_V3.0.0, X-CUBE-NFC7_V2.0.0, X-CUBE-SFXS2LP1_V4.0.0, X-CUBE-ST67W61_V1.1.0, X-CUBE-SUBG2_V5.0.0, X-CUBE-TOF1_V3.4.3]
2026-03-19 02:55:54,878 [INFO] ApiDb:240 - Found 483 in-development CPN: [B-G473E-ZEST1S, B-WB1M-WPAN1, B-WL5M-SUBG1, NUCLEO-C031C6, NUCLEO-H503RB, NUCLEO-H533RE, NUCLEO-H563ZI, NUCLEO-H7S3L8, NUCLEO-U031R8, NUCLEO-U083RC, NUCLEO-U545RE-Q, NUCLEO-U5A5ZJ-Q, NUCLEO-WBA52CG, NUCLEO-WBA55CG, STEVAL-PROTEUS1, STEVAL-SMARTAG2, STEVAL-STWINBX1, STM320518-EVAL, STM32C0116-DK, STM32C011D6Y3TR, STM32C011D6Y6TR, STM32C011F4P3, STM32C011F4P6, STM32C011F4U3, STM32C011F4U6TR, STM32C011F6P3, STM32C011F6P6, STM32C011F6U3, STM32C011F6U6TR, STM32C011J4M3, STM32C011J4M6, STM32C011J6M3, STM32C011J6M6, STM32C0316-DK, STM32C031C4T3, STM32C031C4T6, STM32C031C4U3, STM32C031C4U6, STM32C031C6T3, STM32C031C6T6, STM32C031C6U3, STM32C031C6U6, STM32C031F4P3, STM32C031F4P6, STM32C031F6P3, STM32C031F6P6, STM32C031G4U3, STM32C031G4U6, STM32C031G6U3, STM32C031G6U6, STM32C031K4T3, STM32C031K4T6, STM32C031K4U3, STM32C031K4U6, STM32C031K6T3, STM32C031K6T6, STM32C031K6U3, STM32C031K6U6, STM32G071K8TXN, STM32G071K8UXN, STM32G081GBU6N, STM32G081KBT6N, STM32G081KBUXN, STM32G0B1CCT6N, STM32G0B1KCT6, STM32G0B1NEY6TR, STM32G0B1RCT6N, STM32G0C1CCT6, STM32G0C1CCT6N, STM32G0C1CCU6N, STM32G0C1CET6N, STM32G0C1CEU6N, STM32G0C1KCT6, STM32G0C1NEY6TR, STM32G0C1RCI6N, STM32G0C1RCT6N, STM32G0C1REI6N, STM32G0C1RET6N, STM32G0C1VCI6, STM32G0C1VEI6, STM32G471CCT6, STM32G471CCU6, STM32G471CET3, STM32G471CET6, STM32G471CEU3, STM32G471CEU6, STM32G471MCT6, STM32G471MET3, STM32G471MET6, STM32G471MEY6TR, STM32G471QCT6, STM32G471QET3, STM32G471RCT6, STM32G471RET3, STM32G471RET6, STM32G471VCH6, STM32G471VCI6, STM32G471VCT6, STM32G471VEH3, STM32G471VEH6, STM32G471VEI3, STM32G471VEI6, STM32G471VET3, STM32G471VET6, STM32G474CCT6, STM32H503CBT6, STM32H503CBU6, STM32H503EBY6TR, STM32H503KBU6, STM32H503RBT6, STM32H523CCT6, STM32H523CCU6, STM32H523CET6, STM32H523CEU6, STM32H523HEY6TR, STM32H523RCT6, STM32H523RET6, STM32H523VCI6, STM32H523VCT6, STM32H523VEI6, STM32H523VET6, STM32H523ZCJ6, STM32H523ZCT6, STM32H523ZEJ6, STM32H523ZET6, STM32H533CET6, STM32H533CEU6, STM32H533HEY6TR, STM32H533RET6, STM32H533VEI6, STM32H533VET6, STM32H533ZEJ6, STM32H533ZET6, STM32H562AGI6, STM32H562AII6, STM32H562IGK6, STM32H562IGT6, STM32H562IIK6, STM32H562IIT6, STM32H562RGT6, STM32H562RGV6, STM32H562RIT6, STM32H562RIV6, STM32H562VGT6, STM32H562VIT6, STM32H562ZGT6, STM32H562ZIT6, STM32H563AGI6, STM32H563AII3Q, STM32H563AII6, STM32H563IGK6, STM32H563IGT6, STM32H563IIK3Q, STM32H563IIK6, STM32H563IIT3Q, STM32H563IIT6, STM32H563MIY3QTR, STM32H563RGT6, STM32H563RGV6, STM32H563RIT6, STM32H563RIV6, STM32H563VGT6, STM32H563VIT3Q, STM32H563VIT6, STM32H563ZGT6, STM32H563ZIT3Q, STM32H563ZIT6, STM32H573AII3Q, STM32H573AII6, STM32H573I-DK, STM32H573IIK3Q, STM32H573IIK6, STM32H573IIT3Q, STM32H573IIT6, STM32H573MIY3QTR, STM32H573RIT6, STM32H573RIV6, STM32H573VIT3Q, STM32H573VIT6, STM32H573ZIT3Q, STM32H573ZIT6, STM32H7R3A8I6, STM32H7R3I8K6, STM32H7R3I8T6, STM32H7R3L8H6, STM32H7R3L8H6H, STM32H7R3R8V6, STM32H7R3V8H6, STM32H7R3V8T6, STM32H7R3V8Y6, STM32H7R3Z8J6, STM32H7R3Z8T6, STM32H7R7A8I6, STM32H7R7I8K6, STM32H7R7I8T6, STM32H7R7L8H6, STM32H7R7L8H6H, STM32H7R7Z8J6, STM32H7S3A8I6, STM32H7S3I8K6, STM32H7S3I8T6, STM32H7S3L8H6, STM32H7S3L8H6H, STM32H7S3R8V6, STM32H7S3V8H6, STM32H7S3V8T6, STM32H7S3V8Y6, STM32H7S3Z8J6, STM32H7S3Z8T6, STM32H7S78-DK, STM32H7S7A8I6, STM32H7S7I8K6, STM32H7S7I8T6, STM32H7S7L8H6, STM32H7S7L8H6H, STM32H7S7Z8J6, STM32L4R5QGI6STR, STM32MP131AAE3, STM32MP131AAF3, STM32MP131AAG3, STM32MP131CAE3, STM32MP131CAF3, STM32MP131CAG3, STM32MP131DAE7, STM32MP131DAF7, STM32MP131DAG7, STM32MP131FAE7, STM32MP131FAF7, STM32MP131FAG7, STM32MP133AAE3, STM32MP133AAF3, STM32MP133AAG3, STM32MP133CAE3, STM32MP133CAF3, STM32MP133CAG3, STM32MP133DAE7, STM32MP133DAF7, STM32MP133DAG7, STM32MP133FAE7, STM32MP133FAF7, STM32MP133FAG7, STM32MP135AAE3, STM32MP135AAF3, STM32MP135AAG3, STM32MP135CAE3, STM32MP135CAF3, STM32MP135CAG3, STM32MP135DAE7, STM32MP135DAF7, STM32MP135DAG7, STM32MP135F-DK, STM32MP135FAE7, STM32MP135FAF7, STM32MP135FAF7T, STM32MP135FAF7U, STM32MP135FAG7, STM32U031C6T6, STM32U031C6U6, STM32U031C8T6, STM32U031C8U6, STM32U031F4P6, STM32U031F6P6, STM32U031F8P6, STM32U031G6Y6TR, STM32U031G8Y6TR, STM32U031K4U6, STM32U031K6U6, STM32U031K8U6, STM32U031R6I6, STM32U031R6T6, STM32U031R8I6, STM32U031R8T6, STM32U073C8T6, STM32U073C8U6, STM32U073CBT6, STM32U073CBU6, STM32U073CCT6, STM32U073CCU6, STM32U073H8Y6TR, STM32U073HBY6TR, STM32U073HCY6TR, STM32U073K8U6, STM32U073KBU6, STM32U073KCU6, STM32U073M8I6, STM32U073M8T6, STM32U073MBI6, STM32U073MBT6, STM32U073MCI6, STM32U073MCT6, STM32U073R8I6, STM32U073R8T6, STM32U073RBI6, STM32U073RBT6, STM32U073RCI6, STM32U073RCT6, STM32U083C-DK, STM32U083CCT6, STM32U083CCU6, STM32U083HCY6TR, STM32U083KCU6, STM32U083MCI6, STM32U083MCT6, STM32U083RCI6, STM32U083RCT6, STM32U535CBT6, STM32U535CBT6Q, STM32U535CBU6, STM32U535CBU6Q, STM32U535CCT6, STM32U535CCT6Q, STM32U535CCU6, STM32U535CCU6Q, STM32U535CET6, STM32U535CET6Q, STM32U535CEU6, STM32U535CEU6Q, STM32U535JEY6QTR, STM32U535NCY6QTR, STM32U535NEY6QTR, STM32U535RBI6, STM32U535RBI6Q, STM32U535RBT6, STM32U535RBT6Q, STM32U535RCI6, STM32U535RCI6Q, STM32U535RCT6, STM32U535RCT6Q, STM32U535REI6, STM32U535REI6Q, STM32U535RET6, STM32U535RET6Q, STM32U535VCI6, STM32U535VCI6Q, STM32U535VCT6, STM32U535VCT6Q, STM32U535VEI6, STM32U535VEI6Q, STM32U535VET6, STM32U535VET6Q, STM32U545CET6, STM32U545CET6Q, STM32U545CEU6, STM32U545CEU6Q, STM32U545JEY6QTR, STM32U545NEY6QTR, STM32U545REI6, STM32U545REI6Q, STM32U545RET6, STM32U545RET6Q, STM32U545VEI6, STM32U545VEI6Q, STM32U545VET6, STM32U545VET6Q, STM32U595AIH6, STM32U595AIH6Q, STM32U595AJH6, STM32U595AJH6Q, STM32U595QII6, STM32U595QII6Q, STM32U595QJI6, STM32U595QJI6Q, STM32U595RIT6, STM32U595RIT6Q, STM32U595RJT6, STM32U595RJT6Q, STM32U595VIT6, STM32U595VIT6Q, STM32U595VJT6, STM32U595VJT6Q, STM32U595ZIT6, STM32U595ZIT6Q, STM32U595ZIY6QTR, STM32U595ZJT6, STM32U595ZJT6Q, STM32U595ZJY6QTR, STM32U599BJY6QTR, STM32U599NIH6Q, STM32U599NJH6Q, STM32U599VIT6Q, STM32U599VJT6, STM32U599VJT6Q, STM32U599ZIT6Q, STM32U599ZIY6QTR, STM32U599ZJT6Q, STM32U599ZJY6QTR, STM32U5A5AJH6, STM32U5A5AJH6Q, STM32U5A5QII3Q , STM32U5A5QJI6, STM32U5A5QJI6Q, STM32U5A5RJT6, STM32U5A5RJT6Q, STM32U5A5VJT6, STM32U5A5VJT6Q, STM32U5A5ZJT6, STM32U5A5ZJT6Q, STM32U5A5ZJY6QTR, STM32U5A9BJY6QTR, STM32U5A9J-DK, STM32U5A9NJH6Q, STM32U5A9VJT6Q, STM32U5A9ZJT6Q, STM32U5A9ZJY6QTR, STM32U5F7VIT6, STM32U5F7VIT6Q, STM32U5F7VJT6, STM32U5F7VJT6Q, STM32U5F9BJY6QTR, STM32U5F9NJH6Q, STM32U5F9VIT6Q, STM32U5F9VJT6Q, STM32U5F9ZIJ6QTR, STM32U5F9ZIT6Q, STM32U5F9ZJJ6QTR, STM32U5F9ZJT6Q, STM32U5G7VJT6, STM32U5G7VJT6Q, STM32U5G9BJY6QTR, STM32U5G9J-DK1, STM32U5G9J-DK2, STM32U5G9NJH6Q, STM32U5G9VJT6Q, STM32U5G9ZJJ6QTR, STM32U5G9ZJT6Q, STM32WB1MMCH6, STM32WBA50KEU6, STM32WBA50KEU6TR, STM32WBA50KGU6, STM32WBA50KGU6TR, STM32WBA52CEU6, STM32WBA52CEU6TR, STM32WBA52CEU7, STM32WBA52CEU7TR, STM32WBA52CGU6, STM32WBA52CGU6TR, STM32WBA52CGU6U, STM32WBA52CGU7, STM32WBA52CGU7TR, STM32WBA52KEU6, STM32WBA52KEU6TR, STM32WBA52KGU6, STM32WBA52KGU6TR, STM32WBA54CEU6, STM32WBA54CEU6TR, STM32WBA54CEU7, STM32WBA54CEU7TR, STM32WBA54CGU6, STM32WBA54CGU6TR, STM32WBA54CGU7, STM32WBA54CGU7TR, STM32WBA54KEU6, STM32WBA54KEU6TR, STM32WBA54KEU7, STM32WBA54KEU7TR, STM32WBA54KGU6, STM32WBA54KGU6TR, STM32WBA54KGU7, STM32WBA54KGU7TR, STM32WBA55CEU6, STM32WBA55CEU6TR, STM32WBA55CEU7, STM32WBA55CEU7TR, STM32WBA55CGU6, STM32WBA55CGU6TR, STM32WBA55CGU6U, STM32WBA55CGU7, STM32WBA55CGU7TR, STM32WBA55G-DK1, STM32WBA55HEF6, STM32WBA55HEF7, STM32WBA55HGF6, STM32WBA55HGF7, STM32WBA55UEI6, STM32WBA55UEI6TR, STM32WBA55UEI7, STM32WBA55UEI7TR, STM32WBA55UGI6, STM32WBA55UGI6TR, STM32WBA55UGI7, STM32WBA55UGI7TR, STM32WL5MOCH6, STM32WL5MOCH6TR]
2026-03-19 02:55:54,882 [INFO] DbMcus:218 - Found 4816 MCUs, 4816 are supported
2026-03-19 02:55:54,883 [INFO] ApiDb:423 - Load user favorites file C:\Users\USER/.stm32cubeide/favorites.mcus.txt: 0 item(s)
2026-03-19 02:55:54,883 [INFO] ApiDb:427 - User favorites MCUs=[]
2026-03-19 02:55:54,883 [INFO] DbMcus:224 - Set 0 / 0 favorites MCUs
2026-03-19 02:55:55,238 [INFO] BoardInfo:889 - No configuration file found for board B-WBA5M-WPAN
2026-03-19 02:55:55,239 [INFO] DbBoards:161 - Board is not supported: B-WBA5M-WPAN
2026-03-19 02:55:55,243 [INFO] BoardInfo:889 - No configuration file found for board NUCLEO-C051C8
2026-03-19 02:55:55,243 [INFO] DbBoards:161 - Board is not supported: NUCLEO-C051C8
2026-03-19 02:55:55,245 [INFO] BoardInfo:889 - No configuration file found for board NUCLEO-C071RB
2026-03-19 02:55:55,245 [INFO] DbBoards:161 - Board is not supported: NUCLEO-C071RB
2026-03-19 02:55:55,246 [INFO] BoardInfo:889 - No configuration file found for board NUCLEO-C092RC
2026-03-19 02:55:55,247 [INFO] DbBoards:161 - Board is not supported: NUCLEO-C092RC
2026-03-19 02:55:55,308 [INFO] BoardInfo:889 - No configuration file found for board NUCLEO-N657X0-Q
2026-03-19 02:55:55,309 [INFO] DbBoards:161 - Board is not supported: NUCLEO-N657X0-Q
2026-03-19 02:55:55,312 [INFO] BoardInfo:889 - No configuration file found for board NUCLEO-U385RG-Q
2026-03-19 02:55:55,312 [INFO] DbBoards:161 - Board is not supported: NUCLEO-U385RG-Q
2026-03-19 02:55:55,315 [INFO] BoardInfo:889 - No configuration file found for board NUCLEO-WB05KZ
2026-03-19 02:55:55,316 [INFO] DbBoards:161 - Board is not supported: NUCLEO-WB05KZ
2026-03-19 02:55:55,316 [INFO] BoardInfo:889 - No configuration file found for board NUCLEO-WB07CC
2026-03-19 02:55:55,317 [INFO] DbBoards:161 - Board is not supported: NUCLEO-WB07CC
2026-03-19 02:55:55,317 [INFO] BoardInfo:889 - No configuration file found for board NUCLEO-WB09KE
2026-03-19 02:55:55,318 [INFO] DbBoards:161 - Board is not supported: NUCLEO-WB09KE
2026-03-19 02:55:55,322 [INFO] BoardInfo:889 - No configuration file found for board NUCLEO-WBA65RI
2026-03-19 02:55:55,322 [INFO] DbBoards:161 - Board is not supported: NUCLEO-WBA65RI
2026-03-19 02:55:55,324 [INFO] BoardInfo:889 - No configuration file found for board NUCLEO-WL33CC1
2026-03-19 02:55:55,324 [INFO] DbBoards:161 - Board is not supported: NUCLEO-WL33CC1
2026-03-19 02:55:55,325 [INFO] BoardInfo:889 - No configuration file found for board NUCLEO-WL33CC2
2026-03-19 02:55:55,325 [INFO] DbBoards:161 - Board is not supported: NUCLEO-WL33CC2
2026-03-19 02:55:55,330 [INFO] BoardInfo:889 - No configuration file found for board P-NUCLEO-WB55
2026-03-19 02:55:55,330 [INFO] DbBoards:161 - Kit is not supported: P-NUCLEO-WB55
2026-03-19 02:55:55,335 [INFO] BoardInfo:889 - No configuration file found for board STEVAL-BFA001V1B
2026-03-19 02:55:55,335 [INFO] DbBoards:161 - Kit is not supported: STEVAL-BFA001V1B
2026-03-19 02:55:55,336 [INFO] BoardInfo:889 - No configuration file found for board STEVAL-BFA001V2B
2026-03-19 02:55:55,336 [INFO] DbBoards:161 - Kit is not supported: STEVAL-BFA001V2B
2026-03-19 02:55:55,433 [INFO] BoardInfo:889 - No configuration file found for board STM32MP257F-DK
2026-03-19 02:55:55,433 [INFO] DbBoards:161 - Board is not supported: STM32MP257F-DK
2026-03-19 02:55:55,434 [INFO] BoardInfo:889 - No configuration file found for board STM32MP257F-EV1
2026-03-19 02:55:55,434 [INFO] DbBoards:161 - Board is not supported: STM32MP257F-EV1
2026-03-19 02:55:55,435 [INFO] BoardInfo:889 - No configuration file found for board STM32N6570-DK
2026-03-19 02:55:55,435 [INFO] DbBoards:161 - Board is not supported: STM32N6570-DK
2026-03-19 02:55:55,446 [INFO] BoardInfo:889 - No configuration file found for board STM32WBA65I-DK1
2026-03-19 02:55:55,446 [INFO] DbBoards:161 - Board is not supported: STM32WBA65I-DK1
2026-03-19 02:55:55,446 [INFO] DbBoards:168 - Found 211 boards, 192 are supported
2026-03-19 02:55:55,446 [INFO] DbBoards:169 - Found 211 boards, 8 of them is supported for  Bsp
2026-03-19 02:55:55,449 [INFO] ApiDb:423 - Load user favorites file C:\Users\USER/.stm32cubeide/favorites.boards.txt: 0 item(s)
2026-03-19 02:55:55,449 [INFO] ApiDb:427 - User favorites Boards=[]
2026-03-19 02:55:55,449 [INFO] DbBoards:198 - Set 0 / 0 favorites Boards
2026-03-19 02:55:55,509 [INFO] UtilMem:75 - End LoadConfig() Used Memory: 800897680 Bytes (1073741824)
2026-03-19 02:55:55,635 [WARN] ThirdParty:833 - waiting for thirdparty lock release [change project]
2026-03-19 02:55:55,635 [INFO] ThirdParty:835 - entering critical section [change project]
2026-03-19 02:55:55,635 [INFO] ThirdParty:1030 - CMSIS Pack Vendor :STMicroelectronics X-CUBE-AZRTOS-H7 3.5.0
2026-03-19 02:55:55,635 [INFO] ThirdParty:1030 - CMSIS Pack Vendor :STMicroelectronics X-CUBE-PM33A1 1.0.0
2026-03-19 02:55:55,635 [INFO] ThirdParty:1030 - CMSIS Pack Vendor :STMicroelectronics USBPD 4.1
2026-03-19 02:55:55,635 [INFO] ThirdParty:1030 - CMSIS Pack Vendor :STMicroelectronics X-CUBE-GNSS1 6.0.0
2026-03-19 02:55:55,635 [INFO] ThirdParty:1030 - CMSIS Pack Vendor :STMicroelectronics USB_HOST 2.0.0
2026-03-19 02:55:55,635 [INFO] ThirdParty:1030 - CMSIS Pack Vendor :STMicroelectronics FP-SNS-MOTENVWB1 1.4.0
2026-03-19 02:55:55,635 [INFO] ThirdParty:1030 - CMSIS Pack Vendor :STMicroelectronics X-CUBE-AZRTOS-F4 1.1.0
2026-03-19 02:55:55,635 [INFO] ThirdParty:1030 - CMSIS Pack Vendor :STMicroelectronics LIBJPEG 8.0.0
2026-03-19 02:55:55,635 [INFO] ThirdParty:1030 - CMSIS Pack Vendor :STMicroelectronics FP-ATR-ASTRA1 2.0.2
2026-03-19 02:55:55,635 [INFO] ThirdParty:1030 - CMSIS Pack Vendor :STMicroelectronics FP-ATR-ASTRA1 2.0.1
2026-03-19 02:55:55,635 [INFO] ThirdParty:1030 - CMSIS Pack Vendor :STMicroelectronics X-CUBE-SMBUS 2.1.0
2026-03-19 02:55:55,635 [INFO] ThirdParty:1030 - CMSIS Pack Vendor :STMicroelectronics X-CUBE-WB05N 1.1.0
2026-03-19 02:55:55,635 [INFO] ThirdParty:1030 - CMSIS Pack Vendor :STMicroelectronics X-CUBE-ISPU 2.1.0
2026-03-19 02:55:55,635 [INFO] ThirdParty:1030 - CMSIS Pack Vendor :STMicroelectronics X-CUBE-FREERTOS 1.2.0
2026-03-19 02:55:55,635 [INFO] ThirdParty:1030 - CMSIS Pack Vendor :STMicroelectronics X-CUBE-NFC12 1.0.0
2026-03-19 02:55:55,635 [INFO] ThirdParty:1030 - CMSIS Pack Vendor :STMicroelectronics X-CUBE-TOUCHGFX 4.23.2
2026-03-19 02:55:55,635 [INFO] ThirdParty:1030 - CMSIS Pack Vendor :STMicroelectronics X-CUBE-AZRTOS-F7 1.1.0
2026-03-19 02:55:55,635 [INFO] ThirdParty:1030 - CMSIS Pack Vendor :STMicroelectronics X-CUBE-AZRTOS-L5 2.0.0
2026-03-19 02:55:55,636 [INFO] ThirdParty:1030 - CMSIS Pack Vendor :STMicroelectronics USB_DEVICE 2.0.0
2026-03-19 02:55:55,636 [INFO] ThirdParty:1030 - CMSIS Pack Vendor :STMicroelectronics X-CUBE-NFC6 3.1.0
2026-03-19 02:55:55,636 [INFO] ThirdParty:1030 - CMSIS Pack Vendor :STMicroelectronics X-CUBE-MEMS1 11.0.0
2026-03-19 02:55:55,636 [INFO] ThirdParty:1030 - CMSIS Pack Vendor :STMicroelectronics FreeRTOS 0.0.1
2026-03-19 02:55:55,636 [INFO] ThirdParty:1030 - CMSIS Pack Vendor :STMicroelectronics X-CUBE-DPower 1.2.0
2026-03-19 02:55:55,636 [INFO] ThirdParty:1030 - CMSIS Pack Vendor :STMicroelectronics FP-SNS-FLIGHT1 5.0.2
2026-03-19 02:55:55,636 [INFO] ThirdParty:1030 - CMSIS Pack Vendor :STMicroelectronics X-CUBE-AI 9.0.0
2026-03-19 02:55:55,636 [INFO] ThirdParty:1030 - CMSIS Pack Vendor :STMicroelectronics PDM2PCM 3.3.0
2026-03-19 02:55:55,636 [INFO] ThirdParty:1030 - CMSIS Pack Vendor :STMicroelectronics X-CUBE-AZRTOS-H7 3.4.0
2026-03-19 02:55:55,636 [INFO] ThirdParty:1030 - CMSIS Pack Vendor :STMicroelectronics X-CUBE-DISPLAY 3.0.0
2026-03-19 02:55:55,636 [INFO] ThirdParty:1030 - CMSIS Pack Vendor :STMicroelectronics X-CUBE-BLE1 7.0.0
2026-03-19 02:55:55,636 [INFO] ThirdParty:1030 - CMSIS Pack Vendor :STMicroelectronics X-CUBE-NFC10 1.0.0
2026-03-19 02:55:55,636 [INFO] ThirdParty:1030 - CMSIS Pack Vendor :STMicroelectronics X-CUBE-BLEMGR 4.0.0
2026-03-19 02:55:55,636 [INFO] ThirdParty:1030 - CMSIS Pack Vendor :STMicroelectronics X-CUBE-FREERTOS 1.3.1
2026-03-19 02:55:55,636 [INFO] ThirdParty:1030 - CMSIS Pack Vendor :STMicroelectronics HAL Drivers 0.0.0
2026-03-19 02:55:55,636 [INFO] ThirdParty:1030 - CMSIS Pack Vendor :emotas I-CUBE-CANOPEN 1.3.0
2026-03-19 02:55:55,636 [INFO] ThirdParty:1030 - CMSIS Pack Vendor :STMicroelectronics X-CUBE-FREERTOS 1.3.0
2026-03-19 02:55:55,636 [INFO] ThirdParty:1030 - CMSIS Pack Vendor :STMicroelectronics X-CUBE-NFC7 1.0.1
2026-03-19 02:55:55,636 [INFO] ThirdParty:1030 - CMSIS Pack Vendor :STMicroelectronics MBEDTLS 2.14.1
2026-03-19 02:55:55,636 [INFO] ThirdParty:1030 - CMSIS Pack Vendor :STMicroelectronics X-CUBE-GNSS1 7.1.0
2026-03-19 02:55:55,636 [INFO] ThirdParty:1030 - CMSIS Pack Vendor :STMicroelectronics X-CUBE-TOUCHGFX 4.26.0
2026-03-19 02:55:55,636 [INFO] ThirdParty:1030 - CMSIS Pack Vendor :STMicroelectronics X-CUBE-TOUCHGFX 4.26.1
2026-03-19 02:55:55,636 [INFO] ThirdParty:1030 - CMSIS Pack Vendor :STMicroelectronics X-CUBE-BLEMGR 3.1.0
2026-03-19 02:55:55,636 [INFO] ThirdParty:1030 - CMSIS Pack Vendor :STMicroelectronics X-CUBE-AI 10.0.0
2026-03-19 02:55:55,636 [INFO] ThirdParty:1030 - CMSIS Pack Vendor :STMicroelectronics FP-SNS-SMARTAG2 1.2.0
2026-03-19 02:55:55,636 [INFO] ThirdParty:1030 - CMSIS Pack Vendor :STMicroelectronics X-CUBE-MEMS1 11.1.0
2026-03-19 02:55:55,636 [INFO] ThirdParty:1030 - CMSIS Pack Vendor :STMicroelectronics X-CUBE-AZRTOS-WL 2.0.0
2026-03-19 02:55:55,636 [INFO] ThirdParty:1030 - CMSIS Pack Vendor :STMicroelectronics X-CUBE-DPower 1.3.0
2026-03-19 02:55:55,636 [INFO] ThirdParty:1030 - CMSIS Pack Vendor :STMicroelectronics FP-SNS-MOTENV1 5.0.0
2026-03-19 02:55:55,636 [INFO] ThirdParty:1030 - CMSIS Pack Vendor :STMicroelectronics USB_DEVICE 1.0.0
2026-03-19 02:55:55,636 [INFO] ThirdParty:1030 - CMSIS Pack Vendor :STMicroelectronics X-CUBE-AZRTOS-H7RS 1.2.0
2026-03-19 02:55:55,636 [INFO] ThirdParty:1030 - CMSIS Pack Vendor :wolfSSL I-CUBE-wolfMQTT 1.19.0
2026-03-19 02:55:55,636 [INFO] ThirdParty:1030 - CMSIS Pack Vendor :STMicroelectronics X-CUBE-AZRTOS-L4 2.0.0
2026-03-19 02:55:55,636 [INFO] ThirdParty:1030 - CMSIS Pack Vendor :STMicroelectronics ThreadX 0.0.2
2026-03-19 02:55:55,636 [INFO] ThirdParty:1030 - CMSIS Pack Vendor :WES I-CUBE-Cesium 1.3.0
2026-03-19 02:55:55,636 [INFO] ThirdParty:1030 - CMSIS Pack Vendor :STMicroelectronics lwIP 2.1.2
2026-03-19 02:55:55,636 [INFO] ThirdParty:1030 - CMSIS Pack Vendor :STMicroelectronics X-CUBE-SFXS2LP1 4.0.0
2026-03-19 02:55:55,636 [INFO] ThirdParty:1030 - CMSIS Pack Vendor :STMicroelectronics X-CUBE-BLE2 3.3.0
2026-03-19 02:55:55,636 [INFO] ThirdParty:1030 - CMSIS Pack Vendor :STMicroelectronics PDM2PCM 3.2.0
2026-03-19 02:55:55,636 [INFO] ThirdParty:1030 - CMSIS Pack Vendor :STMicroelectronics X-CUBE-AZRTOS-H7 3.3.0
2026-03-19 02:55:55,636 [INFO] ThirdParty:1030 - CMSIS Pack Vendor :STMicroelectronics X-CUBE-NFC9 1.0.0
2026-03-19 02:55:55,636 [INFO] ThirdParty:1030 - CMSIS Pack Vendor :STMicroelectronics X-CUBE-BLE1 7.1.0
2026-03-19 02:55:55,636 [INFO] ThirdParty:1030 - CMSIS Pack Vendor :STMicroelectronics USB_DEVICE 3.0.0
2026-03-19 02:55:55,637 [INFO] ThirdParty:1030 - CMSIS Pack Vendor :STMicroelectronics X-CUBE-TCPP 4.1.0
2026-03-19 02:55:55,637 [INFO] ThirdParty:1030 - CMSIS Pack Vendor :STMicroelectronics X-CUBE-EEPRMA1 5.2.0
2026-03-19 02:55:55,637 [INFO] ThirdParty:1030 - CMSIS Pack Vendor :STMicroelectronics X-CUBE-IPS 3.0.0
2026-03-19 02:55:55,637 [INFO] ThirdParty:1030 - CMSIS Pack Vendor :STMicroelectronics X-CUBE-AZRTOS-WB 2.0.0
2026-03-19 02:55:55,637 [INFO] ThirdParty:1030 - CMSIS Pack Vendor :STMicroelectronics X-CUBE-GNSS1 7.0.0
2026-03-19 02:55:55,637 [INFO] ThirdParty:1030 - CMSIS Pack Vendor :STMicroelectronics X-CUBE-GNSS1 7.0.1
2026-03-19 02:55:55,637 [INFO] ThirdParty:1030 - CMSIS Pack Vendor :STMicroelectronics X-CUBE-TOUCHGFX 4.25.0
2026-03-19 02:55:55,637 [INFO] ThirdParty:1030 - CMSIS Pack Vendor :STMicroelectronics FP-SNS-STBOX1 2.0.0
2026-03-19 02:55:55,637 [INFO] ThirdParty:1030 - CMSIS Pack Vendor :STMicroelectronics X-CUBE-MEMS1 12.0.0
2026-03-19 02:55:55,637 [INFO] ThirdParty:1030 - CMSIS Pack Vendor :STMicroelectronics X-CUBE-ALGOBUILD 1.3.0
2026-03-19 02:55:55,637 [INFO] ThirdParty:1030 - CMSIS Pack Vendor :STMicroelectronics X-CUBE-STSE01 2.0.0
2026-03-19 02:55:55,637 [INFO] ThirdParty:1030 - CMSIS Pack Vendor :STMicroelectronics X-CUBE-MEMS1 11.2.0
2026-03-19 02:55:55,637 [INFO] ThirdParty:1030 - CMSIS Pack Vendor :STMicroelectronics X-CUBE-AZRTOS-G0 1.1.0
2026-03-19 02:55:55,637 [INFO] ThirdParty:1030 - CMSIS Pack Vendor :STMicroelectronics X-CUBE-SAFEA1 1.2.2
2026-03-19 02:55:55,637 [INFO] ThirdParty:1030 - CMSIS Pack Vendor :STMicroelectronics X-CUBE-NFC4 3.0.0
2026-03-19 02:55:55,637 [INFO] ThirdParty:1030 - CMSIS Pack Vendor :STMicroelectronics X-CUBE-SUBG2 5.0.0
2026-03-19 02:55:55,637 [INFO] ThirdParty:1030 - CMSIS Pack Vendor :STMicroelectronics X-CUBE-AZRTOS-H7RS 1.1.0
2026-03-19 02:55:55,637 [INFO] ThirdParty:1030 - CMSIS Pack Vendor :STMicroelectronics STM32_WPAN 1.0.0
2026-03-19 02:55:55,637 [INFO] ThirdParty:1030 - CMSIS Pack Vendor :EmbeddedOffice I-CUBE-FS-RTOS 1.0.1
2026-03-19 02:55:55,637 [INFO] ThirdParty:1030 - CMSIS Pack Vendor :STMicroelectronics lwIP 2.0.3
2026-03-19 02:55:55,637 [INFO] ThirdParty:1030 - CMSIS Pack Vendor :Cesanta I-CUBE-Mongoose 7.13.0
2026-03-19 02:55:55,637 [INFO] ThirdParty:1030 - CMSIS Pack Vendor :STMicroelectronics USB_HOST 1.0.0
2026-03-19 02:55:55,637 [INFO] ThirdParty:1030 - CMSIS Pack Vendor :STMicroelectronics X-CUBE-AZRTOS-G4 2.0.0
2026-03-19 02:55:55,637 [INFO] ThirdParty:1030 - CMSIS Pack Vendor :STMicroelectronics X-CUBE-WB05N 2.0.0
2026-03-19 02:55:55,637 [INFO] ThirdParty:1030 - CMSIS Pack Vendor :STMicroelectronics PDM2PCM 3.1.0
2026-03-19 02:55:55,637 [INFO] ThirdParty:1030 - CMSIS Pack Vendor :STMicroelectronics X-CUBE-NFC7 2.0.0
2026-03-19 02:55:55,637 [INFO] ThirdParty:1030 - CMSIS Pack Vendor :RealThread X-CUBE-RT-Thread_Nano 4.1.1
2026-03-19 02:55:55,638 [INFO] ThirdParty:1030 - CMSIS Pack Vendor :wolfSSL I-CUBE-wolfSSL 5.7.0
2026-03-19 02:55:55,638 [INFO] ThirdParty:1030 - CMSIS Pack Vendor :STMicroelectronics FP-ATR-SIGFOX1 3.2.0
2026-03-19 02:55:55,638 [INFO] ThirdParty:1030 - CMSIS Pack Vendor :quantropi X-CUBE-qispace-sdk-base 1.9.3
2026-03-19 02:55:55,638 [INFO] ThirdParty:1030 - CMSIS Pack Vendor :STMicroelectronics X-CUBE-ISPU 2.0.0
2026-03-19 02:55:55,638 [INFO] ThirdParty:1030 - CMSIS Pack Vendor :STMicroelectronics X-CUBE-EEPRMA1 5.1.0
2026-03-19 02:55:55,638 [INFO] ThirdParty:1030 - CMSIS Pack Vendor :STMicroelectronics MBEDTLS 2.16.2
2026-03-19 02:55:55,638 [INFO] ThirdParty:1030 - CMSIS Pack Vendor :STMicroelectronics X-CUBE-ALS 1.0.2
2026-03-19 02:55:55,638 [INFO] ThirdParty:1030 - CMSIS Pack Vendor :STMicroelectronics X-CUBE-MEMS1 10.0.0
2026-03-19 02:55:55,638 [INFO] ThirdParty:1030 - CMSIS Pack Vendor :STMicroelectronics X-CUBE-FREERTOS 1.1.0
2026-03-19 02:55:55,638 [INFO] ThirdParty:1030 - CMSIS Pack Vendor :ITTIA_DB I-CUBE-ITTIADB 8.9.0
2026-03-19 02:55:55,638 [INFO] ThirdParty:1030 - CMSIS Pack Vendor :STMicroelectronics X-CUBE-TOUCHGFX 4.24.2
2026-03-19 02:55:55,638 [INFO] ThirdParty:1030 - CMSIS Pack Vendor :STMicroelectronics X-CUBE-TOUCHGFX 4.24.1
2026-03-19 02:55:55,638 [INFO] ThirdParty:1030 - CMSIS Pack Vendor :STMicroelectronics X-CUBE-STSE01 1.0.0
2026-03-19 02:55:55,638 [INFO] ThirdParty:1030 - CMSIS Pack Vendor :wolfSSL I-CUBE-wolfTPM 3.4.0
2026-03-19 02:55:55,638 [INFO] ThirdParty:1030 - CMSIS Pack Vendor :portGmbH I-Cube-SoM-uGOAL 1.1.0
2026-03-19 02:55:55,638 [INFO] ThirdParty:1030 - CMSIS Pack Vendor :STMicroelectronics X-CUBE-ALS 1.0.1
2026-03-19 02:55:55,638 [INFO] ThirdParty:1030 - CMSIS Pack Vendor :STMicroelectronics X-CUBE-NFC6 3.2.0
2026-03-19 02:55:55,638 [INFO] ThirdParty:1030 - CMSIS Pack Vendor :STMicroelectronics X-CUBE-AI 10.2.0
2026-03-19 02:55:55,638 [INFO] ThirdParty:1030 - CMSIS Pack Vendor :STMicroelectronics ThreadX 1.0.0
2026-03-19 02:55:55,638 [INFO] ThirdParty:1030 - CMSIS Pack Vendor :SEGGER I-CUBE-embOS 1.3.1
2026-03-19 02:55:55,638 [INFO] ThirdParty:1030 - CMSIS Pack Vendor :STMicroelectronics X-CUBE-ALGOBUILD 1.4.0
2026-03-19 02:55:55,638 [INFO] ThirdParty:1030 - CMSIS Pack Vendor :STMicroelectronics X-CUBE-AZRTOS-H7RS 1.0.0
2026-03-19 02:55:55,638 [INFO] ThirdParty:1030 - CMSIS Pack Vendor :STMicroelectronics FP-ATR-ASTRA1 2.0.0
2026-03-19 02:55:55,638 [INFO] ThirdParty:1030 - CMSIS Pack Vendor :STMicroelectronics X-CUBE-TOF1 3.4.2
2026-03-19 02:55:55,638 [INFO] ThirdParty:1030 - CMSIS Pack Vendor :STMicroelectronics X-CUBE-AI 9.1.0
2026-03-19 02:55:55,638 [INFO] ThirdParty:1030 - CMSIS Pack Vendor :STMicroelectronics X-CUBE-TOF1 3.4.1
2026-03-19 02:55:55,638 [INFO] ThirdParty:1030 - CMSIS Pack Vendor :STMicroelectronics X-CUBE-AZRTOS-H7 3.2.0
2026-03-19 02:55:55,638 [INFO] ThirdParty:1030 - CMSIS Pack Vendor :Infineon AIROC-Wi-Fi-Bluetooth-STM32 1.6.0
2026-03-19 02:55:55,638 [INFO] ThirdParty:1030 - CMSIS Pack Vendor :wolfSSL I-CUBE-wolfSSH 1.4.17
2026-03-19 02:55:55,638 [INFO] ThirdParty:841 - exiting critical section [change project]
2026-03-19 02:55:55,901 [INFO] PinOutPanel:1561 - setPackage(No Configuration,No Configuration)
2026-03-19 02:55:55,903 [INFO] PinOutPanel:1561 - setPackage(STM32F411CEUx,UFQFPN48)
2026-03-19 02:55:56,338 [INFO] UtilMem:75 - Before build in PCC Used Memory: 782247328 Bytes (1073741824)
2026-03-19 02:55:57,675 [INFO] UtilMem:75 - After build in PCC Used Memory: 919084448 Bytes (1073741824)
2026-03-19 02:55:57,704 [INFO] IPUIPlugin:80 - create IPUIPlugin
2026-03-19 02:55:57,704 [INFO] IPUIPlugin:80 - create IPUIPlugin
2026-03-19 02:55:57,704 [INFO] IPUIPlugin:80 - create IPUIPlugin
2026-03-19 02:55:57,704 [INFO] IPUIPlugin:80 - create IPUIPlugin
2026-03-19 02:55:57,705 [INFO] IPUIPlugin:80 - create IPUIPlugin
2026-03-19 02:55:57,705 [INFO] IPUIPlugin:80 - create IPUIPlugin
2026-03-19 02:55:57,705 [INFO] IPUIPlugin:80 - create IPUIPlugin
2026-03-19 02:55:57,705 [INFO] IPUIPlugin:80 - create IPUIPlugin
2026-03-19 02:55:57,705 [INFO] IPUIPlugin:80 - create IPUIPlugin
2026-03-19 02:55:57,705 [INFO] IPUIPlugin:80 - create IPUIPlugin
2026-03-19 02:55:57,705 [INFO] IPUIPlugin:80 - create IPUIPlugin
2026-03-19 02:55:57,705 [INFO] IPUIPlugin:80 - create IPUIPlugin
2026-03-19 02:55:57,705 [INFO] IPUIPlugin:80 - create IPUIPlugin
2026-03-19 02:55:57,705 [INFO] IPUIPlugin:80 - create IPUIPlugin
2026-03-19 02:55:57,705 [INFO] IPUIPlugin:80 - create IPUIPlugin
2026-03-19 02:55:57,705 [INFO] IPUIPlugin:80 - create IPUIPlugin
2026-03-19 02:55:57,706 [INFO] IPUIPlugin:80 - create IPUIPlugin
2026-03-19 02:55:57,706 [INFO] IPUIPlugin:80 - create IPUIPlugin
2026-03-19 02:55:57,707 [INFO] IPUIPlugin:80 - create IPUIPlugin
2026-03-19 02:55:57,707 [INFO] IPUIPlugin:80 - create IPUIPlugin
2026-03-19 02:55:57,707 [INFO] IPUIPlugin:80 - create IPUIPlugin
2026-03-19 02:55:57,707 [INFO] IPUIPlugin:80 - create IPUIPlugin
2026-03-19 02:55:57,707 [INFO] IPUIPlugin:80 - create IPUIPlugin
2026-03-19 02:55:57,707 [INFO] IPUIPlugin:80 - create IPUIPlugin
2026-03-19 02:55:57,708 [INFO] IPUIPlugin:80 - create IPUIPlugin
2026-03-19 02:55:57,708 [INFO] IPUIPlugin:80 - create IPUIPlugin
2026-03-19 02:55:57,708 [INFO] IPUIPlugin:80 - create IPUIPlugin
2026-03-19 02:55:57,708 [INFO] IPUIPlugin:80 - create IPUIPlugin
2026-03-19 02:55:57,708 [INFO] IPUIPlugin:80 - create IPUIPlugin
2026-03-19 02:55:57,708 [INFO] IPUIPlugin:80 - create IPUIPlugin
2026-03-19 02:55:57,708 [INFO] IPUIPlugin:80 - create IPUIPlugin
2026-03-19 02:55:57,709 [INFO] IPUIPlugin:80 - create IPUIPlugin
2026-03-19 02:55:57,709 [INFO] IPUIPlugin:80 - create IPUIPlugin
2026-03-19 02:55:57,709 [INFO] IPUIPlugin:80 - create IPUIPlugin
2026-03-19 02:55:57,709 [INFO] IPUIPlugin:80 - create IPUIPlugin
2026-03-19 02:55:57,709 [INFO] IPUIPlugin:80 - create IPUIPlugin
2026-03-19 02:55:57,709 [INFO] IPUIPlugin:80 - create IPUIPlugin
2026-03-19 02:55:57,710 [INFO] IPUIPlugin:80 - create IPUIPlugin
2026-03-19 02:55:57,710 [INFO] IPUIPlugin:80 - create IPUIPlugin
2026-03-19 02:55:57,710 [INFO] IPUIPlugin:80 - create IPUIPlugin
2026-03-19 02:55:57,716 [INFO] IPUIPlugin:80 - create IPUIPlugin
2026-03-19 02:55:57,717 [INFO] IPUIPlugin:80 - create IPUIPlugin
2026-03-19 02:55:57,717 [INFO] IPUIPlugin:80 - create IPUIPlugin
2026-03-19 02:55:57,717 [INFO] IPUIPlugin:80 - create IPUIPlugin
2026-03-19 02:55:57,739 [INFO] ApiDbMcu:508 - Load IP Config File for PDM2PCM
2026-03-19 02:55:57,760 [WARN] IP:2120 - I2C_Coeff_DF not found: check if there is a RefParameter without a condition.
2026-03-19 02:55:57,760 [WARN] IP:2120 - Analog_Filter not found: check if there is a RefParameter without a condition.
2026-03-19 02:55:57,809 [WARN] FreeRTOS:1023 - Null or empty value: should not occur! (nothing added to the table)
2026-03-19 02:55:58,151 [INFO] CADModel:165 - CPN selected for project levelSTM32F411CEU6
2026-03-19 02:55:58,151 [INFO] CADModel:114 - Register for checkConnection events
2026-03-19 02:55:58,154 [INFO] RtosManager:697 - Active RTOS found at IOC load: FREERTOS [Cortex-M4NS]
2026-03-19 02:55:58,216 [INFO] OpenFileManager:343 - Restore cursor
2026-03-19 02:55:58,383 [WARN] IP:2120 - tgfx_framebuffer_stride_value_custom not found: check if there is a RefParameter without a condition.
2026-03-19 02:55:58,387 [WARN] IP:2120 - tgfx_framebuffer_stride_value_custom not found: check if there is a RefParameter without a condition.
2026-03-19 02:55:58,423 [WARN] IP:2120 - I2C_Coeff_DF not found: check if there is a RefParameter without a condition.
2026-03-19 02:55:58,423 [WARN] IP:2120 - Analog_Filter not found: check if there is a RefParameter without a condition.
2026-03-19 02:55:58,424 [WARN] IP:2120 - I2C_Coeff_DF not found: check if there is a RefParameter without a condition.
2026-03-19 02:55:58,425 [WARN] IP:2120 - Analog_Filter not found: check if there is a RefParameter without a condition.
2026-03-19 02:56:02,540 [WARN] IP:2120 - tgfx_framebuffer_stride_value_custom not found: check if there is a RefParameter without a condition.
2026-03-19 02:56:02,543 [WARN] IP:2120 - tgfx_framebuffer_stride_value_custom not found: check if there is a RefParameter without a condition.
2026-03-19 02:56:02,566 [WARN] IP:2120 - I2C_Coeff_DF not found: check if there is a RefParameter without a condition.
2026-03-19 02:56:02,566 [WARN] IP:2120 - Analog_Filter not found: check if there is a RefParameter without a condition.
2026-03-19 02:56:02,566 [WARN] IP:2120 - I2C_Coeff_DF not found: check if there is a RefParameter without a condition.
2026-03-19 02:56:02,566 [WARN] IP:2120 - Analog_Filter not found: check if there is a RefParameter without a condition.
2026-03-19 02:56:02,582 [WARN] IP:2120 - tgfx_framebuffer_stride_value_custom not found: check if there is a RefParameter without a condition.
2026-03-19 02:56:02,598 [WARN] IP:2120 - I2C_Coeff_DF not found: check if there is a RefParameter without a condition.
2026-03-19 02:56:02,598 [WARN] IP:2120 - Analog_Filter not found: check if there is a RefParameter without a condition.
2026-03-19 02:56:02,613 [WARN] IP:2120 - tgfx_framebuffer_stride_value_custom not found: check if there is a RefParameter without a condition.
2026-03-19 02:56:02,628 [WARN] IP:2120 - I2C_Coeff_DF not found: check if there is a RefParameter without a condition.
2026-03-19 02:56:02,628 [WARN] IP:2120 - Analog_Filter not found: check if there is a RefParameter without a condition.
2026-03-19 02:56:11,139 [WARN] IP:2120 - tgfx_framebuffer_stride_value_custom not found: check if there is a RefParameter without a condition.
2026-03-19 02:56:11,142 [WARN] IP:2120 - tgfx_framebuffer_stride_value_custom not found: check if there is a RefParameter without a condition.
2026-03-19 02:56:11,162 [WARN] IP:2120 - I2C_Coeff_DF not found: check if there is a RefParameter without a condition.
2026-03-19 02:56:11,162 [WARN] IP:2120 - Analog_Filter not found: check if there is a RefParameter without a condition.
2026-03-19 02:56:11,163 [WARN] IP:2120 - I2C_Coeff_DF not found: check if there is a RefParameter without a condition.
2026-03-19 02:56:11,163 [WARN] IP:2120 - Analog_Filter not found: check if there is a RefParameter without a condition.
2026-03-19 02:56:11,178 [WARN] IP:2120 - tgfx_framebuffer_stride_value_custom not found: check if there is a RefParameter without a condition.
2026-03-19 02:56:11,192 [WARN] IP:2120 - I2C_Coeff_DF not found: check if there is a RefParameter without a condition.
2026-03-19 02:56:11,192 [WARN] IP:2120 - Analog_Filter not found: check if there is a RefParameter without a condition.
2026-03-19 02:56:11,207 [WARN] IP:2120 - tgfx_framebuffer_stride_value_custom not found: check if there is a RefParameter without a condition.
2026-03-19 02:56:11,226 [WARN] IP:2120 - I2C_Coeff_DF not found: check if there is a RefParameter without a condition.
2026-03-19 02:56:11,226 [WARN] IP:2120 - Analog_Filter not found: check if there is a RefParameter without a condition.
2026-03-19 02:57:08,736 [INFO] Gpio:277 - dependency for GPIO [I2C1, SPI1, SPI2]
2026-03-19 02:57:23,214 [INFO] UtilMem:75 - End SaveConfig() Used Memory: 824916512 Bytes (1073741824)
2026-03-19 02:57:27,296 [INFO] UtilMem:75 - End SaveConfig() Used Memory: 805243104 Bytes (1073741824)
2026-03-19 02:57:30,668 [INFO] BlockDiagram:2759 - set Specific Code input for plugin: SPI
2026-03-19 02:57:30,668 [INFO] BlockDiagram:2759 - set Specific Code input for plugin: SPI
2026-03-19 02:57:30,668 [INFO] BlockDiagram:2759 - set Specific Code input for plugin: NVIC
2026-03-19 02:57:30,668 [INFO] BlockDiagram:2759 - set Specific Code input for plugin: FREERTOS
2026-03-19 02:57:30,668 [INFO] BlockDiagram:2759 - set Specific Code input for plugin: DMA
2026-03-19 02:57:30,668 [INFO] BlockDiagram:2759 - set Specific Code input for plugin: STMicroelectronics.X-CUBE-TOUCHGFX.4.26.0
2026-03-19 02:57:30,668 [INFO] BlockDiagram:2759 - set Specific Code input for plugin: TIM1_8
2026-03-19 02:57:30,668 [INFO] BlockDiagram:2759 - set Specific Code input for plugin: SYS
2026-03-19 02:57:30,669 [INFO] BlockDiagram:2759 - set Specific Code input for plugin: GPIO
2026-03-19 02:57:30,669 [INFO] BlockDiagram:2759 - set Specific Code input for plugin: RCC
2026-03-19 02:57:30,669 [INFO] BlockDiagram:2759 - set Specific Code input for plugin: CRC
2026-03-19 02:57:30,669 [INFO] BlockDiagram:2759 - set Specific Code input for plugin: I2C
2026-03-19 02:57:30,674 [WARN] IP:2120 - tgfx_framebuffer_stride_value_custom not found: check if there is a RefParameter without a condition.
2026-03-19 02:57:30,680 [INFO] CodeGenerator:807 - code generatio: config db path: D:\Documentos\Electronica\Nueva carpeta\STM32CubeIDE_1.15.0\STM32CubeIDE\plugins\com.st.stm32cube.common.mx_6.11.0.202403141607\\db\
2026-03-19 02:57:30,688 [WARN] IP:2120 - I2C_Coeff_DF not found: check if there is a RefParameter without a condition.
2026-03-19 02:57:30,688 [WARN] IP:2120 - Analog_Filter not found: check if there is a RefParameter without a condition.
2026-03-19 02:57:30,697 [WARN] IP:2120 - tgfx_framebuffer_stride_value_custom not found: check if there is a RefParameter without a condition.
2026-03-19 02:57:30,772 [INFO] IP:3348 - RTE Config file name : RTE_Component
2026-03-19 02:57:30,772 [INFO] IP:3366 - RTE template : RTE_Components.ftl
2026-03-19 02:57:30,796 [INFO] CodeEngine:255 - oldGeneratedFile, C:\git\VehiculoTT\HMITT\MXTmpFiles\license.tmp_save
2026-03-19 02:57:31,228 [INFO] CodeEngine:279 - Generated code: C:\git\VehiculoTT\HMITT\MXTmpFiles\license.tmp
2026-03-19 02:57:31,312 [INFO] CodeEngine:255 - oldGeneratedFile, C:\git\VehiculoTT\HMITT\MXTmpFiles\gpio.tmp_save
2026-03-19 02:57:31,516 [INFO] CodeEngine:279 - Generated code: C:\git\VehiculoTT\HMITT\MXTmpFiles\gpio.tmp
2026-03-19 02:57:31,829 [INFO] Middleware:1439 - No code input for Bsp Dependency
2026-03-19 02:57:31,844 [INFO] CodeEngine:255 - oldGeneratedFile, C:\git\VehiculoTT\HMITT\MXTmpFiles\rtos_inc.tmp_save
2026-03-19 02:57:31,980 [INFO] CodeEngine:279 - Generated code: C:\git\VehiculoTT\HMITT\MXTmpFiles\rtos_inc.tmp
2026-03-19 02:57:31,992 [INFO] CodeEngine:255 - oldGeneratedFile, C:\git\VehiculoTT\HMITT\MXTmpFiles\rtos_kernelInit.tmp_save
2026-03-19 02:57:32,112 [INFO] CodeEngine:279 - Generated code: C:\git\VehiculoTT\HMITT\MXTmpFiles\rtos_kernelInit.tmp
2026-03-19 02:57:32,120 [INFO] CodeEngine:255 - oldGeneratedFile, C:\git\VehiculoTT\HMITT\MXTmpFiles\rtos_kernelStart.tmp_save
2026-03-19 02:57:32,207 [INFO] CodeEngine:279 - Generated code: C:\git\VehiculoTT\HMITT\MXTmpFiles\rtos_kernelStart.tmp
2026-03-19 02:57:32,215 [INFO] CodeEngine:255 - oldGeneratedFile, C:\git\VehiculoTT\HMITT\MXTmpFiles\rtos_typedefs.tmp_save
2026-03-19 02:57:32,306 [INFO] CodeEngine:279 - Generated code: C:\git\VehiculoTT\HMITT\MXTmpFiles\rtos_typedefs.tmp
2026-03-19 02:57:32,317 [INFO] CodeEngine:255 - oldGeneratedFile, C:\git\VehiculoTT\HMITT\MXTmpFiles\rtos_vars.tmp_save
2026-03-19 02:57:32,417 [INFO] CodeEngine:279 - Generated code: C:\git\VehiculoTT\HMITT\MXTmpFiles\rtos_vars.tmp
2026-03-19 02:57:32,426 [INFO] CodeEngine:255 - oldGeneratedFile, C:\git\VehiculoTT\HMITT\MXTmpFiles\rtos_pfp.tmp_save
2026-03-19 02:57:32,516 [INFO] CodeEngine:279 - Generated code: C:\git\VehiculoTT\HMITT\MXTmpFiles\rtos_pfp.tmp
2026-03-19 02:57:32,526 [INFO] CodeEngine:255 - oldGeneratedFile, C:\git\VehiculoTT\HMITT\MXTmpFiles\rtos_obj_creat.tmp_save
2026-03-19 02:57:32,616 [INFO] CodeEngine:279 - Generated code: C:\git\VehiculoTT\HMITT\MXTmpFiles\rtos_obj_creat.tmp
2026-03-19 02:57:32,623 [INFO] CodeEngine:255 - oldGeneratedFile, C:\git\VehiculoTT\HMITT\MXTmpFiles\rtos_default_thread.tmp_save
2026-03-19 02:57:32,699 [INFO] CodeEngine:279 - Generated code: C:\git\VehiculoTT\HMITT\MXTmpFiles\rtos_default_thread.tmp
2026-03-19 02:57:32,704 [INFO] CodeEngine:255 - oldGeneratedFile, C:\git\VehiculoTT\HMITT\MXTmpFiles\rtos_threads.tmp_save
2026-03-19 02:57:32,769 [INFO] CodeEngine:279 - Generated code: C:\git\VehiculoTT\HMITT\MXTmpFiles\rtos_threads.tmp
2026-03-19 02:57:32,779 [INFO] Middleware:1439 - No code input for Bsp Dependency
2026-03-19 02:57:32,780 [INFO] IP:3348 - RTE Config file name : RTE_Component
2026-03-19 02:57:32,780 [INFO] IP:3366 - RTE template : RTE_Components.ftl
2026-03-19 02:57:32,791 [INFO] CodeEngine:255 - oldGeneratedFile, C:\git\VehiculoTT\HMITT\MXTmpFiles\SCB_CleanInvalidateDCache.tmp_save
2026-03-19 02:57:32,866 [INFO] CodeEngine:279 - Generated code: C:\git\VehiculoTT\HMITT\MXTmpFiles\SCB_CleanInvalidateDCache.tmp
2026-03-19 02:57:32,873 [INFO] CodeEngine:255 - oldGeneratedFile, C:\git\VehiculoTT\HMITT\MXTmpFiles\SCB_InvalidateDCache.tmp_save
2026-03-19 02:57:32,934 [INFO] CodeEngine:279 - Generated code: C:\git\VehiculoTT\HMITT\MXTmpFiles\SCB_InvalidateDCache.tmp
2026-03-19 02:57:32,942 [INFO] CodeEngine:255 - oldGeneratedFile, C:\git\VehiculoTT\HMITT\MXTmpFiles\touchgfx_license.tmp_save
2026-03-19 02:57:33,022 [INFO] CodeEngine:279 - Generated code: C:\git\VehiculoTT\HMITT\MXTmpFiles\touchgfx_license.tmp
2026-03-19 02:57:33,030 [INFO] CodeEngine:255 - oldGeneratedFile, C:\git\VehiculoTT\HMITT\MXTmpFiles\touchgfx_gen_license.tmp_save
2026-03-19 02:57:33,107 [INFO] CodeEngine:279 - Generated code: C:\git\VehiculoTT\HMITT\MXTmpFiles\touchgfx_gen_license.tmp
2026-03-19 02:57:33,115 [INFO] CodeEngine:255 - oldGeneratedFile, C:\git\VehiculoTT\HMITT\MXTmpFiles\oswrappers_cmsis.tmp_save
2026-03-19 02:57:33,222 [INFO] CodeEngine:279 - Generated code: C:\git\VehiculoTT\HMITT\MXTmpFiles\oswrappers_cmsis.tmp
2026-03-19 02:57:33,236 [INFO] Middleware:1439 - No code input for Bsp Dependency
2026-03-19 02:57:33,252 [INFO] CodeEngine:255 - oldGeneratedFile, C:\git\VehiculoTT\HMITT\MXTmpFiles\rtos_inc.tmp_save
2026-03-19 02:57:33,318 [INFO] CodeEngine:279 - Generated code: C:\git\VehiculoTT\HMITT\MXTmpFiles\rtos_inc.tmp
2026-03-19 02:57:33,330 [INFO] CodeEngine:255 - oldGeneratedFile, C:\git\VehiculoTT\HMITT\MXTmpFiles\rtos_kernelInit.tmp_save
2026-03-19 02:57:33,389 [INFO] CodeEngine:279 - Generated code: C:\git\VehiculoTT\HMITT\MXTmpFiles\rtos_kernelInit.tmp
2026-03-19 02:57:33,399 [INFO] CodeEngine:255 - oldGeneratedFile, C:\git\VehiculoTT\HMITT\MXTmpFiles\rtos_kernelStart.tmp_save
2026-03-19 02:57:33,455 [INFO] CodeEngine:279 - Generated code: C:\git\VehiculoTT\HMITT\MXTmpFiles\rtos_kernelStart.tmp
2026-03-19 02:57:33,465 [INFO] CodeEngine:255 - oldGeneratedFile, C:\git\VehiculoTT\HMITT\MXTmpFiles\rtos_typedefs.tmp_save
2026-03-19 02:57:33,519 [INFO] CodeEngine:279 - Generated code: C:\git\VehiculoTT\HMITT\MXTmpFiles\rtos_typedefs.tmp
2026-03-19 02:57:33,538 [INFO] CodeEngine:255 - oldGeneratedFile, C:\git\VehiculoTT\HMITT\MXTmpFiles\rtos_vars.tmp_save
2026-03-19 02:57:33,594 [INFO] CodeEngine:279 - Generated code: C:\git\VehiculoTT\HMITT\MXTmpFiles\rtos_vars.tmp
2026-03-19 02:57:33,606 [INFO] CodeEngine:255 - oldGeneratedFile, C:\git\VehiculoTT\HMITT\MXTmpFiles\rtos_pfp.tmp_save
2026-03-19 02:57:33,666 [INFO] CodeEngine:279 - Generated code: C:\git\VehiculoTT\HMITT\MXTmpFiles\rtos_pfp.tmp
2026-03-19 02:57:33,688 [INFO] CodeEngine:255 - oldGeneratedFile, C:\git\VehiculoTT\HMITT\MXTmpFiles\rtos_obj_creat.tmp_save
2026-03-19 02:57:33,747 [INFO] CodeEngine:279 - Generated code: C:\git\VehiculoTT\HMITT\MXTmpFiles\rtos_obj_creat.tmp
2026-03-19 02:57:33,757 [INFO] CodeEngine:255 - oldGeneratedFile, C:\git\VehiculoTT\HMITT\MXTmpFiles\rtos_default_thread.tmp_save
2026-03-19 02:57:33,812 [INFO] CodeEngine:279 - Generated code: C:\git\VehiculoTT\HMITT\MXTmpFiles\rtos_default_thread.tmp
2026-03-19 02:57:33,822 [INFO] CodeEngine:255 - oldGeneratedFile, C:\git\VehiculoTT\HMITT\MXTmpFiles\rtos_threads.tmp_save
2026-03-19 02:57:33,880 [INFO] CodeEngine:279 - Generated code: C:\git\VehiculoTT\HMITT\MXTmpFiles\rtos_threads.tmp
2026-03-19 02:57:33,900 [INFO] CodeEngine:255 - oldGeneratedFile, C:\git\VehiculoTT\HMITT\Core\Inc\FreeRTOSConfig.h_save
2026-03-19 02:57:33,998 [INFO] CodeEngine:279 - Generated code: C:\git\VehiculoTT\HMITT\Core\Inc\FreeRTOSConfig.h
2026-03-19 02:57:34,017 [INFO] CodeEngine:255 - oldGeneratedFile, C:\git\VehiculoTT\HMITT\Core\Src\freertos.c_save
2026-03-19 02:57:34,088 [INFO] CodeEngine:279 - Generated code: C:\git\VehiculoTT\HMITT\Core\Src\freertos.c
2026-03-19 02:57:34,115 [INFO] CodeEngine:255 - oldGeneratedFile, C:\git\VehiculoTT\HMITT\MXTmpFiles\dma.tmp_save
2026-03-19 02:57:34,194 [INFO] CodeEngine:279 - Generated code: C:\git\VehiculoTT\HMITT\MXTmpFiles\dma.tmp
2026-03-19 02:57:34,203 [INFO] CodeEngine:255 - oldGeneratedFile, C:\git\VehiculoTT\HMITT\MXTmpFiles\dma_GV.tmp_save
2026-03-19 02:57:34,260 [INFO] CodeEngine:279 - Generated code: C:\git\VehiculoTT\HMITT\MXTmpFiles\dma_GV.tmp
2026-03-19 02:57:34,268 [INFO] Middleware:1439 - No code input for Bsp Dependency
2026-03-19 02:57:34,270 [INFO] IP:3348 - RTE Config file name : RTE_Component
2026-03-19 02:57:34,270 [INFO] IP:3366 - RTE template : RTE_Components.ftl
2026-03-19 02:57:34,285 [INFO] CodeEngine:255 - oldGeneratedFile, C:\git\VehiculoTT\HMITT\MXTmpFiles\SCB_CleanInvalidateDCache.tmp_save
2026-03-19 02:57:34,350 [INFO] CodeEngine:279 - Generated code: C:\git\VehiculoTT\HMITT\MXTmpFiles\SCB_CleanInvalidateDCache.tmp
2026-03-19 02:57:34,363 [INFO] CodeEngine:255 - oldGeneratedFile, C:\git\VehiculoTT\HMITT\MXTmpFiles\SCB_InvalidateDCache.tmp_save
2026-03-19 02:57:34,418 [INFO] CodeEngine:279 - Generated code: C:\git\VehiculoTT\HMITT\MXTmpFiles\SCB_InvalidateDCache.tmp
2026-03-19 02:57:34,430 [INFO] CodeEngine:255 - oldGeneratedFile, C:\git\VehiculoTT\HMITT\MXTmpFiles\touchgfx_license.tmp_save
2026-03-19 02:57:34,486 [INFO] CodeEngine:279 - Generated code: C:\git\VehiculoTT\HMITT\MXTmpFiles\touchgfx_license.tmp
2026-03-19 02:57:34,496 [INFO] CodeEngine:255 - oldGeneratedFile, C:\git\VehiculoTT\HMITT\MXTmpFiles\touchgfx_gen_license.tmp_save
2026-03-19 02:57:34,557 [INFO] CodeEngine:279 - Generated code: C:\git\VehiculoTT\HMITT\MXTmpFiles\touchgfx_gen_license.tmp
2026-03-19 02:57:34,576 [INFO] CodeEngine:255 - oldGeneratedFile, C:\git\VehiculoTT\HMITT\MXTmpFiles\oswrappers_cmsis.tmp_save
2026-03-19 02:57:34,633 [INFO] CodeEngine:279 - Generated code: C:\git\VehiculoTT\HMITT\MXTmpFiles\oswrappers_cmsis.tmp
2026-03-19 02:57:34,651 [INFO] CodeEngine:255 - oldGeneratedFile, C:\git\VehiculoTT\HMITT\TouchGFX\App\app_touchgfx.h_save
2026-03-19 02:57:34,715 [INFO] CodeEngine:279 - Generated code: C:\git\VehiculoTT\HMITT\TouchGFX\App\app_touchgfx.h
2026-03-19 02:57:34,728 [INFO] CodeEngine:255 - oldGeneratedFile, C:\git\VehiculoTT\HMITT\TouchGFX\ApplicationTemplate.touchgfx.part_save
2026-03-19 02:57:34,812 [INFO] CodeEngine:279 - Generated code: C:\git\VehiculoTT\HMITT\TouchGFX\ApplicationTemplate.touchgfx.part
2026-03-19 02:57:34,832 [INFO] CodeEngine:255 - oldGeneratedFile, C:\git\VehiculoTT\HMITT\TouchGFX\target\generated\TouchGFXConfiguration.cpp_save
2026-03-19 02:57:34,910 [INFO] CodeEngine:279 - Generated code: C:\git\VehiculoTT\HMITT\TouchGFX\target\generated\TouchGFXConfiguration.cpp
2026-03-19 02:57:34,930 [INFO] CodeEngine:255 - oldGeneratedFile, C:\git\VehiculoTT\HMITT\TouchGFX\target\generated\TouchGFXGeneratedHAL.hpp_save
2026-03-19 02:57:35,002 [INFO] CodeEngine:279 - Generated code: C:\git\VehiculoTT\HMITT\TouchGFX\target\generated\TouchGFXGeneratedHAL.hpp
2026-03-19 02:57:35,019 [INFO] CodeEngine:255 - oldGeneratedFile, C:\git\VehiculoTT\HMITT\TouchGFX\target\generated\TouchGFXGeneratedHAL.cpp_save
2026-03-19 02:57:35,108 [INFO] CodeEngine:279 - Generated code: C:\git\VehiculoTT\HMITT\TouchGFX\target\generated\TouchGFXGeneratedHAL.cpp
2026-03-19 02:57:35,122 [INFO] CodeEngine:255 - oldGeneratedFile, C:\git\VehiculoTT\HMITT\TouchGFX\target\TouchGFXHAL.hpp_save
2026-03-19 02:57:35,203 [INFO] CodeEngine:279 - Generated code: C:\git\VehiculoTT\HMITT\TouchGFX\target\TouchGFXHAL.hpp
2026-03-19 02:57:35,226 [INFO] CodeEngine:255 - oldGeneratedFile, C:\git\VehiculoTT\HMITT\TouchGFX\target\TouchGFXHAL.cpp_save
2026-03-19 02:57:35,319 [INFO] CodeEngine:279 - Generated code: C:\git\VehiculoTT\HMITT\TouchGFX\target\TouchGFXHAL.cpp
2026-03-19 02:57:35,336 [INFO] CodeEngine:255 - oldGeneratedFile, C:\git\VehiculoTT\HMITT\TouchGFX\target\STM32TouchController.hpp_save
2026-03-19 02:57:35,409 [INFO] CodeEngine:279 - Generated code: C:\git\VehiculoTT\HMITT\TouchGFX\target\STM32TouchController.hpp
2026-03-19 02:57:35,419 [INFO] CodeEngine:255 - oldGeneratedFile, C:\git\VehiculoTT\HMITT\TouchGFX\target\STM32TouchController.cpp_save
2026-03-19 02:57:35,501 [INFO] CodeEngine:279 - Generated code: C:\git\VehiculoTT\HMITT\TouchGFX\target\STM32TouchController.cpp
2026-03-19 02:57:35,520 [INFO] CodeEngine:255 - oldGeneratedFile, C:\git\VehiculoTT\HMITT\TouchGFX\target\generated\STM32DMA.hpp_save
2026-03-19 02:57:35,588 [INFO] CodeEngine:279 - Generated code: C:\git\VehiculoTT\HMITT\TouchGFX\target\generated\STM32DMA.hpp
2026-03-19 02:57:35,599 [INFO] CodeEngine:255 - oldGeneratedFile, C:\git\VehiculoTT\HMITT\TouchGFX\target\generated\STM32DMA.cpp_save
2026-03-19 02:57:35,663 [INFO] CodeEngine:279 - Generated code: C:\git\VehiculoTT\HMITT\TouchGFX\target\generated\STM32DMA.cpp
2026-03-19 02:57:35,681 [INFO] CodeEngine:255 - oldGeneratedFile, C:\git\VehiculoTT\HMITT\TouchGFX\target\generated\OSWrappers.cpp_save
2026-03-19 02:57:35,762 [INFO] CodeEngine:279 - Generated code: C:\git\VehiculoTT\HMITT\TouchGFX\target\generated\OSWrappers.cpp
2026-03-19 02:57:35,774 [INFO] CodeEngine:255 - oldGeneratedFile, C:\git\VehiculoTT\HMITT\TouchGFX\target\TouchGFXGPIO.cpp_save
2026-03-19 02:57:35,845 [INFO] CodeEngine:279 - Generated code: C:\git\VehiculoTT\HMITT\TouchGFX\target\TouchGFXGPIO.cpp
2026-03-19 02:57:35,864 [INFO] CodeEngine:255 - oldGeneratedFile, C:\git\VehiculoTT\HMITT\TouchGFX\App\app_touchgfx.c_save
2026-03-19 02:57:35,931 [INFO] CodeEngine:279 - Generated code: C:\git\VehiculoTT\HMITT\TouchGFX\App\app_touchgfx.c
2026-03-19 02:57:35,962 [INFO] CodeEngine:255 - oldGeneratedFile, C:\git\VehiculoTT\HMITT\Core\Src\stm32f4xx_it.c_save
2026-03-19 02:57:36,055 [INFO] CodeEngine:279 - Generated code: C:\git\VehiculoTT\HMITT\Core\Src\stm32f4xx_it.c
2026-03-19 02:57:36,064 [INFO] CodeEngine:255 - oldGeneratedFile, C:\git\VehiculoTT\HMITT\Core\Inc\stm32f4xx_it.h_save
2026-03-19 02:57:36,139 [INFO] CodeEngine:279 - Generated code: C:\git\VehiculoTT\HMITT\Core\Inc\stm32f4xx_it.h
2026-03-19 02:57:36,145 [INFO] IP:3348 - RTE Config file name : RTE_Component
2026-03-19 02:57:36,146 [INFO] IP:3366 - RTE template : RTE_Components.ftl
2026-03-19 02:57:36,146 [INFO] CodeGenerator:2119 - Add RTE Code Input 
2026-03-19 02:57:36,165 [INFO] CodeEngine:255 - oldGeneratedFile, C:\git\VehiculoTT\HMITT\Core\Inc\RTE_Components.h_save
2026-03-19 02:57:36,238 [INFO] CodeEngine:279 - Generated code: C:\git\VehiculoTT\HMITT\Core\Inc\RTE_Components.h
2026-03-19 02:57:36,275 [INFO] CodeEngine:255 - oldGeneratedFile, C:\git\VehiculoTT\HMITT\Core\Src\stm32f4xx_hal_msp.c_save
2026-03-19 02:57:36,408 [INFO] CodeEngine:279 - Generated code: C:\git\VehiculoTT\HMITT\Core\Src\stm32f4xx_hal_msp.c
2026-03-19 02:57:36,416 [INFO] CodeEngine:255 - oldGeneratedFile, C:\git\VehiculoTT\HMITT\MXTmpFiles\system.tmp_save
2026-03-19 02:57:36,497 [INFO] CodeEngine:279 - Generated code: C:\git\VehiculoTT\HMITT\MXTmpFiles\system.tmp
2026-03-19 02:57:36,516 [INFO] CodeEngine:255 - oldGeneratedFile, C:\git\VehiculoTT\HMITT\Core\Src\stm32f4xx_hal_timebase_tim.c_save
2026-03-19 02:57:36,602 [INFO] CodeEngine:279 - Generated code: C:\git\VehiculoTT\HMITT\Core\Src\stm32f4xx_hal_timebase_tim.c
2026-03-19 02:57:36,634 [INFO] CodeEngine:311 - oldGeneratedFile, C:\git\VehiculoTT\HMITT\Core\Inc\stm32f4xx_hal_conf.h_save
2026-03-19 02:57:36,724 [INFO] CodeEngine:335 - Generated code: C:\git\VehiculoTT\HMITT\Core\Inc\stm32f4xx_hal_conf.h
2026-03-19 02:57:36,758 [WARN] IPConfigManager:3513 - IP not found : TIM
2026-03-19 02:57:36,759 [WARN] CodeGenerator:3951 - IP not found : null
2026-03-19 02:57:36,784 [INFO] CodeEngine:255 - oldGeneratedFile, C:\git\VehiculoTT\HMITT\Core\Inc\main.h_save
2026-03-19 02:57:36,884 [INFO] CodeEngine:279 - Generated code: C:\git\VehiculoTT\HMITT\Core\Inc\main.h
2026-03-19 02:57:36,907 [INFO] CodeEngine:255 - oldGeneratedFile, C:\git\VehiculoTT\HMITT\Core\Src\main.c_save
2026-03-19 02:57:37,124 [INFO] CodeEngine:279 - Generated code: C:\git\VehiculoTT\HMITT\Core\Src\main.c
2026-03-19 02:57:37,983 [INFO] ProjectBuilder:3163 - Time for Copy HAL[1] : 549mS.
2026-03-19 02:57:37,984 [ERROR] Middleware:2969 - Invalid RefComponent liste
2026-03-19 02:57:37,984 [ERROR] Middleware:2969 - Invalid RefComponent liste
2026-03-19 02:57:37,984 [ERROR] Middleware:2969 - Invalid RefComponent liste
2026-03-19 02:57:37,984 [ERROR] Middleware:2969 - Invalid RefComponent liste
2026-03-19 02:57:37,984 [ERROR] Middleware:2969 - Invalid RefComponent liste
2026-03-19 02:57:37,984 [ERROR] Middleware:2969 - Invalid RefComponent liste
2026-03-19 02:57:37,984 [ERROR] Middleware:2969 - Invalid RefComponent liste
2026-03-19 02:57:37,984 [ERROR] Middleware:2969 - Invalid RefComponent liste
2026-03-19 02:57:37,984 [ERROR] Middleware:2969 - Invalid RefComponent liste
2026-03-19 02:57:37,984 [ERROR] Middleware:2969 - Invalid RefComponent liste
2026-03-19 02:57:37,984 [ERROR] Middleware:2969 - Invalid RefComponent liste
2026-03-19 02:57:37,984 [ERROR] Middleware:2969 - Invalid RefComponent liste
2026-03-19 02:57:37,984 [ERROR] Middleware:2969 - Invalid RefComponent liste
2026-03-19 02:57:37,984 [ERROR] Middleware:2969 - Invalid RefComponent liste
2026-03-19 02:57:37,984 [ERROR] Middleware:2969 - Invalid RefComponent liste
2026-03-19 02:57:37,984 [ERROR] Middleware:2969 - Invalid RefComponent liste
2026-03-19 02:57:37,984 [ERROR] Middleware:2969 - Invalid RefComponent liste
2026-03-19 02:57:37,984 [ERROR] Middleware:2969 - Invalid RefComponent liste
2026-03-19 02:57:37,984 [ERROR] Middleware:2969 - Invalid RefComponent liste
2026-03-19 02:57:37,984 [ERROR] Middleware:2969 - Invalid RefComponent liste
2026-03-19 02:57:37,984 [ERROR] Middleware:2969 - Invalid RefComponent liste
2026-03-19 02:57:37,984 [ERROR] Middleware:2969 - Invalid RefComponent liste
2026-03-19 02:57:37,984 [ERROR] Middleware:2969 - Invalid RefComponent liste
2026-03-19 02:57:37,984 [ERROR] Middleware:2969 - Invalid RefComponent liste
2026-03-19 02:57:37,984 [ERROR] Middleware:2969 - Invalid RefComponent liste
2026-03-19 02:57:37,984 [ERROR] Middleware:2969 - Invalid RefComponent liste
2026-03-19 02:57:37,984 [ERROR] Middleware:2969 - Invalid RefComponent liste
2026-03-19 02:57:37,984 [ERROR] Middleware:2969 - Invalid RefComponent liste
2026-03-19 02:57:37,984 [ERROR] Middleware:2969 - Invalid RefComponent liste
2026-03-19 02:57:37,984 [ERROR] Middleware:2969 - Invalid RefComponent liste
2026-03-19 02:57:37,984 [ERROR] Middleware:2969 - Invalid RefComponent liste
2026-03-19 02:57:37,984 [ERROR] Middleware:2969 - Invalid RefComponent liste
2026-03-19 02:57:37,985 [ERROR] Middleware:2969 - Invalid RefComponent liste
2026-03-19 02:57:37,985 [ERROR] Middleware:2969 - Invalid RefComponent liste
2026-03-19 02:57:37,985 [ERROR] Middleware:2969 - Invalid RefComponent liste
2026-03-19 02:57:37,985 [ERROR] Middleware:2969 - Invalid RefComponent liste
2026-03-19 02:57:37,985 [ERROR] Middleware:2969 - Invalid RefComponent liste
2026-03-19 02:57:37,985 [ERROR] Middleware:2969 - Invalid RefComponent liste
2026-03-19 02:57:37,985 [ERROR] Middleware:2969 - Invalid RefComponent liste
2026-03-19 02:57:37,985 [ERROR] Middleware:2969 - Invalid RefComponent liste
2026-03-19 02:57:37,985 [ERROR] Middleware:2969 - Invalid RefComponent liste
2026-03-19 02:57:37,985 [ERROR] Middleware:2969 - Invalid RefComponent liste
2026-03-19 02:57:37,985 [ERROR] Middleware:2969 - Invalid RefComponent liste
2026-03-19 02:57:37,985 [ERROR] Middleware:2969 - Invalid RefComponent liste
2026-03-19 02:57:37,985 [ERROR] Middleware:2969 - Invalid RefComponent liste
2026-03-19 02:57:37,985 [ERROR] Middleware:2969 - Invalid RefComponent liste
2026-03-19 02:57:37,985 [ERROR] Middleware:2969 - Invalid RefComponent liste
2026-03-19 02:57:37,985 [ERROR] Middleware:2969 - Invalid RefComponent liste
2026-03-19 02:57:37,985 [ERROR] Middleware:2969 - Invalid RefComponent liste
2026-03-19 02:57:37,985 [ERROR] Middleware:2969 - Invalid RefComponent liste
2026-03-19 02:57:37,985 [ERROR] Middleware:2969 - Invalid RefComponent liste
2026-03-19 02:57:37,985 [ERROR] Middleware:2969 - Invalid RefComponent liste
2026-03-19 02:57:37,985 [ERROR] Middleware:2969 - Invalid RefComponent liste
2026-03-19 02:57:37,985 [ERROR] Middleware:2969 - Invalid RefComponent liste
2026-03-19 02:57:37,985 [ERROR] Middleware:2969 - Invalid RefComponent liste
2026-03-19 02:57:37,985 [ERROR] Middleware:2969 - Invalid RefComponent liste
2026-03-19 02:57:37,985 [ERROR] Middleware:2969 - Invalid RefComponent liste
2026-03-19 02:57:37,985 [ERROR] Middleware:2969 - Invalid RefComponent liste
2026-03-19 02:57:37,985 [ERROR] Middleware:2969 - Invalid RefComponent liste
2026-03-19 02:57:37,985 [ERROR] Middleware:2969 - Invalid RefComponent liste
2026-03-19 02:57:37,985 [ERROR] Middleware:2969 - Invalid RefComponent liste
2026-03-19 02:57:37,985 [ERROR] Middleware:2969 - Invalid RefComponent liste
2026-03-19 02:57:37,985 [ERROR] Middleware:2969 - Invalid RefComponent liste
2026-03-19 02:57:37,985 [ERROR] Middleware:2969 - Invalid RefComponent liste
2026-03-19 02:57:37,985 [ERROR] Middleware:2969 - Invalid RefComponent liste
2026-03-19 02:57:37,985 [ERROR] Middleware:2969 - Invalid RefComponent liste
2026-03-19 02:57:37,985 [ERROR] Middleware:2969 - Invalid RefComponent liste
2026-03-19 02:57:37,985 [ERROR] Middleware:2969 - Invalid RefComponent liste
2026-03-19 02:57:37,985 [ERROR] Middleware:2969 - Invalid RefComponent liste
2026-03-19 02:57:37,985 [ERROR] Middleware:2969 - Invalid RefComponent liste
2026-03-19 02:57:37,985 [ERROR] Middleware:2969 - Invalid RefComponent liste
2026-03-19 02:57:37,985 [ERROR] Middleware:2969 - Invalid RefComponent liste
2026-03-19 02:57:37,985 [ERROR] Middleware:2969 - Invalid RefComponent liste
2026-03-19 02:57:37,985 [ERROR] Middleware:2969 - Invalid RefComponent liste
2026-03-19 02:57:37,985 [ERROR] Middleware:2969 - Invalid RefComponent liste
2026-03-19 02:57:37,985 [ERROR] Middleware:2969 - Invalid RefComponent liste
2026-03-19 02:57:37,985 [ERROR] Middleware:2969 - Invalid RefComponent liste
2026-03-19 02:57:37,985 [ERROR] Middleware:2969 - Invalid RefComponent liste
2026-03-19 02:57:37,985 [ERROR] Middleware:2969 - Invalid RefComponent liste
2026-03-19 02:57:37,985 [ERROR] Middleware:2969 - Invalid RefComponent liste
2026-03-19 02:57:37,985 [ERROR] Middleware:2969 - Invalid RefComponent liste
2026-03-19 02:57:37,985 [ERROR] Middleware:2969 - Invalid RefComponent liste
2026-03-19 02:57:37,985 [ERROR] Middleware:2969 - Invalid RefComponent liste
2026-03-19 02:57:37,985 [ERROR] Middleware:2969 - Invalid RefComponent liste
2026-03-19 02:57:37,985 [ERROR] Middleware:2969 - Invalid RefComponent liste
2026-03-19 02:57:37,985 [ERROR] Middleware:2969 - Invalid RefComponent liste
2026-03-19 02:57:37,985 [ERROR] Middleware:2969 - Invalid RefComponent liste
2026-03-19 02:57:37,985 [ERROR] Middleware:2969 - Invalid RefComponent liste
2026-03-19 02:57:37,986 [ERROR] Middleware:2969 - Invalid RefComponent liste
2026-03-19 02:57:37,986 [ERROR] Middleware:2969 - Invalid RefComponent liste
2026-03-19 02:57:37,986 [ERROR] Middleware:2969 - Invalid RefComponent liste
2026-03-19 02:57:37,986 [ERROR] Middleware:2969 - Invalid RefComponent liste
2026-03-19 02:57:37,986 [ERROR] Middleware:2969 - Invalid RefComponent liste
2026-03-19 02:57:37,986 [ERROR] Middleware:2969 - Invalid RefComponent liste
2026-03-19 02:57:37,986 [ERROR] Middleware:2969 - Invalid RefComponent liste
2026-03-19 02:57:37,986 [ERROR] Middleware:2969 - Invalid RefComponent liste
2026-03-19 02:57:37,986 [ERROR] Middleware:2969 - Invalid RefComponent liste
2026-03-19 02:57:37,986 [ERROR] Middleware:2969 - Invalid RefComponent liste
2026-03-19 02:57:37,986 [ERROR] Middleware:2969 - Invalid RefComponent liste
2026-03-19 02:57:37,986 [ERROR] Middleware:2969 - Invalid RefComponent liste
2026-03-19 02:57:37,986 [ERROR] Middleware:2969 - Invalid RefComponent liste
2026-03-19 02:57:37,986 [ERROR] Middleware:2969 - Invalid RefComponent liste
2026-03-19 02:57:38,010 [INFO] ProjectBuilder:4736 - Project Generator version: 4.3.0-B58
2026-03-19 02:57:38,090 [INFO] ConfigFileManager:1503 - The Die is : DIE431
2026-03-19 02:57:38,096 [INFO] ApiDbMcu:508 - Load IP Config File for FATFS
2026-03-19 02:57:38,098 [INFO] ApiDbMcu:508 - Load IP Config File for LIBJPEG
2026-03-19 02:57:38,106 [INFO] ApiDbMcu:508 - Load IP Config File for MBEDTLS
2026-03-19 02:57:38,112 [INFO] ApiDbMcu:508 - Load IP Config File for USB_DEVICE
2026-03-19 02:57:38,115 [INFO] ApiDbMcu:508 - Load IP Config File for USB_HOST
2026-03-19 02:57:38,500 [INFO] LogOutputStream:77 - [STDOUT_REDIRECT] 
2026-03-19 02:57:42,576 [INFO] ProjectBuilder:5002 - Time for Generating toolchain IDE Files: 4566mS.
2026-03-19 02:57:42,579 [INFO] ProjectBuilder:3034 - Time for Copy CMSIS : 2mS.
2026-03-19 02:57:42,724 [INFO] ProjectBuilder:3034 - Time for Copy CMSIS : 1mS.
2026-03-19 03:33:41,427 [WARN] IP:2120 - tgfx_framebuffer_stride_value_custom not found: check if there is a RefParameter without a condition.
2026-03-19 03:33:41,430 [WARN] IP:2120 - tgfx_framebuffer_stride_value_custom not found: check if there is a RefParameter without a condition.
2026-03-19 03:33:41,450 [WARN] IP:2120 - I2C_Coeff_DF not found: check if there is a RefParameter without a condition.
2026-03-19 03:33:41,450 [WARN] IP:2120 - Analog_Filter not found: check if there is a RefParameter without a condition.
2026-03-19 03:33:41,450 [WARN] IP:2120 - I2C_Coeff_DF not found: check if there is a RefParameter without a condition.
2026-03-19 03:33:41,450 [WARN] IP:2120 - Analog_Filter not found: check if there is a RefParameter without a condition.
2026-03-19 03:33:42,025 [INFO] NvicIntPanel:101 - NVIC parent = com.st.microxplorer.plugins.ip.nvic.MultiNvicIntPanel[,0,0,497x218,layout=javax.swing.BoxLayout,alignmentX=0.0,alignmentY=0.0,border=,flags=9,maximumSize=,minimumSize=,preferredSize=]
2026-03-19 03:33:43,447 [INFO] NvicIntPanel:101 - NVIC parent = com.st.microxplorer.plugins.ip.nvic.MultiNvicIntPanel[,0,0,0x0,invalid,layout=javax.swing.BoxLayout,alignmentX=0.0,alignmentY=0.0,border=,flags=9,maximumSize=,minimumSize=,preferredSize=]
2026-03-19 03:33:53,883 [INFO] NvicIntPanel:101 - NVIC parent = com.st.microxplorer.plugins.ip.nvic.MultiNvicIntPanel[,0,0,0x0,invalid,layout=javax.swing.BoxLayout,alignmentX=0.0,alignmentY=0.0,border=,flags=9,maximumSize=,minimumSize=,preferredSize=]
2026-03-19 03:33:57,618 [INFO] NvicIntPanel:101 - NVIC parent = com.st.microxplorer.plugins.ip.nvic.MultiNvicIntPanel[,0,0,0x0,invalid,layout=javax.swing.BoxLayout,alignmentX=0.0,alignmentY=0.0,border=,flags=9,maximumSize=,minimumSize=,preferredSize=]
2026-03-19 03:34:17,084 [INFO] UtilMem:75 - End SaveConfig() Used Memory: 918282832 Bytes (1073741824)
2026-03-19 03:34:18,048 [INFO] UtilMem:75 - End SaveConfig() Used Memory: 905121280 Bytes (1073741824)
2026-03-19 03:34:19,793 [INFO] BlockDiagram:2759 - set Specific Code input for plugin: SPI
2026-03-19 03:34:19,793 [INFO] BlockDiagram:2759 - set Specific Code input for plugin: SPI
2026-03-19 03:34:19,793 [INFO] BlockDiagram:2759 - set Specific Code input for plugin: NVIC
2026-03-19 03:34:19,793 [INFO] BlockDiagram:2759 - set Specific Code input for plugin: FREERTOS
2026-03-19 03:34:19,793 [INFO] BlockDiagram:2759 - set Specific Code input for plugin: USART
2026-03-19 03:34:19,793 [INFO] BlockDiagram:2759 - set Specific Code input for plugin: DMA
2026-03-19 03:34:19,793 [INFO] BlockDiagram:2759 - set Specific Code input for plugin: STMicroelectronics.X-CUBE-TOUCHGFX.4.26.0
2026-03-19 03:34:19,793 [INFO] BlockDiagram:2759 - set Specific Code input for plugin: TIM1_8
2026-03-19 03:34:19,793 [INFO] BlockDiagram:2759 - set Specific Code input for plugin: SYS
2026-03-19 03:34:19,793 [INFO] BlockDiagram:2759 - set Specific Code input for plugin: GPIO
2026-03-19 03:34:19,793 [INFO] BlockDiagram:2759 - set Specific Code input for plugin: RCC
2026-03-19 03:34:19,793 [INFO] BlockDiagram:2759 - set Specific Code input for plugin: CRC
2026-03-19 03:34:19,793 [INFO] BlockDiagram:2759 - set Specific Code input for plugin: I2C
2026-03-19 03:34:19,794 [WARN] IP:2120 - tgfx_framebuffer_stride_value_custom not found: check if there is a RefParameter without a condition.
2026-03-19 03:34:19,798 [INFO] CodeGenerator:807 - code generatio: config db path: D:\Documentos\Electronica\Nueva carpeta\STM32CubeIDE_1.15.0\STM32CubeIDE\plugins\com.st.stm32cube.common.mx_6.11.0.202403141607\\db\
2026-03-19 03:34:19,802 [WARN] IP:2120 - I2C_Coeff_DF not found: check if there is a RefParameter without a condition.
2026-03-19 03:34:19,802 [WARN] IP:2120 - Analog_Filter not found: check if there is a RefParameter without a condition.
2026-03-19 03:34:19,807 [INFO] Argument:325 - Argument : hdmavalue: null
2026-03-19 03:34:19,807 [INFO] Argument:327 - 	 sub Args: 
2026-03-19 03:34:19,807 [INFO] Argument:325 - Argument : Instancevalue: DMA2_Stream2
2026-03-19 03:34:19,807 [INFO] Argument:335 - Argument : Instancevalue: DMA2_Stream2
2026-03-19 03:34:19,807 [INFO] Argument:325 - Argument : Initvalue: null
2026-03-19 03:34:19,807 [INFO] Argument:327 - 	 sub Args: 
2026-03-19 03:34:19,807 [INFO] Argument:325 - Argument : Channelvalue: DMA_CHANNEL_2
2026-03-19 03:34:19,807 [INFO] Argument:335 - Argument : Channelvalue: DMA_CHANNEL_2
2026-03-19 03:34:19,807 [INFO] Argument:325 - Argument : Directionvalue: DMA_MEMORY_TO_PERIPH
2026-03-19 03:34:19,807 [INFO] Argument:335 - Argument : Directionvalue: DMA_MEMORY_TO_PERIPH
2026-03-19 03:34:19,807 [INFO] Argument:325 - Argument : PeriphIncvalue: DMA_PINC_DISABLE
2026-03-19 03:34:19,807 [INFO] Argument:335 - Argument : PeriphIncvalue: DMA_PINC_DISABLE
2026-03-19 03:34:19,808 [INFO] Argument:325 - Argument : MemIncvalue: DMA_MINC_ENABLE
2026-03-19 03:34:19,808 [INFO] Argument:335 - Argument : MemIncvalue: DMA_MINC_ENABLE
2026-03-19 03:34:19,808 [INFO] Argument:325 - Argument : PeriphDataAlignmentvalue: DMA_PDATAALIGN_BYTE
2026-03-19 03:34:19,808 [INFO] Argument:335 - Argument : PeriphDataAlignmentvalue: DMA_PDATAALIGN_BYTE
2026-03-19 03:34:19,808 [INFO] Argument:325 - Argument : MemDataAlignmentvalue: DMA_MDATAALIGN_BYTE
2026-03-19 03:34:19,808 [INFO] Argument:335 - Argument : MemDataAlignmentvalue: DMA_MDATAALIGN_BYTE
2026-03-19 03:34:19,808 [INFO] Argument:325 - Argument : Modevalue: DMA_NORMAL
2026-03-19 03:34:19,808 [INFO] Argument:335 - Argument : Modevalue: DMA_NORMAL
2026-03-19 03:34:19,808 [INFO] Argument:325 - Argument : Priorityvalue: DMA_PRIORITY_LOW
2026-03-19 03:34:19,808 [INFO] Argument:335 - Argument : Priorityvalue: DMA_PRIORITY_LOW
2026-03-19 03:34:19,808 [INFO] Argument:325 - Argument : FIFOModevalue: DMA_FIFOMODE_ENABLE
2026-03-19 03:34:19,808 [INFO] Argument:335 - Argument : FIFOModevalue: DMA_FIFOMODE_ENABLE
2026-03-19 03:34:19,808 [INFO] Argument:325 - Argument : FIFOThresholdvalue: DMA_FIFO_THRESHOLD_FULL
2026-03-19 03:34:19,808 [INFO] Argument:335 - Argument : FIFOThresholdvalue: DMA_FIFO_THRESHOLD_FULL
2026-03-19 03:34:19,808 [INFO] Argument:325 - Argument : MemBurstvalue: DMA_MBURST_SINGLE
2026-03-19 03:34:19,808 [INFO] Argument:335 - Argument : MemBurstvalue: DMA_MBURST_SINGLE
2026-03-19 03:34:19,808 [INFO] Argument:325 - Argument : PeriphBurstvalue: DMA_PBURST_SINGLE
2026-03-19 03:34:19,808 [INFO] Argument:335 - Argument : PeriphBurstvalue: DMA_PBURST_SINGLE
2026-03-19 03:34:19,808 [INFO] Argument:325 - Argument : Lockvalue: null
2026-03-19 03:34:19,808 [INFO] Argument:335 - Argument : Lockvalue: null
2026-03-19 03:34:19,808 [INFO] Argument:325 - Argument : Statevalue: null
2026-03-19 03:34:19,808 [INFO] Argument:335 - Argument : Statevalue: null
2026-03-19 03:34:19,808 [INFO] Argument:325 - Argument : Parentvalue: null
2026-03-19 03:34:19,808 [INFO] Argument:335 - Argument : Parentvalue: null
2026-03-19 03:34:19,808 [INFO] Argument:325 - Argument : XferCpltCallbackvalue: null
2026-03-19 03:34:19,808 [INFO] Argument:335 - Argument : XferCpltCallbackvalue: null
2026-03-19 03:34:19,808 [INFO] Argument:325 - Argument : XferHalfCpltCallbackvalue: null
2026-03-19 03:34:19,808 [INFO] Argument:335 - Argument : XferHalfCpltCallbackvalue: null
2026-03-19 03:34:19,808 [INFO] Argument:325 - Argument : XferM1CpltCallbackvalue: null
2026-03-19 03:34:19,808 [INFO] Argument:335 - Argument : XferM1CpltCallbackvalue: null
2026-03-19 03:34:19,808 [INFO] Argument:325 - Argument : XferErrorCallbackvalue: null
2026-03-19 03:34:19,808 [INFO] Argument:335 - Argument : XferErrorCallbackvalue: null
2026-03-19 03:34:19,808 [INFO] Argument:325 - Argument : ErrorCodevalue: null
2026-03-19 03:34:19,808 [INFO] Argument:335 - Argument : ErrorCodevalue: null
2026-03-19 03:34:19,810 [WARN] IP:2120 - tgfx_framebuffer_stride_value_custom not found: check if there is a RefParameter without a condition.
2026-03-19 03:34:19,854 [INFO] IP:3348 - RTE Config file name : RTE_Component
2026-03-19 03:34:19,854 [INFO] IP:3366 - RTE template : RTE_Components.ftl
2026-03-19 03:34:19,864 [INFO] CodeEngine:255 - oldGeneratedFile, C:\git\VehiculoTT\HMITT\MXTmpFiles\license.tmp_save
2026-03-19 03:34:19,955 [INFO] CodeEngine:279 - Generated code: C:\git\VehiculoTT\HMITT\MXTmpFiles\license.tmp
2026-03-19 03:34:19,987 [INFO] CodeEngine:255 - oldGeneratedFile, C:\git\VehiculoTT\HMITT\MXTmpFiles\gpio.tmp_save
2026-03-19 03:34:20,096 [INFO] CodeEngine:279 - Generated code: C:\git\VehiculoTT\HMITT\MXTmpFiles\gpio.tmp
2026-03-19 03:34:22,556 [INFO] Middleware:1439 - No code input for Bsp Dependency
2026-03-19 03:34:22,565 [INFO] CodeEngine:255 - oldGeneratedFile, C:\git\VehiculoTT\HMITT\MXTmpFiles\rtos_inc.tmp_save
2026-03-19 03:34:22,644 [INFO] CodeEngine:279 - Generated code: C:\git\VehiculoTT\HMITT\MXTmpFiles\rtos_inc.tmp
2026-03-19 03:34:22,655 [INFO] CodeEngine:255 - oldGeneratedFile, C:\git\VehiculoTT\HMITT\MXTmpFiles\rtos_kernelInit.tmp_save
2026-03-19 03:34:22,722 [INFO] CodeEngine:279 - Generated code: C:\git\VehiculoTT\HMITT\MXTmpFiles\rtos_kernelInit.tmp
2026-03-19 03:34:22,724 [INFO] CodeEngine:255 - oldGeneratedFile, C:\git\VehiculoTT\HMITT\MXTmpFiles\rtos_kernelStart.tmp_save
2026-03-19 03:34:22,790 [INFO] CodeEngine:279 - Generated code: C:\git\VehiculoTT\HMITT\MXTmpFiles\rtos_kernelStart.tmp
2026-03-19 03:34:22,796 [INFO] CodeEngine:255 - oldGeneratedFile, C:\git\VehiculoTT\HMITT\MXTmpFiles\rtos_typedefs.tmp_save
2026-03-19 03:34:22,855 [INFO] CodeEngine:279 - Generated code: C:\git\VehiculoTT\HMITT\MXTmpFiles\rtos_typedefs.tmp
2026-03-19 03:34:22,870 [INFO] CodeEngine:255 - oldGeneratedFile, C:\git\VehiculoTT\HMITT\MXTmpFiles\rtos_vars.tmp_save
2026-03-19 03:34:22,944 [INFO] CodeEngine:279 - Generated code: C:\git\VehiculoTT\HMITT\MXTmpFiles\rtos_vars.tmp
2026-03-19 03:34:22,955 [INFO] CodeEngine:255 - oldGeneratedFile, C:\git\VehiculoTT\HMITT\MXTmpFiles\rtos_pfp.tmp_save
2026-03-19 03:34:23,016 [INFO] CodeEngine:279 - Generated code: C:\git\VehiculoTT\HMITT\MXTmpFiles\rtos_pfp.tmp
2026-03-19 03:34:23,024 [INFO] CodeEngine:255 - oldGeneratedFile, C:\git\VehiculoTT\HMITT\MXTmpFiles\rtos_obj_creat.tmp_save
2026-03-19 03:34:23,094 [INFO] CodeEngine:279 - Generated code: C:\git\VehiculoTT\HMITT\MXTmpFiles\rtos_obj_creat.tmp
2026-03-19 03:34:23,101 [INFO] CodeEngine:255 - oldGeneratedFile, C:\git\VehiculoTT\HMITT\MXTmpFiles\rtos_default_thread.tmp_save
2026-03-19 03:34:23,158 [INFO] CodeEngine:279 - Generated code: C:\git\VehiculoTT\HMITT\MXTmpFiles\rtos_default_thread.tmp
2026-03-19 03:34:23,165 [INFO] CodeEngine:255 - oldGeneratedFile, C:\git\VehiculoTT\HMITT\MXTmpFiles\rtos_threads.tmp_save
2026-03-19 03:34:23,223 [INFO] CodeEngine:279 - Generated code: C:\git\VehiculoTT\HMITT\MXTmpFiles\rtos_threads.tmp
2026-03-19 03:34:23,232 [INFO] Middleware:1439 - No code input for Bsp Dependency
2026-03-19 03:34:23,238 [INFO] IP:3348 - RTE Config file name : RTE_Component
2026-03-19 03:34:23,238 [INFO] IP:3366 - RTE template : RTE_Components.ftl
2026-03-19 03:34:23,244 [INFO] CodeEngine:255 - oldGeneratedFile, C:\git\VehiculoTT\HMITT\MXTmpFiles\SCB_CleanInvalidateDCache.tmp_save
2026-03-19 03:34:23,320 [INFO] CodeEngine:279 - Generated code: C:\git\VehiculoTT\HMITT\MXTmpFiles\SCB_CleanInvalidateDCache.tmp
2026-03-19 03:34:23,325 [INFO] CodeEngine:255 - oldGeneratedFile, C:\git\VehiculoTT\HMITT\MXTmpFiles\SCB_InvalidateDCache.tmp_save
2026-03-19 03:34:23,373 [INFO] CodeEngine:279 - Generated code: C:\git\VehiculoTT\HMITT\MXTmpFiles\SCB_InvalidateDCache.tmp
2026-03-19 03:34:23,383 [INFO] CodeEngine:255 - oldGeneratedFile, C:\git\VehiculoTT\HMITT\MXTmpFiles\touchgfx_license.tmp_save
2026-03-19 03:34:23,444 [INFO] CodeEngine:279 - Generated code: C:\git\VehiculoTT\HMITT\MXTmpFiles\touchgfx_license.tmp
2026-03-19 03:34:23,454 [INFO] CodeEngine:255 - oldGeneratedFile, C:\git\VehiculoTT\HMITT\MXTmpFiles\touchgfx_gen_license.tmp_save
2026-03-19 03:34:23,518 [INFO] CodeEngine:279 - Generated code: C:\git\VehiculoTT\HMITT\MXTmpFiles\touchgfx_gen_license.tmp
2026-03-19 03:34:23,527 [INFO] CodeEngine:255 - oldGeneratedFile, C:\git\VehiculoTT\HMITT\MXTmpFiles\oswrappers_cmsis.tmp_save
2026-03-19 03:34:23,591 [INFO] CodeEngine:279 - Generated code: C:\git\VehiculoTT\HMITT\MXTmpFiles\oswrappers_cmsis.tmp
2026-03-19 03:34:23,604 [INFO] Middleware:1439 - No code input for Bsp Dependency
2026-03-19 03:34:23,620 [INFO] CodeEngine:255 - oldGeneratedFile, C:\git\VehiculoTT\HMITT\MXTmpFiles\rtos_inc.tmp_save
2026-03-19 03:34:23,686 [INFO] CodeEngine:279 - Generated code: C:\git\VehiculoTT\HMITT\MXTmpFiles\rtos_inc.tmp
2026-03-19 03:34:23,695 [INFO] CodeEngine:255 - oldGeneratedFile, C:\git\VehiculoTT\HMITT\MXTmpFiles\rtos_kernelInit.tmp_save
2026-03-19 03:34:23,749 [INFO] CodeEngine:279 - Generated code: C:\git\VehiculoTT\HMITT\MXTmpFiles\rtos_kernelInit.tmp
2026-03-19 03:34:23,760 [INFO] CodeEngine:255 - oldGeneratedFile, C:\git\VehiculoTT\HMITT\MXTmpFiles\rtos_kernelStart.tmp_save
2026-03-19 03:34:23,815 [INFO] CodeEngine:279 - Generated code: C:\git\VehiculoTT\HMITT\MXTmpFiles\rtos_kernelStart.tmp
2026-03-19 03:34:23,825 [INFO] CodeEngine:255 - oldGeneratedFile, C:\git\VehiculoTT\HMITT\MXTmpFiles\rtos_typedefs.tmp_save
2026-03-19 03:34:23,882 [INFO] CodeEngine:279 - Generated code: C:\git\VehiculoTT\HMITT\MXTmpFiles\rtos_typedefs.tmp
2026-03-19 03:34:23,904 [INFO] CodeEngine:255 - oldGeneratedFile, C:\git\VehiculoTT\HMITT\MXTmpFiles\rtos_vars.tmp_save
2026-03-19 03:34:23,963 [INFO] CodeEngine:279 - Generated code: C:\git\VehiculoTT\HMITT\MXTmpFiles\rtos_vars.tmp
2026-03-19 03:34:23,973 [INFO] CodeEngine:255 - oldGeneratedFile, C:\git\VehiculoTT\HMITT\MXTmpFiles\rtos_pfp.tmp_save
2026-03-19 03:34:24,023 [INFO] CodeEngine:279 - Generated code: C:\git\VehiculoTT\HMITT\MXTmpFiles\rtos_pfp.tmp
2026-03-19 03:34:24,050 [INFO] CodeEngine:255 - oldGeneratedFile, C:\git\VehiculoTT\HMITT\MXTmpFiles\rtos_obj_creat.tmp_save
2026-03-19 03:34:24,123 [INFO] CodeEngine:279 - Generated code: C:\git\VehiculoTT\HMITT\MXTmpFiles\rtos_obj_creat.tmp
2026-03-19 03:34:24,131 [INFO] CodeEngine:255 - oldGeneratedFile, C:\git\VehiculoTT\HMITT\MXTmpFiles\rtos_default_thread.tmp_save
2026-03-19 03:34:24,191 [INFO] CodeEngine:279 - Generated code: C:\git\VehiculoTT\HMITT\MXTmpFiles\rtos_default_thread.tmp
2026-03-19 03:34:24,203 [INFO] CodeEngine:255 - oldGeneratedFile, C:\git\VehiculoTT\HMITT\MXTmpFiles\rtos_threads.tmp_save
2026-03-19 03:34:24,259 [INFO] CodeEngine:279 - Generated code: C:\git\VehiculoTT\HMITT\MXTmpFiles\rtos_threads.tmp
2026-03-19 03:34:24,273 [INFO] CodeEngine:255 - oldGeneratedFile, C:\git\VehiculoTT\HMITT\Core\Inc\FreeRTOSConfig.h_save
2026-03-19 03:34:24,347 [INFO] CodeEngine:279 - Generated code: C:\git\VehiculoTT\HMITT\Core\Inc\FreeRTOSConfig.h
2026-03-19 03:34:24,370 [INFO] CodeEngine:255 - oldGeneratedFile, C:\git\VehiculoTT\HMITT\Core\Src\freertos.c_save
2026-03-19 03:34:24,433 [INFO] CodeEngine:279 - Generated code: C:\git\VehiculoTT\HMITT\Core\Src\freertos.c
2026-03-19 03:34:24,466 [INFO] CodeEngine:255 - oldGeneratedFile, C:\git\VehiculoTT\HMITT\MXTmpFiles\dma.tmp_save
2026-03-19 03:34:24,555 [INFO] CodeEngine:279 - Generated code: C:\git\VehiculoTT\HMITT\MXTmpFiles\dma.tmp
2026-03-19 03:34:24,562 [INFO] CodeEngine:255 - oldGeneratedFile, C:\git\VehiculoTT\HMITT\MXTmpFiles\dma_GV.tmp_save
2026-03-19 03:34:24,620 [INFO] CodeEngine:279 - Generated code: C:\git\VehiculoTT\HMITT\MXTmpFiles\dma_GV.tmp
2026-03-19 03:34:24,628 [INFO] Middleware:1439 - No code input for Bsp Dependency
2026-03-19 03:34:24,628 [INFO] IP:3348 - RTE Config file name : RTE_Component
2026-03-19 03:34:24,628 [INFO] IP:3366 - RTE template : RTE_Components.ftl
2026-03-19 03:34:24,644 [INFO] CodeEngine:255 - oldGeneratedFile, C:\git\VehiculoTT\HMITT\MXTmpFiles\SCB_CleanInvalidateDCache.tmp_save
2026-03-19 03:34:24,723 [INFO] CodeEngine:279 - Generated code: C:\git\VehiculoTT\HMITT\MXTmpFiles\SCB_CleanInvalidateDCache.tmp
2026-03-19 03:34:24,735 [INFO] CodeEngine:255 - oldGeneratedFile, C:\git\VehiculoTT\HMITT\MXTmpFiles\SCB_InvalidateDCache.tmp_save
2026-03-19 03:34:24,794 [INFO] CodeEngine:279 - Generated code: C:\git\VehiculoTT\HMITT\MXTmpFiles\SCB_InvalidateDCache.tmp
2026-03-19 03:34:24,806 [INFO] CodeEngine:255 - oldGeneratedFile, C:\git\VehiculoTT\HMITT\MXTmpFiles\touchgfx_license.tmp_save
2026-03-19 03:34:24,874 [INFO] CodeEngine:279 - Generated code: C:\git\VehiculoTT\HMITT\MXTmpFiles\touchgfx_license.tmp
2026-03-19 03:34:24,886 [INFO] CodeEngine:255 - oldGeneratedFile, C:\git\VehiculoTT\HMITT\MXTmpFiles\touchgfx_gen_license.tmp_save
2026-03-19 03:34:24,954 [INFO] CodeEngine:279 - Generated code: C:\git\VehiculoTT\HMITT\MXTmpFiles\touchgfx_gen_license.tmp
2026-03-19 03:34:24,973 [INFO] CodeEngine:255 - oldGeneratedFile, C:\git\VehiculoTT\HMITT\MXTmpFiles\oswrappers_cmsis.tmp_save
2026-03-19 03:34:25,040 [INFO] CodeEngine:279 - Generated code: C:\git\VehiculoTT\HMITT\MXTmpFiles\oswrappers_cmsis.tmp
2026-03-19 03:34:25,045 [INFO] CodeEngine:255 - oldGeneratedFile, C:\git\VehiculoTT\HMITT\TouchGFX\App\app_touchgfx.h_save
2026-03-19 03:34:25,114 [INFO] CodeEngine:279 - Generated code: C:\git\VehiculoTT\HMITT\TouchGFX\App\app_touchgfx.h
2026-03-19 03:34:25,124 [INFO] CodeEngine:255 - oldGeneratedFile, C:\git\VehiculoTT\HMITT\TouchGFX\ApplicationTemplate.touchgfx.part_save
2026-03-19 03:34:25,205 [INFO] CodeEngine:279 - Generated code: C:\git\VehiculoTT\HMITT\TouchGFX\ApplicationTemplate.touchgfx.part
2026-03-19 03:34:25,241 [INFO] CodeEngine:255 - oldGeneratedFile, C:\git\VehiculoTT\HMITT\TouchGFX\target\generated\TouchGFXConfiguration.cpp_save
2026-03-19 03:34:25,322 [INFO] CodeEngine:279 - Generated code: C:\git\VehiculoTT\HMITT\TouchGFX\target\generated\TouchGFXConfiguration.cpp
2026-03-19 03:34:25,340 [INFO] CodeEngine:255 - oldGeneratedFile, C:\git\VehiculoTT\HMITT\TouchGFX\target\generated\TouchGFXGeneratedHAL.hpp_save
2026-03-19 03:34:25,406 [INFO] CodeEngine:279 - Generated code: C:\git\VehiculoTT\HMITT\TouchGFX\target\generated\TouchGFXGeneratedHAL.hpp
2026-03-19 03:34:25,424 [INFO] CodeEngine:255 - oldGeneratedFile, C:\git\VehiculoTT\HMITT\TouchGFX\target\generated\TouchGFXGeneratedHAL.cpp_save
2026-03-19 03:34:25,494 [INFO] CodeEngine:279 - Generated code: C:\git\VehiculoTT\HMITT\TouchGFX\target\generated\TouchGFXGeneratedHAL.cpp
2026-03-19 03:34:25,505 [INFO] CodeEngine:255 - oldGeneratedFile, C:\git\VehiculoTT\HMITT\TouchGFX\target\TouchGFXHAL.hpp_save
2026-03-19 03:34:25,576 [INFO] CodeEngine:279 - Generated code: C:\git\VehiculoTT\HMITT\TouchGFX\target\TouchGFXHAL.hpp
2026-03-19 03:34:25,591 [INFO] CodeEngine:255 - oldGeneratedFile, C:\git\VehiculoTT\HMITT\TouchGFX\target\TouchGFXHAL.cpp_save
2026-03-19 03:34:25,655 [INFO] CodeEngine:279 - Generated code: C:\git\VehiculoTT\HMITT\TouchGFX\target\TouchGFXHAL.cpp
2026-03-19 03:34:25,670 [INFO] CodeEngine:255 - oldGeneratedFile, C:\git\VehiculoTT\HMITT\TouchGFX\target\STM32TouchController.hpp_save
2026-03-19 03:34:25,732 [INFO] CodeEngine:279 - Generated code: C:\git\VehiculoTT\HMITT\TouchGFX\target\STM32TouchController.hpp
2026-03-19 03:34:25,741 [INFO] CodeEngine:255 - oldGeneratedFile, C:\git\VehiculoTT\HMITT\TouchGFX\target\STM32TouchController.cpp_save
2026-03-19 03:34:25,807 [INFO] CodeEngine:279 - Generated code: C:\git\VehiculoTT\HMITT\TouchGFX\target\STM32TouchController.cpp
2026-03-19 03:34:25,820 [INFO] CodeEngine:255 - oldGeneratedFile, C:\git\VehiculoTT\HMITT\TouchGFX\target\generated\STM32DMA.hpp_save
2026-03-19 03:34:25,881 [INFO] CodeEngine:279 - Generated code: C:\git\VehiculoTT\HMITT\TouchGFX\target\generated\STM32DMA.hpp
2026-03-19 03:34:25,890 [INFO] CodeEngine:255 - oldGeneratedFile, C:\git\VehiculoTT\HMITT\TouchGFX\target\generated\STM32DMA.cpp_save
2026-03-19 03:34:25,954 [INFO] CodeEngine:279 - Generated code: C:\git\VehiculoTT\HMITT\TouchGFX\target\generated\STM32DMA.cpp
2026-03-19 03:34:25,965 [INFO] CodeEngine:255 - oldGeneratedFile, C:\git\VehiculoTT\HMITT\TouchGFX\target\generated\OSWrappers.cpp_save
2026-03-19 03:34:26,029 [INFO] CodeEngine:279 - Generated code: C:\git\VehiculoTT\HMITT\TouchGFX\target\generated\OSWrappers.cpp
2026-03-19 03:34:26,040 [INFO] CodeEngine:255 - oldGeneratedFile, C:\git\VehiculoTT\HMITT\TouchGFX\target\TouchGFXGPIO.cpp_save
2026-03-19 03:34:26,119 [INFO] CodeEngine:279 - Generated code: C:\git\VehiculoTT\HMITT\TouchGFX\target\TouchGFXGPIO.cpp
2026-03-19 03:34:26,131 [INFO] CodeEngine:255 - oldGeneratedFile, C:\git\VehiculoTT\HMITT\TouchGFX\App\app_touchgfx.c_save
2026-03-19 03:34:26,215 [INFO] CodeEngine:279 - Generated code: C:\git\VehiculoTT\HMITT\TouchGFX\App\app_touchgfx.c
2026-03-19 03:34:26,254 [INFO] CodeEngine:255 - oldGeneratedFile, C:\git\VehiculoTT\HMITT\Core\Src\stm32f4xx_it.c_save
2026-03-19 03:34:26,482 [INFO] CodeEngine:279 - Generated code: C:\git\VehiculoTT\HMITT\Core\Src\stm32f4xx_it.c
2026-03-19 03:34:26,494 [INFO] CodeEngine:255 - oldGeneratedFile, C:\git\VehiculoTT\HMITT\Core\Inc\stm32f4xx_it.h_save
2026-03-19 03:34:26,594 [INFO] CodeEngine:279 - Generated code: C:\git\VehiculoTT\HMITT\Core\Inc\stm32f4xx_it.h
2026-03-19 03:34:26,603 [INFO] IP:3348 - RTE Config file name : RTE_Component
2026-03-19 03:34:26,603 [INFO] IP:3366 - RTE template : RTE_Components.ftl
2026-03-19 03:34:26,603 [INFO] CodeGenerator:2119 - Add RTE Code Input 
2026-03-19 03:34:26,618 [INFO] CodeEngine:255 - oldGeneratedFile, C:\git\VehiculoTT\HMITT\Core\Inc\RTE_Components.h_save
2026-03-19 03:34:26,695 [INFO] CodeEngine:279 - Generated code: C:\git\VehiculoTT\HMITT\Core\Inc\RTE_Components.h
2026-03-19 03:34:26,724 [INFO] CodeEngine:255 - oldGeneratedFile, C:\git\VehiculoTT\HMITT\Core\Src\stm32f4xx_hal_msp.c_save
2026-03-19 03:34:26,881 [INFO] CodeEngine:279 - Generated code: C:\git\VehiculoTT\HMITT\Core\Src\stm32f4xx_hal_msp.c
2026-03-19 03:34:26,894 [INFO] CodeEngine:255 - oldGeneratedFile, C:\git\VehiculoTT\HMITT\MXTmpFiles\system.tmp_save
2026-03-19 03:34:26,956 [INFO] CodeEngine:279 - Generated code: C:\git\VehiculoTT\HMITT\MXTmpFiles\system.tmp
2026-03-19 03:34:26,973 [INFO] CodeEngine:255 - oldGeneratedFile, C:\git\VehiculoTT\HMITT\Core\Src\stm32f4xx_hal_timebase_tim.c_save
2026-03-19 03:34:27,044 [INFO] CodeEngine:279 - Generated code: C:\git\VehiculoTT\HMITT\Core\Src\stm32f4xx_hal_timebase_tim.c
2026-03-19 03:34:27,073 [INFO] CodeEngine:311 - oldGeneratedFile, C:\git\VehiculoTT\HMITT\Core\Inc\stm32f4xx_hal_conf.h_save
2026-03-19 03:34:27,190 [INFO] CodeEngine:335 - Generated code: C:\git\VehiculoTT\HMITT\Core\Inc\stm32f4xx_hal_conf.h
2026-03-19 03:34:27,237 [WARN] IPConfigManager:3513 - IP not found : TIM
2026-03-19 03:34:27,237 [WARN] CodeGenerator:3951 - IP not found : null
2026-03-19 03:34:27,265 [INFO] CodeEngine:255 - oldGeneratedFile, C:\git\VehiculoTT\HMITT\Core\Inc\main.h_save
2026-03-19 03:34:27,356 [INFO] CodeEngine:279 - Generated code: C:\git\VehiculoTT\HMITT\Core\Inc\main.h
2026-03-19 03:34:27,373 [INFO] CodeEngine:255 - oldGeneratedFile, C:\git\VehiculoTT\HMITT\Core\Src\main.c_save
2026-03-19 03:34:27,570 [INFO] CodeEngine:279 - Generated code: C:\git\VehiculoTT\HMITT\Core\Src\main.c
2026-03-19 03:34:28,465 [INFO] ProjectBuilder:3163 - Time for Copy HAL[1] : 619mS.
2026-03-19 03:34:28,465 [ERROR] Middleware:2969 - Invalid RefComponent liste
2026-03-19 03:34:28,465 [ERROR] Middleware:2969 - Invalid RefComponent liste
2026-03-19 03:34:28,465 [ERROR] Middleware:2969 - Invalid RefComponent liste
2026-03-19 03:34:28,465 [ERROR] Middleware:2969 - Invalid RefComponent liste
2026-03-19 03:34:28,465 [ERROR] Middleware:2969 - Invalid RefComponent liste
2026-03-19 03:34:28,465 [ERROR] Middleware:2969 - Invalid RefComponent liste
2026-03-19 03:34:28,465 [ERROR] Middleware:2969 - Invalid RefComponent liste
2026-03-19 03:34:28,465 [ERROR] Middleware:2969 - Invalid RefComponent liste
2026-03-19 03:34:28,465 [ERROR] Middleware:2969 - Invalid RefComponent liste
2026-03-19 03:34:28,465 [ERROR] Middleware:2969 - Invalid RefComponent liste
2026-03-19 03:34:28,465 [ERROR] Middleware:2969 - Invalid RefComponent liste
2026-03-19 03:34:28,465 [ERROR] Middleware:2969 - Invalid RefComponent liste
2026-03-19 03:34:28,465 [ERROR] Middleware:2969 - Invalid RefComponent liste
2026-03-19 03:34:28,465 [ERROR] Middleware:2969 - Invalid RefComponent liste
2026-03-19 03:34:28,465 [ERROR] Middleware:2969 - Invalid RefComponent liste
2026-03-19 03:34:28,465 [ERROR] Middleware:2969 - Invalid RefComponent liste
2026-03-19 03:34:28,465 [ERROR] Middleware:2969 - Invalid RefComponent liste
2026-03-19 03:34:28,465 [ERROR] Middleware:2969 - Invalid RefComponent liste
2026-03-19 03:34:28,465 [ERROR] Middleware:2969 - Invalid RefComponent liste
2026-03-19 03:34:28,465 [ERROR] Middleware:2969 - Invalid RefComponent liste
2026-03-19 03:34:28,465 [ERROR] Middleware:2969 - Invalid RefComponent liste
2026-03-19 03:34:28,465 [ERROR] Middleware:2969 - Invalid RefComponent liste
2026-03-19 03:34:28,465 [ERROR] Middleware:2969 - Invalid RefComponent liste
2026-03-19 03:34:28,465 [ERROR] Middleware:2969 - Invalid RefComponent liste
2026-03-19 03:34:28,465 [ERROR] Middleware:2969 - Invalid RefComponent liste
2026-03-19 03:34:28,465 [ERROR] Middleware:2969 - Invalid RefComponent liste
2026-03-19 03:34:28,465 [ERROR] Middleware:2969 - Invalid RefComponent liste
2026-03-19 03:34:28,465 [ERROR] Middleware:2969 - Invalid RefComponent liste
2026-03-19 03:34:28,465 [ERROR] Middleware:2969 - Invalid RefComponent liste
2026-03-19 03:34:28,465 [ERROR] Middleware:2969 - Invalid RefComponent liste
2026-03-19 03:34:28,465 [ERROR] Middleware:2969 - Invalid RefComponent liste
2026-03-19 03:34:28,465 [ERROR] Middleware:2969 - Invalid RefComponent liste
2026-03-19 03:34:28,465 [ERROR] Middleware:2969 - Invalid RefComponent liste
2026-03-19 03:34:28,465 [ERROR] Middleware:2969 - Invalid RefComponent liste
2026-03-19 03:34:28,465 [ERROR] Middleware:2969 - Invalid RefComponent liste
2026-03-19 03:34:28,465 [ERROR] Middleware:2969 - Invalid RefComponent liste
2026-03-19 03:34:28,465 [ERROR] Middleware:2969 - Invalid RefComponent liste
2026-03-19 03:34:28,465 [ERROR] Middleware:2969 - Invalid RefComponent liste
2026-03-19 03:34:28,465 [ERROR] Middleware:2969 - Invalid RefComponent liste
2026-03-19 03:34:28,465 [ERROR] Middleware:2969 - Invalid RefComponent liste
2026-03-19 03:34:28,465 [ERROR] Middleware:2969 - Invalid RefComponent liste
2026-03-19 03:34:28,465 [ERROR] Middleware:2969 - Invalid RefComponent liste
2026-03-19 03:34:28,465 [ERROR] Middleware:2969 - Invalid RefComponent liste
2026-03-19 03:34:28,465 [ERROR] Middleware:2969 - Invalid RefComponent liste
2026-03-19 03:34:28,465 [ERROR] Middleware:2969 - Invalid RefComponent liste
2026-03-19 03:34:28,465 [ERROR] Middleware:2969 - Invalid RefComponent liste
2026-03-19 03:34:28,465 [ERROR] Middleware:2969 - Invalid RefComponent liste
2026-03-19 03:34:28,465 [ERROR] Middleware:2969 - Invalid RefComponent liste
2026-03-19 03:34:28,465 [ERROR] Middleware:2969 - Invalid RefComponent liste
2026-03-19 03:34:28,465 [ERROR] Middleware:2969 - Invalid RefComponent liste
2026-03-19 03:34:28,465 [ERROR] Middleware:2969 - Invalid RefComponent liste
2026-03-19 03:34:28,465 [ERROR] Middleware:2969 - Invalid RefComponent liste
2026-03-19 03:34:28,465 [ERROR] Middleware:2969 - Invalid RefComponent liste
2026-03-19 03:34:28,465 [ERROR] Middleware:2969 - Invalid RefComponent liste
2026-03-19 03:34:28,465 [ERROR] Middleware:2969 - Invalid RefComponent liste
2026-03-19 03:34:28,465 [ERROR] Middleware:2969 - Invalid RefComponent liste
2026-03-19 03:34:28,473 [ERROR] Middleware:2969 - Invalid RefComponent liste
2026-03-19 03:34:28,473 [ERROR] Middleware:2969 - Invalid RefComponent liste
2026-03-19 03:34:28,473 [ERROR] Middleware:2969 - Invalid RefComponent liste
2026-03-19 03:34:28,473 [ERROR] Middleware:2969 - Invalid RefComponent liste
2026-03-19 03:34:28,473 [ERROR] Middleware:2969 - Invalid RefComponent liste
2026-03-19 03:34:28,473 [ERROR] Middleware:2969 - Invalid RefComponent liste
2026-03-19 03:34:28,473 [ERROR] Middleware:2969 - Invalid RefComponent liste
2026-03-19 03:34:28,473 [ERROR] Middleware:2969 - Invalid RefComponent liste
2026-03-19 03:34:28,473 [ERROR] Middleware:2969 - Invalid RefComponent liste
2026-03-19 03:34:28,473 [ERROR] Middleware:2969 - Invalid RefComponent liste
2026-03-19 03:34:28,473 [ERROR] Middleware:2969 - Invalid RefComponent liste
2026-03-19 03:34:28,473 [ERROR] Middleware:2969 - Invalid RefComponent liste
2026-03-19 03:34:28,473 [ERROR] Middleware:2969 - Invalid RefComponent liste
2026-03-19 03:34:28,473 [ERROR] Middleware:2969 - Invalid RefComponent liste
2026-03-19 03:34:28,473 [ERROR] Middleware:2969 - Invalid RefComponent liste
2026-03-19 03:34:28,473 [ERROR] Middleware:2969 - Invalid RefComponent liste
2026-03-19 03:34:28,473 [ERROR] Middleware:2969 - Invalid RefComponent liste
2026-03-19 03:34:28,473 [ERROR] Middleware:2969 - Invalid RefComponent liste
2026-03-19 03:34:28,473 [ERROR] Middleware:2969 - Invalid RefComponent liste
2026-03-19 03:34:28,475 [ERROR] Middleware:2969 - Invalid RefComponent liste
2026-03-19 03:34:28,475 [ERROR] Middleware:2969 - Invalid RefComponent liste
2026-03-19 03:34:28,475 [ERROR] Middleware:2969 - Invalid RefComponent liste
2026-03-19 03:34:28,475 [ERROR] Middleware:2969 - Invalid RefComponent liste
2026-03-19 03:34:28,475 [ERROR] Middleware:2969 - Invalid RefComponent liste
2026-03-19 03:34:28,475 [ERROR] Middleware:2969 - Invalid RefComponent liste
2026-03-19 03:34:28,475 [ERROR] Middleware:2969 - Invalid RefComponent liste
2026-03-19 03:34:28,475 [ERROR] Middleware:2969 - Invalid RefComponent liste
2026-03-19 03:34:28,475 [ERROR] Middleware:2969 - Invalid RefComponent liste
2026-03-19 03:34:28,475 [ERROR] Middleware:2969 - Invalid RefComponent liste
2026-03-19 03:34:28,475 [ERROR] Middleware:2969 - Invalid RefComponent liste
2026-03-19 03:34:28,475 [ERROR] Middleware:2969 - Invalid RefComponent liste
2026-03-19 03:34:28,475 [ERROR] Middleware:2969 - Invalid RefComponent liste
2026-03-19 03:34:28,475 [ERROR] Middleware:2969 - Invalid RefComponent liste
2026-03-19 03:34:28,475 [ERROR] Middleware:2969 - Invalid RefComponent liste
2026-03-19 03:34:28,475 [ERROR] Middleware:2969 - Invalid RefComponent liste
2026-03-19 03:34:28,475 [ERROR] Middleware:2969 - Invalid RefComponent liste
2026-03-19 03:34:28,475 [ERROR] Middleware:2969 - Invalid RefComponent liste
2026-03-19 03:34:28,475 [ERROR] Middleware:2969 - Invalid RefComponent liste
2026-03-19 03:34:28,475 [ERROR] Middleware:2969 - Invalid RefComponent liste
2026-03-19 03:34:28,475 [ERROR] Middleware:2969 - Invalid RefComponent liste
2026-03-19 03:34:28,475 [ERROR] Middleware:2969 - Invalid RefComponent liste
2026-03-19 03:34:28,475 [ERROR] Middleware:2969 - Invalid RefComponent liste
2026-03-19 03:34:28,475 [ERROR] Middleware:2969 - Invalid RefComponent liste
2026-03-19 03:34:28,475 [ERROR] Middleware:2969 - Invalid RefComponent liste
2026-03-19 03:34:28,475 [ERROR] Middleware:2969 - Invalid RefComponent liste
2026-03-19 03:34:28,475 [ERROR] Middleware:2969 - Invalid RefComponent liste
2026-03-19 03:34:28,491 [INFO] ProjectBuilder:4736 - Project Generator version: 4.3.0-B58
2026-03-19 03:34:28,564 [INFO] ConfigFileManager:1503 - The Die is : DIE431
2026-03-19 03:34:32,856 [INFO] ProjectBuilder:5002 - Time for Generating toolchain IDE Files: 4365mS.
2026-03-19 03:34:32,861 [INFO] ProjectBuilder:3034 - Time for Copy CMSIS : 1mS.
2026-03-19 03:34:33,100 [INFO] ProjectBuilder:3034 - Time for Copy CMSIS : 0mS.
2026-03-19 03:35:11,011 [INFO] MainUpdater:2873 - connection check result : 10
2026-03-19 03:35:11,012 [INFO] MainUpdater:2873 - connection check result : 10
2026-03-19 03:35:11,079 [INFO] MicroXplorer:468 - Change Database Path : 
2026-03-19 03:35:11,079 [INFO] MicroXplorer:498 - Change Database Version : DB.6.0.110
2026-03-19 03:35:11,090 [ERROR] ProjectManagerView:394 - 
java.lang.NullPointerException: Cannot invoke "javax.swing.JTextField.getText()" because the return value of "java.util.List.get(int)" is null
	at com.st.microxplorer.plugins.projectmanager.gui.ProjectChoiceTab$10.caretUpdate(ProjectChoiceTab.java:2504) ~[filemanager.jar:?]
	at javax.swing.text.JTextComponent.fireCaretUpdate(JTextComponent.java:412) ~[?:?]
	at javax.swing.text.JTextComponent$MutableCaretEvent.fire(JTextComponent.java:4491) ~[?:?]
	at javax.swing.text.JTextComponent$MutableCaretEvent.stateChanged(JTextComponent.java:4513) ~[?:?]
	at javax.swing.text.DefaultCaret.fireStateChanged(DefaultCaret.java:842) ~[?:?]
	at javax.swing.text.DefaultCaret.changeCaretPosition(DefaultCaret.java:1313) ~[?:?]
	at javax.swing.text.DefaultCaret.handleSetDot(DefaultCaret.java:1212) ~[?:?]
	at javax.swing.text.DefaultCaret.setDot(DefaultCaret.java:1193) ~[?:?]
	at javax.swing.text.DefaultCaret$Handler.insertUpdate(DefaultCaret.java:1789) ~[?:?]
	at javax.swing.text.AbstractDocument.fireInsertUpdate(AbstractDocument.java:226) ~[?:?]
	at javax.swing.text.AbstractDocument.handleInsertString(AbstractDocument.java:780) ~[?:?]
	at javax.swing.text.AbstractDocument.insertString(AbstractDocument.java:739) ~[?:?]
	at javax.swing.text.PlainDocument.insertString(PlainDocument.java:131) ~[?:?]
	at javax.swing.text.AbstractDocument.replace(AbstractDocument.java:698) ~[?:?]
	at javax.swing.text.JTextComponent.setText(JTextComponent.java:1729) ~[?:?]
	at com.st.microxplorer.plugins.projectmanager.gui.ProjectChoiceTab.createHeapStackFields(ProjectChoiceTab.java:944) ~[filemanager.jar:?]
	at com.st.microxplorer.plugins.projectmanager.gui.ProjectChoiceTab.buildLinkSettingsPanel(ProjectChoiceTab.java:3475) ~[filemanager.jar:?]
	at com.st.microxplorer.plugins.projectmanager.gui.ProjectChoiceTab.defineWindowsFields(ProjectChoiceTab.java:1816) ~[filemanager.jar:?]
	at com.st.microxplorer.plugins.projectmanager.gui.ProjectChoiceTab.updateSettings(ProjectChoiceTab.java:544) ~[filemanager.jar:?]
	at com.st.microxplorer.plugins.projectmanager.gui.ProjectSettingsPanel.UpdateDialog(ProjectSettingsPanel.java:245) ~[filemanager.jar:?]
	at com.st.microxplorer.plugins.projectmanager.ProjectManagerView.propertyChange(ProjectManagerView.java:391) ~[filemanager.jar:?]
	at java.beans.PropertyChangeSupport.fire(PropertyChangeSupport.java:343) ~[?:?]
	at java.beans.PropertyChangeSupport.firePropertyChange(PropertyChangeSupport.java:335) ~[?:?]
	at java.beans.PropertyChangeSupport.firePropertyChange(PropertyChangeSupport.java:268) ~[?:?]
	at com.st.microxplorer.util.MXPropertyChangeSupport.firePropertyChange(MXPropertyChangeSupport.java:54) ~[STM32CubeMX.jar:?]
	at com.st.microxplorer.mxsystem.MxSystem.closeConfig(MxSystem.java:900) ~[STM32CubeMX.jar:?]
	at com.st.microxplorer.maingui.MainPanel.closeConfig(MainPanel.java:776) ~[STM32CubeMX.jar:?]
	at com.st.microxplorer.plugins.filemanager.engine.OpenFileManager.loadConfigurationFile(OpenFileManager.java:245) ~[filemanager.jar:?]
	at com.st.microxplorer.plugins.filemanager.engine.MainFileManager.userLoadConfig(MainFileManager.java:315) ~[filemanager.jar:?]
	at com.st.microxplorer.plugins.filemanager.engine.MainFileManager.userLoadConfig(MainFileManager.java:293) ~[filemanager.jar:?]
	at com.st.microxplorer.plugins.filemanager.FileManagerView.getSpecificTask(FileManagerView.java:247) ~[filemanager.jar:?]
	at com.st.stm32cube.common.mx.editor.CubeMxEditor.getMxTabbedPaneInstance(CubeMxEditor.java:1198) ~[com.st.stm32cube.common.mx_6.11.0.202403141607/:?]
	at com.st.stm32cube.common.mx.editor.CubeMxEditor$12$1.createSwingComponent(CubeMxEditor.java:1068) ~[com.st.stm32cube.common.mx_6.11.0.202403141607/:?]
	at com.st.stm32cube.common.mx.oss.core.awtswtbridge.EmbeddedSwingComposite.doComponentCreation(EmbeddedSwingComposite.java:492) ~[com.st.stm32cube.common.mx.oss_6.11.0.202403141607/:?]
	at com.st.stm32cube.common.mx.oss.core.awtswtbridge.EmbeddedSwingComposite$4.run(EmbeddedSwingComposite.java:291) ~[com.st.stm32cube.common.mx.oss_6.11.0.202403141607/:?]
	at com.st.stm32cube.common.mx.oss.core.awtswtbridge.AwtEnvironment$2.run(AwtEnvironment.java:166) ~[com.st.stm32cube.common.mx.oss_6.11.0.202403141607/:?]
	at java.awt.event.InvocationEvent.dispatch(InvocationEvent.java:318) ~[?:?]
	at java.awt.EventQueue.dispatchEventImpl(EventQueue.java:773) ~[?:?]
	at java.awt.EventQueue$4.run(EventQueue.java:720) ~[?:?]
	at java.awt.EventQueue$4.run(EventQueue.java:714) ~[?:?]
	at java.security.AccessController.doPrivileged(AccessController.java:399) ~[?:?]
	at java.security.ProtectionDomain$JavaSecurityAccessImpl.doIntersectionPrivilege(ProtectionDomain.java:86) ~[?:?]
	at java.awt.EventQueue.dispatchEvent(EventQueue.java:742) ~[?:?]
	at java.awt.EventDispatchThread.pumpOneEventForFilters(EventDispatchThread.java:203) ~[?:?]
	at java.awt.EventDispatchThread.pumpEventsForFilter(EventDispatchThread.java:124) ~[?:?]
	at java.awt.EventDispatchThread.pumpEventsForHierarchy(EventDispatchThread.java:113) ~[?:?]
	at java.awt.EventDispatchThread.pumpEvents(EventDispatchThread.java:109) ~[?:?]
	at java.awt.EventDispatchThread.pumpEvents(EventDispatchThread.java:101) ~[?:?]
	at java.awt.EventDispatchThread.run(EventDispatchThread.java:90) ~[?:?]
2026-03-19 03:35:13,233 [WARN] ThirdParty:871 - waiting for thirdparty lock release [close project]
2026-03-19 03:35:13,233 [INFO] ThirdParty:873 - entering critical section [close project]
2026-03-19 03:35:13,233 [INFO] ThirdParty:883 - exiting critical section [close project]
2026-03-19 03:35:13,234 [INFO] PinOutPanel:1561 - setPackage(No Configuration,No Configuration)
2026-03-19 03:35:13,238 [WARN] IpParametersView:151 - Warning: This peripheral hasn't parameters
2026-03-19 03:35:13,242 [WARN] MainPanel:272 - <html><b><center>Warning: This peripheral has no parameters to be configured<br></b></html>
2026-03-19 03:35:13,244 [INFO] UtilMem:75 - Begin LoadConfig() Used Memory: 779825152 Bytes (1073741824)
2026-03-19 03:35:13,245 [INFO] MicroXplorer:468 - Change Database Path : 
2026-03-19 03:35:13,245 [INFO] MicroXplorer:498 - Change Database Version : DB.6.0.110
2026-03-19 03:35:13,245 [INFO] OpenFileManager:312 - Change cursor
2026-03-19 03:35:13,257 [INFO] RulesReader:64 - Compatibility file has been processed (297 Rules)
2026-03-19 03:35:13,259 [INFO] Mcu:2021 - Initializing MCU STM32F411C(C-E)Ux STM32F411CEUx STM32F411CEU6
2026-03-19 03:35:14,013 [INFO] Context:663 - Trying to add GPIOservice into a context  which must be forbidden
2026-03-19 03:35:14,372 [INFO] RtosManager:555 - Registered RTOS mode: class=CMSIS, group=RTOS, mode=CMSIS_V1, owner=FREERTOS
2026-03-19 03:35:14,372 [INFO] RtosManager:555 - Registered RTOS mode: class=CMSIS, group=RTOS2, mode=CMSIS_V2, owner=FREERTOS
2026-03-19 03:35:14,372 [INFO] RtosManager:555 - Registered RTOS mode: class=RTOS, group=Core, mode=CMSIS_V1, owner=FREERTOS
2026-03-19 03:35:14,372 [INFO] RtosManager:555 - Registered RTOS mode: class=RTOS, group=Core, mode=CMSIS_V2, owner=FREERTOS
2026-03-19 03:35:14,372 [WARN] ModelIntegratedComponent:184 - Missing modes for component STMicroelectronics:FreeRTOS:0.0.1:STMicroelectronics:RTOS:FreeRTOS:Core:::10.2.0:
2026-03-19 03:35:14,375 [WARN] ModelIntegratedComponent:63 - No mode defined for component null
2026-03-19 03:35:14,375 [WARN] ModelIntegratedComponent:63 - No mode defined for component null
2026-03-19 03:35:14,375 [WARN] ModelIntegratedComponent:63 - No mode defined for component null
2026-03-19 03:35:14,376 [WARN] ModelIntegratedComponent:63 - No mode defined for component null
2026-03-19 03:35:14,376 [WARN] ModelIntegratedComponent:63 - No mode defined for component null
2026-03-19 03:35:14,376 [WARN] ModelIntegratedComponent:63 - No mode defined for component null
2026-03-19 03:35:14,376 [WARN] ModelIntegratedComponent:63 - No mode defined for component null
2026-03-19 03:35:14,376 [WARN] ModelIntegratedComponent:63 - No mode defined for component null
2026-03-19 03:35:14,376 [WARN] ModelIntegratedComponent:63 - No mode defined for component null
2026-03-19 03:35:14,376 [WARN] ModelIntegratedComponent:63 - No mode defined for component null
2026-03-19 03:35:14,376 [WARN] ModelIntegratedComponent:63 - No mode defined for component null
2026-03-19 03:35:14,376 [WARN] ModelIntegratedComponent:63 - No mode defined for component null
2026-03-19 03:35:14,376 [WARN] ModelIntegratedComponent:63 - No mode defined for component null
2026-03-19 03:35:14,376 [WARN] ModelIntegratedComponent:63 - No mode defined for component null
2026-03-19 03:35:14,376 [WARN] ModelIntegratedComponent:63 - No mode defined for component null
2026-03-19 03:35:14,376 [WARN] ModelIntegratedComponent:63 - No mode defined for component null
2026-03-19 03:35:14,376 [WARN] ModelIntegratedComponent:63 - No mode defined for component null
2026-03-19 03:35:14,376 [WARN] ModelIntegratedComponent:63 - No mode defined for component null
2026-03-19 03:35:14,376 [WARN] ModelIntegratedComponent:63 - No mode defined for component null
2026-03-19 03:35:14,376 [WARN] ModelIntegratedComponent:63 - No mode defined for component null
2026-03-19 03:35:14,376 [WARN] ModelIntegratedComponent:63 - No mode defined for component null
2026-03-19 03:35:14,376 [WARN] ModelIntegratedComponent:63 - No mode defined for component null
2026-03-19 03:35:14,376 [WARN] ModelIntegratedComponent:63 - No mode defined for component null
2026-03-19 03:35:14,376 [WARN] ModelIntegratedComponent:63 - No mode defined for component null
2026-03-19 03:35:14,376 [WARN] ModelIntegratedComponent:63 - No mode defined for component null
2026-03-19 03:35:14,376 [WARN] ModelIntegratedComponent:63 - No mode defined for component null
2026-03-19 03:35:14,376 [WARN] ModelIntegratedComponent:63 - No mode defined for component null
2026-03-19 03:35:14,376 [WARN] ModelIntegratedComponent:63 - No mode defined for component null
2026-03-19 03:35:14,377 [WARN] ModelIntegratedComponent:63 - No mode defined for component null
2026-03-19 03:35:14,377 [WARN] ModelIntegratedComponent:63 - No mode defined for component null
2026-03-19 03:35:14,377 [WARN] ModelIntegratedComponent:63 - No mode defined for component null
2026-03-19 03:35:14,377 [WARN] ModelIntegratedComponent:63 - No mode defined for component null
2026-03-19 03:35:14,377 [WARN] ModelIntegratedComponent:63 - No mode defined for component null
2026-03-19 03:35:14,377 [WARN] ModelIntegratedComponent:63 - No mode defined for component null
2026-03-19 03:35:14,422 [WARN] ModelIntegratedComponent:182 - Modes not found for component STMicroelectronics:USB_DEVICE:1.0.0:STMicroelectronics:USB::USB Device:Audio HS::1.0:USB_DEVICE_1_0_RESTRICTED_HS
2026-03-19 03:35:14,422 [WARN] ModelIntegratedComponent:188 - Modes not found for component STMicroelectronics:USB_DEVICE:1.0.0:STMicroelectronics:USB::USB Device:Audio HS::1.0:USB_DEVICE_1_0_RESTRICTED_HS
2026-03-19 03:35:14,422 [WARN] ModelIntegratedComponent:182 - Modes not found for component STMicroelectronics:USB_DEVICE:1.0.0:STMicroelectronics:USB::USB Device:CDC HS::1.0:USB_DEVICE_1_0_RESTRICTED_HS
2026-03-19 03:35:14,422 [WARN] ModelIntegratedComponent:188 - Modes not found for component STMicroelectronics:USB_DEVICE:1.0.0:STMicroelectronics:USB::USB Device:CDC HS::1.0:USB_DEVICE_1_0_RESTRICTED_HS
2026-03-19 03:35:14,422 [WARN] ModelIntegratedComponent:182 - Modes not found for component STMicroelectronics:USB_DEVICE:1.0.0:STMicroelectronics:USB::USB Device:DFU HS::1.0:USB_DEVICE_1_0_RESTRICTED_HS
2026-03-19 03:35:14,422 [WARN] ModelIntegratedComponent:188 - Modes not found for component STMicroelectronics:USB_DEVICE:1.0.0:STMicroelectronics:USB::USB Device:DFU HS::1.0:USB_DEVICE_1_0_RESTRICTED_HS
2026-03-19 03:35:14,422 [WARN] ModelIntegratedComponent:182 - Modes not found for component STMicroelectronics:USB_DEVICE:1.0.0:STMicroelectronics:USB::USB Device:HID HS::1.0:USB_DEVICE_1_0_RESTRICTED_HS
2026-03-19 03:35:14,422 [WARN] ModelIntegratedComponent:188 - Modes not found for component STMicroelectronics:USB_DEVICE:1.0.0:STMicroelectronics:USB::USB Device:HID HS::1.0:USB_DEVICE_1_0_RESTRICTED_HS
2026-03-19 03:35:14,422 [WARN] ModelIntegratedComponent:182 - Modes not found for component STMicroelectronics:USB_DEVICE:1.0.0:STMicroelectronics:USB::USB Device:Custom HID HS::1.0:USB_DEVICE_1_0_RESTRICTED_HS
2026-03-19 03:35:14,422 [WARN] ModelIntegratedComponent:188 - Modes not found for component STMicroelectronics:USB_DEVICE:1.0.0:STMicroelectronics:USB::USB Device:Custom HID HS::1.0:USB_DEVICE_1_0_RESTRICTED_HS
2026-03-19 03:35:14,422 [WARN] ModelIntegratedComponent:182 - Modes not found for component STMicroelectronics:USB_DEVICE:1.0.0:STMicroelectronics:USB::USB Device:MSC HS::1.0:USB_DEVICE_1_0_RESTRICTED_HS
2026-03-19 03:35:14,422 [WARN] ModelIntegratedComponent:188 - Modes not found for component STMicroelectronics:USB_DEVICE:1.0.0:STMicroelectronics:USB::USB Device:MSC HS::1.0:USB_DEVICE_1_0_RESTRICTED_HS
2026-03-19 03:35:14,526 [WARN] ModelIntegratedComponent:182 - Modes not found for component STMicroelectronics:USB_HOST:1.0.0:STMicroelectronics:USB::USB Host:Audio HS::1.0:USB_HOST_1_0_RESTRICTED_HS
2026-03-19 03:35:14,526 [WARN] ModelIntegratedComponent:188 - Modes not found for component STMicroelectronics:USB_HOST:1.0.0:STMicroelectronics:USB::USB Host:Audio HS::1.0:USB_HOST_1_0_RESTRICTED_HS
2026-03-19 03:35:14,526 [WARN] ModelIntegratedComponent:182 - Modes not found for component STMicroelectronics:USB_HOST:1.0.0:STMicroelectronics:USB::USB Host:CDC HS::1.0:USB_HOST_1_0_RESTRICTED_HS
2026-03-19 03:35:14,526 [WARN] ModelIntegratedComponent:188 - Modes not found for component STMicroelectronics:USB_HOST:1.0.0:STMicroelectronics:USB::USB Host:CDC HS::1.0:USB_HOST_1_0_RESTRICTED_HS
2026-03-19 03:35:14,526 [WARN] ModelIntegratedComponent:182 - Modes not found for component STMicroelectronics:USB_HOST:1.0.0:STMicroelectronics:USB::USB Host:MSC HS::1.0:USB_HOST_1_0_RESTRICTED_HS
2026-03-19 03:35:14,526 [WARN] ModelIntegratedComponent:188 - Modes not found for component STMicroelectronics:USB_HOST:1.0.0:STMicroelectronics:USB::USB Host:MSC HS::1.0:USB_HOST_1_0_RESTRICTED_HS
2026-03-19 03:35:14,526 [WARN] ModelIntegratedComponent:182 - Modes not found for component STMicroelectronics:USB_HOST:1.0.0:STMicroelectronics:USB::USB Host:HID HS::1.0:USB_HOST_1_0_RESTRICTED_HS
2026-03-19 03:35:14,526 [WARN] ModelIntegratedComponent:188 - Modes not found for component STMicroelectronics:USB_HOST:1.0.0:STMicroelectronics:USB::USB Host:HID HS::1.0:USB_HOST_1_0_RESTRICTED_HS
2026-03-19 03:35:14,526 [WARN] ModelIntegratedComponent:182 - Modes not found for component STMicroelectronics:USB_HOST:1.0.0:STMicroelectronics:USB::USB Host:MTP HS::1.0:USB_HOST_1_0_RESTRICTED_HS
2026-03-19 03:35:14,526 [WARN] ModelIntegratedComponent:188 - Modes not found for component STMicroelectronics:USB_HOST:1.0.0:STMicroelectronics:USB::USB Host:MTP HS::1.0:USB_HOST_1_0_RESTRICTED_HS
2026-03-19 03:35:14,601 [INFO] ThirdPartyModel:298 - Start build external matchings
2026-03-19 03:35:16,010 [INFO] ThirdPartyModel:316 - End build external matchings
2026-03-19 03:35:16,054 [INFO] RtosManager:919 - Current active RTOS is FREERTOS [Cortex-M4NS]
2026-03-19 03:35:16,056 [INFO] ImportTextPane:194 - (OptionalMessage_ERROR) IP (DMA) : Parameter (Instance) has Id (USART1_RX) currently not set
2026-03-19 03:35:16,056 [INFO] ImportTextPane:194 - (OptionalMessage_ERROR) IP (DMA) : Parameter (Channel) has Id (USART1_RX) currently not set
2026-03-19 03:35:16,056 [INFO] ImportTextPane:194 - (OptionalMessage_ERROR) IP (DMA) : Parameter (Direction) has Id (USART1_RX) currently not set
2026-03-19 03:35:16,056 [INFO] ImportTextPane:194 - (OptionalMessage_ERROR) IP (DMA) : Parameter (PeriphInc) has Id (USART1_RX) currently not set
2026-03-19 03:35:16,056 [INFO] ImportTextPane:194 - (OptionalMessage_ERROR) IP (DMA) : Parameter (MemInc) has Id (USART1_RX) currently not set
2026-03-19 03:35:16,056 [INFO] ImportTextPane:194 - (OptionalMessage_ERROR) IP (DMA) : Parameter (PeriphDataAlignment) has Id (USART1_RX) currently not set
2026-03-19 03:35:16,056 [INFO] ImportTextPane:194 - (OptionalMessage_ERROR) IP (DMA) : Parameter (MemDataAlignment) has Id (USART1_RX) currently not set
2026-03-19 03:35:16,056 [INFO] ImportTextPane:194 - (OptionalMessage_ERROR) IP (DMA) : Parameter (Mode) has Id (USART1_RX) currently not set
2026-03-19 03:35:16,056 [INFO] ImportTextPane:194 - (OptionalMessage_ERROR) IP (DMA) : Parameter (Priority) has Id (USART1_RX) currently not set
2026-03-19 03:35:16,056 [INFO] ImportTextPane:194 - (OptionalMessage_ERROR) IP (DMA) : Parameter (FIFOMode) has Id (USART1_RX) currently not set
2026-03-19 03:35:16,056 [INFO] ImportTextPane:194 - (OptionalMessage_ERROR) IP (DMA) : Parameter (Instance) has Id (USART1_TX) currently not set
2026-03-19 03:35:16,056 [INFO] ImportTextPane:194 - (OptionalMessage_ERROR) IP (DMA) : Parameter (Channel) has Id (USART1_TX) currently not set
2026-03-19 03:35:16,056 [INFO] ImportTextPane:194 - (OptionalMessage_ERROR) IP (DMA) : Parameter (Direction) has Id (USART1_TX) currently not set
2026-03-19 03:35:16,056 [INFO] ImportTextPane:194 - (OptionalMessage_ERROR) IP (DMA) : Parameter (PeriphInc) has Id (USART1_TX) currently not set
2026-03-19 03:35:16,056 [INFO] ImportTextPane:194 - (OptionalMessage_ERROR) IP (DMA) : Parameter (MemInc) has Id (USART1_TX) currently not set
2026-03-19 03:35:16,056 [INFO] ImportTextPane:194 - (OptionalMessage_ERROR) IP (DMA) : Parameter (PeriphDataAlignment) has Id (USART1_TX) currently not set
2026-03-19 03:35:16,056 [INFO] ImportTextPane:194 - (OptionalMessage_ERROR) IP (DMA) : Parameter (MemDataAlignment) has Id (USART1_TX) currently not set
2026-03-19 03:35:16,056 [INFO] ImportTextPane:194 - (OptionalMessage_ERROR) IP (DMA) : Parameter (Mode) has Id (USART1_TX) currently not set
2026-03-19 03:35:16,056 [INFO] ImportTextPane:194 - (OptionalMessage_ERROR) IP (DMA) : Parameter (Priority) has Id (USART1_TX) currently not set
2026-03-19 03:35:16,056 [INFO] ImportTextPane:194 - (OptionalMessage_ERROR) IP (DMA) : Parameter (FIFOMode) has Id (USART1_TX) currently not set
2026-03-19 03:35:16,058 [INFO] ImportTextPane:194 - (OptionalMessage_ERROR) IP (RCC) : Parameter (RTCHSEDivFreq_Value) has invalid value (12500000)
2026-03-19 03:35:16,286 [INFO] UtilMem:75 - End LoadConfig() Used Memory: 863055648 Bytes (1073741824)
2026-03-19 03:35:16,323 [WARN] ThirdParty:833 - waiting for thirdparty lock release [change project]
2026-03-19 03:35:16,323 [INFO] ThirdParty:835 - entering critical section [change project]
2026-03-19 03:35:16,323 [INFO] ThirdParty:1030 - CMSIS Pack Vendor :STMicroelectronics X-CUBE-AZRTOS-H7 3.5.0
2026-03-19 03:35:16,323 [INFO] ThirdParty:1030 - CMSIS Pack Vendor :STMicroelectronics X-CUBE-PM33A1 1.0.0
2026-03-19 03:35:16,323 [INFO] ThirdParty:1030 - CMSIS Pack Vendor :STMicroelectronics USBPD 4.1
2026-03-19 03:35:16,323 [INFO] ThirdParty:1030 - CMSIS Pack Vendor :STMicroelectronics X-CUBE-GNSS1 6.0.0
2026-03-19 03:35:16,323 [INFO] ThirdParty:1030 - CMSIS Pack Vendor :STMicroelectronics USB_HOST 2.0.0
2026-03-19 03:35:16,323 [INFO] ThirdParty:1030 - CMSIS Pack Vendor :STMicroelectronics FP-SNS-MOTENVWB1 1.4.0
2026-03-19 03:35:16,323 [INFO] ThirdParty:1030 - CMSIS Pack Vendor :STMicroelectronics X-CUBE-AZRTOS-F4 1.1.0
2026-03-19 03:35:16,323 [INFO] ThirdParty:1030 - CMSIS Pack Vendor :STMicroelectronics LIBJPEG 8.0.0
2026-03-19 03:35:16,323 [INFO] ThirdParty:1030 - CMSIS Pack Vendor :STMicroelectronics FP-ATR-ASTRA1 2.0.2
2026-03-19 03:35:16,323 [INFO] ThirdParty:1030 - CMSIS Pack Vendor :STMicroelectronics FP-ATR-ASTRA1 2.0.1
2026-03-19 03:35:16,323 [INFO] ThirdParty:1030 - CMSIS Pack Vendor :STMicroelectronics X-CUBE-SMBUS 2.1.0
2026-03-19 03:35:16,323 [INFO] ThirdParty:1030 - CMSIS Pack Vendor :STMicroelectronics X-CUBE-WB05N 1.1.0
2026-03-19 03:35:16,323 [INFO] ThirdParty:1030 - CMSIS Pack Vendor :STMicroelectronics X-CUBE-ISPU 2.1.0
2026-03-19 03:35:16,323 [INFO] ThirdParty:1030 - CMSIS Pack Vendor :STMicroelectronics X-CUBE-FREERTOS 1.2.0
2026-03-19 03:35:16,323 [INFO] ThirdParty:1030 - CMSIS Pack Vendor :STMicroelectronics X-CUBE-NFC12 1.0.0
2026-03-19 03:35:16,323 [INFO] ThirdParty:1030 - CMSIS Pack Vendor :STMicroelectronics X-CUBE-TOUCHGFX 4.23.2
2026-03-19 03:35:16,323 [INFO] ThirdParty:1030 - CMSIS Pack Vendor :STMicroelectronics X-CUBE-AZRTOS-F7 1.1.0
2026-03-19 03:35:16,323 [INFO] ThirdParty:1030 - CMSIS Pack Vendor :STMicroelectronics X-CUBE-AZRTOS-L5 2.0.0
2026-03-19 03:35:16,323 [INFO] ThirdParty:1030 - CMSIS Pack Vendor :STMicroelectronics USB_DEVICE 2.0.0
2026-03-19 03:35:16,323 [INFO] ThirdParty:1030 - CMSIS Pack Vendor :STMicroelectronics X-CUBE-NFC6 3.1.0
2026-03-19 03:35:16,323 [INFO] ThirdParty:1030 - CMSIS Pack Vendor :STMicroelectronics X-CUBE-MEMS1 11.0.0
2026-03-19 03:35:16,323 [INFO] ThirdParty:1030 - CMSIS Pack Vendor :STMicroelectronics FreeRTOS 0.0.1
2026-03-19 03:35:16,323 [INFO] ThirdParty:1030 - CMSIS Pack Vendor :STMicroelectronics X-CUBE-DPower 1.2.0
2026-03-19 03:35:16,324 [INFO] ThirdParty:1030 - CMSIS Pack Vendor :STMicroelectronics FP-SNS-FLIGHT1 5.0.2
2026-03-19 03:35:16,324 [INFO] ThirdParty:1030 - CMSIS Pack Vendor :STMicroelectronics X-CUBE-AI 9.0.0
2026-03-19 03:35:16,324 [INFO] ThirdParty:1030 - CMSIS Pack Vendor :STMicroelectronics PDM2PCM 3.3.0
2026-03-19 03:35:16,324 [INFO] ThirdParty:1030 - CMSIS Pack Vendor :STMicroelectronics X-CUBE-AZRTOS-H7 3.4.0
2026-03-19 03:35:16,324 [INFO] ThirdParty:1030 - CMSIS Pack Vendor :STMicroelectronics X-CUBE-DISPLAY 3.0.0
2026-03-19 03:35:16,324 [INFO] ThirdParty:1030 - CMSIS Pack Vendor :STMicroelectronics X-CUBE-BLE1 7.0.0
2026-03-19 03:35:16,324 [INFO] ThirdParty:1030 - CMSIS Pack Vendor :STMicroelectronics X-CUBE-NFC10 1.0.0
2026-03-19 03:35:16,324 [INFO] ThirdParty:1030 - CMSIS Pack Vendor :STMicroelectronics X-CUBE-BLEMGR 4.0.0
2026-03-19 03:35:16,324 [INFO] ThirdParty:1030 - CMSIS Pack Vendor :STMicroelectronics X-CUBE-FREERTOS 1.3.1
2026-03-19 03:35:16,324 [INFO] ThirdParty:1030 - CMSIS Pack Vendor :STMicroelectronics HAL Drivers 0.0.0
2026-03-19 03:35:16,324 [INFO] ThirdParty:1030 - CMSIS Pack Vendor :emotas I-CUBE-CANOPEN 1.3.0
2026-03-19 03:35:16,324 [INFO] ThirdParty:1030 - CMSIS Pack Vendor :STMicroelectronics X-CUBE-FREERTOS 1.3.0
2026-03-19 03:35:16,324 [INFO] ThirdParty:1030 - CMSIS Pack Vendor :STMicroelectronics X-CUBE-NFC7 1.0.1
2026-03-19 03:35:16,324 [INFO] ThirdParty:1030 - CMSIS Pack Vendor :STMicroelectronics MBEDTLS 2.14.1
2026-03-19 03:35:16,324 [INFO] ThirdParty:1030 - CMSIS Pack Vendor :STMicroelectronics X-CUBE-GNSS1 7.1.0
2026-03-19 03:35:16,324 [INFO] ThirdParty:1030 - CMSIS Pack Vendor :STMicroelectronics X-CUBE-TOUCHGFX 4.26.0
2026-03-19 03:35:16,324 [INFO] ThirdParty:1030 - CMSIS Pack Vendor :STMicroelectronics X-CUBE-TOUCHGFX 4.26.1
2026-03-19 03:35:16,324 [INFO] ThirdParty:1030 - CMSIS Pack Vendor :STMicroelectronics X-CUBE-BLEMGR 3.1.0
2026-03-19 03:35:16,324 [INFO] ThirdParty:1030 - CMSIS Pack Vendor :STMicroelectronics X-CUBE-AI 10.0.0
2026-03-19 03:35:16,324 [INFO] ThirdParty:1030 - CMSIS Pack Vendor :STMicroelectronics FP-SNS-SMARTAG2 1.2.0
2026-03-19 03:35:16,324 [INFO] ThirdParty:1030 - CMSIS Pack Vendor :STMicroelectronics X-CUBE-MEMS1 11.1.0
2026-03-19 03:35:16,324 [INFO] ThirdParty:1030 - CMSIS Pack Vendor :STMicroelectronics X-CUBE-AZRTOS-WL 2.0.0
2026-03-19 03:35:16,324 [INFO] ThirdParty:1030 - CMSIS Pack Vendor :STMicroelectronics X-CUBE-DPower 1.3.0
2026-03-19 03:35:16,324 [INFO] ThirdParty:1030 - CMSIS Pack Vendor :STMicroelectronics FP-SNS-MOTENV1 5.0.0
2026-03-19 03:35:16,324 [INFO] ThirdParty:1030 - CMSIS Pack Vendor :STMicroelectronics USB_DEVICE 1.0.0
2026-03-19 03:35:16,324 [INFO] ThirdParty:1030 - CMSIS Pack Vendor :STMicroelectronics X-CUBE-AZRTOS-H7RS 1.2.0
2026-03-19 03:35:16,324 [INFO] ThirdParty:1030 - CMSIS Pack Vendor :wolfSSL I-CUBE-wolfMQTT 1.19.0
2026-03-19 03:35:16,324 [INFO] ThirdParty:1030 - CMSIS Pack Vendor :STMicroelectronics X-CUBE-AZRTOS-L4 2.0.0
2026-03-19 03:35:16,324 [INFO] ThirdParty:1030 - CMSIS Pack Vendor :STMicroelectronics ThreadX 0.0.2
2026-03-19 03:35:16,324 [INFO] ThirdParty:1030 - CMSIS Pack Vendor :WES I-CUBE-Cesium 1.3.0
2026-03-19 03:35:16,324 [INFO] ThirdParty:1030 - CMSIS Pack Vendor :STMicroelectronics lwIP 2.1.2
2026-03-19 03:35:16,324 [INFO] ThirdParty:1030 - CMSIS Pack Vendor :STMicroelectronics X-CUBE-SFXS2LP1 4.0.0
2026-03-19 03:35:16,324 [INFO] ThirdParty:1030 - CMSIS Pack Vendor :STMicroelectronics X-CUBE-BLE2 3.3.0
2026-03-19 03:35:16,324 [INFO] ThirdParty:1030 - CMSIS Pack Vendor :STMicroelectronics PDM2PCM 3.2.0
2026-03-19 03:35:16,324 [INFO] ThirdParty:1030 - CMSIS Pack Vendor :STMicroelectronics X-CUBE-AZRTOS-H7 3.3.0
2026-03-19 03:35:16,324 [INFO] ThirdParty:1030 - CMSIS Pack Vendor :STMicroelectronics X-CUBE-NFC9 1.0.0
2026-03-19 03:35:16,324 [INFO] ThirdParty:1030 - CMSIS Pack Vendor :STMicroelectronics X-CUBE-BLE1 7.1.0
2026-03-19 03:35:16,324 [INFO] ThirdParty:1030 - CMSIS Pack Vendor :STMicroelectronics USB_DEVICE 3.0.0
2026-03-19 03:35:16,324 [INFO] ThirdParty:1030 - CMSIS Pack Vendor :STMicroelectronics X-CUBE-TCPP 4.1.0
2026-03-19 03:35:16,324 [INFO] ThirdParty:1030 - CMSIS Pack Vendor :STMicroelectronics X-CUBE-EEPRMA1 5.2.0
2026-03-19 03:35:16,324 [INFO] ThirdParty:1030 - CMSIS Pack Vendor :STMicroelectronics X-CUBE-IPS 3.0.0
2026-03-19 03:35:16,324 [INFO] ThirdParty:1030 - CMSIS Pack Vendor :STMicroelectronics X-CUBE-AZRTOS-WB 2.0.0
2026-03-19 03:35:16,324 [INFO] ThirdParty:1030 - CMSIS Pack Vendor :STMicroelectronics X-CUBE-GNSS1 7.0.0
2026-03-19 03:35:16,324 [INFO] ThirdParty:1030 - CMSIS Pack Vendor :STMicroelectronics X-CUBE-GNSS1 7.0.1
2026-03-19 03:35:16,324 [INFO] ThirdParty:1030 - CMSIS Pack Vendor :STMicroelectronics X-CUBE-TOUCHGFX 4.25.0
2026-03-19 03:35:16,324 [INFO] ThirdParty:1030 - CMSIS Pack Vendor :STMicroelectronics FP-SNS-STBOX1 2.0.0
2026-03-19 03:35:16,324 [INFO] ThirdParty:1030 - CMSIS Pack Vendor :STMicroelectronics X-CUBE-MEMS1 12.0.0
2026-03-19 03:35:16,324 [INFO] ThirdParty:1030 - CMSIS Pack Vendor :STMicroelectronics X-CUBE-ALGOBUILD 1.3.0
2026-03-19 03:35:16,324 [INFO] ThirdParty:1030 - CMSIS Pack Vendor :STMicroelectronics X-CUBE-STSE01 2.0.0
2026-03-19 03:35:16,324 [INFO] ThirdParty:1030 - CMSIS Pack Vendor :STMicroelectronics X-CUBE-MEMS1 11.2.0
2026-03-19 03:35:16,324 [INFO] ThirdParty:1030 - CMSIS Pack Vendor :STMicroelectronics X-CUBE-AZRTOS-G0 1.1.0
2026-03-19 03:35:16,324 [INFO] ThirdParty:1030 - CMSIS Pack Vendor :STMicroelectronics X-CUBE-SAFEA1 1.2.2
2026-03-19 03:35:16,324 [INFO] ThirdParty:1030 - CMSIS Pack Vendor :STMicroelectronics X-CUBE-NFC4 3.0.0
2026-03-19 03:35:16,324 [INFO] ThirdParty:1030 - CMSIS Pack Vendor :STMicroelectronics X-CUBE-SUBG2 5.0.0
2026-03-19 03:35:16,324 [INFO] ThirdParty:1030 - CMSIS Pack Vendor :STMicroelectronics X-CUBE-AZRTOS-H7RS 1.1.0
2026-03-19 03:35:16,324 [INFO] ThirdParty:1030 - CMSIS Pack Vendor :STMicroelectronics STM32_WPAN 1.0.0
2026-03-19 03:35:16,324 [INFO] ThirdParty:1030 - CMSIS Pack Vendor :EmbeddedOffice I-CUBE-FS-RTOS 1.0.1
2026-03-19 03:35:16,324 [INFO] ThirdParty:1030 - CMSIS Pack Vendor :STMicroelectronics lwIP 2.0.3
2026-03-19 03:35:16,324 [INFO] ThirdParty:1030 - CMSIS Pack Vendor :Cesanta I-CUBE-Mongoose 7.13.0
2026-03-19 03:35:16,324 [INFO] ThirdParty:1030 - CMSIS Pack Vendor :STMicroelectronics USB_HOST 1.0.0
2026-03-19 03:35:16,324 [INFO] ThirdParty:1030 - CMSIS Pack Vendor :STMicroelectronics X-CUBE-AZRTOS-G4 2.0.0
2026-03-19 03:35:16,324 [INFO] ThirdParty:1030 - CMSIS Pack Vendor :STMicroelectronics X-CUBE-WB05N 2.0.0
2026-03-19 03:35:16,324 [INFO] ThirdParty:1030 - CMSIS Pack Vendor :STMicroelectronics PDM2PCM 3.1.0
2026-03-19 03:35:16,324 [INFO] ThirdParty:1030 - CMSIS Pack Vendor :STMicroelectronics X-CUBE-NFC7 2.0.0
2026-03-19 03:35:16,324 [INFO] ThirdParty:1030 - CMSIS Pack Vendor :RealThread X-CUBE-RT-Thread_Nano 4.1.1
2026-03-19 03:35:16,324 [INFO] ThirdParty:1030 - CMSIS Pack Vendor :wolfSSL I-CUBE-wolfSSL 5.7.0
2026-03-19 03:35:16,324 [INFO] ThirdParty:1030 - CMSIS Pack Vendor :STMicroelectronics FP-ATR-SIGFOX1 3.2.0
2026-03-19 03:35:16,325 [INFO] ThirdParty:1030 - CMSIS Pack Vendor :quantropi X-CUBE-qispace-sdk-base 1.9.3
2026-03-19 03:35:16,325 [INFO] ThirdParty:1030 - CMSIS Pack Vendor :STMicroelectronics X-CUBE-ISPU 2.0.0
2026-03-19 03:35:16,325 [INFO] ThirdParty:1030 - CMSIS Pack Vendor :STMicroelectronics X-CUBE-EEPRMA1 5.1.0
2026-03-19 03:35:16,325 [INFO] ThirdParty:1030 - CMSIS Pack Vendor :STMicroelectronics MBEDTLS 2.16.2
2026-03-19 03:35:16,325 [INFO] ThirdParty:1030 - CMSIS Pack Vendor :STMicroelectronics X-CUBE-ALS 1.0.2
2026-03-19 03:35:16,325 [INFO] ThirdParty:1030 - CMSIS Pack Vendor :STMicroelectronics X-CUBE-MEMS1 10.0.0
2026-03-19 03:35:16,325 [INFO] ThirdParty:1030 - CMSIS Pack Vendor :STMicroelectronics X-CUBE-FREERTOS 1.1.0
2026-03-19 03:35:16,325 [INFO] ThirdParty:1030 - CMSIS Pack Vendor :ITTIA_DB I-CUBE-ITTIADB 8.9.0
2026-03-19 03:35:16,325 [INFO] ThirdParty:1030 - CMSIS Pack Vendor :STMicroelectronics X-CUBE-TOUCHGFX 4.24.2
2026-03-19 03:35:16,325 [INFO] ThirdParty:1030 - CMSIS Pack Vendor :STMicroelectronics X-CUBE-TOUCHGFX 4.24.1
2026-03-19 03:35:16,325 [INFO] ThirdParty:1030 - CMSIS Pack Vendor :STMicroelectronics X-CUBE-STSE01 1.0.0
2026-03-19 03:35:16,325 [INFO] ThirdParty:1030 - CMSIS Pack Vendor :wolfSSL I-CUBE-wolfTPM 3.4.0
2026-03-19 03:35:16,325 [INFO] ThirdParty:1030 - CMSIS Pack Vendor :portGmbH I-Cube-SoM-uGOAL 1.1.0
2026-03-19 03:35:16,325 [INFO] ThirdParty:1030 - CMSIS Pack Vendor :STMicroelectronics X-CUBE-ALS 1.0.1
2026-03-19 03:35:16,325 [INFO] ThirdParty:1030 - CMSIS Pack Vendor :STMicroelectronics X-CUBE-NFC6 3.2.0
2026-03-19 03:35:16,325 [INFO] ThirdParty:1030 - CMSIS Pack Vendor :STMicroelectronics X-CUBE-AI 10.2.0
2026-03-19 03:35:16,325 [INFO] ThirdParty:1030 - CMSIS Pack Vendor :STMicroelectronics ThreadX 1.0.0
2026-03-19 03:35:16,325 [INFO] ThirdParty:1030 - CMSIS Pack Vendor :SEGGER I-CUBE-embOS 1.3.1
2026-03-19 03:35:16,325 [INFO] ThirdParty:1030 - CMSIS Pack Vendor :STMicroelectronics X-CUBE-ALGOBUILD 1.4.0
2026-03-19 03:35:16,325 [INFO] ThirdParty:1030 - CMSIS Pack Vendor :STMicroelectronics X-CUBE-AZRTOS-H7RS 1.0.0
2026-03-19 03:35:16,325 [INFO] ThirdParty:1030 - CMSIS Pack Vendor :STMicroelectronics FP-ATR-ASTRA1 2.0.0
2026-03-19 03:35:16,325 [INFO] ThirdParty:1030 - CMSIS Pack Vendor :STMicroelectronics X-CUBE-TOF1 3.4.2
2026-03-19 03:35:16,325 [INFO] ThirdParty:1030 - CMSIS Pack Vendor :STMicroelectronics X-CUBE-AI 9.1.0
2026-03-19 03:35:16,325 [INFO] ThirdParty:1030 - CMSIS Pack Vendor :STMicroelectronics X-CUBE-TOF1 3.4.1
2026-03-19 03:35:16,325 [INFO] ThirdParty:1030 - CMSIS Pack Vendor :STMicroelectronics X-CUBE-AZRTOS-H7 3.2.0
2026-03-19 03:35:16,325 [INFO] ThirdParty:1030 - CMSIS Pack Vendor :Infineon AIROC-Wi-Fi-Bluetooth-STM32 1.6.0
2026-03-19 03:35:16,325 [INFO] ThirdParty:1030 - CMSIS Pack Vendor :wolfSSL I-CUBE-wolfSSH 1.4.17
2026-03-19 03:35:16,325 [INFO] ThirdParty:841 - exiting critical section [change project]
2026-03-19 03:35:16,430 [INFO] PinOutPanel:1561 - setPackage(No Configuration,No Configuration)
2026-03-19 03:35:16,430 [INFO] PinOutPanel:1561 - setPackage(STM32F411CEUx,UFQFPN48)
2026-03-19 03:35:16,610 [INFO] UtilMem:75 - Before build in PCC Used Memory: 837080640 Bytes (1073741824)
2026-03-19 03:35:16,906 [INFO] UtilMem:75 - After build in PCC Used Memory: 880072256 Bytes (1073741824)
2026-03-19 03:35:16,911 [INFO] ApiDbMcu:508 - Load IP Config File for FREERTOS
2026-03-19 03:35:16,930 [INFO] IPUIPlugin:80 - create IPUIPlugin
2026-03-19 03:35:16,930 [INFO] IPUIPlugin:80 - create IPUIPlugin
2026-03-19 03:35:16,930 [INFO] IPUIPlugin:80 - create IPUIPlugin
2026-03-19 03:35:16,930 [INFO] IPUIPlugin:80 - create IPUIPlugin
2026-03-19 03:35:16,930 [INFO] IPUIPlugin:80 - create IPUIPlugin
2026-03-19 03:35:16,930 [INFO] IPUIPlugin:80 - create IPUIPlugin
2026-03-19 03:35:16,930 [INFO] IPUIPlugin:80 - create IPUIPlugin
2026-03-19 03:35:16,930 [INFO] IPUIPlugin:80 - create IPUIPlugin
2026-03-19 03:35:16,930 [INFO] IPUIPlugin:80 - create IPUIPlugin
2026-03-19 03:35:16,930 [INFO] IPUIPlugin:80 - create IPUIPlugin
2026-03-19 03:35:16,930 [INFO] IPUIPlugin:80 - create IPUIPlugin
2026-03-19 03:35:16,931 [INFO] IPUIPlugin:80 - create IPUIPlugin
2026-03-19 03:35:16,931 [INFO] IPUIPlugin:80 - create IPUIPlugin
2026-03-19 03:35:16,931 [INFO] IPUIPlugin:80 - create IPUIPlugin
2026-03-19 03:35:16,931 [INFO] IPUIPlugin:80 - create IPUIPlugin
2026-03-19 03:35:16,931 [INFO] IPUIPlugin:80 - create IPUIPlugin
2026-03-19 03:35:16,932 [INFO] IPUIPlugin:80 - create IPUIPlugin
2026-03-19 03:35:16,932 [INFO] IPUIPlugin:80 - create IPUIPlugin
2026-03-19 03:35:16,932 [INFO] IPUIPlugin:80 - create IPUIPlugin
2026-03-19 03:35:16,932 [INFO] IPUIPlugin:80 - create IPUIPlugin
2026-03-19 03:35:16,932 [INFO] IPUIPlugin:80 - create IPUIPlugin
2026-03-19 03:35:16,932 [INFO] IPUIPlugin:80 - create IPUIPlugin
2026-03-19 03:35:16,932 [INFO] IPUIPlugin:80 - create IPUIPlugin
2026-03-19 03:35:16,932 [INFO] IPUIPlugin:80 - create IPUIPlugin
2026-03-19 03:35:16,932 [INFO] IPUIPlugin:80 - create IPUIPlugin
2026-03-19 03:35:16,933 [INFO] IPUIPlugin:80 - create IPUIPlugin
2026-03-19 03:35:16,933 [INFO] IPUIPlugin:80 - create IPUIPlugin
2026-03-19 03:35:16,933 [INFO] IPUIPlugin:80 - create IPUIPlugin
2026-03-19 03:35:16,933 [INFO] IPUIPlugin:80 - create IPUIPlugin
2026-03-19 03:35:16,933 [INFO] IPUIPlugin:80 - create IPUIPlugin
2026-03-19 03:35:16,933 [INFO] IPUIPlugin:80 - create IPUIPlugin
2026-03-19 03:35:16,933 [INFO] IPUIPlugin:80 - create IPUIPlugin
2026-03-19 03:35:16,934 [INFO] IPUIPlugin:80 - create IPUIPlugin
2026-03-19 03:35:16,934 [INFO] IPUIPlugin:80 - create IPUIPlugin
2026-03-19 03:35:16,934 [INFO] IPUIPlugin:80 - create IPUIPlugin
2026-03-19 03:35:16,934 [INFO] IPUIPlugin:80 - create IPUIPlugin
2026-03-19 03:35:16,935 [INFO] IPUIPlugin:80 - create IPUIPlugin
2026-03-19 03:35:16,935 [INFO] IPUIPlugin:80 - create IPUIPlugin
2026-03-19 03:35:16,935 [INFO] IPUIPlugin:80 - create IPUIPlugin
2026-03-19 03:35:16,936 [INFO] IPUIPlugin:80 - create IPUIPlugin
2026-03-19 03:35:16,936 [INFO] IPUIPlugin:80 - create IPUIPlugin
2026-03-19 03:35:16,936 [INFO] IPUIPlugin:80 - create IPUIPlugin
2026-03-19 03:35:16,937 [INFO] IPUIPlugin:80 - create IPUIPlugin
2026-03-19 03:35:16,943 [INFO] ApiDbMcu:508 - Load IP Config File for PDM2PCM
2026-03-19 03:35:16,944 [WARN] IP:2120 - I2C_Coeff_DF not found: check if there is a RefParameter without a condition.
2026-03-19 03:35:16,944 [WARN] IP:2120 - Analog_Filter not found: check if there is a RefParameter without a condition.
2026-03-19 03:35:16,954 [WARN] FreeRTOS:1023 - Null or empty value: should not occur! (nothing added to the table)
2026-03-19 03:35:17,025 [INFO] CADModel:165 - CPN selected for project levelSTM32F411CEU6
2026-03-19 03:35:17,025 [INFO] CADModel:114 - Register for checkConnection events
2026-03-19 03:35:17,027 [INFO] RtosManager:697 - Active RTOS found at IOC load: FREERTOS [Cortex-M4NS]
2026-03-19 03:35:17,089 [INFO] OpenFileManager:343 - Restore cursor
2026-03-19 03:35:17,305 [WARN] IP:2120 - I2C_Coeff_DF not found: check if there is a RefParameter without a condition.
2026-03-19 03:35:17,305 [WARN] IP:2120 - Analog_Filter not found: check if there is a RefParameter without a condition.
2026-03-19 03:35:17,305 [WARN] IP:2120 - I2C_Coeff_DF not found: check if there is a RefParameter without a condition.
2026-03-19 03:35:17,305 [WARN] IP:2120 - Analog_Filter not found: check if there is a RefParameter without a condition.
2026-03-19 03:35:30,602 [INFO] NvicIntPanel:101 - NVIC parent = com.st.microxplorer.plugins.ip.nvic.MultiNvicIntPanel[,0,0,497x218,layout=javax.swing.BoxLayout,alignmentX=0.0,alignmentY=0.0,border=,flags=9,maximumSize=,minimumSize=,preferredSize=]
2026-03-19 03:35:45,090 [INFO] NvicIntPanel:101 - NVIC parent = com.st.microxplorer.plugins.ip.nvic.MultiNvicIntPanel[,0,0,497x218,layout=javax.swing.BoxLayout,alignmentX=0.0,alignmentY=0.0,border=,flags=9,maximumSize=,minimumSize=,preferredSize=]
2026-03-19 03:35:57,724 [INFO] MainUpdater:2873 - connection check result : 10
2026-03-19 03:35:57,724 [INFO] MainUpdater:2873 - connection check result : 10
2026-03-19 03:35:57,784 [INFO] MicroXplorer:468 - Change Database Path : 
2026-03-19 03:35:57,784 [INFO] MicroXplorer:498 - Change Database Version : DB.6.0.110
2026-03-19 03:35:57,791 [ERROR] ProjectManagerView:394 - 
java.lang.NullPointerException: Cannot invoke "javax.swing.JTextField.getText()" because the return value of "java.util.List.get(int)" is null
	at com.st.microxplorer.plugins.projectmanager.gui.ProjectChoiceTab$10.caretUpdate(ProjectChoiceTab.java:2504) ~[filemanager.jar:?]
	at javax.swing.text.JTextComponent.fireCaretUpdate(JTextComponent.java:412) ~[?:?]
	at javax.swing.text.JTextComponent$MutableCaretEvent.fire(JTextComponent.java:4491) ~[?:?]
	at javax.swing.text.JTextComponent$MutableCaretEvent.stateChanged(JTextComponent.java:4513) ~[?:?]
	at javax.swing.text.DefaultCaret.fireStateChanged(DefaultCaret.java:842) ~[?:?]
	at javax.swing.text.DefaultCaret.changeCaretPosition(DefaultCaret.java:1313) ~[?:?]
	at javax.swing.text.DefaultCaret.handleSetDot(DefaultCaret.java:1212) ~[?:?]
	at javax.swing.text.DefaultCaret.setDot(DefaultCaret.java:1193) ~[?:?]
	at javax.swing.text.DefaultCaret$Handler.insertUpdate(DefaultCaret.java:1789) ~[?:?]
	at javax.swing.text.AbstractDocument.fireInsertUpdate(AbstractDocument.java:226) ~[?:?]
	at javax.swing.text.AbstractDocument.handleInsertString(AbstractDocument.java:780) ~[?:?]
	at javax.swing.text.AbstractDocument.insertString(AbstractDocument.java:739) ~[?:?]
	at javax.swing.text.PlainDocument.insertString(PlainDocument.java:131) ~[?:?]
	at javax.swing.text.AbstractDocument.replace(AbstractDocument.java:698) ~[?:?]
	at javax.swing.text.JTextComponent.setText(JTextComponent.java:1729) ~[?:?]
	at com.st.microxplorer.plugins.projectmanager.gui.ProjectChoiceTab.createHeapStackFields(ProjectChoiceTab.java:944) ~[filemanager.jar:?]
	at com.st.microxplorer.plugins.projectmanager.gui.ProjectChoiceTab.buildLinkSettingsPanel(ProjectChoiceTab.java:3475) ~[filemanager.jar:?]
	at com.st.microxplorer.plugins.projectmanager.gui.ProjectChoiceTab.defineWindowsFields(ProjectChoiceTab.java:1816) ~[filemanager.jar:?]
	at com.st.microxplorer.plugins.projectmanager.gui.ProjectChoiceTab.updateSettings(ProjectChoiceTab.java:544) ~[filemanager.jar:?]
	at com.st.microxplorer.plugins.projectmanager.gui.ProjectSettingsPanel.UpdateDialog(ProjectSettingsPanel.java:245) ~[filemanager.jar:?]
	at com.st.microxplorer.plugins.projectmanager.ProjectManagerView.propertyChange(ProjectManagerView.java:391) ~[filemanager.jar:?]
	at java.beans.PropertyChangeSupport.fire(PropertyChangeSupport.java:343) ~[?:?]
	at java.beans.PropertyChangeSupport.firePropertyChange(PropertyChangeSupport.java:335) ~[?:?]
	at java.beans.PropertyChangeSupport.firePropertyChange(PropertyChangeSupport.java:268) ~[?:?]
	at com.st.microxplorer.util.MXPropertyChangeSupport.firePropertyChange(MXPropertyChangeSupport.java:54) ~[STM32CubeMX.jar:?]
	at com.st.microxplorer.mxsystem.MxSystem.closeConfig(MxSystem.java:900) ~[STM32CubeMX.jar:?]
	at com.st.microxplorer.maingui.MainPanel.closeConfig(MainPanel.java:776) ~[STM32CubeMX.jar:?]
	at com.st.microxplorer.plugins.filemanager.engine.OpenFileManager.loadConfigurationFile(OpenFileManager.java:245) ~[filemanager.jar:?]
	at com.st.microxplorer.plugins.filemanager.engine.MainFileManager.userLoadConfig(MainFileManager.java:315) ~[filemanager.jar:?]
	at com.st.microxplorer.plugins.filemanager.engine.MainFileManager.userLoadConfig(MainFileManager.java:293) ~[filemanager.jar:?]
	at com.st.microxplorer.plugins.filemanager.FileManagerView.getSpecificTask(FileManagerView.java:247) ~[filemanager.jar:?]
	at com.st.stm32cube.common.mx.editor.CubeMxEditor.getMxTabbedPaneInstance(CubeMxEditor.java:1198) ~[com.st.stm32cube.common.mx_6.11.0.202403141607/:?]
	at com.st.stm32cube.common.mx.editor.CubeMxEditor$12$1.createSwingComponent(CubeMxEditor.java:1068) ~[com.st.stm32cube.common.mx_6.11.0.202403141607/:?]
	at com.st.stm32cube.common.mx.oss.core.awtswtbridge.EmbeddedSwingComposite.doComponentCreation(EmbeddedSwingComposite.java:492) ~[com.st.stm32cube.common.mx.oss_6.11.0.202403141607/:?]
	at com.st.stm32cube.common.mx.oss.core.awtswtbridge.EmbeddedSwingComposite$4.run(EmbeddedSwingComposite.java:291) ~[com.st.stm32cube.common.mx.oss_6.11.0.202403141607/:?]
	at com.st.stm32cube.common.mx.oss.core.awtswtbridge.AwtEnvironment$2.run(AwtEnvironment.java:166) ~[com.st.stm32cube.common.mx.oss_6.11.0.202403141607/:?]
	at java.awt.event.InvocationEvent.dispatch(InvocationEvent.java:318) ~[?:?]
	at java.awt.EventQueue.dispatchEventImpl(EventQueue.java:773) ~[?:?]
	at java.awt.EventQueue$4.run(EventQueue.java:720) ~[?:?]
	at java.awt.EventQueue$4.run(EventQueue.java:714) ~[?:?]
	at java.security.AccessController.doPrivileged(AccessController.java:399) ~[?:?]
	at java.security.ProtectionDomain$JavaSecurityAccessImpl.doIntersectionPrivilege(ProtectionDomain.java:86) ~[?:?]
	at java.awt.EventQueue.dispatchEvent(EventQueue.java:742) ~[?:?]
	at java.awt.EventDispatchThread.pumpOneEventForFilters(EventDispatchThread.java:203) ~[?:?]
	at java.awt.EventDispatchThread.pumpEventsForFilter(EventDispatchThread.java:124) ~[?:?]
	at java.awt.EventDispatchThread.pumpEventsForHierarchy(EventDispatchThread.java:113) ~[?:?]
	at java.awt.EventDispatchThread.pumpEvents(EventDispatchThread.java:109) ~[?:?]
	at java.awt.EventDispatchThread.pumpEvents(EventDispatchThread.java:101) ~[?:?]
	at java.awt.EventDispatchThread.run(EventDispatchThread.java:90) ~[?:?]
2026-03-19 03:35:57,792 [WARN] ThirdParty:871 - waiting for thirdparty lock release [close project]
2026-03-19 03:35:57,792 [INFO] ThirdParty:873 - entering critical section [close project]
2026-03-19 03:35:57,792 [INFO] ThirdParty:883 - exiting critical section [close project]
2026-03-19 03:35:57,793 [INFO] PinOutPanel:1561 - setPackage(No Configuration,No Configuration)
2026-03-19 03:35:57,798 [WARN] IpParametersView:151 - Warning: This peripheral hasn't parameters
2026-03-19 03:35:57,800 [WARN] MainPanel:272 - <html><b><center>Warning: This peripheral has no parameters to be configured<br></b></html>
2026-03-19 03:35:57,802 [INFO] UtilMem:75 - Begin LoadConfig() Used Memory: 887864952 Bytes (1073741824)
2026-03-19 03:35:57,802 [INFO] MicroXplorer:468 - Change Database Path : 
2026-03-19 03:35:57,802 [INFO] MicroXplorer:498 - Change Database Version : DB.6.0.110
2026-03-19 03:35:57,803 [INFO] OpenFileManager:312 - Change cursor
2026-03-19 03:35:57,811 [INFO] Mcu:2021 - Initializing MCU STM32F411C(C-E)Ux STM32F411CEUx STM32F411CEU6
2026-03-19 03:35:58,541 [INFO] Context:663 - Trying to add GPIOservice into a context  which must be forbidden
2026-03-19 03:35:58,655 [INFO] ApiDbMcu:508 - Load IP Config File for STMicroelectronics.X-CUBE-TOUCHGFX.4.26.0
2026-03-19 03:35:58,747 [INFO] RtosManager:555 - Registered RTOS mode: class=CMSIS, group=RTOS, mode=CMSIS_V1, owner=FREERTOS
2026-03-19 03:35:58,747 [INFO] RtosManager:555 - Registered RTOS mode: class=CMSIS, group=RTOS2, mode=CMSIS_V2, owner=FREERTOS
2026-03-19 03:35:58,747 [INFO] RtosManager:555 - Registered RTOS mode: class=RTOS, group=Core, mode=CMSIS_V1, owner=FREERTOS
2026-03-19 03:35:58,747 [INFO] RtosManager:555 - Registered RTOS mode: class=RTOS, group=Core, mode=CMSIS_V2, owner=FREERTOS
2026-03-19 03:35:58,747 [WARN] ModelIntegratedComponent:184 - Missing modes for component STMicroelectronics:FreeRTOS:0.0.1:STMicroelectronics:RTOS:FreeRTOS:Core:::10.2.0:
2026-03-19 03:35:58,750 [WARN] ModelIntegratedComponent:63 - No mode defined for component null
2026-03-19 03:35:58,750 [WARN] ModelIntegratedComponent:63 - No mode defined for component null
2026-03-19 03:35:58,750 [WARN] ModelIntegratedComponent:63 - No mode defined for component null
2026-03-19 03:35:58,750 [WARN] ModelIntegratedComponent:63 - No mode defined for component null
2026-03-19 03:35:58,750 [WARN] ModelIntegratedComponent:63 - No mode defined for component null
2026-03-19 03:35:58,750 [WARN] ModelIntegratedComponent:63 - No mode defined for component null
2026-03-19 03:35:58,750 [WARN] ModelIntegratedComponent:63 - No mode defined for component null
2026-03-19 03:35:58,750 [WARN] ModelIntegratedComponent:63 - No mode defined for component null
2026-03-19 03:35:58,750 [WARN] ModelIntegratedComponent:63 - No mode defined for component null
2026-03-19 03:35:58,750 [WARN] ModelIntegratedComponent:63 - No mode defined for component null
2026-03-19 03:35:58,750 [WARN] ModelIntegratedComponent:63 - No mode defined for component null
2026-03-19 03:35:58,750 [WARN] ModelIntegratedComponent:63 - No mode defined for component null
2026-03-19 03:35:58,750 [WARN] ModelIntegratedComponent:63 - No mode defined for component null
2026-03-19 03:35:58,750 [WARN] ModelIntegratedComponent:63 - No mode defined for component null
2026-03-19 03:35:58,750 [WARN] ModelIntegratedComponent:63 - No mode defined for component null
2026-03-19 03:35:58,750 [WARN] ModelIntegratedComponent:63 - No mode defined for component null
2026-03-19 03:35:58,750 [WARN] ModelIntegratedComponent:63 - No mode defined for component null
2026-03-19 03:35:58,750 [WARN] ModelIntegratedComponent:63 - No mode defined for component null
2026-03-19 03:35:58,750 [WARN] ModelIntegratedComponent:63 - No mode defined for component null
2026-03-19 03:35:58,750 [WARN] ModelIntegratedComponent:63 - No mode defined for component null
2026-03-19 03:35:58,750 [WARN] ModelIntegratedComponent:63 - No mode defined for component null
2026-03-19 03:35:58,750 [WARN] ModelIntegratedComponent:63 - No mode defined for component null
2026-03-19 03:35:58,750 [WARN] ModelIntegratedComponent:63 - No mode defined for component null
2026-03-19 03:35:58,750 [WARN] ModelIntegratedComponent:63 - No mode defined for component null
2026-03-19 03:35:58,750 [WARN] ModelIntegratedComponent:63 - No mode defined for component null
2026-03-19 03:35:58,750 [WARN] ModelIntegratedComponent:63 - No mode defined for component null
2026-03-19 03:35:58,750 [WARN] ModelIntegratedComponent:63 - No mode defined for component null
2026-03-19 03:35:58,751 [WARN] ModelIntegratedComponent:63 - No mode defined for component null
2026-03-19 03:35:58,751 [WARN] ModelIntegratedComponent:63 - No mode defined for component null
2026-03-19 03:35:58,751 [WARN] ModelIntegratedComponent:63 - No mode defined for component null
2026-03-19 03:35:58,751 [WARN] ModelIntegratedComponent:63 - No mode defined for component null
2026-03-19 03:35:58,751 [WARN] ModelIntegratedComponent:63 - No mode defined for component null
2026-03-19 03:35:58,751 [WARN] ModelIntegratedComponent:63 - No mode defined for component null
2026-03-19 03:35:58,751 [WARN] ModelIntegratedComponent:63 - No mode defined for component null
2026-03-19 03:35:58,799 [WARN] ModelIntegratedComponent:182 - Modes not found for component STMicroelectronics:USB_DEVICE:1.0.0:STMicroelectronics:USB::USB Device:Audio HS::1.0:USB_DEVICE_1_0_RESTRICTED_HS
2026-03-19 03:35:58,799 [WARN] ModelIntegratedComponent:188 - Modes not found for component STMicroelectronics:USB_DEVICE:1.0.0:STMicroelectronics:USB::USB Device:Audio HS::1.0:USB_DEVICE_1_0_RESTRICTED_HS
2026-03-19 03:35:58,799 [WARN] ModelIntegratedComponent:182 - Modes not found for component STMicroelectronics:USB_DEVICE:1.0.0:STMicroelectronics:USB::USB Device:CDC HS::1.0:USB_DEVICE_1_0_RESTRICTED_HS
2026-03-19 03:35:58,799 [WARN] ModelIntegratedComponent:188 - Modes not found for component STMicroelectronics:USB_DEVICE:1.0.0:STMicroelectronics:USB::USB Device:CDC HS::1.0:USB_DEVICE_1_0_RESTRICTED_HS
2026-03-19 03:35:58,799 [WARN] ModelIntegratedComponent:182 - Modes not found for component STMicroelectronics:USB_DEVICE:1.0.0:STMicroelectronics:USB::USB Device:DFU HS::1.0:USB_DEVICE_1_0_RESTRICTED_HS
2026-03-19 03:35:58,799 [WARN] ModelIntegratedComponent:188 - Modes not found for component STMicroelectronics:USB_DEVICE:1.0.0:STMicroelectronics:USB::USB Device:DFU HS::1.0:USB_DEVICE_1_0_RESTRICTED_HS
2026-03-19 03:35:58,799 [WARN] ModelIntegratedComponent:182 - Modes not found for component STMicroelectronics:USB_DEVICE:1.0.0:STMicroelectronics:USB::USB Device:HID HS::1.0:USB_DEVICE_1_0_RESTRICTED_HS
2026-03-19 03:35:58,799 [WARN] ModelIntegratedComponent:188 - Modes not found for component STMicroelectronics:USB_DEVICE:1.0.0:STMicroelectronics:USB::USB Device:HID HS::1.0:USB_DEVICE_1_0_RESTRICTED_HS
2026-03-19 03:35:58,799 [WARN] ModelIntegratedComponent:182 - Modes not found for component STMicroelectronics:USB_DEVICE:1.0.0:STMicroelectronics:USB::USB Device:Custom HID HS::1.0:USB_DEVICE_1_0_RESTRICTED_HS
2026-03-19 03:35:58,799 [WARN] ModelIntegratedComponent:188 - Modes not found for component STMicroelectronics:USB_DEVICE:1.0.0:STMicroelectronics:USB::USB Device:Custom HID HS::1.0:USB_DEVICE_1_0_RESTRICTED_HS
2026-03-19 03:35:58,799 [WARN] ModelIntegratedComponent:182 - Modes not found for component STMicroelectronics:USB_DEVICE:1.0.0:STMicroelectronics:USB::USB Device:MSC HS::1.0:USB_DEVICE_1_0_RESTRICTED_HS
2026-03-19 03:35:58,799 [WARN] ModelIntegratedComponent:188 - Modes not found for component STMicroelectronics:USB_DEVICE:1.0.0:STMicroelectronics:USB::USB Device:MSC HS::1.0:USB_DEVICE_1_0_RESTRICTED_HS
2026-03-19 03:35:58,883 [WARN] ModelIntegratedComponent:182 - Modes not found for component STMicroelectronics:USB_HOST:1.0.0:STMicroelectronics:USB::USB Host:Audio HS::1.0:USB_HOST_1_0_RESTRICTED_HS
2026-03-19 03:35:58,883 [WARN] ModelIntegratedComponent:188 - Modes not found for component STMicroelectronics:USB_HOST:1.0.0:STMicroelectronics:USB::USB Host:Audio HS::1.0:USB_HOST_1_0_RESTRICTED_HS
2026-03-19 03:35:58,883 [WARN] ModelIntegratedComponent:182 - Modes not found for component STMicroelectronics:USB_HOST:1.0.0:STMicroelectronics:USB::USB Host:CDC HS::1.0:USB_HOST_1_0_RESTRICTED_HS
2026-03-19 03:35:58,883 [WARN] ModelIntegratedComponent:188 - Modes not found for component STMicroelectronics:USB_HOST:1.0.0:STMicroelectronics:USB::USB Host:CDC HS::1.0:USB_HOST_1_0_RESTRICTED_HS
2026-03-19 03:35:58,883 [WARN] ModelIntegratedComponent:182 - Modes not found for component STMicroelectronics:USB_HOST:1.0.0:STMicroelectronics:USB::USB Host:MSC HS::1.0:USB_HOST_1_0_RESTRICTED_HS
2026-03-19 03:35:58,883 [WARN] ModelIntegratedComponent:188 - Modes not found for component STMicroelectronics:USB_HOST:1.0.0:STMicroelectronics:USB::USB Host:MSC HS::1.0:USB_HOST_1_0_RESTRICTED_HS
2026-03-19 03:35:58,883 [WARN] ModelIntegratedComponent:182 - Modes not found for component STMicroelectronics:USB_HOST:1.0.0:STMicroelectronics:USB::USB Host:HID HS::1.0:USB_HOST_1_0_RESTRICTED_HS
2026-03-19 03:35:58,883 [WARN] ModelIntegratedComponent:188 - Modes not found for component STMicroelectronics:USB_HOST:1.0.0:STMicroelectronics:USB::USB Host:HID HS::1.0:USB_HOST_1_0_RESTRICTED_HS
2026-03-19 03:35:58,883 [WARN] ModelIntegratedComponent:182 - Modes not found for component STMicroelectronics:USB_HOST:1.0.0:STMicroelectronics:USB::USB Host:MTP HS::1.0:USB_HOST_1_0_RESTRICTED_HS
2026-03-19 03:35:58,883 [WARN] ModelIntegratedComponent:188 - Modes not found for component STMicroelectronics:USB_HOST:1.0.0:STMicroelectronics:USB::USB Host:MTP HS::1.0:USB_HOST_1_0_RESTRICTED_HS
2026-03-19 03:35:58,938 [WARN] IP:2120 - tgfx_framebuffer_stride_value_custom not found: check if there is a RefParameter without a condition.
2026-03-19 03:35:58,941 [WARN] IP:2120 - tgfx_framebuffer_stride_value_custom not found: check if there is a RefParameter without a condition.
2026-03-19 03:35:59,068 [INFO] ApiDbMcu:508 - Load IP Config File for FREERTOS
2026-03-19 03:35:59,094 [INFO] ThirdPartyModel:298 - Start build external matchings
2026-03-19 03:36:00,521 [INFO] ThirdPartyModel:316 - End build external matchings
2026-03-19 03:36:00,550 [INFO] RtosManager:919 - Current active RTOS is FREERTOS [Cortex-M4NS]
2026-03-19 03:36:00,552 [INFO] ImportTextPane:194 - (OptionalMessage_ERROR) IP (DMA) : Parameter (Instance) has Id (SPI1_TX) currently not set
2026-03-19 03:36:00,552 [INFO] ImportTextPane:194 - (OptionalMessage_ERROR) IP (DMA) : Parameter (Channel) has Id (SPI1_TX) currently not set
2026-03-19 03:36:00,552 [INFO] ImportTextPane:194 - (OptionalMessage_ERROR) IP (DMA) : Parameter (Direction) has Id (SPI1_TX) currently not set
2026-03-19 03:36:00,552 [INFO] ImportTextPane:194 - (OptionalMessage_ERROR) IP (DMA) : Parameter (PeriphInc) has Id (SPI1_TX) currently not set
2026-03-19 03:36:00,552 [INFO] ImportTextPane:194 - (OptionalMessage_ERROR) IP (DMA) : Parameter (MemInc) has Id (SPI1_TX) currently not set
2026-03-19 03:36:00,553 [INFO] ImportTextPane:194 - (OptionalMessage_ERROR) IP (DMA) : Parameter (PeriphDataAlignment) has Id (SPI1_TX) currently not set
2026-03-19 03:36:00,553 [INFO] ImportTextPane:194 - (OptionalMessage_ERROR) IP (DMA) : Parameter (MemDataAlignment) has Id (SPI1_TX) currently not set
2026-03-19 03:36:00,553 [INFO] ImportTextPane:194 - (OptionalMessage_ERROR) IP (DMA) : Parameter (Mode) has Id (SPI1_TX) currently not set
2026-03-19 03:36:00,553 [INFO] ImportTextPane:194 - (OptionalMessage_ERROR) IP (DMA) : Parameter (Priority) has Id (SPI1_TX) currently not set
2026-03-19 03:36:00,553 [INFO] ImportTextPane:194 - (OptionalMessage_ERROR) IP (DMA) : Parameter (FIFOMode) has Id (SPI1_TX) currently not set
2026-03-19 03:36:00,553 [INFO] ImportTextPane:194 - (OptionalMessage_ERROR) IP (DMA) : Parameter (FIFOThreshold) has Id (SPI1_TX) currently not set
2026-03-19 03:36:00,553 [INFO] ImportTextPane:194 - (OptionalMessage_ERROR) IP (DMA) : Parameter (FIFOThreshold) has invalid value (null)
2026-03-19 03:36:00,553 [INFO] ImportTextPane:194 - (OptionalMessage_ERROR) IP (DMA) : Parameter (MemBurst) has Id (SPI1_TX) currently not set
2026-03-19 03:36:00,553 [INFO] ImportTextPane:194 - (OptionalMessage_ERROR) IP (DMA) : Parameter (MemBurst) has invalid value (null)
2026-03-19 03:36:00,553 [INFO] ImportTextPane:194 - (OptionalMessage_ERROR) IP (DMA) : Parameter (PeriphBurst) has Id (SPI1_TX) currently not set
2026-03-19 03:36:00,553 [INFO] ImportTextPane:194 - (OptionalMessage_ERROR) IP (DMA) : Parameter (PeriphBurst) has invalid value (null)
2026-03-19 03:36:00,553 [INFO] ImportTextPane:194 - (OptionalMessage_ERROR) IP (DMA) : Parameter (Instance) has Id (USART1_RX) currently not set
2026-03-19 03:36:00,553 [INFO] ImportTextPane:194 - (OptionalMessage_ERROR) IP (DMA) : Parameter (Channel) has Id (USART1_RX) currently not set
2026-03-19 03:36:00,553 [INFO] ImportTextPane:194 - (OptionalMessage_ERROR) IP (DMA) : Parameter (Direction) has Id (USART1_RX) currently not set
2026-03-19 03:36:00,553 [INFO] ImportTextPane:194 - (OptionalMessage_ERROR) IP (DMA) : Parameter (PeriphInc) has Id (USART1_RX) currently not set
2026-03-19 03:36:00,553 [INFO] ImportTextPane:194 - (OptionalMessage_ERROR) IP (DMA) : Parameter (MemInc) has Id (USART1_RX) currently not set
2026-03-19 03:36:00,553 [INFO] ImportTextPane:194 - (OptionalMessage_ERROR) IP (DMA) : Parameter (PeriphDataAlignment) has Id (USART1_RX) currently not set
2026-03-19 03:36:00,553 [INFO] ImportTextPane:194 - (OptionalMessage_ERROR) IP (DMA) : Parameter (MemDataAlignment) has Id (USART1_RX) currently not set
2026-03-19 03:36:00,553 [INFO] ImportTextPane:194 - (OptionalMessage_ERROR) IP (DMA) : Parameter (Mode) has Id (USART1_RX) currently not set
2026-03-19 03:36:00,553 [INFO] ImportTextPane:194 - (OptionalMessage_ERROR) IP (DMA) : Parameter (Priority) has Id (USART1_RX) currently not set
2026-03-19 03:36:00,553 [INFO] ImportTextPane:194 - (OptionalMessage_ERROR) IP (DMA) : Parameter (FIFOMode) has Id (USART1_RX) currently not set
2026-03-19 03:36:00,555 [WARN] IP:2120 - tgfx_framebuffer_stride_value_custom not found: check if there is a RefParameter without a condition.
2026-03-19 03:36:00,556 [INFO] ImportTextPane:194 - (OptionalMessage_ERROR) IP (STMicroelectronics.X-CUBE-TOUCHGFX.4.26.0) : Parameter (ApplicationCcGraphicsJjApplication) has invalid value (TouchGFXOoGenerator)
2026-03-19 03:36:00,773 [INFO] UtilMem:75 - End LoadConfig() Used Memory: 844726344 Bytes (1073741824)
2026-03-19 03:36:00,831 [WARN] ThirdParty:833 - waiting for thirdparty lock release [change project]
2026-03-19 03:36:00,832 [INFO] ThirdParty:835 - entering critical section [change project]
2026-03-19 03:36:00,832 [INFO] ThirdParty:1030 - CMSIS Pack Vendor :STMicroelectronics X-CUBE-AZRTOS-H7 3.5.0
2026-03-19 03:36:00,832 [INFO] ThirdParty:1030 - CMSIS Pack Vendor :STMicroelectronics X-CUBE-PM33A1 1.0.0
2026-03-19 03:36:00,832 [INFO] ThirdParty:1030 - CMSIS Pack Vendor :STMicroelectronics USBPD 4.1
2026-03-19 03:36:00,832 [INFO] ThirdParty:1030 - CMSIS Pack Vendor :STMicroelectronics X-CUBE-GNSS1 6.0.0
2026-03-19 03:36:00,832 [INFO] ThirdParty:1030 - CMSIS Pack Vendor :STMicroelectronics USB_HOST 2.0.0
2026-03-19 03:36:00,832 [INFO] ThirdParty:1030 - CMSIS Pack Vendor :STMicroelectronics FP-SNS-MOTENVWB1 1.4.0
2026-03-19 03:36:00,832 [INFO] ThirdParty:1030 - CMSIS Pack Vendor :STMicroelectronics X-CUBE-AZRTOS-F4 1.1.0
2026-03-19 03:36:00,832 [INFO] ThirdParty:1030 - CMSIS Pack Vendor :STMicroelectronics LIBJPEG 8.0.0
2026-03-19 03:36:00,832 [INFO] ThirdParty:1030 - CMSIS Pack Vendor :STMicroelectronics FP-ATR-ASTRA1 2.0.2
2026-03-19 03:36:00,832 [INFO] ThirdParty:1030 - CMSIS Pack Vendor :STMicroelectronics FP-ATR-ASTRA1 2.0.1
2026-03-19 03:36:00,832 [INFO] ThirdParty:1030 - CMSIS Pack Vendor :STMicroelectronics X-CUBE-SMBUS 2.1.0
2026-03-19 03:36:00,832 [INFO] ThirdParty:1030 - CMSIS Pack Vendor :STMicroelectronics X-CUBE-WB05N 1.1.0
2026-03-19 03:36:00,832 [INFO] ThirdParty:1030 - CMSIS Pack Vendor :STMicroelectronics X-CUBE-ISPU 2.1.0
2026-03-19 03:36:00,832 [INFO] ThirdParty:1030 - CMSIS Pack Vendor :STMicroelectronics X-CUBE-FREERTOS 1.2.0
2026-03-19 03:36:00,832 [INFO] ThirdParty:1030 - CMSIS Pack Vendor :STMicroelectronics X-CUBE-NFC12 1.0.0
2026-03-19 03:36:00,832 [INFO] ThirdParty:1030 - CMSIS Pack Vendor :STMicroelectronics X-CUBE-TOUCHGFX 4.23.2
2026-03-19 03:36:00,832 [INFO] ThirdParty:1030 - CMSIS Pack Vendor :STMicroelectronics X-CUBE-AZRTOS-F7 1.1.0
2026-03-19 03:36:00,832 [INFO] ThirdParty:1030 - CMSIS Pack Vendor :STMicroelectronics X-CUBE-AZRTOS-L5 2.0.0
2026-03-19 03:36:00,832 [INFO] ThirdParty:1030 - CMSIS Pack Vendor :STMicroelectronics USB_DEVICE 2.0.0
2026-03-19 03:36:00,832 [INFO] ThirdParty:1030 - CMSIS Pack Vendor :STMicroelectronics X-CUBE-NFC6 3.1.0
2026-03-19 03:36:00,832 [INFO] ThirdParty:1030 - CMSIS Pack Vendor :STMicroelectronics X-CUBE-MEMS1 11.0.0
2026-03-19 03:36:00,832 [INFO] ThirdParty:1030 - CMSIS Pack Vendor :STMicroelectronics FreeRTOS 0.0.1
2026-03-19 03:36:00,832 [INFO] ThirdParty:1030 - CMSIS Pack Vendor :STMicroelectronics X-CUBE-DPower 1.2.0
2026-03-19 03:36:00,832 [INFO] ThirdParty:1030 - CMSIS Pack Vendor :STMicroelectronics FP-SNS-FLIGHT1 5.0.2
2026-03-19 03:36:00,832 [INFO] ThirdParty:1030 - CMSIS Pack Vendor :STMicroelectronics X-CUBE-AI 9.0.0
2026-03-19 03:36:00,832 [INFO] ThirdParty:1030 - CMSIS Pack Vendor :STMicroelectronics PDM2PCM 3.3.0
2026-03-19 03:36:00,832 [INFO] ThirdParty:1030 - CMSIS Pack Vendor :STMicroelectronics X-CUBE-AZRTOS-H7 3.4.0
2026-03-19 03:36:00,832 [INFO] ThirdParty:1030 - CMSIS Pack Vendor :STMicroelectronics X-CUBE-DISPLAY 3.0.0
2026-03-19 03:36:00,832 [INFO] ThirdParty:1030 - CMSIS Pack Vendor :STMicroelectronics X-CUBE-BLE1 7.0.0
2026-03-19 03:36:00,832 [INFO] ThirdParty:1030 - CMSIS Pack Vendor :STMicroelectronics X-CUBE-NFC10 1.0.0
2026-03-19 03:36:00,832 [INFO] ThirdParty:1030 - CMSIS Pack Vendor :STMicroelectronics X-CUBE-BLEMGR 4.0.0
2026-03-19 03:36:00,832 [INFO] ThirdParty:1030 - CMSIS Pack Vendor :STMicroelectronics X-CUBE-FREERTOS 1.3.1
2026-03-19 03:36:00,832 [INFO] ThirdParty:1030 - CMSIS Pack Vendor :STMicroelectronics HAL Drivers 0.0.0
2026-03-19 03:36:00,832 [INFO] ThirdParty:1030 - CMSIS Pack Vendor :emotas I-CUBE-CANOPEN 1.3.0
2026-03-19 03:36:00,832 [INFO] ThirdParty:1030 - CMSIS Pack Vendor :STMicroelectronics X-CUBE-FREERTOS 1.3.0
2026-03-19 03:36:00,832 [INFO] ThirdParty:1030 - CMSIS Pack Vendor :STMicroelectronics X-CUBE-NFC7 1.0.1
2026-03-19 03:36:00,832 [INFO] ThirdParty:1030 - CMSIS Pack Vendor :STMicroelectronics MBEDTLS 2.14.1
2026-03-19 03:36:00,832 [INFO] ThirdParty:1030 - CMSIS Pack Vendor :STMicroelectronics X-CUBE-GNSS1 7.1.0
2026-03-19 03:36:00,832 [INFO] ThirdParty:1030 - CMSIS Pack Vendor :STMicroelectronics X-CUBE-TOUCHGFX 4.26.0
2026-03-19 03:36:00,832 [INFO] ThirdParty:1030 - CMSIS Pack Vendor :STMicroelectronics X-CUBE-TOUCHGFX 4.26.1
2026-03-19 03:36:00,832 [INFO] ThirdParty:1030 - CMSIS Pack Vendor :STMicroelectronics X-CUBE-BLEMGR 3.1.0
2026-03-19 03:36:00,832 [INFO] ThirdParty:1030 - CMSIS Pack Vendor :STMicroelectronics X-CUBE-AI 10.0.0
2026-03-19 03:36:00,832 [INFO] ThirdParty:1030 - CMSIS Pack Vendor :STMicroelectronics FP-SNS-SMARTAG2 1.2.0
2026-03-19 03:36:00,832 [INFO] ThirdParty:1030 - CMSIS Pack Vendor :STMicroelectronics X-CUBE-MEMS1 11.1.0
2026-03-19 03:36:00,832 [INFO] ThirdParty:1030 - CMSIS Pack Vendor :STMicroelectronics X-CUBE-AZRTOS-WL 2.0.0
2026-03-19 03:36:00,832 [INFO] ThirdParty:1030 - CMSIS Pack Vendor :STMicroelectronics X-CUBE-DPower 1.3.0
2026-03-19 03:36:00,832 [INFO] ThirdParty:1030 - CMSIS Pack Vendor :STMicroelectronics FP-SNS-MOTENV1 5.0.0
2026-03-19 03:36:00,832 [INFO] ThirdParty:1030 - CMSIS Pack Vendor :STMicroelectronics USB_DEVICE 1.0.0
2026-03-19 03:36:00,833 [INFO] ThirdParty:1030 - CMSIS Pack Vendor :STMicroelectronics X-CUBE-AZRTOS-H7RS 1.2.0
2026-03-19 03:36:00,833 [INFO] ThirdParty:1030 - CMSIS Pack Vendor :wolfSSL I-CUBE-wolfMQTT 1.19.0
2026-03-19 03:36:00,833 [INFO] ThirdParty:1030 - CMSIS Pack Vendor :STMicroelectronics X-CUBE-AZRTOS-L4 2.0.0
2026-03-19 03:36:00,833 [INFO] ThirdParty:1030 - CMSIS Pack Vendor :STMicroelectronics ThreadX 0.0.2
2026-03-19 03:36:00,833 [INFO] ThirdParty:1030 - CMSIS Pack Vendor :WES I-CUBE-Cesium 1.3.0
2026-03-19 03:36:00,833 [INFO] ThirdParty:1030 - CMSIS Pack Vendor :STMicroelectronics lwIP 2.1.2
2026-03-19 03:36:00,833 [INFO] ThirdParty:1030 - CMSIS Pack Vendor :STMicroelectronics X-CUBE-SFXS2LP1 4.0.0
2026-03-19 03:36:00,833 [INFO] ThirdParty:1030 - CMSIS Pack Vendor :STMicroelectronics X-CUBE-BLE2 3.3.0
2026-03-19 03:36:00,833 [INFO] ThirdParty:1030 - CMSIS Pack Vendor :STMicroelectronics PDM2PCM 3.2.0
2026-03-19 03:36:00,833 [INFO] ThirdParty:1030 - CMSIS Pack Vendor :STMicroelectronics X-CUBE-AZRTOS-H7 3.3.0
2026-03-19 03:36:00,833 [INFO] ThirdParty:1030 - CMSIS Pack Vendor :STMicroelectronics X-CUBE-NFC9 1.0.0
2026-03-19 03:36:00,833 [INFO] ThirdParty:1030 - CMSIS Pack Vendor :STMicroelectronics X-CUBE-BLE1 7.1.0
2026-03-19 03:36:00,833 [INFO] ThirdParty:1030 - CMSIS Pack Vendor :STMicroelectronics USB_DEVICE 3.0.0
2026-03-19 03:36:00,833 [INFO] ThirdParty:1030 - CMSIS Pack Vendor :STMicroelectronics X-CUBE-TCPP 4.1.0
2026-03-19 03:36:00,833 [INFO] ThirdParty:1030 - CMSIS Pack Vendor :STMicroelectronics X-CUBE-EEPRMA1 5.2.0
2026-03-19 03:36:00,833 [INFO] ThirdParty:1030 - CMSIS Pack Vendor :STMicroelectronics X-CUBE-IPS 3.0.0
2026-03-19 03:36:00,833 [INFO] ThirdParty:1030 - CMSIS Pack Vendor :STMicroelectronics X-CUBE-AZRTOS-WB 2.0.0
2026-03-19 03:36:00,833 [INFO] ThirdParty:1030 - CMSIS Pack Vendor :STMicroelectronics X-CUBE-GNSS1 7.0.0
2026-03-19 03:36:00,833 [INFO] ThirdParty:1030 - CMSIS Pack Vendor :STMicroelectronics X-CUBE-GNSS1 7.0.1
2026-03-19 03:36:00,833 [INFO] ThirdParty:1030 - CMSIS Pack Vendor :STMicroelectronics X-CUBE-TOUCHGFX 4.25.0
2026-03-19 03:36:00,833 [INFO] ThirdParty:1030 - CMSIS Pack Vendor :STMicroelectronics FP-SNS-STBOX1 2.0.0
2026-03-19 03:36:00,833 [INFO] ThirdParty:1030 - CMSIS Pack Vendor :STMicroelectronics X-CUBE-MEMS1 12.0.0
2026-03-19 03:36:00,833 [INFO] ThirdParty:1030 - CMSIS Pack Vendor :STMicroelectronics X-CUBE-ALGOBUILD 1.3.0
2026-03-19 03:36:00,833 [INFO] ThirdParty:1030 - CMSIS Pack Vendor :STMicroelectronics X-CUBE-STSE01 2.0.0
2026-03-19 03:36:00,833 [INFO] ThirdParty:1030 - CMSIS Pack Vendor :STMicroelectronics X-CUBE-MEMS1 11.2.0
2026-03-19 03:36:00,833 [INFO] ThirdParty:1030 - CMSIS Pack Vendor :STMicroelectronics X-CUBE-AZRTOS-G0 1.1.0
2026-03-19 03:36:00,833 [INFO] ThirdParty:1030 - CMSIS Pack Vendor :STMicroelectronics X-CUBE-SAFEA1 1.2.2
2026-03-19 03:36:00,833 [INFO] ThirdParty:1030 - CMSIS Pack Vendor :STMicroelectronics X-CUBE-NFC4 3.0.0
2026-03-19 03:36:00,833 [INFO] ThirdParty:1030 - CMSIS Pack Vendor :STMicroelectronics X-CUBE-SUBG2 5.0.0
2026-03-19 03:36:00,833 [INFO] ThirdParty:1030 - CMSIS Pack Vendor :STMicroelectronics X-CUBE-AZRTOS-H7RS 1.1.0
2026-03-19 03:36:00,833 [INFO] ThirdParty:1030 - CMSIS Pack Vendor :STMicroelectronics STM32_WPAN 1.0.0
2026-03-19 03:36:00,833 [INFO] ThirdParty:1030 - CMSIS Pack Vendor :EmbeddedOffice I-CUBE-FS-RTOS 1.0.1
2026-03-19 03:36:00,833 [INFO] ThirdParty:1030 - CMSIS Pack Vendor :STMicroelectronics lwIP 2.0.3
2026-03-19 03:36:00,833 [INFO] ThirdParty:1030 - CMSIS Pack Vendor :Cesanta I-CUBE-Mongoose 7.13.0
2026-03-19 03:36:00,833 [INFO] ThirdParty:1030 - CMSIS Pack Vendor :STMicroelectronics USB_HOST 1.0.0
2026-03-19 03:36:00,833 [INFO] ThirdParty:1030 - CMSIS Pack Vendor :STMicroelectronics X-CUBE-AZRTOS-G4 2.0.0
2026-03-19 03:36:00,833 [INFO] ThirdParty:1030 - CMSIS Pack Vendor :STMicroelectronics X-CUBE-WB05N 2.0.0
2026-03-19 03:36:00,833 [INFO] ThirdParty:1030 - CMSIS Pack Vendor :STMicroelectronics PDM2PCM 3.1.0
2026-03-19 03:36:00,833 [INFO] ThirdParty:1030 - CMSIS Pack Vendor :STMicroelectronics X-CUBE-NFC7 2.0.0
2026-03-19 03:36:00,833 [INFO] ThirdParty:1030 - CMSIS Pack Vendor :RealThread X-CUBE-RT-Thread_Nano 4.1.1
2026-03-19 03:36:00,833 [INFO] ThirdParty:1030 - CMSIS Pack Vendor :wolfSSL I-CUBE-wolfSSL 5.7.0
2026-03-19 03:36:00,833 [INFO] ThirdParty:1030 - CMSIS Pack Vendor :STMicroelectronics FP-ATR-SIGFOX1 3.2.0
2026-03-19 03:36:00,833 [INFO] ThirdParty:1030 - CMSIS Pack Vendor :quantropi X-CUBE-qispace-sdk-base 1.9.3
2026-03-19 03:36:00,833 [INFO] ThirdParty:1030 - CMSIS Pack Vendor :STMicroelectronics X-CUBE-ISPU 2.0.0
2026-03-19 03:36:00,833 [INFO] ThirdParty:1030 - CMSIS Pack Vendor :STMicroelectronics X-CUBE-EEPRMA1 5.1.0
2026-03-19 03:36:00,833 [INFO] ThirdParty:1030 - CMSIS Pack Vendor :STMicroelectronics MBEDTLS 2.16.2
2026-03-19 03:36:00,833 [INFO] ThirdParty:1030 - CMSIS Pack Vendor :STMicroelectronics X-CUBE-ALS 1.0.2
2026-03-19 03:36:00,833 [INFO] ThirdParty:1030 - CMSIS Pack Vendor :STMicroelectronics X-CUBE-MEMS1 10.0.0
2026-03-19 03:36:00,833 [INFO] ThirdParty:1030 - CMSIS Pack Vendor :STMicroelectronics X-CUBE-FREERTOS 1.1.0
2026-03-19 03:36:00,833 [INFO] ThirdParty:1030 - CMSIS Pack Vendor :ITTIA_DB I-CUBE-ITTIADB 8.9.0
2026-03-19 03:36:00,833 [INFO] ThirdParty:1030 - CMSIS Pack Vendor :STMicroelectronics X-CUBE-TOUCHGFX 4.24.2
2026-03-19 03:36:00,833 [INFO] ThirdParty:1030 - CMSIS Pack Vendor :STMicroelectronics X-CUBE-TOUCHGFX 4.24.1
2026-03-19 03:36:00,833 [INFO] ThirdParty:1030 - CMSIS Pack Vendor :STMicroelectronics X-CUBE-STSE01 1.0.0
2026-03-19 03:36:00,833 [INFO] ThirdParty:1030 - CMSIS Pack Vendor :wolfSSL I-CUBE-wolfTPM 3.4.0
2026-03-19 03:36:00,833 [INFO] ThirdParty:1030 - CMSIS Pack Vendor :portGmbH I-Cube-SoM-uGOAL 1.1.0
2026-03-19 03:36:00,833 [INFO] ThirdParty:1030 - CMSIS Pack Vendor :STMicroelectronics X-CUBE-ALS 1.0.1
2026-03-19 03:36:00,833 [INFO] ThirdParty:1030 - CMSIS Pack Vendor :STMicroelectronics X-CUBE-NFC6 3.2.0
2026-03-19 03:36:00,833 [INFO] ThirdParty:1030 - CMSIS Pack Vendor :STMicroelectronics X-CUBE-AI 10.2.0
2026-03-19 03:36:00,833 [INFO] ThirdParty:1030 - CMSIS Pack Vendor :STMicroelectronics ThreadX 1.0.0
2026-03-19 03:36:00,833 [INFO] ThirdParty:1030 - CMSIS Pack Vendor :SEGGER I-CUBE-embOS 1.3.1
2026-03-19 03:36:00,833 [INFO] ThirdParty:1030 - CMSIS Pack Vendor :STMicroelectronics X-CUBE-ALGOBUILD 1.4.0
2026-03-19 03:36:00,833 [INFO] ThirdParty:1030 - CMSIS Pack Vendor :STMicroelectronics X-CUBE-AZRTOS-H7RS 1.0.0
2026-03-19 03:36:00,833 [INFO] ThirdParty:1030 - CMSIS Pack Vendor :STMicroelectronics FP-ATR-ASTRA1 2.0.0
2026-03-19 03:36:00,833 [INFO] ThirdParty:1030 - CMSIS Pack Vendor :STMicroelectronics X-CUBE-TOF1 3.4.2
2026-03-19 03:36:00,833 [INFO] ThirdParty:1030 - CMSIS Pack Vendor :STMicroelectronics X-CUBE-AI 9.1.0
2026-03-19 03:36:00,834 [INFO] ThirdParty:1030 - CMSIS Pack Vendor :STMicroelectronics X-CUBE-TOF1 3.4.1
2026-03-19 03:36:00,834 [INFO] ThirdParty:1030 - CMSIS Pack Vendor :STMicroelectronics X-CUBE-AZRTOS-H7 3.2.0
2026-03-19 03:36:00,834 [INFO] ThirdParty:1030 - CMSIS Pack Vendor :Infineon AIROC-Wi-Fi-Bluetooth-STM32 1.6.0
2026-03-19 03:36:00,834 [INFO] ThirdParty:1030 - CMSIS Pack Vendor :wolfSSL I-CUBE-wolfSSH 1.4.17
2026-03-19 03:36:00,834 [INFO] ThirdParty:841 - exiting critical section [change project]
2026-03-19 03:36:00,918 [INFO] PinOutPanel:1561 - setPackage(No Configuration,No Configuration)
2026-03-19 03:36:00,918 [INFO] PinOutPanel:1561 - setPackage(STM32F411CEUx,UFQFPN48)
2026-03-19 03:36:01,017 [INFO] UtilMem:75 - Before build in PCC Used Memory: 832572352 Bytes (1073741824)
2026-03-19 03:36:01,218 [INFO] UtilMem:75 - After build in PCC Used Memory: 875041728 Bytes (1073741824)
2026-03-19 03:36:01,234 [INFO] IPUIPlugin:80 - create IPUIPlugin
2026-03-19 03:36:01,234 [INFO] IPUIPlugin:80 - create IPUIPlugin
2026-03-19 03:36:01,234 [INFO] IPUIPlugin:80 - create IPUIPlugin
2026-03-19 03:36:01,234 [INFO] IPUIPlugin:80 - create IPUIPlugin
2026-03-19 03:36:01,234 [INFO] IPUIPlugin:80 - create IPUIPlugin
2026-03-19 03:36:01,234 [INFO] IPUIPlugin:80 - create IPUIPlugin
2026-03-19 03:36:01,234 [INFO] IPUIPlugin:80 - create IPUIPlugin
2026-03-19 03:36:01,234 [INFO] IPUIPlugin:80 - create IPUIPlugin
2026-03-19 03:36:01,234 [INFO] IPUIPlugin:80 - create IPUIPlugin
2026-03-19 03:36:01,234 [INFO] IPUIPlugin:80 - create IPUIPlugin
2026-03-19 03:36:01,234 [INFO] IPUIPlugin:80 - create IPUIPlugin
2026-03-19 03:36:01,234 [INFO] IPUIPlugin:80 - create IPUIPlugin
2026-03-19 03:36:01,234 [INFO] IPUIPlugin:80 - create IPUIPlugin
2026-03-19 03:36:01,234 [INFO] IPUIPlugin:80 - create IPUIPlugin
2026-03-19 03:36:01,235 [INFO] IPUIPlugin:80 - create IPUIPlugin
2026-03-19 03:36:01,235 [INFO] IPUIPlugin:80 - create IPUIPlugin
2026-03-19 03:36:01,235 [INFO] IPUIPlugin:80 - create IPUIPlugin
2026-03-19 03:36:01,236 [INFO] IPUIPlugin:80 - create IPUIPlugin
2026-03-19 03:36:01,236 [INFO] IPUIPlugin:80 - create IPUIPlugin
2026-03-19 03:36:01,236 [INFO] IPUIPlugin:80 - create IPUIPlugin
2026-03-19 03:36:01,236 [INFO] IPUIPlugin:80 - create IPUIPlugin
2026-03-19 03:36:01,236 [INFO] IPUIPlugin:80 - create IPUIPlugin
2026-03-19 03:36:01,237 [INFO] IPUIPlugin:80 - create IPUIPlugin
2026-03-19 03:36:01,237 [INFO] IPUIPlugin:80 - create IPUIPlugin
2026-03-19 03:36:01,237 [INFO] IPUIPlugin:80 - create IPUIPlugin
2026-03-19 03:36:01,237 [INFO] IPUIPlugin:80 - create IPUIPlugin
2026-03-19 03:36:01,237 [INFO] IPUIPlugin:80 - create IPUIPlugin
2026-03-19 03:36:01,238 [INFO] IPUIPlugin:80 - create IPUIPlugin
2026-03-19 03:36:01,238 [INFO] IPUIPlugin:80 - create IPUIPlugin
2026-03-19 03:36:01,238 [INFO] IPUIPlugin:80 - create IPUIPlugin
2026-03-19 03:36:01,238 [INFO] IPUIPlugin:80 - create IPUIPlugin
2026-03-19 03:36:01,239 [INFO] IPUIPlugin:80 - create IPUIPlugin
2026-03-19 03:36:01,239 [INFO] IPUIPlugin:80 - create IPUIPlugin
2026-03-19 03:36:01,239 [INFO] IPUIPlugin:80 - create IPUIPlugin
2026-03-19 03:36:01,239 [INFO] IPUIPlugin:80 - create IPUIPlugin
2026-03-19 03:36:01,239 [INFO] IPUIPlugin:80 - create IPUIPlugin
2026-03-19 03:36:01,240 [INFO] IPUIPlugin:80 - create IPUIPlugin
2026-03-19 03:36:01,240 [INFO] IPUIPlugin:80 - create IPUIPlugin
2026-03-19 03:36:01,240 [INFO] IPUIPlugin:80 - create IPUIPlugin
2026-03-19 03:36:01,242 [INFO] IPUIPlugin:80 - create IPUIPlugin
2026-03-19 03:36:01,242 [INFO] IPUIPlugin:80 - create IPUIPlugin
2026-03-19 03:36:01,242 [INFO] IPUIPlugin:80 - create IPUIPlugin
2026-03-19 03:36:01,243 [INFO] IPUIPlugin:80 - create IPUIPlugin
2026-03-19 03:36:01,243 [INFO] IPUIPlugin:80 - create IPUIPlugin
2026-03-19 03:36:01,246 [INFO] ApiDbMcu:508 - Load IP Config File for PDM2PCM
2026-03-19 03:36:01,246 [WARN] IP:2120 - I2C_Coeff_DF not found: check if there is a RefParameter without a condition.
2026-03-19 03:36:01,247 [WARN] IP:2120 - Analog_Filter not found: check if there is a RefParameter without a condition.
2026-03-19 03:36:01,254 [WARN] FreeRTOS:1023 - Null or empty value: should not occur! (nothing added to the table)
2026-03-19 03:36:01,314 [INFO] CADModel:165 - CPN selected for project levelSTM32F411CEU6
2026-03-19 03:36:01,314 [INFO] CADModel:114 - Register for checkConnection events
2026-03-19 03:36:01,315 [INFO] RtosManager:697 - Active RTOS found at IOC load: FREERTOS [Cortex-M4NS]
2026-03-19 03:36:01,377 [INFO] OpenFileManager:343 - Restore cursor
2026-03-19 03:36:01,513 [WARN] IP:2120 - tgfx_framebuffer_stride_value_custom not found: check if there is a RefParameter without a condition.
2026-03-19 03:36:01,515 [WARN] IP:2120 - tgfx_framebuffer_stride_value_custom not found: check if there is a RefParameter without a condition.
2026-03-19 03:36:01,539 [WARN] IP:2120 - I2C_Coeff_DF not found: check if there is a RefParameter without a condition.
2026-03-19 03:36:01,539 [WARN] IP:2120 - Analog_Filter not found: check if there is a RefParameter without a condition.
2026-03-19 03:36:01,539 [WARN] IP:2120 - I2C_Coeff_DF not found: check if there is a RefParameter without a condition.
2026-03-19 03:36:01,539 [WARN] IP:2120 - Analog_Filter not found: check if there is a RefParameter without a condition.
2026-03-19 03:36:16,508 [INFO] NvicIntPanel:101 - NVIC parent = com.st.microxplorer.plugins.ip.nvic.MultiNvicIntPanel[,0,0,0x0,invalid,layout=javax.swing.BoxLayout,alignmentX=0.0,alignmentY=0.0,border=,flags=9,maximumSize=,minimumSize=,preferredSize=]
2026-03-19 03:36:22,690 [INFO] NvicIntPanel:101 - NVIC parent = com.st.microxplorer.plugins.ip.nvic.MultiNvicIntPanel[,0,0,0x0,invalid,layout=javax.swing.BoxLayout,alignmentX=0.0,alignmentY=0.0,border=,flags=9,maximumSize=,minimumSize=,preferredSize=]
2026-03-19 03:36:29,326 [INFO] NvicIntPanel:101 - NVIC parent = com.st.microxplorer.plugins.ip.nvic.MultiNvicIntPanel[,0,0,0x0,invalid,layout=javax.swing.BoxLayout,alignmentX=0.0,alignmentY=0.0,border=,flags=9,maximumSize=,minimumSize=,preferredSize=]
2026-03-19 03:36:32,936 [INFO] UtilMem:75 - End SaveConfig() Used Memory: 799796032 Bytes (1073741824)
2026-03-19 03:36:33,812 [INFO] UtilMem:75 - End SaveConfig() Used Memory: 883521696 Bytes (1073741824)
2026-03-19 03:36:35,182 [INFO] BlockDiagram:2759 - set Specific Code input for plugin: SPI
2026-03-19 03:36:35,182 [INFO] BlockDiagram:2759 - set Specific Code input for plugin: SPI
2026-03-19 03:36:35,182 [INFO] BlockDiagram:2759 - set Specific Code input for plugin: NVIC
2026-03-19 03:36:35,182 [INFO] BlockDiagram:2759 - set Specific Code input for plugin: FREERTOS
2026-03-19 03:36:35,182 [INFO] BlockDiagram:2759 - set Specific Code input for plugin: USART
2026-03-19 03:36:35,182 [INFO] BlockDiagram:2759 - set Specific Code input for plugin: DMA
2026-03-19 03:36:35,182 [INFO] BlockDiagram:2759 - set Specific Code input for plugin: STMicroelectronics.X-CUBE-TOUCHGFX.4.26.0
2026-03-19 03:36:35,182 [INFO] BlockDiagram:2759 - set Specific Code input for plugin: TIM1_8
2026-03-19 03:36:35,182 [INFO] BlockDiagram:2759 - set Specific Code input for plugin: SYS
2026-03-19 03:36:35,182 [INFO] BlockDiagram:2759 - set Specific Code input for plugin: GPIO
2026-03-19 03:36:35,182 [INFO] BlockDiagram:2759 - set Specific Code input for plugin: RCC
2026-03-19 03:36:35,182 [INFO] BlockDiagram:2759 - set Specific Code input for plugin: CRC
2026-03-19 03:36:35,182 [INFO] BlockDiagram:2759 - set Specific Code input for plugin: I2C
2026-03-19 03:36:35,183 [WARN] IP:2120 - tgfx_framebuffer_stride_value_custom not found: check if there is a RefParameter without a condition.
2026-03-19 03:36:35,187 [INFO] CodeGenerator:807 - code generatio: config db path: D:\Documentos\Electronica\Nueva carpeta\STM32CubeIDE_1.15.0\STM32CubeIDE\plugins\com.st.stm32cube.common.mx_6.11.0.202403141607\\db\
2026-03-19 03:36:35,190 [WARN] IP:2120 - I2C_Coeff_DF not found: check if there is a RefParameter without a condition.
2026-03-19 03:36:35,190 [WARN] IP:2120 - Analog_Filter not found: check if there is a RefParameter without a condition.
2026-03-19 03:36:35,196 [INFO] Argument:325 - Argument : hdmavalue: null
2026-03-19 03:36:35,196 [INFO] Argument:327 - 	 sub Args: 
2026-03-19 03:36:35,196 [INFO] Argument:325 - Argument : Instancevalue: DMA2_Stream2
2026-03-19 03:36:35,196 [INFO] Argument:335 - Argument : Instancevalue: DMA2_Stream2
2026-03-19 03:36:35,196 [INFO] Argument:325 - Argument : Initvalue: null
2026-03-19 03:36:35,196 [INFO] Argument:327 - 	 sub Args: 
2026-03-19 03:36:35,196 [INFO] Argument:325 - Argument : Channelvalue: DMA_CHANNEL_2
2026-03-19 03:36:35,196 [INFO] Argument:335 - Argument : Channelvalue: DMA_CHANNEL_2
2026-03-19 03:36:35,196 [INFO] Argument:325 - Argument : Directionvalue: DMA_MEMORY_TO_PERIPH
2026-03-19 03:36:35,196 [INFO] Argument:335 - Argument : Directionvalue: DMA_MEMORY_TO_PERIPH
2026-03-19 03:36:35,196 [INFO] Argument:325 - Argument : PeriphIncvalue: DMA_PINC_DISABLE
2026-03-19 03:36:35,196 [INFO] Argument:335 - Argument : PeriphIncvalue: DMA_PINC_DISABLE
2026-03-19 03:36:35,196 [INFO] Argument:325 - Argument : MemIncvalue: DMA_MINC_ENABLE
2026-03-19 03:36:35,196 [INFO] Argument:335 - Argument : MemIncvalue: DMA_MINC_ENABLE
2026-03-19 03:36:35,196 [INFO] Argument:325 - Argument : PeriphDataAlignmentvalue: DMA_PDATAALIGN_BYTE
2026-03-19 03:36:35,196 [INFO] Argument:335 - Argument : PeriphDataAlignmentvalue: DMA_PDATAALIGN_BYTE
2026-03-19 03:36:35,196 [INFO] Argument:325 - Argument : MemDataAlignmentvalue: DMA_MDATAALIGN_BYTE
2026-03-19 03:36:35,196 [INFO] Argument:335 - Argument : MemDataAlignmentvalue: DMA_MDATAALIGN_BYTE
2026-03-19 03:36:35,196 [INFO] Argument:325 - Argument : Modevalue: DMA_NORMAL
2026-03-19 03:36:35,196 [INFO] Argument:335 - Argument : Modevalue: DMA_NORMAL
2026-03-19 03:36:35,196 [INFO] Argument:325 - Argument : Priorityvalue: DMA_PRIORITY_LOW
2026-03-19 03:36:35,196 [INFO] Argument:335 - Argument : Priorityvalue: DMA_PRIORITY_LOW
2026-03-19 03:36:35,196 [INFO] Argument:325 - Argument : FIFOModevalue: DMA_FIFOMODE_ENABLE
2026-03-19 03:36:35,196 [INFO] Argument:335 - Argument : FIFOModevalue: DMA_FIFOMODE_ENABLE
2026-03-19 03:36:35,196 [INFO] Argument:325 - Argument : FIFOThresholdvalue: DMA_FIFO_THRESHOLD_FULL
2026-03-19 03:36:35,196 [INFO] Argument:335 - Argument : FIFOThresholdvalue: DMA_FIFO_THRESHOLD_FULL
2026-03-19 03:36:35,196 [INFO] Argument:325 - Argument : MemBurstvalue: DMA_MBURST_SINGLE
2026-03-19 03:36:35,196 [INFO] Argument:335 - Argument : MemBurstvalue: DMA_MBURST_SINGLE
2026-03-19 03:36:35,196 [INFO] Argument:325 - Argument : PeriphBurstvalue: DMA_PBURST_SINGLE
2026-03-19 03:36:35,196 [INFO] Argument:335 - Argument : PeriphBurstvalue: DMA_PBURST_SINGLE
2026-03-19 03:36:35,197 [INFO] Argument:325 - Argument : Lockvalue: null
2026-03-19 03:36:35,197 [INFO] Argument:335 - Argument : Lockvalue: null
2026-03-19 03:36:35,197 [INFO] Argument:325 - Argument : Statevalue: null
2026-03-19 03:36:35,197 [INFO] Argument:335 - Argument : Statevalue: null
2026-03-19 03:36:35,197 [INFO] Argument:325 - Argument : Parentvalue: null
2026-03-19 03:36:35,197 [INFO] Argument:335 - Argument : Parentvalue: null
2026-03-19 03:36:35,197 [INFO] Argument:325 - Argument : XferCpltCallbackvalue: null
2026-03-19 03:36:35,197 [INFO] Argument:335 - Argument : XferCpltCallbackvalue: null
2026-03-19 03:36:35,197 [INFO] Argument:325 - Argument : XferHalfCpltCallbackvalue: null
2026-03-19 03:36:35,197 [INFO] Argument:335 - Argument : XferHalfCpltCallbackvalue: null
2026-03-19 03:36:35,197 [INFO] Argument:325 - Argument : XferM1CpltCallbackvalue: null
2026-03-19 03:36:35,197 [INFO] Argument:335 - Argument : XferM1CpltCallbackvalue: null
2026-03-19 03:36:35,197 [INFO] Argument:325 - Argument : XferErrorCallbackvalue: null
2026-03-19 03:36:35,197 [INFO] Argument:335 - Argument : XferErrorCallbackvalue: null
2026-03-19 03:36:35,197 [INFO] Argument:325 - Argument : ErrorCodevalue: null
2026-03-19 03:36:35,197 [INFO] Argument:335 - Argument : ErrorCodevalue: null
2026-03-19 03:36:35,198 [WARN] IP:2120 - tgfx_framebuffer_stride_value_custom not found: check if there is a RefParameter without a condition.
2026-03-19 03:36:35,201 [INFO] Argument:325 - Argument : hdmavalue: null
2026-03-19 03:36:35,201 [INFO] Argument:327 - 	 sub Args: 
2026-03-19 03:36:35,201 [INFO] Argument:325 - Argument : Instancevalue: DMA2_Stream5
2026-03-19 03:36:35,201 [INFO] Argument:335 - Argument : Instancevalue: DMA2_Stream5
2026-03-19 03:36:35,201 [INFO] Argument:325 - Argument : Initvalue: null
2026-03-19 03:36:35,201 [INFO] Argument:327 - 	 sub Args: 
2026-03-19 03:36:35,201 [INFO] Argument:325 - Argument : Channelvalue: DMA_CHANNEL_4
2026-03-19 03:36:35,202 [INFO] Argument:335 - Argument : Channelvalue: DMA_CHANNEL_4
2026-03-19 03:36:35,202 [INFO] Argument:325 - Argument : Directionvalue: DMA_PERIPH_TO_MEMORY
2026-03-19 03:36:35,202 [INFO] Argument:335 - Argument : Directionvalue: DMA_PERIPH_TO_MEMORY
2026-03-19 03:36:35,202 [INFO] Argument:325 - Argument : PeriphIncvalue: DMA_PINC_DISABLE
2026-03-19 03:36:35,202 [INFO] Argument:335 - Argument : PeriphIncvalue: DMA_PINC_DISABLE
2026-03-19 03:36:35,202 [INFO] Argument:325 - Argument : MemIncvalue: DMA_MINC_ENABLE
2026-03-19 03:36:35,202 [INFO] Argument:335 - Argument : MemIncvalue: DMA_MINC_ENABLE
2026-03-19 03:36:35,202 [INFO] Argument:325 - Argument : PeriphDataAlignmentvalue: DMA_PDATAALIGN_BYTE
2026-03-19 03:36:35,202 [INFO] Argument:335 - Argument : PeriphDataAlignmentvalue: DMA_PDATAALIGN_BYTE
2026-03-19 03:36:35,202 [INFO] Argument:325 - Argument : MemDataAlignmentvalue: DMA_MDATAALIGN_BYTE
2026-03-19 03:36:35,202 [INFO] Argument:335 - Argument : MemDataAlignmentvalue: DMA_MDATAALIGN_BYTE
2026-03-19 03:36:35,202 [INFO] Argument:325 - Argument : Modevalue: DMA_CIRCULAR
2026-03-19 03:36:35,202 [INFO] Argument:335 - Argument : Modevalue: DMA_CIRCULAR
2026-03-19 03:36:35,202 [INFO] Argument:325 - Argument : Priorityvalue: DMA_PRIORITY_LOW
2026-03-19 03:36:35,202 [INFO] Argument:335 - Argument : Priorityvalue: DMA_PRIORITY_LOW
2026-03-19 03:36:35,202 [INFO] Argument:325 - Argument : FIFOModevalue: DMA_FIFOMODE_DISABLE
2026-03-19 03:36:35,202 [INFO] Argument:335 - Argument : FIFOModevalue: DMA_FIFOMODE_DISABLE
2026-03-19 03:36:35,202 [INFO] Argument:325 - Argument : FIFOThresholdvalue: null
2026-03-19 03:36:35,202 [INFO] Argument:335 - Argument : FIFOThresholdvalue: null
2026-03-19 03:36:35,202 [INFO] Argument:325 - Argument : MemBurstvalue: null
2026-03-19 03:36:35,202 [INFO] Argument:335 - Argument : MemBurstvalue: null
2026-03-19 03:36:35,202 [INFO] Argument:325 - Argument : PeriphBurstvalue: null
2026-03-19 03:36:35,202 [INFO] Argument:335 - Argument : PeriphBurstvalue: null
2026-03-19 03:36:35,202 [INFO] Argument:325 - Argument : Lockvalue: null
2026-03-19 03:36:35,202 [INFO] Argument:335 - Argument : Lockvalue: null
2026-03-19 03:36:35,202 [INFO] Argument:325 - Argument : Statevalue: null
2026-03-19 03:36:35,202 [INFO] Argument:335 - Argument : Statevalue: null
2026-03-19 03:36:35,202 [INFO] Argument:325 - Argument : Parentvalue: null
2026-03-19 03:36:35,202 [INFO] Argument:335 - Argument : Parentvalue: null
2026-03-19 03:36:35,202 [INFO] Argument:325 - Argument : XferCpltCallbackvalue: null
2026-03-19 03:36:35,202 [INFO] Argument:335 - Argument : XferCpltCallbackvalue: null
2026-03-19 03:36:35,202 [INFO] Argument:325 - Argument : XferHalfCpltCallbackvalue: null
2026-03-19 03:36:35,202 [INFO] Argument:335 - Argument : XferHalfCpltCallbackvalue: null
2026-03-19 03:36:35,202 [INFO] Argument:325 - Argument : XferM1CpltCallbackvalue: null
2026-03-19 03:36:35,202 [INFO] Argument:335 - Argument : XferM1CpltCallbackvalue: null
2026-03-19 03:36:35,202 [INFO] Argument:325 - Argument : XferErrorCallbackvalue: null
2026-03-19 03:36:35,202 [INFO] Argument:335 - Argument : XferErrorCallbackvalue: null
2026-03-19 03:36:35,202 [INFO] Argument:325 - Argument : ErrorCodevalue: null
2026-03-19 03:36:35,202 [INFO] Argument:335 - Argument : ErrorCodevalue: null
2026-03-19 03:36:35,269 [INFO] IP:3348 - RTE Config file name : RTE_Component
2026-03-19 03:36:35,269 [INFO] IP:3366 - RTE template : RTE_Components.ftl
2026-03-19 03:36:35,281 [INFO] CodeEngine:255 - oldGeneratedFile, C:\git\VehiculoTT\HMITT\MXTmpFiles\license.tmp_save
2026-03-19 03:36:35,361 [INFO] CodeEngine:279 - Generated code: C:\git\VehiculoTT\HMITT\MXTmpFiles\license.tmp
2026-03-19 03:36:35,400 [INFO] CodeEngine:255 - oldGeneratedFile, C:\git\VehiculoTT\HMITT\MXTmpFiles\gpio.tmp_save
2026-03-19 03:36:35,471 [INFO] CodeEngine:279 - Generated code: C:\git\VehiculoTT\HMITT\MXTmpFiles\gpio.tmp
2026-03-19 03:36:35,825 [INFO] Middleware:1439 - No code input for Bsp Dependency
2026-03-19 03:36:35,837 [INFO] CodeEngine:255 - oldGeneratedFile, C:\git\VehiculoTT\HMITT\MXTmpFiles\rtos_inc.tmp_save
2026-03-19 03:36:35,905 [INFO] CodeEngine:279 - Generated code: C:\git\VehiculoTT\HMITT\MXTmpFiles\rtos_inc.tmp
2026-03-19 03:36:35,912 [INFO] CodeEngine:255 - oldGeneratedFile, C:\git\VehiculoTT\HMITT\MXTmpFiles\rtos_kernelInit.tmp_save
2026-03-19 03:36:35,968 [INFO] CodeEngine:279 - Generated code: C:\git\VehiculoTT\HMITT\MXTmpFiles\rtos_kernelInit.tmp
2026-03-19 03:36:35,974 [INFO] CodeEngine:255 - oldGeneratedFile, C:\git\VehiculoTT\HMITT\MXTmpFiles\rtos_kernelStart.tmp_save
2026-03-19 03:36:36,030 [INFO] CodeEngine:279 - Generated code: C:\git\VehiculoTT\HMITT\MXTmpFiles\rtos_kernelStart.tmp
2026-03-19 03:36:36,036 [INFO] CodeEngine:255 - oldGeneratedFile, C:\git\VehiculoTT\HMITT\MXTmpFiles\rtos_typedefs.tmp_save
2026-03-19 03:36:36,088 [INFO] CodeEngine:279 - Generated code: C:\git\VehiculoTT\HMITT\MXTmpFiles\rtos_typedefs.tmp
2026-03-19 03:36:36,094 [INFO] CodeEngine:255 - oldGeneratedFile, C:\git\VehiculoTT\HMITT\MXTmpFiles\rtos_vars.tmp_save
2026-03-19 03:36:36,156 [INFO] CodeEngine:279 - Generated code: C:\git\VehiculoTT\HMITT\MXTmpFiles\rtos_vars.tmp
2026-03-19 03:36:36,163 [INFO] CodeEngine:255 - oldGeneratedFile, C:\git\VehiculoTT\HMITT\MXTmpFiles\rtos_pfp.tmp_save
2026-03-19 03:36:36,215 [INFO] CodeEngine:279 - Generated code: C:\git\VehiculoTT\HMITT\MXTmpFiles\rtos_pfp.tmp
2026-03-19 03:36:36,222 [INFO] CodeEngine:255 - oldGeneratedFile, C:\git\VehiculoTT\HMITT\MXTmpFiles\rtos_obj_creat.tmp_save
2026-03-19 03:36:36,282 [INFO] CodeEngine:279 - Generated code: C:\git\VehiculoTT\HMITT\MXTmpFiles\rtos_obj_creat.tmp
2026-03-19 03:36:36,289 [INFO] CodeEngine:255 - oldGeneratedFile, C:\git\VehiculoTT\HMITT\MXTmpFiles\rtos_default_thread.tmp_save
2026-03-19 03:36:36,342 [INFO] CodeEngine:279 - Generated code: C:\git\VehiculoTT\HMITT\MXTmpFiles\rtos_default_thread.tmp
2026-03-19 03:36:36,348 [INFO] CodeEngine:255 - oldGeneratedFile, C:\git\VehiculoTT\HMITT\MXTmpFiles\rtos_threads.tmp_save
2026-03-19 03:36:36,401 [INFO] CodeEngine:279 - Generated code: C:\git\VehiculoTT\HMITT\MXTmpFiles\rtos_threads.tmp
2026-03-19 03:36:36,407 [INFO] Middleware:1439 - No code input for Bsp Dependency
2026-03-19 03:36:36,408 [INFO] IP:3348 - RTE Config file name : RTE_Component
2026-03-19 03:36:36,408 [INFO] IP:3366 - RTE template : RTE_Components.ftl
2026-03-19 03:36:36,418 [INFO] CodeEngine:255 - oldGeneratedFile, C:\git\VehiculoTT\HMITT\MXTmpFiles\SCB_CleanInvalidateDCache.tmp_save
2026-03-19 03:36:36,481 [INFO] CodeEngine:279 - Generated code: C:\git\VehiculoTT\HMITT\MXTmpFiles\SCB_CleanInvalidateDCache.tmp
2026-03-19 03:36:36,489 [INFO] CodeEngine:255 - oldGeneratedFile, C:\git\VehiculoTT\HMITT\MXTmpFiles\SCB_InvalidateDCache.tmp_save
2026-03-19 03:36:36,543 [INFO] CodeEngine:279 - Generated code: C:\git\VehiculoTT\HMITT\MXTmpFiles\SCB_InvalidateDCache.tmp
2026-03-19 03:36:36,551 [INFO] CodeEngine:255 - oldGeneratedFile, C:\git\VehiculoTT\HMITT\MXTmpFiles\touchgfx_license.tmp_save
2026-03-19 03:36:36,606 [INFO] CodeEngine:279 - Generated code: C:\git\VehiculoTT\HMITT\MXTmpFiles\touchgfx_license.tmp
2026-03-19 03:36:36,613 [INFO] CodeEngine:255 - oldGeneratedFile, C:\git\VehiculoTT\HMITT\MXTmpFiles\touchgfx_gen_license.tmp_save
2026-03-19 03:36:36,666 [INFO] CodeEngine:279 - Generated code: C:\git\VehiculoTT\HMITT\MXTmpFiles\touchgfx_gen_license.tmp
2026-03-19 03:36:36,673 [INFO] CodeEngine:255 - oldGeneratedFile, C:\git\VehiculoTT\HMITT\MXTmpFiles\oswrappers_cmsis.tmp_save
2026-03-19 03:36:36,739 [INFO] CodeEngine:279 - Generated code: C:\git\VehiculoTT\HMITT\MXTmpFiles\oswrappers_cmsis.tmp
2026-03-19 03:36:36,752 [INFO] Middleware:1439 - No code input for Bsp Dependency
2026-03-19 03:36:36,769 [INFO] CodeEngine:255 - oldGeneratedFile, C:\git\VehiculoTT\HMITT\MXTmpFiles\rtos_inc.tmp_save
2026-03-19 03:36:36,838 [INFO] CodeEngine:279 - Generated code: C:\git\VehiculoTT\HMITT\MXTmpFiles\rtos_inc.tmp
2026-03-19 03:36:36,849 [INFO] CodeEngine:255 - oldGeneratedFile, C:\git\VehiculoTT\HMITT\MXTmpFiles\rtos_kernelInit.tmp_save
2026-03-19 03:36:36,904 [INFO] CodeEngine:279 - Generated code: C:\git\VehiculoTT\HMITT\MXTmpFiles\rtos_kernelInit.tmp
2026-03-19 03:36:36,915 [INFO] CodeEngine:255 - oldGeneratedFile, C:\git\VehiculoTT\HMITT\MXTmpFiles\rtos_kernelStart.tmp_save
2026-03-19 03:36:36,973 [INFO] CodeEngine:279 - Generated code: C:\git\VehiculoTT\HMITT\MXTmpFiles\rtos_kernelStart.tmp
2026-03-19 03:36:36,984 [INFO] CodeEngine:255 - oldGeneratedFile, C:\git\VehiculoTT\HMITT\MXTmpFiles\rtos_typedefs.tmp_save
2026-03-19 03:36:37,040 [INFO] CodeEngine:279 - Generated code: C:\git\VehiculoTT\HMITT\MXTmpFiles\rtos_typedefs.tmp
2026-03-19 03:36:37,064 [INFO] CodeEngine:255 - oldGeneratedFile, C:\git\VehiculoTT\HMITT\MXTmpFiles\rtos_vars.tmp_save
2026-03-19 03:36:37,132 [INFO] CodeEngine:279 - Generated code: C:\git\VehiculoTT\HMITT\MXTmpFiles\rtos_vars.tmp
2026-03-19 03:36:37,144 [INFO] CodeEngine:255 - oldGeneratedFile, C:\git\VehiculoTT\HMITT\MXTmpFiles\rtos_pfp.tmp_save
2026-03-19 03:36:37,205 [INFO] CodeEngine:279 - Generated code: C:\git\VehiculoTT\HMITT\MXTmpFiles\rtos_pfp.tmp
2026-03-19 03:36:37,223 [INFO] CodeEngine:255 - oldGeneratedFile, C:\git\VehiculoTT\HMITT\MXTmpFiles\rtos_obj_creat.tmp_save
2026-03-19 03:36:37,285 [INFO] CodeEngine:279 - Generated code: C:\git\VehiculoTT\HMITT\MXTmpFiles\rtos_obj_creat.tmp
2026-03-19 03:36:37,298 [INFO] CodeEngine:255 - oldGeneratedFile, C:\git\VehiculoTT\HMITT\MXTmpFiles\rtos_default_thread.tmp_save
2026-03-19 03:36:37,353 [INFO] CodeEngine:279 - Generated code: C:\git\VehiculoTT\HMITT\MXTmpFiles\rtos_default_thread.tmp
2026-03-19 03:36:37,364 [INFO] CodeEngine:255 - oldGeneratedFile, C:\git\VehiculoTT\HMITT\MXTmpFiles\rtos_threads.tmp_save
2026-03-19 03:36:37,434 [INFO] CodeEngine:279 - Generated code: C:\git\VehiculoTT\HMITT\MXTmpFiles\rtos_threads.tmp
2026-03-19 03:36:37,456 [INFO] CodeEngine:255 - oldGeneratedFile, C:\git\VehiculoTT\HMITT\Core\Inc\FreeRTOSConfig.h_save
2026-03-19 03:36:37,529 [INFO] CodeEngine:279 - Generated code: C:\git\VehiculoTT\HMITT\Core\Inc\FreeRTOSConfig.h
2026-03-19 03:36:37,546 [INFO] CodeEngine:255 - oldGeneratedFile, C:\git\VehiculoTT\HMITT\Core\Src\freertos.c_save
2026-03-19 03:36:37,615 [INFO] CodeEngine:279 - Generated code: C:\git\VehiculoTT\HMITT\Core\Src\freertos.c
2026-03-19 03:36:37,660 [INFO] CodeEngine:255 - oldGeneratedFile, C:\git\VehiculoTT\HMITT\MXTmpFiles\dma.tmp_save
2026-03-19 03:36:37,748 [INFO] CodeEngine:279 - Generated code: C:\git\VehiculoTT\HMITT\MXTmpFiles\dma.tmp
2026-03-19 03:36:37,754 [INFO] CodeEngine:255 - oldGeneratedFile, C:\git\VehiculoTT\HMITT\MXTmpFiles\dma_GV.tmp_save
2026-03-19 03:36:37,806 [INFO] CodeEngine:279 - Generated code: C:\git\VehiculoTT\HMITT\MXTmpFiles\dma_GV.tmp
2026-03-19 03:36:37,823 [INFO] Middleware:1439 - No code input for Bsp Dependency
2026-03-19 03:36:37,823 [INFO] IP:3348 - RTE Config file name : RTE_Component
2026-03-19 03:36:37,823 [INFO] IP:3366 - RTE template : RTE_Components.ftl
2026-03-19 03:36:37,843 [INFO] CodeEngine:255 - oldGeneratedFile, C:\git\VehiculoTT\HMITT\MXTmpFiles\SCB_CleanInvalidateDCache.tmp_save
2026-03-19 03:36:37,928 [INFO] CodeEngine:279 - Generated code: C:\git\VehiculoTT\HMITT\MXTmpFiles\SCB_CleanInvalidateDCache.tmp
2026-03-19 03:36:37,942 [INFO] CodeEngine:255 - oldGeneratedFile, C:\git\VehiculoTT\HMITT\MXTmpFiles\SCB_InvalidateDCache.tmp_save
2026-03-19 03:36:38,017 [INFO] CodeEngine:279 - Generated code: C:\git\VehiculoTT\HMITT\MXTmpFiles\SCB_InvalidateDCache.tmp
2026-03-19 03:36:38,032 [INFO] CodeEngine:255 - oldGeneratedFile, C:\git\VehiculoTT\HMITT\MXTmpFiles\touchgfx_license.tmp_save
2026-03-19 03:36:38,109 [INFO] CodeEngine:279 - Generated code: C:\git\VehiculoTT\HMITT\MXTmpFiles\touchgfx_license.tmp
2026-03-19 03:36:38,125 [INFO] CodeEngine:255 - oldGeneratedFile, C:\git\VehiculoTT\HMITT\MXTmpFiles\touchgfx_gen_license.tmp_save
2026-03-19 03:36:38,201 [INFO] CodeEngine:279 - Generated code: C:\git\VehiculoTT\HMITT\MXTmpFiles\touchgfx_gen_license.tmp
2026-03-19 03:36:38,246 [INFO] CodeEngine:255 - oldGeneratedFile, C:\git\VehiculoTT\HMITT\MXTmpFiles\oswrappers_cmsis.tmp_save
2026-03-19 03:36:38,321 [INFO] CodeEngine:279 - Generated code: C:\git\VehiculoTT\HMITT\MXTmpFiles\oswrappers_cmsis.tmp
2026-03-19 03:36:38,335 [INFO] CodeEngine:255 - oldGeneratedFile, C:\git\VehiculoTT\HMITT\TouchGFX\App\app_touchgfx.h_save
2026-03-19 03:36:38,413 [INFO] CodeEngine:279 - Generated code: C:\git\VehiculoTT\HMITT\TouchGFX\App\app_touchgfx.h
2026-03-19 03:36:38,424 [INFO] CodeEngine:255 - oldGeneratedFile, C:\git\VehiculoTT\HMITT\TouchGFX\ApplicationTemplate.touchgfx.part_save
2026-03-19 03:36:38,495 [INFO] CodeEngine:279 - Generated code: C:\git\VehiculoTT\HMITT\TouchGFX\ApplicationTemplate.touchgfx.part
2026-03-19 03:36:38,522 [INFO] CodeEngine:255 - oldGeneratedFile, C:\git\VehiculoTT\HMITT\TouchGFX\target\generated\TouchGFXConfiguration.cpp_save
2026-03-19 03:36:38,585 [INFO] CodeEngine:279 - Generated code: C:\git\VehiculoTT\HMITT\TouchGFX\target\generated\TouchGFXConfiguration.cpp
2026-03-19 03:36:38,605 [INFO] CodeEngine:255 - oldGeneratedFile, C:\git\VehiculoTT\HMITT\TouchGFX\target\generated\TouchGFXGeneratedHAL.hpp_save
2026-03-19 03:36:38,673 [INFO] CodeEngine:279 - Generated code: C:\git\VehiculoTT\HMITT\TouchGFX\target\generated\TouchGFXGeneratedHAL.hpp
2026-03-19 03:36:38,691 [INFO] CodeEngine:255 - oldGeneratedFile, C:\git\VehiculoTT\HMITT\TouchGFX\target\generated\TouchGFXGeneratedHAL.cpp_save
2026-03-19 03:36:38,765 [INFO] CodeEngine:279 - Generated code: C:\git\VehiculoTT\HMITT\TouchGFX\target\generated\TouchGFXGeneratedHAL.cpp
2026-03-19 03:36:38,774 [INFO] CodeEngine:255 - oldGeneratedFile, C:\git\VehiculoTT\HMITT\TouchGFX\target\TouchGFXHAL.hpp_save
2026-03-19 03:36:38,841 [INFO] CodeEngine:279 - Generated code: C:\git\VehiculoTT\HMITT\TouchGFX\target\TouchGFXHAL.hpp
2026-03-19 03:36:38,852 [INFO] CodeEngine:255 - oldGeneratedFile, C:\git\VehiculoTT\HMITT\TouchGFX\target\TouchGFXHAL.cpp_save
2026-03-19 03:36:38,922 [INFO] CodeEngine:279 - Generated code: C:\git\VehiculoTT\HMITT\TouchGFX\target\TouchGFXHAL.cpp
2026-03-19 03:36:38,931 [INFO] CodeEngine:255 - oldGeneratedFile, C:\git\VehiculoTT\HMITT\TouchGFX\target\STM32TouchController.hpp_save
2026-03-19 03:36:38,990 [INFO] CodeEngine:279 - Generated code: C:\git\VehiculoTT\HMITT\TouchGFX\target\STM32TouchController.hpp
2026-03-19 03:36:39,004 [INFO] CodeEngine:255 - oldGeneratedFile, C:\git\VehiculoTT\HMITT\TouchGFX\target\STM32TouchController.cpp_save
2026-03-19 03:36:39,065 [INFO] CodeEngine:279 - Generated code: C:\git\VehiculoTT\HMITT\TouchGFX\target\STM32TouchController.cpp
2026-03-19 03:36:39,079 [INFO] CodeEngine:255 - oldGeneratedFile, C:\git\VehiculoTT\HMITT\TouchGFX\target\generated\STM32DMA.hpp_save
2026-03-19 03:36:39,144 [INFO] CodeEngine:279 - Generated code: C:\git\VehiculoTT\HMITT\TouchGFX\target\generated\STM32DMA.hpp
2026-03-19 03:36:39,154 [INFO] CodeEngine:255 - oldGeneratedFile, C:\git\VehiculoTT\HMITT\TouchGFX\target\generated\STM32DMA.cpp_save
2026-03-19 03:36:39,215 [INFO] CodeEngine:279 - Generated code: C:\git\VehiculoTT\HMITT\TouchGFX\target\generated\STM32DMA.cpp
2026-03-19 03:36:39,223 [INFO] CodeEngine:255 - oldGeneratedFile, C:\git\VehiculoTT\HMITT\TouchGFX\target\generated\OSWrappers.cpp_save
2026-03-19 03:36:39,291 [INFO] CodeEngine:279 - Generated code: C:\git\VehiculoTT\HMITT\TouchGFX\target\generated\OSWrappers.cpp
2026-03-19 03:36:39,301 [INFO] CodeEngine:255 - oldGeneratedFile, C:\git\VehiculoTT\HMITT\TouchGFX\target\TouchGFXGPIO.cpp_save
2026-03-19 03:36:39,365 [INFO] CodeEngine:279 - Generated code: C:\git\VehiculoTT\HMITT\TouchGFX\target\TouchGFXGPIO.cpp
2026-03-19 03:36:39,376 [INFO] CodeEngine:255 - oldGeneratedFile, C:\git\VehiculoTT\HMITT\TouchGFX\App\app_touchgfx.c_save
2026-03-19 03:36:39,438 [INFO] CodeEngine:279 - Generated code: C:\git\VehiculoTT\HMITT\TouchGFX\App\app_touchgfx.c
2026-03-19 03:36:39,475 [INFO] CodeEngine:255 - oldGeneratedFile, C:\git\VehiculoTT\HMITT\Core\Src\stm32f4xx_it.c_save
2026-03-19 03:36:39,594 [INFO] CodeEngine:279 - Generated code: C:\git\VehiculoTT\HMITT\Core\Src\stm32f4xx_it.c
2026-03-19 03:36:39,609 [INFO] CodeEngine:255 - oldGeneratedFile, C:\git\VehiculoTT\HMITT\Core\Inc\stm32f4xx_it.h_save
2026-03-19 03:36:39,697 [INFO] CodeEngine:279 - Generated code: C:\git\VehiculoTT\HMITT\Core\Inc\stm32f4xx_it.h
2026-03-19 03:36:39,706 [INFO] IP:3348 - RTE Config file name : RTE_Component
2026-03-19 03:36:39,706 [INFO] IP:3366 - RTE template : RTE_Components.ftl
2026-03-19 03:36:39,706 [INFO] CodeGenerator:2119 - Add RTE Code Input 
2026-03-19 03:36:39,724 [INFO] CodeEngine:255 - oldGeneratedFile, C:\git\VehiculoTT\HMITT\Core\Inc\RTE_Components.h_save
2026-03-19 03:36:39,794 [INFO] CodeEngine:279 - Generated code: C:\git\VehiculoTT\HMITT\Core\Inc\RTE_Components.h
2026-03-19 03:36:39,831 [INFO] CodeEngine:255 - oldGeneratedFile, C:\git\VehiculoTT\HMITT\Core\Src\stm32f4xx_hal_msp.c_save
2026-03-19 03:36:39,973 [INFO] CodeEngine:279 - Generated code: C:\git\VehiculoTT\HMITT\Core\Src\stm32f4xx_hal_msp.c
2026-03-19 03:36:39,984 [INFO] CodeEngine:255 - oldGeneratedFile, C:\git\VehiculoTT\HMITT\MXTmpFiles\system.tmp_save
2026-03-19 03:36:40,045 [INFO] CodeEngine:279 - Generated code: C:\git\VehiculoTT\HMITT\MXTmpFiles\system.tmp
2026-03-19 03:36:40,066 [INFO] CodeEngine:255 - oldGeneratedFile, C:\git\VehiculoTT\HMITT\Core\Src\stm32f4xx_hal_timebase_tim.c_save
2026-03-19 03:36:40,133 [INFO] CodeEngine:279 - Generated code: C:\git\VehiculoTT\HMITT\Core\Src\stm32f4xx_hal_timebase_tim.c
2026-03-19 03:36:40,165 [INFO] CodeEngine:311 - oldGeneratedFile, C:\git\VehiculoTT\HMITT\Core\Inc\stm32f4xx_hal_conf.h_save
2026-03-19 03:36:40,255 [INFO] CodeEngine:335 - Generated code: C:\git\VehiculoTT\HMITT\Core\Inc\stm32f4xx_hal_conf.h
2026-03-19 03:36:40,431 [WARN] IPConfigManager:3513 - IP not found : TIM
2026-03-19 03:36:40,436 [WARN] CodeGenerator:3951 - IP not found : null
2026-03-19 03:36:40,456 [INFO] CodeEngine:255 - oldGeneratedFile, C:\git\VehiculoTT\HMITT\Core\Inc\main.h_save
2026-03-19 03:36:40,526 [INFO] CodeEngine:279 - Generated code: C:\git\VehiculoTT\HMITT\Core\Inc\main.h
2026-03-19 03:36:40,544 [INFO] CodeEngine:255 - oldGeneratedFile, C:\git\VehiculoTT\HMITT\Core\Src\main.c_save
2026-03-19 03:36:40,722 [INFO] CodeEngine:279 - Generated code: C:\git\VehiculoTT\HMITT\Core\Src\main.c
2026-03-19 03:36:41,704 [INFO] ProjectBuilder:3163 - Time for Copy HAL[1] : 678mS.
2026-03-19 03:36:41,704 [ERROR] Middleware:2969 - Invalid RefComponent liste
2026-03-19 03:36:41,704 [ERROR] Middleware:2969 - Invalid RefComponent liste
2026-03-19 03:36:41,704 [ERROR] Middleware:2969 - Invalid RefComponent liste
2026-03-19 03:36:41,704 [ERROR] Middleware:2969 - Invalid RefComponent liste
2026-03-19 03:36:41,704 [ERROR] Middleware:2969 - Invalid RefComponent liste
2026-03-19 03:36:41,704 [ERROR] Middleware:2969 - Invalid RefComponent liste
2026-03-19 03:36:41,704 [ERROR] Middleware:2969 - Invalid RefComponent liste
2026-03-19 03:36:41,704 [ERROR] Middleware:2969 - Invalid RefComponent liste
2026-03-19 03:36:41,704 [ERROR] Middleware:2969 - Invalid RefComponent liste
2026-03-19 03:36:41,704 [ERROR] Middleware:2969 - Invalid RefComponent liste
2026-03-19 03:36:41,704 [ERROR] Middleware:2969 - Invalid RefComponent liste
2026-03-19 03:36:41,704 [ERROR] Middleware:2969 - Invalid RefComponent liste
2026-03-19 03:36:41,704 [ERROR] Middleware:2969 - Invalid RefComponent liste
2026-03-19 03:36:41,704 [ERROR] Middleware:2969 - Invalid RefComponent liste
2026-03-19 03:36:41,704 [ERROR] Middleware:2969 - Invalid RefComponent liste
2026-03-19 03:36:41,704 [ERROR] Middleware:2969 - Invalid RefComponent liste
2026-03-19 03:36:41,704 [ERROR] Middleware:2969 - Invalid RefComponent liste
2026-03-19 03:36:41,704 [ERROR] Middleware:2969 - Invalid RefComponent liste
2026-03-19 03:36:41,704 [ERROR] Middleware:2969 - Invalid RefComponent liste
2026-03-19 03:36:41,704 [ERROR] Middleware:2969 - Invalid RefComponent liste
2026-03-19 03:36:41,704 [ERROR] Middleware:2969 - Invalid RefComponent liste
2026-03-19 03:36:41,704 [ERROR] Middleware:2969 - Invalid RefComponent liste
2026-03-19 03:36:41,704 [ERROR] Middleware:2969 - Invalid RefComponent liste
2026-03-19 03:36:41,704 [ERROR] Middleware:2969 - Invalid RefComponent liste
2026-03-19 03:36:41,704 [ERROR] Middleware:2969 - Invalid RefComponent liste
2026-03-19 03:36:41,704 [ERROR] Middleware:2969 - Invalid RefComponent liste
2026-03-19 03:36:41,704 [ERROR] Middleware:2969 - Invalid RefComponent liste
2026-03-19 03:36:41,704 [ERROR] Middleware:2969 - Invalid RefComponent liste
2026-03-19 03:36:41,704 [ERROR] Middleware:2969 - Invalid RefComponent liste
2026-03-19 03:36:41,704 [ERROR] Middleware:2969 - Invalid RefComponent liste
2026-03-19 03:36:41,704 [ERROR] Middleware:2969 - Invalid RefComponent liste
2026-03-19 03:36:41,704 [ERROR] Middleware:2969 - Invalid RefComponent liste
2026-03-19 03:36:41,704 [ERROR] Middleware:2969 - Invalid RefComponent liste
2026-03-19 03:36:41,704 [ERROR] Middleware:2969 - Invalid RefComponent liste
2026-03-19 03:36:41,704 [ERROR] Middleware:2969 - Invalid RefComponent liste
2026-03-19 03:36:41,704 [ERROR] Middleware:2969 - Invalid RefComponent liste
2026-03-19 03:36:41,704 [ERROR] Middleware:2969 - Invalid RefComponent liste
2026-03-19 03:36:41,704 [ERROR] Middleware:2969 - Invalid RefComponent liste
2026-03-19 03:36:41,704 [ERROR] Middleware:2969 - Invalid RefComponent liste
2026-03-19 03:36:41,704 [ERROR] Middleware:2969 - Invalid RefComponent liste
2026-03-19 03:36:41,704 [ERROR] Middleware:2969 - Invalid RefComponent liste
2026-03-19 03:36:41,704 [ERROR] Middleware:2969 - Invalid RefComponent liste
2026-03-19 03:36:41,704 [ERROR] Middleware:2969 - Invalid RefComponent liste
2026-03-19 03:36:41,705 [ERROR] Middleware:2969 - Invalid RefComponent liste
2026-03-19 03:36:41,705 [ERROR] Middleware:2969 - Invalid RefComponent liste
2026-03-19 03:36:41,705 [ERROR] Middleware:2969 - Invalid RefComponent liste
2026-03-19 03:36:41,705 [ERROR] Middleware:2969 - Invalid RefComponent liste
2026-03-19 03:36:41,705 [ERROR] Middleware:2969 - Invalid RefComponent liste
2026-03-19 03:36:41,705 [ERROR] Middleware:2969 - Invalid RefComponent liste
2026-03-19 03:36:41,705 [ERROR] Middleware:2969 - Invalid RefComponent liste
2026-03-19 03:36:41,705 [ERROR] Middleware:2969 - Invalid RefComponent liste
2026-03-19 03:36:41,705 [ERROR] Middleware:2969 - Invalid RefComponent liste
2026-03-19 03:36:41,705 [ERROR] Middleware:2969 - Invalid RefComponent liste
2026-03-19 03:36:41,705 [ERROR] Middleware:2969 - Invalid RefComponent liste
2026-03-19 03:36:41,705 [ERROR] Middleware:2969 - Invalid RefComponent liste
2026-03-19 03:36:41,705 [ERROR] Middleware:2969 - Invalid RefComponent liste
2026-03-19 03:36:41,705 [ERROR] Middleware:2969 - Invalid RefComponent liste
2026-03-19 03:36:41,705 [ERROR] Middleware:2969 - Invalid RefComponent liste
2026-03-19 03:36:41,705 [ERROR] Middleware:2969 - Invalid RefComponent liste
2026-03-19 03:36:41,705 [ERROR] Middleware:2969 - Invalid RefComponent liste
2026-03-19 03:36:41,705 [ERROR] Middleware:2969 - Invalid RefComponent liste
2026-03-19 03:36:41,705 [ERROR] Middleware:2969 - Invalid RefComponent liste
2026-03-19 03:36:41,705 [ERROR] Middleware:2969 - Invalid RefComponent liste
2026-03-19 03:36:41,705 [ERROR] Middleware:2969 - Invalid RefComponent liste
2026-03-19 03:36:41,705 [ERROR] Middleware:2969 - Invalid RefComponent liste
2026-03-19 03:36:41,705 [ERROR] Middleware:2969 - Invalid RefComponent liste
2026-03-19 03:36:41,705 [ERROR] Middleware:2969 - Invalid RefComponent liste
2026-03-19 03:36:41,705 [ERROR] Middleware:2969 - Invalid RefComponent liste
2026-03-19 03:36:41,705 [ERROR] Middleware:2969 - Invalid RefComponent liste
2026-03-19 03:36:41,705 [ERROR] Middleware:2969 - Invalid RefComponent liste
2026-03-19 03:36:41,705 [ERROR] Middleware:2969 - Invalid RefComponent liste
2026-03-19 03:36:41,705 [ERROR] Middleware:2969 - Invalid RefComponent liste
2026-03-19 03:36:41,705 [ERROR] Middleware:2969 - Invalid RefComponent liste
2026-03-19 03:36:41,705 [ERROR] Middleware:2969 - Invalid RefComponent liste
2026-03-19 03:36:41,705 [ERROR] Middleware:2969 - Invalid RefComponent liste
2026-03-19 03:36:41,705 [ERROR] Middleware:2969 - Invalid RefComponent liste
2026-03-19 03:36:41,705 [ERROR] Middleware:2969 - Invalid RefComponent liste
2026-03-19 03:36:41,705 [ERROR] Middleware:2969 - Invalid RefComponent liste
2026-03-19 03:36:41,705 [ERROR] Middleware:2969 - Invalid RefComponent liste
2026-03-19 03:36:41,706 [ERROR] Middleware:2969 - Invalid RefComponent liste
2026-03-19 03:36:41,706 [ERROR] Middleware:2969 - Invalid RefComponent liste
2026-03-19 03:36:41,706 [ERROR] Middleware:2969 - Invalid RefComponent liste
2026-03-19 03:36:41,706 [ERROR] Middleware:2969 - Invalid RefComponent liste
2026-03-19 03:36:41,706 [ERROR] Middleware:2969 - Invalid RefComponent liste
2026-03-19 03:36:41,706 [ERROR] Middleware:2969 - Invalid RefComponent liste
2026-03-19 03:36:41,706 [ERROR] Middleware:2969 - Invalid RefComponent liste
2026-03-19 03:36:41,706 [ERROR] Middleware:2969 - Invalid RefComponent liste
2026-03-19 03:36:41,706 [ERROR] Middleware:2969 - Invalid RefComponent liste
2026-03-19 03:36:41,706 [ERROR] Middleware:2969 - Invalid RefComponent liste
2026-03-19 03:36:41,706 [ERROR] Middleware:2969 - Invalid RefComponent liste
2026-03-19 03:36:41,706 [ERROR] Middleware:2969 - Invalid RefComponent liste
2026-03-19 03:36:41,706 [ERROR] Middleware:2969 - Invalid RefComponent liste
2026-03-19 03:36:41,706 [ERROR] Middleware:2969 - Invalid RefComponent liste
2026-03-19 03:36:41,706 [ERROR] Middleware:2969 - Invalid RefComponent liste
2026-03-19 03:36:41,706 [ERROR] Middleware:2969 - Invalid RefComponent liste
2026-03-19 03:36:41,706 [ERROR] Middleware:2969 - Invalid RefComponent liste
2026-03-19 03:36:41,706 [ERROR] Middleware:2969 - Invalid RefComponent liste
2026-03-19 03:36:41,706 [ERROR] Middleware:2969 - Invalid RefComponent liste
2026-03-19 03:36:41,706 [ERROR] Middleware:2969 - Invalid RefComponent liste
2026-03-19 03:36:41,706 [ERROR] Middleware:2969 - Invalid RefComponent liste
2026-03-19 03:36:41,706 [ERROR] Middleware:2969 - Invalid RefComponent liste
2026-03-19 03:36:41,706 [ERROR] Middleware:2969 - Invalid RefComponent liste
2026-03-19 03:36:41,723 [INFO] ProjectBuilder:4736 - Project Generator version: 4.3.0-B58
2026-03-19 03:36:41,791 [INFO] ConfigFileManager:1503 - The Die is : DIE431
2026-03-19 03:36:41,793 [INFO] ApiDbMcu:508 - Load IP Config File for FATFS
2026-03-19 03:36:41,795 [INFO] ApiDbMcu:508 - Load IP Config File for LIBJPEG
2026-03-19 03:36:41,798 [INFO] ApiDbMcu:508 - Load IP Config File for MBEDTLS
2026-03-19 03:36:41,804 [INFO] ApiDbMcu:508 - Load IP Config File for USB_DEVICE
2026-03-19 03:36:41,807 [INFO] ApiDbMcu:508 - Load IP Config File for USB_HOST
2026-03-19 03:36:45,036 [INFO] ProjectBuilder:5002 - Time for Generating toolchain IDE Files: 3313mS.
2026-03-19 03:36:45,036 [INFO] ProjectBuilder:3034 - Time for Copy CMSIS : 0mS.
2026-03-19 03:36:45,184 [INFO] ProjectBuilder:3034 - Time for Copy CMSIS : 0mS.
2026-03-19 05:41:55,122 [ERROR] ConfigurationRetriever:142 - IOException on connection: sw-center.st.com
2026-03-19 05:41:55,123 [ERROR] ConfigurationRetriever:142 - IOException on connection: sw-center.st.com
2026-03-19 05:41:55,124 [ERROR] ConfigurationRetriever:142 - IOException on connection: sw-center.st.com
2026-03-19 05:41:59,726 [ERROR] LogOutputStream:75 - [STDERR_REDIRECT] 
2026-03-19 05:41:59,727 [ERROR] LogOutputStream:75 - [STDERR_REDIRECT] 
