2026-07-30 09:39:11,555 [INFO] Activator:176 - 


2026-07-30 09:39:11,571 [INFO] Activator:177 - !SESSION log4j initialized
2026-07-30 09:39:29,008 [INFO] LogOutputStream:77 - [STDOUT_REDIRECT] 
2026-07-30 09:39:38,417 [INFO] ApplicationProperties:184 - Using Application install path: D:\Documentos\Electronica\Nueva carpeta\STM32CubeIDE_1.15.0\STM32CubeIDE\plugins\com.st.stm32cube.common.mx_6.11.0.202403141607
2026-07-30 09:39:38,469 [INFO] DbMcusXml:78 - Set database path to: D:\Documentos\Electronica\Nueva carpeta\STM32CubeIDE_1.15.0\STM32CubeIDE\plugins\com.st.stm32cube.common.mx_6.11.0.202403141607\\db\/mcu/
2026-07-30 09:39:38,471 [INFO] ApiDb:274 - Set plugin database path to: D:\Documentos\Electronica\Nueva carpeta\STM32CubeIDE_1.15.0\STM32CubeIDE\plugins\com.st.stm32cube.common.mx_6.11.0.202403141607\\db\/plugins/boardmanager/
2026-07-30 09:39:38,471 [WARN] ApiDb:259 - Overriding images path with different value:  => D:\Documentos\Electronica\Nueva carpeta\STM32CubeIDE_1.15.0\STM32CubeIDE\plugins\com.st.stm32cube.common.mx_6.11.0.202403141607\\db\/plugins/mcufinder/images/
2026-07-30 09:39:38,566 [INFO] ApiDb:250 - Set database path to: C:\Users\USER\.stmcufinder\plugins\mcufinder//mcu/
2026-07-30 09:39:38,567 [INFO] DbMcusAds:125 - Set database path to: C:\Users\USER\.stmcufinder\plugins\mcufinder//mcu/
2026-07-30 09:39:38,569 [INFO] CrossReferenceDbSqlite:203 - Set database path to: C:\Users\USER\.stmcufinder\plugins\mcufinder//mcu/cs/
2026-07-30 09:39:38,807 [INFO] RulesReader:64 - Compatibility file has been processed (297 Rules)
2026-07-30 09:39:39,380 [INFO] DbMcusXml:78 - Set database path to: D:\Documentos\Electronica\Nueva carpeta\STM32CubeIDE_1.15.0\STM32CubeIDE\plugins\com.st.stm32cube.common.mx_6.11.0.202403141607\\db\/mcu/
2026-07-30 09:39:39,380 [INFO] ApiDb:274 - Set plugin database path to: D:\Documentos\Electronica\Nueva carpeta\STM32CubeIDE_1.15.0\STM32CubeIDE\plugins\com.st.stm32cube.common.mx_6.11.0.202403141607\\db\/plugins/boardmanager/
2026-07-30 09:39:39,381 [INFO] ApiDb:261 - Set plugin images path to: D:\Documentos\Electronica\Nueva carpeta\STM32CubeIDE_1.15.0\STM32CubeIDE\plugins\com.st.stm32cube.common.mx_6.11.0.202403141607\\db\/plugins/mcufinder/images/
2026-07-30 09:39:39,381 [WARN] DbFile:41 - Overriding database path with different value: C:\Users\USER\.stmcufinder\plugins\mcufinder/ => C:\Users\USER\.stmcufinder\plugins\mcufinder
2026-07-30 09:39:39,381 [INFO] ApiDb:250 - Set database path to: C:\Users\USER\.stmcufinder\plugins\mcufinder//mcu/
2026-07-30 09:39:39,381 [WARN] DbFile:41 - Overriding database path with different value: C:\Users\USER\.stmcufinder\plugins\mcufinder/ => C:\Users\USER\.stmcufinder\plugins\mcufinder
2026-07-30 09:39:39,381 [INFO] DbMcusAds:125 - Set database path to: C:\Users\USER\.stmcufinder\plugins\mcufinder//mcu/
2026-07-30 09:39:39,381 [WARN] DbFile:41 - Overriding database path with different value: C:\Users\USER\.stmcufinder\plugins\mcufinder/ => C:\Users\USER\.stmcufinder\plugins\mcufinder
2026-07-30 09:39:39,381 [WARN] DbFile:41 - Overriding database path with different value: C:\Users\USER\.stmcufinder\plugins\mcufinder/ => C:\Users\USER\.stmcufinder\plugins\mcufinder
2026-07-30 09:39:39,381 [INFO] CrossReferenceDbSqlite:203 - Set database path to: C:\Users\USER\.stmcufinder\plugins\mcufinder//mcu/cs/
2026-07-30 09:39:40,045 [INFO] MainPanel:264 - HeapMemory: 268435456
2026-07-30 09:39:40,679 [INFO] DbMcusXml:78 - Set database path to: D:\Documentos\Electronica\Nueva carpeta\STM32CubeIDE_1.15.0\STM32CubeIDE\plugins\com.st.stm32cube.common.mx_6.11.0.202403141607\\db\/mcu/
2026-07-30 09:39:40,679 [INFO] ApiDb:274 - Set plugin database path to: D:\Documentos\Electronica\Nueva carpeta\STM32CubeIDE_1.15.0\STM32CubeIDE\plugins\com.st.stm32cube.common.mx_6.11.0.202403141607\\db\/plugins/boardmanager/
2026-07-30 09:39:40,679 [INFO] ApiDb:261 - Set plugin images path to: D:\Documentos\Electronica\Nueva carpeta\STM32CubeIDE_1.15.0\STM32CubeIDE\plugins\com.st.stm32cube.common.mx_6.11.0.202403141607\\db\/plugins/mcufinder/images/
2026-07-30 09:39:40,679 [WARN] DbFile:41 - Overriding database path with different value: C:\Users\USER\.stmcufinder\plugins\mcufinder/ => C:\Users\USER\.stmcufinder\plugins\mcufinder
2026-07-30 09:39:40,679 [INFO] ApiDb:250 - Set database path to: C:\Users\USER\.stmcufinder\plugins\mcufinder//mcu/
2026-07-30 09:39:40,679 [WARN] DbFile:41 - Overriding database path with different value: C:\Users\USER\.stmcufinder\plugins\mcufinder/ => C:\Users\USER\.stmcufinder\plugins\mcufinder
2026-07-30 09:39:40,679 [INFO] DbMcusAds:125 - Set database path to: C:\Users\USER\.stmcufinder\plugins\mcufinder//mcu/
2026-07-30 09:39:40,679 [WARN] DbFile:41 - Overriding database path with different value: C:\Users\USER\.stmcufinder\plugins\mcufinder/ => C:\Users\USER\.stmcufinder\plugins\mcufinder
2026-07-30 09:39:40,679 [WARN] DbFile:41 - Overriding database path with different value: C:\Users\USER\.stmcufinder\plugins\mcufinder/ => C:\Users\USER\.stmcufinder\plugins\mcufinder
2026-07-30 09:39:40,685 [INFO] CrossReferenceDbSqlite:203 - Set database path to: C:\Users\USER\.stmcufinder\plugins\mcufinder//mcu/cs/
2026-07-30 09:39:40,817 [INFO] ApplicationProperties:184 - Using Application install path: D:\Documentos\Electronica\Nueva carpeta\STM32CubeIDE_1.15.0\STM32CubeIDE\plugins\com.st.stm32cube.common.mx_6.11.0.202403141607
2026-07-30 09:39:40,840 [INFO] PluginManage:196 - Search for loadable plugins [exclusion list=, ]
2026-07-30 09:39:40,844 [INFO] PluginManage:310 - Check plugin analytics
2026-07-30 09:39:41,304 [INFO] AnalyticsPlugin:253 - Accepted Software Licenses: 
2026-07-30 09:39:41,304 [INFO] AnalyticsPlugin:255 - Accepted CMSIS Pack Licenses: STMicroelectronics.X-CUBE-TOUCHGFX.4.26.0,STMicroelectronics.X-CUBE-TOF1.3.4.2
2026-07-30 09:39:41,305 [INFO] AnalyticsPlugin:257 - Accepted Firmware Licenses: FW.F7.1.17.0,FW.H7.1.11.0,FW.F4.1.28.0
2026-07-30 09:39:41,308 [INFO] PluginManage:359 - Loaded plugin analytics (category:tool,tabindex:-1)
2026-07-30 09:39:41,308 [INFO] PluginManage:310 - Check plugin cadmodel
2026-07-30 09:39:41,387 [INFO] CADModel:105 - Init CAD model plugin
2026-07-30 09:39:41,387 [INFO] PluginManage:359 - Loaded plugin cadmodel (category:power,tabindex:5)
2026-07-30 09:39:41,388 [INFO] PluginManage:310 - Check plugin clock
2026-07-30 09:39:41,446 [INFO] PluginManage:359 - Loaded plugin clock (category:base,tabindex:2)
2026-07-30 09:39:41,446 [INFO] PluginManage:310 - Check plugin ddr
2026-07-30 09:39:41,494 [INFO] PluginManage:359 - Loaded plugin ddr (category:tool,tabindex:6)
2026-07-30 09:39:41,494 [INFO] PluginManage:310 - Check plugin filemanager
2026-07-30 09:39:42,019 [INFO] PluginManage:359 - Loaded plugin filemanager (category:base,tabindex:10)
2026-07-30 09:39:42,019 [INFO] PluginManage:310 - Check plugin ipmanager
2026-07-30 09:39:42,090 [INFO] PluginManage:359 - Loaded plugin ipmanager (category:base,tabindex:5)
2026-07-30 09:39:42,090 [INFO] PluginManage:310 - Check plugin lpbam
2026-07-30 09:39:42,160 [INFO] PluginManage:359 - Loaded plugin lpbam (category:base,tabindex:0)
2026-07-30 09:39:42,160 [INFO] PluginManage:310 - Check plugin memorymap
2026-07-30 09:39:42,248 [INFO] PluginManage:359 - Loaded plugin memorymap (category:base,tabindex:4)
2026-07-30 09:39:42,248 [INFO] PluginManage:310 - Check plugin pinoutandconfiguration
2026-07-30 09:39:42,290 [INFO] PluginManage:359 - Loaded plugin pinoutandconfiguration (category:base,tabindex:1)
2026-07-30 09:39:42,290 [INFO] PluginManage:310 - Check plugin pinoutconfig
2026-07-30 09:39:42,546 [WARN] SupportedApi:132 - Cannot load RTOS API schema: s4s-elt-must-match.1: The content of 'definitions' must match (annotation?, (simpleType | complexType)?, (unique | key | keyref)*)). A problem was found starting at: attribute.
2026-07-30 09:39:42,826 [INFO] PluginManage:359 - Loaded plugin pinoutconfig (category:base,tabindex:0)
2026-07-30 09:39:42,826 [INFO] PluginManage:310 - Check plugin power
2026-07-30 09:39:42,925 [INFO] PluginManage:359 - Loaded plugin power (category:power,tabindex:4)
2026-07-30 09:39:42,926 [INFO] PluginManage:310 - Check plugin projectmanager
2026-07-30 09:39:43,007 [INFO] PluginManage:359 - Loaded plugin projectmanager (category:projectmanager,tabindex:3)
2026-07-30 09:39:43,007 [INFO] PluginManage:310 - Check plugin thirdparty
2026-07-30 09:39:43,782 [INFO] PluginManage:359 - Loaded plugin thirdparty (category:base,tabindex:-1)
2026-07-30 09:39:43,782 [WARN] IntegrityCheckThread:84 - waiting for thirdparty lock release [integrity check]
2026-07-30 09:39:43,782 [INFO] IntegrityCheckThread:86 - entering critical section [integrity check]
2026-07-30 09:39:43,782 [INFO] PluginManage:310 - Check plugin tools
2026-07-30 09:39:43,783 [INFO] ThirdPartyUpdaterWithRetryManager:70 - Updater plugin not ready yet. [1/15]
2026-07-30 09:39:43,852 [INFO] PluginManage:359 - Loaded plugin tools (category:base,tabindex:7)
2026-07-30 09:39:43,852 [INFO] PluginManage:310 - Check plugin tutovideos
2026-07-30 09:39:44,311 [INFO] PluginManage:359 - Loaded plugin tutovideos (category:base,tabindex:-1)
2026-07-30 09:39:44,311 [INFO] PluginManage:310 - Check plugin updater
2026-07-30 09:39:44,360 [INFO] PluginManage:359 - Loaded plugin updater (category:base,tabindex:12)
2026-07-30 09:39:44,360 [INFO] PluginManage:310 - Check plugin userauth
2026-07-30 09:39:44,425 [INFO] UserAuth:114 - Init User Auth plugin
2026-07-30 09:39:44,426 [INFO] PluginManage:359 - Loaded plugin userauth (category:base,tabindex:14)
2026-07-30 09:39:44,426 [INFO] PluginManage:283 - PluginManage : Loaded plugins [17]
2026-07-30 09:39:45,454 [INFO] PinOutPanel:1561 - setPackage(No Configuration,No Configuration)
2026-07-30 09:39:45,804 [INFO] CADModel:165 - CPN selected for project level
2026-07-30 09:39:45,804 [INFO] CADModel:114 - Register for checkConnection events
2026-07-30 09:39:45,898 [INFO] IPUIPlugin:80 - create IPUIPlugin
2026-07-30 09:39:45,898 [INFO] PluginManager:220 - loadIPPluginJar : add adc
2026-07-30 09:39:45,962 [INFO] IPUIPlugin:80 - create IPUIPlugin
2026-07-30 09:39:45,962 [INFO] PluginManager:220 - loadIPPluginJar : add aes
2026-07-30 09:39:46,064 [INFO] IPUIPlugin:80 - create IPUIPlugin
2026-07-30 09:39:46,064 [INFO] PluginManager:220 - loadIPPluginJar : add can
2026-07-30 09:39:46,105 [INFO] IPUIPlugin:80 - create IPUIPlugin
2026-07-30 09:39:46,105 [INFO] PluginManager:220 - loadIPPluginJar : add comp
2026-07-30 09:39:46,165 [INFO] IPUIPlugin:80 - create IPUIPlugin
2026-07-30 09:39:46,165 [INFO] PluginManager:220 - loadIPPluginJar : add cryp
2026-07-30 09:39:46,206 [INFO] IPUIPlugin:80 - create IPUIPlugin
2026-07-30 09:39:46,206 [INFO] PluginManager:220 - loadIPPluginJar : add dfsdm
2026-07-30 09:39:46,275 [INFO] IPUIPlugin:80 - create IPUIPlugin
2026-07-30 09:39:46,275 [INFO] PluginManager:220 - loadIPPluginJar : add dma
2026-07-30 09:39:46,347 [INFO] IPUIPlugin:80 - create IPUIPlugin
2026-07-30 09:39:46,347 [INFO] PluginManager:220 - loadIPPluginJar : add dma3
2026-07-30 09:39:46,423 [INFO] IPUIPlugin:80 - create IPUIPlugin
2026-07-30 09:39:46,423 [INFO] PluginManager:220 - loadIPPluginJar : add extmemmanager
2026-07-30 09:39:46,459 [INFO] IPUIPlugin:80 - create IPUIPlugin
2026-07-30 09:39:46,459 [INFO] PluginManager:220 - loadIPPluginJar : add fatfs
2026-07-30 09:39:46,529 [INFO] IPUIPlugin:80 - create IPUIPlugin
2026-07-30 09:39:46,529 [INFO] PluginManager:220 - loadIPPluginJar : add fmc
2026-07-30 09:39:46,568 [INFO] IPUIPlugin:80 - create IPUIPlugin
2026-07-30 09:39:46,569 [INFO] PluginManager:220 - loadIPPluginJar : add freertos
2026-07-30 09:39:46,628 [INFO] IPUIPlugin:80 - create IPUIPlugin
2026-07-30 09:39:46,629 [INFO] PluginManager:220 - loadIPPluginJar : add genericplugin
2026-07-30 09:39:46,784 [INFO] ThirdPartyUpdaterWithRetryManager:70 - Updater plugin not ready yet. [2/15]
2026-07-30 09:39:46,784 [INFO] IPUIPlugin:80 - create IPUIPlugin
2026-07-30 09:39:46,785 [INFO] PluginManager:220 - loadIPPluginJar : add gfxmmu
2026-07-30 09:39:46,981 [INFO] IPUIPlugin:80 - create IPUIPlugin
2026-07-30 09:39:46,981 [INFO] PluginManager:220 - loadIPPluginJar : add gic
2026-07-30 09:39:47,014 [INFO] IPUIPlugin:80 - create IPUIPlugin
2026-07-30 09:39:47,014 [INFO] PluginManager:220 - loadIPPluginJar : add gpio
2026-07-30 09:39:47,150 [INFO] IPUIPlugin:80 - create IPUIPlugin
2026-07-30 09:39:47,150 [INFO] PluginManager:220 - loadIPPluginJar : add gtzc
2026-07-30 09:39:47,206 [INFO] IPUIPlugin:80 - create IPUIPlugin
2026-07-30 09:39:47,206 [INFO] PluginManager:220 - loadIPPluginJar : add hash
2026-07-30 09:39:47,319 [INFO] IPUIPlugin:80 - create IPUIPlugin
2026-07-30 09:39:47,319 [INFO] PluginManager:220 - loadIPPluginJar : add i2c
2026-07-30 09:39:47,371 [INFO] IPUIPlugin:80 - create IPUIPlugin
2026-07-30 09:39:47,371 [INFO] PluginManager:220 - loadIPPluginJar : add i2s
2026-07-30 09:39:47,469 [INFO] IPUIPlugin:80 - create IPUIPlugin
2026-07-30 09:39:47,469 [INFO] PluginManager:220 - loadIPPluginJar : add i3c
2026-07-30 09:39:47,632 [INFO] IPUIPlugin:80 - create IPUIPlugin
2026-07-30 09:39:47,632 [INFO] PluginManager:220 - loadIPPluginJar : add ipddr
2026-07-30 09:39:47,809 [INFO] IPUIPlugin:80 - create IPUIPlugin
2026-07-30 09:39:47,809 [INFO] PluginManager:220 - loadIPPluginJar : add linkedlist
2026-07-30 09:39:47,883 [INFO] IPUIPlugin:80 - create IPUIPlugin
2026-07-30 09:39:47,883 [INFO] PluginManager:220 - loadIPPluginJar : add lorawan
2026-07-30 09:39:47,934 [INFO] IPUIPlugin:80 - create IPUIPlugin
2026-07-30 09:39:47,934 [INFO] PluginManager:220 - loadIPPluginJar : add ltdc
2026-07-30 09:39:47,965 [INFO] IPUIPlugin:80 - create IPUIPlugin
2026-07-30 09:39:47,966 [INFO] PluginManager:220 - loadIPPluginJar : add mdma
2026-07-30 09:39:47,999 [INFO] IPUIPlugin:80 - create IPUIPlugin
2026-07-30 09:39:48,000 [INFO] PluginManager:220 - loadIPPluginJar : add nvic
2026-07-30 09:39:48,055 [INFO] IPUIPlugin:80 - create IPUIPlugin
2026-07-30 09:39:48,055 [INFO] PluginManager:220 - loadIPPluginJar : add opamp
2026-07-30 09:39:48,153 [INFO] IPUIPlugin:80 - create IPUIPlugin
2026-07-30 09:39:48,153 [INFO] PluginManager:220 - loadIPPluginJar : add openamp
2026-07-30 09:39:48,236 [INFO] IPUIPlugin:80 - create IPUIPlugin
2026-07-30 09:39:48,236 [INFO] PluginManager:220 - loadIPPluginJar : add pdm2pcm
2026-07-30 09:39:48,279 [INFO] IPUIPlugin:80 - create IPUIPlugin
2026-07-30 09:39:48,281 [INFO] PluginManager:220 - loadIPPluginJar : add plateformsettings
2026-07-30 09:39:48,323 [INFO] IPUIPlugin:80 - create IPUIPlugin
2026-07-30 09:39:48,323 [INFO] PluginManager:220 - loadIPPluginJar : add quadspi
2026-07-30 09:39:48,356 [INFO] IPUIPlugin:80 - create IPUIPlugin
2026-07-30 09:39:48,356 [INFO] PluginManager:220 - loadIPPluginJar : add resmgrutility
2026-07-30 09:39:48,448 [INFO] IPUIPlugin:80 - create IPUIPlugin
2026-07-30 09:39:48,448 [INFO] PluginManager:220 - loadIPPluginJar : add sai
2026-07-30 09:39:48,534 [INFO] IPUIPlugin:80 - create IPUIPlugin
2026-07-30 09:39:48,534 [INFO] PluginManager:220 - loadIPPluginJar : add spi
2026-07-30 09:39:48,633 [INFO] IPUIPlugin:80 - create IPUIPlugin
2026-07-30 09:39:48,633 [INFO] PluginManager:220 - loadIPPluginJar : add stm32_wpan
2026-07-30 09:39:48,662 [INFO] IPUIPlugin:80 - create IPUIPlugin
2026-07-30 09:39:48,662 [INFO] PluginManager:220 - loadIPPluginJar : add tim
2026-07-30 09:39:48,742 [INFO] IPUIPlugin:80 - create IPUIPlugin
2026-07-30 09:39:48,743 [INFO] PluginManager:220 - loadIPPluginJar : add touchsensing
2026-07-30 09:39:48,839 [INFO] IPUIPlugin:80 - create IPUIPlugin
2026-07-30 09:39:48,839 [INFO] PluginManager:220 - loadIPPluginJar : add tracer_emb
2026-07-30 09:39:48,900 [INFO] IPUIPlugin:80 - create IPUIPlugin
2026-07-30 09:39:48,900 [INFO] PluginManager:220 - loadIPPluginJar : add ts
2026-07-30 09:39:48,929 [INFO] IPUIPlugin:80 - create IPUIPlugin
2026-07-30 09:39:48,929 [INFO] PluginManager:220 - loadIPPluginJar : add tsc
2026-07-30 09:39:48,957 [INFO] IPUIPlugin:80 - create IPUIPlugin
2026-07-30 09:39:48,957 [INFO] PluginManager:220 - loadIPPluginJar : add ucpd
2026-07-30 09:39:49,053 [INFO] IPUIPlugin:80 - create IPUIPlugin
2026-07-30 09:39:49,053 [INFO] PluginManager:220 - loadIPPluginJar : add usart
2026-07-30 09:39:49,132 [INFO] IPUIPlugin:80 - create IPUIPlugin
2026-07-30 09:39:49,132 [INFO] PluginManager:220 - loadIPPluginJar : add usbx
2026-07-30 09:39:49,338 [INFO] CADModel:165 - CPN selected for project level
2026-07-30 09:39:49,338 [INFO] CADModel:114 - Register for checkConnection events
2026-07-30 09:39:49,338 [FATAL] Updater:308 - Updater called before beeing initialized
2026-07-30 09:39:49,338 [ERROR] CADModel:125 - Updater not yet initialized, retry later 
2026-07-30 09:39:49,786 [INFO] ThirdPartyUpdaterWithRetryManager:70 - Updater plugin not ready yet. [3/15]
2026-07-30 09:39:49,830 [INFO] CADModel:165 - CPN selected for project level
2026-07-30 09:39:49,830 [INFO] CADModel:114 - Register for checkConnection events
2026-07-30 09:39:49,830 [FATAL] Updater:308 - Updater called before beeing initialized
2026-07-30 09:39:49,830 [ERROR] CADModel:125 - Updater not yet initialized, retry later 
2026-07-30 09:39:49,840 [FATAL] Updater:308 - Updater called before beeing initialized
2026-07-30 09:39:50,075 [FATAL] Updater:308 - Updater called before beeing initialized
2026-07-30 09:39:50,184 [INFO] DbMcusAds:53 - JSON generation date=Wed Feb 18 08:32:49 CST 2026 (1771425169444)
2026-07-30 09:39:50,184 [FATAL] Updater:308 - Updater called before beeing initialized
2026-07-30 09:39:50,501 [WARN] DetailPanel:346 - Failed to get advertising image, set to default
2026-07-30 09:39:50,604 [FATAL] Updater:308 - Updater called before beeing initialized
2026-07-30 09:39:50,634 [FATAL] Updater:308 - Updater called before beeing initialized
2026-07-30 09:39:50,634 [FATAL] Updater:308 - Updater called before beeing initialized
2026-07-30 09:39:50,634 [WARN] DetailPanel:346 - Failed to get advertising image, set to default
2026-07-30 09:39:50,635 [FATAL] Updater:308 - Updater called before beeing initialized
2026-07-30 09:39:50,863 [ERROR] Updater:1120 - MainUpdater not yet initialized. External WinMGr cannot be set.
2026-07-30 09:39:50,893 [INFO] Updater:1056 - Updater Version found : 6.11.0
2026-07-30 09:39:50,940 [INFO] ApplicationProperties:184 - Using Application install path: D:\Documentos\Electronica\Nueva carpeta\STM32CubeIDE_1.15.0\STM32CubeIDE\plugins\com.st.stm32cube.common.mx_6.11.0.202403141607
2026-07-30 09:39:52,539 [ERROR] LogOutputStream:75 - [STDERR_REDIRECT] Jul 30, 2026 9:39:52 AM java.util.prefs.WindowsPreferences <init>
2026-07-30 09:39:52,540 [ERROR] LogOutputStream:75 - [STDERR_REDIRECT] WARNING: Could not open/create prefs root node Software\JavaSoft\Prefs at root 0xffffffff80000002. Windows RegCreateKeyEx(...) returned error code 5.
2026-07-30 09:39:52,541 [ERROR] LogOutputStream:75 - [STDERR_REDIRECT] 
2026-07-30 09:39:52,789 [FATAL] Updater:308 - Updater called before beeing initialized
2026-07-30 09:39:52,790 [ERROR] IntegrityCheckThread:130 - Cannot retrieve database content from updater: error 21
2026-07-30 09:39:52,790 [INFO] ThirdParty:978 - Integrity check success = false
2026-07-30 09:39:52,791 [INFO] IntegrityCheckThread:100 - exiting critical section [integrity check]
2026-07-30 09:39:52,791 [INFO] IntegrityCheckThread:103 - End integrity checks thread
2026-07-30 09:39:53,422 [INFO] MainUpdater:2873 - connection check result : 10
2026-07-30 09:39:53,422 [INFO] MainUpdater:3567 - Updater definition file requires update
2026-07-30 09:39:53,424 [INFO] MainUpdater:290 - Updater Check For Update Now.
2026-07-30 09:39:53,424 [INFO] MicroXplorer:498 - Change Database Version : DB.6.0.110
2026-07-30 09:39:53,491 [INFO] McuFinderGlobals:63 - Set McuFinder mode to 2 (CubeIDE integrated)
2026-07-30 09:39:53,535 [INFO] UserAuth:415 - Internet connection configuration mode: 1
2026-07-30 09:39:53,681 [INFO] JxBrowserEngine:152 - Initiate JxBrowser Engine with user profile folder
2026-07-30 09:39:54,281 [INFO] ServerAccessManage:473 - Download File updaters.zip
2026-07-30 09:39:54,511 [INFO] FileExtend:240 - Unzip File : updaters.zip
2026-07-30 09:39:54,511 [INFO] FileExtend:255 - Standard Zip Deflate
2026-07-30 09:39:55,695 [INFO] ServerAccessManage:473 - Download File PacksControlFlags.xml
2026-07-30 09:39:56,358 [INFO] ServerAccessManage:473 - Download File cubemx.pidx
2026-07-30 09:39:57,782 [INFO] WebApp:161 - Instantiating new browser for Auth
2026-07-30 09:39:58,201 [INFO] ServerAccessManage:473 - Download File STMicroelectronics.X-CUBE-FREERTOS.pdsc
2026-07-30 09:39:59,613 [INFO] WebApp:779 - Register for checkConnection events
2026-07-30 09:39:59,613 [INFO] WebApp:414 - Apply proxy settings
2026-07-30 09:39:59,613 [INFO] WebApp:499 - Chromium requires no authentication
2026-07-30 09:39:59,654 [INFO] WebApp:442 - Direct internet connection detected
2026-07-30 09:40:00,436 [INFO] WebApp:192 - Starting web application
2026-07-30 09:40:00,436 [INFO] WebApp:544 - Web application path used D:\Documentos\Electronica\Nueva carpeta\STM32CubeIDE_1.15.0\STM32CubeIDE\plugins\com.st.stm32cube.common.mx_6.11.0.202403141607\db\plugins\mcufinder\reactClient1\index.html
2026-07-30 09:40:03,026 [INFO] ServerAccessManage:473 - Download File STMicroelectronics.X-CUBE-MEMS1.pdsc
2026-07-30 09:40:17,528 [WARN] PopulateThirdPartyThread:106 - Error when creating pack: C:/Users/USER/.stm32cubemx/thirdparties/pdsc/STMicroelectronics.X-CUBE-FREERTOS.pdsc
2026-07-30 09:40:17,684 [WARN] PackLoader:240 - Cannot read IP mode file for STMicroelectronics.X-CUBE-MEMS1.13.0.0
2026-07-30 09:40:17,697 [INFO] CheckServerUpdateThread:120 - End of CheckServer Thread
2026-07-30 09:40:17,806 [INFO] PopulateThirdPartyThread:66 - Ending populate Thread
2026-07-30 09:40:17,808 [INFO] ThirdParty:1030 - CMSIS Pack Vendor :STMicroelectronics X-CUBE-MEMS1 13.0.0
2026-07-30 09:40:17,808 [INFO] LoadServerUpdatesThread:375 - End of LoadServerUpdate Thread
2026-07-30 13:39:04,988 [INFO] McuFinderGlobals:63 - Set McuFinder mode to 2 (CubeIDE integrated)
2026-07-30 13:39:05,058 [INFO] MainUpdater:2873 - connection check result : 10
2026-07-30 13:39:05,068 [INFO] MainUpdater:2873 - connection check result : 10
2026-07-30 13:39:05,567 [INFO] MicroXplorer:468 - Change Database Path : 
2026-07-30 13:39:05,567 [INFO] MicroXplorer:498 - Change Database Version : DB.6.0.110
2026-07-30 13:39:05,611 [WARN] ThirdParty:871 - waiting for thirdparty lock release [close project]
2026-07-30 13:39:05,611 [INFO] ThirdParty:873 - entering critical section [close project]
2026-07-30 13:39:05,649 [INFO] ThirdParty:883 - exiting critical section [close project]
2026-07-30 13:39:05,655 [INFO] PinOutPanel:1561 - setPackage(No Configuration,No Configuration)
2026-07-30 13:39:05,664 [INFO] UtilMem:75 - Begin LoadConfig() Used Memory: 662795792 Bytes (1073741824)
2026-07-30 13:39:05,672 [INFO] MicroXplorer:468 - Change Database Path : 
2026-07-30 13:39:05,672 [INFO] MicroXplorer:498 - Change Database Version : DB.6.0.110
2026-07-30 13:39:05,673 [INFO] OpenFileManager:312 - Change cursor
2026-07-30 13:39:05,809 [WARN] IntegrityCheckThread:84 - waiting for thirdparty lock release [integrity check]
2026-07-30 13:39:05,809 [INFO] IntegrityCheckThread:86 - entering critical section [integrity check]
2026-07-30 13:39:06,656 [WARN] PackLoader:240 - Cannot read IP mode file for STMicroelectronics.X-CUBE-AZRTOS-H7.3.5.0
2026-07-30 13:39:06,682 [WARN] PackLoader:240 - Cannot read IP mode file for STMicroelectronics.FP-SNS-MOTENVWB1.1.4.0
2026-07-30 13:39:06,704 [WARN] PackLoader:240 - Cannot read IP mode file for STMicroelectronics.FP-ATR-ASTRA1.2.0.3
2026-07-30 13:39:06,720 [WARN] PackLoader:240 - Cannot read IP mode file for STMicroelectronics.FP-ATR-ASTRA1.2.0.2
2026-07-30 13:39:06,737 [WARN] PackLoader:240 - Cannot read IP mode file for STMicroelectronics.FP-ATR-ASTRA1.2.0.1
2026-07-30 13:39:06,760 [ERROR] Engine:466 - C:\Users\USER\.stm32cubemx\thirdparties\pdsc\STMicroelectronics.X-CUBE-SMBUS.2.1.1.pdsc: PDSC version is not supported
2026-07-30 13:39:06,776 [WARN] PackLoader:240 - Cannot read IP mode file for STMicroelectronics.X-CUBE-SMBUS.2.1.0
2026-07-30 13:39:06,797 [WARN] PackLoader:240 - Cannot read IP mode file for STMicroelectronics.X-CUBE-WB05N.1.1.0
2026-07-30 13:39:06,816 [WARN] PackLoader:240 - Cannot read IP mode file for STMicroelectronics.X-CUBE-TOUCHGFX.4.23.2
2026-07-30 13:39:06,853 [WARN] PackLoader:240 - Cannot read IP mode file for STMicroelectronics.X-CUBE-AZRTOS-F7.1.1.0
2026-07-30 13:39:06,876 [ERROR] Engine:466 - C:\Users\USER\.stm32cubemx\thirdparties\pdsc\STMicroelectronics.X-CUBE-FREERTOS.1.6.0.pdsc: PDSC version is not supported
2026-07-30 13:39:06,948 [WARN] PackLoader:240 - Cannot read IP mode file for STMicroelectronics.X-CUBE-MEMS1.11.0.0
2026-07-30 13:39:07,102 [ERROR] Engine:466 - C:\Users\USER\.stm32cubemx\thirdparties\pdsc\STMicroelectronics.FP-SNS-MOTENV1.5.1.0.pdsc: PDSC version is not supported
2026-07-30 13:39:07,147 [WARN] PackLoader:240 - Cannot read IP mode file for STMicroelectronics.X-CUBE-AZRTOS-H7RS.1.3.0
2026-07-30 13:39:07,169 [WARN] PackLoader:240 - Cannot read IP mode file for STMicroelectronics.FP-SNS-FLIGHT1.5.0.2
2026-07-30 13:39:07,212 [WARN] PackLoader:240 - Cannot read IP mode file for STMicroelectronics.X-CUBE-AZRTOS-H7.3.4.0
2026-07-30 13:39:07,239 [WARN] PackLoader:240 - Cannot read IP mode file for STMicroelectronics.X-CUBE-DISPLAY.3.0.0
2026-07-30 13:39:07,265 [WARN] PackLoader:240 - Cannot read IP mode file for STMicroelectronics.X-CUBE-GNSS1.7.1.1
2026-07-30 13:39:07,282 [ERROR] Engine:466 - C:\Users\USER\.stm32cubemx\thirdparties\pdsc\STMicroelectronics.FP-SNS-MOTENVWB1.1.5.0.pdsc: PDSC version is not supported
2026-07-30 13:39:07,306 [WARN] PackLoader:240 - Cannot read IP mode file for STMicroelectronics.X-CUBE-BLE1.7.0.0
2026-07-30 13:39:07,331 [WARN] PackLoader:240 - Cannot read IP mode file for STMicroelectronics.X-CUBE-NFC10.1.0.0
2026-07-30 13:39:07,363 [WARN] PackLoader:240 - Cannot read IP mode file for STMicroelectronics.X-CUBE-BLEMGR.4.0.0
2026-07-30 13:39:07,384 [ERROR] Engine:466 - C:\Users\USER\.stm32cubemx\thirdparties\pdsc\STMicroelectronics.X-CUBE-ST60.1.1.0.pdsc: PDSC version is not supported
2026-07-30 13:39:07,409 [WARN] PackLoader:240 - Cannot read IP mode file for emotas.I-CUBE-CANOPEN.1.3.0
2026-07-30 13:39:07,429 [ERROR] Engine:466 - C:\Users\USER\.stm32cubemx\thirdparties\pdsc\STMicroelectronics.X-CUBE-WBA.1.1.0.pdsc: PDSC version is not supported
2026-07-30 13:39:07,450 [WARN] PackLoader:240 - Cannot read IP mode file for STMicroelectronics.X-CUBE-GNSS1.7.1.0
2026-07-30 13:39:07,480 [WARN] PackLoader:240 - Cannot read IP mode file for STMicroelectronics.X-CUBE-BLEMGR.3.1.0
2026-07-30 13:39:07,506 [WARN] PackLoader:240 - Cannot read IP mode file for STMicroelectronics.X-CUBE-AI.10.0.0
2026-07-30 13:39:07,526 [ERROR] Engine:466 - C:\Users\USER\.stm32cubemx\thirdparties\pdsc\STMicroelectronics.FP-SNS-STBOX1.2.1.0.pdsc: PDSC version is not supported
2026-07-30 13:39:07,545 [WARN] PackLoader:240 - Cannot read IP mode file for STMicroelectronics.FP-SNS-SMARTAG2.1.2.0
2026-07-30 13:39:07,558 [ERROR] Engine:466 - C:\Users\USER\.stm32cubemx\thirdparties\pdsc\STMicroelectronics.FP-SNS-FLIGHT1.5.1.0.pdsc: PDSC version is not supported
2026-07-30 13:39:07,650 [WARN] PackLoader:240 - Cannot read IP mode file for STMicroelectronics.X-CUBE-MEMS1.11.1.0
2026-07-30 13:39:07,883 [INFO] LogOutputStream:77 - [STDOUT_REDIRECT] 1 : Invalid condition id : UX_CORESTACK_Condition cause : null
2026-07-30 13:39:07,887 [INFO] LogOutputStream:77 - [STDOUT_REDIRECT] 1 : Invalid condition id : UX_CORESTACK_Condition cause : null
2026-07-30 13:39:07,889 [INFO] LogOutputStream:77 - [STDOUT_REDIRECT] 1 : Invalid condition id : UX_CORESTACK_Condition cause : null
2026-07-30 13:39:07,891 [INFO] LogOutputStream:77 - [STDOUT_REDIRECT] 1 : Invalid condition id : UX_CORESTACK_Condition cause : null
2026-07-30 13:39:07,893 [INFO] LogOutputStream:77 - [STDOUT_REDIRECT] 1 : Invalid condition id : UX_CORESTACK_Condition cause : null
2026-07-30 13:39:07,896 [WARN] PackLoader:240 - Cannot read IP mode file for STMicroelectronics.X-CUBE-AZRTOS-WL.2.0.0
2026-07-30 13:39:07,929 [WARN] PackLoader:240 - Cannot read IP mode file for STMicroelectronics.FP-SNS-MOTENV1.5.0.0
2026-07-30 13:39:07,976 [WARN] PackLoader:240 - Cannot read IP mode file for STMicroelectronics.X-CUBE-AZRTOS-H7RS.1.2.0
2026-07-30 13:39:08,008 [WARN] PackLoader:240 - Cannot read IP mode file for wolfSSL.I-CUBE-wolfMQTT.1.19.0
2026-07-30 13:39:08,039 [WARN] PackLoader:240 - Cannot read IP mode file for WES.I-CUBE-Cesium.1.3.0
2026-07-30 13:39:08,068 [WARN] PackLoader:240 - Cannot read IP mode file for STMicroelectronics.X-CUBE-BLE2.3.3.0
2026-07-30 13:39:08,090 [ERROR] Engine:466 - C:\Users\USER\.stm32cubemx\thirdparties\pdsc\Avnet-IOTCONNECT.X-CUBE-iotc-st67-sdk.1.0.0.pdsc: PDSC version is not supported
2026-07-30 13:39:08,117 [WARN] PackLoader:240 - Cannot read IP mode file for STMicroelectronics.X-CUBE-NFC9.1.0.0
2026-07-30 13:39:08,144 [WARN] PackLoader:240 - Cannot read IP mode file for STMicroelectronics.X-CUBE-BLE1.7.1.0
2026-07-30 13:39:08,173 [WARN] PackLoader:240 - Cannot read IP mode file for STMicroelectronics.X-CUBE-TCPP.4.1.0
2026-07-30 13:39:08,229 [ERROR] Engine:466 - C:\Users\USER\.stm32cubemx\thirdparties\pdsc\STMicroelectronics.X-CUBE-FREERTOS.1.4.0.pdsc: PDSC version is not supported
2026-07-30 13:39:08,257 [WARN] PackLoader:240 - Cannot read IP mode file for STMicroelectronics.X-CUBE-EEPRMA1.5.2.0
2026-07-30 13:39:08,281 [ERROR] Engine:466 - C:\Users\USER\.stm32cubemx\thirdparties\pdsc\STMicroelectronics.X-CUBE-ST67W61.1.1.0.pdsc: PDSC version is not supported
2026-07-30 13:39:08,304 [ERROR] Engine:466 - C:\Users\USER\.stm32cubemx\thirdparties\pdsc\STMicroelectronics.FP-SNS-STAIOTCFT.1.1.0.pdsc: PDSC version is not supported
2026-07-30 13:39:08,374 [WARN] PackLoader:240 - Cannot read IP mode file for STMicroelectronics.X-CUBE-MEMS1.12.0.0
2026-07-30 13:39:08,459 [WARN] PackLoader:240 - Cannot read IP mode file for STMicroelectronics.X-CUBE-ALGOBUILD.1.3.0
2026-07-30 13:39:08,526 [WARN] PackLoader:240 - Cannot read IP mode file for STMicroelectronics.X-CUBE-MEMS1.11.2.0
2026-07-30 13:39:08,677 [WARN] PackLoader:240 - Cannot read IP mode file for STMicroelectronics.X-CUBE-AZRTOS-G0.1.1.0
2026-07-30 13:39:08,706 [WARN] PackLoader:240 - Cannot read IP mode file for STMicroelectronics.X-CUBE-SAFEA1.1.2.2
2026-07-30 13:39:08,729 [WARN] PackLoader:240 - Cannot read IP mode file for STMicroelectronics.X-CUBE-NFC4.3.0.0
2026-07-30 13:39:08,759 [WARN] PackLoader:240 - Cannot read IP mode file for EmbeddedOffice.I-CUBE-FS-RTOS.1.0.1
2026-07-30 13:39:08,760 [ERROR] ConditionMgr:805 - Attr not supported : Dmpu
2026-07-30 13:39:08,760 [ERROR] ConditionMgr:805 - Attr not supported : Dmpu
2026-07-30 13:39:08,760 [ERROR] ConditionMgr:805 - Attr not supported : Dmpu
2026-07-30 13:39:08,760 [ERROR] ConditionMgr:805 - Attr not supported : Dmpu
2026-07-30 13:39:08,760 [ERROR] ConditionMgr:805 - Attr not supported : Dmpu
2026-07-30 13:39:08,760 [ERROR] ConditionMgr:805 - Attr not supported : Dmpu
2026-07-30 13:39:08,760 [ERROR] ConditionMgr:805 - Attr not supported : Dmpu
2026-07-30 13:39:08,760 [ERROR] ConditionMgr:805 - Attr not supported : Dmpu
2026-07-30 13:39:08,760 [ERROR] ConditionMgr:805 - Attr not supported : Dmpu
2026-07-30 13:39:08,760 [ERROR] ConditionMgr:805 - Attr not supported : Dmpu
2026-07-30 13:39:08,760 [ERROR] ConditionMgr:805 - Attr not supported : Dmpu
2026-07-30 13:39:08,760 [ERROR] ConditionMgr:805 - Attr not supported : Dmpu
2026-07-30 13:39:08,761 [ERROR] ConditionMgr:805 - Attr not supported : Dmpu
2026-07-30 13:39:08,761 [ERROR] ConditionMgr:805 - Attr not supported : Dmpu
2026-07-30 13:39:08,761 [ERROR] ConditionMgr:805 - Attr not supported : Dmpu
2026-07-30 13:39:08,761 [ERROR] ConditionMgr:805 - Attr not supported : Dmpu
2026-07-30 13:39:08,761 [ERROR] ConditionMgr:805 - Attr not supported : Dmpu
2026-07-30 13:39:08,761 [ERROR] ConditionMgr:805 - Attr not supported : Dmpu
2026-07-30 13:39:08,761 [ERROR] ConditionMgr:805 - Attr not supported : Dmpu
2026-07-30 13:39:08,761 [ERROR] ConditionMgr:805 - Attr not supported : Dmpu
2026-07-30 13:39:08,761 [ERROR] ConditionMgr:805 - Attr not supported : Dmpu
2026-07-30 13:39:08,761 [ERROR] ConditionMgr:805 - Attr not supported : Dmpu
2026-07-30 13:39:08,761 [ERROR] ConditionMgr:805 - Attr not supported : Dmpu
2026-07-30 13:39:08,761 [ERROR] ConditionMgr:805 - Attr not supported : Dmpu
2026-07-30 13:39:08,762 [ERROR] ConditionMgr:805 - Attr not supported : Dmpu
2026-07-30 13:39:08,762 [ERROR] ConditionMgr:805 - Attr not supported : Dmpu
2026-07-30 13:39:08,762 [ERROR] ConditionMgr:805 - Attr not supported : Dmpu
2026-07-30 13:39:08,762 [ERROR] ConditionMgr:805 - Attr not supported : Dmpu
2026-07-30 13:39:08,762 [ERROR] ConditionMgr:805 - Attr not supported : Dmpu
2026-07-30 13:39:08,762 [ERROR] ConditionMgr:805 - Attr not supported : Dmpu
2026-07-30 13:39:08,763 [ERROR] ConditionMgr:805 - Attr not supported : Dmpu
2026-07-30 13:39:08,763 [ERROR] ConditionMgr:805 - Attr not supported : Dmpu
2026-07-30 13:39:08,763 [ERROR] ConditionMgr:805 - Attr not supported : Dmpu
2026-07-30 13:39:08,763 [ERROR] ConditionMgr:805 - Attr not supported : Dmpu
2026-07-30 13:39:08,763 [ERROR] ConditionMgr:805 - Attr not supported : Dmpu
2026-07-30 13:39:08,763 [ERROR] ConditionMgr:805 - Attr not supported : Dmpu
2026-07-30 13:39:08,763 [ERROR] ConditionMgr:805 - Attr not supported : Dmpu
2026-07-30 13:39:08,764 [ERROR] ConditionMgr:805 - Attr not supported : Dmpu
2026-07-30 13:39:08,764 [ERROR] ConditionMgr:805 - Attr not supported : Dmpu
2026-07-30 13:39:08,764 [ERROR] ConditionMgr:805 - Attr not supported : Dmpu
2026-07-30 13:39:08,764 [ERROR] ConditionMgr:805 - Attr not supported : Dmpu
2026-07-30 13:39:08,764 [ERROR] ConditionMgr:805 - Attr not supported : Dmpu
2026-07-30 13:39:08,764 [ERROR] ConditionMgr:805 - Attr not supported : Dmpu
2026-07-30 13:39:08,764 [ERROR] ConditionMgr:805 - Attr not supported : Dmpu
2026-07-30 13:39:08,764 [ERROR] ConditionMgr:805 - Attr not supported : Dmpu
2026-07-30 13:39:08,764 [ERROR] ConditionMgr:805 - Attr not supported : Dmpu
2026-07-30 13:39:08,765 [ERROR] ConditionMgr:805 - Attr not supported : Dmpu
2026-07-30 13:39:08,765 [ERROR] ConditionMgr:805 - Attr not supported : Dmpu
2026-07-30 13:39:08,765 [ERROR] ConditionMgr:805 - Attr not supported : Dmpu
2026-07-30 13:39:08,765 [ERROR] ConditionMgr:805 - Attr not supported : Dmpu
2026-07-30 13:39:08,765 [ERROR] ConditionMgr:805 - Attr not supported : Dmpu
2026-07-30 13:39:08,765 [ERROR] ConditionMgr:805 - Attr not supported : Dmpu
2026-07-30 13:39:08,765 [ERROR] ConditionMgr:805 - Attr not supported : Dmpu
2026-07-30 13:39:08,765 [ERROR] ConditionMgr:805 - Attr not supported : Dmpu
2026-07-30 13:39:08,765 [ERROR] ConditionMgr:805 - Attr not supported : Dmpu
2026-07-30 13:39:08,765 [ERROR] ConditionMgr:805 - Attr not supported : Dmpu
2026-07-30 13:39:08,765 [ERROR] ConditionMgr:805 - Attr not supported : Dmpu
2026-07-30 13:39:08,765 [ERROR] ConditionMgr:805 - Attr not supported : Dmpu
2026-07-30 13:39:08,765 [ERROR] ConditionMgr:805 - Attr not supported : Dmpu
2026-07-30 13:39:08,765 [ERROR] ConditionMgr:805 - Attr not supported : Dmpu
2026-07-30 13:39:08,765 [ERROR] ConditionMgr:805 - Attr not supported : Dmpu
2026-07-30 13:39:08,765 [ERROR] ConditionMgr:805 - Attr not supported : Dmpu
2026-07-30 13:39:08,765 [ERROR] ConditionMgr:805 - Attr not supported : Dmpu
2026-07-30 13:39:08,766 [ERROR] ConditionMgr:805 - Attr not supported : Dmpu
2026-07-30 13:39:08,787 [WARN] PackLoader:240 - Cannot read IP mode file for STMicroelectronics.X-CUBE-WB05N.2.0.0
2026-07-30 13:39:08,806 [ERROR] Engine:466 - C:\Users\USER\.stm32cubemx\thirdparties\pdsc\STMicroelectronics.X-CUBE-TCPP.4.2.0.pdsc: PDSC version is not supported
2026-07-30 13:39:08,827 [WARN] PackLoader:240 - Cannot read IP mode file for RealThread.X-CUBE-RT-Thread_Nano.4.1.1
2026-07-30 13:39:08,847 [WARN] PackLoader:240 - Cannot read IP mode file for wolfSSL.I-CUBE-wolfSSL.5.7.0
2026-07-30 13:39:08,866 [WARN] PackLoader:240 - Cannot read IP mode file for STMicroelectronics.FP-ATR-SIGFOX1.3.2.0
2026-07-30 13:39:08,887 [WARN] ConditionMgr:438 - getConditionDescription Invalid condition id : Cortex-A Device cause : null
2026-07-30 13:39:08,914 [WARN] ConditionMgr:1039 - genDependencies : Invalid condition id : Cortex-A Device cause : null
2026-07-30 13:39:08,915 [WARN] ConditionMgr:1039 - genDependencies : Invalid condition id : Cortex-A Device cause : null
2026-07-30 13:39:08,915 [WARN] ConditionMgr:1039 - genDependencies : Invalid condition id : Cortex-A Device cause : null
2026-07-30 13:39:08,933 [WARN] PackLoader:240 - Cannot read IP mode file for STMicroelectronics.X-CUBE-EEPRMA1.5.1.0
2026-07-30 13:39:08,947 [ERROR] Engine:466 - C:\Users\USER\.stm32cubemx\thirdparties\pdsc\STMicroelectronics.X-CUBE-FREERTOS.1.5.0.pdsc: PDSC version is not supported
2026-07-30 13:39:08,970 [WARN] PackLoader:240 - Cannot read IP mode file for ITTIA_DB.I-CUBE-ITTIADB.8.9.0
2026-07-30 13:39:08,993 [WARN] PackLoader:240 - Cannot read IP mode file for STMicroelectronics.X-CUBE-NFC6.3.2.0
2026-07-30 13:39:09,013 [WARN] PackLoader:240 - Cannot read IP mode file for STMicroelectronics.X-CUBE-AI.10.2.1
2026-07-30 13:39:09,031 [WARN] PackLoader:240 - Cannot read IP mode file for STMicroelectronics.X-CUBE-AI.10.2.0
2026-07-30 13:39:09,081 [WARN] PackLoader:240 - Cannot read IP mode file for STMicroelectronics.X-CUBE-MEMS1.12.1.0
2026-07-30 13:39:09,193 [WARN] PackLoader:240 - Cannot read IP mode file for SEGGER.I-CUBE-embOS.1.3.1
2026-07-30 13:39:09,243 [WARN] PackLoader:240 - Cannot read IP mode file for STMicroelectronics.X-CUBE-ALGOBUILD.1.4.0
2026-07-30 13:39:09,263 [WARN] PackLoader:240 - Cannot read IP mode file for STMicroelectronics.X-CUBE-AI.9.1.0
2026-07-30 13:39:09,284 [WARN] PackLoader:240 - Cannot read IP mode file for STMicroelectronics.X-CUBE-NFC13.1.0.0
2026-07-30 13:39:09,313 [WARN] PackLoader:240 - Cannot read IP mode file for STMicroelectronics.X-CUBE-PM33A1.1.0.0
2026-07-30 13:39:09,334 [WARN] PackLoader:240 - Cannot read IP mode file for STMicroelectronics.X-CUBE-GNSS1.6.0.0
2026-07-30 13:39:09,372 [WARN] PackLoader:240 - Cannot read IP mode file for STMicroelectronics.X-CUBE-AZRTOS-F4.1.1.0
2026-07-30 13:39:09,394 [ERROR] Engine:466 - C:\Users\USER\.stm32cubemx\thirdparties\pdsc\Avnet-IotConnect.X-CUBE-IoTC-DA16k-PMOD.1.0.0.pdsc: PDSC version is not supported
2026-07-30 13:39:09,417 [WARN] PackLoader:240 - Cannot read IP mode file for STMicroelectronics.X-CUBE-ISPU.2.1.0
2026-07-30 13:39:09,438 [ERROR] Engine:466 - C:\Users\USER\.stm32cubemx\thirdparties\pdsc\STMicroelectronics.X-CUBE-IPS.3.2.0.pdsc: PDSC version is not supported
2026-07-30 13:39:09,456 [ERROR] Engine:466 - C:\Users\USER\.stm32cubemx\thirdparties\pdsc\STMicroelectronics.eDS-WB_DPC_TT-BIDIR.2.1.1.pdsc: PDSC version is not supported
2026-07-30 13:39:09,480 [WARN] PackLoader:240 - Cannot read IP mode file for STMicroelectronics.X-CUBE-FREERTOS.1.2.0
2026-07-30 13:39:09,503 [WARN] PackLoader:240 - Cannot read IP mode file for STMicroelectronics.X-CUBE-NFC12.1.0.0
2026-07-30 13:39:09,542 [WARN] PackLoader:240 - Cannot read IP mode file for STMicroelectronics.X-CUBE-AZRTOS-L5.2.0.0
2026-07-30 13:39:09,562 [WARN] PackLoader:240 - Cannot read IP mode file for STMicroelectronics.X-CUBE-NFC6.3.1.0
2026-07-30 13:39:09,587 [WARN] PackLoader:240 - Cannot read IP mode file for STMicroelectronics.X-CUBE-ALGOBUILD.1.5.0
2026-07-30 13:39:09,612 [WARN] PackLoader:240 - Cannot read IP mode file for STMicroelectronics.X-CUBE-DPower.1.2.0
2026-07-30 13:39:09,630 [ERROR] Engine:466 - C:\Users\USER\.stm32cubemx\thirdparties\pdsc\STMicroelectronics.eDS-WB_DPC_VIENNA.1.2.0.pdsc: PDSC version is not supported
2026-07-30 13:39:09,673 [WARN] PackLoader:240 - Cannot read IP mode file for STMicroelectronics.X-CUBE-MEMS1.13.0.0
2026-07-30 13:39:09,747 [ERROR] Engine:466 - C:\Users\USER\.stm32cubemx\thirdparties\pdsc\STMicroelectronics.eDS-WB_DPC_3PH2L-BIDIR.1.1.1.pdsc: PDSC version is not supported
2026-07-30 13:39:09,764 [WARN] PackLoader:240 - Cannot read IP mode file for STMicroelectronics.X-CUBE-AI.9.0.0
2026-07-30 13:39:09,782 [ERROR] Engine:466 - C:\Users\USER\.stm32cubemx\thirdparties\pdsc\STMicroelectronics.X-CUBE-ST67W61.1.3.0.pdsc: PDSC version is not supported
2026-07-30 13:39:09,802 [WARN] PackLoader:240 - Cannot read IP mode file for STMicroelectronics.X-CUBE-FREERTOS.1.3.1
2026-07-30 13:39:09,821 [WARN] PackLoader:240 - Cannot read IP mode file for STMicroelectronics.X-CUBE-FREERTOS.1.3.0
2026-07-30 13:39:09,842 [WARN] PackLoader:240 - Cannot read IP mode file for STMicroelectronics.X-CUBE-NFC7.1.0.1
2026-07-30 13:39:09,874 [WARN] PackLoader:240 - Cannot read IP mode file for STMicroelectronics.X-CUBE-TOUCHGFX.4.26.0
2026-07-30 13:39:10,051 [WARN] PackLoader:240 - Cannot read IP mode file for STMicroelectronics.X-CUBE-TOUCHGFX.4.26.1
2026-07-30 13:39:10,070 [ERROR] Engine:466 - C:\Users\USER\.stm32cubemx\thirdparties\pdsc\STMicroelectronics.FP-SNS-STAIOTCFT.1.0.0.pdsc: PDSC version is not supported
2026-07-30 13:39:10,091 [WARN] PackLoader:240 - Cannot read IP mode file for STMicroelectronics.X-CUBE-DPower.1.3.0
2026-07-30 13:39:10,124 [WARN] ConditionMgr:438 - getConditionDescription Invalid condition id : LAN8742 Phy interface Condition cause : null
2026-07-30 13:39:10,125 [WARN] PackLoader:240 - Cannot read IP mode file for STMicroelectronics.X-CUBE-AZRTOS-L4.2.0.0
2026-07-30 13:39:10,126 [WARN] ConditionMgr:1039 - genDependencies : Invalid condition id : LAN8742 Phy interface Condition cause : null
2026-07-30 13:39:10,126 [WARN] ConditionMgr:1039 - genDependencies : Invalid condition id : LAN8742 Phy interface Condition cause : null
2026-07-30 13:39:10,127 [WARN] ConditionMgr:1039 - genDependencies : Invalid condition id : LAN8742 Phy interface Condition cause : null
2026-07-30 13:39:10,153 [WARN] PackLoader:240 - Cannot read IP mode file for STMicroelectronics.X-CUBE-SFXS2LP1.4.0.0
2026-07-30 13:39:10,177 [WARN] PackLoader:240 - Cannot read IP mode file for STMicroelectronics.X-CUBE-WB05N.2.1.0
2026-07-30 13:39:10,195 [ERROR] Engine:466 - C:\Users\USER\.stm32cubemx\thirdparties\pdsc\STMicroelectronics.X-CUBE-ST67W61.1.2.0.pdsc: PDSC version is not supported
2026-07-30 13:39:10,231 [WARN] PackLoader:240 - Cannot read IP mode file for STMicroelectronics.X-CUBE-AZRTOS-H7.3.3.0
2026-07-30 13:39:10,251 [ERROR] Engine:466 - C:\Users\USER\.stm32cubemx\thirdparties\pdsc\STMicroelectronics.X-CUBE-BLEMGR.4.1.0.pdsc: PDSC version is not supported
2026-07-30 13:39:10,277 [WARN] PackLoader:240 - Cannot read IP mode file for STMicroelectronics.X-CUBE-IPS.3.0.0
2026-07-30 13:39:10,309 [WARN] ConditionMgr:438 - getConditionDescription Invalid condition id : UX DEVICE CLASS RTOS Condition cause : null
2026-07-30 13:39:10,310 [WARN] ConditionMgr:438 - getConditionDescription Invalid condition id : UX DEVICE CLASS RTOS Condition cause : null
2026-07-30 13:39:10,311 [WARN] PackLoader:240 - Cannot read IP mode file for STMicroelectronics.X-CUBE-AZRTOS-WB.2.0.0
2026-07-30 13:39:10,312 [WARN] ConditionMgr:1039 - genDependencies : Invalid condition id : UX DEVICE CLASS RTOS Condition cause : null
2026-07-30 13:39:10,312 [WARN] ConditionMgr:1039 - genDependencies : Invalid condition id : UX DEVICE CLASS RTOS Condition cause : null
2026-07-30 13:39:10,312 [WARN] ConditionMgr:1039 - genDependencies : Invalid condition id : UX DEVICE CLASS RTOS Condition cause : null
2026-07-30 13:39:10,312 [WARN] ConditionMgr:1039 - genDependencies : Invalid condition id : UX DEVICE CLASS RTOS Condition cause : null
2026-07-30 13:39:10,312 [WARN] ConditionMgr:1039 - genDependencies : Invalid condition id : UX DEVICE CLASS RTOS Condition cause : null
2026-07-30 13:39:10,331 [WARN] PackLoader:240 - Cannot read IP mode file for STMicroelectronics.X-CUBE-GNSS1.7.0.0
2026-07-30 13:39:10,351 [WARN] PackLoader:240 - Cannot read IP mode file for STMicroelectronics.X-CUBE-GNSS1.7.0.1
2026-07-30 13:39:10,374 [WARN] PackLoader:240 - Cannot read IP mode file for STMicroelectronics.X-CUBE-TOUCHGFX.4.25.0
2026-07-30 13:39:10,398 [WARN] PackLoader:240 - Cannot read IP mode file for STMicroelectronics.FP-SNS-STBOX1.2.0.0
2026-07-30 13:39:10,426 [WARN] PackLoader:240 - Cannot read IP mode file for STMicroelectronics.X-CUBE-STSE01.2.0.0
2026-07-30 13:39:10,454 [WARN] PackLoader:240 - Cannot read IP mode file for STMicroelectronics.X-CUBE-SUBG2.5.0.0
2026-07-30 13:39:10,489 [WARN] PackLoader:240 - Cannot read IP mode file for STMicroelectronics.X-CUBE-AZRTOS-H7RS.1.1.0
2026-07-30 13:39:10,510 [WARN] PackLoader:240 - Cannot read IP mode file for Cesanta.I-CUBE-Mongoose.7.13.0
2026-07-30 13:39:10,540 [WARN] PackLoader:240 - Cannot read IP mode file for STMicroelectronics.X-CUBE-AZRTOS-G4.2.0.0
2026-07-30 13:39:10,554 [WARN] PackLoader:240 - Cannot read IP mode file for STMicroelectronics.X-CUBE-NFC7.2.0.0
2026-07-30 13:39:10,570 [WARN] PackLoader:240 - Cannot read IP mode file for STMicroelectronics.X-CUBE-ISPU.2.0.0
2026-07-30 13:39:10,588 [ERROR] Engine:466 - C:\Users\USER\.stm32cubemx\thirdparties\pdsc\STMicroelectronics.X-CUBE-IPS.3.1.0.pdsc: PDSC version is not supported
2026-07-30 13:39:10,603 [ERROR] Engine:466 - C:\Users\USER\.stm32cubemx\thirdparties\pdsc\STMicroelectronics.X-CUBE-BLEMGR.4.2.0.pdsc: PDSC version is not supported
2026-07-30 13:39:10,620 [WARN] PackLoader:240 - Cannot read IP mode file for STMicroelectronics.X-CUBE-ALS.1.0.2
2026-07-30 13:39:10,656 [WARN] PackLoader:240 - Cannot read IP mode file for STMicroelectronics.X-CUBE-MEMS1.10.0.0
2026-07-30 13:39:10,740 [WARN] PackLoader:240 - Cannot read IP mode file for STMicroelectronics.X-CUBE-FREERTOS.1.1.0
2026-07-30 13:39:10,759 [WARN] PackLoader:240 - Cannot read IP mode file for STMicroelectronics.X-CUBE-TOUCHGFX.4.24.2
2026-07-30 13:39:10,774 [WARN] PackLoader:240 - Cannot read IP mode file for STMicroelectronics.X-CUBE-TOUCHGFX.4.24.1
2026-07-30 13:39:10,792 [WARN] PackLoader:240 - Cannot read IP mode file for STMicroelectronics.X-CUBE-STSE01.1.0.0
2026-07-30 13:39:10,811 [WARN] PackLoader:240 - Cannot read IP mode file for wolfSSL.I-CUBE-wolfTPM.3.4.0
2026-07-30 13:39:10,831 [WARN] PackLoader:240 - Cannot read IP mode file for portGmbH.I-Cube-SoM-uGOAL.1.1.0
2026-07-30 13:39:10,848 [WARN] PackLoader:240 - Cannot read IP mode file for STMicroelectronics.X-CUBE-ALS.1.0.1
2026-07-30 13:39:10,878 [WARN] PackLoader:240 - Cannot read IP mode file for STMicroelectronics.X-CUBE-AZRTOS-H7RS.1.0.0
2026-07-30 13:39:10,895 [WARN] PackLoader:240 - Cannot read IP mode file for STMicroelectronics.FP-ATR-ASTRA1.2.0.0
2026-07-30 13:39:10,923 [WARN] PackLoader:240 - Cannot read IP mode file for STMicroelectronics.X-CUBE-TOF1.3.4.2
2026-07-30 13:39:11,127 [ERROR] Engine:466 - C:\Users\USER\.stm32cubemx\thirdparties\pdsc\STMicroelectronics.X-CUBE-TOF1.3.4.3.pdsc: PDSC version is not supported
2026-07-30 13:39:11,159 [WARN] PackLoader:240 - Cannot read IP mode file for STMicroelectronics.X-CUBE-TOF1.3.4.1
2026-07-30 13:39:11,205 [WARN] PackLoader:240 - Cannot read IP mode file for STMicroelectronics.X-CUBE-AZRTOS-H7.3.2.0
2026-07-30 13:39:11,244 [WARN] PackLoader:240 - Cannot read IP mode file for Infineon.AIROC-Wi-Fi-Bluetooth-STM32.1.6.0
2026-07-30 13:39:11,269 [WARN] PackLoader:240 - Cannot read IP mode file for wolfSSL.I-CUBE-wolfSSH.1.4.17
2026-07-30 13:39:11,270 [INFO] ThirdParty:978 - Integrity check success = true
2026-07-30 13:39:11,270 [INFO] IntegrityCheckThread:100 - exiting critical section [integrity check]
2026-07-30 13:39:11,270 [INFO] IntegrityCheckThread:103 - End integrity checks thread
2026-07-30 13:39:11,461 [INFO] Mcu:2021 - Initializing MCU STM32F411C(C-E)Ux STM32F411CEUx STM32F411CEU6
2026-07-30 13:39:14,150 [INFO] Context:663 - Trying to add GPIOservice into a context  which must be forbidden
2026-07-30 13:39:15,045 [INFO] RtosManager:555 - Registered RTOS mode: class=CMSIS, group=RTOS, mode=CMSIS_V1, owner=FREERTOS
2026-07-30 13:39:15,045 [INFO] RtosManager:555 - Registered RTOS mode: class=CMSIS, group=RTOS2, mode=CMSIS_V2, owner=FREERTOS
2026-07-30 13:39:15,045 [INFO] RtosManager:555 - Registered RTOS mode: class=RTOS, group=Core, mode=CMSIS_V1, owner=FREERTOS
2026-07-30 13:39:15,045 [INFO] RtosManager:555 - Registered RTOS mode: class=RTOS, group=Core, mode=CMSIS_V2, owner=FREERTOS
2026-07-30 13:39:15,046 [WARN] ModelIntegratedComponent:184 - Missing modes for component STMicroelectronics:FreeRTOS:0.0.1:STMicroelectronics:RTOS:FreeRTOS:Core:::10.2.0:
2026-07-30 13:39:15,103 [WARN] ModelIntegratedComponent:63 - No mode defined for component null
2026-07-30 13:39:15,103 [WARN] ModelIntegratedComponent:63 - No mode defined for component null
2026-07-30 13:39:15,103 [WARN] ModelIntegratedComponent:63 - No mode defined for component null
2026-07-30 13:39:15,103 [WARN] ModelIntegratedComponent:63 - No mode defined for component null
2026-07-30 13:39:15,103 [WARN] ModelIntegratedComponent:63 - No mode defined for component null
2026-07-30 13:39:15,103 [WARN] ModelIntegratedComponent:63 - No mode defined for component null
2026-07-30 13:39:15,103 [WARN] ModelIntegratedComponent:63 - No mode defined for component null
2026-07-30 13:39:15,103 [WARN] ModelIntegratedComponent:63 - No mode defined for component null
2026-07-30 13:39:15,103 [WARN] ModelIntegratedComponent:63 - No mode defined for component null
2026-07-30 13:39:15,103 [WARN] ModelIntegratedComponent:63 - No mode defined for component null
2026-07-30 13:39:15,103 [WARN] ModelIntegratedComponent:63 - No mode defined for component null
2026-07-30 13:39:15,103 [WARN] ModelIntegratedComponent:63 - No mode defined for component null
2026-07-30 13:39:15,103 [WARN] ModelIntegratedComponent:63 - No mode defined for component null
2026-07-30 13:39:15,103 [WARN] ModelIntegratedComponent:63 - No mode defined for component null
2026-07-30 13:39:15,103 [WARN] ModelIntegratedComponent:63 - No mode defined for component null
2026-07-30 13:39:15,104 [WARN] ModelIntegratedComponent:63 - No mode defined for component null
2026-07-30 13:39:15,104 [WARN] ModelIntegratedComponent:63 - No mode defined for component null
2026-07-30 13:39:15,104 [WARN] ModelIntegratedComponent:63 - No mode defined for component null
2026-07-30 13:39:15,104 [WARN] ModelIntegratedComponent:63 - No mode defined for component null
2026-07-30 13:39:15,104 [WARN] ModelIntegratedComponent:63 - No mode defined for component null
2026-07-30 13:39:15,104 [WARN] ModelIntegratedComponent:63 - No mode defined for component null
2026-07-30 13:39:15,104 [WARN] ModelIntegratedComponent:63 - No mode defined for component null
2026-07-30 13:39:15,104 [WARN] ModelIntegratedComponent:63 - No mode defined for component null
2026-07-30 13:39:15,104 [WARN] ModelIntegratedComponent:63 - No mode defined for component null
2026-07-30 13:39:15,104 [WARN] ModelIntegratedComponent:63 - No mode defined for component null
2026-07-30 13:39:15,104 [WARN] ModelIntegratedComponent:63 - No mode defined for component null
2026-07-30 13:39:15,104 [WARN] ModelIntegratedComponent:63 - No mode defined for component null
2026-07-30 13:39:15,104 [WARN] ModelIntegratedComponent:63 - No mode defined for component null
2026-07-30 13:39:15,104 [WARN] ModelIntegratedComponent:63 - No mode defined for component null
2026-07-30 13:39:15,104 [WARN] ModelIntegratedComponent:63 - No mode defined for component null
2026-07-30 13:39:15,104 [WARN] ModelIntegratedComponent:63 - No mode defined for component null
2026-07-30 13:39:15,104 [WARN] ModelIntegratedComponent:63 - No mode defined for component null
2026-07-30 13:39:15,104 [WARN] ModelIntegratedComponent:63 - No mode defined for component null
2026-07-30 13:39:15,104 [WARN] ModelIntegratedComponent:63 - No mode defined for component null
2026-07-30 13:39:15,214 [WARN] ModelIntegratedComponent:182 - Modes not found for component STMicroelectronics:USB_DEVICE:1.0.0:STMicroelectronics:USB::USB Device:Audio HS::1.0:USB_DEVICE_1_0_RESTRICTED_HS
2026-07-30 13:39:15,214 [WARN] ModelIntegratedComponent:188 - Modes not found for component STMicroelectronics:USB_DEVICE:1.0.0:STMicroelectronics:USB::USB Device:Audio HS::1.0:USB_DEVICE_1_0_RESTRICTED_HS
2026-07-30 13:39:15,215 [WARN] ModelIntegratedComponent:182 - Modes not found for component STMicroelectronics:USB_DEVICE:1.0.0:STMicroelectronics:USB::USB Device:CDC HS::1.0:USB_DEVICE_1_0_RESTRICTED_HS
2026-07-30 13:39:15,215 [WARN] ModelIntegratedComponent:188 - Modes not found for component STMicroelectronics:USB_DEVICE:1.0.0:STMicroelectronics:USB::USB Device:CDC HS::1.0:USB_DEVICE_1_0_RESTRICTED_HS
2026-07-30 13:39:15,215 [WARN] ModelIntegratedComponent:182 - Modes not found for component STMicroelectronics:USB_DEVICE:1.0.0:STMicroelectronics:USB::USB Device:DFU HS::1.0:USB_DEVICE_1_0_RESTRICTED_HS
2026-07-30 13:39:15,215 [WARN] ModelIntegratedComponent:188 - Modes not found for component STMicroelectronics:USB_DEVICE:1.0.0:STMicroelectronics:USB::USB Device:DFU HS::1.0:USB_DEVICE_1_0_RESTRICTED_HS
2026-07-30 13:39:15,215 [WARN] ModelIntegratedComponent:182 - Modes not found for component STMicroelectronics:USB_DEVICE:1.0.0:STMicroelectronics:USB::USB Device:HID HS::1.0:USB_DEVICE_1_0_RESTRICTED_HS
2026-07-30 13:39:15,215 [WARN] ModelIntegratedComponent:188 - Modes not found for component STMicroelectronics:USB_DEVICE:1.0.0:STMicroelectronics:USB::USB Device:HID HS::1.0:USB_DEVICE_1_0_RESTRICTED_HS
2026-07-30 13:39:15,215 [WARN] ModelIntegratedComponent:182 - Modes not found for component STMicroelectronics:USB_DEVICE:1.0.0:STMicroelectronics:USB::USB Device:Custom HID HS::1.0:USB_DEVICE_1_0_RESTRICTED_HS
2026-07-30 13:39:15,215 [WARN] ModelIntegratedComponent:188 - Modes not found for component STMicroelectronics:USB_DEVICE:1.0.0:STMicroelectronics:USB::USB Device:Custom HID HS::1.0:USB_DEVICE_1_0_RESTRICTED_HS
2026-07-30 13:39:15,215 [WARN] ModelIntegratedComponent:182 - Modes not found for component STMicroelectronics:USB_DEVICE:1.0.0:STMicroelectronics:USB::USB Device:MSC HS::1.0:USB_DEVICE_1_0_RESTRICTED_HS
2026-07-30 13:39:15,215 [WARN] ModelIntegratedComponent:188 - Modes not found for component STMicroelectronics:USB_DEVICE:1.0.0:STMicroelectronics:USB::USB Device:MSC HS::1.0:USB_DEVICE_1_0_RESTRICTED_HS
2026-07-30 13:39:15,345 [WARN] ModelIntegratedComponent:182 - Modes not found for component STMicroelectronics:USB_HOST:1.0.0:STMicroelectronics:USB::USB Host:Audio HS::1.0:USB_HOST_1_0_RESTRICTED_HS
2026-07-30 13:39:15,345 [WARN] ModelIntegratedComponent:188 - Modes not found for component STMicroelectronics:USB_HOST:1.0.0:STMicroelectronics:USB::USB Host:Audio HS::1.0:USB_HOST_1_0_RESTRICTED_HS
2026-07-30 13:39:15,345 [WARN] ModelIntegratedComponent:182 - Modes not found for component STMicroelectronics:USB_HOST:1.0.0:STMicroelectronics:USB::USB Host:CDC HS::1.0:USB_HOST_1_0_RESTRICTED_HS
2026-07-30 13:39:15,345 [WARN] ModelIntegratedComponent:188 - Modes not found for component STMicroelectronics:USB_HOST:1.0.0:STMicroelectronics:USB::USB Host:CDC HS::1.0:USB_HOST_1_0_RESTRICTED_HS
2026-07-30 13:39:15,345 [WARN] ModelIntegratedComponent:182 - Modes not found for component STMicroelectronics:USB_HOST:1.0.0:STMicroelectronics:USB::USB Host:MSC HS::1.0:USB_HOST_1_0_RESTRICTED_HS
2026-07-30 13:39:15,345 [WARN] ModelIntegratedComponent:188 - Modes not found for component STMicroelectronics:USB_HOST:1.0.0:STMicroelectronics:USB::USB Host:MSC HS::1.0:USB_HOST_1_0_RESTRICTED_HS
2026-07-30 13:39:15,345 [WARN] ModelIntegratedComponent:182 - Modes not found for component STMicroelectronics:USB_HOST:1.0.0:STMicroelectronics:USB::USB Host:HID HS::1.0:USB_HOST_1_0_RESTRICTED_HS
2026-07-30 13:39:15,345 [WARN] ModelIntegratedComponent:188 - Modes not found for component STMicroelectronics:USB_HOST:1.0.0:STMicroelectronics:USB::USB Host:HID HS::1.0:USB_HOST_1_0_RESTRICTED_HS
2026-07-30 13:39:15,345 [WARN] ModelIntegratedComponent:182 - Modes not found for component STMicroelectronics:USB_HOST:1.0.0:STMicroelectronics:USB::USB Host:MTP HS::1.0:USB_HOST_1_0_RESTRICTED_HS
2026-07-30 13:39:15,346 [WARN] ModelIntegratedComponent:188 - Modes not found for component STMicroelectronics:USB_HOST:1.0.0:STMicroelectronics:USB::USB Host:MTP HS::1.0:USB_HOST_1_0_RESTRICTED_HS
2026-07-30 13:39:15,524 [INFO] ThirdPartyModel:298 - Start build external matchings
2026-07-30 13:39:18,030 [INFO] ThirdPartyModel:316 - End build external matchings
2026-07-30 13:39:18,129 [INFO] RtosManager:919 - Current active RTOS is FREERTOS [Cortex-M4NS]
2026-07-30 13:39:18,150 [INFO] ImportTextPane:194 - (OptionalMessage_ERROR) IP (DMA) : Parameter (Instance) has Id (USART1_RX) currently not set
2026-07-30 13:39:18,150 [INFO] ImportTextPane:194 - (OptionalMessage_ERROR) IP (DMA) : Parameter (Channel) has Id (USART1_RX) currently not set
2026-07-30 13:39:18,150 [INFO] ImportTextPane:194 - (OptionalMessage_ERROR) IP (DMA) : Parameter (Direction) has Id (USART1_RX) currently not set
2026-07-30 13:39:18,150 [INFO] ImportTextPane:194 - (OptionalMessage_ERROR) IP (DMA) : Parameter (PeriphInc) has Id (USART1_RX) currently not set
2026-07-30 13:39:18,150 [INFO] ImportTextPane:194 - (OptionalMessage_ERROR) IP (DMA) : Parameter (MemInc) has Id (USART1_RX) currently not set
2026-07-30 13:39:18,150 [INFO] ImportTextPane:194 - (OptionalMessage_ERROR) IP (DMA) : Parameter (PeriphDataAlignment) has Id (USART1_RX) currently not set
2026-07-30 13:39:18,150 [INFO] ImportTextPane:194 - (OptionalMessage_ERROR) IP (DMA) : Parameter (MemDataAlignment) has Id (USART1_RX) currently not set
2026-07-30 13:39:18,150 [INFO] ImportTextPane:194 - (OptionalMessage_ERROR) IP (DMA) : Parameter (Mode) has Id (USART1_RX) currently not set
2026-07-30 13:39:18,150 [INFO] ImportTextPane:194 - (OptionalMessage_ERROR) IP (DMA) : Parameter (Priority) has Id (USART1_RX) currently not set
2026-07-30 13:39:18,150 [INFO] ImportTextPane:194 - (OptionalMessage_ERROR) IP (DMA) : Parameter (FIFOMode) has Id (USART1_RX) currently not set
2026-07-30 13:39:18,151 [INFO] ImportTextPane:194 - (OptionalMessage_ERROR) IP (DMA) : Parameter (Instance) has Id (USART1_TX) currently not set
2026-07-30 13:39:18,151 [INFO] ImportTextPane:194 - (OptionalMessage_ERROR) IP (DMA) : Parameter (Channel) has Id (USART1_TX) currently not set
2026-07-30 13:39:18,151 [INFO] ImportTextPane:194 - (OptionalMessage_ERROR) IP (DMA) : Parameter (Direction) has Id (USART1_TX) currently not set
2026-07-30 13:39:18,151 [INFO] ImportTextPane:194 - (OptionalMessage_ERROR) IP (DMA) : Parameter (PeriphInc) has Id (USART1_TX) currently not set
2026-07-30 13:39:18,151 [INFO] ImportTextPane:194 - (OptionalMessage_ERROR) IP (DMA) : Parameter (MemInc) has Id (USART1_TX) currently not set
2026-07-30 13:39:18,151 [INFO] ImportTextPane:194 - (OptionalMessage_ERROR) IP (DMA) : Parameter (PeriphDataAlignment) has Id (USART1_TX) currently not set
2026-07-30 13:39:18,151 [INFO] ImportTextPane:194 - (OptionalMessage_ERROR) IP (DMA) : Parameter (MemDataAlignment) has Id (USART1_TX) currently not set
2026-07-30 13:39:18,151 [INFO] ImportTextPane:194 - (OptionalMessage_ERROR) IP (DMA) : Parameter (Mode) has Id (USART1_TX) currently not set
2026-07-30 13:39:18,151 [INFO] ImportTextPane:194 - (OptionalMessage_ERROR) IP (DMA) : Parameter (Priority) has Id (USART1_TX) currently not set
2026-07-30 13:39:18,151 [INFO] ImportTextPane:194 - (OptionalMessage_ERROR) IP (DMA) : Parameter (FIFOMode) has Id (USART1_TX) currently not set
2026-07-30 13:39:18,151 [INFO] ImportTextPane:194 - (OptionalMessage_ERROR) IP (DMA) : Parameter (Instance) has Id (ADC1) currently not set
2026-07-30 13:39:18,151 [INFO] ImportTextPane:194 - (OptionalMessage_ERROR) IP (DMA) : Parameter (Channel) has Id (ADC1) currently not set
2026-07-30 13:39:18,151 [INFO] ImportTextPane:194 - (OptionalMessage_ERROR) IP (DMA) : Parameter (Direction) has Id (ADC1) currently not set
2026-07-30 13:39:18,151 [INFO] ImportTextPane:194 - (OptionalMessage_ERROR) IP (DMA) : Parameter (PeriphInc) has Id (ADC1) currently not set
2026-07-30 13:39:18,151 [INFO] ImportTextPane:194 - (OptionalMessage_ERROR) IP (DMA) : Parameter (MemInc) has Id (ADC1) currently not set
2026-07-30 13:39:18,151 [INFO] ImportTextPane:194 - (OptionalMessage_ERROR) IP (DMA) : Parameter (PeriphDataAlignment) has Id (ADC1) currently not set
2026-07-30 13:39:18,151 [INFO] ImportTextPane:194 - (OptionalMessage_ERROR) IP (DMA) : Parameter (MemDataAlignment) has Id (ADC1) currently not set
2026-07-30 13:39:18,151 [INFO] ImportTextPane:194 - (OptionalMessage_ERROR) IP (DMA) : Parameter (Mode) has Id (ADC1) currently not set
2026-07-30 13:39:18,151 [INFO] ImportTextPane:194 - (OptionalMessage_ERROR) IP (DMA) : Parameter (Priority) has Id (ADC1) currently not set
2026-07-30 13:39:18,151 [INFO] ImportTextPane:194 - (OptionalMessage_ERROR) IP (DMA) : Parameter (FIFOMode) has Id (ADC1) currently not set
2026-07-30 13:39:18,157 [INFO] ImportTextPane:194 - (OptionalMessage_ERROR) IP (FREERTOS) : Invalid parameter (Events01)
2026-07-30 13:39:18,159 [INFO] ImportTextPane:194 - (OptionalMessage_ERROR) IP (RCC) : Parameter (RTCHSEDivFreq_Value) has invalid value (12500000)
2026-07-30 13:39:18,791 [INFO] ApiDb:581 - Connected to CubeFinder SQLite database (C:\Users\USER\.stmcufinder\plugins\mcufinder\mcu\cube-finder-db.db)
2026-07-30 13:39:18,978 [INFO] ApiDb:668 - CubeFinder database Data Model version=2.1
2026-07-30 13:39:18,978 [INFO] ApiDb:669 - CubeFinder database Configuration version=3.0.39
2026-07-30 13:39:18,980 [INFO] ApiDb:670 - CubeFinder database generation date=2025-12-22 (1766407740)
2026-07-30 13:39:18,981 [INFO] ApiDb:671 - CubeFinder database FW Pack versions=[FP-ATR-ASTRA1_V2.0.0, FP-SNS-FLIGHT1_V5.1.0, FP-SNS-MOTENV1_V5.1.0, FP-SNS-MOTENVWB1_V1.4.0, FP-SNS-SMARTAG2_V1.2.0, FP-SNS-STBOX1_V2.1.0, STM32Cube_FW_C0_V1.4.0, STM32Cube_FW_F4_V1.28.3, STM32Cube_FW_F7_V1.17.4, STM32Cube_FW_G0_V1.6.2, STM32Cube_FW_G4_V1.6.1, STM32Cube_FW_H5_V1.5.1, STM32Cube_FW_H7RS_V1.3.0, STM32Cube_FW_H7_V1.12.1, STM32Cube_FW_L0_V1.12.2, STM32Cube_FW_L4_V1.18.1, STM32Cube_FW_L5_V1.6.0, STM32Cube_FW_N6_V1.3.0, STM32Cube_FW_U0_V1.3.0, STM32Cube_FW_U3_V1.2.1, STM32Cube_FW_U5_V1.8.0, STM32Cube_FW_WB0_V1.4.0, STM32Cube_FW_WBA_V1.8.0, STM32Cube_FW_WB_V1.24.0, STM32Cube_FW_WL3_V1.3.0, STM32Cube_FW_WL_V1.4.0, X-CUBE-ALGOBUILD_V1.4.0, X-CUBE-ALS_V1.0.2, X-CUBE-AZRTOS-F4_V1.1.0, X-CUBE-AZRTOS-F7_V1.1.0, X-CUBE-AZRTOS-G0_V1.1.0, X-CUBE-AZRTOS-G4_V2.0.0, X-CUBE-AZRTOS-H7RS_V1.1.0, X-CUBE-AZRTOS-H7_V3.4.0, X-CUBE-AZRTOS-L4_V2.0.0, X-CUBE-AZRTOS-L5_V2.0.0, X-CUBE-AZRTOS-WB_V2.0.0, X-CUBE-AZRTOS-WL_V2.0.0, X-CUBE-BLE1_V7.1.0, X-CUBE-BLE2_V3.3.0, X-CUBE-BLEMGR_V4.1.0, X-CUBE-EEPRMA1_V5.2.0, X-CUBE-FREERTOS_V1.3.1, X-CUBE-GNSS1_V6.0.0, X-CUBE-MEMS1_V12.0.0, X-CUBE-NFC4_V3.0.0, X-CUBE-NFC7_V2.0.0, X-CUBE-SFXS2LP1_V4.0.0, X-CUBE-ST67W61_V1.1.0, X-CUBE-SUBG2_V5.0.0, X-CUBE-TOF1_V3.4.3]
2026-07-30 13:39:19,174 [INFO] DbBoardsSqlite:226 - include board P-NUCLEO-WB55-NUCLEO as a kit item of type 'Nucleo-64'
2026-07-30 13:39:19,175 [INFO] DbBoardsSqlite:226 - include board P-NUCLEO-WB55-USBDONGLE as a kit item of type 'Nucleo USB Dongle'
2026-07-30 13:39:19,177 [INFO] DbBoardsSqlite:226 - include board STEVAL-IDP005V1 as a kit item of type 'Evaluation Board'
2026-07-30 13:39:19,177 [INFO] DbBoardsSqlite:226 - include board STEVAL-IDP005V2 as a kit item of type 'Evaluation Board'
2026-07-30 13:39:19,937 [INFO] ApiDb:240 - Found 483 in-development CPN: [B-G473E-ZEST1S, B-WB1M-WPAN1, B-WL5M-SUBG1, NUCLEO-C031C6, NUCLEO-H503RB, NUCLEO-H533RE, NUCLEO-H563ZI, NUCLEO-H7S3L8, NUCLEO-U031R8, NUCLEO-U083RC, NUCLEO-U545RE-Q, NUCLEO-U5A5ZJ-Q, NUCLEO-WBA52CG, NUCLEO-WBA55CG, STEVAL-PROTEUS1, STEVAL-SMARTAG2, STEVAL-STWINBX1, STM320518-EVAL, STM32C0116-DK, STM32C011D6Y3TR, STM32C011D6Y6TR, STM32C011F4P3, STM32C011F4P6, STM32C011F4U3, STM32C011F4U6TR, STM32C011F6P3, STM32C011F6P6, STM32C011F6U3, STM32C011F6U6TR, STM32C011J4M3, STM32C011J4M6, STM32C011J6M3, STM32C011J6M6, STM32C0316-DK, STM32C031C4T3, STM32C031C4T6, STM32C031C4U3, STM32C031C4U6, STM32C031C6T3, STM32C031C6T6, STM32C031C6U3, STM32C031C6U6, STM32C031F4P3, STM32C031F4P6, STM32C031F6P3, STM32C031F6P6, STM32C031G4U3, STM32C031G4U6, STM32C031G6U3, STM32C031G6U6, STM32C031K4T3, STM32C031K4T6, STM32C031K4U3, STM32C031K4U6, STM32C031K6T3, STM32C031K6T6, STM32C031K6U3, STM32C031K6U6, STM32G071K8TXN, STM32G071K8UXN, STM32G081GBU6N, STM32G081KBT6N, STM32G081KBUXN, STM32G0B1CCT6N, STM32G0B1KCT6, STM32G0B1NEY6TR, STM32G0B1RCT6N, STM32G0C1CCT6, STM32G0C1CCT6N, STM32G0C1CCU6N, STM32G0C1CET6N, STM32G0C1CEU6N, STM32G0C1KCT6, STM32G0C1NEY6TR, STM32G0C1RCI6N, STM32G0C1RCT6N, STM32G0C1REI6N, STM32G0C1RET6N, STM32G0C1VCI6, STM32G0C1VEI6, STM32G471CCT6, STM32G471CCU6, STM32G471CET3, STM32G471CET6, STM32G471CEU3, STM32G471CEU6, STM32G471MCT6, STM32G471MET3, STM32G471MET6, STM32G471MEY6TR, STM32G471QCT6, STM32G471QET3, STM32G471RCT6, STM32G471RET3, STM32G471RET6, STM32G471VCH6, STM32G471VCI6, STM32G471VCT6, STM32G471VEH3, STM32G471VEH6, STM32G471VEI3, STM32G471VEI6, STM32G471VET3, STM32G471VET6, STM32G474CCT6, STM32H503CBT6, STM32H503CBU6, STM32H503EBY6TR, STM32H503KBU6, STM32H503RBT6, STM32H523CCT6, STM32H523CCU6, STM32H523CET6, STM32H523CEU6, STM32H523HEY6TR, STM32H523RCT6, STM32H523RET6, STM32H523VCI6, STM32H523VCT6, STM32H523VEI6, STM32H523VET6, STM32H523ZCJ6, STM32H523ZCT6, STM32H523ZEJ6, STM32H523ZET6, STM32H533CET6, STM32H533CEU6, STM32H533HEY6TR, STM32H533RET6, STM32H533VEI6, STM32H533VET6, STM32H533ZEJ6, STM32H533ZET6, STM32H562AGI6, STM32H562AII6, STM32H562IGK6, STM32H562IGT6, STM32H562IIK6, STM32H562IIT6, STM32H562RGT6, STM32H562RGV6, STM32H562RIT6, STM32H562RIV6, STM32H562VGT6, STM32H562VIT6, STM32H562ZGT6, STM32H562ZIT6, STM32H563AGI6, STM32H563AII3Q, STM32H563AII6, STM32H563IGK6, STM32H563IGT6, STM32H563IIK3Q, STM32H563IIK6, STM32H563IIT3Q, STM32H563IIT6, STM32H563MIY3QTR, STM32H563RGT6, STM32H563RGV6, STM32H563RIT6, STM32H563RIV6, STM32H563VGT6, STM32H563VIT3Q, STM32H563VIT6, STM32H563ZGT6, STM32H563ZIT3Q, STM32H563ZIT6, STM32H573AII3Q, STM32H573AII6, STM32H573I-DK, STM32H573IIK3Q, STM32H573IIK6, STM32H573IIT3Q, STM32H573IIT6, STM32H573MIY3QTR, STM32H573RIT6, STM32H573RIV6, STM32H573VIT3Q, STM32H573VIT6, STM32H573ZIT3Q, STM32H573ZIT6, STM32H7R3A8I6, STM32H7R3I8K6, STM32H7R3I8T6, STM32H7R3L8H6, STM32H7R3L8H6H, STM32H7R3R8V6, STM32H7R3V8H6, STM32H7R3V8T6, STM32H7R3V8Y6, STM32H7R3Z8J6, STM32H7R3Z8T6, STM32H7R7A8I6, STM32H7R7I8K6, STM32H7R7I8T6, STM32H7R7L8H6, STM32H7R7L8H6H, STM32H7R7Z8J6, STM32H7S3A8I6, STM32H7S3I8K6, STM32H7S3I8T6, STM32H7S3L8H6, STM32H7S3L8H6H, STM32H7S3R8V6, STM32H7S3V8H6, STM32H7S3V8T6, STM32H7S3V8Y6, STM32H7S3Z8J6, STM32H7S3Z8T6, STM32H7S78-DK, STM32H7S7A8I6, STM32H7S7I8K6, STM32H7S7I8T6, STM32H7S7L8H6, STM32H7S7L8H6H, STM32H7S7Z8J6, STM32L4R5QGI6STR, STM32MP131AAE3, STM32MP131AAF3, STM32MP131AAG3, STM32MP131CAE3, STM32MP131CAF3, STM32MP131CAG3, STM32MP131DAE7, STM32MP131DAF7, STM32MP131DAG7, STM32MP131FAE7, STM32MP131FAF7, STM32MP131FAG7, STM32MP133AAE3, STM32MP133AAF3, STM32MP133AAG3, STM32MP133CAE3, STM32MP133CAF3, STM32MP133CAG3, STM32MP133DAE7, STM32MP133DAF7, STM32MP133DAG7, STM32MP133FAE7, STM32MP133FAF7, STM32MP133FAG7, STM32MP135AAE3, STM32MP135AAF3, STM32MP135AAG3, STM32MP135CAE3, STM32MP135CAF3, STM32MP135CAG3, STM32MP135DAE7, STM32MP135DAF7, STM32MP135DAG7, STM32MP135F-DK, STM32MP135FAE7, STM32MP135FAF7, STM32MP135FAF7T, STM32MP135FAF7U, STM32MP135FAG7, STM32U031C6T6, STM32U031C6U6, STM32U031C8T6, STM32U031C8U6, STM32U031F4P6, STM32U031F6P6, STM32U031F8P6, STM32U031G6Y6TR, STM32U031G8Y6TR, STM32U031K4U6, STM32U031K6U6, STM32U031K8U6, STM32U031R6I6, STM32U031R6T6, STM32U031R8I6, STM32U031R8T6, STM32U073C8T6, STM32U073C8U6, STM32U073CBT6, STM32U073CBU6, STM32U073CCT6, STM32U073CCU6, STM32U073H8Y6TR, STM32U073HBY6TR, STM32U073HCY6TR, STM32U073K8U6, STM32U073KBU6, STM32U073KCU6, STM32U073M8I6, STM32U073M8T6, STM32U073MBI6, STM32U073MBT6, STM32U073MCI6, STM32U073MCT6, STM32U073R8I6, STM32U073R8T6, STM32U073RBI6, STM32U073RBT6, STM32U073RCI6, STM32U073RCT6, STM32U083C-DK, STM32U083CCT6, STM32U083CCU6, STM32U083HCY6TR, STM32U083KCU6, STM32U083MCI6, STM32U083MCT6, STM32U083RCI6, STM32U083RCT6, STM32U535CBT6, STM32U535CBT6Q, STM32U535CBU6, STM32U535CBU6Q, STM32U535CCT6, STM32U535CCT6Q, STM32U535CCU6, STM32U535CCU6Q, STM32U535CET6, STM32U535CET6Q, STM32U535CEU6, STM32U535CEU6Q, STM32U535JEY6QTR, STM32U535NCY6QTR, STM32U535NEY6QTR, STM32U535RBI6, STM32U535RBI6Q, STM32U535RBT6, STM32U535RBT6Q, STM32U535RCI6, STM32U535RCI6Q, STM32U535RCT6, STM32U535RCT6Q, STM32U535REI6, STM32U535REI6Q, STM32U535RET6, STM32U535RET6Q, STM32U535VCI6, STM32U535VCI6Q, STM32U535VCT6, STM32U535VCT6Q, STM32U535VEI6, STM32U535VEI6Q, STM32U535VET6, STM32U535VET6Q, STM32U545CET6, STM32U545CET6Q, STM32U545CEU6, STM32U545CEU6Q, STM32U545JEY6QTR, STM32U545NEY6QTR, STM32U545REI6, STM32U545REI6Q, STM32U545RET6, STM32U545RET6Q, STM32U545VEI6, STM32U545VEI6Q, STM32U545VET6, STM32U545VET6Q, STM32U595AIH6, STM32U595AIH6Q, STM32U595AJH6, STM32U595AJH6Q, STM32U595QII6, STM32U595QII6Q, STM32U595QJI6, STM32U595QJI6Q, STM32U595RIT6, STM32U595RIT6Q, STM32U595RJT6, STM32U595RJT6Q, STM32U595VIT6, STM32U595VIT6Q, STM32U595VJT6, STM32U595VJT6Q, STM32U595ZIT6, STM32U595ZIT6Q, STM32U595ZIY6QTR, STM32U595ZJT6, STM32U595ZJT6Q, STM32U595ZJY6QTR, STM32U599BJY6QTR, STM32U599NIH6Q, STM32U599NJH6Q, STM32U599VIT6Q, STM32U599VJT6, STM32U599VJT6Q, STM32U599ZIT6Q, STM32U599ZIY6QTR, STM32U599ZJT6Q, STM32U599ZJY6QTR, STM32U5A5AJH6, STM32U5A5AJH6Q, STM32U5A5QII3Q , STM32U5A5QJI6, STM32U5A5QJI6Q, STM32U5A5RJT6, STM32U5A5RJT6Q, STM32U5A5VJT6, STM32U5A5VJT6Q, STM32U5A5ZJT6, STM32U5A5ZJT6Q, STM32U5A5ZJY6QTR, STM32U5A9BJY6QTR, STM32U5A9J-DK, STM32U5A9NJH6Q, STM32U5A9VJT6Q, STM32U5A9ZJT6Q, STM32U5A9ZJY6QTR, STM32U5F7VIT6, STM32U5F7VIT6Q, STM32U5F7VJT6, STM32U5F7VJT6Q, STM32U5F9BJY6QTR, STM32U5F9NJH6Q, STM32U5F9VIT6Q, STM32U5F9VJT6Q, STM32U5F9ZIJ6QTR, STM32U5F9ZIT6Q, STM32U5F9ZJJ6QTR, STM32U5F9ZJT6Q, STM32U5G7VJT6, STM32U5G7VJT6Q, STM32U5G9BJY6QTR, STM32U5G9J-DK1, STM32U5G9J-DK2, STM32U5G9NJH6Q, STM32U5G9VJT6Q, STM32U5G9ZJJ6QTR, STM32U5G9ZJT6Q, STM32WB1MMCH6, STM32WBA50KEU6, STM32WBA50KEU6TR, STM32WBA50KGU6, STM32WBA50KGU6TR, STM32WBA52CEU6, STM32WBA52CEU6TR, STM32WBA52CEU7, STM32WBA52CEU7TR, STM32WBA52CGU6, STM32WBA52CGU6TR, STM32WBA52CGU6U, STM32WBA52CGU7, STM32WBA52CGU7TR, STM32WBA52KEU6, STM32WBA52KEU6TR, STM32WBA52KGU6, STM32WBA52KGU6TR, STM32WBA54CEU6, STM32WBA54CEU6TR, STM32WBA54CEU7, STM32WBA54CEU7TR, STM32WBA54CGU6, STM32WBA54CGU6TR, STM32WBA54CGU7, STM32WBA54CGU7TR, STM32WBA54KEU6, STM32WBA54KEU6TR, STM32WBA54KEU7, STM32WBA54KEU7TR, STM32WBA54KGU6, STM32WBA54KGU6TR, STM32WBA54KGU7, STM32WBA54KGU7TR, STM32WBA55CEU6, STM32WBA55CEU6TR, STM32WBA55CEU7, STM32WBA55CEU7TR, STM32WBA55CGU6, STM32WBA55CGU6TR, STM32WBA55CGU6U, STM32WBA55CGU7, STM32WBA55CGU7TR, STM32WBA55G-DK1, STM32WBA55HEF6, STM32WBA55HEF7, STM32WBA55HGF6, STM32WBA55HGF7, STM32WBA55UEI6, STM32WBA55UEI6TR, STM32WBA55UEI7, STM32WBA55UEI7TR, STM32WBA55UGI6, STM32WBA55UGI6TR, STM32WBA55UGI7, STM32WBA55UGI7TR, STM32WL5MOCH6, STM32WL5MOCH6TR]
2026-07-30 13:39:19,940 [INFO] ApiDb:668 - CubeFinder database Data Model version=2.1
2026-07-30 13:39:19,940 [INFO] ApiDb:669 - CubeFinder database Configuration version=3.0.39
2026-07-30 13:39:19,941 [INFO] ApiDb:670 - CubeFinder database generation date=2025-12-22 (1766407740)
2026-07-30 13:39:19,941 [INFO] ApiDb:671 - CubeFinder database FW Pack versions=[FP-ATR-ASTRA1_V2.0.0, FP-SNS-FLIGHT1_V5.1.0, FP-SNS-MOTENV1_V5.1.0, FP-SNS-MOTENVWB1_V1.4.0, FP-SNS-SMARTAG2_V1.2.0, FP-SNS-STBOX1_V2.1.0, STM32Cube_FW_C0_V1.4.0, STM32Cube_FW_F4_V1.28.3, STM32Cube_FW_F7_V1.17.4, STM32Cube_FW_G0_V1.6.2, STM32Cube_FW_G4_V1.6.1, STM32Cube_FW_H5_V1.5.1, STM32Cube_FW_H7RS_V1.3.0, STM32Cube_FW_H7_V1.12.1, STM32Cube_FW_L0_V1.12.2, STM32Cube_FW_L4_V1.18.1, STM32Cube_FW_L5_V1.6.0, STM32Cube_FW_N6_V1.3.0, STM32Cube_FW_U0_V1.3.0, STM32Cube_FW_U3_V1.2.1, STM32Cube_FW_U5_V1.8.0, STM32Cube_FW_WB0_V1.4.0, STM32Cube_FW_WBA_V1.8.0, STM32Cube_FW_WB_V1.24.0, STM32Cube_FW_WL3_V1.3.0, STM32Cube_FW_WL_V1.4.0, X-CUBE-ALGOBUILD_V1.4.0, X-CUBE-ALS_V1.0.2, X-CUBE-AZRTOS-F4_V1.1.0, X-CUBE-AZRTOS-F7_V1.1.0, X-CUBE-AZRTOS-G0_V1.1.0, X-CUBE-AZRTOS-G4_V2.0.0, X-CUBE-AZRTOS-H7RS_V1.1.0, X-CUBE-AZRTOS-H7_V3.4.0, X-CUBE-AZRTOS-L4_V2.0.0, X-CUBE-AZRTOS-L5_V2.0.0, X-CUBE-AZRTOS-WB_V2.0.0, X-CUBE-AZRTOS-WL_V2.0.0, X-CUBE-BLE1_V7.1.0, X-CUBE-BLE2_V3.3.0, X-CUBE-BLEMGR_V4.1.0, X-CUBE-EEPRMA1_V5.2.0, X-CUBE-FREERTOS_V1.3.1, X-CUBE-GNSS1_V6.0.0, X-CUBE-MEMS1_V12.0.0, X-CUBE-NFC4_V3.0.0, X-CUBE-NFC7_V2.0.0, X-CUBE-SFXS2LP1_V4.0.0, X-CUBE-ST67W61_V1.1.0, X-CUBE-SUBG2_V5.0.0, X-CUBE-TOF1_V3.4.3]
2026-07-30 13:39:22,197 [INFO] ApiDb:240 - Found 483 in-development CPN: [B-G473E-ZEST1S, B-WB1M-WPAN1, B-WL5M-SUBG1, NUCLEO-C031C6, NUCLEO-H503RB, NUCLEO-H533RE, NUCLEO-H563ZI, NUCLEO-H7S3L8, NUCLEO-U031R8, NUCLEO-U083RC, NUCLEO-U545RE-Q, NUCLEO-U5A5ZJ-Q, NUCLEO-WBA52CG, NUCLEO-WBA55CG, STEVAL-PROTEUS1, STEVAL-SMARTAG2, STEVAL-STWINBX1, STM320518-EVAL, STM32C0116-DK, STM32C011D6Y3TR, STM32C011D6Y6TR, STM32C011F4P3, STM32C011F4P6, STM32C011F4U3, STM32C011F4U6TR, STM32C011F6P3, STM32C011F6P6, STM32C011F6U3, STM32C011F6U6TR, STM32C011J4M3, STM32C011J4M6, STM32C011J6M3, STM32C011J6M6, STM32C0316-DK, STM32C031C4T3, STM32C031C4T6, STM32C031C4U3, STM32C031C4U6, STM32C031C6T3, STM32C031C6T6, STM32C031C6U3, STM32C031C6U6, STM32C031F4P3, STM32C031F4P6, STM32C031F6P3, STM32C031F6P6, STM32C031G4U3, STM32C031G4U6, STM32C031G6U3, STM32C031G6U6, STM32C031K4T3, STM32C031K4T6, STM32C031K4U3, STM32C031K4U6, STM32C031K6T3, STM32C031K6T6, STM32C031K6U3, STM32C031K6U6, STM32G071K8TXN, STM32G071K8UXN, STM32G081GBU6N, STM32G081KBT6N, STM32G081KBUXN, STM32G0B1CCT6N, STM32G0B1KCT6, STM32G0B1NEY6TR, STM32G0B1RCT6N, STM32G0C1CCT6, STM32G0C1CCT6N, STM32G0C1CCU6N, STM32G0C1CET6N, STM32G0C1CEU6N, STM32G0C1KCT6, STM32G0C1NEY6TR, STM32G0C1RCI6N, STM32G0C1RCT6N, STM32G0C1REI6N, STM32G0C1RET6N, STM32G0C1VCI6, STM32G0C1VEI6, STM32G471CCT6, STM32G471CCU6, STM32G471CET3, STM32G471CET6, STM32G471CEU3, STM32G471CEU6, STM32G471MCT6, STM32G471MET3, STM32G471MET6, STM32G471MEY6TR, STM32G471QCT6, STM32G471QET3, STM32G471RCT6, STM32G471RET3, STM32G471RET6, STM32G471VCH6, STM32G471VCI6, STM32G471VCT6, STM32G471VEH3, STM32G471VEH6, STM32G471VEI3, STM32G471VEI6, STM32G471VET3, STM32G471VET6, STM32G474CCT6, STM32H503CBT6, STM32H503CBU6, STM32H503EBY6TR, STM32H503KBU6, STM32H503RBT6, STM32H523CCT6, STM32H523CCU6, STM32H523CET6, STM32H523CEU6, STM32H523HEY6TR, STM32H523RCT6, STM32H523RET6, STM32H523VCI6, STM32H523VCT6, STM32H523VEI6, STM32H523VET6, STM32H523ZCJ6, STM32H523ZCT6, STM32H523ZEJ6, STM32H523ZET6, STM32H533CET6, STM32H533CEU6, STM32H533HEY6TR, STM32H533RET6, STM32H533VEI6, STM32H533VET6, STM32H533ZEJ6, STM32H533ZET6, STM32H562AGI6, STM32H562AII6, STM32H562IGK6, STM32H562IGT6, STM32H562IIK6, STM32H562IIT6, STM32H562RGT6, STM32H562RGV6, STM32H562RIT6, STM32H562RIV6, STM32H562VGT6, STM32H562VIT6, STM32H562ZGT6, STM32H562ZIT6, STM32H563AGI6, STM32H563AII3Q, STM32H563AII6, STM32H563IGK6, STM32H563IGT6, STM32H563IIK3Q, STM32H563IIK6, STM32H563IIT3Q, STM32H563IIT6, STM32H563MIY3QTR, STM32H563RGT6, STM32H563RGV6, STM32H563RIT6, STM32H563RIV6, STM32H563VGT6, STM32H563VIT3Q, STM32H563VIT6, STM32H563ZGT6, STM32H563ZIT3Q, STM32H563ZIT6, STM32H573AII3Q, STM32H573AII6, STM32H573I-DK, STM32H573IIK3Q, STM32H573IIK6, STM32H573IIT3Q, STM32H573IIT6, STM32H573MIY3QTR, STM32H573RIT6, STM32H573RIV6, STM32H573VIT3Q, STM32H573VIT6, STM32H573ZIT3Q, STM32H573ZIT6, STM32H7R3A8I6, STM32H7R3I8K6, STM32H7R3I8T6, STM32H7R3L8H6, STM32H7R3L8H6H, STM32H7R3R8V6, STM32H7R3V8H6, STM32H7R3V8T6, STM32H7R3V8Y6, STM32H7R3Z8J6, STM32H7R3Z8T6, STM32H7R7A8I6, STM32H7R7I8K6, STM32H7R7I8T6, STM32H7R7L8H6, STM32H7R7L8H6H, STM32H7R7Z8J6, STM32H7S3A8I6, STM32H7S3I8K6, STM32H7S3I8T6, STM32H7S3L8H6, STM32H7S3L8H6H, STM32H7S3R8V6, STM32H7S3V8H6, STM32H7S3V8T6, STM32H7S3V8Y6, STM32H7S3Z8J6, STM32H7S3Z8T6, STM32H7S78-DK, STM32H7S7A8I6, STM32H7S7I8K6, STM32H7S7I8T6, STM32H7S7L8H6, STM32H7S7L8H6H, STM32H7S7Z8J6, STM32L4R5QGI6STR, STM32MP131AAE3, STM32MP131AAF3, STM32MP131AAG3, STM32MP131CAE3, STM32MP131CAF3, STM32MP131CAG3, STM32MP131DAE7, STM32MP131DAF7, STM32MP131DAG7, STM32MP131FAE7, STM32MP131FAF7, STM32MP131FAG7, STM32MP133AAE3, STM32MP133AAF3, STM32MP133AAG3, STM32MP133CAE3, STM32MP133CAF3, STM32MP133CAG3, STM32MP133DAE7, STM32MP133DAF7, STM32MP133DAG7, STM32MP133FAE7, STM32MP133FAF7, STM32MP133FAG7, STM32MP135AAE3, STM32MP135AAF3, STM32MP135AAG3, STM32MP135CAE3, STM32MP135CAF3, STM32MP135CAG3, STM32MP135DAE7, STM32MP135DAF7, STM32MP135DAG7, STM32MP135F-DK, STM32MP135FAE7, STM32MP135FAF7, STM32MP135FAF7T, STM32MP135FAF7U, STM32MP135FAG7, STM32U031C6T6, STM32U031C6U6, STM32U031C8T6, STM32U031C8U6, STM32U031F4P6, STM32U031F6P6, STM32U031F8P6, STM32U031G6Y6TR, STM32U031G8Y6TR, STM32U031K4U6, STM32U031K6U6, STM32U031K8U6, STM32U031R6I6, STM32U031R6T6, STM32U031R8I6, STM32U031R8T6, STM32U073C8T6, STM32U073C8U6, STM32U073CBT6, STM32U073CBU6, STM32U073CCT6, STM32U073CCU6, STM32U073H8Y6TR, STM32U073HBY6TR, STM32U073HCY6TR, STM32U073K8U6, STM32U073KBU6, STM32U073KCU6, STM32U073M8I6, STM32U073M8T6, STM32U073MBI6, STM32U073MBT6, STM32U073MCI6, STM32U073MCT6, STM32U073R8I6, STM32U073R8T6, STM32U073RBI6, STM32U073RBT6, STM32U073RCI6, STM32U073RCT6, STM32U083C-DK, STM32U083CCT6, STM32U083CCU6, STM32U083HCY6TR, STM32U083KCU6, STM32U083MCI6, STM32U083MCT6, STM32U083RCI6, STM32U083RCT6, STM32U535CBT6, STM32U535CBT6Q, STM32U535CBU6, STM32U535CBU6Q, STM32U535CCT6, STM32U535CCT6Q, STM32U535CCU6, STM32U535CCU6Q, STM32U535CET6, STM32U535CET6Q, STM32U535CEU6, STM32U535CEU6Q, STM32U535JEY6QTR, STM32U535NCY6QTR, STM32U535NEY6QTR, STM32U535RBI6, STM32U535RBI6Q, STM32U535RBT6, STM32U535RBT6Q, STM32U535RCI6, STM32U535RCI6Q, STM32U535RCT6, STM32U535RCT6Q, STM32U535REI6, STM32U535REI6Q, STM32U535RET6, STM32U535RET6Q, STM32U535VCI6, STM32U535VCI6Q, STM32U535VCT6, STM32U535VCT6Q, STM32U535VEI6, STM32U535VEI6Q, STM32U535VET6, STM32U535VET6Q, STM32U545CET6, STM32U545CET6Q, STM32U545CEU6, STM32U545CEU6Q, STM32U545JEY6QTR, STM32U545NEY6QTR, STM32U545REI6, STM32U545REI6Q, STM32U545RET6, STM32U545RET6Q, STM32U545VEI6, STM32U545VEI6Q, STM32U545VET6, STM32U545VET6Q, STM32U595AIH6, STM32U595AIH6Q, STM32U595AJH6, STM32U595AJH6Q, STM32U595QII6, STM32U595QII6Q, STM32U595QJI6, STM32U595QJI6Q, STM32U595RIT6, STM32U595RIT6Q, STM32U595RJT6, STM32U595RJT6Q, STM32U595VIT6, STM32U595VIT6Q, STM32U595VJT6, STM32U595VJT6Q, STM32U595ZIT6, STM32U595ZIT6Q, STM32U595ZIY6QTR, STM32U595ZJT6, STM32U595ZJT6Q, STM32U595ZJY6QTR, STM32U599BJY6QTR, STM32U599NIH6Q, STM32U599NJH6Q, STM32U599VIT6Q, STM32U599VJT6, STM32U599VJT6Q, STM32U599ZIT6Q, STM32U599ZIY6QTR, STM32U599ZJT6Q, STM32U599ZJY6QTR, STM32U5A5AJH6, STM32U5A5AJH6Q, STM32U5A5QII3Q , STM32U5A5QJI6, STM32U5A5QJI6Q, STM32U5A5RJT6, STM32U5A5RJT6Q, STM32U5A5VJT6, STM32U5A5VJT6Q, STM32U5A5ZJT6, STM32U5A5ZJT6Q, STM32U5A5ZJY6QTR, STM32U5A9BJY6QTR, STM32U5A9J-DK, STM32U5A9NJH6Q, STM32U5A9VJT6Q, STM32U5A9ZJT6Q, STM32U5A9ZJY6QTR, STM32U5F7VIT6, STM32U5F7VIT6Q, STM32U5F7VJT6, STM32U5F7VJT6Q, STM32U5F9BJY6QTR, STM32U5F9NJH6Q, STM32U5F9VIT6Q, STM32U5F9VJT6Q, STM32U5F9ZIJ6QTR, STM32U5F9ZIT6Q, STM32U5F9ZJJ6QTR, STM32U5F9ZJT6Q, STM32U5G7VJT6, STM32U5G7VJT6Q, STM32U5G9BJY6QTR, STM32U5G9J-DK1, STM32U5G9J-DK2, STM32U5G9NJH6Q, STM32U5G9VJT6Q, STM32U5G9ZJJ6QTR, STM32U5G9ZJT6Q, STM32WB1MMCH6, STM32WBA50KEU6, STM32WBA50KEU6TR, STM32WBA50KGU6, STM32WBA50KGU6TR, STM32WBA52CEU6, STM32WBA52CEU6TR, STM32WBA52CEU7, STM32WBA52CEU7TR, STM32WBA52CGU6, STM32WBA52CGU6TR, STM32WBA52CGU6U, STM32WBA52CGU7, STM32WBA52CGU7TR, STM32WBA52KEU6, STM32WBA52KEU6TR, STM32WBA52KGU6, STM32WBA52KGU6TR, STM32WBA54CEU6, STM32WBA54CEU6TR, STM32WBA54CEU7, STM32WBA54CEU7TR, STM32WBA54CGU6, STM32WBA54CGU6TR, STM32WBA54CGU7, STM32WBA54CGU7TR, STM32WBA54KEU6, STM32WBA54KEU6TR, STM32WBA54KEU7, STM32WBA54KEU7TR, STM32WBA54KGU6, STM32WBA54KGU6TR, STM32WBA54KGU7, STM32WBA54KGU7TR, STM32WBA55CEU6, STM32WBA55CEU6TR, STM32WBA55CEU7, STM32WBA55CEU7TR, STM32WBA55CGU6, STM32WBA55CGU6TR, STM32WBA55CGU6U, STM32WBA55CGU7, STM32WBA55CGU7TR, STM32WBA55G-DK1, STM32WBA55HEF6, STM32WBA55HEF7, STM32WBA55HGF6, STM32WBA55HGF7, STM32WBA55UEI6, STM32WBA55UEI6TR, STM32WBA55UEI7, STM32WBA55UEI7TR, STM32WBA55UGI6, STM32WBA55UGI6TR, STM32WBA55UGI7, STM32WBA55UGI7TR, STM32WL5MOCH6, STM32WL5MOCH6TR]
2026-07-30 13:39:22,203 [INFO] DbMcus:218 - Found 4816 MCUs, 4816 are supported
2026-07-30 13:39:22,207 [INFO] ApiDb:423 - Load user favorites file C:\Users\USER/.stm32cubeide/favorites.mcus.txt: 0 item(s)
2026-07-30 13:39:22,207 [INFO] ApiDb:427 - User favorites MCUs=[]
2026-07-30 13:39:22,208 [INFO] DbMcus:224 - Set 0 / 0 favorites MCUs
2026-07-30 13:39:22,711 [INFO] BoardInfo:889 - No configuration file found for board B-WBA5M-WPAN
2026-07-30 13:39:22,713 [INFO] DbBoards:161 - Board is not supported: B-WBA5M-WPAN
2026-07-30 13:39:22,717 [INFO] BoardInfo:889 - No configuration file found for board NUCLEO-C051C8
2026-07-30 13:39:22,718 [INFO] DbBoards:161 - Board is not supported: NUCLEO-C051C8
2026-07-30 13:39:22,719 [INFO] BoardInfo:889 - No configuration file found for board NUCLEO-C071RB
2026-07-30 13:39:22,720 [INFO] DbBoards:161 - Board is not supported: NUCLEO-C071RB
2026-07-30 13:39:22,721 [INFO] BoardInfo:889 - No configuration file found for board NUCLEO-C092RC
2026-07-30 13:39:22,721 [INFO] DbBoards:161 - Board is not supported: NUCLEO-C092RC
2026-07-30 13:39:22,807 [INFO] BoardInfo:889 - No configuration file found for board NUCLEO-N657X0-Q
2026-07-30 13:39:22,808 [INFO] DbBoards:161 - Board is not supported: NUCLEO-N657X0-Q
2026-07-30 13:39:22,812 [INFO] BoardInfo:889 - No configuration file found for board NUCLEO-U385RG-Q
2026-07-30 13:39:22,812 [INFO] DbBoards:161 - Board is not supported: NUCLEO-U385RG-Q
2026-07-30 13:39:22,818 [INFO] BoardInfo:889 - No configuration file found for board NUCLEO-WB05KZ
2026-07-30 13:39:22,818 [INFO] DbBoards:161 - Board is not supported: NUCLEO-WB05KZ
2026-07-30 13:39:22,819 [INFO] BoardInfo:889 - No configuration file found for board NUCLEO-WB07CC
2026-07-30 13:39:22,820 [INFO] DbBoards:161 - Board is not supported: NUCLEO-WB07CC
2026-07-30 13:39:22,821 [INFO] BoardInfo:889 - No configuration file found for board NUCLEO-WB09KE
2026-07-30 13:39:22,822 [INFO] DbBoards:161 - Board is not supported: NUCLEO-WB09KE
2026-07-30 13:39:22,827 [INFO] BoardInfo:889 - No configuration file found for board NUCLEO-WBA65RI
2026-07-30 13:39:22,828 [INFO] DbBoards:161 - Board is not supported: NUCLEO-WBA65RI
2026-07-30 13:39:22,828 [INFO] BoardInfo:889 - No configuration file found for board NUCLEO-WL33CC1
2026-07-30 13:39:22,829 [INFO] DbBoards:161 - Board is not supported: NUCLEO-WL33CC1
2026-07-30 13:39:22,830 [INFO] BoardInfo:889 - No configuration file found for board NUCLEO-WL33CC2
2026-07-30 13:39:22,830 [INFO] DbBoards:161 - Board is not supported: NUCLEO-WL33CC2
2026-07-30 13:39:22,837 [INFO] BoardInfo:889 - No configuration file found for board P-NUCLEO-WB55
2026-07-30 13:39:22,837 [INFO] DbBoards:161 - Kit is not supported: P-NUCLEO-WB55
2026-07-30 13:39:22,841 [INFO] BoardInfo:889 - No configuration file found for board STEVAL-BFA001V1B
2026-07-30 13:39:22,842 [INFO] DbBoards:161 - Kit is not supported: STEVAL-BFA001V1B
2026-07-30 13:39:22,843 [INFO] BoardInfo:889 - No configuration file found for board STEVAL-BFA001V2B
2026-07-30 13:39:22,843 [INFO] DbBoards:161 - Kit is not supported: STEVAL-BFA001V2B
2026-07-30 13:39:23,001 [INFO] BoardInfo:889 - No configuration file found for board STM32MP257F-DK
2026-07-30 13:39:23,003 [INFO] DbBoards:161 - Board is not supported: STM32MP257F-DK
2026-07-30 13:39:23,004 [INFO] BoardInfo:889 - No configuration file found for board STM32MP257F-EV1
2026-07-30 13:39:23,004 [INFO] DbBoards:161 - Board is not supported: STM32MP257F-EV1
2026-07-30 13:39:23,005 [INFO] BoardInfo:889 - No configuration file found for board STM32N6570-DK
2026-07-30 13:39:23,006 [INFO] DbBoards:161 - Board is not supported: STM32N6570-DK
2026-07-30 13:39:23,015 [INFO] BoardInfo:889 - No configuration file found for board STM32WBA65I-DK1
2026-07-30 13:39:23,016 [INFO] DbBoards:161 - Board is not supported: STM32WBA65I-DK1
2026-07-30 13:39:23,016 [INFO] DbBoards:168 - Found 211 boards, 192 are supported
2026-07-30 13:39:23,016 [INFO] DbBoards:169 - Found 211 boards, 8 of them is supported for  Bsp
2026-07-30 13:39:23,021 [INFO] ApiDb:423 - Load user favorites file C:\Users\USER/.stm32cubeide/favorites.boards.txt: 0 item(s)
2026-07-30 13:39:23,021 [INFO] ApiDb:427 - User favorites Boards=[]
2026-07-30 13:39:23,021 [INFO] DbBoards:198 - Set 0 / 0 favorites Boards
2026-07-30 13:39:23,181 [INFO] UtilMem:75 - End LoadConfig() Used Memory: 754555416 Bytes (1073741824)
2026-07-30 13:39:23,446 [WARN] ThirdParty:833 - waiting for thirdparty lock release [change project]
2026-07-30 13:39:23,446 [INFO] ThirdParty:835 - entering critical section [change project]
2026-07-30 13:39:23,446 [INFO] ThirdParty:1030 - CMSIS Pack Vendor :STMicroelectronics X-CUBE-AZRTOS-H7 3.5.0
2026-07-30 13:39:23,446 [INFO] ThirdParty:1030 - CMSIS Pack Vendor :STMicroelectronics X-CUBE-PM33A1 1.0.0
2026-07-30 13:39:23,446 [INFO] ThirdParty:1030 - CMSIS Pack Vendor :STMicroelectronics USBPD 4.1
2026-07-30 13:39:23,446 [INFO] ThirdParty:1030 - CMSIS Pack Vendor :STMicroelectronics X-CUBE-GNSS1 6.0.0
2026-07-30 13:39:23,446 [INFO] ThirdParty:1030 - CMSIS Pack Vendor :STMicroelectronics USB_HOST 2.0.0
2026-07-30 13:39:23,446 [INFO] ThirdParty:1030 - CMSIS Pack Vendor :STMicroelectronics FP-SNS-MOTENVWB1 1.4.0
2026-07-30 13:39:23,446 [INFO] ThirdParty:1030 - CMSIS Pack Vendor :STMicroelectronics FP-ATR-ASTRA1 2.0.3
2026-07-30 13:39:23,446 [INFO] ThirdParty:1030 - CMSIS Pack Vendor :STMicroelectronics X-CUBE-AZRTOS-F4 1.1.0
2026-07-30 13:39:23,446 [INFO] ThirdParty:1030 - CMSIS Pack Vendor :STMicroelectronics LIBJPEG 8.0.0
2026-07-30 13:39:23,446 [INFO] ThirdParty:1030 - CMSIS Pack Vendor :STMicroelectronics FP-ATR-ASTRA1 2.0.2
2026-07-30 13:39:23,446 [INFO] ThirdParty:1030 - CMSIS Pack Vendor :STMicroelectronics FP-ATR-ASTRA1 2.0.1
2026-07-30 13:39:23,446 [INFO] ThirdParty:1030 - CMSIS Pack Vendor :STMicroelectronics X-CUBE-SMBUS 2.1.0
2026-07-30 13:39:23,446 [INFO] ThirdParty:1030 - CMSIS Pack Vendor :STMicroelectronics X-CUBE-WB05N 1.1.0
2026-07-30 13:39:23,446 [INFO] ThirdParty:1030 - CMSIS Pack Vendor :STMicroelectronics X-CUBE-ISPU 2.1.0
2026-07-30 13:39:23,446 [INFO] ThirdParty:1030 - CMSIS Pack Vendor :STMicroelectronics X-CUBE-FREERTOS 1.2.0
2026-07-30 13:39:23,446 [INFO] ThirdParty:1030 - CMSIS Pack Vendor :STMicroelectronics X-CUBE-NFC12 1.0.0
2026-07-30 13:39:23,446 [INFO] ThirdParty:1030 - CMSIS Pack Vendor :STMicroelectronics X-CUBE-TOUCHGFX 4.23.2
2026-07-30 13:39:23,446 [INFO] ThirdParty:1030 - CMSIS Pack Vendor :STMicroelectronics X-CUBE-AZRTOS-F7 1.1.0
2026-07-30 13:39:23,446 [INFO] ThirdParty:1030 - CMSIS Pack Vendor :STMicroelectronics X-CUBE-AZRTOS-L5 2.0.0
2026-07-30 13:39:23,446 [INFO] ThirdParty:1030 - CMSIS Pack Vendor :STMicroelectronics USB_DEVICE 2.0.0
2026-07-30 13:39:23,446 [INFO] ThirdParty:1030 - CMSIS Pack Vendor :STMicroelectronics X-CUBE-NFC6 3.1.0
2026-07-30 13:39:23,446 [INFO] ThirdParty:1030 - CMSIS Pack Vendor :STMicroelectronics X-CUBE-MEMS1 11.0.0
2026-07-30 13:39:23,446 [INFO] ThirdParty:1030 - CMSIS Pack Vendor :STMicroelectronics X-CUBE-ALGOBUILD 1.5.0
2026-07-30 13:39:23,446 [INFO] ThirdParty:1030 - CMSIS Pack Vendor :STMicroelectronics FreeRTOS 0.0.1
2026-07-30 13:39:23,446 [INFO] ThirdParty:1030 - CMSIS Pack Vendor :STMicroelectronics X-CUBE-AZRTOS-H7RS 1.3.0
2026-07-30 13:39:23,447 [INFO] ThirdParty:1030 - CMSIS Pack Vendor :STMicroelectronics X-CUBE-DPower 1.2.0
2026-07-30 13:39:23,447 [INFO] ThirdParty:1030 - CMSIS Pack Vendor :STMicroelectronics X-CUBE-MEMS1 13.0.0
2026-07-30 13:39:23,447 [INFO] ThirdParty:1030 - CMSIS Pack Vendor :STMicroelectronics FP-SNS-FLIGHT1 5.0.2
2026-07-30 13:39:23,447 [INFO] ThirdParty:1030 - CMSIS Pack Vendor :STMicroelectronics X-CUBE-AI 9.0.0
2026-07-30 13:39:23,447 [INFO] ThirdParty:1030 - CMSIS Pack Vendor :STMicroelectronics PDM2PCM 3.3.0
2026-07-30 13:39:23,447 [INFO] ThirdParty:1030 - CMSIS Pack Vendor :STMicroelectronics X-CUBE-AZRTOS-H7 3.4.0
2026-07-30 13:39:23,447 [INFO] ThirdParty:1030 - CMSIS Pack Vendor :STMicroelectronics X-CUBE-DISPLAY 3.0.0
2026-07-30 13:39:23,447 [INFO] ThirdParty:1030 - CMSIS Pack Vendor :STMicroelectronics X-CUBE-GNSS1 7.1.1
2026-07-30 13:39:23,447 [INFO] ThirdParty:1030 - CMSIS Pack Vendor :STMicroelectronics X-CUBE-BLE1 7.0.0
2026-07-30 13:39:23,447 [INFO] ThirdParty:1030 - CMSIS Pack Vendor :STMicroelectronics X-CUBE-NFC10 1.0.0
2026-07-30 13:39:23,447 [INFO] ThirdParty:1030 - CMSIS Pack Vendor :STMicroelectronics X-CUBE-BLEMGR 4.0.0
2026-07-30 13:39:23,447 [INFO] ThirdParty:1030 - CMSIS Pack Vendor :STMicroelectronics X-CUBE-FREERTOS 1.3.1
2026-07-30 13:39:23,447 [INFO] ThirdParty:1030 - CMSIS Pack Vendor :STMicroelectronics HAL Drivers 0.0.0
2026-07-30 13:39:23,447 [INFO] ThirdParty:1030 - CMSIS Pack Vendor :emotas I-CUBE-CANOPEN 1.3.0
2026-07-30 13:39:23,447 [INFO] ThirdParty:1030 - CMSIS Pack Vendor :STMicroelectronics X-CUBE-FREERTOS 1.3.0
2026-07-30 13:39:23,447 [INFO] ThirdParty:1030 - CMSIS Pack Vendor :STMicroelectronics X-CUBE-NFC7 1.0.1
2026-07-30 13:39:23,447 [INFO] ThirdParty:1030 - CMSIS Pack Vendor :STMicroelectronics MBEDTLS 2.14.1
2026-07-30 13:39:23,447 [INFO] ThirdParty:1030 - CMSIS Pack Vendor :STMicroelectronics X-CUBE-GNSS1 7.1.0
2026-07-30 13:39:23,447 [INFO] ThirdParty:1030 - CMSIS Pack Vendor :STMicroelectronics X-CUBE-TOUCHGFX 4.26.0
2026-07-30 13:39:23,447 [INFO] ThirdParty:1030 - CMSIS Pack Vendor :STMicroelectronics X-CUBE-TOUCHGFX 4.26.1
2026-07-30 13:39:23,447 [INFO] ThirdParty:1030 - CMSIS Pack Vendor :STMicroelectronics X-CUBE-BLEMGR 3.1.0
2026-07-30 13:39:23,447 [INFO] ThirdParty:1030 - CMSIS Pack Vendor :STMicroelectronics X-CUBE-AI 10.0.0
2026-07-30 13:39:23,447 [INFO] ThirdParty:1030 - CMSIS Pack Vendor :STMicroelectronics FP-SNS-SMARTAG2 1.2.0
2026-07-30 13:39:23,447 [INFO] ThirdParty:1030 - CMSIS Pack Vendor :STMicroelectronics X-CUBE-MEMS1 11.1.0
2026-07-30 13:39:23,447 [INFO] ThirdParty:1030 - CMSIS Pack Vendor :STMicroelectronics X-CUBE-AZRTOS-WL 2.0.0
2026-07-30 13:39:23,447 [INFO] ThirdParty:1030 - CMSIS Pack Vendor :STMicroelectronics X-CUBE-DPower 1.3.0
2026-07-30 13:39:23,447 [INFO] ThirdParty:1030 - CMSIS Pack Vendor :STMicroelectronics FP-SNS-MOTENV1 5.0.0
2026-07-30 13:39:23,448 [INFO] ThirdParty:1030 - CMSIS Pack Vendor :STMicroelectronics USB_DEVICE 1.0.0
2026-07-30 13:39:23,448 [INFO] ThirdParty:1030 - CMSIS Pack Vendor :STMicroelectronics X-CUBE-AZRTOS-H7RS 1.2.0
2026-07-30 13:39:23,448 [INFO] ThirdParty:1030 - CMSIS Pack Vendor :wolfSSL I-CUBE-wolfMQTT 1.19.0
2026-07-30 13:39:23,448 [INFO] ThirdParty:1030 - CMSIS Pack Vendor :STMicroelectronics X-CUBE-AZRTOS-L4 2.0.0
2026-07-30 13:39:23,448 [INFO] ThirdParty:1030 - CMSIS Pack Vendor :STMicroelectronics ThreadX 0.0.2
2026-07-30 13:39:23,448 [INFO] ThirdParty:1030 - CMSIS Pack Vendor :WES I-CUBE-Cesium 1.3.0
2026-07-30 13:39:23,448 [INFO] ThirdParty:1030 - CMSIS Pack Vendor :STMicroelectronics lwIP 2.1.2
2026-07-30 13:39:23,448 [INFO] ThirdParty:1030 - CMSIS Pack Vendor :STMicroelectronics X-CUBE-SFXS2LP1 4.0.0
2026-07-30 13:39:23,448 [INFO] ThirdParty:1030 - CMSIS Pack Vendor :STMicroelectronics X-CUBE-BLE2 3.3.0
2026-07-30 13:39:23,448 [INFO] ThirdParty:1030 - CMSIS Pack Vendor :STMicroelectronics PDM2PCM 3.2.0
2026-07-30 13:39:23,448 [INFO] ThirdParty:1030 - CMSIS Pack Vendor :STMicroelectronics X-CUBE-WB05N 2.1.0
2026-07-30 13:39:23,448 [INFO] ThirdParty:1030 - CMSIS Pack Vendor :STMicroelectronics X-CUBE-AZRTOS-H7 3.3.0
2026-07-30 13:39:23,448 [INFO] ThirdParty:1030 - CMSIS Pack Vendor :STMicroelectronics X-CUBE-NFC9 1.0.0
2026-07-30 13:39:23,448 [INFO] ThirdParty:1030 - CMSIS Pack Vendor :STMicroelectronics X-CUBE-BLE1 7.1.0
2026-07-30 13:39:23,448 [INFO] ThirdParty:1030 - CMSIS Pack Vendor :STMicroelectronics USB_DEVICE 3.0.0
2026-07-30 13:39:23,448 [INFO] ThirdParty:1030 - CMSIS Pack Vendor :STMicroelectronics X-CUBE-TCPP 4.1.0
2026-07-30 13:39:23,448 [INFO] ThirdParty:1030 - CMSIS Pack Vendor :STMicroelectronics X-CUBE-EEPRMA1 5.2.0
2026-07-30 13:39:23,448 [INFO] ThirdParty:1030 - CMSIS Pack Vendor :STMicroelectronics X-CUBE-IPS 3.0.0
2026-07-30 13:39:23,448 [INFO] ThirdParty:1030 - CMSIS Pack Vendor :STMicroelectronics X-CUBE-AZRTOS-WB 2.0.0
2026-07-30 13:39:23,448 [INFO] ThirdParty:1030 - CMSIS Pack Vendor :STMicroelectronics X-CUBE-GNSS1 7.0.0
2026-07-30 13:39:23,448 [INFO] ThirdParty:1030 - CMSIS Pack Vendor :STMicroelectronics X-CUBE-GNSS1 7.0.1
2026-07-30 13:39:23,448 [INFO] ThirdParty:1030 - CMSIS Pack Vendor :STMicroelectronics X-CUBE-TOUCHGFX 4.25.0
2026-07-30 13:39:23,448 [INFO] ThirdParty:1030 - CMSIS Pack Vendor :STMicroelectronics FP-SNS-STBOX1 2.0.0
2026-07-30 13:39:23,448 [INFO] ThirdParty:1030 - CMSIS Pack Vendor :STMicroelectronics X-CUBE-MEMS1 12.0.0
2026-07-30 13:39:23,448 [INFO] ThirdParty:1030 - CMSIS Pack Vendor :STMicroelectronics X-CUBE-ALGOBUILD 1.3.0
2026-07-30 13:39:23,448 [INFO] ThirdParty:1030 - CMSIS Pack Vendor :STMicroelectronics X-CUBE-STSE01 2.0.0
2026-07-30 13:39:23,448 [INFO] ThirdParty:1030 - CMSIS Pack Vendor :STMicroelectronics X-CUBE-MEMS1 11.2.0
2026-07-30 13:39:23,448 [INFO] ThirdParty:1030 - CMSIS Pack Vendor :STMicroelectronics X-CUBE-AZRTOS-G0 1.1.0
2026-07-30 13:39:23,448 [INFO] ThirdParty:1030 - CMSIS Pack Vendor :STMicroelectronics X-CUBE-SAFEA1 1.2.2
2026-07-30 13:39:23,448 [INFO] ThirdParty:1030 - CMSIS Pack Vendor :STMicroelectronics X-CUBE-NFC4 3.0.0
2026-07-30 13:39:23,449 [INFO] ThirdParty:1030 - CMSIS Pack Vendor :STMicroelectronics X-CUBE-SUBG2 5.0.0
2026-07-30 13:39:23,449 [INFO] ThirdParty:1030 - CMSIS Pack Vendor :STMicroelectronics X-CUBE-AZRTOS-H7RS 1.1.0
2026-07-30 13:39:23,449 [INFO] ThirdParty:1030 - CMSIS Pack Vendor :STMicroelectronics STM32_WPAN 1.0.0
2026-07-30 13:39:23,449 [INFO] ThirdParty:1030 - CMSIS Pack Vendor :EmbeddedOffice I-CUBE-FS-RTOS 1.0.1
2026-07-30 13:39:23,449 [INFO] ThirdParty:1030 - CMSIS Pack Vendor :STMicroelectronics lwIP 2.0.3
2026-07-30 13:39:23,449 [INFO] ThirdParty:1030 - CMSIS Pack Vendor :Cesanta I-CUBE-Mongoose 7.13.0
2026-07-30 13:39:23,449 [INFO] ThirdParty:1030 - CMSIS Pack Vendor :STMicroelectronics USB_HOST 1.0.0
2026-07-30 13:39:23,449 [INFO] ThirdParty:1030 - CMSIS Pack Vendor :STMicroelectronics X-CUBE-AZRTOS-G4 2.0.0
2026-07-30 13:39:23,449 [INFO] ThirdParty:1030 - CMSIS Pack Vendor :STMicroelectronics X-CUBE-WB05N 2.0.0
2026-07-30 13:39:23,449 [INFO] ThirdParty:1030 - CMSIS Pack Vendor :STMicroelectronics PDM2PCM 3.1.0
2026-07-30 13:39:23,449 [INFO] ThirdParty:1030 - CMSIS Pack Vendor :STMicroelectronics X-CUBE-NFC7 2.0.0
2026-07-30 13:39:23,449 [INFO] ThirdParty:1030 - CMSIS Pack Vendor :RealThread X-CUBE-RT-Thread_Nano 4.1.1
2026-07-30 13:39:23,449 [INFO] ThirdParty:1030 - CMSIS Pack Vendor :wolfSSL I-CUBE-wolfSSL 5.7.0
2026-07-30 13:39:23,449 [INFO] ThirdParty:1030 - CMSIS Pack Vendor :STMicroelectronics FP-ATR-SIGFOX1 3.2.0
2026-07-30 13:39:23,449 [INFO] ThirdParty:1030 - CMSIS Pack Vendor :quantropi X-CUBE-qispace-sdk-base 1.9.3
2026-07-30 13:39:23,449 [INFO] ThirdParty:1030 - CMSIS Pack Vendor :STMicroelectronics X-CUBE-ISPU 2.0.0
2026-07-30 13:39:23,449 [INFO] ThirdParty:1030 - CMSIS Pack Vendor :STMicroelectronics X-CUBE-EEPRMA1 5.1.0
2026-07-30 13:39:23,449 [INFO] ThirdParty:1030 - CMSIS Pack Vendor :STMicroelectronics MBEDTLS 2.16.2
2026-07-30 13:39:23,449 [INFO] ThirdParty:1030 - CMSIS Pack Vendor :STMicroelectronics X-CUBE-ALS 1.0.2
2026-07-30 13:39:23,449 [INFO] ThirdParty:1030 - CMSIS Pack Vendor :STMicroelectronics X-CUBE-MEMS1 10.0.0
2026-07-30 13:39:23,449 [INFO] ThirdParty:1030 - CMSIS Pack Vendor :STMicroelectronics X-CUBE-FREERTOS 1.1.0
2026-07-30 13:39:23,449 [INFO] ThirdParty:1030 - CMSIS Pack Vendor :ITTIA_DB I-CUBE-ITTIADB 8.9.0
2026-07-30 13:39:23,449 [INFO] ThirdParty:1030 - CMSIS Pack Vendor :STMicroelectronics X-CUBE-TOUCHGFX 4.24.2
2026-07-30 13:39:23,449 [INFO] ThirdParty:1030 - CMSIS Pack Vendor :STMicroelectronics X-CUBE-TOUCHGFX 4.24.1
2026-07-30 13:39:23,449 [INFO] ThirdParty:1030 - CMSIS Pack Vendor :STMicroelectronics X-CUBE-STSE01 1.0.0
2026-07-30 13:39:23,449 [INFO] ThirdParty:1030 - CMSIS Pack Vendor :wolfSSL I-CUBE-wolfTPM 3.4.0
2026-07-30 13:39:23,449 [INFO] ThirdParty:1030 - CMSIS Pack Vendor :portGmbH I-Cube-SoM-uGOAL 1.1.0
2026-07-30 13:39:23,449 [INFO] ThirdParty:1030 - CMSIS Pack Vendor :STMicroelectronics X-CUBE-ALS 1.0.1
2026-07-30 13:39:23,449 [INFO] ThirdParty:1030 - CMSIS Pack Vendor :STMicroelectronics X-CUBE-NFC6 3.2.0
2026-07-30 13:39:23,449 [INFO] ThirdParty:1030 - CMSIS Pack Vendor :STMicroelectronics X-CUBE-AI 10.2.1
2026-07-30 13:39:23,449 [INFO] ThirdParty:1030 - CMSIS Pack Vendor :STMicroelectronics X-CUBE-AI 10.2.0
2026-07-30 13:39:23,449 [INFO] ThirdParty:1030 - CMSIS Pack Vendor :STMicroelectronics ThreadX 1.0.0
2026-07-30 13:39:23,449 [INFO] ThirdParty:1030 - CMSIS Pack Vendor :STMicroelectronics X-CUBE-MEMS1 12.1.0
2026-07-30 13:39:23,449 [INFO] ThirdParty:1030 - CMSIS Pack Vendor :SEGGER I-CUBE-embOS 1.3.1
2026-07-30 13:39:23,449 [INFO] ThirdParty:1030 - CMSIS Pack Vendor :STMicroelectronics X-CUBE-ALGOBUILD 1.4.0
2026-07-30 13:39:23,449 [INFO] ThirdParty:1030 - CMSIS Pack Vendor :STMicroelectronics X-CUBE-AZRTOS-H7RS 1.0.0
2026-07-30 13:39:23,449 [INFO] ThirdParty:1030 - CMSIS Pack Vendor :STMicroelectronics FP-ATR-ASTRA1 2.0.0
2026-07-30 13:39:23,449 [INFO] ThirdParty:1030 - CMSIS Pack Vendor :STMicroelectronics X-CUBE-TOF1 3.4.2
2026-07-30 13:39:23,449 [INFO] ThirdParty:1030 - CMSIS Pack Vendor :STMicroelectronics X-CUBE-AI 9.1.0
2026-07-30 13:39:23,449 [INFO] ThirdParty:1030 - CMSIS Pack Vendor :STMicroelectronics X-CUBE-TOF1 3.4.1
2026-07-30 13:39:23,449 [INFO] ThirdParty:1030 - CMSIS Pack Vendor :STMicroelectronics X-CUBE-AZRTOS-H7 3.2.0
2026-07-30 13:39:23,449 [INFO] ThirdParty:1030 - CMSIS Pack Vendor :STMicroelectronics X-CUBE-NFC13 1.0.0
2026-07-30 13:39:23,449 [INFO] ThirdParty:1030 - CMSIS Pack Vendor :Infineon AIROC-Wi-Fi-Bluetooth-STM32 1.6.0
2026-07-30 13:39:23,449 [INFO] ThirdParty:1030 - CMSIS Pack Vendor :wolfSSL I-CUBE-wolfSSH 1.4.17
2026-07-30 13:39:23,449 [INFO] ThirdParty:841 - exiting critical section [change project]
2026-07-30 13:39:24,075 [INFO] PinOutPanel:1561 - setPackage(No Configuration,No Configuration)
2026-07-30 13:39:24,091 [INFO] PinOutPanel:1561 - setPackage(STM32F411CEUx,UFQFPN48)
2026-07-30 13:39:24,884 [INFO] UtilMem:75 - Before build in PCC Used Memory: 745749424 Bytes (1073741824)
2026-07-30 13:39:27,162 [INFO] UtilMem:75 - After build in PCC Used Memory: 829109168 Bytes (1073741824)
2026-07-30 13:39:27,457 [INFO] ApiDbMcu:508 - Load IP Config File for FREERTOS
2026-07-30 13:39:27,494 [INFO] IPUIPlugin:80 - create IPUIPlugin
2026-07-30 13:39:27,494 [INFO] IPUIPlugin:80 - create IPUIPlugin
2026-07-30 13:39:27,494 [INFO] IPUIPlugin:80 - create IPUIPlugin
2026-07-30 13:39:27,494 [INFO] IPUIPlugin:80 - create IPUIPlugin
2026-07-30 13:39:27,494 [INFO] IPUIPlugin:80 - create IPUIPlugin
2026-07-30 13:39:27,495 [INFO] IPUIPlugin:80 - create IPUIPlugin
2026-07-30 13:39:27,495 [INFO] IPUIPlugin:80 - create IPUIPlugin
2026-07-30 13:39:27,495 [INFO] IPUIPlugin:80 - create IPUIPlugin
2026-07-30 13:39:27,495 [INFO] IPUIPlugin:80 - create IPUIPlugin
2026-07-30 13:39:27,495 [INFO] IPUIPlugin:80 - create IPUIPlugin
2026-07-30 13:39:27,495 [INFO] IPUIPlugin:80 - create IPUIPlugin
2026-07-30 13:39:27,495 [INFO] IPUIPlugin:80 - create IPUIPlugin
2026-07-30 13:39:27,495 [INFO] IPUIPlugin:80 - create IPUIPlugin
2026-07-30 13:39:27,495 [INFO] IPUIPlugin:80 - create IPUIPlugin
2026-07-30 13:39:27,495 [INFO] IPUIPlugin:80 - create IPUIPlugin
2026-07-30 13:39:27,495 [INFO] IPUIPlugin:80 - create IPUIPlugin
2026-07-30 13:39:27,496 [INFO] IPUIPlugin:80 - create IPUIPlugin
2026-07-30 13:39:27,496 [INFO] IPUIPlugin:80 - create IPUIPlugin
2026-07-30 13:39:27,496 [INFO] IPUIPlugin:80 - create IPUIPlugin
2026-07-30 13:39:27,496 [INFO] IPUIPlugin:80 - create IPUIPlugin
2026-07-30 13:39:27,496 [INFO] IPUIPlugin:80 - create IPUIPlugin
2026-07-30 13:39:27,496 [INFO] IPUIPlugin:80 - create IPUIPlugin
2026-07-30 13:39:27,496 [INFO] IPUIPlugin:80 - create IPUIPlugin
2026-07-30 13:39:27,497 [INFO] IPUIPlugin:80 - create IPUIPlugin
2026-07-30 13:39:27,497 [INFO] IPUIPlugin:80 - create IPUIPlugin
2026-07-30 13:39:27,497 [INFO] IPUIPlugin:80 - create IPUIPlugin
2026-07-30 13:39:27,497 [INFO] IPUIPlugin:80 - create IPUIPlugin
2026-07-30 13:39:27,497 [INFO] IPUIPlugin:80 - create IPUIPlugin
2026-07-30 13:39:27,497 [INFO] IPUIPlugin:80 - create IPUIPlugin
2026-07-30 13:39:27,497 [INFO] IPUIPlugin:80 - create IPUIPlugin
2026-07-30 13:39:27,498 [INFO] IPUIPlugin:80 - create IPUIPlugin
2026-07-30 13:39:27,498 [INFO] IPUIPlugin:80 - create IPUIPlugin
2026-07-30 13:39:27,498 [INFO] IPUIPlugin:80 - create IPUIPlugin
2026-07-30 13:39:27,498 [INFO] IPUIPlugin:80 - create IPUIPlugin
2026-07-30 13:39:27,498 [INFO] IPUIPlugin:80 - create IPUIPlugin
2026-07-30 13:39:27,498 [INFO] IPUIPlugin:80 - create IPUIPlugin
2026-07-30 13:39:27,499 [INFO] IPUIPlugin:80 - create IPUIPlugin
2026-07-30 13:39:27,499 [INFO] IPUIPlugin:80 - create IPUIPlugin
2026-07-30 13:39:27,499 [INFO] IPUIPlugin:80 - create IPUIPlugin
2026-07-30 13:39:27,499 [INFO] IPUIPlugin:80 - create IPUIPlugin
2026-07-30 13:39:27,500 [INFO] IPUIPlugin:80 - create IPUIPlugin
2026-07-30 13:39:27,500 [INFO] IPUIPlugin:80 - create IPUIPlugin
2026-07-30 13:39:27,500 [INFO] IPUIPlugin:80 - create IPUIPlugin
2026-07-30 13:39:27,592 [INFO] ApiDbMcu:508 - Load IP Config File for PDM2PCM
2026-07-30 13:39:27,644 [WARN] IP:2120 - I2C_Coeff_DF not found: check if there is a RefParameter without a condition.
2026-07-30 13:39:27,645 [WARN] IP:2120 - Analog_Filter not found: check if there is a RefParameter without a condition.
2026-07-30 13:39:27,714 [WARN] FreeRTOS:1023 - Null or empty value: should not occur! (nothing added to the table)
2026-07-30 13:39:28,310 [INFO] CADModel:165 - CPN selected for project levelSTM32F411CEU6
2026-07-30 13:39:28,310 [INFO] CADModel:114 - Register for checkConnection events
2026-07-30 13:39:28,314 [INFO] RtosManager:697 - Active RTOS found at IOC load: FREERTOS [Cortex-M4NS]
2026-07-30 13:39:28,382 [INFO] OpenFileManager:343 - Restore cursor
2026-07-30 13:39:28,812 [WARN] IP:2120 - I2C_Coeff_DF not found: check if there is a RefParameter without a condition.
2026-07-30 13:39:28,812 [WARN] IP:2120 - Analog_Filter not found: check if there is a RefParameter without a condition.
2026-07-30 13:39:28,813 [WARN] IP:2120 - I2C_Coeff_DF not found: check if there is a RefParameter without a condition.
2026-07-30 13:39:28,813 [WARN] IP:2120 - Analog_Filter not found: check if there is a RefParameter without a condition.
