2026-06-16 03:11:23,293 [INFO] Activator:176 - 


2026-06-16 03:11:23,331 [INFO] Activator:177 - !SESSION log4j initialized
2026-06-16 03:12:31,148 [INFO] LogOutputStream:77 - [STDOUT_REDIRECT] 
2026-06-16 03:12:44,445 [INFO] ApplicationProperties:184 - Using Application install path: D:\Documentos\Electronica\Nueva carpeta\STM32CubeIDE_1.15.0\STM32CubeIDE\plugins\com.st.stm32cube.common.mx_6.11.0.202403141607
2026-06-16 03:12:44,570 [INFO] DbMcusXml:78 - Set database path to: D:\Documentos\Electronica\Nueva carpeta\STM32CubeIDE_1.15.0\STM32CubeIDE\plugins\com.st.stm32cube.common.mx_6.11.0.202403141607\\db\/mcu/
2026-06-16 03:12:44,570 [INFO] ApiDb:274 - Set plugin database path to: D:\Documentos\Electronica\Nueva carpeta\STM32CubeIDE_1.15.0\STM32CubeIDE\plugins\com.st.stm32cube.common.mx_6.11.0.202403141607\\db\/plugins/boardmanager/
2026-06-16 03:12:44,570 [WARN] ApiDb:259 - Overriding images path with different value:  => D:\Documentos\Electronica\Nueva carpeta\STM32CubeIDE_1.15.0\STM32CubeIDE\plugins\com.st.stm32cube.common.mx_6.11.0.202403141607\\db\/plugins/mcufinder/images/
2026-06-16 03:12:44,652 [INFO] ApiDb:250 - Set database path to: C:\Users\USER\.stmcufinder\plugins\mcufinder//mcu/
2026-06-16 03:12:44,659 [INFO] DbMcusAds:125 - Set database path to: C:\Users\USER\.stmcufinder\plugins\mcufinder//mcu/
2026-06-16 03:12:44,874 [INFO] CrossReferenceDbSqlite:203 - Set database path to: C:\Users\USER\.stmcufinder\plugins\mcufinder//mcu/cs/
2026-06-16 03:12:45,927 [INFO] RulesReader:64 - Compatibility file has been processed (297 Rules)
2026-06-16 03:12:46,904 [INFO] DbMcusXml:78 - Set database path to: D:\Documentos\Electronica\Nueva carpeta\STM32CubeIDE_1.15.0\STM32CubeIDE\plugins\com.st.stm32cube.common.mx_6.11.0.202403141607\\db\/mcu/
2026-06-16 03:12:46,904 [INFO] ApiDb:274 - Set plugin database path to: D:\Documentos\Electronica\Nueva carpeta\STM32CubeIDE_1.15.0\STM32CubeIDE\plugins\com.st.stm32cube.common.mx_6.11.0.202403141607\\db\/plugins/boardmanager/
2026-06-16 03:12:46,906 [INFO] ApiDb:261 - Set plugin images path to: D:\Documentos\Electronica\Nueva carpeta\STM32CubeIDE_1.15.0\STM32CubeIDE\plugins\com.st.stm32cube.common.mx_6.11.0.202403141607\\db\/plugins/mcufinder/images/
2026-06-16 03:12:46,907 [WARN] DbFile:41 - Overriding database path with different value: C:\Users\USER\.stmcufinder\plugins\mcufinder/ => C:\Users\USER\.stmcufinder\plugins\mcufinder
2026-06-16 03:12:46,909 [INFO] ApiDb:250 - Set database path to: C:\Users\USER\.stmcufinder\plugins\mcufinder//mcu/
2026-06-16 03:12:46,910 [WARN] DbFile:41 - Overriding database path with different value: C:\Users\USER\.stmcufinder\plugins\mcufinder/ => C:\Users\USER\.stmcufinder\plugins\mcufinder
2026-06-16 03:12:46,910 [INFO] DbMcusAds:125 - Set database path to: C:\Users\USER\.stmcufinder\plugins\mcufinder//mcu/
2026-06-16 03:12:46,911 [WARN] DbFile:41 - Overriding database path with different value: C:\Users\USER\.stmcufinder\plugins\mcufinder/ => C:\Users\USER\.stmcufinder\plugins\mcufinder
2026-06-16 03:12:46,917 [WARN] DbFile:41 - Overriding database path with different value: C:\Users\USER\.stmcufinder\plugins\mcufinder/ => C:\Users\USER\.stmcufinder\plugins\mcufinder
2026-06-16 03:12:46,918 [INFO] CrossReferenceDbSqlite:203 - Set database path to: C:\Users\USER\.stmcufinder\plugins\mcufinder//mcu/cs/
2026-06-16 03:12:47,805 [INFO] MainPanel:264 - HeapMemory: 268435456
2026-06-16 03:12:48,950 [INFO] DbMcusXml:78 - Set database path to: D:\Documentos\Electronica\Nueva carpeta\STM32CubeIDE_1.15.0\STM32CubeIDE\plugins\com.st.stm32cube.common.mx_6.11.0.202403141607\\db\/mcu/
2026-06-16 03:12:48,968 [INFO] ApiDb:274 - Set plugin database path to: D:\Documentos\Electronica\Nueva carpeta\STM32CubeIDE_1.15.0\STM32CubeIDE\plugins\com.st.stm32cube.common.mx_6.11.0.202403141607\\db\/plugins/boardmanager/
2026-06-16 03:12:48,969 [INFO] ApiDb:261 - Set plugin images path to: D:\Documentos\Electronica\Nueva carpeta\STM32CubeIDE_1.15.0\STM32CubeIDE\plugins\com.st.stm32cube.common.mx_6.11.0.202403141607\\db\/plugins/mcufinder/images/
2026-06-16 03:12:48,973 [WARN] DbFile:41 - Overriding database path with different value: C:\Users\USER\.stmcufinder\plugins\mcufinder/ => C:\Users\USER\.stmcufinder\plugins\mcufinder
2026-06-16 03:12:48,974 [INFO] ApiDb:250 - Set database path to: C:\Users\USER\.stmcufinder\plugins\mcufinder//mcu/
2026-06-16 03:12:48,975 [WARN] DbFile:41 - Overriding database path with different value: C:\Users\USER\.stmcufinder\plugins\mcufinder/ => C:\Users\USER\.stmcufinder\plugins\mcufinder
2026-06-16 03:12:48,975 [INFO] DbMcusAds:125 - Set database path to: C:\Users\USER\.stmcufinder\plugins\mcufinder//mcu/
2026-06-16 03:12:48,976 [WARN] DbFile:41 - Overriding database path with different value: C:\Users\USER\.stmcufinder\plugins\mcufinder/ => C:\Users\USER\.stmcufinder\plugins\mcufinder
2026-06-16 03:12:48,979 [WARN] DbFile:41 - Overriding database path with different value: C:\Users\USER\.stmcufinder\plugins\mcufinder/ => C:\Users\USER\.stmcufinder\plugins\mcufinder
2026-06-16 03:12:48,980 [INFO] CrossReferenceDbSqlite:203 - Set database path to: C:\Users\USER\.stmcufinder\plugins\mcufinder//mcu/cs/
2026-06-16 03:12:49,152 [INFO] ApplicationProperties:184 - Using Application install path: D:\Documentos\Electronica\Nueva carpeta\STM32CubeIDE_1.15.0\STM32CubeIDE\plugins\com.st.stm32cube.common.mx_6.11.0.202403141607
2026-06-16 03:12:49,168 [INFO] PluginManage:196 - Search for loadable plugins [exclusion list=, ]
2026-06-16 03:12:49,192 [INFO] PluginManage:310 - Check plugin analytics
2026-06-16 03:12:49,904 [INFO] AnalyticsPlugin:253 - Accepted Software Licenses: 
2026-06-16 03:12:49,923 [INFO] AnalyticsPlugin:255 - Accepted CMSIS Pack Licenses: STMicroelectronics.X-CUBE-TOUCHGFX.4.26.0,STMicroelectronics.X-CUBE-TOF1.3.4.2
2026-06-16 03:12:49,925 [INFO] AnalyticsPlugin:257 - Accepted Firmware Licenses: FW.F7.1.17.0,FW.H7.1.11.0,FW.F4.1.28.0
2026-06-16 03:12:49,947 [INFO] PluginManage:359 - Loaded plugin analytics (category:tool,tabindex:-1)
2026-06-16 03:12:49,947 [INFO] PluginManage:310 - Check plugin cadmodel
2026-06-16 03:12:50,009 [INFO] CADModel:105 - Init CAD model plugin
2026-06-16 03:12:50,009 [INFO] PluginManage:359 - Loaded plugin cadmodel (category:power,tabindex:5)
2026-06-16 03:12:50,009 [INFO] PluginManage:310 - Check plugin clock
2026-06-16 03:12:50,106 [INFO] PluginManage:359 - Loaded plugin clock (category:base,tabindex:2)
2026-06-16 03:12:50,106 [INFO] PluginManage:310 - Check plugin ddr
2026-06-16 03:12:50,145 [INFO] PluginManage:359 - Loaded plugin ddr (category:tool,tabindex:6)
2026-06-16 03:12:50,145 [INFO] PluginManage:310 - Check plugin filemanager
2026-06-16 03:12:51,151 [INFO] PluginManage:359 - Loaded plugin filemanager (category:base,tabindex:10)
2026-06-16 03:12:51,151 [INFO] PluginManage:310 - Check plugin ipmanager
2026-06-16 03:12:51,214 [INFO] PluginManage:359 - Loaded plugin ipmanager (category:base,tabindex:5)
2026-06-16 03:12:51,214 [INFO] PluginManage:310 - Check plugin lpbam
2026-06-16 03:12:51,290 [INFO] PluginManage:359 - Loaded plugin lpbam (category:base,tabindex:0)
2026-06-16 03:12:51,290 [INFO] PluginManage:310 - Check plugin memorymap
2026-06-16 03:12:51,397 [INFO] PluginManage:359 - Loaded plugin memorymap (category:base,tabindex:4)
2026-06-16 03:12:51,397 [INFO] PluginManage:310 - Check plugin pinoutandconfiguration
2026-06-16 03:12:51,535 [INFO] PluginManage:359 - Loaded plugin pinoutandconfiguration (category:base,tabindex:1)
2026-06-16 03:12:51,537 [INFO] PluginManage:310 - Check plugin pinoutconfig
2026-06-16 03:12:52,205 [WARN] SupportedApi:132 - Cannot load RTOS API schema: s4s-elt-must-match.1: The content of 'definitions' must match (annotation?, (simpleType | complexType)?, (unique | key | keyref)*)). A problem was found starting at: attribute.
2026-06-16 03:12:52,808 [INFO] PluginManage:359 - Loaded plugin pinoutconfig (category:base,tabindex:0)
2026-06-16 03:12:52,810 [INFO] PluginManage:310 - Check plugin power
2026-06-16 03:12:52,905 [INFO] PluginManage:359 - Loaded plugin power (category:power,tabindex:4)
2026-06-16 03:12:52,905 [INFO] PluginManage:310 - Check plugin projectmanager
2026-06-16 03:12:52,983 [INFO] PluginManage:359 - Loaded plugin projectmanager (category:projectmanager,tabindex:3)
2026-06-16 03:12:52,983 [INFO] PluginManage:310 - Check plugin thirdparty
2026-06-16 03:12:54,045 [WARN] IntegrityCheckThread:84 - waiting for thirdparty lock release [integrity check]
2026-06-16 03:12:54,047 [INFO] IntegrityCheckThread:86 - entering critical section [integrity check]
2026-06-16 03:12:54,049 [INFO] PluginManage:359 - Loaded plugin thirdparty (category:base,tabindex:-1)
2026-06-16 03:12:54,049 [INFO] ThirdPartyUpdaterWithRetryManager:70 - Updater plugin not ready yet. [1/15]
2026-06-16 03:12:54,049 [INFO] PluginManage:310 - Check plugin tools
2026-06-16 03:12:54,147 [INFO] PluginManage:359 - Loaded plugin tools (category:base,tabindex:7)
2026-06-16 03:12:54,148 [INFO] PluginManage:310 - Check plugin tutovideos
2026-06-16 03:12:54,797 [INFO] PluginManage:359 - Loaded plugin tutovideos (category:base,tabindex:-1)
2026-06-16 03:12:54,797 [INFO] PluginManage:310 - Check plugin updater
2026-06-16 03:12:55,026 [INFO] PluginManage:359 - Loaded plugin updater (category:base,tabindex:12)
2026-06-16 03:12:55,026 [INFO] PluginManage:310 - Check plugin userauth
2026-06-16 03:12:55,058 [INFO] UserAuth:114 - Init User Auth plugin
2026-06-16 03:12:55,058 [INFO] PluginManage:359 - Loaded plugin userauth (category:base,tabindex:14)
2026-06-16 03:12:55,058 [INFO] PluginManage:283 - PluginManage : Loaded plugins [17]
2026-06-16 03:12:56,938 [INFO] PinOutPanel:1561 - setPackage(No Configuration,No Configuration)
2026-06-16 03:12:57,053 [INFO] ThirdPartyUpdaterWithRetryManager:70 - Updater plugin not ready yet. [2/15]
2026-06-16 03:12:57,632 [INFO] CADModel:165 - CPN selected for project level
2026-06-16 03:12:57,632 [INFO] CADModel:114 - Register for checkConnection events
2026-06-16 03:12:57,777 [INFO] IPUIPlugin:80 - create IPUIPlugin
2026-06-16 03:12:57,779 [INFO] PluginManager:220 - loadIPPluginJar : add adc
2026-06-16 03:12:57,877 [INFO] IPUIPlugin:80 - create IPUIPlugin
2026-06-16 03:12:57,883 [INFO] PluginManager:220 - loadIPPluginJar : add aes
2026-06-16 03:12:57,998 [INFO] IPUIPlugin:80 - create IPUIPlugin
2026-06-16 03:12:57,998 [INFO] PluginManager:220 - loadIPPluginJar : add can
2026-06-16 03:12:58,062 [INFO] IPUIPlugin:80 - create IPUIPlugin
2026-06-16 03:12:58,062 [INFO] PluginManager:220 - loadIPPluginJar : add comp
2026-06-16 03:12:58,153 [INFO] IPUIPlugin:80 - create IPUIPlugin
2026-06-16 03:12:58,153 [INFO] PluginManager:220 - loadIPPluginJar : add cryp
2026-06-16 03:12:58,221 [INFO] IPUIPlugin:80 - create IPUIPlugin
2026-06-16 03:12:58,221 [INFO] PluginManager:220 - loadIPPluginJar : add dfsdm
2026-06-16 03:12:58,277 [INFO] IPUIPlugin:80 - create IPUIPlugin
2026-06-16 03:12:58,281 [INFO] PluginManager:220 - loadIPPluginJar : add dma
2026-06-16 03:12:58,404 [INFO] IPUIPlugin:80 - create IPUIPlugin
2026-06-16 03:12:58,404 [INFO] PluginManager:220 - loadIPPluginJar : add dma3
2026-06-16 03:12:58,516 [INFO] IPUIPlugin:80 - create IPUIPlugin
2026-06-16 03:12:58,516 [INFO] PluginManager:220 - loadIPPluginJar : add extmemmanager
2026-06-16 03:12:58,575 [INFO] IPUIPlugin:80 - create IPUIPlugin
2026-06-16 03:12:58,577 [INFO] PluginManager:220 - loadIPPluginJar : add fatfs
2026-06-16 03:12:58,685 [INFO] IPUIPlugin:80 - create IPUIPlugin
2026-06-16 03:12:58,685 [INFO] PluginManager:220 - loadIPPluginJar : add fmc
2026-06-16 03:12:58,726 [INFO] IPUIPlugin:80 - create IPUIPlugin
2026-06-16 03:12:58,728 [INFO] PluginManager:220 - loadIPPluginJar : add freertos
2026-06-16 03:12:58,777 [INFO] IPUIPlugin:80 - create IPUIPlugin
2026-06-16 03:12:58,777 [INFO] PluginManager:220 - loadIPPluginJar : add genericplugin
2026-06-16 03:12:58,977 [INFO] IPUIPlugin:80 - create IPUIPlugin
2026-06-16 03:12:58,977 [INFO] PluginManager:220 - loadIPPluginJar : add gfxmmu
2026-06-16 03:12:59,247 [INFO] IPUIPlugin:80 - create IPUIPlugin
2026-06-16 03:12:59,247 [INFO] PluginManager:220 - loadIPPluginJar : add gic
2026-06-16 03:12:59,281 [INFO] IPUIPlugin:80 - create IPUIPlugin
2026-06-16 03:12:59,283 [INFO] PluginManager:220 - loadIPPluginJar : add gpio
2026-06-16 03:12:59,465 [INFO] IPUIPlugin:80 - create IPUIPlugin
2026-06-16 03:12:59,465 [INFO] PluginManager:220 - loadIPPluginJar : add gtzc
2026-06-16 03:12:59,557 [INFO] IPUIPlugin:80 - create IPUIPlugin
2026-06-16 03:12:59,557 [INFO] PluginManager:220 - loadIPPluginJar : add hash
2026-06-16 03:12:59,688 [INFO] IPUIPlugin:80 - create IPUIPlugin
2026-06-16 03:12:59,688 [INFO] PluginManager:220 - loadIPPluginJar : add i2c
2026-06-16 03:12:59,761 [INFO] IPUIPlugin:80 - create IPUIPlugin
2026-06-16 03:12:59,761 [INFO] PluginManager:220 - loadIPPluginJar : add i2s
2026-06-16 03:12:59,856 [INFO] IPUIPlugin:80 - create IPUIPlugin
2026-06-16 03:12:59,856 [INFO] PluginManager:220 - loadIPPluginJar : add i3c
2026-06-16 03:13:00,058 [INFO] ThirdPartyUpdaterWithRetryManager:70 - Updater plugin not ready yet. [3/15]
2026-06-16 03:13:00,085 [INFO] IPUIPlugin:80 - create IPUIPlugin
2026-06-16 03:13:00,085 [INFO] PluginManager:220 - loadIPPluginJar : add ipddr
2026-06-16 03:13:00,357 [INFO] IPUIPlugin:80 - create IPUIPlugin
2026-06-16 03:13:00,357 [INFO] PluginManager:220 - loadIPPluginJar : add linkedlist
2026-06-16 03:13:00,453 [INFO] IPUIPlugin:80 - create IPUIPlugin
2026-06-16 03:13:00,453 [INFO] PluginManager:220 - loadIPPluginJar : add lorawan
2026-06-16 03:13:00,538 [INFO] IPUIPlugin:80 - create IPUIPlugin
2026-06-16 03:13:00,538 [INFO] PluginManager:220 - loadIPPluginJar : add ltdc
2026-06-16 03:13:00,578 [INFO] IPUIPlugin:80 - create IPUIPlugin
2026-06-16 03:13:00,578 [INFO] PluginManager:220 - loadIPPluginJar : add mdma
2026-06-16 03:13:00,630 [INFO] IPUIPlugin:80 - create IPUIPlugin
2026-06-16 03:13:00,630 [INFO] PluginManager:220 - loadIPPluginJar : add nvic
2026-06-16 03:13:00,709 [INFO] IPUIPlugin:80 - create IPUIPlugin
2026-06-16 03:13:00,709 [INFO] PluginManager:220 - loadIPPluginJar : add opamp
2026-06-16 03:13:00,842 [INFO] IPUIPlugin:80 - create IPUIPlugin
2026-06-16 03:13:00,842 [INFO] PluginManager:220 - loadIPPluginJar : add openamp
2026-06-16 03:13:00,962 [INFO] IPUIPlugin:80 - create IPUIPlugin
2026-06-16 03:13:00,962 [INFO] PluginManager:220 - loadIPPluginJar : add pdm2pcm
2026-06-16 03:13:01,011 [INFO] IPUIPlugin:80 - create IPUIPlugin
2026-06-16 03:13:01,014 [INFO] PluginManager:220 - loadIPPluginJar : add plateformsettings
2026-06-16 03:13:01,080 [INFO] IPUIPlugin:80 - create IPUIPlugin
2026-06-16 03:13:01,080 [INFO] PluginManager:220 - loadIPPluginJar : add quadspi
2026-06-16 03:13:01,138 [INFO] IPUIPlugin:80 - create IPUIPlugin
2026-06-16 03:13:01,140 [INFO] PluginManager:220 - loadIPPluginJar : add resmgrutility
2026-06-16 03:13:01,253 [INFO] IPUIPlugin:80 - create IPUIPlugin
2026-06-16 03:13:01,253 [INFO] PluginManager:220 - loadIPPluginJar : add sai
2026-06-16 03:13:01,350 [INFO] IPUIPlugin:80 - create IPUIPlugin
2026-06-16 03:13:01,350 [INFO] PluginManager:220 - loadIPPluginJar : add spi
2026-06-16 03:13:01,574 [INFO] IPUIPlugin:80 - create IPUIPlugin
2026-06-16 03:13:01,576 [INFO] PluginManager:220 - loadIPPluginJar : add stm32_wpan
2026-06-16 03:13:01,696 [INFO] IPUIPlugin:80 - create IPUIPlugin
2026-06-16 03:13:01,700 [INFO] PluginManager:220 - loadIPPluginJar : add tim
2026-06-16 03:13:01,826 [INFO] IPUIPlugin:80 - create IPUIPlugin
2026-06-16 03:13:01,826 [INFO] PluginManager:220 - loadIPPluginJar : add touchsensing
2026-06-16 03:13:01,876 [INFO] IPUIPlugin:80 - create IPUIPlugin
2026-06-16 03:13:01,876 [INFO] PluginManager:220 - loadIPPluginJar : add tracer_emb
2026-06-16 03:13:01,917 [INFO] IPUIPlugin:80 - create IPUIPlugin
2026-06-16 03:13:01,917 [INFO] PluginManager:220 - loadIPPluginJar : add ts
2026-06-16 03:13:01,952 [INFO] IPUIPlugin:80 - create IPUIPlugin
2026-06-16 03:13:01,952 [INFO] PluginManager:220 - loadIPPluginJar : add tsc
2026-06-16 03:13:01,991 [INFO] IPUIPlugin:80 - create IPUIPlugin
2026-06-16 03:13:01,991 [INFO] PluginManager:220 - loadIPPluginJar : add ucpd
2026-06-16 03:13:02,094 [INFO] IPUIPlugin:80 - create IPUIPlugin
2026-06-16 03:13:02,094 [INFO] PluginManager:220 - loadIPPluginJar : add usart
2026-06-16 03:13:02,166 [INFO] IPUIPlugin:80 - create IPUIPlugin
2026-06-16 03:13:02,166 [INFO] PluginManager:220 - loadIPPluginJar : add usbx
2026-06-16 03:13:03,060 [INFO] ThirdPartyUpdaterWithRetryManager:70 - Updater plugin not ready yet. [4/15]
2026-06-16 03:13:03,518 [INFO] CADModel:165 - CPN selected for project level
2026-06-16 03:13:03,518 [INFO] CADModel:114 - Register for checkConnection events
2026-06-16 03:13:03,518 [FATAL] Updater:308 - Updater called before beeing initialized
2026-06-16 03:13:03,518 [ERROR] CADModel:125 - Updater not yet initialized, retry later 
2026-06-16 03:13:04,578 [INFO] CADModel:165 - CPN selected for project level
2026-06-16 03:13:04,578 [INFO] CADModel:114 - Register for checkConnection events
2026-06-16 03:13:04,580 [FATAL] Updater:308 - Updater called before beeing initialized
2026-06-16 03:13:04,580 [ERROR] CADModel:125 - Updater not yet initialized, retry later 
2026-06-16 03:13:04,589 [FATAL] Updater:308 - Updater called before beeing initialized
2026-06-16 03:13:04,926 [FATAL] Updater:308 - Updater called before beeing initialized
2026-06-16 03:13:04,958 [INFO] DbMcusAds:53 - JSON generation date=Wed Feb 18 08:32:49 CST 2026 (1771425169444)
2026-06-16 03:13:04,958 [FATAL] Updater:308 - Updater called before beeing initialized
2026-06-16 03:13:05,386 [WARN] DetailPanel:346 - Failed to get advertising image, set to default
2026-06-16 03:13:05,797 [FATAL] Updater:308 - Updater called before beeing initialized
2026-06-16 03:13:05,851 [FATAL] Updater:308 - Updater called before beeing initialized
2026-06-16 03:13:05,856 [FATAL] Updater:308 - Updater called before beeing initialized
2026-06-16 03:13:05,856 [WARN] DetailPanel:346 - Failed to get advertising image, set to default
2026-06-16 03:13:05,857 [FATAL] Updater:308 - Updater called before beeing initialized
2026-06-16 03:13:06,062 [FATAL] Updater:308 - Updater called before beeing initialized
2026-06-16 03:13:06,062 [ERROR] IntegrityCheckThread:130 - Cannot retrieve database content from updater: error 21
2026-06-16 03:13:06,064 [INFO] ThirdParty:978 - Integrity check success = false
2026-06-16 03:13:06,065 [INFO] IntegrityCheckThread:100 - exiting critical section [integrity check]
2026-06-16 03:13:06,065 [INFO] IntegrityCheckThread:103 - End integrity checks thread
2026-06-16 03:13:06,181 [ERROR] Updater:1120 - MainUpdater not yet initialized. External WinMGr cannot be set.
2026-06-16 03:13:06,211 [INFO] Updater:1056 - Updater Version found : 6.11.0
2026-06-16 03:13:06,246 [INFO] ApplicationProperties:184 - Using Application install path: D:\Documentos\Electronica\Nueva carpeta\STM32CubeIDE_1.15.0\STM32CubeIDE\plugins\com.st.stm32cube.common.mx_6.11.0.202403141607
2026-06-16 03:13:07,912 [ERROR] LogOutputStream:75 - [STDERR_REDIRECT] Jun 16, 2026 3:13:07 AM java.util.prefs.WindowsPreferences <init>
2026-06-16 03:13:07,912 [ERROR] LogOutputStream:75 - [STDERR_REDIRECT] WARNING: Could not open/create prefs root node Software\JavaSoft\Prefs at root 0xffffffff80000002. Windows RegCreateKeyEx(...) returned error code 5.
2026-06-16 03:13:07,912 [ERROR] LogOutputStream:75 - [STDERR_REDIRECT] 
2026-06-16 03:13:10,616 [INFO] MainUpdater:2873 - connection check result : 10
2026-06-16 03:13:10,616 [INFO] MainUpdater:3567 - Updater definition file requires update
2026-06-16 03:13:10,616 [INFO] MainUpdater:290 - Updater Check For Update Now.
2026-06-16 03:13:10,616 [INFO] MicroXplorer:498 - Change Database Version : DB.6.0.110
2026-06-16 03:13:10,679 [INFO] McuFinderGlobals:63 - Set McuFinder mode to 2 (CubeIDE integrated)
2026-06-16 03:13:10,716 [INFO] UserAuth:415 - Internet connection configuration mode: 1
2026-06-16 03:13:10,805 [INFO] ServerAccessManage:473 - Download File updaters.zip
2026-06-16 03:13:10,895 [INFO] JxBrowserEngine:152 - Initiate JxBrowser Engine with user profile folder
2026-06-16 03:13:11,035 [INFO] FileExtend:240 - Unzip File : updaters.zip
2026-06-16 03:13:11,035 [INFO] FileExtend:255 - Standard Zip Deflate
2026-06-16 03:13:12,411 [INFO] ServerAccessManage:473 - Download File PacksControlFlags.xml
2026-06-16 03:13:12,654 [INFO] ServerAccessManage:473 - Download File cubemx.pidx
2026-06-16 03:13:14,015 [INFO] ServerAccessManage:473 - Download File STMicroelectronics.X-CUBE-FREERTOS.pdsc
2026-06-16 03:13:16,632 [INFO] WebApp:161 - Instantiating new browser for Auth
2026-06-16 03:13:16,710 [INFO] ServerAccessManage:473 - Download File STMicroelectronics.X-CUBE-NFC13.pdsc
2026-06-16 03:13:19,144 [WARN] PopulateThirdPartyThread:106 - Error when creating pack: C:/Users/USER/.stm32cubemx/thirdparties/pdsc/STMicroelectronics.X-CUBE-FREERTOS.pdsc
2026-06-16 03:13:19,336 [INFO] WebApp:779 - Register for checkConnection events
2026-06-16 03:13:19,336 [INFO] WebApp:414 - Apply proxy settings
2026-06-16 03:13:19,336 [INFO] WebApp:499 - Chromium requires no authentication
2026-06-16 03:13:19,372 [WARN] PackLoader:240 - Cannot read IP mode file for STMicroelectronics.X-CUBE-NFC13.1.0.0
2026-06-16 03:13:19,374 [INFO] WebApp:442 - Direct internet connection detected
2026-06-16 03:13:19,374 [INFO] PopulateThirdPartyThread:66 - Ending populate Thread
2026-06-16 03:13:19,425 [INFO] ThirdParty:1030 - CMSIS Pack Vendor :STMicroelectronics X-CUBE-NFC13 1.0.0
2026-06-16 03:13:19,427 [INFO] LoadServerUpdatesThread:375 - End of LoadServerUpdate Thread
2026-06-16 03:13:19,439 [INFO] CheckServerUpdateThread:120 - End of CheckServer Thread
2026-06-16 03:13:20,365 [INFO] WebApp:192 - Starting web application
2026-06-16 03:13:20,365 [INFO] WebApp:544 - Web application path used D:\Documentos\Electronica\Nueva carpeta\STM32CubeIDE_1.15.0\STM32CubeIDE\plugins\com.st.stm32cube.common.mx_6.11.0.202403141607\db\plugins\mcufinder\reactClient1\index.html
2026-06-16 03:13:38,450 [INFO] McuFinderGlobals:63 - Set McuFinder mode to 2 (CubeIDE integrated)
2026-06-16 03:13:38,519 [INFO] MainUpdater:2873 - connection check result : 10
2026-06-16 03:13:38,528 [INFO] MainUpdater:2873 - connection check result : 10
2026-06-16 03:13:39,016 [INFO] MicroXplorer:468 - Change Database Path : 
2026-06-16 03:13:39,017 [INFO] MicroXplorer:498 - Change Database Version : DB.6.0.110
2026-06-16 03:13:39,054 [WARN] ThirdParty:871 - waiting for thirdparty lock release [close project]
2026-06-16 03:13:39,054 [INFO] ThirdParty:873 - entering critical section [close project]
2026-06-16 03:13:39,055 [INFO] ThirdParty:883 - exiting critical section [close project]
2026-06-16 03:13:39,058 [INFO] PinOutPanel:1561 - setPackage(No Configuration,No Configuration)
2026-06-16 03:13:39,061 [INFO] UtilMem:75 - Begin LoadConfig() Used Memory: 248657712 Bytes (342884352)
2026-06-16 03:13:39,063 [INFO] MicroXplorer:468 - Change Database Path : 
2026-06-16 03:13:39,063 [INFO] MicroXplorer:498 - Change Database Version : DB.6.0.110
2026-06-16 03:13:39,064 [INFO] OpenFileManager:312 - Change cursor
2026-06-16 03:13:39,135 [WARN] IntegrityCheckThread:84 - waiting for thirdparty lock release [integrity check]
2026-06-16 03:13:39,135 [INFO] IntegrityCheckThread:86 - entering critical section [integrity check]
2026-06-16 03:13:40,150 [WARN] PackLoader:240 - Cannot read IP mode file for STMicroelectronics.X-CUBE-AZRTOS-H7.3.5.0
2026-06-16 03:13:40,184 [WARN] PackLoader:240 - Cannot read IP mode file for STMicroelectronics.FP-SNS-MOTENVWB1.1.4.0
2026-06-16 03:13:40,202 [WARN] PackLoader:240 - Cannot read IP mode file for STMicroelectronics.FP-ATR-ASTRA1.2.0.2
2026-06-16 03:13:40,216 [WARN] PackLoader:240 - Cannot read IP mode file for STMicroelectronics.FP-ATR-ASTRA1.2.0.1
2026-06-16 03:13:40,231 [ERROR] Engine:466 - C:\Users\USER\.stm32cubemx\thirdparties\pdsc\STMicroelectronics.X-CUBE-SMBUS.2.1.1.pdsc: PDSC version is not supported
2026-06-16 03:13:40,246 [WARN] PackLoader:240 - Cannot read IP mode file for STMicroelectronics.X-CUBE-SMBUS.2.1.0
2026-06-16 03:13:40,264 [WARN] PackLoader:240 - Cannot read IP mode file for STMicroelectronics.X-CUBE-WB05N.1.1.0
2026-06-16 03:13:40,280 [WARN] PackLoader:240 - Cannot read IP mode file for STMicroelectronics.X-CUBE-TOUCHGFX.4.23.2
2026-06-16 03:13:40,307 [WARN] PackLoader:240 - Cannot read IP mode file for STMicroelectronics.X-CUBE-AZRTOS-F7.1.1.0
2026-06-16 03:13:40,369 [WARN] PackLoader:240 - Cannot read IP mode file for STMicroelectronics.X-CUBE-MEMS1.11.0.0
2026-06-16 03:13:40,504 [ERROR] Engine:466 - C:\Users\USER\.stm32cubemx\thirdparties\pdsc\STMicroelectronics.FP-SNS-MOTENV1.5.1.0.pdsc: PDSC version is not supported
2026-06-16 03:13:40,523 [WARN] PackLoader:240 - Cannot read IP mode file for STMicroelectronics.FP-SNS-FLIGHT1.5.0.2
2026-06-16 03:13:40,559 [WARN] PackLoader:240 - Cannot read IP mode file for STMicroelectronics.X-CUBE-AZRTOS-H7.3.4.0
2026-06-16 03:13:40,588 [WARN] PackLoader:240 - Cannot read IP mode file for STMicroelectronics.X-CUBE-DISPLAY.3.0.0
2026-06-16 03:13:40,614 [WARN] PackLoader:240 - Cannot read IP mode file for STMicroelectronics.X-CUBE-GNSS1.7.1.1
2026-06-16 03:13:40,630 [ERROR] Engine:466 - C:\Users\USER\.stm32cubemx\thirdparties\pdsc\STMicroelectronics.FP-SNS-MOTENVWB1.1.5.0.pdsc: PDSC version is not supported
2026-06-16 03:13:40,652 [WARN] PackLoader:240 - Cannot read IP mode file for STMicroelectronics.X-CUBE-BLE1.7.0.0
2026-06-16 03:13:40,677 [WARN] PackLoader:240 - Cannot read IP mode file for STMicroelectronics.X-CUBE-NFC10.1.0.0
2026-06-16 03:13:40,706 [WARN] PackLoader:240 - Cannot read IP mode file for STMicroelectronics.X-CUBE-BLEMGR.4.0.0
2026-06-16 03:13:40,725 [ERROR] Engine:466 - C:\Users\USER\.stm32cubemx\thirdparties\pdsc\STMicroelectronics.X-CUBE-ST60.1.1.0.pdsc: PDSC version is not supported
2026-06-16 03:13:40,750 [WARN] PackLoader:240 - Cannot read IP mode file for emotas.I-CUBE-CANOPEN.1.3.0
2026-06-16 03:13:40,770 [WARN] PackLoader:240 - Cannot read IP mode file for STMicroelectronics.X-CUBE-GNSS1.7.1.0
2026-06-16 03:13:40,800 [WARN] PackLoader:240 - Cannot read IP mode file for STMicroelectronics.X-CUBE-BLEMGR.3.1.0
2026-06-16 03:13:40,821 [WARN] PackLoader:240 - Cannot read IP mode file for STMicroelectronics.X-CUBE-AI.10.0.0
2026-06-16 03:13:40,840 [ERROR] Engine:466 - C:\Users\USER\.stm32cubemx\thirdparties\pdsc\STMicroelectronics.FP-SNS-STBOX1.2.1.0.pdsc: PDSC version is not supported
2026-06-16 03:13:40,859 [WARN] PackLoader:240 - Cannot read IP mode file for STMicroelectronics.FP-SNS-SMARTAG2.1.2.0
2026-06-16 03:13:40,874 [ERROR] Engine:466 - C:\Users\USER\.stm32cubemx\thirdparties\pdsc\STMicroelectronics.FP-SNS-FLIGHT1.5.1.0.pdsc: PDSC version is not supported
2026-06-16 03:13:40,937 [WARN] PackLoader:240 - Cannot read IP mode file for STMicroelectronics.X-CUBE-MEMS1.11.1.0
2026-06-16 03:13:41,067 [INFO] LogOutputStream:77 - [STDOUT_REDIRECT] 1 : Invalid condition id : UX_CORESTACK_Condition cause : null
2026-06-16 03:13:41,069 [INFO] LogOutputStream:77 - [STDOUT_REDIRECT] 1 : Invalid condition id : UX_CORESTACK_Condition cause : null
2026-06-16 03:13:41,071 [INFO] LogOutputStream:77 - [STDOUT_REDIRECT] 1 : Invalid condition id : UX_CORESTACK_Condition cause : null
2026-06-16 03:13:41,072 [INFO] LogOutputStream:77 - [STDOUT_REDIRECT] 1 : Invalid condition id : UX_CORESTACK_Condition cause : null
2026-06-16 03:13:41,074 [INFO] LogOutputStream:77 - [STDOUT_REDIRECT] 1 : Invalid condition id : UX_CORESTACK_Condition cause : null
2026-06-16 03:13:41,077 [WARN] PackLoader:240 - Cannot read IP mode file for STMicroelectronics.X-CUBE-AZRTOS-WL.2.0.0
2026-06-16 03:13:41,100 [WARN] PackLoader:240 - Cannot read IP mode file for STMicroelectronics.FP-SNS-MOTENV1.5.0.0
2026-06-16 03:13:41,142 [WARN] PackLoader:240 - Cannot read IP mode file for STMicroelectronics.X-CUBE-AZRTOS-H7RS.1.2.0
2026-06-16 03:13:41,157 [WARN] PackLoader:240 - Cannot read IP mode file for wolfSSL.I-CUBE-wolfMQTT.1.19.0
2026-06-16 03:13:41,184 [WARN] PackLoader:240 - Cannot read IP mode file for WES.I-CUBE-Cesium.1.3.0
2026-06-16 03:13:41,207 [WARN] PackLoader:240 - Cannot read IP mode file for STMicroelectronics.X-CUBE-BLE2.3.3.0
2026-06-16 03:13:41,213 [ERROR] Engine:466 - C:\Users\USER\.stm32cubemx\thirdparties\pdsc\Avnet-IOTCONNECT.X-CUBE-iotc-st67-sdk.1.0.0.pdsc: PDSC version is not supported
2026-06-16 03:13:41,237 [WARN] PackLoader:240 - Cannot read IP mode file for STMicroelectronics.X-CUBE-NFC9.1.0.0
2026-06-16 03:13:41,258 [WARN] PackLoader:240 - Cannot read IP mode file for STMicroelectronics.X-CUBE-BLE1.7.1.0
2026-06-16 03:13:41,285 [WARN] PackLoader:240 - Cannot read IP mode file for STMicroelectronics.X-CUBE-TCPP.4.1.0
2026-06-16 03:13:41,306 [ERROR] Engine:466 - C:\Users\USER\.stm32cubemx\thirdparties\pdsc\STMicroelectronics.X-CUBE-FREERTOS.1.4.0.pdsc: PDSC version is not supported
2026-06-16 03:13:41,333 [WARN] PackLoader:240 - Cannot read IP mode file for STMicroelectronics.X-CUBE-EEPRMA1.5.2.0
2026-06-16 03:13:41,353 [ERROR] Engine:466 - C:\Users\USER\.stm32cubemx\thirdparties\pdsc\STMicroelectronics.X-CUBE-ST67W61.1.1.0.pdsc: PDSC version is not supported
2026-06-16 03:13:41,372 [ERROR] Engine:466 - C:\Users\USER\.stm32cubemx\thirdparties\pdsc\STMicroelectronics.FP-SNS-STAIOTCFT.1.1.0.pdsc: PDSC version is not supported
2026-06-16 03:13:41,455 [WARN] PackLoader:240 - Cannot read IP mode file for STMicroelectronics.X-CUBE-MEMS1.12.0.0
2026-06-16 03:13:41,580 [WARN] PackLoader:240 - Cannot read IP mode file for STMicroelectronics.X-CUBE-ALGOBUILD.1.3.0
2026-06-16 03:13:41,645 [WARN] PackLoader:240 - Cannot read IP mode file for STMicroelectronics.X-CUBE-MEMS1.11.2.0
2026-06-16 03:13:41,782 [WARN] PackLoader:240 - Cannot read IP mode file for STMicroelectronics.X-CUBE-AZRTOS-G0.1.1.0
2026-06-16 03:13:41,808 [WARN] PackLoader:240 - Cannot read IP mode file for STMicroelectronics.X-CUBE-SAFEA1.1.2.2
2026-06-16 03:13:41,831 [WARN] PackLoader:240 - Cannot read IP mode file for STMicroelectronics.X-CUBE-NFC4.3.0.0
2026-06-16 03:13:41,859 [WARN] PackLoader:240 - Cannot read IP mode file for EmbeddedOffice.I-CUBE-FS-RTOS.1.0.1
2026-06-16 03:13:41,860 [ERROR] ConditionMgr:805 - Attr not supported : Dmpu
2026-06-16 03:13:41,860 [ERROR] ConditionMgr:805 - Attr not supported : Dmpu
2026-06-16 03:13:41,860 [ERROR] ConditionMgr:805 - Attr not supported : Dmpu
2026-06-16 03:13:41,861 [ERROR] ConditionMgr:805 - Attr not supported : Dmpu
2026-06-16 03:13:41,861 [ERROR] ConditionMgr:805 - Attr not supported : Dmpu
2026-06-16 03:13:41,861 [ERROR] ConditionMgr:805 - Attr not supported : Dmpu
2026-06-16 03:13:41,861 [ERROR] ConditionMgr:805 - Attr not supported : Dmpu
2026-06-16 03:13:41,861 [ERROR] ConditionMgr:805 - Attr not supported : Dmpu
2026-06-16 03:13:41,861 [ERROR] ConditionMgr:805 - Attr not supported : Dmpu
2026-06-16 03:13:41,861 [ERROR] ConditionMgr:805 - Attr not supported : Dmpu
2026-06-16 03:13:41,861 [ERROR] ConditionMgr:805 - Attr not supported : Dmpu
2026-06-16 03:13:41,861 [ERROR] ConditionMgr:805 - Attr not supported : Dmpu
2026-06-16 03:13:41,861 [ERROR] ConditionMgr:805 - Attr not supported : Dmpu
2026-06-16 03:13:41,862 [ERROR] ConditionMgr:805 - Attr not supported : Dmpu
2026-06-16 03:13:41,862 [ERROR] ConditionMgr:805 - Attr not supported : Dmpu
2026-06-16 03:13:41,862 [ERROR] ConditionMgr:805 - Attr not supported : Dmpu
2026-06-16 03:13:41,862 [ERROR] ConditionMgr:805 - Attr not supported : Dmpu
2026-06-16 03:13:41,862 [ERROR] ConditionMgr:805 - Attr not supported : Dmpu
2026-06-16 03:13:41,862 [ERROR] ConditionMgr:805 - Attr not supported : Dmpu
2026-06-16 03:13:41,862 [ERROR] ConditionMgr:805 - Attr not supported : Dmpu
2026-06-16 03:13:41,862 [ERROR] ConditionMgr:805 - Attr not supported : Dmpu
2026-06-16 03:13:41,862 [ERROR] ConditionMgr:805 - Attr not supported : Dmpu
2026-06-16 03:13:41,862 [ERROR] ConditionMgr:805 - Attr not supported : Dmpu
2026-06-16 03:13:41,862 [ERROR] ConditionMgr:805 - Attr not supported : Dmpu
2026-06-16 03:13:41,863 [ERROR] ConditionMgr:805 - Attr not supported : Dmpu
2026-06-16 03:13:41,863 [ERROR] ConditionMgr:805 - Attr not supported : Dmpu
2026-06-16 03:13:41,863 [ERROR] ConditionMgr:805 - Attr not supported : Dmpu
2026-06-16 03:13:41,863 [ERROR] ConditionMgr:805 - Attr not supported : Dmpu
2026-06-16 03:13:41,863 [ERROR] ConditionMgr:805 - Attr not supported : Dmpu
2026-06-16 03:13:41,863 [ERROR] ConditionMgr:805 - Attr not supported : Dmpu
2026-06-16 03:13:41,863 [ERROR] ConditionMgr:805 - Attr not supported : Dmpu
2026-06-16 03:13:41,863 [ERROR] ConditionMgr:805 - Attr not supported : Dmpu
2026-06-16 03:13:41,863 [ERROR] ConditionMgr:805 - Attr not supported : Dmpu
2026-06-16 03:13:41,863 [ERROR] ConditionMgr:805 - Attr not supported : Dmpu
2026-06-16 03:13:41,863 [ERROR] ConditionMgr:805 - Attr not supported : Dmpu
2026-06-16 03:13:41,863 [ERROR] ConditionMgr:805 - Attr not supported : Dmpu
2026-06-16 03:13:41,863 [ERROR] ConditionMgr:805 - Attr not supported : Dmpu
2026-06-16 03:13:41,863 [ERROR] ConditionMgr:805 - Attr not supported : Dmpu
2026-06-16 03:13:41,864 [ERROR] ConditionMgr:805 - Attr not supported : Dmpu
2026-06-16 03:13:41,864 [ERROR] ConditionMgr:805 - Attr not supported : Dmpu
2026-06-16 03:13:41,864 [ERROR] ConditionMgr:805 - Attr not supported : Dmpu
2026-06-16 03:13:41,864 [ERROR] ConditionMgr:805 - Attr not supported : Dmpu
2026-06-16 03:13:41,864 [ERROR] ConditionMgr:805 - Attr not supported : Dmpu
2026-06-16 03:13:41,864 [ERROR] ConditionMgr:805 - Attr not supported : Dmpu
2026-06-16 03:13:41,864 [ERROR] ConditionMgr:805 - Attr not supported : Dmpu
2026-06-16 03:13:41,864 [ERROR] ConditionMgr:805 - Attr not supported : Dmpu
2026-06-16 03:13:41,864 [ERROR] ConditionMgr:805 - Attr not supported : Dmpu
2026-06-16 03:13:41,864 [ERROR] ConditionMgr:805 - Attr not supported : Dmpu
2026-06-16 03:13:41,864 [ERROR] ConditionMgr:805 - Attr not supported : Dmpu
2026-06-16 03:13:41,864 [ERROR] ConditionMgr:805 - Attr not supported : Dmpu
2026-06-16 03:13:41,864 [ERROR] ConditionMgr:805 - Attr not supported : Dmpu
2026-06-16 03:13:41,864 [ERROR] ConditionMgr:805 - Attr not supported : Dmpu
2026-06-16 03:13:41,864 [ERROR] ConditionMgr:805 - Attr not supported : Dmpu
2026-06-16 03:13:41,864 [ERROR] ConditionMgr:805 - Attr not supported : Dmpu
2026-06-16 03:13:41,864 [ERROR] ConditionMgr:805 - Attr not supported : Dmpu
2026-06-16 03:13:41,865 [ERROR] ConditionMgr:805 - Attr not supported : Dmpu
2026-06-16 03:13:41,865 [ERROR] ConditionMgr:805 - Attr not supported : Dmpu
2026-06-16 03:13:41,865 [ERROR] ConditionMgr:805 - Attr not supported : Dmpu
2026-06-16 03:13:41,865 [ERROR] ConditionMgr:805 - Attr not supported : Dmpu
2026-06-16 03:13:41,865 [ERROR] ConditionMgr:805 - Attr not supported : Dmpu
2026-06-16 03:13:41,865 [ERROR] ConditionMgr:805 - Attr not supported : Dmpu
2026-06-16 03:13:41,865 [ERROR] ConditionMgr:805 - Attr not supported : Dmpu
2026-06-16 03:13:41,865 [ERROR] ConditionMgr:805 - Attr not supported : Dmpu
2026-06-16 03:13:41,865 [ERROR] ConditionMgr:805 - Attr not supported : Dmpu
2026-06-16 03:13:41,887 [WARN] PackLoader:240 - Cannot read IP mode file for STMicroelectronics.X-CUBE-WB05N.2.0.0
2026-06-16 03:13:41,906 [ERROR] Engine:466 - C:\Users\USER\.stm32cubemx\thirdparties\pdsc\STMicroelectronics.X-CUBE-TCPP.4.2.0.pdsc: PDSC version is not supported
2026-06-16 03:13:41,929 [WARN] PackLoader:240 - Cannot read IP mode file for RealThread.X-CUBE-RT-Thread_Nano.4.1.1
2026-06-16 03:13:41,952 [WARN] PackLoader:240 - Cannot read IP mode file for wolfSSL.I-CUBE-wolfSSL.5.7.0
2026-06-16 03:13:41,972 [WARN] PackLoader:240 - Cannot read IP mode file for STMicroelectronics.FP-ATR-SIGFOX1.3.2.0
2026-06-16 03:13:41,984 [WARN] ConditionMgr:438 - getConditionDescription Invalid condition id : Cortex-A Device cause : null
2026-06-16 03:13:42,020 [WARN] ConditionMgr:1039 - genDependencies : Invalid condition id : Cortex-A Device cause : null
2026-06-16 03:13:42,020 [WARN] ConditionMgr:1039 - genDependencies : Invalid condition id : Cortex-A Device cause : null
2026-06-16 03:13:42,020 [WARN] ConditionMgr:1039 - genDependencies : Invalid condition id : Cortex-A Device cause : null
2026-06-16 03:13:42,041 [WARN] PackLoader:240 - Cannot read IP mode file for STMicroelectronics.X-CUBE-EEPRMA1.5.1.0
2026-06-16 03:13:42,047 [ERROR] Engine:466 - C:\Users\USER\.stm32cubemx\thirdparties\pdsc\STMicroelectronics.X-CUBE-FREERTOS.1.5.0.pdsc: PDSC version is not supported
2026-06-16 03:13:42,071 [WARN] PackLoader:240 - Cannot read IP mode file for ITTIA_DB.I-CUBE-ITTIADB.8.9.0
2026-06-16 03:13:42,093 [WARN] PackLoader:240 - Cannot read IP mode file for STMicroelectronics.X-CUBE-NFC6.3.2.0
2026-06-16 03:13:42,113 [WARN] PackLoader:240 - Cannot read IP mode file for STMicroelectronics.X-CUBE-AI.10.2.0
2026-06-16 03:13:42,168 [WARN] PackLoader:240 - Cannot read IP mode file for STMicroelectronics.X-CUBE-MEMS1.12.1.0
2026-06-16 03:13:42,288 [WARN] PackLoader:240 - Cannot read IP mode file for SEGGER.I-CUBE-embOS.1.3.1
2026-06-16 03:13:42,393 [WARN] PackLoader:240 - Cannot read IP mode file for STMicroelectronics.X-CUBE-ALGOBUILD.1.4.0
2026-06-16 03:13:42,412 [WARN] PackLoader:240 - Cannot read IP mode file for STMicroelectronics.X-CUBE-AI.9.1.0
2026-06-16 03:13:42,421 [WARN] PackLoader:240 - Cannot read IP mode file for STMicroelectronics.X-CUBE-NFC13.1.0.0
2026-06-16 03:13:42,442 [WARN] PackLoader:240 - Cannot read IP mode file for STMicroelectronics.X-CUBE-PM33A1.1.0.0
2026-06-16 03:13:42,462 [WARN] PackLoader:240 - Cannot read IP mode file for STMicroelectronics.X-CUBE-GNSS1.6.0.0
2026-06-16 03:13:42,498 [WARN] PackLoader:240 - Cannot read IP mode file for STMicroelectronics.X-CUBE-AZRTOS-F4.1.1.0
2026-06-16 03:13:42,518 [ERROR] Engine:466 - C:\Users\USER\.stm32cubemx\thirdparties\pdsc\Avnet-IotConnect.X-CUBE-IoTC-DA16k-PMOD.1.0.0.pdsc: PDSC version is not supported
2026-06-16 03:13:42,542 [WARN] PackLoader:240 - Cannot read IP mode file for STMicroelectronics.X-CUBE-ISPU.2.1.0
2026-06-16 03:13:42,565 [ERROR] Engine:466 - C:\Users\USER\.stm32cubemx\thirdparties\pdsc\STMicroelectronics.X-CUBE-IPS.3.2.0.pdsc: PDSC version is not supported
2026-06-16 03:13:42,570 [ERROR] Engine:466 - C:\Users\USER\.stm32cubemx\thirdparties\pdsc\STMicroelectronics.eDS-WB_DPC_TT-BIDIR.2.1.1.pdsc: PDSC version is not supported
2026-06-16 03:13:42,590 [WARN] PackLoader:240 - Cannot read IP mode file for STMicroelectronics.X-CUBE-FREERTOS.1.2.0
2026-06-16 03:13:42,615 [WARN] PackLoader:240 - Cannot read IP mode file for STMicroelectronics.X-CUBE-NFC12.1.0.0
2026-06-16 03:13:42,663 [WARN] PackLoader:240 - Cannot read IP mode file for STMicroelectronics.X-CUBE-AZRTOS-L5.2.0.0
2026-06-16 03:13:42,686 [WARN] PackLoader:240 - Cannot read IP mode file for STMicroelectronics.X-CUBE-NFC6.3.1.0
2026-06-16 03:13:42,708 [WARN] PackLoader:240 - Cannot read IP mode file for STMicroelectronics.X-CUBE-ALGOBUILD.1.5.0
2026-06-16 03:13:42,732 [WARN] PackLoader:240 - Cannot read IP mode file for STMicroelectronics.X-CUBE-DPower.1.2.0
2026-06-16 03:13:42,750 [ERROR] Engine:466 - C:\Users\USER\.stm32cubemx\thirdparties\pdsc\STMicroelectronics.eDS-WB_DPC_VIENNA.1.2.0.pdsc: PDSC version is not supported
2026-06-16 03:13:42,769 [ERROR] Engine:466 - C:\Users\USER\.stm32cubemx\thirdparties\pdsc\STMicroelectronics.eDS-WB_DPC_3PH2L-BIDIR.1.1.1.pdsc: PDSC version is not supported
2026-06-16 03:13:42,796 [WARN] PackLoader:240 - Cannot read IP mode file for STMicroelectronics.X-CUBE-AI.9.0.0
2026-06-16 03:13:42,819 [ERROR] Engine:466 - C:\Users\USER\.stm32cubemx\thirdparties\pdsc\STMicroelectronics.X-CUBE-ST67W61.1.3.0.pdsc: PDSC version is not supported
2026-06-16 03:13:42,839 [WARN] PackLoader:240 - Cannot read IP mode file for STMicroelectronics.X-CUBE-FREERTOS.1.3.1
2026-06-16 03:13:42,867 [WARN] PackLoader:240 - Cannot read IP mode file for STMicroelectronics.X-CUBE-FREERTOS.1.3.0
2026-06-16 03:13:42,892 [WARN] PackLoader:240 - Cannot read IP mode file for STMicroelectronics.X-CUBE-NFC7.1.0.1
2026-06-16 03:13:42,933 [WARN] PackLoader:240 - Cannot read IP mode file for STMicroelectronics.X-CUBE-TOUCHGFX.4.26.0
2026-06-16 03:13:43,217 [WARN] PackLoader:240 - Cannot read IP mode file for STMicroelectronics.X-CUBE-TOUCHGFX.4.26.1
2026-06-16 03:13:43,238 [ERROR] Engine:466 - C:\Users\USER\.stm32cubemx\thirdparties\pdsc\STMicroelectronics.FP-SNS-STAIOTCFT.1.0.0.pdsc: PDSC version is not supported
2026-06-16 03:13:43,260 [WARN] PackLoader:240 - Cannot read IP mode file for STMicroelectronics.X-CUBE-DPower.1.3.0
2026-06-16 03:13:43,306 [WARN] ConditionMgr:438 - getConditionDescription Invalid condition id : LAN8742 Phy interface Condition cause : null
2026-06-16 03:13:43,307 [WARN] PackLoader:240 - Cannot read IP mode file for STMicroelectronics.X-CUBE-AZRTOS-L4.2.0.0
2026-06-16 03:13:43,309 [WARN] ConditionMgr:1039 - genDependencies : Invalid condition id : LAN8742 Phy interface Condition cause : null
2026-06-16 03:13:43,310 [WARN] ConditionMgr:1039 - genDependencies : Invalid condition id : LAN8742 Phy interface Condition cause : null
2026-06-16 03:13:43,310 [WARN] ConditionMgr:1039 - genDependencies : Invalid condition id : LAN8742 Phy interface Condition cause : null
2026-06-16 03:13:43,338 [WARN] PackLoader:240 - Cannot read IP mode file for STMicroelectronics.X-CUBE-SFXS2LP1.4.0.0
2026-06-16 03:13:43,360 [WARN] PackLoader:240 - Cannot read IP mode file for STMicroelectronics.X-CUBE-WB05N.2.1.0
2026-06-16 03:13:43,382 [ERROR] Engine:466 - C:\Users\USER\.stm32cubemx\thirdparties\pdsc\STMicroelectronics.X-CUBE-ST67W61.1.2.0.pdsc: PDSC version is not supported
2026-06-16 03:13:43,424 [WARN] PackLoader:240 - Cannot read IP mode file for STMicroelectronics.X-CUBE-AZRTOS-H7.3.3.0
2026-06-16 03:13:43,446 [ERROR] Engine:466 - C:\Users\USER\.stm32cubemx\thirdparties\pdsc\STMicroelectronics.X-CUBE-BLEMGR.4.1.0.pdsc: PDSC version is not supported
2026-06-16 03:13:43,474 [WARN] PackLoader:240 - Cannot read IP mode file for STMicroelectronics.X-CUBE-IPS.3.0.0
2026-06-16 03:13:43,507 [WARN] ConditionMgr:438 - getConditionDescription Invalid condition id : UX DEVICE CLASS RTOS Condition cause : null
2026-06-16 03:13:43,507 [WARN] ConditionMgr:438 - getConditionDescription Invalid condition id : UX DEVICE CLASS RTOS Condition cause : null
2026-06-16 03:13:43,509 [WARN] PackLoader:240 - Cannot read IP mode file for STMicroelectronics.X-CUBE-AZRTOS-WB.2.0.0
2026-06-16 03:13:43,510 [WARN] ConditionMgr:1039 - genDependencies : Invalid condition id : UX DEVICE CLASS RTOS Condition cause : null
2026-06-16 03:13:43,511 [WARN] ConditionMgr:1039 - genDependencies : Invalid condition id : UX DEVICE CLASS RTOS Condition cause : null
2026-06-16 03:13:43,511 [WARN] ConditionMgr:1039 - genDependencies : Invalid condition id : UX DEVICE CLASS RTOS Condition cause : null
2026-06-16 03:13:43,512 [WARN] ConditionMgr:1039 - genDependencies : Invalid condition id : UX DEVICE CLASS RTOS Condition cause : null
2026-06-16 03:13:43,513 [WARN] ConditionMgr:1039 - genDependencies : Invalid condition id : UX DEVICE CLASS RTOS Condition cause : null
2026-06-16 03:13:43,533 [WARN] PackLoader:240 - Cannot read IP mode file for STMicroelectronics.X-CUBE-GNSS1.7.0.0
2026-06-16 03:13:43,554 [WARN] PackLoader:240 - Cannot read IP mode file for STMicroelectronics.X-CUBE-GNSS1.7.0.1
2026-06-16 03:13:43,576 [WARN] PackLoader:240 - Cannot read IP mode file for STMicroelectronics.X-CUBE-TOUCHGFX.4.25.0
2026-06-16 03:13:43,601 [WARN] PackLoader:240 - Cannot read IP mode file for STMicroelectronics.FP-SNS-STBOX1.2.0.0
2026-06-16 03:13:43,628 [WARN] PackLoader:240 - Cannot read IP mode file for STMicroelectronics.X-CUBE-STSE01.2.0.0
2026-06-16 03:13:43,659 [WARN] PackLoader:240 - Cannot read IP mode file for STMicroelectronics.X-CUBE-SUBG2.5.0.0
2026-06-16 03:13:43,698 [WARN] PackLoader:240 - Cannot read IP mode file for STMicroelectronics.X-CUBE-AZRTOS-H7RS.1.1.0
2026-06-16 03:13:43,713 [WARN] PackLoader:240 - Cannot read IP mode file for Cesanta.I-CUBE-Mongoose.7.13.0
2026-06-16 03:13:43,748 [WARN] PackLoader:240 - Cannot read IP mode file for STMicroelectronics.X-CUBE-AZRTOS-G4.2.0.0
2026-06-16 03:13:43,768 [WARN] PackLoader:240 - Cannot read IP mode file for STMicroelectronics.X-CUBE-NFC7.2.0.0
2026-06-16 03:13:43,787 [WARN] PackLoader:240 - Cannot read IP mode file for STMicroelectronics.X-CUBE-ISPU.2.0.0
2026-06-16 03:13:43,810 [ERROR] Engine:466 - C:\Users\USER\.stm32cubemx\thirdparties\pdsc\STMicroelectronics.X-CUBE-IPS.3.1.0.pdsc: PDSC version is not supported
2026-06-16 03:13:43,830 [WARN] PackLoader:240 - Cannot read IP mode file for STMicroelectronics.X-CUBE-ALS.1.0.2
2026-06-16 03:13:43,872 [WARN] PackLoader:240 - Cannot read IP mode file for STMicroelectronics.X-CUBE-MEMS1.10.0.0
2026-06-16 03:13:43,992 [WARN] PackLoader:240 - Cannot read IP mode file for STMicroelectronics.X-CUBE-FREERTOS.1.1.0
2026-06-16 03:13:44,014 [WARN] PackLoader:240 - Cannot read IP mode file for STMicroelectronics.X-CUBE-TOUCHGFX.4.24.2
2026-06-16 03:13:44,034 [WARN] PackLoader:240 - Cannot read IP mode file for STMicroelectronics.X-CUBE-TOUCHGFX.4.24.1
2026-06-16 03:13:44,057 [WARN] PackLoader:240 - Cannot read IP mode file for STMicroelectronics.X-CUBE-STSE01.1.0.0
2026-06-16 03:13:44,081 [WARN] PackLoader:240 - Cannot read IP mode file for wolfSSL.I-CUBE-wolfTPM.3.4.0
2026-06-16 03:13:44,107 [WARN] PackLoader:240 - Cannot read IP mode file for portGmbH.I-Cube-SoM-uGOAL.1.1.0
2026-06-16 03:13:44,126 [WARN] PackLoader:240 - Cannot read IP mode file for STMicroelectronics.X-CUBE-ALS.1.0.1
2026-06-16 03:13:44,159 [WARN] PackLoader:240 - Cannot read IP mode file for STMicroelectronics.X-CUBE-AZRTOS-H7RS.1.0.0
2026-06-16 03:13:44,181 [WARN] PackLoader:240 - Cannot read IP mode file for STMicroelectronics.FP-ATR-ASTRA1.2.0.0
2026-06-16 03:13:44,216 [WARN] PackLoader:240 - Cannot read IP mode file for STMicroelectronics.X-CUBE-TOF1.3.4.2
2026-06-16 03:13:44,337 [ERROR] Engine:466 - C:\Users\USER\.stm32cubemx\thirdparties\pdsc\STMicroelectronics.X-CUBE-TOF1.3.4.3.pdsc: PDSC version is not supported
2026-06-16 03:13:44,364 [WARN] PackLoader:240 - Cannot read IP mode file for STMicroelectronics.X-CUBE-TOF1.3.4.1
2026-06-16 03:13:44,406 [WARN] PackLoader:240 - Cannot read IP mode file for STMicroelectronics.X-CUBE-AZRTOS-H7.3.2.0
2026-06-16 03:13:44,443 [WARN] PackLoader:240 - Cannot read IP mode file for Infineon.AIROC-Wi-Fi-Bluetooth-STM32.1.6.0
2026-06-16 03:13:44,457 [WARN] PackLoader:240 - Cannot read IP mode file for wolfSSL.I-CUBE-wolfSSH.1.4.17
2026-06-16 03:13:44,458 [INFO] ThirdParty:978 - Integrity check success = true
2026-06-16 03:13:44,458 [INFO] IntegrityCheckThread:100 - exiting critical section [integrity check]
2026-06-16 03:13:44,458 [INFO] IntegrityCheckThread:103 - End integrity checks thread
2026-06-16 03:13:44,577 [INFO] Mcu:2021 - Initializing MCU STM32F411C(C-E)Ux STM32F411CEUx STM32F411CEU6
2026-06-16 03:13:47,394 [INFO] Context:663 - Trying to add GPIOservice into a context  which must be forbidden
2026-06-16 03:13:48,187 [INFO] RtosManager:555 - Registered RTOS mode: class=CMSIS, group=RTOS, mode=CMSIS_V1, owner=FREERTOS
2026-06-16 03:13:48,188 [INFO] RtosManager:555 - Registered RTOS mode: class=CMSIS, group=RTOS2, mode=CMSIS_V2, owner=FREERTOS
2026-06-16 03:13:48,188 [INFO] RtosManager:555 - Registered RTOS mode: class=RTOS, group=Core, mode=CMSIS_V1, owner=FREERTOS
2026-06-16 03:13:48,188 [INFO] RtosManager:555 - Registered RTOS mode: class=RTOS, group=Core, mode=CMSIS_V2, owner=FREERTOS
2026-06-16 03:13:48,189 [WARN] ModelIntegratedComponent:184 - Missing modes for component STMicroelectronics:FreeRTOS:0.0.1:STMicroelectronics:RTOS:FreeRTOS:Core:::10.2.0:
2026-06-16 03:13:48,210 [WARN] ModelIntegratedComponent:63 - No mode defined for component null
2026-06-16 03:13:48,210 [WARN] ModelIntegratedComponent:63 - No mode defined for component null
2026-06-16 03:13:48,210 [WARN] ModelIntegratedComponent:63 - No mode defined for component null
2026-06-16 03:13:48,210 [WARN] ModelIntegratedComponent:63 - No mode defined for component null
2026-06-16 03:13:48,210 [WARN] ModelIntegratedComponent:63 - No mode defined for component null
2026-06-16 03:13:48,210 [WARN] ModelIntegratedComponent:63 - No mode defined for component null
2026-06-16 03:13:48,210 [WARN] ModelIntegratedComponent:63 - No mode defined for component null
2026-06-16 03:13:48,210 [WARN] ModelIntegratedComponent:63 - No mode defined for component null
2026-06-16 03:13:48,210 [WARN] ModelIntegratedComponent:63 - No mode defined for component null
2026-06-16 03:13:48,210 [WARN] ModelIntegratedComponent:63 - No mode defined for component null
2026-06-16 03:13:48,210 [WARN] ModelIntegratedComponent:63 - No mode defined for component null
2026-06-16 03:13:48,210 [WARN] ModelIntegratedComponent:63 - No mode defined for component null
2026-06-16 03:13:48,210 [WARN] ModelIntegratedComponent:63 - No mode defined for component null
2026-06-16 03:13:48,210 [WARN] ModelIntegratedComponent:63 - No mode defined for component null
2026-06-16 03:13:48,211 [WARN] ModelIntegratedComponent:63 - No mode defined for component null
2026-06-16 03:13:48,211 [WARN] ModelIntegratedComponent:63 - No mode defined for component null
2026-06-16 03:13:48,211 [WARN] ModelIntegratedComponent:63 - No mode defined for component null
2026-06-16 03:13:48,211 [WARN] ModelIntegratedComponent:63 - No mode defined for component null
2026-06-16 03:13:48,211 [WARN] ModelIntegratedComponent:63 - No mode defined for component null
2026-06-16 03:13:48,211 [WARN] ModelIntegratedComponent:63 - No mode defined for component null
2026-06-16 03:13:48,211 [WARN] ModelIntegratedComponent:63 - No mode defined for component null
2026-06-16 03:13:48,211 [WARN] ModelIntegratedComponent:63 - No mode defined for component null
2026-06-16 03:13:48,211 [WARN] ModelIntegratedComponent:63 - No mode defined for component null
2026-06-16 03:13:48,211 [WARN] ModelIntegratedComponent:63 - No mode defined for component null
2026-06-16 03:13:48,211 [WARN] ModelIntegratedComponent:63 - No mode defined for component null
2026-06-16 03:13:48,211 [WARN] ModelIntegratedComponent:63 - No mode defined for component null
2026-06-16 03:13:48,211 [WARN] ModelIntegratedComponent:63 - No mode defined for component null
2026-06-16 03:13:48,211 [WARN] ModelIntegratedComponent:63 - No mode defined for component null
2026-06-16 03:13:48,211 [WARN] ModelIntegratedComponent:63 - No mode defined for component null
2026-06-16 03:13:48,211 [WARN] ModelIntegratedComponent:63 - No mode defined for component null
2026-06-16 03:13:48,211 [WARN] ModelIntegratedComponent:63 - No mode defined for component null
2026-06-16 03:13:48,211 [WARN] ModelIntegratedComponent:63 - No mode defined for component null
2026-06-16 03:13:48,211 [WARN] ModelIntegratedComponent:63 - No mode defined for component null
2026-06-16 03:13:48,211 [WARN] ModelIntegratedComponent:63 - No mode defined for component null
2026-06-16 03:13:48,319 [WARN] ModelIntegratedComponent:182 - Modes not found for component STMicroelectronics:USB_DEVICE:1.0.0:STMicroelectronics:USB::USB Device:Audio HS::1.0:USB_DEVICE_1_0_RESTRICTED_HS
2026-06-16 03:13:48,319 [WARN] ModelIntegratedComponent:188 - Modes not found for component STMicroelectronics:USB_DEVICE:1.0.0:STMicroelectronics:USB::USB Device:Audio HS::1.0:USB_DEVICE_1_0_RESTRICTED_HS
2026-06-16 03:13:48,319 [WARN] ModelIntegratedComponent:182 - Modes not found for component STMicroelectronics:USB_DEVICE:1.0.0:STMicroelectronics:USB::USB Device:CDC HS::1.0:USB_DEVICE_1_0_RESTRICTED_HS
2026-06-16 03:13:48,319 [WARN] ModelIntegratedComponent:188 - Modes not found for component STMicroelectronics:USB_DEVICE:1.0.0:STMicroelectronics:USB::USB Device:CDC HS::1.0:USB_DEVICE_1_0_RESTRICTED_HS
2026-06-16 03:13:48,319 [WARN] ModelIntegratedComponent:182 - Modes not found for component STMicroelectronics:USB_DEVICE:1.0.0:STMicroelectronics:USB::USB Device:DFU HS::1.0:USB_DEVICE_1_0_RESTRICTED_HS
2026-06-16 03:13:48,319 [WARN] ModelIntegratedComponent:188 - Modes not found for component STMicroelectronics:USB_DEVICE:1.0.0:STMicroelectronics:USB::USB Device:DFU HS::1.0:USB_DEVICE_1_0_RESTRICTED_HS
2026-06-16 03:13:48,319 [WARN] ModelIntegratedComponent:182 - Modes not found for component STMicroelectronics:USB_DEVICE:1.0.0:STMicroelectronics:USB::USB Device:HID HS::1.0:USB_DEVICE_1_0_RESTRICTED_HS
2026-06-16 03:13:48,319 [WARN] ModelIntegratedComponent:188 - Modes not found for component STMicroelectronics:USB_DEVICE:1.0.0:STMicroelectronics:USB::USB Device:HID HS::1.0:USB_DEVICE_1_0_RESTRICTED_HS
2026-06-16 03:13:48,319 [WARN] ModelIntegratedComponent:182 - Modes not found for component STMicroelectronics:USB_DEVICE:1.0.0:STMicroelectronics:USB::USB Device:Custom HID HS::1.0:USB_DEVICE_1_0_RESTRICTED_HS
2026-06-16 03:13:48,319 [WARN] ModelIntegratedComponent:188 - Modes not found for component STMicroelectronics:USB_DEVICE:1.0.0:STMicroelectronics:USB::USB Device:Custom HID HS::1.0:USB_DEVICE_1_0_RESTRICTED_HS
2026-06-16 03:13:48,319 [WARN] ModelIntegratedComponent:182 - Modes not found for component STMicroelectronics:USB_DEVICE:1.0.0:STMicroelectronics:USB::USB Device:MSC HS::1.0:USB_DEVICE_1_0_RESTRICTED_HS
2026-06-16 03:13:48,320 [WARN] ModelIntegratedComponent:188 - Modes not found for component STMicroelectronics:USB_DEVICE:1.0.0:STMicroelectronics:USB::USB Device:MSC HS::1.0:USB_DEVICE_1_0_RESTRICTED_HS
2026-06-16 03:13:48,498 [WARN] ModelIntegratedComponent:182 - Modes not found for component STMicroelectronics:USB_HOST:1.0.0:STMicroelectronics:USB::USB Host:Audio HS::1.0:USB_HOST_1_0_RESTRICTED_HS
2026-06-16 03:13:48,498 [WARN] ModelIntegratedComponent:188 - Modes not found for component STMicroelectronics:USB_HOST:1.0.0:STMicroelectronics:USB::USB Host:Audio HS::1.0:USB_HOST_1_0_RESTRICTED_HS
2026-06-16 03:13:48,498 [WARN] ModelIntegratedComponent:182 - Modes not found for component STMicroelectronics:USB_HOST:1.0.0:STMicroelectronics:USB::USB Host:CDC HS::1.0:USB_HOST_1_0_RESTRICTED_HS
2026-06-16 03:13:48,498 [WARN] ModelIntegratedComponent:188 - Modes not found for component STMicroelectronics:USB_HOST:1.0.0:STMicroelectronics:USB::USB Host:CDC HS::1.0:USB_HOST_1_0_RESTRICTED_HS
2026-06-16 03:13:48,498 [WARN] ModelIntegratedComponent:182 - Modes not found for component STMicroelectronics:USB_HOST:1.0.0:STMicroelectronics:USB::USB Host:MSC HS::1.0:USB_HOST_1_0_RESTRICTED_HS
2026-06-16 03:13:48,498 [WARN] ModelIntegratedComponent:188 - Modes not found for component STMicroelectronics:USB_HOST:1.0.0:STMicroelectronics:USB::USB Host:MSC HS::1.0:USB_HOST_1_0_RESTRICTED_HS
2026-06-16 03:13:48,498 [WARN] ModelIntegratedComponent:182 - Modes not found for component STMicroelectronics:USB_HOST:1.0.0:STMicroelectronics:USB::USB Host:HID HS::1.0:USB_HOST_1_0_RESTRICTED_HS
2026-06-16 03:13:48,498 [WARN] ModelIntegratedComponent:188 - Modes not found for component STMicroelectronics:USB_HOST:1.0.0:STMicroelectronics:USB::USB Host:HID HS::1.0:USB_HOST_1_0_RESTRICTED_HS
2026-06-16 03:13:48,499 [WARN] ModelIntegratedComponent:182 - Modes not found for component STMicroelectronics:USB_HOST:1.0.0:STMicroelectronics:USB::USB Host:MTP HS::1.0:USB_HOST_1_0_RESTRICTED_HS
2026-06-16 03:13:48,499 [WARN] ModelIntegratedComponent:188 - Modes not found for component STMicroelectronics:USB_HOST:1.0.0:STMicroelectronics:USB::USB Host:MTP HS::1.0:USB_HOST_1_0_RESTRICTED_HS
2026-06-16 03:13:48,675 [INFO] ThirdPartyModel:298 - Start build external matchings
2026-06-16 03:13:50,904 [INFO] ThirdPartyModel:316 - End build external matchings
2026-06-16 03:13:50,972 [INFO] RtosManager:919 - Current active RTOS is FREERTOS [Cortex-M4NS]
2026-06-16 03:13:50,985 [INFO] ImportTextPane:194 - (OptionalMessage_ERROR) IP (DMA) : Parameter (Instance) has Id (USART1_RX) currently not set
2026-06-16 03:13:50,985 [INFO] ImportTextPane:194 - (OptionalMessage_ERROR) IP (DMA) : Parameter (Channel) has Id (USART1_RX) currently not set
2026-06-16 03:13:50,986 [INFO] ImportTextPane:194 - (OptionalMessage_ERROR) IP (DMA) : Parameter (Direction) has Id (USART1_RX) currently not set
2026-06-16 03:13:50,987 [INFO] ImportTextPane:194 - (OptionalMessage_ERROR) IP (DMA) : Parameter (PeriphInc) has Id (USART1_RX) currently not set
2026-06-16 03:13:50,987 [INFO] ImportTextPane:194 - (OptionalMessage_ERROR) IP (DMA) : Parameter (MemInc) has Id (USART1_RX) currently not set
2026-06-16 03:13:50,988 [INFO] ImportTextPane:194 - (OptionalMessage_ERROR) IP (DMA) : Parameter (PeriphDataAlignment) has Id (USART1_RX) currently not set
2026-06-16 03:13:50,989 [INFO] ImportTextPane:194 - (OptionalMessage_ERROR) IP (DMA) : Parameter (MemDataAlignment) has Id (USART1_RX) currently not set
2026-06-16 03:13:50,989 [INFO] ImportTextPane:194 - (OptionalMessage_ERROR) IP (DMA) : Parameter (Mode) has Id (USART1_RX) currently not set
2026-06-16 03:13:50,989 [INFO] ImportTextPane:194 - (OptionalMessage_ERROR) IP (DMA) : Parameter (Priority) has Id (USART1_RX) currently not set
2026-06-16 03:13:50,989 [INFO] ImportTextPane:194 - (OptionalMessage_ERROR) IP (DMA) : Parameter (FIFOMode) has Id (USART1_RX) currently not set
2026-06-16 03:13:50,989 [INFO] ImportTextPane:194 - (OptionalMessage_ERROR) IP (DMA) : Parameter (Instance) has Id (USART1_TX) currently not set
2026-06-16 03:13:50,989 [INFO] ImportTextPane:194 - (OptionalMessage_ERROR) IP (DMA) : Parameter (Channel) has Id (USART1_TX) currently not set
2026-06-16 03:13:50,989 [INFO] ImportTextPane:194 - (OptionalMessage_ERROR) IP (DMA) : Parameter (Direction) has Id (USART1_TX) currently not set
2026-06-16 03:13:50,989 [INFO] ImportTextPane:194 - (OptionalMessage_ERROR) IP (DMA) : Parameter (PeriphInc) has Id (USART1_TX) currently not set
2026-06-16 03:13:50,989 [INFO] ImportTextPane:194 - (OptionalMessage_ERROR) IP (DMA) : Parameter (MemInc) has Id (USART1_TX) currently not set
2026-06-16 03:13:50,989 [INFO] ImportTextPane:194 - (OptionalMessage_ERROR) IP (DMA) : Parameter (PeriphDataAlignment) has Id (USART1_TX) currently not set
2026-06-16 03:13:50,989 [INFO] ImportTextPane:194 - (OptionalMessage_ERROR) IP (DMA) : Parameter (MemDataAlignment) has Id (USART1_TX) currently not set
2026-06-16 03:13:50,989 [INFO] ImportTextPane:194 - (OptionalMessage_ERROR) IP (DMA) : Parameter (Mode) has Id (USART1_TX) currently not set
2026-06-16 03:13:50,989 [INFO] ImportTextPane:194 - (OptionalMessage_ERROR) IP (DMA) : Parameter (Priority) has Id (USART1_TX) currently not set
2026-06-16 03:13:50,990 [INFO] ImportTextPane:194 - (OptionalMessage_ERROR) IP (DMA) : Parameter (FIFOMode) has Id (USART1_TX) currently not set
2026-06-16 03:13:50,990 [INFO] ImportTextPane:194 - (OptionalMessage_ERROR) IP (DMA) : Parameter (Instance) has Id (ADC1) currently not set
2026-06-16 03:13:50,990 [INFO] ImportTextPane:194 - (OptionalMessage_ERROR) IP (DMA) : Parameter (Channel) has Id (ADC1) currently not set
2026-06-16 03:13:50,990 [INFO] ImportTextPane:194 - (OptionalMessage_ERROR) IP (DMA) : Parameter (Direction) has Id (ADC1) currently not set
2026-06-16 03:13:50,990 [INFO] ImportTextPane:194 - (OptionalMessage_ERROR) IP (DMA) : Parameter (PeriphInc) has Id (ADC1) currently not set
2026-06-16 03:13:50,990 [INFO] ImportTextPane:194 - (OptionalMessage_ERROR) IP (DMA) : Parameter (MemInc) has Id (ADC1) currently not set
2026-06-16 03:13:50,990 [INFO] ImportTextPane:194 - (OptionalMessage_ERROR) IP (DMA) : Parameter (PeriphDataAlignment) has Id (ADC1) currently not set
2026-06-16 03:13:50,990 [INFO] ImportTextPane:194 - (OptionalMessage_ERROR) IP (DMA) : Parameter (MemDataAlignment) has Id (ADC1) currently not set
2026-06-16 03:13:50,990 [INFO] ImportTextPane:194 - (OptionalMessage_ERROR) IP (DMA) : Parameter (Mode) has Id (ADC1) currently not set
2026-06-16 03:13:50,990 [INFO] ImportTextPane:194 - (OptionalMessage_ERROR) IP (DMA) : Parameter (Priority) has Id (ADC1) currently not set
2026-06-16 03:13:50,990 [INFO] ImportTextPane:194 - (OptionalMessage_ERROR) IP (DMA) : Parameter (FIFOMode) has Id (ADC1) currently not set
2026-06-16 03:13:51,000 [INFO] ImportTextPane:194 - (OptionalMessage_ERROR) IP (RCC) : Parameter (RTCHSEDivFreq_Value) has invalid value (12500000)
2026-06-16 03:13:51,794 [INFO] ApiDb:581 - Connected to CubeFinder SQLite database (C:\Users\USER\.stmcufinder\plugins\mcufinder\mcu\cube-finder-db.db)
2026-06-16 03:13:51,950 [INFO] ApiDb:668 - CubeFinder database Data Model version=2.1
2026-06-16 03:13:51,950 [INFO] ApiDb:669 - CubeFinder database Configuration version=3.0.39
2026-06-16 03:13:51,950 [INFO] ApiDb:670 - CubeFinder database generation date=2025-12-22 (1766407740)
2026-06-16 03:13:51,950 [INFO] ApiDb:671 - CubeFinder database FW Pack versions=[FP-ATR-ASTRA1_V2.0.0, FP-SNS-FLIGHT1_V5.1.0, FP-SNS-MOTENV1_V5.1.0, FP-SNS-MOTENVWB1_V1.4.0, FP-SNS-SMARTAG2_V1.2.0, FP-SNS-STBOX1_V2.1.0, STM32Cube_FW_C0_V1.4.0, STM32Cube_FW_F4_V1.28.3, STM32Cube_FW_F7_V1.17.4, STM32Cube_FW_G0_V1.6.2, STM32Cube_FW_G4_V1.6.1, STM32Cube_FW_H5_V1.5.1, STM32Cube_FW_H7RS_V1.3.0, STM32Cube_FW_H7_V1.12.1, STM32Cube_FW_L0_V1.12.2, STM32Cube_FW_L4_V1.18.1, STM32Cube_FW_L5_V1.6.0, STM32Cube_FW_N6_V1.3.0, STM32Cube_FW_U0_V1.3.0, STM32Cube_FW_U3_V1.2.1, STM32Cube_FW_U5_V1.8.0, STM32Cube_FW_WB0_V1.4.0, STM32Cube_FW_WBA_V1.8.0, STM32Cube_FW_WB_V1.24.0, STM32Cube_FW_WL3_V1.3.0, STM32Cube_FW_WL_V1.4.0, X-CUBE-ALGOBUILD_V1.4.0, X-CUBE-ALS_V1.0.2, X-CUBE-AZRTOS-F4_V1.1.0, X-CUBE-AZRTOS-F7_V1.1.0, X-CUBE-AZRTOS-G0_V1.1.0, X-CUBE-AZRTOS-G4_V2.0.0, X-CUBE-AZRTOS-H7RS_V1.1.0, X-CUBE-AZRTOS-H7_V3.4.0, X-CUBE-AZRTOS-L4_V2.0.0, X-CUBE-AZRTOS-L5_V2.0.0, X-CUBE-AZRTOS-WB_V2.0.0, X-CUBE-AZRTOS-WL_V2.0.0, X-CUBE-BLE1_V7.1.0, X-CUBE-BLE2_V3.3.0, X-CUBE-BLEMGR_V4.1.0, X-CUBE-EEPRMA1_V5.2.0, X-CUBE-FREERTOS_V1.3.1, X-CUBE-GNSS1_V6.0.0, X-CUBE-MEMS1_V12.0.0, X-CUBE-NFC4_V3.0.0, X-CUBE-NFC7_V2.0.0, X-CUBE-SFXS2LP1_V4.0.0, X-CUBE-ST67W61_V1.1.0, X-CUBE-SUBG2_V5.0.0, X-CUBE-TOF1_V3.4.3]
2026-06-16 03:13:52,136 [INFO] DbBoardsSqlite:226 - include board P-NUCLEO-WB55-NUCLEO as a kit item of type 'Nucleo-64'
2026-06-16 03:13:52,136 [INFO] DbBoardsSqlite:226 - include board P-NUCLEO-WB55-USBDONGLE as a kit item of type 'Nucleo USB Dongle'
2026-06-16 03:13:52,140 [INFO] DbBoardsSqlite:226 - include board STEVAL-IDP005V1 as a kit item of type 'Evaluation Board'
2026-06-16 03:13:52,141 [INFO] DbBoardsSqlite:226 - include board STEVAL-IDP005V2 as a kit item of type 'Evaluation Board'
2026-06-16 03:13:52,840 [INFO] ApiDb:240 - Found 483 in-development CPN: [B-G473E-ZEST1S, B-WB1M-WPAN1, B-WL5M-SUBG1, NUCLEO-C031C6, NUCLEO-H503RB, NUCLEO-H533RE, NUCLEO-H563ZI, NUCLEO-H7S3L8, NUCLEO-U031R8, NUCLEO-U083RC, NUCLEO-U545RE-Q, NUCLEO-U5A5ZJ-Q, NUCLEO-WBA52CG, NUCLEO-WBA55CG, STEVAL-PROTEUS1, STEVAL-SMARTAG2, STEVAL-STWINBX1, STM320518-EVAL, STM32C0116-DK, STM32C011D6Y3TR, STM32C011D6Y6TR, STM32C011F4P3, STM32C011F4P6, STM32C011F4U3, STM32C011F4U6TR, STM32C011F6P3, STM32C011F6P6, STM32C011F6U3, STM32C011F6U6TR, STM32C011J4M3, STM32C011J4M6, STM32C011J6M3, STM32C011J6M6, STM32C0316-DK, STM32C031C4T3, STM32C031C4T6, STM32C031C4U3, STM32C031C4U6, STM32C031C6T3, STM32C031C6T6, STM32C031C6U3, STM32C031C6U6, STM32C031F4P3, STM32C031F4P6, STM32C031F6P3, STM32C031F6P6, STM32C031G4U3, STM32C031G4U6, STM32C031G6U3, STM32C031G6U6, STM32C031K4T3, STM32C031K4T6, STM32C031K4U3, STM32C031K4U6, STM32C031K6T3, STM32C031K6T6, STM32C031K6U3, STM32C031K6U6, STM32G071K8TXN, STM32G071K8UXN, STM32G081GBU6N, STM32G081KBT6N, STM32G081KBUXN, STM32G0B1CCT6N, STM32G0B1KCT6, STM32G0B1NEY6TR, STM32G0B1RCT6N, STM32G0C1CCT6, STM32G0C1CCT6N, STM32G0C1CCU6N, STM32G0C1CET6N, STM32G0C1CEU6N, STM32G0C1KCT6, STM32G0C1NEY6TR, STM32G0C1RCI6N, STM32G0C1RCT6N, STM32G0C1REI6N, STM32G0C1RET6N, STM32G0C1VCI6, STM32G0C1VEI6, STM32G471CCT6, STM32G471CCU6, STM32G471CET3, STM32G471CET6, STM32G471CEU3, STM32G471CEU6, STM32G471MCT6, STM32G471MET3, STM32G471MET6, STM32G471MEY6TR, STM32G471QCT6, STM32G471QET3, STM32G471RCT6, STM32G471RET3, STM32G471RET6, STM32G471VCH6, STM32G471VCI6, STM32G471VCT6, STM32G471VEH3, STM32G471VEH6, STM32G471VEI3, STM32G471VEI6, STM32G471VET3, STM32G471VET6, STM32G474CCT6, STM32H503CBT6, STM32H503CBU6, STM32H503EBY6TR, STM32H503KBU6, STM32H503RBT6, STM32H523CCT6, STM32H523CCU6, STM32H523CET6, STM32H523CEU6, STM32H523HEY6TR, STM32H523RCT6, STM32H523RET6, STM32H523VCI6, STM32H523VCT6, STM32H523VEI6, STM32H523VET6, STM32H523ZCJ6, STM32H523ZCT6, STM32H523ZEJ6, STM32H523ZET6, STM32H533CET6, STM32H533CEU6, STM32H533HEY6TR, STM32H533RET6, STM32H533VEI6, STM32H533VET6, STM32H533ZEJ6, STM32H533ZET6, STM32H562AGI6, STM32H562AII6, STM32H562IGK6, STM32H562IGT6, STM32H562IIK6, STM32H562IIT6, STM32H562RGT6, STM32H562RGV6, STM32H562RIT6, STM32H562RIV6, STM32H562VGT6, STM32H562VIT6, STM32H562ZGT6, STM32H562ZIT6, STM32H563AGI6, STM32H563AII3Q, STM32H563AII6, STM32H563IGK6, STM32H563IGT6, STM32H563IIK3Q, STM32H563IIK6, STM32H563IIT3Q, STM32H563IIT6, STM32H563MIY3QTR, STM32H563RGT6, STM32H563RGV6, STM32H563RIT6, STM32H563RIV6, STM32H563VGT6, STM32H563VIT3Q, STM32H563VIT6, STM32H563ZGT6, STM32H563ZIT3Q, STM32H563ZIT6, STM32H573AII3Q, STM32H573AII6, STM32H573I-DK, STM32H573IIK3Q, STM32H573IIK6, STM32H573IIT3Q, STM32H573IIT6, STM32H573MIY3QTR, STM32H573RIT6, STM32H573RIV6, STM32H573VIT3Q, STM32H573VIT6, STM32H573ZIT3Q, STM32H573ZIT6, STM32H7R3A8I6, STM32H7R3I8K6, STM32H7R3I8T6, STM32H7R3L8H6, STM32H7R3L8H6H, STM32H7R3R8V6, STM32H7R3V8H6, STM32H7R3V8T6, STM32H7R3V8Y6, STM32H7R3Z8J6, STM32H7R3Z8T6, STM32H7R7A8I6, STM32H7R7I8K6, STM32H7R7I8T6, STM32H7R7L8H6, STM32H7R7L8H6H, STM32H7R7Z8J6, STM32H7S3A8I6, STM32H7S3I8K6, STM32H7S3I8T6, STM32H7S3L8H6, STM32H7S3L8H6H, STM32H7S3R8V6, STM32H7S3V8H6, STM32H7S3V8T6, STM32H7S3V8Y6, STM32H7S3Z8J6, STM32H7S3Z8T6, STM32H7S78-DK, STM32H7S7A8I6, STM32H7S7I8K6, STM32H7S7I8T6, STM32H7S7L8H6, STM32H7S7L8H6H, STM32H7S7Z8J6, STM32L4R5QGI6STR, STM32MP131AAE3, STM32MP131AAF3, STM32MP131AAG3, STM32MP131CAE3, STM32MP131CAF3, STM32MP131CAG3, STM32MP131DAE7, STM32MP131DAF7, STM32MP131DAG7, STM32MP131FAE7, STM32MP131FAF7, STM32MP131FAG7, STM32MP133AAE3, STM32MP133AAF3, STM32MP133AAG3, STM32MP133CAE3, STM32MP133CAF3, STM32MP133CAG3, STM32MP133DAE7, STM32MP133DAF7, STM32MP133DAG7, STM32MP133FAE7, STM32MP133FAF7, STM32MP133FAG7, STM32MP135AAE3, STM32MP135AAF3, STM32MP135AAG3, STM32MP135CAE3, STM32MP135CAF3, STM32MP135CAG3, STM32MP135DAE7, STM32MP135DAF7, STM32MP135DAG7, STM32MP135F-DK, STM32MP135FAE7, STM32MP135FAF7, STM32MP135FAF7T, STM32MP135FAF7U, STM32MP135FAG7, STM32U031C6T6, STM32U031C6U6, STM32U031C8T6, STM32U031C8U6, STM32U031F4P6, STM32U031F6P6, STM32U031F8P6, STM32U031G6Y6TR, STM32U031G8Y6TR, STM32U031K4U6, STM32U031K6U6, STM32U031K8U6, STM32U031R6I6, STM32U031R6T6, STM32U031R8I6, STM32U031R8T6, STM32U073C8T6, STM32U073C8U6, STM32U073CBT6, STM32U073CBU6, STM32U073CCT6, STM32U073CCU6, STM32U073H8Y6TR, STM32U073HBY6TR, STM32U073HCY6TR, STM32U073K8U6, STM32U073KBU6, STM32U073KCU6, STM32U073M8I6, STM32U073M8T6, STM32U073MBI6, STM32U073MBT6, STM32U073MCI6, STM32U073MCT6, STM32U073R8I6, STM32U073R8T6, STM32U073RBI6, STM32U073RBT6, STM32U073RCI6, STM32U073RCT6, STM32U083C-DK, STM32U083CCT6, STM32U083CCU6, STM32U083HCY6TR, STM32U083KCU6, STM32U083MCI6, STM32U083MCT6, STM32U083RCI6, STM32U083RCT6, STM32U535CBT6, STM32U535CBT6Q, STM32U535CBU6, STM32U535CBU6Q, STM32U535CCT6, STM32U535CCT6Q, STM32U535CCU6, STM32U535CCU6Q, STM32U535CET6, STM32U535CET6Q, STM32U535CEU6, STM32U535CEU6Q, STM32U535JEY6QTR, STM32U535NCY6QTR, STM32U535NEY6QTR, STM32U535RBI6, STM32U535RBI6Q, STM32U535RBT6, STM32U535RBT6Q, STM32U535RCI6, STM32U535RCI6Q, STM32U535RCT6, STM32U535RCT6Q, STM32U535REI6, STM32U535REI6Q, STM32U535RET6, STM32U535RET6Q, STM32U535VCI6, STM32U535VCI6Q, STM32U535VCT6, STM32U535VCT6Q, STM32U535VEI6, STM32U535VEI6Q, STM32U535VET6, STM32U535VET6Q, STM32U545CET6, STM32U545CET6Q, STM32U545CEU6, STM32U545CEU6Q, STM32U545JEY6QTR, STM32U545NEY6QTR, STM32U545REI6, STM32U545REI6Q, STM32U545RET6, STM32U545RET6Q, STM32U545VEI6, STM32U545VEI6Q, STM32U545VET6, STM32U545VET6Q, STM32U595AIH6, STM32U595AIH6Q, STM32U595AJH6, STM32U595AJH6Q, STM32U595QII6, STM32U595QII6Q, STM32U595QJI6, STM32U595QJI6Q, STM32U595RIT6, STM32U595RIT6Q, STM32U595RJT6, STM32U595RJT6Q, STM32U595VIT6, STM32U595VIT6Q, STM32U595VJT6, STM32U595VJT6Q, STM32U595ZIT6, STM32U595ZIT6Q, STM32U595ZIY6QTR, STM32U595ZJT6, STM32U595ZJT6Q, STM32U595ZJY6QTR, STM32U599BJY6QTR, STM32U599NIH6Q, STM32U599NJH6Q, STM32U599VIT6Q, STM32U599VJT6, STM32U599VJT6Q, STM32U599ZIT6Q, STM32U599ZIY6QTR, STM32U599ZJT6Q, STM32U599ZJY6QTR, STM32U5A5AJH6, STM32U5A5AJH6Q, STM32U5A5QII3Q , STM32U5A5QJI6, STM32U5A5QJI6Q, STM32U5A5RJT6, STM32U5A5RJT6Q, STM32U5A5VJT6, STM32U5A5VJT6Q, STM32U5A5ZJT6, STM32U5A5ZJT6Q, STM32U5A5ZJY6QTR, STM32U5A9BJY6QTR, STM32U5A9J-DK, STM32U5A9NJH6Q, STM32U5A9VJT6Q, STM32U5A9ZJT6Q, STM32U5A9ZJY6QTR, STM32U5F7VIT6, STM32U5F7VIT6Q, STM32U5F7VJT6, STM32U5F7VJT6Q, STM32U5F9BJY6QTR, STM32U5F9NJH6Q, STM32U5F9VIT6Q, STM32U5F9VJT6Q, STM32U5F9ZIJ6QTR, STM32U5F9ZIT6Q, STM32U5F9ZJJ6QTR, STM32U5F9ZJT6Q, STM32U5G7VJT6, STM32U5G7VJT6Q, STM32U5G9BJY6QTR, STM32U5G9J-DK1, STM32U5G9J-DK2, STM32U5G9NJH6Q, STM32U5G9VJT6Q, STM32U5G9ZJJ6QTR, STM32U5G9ZJT6Q, STM32WB1MMCH6, STM32WBA50KEU6, STM32WBA50KEU6TR, STM32WBA50KGU6, STM32WBA50KGU6TR, STM32WBA52CEU6, STM32WBA52CEU6TR, STM32WBA52CEU7, STM32WBA52CEU7TR, STM32WBA52CGU6, STM32WBA52CGU6TR, STM32WBA52CGU6U, STM32WBA52CGU7, STM32WBA52CGU7TR, STM32WBA52KEU6, STM32WBA52KEU6TR, STM32WBA52KGU6, STM32WBA52KGU6TR, STM32WBA54CEU6, STM32WBA54CEU6TR, STM32WBA54CEU7, STM32WBA54CEU7TR, STM32WBA54CGU6, STM32WBA54CGU6TR, STM32WBA54CGU7, STM32WBA54CGU7TR, STM32WBA54KEU6, STM32WBA54KEU6TR, STM32WBA54KEU7, STM32WBA54KEU7TR, STM32WBA54KGU6, STM32WBA54KGU6TR, STM32WBA54KGU7, STM32WBA54KGU7TR, STM32WBA55CEU6, STM32WBA55CEU6TR, STM32WBA55CEU7, STM32WBA55CEU7TR, STM32WBA55CGU6, STM32WBA55CGU6TR, STM32WBA55CGU6U, STM32WBA55CGU7, STM32WBA55CGU7TR, STM32WBA55G-DK1, STM32WBA55HEF6, STM32WBA55HEF7, STM32WBA55HGF6, STM32WBA55HGF7, STM32WBA55UEI6, STM32WBA55UEI6TR, STM32WBA55UEI7, STM32WBA55UEI7TR, STM32WBA55UGI6, STM32WBA55UGI6TR, STM32WBA55UGI7, STM32WBA55UGI7TR, STM32WL5MOCH6, STM32WL5MOCH6TR]
2026-06-16 03:13:52,844 [INFO] ApiDb:668 - CubeFinder database Data Model version=2.1
2026-06-16 03:13:52,844 [INFO] ApiDb:669 - CubeFinder database Configuration version=3.0.39
2026-06-16 03:13:52,844 [INFO] ApiDb:670 - CubeFinder database generation date=2025-12-22 (1766407740)
2026-06-16 03:13:52,844 [INFO] ApiDb:671 - CubeFinder database FW Pack versions=[FP-ATR-ASTRA1_V2.0.0, FP-SNS-FLIGHT1_V5.1.0, FP-SNS-MOTENV1_V5.1.0, FP-SNS-MOTENVWB1_V1.4.0, FP-SNS-SMARTAG2_V1.2.0, FP-SNS-STBOX1_V2.1.0, STM32Cube_FW_C0_V1.4.0, STM32Cube_FW_F4_V1.28.3, STM32Cube_FW_F7_V1.17.4, STM32Cube_FW_G0_V1.6.2, STM32Cube_FW_G4_V1.6.1, STM32Cube_FW_H5_V1.5.1, STM32Cube_FW_H7RS_V1.3.0, STM32Cube_FW_H7_V1.12.1, STM32Cube_FW_L0_V1.12.2, STM32Cube_FW_L4_V1.18.1, STM32Cube_FW_L5_V1.6.0, STM32Cube_FW_N6_V1.3.0, STM32Cube_FW_U0_V1.3.0, STM32Cube_FW_U3_V1.2.1, STM32Cube_FW_U5_V1.8.0, STM32Cube_FW_WB0_V1.4.0, STM32Cube_FW_WBA_V1.8.0, STM32Cube_FW_WB_V1.24.0, STM32Cube_FW_WL3_V1.3.0, STM32Cube_FW_WL_V1.4.0, X-CUBE-ALGOBUILD_V1.4.0, X-CUBE-ALS_V1.0.2, X-CUBE-AZRTOS-F4_V1.1.0, X-CUBE-AZRTOS-F7_V1.1.0, X-CUBE-AZRTOS-G0_V1.1.0, X-CUBE-AZRTOS-G4_V2.0.0, X-CUBE-AZRTOS-H7RS_V1.1.0, X-CUBE-AZRTOS-H7_V3.4.0, X-CUBE-AZRTOS-L4_V2.0.0, X-CUBE-AZRTOS-L5_V2.0.0, X-CUBE-AZRTOS-WB_V2.0.0, X-CUBE-AZRTOS-WL_V2.0.0, X-CUBE-BLE1_V7.1.0, X-CUBE-BLE2_V3.3.0, X-CUBE-BLEMGR_V4.1.0, X-CUBE-EEPRMA1_V5.2.0, X-CUBE-FREERTOS_V1.3.1, X-CUBE-GNSS1_V6.0.0, X-CUBE-MEMS1_V12.0.0, X-CUBE-NFC4_V3.0.0, X-CUBE-NFC7_V2.0.0, X-CUBE-SFXS2LP1_V4.0.0, X-CUBE-ST67W61_V1.1.0, X-CUBE-SUBG2_V5.0.0, X-CUBE-TOF1_V3.4.3]
2026-06-16 03:13:55,542 [INFO] ApiDb:240 - Found 483 in-development CPN: [B-G473E-ZEST1S, B-WB1M-WPAN1, B-WL5M-SUBG1, NUCLEO-C031C6, NUCLEO-H503RB, NUCLEO-H533RE, NUCLEO-H563ZI, NUCLEO-H7S3L8, NUCLEO-U031R8, NUCLEO-U083RC, NUCLEO-U545RE-Q, NUCLEO-U5A5ZJ-Q, NUCLEO-WBA52CG, NUCLEO-WBA55CG, STEVAL-PROTEUS1, STEVAL-SMARTAG2, STEVAL-STWINBX1, STM320518-EVAL, STM32C0116-DK, STM32C011D6Y3TR, STM32C011D6Y6TR, STM32C011F4P3, STM32C011F4P6, STM32C011F4U3, STM32C011F4U6TR, STM32C011F6P3, STM32C011F6P6, STM32C011F6U3, STM32C011F6U6TR, STM32C011J4M3, STM32C011J4M6, STM32C011J6M3, STM32C011J6M6, STM32C0316-DK, STM32C031C4T3, STM32C031C4T6, STM32C031C4U3, STM32C031C4U6, STM32C031C6T3, STM32C031C6T6, STM32C031C6U3, STM32C031C6U6, STM32C031F4P3, STM32C031F4P6, STM32C031F6P3, STM32C031F6P6, STM32C031G4U3, STM32C031G4U6, STM32C031G6U3, STM32C031G6U6, STM32C031K4T3, STM32C031K4T6, STM32C031K4U3, STM32C031K4U6, STM32C031K6T3, STM32C031K6T6, STM32C031K6U3, STM32C031K6U6, STM32G071K8TXN, STM32G071K8UXN, STM32G081GBU6N, STM32G081KBT6N, STM32G081KBUXN, STM32G0B1CCT6N, STM32G0B1KCT6, STM32G0B1NEY6TR, STM32G0B1RCT6N, STM32G0C1CCT6, STM32G0C1CCT6N, STM32G0C1CCU6N, STM32G0C1CET6N, STM32G0C1CEU6N, STM32G0C1KCT6, STM32G0C1NEY6TR, STM32G0C1RCI6N, STM32G0C1RCT6N, STM32G0C1REI6N, STM32G0C1RET6N, STM32G0C1VCI6, STM32G0C1VEI6, STM32G471CCT6, STM32G471CCU6, STM32G471CET3, STM32G471CET6, STM32G471CEU3, STM32G471CEU6, STM32G471MCT6, STM32G471MET3, STM32G471MET6, STM32G471MEY6TR, STM32G471QCT6, STM32G471QET3, STM32G471RCT6, STM32G471RET3, STM32G471RET6, STM32G471VCH6, STM32G471VCI6, STM32G471VCT6, STM32G471VEH3, STM32G471VEH6, STM32G471VEI3, STM32G471VEI6, STM32G471VET3, STM32G471VET6, STM32G474CCT6, STM32H503CBT6, STM32H503CBU6, STM32H503EBY6TR, STM32H503KBU6, STM32H503RBT6, STM32H523CCT6, STM32H523CCU6, STM32H523CET6, STM32H523CEU6, STM32H523HEY6TR, STM32H523RCT6, STM32H523RET6, STM32H523VCI6, STM32H523VCT6, STM32H523VEI6, STM32H523VET6, STM32H523ZCJ6, STM32H523ZCT6, STM32H523ZEJ6, STM32H523ZET6, STM32H533CET6, STM32H533CEU6, STM32H533HEY6TR, STM32H533RET6, STM32H533VEI6, STM32H533VET6, STM32H533ZEJ6, STM32H533ZET6, STM32H562AGI6, STM32H562AII6, STM32H562IGK6, STM32H562IGT6, STM32H562IIK6, STM32H562IIT6, STM32H562RGT6, STM32H562RGV6, STM32H562RIT6, STM32H562RIV6, STM32H562VGT6, STM32H562VIT6, STM32H562ZGT6, STM32H562ZIT6, STM32H563AGI6, STM32H563AII3Q, STM32H563AII6, STM32H563IGK6, STM32H563IGT6, STM32H563IIK3Q, STM32H563IIK6, STM32H563IIT3Q, STM32H563IIT6, STM32H563MIY3QTR, STM32H563RGT6, STM32H563RGV6, STM32H563RIT6, STM32H563RIV6, STM32H563VGT6, STM32H563VIT3Q, STM32H563VIT6, STM32H563ZGT6, STM32H563ZIT3Q, STM32H563ZIT6, STM32H573AII3Q, STM32H573AII6, STM32H573I-DK, STM32H573IIK3Q, STM32H573IIK6, STM32H573IIT3Q, STM32H573IIT6, STM32H573MIY3QTR, STM32H573RIT6, STM32H573RIV6, STM32H573VIT3Q, STM32H573VIT6, STM32H573ZIT3Q, STM32H573ZIT6, STM32H7R3A8I6, STM32H7R3I8K6, STM32H7R3I8T6, STM32H7R3L8H6, STM32H7R3L8H6H, STM32H7R3R8V6, STM32H7R3V8H6, STM32H7R3V8T6, STM32H7R3V8Y6, STM32H7R3Z8J6, STM32H7R3Z8T6, STM32H7R7A8I6, STM32H7R7I8K6, STM32H7R7I8T6, STM32H7R7L8H6, STM32H7R7L8H6H, STM32H7R7Z8J6, STM32H7S3A8I6, STM32H7S3I8K6, STM32H7S3I8T6, STM32H7S3L8H6, STM32H7S3L8H6H, STM32H7S3R8V6, STM32H7S3V8H6, STM32H7S3V8T6, STM32H7S3V8Y6, STM32H7S3Z8J6, STM32H7S3Z8T6, STM32H7S78-DK, STM32H7S7A8I6, STM32H7S7I8K6, STM32H7S7I8T6, STM32H7S7L8H6, STM32H7S7L8H6H, STM32H7S7Z8J6, STM32L4R5QGI6STR, STM32MP131AAE3, STM32MP131AAF3, STM32MP131AAG3, STM32MP131CAE3, STM32MP131CAF3, STM32MP131CAG3, STM32MP131DAE7, STM32MP131DAF7, STM32MP131DAG7, STM32MP131FAE7, STM32MP131FAF7, STM32MP131FAG7, STM32MP133AAE3, STM32MP133AAF3, STM32MP133AAG3, STM32MP133CAE3, STM32MP133CAF3, STM32MP133CAG3, STM32MP133DAE7, STM32MP133DAF7, STM32MP133DAG7, STM32MP133FAE7, STM32MP133FAF7, STM32MP133FAG7, STM32MP135AAE3, STM32MP135AAF3, STM32MP135AAG3, STM32MP135CAE3, STM32MP135CAF3, STM32MP135CAG3, STM32MP135DAE7, STM32MP135DAF7, STM32MP135DAG7, STM32MP135F-DK, STM32MP135FAE7, STM32MP135FAF7, STM32MP135FAF7T, STM32MP135FAF7U, STM32MP135FAG7, STM32U031C6T6, STM32U031C6U6, STM32U031C8T6, STM32U031C8U6, STM32U031F4P6, STM32U031F6P6, STM32U031F8P6, STM32U031G6Y6TR, STM32U031G8Y6TR, STM32U031K4U6, STM32U031K6U6, STM32U031K8U6, STM32U031R6I6, STM32U031R6T6, STM32U031R8I6, STM32U031R8T6, STM32U073C8T6, STM32U073C8U6, STM32U073CBT6, STM32U073CBU6, STM32U073CCT6, STM32U073CCU6, STM32U073H8Y6TR, STM32U073HBY6TR, STM32U073HCY6TR, STM32U073K8U6, STM32U073KBU6, STM32U073KCU6, STM32U073M8I6, STM32U073M8T6, STM32U073MBI6, STM32U073MBT6, STM32U073MCI6, STM32U073MCT6, STM32U073R8I6, STM32U073R8T6, STM32U073RBI6, STM32U073RBT6, STM32U073RCI6, STM32U073RCT6, STM32U083C-DK, STM32U083CCT6, STM32U083CCU6, STM32U083HCY6TR, STM32U083KCU6, STM32U083MCI6, STM32U083MCT6, STM32U083RCI6, STM32U083RCT6, STM32U535CBT6, STM32U535CBT6Q, STM32U535CBU6, STM32U535CBU6Q, STM32U535CCT6, STM32U535CCT6Q, STM32U535CCU6, STM32U535CCU6Q, STM32U535CET6, STM32U535CET6Q, STM32U535CEU6, STM32U535CEU6Q, STM32U535JEY6QTR, STM32U535NCY6QTR, STM32U535NEY6QTR, STM32U535RBI6, STM32U535RBI6Q, STM32U535RBT6, STM32U535RBT6Q, STM32U535RCI6, STM32U535RCI6Q, STM32U535RCT6, STM32U535RCT6Q, STM32U535REI6, STM32U535REI6Q, STM32U535RET6, STM32U535RET6Q, STM32U535VCI6, STM32U535VCI6Q, STM32U535VCT6, STM32U535VCT6Q, STM32U535VEI6, STM32U535VEI6Q, STM32U535VET6, STM32U535VET6Q, STM32U545CET6, STM32U545CET6Q, STM32U545CEU6, STM32U545CEU6Q, STM32U545JEY6QTR, STM32U545NEY6QTR, STM32U545REI6, STM32U545REI6Q, STM32U545RET6, STM32U545RET6Q, STM32U545VEI6, STM32U545VEI6Q, STM32U545VET6, STM32U545VET6Q, STM32U595AIH6, STM32U595AIH6Q, STM32U595AJH6, STM32U595AJH6Q, STM32U595QII6, STM32U595QII6Q, STM32U595QJI6, STM32U595QJI6Q, STM32U595RIT6, STM32U595RIT6Q, STM32U595RJT6, STM32U595RJT6Q, STM32U595VIT6, STM32U595VIT6Q, STM32U595VJT6, STM32U595VJT6Q, STM32U595ZIT6, STM32U595ZIT6Q, STM32U595ZIY6QTR, STM32U595ZJT6, STM32U595ZJT6Q, STM32U595ZJY6QTR, STM32U599BJY6QTR, STM32U599NIH6Q, STM32U599NJH6Q, STM32U599VIT6Q, STM32U599VJT6, STM32U599VJT6Q, STM32U599ZIT6Q, STM32U599ZIY6QTR, STM32U599ZJT6Q, STM32U599ZJY6QTR, STM32U5A5AJH6, STM32U5A5AJH6Q, STM32U5A5QII3Q , STM32U5A5QJI6, STM32U5A5QJI6Q, STM32U5A5RJT6, STM32U5A5RJT6Q, STM32U5A5VJT6, STM32U5A5VJT6Q, STM32U5A5ZJT6, STM32U5A5ZJT6Q, STM32U5A5ZJY6QTR, STM32U5A9BJY6QTR, STM32U5A9J-DK, STM32U5A9NJH6Q, STM32U5A9VJT6Q, STM32U5A9ZJT6Q, STM32U5A9ZJY6QTR, STM32U5F7VIT6, STM32U5F7VIT6Q, STM32U5F7VJT6, STM32U5F7VJT6Q, STM32U5F9BJY6QTR, STM32U5F9NJH6Q, STM32U5F9VIT6Q, STM32U5F9VJT6Q, STM32U5F9ZIJ6QTR, STM32U5F9ZIT6Q, STM32U5F9ZJJ6QTR, STM32U5F9ZJT6Q, STM32U5G7VJT6, STM32U5G7VJT6Q, STM32U5G9BJY6QTR, STM32U5G9J-DK1, STM32U5G9J-DK2, STM32U5G9NJH6Q, STM32U5G9VJT6Q, STM32U5G9ZJJ6QTR, STM32U5G9ZJT6Q, STM32WB1MMCH6, STM32WBA50KEU6, STM32WBA50KEU6TR, STM32WBA50KGU6, STM32WBA50KGU6TR, STM32WBA52CEU6, STM32WBA52CEU6TR, STM32WBA52CEU7, STM32WBA52CEU7TR, STM32WBA52CGU6, STM32WBA52CGU6TR, STM32WBA52CGU6U, STM32WBA52CGU7, STM32WBA52CGU7TR, STM32WBA52KEU6, STM32WBA52KEU6TR, STM32WBA52KGU6, STM32WBA52KGU6TR, STM32WBA54CEU6, STM32WBA54CEU6TR, STM32WBA54CEU7, STM32WBA54CEU7TR, STM32WBA54CGU6, STM32WBA54CGU6TR, STM32WBA54CGU7, STM32WBA54CGU7TR, STM32WBA54KEU6, STM32WBA54KEU6TR, STM32WBA54KEU7, STM32WBA54KEU7TR, STM32WBA54KGU6, STM32WBA54KGU6TR, STM32WBA54KGU7, STM32WBA54KGU7TR, STM32WBA55CEU6, STM32WBA55CEU6TR, STM32WBA55CEU7, STM32WBA55CEU7TR, STM32WBA55CGU6, STM32WBA55CGU6TR, STM32WBA55CGU6U, STM32WBA55CGU7, STM32WBA55CGU7TR, STM32WBA55G-DK1, STM32WBA55HEF6, STM32WBA55HEF7, STM32WBA55HGF6, STM32WBA55HGF7, STM32WBA55UEI6, STM32WBA55UEI6TR, STM32WBA55UEI7, STM32WBA55UEI7TR, STM32WBA55UGI6, STM32WBA55UGI6TR, STM32WBA55UGI7, STM32WBA55UGI7TR, STM32WL5MOCH6, STM32WL5MOCH6TR]
2026-06-16 03:13:55,548 [INFO] DbMcus:218 - Found 4816 MCUs, 4816 are supported
2026-06-16 03:13:55,548 [INFO] ApiDb:423 - Load user favorites file C:\Users\USER/.stm32cubeide/favorites.mcus.txt: 0 item(s)
2026-06-16 03:13:55,548 [INFO] ApiDb:427 - User favorites MCUs=[]
2026-06-16 03:13:55,548 [INFO] DbMcus:224 - Set 0 / 0 favorites MCUs
2026-06-16 03:13:56,049 [INFO] BoardInfo:889 - No configuration file found for board B-WBA5M-WPAN
2026-06-16 03:13:56,049 [INFO] DbBoards:161 - Board is not supported: B-WBA5M-WPAN
2026-06-16 03:13:56,055 [INFO] BoardInfo:889 - No configuration file found for board NUCLEO-C051C8
2026-06-16 03:13:56,056 [INFO] DbBoards:161 - Board is not supported: NUCLEO-C051C8
2026-06-16 03:13:56,057 [INFO] BoardInfo:889 - No configuration file found for board NUCLEO-C071RB
2026-06-16 03:13:56,058 [INFO] DbBoards:161 - Board is not supported: NUCLEO-C071RB
2026-06-16 03:13:56,060 [INFO] BoardInfo:889 - No configuration file found for board NUCLEO-C092RC
2026-06-16 03:13:56,061 [INFO] DbBoards:161 - Board is not supported: NUCLEO-C092RC
2026-06-16 03:13:56,167 [INFO] BoardInfo:889 - No configuration file found for board NUCLEO-N657X0-Q
2026-06-16 03:13:56,167 [INFO] DbBoards:161 - Board is not supported: NUCLEO-N657X0-Q
2026-06-16 03:13:56,171 [INFO] BoardInfo:889 - No configuration file found for board NUCLEO-U385RG-Q
2026-06-16 03:13:56,172 [INFO] DbBoards:161 - Board is not supported: NUCLEO-U385RG-Q
2026-06-16 03:13:56,177 [INFO] BoardInfo:889 - No configuration file found for board NUCLEO-WB05KZ
2026-06-16 03:13:56,178 [INFO] DbBoards:161 - Board is not supported: NUCLEO-WB05KZ
2026-06-16 03:13:56,179 [INFO] BoardInfo:889 - No configuration file found for board NUCLEO-WB07CC
2026-06-16 03:13:56,180 [INFO] DbBoards:161 - Board is not supported: NUCLEO-WB07CC
2026-06-16 03:13:56,182 [INFO] BoardInfo:889 - No configuration file found for board NUCLEO-WB09KE
2026-06-16 03:13:56,182 [INFO] DbBoards:161 - Board is not supported: NUCLEO-WB09KE
2026-06-16 03:13:56,188 [INFO] BoardInfo:889 - No configuration file found for board NUCLEO-WBA65RI
2026-06-16 03:13:56,189 [INFO] DbBoards:161 - Board is not supported: NUCLEO-WBA65RI
2026-06-16 03:13:56,190 [INFO] BoardInfo:889 - No configuration file found for board NUCLEO-WL33CC1
2026-06-16 03:13:56,190 [INFO] DbBoards:161 - Board is not supported: NUCLEO-WL33CC1
2026-06-16 03:13:56,192 [INFO] BoardInfo:889 - No configuration file found for board NUCLEO-WL33CC2
2026-06-16 03:13:56,192 [INFO] DbBoards:161 - Board is not supported: NUCLEO-WL33CC2
2026-06-16 03:13:56,199 [INFO] BoardInfo:889 - No configuration file found for board P-NUCLEO-WB55
2026-06-16 03:13:56,200 [INFO] DbBoards:161 - Kit is not supported: P-NUCLEO-WB55
2026-06-16 03:13:56,205 [INFO] BoardInfo:889 - No configuration file found for board STEVAL-BFA001V1B
2026-06-16 03:13:56,206 [INFO] DbBoards:161 - Kit is not supported: STEVAL-BFA001V1B
2026-06-16 03:13:56,207 [INFO] BoardInfo:889 - No configuration file found for board STEVAL-BFA001V2B
2026-06-16 03:13:56,207 [INFO] DbBoards:161 - Kit is not supported: STEVAL-BFA001V2B
2026-06-16 03:13:56,329 [INFO] BoardInfo:889 - No configuration file found for board STM32MP257F-DK
2026-06-16 03:13:56,329 [INFO] DbBoards:161 - Board is not supported: STM32MP257F-DK
2026-06-16 03:13:56,330 [INFO] BoardInfo:889 - No configuration file found for board STM32MP257F-EV1
2026-06-16 03:13:56,331 [INFO] DbBoards:161 - Board is not supported: STM32MP257F-EV1
2026-06-16 03:13:56,331 [INFO] BoardInfo:889 - No configuration file found for board STM32N6570-DK
2026-06-16 03:13:56,333 [INFO] DbBoards:161 - Board is not supported: STM32N6570-DK
2026-06-16 03:13:56,343 [INFO] BoardInfo:889 - No configuration file found for board STM32WBA65I-DK1
2026-06-16 03:13:56,344 [INFO] DbBoards:161 - Board is not supported: STM32WBA65I-DK1
2026-06-16 03:13:56,344 [INFO] DbBoards:168 - Found 211 boards, 192 are supported
2026-06-16 03:13:56,344 [INFO] DbBoards:169 - Found 211 boards, 8 of them is supported for  Bsp
2026-06-16 03:13:56,349 [INFO] ApiDb:423 - Load user favorites file C:\Users\USER/.stm32cubeide/favorites.boards.txt: 0 item(s)
2026-06-16 03:13:56,349 [INFO] ApiDb:427 - User favorites Boards=[]
2026-06-16 03:13:56,349 [INFO] DbBoards:198 - Set 0 / 0 favorites Boards
2026-06-16 03:13:56,449 [INFO] UtilMem:75 - End LoadConfig() Used Memory: 293214256 Bytes (484442112)
2026-06-16 03:13:56,747 [WARN] ThirdParty:833 - waiting for thirdparty lock release [change project]
2026-06-16 03:13:56,748 [INFO] ThirdParty:835 - entering critical section [change project]
2026-06-16 03:13:56,748 [INFO] ThirdParty:1030 - CMSIS Pack Vendor :STMicroelectronics X-CUBE-AZRTOS-H7 3.5.0
2026-06-16 03:13:56,748 [INFO] ThirdParty:1030 - CMSIS Pack Vendor :STMicroelectronics X-CUBE-PM33A1 1.0.0
2026-06-16 03:13:56,748 [INFO] ThirdParty:1030 - CMSIS Pack Vendor :STMicroelectronics USBPD 4.1
2026-06-16 03:13:56,748 [INFO] ThirdParty:1030 - CMSIS Pack Vendor :STMicroelectronics X-CUBE-GNSS1 6.0.0
2026-06-16 03:13:56,748 [INFO] ThirdParty:1030 - CMSIS Pack Vendor :STMicroelectronics USB_HOST 2.0.0
2026-06-16 03:13:56,748 [INFO] ThirdParty:1030 - CMSIS Pack Vendor :STMicroelectronics FP-SNS-MOTENVWB1 1.4.0
2026-06-16 03:13:56,748 [INFO] ThirdParty:1030 - CMSIS Pack Vendor :STMicroelectronics X-CUBE-AZRTOS-F4 1.1.0
2026-06-16 03:13:56,748 [INFO] ThirdParty:1030 - CMSIS Pack Vendor :STMicroelectronics LIBJPEG 8.0.0
2026-06-16 03:13:56,748 [INFO] ThirdParty:1030 - CMSIS Pack Vendor :STMicroelectronics FP-ATR-ASTRA1 2.0.2
2026-06-16 03:13:56,748 [INFO] ThirdParty:1030 - CMSIS Pack Vendor :STMicroelectronics FP-ATR-ASTRA1 2.0.1
2026-06-16 03:13:56,748 [INFO] ThirdParty:1030 - CMSIS Pack Vendor :STMicroelectronics X-CUBE-SMBUS 2.1.0
2026-06-16 03:13:56,748 [INFO] ThirdParty:1030 - CMSIS Pack Vendor :STMicroelectronics X-CUBE-WB05N 1.1.0
2026-06-16 03:13:56,748 [INFO] ThirdParty:1030 - CMSIS Pack Vendor :STMicroelectronics X-CUBE-ISPU 2.1.0
2026-06-16 03:13:56,748 [INFO] ThirdParty:1030 - CMSIS Pack Vendor :STMicroelectronics X-CUBE-FREERTOS 1.2.0
2026-06-16 03:13:56,748 [INFO] ThirdParty:1030 - CMSIS Pack Vendor :STMicroelectronics X-CUBE-NFC12 1.0.0
2026-06-16 03:13:56,748 [INFO] ThirdParty:1030 - CMSIS Pack Vendor :STMicroelectronics X-CUBE-TOUCHGFX 4.23.2
2026-06-16 03:13:56,748 [INFO] ThirdParty:1030 - CMSIS Pack Vendor :STMicroelectronics X-CUBE-AZRTOS-F7 1.1.0
2026-06-16 03:13:56,749 [INFO] ThirdParty:1030 - CMSIS Pack Vendor :STMicroelectronics X-CUBE-AZRTOS-L5 2.0.0
2026-06-16 03:13:56,749 [INFO] ThirdParty:1030 - CMSIS Pack Vendor :STMicroelectronics USB_DEVICE 2.0.0
2026-06-16 03:13:56,749 [INFO] ThirdParty:1030 - CMSIS Pack Vendor :STMicroelectronics X-CUBE-NFC6 3.1.0
2026-06-16 03:13:56,749 [INFO] ThirdParty:1030 - CMSIS Pack Vendor :STMicroelectronics X-CUBE-MEMS1 11.0.0
2026-06-16 03:13:56,749 [INFO] ThirdParty:1030 - CMSIS Pack Vendor :STMicroelectronics X-CUBE-ALGOBUILD 1.5.0
2026-06-16 03:13:56,749 [INFO] ThirdParty:1030 - CMSIS Pack Vendor :STMicroelectronics FreeRTOS 0.0.1
2026-06-16 03:13:56,749 [INFO] ThirdParty:1030 - CMSIS Pack Vendor :STMicroelectronics X-CUBE-DPower 1.2.0
2026-06-16 03:13:56,749 [INFO] ThirdParty:1030 - CMSIS Pack Vendor :STMicroelectronics FP-SNS-FLIGHT1 5.0.2
2026-06-16 03:13:56,749 [INFO] ThirdParty:1030 - CMSIS Pack Vendor :STMicroelectronics X-CUBE-AI 9.0.0
2026-06-16 03:13:56,749 [INFO] ThirdParty:1030 - CMSIS Pack Vendor :STMicroelectronics PDM2PCM 3.3.0
2026-06-16 03:13:56,749 [INFO] ThirdParty:1030 - CMSIS Pack Vendor :STMicroelectronics X-CUBE-AZRTOS-H7 3.4.0
2026-06-16 03:13:56,749 [INFO] ThirdParty:1030 - CMSIS Pack Vendor :STMicroelectronics X-CUBE-DISPLAY 3.0.0
2026-06-16 03:13:56,749 [INFO] ThirdParty:1030 - CMSIS Pack Vendor :STMicroelectronics X-CUBE-GNSS1 7.1.1
2026-06-16 03:13:56,749 [INFO] ThirdParty:1030 - CMSIS Pack Vendor :STMicroelectronics X-CUBE-BLE1 7.0.0
2026-06-16 03:13:56,749 [INFO] ThirdParty:1030 - CMSIS Pack Vendor :STMicroelectronics X-CUBE-NFC10 1.0.0
2026-06-16 03:13:56,749 [INFO] ThirdParty:1030 - CMSIS Pack Vendor :STMicroelectronics X-CUBE-BLEMGR 4.0.0
2026-06-16 03:13:56,749 [INFO] ThirdParty:1030 - CMSIS Pack Vendor :STMicroelectronics X-CUBE-FREERTOS 1.3.1
2026-06-16 03:13:56,749 [INFO] ThirdParty:1030 - CMSIS Pack Vendor :STMicroelectronics HAL Drivers 0.0.0
2026-06-16 03:13:56,749 [INFO] ThirdParty:1030 - CMSIS Pack Vendor :emotas I-CUBE-CANOPEN 1.3.0
2026-06-16 03:13:56,749 [INFO] ThirdParty:1030 - CMSIS Pack Vendor :STMicroelectronics X-CUBE-FREERTOS 1.3.0
2026-06-16 03:13:56,749 [INFO] ThirdParty:1030 - CMSIS Pack Vendor :STMicroelectronics X-CUBE-NFC7 1.0.1
2026-06-16 03:13:56,749 [INFO] ThirdParty:1030 - CMSIS Pack Vendor :STMicroelectronics MBEDTLS 2.14.1
2026-06-16 03:13:56,749 [INFO] ThirdParty:1030 - CMSIS Pack Vendor :STMicroelectronics X-CUBE-GNSS1 7.1.0
2026-06-16 03:13:56,749 [INFO] ThirdParty:1030 - CMSIS Pack Vendor :STMicroelectronics X-CUBE-TOUCHGFX 4.26.0
2026-06-16 03:13:56,749 [INFO] ThirdParty:1030 - CMSIS Pack Vendor :STMicroelectronics X-CUBE-TOUCHGFX 4.26.1
2026-06-16 03:13:56,749 [INFO] ThirdParty:1030 - CMSIS Pack Vendor :STMicroelectronics X-CUBE-BLEMGR 3.1.0
2026-06-16 03:13:56,749 [INFO] ThirdParty:1030 - CMSIS Pack Vendor :STMicroelectronics X-CUBE-AI 10.0.0
2026-06-16 03:13:56,749 [INFO] ThirdParty:1030 - CMSIS Pack Vendor :STMicroelectronics FP-SNS-SMARTAG2 1.2.0
2026-06-16 03:13:56,749 [INFO] ThirdParty:1030 - CMSIS Pack Vendor :STMicroelectronics X-CUBE-MEMS1 11.1.0
2026-06-16 03:13:56,749 [INFO] ThirdParty:1030 - CMSIS Pack Vendor :STMicroelectronics X-CUBE-AZRTOS-WL 2.0.0
2026-06-16 03:13:56,749 [INFO] ThirdParty:1030 - CMSIS Pack Vendor :STMicroelectronics X-CUBE-DPower 1.3.0
2026-06-16 03:13:56,750 [INFO] ThirdParty:1030 - CMSIS Pack Vendor :STMicroelectronics FP-SNS-MOTENV1 5.0.0
2026-06-16 03:13:56,750 [INFO] ThirdParty:1030 - CMSIS Pack Vendor :STMicroelectronics USB_DEVICE 1.0.0
2026-06-16 03:13:56,750 [INFO] ThirdParty:1030 - CMSIS Pack Vendor :STMicroelectronics X-CUBE-AZRTOS-H7RS 1.2.0
2026-06-16 03:13:56,750 [INFO] ThirdParty:1030 - CMSIS Pack Vendor :wolfSSL I-CUBE-wolfMQTT 1.19.0
2026-06-16 03:13:56,750 [INFO] ThirdParty:1030 - CMSIS Pack Vendor :STMicroelectronics X-CUBE-AZRTOS-L4 2.0.0
2026-06-16 03:13:56,750 [INFO] ThirdParty:1030 - CMSIS Pack Vendor :STMicroelectronics ThreadX 0.0.2
2026-06-16 03:13:56,750 [INFO] ThirdParty:1030 - CMSIS Pack Vendor :WES I-CUBE-Cesium 1.3.0
2026-06-16 03:13:56,750 [INFO] ThirdParty:1030 - CMSIS Pack Vendor :STMicroelectronics lwIP 2.1.2
2026-06-16 03:13:56,750 [INFO] ThirdParty:1030 - CMSIS Pack Vendor :STMicroelectronics X-CUBE-SFXS2LP1 4.0.0
2026-06-16 03:13:56,750 [INFO] ThirdParty:1030 - CMSIS Pack Vendor :STMicroelectronics X-CUBE-BLE2 3.3.0
2026-06-16 03:13:56,750 [INFO] ThirdParty:1030 - CMSIS Pack Vendor :STMicroelectronics PDM2PCM 3.2.0
2026-06-16 03:13:56,750 [INFO] ThirdParty:1030 - CMSIS Pack Vendor :STMicroelectronics X-CUBE-WB05N 2.1.0
2026-06-16 03:13:56,750 [INFO] ThirdParty:1030 - CMSIS Pack Vendor :STMicroelectronics X-CUBE-AZRTOS-H7 3.3.0
2026-06-16 03:13:56,750 [INFO] ThirdParty:1030 - CMSIS Pack Vendor :STMicroelectronics X-CUBE-NFC9 1.0.0
2026-06-16 03:13:56,750 [INFO] ThirdParty:1030 - CMSIS Pack Vendor :STMicroelectronics X-CUBE-BLE1 7.1.0
2026-06-16 03:13:56,750 [INFO] ThirdParty:1030 - CMSIS Pack Vendor :STMicroelectronics USB_DEVICE 3.0.0
2026-06-16 03:13:56,750 [INFO] ThirdParty:1030 - CMSIS Pack Vendor :STMicroelectronics X-CUBE-TCPP 4.1.0
2026-06-16 03:13:56,750 [INFO] ThirdParty:1030 - CMSIS Pack Vendor :STMicroelectronics X-CUBE-EEPRMA1 5.2.0
2026-06-16 03:13:56,750 [INFO] ThirdParty:1030 - CMSIS Pack Vendor :STMicroelectronics X-CUBE-IPS 3.0.0
2026-06-16 03:13:56,750 [INFO] ThirdParty:1030 - CMSIS Pack Vendor :STMicroelectronics X-CUBE-AZRTOS-WB 2.0.0
2026-06-16 03:13:56,750 [INFO] ThirdParty:1030 - CMSIS Pack Vendor :STMicroelectronics X-CUBE-GNSS1 7.0.0
2026-06-16 03:13:56,750 [INFO] ThirdParty:1030 - CMSIS Pack Vendor :STMicroelectronics X-CUBE-GNSS1 7.0.1
2026-06-16 03:13:56,750 [INFO] ThirdParty:1030 - CMSIS Pack Vendor :STMicroelectronics X-CUBE-TOUCHGFX 4.25.0
2026-06-16 03:13:56,750 [INFO] ThirdParty:1030 - CMSIS Pack Vendor :STMicroelectronics FP-SNS-STBOX1 2.0.0
2026-06-16 03:13:56,750 [INFO] ThirdParty:1030 - CMSIS Pack Vendor :STMicroelectronics X-CUBE-MEMS1 12.0.0
2026-06-16 03:13:56,750 [INFO] ThirdParty:1030 - CMSIS Pack Vendor :STMicroelectronics X-CUBE-ALGOBUILD 1.3.0
2026-06-16 03:13:56,750 [INFO] ThirdParty:1030 - CMSIS Pack Vendor :STMicroelectronics X-CUBE-STSE01 2.0.0
2026-06-16 03:13:56,750 [INFO] ThirdParty:1030 - CMSIS Pack Vendor :STMicroelectronics X-CUBE-MEMS1 11.2.0
2026-06-16 03:13:56,750 [INFO] ThirdParty:1030 - CMSIS Pack Vendor :STMicroelectronics X-CUBE-AZRTOS-G0 1.1.0
2026-06-16 03:13:56,750 [INFO] ThirdParty:1030 - CMSIS Pack Vendor :STMicroelectronics X-CUBE-SAFEA1 1.2.2
2026-06-16 03:13:56,750 [INFO] ThirdParty:1030 - CMSIS Pack Vendor :STMicroelectronics X-CUBE-NFC4 3.0.0
2026-06-16 03:13:56,750 [INFO] ThirdParty:1030 - CMSIS Pack Vendor :STMicroelectronics X-CUBE-SUBG2 5.0.0
2026-06-16 03:13:56,750 [INFO] ThirdParty:1030 - CMSIS Pack Vendor :STMicroelectronics X-CUBE-AZRTOS-H7RS 1.1.0
2026-06-16 03:13:56,751 [INFO] ThirdParty:1030 - CMSIS Pack Vendor :STMicroelectronics STM32_WPAN 1.0.0
2026-06-16 03:13:56,751 [INFO] ThirdParty:1030 - CMSIS Pack Vendor :EmbeddedOffice I-CUBE-FS-RTOS 1.0.1
2026-06-16 03:13:56,751 [INFO] ThirdParty:1030 - CMSIS Pack Vendor :STMicroelectronics lwIP 2.0.3
2026-06-16 03:13:56,751 [INFO] ThirdParty:1030 - CMSIS Pack Vendor :Cesanta I-CUBE-Mongoose 7.13.0
2026-06-16 03:13:56,751 [INFO] ThirdParty:1030 - CMSIS Pack Vendor :STMicroelectronics USB_HOST 1.0.0
2026-06-16 03:13:56,751 [INFO] ThirdParty:1030 - CMSIS Pack Vendor :STMicroelectronics X-CUBE-AZRTOS-G4 2.0.0
2026-06-16 03:13:56,751 [INFO] ThirdParty:1030 - CMSIS Pack Vendor :STMicroelectronics X-CUBE-WB05N 2.0.0
2026-06-16 03:13:56,751 [INFO] ThirdParty:1030 - CMSIS Pack Vendor :STMicroelectronics PDM2PCM 3.1.0
2026-06-16 03:13:56,751 [INFO] ThirdParty:1030 - CMSIS Pack Vendor :STMicroelectronics X-CUBE-NFC7 2.0.0
2026-06-16 03:13:56,751 [INFO] ThirdParty:1030 - CMSIS Pack Vendor :RealThread X-CUBE-RT-Thread_Nano 4.1.1
2026-06-16 03:13:56,751 [INFO] ThirdParty:1030 - CMSIS Pack Vendor :wolfSSL I-CUBE-wolfSSL 5.7.0
2026-06-16 03:13:56,751 [INFO] ThirdParty:1030 - CMSIS Pack Vendor :STMicroelectronics FP-ATR-SIGFOX1 3.2.0
2026-06-16 03:13:56,751 [INFO] ThirdParty:1030 - CMSIS Pack Vendor :quantropi X-CUBE-qispace-sdk-base 1.9.3
2026-06-16 03:13:56,751 [INFO] ThirdParty:1030 - CMSIS Pack Vendor :STMicroelectronics X-CUBE-ISPU 2.0.0
2026-06-16 03:13:56,751 [INFO] ThirdParty:1030 - CMSIS Pack Vendor :STMicroelectronics X-CUBE-EEPRMA1 5.1.0
2026-06-16 03:13:56,751 [INFO] ThirdParty:1030 - CMSIS Pack Vendor :STMicroelectronics MBEDTLS 2.16.2
2026-06-16 03:13:56,751 [INFO] ThirdParty:1030 - CMSIS Pack Vendor :STMicroelectronics X-CUBE-ALS 1.0.2
2026-06-16 03:13:56,751 [INFO] ThirdParty:1030 - CMSIS Pack Vendor :STMicroelectronics X-CUBE-MEMS1 10.0.0
2026-06-16 03:13:56,751 [INFO] ThirdParty:1030 - CMSIS Pack Vendor :STMicroelectronics X-CUBE-FREERTOS 1.1.0
2026-06-16 03:13:56,751 [INFO] ThirdParty:1030 - CMSIS Pack Vendor :ITTIA_DB I-CUBE-ITTIADB 8.9.0
2026-06-16 03:13:56,751 [INFO] ThirdParty:1030 - CMSIS Pack Vendor :STMicroelectronics X-CUBE-TOUCHGFX 4.24.2
2026-06-16 03:13:56,751 [INFO] ThirdParty:1030 - CMSIS Pack Vendor :STMicroelectronics X-CUBE-TOUCHGFX 4.24.1
2026-06-16 03:13:56,751 [INFO] ThirdParty:1030 - CMSIS Pack Vendor :STMicroelectronics X-CUBE-STSE01 1.0.0
2026-06-16 03:13:56,751 [INFO] ThirdParty:1030 - CMSIS Pack Vendor :wolfSSL I-CUBE-wolfTPM 3.4.0
2026-06-16 03:13:56,751 [INFO] ThirdParty:1030 - CMSIS Pack Vendor :portGmbH I-Cube-SoM-uGOAL 1.1.0
2026-06-16 03:13:56,751 [INFO] ThirdParty:1030 - CMSIS Pack Vendor :STMicroelectronics X-CUBE-ALS 1.0.1
2026-06-16 03:13:56,751 [INFO] ThirdParty:1030 - CMSIS Pack Vendor :STMicroelectronics X-CUBE-NFC6 3.2.0
2026-06-16 03:13:56,751 [INFO] ThirdParty:1030 - CMSIS Pack Vendor :STMicroelectronics X-CUBE-AI 10.2.0
2026-06-16 03:13:56,751 [INFO] ThirdParty:1030 - CMSIS Pack Vendor :STMicroelectronics ThreadX 1.0.0
2026-06-16 03:13:56,751 [INFO] ThirdParty:1030 - CMSIS Pack Vendor :STMicroelectronics X-CUBE-MEMS1 12.1.0
2026-06-16 03:13:56,751 [INFO] ThirdParty:1030 - CMSIS Pack Vendor :SEGGER I-CUBE-embOS 1.3.1
2026-06-16 03:13:56,751 [INFO] ThirdParty:1030 - CMSIS Pack Vendor :STMicroelectronics X-CUBE-ALGOBUILD 1.4.0
2026-06-16 03:13:56,751 [INFO] ThirdParty:1030 - CMSIS Pack Vendor :STMicroelectronics X-CUBE-AZRTOS-H7RS 1.0.0
2026-06-16 03:13:56,751 [INFO] ThirdParty:1030 - CMSIS Pack Vendor :STMicroelectronics FP-ATR-ASTRA1 2.0.0
2026-06-16 03:13:56,751 [INFO] ThirdParty:1030 - CMSIS Pack Vendor :STMicroelectronics X-CUBE-TOF1 3.4.2
2026-06-16 03:13:56,751 [INFO] ThirdParty:1030 - CMSIS Pack Vendor :STMicroelectronics X-CUBE-AI 9.1.0
2026-06-16 03:13:56,751 [INFO] ThirdParty:1030 - CMSIS Pack Vendor :STMicroelectronics X-CUBE-TOF1 3.4.1
2026-06-16 03:13:56,751 [INFO] ThirdParty:1030 - CMSIS Pack Vendor :STMicroelectronics X-CUBE-AZRTOS-H7 3.2.0
2026-06-16 03:13:56,752 [INFO] ThirdParty:1030 - CMSIS Pack Vendor :STMicroelectronics X-CUBE-NFC13 1.0.0
2026-06-16 03:13:56,752 [INFO] ThirdParty:1030 - CMSIS Pack Vendor :Infineon AIROC-Wi-Fi-Bluetooth-STM32 1.6.0
2026-06-16 03:13:56,752 [INFO] ThirdParty:1030 - CMSIS Pack Vendor :wolfSSL I-CUBE-wolfSSH 1.4.17
2026-06-16 03:13:56,752 [INFO] ThirdParty:841 - exiting critical section [change project]
2026-06-16 03:13:57,484 [INFO] PinOutPanel:1561 - setPackage(No Configuration,No Configuration)
2026-06-16 03:13:57,486 [INFO] PinOutPanel:1561 - setPackage(STM32F411CEUx,UFQFPN48)
2026-06-16 03:13:58,397 [INFO] UtilMem:75 - Before build in PCC Used Memory: 407780592 Bytes (484442112)
2026-06-16 03:14:01,559 [INFO] UtilMem:75 - After build in PCC Used Memory: 354838848 Bytes (508559360)
2026-06-16 03:14:01,912 [INFO] ApiDbMcu:508 - Load IP Config File for FREERTOS
2026-06-16 03:14:01,952 [INFO] IPUIPlugin:80 - create IPUIPlugin
2026-06-16 03:14:01,953 [INFO] IPUIPlugin:80 - create IPUIPlugin
2026-06-16 03:14:01,953 [INFO] IPUIPlugin:80 - create IPUIPlugin
2026-06-16 03:14:01,953 [INFO] IPUIPlugin:80 - create IPUIPlugin
2026-06-16 03:14:01,953 [INFO] IPUIPlugin:80 - create IPUIPlugin
2026-06-16 03:14:01,953 [INFO] IPUIPlugin:80 - create IPUIPlugin
2026-06-16 03:14:01,953 [INFO] IPUIPlugin:80 - create IPUIPlugin
2026-06-16 03:14:01,953 [INFO] IPUIPlugin:80 - create IPUIPlugin
2026-06-16 03:14:01,953 [INFO] IPUIPlugin:80 - create IPUIPlugin
2026-06-16 03:14:01,953 [INFO] IPUIPlugin:80 - create IPUIPlugin
2026-06-16 03:14:01,953 [INFO] IPUIPlugin:80 - create IPUIPlugin
2026-06-16 03:14:01,954 [INFO] IPUIPlugin:80 - create IPUIPlugin
2026-06-16 03:14:01,954 [INFO] IPUIPlugin:80 - create IPUIPlugin
2026-06-16 03:14:01,954 [INFO] IPUIPlugin:80 - create IPUIPlugin
2026-06-16 03:14:01,954 [INFO] IPUIPlugin:80 - create IPUIPlugin
2026-06-16 03:14:01,954 [INFO] IPUIPlugin:80 - create IPUIPlugin
2026-06-16 03:14:01,954 [INFO] IPUIPlugin:80 - create IPUIPlugin
2026-06-16 03:14:01,955 [INFO] IPUIPlugin:80 - create IPUIPlugin
2026-06-16 03:14:01,955 [INFO] IPUIPlugin:80 - create IPUIPlugin
2026-06-16 03:14:01,955 [INFO] IPUIPlugin:80 - create IPUIPlugin
2026-06-16 03:14:01,956 [INFO] IPUIPlugin:80 - create IPUIPlugin
2026-06-16 03:14:01,956 [INFO] IPUIPlugin:80 - create IPUIPlugin
2026-06-16 03:14:01,957 [INFO] IPUIPlugin:80 - create IPUIPlugin
2026-06-16 03:14:01,957 [INFO] IPUIPlugin:80 - create IPUIPlugin
2026-06-16 03:14:01,957 [INFO] IPUIPlugin:80 - create IPUIPlugin
2026-06-16 03:14:01,957 [INFO] IPUIPlugin:80 - create IPUIPlugin
2026-06-16 03:14:01,957 [INFO] IPUIPlugin:80 - create IPUIPlugin
2026-06-16 03:14:01,957 [INFO] IPUIPlugin:80 - create IPUIPlugin
2026-06-16 03:14:01,958 [INFO] IPUIPlugin:80 - create IPUIPlugin
2026-06-16 03:14:01,958 [INFO] IPUIPlugin:80 - create IPUIPlugin
2026-06-16 03:14:01,958 [INFO] IPUIPlugin:80 - create IPUIPlugin
2026-06-16 03:14:01,958 [INFO] IPUIPlugin:80 - create IPUIPlugin
2026-06-16 03:14:01,958 [INFO] IPUIPlugin:80 - create IPUIPlugin
2026-06-16 03:14:01,959 [INFO] IPUIPlugin:80 - create IPUIPlugin
2026-06-16 03:14:01,959 [INFO] IPUIPlugin:80 - create IPUIPlugin
2026-06-16 03:14:01,959 [INFO] IPUIPlugin:80 - create IPUIPlugin
2026-06-16 03:14:01,959 [INFO] IPUIPlugin:80 - create IPUIPlugin
2026-06-16 03:14:01,959 [INFO] IPUIPlugin:80 - create IPUIPlugin
2026-06-16 03:14:01,960 [INFO] IPUIPlugin:80 - create IPUIPlugin
2026-06-16 03:14:01,960 [INFO] IPUIPlugin:80 - create IPUIPlugin
2026-06-16 03:14:01,960 [INFO] IPUIPlugin:80 - create IPUIPlugin
2026-06-16 03:14:01,960 [INFO] IPUIPlugin:80 - create IPUIPlugin
2026-06-16 03:14:01,961 [INFO] IPUIPlugin:80 - create IPUIPlugin
2026-06-16 03:14:02,022 [INFO] ApiDbMcu:508 - Load IP Config File for PDM2PCM
2026-06-16 03:14:02,064 [WARN] IP:2120 - I2C_Coeff_DF not found: check if there is a RefParameter without a condition.
2026-06-16 03:14:02,064 [WARN] IP:2120 - Analog_Filter not found: check if there is a RefParameter without a condition.
2026-06-16 03:14:02,119 [WARN] FreeRTOS:1023 - Null or empty value: should not occur! (nothing added to the table)
2026-06-16 03:14:02,761 [INFO] CADModel:165 - CPN selected for project levelSTM32F411CEU6
2026-06-16 03:14:02,761 [INFO] CADModel:114 - Register for checkConnection events
2026-06-16 03:14:02,764 [INFO] RtosManager:697 - Active RTOS found at IOC load: FREERTOS [Cortex-M4NS]
2026-06-16 03:14:02,836 [INFO] OpenFileManager:343 - Restore cursor
2026-06-16 03:14:03,192 [WARN] IP:2120 - I2C_Coeff_DF not found: check if there is a RefParameter without a condition.
2026-06-16 03:14:03,192 [WARN] IP:2120 - Analog_Filter not found: check if there is a RefParameter without a condition.
2026-06-16 03:14:03,192 [WARN] IP:2120 - I2C_Coeff_DF not found: check if there is a RefParameter without a condition.
2026-06-16 03:14:03,192 [WARN] IP:2120 - Analog_Filter not found: check if there is a RefParameter without a condition.
2026-06-16 03:38:04,697 [INFO] WebApp:354 - JxBrowser engine has been closed 
2026-06-16 03:38:08,808 [ERROR] LogOutputStream:75 - [STDERR_REDIRECT] 
2026-06-16 03:38:08,808 [ERROR] LogOutputStream:75 - [STDERR_REDIRECT] 
2026-06-16 04:14:18,011 [INFO] Activator:176 - 


2026-06-16 04:14:18,026 [INFO] Activator:177 - !SESSION log4j initialized
2026-06-16 04:14:25,637 [INFO] ApplicationProperties:184 - Using Application install path: D:\Documentos\Electronica\Nueva carpeta\STM32CubeIDE_1.15.0\STM32CubeIDE\plugins\com.st.stm32cube.common.mx_6.11.0.202403141607
2026-06-16 04:14:25,714 [INFO] DbMcusXml:78 - Set database path to: D:\Documentos\Electronica\Nueva carpeta\STM32CubeIDE_1.15.0\STM32CubeIDE\plugins\com.st.stm32cube.common.mx_6.11.0.202403141607\\db\/mcu/
2026-06-16 04:14:25,714 [INFO] ApiDb:274 - Set plugin database path to: D:\Documentos\Electronica\Nueva carpeta\STM32CubeIDE_1.15.0\STM32CubeIDE\plugins\com.st.stm32cube.common.mx_6.11.0.202403141607\\db\/plugins/boardmanager/
2026-06-16 04:14:25,714 [WARN] ApiDb:259 - Overriding images path with different value:  => D:\Documentos\Electronica\Nueva carpeta\STM32CubeIDE_1.15.0\STM32CubeIDE\plugins\com.st.stm32cube.common.mx_6.11.0.202403141607\\db\/plugins/mcufinder/images/
2026-06-16 04:14:27,795 [INFO] ApiDb:250 - Set database path to: C:\Users\USER\.stmcufinder\plugins\mcufinder//mcu/
2026-06-16 04:14:27,797 [INFO] DbMcusAds:125 - Set database path to: C:\Users\USER\.stmcufinder\plugins\mcufinder//mcu/
2026-06-16 04:14:28,857 [INFO] CrossReferenceDbSqlite:203 - Set database path to: C:\Users\USER\.stmcufinder\plugins\mcufinder//mcu/cs/
2026-06-16 04:14:29,142 [INFO] RulesReader:64 - Compatibility file has been processed (297 Rules)
2026-06-16 04:14:29,974 [INFO] DbMcusXml:78 - Set database path to: D:\Documentos\Electronica\Nueva carpeta\STM32CubeIDE_1.15.0\STM32CubeIDE\plugins\com.st.stm32cube.common.mx_6.11.0.202403141607\\db\/mcu/
2026-06-16 04:14:29,974 [INFO] ApiDb:274 - Set plugin database path to: D:\Documentos\Electronica\Nueva carpeta\STM32CubeIDE_1.15.0\STM32CubeIDE\plugins\com.st.stm32cube.common.mx_6.11.0.202403141607\\db\/plugins/boardmanager/
2026-06-16 04:14:29,975 [INFO] ApiDb:261 - Set plugin images path to: D:\Documentos\Electronica\Nueva carpeta\STM32CubeIDE_1.15.0\STM32CubeIDE\plugins\com.st.stm32cube.common.mx_6.11.0.202403141607\\db\/plugins/mcufinder/images/
2026-06-16 04:14:29,975 [WARN] DbFile:41 - Overriding database path with different value: C:\Users\USER\.stmcufinder\plugins\mcufinder/ => C:\Users\USER\.stmcufinder\plugins\mcufinder
2026-06-16 04:14:29,975 [INFO] ApiDb:250 - Set database path to: C:\Users\USER\.stmcufinder\plugins\mcufinder//mcu/
2026-06-16 04:14:29,975 [WARN] DbFile:41 - Overriding database path with different value: C:\Users\USER\.stmcufinder\plugins\mcufinder/ => C:\Users\USER\.stmcufinder\plugins\mcufinder
2026-06-16 04:14:29,975 [INFO] DbMcusAds:125 - Set database path to: C:\Users\USER\.stmcufinder\plugins\mcufinder//mcu/
2026-06-16 04:14:29,975 [WARN] DbFile:41 - Overriding database path with different value: C:\Users\USER\.stmcufinder\plugins\mcufinder/ => C:\Users\USER\.stmcufinder\plugins\mcufinder
2026-06-16 04:14:29,975 [WARN] DbFile:41 - Overriding database path with different value: C:\Users\USER\.stmcufinder\plugins\mcufinder/ => C:\Users\USER\.stmcufinder\plugins\mcufinder
2026-06-16 04:14:29,975 [INFO] CrossReferenceDbSqlite:203 - Set database path to: C:\Users\USER\.stmcufinder\plugins\mcufinder//mcu/cs/
2026-06-16 04:14:31,149 [INFO] MainPanel:264 - HeapMemory: 268435456
2026-06-16 04:14:31,817 [INFO] DbMcusXml:78 - Set database path to: D:\Documentos\Electronica\Nueva carpeta\STM32CubeIDE_1.15.0\STM32CubeIDE\plugins\com.st.stm32cube.common.mx_6.11.0.202403141607\\db\/mcu/
2026-06-16 04:14:31,818 [INFO] ApiDb:274 - Set plugin database path to: D:\Documentos\Electronica\Nueva carpeta\STM32CubeIDE_1.15.0\STM32CubeIDE\plugins\com.st.stm32cube.common.mx_6.11.0.202403141607\\db\/plugins/boardmanager/
2026-06-16 04:14:31,818 [INFO] ApiDb:261 - Set plugin images path to: D:\Documentos\Electronica\Nueva carpeta\STM32CubeIDE_1.15.0\STM32CubeIDE\plugins\com.st.stm32cube.common.mx_6.11.0.202403141607\\db\/plugins/mcufinder/images/
2026-06-16 04:14:31,818 [WARN] DbFile:41 - Overriding database path with different value: C:\Users\USER\.stmcufinder\plugins\mcufinder/ => C:\Users\USER\.stmcufinder\plugins\mcufinder
2026-06-16 04:14:31,819 [INFO] ApiDb:250 - Set database path to: C:\Users\USER\.stmcufinder\plugins\mcufinder//mcu/
2026-06-16 04:14:31,819 [WARN] DbFile:41 - Overriding database path with different value: C:\Users\USER\.stmcufinder\plugins\mcufinder/ => C:\Users\USER\.stmcufinder\plugins\mcufinder
2026-06-16 04:14:31,819 [INFO] DbMcusAds:125 - Set database path to: C:\Users\USER\.stmcufinder\plugins\mcufinder//mcu/
2026-06-16 04:14:31,819 [WARN] DbFile:41 - Overriding database path with different value: C:\Users\USER\.stmcufinder\plugins\mcufinder/ => C:\Users\USER\.stmcufinder\plugins\mcufinder
2026-06-16 04:14:31,819 [WARN] DbFile:41 - Overriding database path with different value: C:\Users\USER\.stmcufinder\plugins\mcufinder/ => C:\Users\USER\.stmcufinder\plugins\mcufinder
2026-06-16 04:14:31,820 [INFO] CrossReferenceDbSqlite:203 - Set database path to: C:\Users\USER\.stmcufinder\plugins\mcufinder//mcu/cs/
2026-06-16 04:14:32,008 [INFO] ApplicationProperties:184 - Using Application install path: D:\Documentos\Electronica\Nueva carpeta\STM32CubeIDE_1.15.0\STM32CubeIDE\plugins\com.st.stm32cube.common.mx_6.11.0.202403141607
2026-06-16 04:14:32,033 [INFO] PluginManage:196 - Search for loadable plugins [exclusion list=, ]
2026-06-16 04:14:32,049 [INFO] PluginManage:310 - Check plugin analytics
2026-06-16 04:14:32,892 [INFO] AnalyticsPlugin:253 - Accepted Software Licenses: 
2026-06-16 04:14:32,892 [INFO] AnalyticsPlugin:255 - Accepted CMSIS Pack Licenses: STMicroelectronics.X-CUBE-TOUCHGFX.4.26.0,STMicroelectronics.X-CUBE-TOF1.3.4.2
2026-06-16 04:14:32,892 [INFO] AnalyticsPlugin:257 - Accepted Firmware Licenses: FW.F7.1.17.0,FW.H7.1.11.0,FW.F4.1.28.0
2026-06-16 04:14:32,892 [INFO] PluginManage:359 - Loaded plugin analytics (category:tool,tabindex:-1)
2026-06-16 04:14:32,892 [INFO] PluginManage:310 - Check plugin cadmodel
2026-06-16 04:14:33,720 [INFO] CADModel:105 - Init CAD model plugin
2026-06-16 04:14:33,720 [INFO] PluginManage:359 - Loaded plugin cadmodel (category:power,tabindex:5)
2026-06-16 04:14:33,720 [INFO] PluginManage:310 - Check plugin clock
2026-06-16 04:14:33,855 [INFO] PluginManage:359 - Loaded plugin clock (category:base,tabindex:2)
2026-06-16 04:14:33,855 [INFO] PluginManage:310 - Check plugin ddr
2026-06-16 04:14:33,887 [INFO] PluginManage:359 - Loaded plugin ddr (category:tool,tabindex:6)
2026-06-16 04:14:33,887 [INFO] PluginManage:310 - Check plugin filemanager
2026-06-16 04:14:34,654 [INFO] PluginManage:359 - Loaded plugin filemanager (category:base,tabindex:10)
2026-06-16 04:14:34,654 [INFO] PluginManage:310 - Check plugin ipmanager
2026-06-16 04:14:34,704 [INFO] PluginManage:359 - Loaded plugin ipmanager (category:base,tabindex:5)
2026-06-16 04:14:34,704 [INFO] PluginManage:310 - Check plugin lpbam
2026-06-16 04:14:34,787 [INFO] PluginManage:359 - Loaded plugin lpbam (category:base,tabindex:0)
2026-06-16 04:14:34,787 [INFO] PluginManage:310 - Check plugin memorymap
2026-06-16 04:14:34,878 [INFO] PluginManage:359 - Loaded plugin memorymap (category:base,tabindex:4)
2026-06-16 04:14:34,878 [INFO] PluginManage:310 - Check plugin pinoutandconfiguration
2026-06-16 04:14:34,921 [INFO] PluginManage:359 - Loaded plugin pinoutandconfiguration (category:base,tabindex:1)
2026-06-16 04:14:34,921 [INFO] PluginManage:310 - Check plugin pinoutconfig
2026-06-16 04:14:35,304 [WARN] SupportedApi:132 - Cannot load RTOS API schema: s4s-elt-must-match.1: The content of 'definitions' must match (annotation?, (simpleType | complexType)?, (unique | key | keyref)*)). A problem was found starting at: attribute.
2026-06-16 04:14:35,886 [INFO] PluginManage:359 - Loaded plugin pinoutconfig (category:base,tabindex:0)
2026-06-16 04:14:35,886 [INFO] PluginManage:310 - Check plugin power
2026-06-16 04:14:36,052 [INFO] PluginManage:359 - Loaded plugin power (category:power,tabindex:4)
2026-06-16 04:14:36,052 [INFO] PluginManage:310 - Check plugin projectmanager
2026-06-16 04:14:36,184 [INFO] PluginManage:359 - Loaded plugin projectmanager (category:projectmanager,tabindex:3)
2026-06-16 04:14:36,184 [INFO] PluginManage:310 - Check plugin thirdparty
2026-06-16 04:14:37,074 [INFO] PluginManage:359 - Loaded plugin thirdparty (category:base,tabindex:-1)
2026-06-16 04:14:37,074 [WARN] IntegrityCheckThread:84 - waiting for thirdparty lock release [integrity check]
2026-06-16 04:14:37,074 [INFO] PluginManage:310 - Check plugin tools
2026-06-16 04:14:37,074 [INFO] IntegrityCheckThread:86 - entering critical section [integrity check]
2026-06-16 04:14:37,074 [INFO] ThirdPartyUpdaterWithRetryManager:70 - Updater plugin not ready yet. [1/15]
2026-06-16 04:14:37,121 [INFO] PluginManage:359 - Loaded plugin tools (category:base,tabindex:7)
2026-06-16 04:14:37,121 [INFO] PluginManage:310 - Check plugin tutovideos
2026-06-16 04:14:37,576 [INFO] PluginManage:359 - Loaded plugin tutovideos (category:base,tabindex:-1)
2026-06-16 04:14:37,576 [INFO] PluginManage:310 - Check plugin updater
2026-06-16 04:14:37,626 [INFO] PluginManage:359 - Loaded plugin updater (category:base,tabindex:12)
2026-06-16 04:14:37,626 [INFO] PluginManage:310 - Check plugin userauth
2026-06-16 04:14:37,676 [INFO] UserAuth:114 - Init User Auth plugin
2026-06-16 04:14:37,676 [INFO] PluginManage:359 - Loaded plugin userauth (category:base,tabindex:14)
2026-06-16 04:14:37,676 [INFO] PluginManage:283 - PluginManage : Loaded plugins [17]
2026-06-16 04:14:38,993 [INFO] PinOutPanel:1561 - setPackage(No Configuration,No Configuration)
2026-06-16 04:14:39,461 [INFO] CADModel:165 - CPN selected for project level
2026-06-16 04:14:39,461 [INFO] CADModel:114 - Register for checkConnection events
2026-06-16 04:14:39,563 [INFO] IPUIPlugin:80 - create IPUIPlugin
2026-06-16 04:14:39,563 [INFO] PluginManager:220 - loadIPPluginJar : add adc
2026-06-16 04:14:39,611 [INFO] IPUIPlugin:80 - create IPUIPlugin
2026-06-16 04:14:39,611 [INFO] PluginManager:220 - loadIPPluginJar : add aes
2026-06-16 04:14:39,694 [INFO] IPUIPlugin:80 - create IPUIPlugin
2026-06-16 04:14:39,694 [INFO] PluginManager:220 - loadIPPluginJar : add can
2026-06-16 04:14:39,728 [INFO] IPUIPlugin:80 - create IPUIPlugin
2026-06-16 04:14:39,728 [INFO] PluginManager:220 - loadIPPluginJar : add comp
2026-06-16 04:14:39,794 [INFO] IPUIPlugin:80 - create IPUIPlugin
2026-06-16 04:14:39,794 [INFO] PluginManager:220 - loadIPPluginJar : add cryp
2026-06-16 04:14:39,845 [INFO] IPUIPlugin:80 - create IPUIPlugin
2026-06-16 04:14:39,845 [INFO] PluginManager:220 - loadIPPluginJar : add dfsdm
2026-06-16 04:14:39,895 [INFO] IPUIPlugin:80 - create IPUIPlugin
2026-06-16 04:14:39,895 [INFO] PluginManager:220 - loadIPPluginJar : add dma
2026-06-16 04:14:39,962 [INFO] IPUIPlugin:80 - create IPUIPlugin
2026-06-16 04:14:39,962 [INFO] PluginManager:220 - loadIPPluginJar : add dma3
2026-06-16 04:14:40,049 [INFO] IPUIPlugin:80 - create IPUIPlugin
2026-06-16 04:14:40,049 [INFO] PluginManager:220 - loadIPPluginJar : add extmemmanager
2026-06-16 04:14:40,088 [INFO] ThirdPartyUpdaterWithRetryManager:70 - Updater plugin not ready yet. [2/15]
2026-06-16 04:14:40,094 [INFO] IPUIPlugin:80 - create IPUIPlugin
2026-06-16 04:14:40,094 [INFO] PluginManager:220 - loadIPPluginJar : add fatfs
2026-06-16 04:14:40,180 [INFO] IPUIPlugin:80 - create IPUIPlugin
2026-06-16 04:14:40,180 [INFO] PluginManager:220 - loadIPPluginJar : add fmc
2026-06-16 04:14:40,205 [INFO] IPUIPlugin:80 - create IPUIPlugin
2026-06-16 04:14:40,205 [INFO] PluginManager:220 - loadIPPluginJar : add freertos
2026-06-16 04:14:40,241 [INFO] IPUIPlugin:80 - create IPUIPlugin
2026-06-16 04:14:40,241 [INFO] PluginManager:220 - loadIPPluginJar : add genericplugin
2026-06-16 04:14:40,376 [INFO] IPUIPlugin:80 - create IPUIPlugin
2026-06-16 04:14:40,376 [INFO] PluginManager:220 - loadIPPluginJar : add gfxmmu
2026-06-16 04:14:40,560 [INFO] IPUIPlugin:80 - create IPUIPlugin
2026-06-16 04:14:40,560 [INFO] PluginManager:220 - loadIPPluginJar : add gic
2026-06-16 04:14:40,578 [INFO] IPUIPlugin:80 - create IPUIPlugin
2026-06-16 04:14:40,578 [INFO] PluginManager:220 - loadIPPluginJar : add gpio
2026-06-16 04:14:40,741 [INFO] IPUIPlugin:80 - create IPUIPlugin
2026-06-16 04:14:40,741 [INFO] PluginManager:220 - loadIPPluginJar : add gtzc
2026-06-16 04:14:40,859 [INFO] IPUIPlugin:80 - create IPUIPlugin
2026-06-16 04:14:40,859 [INFO] PluginManager:220 - loadIPPluginJar : add hash
2026-06-16 04:14:40,959 [INFO] IPUIPlugin:80 - create IPUIPlugin
2026-06-16 04:14:40,959 [INFO] PluginManager:220 - loadIPPluginJar : add i2c
2026-06-16 04:14:41,014 [INFO] IPUIPlugin:80 - create IPUIPlugin
2026-06-16 04:14:41,014 [INFO] PluginManager:220 - loadIPPluginJar : add i2s
2026-06-16 04:14:41,060 [INFO] IPUIPlugin:80 - create IPUIPlugin
2026-06-16 04:14:41,060 [INFO] PluginManager:220 - loadIPPluginJar : add i3c
2026-06-16 04:14:41,227 [INFO] IPUIPlugin:80 - create IPUIPlugin
2026-06-16 04:14:41,227 [INFO] PluginManager:220 - loadIPPluginJar : add ipddr
2026-06-16 04:14:41,380 [INFO] IPUIPlugin:80 - create IPUIPlugin
2026-06-16 04:14:41,380 [INFO] PluginManager:220 - loadIPPluginJar : add linkedlist
2026-06-16 04:14:41,444 [INFO] IPUIPlugin:80 - create IPUIPlugin
2026-06-16 04:14:41,445 [INFO] PluginManager:220 - loadIPPluginJar : add lorawan
2026-06-16 04:14:41,493 [INFO] IPUIPlugin:80 - create IPUIPlugin
2026-06-16 04:14:41,493 [INFO] PluginManager:220 - loadIPPluginJar : add ltdc
2026-06-16 04:14:41,525 [INFO] IPUIPlugin:80 - create IPUIPlugin
2026-06-16 04:14:41,525 [INFO] PluginManager:220 - loadIPPluginJar : add mdma
2026-06-16 04:14:41,544 [INFO] IPUIPlugin:80 - create IPUIPlugin
2026-06-16 04:14:41,544 [INFO] PluginManager:220 - loadIPPluginJar : add nvic
2026-06-16 04:14:41,604 [INFO] IPUIPlugin:80 - create IPUIPlugin
2026-06-16 04:14:41,604 [INFO] PluginManager:220 - loadIPPluginJar : add opamp
2026-06-16 04:14:41,690 [INFO] IPUIPlugin:80 - create IPUIPlugin
2026-06-16 04:14:41,690 [INFO] PluginManager:220 - loadIPPluginJar : add openamp
2026-06-16 04:14:41,779 [INFO] IPUIPlugin:80 - create IPUIPlugin
2026-06-16 04:14:41,779 [INFO] PluginManager:220 - loadIPPluginJar : add pdm2pcm
2026-06-16 04:14:41,826 [INFO] IPUIPlugin:80 - create IPUIPlugin
2026-06-16 04:14:41,826 [INFO] PluginManager:220 - loadIPPluginJar : add plateformsettings
2026-06-16 04:14:41,868 [INFO] IPUIPlugin:80 - create IPUIPlugin
2026-06-16 04:14:41,868 [INFO] PluginManager:220 - loadIPPluginJar : add quadspi
2026-06-16 04:14:41,878 [INFO] IPUIPlugin:80 - create IPUIPlugin
2026-06-16 04:14:41,878 [INFO] PluginManager:220 - loadIPPluginJar : add resmgrutility
2026-06-16 04:14:41,961 [INFO] IPUIPlugin:80 - create IPUIPlugin
2026-06-16 04:14:41,961 [INFO] PluginManager:220 - loadIPPluginJar : add sai
2026-06-16 04:14:42,034 [INFO] IPUIPlugin:80 - create IPUIPlugin
2026-06-16 04:14:42,034 [INFO] PluginManager:220 - loadIPPluginJar : add spi
2026-06-16 04:14:42,146 [INFO] IPUIPlugin:80 - create IPUIPlugin
2026-06-16 04:14:42,146 [INFO] PluginManager:220 - loadIPPluginJar : add stm32_wpan
2026-06-16 04:14:42,163 [INFO] IPUIPlugin:80 - create IPUIPlugin
2026-06-16 04:14:42,163 [INFO] PluginManager:220 - loadIPPluginJar : add tim
2026-06-16 04:14:42,243 [INFO] IPUIPlugin:80 - create IPUIPlugin
2026-06-16 04:14:42,243 [INFO] PluginManager:220 - loadIPPluginJar : add touchsensing
2026-06-16 04:14:42,305 [INFO] IPUIPlugin:80 - create IPUIPlugin
2026-06-16 04:14:42,305 [INFO] PluginManager:220 - loadIPPluginJar : add tracer_emb
2026-06-16 04:14:42,333 [INFO] IPUIPlugin:80 - create IPUIPlugin
2026-06-16 04:14:42,333 [INFO] PluginManager:220 - loadIPPluginJar : add ts
2026-06-16 04:14:42,361 [INFO] IPUIPlugin:80 - create IPUIPlugin
2026-06-16 04:14:42,361 [INFO] PluginManager:220 - loadIPPluginJar : add tsc
2026-06-16 04:14:42,393 [INFO] IPUIPlugin:80 - create IPUIPlugin
2026-06-16 04:14:42,393 [INFO] PluginManager:220 - loadIPPluginJar : add ucpd
2026-06-16 04:14:42,457 [INFO] IPUIPlugin:80 - create IPUIPlugin
2026-06-16 04:14:42,457 [INFO] PluginManager:220 - loadIPPluginJar : add usart
2026-06-16 04:14:42,512 [INFO] IPUIPlugin:80 - create IPUIPlugin
2026-06-16 04:14:42,512 [INFO] PluginManager:220 - loadIPPluginJar : add usbx
2026-06-16 04:14:42,760 [INFO] CADModel:165 - CPN selected for project level
2026-06-16 04:14:42,760 [INFO] CADModel:114 - Register for checkConnection events
2026-06-16 04:14:42,760 [FATAL] Updater:308 - Updater called before beeing initialized
2026-06-16 04:14:42,760 [ERROR] CADModel:125 - Updater not yet initialized, retry later 
2026-06-16 04:14:43,099 [INFO] ThirdPartyUpdaterWithRetryManager:70 - Updater plugin not ready yet. [3/15]
2026-06-16 04:14:43,457 [INFO] CADModel:165 - CPN selected for project level
2026-06-16 04:14:43,457 [INFO] CADModel:114 - Register for checkConnection events
2026-06-16 04:14:43,457 [FATAL] Updater:308 - Updater called before beeing initialized
2026-06-16 04:14:43,457 [ERROR] CADModel:125 - Updater not yet initialized, retry later 
2026-06-16 04:14:43,468 [FATAL] Updater:308 - Updater called before beeing initialized
2026-06-16 04:14:43,689 [FATAL] Updater:308 - Updater called before beeing initialized
2026-06-16 04:14:43,712 [INFO] DbMcusAds:53 - JSON generation date=Wed Feb 18 08:32:49 CST 2026 (1771425169444)
2026-06-16 04:14:43,712 [FATAL] Updater:308 - Updater called before beeing initialized
2026-06-16 04:14:44,019 [WARN] DetailPanel:346 - Failed to get advertising image, set to default
2026-06-16 04:14:44,155 [FATAL] Updater:308 - Updater called before beeing initialized
2026-06-16 04:14:44,169 [FATAL] Updater:308 - Updater called before beeing initialized
2026-06-16 04:14:44,169 [FATAL] Updater:308 - Updater called before beeing initialized
2026-06-16 04:14:44,169 [WARN] DetailPanel:346 - Failed to get advertising image, set to default
2026-06-16 04:14:44,169 [FATAL] Updater:308 - Updater called before beeing initialized
2026-06-16 04:14:44,412 [ERROR] Updater:1120 - MainUpdater not yet initialized. External WinMGr cannot be set.
2026-06-16 04:14:44,440 [INFO] Updater:1056 - Updater Version found : 6.11.0
2026-06-16 04:14:44,498 [INFO] ApplicationProperties:184 - Using Application install path: D:\Documentos\Electronica\Nueva carpeta\STM32CubeIDE_1.15.0\STM32CubeIDE\plugins\com.st.stm32cube.common.mx_6.11.0.202403141607
2026-06-16 04:14:46,113 [FATAL] Updater:308 - Updater called before beeing initialized
2026-06-16 04:14:46,113 [ERROR] IntegrityCheckThread:130 - Cannot retrieve database content from updater: error 21
2026-06-16 04:14:46,113 [INFO] ThirdParty:978 - Integrity check success = false
2026-06-16 04:14:46,113 [INFO] IntegrityCheckThread:100 - exiting critical section [integrity check]
2026-06-16 04:14:46,113 [INFO] IntegrityCheckThread:103 - End integrity checks thread
2026-06-16 04:14:46,155 [ERROR] LogOutputStream:75 - [STDERR_REDIRECT] Jun 16, 2026 4:14:46 AM java.util.prefs.WindowsPreferences <init>
2026-06-16 04:14:46,155 [ERROR] LogOutputStream:75 - [STDERR_REDIRECT] WARNING: Could not open/create prefs root node Software\JavaSoft\Prefs at root 0xffffffff80000002. Windows RegCreateKeyEx(...) returned error code 5.
2026-06-16 04:14:46,159 [ERROR] LogOutputStream:75 - [STDERR_REDIRECT] 
2026-06-16 04:14:47,909 [INFO] MainUpdater:2873 - connection check result : 10
2026-06-16 04:14:47,909 [INFO] MainUpdater:290 - Updater Check For Update Now.
2026-06-16 04:14:47,909 [INFO] MicroXplorer:498 - Change Database Version : DB.6.0.110
2026-06-16 04:14:48,161 [INFO] CheckServerUpdateThread:120 - End of CheckServer Thread
2026-06-16 04:14:48,335 [INFO] MainUpdater:2873 - connection check result : 10
2026-06-16 04:14:48,359 [INFO] MainUpdater:2873 - connection check result : 10
2026-06-16 04:14:49,039 [INFO] MicroXplorer:468 - Change Database Path : 
2026-06-16 04:14:49,039 [INFO] MicroXplorer:498 - Change Database Version : DB.6.0.110
2026-06-16 04:14:49,094 [WARN] ThirdParty:871 - waiting for thirdparty lock release [close project]
2026-06-16 04:14:49,094 [INFO] ThirdParty:873 - entering critical section [close project]
2026-06-16 04:14:49,094 [INFO] ThirdParty:883 - exiting critical section [close project]
2026-06-16 04:14:49,099 [INFO] PinOutPanel:1561 - setPackage(No Configuration,No Configuration)
2026-06-16 04:14:49,099 [INFO] UtilMem:75 - Begin LoadConfig() Used Memory: 148828008 Bytes (268435456)
2026-06-16 04:14:49,099 [INFO] MicroXplorer:468 - Change Database Path : 
2026-06-16 04:14:49,099 [INFO] MicroXplorer:498 - Change Database Version : DB.6.0.110
2026-06-16 04:14:49,099 [INFO] OpenFileManager:312 - Change cursor
2026-06-16 04:14:49,159 [WARN] IntegrityCheckThread:84 - waiting for thirdparty lock release [integrity check]
2026-06-16 04:14:49,159 [INFO] IntegrityCheckThread:86 - entering critical section [integrity check]
2026-06-16 04:14:50,382 [WARN] PackLoader:240 - Cannot read IP mode file for STMicroelectronics.X-CUBE-AZRTOS-H7.3.5.0
2026-06-16 04:14:50,429 [WARN] PackLoader:240 - Cannot read IP mode file for STMicroelectronics.FP-SNS-MOTENVWB1.1.4.0
2026-06-16 04:14:50,459 [WARN] PackLoader:240 - Cannot read IP mode file for STMicroelectronics.FP-ATR-ASTRA1.2.0.2
2026-06-16 04:14:50,479 [WARN] PackLoader:240 - Cannot read IP mode file for STMicroelectronics.FP-ATR-ASTRA1.2.0.1
2026-06-16 04:14:50,541 [ERROR] Engine:466 - C:\Users\USER\.stm32cubemx\thirdparties\pdsc\STMicroelectronics.X-CUBE-SMBUS.2.1.1.pdsc: PDSC version is not supported
2026-06-16 04:14:50,565 [WARN] PackLoader:240 - Cannot read IP mode file for STMicroelectronics.X-CUBE-SMBUS.2.1.0
2026-06-16 04:14:50,602 [WARN] PackLoader:240 - Cannot read IP mode file for STMicroelectronics.X-CUBE-WB05N.1.1.0
2026-06-16 04:14:50,629 [WARN] PackLoader:240 - Cannot read IP mode file for STMicroelectronics.X-CUBE-TOUCHGFX.4.23.2
2026-06-16 04:14:50,703 [WARN] PackLoader:240 - Cannot read IP mode file for STMicroelectronics.X-CUBE-AZRTOS-F7.1.1.0
2026-06-16 04:14:50,872 [WARN] PackLoader:240 - Cannot read IP mode file for STMicroelectronics.X-CUBE-MEMS1.11.0.0
2026-06-16 04:14:51,062 [ERROR] Engine:466 - C:\Users\USER\.stm32cubemx\thirdparties\pdsc\STMicroelectronics.FP-SNS-MOTENV1.5.1.0.pdsc: PDSC version is not supported
2026-06-16 04:14:51,086 [WARN] PackLoader:240 - Cannot read IP mode file for STMicroelectronics.FP-SNS-FLIGHT1.5.0.2
2026-06-16 04:14:51,138 [WARN] PackLoader:240 - Cannot read IP mode file for STMicroelectronics.X-CUBE-AZRTOS-H7.3.4.0
2026-06-16 04:14:51,172 [WARN] PackLoader:240 - Cannot read IP mode file for STMicroelectronics.X-CUBE-DISPLAY.3.0.0
2026-06-16 04:14:51,202 [WARN] PackLoader:240 - Cannot read IP mode file for STMicroelectronics.X-CUBE-GNSS1.7.1.1
2026-06-16 04:14:51,223 [ERROR] Engine:466 - C:\Users\USER\.stm32cubemx\thirdparties\pdsc\STMicroelectronics.FP-SNS-MOTENVWB1.1.5.0.pdsc: PDSC version is not supported
2026-06-16 04:14:51,241 [WARN] PackLoader:240 - Cannot read IP mode file for STMicroelectronics.X-CUBE-BLE1.7.0.0
2026-06-16 04:14:51,269 [WARN] PackLoader:240 - Cannot read IP mode file for STMicroelectronics.X-CUBE-NFC10.1.0.0
2026-06-16 04:14:51,304 [WARN] PackLoader:240 - Cannot read IP mode file for STMicroelectronics.X-CUBE-BLEMGR.4.0.0
2026-06-16 04:14:51,323 [ERROR] Engine:466 - C:\Users\USER\.stm32cubemx\thirdparties\pdsc\STMicroelectronics.X-CUBE-ST60.1.1.0.pdsc: PDSC version is not supported
2026-06-16 04:14:51,344 [WARN] PackLoader:240 - Cannot read IP mode file for emotas.I-CUBE-CANOPEN.1.3.0
2026-06-16 04:14:51,364 [WARN] PackLoader:240 - Cannot read IP mode file for STMicroelectronics.X-CUBE-GNSS1.7.1.0
2026-06-16 04:14:51,392 [WARN] PackLoader:240 - Cannot read IP mode file for STMicroelectronics.X-CUBE-BLEMGR.3.1.0
2026-06-16 04:14:51,412 [WARN] PackLoader:240 - Cannot read IP mode file for STMicroelectronics.X-CUBE-AI.10.0.0
2026-06-16 04:14:51,440 [ERROR] Engine:466 - C:\Users\USER\.stm32cubemx\thirdparties\pdsc\STMicroelectronics.FP-SNS-STBOX1.2.1.0.pdsc: PDSC version is not supported
2026-06-16 04:14:51,459 [WARN] PackLoader:240 - Cannot read IP mode file for STMicroelectronics.FP-SNS-SMARTAG2.1.2.0
2026-06-16 04:14:51,469 [ERROR] Engine:466 - C:\Users\USER\.stm32cubemx\thirdparties\pdsc\STMicroelectronics.FP-SNS-FLIGHT1.5.1.0.pdsc: PDSC version is not supported
2026-06-16 04:14:51,658 [WARN] PackLoader:240 - Cannot read IP mode file for STMicroelectronics.X-CUBE-MEMS1.11.1.0
2026-06-16 04:14:51,831 [INFO] LogOutputStream:77 - [STDOUT_REDIRECT] 1 : Invalid condition id : UX_CORESTACK_Condition cause : null
2026-06-16 04:14:51,831 [INFO] LogOutputStream:77 - [STDOUT_REDIRECT] 1 : Invalid condition id : UX_CORESTACK_Condition cause : null
2026-06-16 04:14:51,838 [INFO] LogOutputStream:77 - [STDOUT_REDIRECT] 1 : Invalid condition id : UX_CORESTACK_Condition cause : null
2026-06-16 04:14:51,839 [INFO] LogOutputStream:77 - [STDOUT_REDIRECT] 1 : Invalid condition id : UX_CORESTACK_Condition cause : null
2026-06-16 04:14:51,841 [INFO] LogOutputStream:77 - [STDOUT_REDIRECT] 1 : Invalid condition id : UX_CORESTACK_Condition cause : null
2026-06-16 04:14:51,845 [WARN] PackLoader:240 - Cannot read IP mode file for STMicroelectronics.X-CUBE-AZRTOS-WL.2.0.0
2026-06-16 04:14:51,871 [WARN] PackLoader:240 - Cannot read IP mode file for STMicroelectronics.FP-SNS-MOTENV1.5.0.0
2026-06-16 04:14:51,925 [WARN] PackLoader:240 - Cannot read IP mode file for STMicroelectronics.X-CUBE-AZRTOS-H7RS.1.2.0
2026-06-16 04:14:51,949 [WARN] PackLoader:240 - Cannot read IP mode file for wolfSSL.I-CUBE-wolfMQTT.1.19.0
2026-06-16 04:14:51,979 [WARN] PackLoader:240 - Cannot read IP mode file for WES.I-CUBE-Cesium.1.3.0
2026-06-16 04:14:51,999 [WARN] PackLoader:240 - Cannot read IP mode file for STMicroelectronics.X-CUBE-BLE2.3.3.0
2026-06-16 04:14:52,009 [ERROR] Engine:466 - C:\Users\USER\.stm32cubemx\thirdparties\pdsc\Avnet-IOTCONNECT.X-CUBE-iotc-st67-sdk.1.0.0.pdsc: PDSC version is not supported
2026-06-16 04:14:52,034 [WARN] PackLoader:240 - Cannot read IP mode file for STMicroelectronics.X-CUBE-NFC9.1.0.0
2026-06-16 04:14:52,051 [WARN] PackLoader:240 - Cannot read IP mode file for STMicroelectronics.X-CUBE-BLE1.7.1.0
2026-06-16 04:14:52,069 [WARN] PackLoader:240 - Cannot read IP mode file for STMicroelectronics.X-CUBE-TCPP.4.1.0
2026-06-16 04:14:52,089 [ERROR] Engine:466 - C:\Users\USER\.stm32cubemx\thirdparties\pdsc\STMicroelectronics.X-CUBE-FREERTOS.1.4.0.pdsc: PDSC version is not supported
2026-06-16 04:14:52,114 [WARN] PackLoader:240 - Cannot read IP mode file for STMicroelectronics.X-CUBE-EEPRMA1.5.2.0
2026-06-16 04:14:52,129 [ERROR] Engine:466 - C:\Users\USER\.stm32cubemx\thirdparties\pdsc\STMicroelectronics.X-CUBE-ST67W61.1.1.0.pdsc: PDSC version is not supported
2026-06-16 04:14:52,161 [ERROR] Engine:466 - C:\Users\USER\.stm32cubemx\thirdparties\pdsc\STMicroelectronics.FP-SNS-STAIOTCFT.1.1.0.pdsc: PDSC version is not supported
2026-06-16 04:14:52,219 [WARN] PackLoader:240 - Cannot read IP mode file for STMicroelectronics.X-CUBE-MEMS1.12.0.0
2026-06-16 04:14:52,311 [WARN] PackLoader:240 - Cannot read IP mode file for STMicroelectronics.X-CUBE-ALGOBUILD.1.3.0
2026-06-16 04:14:52,389 [WARN] PackLoader:240 - Cannot read IP mode file for STMicroelectronics.X-CUBE-MEMS1.11.2.0
2026-06-16 04:14:52,519 [WARN] PackLoader:240 - Cannot read IP mode file for STMicroelectronics.X-CUBE-AZRTOS-G0.1.1.0
2026-06-16 04:14:52,549 [WARN] PackLoader:240 - Cannot read IP mode file for STMicroelectronics.X-CUBE-SAFEA1.1.2.2
2026-06-16 04:14:52,571 [WARN] PackLoader:240 - Cannot read IP mode file for STMicroelectronics.X-CUBE-NFC4.3.0.0
2026-06-16 04:14:52,605 [WARN] PackLoader:240 - Cannot read IP mode file for EmbeddedOffice.I-CUBE-FS-RTOS.1.0.1
2026-06-16 04:14:52,605 [ERROR] ConditionMgr:805 - Attr not supported : Dmpu
2026-06-16 04:14:52,605 [ERROR] ConditionMgr:805 - Attr not supported : Dmpu
2026-06-16 04:14:52,605 [ERROR] ConditionMgr:805 - Attr not supported : Dmpu
2026-06-16 04:14:52,605 [ERROR] ConditionMgr:805 - Attr not supported : Dmpu
2026-06-16 04:14:52,605 [ERROR] ConditionMgr:805 - Attr not supported : Dmpu
2026-06-16 04:14:52,605 [ERROR] ConditionMgr:805 - Attr not supported : Dmpu
2026-06-16 04:14:52,605 [ERROR] ConditionMgr:805 - Attr not supported : Dmpu
2026-06-16 04:14:52,605 [ERROR] ConditionMgr:805 - Attr not supported : Dmpu
2026-06-16 04:14:52,605 [ERROR] ConditionMgr:805 - Attr not supported : Dmpu
2026-06-16 04:14:52,605 [ERROR] ConditionMgr:805 - Attr not supported : Dmpu
2026-06-16 04:14:52,605 [ERROR] ConditionMgr:805 - Attr not supported : Dmpu
2026-06-16 04:14:52,605 [ERROR] ConditionMgr:805 - Attr not supported : Dmpu
2026-06-16 04:14:52,605 [ERROR] ConditionMgr:805 - Attr not supported : Dmpu
2026-06-16 04:14:52,605 [ERROR] ConditionMgr:805 - Attr not supported : Dmpu
2026-06-16 04:14:52,605 [ERROR] ConditionMgr:805 - Attr not supported : Dmpu
2026-06-16 04:14:52,605 [ERROR] ConditionMgr:805 - Attr not supported : Dmpu
2026-06-16 04:14:52,605 [ERROR] ConditionMgr:805 - Attr not supported : Dmpu
2026-06-16 04:14:52,605 [ERROR] ConditionMgr:805 - Attr not supported : Dmpu
2026-06-16 04:14:52,605 [ERROR] ConditionMgr:805 - Attr not supported : Dmpu
2026-06-16 04:14:52,605 [ERROR] ConditionMgr:805 - Attr not supported : Dmpu
2026-06-16 04:14:52,605 [ERROR] ConditionMgr:805 - Attr not supported : Dmpu
2026-06-16 04:14:52,605 [ERROR] ConditionMgr:805 - Attr not supported : Dmpu
2026-06-16 04:14:52,605 [ERROR] ConditionMgr:805 - Attr not supported : Dmpu
2026-06-16 04:14:52,605 [ERROR] ConditionMgr:805 - Attr not supported : Dmpu
2026-06-16 04:14:52,605 [ERROR] ConditionMgr:805 - Attr not supported : Dmpu
2026-06-16 04:14:52,607 [ERROR] ConditionMgr:805 - Attr not supported : Dmpu
2026-06-16 04:14:52,607 [ERROR] ConditionMgr:805 - Attr not supported : Dmpu
2026-06-16 04:14:52,607 [ERROR] ConditionMgr:805 - Attr not supported : Dmpu
2026-06-16 04:14:52,607 [ERROR] ConditionMgr:805 - Attr not supported : Dmpu
2026-06-16 04:14:52,607 [ERROR] ConditionMgr:805 - Attr not supported : Dmpu
2026-06-16 04:14:52,607 [ERROR] ConditionMgr:805 - Attr not supported : Dmpu
2026-06-16 04:14:52,607 [ERROR] ConditionMgr:805 - Attr not supported : Dmpu
2026-06-16 04:14:52,607 [ERROR] ConditionMgr:805 - Attr not supported : Dmpu
2026-06-16 04:14:52,607 [ERROR] ConditionMgr:805 - Attr not supported : Dmpu
2026-06-16 04:14:52,607 [ERROR] ConditionMgr:805 - Attr not supported : Dmpu
2026-06-16 04:14:52,607 [ERROR] ConditionMgr:805 - Attr not supported : Dmpu
2026-06-16 04:14:52,607 [ERROR] ConditionMgr:805 - Attr not supported : Dmpu
2026-06-16 04:14:52,607 [ERROR] ConditionMgr:805 - Attr not supported : Dmpu
2026-06-16 04:14:52,607 [ERROR] ConditionMgr:805 - Attr not supported : Dmpu
2026-06-16 04:14:52,607 [ERROR] ConditionMgr:805 - Attr not supported : Dmpu
2026-06-16 04:14:52,607 [ERROR] ConditionMgr:805 - Attr not supported : Dmpu
2026-06-16 04:14:52,607 [ERROR] ConditionMgr:805 - Attr not supported : Dmpu
2026-06-16 04:14:52,607 [ERROR] ConditionMgr:805 - Attr not supported : Dmpu
2026-06-16 04:14:52,607 [ERROR] ConditionMgr:805 - Attr not supported : Dmpu
2026-06-16 04:14:52,607 [ERROR] ConditionMgr:805 - Attr not supported : Dmpu
2026-06-16 04:14:52,607 [ERROR] ConditionMgr:805 - Attr not supported : Dmpu
2026-06-16 04:14:52,607 [ERROR] ConditionMgr:805 - Attr not supported : Dmpu
2026-06-16 04:14:52,607 [ERROR] ConditionMgr:805 - Attr not supported : Dmpu
2026-06-16 04:14:52,607 [ERROR] ConditionMgr:805 - Attr not supported : Dmpu
2026-06-16 04:14:52,607 [ERROR] ConditionMgr:805 - Attr not supported : Dmpu
2026-06-16 04:14:52,607 [ERROR] ConditionMgr:805 - Attr not supported : Dmpu
2026-06-16 04:14:52,607 [ERROR] ConditionMgr:805 - Attr not supported : Dmpu
2026-06-16 04:14:52,607 [ERROR] ConditionMgr:805 - Attr not supported : Dmpu
2026-06-16 04:14:52,607 [ERROR] ConditionMgr:805 - Attr not supported : Dmpu
2026-06-16 04:14:52,607 [ERROR] ConditionMgr:805 - Attr not supported : Dmpu
2026-06-16 04:14:52,607 [ERROR] ConditionMgr:805 - Attr not supported : Dmpu
2026-06-16 04:14:52,607 [ERROR] ConditionMgr:805 - Attr not supported : Dmpu
2026-06-16 04:14:52,607 [ERROR] ConditionMgr:805 - Attr not supported : Dmpu
2026-06-16 04:14:52,609 [ERROR] ConditionMgr:805 - Attr not supported : Dmpu
2026-06-16 04:14:52,609 [ERROR] ConditionMgr:805 - Attr not supported : Dmpu
2026-06-16 04:14:52,609 [ERROR] ConditionMgr:805 - Attr not supported : Dmpu
2026-06-16 04:14:52,609 [ERROR] ConditionMgr:805 - Attr not supported : Dmpu
2026-06-16 04:14:52,609 [ERROR] ConditionMgr:805 - Attr not supported : Dmpu
2026-06-16 04:14:52,609 [ERROR] ConditionMgr:805 - Attr not supported : Dmpu
2026-06-16 04:14:52,629 [WARN] PackLoader:240 - Cannot read IP mode file for STMicroelectronics.X-CUBE-WB05N.2.0.0
2026-06-16 04:14:52,660 [ERROR] Engine:466 - C:\Users\USER\.stm32cubemx\thirdparties\pdsc\STMicroelectronics.X-CUBE-TCPP.4.2.0.pdsc: PDSC version is not supported
2026-06-16 04:14:52,679 [WARN] PackLoader:240 - Cannot read IP mode file for RealThread.X-CUBE-RT-Thread_Nano.4.1.1
2026-06-16 04:14:52,699 [WARN] PackLoader:240 - Cannot read IP mode file for wolfSSL.I-CUBE-wolfSSL.5.7.0
2026-06-16 04:14:52,717 [WARN] PackLoader:240 - Cannot read IP mode file for STMicroelectronics.FP-ATR-SIGFOX1.3.2.0
2026-06-16 04:14:52,733 [WARN] ConditionMgr:438 - getConditionDescription Invalid condition id : Cortex-A Device cause : null
2026-06-16 04:14:52,765 [WARN] ConditionMgr:1039 - genDependencies : Invalid condition id : Cortex-A Device cause : null
2026-06-16 04:14:52,765 [WARN] ConditionMgr:1039 - genDependencies : Invalid condition id : Cortex-A Device cause : null
2026-06-16 04:14:52,765 [WARN] ConditionMgr:1039 - genDependencies : Invalid condition id : Cortex-A Device cause : null
2026-06-16 04:14:52,779 [WARN] PackLoader:240 - Cannot read IP mode file for STMicroelectronics.X-CUBE-EEPRMA1.5.1.0
2026-06-16 04:14:52,794 [ERROR] Engine:466 - C:\Users\USER\.stm32cubemx\thirdparties\pdsc\STMicroelectronics.X-CUBE-FREERTOS.1.5.0.pdsc: PDSC version is not supported
2026-06-16 04:14:52,813 [WARN] PackLoader:240 - Cannot read IP mode file for ITTIA_DB.I-CUBE-ITTIADB.8.9.0
2026-06-16 04:14:52,829 [WARN] PackLoader:240 - Cannot read IP mode file for STMicroelectronics.X-CUBE-NFC6.3.2.0
2026-06-16 04:14:52,849 [WARN] PackLoader:240 - Cannot read IP mode file for STMicroelectronics.X-CUBE-AI.10.2.0
2026-06-16 04:14:52,926 [WARN] PackLoader:240 - Cannot read IP mode file for STMicroelectronics.X-CUBE-MEMS1.12.1.0
2026-06-16 04:14:53,009 [WARN] PackLoader:240 - Cannot read IP mode file for SEGGER.I-CUBE-embOS.1.3.1
2026-06-16 04:14:53,067 [WARN] PackLoader:240 - Cannot read IP mode file for STMicroelectronics.X-CUBE-ALGOBUILD.1.4.0
2026-06-16 04:14:53,089 [WARN] PackLoader:240 - Cannot read IP mode file for STMicroelectronics.X-CUBE-AI.9.1.0
2026-06-16 04:14:53,109 [WARN] PackLoader:240 - Cannot read IP mode file for STMicroelectronics.X-CUBE-NFC13.1.0.0
2026-06-16 04:14:53,129 [WARN] PackLoader:240 - Cannot read IP mode file for STMicroelectronics.X-CUBE-PM33A1.1.0.0
2026-06-16 04:14:53,149 [WARN] PackLoader:240 - Cannot read IP mode file for STMicroelectronics.X-CUBE-GNSS1.6.0.0
2026-06-16 04:14:53,197 [WARN] PackLoader:240 - Cannot read IP mode file for STMicroelectronics.X-CUBE-AZRTOS-F4.1.1.0
2026-06-16 04:14:53,213 [ERROR] Engine:466 - C:\Users\USER\.stm32cubemx\thirdparties\pdsc\Avnet-IotConnect.X-CUBE-IoTC-DA16k-PMOD.1.0.0.pdsc: PDSC version is not supported
2026-06-16 04:14:53,243 [WARN] PackLoader:240 - Cannot read IP mode file for STMicroelectronics.X-CUBE-ISPU.2.1.0
2026-06-16 04:14:53,265 [ERROR] Engine:466 - C:\Users\USER\.stm32cubemx\thirdparties\pdsc\STMicroelectronics.X-CUBE-IPS.3.2.0.pdsc: PDSC version is not supported
2026-06-16 04:14:53,279 [ERROR] Engine:466 - C:\Users\USER\.stm32cubemx\thirdparties\pdsc\STMicroelectronics.eDS-WB_DPC_TT-BIDIR.2.1.1.pdsc: PDSC version is not supported
2026-06-16 04:14:53,299 [WARN] PackLoader:240 - Cannot read IP mode file for STMicroelectronics.X-CUBE-FREERTOS.1.2.0
2026-06-16 04:14:53,319 [WARN] PackLoader:240 - Cannot read IP mode file for STMicroelectronics.X-CUBE-NFC12.1.0.0
2026-06-16 04:14:53,369 [WARN] PackLoader:240 - Cannot read IP mode file for STMicroelectronics.X-CUBE-AZRTOS-L5.2.0.0
2026-06-16 04:14:53,390 [WARN] PackLoader:240 - Cannot read IP mode file for STMicroelectronics.X-CUBE-NFC6.3.1.0
2026-06-16 04:14:53,409 [WARN] PackLoader:240 - Cannot read IP mode file for STMicroelectronics.X-CUBE-ALGOBUILD.1.5.0
2026-06-16 04:14:53,429 [WARN] PackLoader:240 - Cannot read IP mode file for STMicroelectronics.X-CUBE-DPower.1.2.0
2026-06-16 04:14:53,439 [ERROR] Engine:466 - C:\Users\USER\.stm32cubemx\thirdparties\pdsc\STMicroelectronics.eDS-WB_DPC_VIENNA.1.2.0.pdsc: PDSC version is not supported
2026-06-16 04:14:53,459 [ERROR] Engine:466 - C:\Users\USER\.stm32cubemx\thirdparties\pdsc\STMicroelectronics.eDS-WB_DPC_3PH2L-BIDIR.1.1.1.pdsc: PDSC version is not supported
2026-06-16 04:14:53,479 [WARN] PackLoader:240 - Cannot read IP mode file for STMicroelectronics.X-CUBE-AI.9.0.0
2026-06-16 04:14:53,503 [ERROR] Engine:466 - C:\Users\USER\.stm32cubemx\thirdparties\pdsc\STMicroelectronics.X-CUBE-ST67W61.1.3.0.pdsc: PDSC version is not supported
2026-06-16 04:14:53,539 [WARN] PackLoader:240 - Cannot read IP mode file for STMicroelectronics.X-CUBE-FREERTOS.1.3.1
2026-06-16 04:14:53,559 [WARN] PackLoader:240 - Cannot read IP mode file for STMicroelectronics.X-CUBE-FREERTOS.1.3.0
2026-06-16 04:14:53,574 [WARN] PackLoader:240 - Cannot read IP mode file for STMicroelectronics.X-CUBE-NFC7.1.0.1
2026-06-16 04:14:53,650 [WARN] PackLoader:240 - Cannot read IP mode file for STMicroelectronics.X-CUBE-TOUCHGFX.4.26.0
2026-06-16 04:14:53,819 [WARN] PackLoader:240 - Cannot read IP mode file for STMicroelectronics.X-CUBE-TOUCHGFX.4.26.1
2026-06-16 04:14:53,831 [ERROR] Engine:466 - C:\Users\USER\.stm32cubemx\thirdparties\pdsc\STMicroelectronics.FP-SNS-STAIOTCFT.1.0.0.pdsc: PDSC version is not supported
2026-06-16 04:14:53,839 [WARN] PackLoader:240 - Cannot read IP mode file for STMicroelectronics.X-CUBE-DPower.1.3.0
2026-06-16 04:14:53,879 [WARN] ConditionMgr:438 - getConditionDescription Invalid condition id : LAN8742 Phy interface Condition cause : null
2026-06-16 04:14:53,879 [WARN] PackLoader:240 - Cannot read IP mode file for STMicroelectronics.X-CUBE-AZRTOS-L4.2.0.0
2026-06-16 04:14:53,890 [WARN] ConditionMgr:1039 - genDependencies : Invalid condition id : LAN8742 Phy interface Condition cause : null
2026-06-16 04:14:53,890 [WARN] ConditionMgr:1039 - genDependencies : Invalid condition id : LAN8742 Phy interface Condition cause : null
2026-06-16 04:14:53,890 [WARN] ConditionMgr:1039 - genDependencies : Invalid condition id : LAN8742 Phy interface Condition cause : null
2026-06-16 04:14:53,911 [WARN] PackLoader:240 - Cannot read IP mode file for STMicroelectronics.X-CUBE-SFXS2LP1.4.0.0
2026-06-16 04:14:53,919 [WARN] PackLoader:240 - Cannot read IP mode file for STMicroelectronics.X-CUBE-WB05N.2.1.0
2026-06-16 04:14:53,939 [ERROR] Engine:466 - C:\Users\USER\.stm32cubemx\thirdparties\pdsc\STMicroelectronics.X-CUBE-ST67W61.1.2.0.pdsc: PDSC version is not supported
2026-06-16 04:14:53,975 [WARN] PackLoader:240 - Cannot read IP mode file for STMicroelectronics.X-CUBE-AZRTOS-H7.3.3.0
2026-06-16 04:14:53,999 [ERROR] Engine:466 - C:\Users\USER\.stm32cubemx\thirdparties\pdsc\STMicroelectronics.X-CUBE-BLEMGR.4.1.0.pdsc: PDSC version is not supported
2026-06-16 04:14:54,029 [WARN] PackLoader:240 - Cannot read IP mode file for STMicroelectronics.X-CUBE-IPS.3.0.0
2026-06-16 04:14:54,060 [WARN] ConditionMgr:438 - getConditionDescription Invalid condition id : UX DEVICE CLASS RTOS Condition cause : null
2026-06-16 04:14:54,060 [WARN] ConditionMgr:438 - getConditionDescription Invalid condition id : UX DEVICE CLASS RTOS Condition cause : null
2026-06-16 04:14:54,060 [WARN] PackLoader:240 - Cannot read IP mode file for STMicroelectronics.X-CUBE-AZRTOS-WB.2.0.0
2026-06-16 04:14:54,060 [WARN] ConditionMgr:1039 - genDependencies : Invalid condition id : UX DEVICE CLASS RTOS Condition cause : null
2026-06-16 04:14:54,060 [WARN] ConditionMgr:1039 - genDependencies : Invalid condition id : UX DEVICE CLASS RTOS Condition cause : null
2026-06-16 04:14:54,060 [WARN] ConditionMgr:1039 - genDependencies : Invalid condition id : UX DEVICE CLASS RTOS Condition cause : null
2026-06-16 04:14:54,060 [WARN] ConditionMgr:1039 - genDependencies : Invalid condition id : UX DEVICE CLASS RTOS Condition cause : null
2026-06-16 04:14:54,060 [WARN] ConditionMgr:1039 - genDependencies : Invalid condition id : UX DEVICE CLASS RTOS Condition cause : null
2026-06-16 04:14:54,079 [WARN] PackLoader:240 - Cannot read IP mode file for STMicroelectronics.X-CUBE-GNSS1.7.0.0
2026-06-16 04:14:54,104 [WARN] PackLoader:240 - Cannot read IP mode file for STMicroelectronics.X-CUBE-GNSS1.7.0.1
2026-06-16 04:14:54,119 [WARN] PackLoader:240 - Cannot read IP mode file for STMicroelectronics.X-CUBE-TOUCHGFX.4.25.0
2026-06-16 04:14:54,144 [WARN] PackLoader:240 - Cannot read IP mode file for STMicroelectronics.FP-SNS-STBOX1.2.0.0
2026-06-16 04:14:54,159 [WARN] PackLoader:240 - Cannot read IP mode file for STMicroelectronics.X-CUBE-STSE01.2.0.0
2026-06-16 04:14:54,181 [WARN] PackLoader:240 - Cannot read IP mode file for STMicroelectronics.X-CUBE-SUBG2.5.0.0
2026-06-16 04:14:54,215 [WARN] PackLoader:240 - Cannot read IP mode file for STMicroelectronics.X-CUBE-AZRTOS-H7RS.1.1.0
2026-06-16 04:14:54,244 [WARN] PackLoader:240 - Cannot read IP mode file for Cesanta.I-CUBE-Mongoose.7.13.0
2026-06-16 04:14:54,279 [WARN] PackLoader:240 - Cannot read IP mode file for STMicroelectronics.X-CUBE-AZRTOS-G4.2.0.0
2026-06-16 04:14:54,294 [WARN] PackLoader:240 - Cannot read IP mode file for STMicroelectronics.X-CUBE-NFC7.2.0.0
2026-06-16 04:14:54,310 [WARN] PackLoader:240 - Cannot read IP mode file for STMicroelectronics.X-CUBE-ISPU.2.0.0
2026-06-16 04:14:54,319 [ERROR] Engine:466 - C:\Users\USER\.stm32cubemx\thirdparties\pdsc\STMicroelectronics.X-CUBE-IPS.3.1.0.pdsc: PDSC version is not supported
2026-06-16 04:14:54,334 [WARN] PackLoader:240 - Cannot read IP mode file for STMicroelectronics.X-CUBE-ALS.1.0.2
2026-06-16 04:14:54,389 [WARN] PackLoader:240 - Cannot read IP mode file for STMicroelectronics.X-CUBE-MEMS1.10.0.0
2026-06-16 04:14:54,479 [WARN] PackLoader:240 - Cannot read IP mode file for STMicroelectronics.X-CUBE-FREERTOS.1.1.0
2026-06-16 04:14:54,499 [WARN] PackLoader:240 - Cannot read IP mode file for STMicroelectronics.X-CUBE-TOUCHGFX.4.24.2
2026-06-16 04:14:54,521 [WARN] PackLoader:240 - Cannot read IP mode file for STMicroelectronics.X-CUBE-TOUCHGFX.4.24.1
2026-06-16 04:14:54,539 [WARN] PackLoader:240 - Cannot read IP mode file for STMicroelectronics.X-CUBE-STSE01.1.0.0
2026-06-16 04:14:54,553 [WARN] PackLoader:240 - Cannot read IP mode file for wolfSSL.I-CUBE-wolfTPM.3.4.0
2026-06-16 04:14:54,579 [WARN] PackLoader:240 - Cannot read IP mode file for portGmbH.I-Cube-SoM-uGOAL.1.1.0
2026-06-16 04:14:54,590 [WARN] PackLoader:240 - Cannot read IP mode file for STMicroelectronics.X-CUBE-ALS.1.0.1
2026-06-16 04:14:54,626 [WARN] PackLoader:240 - Cannot read IP mode file for STMicroelectronics.X-CUBE-AZRTOS-H7RS.1.0.0
2026-06-16 04:14:54,642 [WARN] PackLoader:240 - Cannot read IP mode file for STMicroelectronics.FP-ATR-ASTRA1.2.0.0
2026-06-16 04:14:54,664 [WARN] PackLoader:240 - Cannot read IP mode file for STMicroelectronics.X-CUBE-TOF1.3.4.2
2026-06-16 04:14:54,782 [ERROR] Engine:466 - C:\Users\USER\.stm32cubemx\thirdparties\pdsc\STMicroelectronics.X-CUBE-TOF1.3.4.3.pdsc: PDSC version is not supported
2026-06-16 04:14:54,804 [WARN] PackLoader:240 - Cannot read IP mode file for STMicroelectronics.X-CUBE-TOF1.3.4.1
2026-06-16 04:14:54,845 [WARN] PackLoader:240 - Cannot read IP mode file for STMicroelectronics.X-CUBE-AZRTOS-H7.3.2.0
2026-06-16 04:14:54,869 [WARN] PackLoader:240 - Cannot read IP mode file for Infineon.AIROC-Wi-Fi-Bluetooth-STM32.1.6.0
2026-06-16 04:14:54,889 [WARN] PackLoader:240 - Cannot read IP mode file for wolfSSL.I-CUBE-wolfSSH.1.4.17
2026-06-16 04:14:54,889 [INFO] ThirdParty:978 - Integrity check success = true
2026-06-16 04:14:54,889 [INFO] IntegrityCheckThread:100 - exiting critical section [integrity check]
2026-06-16 04:14:54,889 [INFO] IntegrityCheckThread:103 - End integrity checks thread
2026-06-16 04:14:55,019 [INFO] Mcu:2021 - Initializing MCU STM32F411C(C-E)Ux STM32F411CEUx STM32F411CEU6
2026-06-16 04:14:57,780 [INFO] Context:663 - Trying to add GPIOservice into a context  which must be forbidden
2026-06-16 04:14:58,529 [INFO] RtosManager:555 - Registered RTOS mode: class=CMSIS, group=RTOS, mode=CMSIS_V1, owner=FREERTOS
2026-06-16 04:14:58,529 [INFO] RtosManager:555 - Registered RTOS mode: class=CMSIS, group=RTOS2, mode=CMSIS_V2, owner=FREERTOS
2026-06-16 04:14:58,529 [INFO] RtosManager:555 - Registered RTOS mode: class=RTOS, group=Core, mode=CMSIS_V1, owner=FREERTOS
2026-06-16 04:14:58,529 [INFO] RtosManager:555 - Registered RTOS mode: class=RTOS, group=Core, mode=CMSIS_V2, owner=FREERTOS
2026-06-16 04:14:58,529 [WARN] ModelIntegratedComponent:184 - Missing modes for component STMicroelectronics:FreeRTOS:0.0.1:STMicroelectronics:RTOS:FreeRTOS:Core:::10.2.0:
2026-06-16 04:14:58,544 [WARN] ModelIntegratedComponent:63 - No mode defined for component null
2026-06-16 04:14:58,544 [WARN] ModelIntegratedComponent:63 - No mode defined for component null
2026-06-16 04:14:58,544 [WARN] ModelIntegratedComponent:63 - No mode defined for component null
2026-06-16 04:14:58,544 [WARN] ModelIntegratedComponent:63 - No mode defined for component null
2026-06-16 04:14:58,544 [WARN] ModelIntegratedComponent:63 - No mode defined for component null
2026-06-16 04:14:58,544 [WARN] ModelIntegratedComponent:63 - No mode defined for component null
2026-06-16 04:14:58,544 [WARN] ModelIntegratedComponent:63 - No mode defined for component null
2026-06-16 04:14:58,544 [WARN] ModelIntegratedComponent:63 - No mode defined for component null
2026-06-16 04:14:58,544 [WARN] ModelIntegratedComponent:63 - No mode defined for component null
2026-06-16 04:14:58,544 [WARN] ModelIntegratedComponent:63 - No mode defined for component null
2026-06-16 04:14:58,544 [WARN] ModelIntegratedComponent:63 - No mode defined for component null
2026-06-16 04:14:58,544 [WARN] ModelIntegratedComponent:63 - No mode defined for component null
2026-06-16 04:14:58,544 [WARN] ModelIntegratedComponent:63 - No mode defined for component null
2026-06-16 04:14:58,544 [WARN] ModelIntegratedComponent:63 - No mode defined for component null
2026-06-16 04:14:58,544 [WARN] ModelIntegratedComponent:63 - No mode defined for component null
2026-06-16 04:14:58,544 [WARN] ModelIntegratedComponent:63 - No mode defined for component null
2026-06-16 04:14:58,544 [WARN] ModelIntegratedComponent:63 - No mode defined for component null
2026-06-16 04:14:58,544 [WARN] ModelIntegratedComponent:63 - No mode defined for component null
2026-06-16 04:14:58,544 [WARN] ModelIntegratedComponent:63 - No mode defined for component null
2026-06-16 04:14:58,544 [WARN] ModelIntegratedComponent:63 - No mode defined for component null
2026-06-16 04:14:58,544 [WARN] ModelIntegratedComponent:63 - No mode defined for component null
2026-06-16 04:14:58,544 [WARN] ModelIntegratedComponent:63 - No mode defined for component null
2026-06-16 04:14:58,544 [WARN] ModelIntegratedComponent:63 - No mode defined for component null
2026-06-16 04:14:58,544 [WARN] ModelIntegratedComponent:63 - No mode defined for component null
2026-06-16 04:14:58,544 [WARN] ModelIntegratedComponent:63 - No mode defined for component null
2026-06-16 04:14:58,544 [WARN] ModelIntegratedComponent:63 - No mode defined for component null
2026-06-16 04:14:58,544 [WARN] ModelIntegratedComponent:63 - No mode defined for component null
2026-06-16 04:14:58,544 [WARN] ModelIntegratedComponent:63 - No mode defined for component null
2026-06-16 04:14:58,544 [WARN] ModelIntegratedComponent:63 - No mode defined for component null
2026-06-16 04:14:58,544 [WARN] ModelIntegratedComponent:63 - No mode defined for component null
2026-06-16 04:14:58,544 [WARN] ModelIntegratedComponent:63 - No mode defined for component null
2026-06-16 04:14:58,544 [WARN] ModelIntegratedComponent:63 - No mode defined for component null
2026-06-16 04:14:58,544 [WARN] ModelIntegratedComponent:63 - No mode defined for component null
2026-06-16 04:14:58,544 [WARN] ModelIntegratedComponent:63 - No mode defined for component null
2026-06-16 04:14:58,645 [WARN] ModelIntegratedComponent:182 - Modes not found for component STMicroelectronics:USB_DEVICE:1.0.0:STMicroelectronics:USB::USB Device:Audio HS::1.0:USB_DEVICE_1_0_RESTRICTED_HS
2026-06-16 04:14:58,645 [WARN] ModelIntegratedComponent:188 - Modes not found for component STMicroelectronics:USB_DEVICE:1.0.0:STMicroelectronics:USB::USB Device:Audio HS::1.0:USB_DEVICE_1_0_RESTRICTED_HS
2026-06-16 04:14:58,645 [WARN] ModelIntegratedComponent:182 - Modes not found for component STMicroelectronics:USB_DEVICE:1.0.0:STMicroelectronics:USB::USB Device:CDC HS::1.0:USB_DEVICE_1_0_RESTRICTED_HS
2026-06-16 04:14:58,645 [WARN] ModelIntegratedComponent:188 - Modes not found for component STMicroelectronics:USB_DEVICE:1.0.0:STMicroelectronics:USB::USB Device:CDC HS::1.0:USB_DEVICE_1_0_RESTRICTED_HS
2026-06-16 04:14:58,645 [WARN] ModelIntegratedComponent:182 - Modes not found for component STMicroelectronics:USB_DEVICE:1.0.0:STMicroelectronics:USB::USB Device:DFU HS::1.0:USB_DEVICE_1_0_RESTRICTED_HS
2026-06-16 04:14:58,646 [WARN] ModelIntegratedComponent:188 - Modes not found for component STMicroelectronics:USB_DEVICE:1.0.0:STMicroelectronics:USB::USB Device:DFU HS::1.0:USB_DEVICE_1_0_RESTRICTED_HS
2026-06-16 04:14:58,646 [WARN] ModelIntegratedComponent:182 - Modes not found for component STMicroelectronics:USB_DEVICE:1.0.0:STMicroelectronics:USB::USB Device:HID HS::1.0:USB_DEVICE_1_0_RESTRICTED_HS
2026-06-16 04:14:58,646 [WARN] ModelIntegratedComponent:188 - Modes not found for component STMicroelectronics:USB_DEVICE:1.0.0:STMicroelectronics:USB::USB Device:HID HS::1.0:USB_DEVICE_1_0_RESTRICTED_HS
2026-06-16 04:14:58,646 [WARN] ModelIntegratedComponent:182 - Modes not found for component STMicroelectronics:USB_DEVICE:1.0.0:STMicroelectronics:USB::USB Device:Custom HID HS::1.0:USB_DEVICE_1_0_RESTRICTED_HS
2026-06-16 04:14:58,646 [WARN] ModelIntegratedComponent:188 - Modes not found for component STMicroelectronics:USB_DEVICE:1.0.0:STMicroelectronics:USB::USB Device:Custom HID HS::1.0:USB_DEVICE_1_0_RESTRICTED_HS
2026-06-16 04:14:58,646 [WARN] ModelIntegratedComponent:182 - Modes not found for component STMicroelectronics:USB_DEVICE:1.0.0:STMicroelectronics:USB::USB Device:MSC HS::1.0:USB_DEVICE_1_0_RESTRICTED_HS
2026-06-16 04:14:58,646 [WARN] ModelIntegratedComponent:188 - Modes not found for component STMicroelectronics:USB_DEVICE:1.0.0:STMicroelectronics:USB::USB Device:MSC HS::1.0:USB_DEVICE_1_0_RESTRICTED_HS
2026-06-16 04:14:58,753 [WARN] ModelIntegratedComponent:182 - Modes not found for component STMicroelectronics:USB_HOST:1.0.0:STMicroelectronics:USB::USB Host:Audio HS::1.0:USB_HOST_1_0_RESTRICTED_HS
2026-06-16 04:14:58,753 [WARN] ModelIntegratedComponent:188 - Modes not found for component STMicroelectronics:USB_HOST:1.0.0:STMicroelectronics:USB::USB Host:Audio HS::1.0:USB_HOST_1_0_RESTRICTED_HS
2026-06-16 04:14:58,753 [WARN] ModelIntegratedComponent:182 - Modes not found for component STMicroelectronics:USB_HOST:1.0.0:STMicroelectronics:USB::USB Host:CDC HS::1.0:USB_HOST_1_0_RESTRICTED_HS
2026-06-16 04:14:58,753 [WARN] ModelIntegratedComponent:188 - Modes not found for component STMicroelectronics:USB_HOST:1.0.0:STMicroelectronics:USB::USB Host:CDC HS::1.0:USB_HOST_1_0_RESTRICTED_HS
2026-06-16 04:14:58,753 [WARN] ModelIntegratedComponent:182 - Modes not found for component STMicroelectronics:USB_HOST:1.0.0:STMicroelectronics:USB::USB Host:MSC HS::1.0:USB_HOST_1_0_RESTRICTED_HS
2026-06-16 04:14:58,753 [WARN] ModelIntegratedComponent:188 - Modes not found for component STMicroelectronics:USB_HOST:1.0.0:STMicroelectronics:USB::USB Host:MSC HS::1.0:USB_HOST_1_0_RESTRICTED_HS
2026-06-16 04:14:58,753 [WARN] ModelIntegratedComponent:182 - Modes not found for component STMicroelectronics:USB_HOST:1.0.0:STMicroelectronics:USB::USB Host:HID HS::1.0:USB_HOST_1_0_RESTRICTED_HS
2026-06-16 04:14:58,753 [WARN] ModelIntegratedComponent:188 - Modes not found for component STMicroelectronics:USB_HOST:1.0.0:STMicroelectronics:USB::USB Host:HID HS::1.0:USB_HOST_1_0_RESTRICTED_HS
2026-06-16 04:14:58,753 [WARN] ModelIntegratedComponent:182 - Modes not found for component STMicroelectronics:USB_HOST:1.0.0:STMicroelectronics:USB::USB Host:MTP HS::1.0:USB_HOST_1_0_RESTRICTED_HS
2026-06-16 04:14:58,753 [WARN] ModelIntegratedComponent:188 - Modes not found for component STMicroelectronics:USB_HOST:1.0.0:STMicroelectronics:USB::USB Host:MTP HS::1.0:USB_HOST_1_0_RESTRICTED_HS
2026-06-16 04:14:58,899 [INFO] ThirdPartyModel:298 - Start build external matchings
2026-06-16 04:15:00,706 [INFO] ThirdPartyModel:316 - End build external matchings
2026-06-16 04:15:00,761 [INFO] RtosManager:919 - Current active RTOS is FREERTOS [Cortex-M4NS]
2026-06-16 04:15:00,770 [INFO] ImportTextPane:194 - (OptionalMessage_ERROR) IP (DMA) : Parameter (Instance) has Id (USART1_RX) currently not set
2026-06-16 04:15:00,770 [INFO] ImportTextPane:194 - (OptionalMessage_ERROR) IP (DMA) : Parameter (Channel) has Id (USART1_RX) currently not set
2026-06-16 04:15:00,770 [INFO] ImportTextPane:194 - (OptionalMessage_ERROR) IP (DMA) : Parameter (Direction) has Id (USART1_RX) currently not set
2026-06-16 04:15:00,770 [INFO] ImportTextPane:194 - (OptionalMessage_ERROR) IP (DMA) : Parameter (PeriphInc) has Id (USART1_RX) currently not set
2026-06-16 04:15:00,770 [INFO] ImportTextPane:194 - (OptionalMessage_ERROR) IP (DMA) : Parameter (MemInc) has Id (USART1_RX) currently not set
2026-06-16 04:15:00,770 [INFO] ImportTextPane:194 - (OptionalMessage_ERROR) IP (DMA) : Parameter (PeriphDataAlignment) has Id (USART1_RX) currently not set
2026-06-16 04:15:00,770 [INFO] ImportTextPane:194 - (OptionalMessage_ERROR) IP (DMA) : Parameter (MemDataAlignment) has Id (USART1_RX) currently not set
2026-06-16 04:15:00,770 [INFO] ImportTextPane:194 - (OptionalMessage_ERROR) IP (DMA) : Parameter (Mode) has Id (USART1_RX) currently not set
2026-06-16 04:15:00,770 [INFO] ImportTextPane:194 - (OptionalMessage_ERROR) IP (DMA) : Parameter (Priority) has Id (USART1_RX) currently not set
2026-06-16 04:15:00,770 [INFO] ImportTextPane:194 - (OptionalMessage_ERROR) IP (DMA) : Parameter (FIFOMode) has Id (USART1_RX) currently not set
2026-06-16 04:15:00,770 [INFO] ImportTextPane:194 - (OptionalMessage_ERROR) IP (DMA) : Parameter (Instance) has Id (USART1_TX) currently not set
2026-06-16 04:15:00,770 [INFO] ImportTextPane:194 - (OptionalMessage_ERROR) IP (DMA) : Parameter (Channel) has Id (USART1_TX) currently not set
2026-06-16 04:15:00,770 [INFO] ImportTextPane:194 - (OptionalMessage_ERROR) IP (DMA) : Parameter (Direction) has Id (USART1_TX) currently not set
2026-06-16 04:15:00,770 [INFO] ImportTextPane:194 - (OptionalMessage_ERROR) IP (DMA) : Parameter (PeriphInc) has Id (USART1_TX) currently not set
2026-06-16 04:15:00,770 [INFO] ImportTextPane:194 - (OptionalMessage_ERROR) IP (DMA) : Parameter (MemInc) has Id (USART1_TX) currently not set
2026-06-16 04:15:00,770 [INFO] ImportTextPane:194 - (OptionalMessage_ERROR) IP (DMA) : Parameter (PeriphDataAlignment) has Id (USART1_TX) currently not set
2026-06-16 04:15:00,770 [INFO] ImportTextPane:194 - (OptionalMessage_ERROR) IP (DMA) : Parameter (MemDataAlignment) has Id (USART1_TX) currently not set
2026-06-16 04:15:00,770 [INFO] ImportTextPane:194 - (OptionalMessage_ERROR) IP (DMA) : Parameter (Mode) has Id (USART1_TX) currently not set
2026-06-16 04:15:00,770 [INFO] ImportTextPane:194 - (OptionalMessage_ERROR) IP (DMA) : Parameter (Priority) has Id (USART1_TX) currently not set
2026-06-16 04:15:00,770 [INFO] ImportTextPane:194 - (OptionalMessage_ERROR) IP (DMA) : Parameter (FIFOMode) has Id (USART1_TX) currently not set
2026-06-16 04:15:00,770 [INFO] ImportTextPane:194 - (OptionalMessage_ERROR) IP (DMA) : Parameter (Instance) has Id (ADC1) currently not set
2026-06-16 04:15:00,770 [INFO] ImportTextPane:194 - (OptionalMessage_ERROR) IP (DMA) : Parameter (Channel) has Id (ADC1) currently not set
2026-06-16 04:15:00,770 [INFO] ImportTextPane:194 - (OptionalMessage_ERROR) IP (DMA) : Parameter (Direction) has Id (ADC1) currently not set
2026-06-16 04:15:00,770 [INFO] ImportTextPane:194 - (OptionalMessage_ERROR) IP (DMA) : Parameter (PeriphInc) has Id (ADC1) currently not set
2026-06-16 04:15:00,770 [INFO] ImportTextPane:194 - (OptionalMessage_ERROR) IP (DMA) : Parameter (MemInc) has Id (ADC1) currently not set
2026-06-16 04:15:00,770 [INFO] ImportTextPane:194 - (OptionalMessage_ERROR) IP (DMA) : Parameter (PeriphDataAlignment) has Id (ADC1) currently not set
2026-06-16 04:15:00,770 [INFO] ImportTextPane:194 - (OptionalMessage_ERROR) IP (DMA) : Parameter (MemDataAlignment) has Id (ADC1) currently not set
2026-06-16 04:15:00,770 [INFO] ImportTextPane:194 - (OptionalMessage_ERROR) IP (DMA) : Parameter (Mode) has Id (ADC1) currently not set
2026-06-16 04:15:00,770 [INFO] ImportTextPane:194 - (OptionalMessage_ERROR) IP (DMA) : Parameter (Priority) has Id (ADC1) currently not set
2026-06-16 04:15:00,770 [INFO] ImportTextPane:194 - (OptionalMessage_ERROR) IP (DMA) : Parameter (FIFOMode) has Id (ADC1) currently not set
2026-06-16 04:15:00,779 [INFO] ImportTextPane:194 - (OptionalMessage_ERROR) IP (RCC) : Parameter (RTCHSEDivFreq_Value) has invalid value (12500000)
2026-06-16 04:15:01,409 [INFO] ApiDb:581 - Connected to CubeFinder SQLite database (C:\Users\USER\.stmcufinder\plugins\mcufinder\mcu\cube-finder-db.db)
2026-06-16 04:15:02,349 [INFO] ApiDb:668 - CubeFinder database Data Model version=2.1
2026-06-16 04:15:02,349 [INFO] ApiDb:669 - CubeFinder database Configuration version=3.0.39
2026-06-16 04:15:02,349 [INFO] ApiDb:670 - CubeFinder database generation date=2025-12-22 (1766407740)
2026-06-16 04:15:02,349 [INFO] ApiDb:671 - CubeFinder database FW Pack versions=[FP-ATR-ASTRA1_V2.0.0, FP-SNS-FLIGHT1_V5.1.0, FP-SNS-MOTENV1_V5.1.0, FP-SNS-MOTENVWB1_V1.4.0, FP-SNS-SMARTAG2_V1.2.0, FP-SNS-STBOX1_V2.1.0, STM32Cube_FW_C0_V1.4.0, STM32Cube_FW_F4_V1.28.3, STM32Cube_FW_F7_V1.17.4, STM32Cube_FW_G0_V1.6.2, STM32Cube_FW_G4_V1.6.1, STM32Cube_FW_H5_V1.5.1, STM32Cube_FW_H7RS_V1.3.0, STM32Cube_FW_H7_V1.12.1, STM32Cube_FW_L0_V1.12.2, STM32Cube_FW_L4_V1.18.1, STM32Cube_FW_L5_V1.6.0, STM32Cube_FW_N6_V1.3.0, STM32Cube_FW_U0_V1.3.0, STM32Cube_FW_U3_V1.2.1, STM32Cube_FW_U5_V1.8.0, STM32Cube_FW_WB0_V1.4.0, STM32Cube_FW_WBA_V1.8.0, STM32Cube_FW_WB_V1.24.0, STM32Cube_FW_WL3_V1.3.0, STM32Cube_FW_WL_V1.4.0, X-CUBE-ALGOBUILD_V1.4.0, X-CUBE-ALS_V1.0.2, X-CUBE-AZRTOS-F4_V1.1.0, X-CUBE-AZRTOS-F7_V1.1.0, X-CUBE-AZRTOS-G0_V1.1.0, X-CUBE-AZRTOS-G4_V2.0.0, X-CUBE-AZRTOS-H7RS_V1.1.0, X-CUBE-AZRTOS-H7_V3.4.0, X-CUBE-AZRTOS-L4_V2.0.0, X-CUBE-AZRTOS-L5_V2.0.0, X-CUBE-AZRTOS-WB_V2.0.0, X-CUBE-AZRTOS-WL_V2.0.0, X-CUBE-BLE1_V7.1.0, X-CUBE-BLE2_V3.3.0, X-CUBE-BLEMGR_V4.1.0, X-CUBE-EEPRMA1_V5.2.0, X-CUBE-FREERTOS_V1.3.1, X-CUBE-GNSS1_V6.0.0, X-CUBE-MEMS1_V12.0.0, X-CUBE-NFC4_V3.0.0, X-CUBE-NFC7_V2.0.0, X-CUBE-SFXS2LP1_V4.0.0, X-CUBE-ST67W61_V1.1.0, X-CUBE-SUBG2_V5.0.0, X-CUBE-TOF1_V3.4.3]
2026-06-16 04:15:02,820 [INFO] DbBoardsSqlite:226 - include board P-NUCLEO-WB55-NUCLEO as a kit item of type 'Nucleo-64'
2026-06-16 04:15:02,820 [INFO] DbBoardsSqlite:226 - include board P-NUCLEO-WB55-USBDONGLE as a kit item of type 'Nucleo USB Dongle'
2026-06-16 04:15:02,825 [INFO] DbBoardsSqlite:226 - include board STEVAL-IDP005V1 as a kit item of type 'Evaluation Board'
2026-06-16 04:15:02,825 [INFO] DbBoardsSqlite:226 - include board STEVAL-IDP005V2 as a kit item of type 'Evaluation Board'
2026-06-16 04:15:05,510 [INFO] ApiDb:240 - Found 483 in-development CPN: [B-G473E-ZEST1S, B-WB1M-WPAN1, B-WL5M-SUBG1, NUCLEO-C031C6, NUCLEO-H503RB, NUCLEO-H533RE, NUCLEO-H563ZI, NUCLEO-H7S3L8, NUCLEO-U031R8, NUCLEO-U083RC, NUCLEO-U545RE-Q, NUCLEO-U5A5ZJ-Q, NUCLEO-WBA52CG, NUCLEO-WBA55CG, STEVAL-PROTEUS1, STEVAL-SMARTAG2, STEVAL-STWINBX1, STM320518-EVAL, STM32C0116-DK, STM32C011D6Y3TR, STM32C011D6Y6TR, STM32C011F4P3, STM32C011F4P6, STM32C011F4U3, STM32C011F4U6TR, STM32C011F6P3, STM32C011F6P6, STM32C011F6U3, STM32C011F6U6TR, STM32C011J4M3, STM32C011J4M6, STM32C011J6M3, STM32C011J6M6, STM32C0316-DK, STM32C031C4T3, STM32C031C4T6, STM32C031C4U3, STM32C031C4U6, STM32C031C6T3, STM32C031C6T6, STM32C031C6U3, STM32C031C6U6, STM32C031F4P3, STM32C031F4P6, STM32C031F6P3, STM32C031F6P6, STM32C031G4U3, STM32C031G4U6, STM32C031G6U3, STM32C031G6U6, STM32C031K4T3, STM32C031K4T6, STM32C031K4U3, STM32C031K4U6, STM32C031K6T3, STM32C031K6T6, STM32C031K6U3, STM32C031K6U6, STM32G071K8TXN, STM32G071K8UXN, STM32G081GBU6N, STM32G081KBT6N, STM32G081KBUXN, STM32G0B1CCT6N, STM32G0B1KCT6, STM32G0B1NEY6TR, STM32G0B1RCT6N, STM32G0C1CCT6, STM32G0C1CCT6N, STM32G0C1CCU6N, STM32G0C1CET6N, STM32G0C1CEU6N, STM32G0C1KCT6, STM32G0C1NEY6TR, STM32G0C1RCI6N, STM32G0C1RCT6N, STM32G0C1REI6N, STM32G0C1RET6N, STM32G0C1VCI6, STM32G0C1VEI6, STM32G471CCT6, STM32G471CCU6, STM32G471CET3, STM32G471CET6, STM32G471CEU3, STM32G471CEU6, STM32G471MCT6, STM32G471MET3, STM32G471MET6, STM32G471MEY6TR, STM32G471QCT6, STM32G471QET3, STM32G471RCT6, STM32G471RET3, STM32G471RET6, STM32G471VCH6, STM32G471VCI6, STM32G471VCT6, STM32G471VEH3, STM32G471VEH6, STM32G471VEI3, STM32G471VEI6, STM32G471VET3, STM32G471VET6, STM32G474CCT6, STM32H503CBT6, STM32H503CBU6, STM32H503EBY6TR, STM32H503KBU6, STM32H503RBT6, STM32H523CCT6, STM32H523CCU6, STM32H523CET6, STM32H523CEU6, STM32H523HEY6TR, STM32H523RCT6, STM32H523RET6, STM32H523VCI6, STM32H523VCT6, STM32H523VEI6, STM32H523VET6, STM32H523ZCJ6, STM32H523ZCT6, STM32H523ZEJ6, STM32H523ZET6, STM32H533CET6, STM32H533CEU6, STM32H533HEY6TR, STM32H533RET6, STM32H533VEI6, STM32H533VET6, STM32H533ZEJ6, STM32H533ZET6, STM32H562AGI6, STM32H562AII6, STM32H562IGK6, STM32H562IGT6, STM32H562IIK6, STM32H562IIT6, STM32H562RGT6, STM32H562RGV6, STM32H562RIT6, STM32H562RIV6, STM32H562VGT6, STM32H562VIT6, STM32H562ZGT6, STM32H562ZIT6, STM32H563AGI6, STM32H563AII3Q, STM32H563AII6, STM32H563IGK6, STM32H563IGT6, STM32H563IIK3Q, STM32H563IIK6, STM32H563IIT3Q, STM32H563IIT6, STM32H563MIY3QTR, STM32H563RGT6, STM32H563RGV6, STM32H563RIT6, STM32H563RIV6, STM32H563VGT6, STM32H563VIT3Q, STM32H563VIT6, STM32H563ZGT6, STM32H563ZIT3Q, STM32H563ZIT6, STM32H573AII3Q, STM32H573AII6, STM32H573I-DK, STM32H573IIK3Q, STM32H573IIK6, STM32H573IIT3Q, STM32H573IIT6, STM32H573MIY3QTR, STM32H573RIT6, STM32H573RIV6, STM32H573VIT3Q, STM32H573VIT6, STM32H573ZIT3Q, STM32H573ZIT6, STM32H7R3A8I6, STM32H7R3I8K6, STM32H7R3I8T6, STM32H7R3L8H6, STM32H7R3L8H6H, STM32H7R3R8V6, STM32H7R3V8H6, STM32H7R3V8T6, STM32H7R3V8Y6, STM32H7R3Z8J6, STM32H7R3Z8T6, STM32H7R7A8I6, STM32H7R7I8K6, STM32H7R7I8T6, STM32H7R7L8H6, STM32H7R7L8H6H, STM32H7R7Z8J6, STM32H7S3A8I6, STM32H7S3I8K6, STM32H7S3I8T6, STM32H7S3L8H6, STM32H7S3L8H6H, STM32H7S3R8V6, STM32H7S3V8H6, STM32H7S3V8T6, STM32H7S3V8Y6, STM32H7S3Z8J6, STM32H7S3Z8T6, STM32H7S78-DK, STM32H7S7A8I6, STM32H7S7I8K6, STM32H7S7I8T6, STM32H7S7L8H6, STM32H7S7L8H6H, STM32H7S7Z8J6, STM32L4R5QGI6STR, STM32MP131AAE3, STM32MP131AAF3, STM32MP131AAG3, STM32MP131CAE3, STM32MP131CAF3, STM32MP131CAG3, STM32MP131DAE7, STM32MP131DAF7, STM32MP131DAG7, STM32MP131FAE7, STM32MP131FAF7, STM32MP131FAG7, STM32MP133AAE3, STM32MP133AAF3, STM32MP133AAG3, STM32MP133CAE3, STM32MP133CAF3, STM32MP133CAG3, STM32MP133DAE7, STM32MP133DAF7, STM32MP133DAG7, STM32MP133FAE7, STM32MP133FAF7, STM32MP133FAG7, STM32MP135AAE3, STM32MP135AAF3, STM32MP135AAG3, STM32MP135CAE3, STM32MP135CAF3, STM32MP135CAG3, STM32MP135DAE7, STM32MP135DAF7, STM32MP135DAG7, STM32MP135F-DK, STM32MP135FAE7, STM32MP135FAF7, STM32MP135FAF7T, STM32MP135FAF7U, STM32MP135FAG7, STM32U031C6T6, STM32U031C6U6, STM32U031C8T6, STM32U031C8U6, STM32U031F4P6, STM32U031F6P6, STM32U031F8P6, STM32U031G6Y6TR, STM32U031G8Y6TR, STM32U031K4U6, STM32U031K6U6, STM32U031K8U6, STM32U031R6I6, STM32U031R6T6, STM32U031R8I6, STM32U031R8T6, STM32U073C8T6, STM32U073C8U6, STM32U073CBT6, STM32U073CBU6, STM32U073CCT6, STM32U073CCU6, STM32U073H8Y6TR, STM32U073HBY6TR, STM32U073HCY6TR, STM32U073K8U6, STM32U073KBU6, STM32U073KCU6, STM32U073M8I6, STM32U073M8T6, STM32U073MBI6, STM32U073MBT6, STM32U073MCI6, STM32U073MCT6, STM32U073R8I6, STM32U073R8T6, STM32U073RBI6, STM32U073RBT6, STM32U073RCI6, STM32U073RCT6, STM32U083C-DK, STM32U083CCT6, STM32U083CCU6, STM32U083HCY6TR, STM32U083KCU6, STM32U083MCI6, STM32U083MCT6, STM32U083RCI6, STM32U083RCT6, STM32U535CBT6, STM32U535CBT6Q, STM32U535CBU6, STM32U535CBU6Q, STM32U535CCT6, STM32U535CCT6Q, STM32U535CCU6, STM32U535CCU6Q, STM32U535CET6, STM32U535CET6Q, STM32U535CEU6, STM32U535CEU6Q, STM32U535JEY6QTR, STM32U535NCY6QTR, STM32U535NEY6QTR, STM32U535RBI6, STM32U535RBI6Q, STM32U535RBT6, STM32U535RBT6Q, STM32U535RCI6, STM32U535RCI6Q, STM32U535RCT6, STM32U535RCT6Q, STM32U535REI6, STM32U535REI6Q, STM32U535RET6, STM32U535RET6Q, STM32U535VCI6, STM32U535VCI6Q, STM32U535VCT6, STM32U535VCT6Q, STM32U535VEI6, STM32U535VEI6Q, STM32U535VET6, STM32U535VET6Q, STM32U545CET6, STM32U545CET6Q, STM32U545CEU6, STM32U545CEU6Q, STM32U545JEY6QTR, STM32U545NEY6QTR, STM32U545REI6, STM32U545REI6Q, STM32U545RET6, STM32U545RET6Q, STM32U545VEI6, STM32U545VEI6Q, STM32U545VET6, STM32U545VET6Q, STM32U595AIH6, STM32U595AIH6Q, STM32U595AJH6, STM32U595AJH6Q, STM32U595QII6, STM32U595QII6Q, STM32U595QJI6, STM32U595QJI6Q, STM32U595RIT6, STM32U595RIT6Q, STM32U595RJT6, STM32U595RJT6Q, STM32U595VIT6, STM32U595VIT6Q, STM32U595VJT6, STM32U595VJT6Q, STM32U595ZIT6, STM32U595ZIT6Q, STM32U595ZIY6QTR, STM32U595ZJT6, STM32U595ZJT6Q, STM32U595ZJY6QTR, STM32U599BJY6QTR, STM32U599NIH6Q, STM32U599NJH6Q, STM32U599VIT6Q, STM32U599VJT6, STM32U599VJT6Q, STM32U599ZIT6Q, STM32U599ZIY6QTR, STM32U599ZJT6Q, STM32U599ZJY6QTR, STM32U5A5AJH6, STM32U5A5AJH6Q, STM32U5A5QII3Q , STM32U5A5QJI6, STM32U5A5QJI6Q, STM32U5A5RJT6, STM32U5A5RJT6Q, STM32U5A5VJT6, STM32U5A5VJT6Q, STM32U5A5ZJT6, STM32U5A5ZJT6Q, STM32U5A5ZJY6QTR, STM32U5A9BJY6QTR, STM32U5A9J-DK, STM32U5A9NJH6Q, STM32U5A9VJT6Q, STM32U5A9ZJT6Q, STM32U5A9ZJY6QTR, STM32U5F7VIT6, STM32U5F7VIT6Q, STM32U5F7VJT6, STM32U5F7VJT6Q, STM32U5F9BJY6QTR, STM32U5F9NJH6Q, STM32U5F9VIT6Q, STM32U5F9VJT6Q, STM32U5F9ZIJ6QTR, STM32U5F9ZIT6Q, STM32U5F9ZJJ6QTR, STM32U5F9ZJT6Q, STM32U5G7VJT6, STM32U5G7VJT6Q, STM32U5G9BJY6QTR, STM32U5G9J-DK1, STM32U5G9J-DK2, STM32U5G9NJH6Q, STM32U5G9VJT6Q, STM32U5G9ZJJ6QTR, STM32U5G9ZJT6Q, STM32WB1MMCH6, STM32WBA50KEU6, STM32WBA50KEU6TR, STM32WBA50KGU6, STM32WBA50KGU6TR, STM32WBA52CEU6, STM32WBA52CEU6TR, STM32WBA52CEU7, STM32WBA52CEU7TR, STM32WBA52CGU6, STM32WBA52CGU6TR, STM32WBA52CGU6U, STM32WBA52CGU7, STM32WBA52CGU7TR, STM32WBA52KEU6, STM32WBA52KEU6TR, STM32WBA52KGU6, STM32WBA52KGU6TR, STM32WBA54CEU6, STM32WBA54CEU6TR, STM32WBA54CEU7, STM32WBA54CEU7TR, STM32WBA54CGU6, STM32WBA54CGU6TR, STM32WBA54CGU7, STM32WBA54CGU7TR, STM32WBA54KEU6, STM32WBA54KEU6TR, STM32WBA54KEU7, STM32WBA54KEU7TR, STM32WBA54KGU6, STM32WBA54KGU6TR, STM32WBA54KGU7, STM32WBA54KGU7TR, STM32WBA55CEU6, STM32WBA55CEU6TR, STM32WBA55CEU7, STM32WBA55CEU7TR, STM32WBA55CGU6, STM32WBA55CGU6TR, STM32WBA55CGU6U, STM32WBA55CGU7, STM32WBA55CGU7TR, STM32WBA55G-DK1, STM32WBA55HEF6, STM32WBA55HEF7, STM32WBA55HGF6, STM32WBA55HGF7, STM32WBA55UEI6, STM32WBA55UEI6TR, STM32WBA55UEI7, STM32WBA55UEI7TR, STM32WBA55UGI6, STM32WBA55UGI6TR, STM32WBA55UGI7, STM32WBA55UGI7TR, STM32WL5MOCH6, STM32WL5MOCH6TR]
2026-06-16 04:15:05,511 [INFO] ApiDb:668 - CubeFinder database Data Model version=2.1
2026-06-16 04:15:05,511 [INFO] ApiDb:669 - CubeFinder database Configuration version=3.0.39
2026-06-16 04:15:05,511 [INFO] ApiDb:670 - CubeFinder database generation date=2025-12-22 (1766407740)
2026-06-16 04:15:05,511 [INFO] ApiDb:671 - CubeFinder database FW Pack versions=[FP-ATR-ASTRA1_V2.0.0, FP-SNS-FLIGHT1_V5.1.0, FP-SNS-MOTENV1_V5.1.0, FP-SNS-MOTENVWB1_V1.4.0, FP-SNS-SMARTAG2_V1.2.0, FP-SNS-STBOX1_V2.1.0, STM32Cube_FW_C0_V1.4.0, STM32Cube_FW_F4_V1.28.3, STM32Cube_FW_F7_V1.17.4, STM32Cube_FW_G0_V1.6.2, STM32Cube_FW_G4_V1.6.1, STM32Cube_FW_H5_V1.5.1, STM32Cube_FW_H7RS_V1.3.0, STM32Cube_FW_H7_V1.12.1, STM32Cube_FW_L0_V1.12.2, STM32Cube_FW_L4_V1.18.1, STM32Cube_FW_L5_V1.6.0, STM32Cube_FW_N6_V1.3.0, STM32Cube_FW_U0_V1.3.0, STM32Cube_FW_U3_V1.2.1, STM32Cube_FW_U5_V1.8.0, STM32Cube_FW_WB0_V1.4.0, STM32Cube_FW_WBA_V1.8.0, STM32Cube_FW_WB_V1.24.0, STM32Cube_FW_WL3_V1.3.0, STM32Cube_FW_WL_V1.4.0, X-CUBE-ALGOBUILD_V1.4.0, X-CUBE-ALS_V1.0.2, X-CUBE-AZRTOS-F4_V1.1.0, X-CUBE-AZRTOS-F7_V1.1.0, X-CUBE-AZRTOS-G0_V1.1.0, X-CUBE-AZRTOS-G4_V2.0.0, X-CUBE-AZRTOS-H7RS_V1.1.0, X-CUBE-AZRTOS-H7_V3.4.0, X-CUBE-AZRTOS-L4_V2.0.0, X-CUBE-AZRTOS-L5_V2.0.0, X-CUBE-AZRTOS-WB_V2.0.0, X-CUBE-AZRTOS-WL_V2.0.0, X-CUBE-BLE1_V7.1.0, X-CUBE-BLE2_V3.3.0, X-CUBE-BLEMGR_V4.1.0, X-CUBE-EEPRMA1_V5.2.0, X-CUBE-FREERTOS_V1.3.1, X-CUBE-GNSS1_V6.0.0, X-CUBE-MEMS1_V12.0.0, X-CUBE-NFC4_V3.0.0, X-CUBE-NFC7_V2.0.0, X-CUBE-SFXS2LP1_V4.0.0, X-CUBE-ST67W61_V1.1.0, X-CUBE-SUBG2_V5.0.0, X-CUBE-TOF1_V3.4.3]
2026-06-16 04:15:08,313 [INFO] ApiDb:240 - Found 483 in-development CPN: [B-G473E-ZEST1S, B-WB1M-WPAN1, B-WL5M-SUBG1, NUCLEO-C031C6, NUCLEO-H503RB, NUCLEO-H533RE, NUCLEO-H563ZI, NUCLEO-H7S3L8, NUCLEO-U031R8, NUCLEO-U083RC, NUCLEO-U545RE-Q, NUCLEO-U5A5ZJ-Q, NUCLEO-WBA52CG, NUCLEO-WBA55CG, STEVAL-PROTEUS1, STEVAL-SMARTAG2, STEVAL-STWINBX1, STM320518-EVAL, STM32C0116-DK, STM32C011D6Y3TR, STM32C011D6Y6TR, STM32C011F4P3, STM32C011F4P6, STM32C011F4U3, STM32C011F4U6TR, STM32C011F6P3, STM32C011F6P6, STM32C011F6U3, STM32C011F6U6TR, STM32C011J4M3, STM32C011J4M6, STM32C011J6M3, STM32C011J6M6, STM32C0316-DK, STM32C031C4T3, STM32C031C4T6, STM32C031C4U3, STM32C031C4U6, STM32C031C6T3, STM32C031C6T6, STM32C031C6U3, STM32C031C6U6, STM32C031F4P3, STM32C031F4P6, STM32C031F6P3, STM32C031F6P6, STM32C031G4U3, STM32C031G4U6, STM32C031G6U3, STM32C031G6U6, STM32C031K4T3, STM32C031K4T6, STM32C031K4U3, STM32C031K4U6, STM32C031K6T3, STM32C031K6T6, STM32C031K6U3, STM32C031K6U6, STM32G071K8TXN, STM32G071K8UXN, STM32G081GBU6N, STM32G081KBT6N, STM32G081KBUXN, STM32G0B1CCT6N, STM32G0B1KCT6, STM32G0B1NEY6TR, STM32G0B1RCT6N, STM32G0C1CCT6, STM32G0C1CCT6N, STM32G0C1CCU6N, STM32G0C1CET6N, STM32G0C1CEU6N, STM32G0C1KCT6, STM32G0C1NEY6TR, STM32G0C1RCI6N, STM32G0C1RCT6N, STM32G0C1REI6N, STM32G0C1RET6N, STM32G0C1VCI6, STM32G0C1VEI6, STM32G471CCT6, STM32G471CCU6, STM32G471CET3, STM32G471CET6, STM32G471CEU3, STM32G471CEU6, STM32G471MCT6, STM32G471MET3, STM32G471MET6, STM32G471MEY6TR, STM32G471QCT6, STM32G471QET3, STM32G471RCT6, STM32G471RET3, STM32G471RET6, STM32G471VCH6, STM32G471VCI6, STM32G471VCT6, STM32G471VEH3, STM32G471VEH6, STM32G471VEI3, STM32G471VEI6, STM32G471VET3, STM32G471VET6, STM32G474CCT6, STM32H503CBT6, STM32H503CBU6, STM32H503EBY6TR, STM32H503KBU6, STM32H503RBT6, STM32H523CCT6, STM32H523CCU6, STM32H523CET6, STM32H523CEU6, STM32H523HEY6TR, STM32H523RCT6, STM32H523RET6, STM32H523VCI6, STM32H523VCT6, STM32H523VEI6, STM32H523VET6, STM32H523ZCJ6, STM32H523ZCT6, STM32H523ZEJ6, STM32H523ZET6, STM32H533CET6, STM32H533CEU6, STM32H533HEY6TR, STM32H533RET6, STM32H533VEI6, STM32H533VET6, STM32H533ZEJ6, STM32H533ZET6, STM32H562AGI6, STM32H562AII6, STM32H562IGK6, STM32H562IGT6, STM32H562IIK6, STM32H562IIT6, STM32H562RGT6, STM32H562RGV6, STM32H562RIT6, STM32H562RIV6, STM32H562VGT6, STM32H562VIT6, STM32H562ZGT6, STM32H562ZIT6, STM32H563AGI6, STM32H563AII3Q, STM32H563AII6, STM32H563IGK6, STM32H563IGT6, STM32H563IIK3Q, STM32H563IIK6, STM32H563IIT3Q, STM32H563IIT6, STM32H563MIY3QTR, STM32H563RGT6, STM32H563RGV6, STM32H563RIT6, STM32H563RIV6, STM32H563VGT6, STM32H563VIT3Q, STM32H563VIT6, STM32H563ZGT6, STM32H563ZIT3Q, STM32H563ZIT6, STM32H573AII3Q, STM32H573AII6, STM32H573I-DK, STM32H573IIK3Q, STM32H573IIK6, STM32H573IIT3Q, STM32H573IIT6, STM32H573MIY3QTR, STM32H573RIT6, STM32H573RIV6, STM32H573VIT3Q, STM32H573VIT6, STM32H573ZIT3Q, STM32H573ZIT6, STM32H7R3A8I6, STM32H7R3I8K6, STM32H7R3I8T6, STM32H7R3L8H6, STM32H7R3L8H6H, STM32H7R3R8V6, STM32H7R3V8H6, STM32H7R3V8T6, STM32H7R3V8Y6, STM32H7R3Z8J6, STM32H7R3Z8T6, STM32H7R7A8I6, STM32H7R7I8K6, STM32H7R7I8T6, STM32H7R7L8H6, STM32H7R7L8H6H, STM32H7R7Z8J6, STM32H7S3A8I6, STM32H7S3I8K6, STM32H7S3I8T6, STM32H7S3L8H6, STM32H7S3L8H6H, STM32H7S3R8V6, STM32H7S3V8H6, STM32H7S3V8T6, STM32H7S3V8Y6, STM32H7S3Z8J6, STM32H7S3Z8T6, STM32H7S78-DK, STM32H7S7A8I6, STM32H7S7I8K6, STM32H7S7I8T6, STM32H7S7L8H6, STM32H7S7L8H6H, STM32H7S7Z8J6, STM32L4R5QGI6STR, STM32MP131AAE3, STM32MP131AAF3, STM32MP131AAG3, STM32MP131CAE3, STM32MP131CAF3, STM32MP131CAG3, STM32MP131DAE7, STM32MP131DAF7, STM32MP131DAG7, STM32MP131FAE7, STM32MP131FAF7, STM32MP131FAG7, STM32MP133AAE3, STM32MP133AAF3, STM32MP133AAG3, STM32MP133CAE3, STM32MP133CAF3, STM32MP133CAG3, STM32MP133DAE7, STM32MP133DAF7, STM32MP133DAG7, STM32MP133FAE7, STM32MP133FAF7, STM32MP133FAG7, STM32MP135AAE3, STM32MP135AAF3, STM32MP135AAG3, STM32MP135CAE3, STM32MP135CAF3, STM32MP135CAG3, STM32MP135DAE7, STM32MP135DAF7, STM32MP135DAG7, STM32MP135F-DK, STM32MP135FAE7, STM32MP135FAF7, STM32MP135FAF7T, STM32MP135FAF7U, STM32MP135FAG7, STM32U031C6T6, STM32U031C6U6, STM32U031C8T6, STM32U031C8U6, STM32U031F4P6, STM32U031F6P6, STM32U031F8P6, STM32U031G6Y6TR, STM32U031G8Y6TR, STM32U031K4U6, STM32U031K6U6, STM32U031K8U6, STM32U031R6I6, STM32U031R6T6, STM32U031R8I6, STM32U031R8T6, STM32U073C8T6, STM32U073C8U6, STM32U073CBT6, STM32U073CBU6, STM32U073CCT6, STM32U073CCU6, STM32U073H8Y6TR, STM32U073HBY6TR, STM32U073HCY6TR, STM32U073K8U6, STM32U073KBU6, STM32U073KCU6, STM32U073M8I6, STM32U073M8T6, STM32U073MBI6, STM32U073MBT6, STM32U073MCI6, STM32U073MCT6, STM32U073R8I6, STM32U073R8T6, STM32U073RBI6, STM32U073RBT6, STM32U073RCI6, STM32U073RCT6, STM32U083C-DK, STM32U083CCT6, STM32U083CCU6, STM32U083HCY6TR, STM32U083KCU6, STM32U083MCI6, STM32U083MCT6, STM32U083RCI6, STM32U083RCT6, STM32U535CBT6, STM32U535CBT6Q, STM32U535CBU6, STM32U535CBU6Q, STM32U535CCT6, STM32U535CCT6Q, STM32U535CCU6, STM32U535CCU6Q, STM32U535CET6, STM32U535CET6Q, STM32U535CEU6, STM32U535CEU6Q, STM32U535JEY6QTR, STM32U535NCY6QTR, STM32U535NEY6QTR, STM32U535RBI6, STM32U535RBI6Q, STM32U535RBT6, STM32U535RBT6Q, STM32U535RCI6, STM32U535RCI6Q, STM32U535RCT6, STM32U535RCT6Q, STM32U535REI6, STM32U535REI6Q, STM32U535RET6, STM32U535RET6Q, STM32U535VCI6, STM32U535VCI6Q, STM32U535VCT6, STM32U535VCT6Q, STM32U535VEI6, STM32U535VEI6Q, STM32U535VET6, STM32U535VET6Q, STM32U545CET6, STM32U545CET6Q, STM32U545CEU6, STM32U545CEU6Q, STM32U545JEY6QTR, STM32U545NEY6QTR, STM32U545REI6, STM32U545REI6Q, STM32U545RET6, STM32U545RET6Q, STM32U545VEI6, STM32U545VEI6Q, STM32U545VET6, STM32U545VET6Q, STM32U595AIH6, STM32U595AIH6Q, STM32U595AJH6, STM32U595AJH6Q, STM32U595QII6, STM32U595QII6Q, STM32U595QJI6, STM32U595QJI6Q, STM32U595RIT6, STM32U595RIT6Q, STM32U595RJT6, STM32U595RJT6Q, STM32U595VIT6, STM32U595VIT6Q, STM32U595VJT6, STM32U595VJT6Q, STM32U595ZIT6, STM32U595ZIT6Q, STM32U595ZIY6QTR, STM32U595ZJT6, STM32U595ZJT6Q, STM32U595ZJY6QTR, STM32U599BJY6QTR, STM32U599NIH6Q, STM32U599NJH6Q, STM32U599VIT6Q, STM32U599VJT6, STM32U599VJT6Q, STM32U599ZIT6Q, STM32U599ZIY6QTR, STM32U599ZJT6Q, STM32U599ZJY6QTR, STM32U5A5AJH6, STM32U5A5AJH6Q, STM32U5A5QII3Q , STM32U5A5QJI6, STM32U5A5QJI6Q, STM32U5A5RJT6, STM32U5A5RJT6Q, STM32U5A5VJT6, STM32U5A5VJT6Q, STM32U5A5ZJT6, STM32U5A5ZJT6Q, STM32U5A5ZJY6QTR, STM32U5A9BJY6QTR, STM32U5A9J-DK, STM32U5A9NJH6Q, STM32U5A9VJT6Q, STM32U5A9ZJT6Q, STM32U5A9ZJY6QTR, STM32U5F7VIT6, STM32U5F7VIT6Q, STM32U5F7VJT6, STM32U5F7VJT6Q, STM32U5F9BJY6QTR, STM32U5F9NJH6Q, STM32U5F9VIT6Q, STM32U5F9VJT6Q, STM32U5F9ZIJ6QTR, STM32U5F9ZIT6Q, STM32U5F9ZJJ6QTR, STM32U5F9ZJT6Q, STM32U5G7VJT6, STM32U5G7VJT6Q, STM32U5G9BJY6QTR, STM32U5G9J-DK1, STM32U5G9J-DK2, STM32U5G9NJH6Q, STM32U5G9VJT6Q, STM32U5G9ZJJ6QTR, STM32U5G9ZJT6Q, STM32WB1MMCH6, STM32WBA50KEU6, STM32WBA50KEU6TR, STM32WBA50KGU6, STM32WBA50KGU6TR, STM32WBA52CEU6, STM32WBA52CEU6TR, STM32WBA52CEU7, STM32WBA52CEU7TR, STM32WBA52CGU6, STM32WBA52CGU6TR, STM32WBA52CGU6U, STM32WBA52CGU7, STM32WBA52CGU7TR, STM32WBA52KEU6, STM32WBA52KEU6TR, STM32WBA52KGU6, STM32WBA52KGU6TR, STM32WBA54CEU6, STM32WBA54CEU6TR, STM32WBA54CEU7, STM32WBA54CEU7TR, STM32WBA54CGU6, STM32WBA54CGU6TR, STM32WBA54CGU7, STM32WBA54CGU7TR, STM32WBA54KEU6, STM32WBA54KEU6TR, STM32WBA54KEU7, STM32WBA54KEU7TR, STM32WBA54KGU6, STM32WBA54KGU6TR, STM32WBA54KGU7, STM32WBA54KGU7TR, STM32WBA55CEU6, STM32WBA55CEU6TR, STM32WBA55CEU7, STM32WBA55CEU7TR, STM32WBA55CGU6, STM32WBA55CGU6TR, STM32WBA55CGU6U, STM32WBA55CGU7, STM32WBA55CGU7TR, STM32WBA55G-DK1, STM32WBA55HEF6, STM32WBA55HEF7, STM32WBA55HGF6, STM32WBA55HGF7, STM32WBA55UEI6, STM32WBA55UEI6TR, STM32WBA55UEI7, STM32WBA55UEI7TR, STM32WBA55UGI6, STM32WBA55UGI6TR, STM32WBA55UGI7, STM32WBA55UGI7TR, STM32WL5MOCH6, STM32WL5MOCH6TR]
2026-06-16 04:15:08,320 [INFO] DbMcus:218 - Found 4816 MCUs, 4816 are supported
2026-06-16 04:15:08,339 [INFO] ApiDb:423 - Load user favorites file C:\Users\USER/.stm32cubeide/favorites.mcus.txt: 0 item(s)
2026-06-16 04:15:08,339 [INFO] ApiDb:427 - User favorites MCUs=[]
2026-06-16 04:15:08,339 [INFO] DbMcus:224 - Set 0 / 0 favorites MCUs
2026-06-16 04:15:08,824 [INFO] BoardInfo:889 - No configuration file found for board B-WBA5M-WPAN
2026-06-16 04:15:08,825 [INFO] DbBoards:161 - Board is not supported: B-WBA5M-WPAN
2026-06-16 04:15:08,828 [INFO] BoardInfo:889 - No configuration file found for board NUCLEO-C051C8
2026-06-16 04:15:08,829 [INFO] DbBoards:161 - Board is not supported: NUCLEO-C051C8
2026-06-16 04:15:08,833 [INFO] BoardInfo:889 - No configuration file found for board NUCLEO-C071RB
2026-06-16 04:15:08,834 [INFO] DbBoards:161 - Board is not supported: NUCLEO-C071RB
2026-06-16 04:15:08,835 [INFO] BoardInfo:889 - No configuration file found for board NUCLEO-C092RC
2026-06-16 04:15:08,835 [INFO] DbBoards:161 - Board is not supported: NUCLEO-C092RC
2026-06-16 04:15:08,902 [INFO] BoardInfo:889 - No configuration file found for board NUCLEO-N657X0-Q
2026-06-16 04:15:08,902 [INFO] DbBoards:161 - Board is not supported: NUCLEO-N657X0-Q
2026-06-16 04:15:08,909 [INFO] BoardInfo:889 - No configuration file found for board NUCLEO-U385RG-Q
2026-06-16 04:15:08,909 [INFO] DbBoards:161 - Board is not supported: NUCLEO-U385RG-Q
2026-06-16 04:15:08,909 [INFO] BoardInfo:889 - No configuration file found for board NUCLEO-WB05KZ
2026-06-16 04:15:08,909 [INFO] DbBoards:161 - Board is not supported: NUCLEO-WB05KZ
2026-06-16 04:15:08,918 [INFO] BoardInfo:889 - No configuration file found for board NUCLEO-WB07CC
2026-06-16 04:15:08,918 [INFO] DbBoards:161 - Board is not supported: NUCLEO-WB07CC
2026-06-16 04:15:08,920 [INFO] BoardInfo:889 - No configuration file found for board NUCLEO-WB09KE
2026-06-16 04:15:08,920 [INFO] DbBoards:161 - Board is not supported: NUCLEO-WB09KE
2026-06-16 04:15:08,924 [INFO] BoardInfo:889 - No configuration file found for board NUCLEO-WBA65RI
2026-06-16 04:15:08,924 [INFO] DbBoards:161 - Board is not supported: NUCLEO-WBA65RI
2026-06-16 04:15:08,924 [INFO] BoardInfo:889 - No configuration file found for board NUCLEO-WL33CC1
2026-06-16 04:15:08,924 [INFO] DbBoards:161 - Board is not supported: NUCLEO-WL33CC1
2026-06-16 04:15:08,924 [INFO] BoardInfo:889 - No configuration file found for board NUCLEO-WL33CC2
2026-06-16 04:15:08,924 [INFO] DbBoards:161 - Board is not supported: NUCLEO-WL33CC2
2026-06-16 04:15:08,934 [INFO] BoardInfo:889 - No configuration file found for board P-NUCLEO-WB55
2026-06-16 04:15:08,934 [INFO] DbBoards:161 - Kit is not supported: P-NUCLEO-WB55
2026-06-16 04:15:08,934 [INFO] BoardInfo:889 - No configuration file found for board STEVAL-BFA001V1B
2026-06-16 04:15:08,934 [INFO] DbBoards:161 - Kit is not supported: STEVAL-BFA001V1B
2026-06-16 04:15:08,940 [INFO] BoardInfo:889 - No configuration file found for board STEVAL-BFA001V2B
2026-06-16 04:15:08,940 [INFO] DbBoards:161 - Kit is not supported: STEVAL-BFA001V2B
2026-06-16 04:15:09,060 [INFO] BoardInfo:889 - No configuration file found for board STM32MP257F-DK
2026-06-16 04:15:09,060 [INFO] DbBoards:161 - Board is not supported: STM32MP257F-DK
2026-06-16 04:15:09,060 [INFO] BoardInfo:889 - No configuration file found for board STM32MP257F-EV1
2026-06-16 04:15:09,060 [INFO] DbBoards:161 - Board is not supported: STM32MP257F-EV1
2026-06-16 04:15:09,060 [INFO] BoardInfo:889 - No configuration file found for board STM32N6570-DK
2026-06-16 04:15:09,066 [INFO] DbBoards:161 - Board is not supported: STM32N6570-DK
2026-06-16 04:15:09,070 [INFO] BoardInfo:889 - No configuration file found for board STM32WBA65I-DK1
2026-06-16 04:15:09,070 [INFO] DbBoards:161 - Board is not supported: STM32WBA65I-DK1
2026-06-16 04:15:09,080 [INFO] DbBoards:168 - Found 211 boards, 192 are supported
2026-06-16 04:15:09,080 [INFO] DbBoards:169 - Found 211 boards, 8 of them is supported for  Bsp
2026-06-16 04:15:09,083 [INFO] ApiDb:423 - Load user favorites file C:\Users\USER/.stm32cubeide/favorites.boards.txt: 0 item(s)
2026-06-16 04:15:09,083 [INFO] ApiDb:427 - User favorites Boards=[]
2026-06-16 04:15:09,083 [INFO] DbBoards:198 - Set 0 / 0 favorites Boards
2026-06-16 04:15:09,180 [INFO] UtilMem:75 - End LoadConfig() Used Memory: 232137240 Bytes (353370112)
2026-06-16 04:15:09,687 [WARN] ThirdParty:833 - waiting for thirdparty lock release [change project]
2026-06-16 04:15:09,687 [INFO] ThirdParty:835 - entering critical section [change project]
2026-06-16 04:15:09,687 [INFO] ThirdParty:1030 - CMSIS Pack Vendor :STMicroelectronics X-CUBE-AZRTOS-H7 3.5.0
2026-06-16 04:15:09,687 [INFO] ThirdParty:1030 - CMSIS Pack Vendor :STMicroelectronics X-CUBE-PM33A1 1.0.0
2026-06-16 04:15:09,687 [INFO] ThirdParty:1030 - CMSIS Pack Vendor :STMicroelectronics USBPD 4.1
2026-06-16 04:15:09,687 [INFO] ThirdParty:1030 - CMSIS Pack Vendor :STMicroelectronics X-CUBE-GNSS1 6.0.0
2026-06-16 04:15:09,687 [INFO] ThirdParty:1030 - CMSIS Pack Vendor :STMicroelectronics USB_HOST 2.0.0
2026-06-16 04:15:09,687 [INFO] ThirdParty:1030 - CMSIS Pack Vendor :STMicroelectronics FP-SNS-MOTENVWB1 1.4.0
2026-06-16 04:15:09,687 [INFO] ThirdParty:1030 - CMSIS Pack Vendor :STMicroelectronics X-CUBE-AZRTOS-F4 1.1.0
2026-06-16 04:15:09,690 [INFO] ThirdParty:1030 - CMSIS Pack Vendor :STMicroelectronics LIBJPEG 8.0.0
2026-06-16 04:15:09,690 [INFO] ThirdParty:1030 - CMSIS Pack Vendor :STMicroelectronics FP-ATR-ASTRA1 2.0.2
2026-06-16 04:15:09,690 [INFO] ThirdParty:1030 - CMSIS Pack Vendor :STMicroelectronics FP-ATR-ASTRA1 2.0.1
2026-06-16 04:15:09,690 [INFO] ThirdParty:1030 - CMSIS Pack Vendor :STMicroelectronics X-CUBE-SMBUS 2.1.0
2026-06-16 04:15:09,690 [INFO] ThirdParty:1030 - CMSIS Pack Vendor :STMicroelectronics X-CUBE-WB05N 1.1.0
2026-06-16 04:15:09,690 [INFO] ThirdParty:1030 - CMSIS Pack Vendor :STMicroelectronics X-CUBE-ISPU 2.1.0
2026-06-16 04:15:09,690 [INFO] ThirdParty:1030 - CMSIS Pack Vendor :STMicroelectronics X-CUBE-FREERTOS 1.2.0
2026-06-16 04:15:09,690 [INFO] ThirdParty:1030 - CMSIS Pack Vendor :STMicroelectronics X-CUBE-NFC12 1.0.0
2026-06-16 04:15:09,690 [INFO] ThirdParty:1030 - CMSIS Pack Vendor :STMicroelectronics X-CUBE-TOUCHGFX 4.23.2
2026-06-16 04:15:09,690 [INFO] ThirdParty:1030 - CMSIS Pack Vendor :STMicroelectronics X-CUBE-AZRTOS-F7 1.1.0
2026-06-16 04:15:09,690 [INFO] ThirdParty:1030 - CMSIS Pack Vendor :STMicroelectronics X-CUBE-AZRTOS-L5 2.0.0
2026-06-16 04:15:09,690 [INFO] ThirdParty:1030 - CMSIS Pack Vendor :STMicroelectronics USB_DEVICE 2.0.0
2026-06-16 04:15:09,690 [INFO] ThirdParty:1030 - CMSIS Pack Vendor :STMicroelectronics X-CUBE-NFC6 3.1.0
2026-06-16 04:15:09,690 [INFO] ThirdParty:1030 - CMSIS Pack Vendor :STMicroelectronics X-CUBE-MEMS1 11.0.0
2026-06-16 04:15:09,690 [INFO] ThirdParty:1030 - CMSIS Pack Vendor :STMicroelectronics X-CUBE-ALGOBUILD 1.5.0
2026-06-16 04:15:09,690 [INFO] ThirdParty:1030 - CMSIS Pack Vendor :STMicroelectronics FreeRTOS 0.0.1
2026-06-16 04:15:09,690 [INFO] ThirdParty:1030 - CMSIS Pack Vendor :STMicroelectronics X-CUBE-DPower 1.2.0
2026-06-16 04:15:09,690 [INFO] ThirdParty:1030 - CMSIS Pack Vendor :STMicroelectronics FP-SNS-FLIGHT1 5.0.2
2026-06-16 04:15:09,690 [INFO] ThirdParty:1030 - CMSIS Pack Vendor :STMicroelectronics X-CUBE-AI 9.0.0
2026-06-16 04:15:09,690 [INFO] ThirdParty:1030 - CMSIS Pack Vendor :STMicroelectronics PDM2PCM 3.3.0
2026-06-16 04:15:09,690 [INFO] ThirdParty:1030 - CMSIS Pack Vendor :STMicroelectronics X-CUBE-AZRTOS-H7 3.4.0
2026-06-16 04:15:09,690 [INFO] ThirdParty:1030 - CMSIS Pack Vendor :STMicroelectronics X-CUBE-DISPLAY 3.0.0
2026-06-16 04:15:09,690 [INFO] ThirdParty:1030 - CMSIS Pack Vendor :STMicroelectronics X-CUBE-GNSS1 7.1.1
2026-06-16 04:15:09,690 [INFO] ThirdParty:1030 - CMSIS Pack Vendor :STMicroelectronics X-CUBE-BLE1 7.0.0
2026-06-16 04:15:09,690 [INFO] ThirdParty:1030 - CMSIS Pack Vendor :STMicroelectronics X-CUBE-NFC10 1.0.0
2026-06-16 04:15:09,690 [INFO] ThirdParty:1030 - CMSIS Pack Vendor :STMicroelectronics X-CUBE-BLEMGR 4.0.0
2026-06-16 04:15:09,690 [INFO] ThirdParty:1030 - CMSIS Pack Vendor :STMicroelectronics X-CUBE-FREERTOS 1.3.1
2026-06-16 04:15:09,690 [INFO] ThirdParty:1030 - CMSIS Pack Vendor :STMicroelectronics HAL Drivers 0.0.0
2026-06-16 04:15:09,690 [INFO] ThirdParty:1030 - CMSIS Pack Vendor :emotas I-CUBE-CANOPEN 1.3.0
2026-06-16 04:15:09,690 [INFO] ThirdParty:1030 - CMSIS Pack Vendor :STMicroelectronics X-CUBE-FREERTOS 1.3.0
2026-06-16 04:15:09,690 [INFO] ThirdParty:1030 - CMSIS Pack Vendor :STMicroelectronics X-CUBE-NFC7 1.0.1
2026-06-16 04:15:09,690 [INFO] ThirdParty:1030 - CMSIS Pack Vendor :STMicroelectronics MBEDTLS 2.14.1
2026-06-16 04:15:09,690 [INFO] ThirdParty:1030 - CMSIS Pack Vendor :STMicroelectronics X-CUBE-GNSS1 7.1.0
2026-06-16 04:15:09,690 [INFO] ThirdParty:1030 - CMSIS Pack Vendor :STMicroelectronics X-CUBE-TOUCHGFX 4.26.0
2026-06-16 04:15:09,690 [INFO] ThirdParty:1030 - CMSIS Pack Vendor :STMicroelectronics X-CUBE-TOUCHGFX 4.26.1
2026-06-16 04:15:09,690 [INFO] ThirdParty:1030 - CMSIS Pack Vendor :STMicroelectronics X-CUBE-BLEMGR 3.1.0
2026-06-16 04:15:09,690 [INFO] ThirdParty:1030 - CMSIS Pack Vendor :STMicroelectronics X-CUBE-AI 10.0.0
2026-06-16 04:15:09,690 [INFO] ThirdParty:1030 - CMSIS Pack Vendor :STMicroelectronics FP-SNS-SMARTAG2 1.2.0
2026-06-16 04:15:09,690 [INFO] ThirdParty:1030 - CMSIS Pack Vendor :STMicroelectronics X-CUBE-MEMS1 11.1.0
2026-06-16 04:15:09,690 [INFO] ThirdParty:1030 - CMSIS Pack Vendor :STMicroelectronics X-CUBE-AZRTOS-WL 2.0.0
2026-06-16 04:15:09,690 [INFO] ThirdParty:1030 - CMSIS Pack Vendor :STMicroelectronics X-CUBE-DPower 1.3.0
2026-06-16 04:15:09,690 [INFO] ThirdParty:1030 - CMSIS Pack Vendor :STMicroelectronics FP-SNS-MOTENV1 5.0.0
2026-06-16 04:15:09,690 [INFO] ThirdParty:1030 - CMSIS Pack Vendor :STMicroelectronics USB_DEVICE 1.0.0
2026-06-16 04:15:09,690 [INFO] ThirdParty:1030 - CMSIS Pack Vendor :STMicroelectronics X-CUBE-AZRTOS-H7RS 1.2.0
2026-06-16 04:15:09,690 [INFO] ThirdParty:1030 - CMSIS Pack Vendor :wolfSSL I-CUBE-wolfMQTT 1.19.0
2026-06-16 04:15:09,690 [INFO] ThirdParty:1030 - CMSIS Pack Vendor :STMicroelectronics X-CUBE-AZRTOS-L4 2.0.0
2026-06-16 04:15:09,690 [INFO] ThirdParty:1030 - CMSIS Pack Vendor :STMicroelectronics ThreadX 0.0.2
2026-06-16 04:15:09,690 [INFO] ThirdParty:1030 - CMSIS Pack Vendor :WES I-CUBE-Cesium 1.3.0
2026-06-16 04:15:09,690 [INFO] ThirdParty:1030 - CMSIS Pack Vendor :STMicroelectronics lwIP 2.1.2
2026-06-16 04:15:09,690 [INFO] ThirdParty:1030 - CMSIS Pack Vendor :STMicroelectronics X-CUBE-SFXS2LP1 4.0.0
2026-06-16 04:15:09,690 [INFO] ThirdParty:1030 - CMSIS Pack Vendor :STMicroelectronics X-CUBE-BLE2 3.3.0
2026-06-16 04:15:09,690 [INFO] ThirdParty:1030 - CMSIS Pack Vendor :STMicroelectronics PDM2PCM 3.2.0
2026-06-16 04:15:09,690 [INFO] ThirdParty:1030 - CMSIS Pack Vendor :STMicroelectronics X-CUBE-WB05N 2.1.0
2026-06-16 04:15:09,690 [INFO] ThirdParty:1030 - CMSIS Pack Vendor :STMicroelectronics X-CUBE-AZRTOS-H7 3.3.0
2026-06-16 04:15:09,690 [INFO] ThirdParty:1030 - CMSIS Pack Vendor :STMicroelectronics X-CUBE-NFC9 1.0.0
2026-06-16 04:15:09,690 [INFO] ThirdParty:1030 - CMSIS Pack Vendor :STMicroelectronics X-CUBE-BLE1 7.1.0
2026-06-16 04:15:09,690 [INFO] ThirdParty:1030 - CMSIS Pack Vendor :STMicroelectronics USB_DEVICE 3.0.0
2026-06-16 04:15:09,690 [INFO] ThirdParty:1030 - CMSIS Pack Vendor :STMicroelectronics X-CUBE-TCPP 4.1.0
2026-06-16 04:15:09,690 [INFO] ThirdParty:1030 - CMSIS Pack Vendor :STMicroelectronics X-CUBE-EEPRMA1 5.2.0
2026-06-16 04:15:09,690 [INFO] ThirdParty:1030 - CMSIS Pack Vendor :STMicroelectronics X-CUBE-IPS 3.0.0
2026-06-16 04:15:09,690 [INFO] ThirdParty:1030 - CMSIS Pack Vendor :STMicroelectronics X-CUBE-AZRTOS-WB 2.0.0
2026-06-16 04:15:09,690 [INFO] ThirdParty:1030 - CMSIS Pack Vendor :STMicroelectronics X-CUBE-GNSS1 7.0.0
2026-06-16 04:15:09,690 [INFO] ThirdParty:1030 - CMSIS Pack Vendor :STMicroelectronics X-CUBE-GNSS1 7.0.1
2026-06-16 04:15:09,690 [INFO] ThirdParty:1030 - CMSIS Pack Vendor :STMicroelectronics X-CUBE-TOUCHGFX 4.25.0
2026-06-16 04:15:09,690 [INFO] ThirdParty:1030 - CMSIS Pack Vendor :STMicroelectronics FP-SNS-STBOX1 2.0.0
2026-06-16 04:15:09,690 [INFO] ThirdParty:1030 - CMSIS Pack Vendor :STMicroelectronics X-CUBE-MEMS1 12.0.0
2026-06-16 04:15:09,690 [INFO] ThirdParty:1030 - CMSIS Pack Vendor :STMicroelectronics X-CUBE-ALGOBUILD 1.3.0
2026-06-16 04:15:09,690 [INFO] ThirdParty:1030 - CMSIS Pack Vendor :STMicroelectronics X-CUBE-STSE01 2.0.0
2026-06-16 04:15:09,690 [INFO] ThirdParty:1030 - CMSIS Pack Vendor :STMicroelectronics X-CUBE-MEMS1 11.2.0
2026-06-16 04:15:09,690 [INFO] ThirdParty:1030 - CMSIS Pack Vendor :STMicroelectronics X-CUBE-AZRTOS-G0 1.1.0
2026-06-16 04:15:09,690 [INFO] ThirdParty:1030 - CMSIS Pack Vendor :STMicroelectronics X-CUBE-SAFEA1 1.2.2
2026-06-16 04:15:09,690 [INFO] ThirdParty:1030 - CMSIS Pack Vendor :STMicroelectronics X-CUBE-NFC4 3.0.0
2026-06-16 04:15:09,690 [INFO] ThirdParty:1030 - CMSIS Pack Vendor :STMicroelectronics X-CUBE-SUBG2 5.0.0
2026-06-16 04:15:09,690 [INFO] ThirdParty:1030 - CMSIS Pack Vendor :STMicroelectronics X-CUBE-AZRTOS-H7RS 1.1.0
2026-06-16 04:15:09,690 [INFO] ThirdParty:1030 - CMSIS Pack Vendor :STMicroelectronics STM32_WPAN 1.0.0
2026-06-16 04:15:09,690 [INFO] ThirdParty:1030 - CMSIS Pack Vendor :EmbeddedOffice I-CUBE-FS-RTOS 1.0.1
2026-06-16 04:15:09,690 [INFO] ThirdParty:1030 - CMSIS Pack Vendor :STMicroelectronics lwIP 2.0.3
2026-06-16 04:15:09,690 [INFO] ThirdParty:1030 - CMSIS Pack Vendor :Cesanta I-CUBE-Mongoose 7.13.0
2026-06-16 04:15:09,690 [INFO] ThirdParty:1030 - CMSIS Pack Vendor :STMicroelectronics USB_HOST 1.0.0
2026-06-16 04:15:09,690 [INFO] ThirdParty:1030 - CMSIS Pack Vendor :STMicroelectronics X-CUBE-AZRTOS-G4 2.0.0
2026-06-16 04:15:09,690 [INFO] ThirdParty:1030 - CMSIS Pack Vendor :STMicroelectronics X-CUBE-WB05N 2.0.0
2026-06-16 04:15:09,690 [INFO] ThirdParty:1030 - CMSIS Pack Vendor :STMicroelectronics PDM2PCM 3.1.0
2026-06-16 04:15:09,690 [INFO] ThirdParty:1030 - CMSIS Pack Vendor :STMicroelectronics X-CUBE-NFC7 2.0.0
2026-06-16 04:15:09,690 [INFO] ThirdParty:1030 - CMSIS Pack Vendor :RealThread X-CUBE-RT-Thread_Nano 4.1.1
2026-06-16 04:15:09,690 [INFO] ThirdParty:1030 - CMSIS Pack Vendor :wolfSSL I-CUBE-wolfSSL 5.7.0
2026-06-16 04:15:09,690 [INFO] ThirdParty:1030 - CMSIS Pack Vendor :STMicroelectronics FP-ATR-SIGFOX1 3.2.0
2026-06-16 04:15:09,690 [INFO] ThirdParty:1030 - CMSIS Pack Vendor :quantropi X-CUBE-qispace-sdk-base 1.9.3
2026-06-16 04:15:09,690 [INFO] ThirdParty:1030 - CMSIS Pack Vendor :STMicroelectronics X-CUBE-ISPU 2.0.0
2026-06-16 04:15:09,690 [INFO] ThirdParty:1030 - CMSIS Pack Vendor :STMicroelectronics X-CUBE-EEPRMA1 5.1.0
2026-06-16 04:15:09,690 [INFO] ThirdParty:1030 - CMSIS Pack Vendor :STMicroelectronics MBEDTLS 2.16.2
2026-06-16 04:15:09,690 [INFO] ThirdParty:1030 - CMSIS Pack Vendor :STMicroelectronics X-CUBE-ALS 1.0.2
2026-06-16 04:15:09,690 [INFO] ThirdParty:1030 - CMSIS Pack Vendor :STMicroelectronics X-CUBE-MEMS1 10.0.0
2026-06-16 04:15:09,690 [INFO] ThirdParty:1030 - CMSIS Pack Vendor :STMicroelectronics X-CUBE-FREERTOS 1.1.0
2026-06-16 04:15:09,690 [INFO] ThirdParty:1030 - CMSIS Pack Vendor :ITTIA_DB I-CUBE-ITTIADB 8.9.0
2026-06-16 04:15:09,690 [INFO] ThirdParty:1030 - CMSIS Pack Vendor :STMicroelectronics X-CUBE-TOUCHGFX 4.24.2
2026-06-16 04:15:09,690 [INFO] ThirdParty:1030 - CMSIS Pack Vendor :STMicroelectronics X-CUBE-TOUCHGFX 4.24.1
2026-06-16 04:15:09,690 [INFO] ThirdParty:1030 - CMSIS Pack Vendor :STMicroelectronics X-CUBE-STSE01 1.0.0
2026-06-16 04:15:09,690 [INFO] ThirdParty:1030 - CMSIS Pack Vendor :wolfSSL I-CUBE-wolfTPM 3.4.0
2026-06-16 04:15:09,690 [INFO] ThirdParty:1030 - CMSIS Pack Vendor :portGmbH I-Cube-SoM-uGOAL 1.1.0
2026-06-16 04:15:09,690 [INFO] ThirdParty:1030 - CMSIS Pack Vendor :STMicroelectronics X-CUBE-ALS 1.0.1
2026-06-16 04:15:09,690 [INFO] ThirdParty:1030 - CMSIS Pack Vendor :STMicroelectronics X-CUBE-NFC6 3.2.0
2026-06-16 04:15:09,690 [INFO] ThirdParty:1030 - CMSIS Pack Vendor :STMicroelectronics X-CUBE-AI 10.2.0
2026-06-16 04:15:09,690 [INFO] ThirdParty:1030 - CMSIS Pack Vendor :STMicroelectronics ThreadX 1.0.0
2026-06-16 04:15:09,690 [INFO] ThirdParty:1030 - CMSIS Pack Vendor :STMicroelectronics X-CUBE-MEMS1 12.1.0
2026-06-16 04:15:09,690 [INFO] ThirdParty:1030 - CMSIS Pack Vendor :SEGGER I-CUBE-embOS 1.3.1
2026-06-16 04:15:09,690 [INFO] ThirdParty:1030 - CMSIS Pack Vendor :STMicroelectronics X-CUBE-ALGOBUILD 1.4.0
2026-06-16 04:15:09,690 [INFO] ThirdParty:1030 - CMSIS Pack Vendor :STMicroelectronics X-CUBE-AZRTOS-H7RS 1.0.0
2026-06-16 04:15:09,690 [INFO] ThirdParty:1030 - CMSIS Pack Vendor :STMicroelectronics FP-ATR-ASTRA1 2.0.0
2026-06-16 04:15:09,690 [INFO] ThirdParty:1030 - CMSIS Pack Vendor :STMicroelectronics X-CUBE-TOF1 3.4.2
2026-06-16 04:15:09,690 [INFO] ThirdParty:1030 - CMSIS Pack Vendor :STMicroelectronics X-CUBE-AI 9.1.0
2026-06-16 04:15:09,690 [INFO] ThirdParty:1030 - CMSIS Pack Vendor :STMicroelectronics X-CUBE-TOF1 3.4.1
2026-06-16 04:15:09,690 [INFO] ThirdParty:1030 - CMSIS Pack Vendor :STMicroelectronics X-CUBE-AZRTOS-H7 3.2.0
2026-06-16 04:15:09,690 [INFO] ThirdParty:1030 - CMSIS Pack Vendor :STMicroelectronics X-CUBE-NFC13 1.0.0
2026-06-16 04:15:09,690 [INFO] ThirdParty:1030 - CMSIS Pack Vendor :Infineon AIROC-Wi-Fi-Bluetooth-STM32 1.6.0
2026-06-16 04:15:09,690 [INFO] ThirdParty:1030 - CMSIS Pack Vendor :wolfSSL I-CUBE-wolfSSH 1.4.17
2026-06-16 04:15:09,690 [INFO] ThirdParty:841 - exiting critical section [change project]
2026-06-16 04:15:10,643 [INFO] PinOutPanel:1561 - setPackage(No Configuration,No Configuration)
2026-06-16 04:15:10,648 [INFO] PinOutPanel:1561 - setPackage(STM32F411CEUx,UFQFPN48)
2026-06-16 04:15:11,457 [INFO] UtilMem:75 - Before build in PCC Used Memory: 269747480 Bytes (353370112)
2026-06-16 04:15:13,620 [INFO] UtilMem:75 - After build in PCC Used Memory: 250090800 Bytes (353370112)
2026-06-16 04:15:13,880 [INFO] ApiDbMcu:508 - Load IP Config File for FREERTOS
2026-06-16 04:15:13,921 [INFO] IPUIPlugin:80 - create IPUIPlugin
2026-06-16 04:15:13,921 [INFO] IPUIPlugin:80 - create IPUIPlugin
2026-06-16 04:15:13,921 [INFO] IPUIPlugin:80 - create IPUIPlugin
2026-06-16 04:15:13,921 [INFO] IPUIPlugin:80 - create IPUIPlugin
2026-06-16 04:15:13,921 [INFO] IPUIPlugin:80 - create IPUIPlugin
2026-06-16 04:15:13,921 [INFO] IPUIPlugin:80 - create IPUIPlugin
2026-06-16 04:15:13,921 [INFO] IPUIPlugin:80 - create IPUIPlugin
2026-06-16 04:15:13,921 [INFO] IPUIPlugin:80 - create IPUIPlugin
2026-06-16 04:15:13,921 [INFO] IPUIPlugin:80 - create IPUIPlugin
2026-06-16 04:15:13,921 [INFO] IPUIPlugin:80 - create IPUIPlugin
2026-06-16 04:15:13,921 [INFO] IPUIPlugin:80 - create IPUIPlugin
2026-06-16 04:15:13,921 [INFO] IPUIPlugin:80 - create IPUIPlugin
2026-06-16 04:15:13,921 [INFO] IPUIPlugin:80 - create IPUIPlugin
2026-06-16 04:15:13,921 [INFO] IPUIPlugin:80 - create IPUIPlugin
2026-06-16 04:15:13,921 [INFO] IPUIPlugin:80 - create IPUIPlugin
2026-06-16 04:15:13,921 [INFO] IPUIPlugin:80 - create IPUIPlugin
2026-06-16 04:15:13,921 [INFO] IPUIPlugin:80 - create IPUIPlugin
2026-06-16 04:15:13,921 [INFO] IPUIPlugin:80 - create IPUIPlugin
2026-06-16 04:15:13,921 [INFO] IPUIPlugin:80 - create IPUIPlugin
2026-06-16 04:15:13,921 [INFO] IPUIPlugin:80 - create IPUIPlugin
2026-06-16 04:15:13,921 [INFO] IPUIPlugin:80 - create IPUIPlugin
2026-06-16 04:15:13,921 [INFO] IPUIPlugin:80 - create IPUIPlugin
2026-06-16 04:15:13,921 [INFO] IPUIPlugin:80 - create IPUIPlugin
2026-06-16 04:15:13,921 [INFO] IPUIPlugin:80 - create IPUIPlugin
2026-06-16 04:15:13,921 [INFO] IPUIPlugin:80 - create IPUIPlugin
2026-06-16 04:15:13,921 [INFO] IPUIPlugin:80 - create IPUIPlugin
2026-06-16 04:15:13,921 [INFO] IPUIPlugin:80 - create IPUIPlugin
2026-06-16 04:15:13,921 [INFO] IPUIPlugin:80 - create IPUIPlugin
2026-06-16 04:15:13,921 [INFO] IPUIPlugin:80 - create IPUIPlugin
2026-06-16 04:15:13,921 [INFO] IPUIPlugin:80 - create IPUIPlugin
2026-06-16 04:15:13,921 [INFO] IPUIPlugin:80 - create IPUIPlugin
2026-06-16 04:15:13,921 [INFO] IPUIPlugin:80 - create IPUIPlugin
2026-06-16 04:15:13,921 [INFO] IPUIPlugin:80 - create IPUIPlugin
2026-06-16 04:15:13,921 [INFO] IPUIPlugin:80 - create IPUIPlugin
2026-06-16 04:15:13,921 [INFO] IPUIPlugin:80 - create IPUIPlugin
2026-06-16 04:15:13,921 [INFO] IPUIPlugin:80 - create IPUIPlugin
2026-06-16 04:15:13,921 [INFO] IPUIPlugin:80 - create IPUIPlugin
2026-06-16 04:15:13,921 [INFO] IPUIPlugin:80 - create IPUIPlugin
2026-06-16 04:15:13,921 [INFO] IPUIPlugin:80 - create IPUIPlugin
2026-06-16 04:15:13,921 [INFO] IPUIPlugin:80 - create IPUIPlugin
2026-06-16 04:15:13,921 [INFO] IPUIPlugin:80 - create IPUIPlugin
2026-06-16 04:15:13,921 [INFO] IPUIPlugin:80 - create IPUIPlugin
2026-06-16 04:15:13,921 [INFO] IPUIPlugin:80 - create IPUIPlugin
2026-06-16 04:15:14,010 [INFO] ApiDbMcu:508 - Load IP Config File for PDM2PCM
2026-06-16 04:15:14,040 [WARN] IP:2120 - I2C_Coeff_DF not found: check if there is a RefParameter without a condition.
2026-06-16 04:15:14,040 [WARN] IP:2120 - Analog_Filter not found: check if there is a RefParameter without a condition.
2026-06-16 04:15:14,091 [WARN] FreeRTOS:1023 - Null or empty value: should not occur! (nothing added to the table)
2026-06-16 04:15:14,704 [INFO] CADModel:165 - CPN selected for project levelSTM32F411CEU6
2026-06-16 04:15:14,704 [INFO] CADModel:114 - Register for checkConnection events
2026-06-16 04:15:14,707 [INFO] RtosManager:697 - Active RTOS found at IOC load: FREERTOS [Cortex-M4NS]
2026-06-16 04:15:14,760 [INFO] OpenFileManager:343 - Restore cursor
2026-06-16 04:15:15,130 [WARN] IP:2120 - I2C_Coeff_DF not found: check if there is a RefParameter without a condition.
2026-06-16 04:15:15,130 [WARN] IP:2120 - Analog_Filter not found: check if there is a RefParameter without a condition.
2026-06-16 04:15:15,130 [WARN] IP:2120 - I2C_Coeff_DF not found: check if there is a RefParameter without a condition.
2026-06-16 04:15:15,130 [WARN] IP:2120 - Analog_Filter not found: check if there is a RefParameter without a condition.
2026-06-16 04:15:21,219 [INFO] LogOutputStream:77 - [STDOUT_REDIRECT] 
2026-06-16 04:15:27,603 [INFO] McuFinderGlobals:63 - Set McuFinder mode to 2 (CubeIDE integrated)
2026-06-16 04:15:27,654 [INFO] UserAuth:415 - Internet connection configuration mode: 1
2026-06-16 04:15:27,896 [INFO] JxBrowserEngine:152 - Initiate JxBrowser Engine with user profile folder
2026-06-16 04:15:43,408 [INFO] WebApp:161 - Instantiating new browser for Auth
2026-06-16 04:15:45,219 [INFO] WebApp:779 - Register for checkConnection events
2026-06-16 04:15:45,219 [INFO] WebApp:414 - Apply proxy settings
2026-06-16 04:15:45,219 [INFO] WebApp:499 - Chromium requires no authentication
2026-06-16 04:15:45,228 [INFO] WebApp:442 - Direct internet connection detected
2026-06-16 04:15:45,985 [INFO] WebApp:192 - Starting web application
2026-06-16 04:15:45,985 [INFO] WebApp:544 - Web application path used D:\Documentos\Electronica\Nueva carpeta\STM32CubeIDE_1.15.0\STM32CubeIDE\plugins\com.st.stm32cube.common.mx_6.11.0.202403141607\db\plugins\mcufinder\reactClient1\index.html
2026-06-16 04:24:12,562 [WARN] IP:2120 - I2C_Coeff_DF not found: check if there is a RefParameter without a condition.
2026-06-16 04:24:12,562 [WARN] IP:2120 - Analog_Filter not found: check if there is a RefParameter without a condition.
2026-06-16 04:24:12,562 [WARN] IP:2120 - I2C_Coeff_DF not found: check if there is a RefParameter without a condition.
2026-06-16 04:24:12,562 [WARN] IP:2120 - Analog_Filter not found: check if there is a RefParameter without a condition.
2026-06-16 04:24:12,632 [WARN] IP:2120 - I2C_Coeff_DF not found: check if there is a RefParameter without a condition.
2026-06-16 04:24:12,632 [WARN] IP:2120 - Analog_Filter not found: check if there is a RefParameter without a condition.
2026-06-16 04:24:12,711 [WARN] IP:2120 - I2C_Coeff_DF not found: check if there is a RefParameter without a condition.
2026-06-16 04:24:12,712 [WARN] IP:2120 - Analog_Filter not found: check if there is a RefParameter without a condition.
2026-06-16 04:40:33,364 [WARN] IP:2120 - I2C_Coeff_DF not found: check if there is a RefParameter without a condition.
2026-06-16 04:40:33,364 [WARN] IP:2120 - Analog_Filter not found: check if there is a RefParameter without a condition.
2026-06-16 04:40:33,364 [WARN] IP:2120 - I2C_Coeff_DF not found: check if there is a RefParameter without a condition.
2026-06-16 04:40:33,364 [WARN] IP:2120 - Analog_Filter not found: check if there is a RefParameter without a condition.
2026-06-16 04:40:33,435 [WARN] IP:2120 - I2C_Coeff_DF not found: check if there is a RefParameter without a condition.
2026-06-16 04:40:33,435 [WARN] IP:2120 - Analog_Filter not found: check if there is a RefParameter without a condition.
2026-06-16 04:40:33,495 [WARN] IP:2120 - I2C_Coeff_DF not found: check if there is a RefParameter without a condition.
2026-06-16 04:40:33,495 [WARN] IP:2120 - Analog_Filter not found: check if there is a RefParameter without a condition.
2026-06-16 04:47:47,164 [WARN] IP:2120 - I2C_Coeff_DF not found: check if there is a RefParameter without a condition.
2026-06-16 04:47:47,165 [WARN] IP:2120 - Analog_Filter not found: check if there is a RefParameter without a condition.
2026-06-16 04:47:47,165 [WARN] IP:2120 - I2C_Coeff_DF not found: check if there is a RefParameter without a condition.
2026-06-16 04:47:47,165 [WARN] IP:2120 - Analog_Filter not found: check if there is a RefParameter without a condition.
2026-06-16 04:47:47,214 [WARN] IP:2120 - I2C_Coeff_DF not found: check if there is a RefParameter without a condition.
2026-06-16 04:47:47,214 [WARN] IP:2120 - Analog_Filter not found: check if there is a RefParameter without a condition.
2026-06-16 04:47:47,265 [WARN] IP:2120 - I2C_Coeff_DF not found: check if there is a RefParameter without a condition.
2026-06-16 04:47:47,265 [WARN] IP:2120 - Analog_Filter not found: check if there is a RefParameter without a condition.
2026-06-16 04:48:51,434 [WARN] IP:2120 - I2C_Coeff_DF not found: check if there is a RefParameter without a condition.
2026-06-16 04:48:51,434 [WARN] IP:2120 - Analog_Filter not found: check if there is a RefParameter without a condition.
2026-06-16 04:48:51,435 [WARN] IP:2120 - I2C_Coeff_DF not found: check if there is a RefParameter without a condition.
2026-06-16 04:48:51,435 [WARN] IP:2120 - Analog_Filter not found: check if there is a RefParameter without a condition.
2026-06-16 04:48:51,488 [WARN] IP:2120 - I2C_Coeff_DF not found: check if there is a RefParameter without a condition.
2026-06-16 04:48:51,488 [WARN] IP:2120 - Analog_Filter not found: check if there is a RefParameter without a condition.
2026-06-16 04:48:51,543 [WARN] IP:2120 - I2C_Coeff_DF not found: check if there is a RefParameter without a condition.
2026-06-16 04:48:51,543 [WARN] IP:2120 - Analog_Filter not found: check if there is a RefParameter without a condition.
2026-06-16 04:49:06,163 [WARN] IP:2120 - I2C_Coeff_DF not found: check if there is a RefParameter without a condition.
2026-06-16 04:49:06,163 [WARN] IP:2120 - Analog_Filter not found: check if there is a RefParameter without a condition.
2026-06-16 04:49:06,164 [WARN] IP:2120 - I2C_Coeff_DF not found: check if there is a RefParameter without a condition.
2026-06-16 04:49:06,164 [WARN] IP:2120 - Analog_Filter not found: check if there is a RefParameter without a condition.
2026-06-16 04:49:06,213 [WARN] IP:2120 - I2C_Coeff_DF not found: check if there is a RefParameter without a condition.
2026-06-16 04:49:06,213 [WARN] IP:2120 - Analog_Filter not found: check if there is a RefParameter without a condition.
2026-06-16 04:49:06,261 [WARN] IP:2120 - I2C_Coeff_DF not found: check if there is a RefParameter without a condition.
2026-06-16 04:49:06,261 [WARN] IP:2120 - Analog_Filter not found: check if there is a RefParameter without a condition.
2026-06-16 04:49:10,998 [WARN] IP:2120 - I2C_Coeff_DF not found: check if there is a RefParameter without a condition.
2026-06-16 04:49:10,998 [WARN] IP:2120 - Analog_Filter not found: check if there is a RefParameter without a condition.
2026-06-16 04:49:10,998 [WARN] IP:2120 - I2C_Coeff_DF not found: check if there is a RefParameter without a condition.
2026-06-16 04:49:10,998 [WARN] IP:2120 - Analog_Filter not found: check if there is a RefParameter without a condition.
2026-06-16 04:49:11,052 [WARN] IP:2120 - I2C_Coeff_DF not found: check if there is a RefParameter without a condition.
2026-06-16 04:49:11,052 [WARN] IP:2120 - Analog_Filter not found: check if there is a RefParameter without a condition.
2026-06-16 04:49:11,104 [WARN] IP:2120 - I2C_Coeff_DF not found: check if there is a RefParameter without a condition.
2026-06-16 04:49:11,104 [WARN] IP:2120 - Analog_Filter not found: check if there is a RefParameter without a condition.
2026-06-16 04:49:18,408 [ERROR] LogOutputStream:75 - [STDERR_REDIRECT] java.lang.Error: no ComponentUI class for: com.st.microxplorer.plugins.ip.nvic.CheckBoxHeader[,0,0,0x0,invalid,alignmentX=0.0,alignmentY=0.0,border=,flags=0,maximumSize=,minimumSize=,preferredSize=,defaultIcon=,disabledIcon=,disabledSelectedIcon=,margin=null,paintBorder=true,paintFocus=true,pressedIcon=,rolloverEnabled=false,rolloverIcon=,rolloverSelectedIcon=,selectedIcon=,text=]
2026-06-16 04:49:18,410 [ERROR] LogOutputStream:75 - [STDERR_REDIRECT] 	at java.desktop/javax.swing.UIDefaults.getUIError(UIDefaults.java:763)
2026-06-16 04:49:18,412 [ERROR] LogOutputStream:75 - [STDERR_REDIRECT] 	at java.desktop/javax.swing.MultiUIDefaults.getUIError(MultiUIDefaults.java:144)
2026-06-16 04:49:18,412 [ERROR] LogOutputStream:75 - [STDERR_REDIRECT] 	at java.desktop/javax.swing.UIDefaults.getUI(UIDefaults.java:793)
2026-06-16 04:49:18,413 [ERROR] LogOutputStream:75 - [STDERR_REDIRECT] 	at java.desktop/javax.swing.UIManager.getUI(UIManager.java:1073)
2026-06-16 04:49:18,414 [ERROR] LogOutputStream:75 - [STDERR_REDIRECT] 	at java.desktop/javax.swing.JCheckBox.updateUI(JCheckBox.java:228)
2026-06-16 04:49:18,416 [ERROR] LogOutputStream:75 - [STDERR_REDIRECT] 	at java.desktop/javax.swing.AbstractButton.init(AbstractButton.java:2141)
2026-06-16 04:49:18,417 [ERROR] LogOutputStream:75 - [STDERR_REDIRECT] 	at java.desktop/javax.swing.JToggleButton.<init>(JToggleButton.java:187)
2026-06-16 04:49:18,418 [ERROR] LogOutputStream:75 - [STDERR_REDIRECT] 	at java.desktop/javax.swing.JCheckBox.<init>(JCheckBox.java:176)
2026-06-16 04:49:18,419 [ERROR] LogOutputStream:75 - [STDERR_REDIRECT] 	at java.desktop/javax.swing.JCheckBox.<init>(JCheckBox.java:97)
2026-06-16 04:49:18,420 [ERROR] LogOutputStream:75 - [STDERR_REDIRECT] 	at com.st.microxplorer.plugins.ip.nvic.CheckBoxHeader.<init>(CheckBoxHeader.java:55)
2026-06-16 04:49:18,421 [ERROR] LogOutputStream:75 - [STDERR_REDIRECT] 	at com.st.microxplorer.plugins.ip.nvic.NvicCodeSelectionTable.<init>(NvicCodeSelectionTable.java:75)
2026-06-16 04:49:18,423 [ERROR] LogOutputStream:75 - [STDERR_REDIRECT] 	at com.st.microxplorer.plugins.ip.nvic.NvicCodePanel.initComponents(NvicCodePanel.java:102)
2026-06-16 04:49:18,424 [ERROR] LogOutputStream:75 - [STDERR_REDIRECT] 	at com.st.microxplorer.plugins.ip.nvic.NvicCodePanel.<init>(NvicCodePanel.java:78)
2026-06-16 04:49:18,426 [ERROR] LogOutputStream:75 - [STDERR_REDIRECT] 	at com.st.microxplorer.plugins.ip.nvic.NvicTabbedPanel.<init>(NvicTabbedPanel.java:57)
2026-06-16 04:49:18,427 [ERROR] LogOutputStream:75 - [STDERR_REDIRECT] 	at com.st.microxplorer.plugins.ip.nvic.Nvic.getUI(Nvic.java:73)
2026-06-16 04:49:18,429 [ERROR] LogOutputStream:75 - [STDERR_REDIRECT] 	at com.st.microxplorer.plugins.ipmanager.gui.BlockDiagram.createIpPanel(BlockDiagram.java:422)
2026-06-16 04:49:18,430 [ERROR] LogOutputStream:75 - [STDERR_REDIRECT] 	at com.st.microxplorer.plugins.ipmanager.gui.BlockDiagram.getIPConfigPanel(BlockDiagram.java:560)
2026-06-16 04:49:18,432 [ERROR] LogOutputStream:75 - [STDERR_REDIRECT] 	at com.st.microxplorer.plugins.ipmanager.gui.BlockDiagram.getIPConfigPanel(BlockDiagram.java:466)
2026-06-16 04:49:18,432 [ERROR] LogOutputStream:75 - [STDERR_REDIRECT] 	at com.st.microxplorer.plugins.ipmanager.gui.BlockDiagram.propertyChange(BlockDiagram.java:1390)
2026-06-16 04:49:18,434 [ERROR] LogOutputStream:75 - [STDERR_REDIRECT] 	at java.desktop/java.beans.PropertyChangeSupport.fire(PropertyChangeSupport.java:343)
2026-06-16 04:49:18,435 [ERROR] LogOutputStream:75 - [STDERR_REDIRECT] 	at java.desktop/java.beans.PropertyChangeSupport.firePropertyChange(PropertyChangeSupport.java:335)
2026-06-16 04:49:18,437 [ERROR] LogOutputStream:75 - [STDERR_REDIRECT] 	at java.desktop/java.beans.PropertyChangeSupport.firePropertyChange(PropertyChangeSupport.java:268)
2026-06-16 04:49:18,438 [ERROR] LogOutputStream:75 - [STDERR_REDIRECT] 	at com.st.microxplorer.util.MXPropertyChangeSupport.firePropertyChange(MXPropertyChangeSupport.java:54)
2026-06-16 04:49:18,439 [ERROR] LogOutputStream:75 - [STDERR_REDIRECT] 	at com.st.microxplorer.mxsystem.MxSystem.firePropertyChange(MxSystem.java:358)
2026-06-16 04:49:18,441 [ERROR] LogOutputStream:75 - [STDERR_REDIRECT] 	at com.st.microxplorer.plugins.pinoutconfig.guiV5.PeripheralsSelectionPanel.selectIP(PeripheralsSelectionPanel.java:409)
2026-06-16 04:49:18,443 [ERROR] LogOutputStream:75 - [STDERR_REDIRECT] 	at com.st.microxplorer.plugins.pinoutconfig.guiV5.PeripheralsListListener.mouseClicked(PeripheralsListListener.java:103)
2026-06-16 04:49:18,444 [ERROR] LogOutputStream:75 - [STDERR_REDIRECT] 	at java.desktop/java.awt.AWTEventMulticaster.mouseClicked(AWTEventMulticaster.java:278)
2026-06-16 04:49:18,445 [ERROR] LogOutputStream:75 - [STDERR_REDIRECT] 	at java.desktop/java.awt.Component.processMouseEvent(Component.java:6629)
2026-06-16 04:49:18,446 [ERROR] LogOutputStream:75 - [STDERR_REDIRECT] 	at java.desktop/javax.swing.JComponent.processMouseEvent(JComponent.java:3389)
2026-06-16 04:49:18,447 [ERROR] LogOutputStream:75 - [STDERR_REDIRECT] 	at java.desktop/java.awt.Component.processEvent(Component.java:6391)
2026-06-16 04:49:18,448 [ERROR] LogOutputStream:75 - [STDERR_REDIRECT] 	at java.desktop/java.awt.Container.processEvent(Container.java:2266)
2026-06-16 04:49:18,449 [ERROR] LogOutputStream:75 - [STDERR_REDIRECT] 	at java.desktop/java.awt.Component.dispatchEventImpl(Component.java:5001)
2026-06-16 04:49:18,451 [ERROR] LogOutputStream:75 - [STDERR_REDIRECT] 	at java.desktop/java.awt.Container.dispatchEventImpl(Container.java:2324)
2026-06-16 04:49:18,451 [ERROR] LogOutputStream:75 - [STDERR_REDIRECT] 	at java.desktop/java.awt.Component.dispatchEvent(Component.java:4833)
2026-06-16 04:49:18,453 [ERROR] LogOutputStream:75 - [STDERR_REDIRECT] 	at java.desktop/java.awt.LightweightDispatcher.retargetMouseEvent(Container.java:4948)
2026-06-16 04:49:18,455 [ERROR] LogOutputStream:75 - [STDERR_REDIRECT] 	at java.desktop/java.awt.LightweightDispatcher.processMouseEvent(Container.java:4584)
2026-06-16 04:49:18,456 [ERROR] LogOutputStream:75 - [STDERR_REDIRECT] 	at java.desktop/java.awt.LightweightDispatcher.dispatchEvent(Container.java:4516)
2026-06-16 04:49:18,457 [ERROR] LogOutputStream:75 - [STDERR_REDIRECT] 	at java.desktop/java.awt.Container.dispatchEventImpl(Container.java:2310)
2026-06-16 04:49:18,458 [ERROR] LogOutputStream:75 - [STDERR_REDIRECT] 	at java.desktop/java.awt.Component.dispatchEvent(Component.java:4833)
2026-06-16 04:49:18,459 [ERROR] LogOutputStream:75 - [STDERR_REDIRECT] 	at java.desktop/java.awt.EventQueue.dispatchEventImpl(EventQueue.java:775)
2026-06-16 04:49:18,460 [ERROR] LogOutputStream:75 - [STDERR_REDIRECT] 	at java.desktop/java.awt.EventQueue$4.run(EventQueue.java:720)
2026-06-16 04:49:18,462 [ERROR] LogOutputStream:75 - [STDERR_REDIRECT] 	at java.desktop/java.awt.EventQueue$4.run(EventQueue.java:714)
2026-06-16 04:49:18,463 [ERROR] LogOutputStream:75 - [STDERR_REDIRECT] 	at java.base/java.security.AccessController.doPrivileged(AccessController.java:399)
2026-06-16 04:49:18,464 [ERROR] LogOutputStream:75 - [STDERR_REDIRECT] 	at java.base/java.security.ProtectionDomain$JavaSecurityAccessImpl.doIntersectionPrivilege(ProtectionDomain.java:86)
2026-06-16 04:49:18,466 [ERROR] LogOutputStream:75 - [STDERR_REDIRECT] 	at java.base/java.security.ProtectionDomain$JavaSecurityAccessImpl.doIntersectionPrivilege(ProtectionDomain.java:97)
2026-06-16 04:49:18,467 [ERROR] LogOutputStream:75 - [STDERR_REDIRECT] 	at java.desktop/java.awt.EventQueue$5.run(EventQueue.java:747)
2026-06-16 04:49:18,467 [ERROR] LogOutputStream:75 - [STDERR_REDIRECT] 	at java.desktop/java.awt.EventQueue$5.run(EventQueue.java:745)
2026-06-16 04:49:18,469 [ERROR] LogOutputStream:75 - [STDERR_REDIRECT] 	at java.base/java.security.AccessController.doPrivileged(AccessController.java:399)
2026-06-16 04:49:18,470 [ERROR] LogOutputStream:75 - [STDERR_REDIRECT] 	at java.base/java.security.ProtectionDomain$JavaSecurityAccessImpl.doIntersectionPrivilege(ProtectionDomain.java:86)
2026-06-16 04:49:18,471 [ERROR] LogOutputStream:75 - [STDERR_REDIRECT] 	at java.desktop/java.awt.EventQueue.dispatchEvent(EventQueue.java:744)
2026-06-16 04:49:18,473 [ERROR] LogOutputStream:75 - [STDERR_REDIRECT] 	at java.desktop/java.awt.EventDispatchThread.pumpOneEventForFilters(EventDispatchThread.java:203)
2026-06-16 04:49:18,474 [ERROR] LogOutputStream:75 - [STDERR_REDIRECT] 	at java.desktop/java.awt.EventDispatchThread.pumpEventsForFilter(EventDispatchThread.java:124)
2026-06-16 04:49:18,475 [ERROR] LogOutputStream:75 - [STDERR_REDIRECT] 	at java.desktop/java.awt.EventDispatchThread.pumpEventsForHierarchy(EventDispatchThread.java:113)
2026-06-16 04:49:18,477 [ERROR] LogOutputStream:75 - [STDERR_REDIRECT] 	at java.desktop/java.awt.EventDispatchThread.pumpEvents(EventDispatchThread.java:109)
2026-06-16 04:49:18,479 [ERROR] LogOutputStream:75 - [STDERR_REDIRECT] 	at java.desktop/java.awt.EventDispatchThread.pumpEvents(EventDispatchThread.java:101)
2026-06-16 04:49:18,480 [ERROR] LogOutputStream:75 - [STDERR_REDIRECT] 	at java.desktop/java.awt.EventDispatchThread.run(EventDispatchThread.java:90)
2026-06-16 04:49:18,485 [ERROR] LogOutputStream:75 - [STDERR_REDIRECT] java.lang.Error: no ComponentUI class for: com.st.microxplorer.plugins.ip.nvic.CheckBoxHeader[,0,0,0x0,invalid,alignmentX=0.0,alignmentY=0.0,border=,flags=0,maximumSize=,minimumSize=,preferredSize=,defaultIcon=,disabledIcon=,disabledSelectedIcon=,margin=null,paintBorder=true,paintFocus=true,pressedIcon=,rolloverEnabled=false,rolloverIcon=,rolloverSelectedIcon=,selectedIcon=,text=]
2026-06-16 04:49:18,486 [ERROR] LogOutputStream:75 - [STDERR_REDIRECT] 	at java.desktop/javax.swing.UIDefaults.getUIError(UIDefaults.java:763)
2026-06-16 04:49:18,488 [ERROR] LogOutputStream:75 - [STDERR_REDIRECT] 	at java.desktop/javax.swing.MultiUIDefaults.getUIError(MultiUIDefaults.java:144)
2026-06-16 04:49:18,488 [ERROR] LogOutputStream:75 - [STDERR_REDIRECT] 	at java.desktop/javax.swing.UIDefaults.getUI(UIDefaults.java:793)
2026-06-16 04:49:18,489 [ERROR] LogOutputStream:75 - [STDERR_REDIRECT] 	at java.desktop/javax.swing.UIManager.getUI(UIManager.java:1073)
2026-06-16 04:49:18,490 [ERROR] LogOutputStream:75 - [STDERR_REDIRECT] 	at java.desktop/javax.swing.JCheckBox.updateUI(JCheckBox.java:228)
2026-06-16 04:49:18,491 [ERROR] LogOutputStream:75 - [STDERR_REDIRECT] 	at java.desktop/javax.swing.AbstractButton.init(AbstractButton.java:2141)
2026-06-16 04:49:18,492 [ERROR] LogOutputStream:75 - [STDERR_REDIRECT] 	at java.desktop/javax.swing.JToggleButton.<init>(JToggleButton.java:187)
2026-06-16 04:49:18,496 [ERROR] LogOutputStream:75 - [STDERR_REDIRECT] 	at java.desktop/javax.swing.JCheckBox.<init>(JCheckBox.java:176)
2026-06-16 04:49:18,497 [ERROR] LogOutputStream:75 - [STDERR_REDIRECT] 	at java.desktop/javax.swing.JCheckBox.<init>(JCheckBox.java:97)
2026-06-16 04:49:18,498 [ERROR] LogOutputStream:75 - [STDERR_REDIRECT] 	at com.st.microxplorer.plugins.ip.nvic.CheckBoxHeader.<init>(CheckBoxHeader.java:55)
2026-06-16 04:49:18,500 [ERROR] LogOutputStream:75 - [STDERR_REDIRECT] 	at com.st.microxplorer.plugins.ip.nvic.NvicCodeSelectionTable.<init>(NvicCodeSelectionTable.java:78)
2026-06-16 04:49:18,501 [ERROR] LogOutputStream:75 - [STDERR_REDIRECT] 	at com.st.microxplorer.plugins.ip.nvic.NvicCodePanel.initComponents(NvicCodePanel.java:102)
2026-06-16 04:49:18,502 [ERROR] LogOutputStream:75 - [STDERR_REDIRECT] 	at com.st.microxplorer.plugins.ip.nvic.NvicCodePanel.<init>(NvicCodePanel.java:78)
2026-06-16 04:49:18,504 [ERROR] LogOutputStream:75 - [STDERR_REDIRECT] 	at com.st.microxplorer.plugins.ip.nvic.NvicTabbedPanel.<init>(NvicTabbedPanel.java:57)
2026-06-16 04:49:18,505 [ERROR] LogOutputStream:75 - [STDERR_REDIRECT] 	at com.st.microxplorer.plugins.ip.nvic.Nvic.getUI(Nvic.java:73)
2026-06-16 04:49:18,511 [ERROR] LogOutputStream:75 - [STDERR_REDIRECT] 	at com.st.microxplorer.plugins.ipmanager.gui.BlockDiagram.createIpPanel(BlockDiagram.java:422)
2026-06-16 04:49:18,512 [ERROR] LogOutputStream:75 - [STDERR_REDIRECT] 	at com.st.microxplorer.plugins.ipmanager.gui.BlockDiagram.getIPConfigPanel(BlockDiagram.java:560)
2026-06-16 04:49:18,513 [ERROR] LogOutputStream:75 - [STDERR_REDIRECT] 	at com.st.microxplorer.plugins.ipmanager.gui.BlockDiagram.getIPConfigPanel(BlockDiagram.java:466)
2026-06-16 04:49:18,514 [ERROR] LogOutputStream:75 - [STDERR_REDIRECT] 	at com.st.microxplorer.plugins.ipmanager.gui.BlockDiagram.propertyChange(BlockDiagram.java:1390)
2026-06-16 04:49:18,515 [ERROR] LogOutputStream:75 - [STDERR_REDIRECT] 	at java.desktop/java.beans.PropertyChangeSupport.fire(PropertyChangeSupport.java:343)
2026-06-16 04:49:18,517 [ERROR] LogOutputStream:75 - [STDERR_REDIRECT] 	at java.desktop/java.beans.PropertyChangeSupport.firePropertyChange(PropertyChangeSupport.java:335)
2026-06-16 04:49:18,518 [ERROR] LogOutputStream:75 - [STDERR_REDIRECT] 	at java.desktop/java.beans.PropertyChangeSupport.firePropertyChange(PropertyChangeSupport.java:268)
2026-06-16 04:49:18,519 [ERROR] LogOutputStream:75 - [STDERR_REDIRECT] 	at com.st.microxplorer.util.MXPropertyChangeSupport.firePropertyChange(MXPropertyChangeSupport.java:54)
2026-06-16 04:49:18,520 [ERROR] LogOutputStream:75 - [STDERR_REDIRECT] 	at com.st.microxplorer.mxsystem.MxSystem.firePropertyChange(MxSystem.java:358)
2026-06-16 04:49:18,521 [ERROR] LogOutputStream:75 - [STDERR_REDIRECT] 	at com.st.microxplorer.plugins.pinoutconfig.guiV5.PeripheralsSelectionPanel.selectIP(PeripheralsSelectionPanel.java:409)
2026-06-16 04:49:18,523 [ERROR] LogOutputStream:75 - [STDERR_REDIRECT] 	at com.st.microxplorer.plugins.pinoutconfig.guiV5.PeripheralsListListener.mouseClicked(PeripheralsListListener.java:103)
2026-06-16 04:49:18,524 [ERROR] LogOutputStream:75 - [STDERR_REDIRECT] 	at java.desktop/java.awt.AWTEventMulticaster.mouseClicked(AWTEventMulticaster.java:278)
2026-06-16 04:49:18,525 [ERROR] LogOutputStream:75 - [STDERR_REDIRECT] 	at java.desktop/java.awt.Component.processMouseEvent(Component.java:6629)
2026-06-16 04:49:18,526 [ERROR] LogOutputStream:75 - [STDERR_REDIRECT] 	at java.desktop/javax.swing.JComponent.processMouseEvent(JComponent.java:3389)
2026-06-16 04:49:18,528 [ERROR] LogOutputStream:75 - [STDERR_REDIRECT] 	at java.desktop/java.awt.Component.processEvent(Component.java:6391)
2026-06-16 04:49:18,528 [ERROR] LogOutputStream:75 - [STDERR_REDIRECT] 	at java.desktop/java.awt.Container.processEvent(Container.java:2266)
2026-06-16 04:49:18,529 [ERROR] LogOutputStream:75 - [STDERR_REDIRECT] 	at java.desktop/java.awt.Component.dispatchEventImpl(Component.java:5001)
2026-06-16 04:49:18,530 [ERROR] LogOutputStream:75 - [STDERR_REDIRECT] 	at java.desktop/java.awt.Container.dispatchEventImpl(Container.java:2324)
2026-06-16 04:49:18,531 [ERROR] LogOutputStream:75 - [STDERR_REDIRECT] 	at java.desktop/java.awt.Component.dispatchEvent(Component.java:4833)
2026-06-16 04:49:18,531 [ERROR] LogOutputStream:75 - [STDERR_REDIRECT] 	at java.desktop/java.awt.LightweightDispatcher.retargetMouseEvent(Container.java:4948)
2026-06-16 04:49:18,533 [ERROR] LogOutputStream:75 - [STDERR_REDIRECT] 	at java.desktop/java.awt.LightweightDispatcher.processMouseEvent(Container.java:4584)
2026-06-16 04:49:18,534 [ERROR] LogOutputStream:75 - [STDERR_REDIRECT] 	at java.desktop/java.awt.LightweightDispatcher.dispatchEvent(Container.java:4516)
2026-06-16 04:49:18,535 [ERROR] LogOutputStream:75 - [STDERR_REDIRECT] 	at java.desktop/java.awt.Container.dispatchEventImpl(Container.java:2310)
2026-06-16 04:49:18,536 [ERROR] LogOutputStream:75 - [STDERR_REDIRECT] 	at java.desktop/java.awt.Component.dispatchEvent(Component.java:4833)
2026-06-16 04:49:18,537 [ERROR] LogOutputStream:75 - [STDERR_REDIRECT] 	at java.desktop/java.awt.EventQueue.dispatchEventImpl(EventQueue.java:775)
2026-06-16 04:49:18,538 [ERROR] LogOutputStream:75 - [STDERR_REDIRECT] 	at java.desktop/java.awt.EventQueue$4.run(EventQueue.java:720)
2026-06-16 04:49:18,539 [ERROR] LogOutputStream:75 - [STDERR_REDIRECT] 	at java.desktop/java.awt.EventQueue$4.run(EventQueue.java:714)
2026-06-16 04:49:18,540 [ERROR] LogOutputStream:75 - [STDERR_REDIRECT] 	at java.base/java.security.AccessController.doPrivileged(AccessController.java:399)
2026-06-16 04:49:18,542 [ERROR] LogOutputStream:75 - [STDERR_REDIRECT] 	at java.base/java.security.ProtectionDomain$JavaSecurityAccessImpl.doIntersectionPrivilege(ProtectionDomain.java:86)
2026-06-16 04:49:18,543 [ERROR] LogOutputStream:75 - [STDERR_REDIRECT] 	at java.base/java.security.ProtectionDomain$JavaSecurityAccessImpl.doIntersectionPrivilege(ProtectionDomain.java:97)
2026-06-16 04:49:18,545 [ERROR] LogOutputStream:75 - [STDERR_REDIRECT] 	at java.desktop/java.awt.EventQueue$5.run(EventQueue.java:747)
2026-06-16 04:49:18,546 [ERROR] LogOutputStream:75 - [STDERR_REDIRECT] 	at java.desktop/java.awt.EventQueue$5.run(EventQueue.java:745)
2026-06-16 04:49:18,547 [ERROR] LogOutputStream:75 - [STDERR_REDIRECT] 	at java.base/java.security.AccessController.doPrivileged(AccessController.java:399)
2026-06-16 04:49:18,548 [ERROR] LogOutputStream:75 - [STDERR_REDIRECT] 	at java.base/java.security.ProtectionDomain$JavaSecurityAccessImpl.doIntersectionPrivilege(ProtectionDomain.java:86)
2026-06-16 04:49:18,549 [ERROR] LogOutputStream:75 - [STDERR_REDIRECT] 	at java.desktop/java.awt.EventQueue.dispatchEvent(EventQueue.java:744)
2026-06-16 04:49:18,550 [ERROR] LogOutputStream:75 - [STDERR_REDIRECT] 	at java.desktop/java.awt.EventDispatchThread.pumpOneEventForFilters(EventDispatchThread.java:203)
2026-06-16 04:49:18,551 [ERROR] LogOutputStream:75 - [STDERR_REDIRECT] 	at java.desktop/java.awt.EventDispatchThread.pumpEventsForFilter(EventDispatchThread.java:124)
2026-06-16 04:49:18,553 [ERROR] LogOutputStream:75 - [STDERR_REDIRECT] 	at java.desktop/java.awt.EventDispatchThread.pumpEventsForHierarchy(EventDispatchThread.java:113)
2026-06-16 04:49:18,554 [ERROR] LogOutputStream:75 - [STDERR_REDIRECT] 	at java.desktop/java.awt.EventDispatchThread.pumpEvents(EventDispatchThread.java:109)
2026-06-16 04:49:18,555 [ERROR] LogOutputStream:75 - [STDERR_REDIRECT] 	at java.desktop/java.awt.EventDispatchThread.pumpEvents(EventDispatchThread.java:101)
2026-06-16 04:49:18,556 [ERROR] LogOutputStream:75 - [STDERR_REDIRECT] 	at java.desktop/java.awt.EventDispatchThread.run(EventDispatchThread.java:90)
2026-06-16 04:49:22,667 [INFO] Gpio:277 - dependency for GPIO [ADC1, I2C1, RCC, TIM1, TIM2, TIM3, USART1]
2026-06-16 04:49:49,519 [INFO] Gpio:277 - dependency for GPIO [ADC1, I2C1, RCC, TIM1, TIM2, TIM3, USART1]
2026-06-16 04:49:49,568 [INFO] NvicIntPanel:101 - NVIC parent = com.st.microxplorer.plugins.ip.nvic.MultiNvicIntPanel[,0,0,0x0,invalid,layout=javax.swing.BoxLayout,alignmentX=0.0,alignmentY=0.0,border=,flags=9,maximumSize=,minimumSize=,preferredSize=]
2026-06-16 04:49:49,622 [INFO] Gpio:277 - dependency for GPIO [ADC1, I2C1, RCC, TIM1, TIM2, TIM3, USART1]
2026-06-16 04:49:49,672 [INFO] NvicIntPanel:101 - NVIC parent = com.st.microxplorer.plugins.ip.nvic.MultiNvicIntPanel[,0,0,0x0,invalid,layout=javax.swing.BoxLayout,alignmentX=0.0,alignmentY=0.0,border=,flags=9,maximumSize=,minimumSize=,preferredSize=]
2026-06-16 04:49:49,774 [WARN] IP:2120 - I2C_Coeff_DF not found: check if there is a RefParameter without a condition.
2026-06-16 04:49:49,774 [WARN] IP:2120 - Analog_Filter not found: check if there is a RefParameter without a condition.
2026-06-16 04:49:49,774 [WARN] IP:2120 - I2C_Coeff_DF not found: check if there is a RefParameter without a condition.
2026-06-16 04:49:49,774 [WARN] IP:2120 - Analog_Filter not found: check if there is a RefParameter without a condition.
2026-06-16 04:49:49,829 [WARN] IP:2120 - I2C_Coeff_DF not found: check if there is a RefParameter without a condition.
2026-06-16 04:49:49,829 [WARN] IP:2120 - Analog_Filter not found: check if there is a RefParameter without a condition.
2026-06-16 04:49:49,881 [WARN] IP:2120 - I2C_Coeff_DF not found: check if there is a RefParameter without a condition.
2026-06-16 04:49:49,881 [WARN] IP:2120 - Analog_Filter not found: check if there is a RefParameter without a condition.
2026-06-16 04:49:49,895 [INFO] Gpio:277 - dependency for GPIO [ADC1, I2C1, RCC, TIM1, TIM2, TIM3, USART1]
2026-06-16 04:49:49,950 [INFO] NvicIntPanel:101 - NVIC parent = com.st.microxplorer.plugins.ip.nvic.MultiNvicIntPanel[,0,0,0x0,invalid,layout=javax.swing.BoxLayout,alignmentX=0.0,alignmentY=0.0,border=,flags=9,maximumSize=,minimumSize=,preferredSize=]
2026-06-16 04:50:08,274 [ERROR] LogOutputStream:75 - [STDERR_REDIRECT] java.lang.Error: no ComponentUI class for: com.st.microxplorer.plugins.ip.nvic.CheckBoxHeader[,0,0,0x0,invalid,alignmentX=0.0,alignmentY=0.0,border=,flags=0,maximumSize=,minimumSize=,preferredSize=,defaultIcon=,disabledIcon=,disabledSelectedIcon=,margin=null,paintBorder=true,paintFocus=true,pressedIcon=,rolloverEnabled=false,rolloverIcon=,rolloverSelectedIcon=,selectedIcon=,text=]
2026-06-16 04:50:08,275 [ERROR] LogOutputStream:75 - [STDERR_REDIRECT] 	at java.desktop/javax.swing.UIDefaults.getUIError(UIDefaults.java:763)
2026-06-16 04:50:08,276 [ERROR] LogOutputStream:75 - [STDERR_REDIRECT] 	at java.desktop/javax.swing.MultiUIDefaults.getUIError(MultiUIDefaults.java:144)
2026-06-16 04:50:08,278 [ERROR] LogOutputStream:75 - [STDERR_REDIRECT] 	at java.desktop/javax.swing.UIDefaults.getUI(UIDefaults.java:793)
2026-06-16 04:50:08,279 [ERROR] LogOutputStream:75 - [STDERR_REDIRECT] 	at java.desktop/javax.swing.UIManager.getUI(UIManager.java:1073)
2026-06-16 04:50:08,281 [ERROR] LogOutputStream:75 - [STDERR_REDIRECT] 	at java.desktop/javax.swing.JCheckBox.updateUI(JCheckBox.java:228)
2026-06-16 04:50:08,282 [ERROR] LogOutputStream:75 - [STDERR_REDIRECT] 	at java.desktop/javax.swing.AbstractButton.init(AbstractButton.java:2141)
2026-06-16 04:50:08,283 [ERROR] LogOutputStream:75 - [STDERR_REDIRECT] 	at java.desktop/javax.swing.JToggleButton.<init>(JToggleButton.java:187)
2026-06-16 04:50:08,283 [ERROR] LogOutputStream:75 - [STDERR_REDIRECT] 	at java.desktop/javax.swing.JCheckBox.<init>(JCheckBox.java:176)
2026-06-16 04:50:08,285 [ERROR] LogOutputStream:75 - [STDERR_REDIRECT] 	at java.desktop/javax.swing.JCheckBox.<init>(JCheckBox.java:97)
2026-06-16 04:50:08,287 [ERROR] LogOutputStream:75 - [STDERR_REDIRECT] 	at com.st.microxplorer.plugins.ip.nvic.CheckBoxHeader.<init>(CheckBoxHeader.java:55)
2026-06-16 04:50:08,288 [ERROR] LogOutputStream:75 - [STDERR_REDIRECT] 	at com.st.microxplorer.plugins.ip.nvic.NvicCodeSelectionTable.<init>(NvicCodeSelectionTable.java:75)
2026-06-16 04:50:08,289 [ERROR] LogOutputStream:75 - [STDERR_REDIRECT] 	at com.st.microxplorer.plugins.ip.nvic.NvicCodePanel.initComponents(NvicCodePanel.java:102)
2026-06-16 04:50:08,290 [ERROR] LogOutputStream:75 - [STDERR_REDIRECT] 	at com.st.microxplorer.plugins.ip.nvic.NvicCodePanel.<init>(NvicCodePanel.java:78)
2026-06-16 04:50:08,291 [ERROR] LogOutputStream:75 - [STDERR_REDIRECT] 	at com.st.microxplorer.plugins.ip.nvic.NvicTabbedPanel.<init>(NvicTabbedPanel.java:57)
2026-06-16 04:50:08,292 [ERROR] LogOutputStream:75 - [STDERR_REDIRECT] 	at com.st.microxplorer.plugins.ip.nvic.Nvic.getUI(Nvic.java:73)
2026-06-16 04:50:08,293 [ERROR] LogOutputStream:75 - [STDERR_REDIRECT] 	at com.st.microxplorer.plugins.ipmanager.gui.BlockDiagram.createIpPanel(BlockDiagram.java:422)
2026-06-16 04:50:08,294 [ERROR] LogOutputStream:75 - [STDERR_REDIRECT] 	at com.st.microxplorer.plugins.ipmanager.gui.BlockDiagram.getIPConfigPanel(BlockDiagram.java:560)
2026-06-16 04:50:08,295 [ERROR] LogOutputStream:75 - [STDERR_REDIRECT] 	at com.st.microxplorer.plugins.ipmanager.gui.BlockDiagram.getIPConfigPanel(BlockDiagram.java:466)
2026-06-16 04:50:08,296 [ERROR] LogOutputStream:75 - [STDERR_REDIRECT] 	at com.st.microxplorer.plugins.ipmanager.gui.BlockDiagram.propertyChange(BlockDiagram.java:1390)
2026-06-16 04:50:08,297 [ERROR] LogOutputStream:75 - [STDERR_REDIRECT] 	at java.desktop/java.beans.PropertyChangeSupport.fire(PropertyChangeSupport.java:343)
2026-06-16 04:50:08,298 [ERROR] LogOutputStream:75 - [STDERR_REDIRECT] 	at java.desktop/java.beans.PropertyChangeSupport.firePropertyChange(PropertyChangeSupport.java:335)
2026-06-16 04:50:08,299 [ERROR] LogOutputStream:75 - [STDERR_REDIRECT] 	at java.desktop/java.beans.PropertyChangeSupport.firePropertyChange(PropertyChangeSupport.java:268)
2026-06-16 04:50:08,301 [ERROR] LogOutputStream:75 - [STDERR_REDIRECT] 	at com.st.microxplorer.util.MXPropertyChangeSupport.firePropertyChange(MXPropertyChangeSupport.java:54)
2026-06-16 04:50:08,302 [ERROR] LogOutputStream:75 - [STDERR_REDIRECT] 	at com.st.microxplorer.mxsystem.MxSystem.firePropertyChange(MxSystem.java:358)
2026-06-16 04:50:08,304 [ERROR] LogOutputStream:75 - [STDERR_REDIRECT] 	at com.st.microxplorer.plugins.pinoutconfig.guiV5.PeripheralsSelectionPanel.selectIP(PeripheralsSelectionPanel.java:409)
2026-06-16 04:50:08,306 [ERROR] LogOutputStream:75 - [STDERR_REDIRECT] 	at com.st.microxplorer.plugins.pinoutconfig.guiV5.PeripheralsListListener.mouseClicked(PeripheralsListListener.java:103)
2026-06-16 04:50:08,307 [ERROR] LogOutputStream:75 - [STDERR_REDIRECT] 	at java.desktop/java.awt.AWTEventMulticaster.mouseClicked(AWTEventMulticaster.java:278)
2026-06-16 04:50:08,308 [ERROR] LogOutputStream:75 - [STDERR_REDIRECT] 	at java.desktop/java.awt.Component.processMouseEvent(Component.java:6629)
2026-06-16 04:50:08,309 [ERROR] LogOutputStream:75 - [STDERR_REDIRECT] 	at java.desktop/javax.swing.JComponent.processMouseEvent(JComponent.java:3389)
2026-06-16 04:50:08,310 [ERROR] LogOutputStream:75 - [STDERR_REDIRECT] 	at java.desktop/java.awt.Component.processEvent(Component.java:6391)
2026-06-16 04:50:08,311 [ERROR] LogOutputStream:75 - [STDERR_REDIRECT] 	at java.desktop/java.awt.Container.processEvent(Container.java:2266)
2026-06-16 04:50:08,312 [ERROR] LogOutputStream:75 - [STDERR_REDIRECT] 	at java.desktop/java.awt.Component.dispatchEventImpl(Component.java:5001)
2026-06-16 04:50:08,313 [ERROR] LogOutputStream:75 - [STDERR_REDIRECT] 	at java.desktop/java.awt.Container.dispatchEventImpl(Container.java:2324)
2026-06-16 04:50:08,313 [ERROR] LogOutputStream:75 - [STDERR_REDIRECT] 	at java.desktop/java.awt.Component.dispatchEvent(Component.java:4833)
2026-06-16 04:50:08,314 [ERROR] LogOutputStream:75 - [STDERR_REDIRECT] 	at java.desktop/java.awt.LightweightDispatcher.retargetMouseEvent(Container.java:4948)
2026-06-16 04:50:08,315 [ERROR] LogOutputStream:75 - [STDERR_REDIRECT] 	at java.desktop/java.awt.LightweightDispatcher.processMouseEvent(Container.java:4584)
2026-06-16 04:50:08,316 [ERROR] LogOutputStream:75 - [STDERR_REDIRECT] 	at java.desktop/java.awt.LightweightDispatcher.dispatchEvent(Container.java:4516)
2026-06-16 04:50:08,317 [ERROR] LogOutputStream:75 - [STDERR_REDIRECT] 	at java.desktop/java.awt.Container.dispatchEventImpl(Container.java:2310)
2026-06-16 04:50:08,318 [ERROR] LogOutputStream:75 - [STDERR_REDIRECT] 	at java.desktop/java.awt.Component.dispatchEvent(Component.java:4833)
2026-06-16 04:50:08,319 [ERROR] LogOutputStream:75 - [STDERR_REDIRECT] 	at java.desktop/java.awt.EventQueue.dispatchEventImpl(EventQueue.java:775)
2026-06-16 04:50:08,320 [ERROR] LogOutputStream:75 - [STDERR_REDIRECT] 	at java.desktop/java.awt.EventQueue$4.run(EventQueue.java:720)
2026-06-16 04:50:08,321 [ERROR] LogOutputStream:75 - [STDERR_REDIRECT] 	at java.desktop/java.awt.EventQueue$4.run(EventQueue.java:714)
2026-06-16 04:50:08,322 [ERROR] LogOutputStream:75 - [STDERR_REDIRECT] 	at java.base/java.security.AccessController.doPrivileged(AccessController.java:399)
2026-06-16 04:50:08,323 [ERROR] LogOutputStream:75 - [STDERR_REDIRECT] 	at java.base/java.security.ProtectionDomain$JavaSecurityAccessImpl.doIntersectionPrivilege(ProtectionDomain.java:86)
2026-06-16 04:50:08,324 [ERROR] LogOutputStream:75 - [STDERR_REDIRECT] 	at java.base/java.security.ProtectionDomain$JavaSecurityAccessImpl.doIntersectionPrivilege(ProtectionDomain.java:97)
2026-06-16 04:50:08,325 [ERROR] LogOutputStream:75 - [STDERR_REDIRECT] 	at java.desktop/java.awt.EventQueue$5.run(EventQueue.java:747)
2026-06-16 04:50:08,326 [ERROR] LogOutputStream:75 - [STDERR_REDIRECT] 	at java.desktop/java.awt.EventQueue$5.run(EventQueue.java:745)
2026-06-16 04:50:08,327 [ERROR] LogOutputStream:75 - [STDERR_REDIRECT] 	at java.base/java.security.AccessController.doPrivileged(AccessController.java:399)
2026-06-16 04:50:08,329 [ERROR] LogOutputStream:75 - [STDERR_REDIRECT] 	at java.base/java.security.ProtectionDomain$JavaSecurityAccessImpl.doIntersectionPrivilege(ProtectionDomain.java:86)
2026-06-16 04:50:08,329 [ERROR] LogOutputStream:75 - [STDERR_REDIRECT] 	at java.desktop/java.awt.EventQueue.dispatchEvent(EventQueue.java:744)
2026-06-16 04:50:08,331 [ERROR] LogOutputStream:75 - [STDERR_REDIRECT] 	at java.desktop/java.awt.EventDispatchThread.pumpOneEventForFilters(EventDispatchThread.java:203)
2026-06-16 04:50:08,332 [ERROR] LogOutputStream:75 - [STDERR_REDIRECT] 	at java.desktop/java.awt.EventDispatchThread.pumpEventsForFilter(EventDispatchThread.java:124)
2026-06-16 04:50:08,333 [ERROR] LogOutputStream:75 - [STDERR_REDIRECT] 	at java.desktop/java.awt.EventDispatchThread.pumpEventsForHierarchy(EventDispatchThread.java:113)
2026-06-16 04:50:08,335 [ERROR] LogOutputStream:75 - [STDERR_REDIRECT] 	at java.desktop/java.awt.EventDispatchThread.pumpEvents(EventDispatchThread.java:109)
2026-06-16 04:50:08,336 [ERROR] LogOutputStream:75 - [STDERR_REDIRECT] 	at java.desktop/java.awt.EventDispatchThread.pumpEvents(EventDispatchThread.java:101)
2026-06-16 04:50:08,336 [ERROR] LogOutputStream:75 - [STDERR_REDIRECT] 	at java.desktop/java.awt.EventDispatchThread.run(EventDispatchThread.java:90)
2026-06-16 04:50:08,341 [ERROR] LogOutputStream:75 - [STDERR_REDIRECT] java.lang.Error: no ComponentUI class for: com.st.microxplorer.plugins.ip.nvic.CheckBoxHeader[,0,0,0x0,invalid,alignmentX=0.0,alignmentY=0.0,border=,flags=0,maximumSize=,minimumSize=,preferredSize=,defaultIcon=,disabledIcon=,disabledSelectedIcon=,margin=null,paintBorder=true,paintFocus=true,pressedIcon=,rolloverEnabled=false,rolloverIcon=,rolloverSelectedIcon=,selectedIcon=,text=]
2026-06-16 04:50:08,342 [ERROR] LogOutputStream:75 - [STDERR_REDIRECT] 	at java.desktop/javax.swing.UIDefaults.getUIError(UIDefaults.java:763)
2026-06-16 04:50:08,343 [ERROR] LogOutputStream:75 - [STDERR_REDIRECT] 	at java.desktop/javax.swing.MultiUIDefaults.getUIError(MultiUIDefaults.java:144)
2026-06-16 04:50:08,343 [ERROR] LogOutputStream:75 - [STDERR_REDIRECT] 	at java.desktop/javax.swing.UIDefaults.getUI(UIDefaults.java:793)
2026-06-16 04:50:08,344 [ERROR] LogOutputStream:75 - [STDERR_REDIRECT] 	at java.desktop/javax.swing.UIManager.getUI(UIManager.java:1073)
2026-06-16 04:50:08,345 [ERROR] LogOutputStream:75 - [STDERR_REDIRECT] 	at java.desktop/javax.swing.JCheckBox.updateUI(JCheckBox.java:228)
2026-06-16 04:50:08,346 [ERROR] LogOutputStream:75 - [STDERR_REDIRECT] 	at java.desktop/javax.swing.AbstractButton.init(AbstractButton.java:2141)
2026-06-16 04:50:08,347 [ERROR] LogOutputStream:75 - [STDERR_REDIRECT] 	at java.desktop/javax.swing.JToggleButton.<init>(JToggleButton.java:187)
2026-06-16 04:50:08,348 [ERROR] LogOutputStream:75 - [STDERR_REDIRECT] 	at java.desktop/javax.swing.JCheckBox.<init>(JCheckBox.java:176)
2026-06-16 04:50:08,349 [ERROR] LogOutputStream:75 - [STDERR_REDIRECT] 	at java.desktop/javax.swing.JCheckBox.<init>(JCheckBox.java:97)
2026-06-16 04:50:08,350 [ERROR] LogOutputStream:75 - [STDERR_REDIRECT] 	at com.st.microxplorer.plugins.ip.nvic.CheckBoxHeader.<init>(CheckBoxHeader.java:55)
2026-06-16 04:50:08,351 [ERROR] LogOutputStream:75 - [STDERR_REDIRECT] 	at com.st.microxplorer.plugins.ip.nvic.NvicCodeSelectionTable.<init>(NvicCodeSelectionTable.java:78)
2026-06-16 04:50:08,352 [ERROR] LogOutputStream:75 - [STDERR_REDIRECT] 	at com.st.microxplorer.plugins.ip.nvic.NvicCodePanel.initComponents(NvicCodePanel.java:102)
2026-06-16 04:50:08,353 [ERROR] LogOutputStream:75 - [STDERR_REDIRECT] 	at com.st.microxplorer.plugins.ip.nvic.NvicCodePanel.<init>(NvicCodePanel.java:78)
2026-06-16 04:50:08,355 [ERROR] LogOutputStream:75 - [STDERR_REDIRECT] 	at com.st.microxplorer.plugins.ip.nvic.NvicTabbedPanel.<init>(NvicTabbedPanel.java:57)
2026-06-16 04:50:08,356 [ERROR] LogOutputStream:75 - [STDERR_REDIRECT] 	at com.st.microxplorer.plugins.ip.nvic.Nvic.getUI(Nvic.java:73)
2026-06-16 04:50:08,357 [ERROR] LogOutputStream:75 - [STDERR_REDIRECT] 	at com.st.microxplorer.plugins.ipmanager.gui.BlockDiagram.createIpPanel(BlockDiagram.java:422)
2026-06-16 04:50:08,358 [ERROR] LogOutputStream:75 - [STDERR_REDIRECT] 	at com.st.microxplorer.plugins.ipmanager.gui.BlockDiagram.getIPConfigPanel(BlockDiagram.java:560)
2026-06-16 04:50:08,360 [ERROR] LogOutputStream:75 - [STDERR_REDIRECT] 	at com.st.microxplorer.plugins.ipmanager.gui.BlockDiagram.getIPConfigPanel(BlockDiagram.java:466)
2026-06-16 04:50:08,361 [ERROR] LogOutputStream:75 - [STDERR_REDIRECT] 	at com.st.microxplorer.plugins.ipmanager.gui.BlockDiagram.propertyChange(BlockDiagram.java:1390)
2026-06-16 04:50:08,362 [ERROR] LogOutputStream:75 - [STDERR_REDIRECT] 	at java.desktop/java.beans.PropertyChangeSupport.fire(PropertyChangeSupport.java:343)
2026-06-16 04:50:08,363 [ERROR] LogOutputStream:75 - [STDERR_REDIRECT] 	at java.desktop/java.beans.PropertyChangeSupport.firePropertyChange(PropertyChangeSupport.java:335)
2026-06-16 04:50:08,364 [ERROR] LogOutputStream:75 - [STDERR_REDIRECT] 	at java.desktop/java.beans.PropertyChangeSupport.firePropertyChange(PropertyChangeSupport.java:268)
2026-06-16 04:50:08,365 [ERROR] LogOutputStream:75 - [STDERR_REDIRECT] 	at com.st.microxplorer.util.MXPropertyChangeSupport.firePropertyChange(MXPropertyChangeSupport.java:54)
2026-06-16 04:50:08,366 [ERROR] LogOutputStream:75 - [STDERR_REDIRECT] 	at com.st.microxplorer.mxsystem.MxSystem.firePropertyChange(MxSystem.java:358)
2026-06-16 04:50:08,367 [ERROR] LogOutputStream:75 - [STDERR_REDIRECT] 	at com.st.microxplorer.plugins.pinoutconfig.guiV5.PeripheralsSelectionPanel.selectIP(PeripheralsSelectionPanel.java:409)
2026-06-16 04:50:08,369 [ERROR] LogOutputStream:75 - [STDERR_REDIRECT] 	at com.st.microxplorer.plugins.pinoutconfig.guiV5.PeripheralsListListener.mouseClicked(PeripheralsListListener.java:103)
2026-06-16 04:50:08,370 [ERROR] LogOutputStream:75 - [STDERR_REDIRECT] 	at java.desktop/java.awt.AWTEventMulticaster.mouseClicked(AWTEventMulticaster.java:278)
2026-06-16 04:50:08,370 [ERROR] LogOutputStream:75 - [STDERR_REDIRECT] 	at java.desktop/java.awt.Component.processMouseEvent(Component.java:6629)
2026-06-16 04:50:08,371 [ERROR] LogOutputStream:75 - [STDERR_REDIRECT] 	at java.desktop/javax.swing.JComponent.processMouseEvent(JComponent.java:3389)
2026-06-16 04:50:08,372 [ERROR] LogOutputStream:75 - [STDERR_REDIRECT] 	at java.desktop/java.awt.Component.processEvent(Component.java:6391)
2026-06-16 04:50:08,373 [ERROR] LogOutputStream:75 - [STDERR_REDIRECT] 	at java.desktop/java.awt.Container.processEvent(Container.java:2266)
2026-06-16 04:50:08,374 [ERROR] LogOutputStream:75 - [STDERR_REDIRECT] 	at java.desktop/java.awt.Component.dispatchEventImpl(Component.java:5001)
2026-06-16 04:50:08,376 [ERROR] LogOutputStream:75 - [STDERR_REDIRECT] 	at java.desktop/java.awt.Container.dispatchEventImpl(Container.java:2324)
2026-06-16 04:50:08,377 [ERROR] LogOutputStream:75 - [STDERR_REDIRECT] 	at java.desktop/java.awt.Component.dispatchEvent(Component.java:4833)
2026-06-16 04:50:08,378 [ERROR] LogOutputStream:75 - [STDERR_REDIRECT] 	at java.desktop/java.awt.LightweightDispatcher.retargetMouseEvent(Container.java:4948)
2026-06-16 04:50:08,379 [ERROR] LogOutputStream:75 - [STDERR_REDIRECT] 	at java.desktop/java.awt.LightweightDispatcher.processMouseEvent(Container.java:4584)
2026-06-16 04:50:08,380 [ERROR] LogOutputStream:75 - [STDERR_REDIRECT] 	at java.desktop/java.awt.LightweightDispatcher.dispatchEvent(Container.java:4516)
2026-06-16 04:50:08,381 [ERROR] LogOutputStream:75 - [STDERR_REDIRECT] 	at java.desktop/java.awt.Container.dispatchEventImpl(Container.java:2310)
2026-06-16 04:50:08,382 [ERROR] LogOutputStream:75 - [STDERR_REDIRECT] 	at java.desktop/java.awt.Component.dispatchEvent(Component.java:4833)
2026-06-16 04:50:08,382 [ERROR] LogOutputStream:75 - [STDERR_REDIRECT] 	at java.desktop/java.awt.EventQueue.dispatchEventImpl(EventQueue.java:775)
2026-06-16 04:50:08,383 [ERROR] LogOutputStream:75 - [STDERR_REDIRECT] 	at java.desktop/java.awt.EventQueue$4.run(EventQueue.java:720)
2026-06-16 04:50:08,383 [ERROR] LogOutputStream:75 - [STDERR_REDIRECT] 	at java.desktop/java.awt.EventQueue$4.run(EventQueue.java:714)
2026-06-16 04:50:08,384 [ERROR] LogOutputStream:75 - [STDERR_REDIRECT] 	at java.base/java.security.AccessController.doPrivileged(AccessController.java:399)
2026-06-16 04:50:08,386 [ERROR] LogOutputStream:75 - [STDERR_REDIRECT] 	at java.base/java.security.ProtectionDomain$JavaSecurityAccessImpl.doIntersectionPrivilege(ProtectionDomain.java:86)
2026-06-16 04:50:08,387 [ERROR] LogOutputStream:75 - [STDERR_REDIRECT] 	at java.base/java.security.ProtectionDomain$JavaSecurityAccessImpl.doIntersectionPrivilege(ProtectionDomain.java:97)
2026-06-16 04:50:08,388 [ERROR] LogOutputStream:75 - [STDERR_REDIRECT] 	at java.desktop/java.awt.EventQueue$5.run(EventQueue.java:747)
2026-06-16 04:50:08,389 [ERROR] LogOutputStream:75 - [STDERR_REDIRECT] 	at java.desktop/java.awt.EventQueue$5.run(EventQueue.java:745)
2026-06-16 04:50:08,390 [ERROR] LogOutputStream:75 - [STDERR_REDIRECT] 	at java.base/java.security.AccessController.doPrivileged(AccessController.java:399)
2026-06-16 04:50:08,393 [ERROR] LogOutputStream:75 - [STDERR_REDIRECT] 	at java.base/java.security.ProtectionDomain$JavaSecurityAccessImpl.doIntersectionPrivilege(ProtectionDomain.java:86)
2026-06-16 04:50:08,393 [ERROR] LogOutputStream:75 - [STDERR_REDIRECT] 	at java.desktop/java.awt.EventQueue.dispatchEvent(EventQueue.java:744)
2026-06-16 04:50:08,395 [ERROR] LogOutputStream:75 - [STDERR_REDIRECT] 	at java.desktop/java.awt.EventDispatchThread.pumpOneEventForFilters(EventDispatchThread.java:203)
2026-06-16 04:50:08,396 [ERROR] LogOutputStream:75 - [STDERR_REDIRECT] 	at java.desktop/java.awt.EventDispatchThread.pumpEventsForFilter(EventDispatchThread.java:124)
2026-06-16 04:50:08,397 [ERROR] LogOutputStream:75 - [STDERR_REDIRECT] 	at java.desktop/java.awt.EventDispatchThread.pumpEventsForHierarchy(EventDispatchThread.java:113)
2026-06-16 04:50:08,398 [ERROR] LogOutputStream:75 - [STDERR_REDIRECT] 	at java.desktop/java.awt.EventDispatchThread.pumpEvents(EventDispatchThread.java:109)
2026-06-16 04:50:08,399 [ERROR] LogOutputStream:75 - [STDERR_REDIRECT] 	at java.desktop/java.awt.EventDispatchThread.pumpEvents(EventDispatchThread.java:101)
2026-06-16 04:50:08,401 [ERROR] LogOutputStream:75 - [STDERR_REDIRECT] 	at java.desktop/java.awt.EventDispatchThread.run(EventDispatchThread.java:90)
2026-06-16 04:55:46,134 [ERROR] LogOutputStream:75 - [STDERR_REDIRECT] java.lang.Error: no ComponentUI class for: com.st.microxplorer.plugins.ip.nvic.CheckBoxHeader[,0,0,0x0,invalid,alignmentX=0.0,alignmentY=0.0,border=,flags=0,maximumSize=,minimumSize=,preferredSize=,defaultIcon=,disabledIcon=,disabledSelectedIcon=,margin=null,paintBorder=true,paintFocus=true,pressedIcon=,rolloverEnabled=false,rolloverIcon=,rolloverSelectedIcon=,selectedIcon=,text=]
2026-06-16 04:55:46,136 [ERROR] LogOutputStream:75 - [STDERR_REDIRECT] 	at java.desktop/javax.swing.UIDefaults.getUIError(UIDefaults.java:763)
2026-06-16 04:55:46,137 [ERROR] LogOutputStream:75 - [STDERR_REDIRECT] 	at java.desktop/javax.swing.MultiUIDefaults.getUIError(MultiUIDefaults.java:144)
2026-06-16 04:55:46,137 [ERROR] LogOutputStream:75 - [STDERR_REDIRECT] 	at java.desktop/javax.swing.UIDefaults.getUI(UIDefaults.java:793)
2026-06-16 04:55:46,138 [ERROR] LogOutputStream:75 - [STDERR_REDIRECT] 	at java.desktop/javax.swing.UIManager.getUI(UIManager.java:1073)
2026-06-16 04:55:46,139 [ERROR] LogOutputStream:75 - [STDERR_REDIRECT] 	at java.desktop/javax.swing.JCheckBox.updateUI(JCheckBox.java:228)
2026-06-16 04:55:46,140 [ERROR] LogOutputStream:75 - [STDERR_REDIRECT] 	at java.desktop/javax.swing.AbstractButton.init(AbstractButton.java:2141)
2026-06-16 04:55:46,141 [ERROR] LogOutputStream:75 - [STDERR_REDIRECT] 	at java.desktop/javax.swing.JToggleButton.<init>(JToggleButton.java:187)
2026-06-16 04:55:46,143 [ERROR] LogOutputStream:75 - [STDERR_REDIRECT] 	at java.desktop/javax.swing.JCheckBox.<init>(JCheckBox.java:176)
2026-06-16 04:55:46,143 [ERROR] LogOutputStream:75 - [STDERR_REDIRECT] 	at java.desktop/javax.swing.JCheckBox.<init>(JCheckBox.java:97)
2026-06-16 04:55:46,145 [ERROR] LogOutputStream:75 - [STDERR_REDIRECT] 	at com.st.microxplorer.plugins.ip.nvic.CheckBoxHeader.<init>(CheckBoxHeader.java:55)
2026-06-16 04:55:46,146 [ERROR] LogOutputStream:75 - [STDERR_REDIRECT] 	at com.st.microxplorer.plugins.ip.nvic.NvicCodeSelectionTable.<init>(NvicCodeSelectionTable.java:75)
2026-06-16 04:55:46,147 [ERROR] LogOutputStream:75 - [STDERR_REDIRECT] 	at com.st.microxplorer.plugins.ip.nvic.NvicCodePanel.initComponents(NvicCodePanel.java:102)
2026-06-16 04:55:46,149 [ERROR] LogOutputStream:75 - [STDERR_REDIRECT] 	at com.st.microxplorer.plugins.ip.nvic.NvicCodePanel.<init>(NvicCodePanel.java:78)
2026-06-16 04:55:46,151 [ERROR] LogOutputStream:75 - [STDERR_REDIRECT] 	at com.st.microxplorer.plugins.ip.nvic.NvicTabbedPanel.<init>(NvicTabbedPanel.java:57)
2026-06-16 04:55:46,153 [ERROR] LogOutputStream:75 - [STDERR_REDIRECT] 	at com.st.microxplorer.plugins.ip.nvic.Nvic.getUI(Nvic.java:73)
2026-06-16 04:55:46,155 [ERROR] LogOutputStream:75 - [STDERR_REDIRECT] 	at com.st.microxplorer.plugins.ipmanager.gui.BlockDiagram.createIpPanel(BlockDiagram.java:422)
2026-06-16 04:55:46,157 [ERROR] LogOutputStream:75 - [STDERR_REDIRECT] 	at com.st.microxplorer.plugins.ipmanager.gui.BlockDiagram.getIPConfigPanel(BlockDiagram.java:560)
2026-06-16 04:55:46,159 [ERROR] LogOutputStream:75 - [STDERR_REDIRECT] 	at com.st.microxplorer.plugins.ipmanager.gui.BlockDiagram.getIPConfigPanel(BlockDiagram.java:466)
2026-06-16 04:55:46,161 [ERROR] LogOutputStream:75 - [STDERR_REDIRECT] 	at com.st.microxplorer.plugins.ipmanager.gui.BlockDiagram.propertyChange(BlockDiagram.java:1344)
2026-06-16 04:55:46,162 [ERROR] LogOutputStream:75 - [STDERR_REDIRECT] 	at java.desktop/java.beans.PropertyChangeSupport.fire(PropertyChangeSupport.java:343)
2026-06-16 04:55:46,164 [ERROR] LogOutputStream:75 - [STDERR_REDIRECT] 	at java.desktop/java.beans.PropertyChangeSupport.firePropertyChange(PropertyChangeSupport.java:335)
2026-06-16 04:55:46,165 [ERROR] LogOutputStream:75 - [STDERR_REDIRECT] 	at com.st.microxplorer.mxsystem.MxSystem.propertyChange(MxSystem.java:474)
2026-06-16 04:55:46,166 [ERROR] LogOutputStream:75 - [STDERR_REDIRECT] 	at java.desktop/java.beans.PropertyChangeSupport.fire(PropertyChangeSupport.java:343)
2026-06-16 04:55:46,167 [ERROR] LogOutputStream:75 - [STDERR_REDIRECT] 	at java.desktop/java.beans.PropertyChangeSupport.firePropertyChange(PropertyChangeSupport.java:335)
2026-06-16 04:55:46,168 [ERROR] LogOutputStream:75 - [STDERR_REDIRECT] 	at com.st.microxplorer.mcu.Mcu.propertyChange(Mcu.java:1723)
2026-06-16 04:55:46,169 [ERROR] LogOutputStream:75 - [STDERR_REDIRECT] 	at java.desktop/java.beans.PropertyChangeSupport.fire(PropertyChangeSupport.java:343)
2026-06-16 04:55:46,170 [ERROR] LogOutputStream:75 - [STDERR_REDIRECT] 	at java.desktop/java.beans.PropertyChangeSupport.firePropertyChange(PropertyChangeSupport.java:335)
2026-06-16 04:55:46,172 [ERROR] LogOutputStream:75 - [STDERR_REDIRECT] 	at java.desktop/java.beans.PropertyChangeSupport.firePropertyChange(PropertyChangeSupport.java:268)
2026-06-16 04:55:46,174 [ERROR] LogOutputStream:75 - [STDERR_REDIRECT] 	at com.st.microxplorer.util.MXPropertyChangeSupport.firePropertyChange(MXPropertyChangeSupport.java:54)
2026-06-16 04:55:46,175 [ERROR] LogOutputStream:75 - [STDERR_REDIRECT] 	at com.st.microxplorer.mcu.IP.updateListOfCurrentParamValue(IP.java:4727)
2026-06-16 04:55:46,175 [ERROR] LogOutputStream:75 - [STDERR_REDIRECT] 	at com.st.microxplorer.mcu.IP.onPinChange(IP.java:4171)
2026-06-16 04:55:46,176 [ERROR] LogOutputStream:75 - [STDERR_REDIRECT] 	at com.st.microxplorer.mcu.IP.onPinChange(IP.java:4159)
2026-06-16 04:55:46,177 [ERROR] LogOutputStream:75 - [STDERR_REDIRECT] 	at com.st.microxplorer.mcu.IP.propertyChange(IP.java:4285)
2026-06-16 04:55:46,179 [ERROR] LogOutputStream:75 - [STDERR_REDIRECT] 	at java.desktop/java.beans.PropertyChangeSupport.fire(PropertyChangeSupport.java:343)
2026-06-16 04:55:46,181 [ERROR] LogOutputStream:75 - [STDERR_REDIRECT] 	at java.desktop/java.beans.PropertyChangeSupport.firePropertyChange(PropertyChangeSupport.java:335)
2026-06-16 04:55:46,182 [ERROR] LogOutputStream:75 - [STDERR_REDIRECT] 	at com.st.microxplorer.mcu.Mcu.propertyChange(Mcu.java:1802)
2026-06-16 04:55:46,183 [ERROR] LogOutputStream:75 - [STDERR_REDIRECT] 	at java.desktop/java.beans.PropertyChangeSupport.fire(PropertyChangeSupport.java:343)
2026-06-16 04:55:46,184 [ERROR] LogOutputStream:75 - [STDERR_REDIRECT] 	at java.desktop/java.beans.PropertyChangeSupport.firePropertyChange(PropertyChangeSupport.java:335)
2026-06-16 04:55:46,185 [ERROR] LogOutputStream:75 - [STDERR_REDIRECT] 	at java.desktop/java.beans.PropertyChangeSupport.firePropertyChange(PropertyChangeSupport.java:268)
2026-06-16 04:55:46,187 [ERROR] LogOutputStream:75 - [STDERR_REDIRECT] 	at com.st.microxplorer.util.MXPropertyChangeSupport.firePropertyChange(MXPropertyChangeSupport.java:54)
2026-06-16 04:55:46,187 [ERROR] LogOutputStream:75 - [STDERR_REDIRECT] 	at com.st.microxplorer.mcu.Pin.setSignal(Pin.java:1160)
2026-06-16 04:55:46,188 [ERROR] LogOutputStream:75 - [STDERR_REDIRECT] 	at com.st.microxplorer.mcu.Pin.setSignal(Pin.java:1182)
2026-06-16 04:55:46,189 [ERROR] LogOutputStream:75 - [STDERR_REDIRECT] 	at com.st.microxplorer.plugins.pinoutconfig.engine.AbstractGPin.setSignal(AbstractGPin.java:317)
2026-06-16 04:55:46,191 [ERROR] LogOutputStream:75 - [STDERR_REDIRECT] 	at com.st.microxplorer.plugins.pinoutconfig.engine.AbstractPackage.setSignalOnPin(AbstractPackage.java:391)
2026-06-16 04:55:46,193 [ERROR] LogOutputStream:75 - [STDERR_REDIRECT] 	at com.st.microxplorer.plugins.pinoutconfig.gui.PinOutPanel$SignalsList$2.mouseReleased(PinOutPanel.java:2440)
2026-06-16 04:55:46,194 [ERROR] LogOutputStream:75 - [STDERR_REDIRECT] 	at java.desktop/java.awt.AWTEventMulticaster.mouseReleased(AWTEventMulticaster.java:298)
2026-06-16 04:55:46,195 [ERROR] LogOutputStream:75 - [STDERR_REDIRECT] 	at java.desktop/java.awt.Component.processMouseEvent(Component.java:6626)
2026-06-16 04:55:46,195 [ERROR] LogOutputStream:75 - [STDERR_REDIRECT] 	at java.desktop/javax.swing.JComponent.processMouseEvent(JComponent.java:3389)
2026-06-16 04:55:46,196 [ERROR] LogOutputStream:75 - [STDERR_REDIRECT] 	at java.desktop/java.awt.Component.processEvent(Component.java:6391)
2026-06-16 04:55:46,198 [ERROR] LogOutputStream:75 - [STDERR_REDIRECT] 	at java.desktop/java.awt.Container.processEvent(Container.java:2266)
2026-06-16 04:55:46,199 [ERROR] LogOutputStream:75 - [STDERR_REDIRECT] 	at java.desktop/java.awt.Component.dispatchEventImpl(Component.java:5001)
2026-06-16 04:55:46,200 [ERROR] LogOutputStream:75 - [STDERR_REDIRECT] 	at java.desktop/java.awt.Container.dispatchEventImpl(Container.java:2324)
2026-06-16 04:55:46,201 [ERROR] LogOutputStream:75 - [STDERR_REDIRECT] 	at java.desktop/java.awt.Component.dispatchEvent(Component.java:4833)
2026-06-16 04:55:46,203 [ERROR] LogOutputStream:75 - [STDERR_REDIRECT] 	at java.desktop/java.awt.LightweightDispatcher.retargetMouseEvent(Container.java:4948)
2026-06-16 04:55:46,204 [ERROR] LogOutputStream:75 - [STDERR_REDIRECT] 	at java.desktop/java.awt.LightweightDispatcher.processMouseEvent(Container.java:4575)
2026-06-16 04:55:46,205 [ERROR] LogOutputStream:75 - [STDERR_REDIRECT] 	at java.desktop/java.awt.LightweightDispatcher.dispatchEvent(Container.java:4516)
2026-06-16 04:55:46,206 [ERROR] LogOutputStream:75 - [STDERR_REDIRECT] 	at java.desktop/java.awt.Container.dispatchEventImpl(Container.java:2310)
2026-06-16 04:55:46,207 [ERROR] LogOutputStream:75 - [STDERR_REDIRECT] 	at java.desktop/java.awt.Component.dispatchEvent(Component.java:4833)
2026-06-16 04:55:46,208 [ERROR] LogOutputStream:75 - [STDERR_REDIRECT] 	at java.desktop/java.awt.EventQueue.dispatchEventImpl(EventQueue.java:775)
2026-06-16 04:55:46,208 [ERROR] LogOutputStream:75 - [STDERR_REDIRECT] 	at java.desktop/java.awt.EventQueue$4.run(EventQueue.java:720)
2026-06-16 04:55:46,209 [ERROR] LogOutputStream:75 - [STDERR_REDIRECT] 	at java.desktop/java.awt.EventQueue$4.run(EventQueue.java:714)
2026-06-16 04:55:46,210 [ERROR] LogOutputStream:75 - [STDERR_REDIRECT] 	at java.base/java.security.AccessController.doPrivileged(AccessController.java:399)
2026-06-16 04:55:46,211 [ERROR] LogOutputStream:75 - [STDERR_REDIRECT] 	at java.base/java.security.ProtectionDomain$JavaSecurityAccessImpl.doIntersectionPrivilege(ProtectionDomain.java:86)
2026-06-16 04:55:46,213 [ERROR] LogOutputStream:75 - [STDERR_REDIRECT] 	at java.base/java.security.ProtectionDomain$JavaSecurityAccessImpl.doIntersectionPrivilege(ProtectionDomain.java:97)
2026-06-16 04:55:46,214 [ERROR] LogOutputStream:75 - [STDERR_REDIRECT] 	at java.desktop/java.awt.EventQueue$5.run(EventQueue.java:747)
2026-06-16 04:55:46,215 [ERROR] LogOutputStream:75 - [STDERR_REDIRECT] 	at java.desktop/java.awt.EventQueue$5.run(EventQueue.java:745)
2026-06-16 04:55:46,216 [ERROR] LogOutputStream:75 - [STDERR_REDIRECT] 	at java.base/java.security.AccessController.doPrivileged(AccessController.java:399)
2026-06-16 04:55:46,218 [ERROR] LogOutputStream:75 - [STDERR_REDIRECT] 	at java.base/java.security.ProtectionDomain$JavaSecurityAccessImpl.doIntersectionPrivilege(ProtectionDomain.java:86)
2026-06-16 04:55:46,219 [ERROR] LogOutputStream:75 - [STDERR_REDIRECT] 	at java.desktop/java.awt.EventQueue.dispatchEvent(EventQueue.java:744)
2026-06-16 04:55:46,220 [ERROR] LogOutputStream:75 - [STDERR_REDIRECT] 	at java.desktop/java.awt.EventDispatchThread.pumpOneEventForFilters(EventDispatchThread.java:203)
2026-06-16 04:55:46,221 [ERROR] LogOutputStream:75 - [STDERR_REDIRECT] 	at java.desktop/java.awt.EventDispatchThread.pumpEventsForFilter(EventDispatchThread.java:124)
2026-06-16 04:55:46,223 [ERROR] LogOutputStream:75 - [STDERR_REDIRECT] 	at java.desktop/java.awt.EventDispatchThread.pumpEventsForHierarchy(EventDispatchThread.java:113)
2026-06-16 04:55:46,224 [ERROR] LogOutputStream:75 - [STDERR_REDIRECT] 	at java.desktop/java.awt.EventDispatchThread.pumpEvents(EventDispatchThread.java:109)
2026-06-16 04:55:46,225 [ERROR] LogOutputStream:75 - [STDERR_REDIRECT] 	at java.desktop/java.awt.EventDispatchThread.pumpEvents(EventDispatchThread.java:101)
2026-06-16 04:55:46,227 [ERROR] LogOutputStream:75 - [STDERR_REDIRECT] 	at java.desktop/java.awt.EventDispatchThread.run(EventDispatchThread.java:90)
2026-06-16 04:55:46,231 [ERROR] LogOutputStream:75 - [STDERR_REDIRECT] java.lang.Error: no ComponentUI class for: com.st.microxplorer.plugins.ip.nvic.CheckBoxHeader[,0,0,0x0,invalid,alignmentX=0.0,alignmentY=0.0,border=,flags=0,maximumSize=,minimumSize=,preferredSize=,defaultIcon=,disabledIcon=,disabledSelectedIcon=,margin=null,paintBorder=true,paintFocus=true,pressedIcon=,rolloverEnabled=false,rolloverIcon=,rolloverSelectedIcon=,selectedIcon=,text=]
2026-06-16 04:55:46,232 [ERROR] LogOutputStream:75 - [STDERR_REDIRECT] 	at java.desktop/javax.swing.UIDefaults.getUIError(UIDefaults.java:763)
2026-06-16 04:55:46,234 [ERROR] LogOutputStream:75 - [STDERR_REDIRECT] 	at java.desktop/javax.swing.MultiUIDefaults.getUIError(MultiUIDefaults.java:144)
2026-06-16 04:55:46,235 [ERROR] LogOutputStream:75 - [STDERR_REDIRECT] 	at java.desktop/javax.swing.UIDefaults.getUI(UIDefaults.java:793)
2026-06-16 04:55:46,236 [ERROR] LogOutputStream:75 - [STDERR_REDIRECT] 	at java.desktop/javax.swing.UIManager.getUI(UIManager.java:1073)
2026-06-16 04:55:46,237 [ERROR] LogOutputStream:75 - [STDERR_REDIRECT] 	at java.desktop/javax.swing.JCheckBox.updateUI(JCheckBox.java:228)
2026-06-16 04:55:46,238 [ERROR] LogOutputStream:75 - [STDERR_REDIRECT] 	at java.desktop/javax.swing.AbstractButton.init(AbstractButton.java:2141)
2026-06-16 04:55:46,239 [ERROR] LogOutputStream:75 - [STDERR_REDIRECT] 	at java.desktop/javax.swing.JToggleButton.<init>(JToggleButton.java:187)
2026-06-16 04:55:46,240 [ERROR] LogOutputStream:75 - [STDERR_REDIRECT] 	at java.desktop/javax.swing.JCheckBox.<init>(JCheckBox.java:176)
2026-06-16 04:55:46,241 [ERROR] LogOutputStream:75 - [STDERR_REDIRECT] 	at java.desktop/javax.swing.JCheckBox.<init>(JCheckBox.java:97)
2026-06-16 04:55:46,243 [ERROR] LogOutputStream:75 - [STDERR_REDIRECT] 	at com.st.microxplorer.plugins.ip.nvic.CheckBoxHeader.<init>(CheckBoxHeader.java:55)
2026-06-16 04:55:46,244 [ERROR] LogOutputStream:75 - [STDERR_REDIRECT] 	at com.st.microxplorer.plugins.ip.nvic.NvicCodeSelectionTable.<init>(NvicCodeSelectionTable.java:78)
2026-06-16 04:55:46,245 [ERROR] LogOutputStream:75 - [STDERR_REDIRECT] 	at com.st.microxplorer.plugins.ip.nvic.NvicCodePanel.initComponents(NvicCodePanel.java:102)
2026-06-16 04:55:46,247 [ERROR] LogOutputStream:75 - [STDERR_REDIRECT] 	at com.st.microxplorer.plugins.ip.nvic.NvicCodePanel.<init>(NvicCodePanel.java:78)
2026-06-16 04:55:46,248 [ERROR] LogOutputStream:75 - [STDERR_REDIRECT] 	at com.st.microxplorer.plugins.ip.nvic.NvicTabbedPanel.<init>(NvicTabbedPanel.java:57)
2026-06-16 04:55:46,250 [ERROR] LogOutputStream:75 - [STDERR_REDIRECT] 	at com.st.microxplorer.plugins.ip.nvic.Nvic.getUI(Nvic.java:73)
2026-06-16 04:55:46,251 [ERROR] LogOutputStream:75 - [STDERR_REDIRECT] 	at com.st.microxplorer.plugins.ipmanager.gui.BlockDiagram.createIpPanel(BlockDiagram.java:422)
2026-06-16 04:55:46,252 [ERROR] LogOutputStream:75 - [STDERR_REDIRECT] 	at com.st.microxplorer.plugins.ipmanager.gui.BlockDiagram.getIPConfigPanel(BlockDiagram.java:560)
2026-06-16 04:55:46,253 [ERROR] LogOutputStream:75 - [STDERR_REDIRECT] 	at com.st.microxplorer.plugins.ipmanager.gui.BlockDiagram.getIPConfigPanel(BlockDiagram.java:466)
2026-06-16 04:55:46,254 [ERROR] LogOutputStream:75 - [STDERR_REDIRECT] 	at com.st.microxplorer.plugins.ipmanager.gui.BlockDiagram.propertyChange(BlockDiagram.java:1344)
2026-06-16 04:55:46,255 [ERROR] LogOutputStream:75 - [STDERR_REDIRECT] 	at java.desktop/java.beans.PropertyChangeSupport.fire(PropertyChangeSupport.java:343)
2026-06-16 04:55:46,256 [ERROR] LogOutputStream:75 - [STDERR_REDIRECT] 	at java.desktop/java.beans.PropertyChangeSupport.firePropertyChange(PropertyChangeSupport.java:335)
2026-06-16 04:55:46,257 [ERROR] LogOutputStream:75 - [STDERR_REDIRECT] 	at com.st.microxplorer.mxsystem.MxSystem.propertyChange(MxSystem.java:474)
2026-06-16 04:55:46,259 [ERROR] LogOutputStream:75 - [STDERR_REDIRECT] 	at java.desktop/java.beans.PropertyChangeSupport.fire(PropertyChangeSupport.java:343)
2026-06-16 04:55:46,260 [ERROR] LogOutputStream:75 - [STDERR_REDIRECT] 	at java.desktop/java.beans.PropertyChangeSupport.firePropertyChange(PropertyChangeSupport.java:335)
2026-06-16 04:55:46,261 [ERROR] LogOutputStream:75 - [STDERR_REDIRECT] 	at com.st.microxplorer.mcu.Mcu.propertyChange(Mcu.java:1723)
2026-06-16 04:55:46,262 [ERROR] LogOutputStream:75 - [STDERR_REDIRECT] 	at java.desktop/java.beans.PropertyChangeSupport.fire(PropertyChangeSupport.java:343)
2026-06-16 04:55:46,264 [ERROR] LogOutputStream:75 - [STDERR_REDIRECT] 	at java.desktop/java.beans.PropertyChangeSupport.firePropertyChange(PropertyChangeSupport.java:335)
2026-06-16 04:55:46,265 [ERROR] LogOutputStream:75 - [STDERR_REDIRECT] 	at java.desktop/java.beans.PropertyChangeSupport.firePropertyChange(PropertyChangeSupport.java:268)
2026-06-16 04:55:46,267 [ERROR] LogOutputStream:75 - [STDERR_REDIRECT] 	at com.st.microxplorer.util.MXPropertyChangeSupport.firePropertyChange(MXPropertyChangeSupport.java:54)
2026-06-16 04:55:46,268 [ERROR] LogOutputStream:75 - [STDERR_REDIRECT] 	at com.st.microxplorer.mcu.IP.updateListOfCurrentParamValue(IP.java:4727)
2026-06-16 04:55:46,268 [ERROR] LogOutputStream:75 - [STDERR_REDIRECT] 	at com.st.microxplorer.mcu.IP.onPinChange(IP.java:4171)
2026-06-16 04:55:46,269 [ERROR] LogOutputStream:75 - [STDERR_REDIRECT] 	at com.st.microxplorer.mcu.IP.onPinChange(IP.java:4159)
2026-06-16 04:55:46,270 [ERROR] LogOutputStream:75 - [STDERR_REDIRECT] 	at com.st.microxplorer.mcu.IP.propertyChange(IP.java:4285)
2026-06-16 04:55:46,271 [ERROR] LogOutputStream:75 - [STDERR_REDIRECT] 	at java.desktop/java.beans.PropertyChangeSupport.fire(PropertyChangeSupport.java:343)
2026-06-16 04:55:46,272 [ERROR] LogOutputStream:75 - [STDERR_REDIRECT] 	at java.desktop/java.beans.PropertyChangeSupport.firePropertyChange(PropertyChangeSupport.java:335)
2026-06-16 04:55:46,273 [ERROR] LogOutputStream:75 - [STDERR_REDIRECT] 	at com.st.microxplorer.mcu.Mcu.propertyChange(Mcu.java:1802)
2026-06-16 04:55:46,274 [ERROR] LogOutputStream:75 - [STDERR_REDIRECT] 	at java.desktop/java.beans.PropertyChangeSupport.fire(PropertyChangeSupport.java:343)
2026-06-16 04:55:46,275 [ERROR] LogOutputStream:75 - [STDERR_REDIRECT] 	at java.desktop/java.beans.PropertyChangeSupport.firePropertyChange(PropertyChangeSupport.java:335)
2026-06-16 04:55:46,277 [ERROR] LogOutputStream:75 - [STDERR_REDIRECT] 	at java.desktop/java.beans.PropertyChangeSupport.firePropertyChange(PropertyChangeSupport.java:268)
2026-06-16 04:55:46,278 [ERROR] LogOutputStream:75 - [STDERR_REDIRECT] 	at com.st.microxplorer.util.MXPropertyChangeSupport.firePropertyChange(MXPropertyChangeSupport.java:54)
2026-06-16 04:55:46,279 [ERROR] LogOutputStream:75 - [STDERR_REDIRECT] 	at com.st.microxplorer.mcu.Pin.setSignal(Pin.java:1160)
2026-06-16 04:55:46,280 [ERROR] LogOutputStream:75 - [STDERR_REDIRECT] 	at com.st.microxplorer.mcu.Pin.setSignal(Pin.java:1182)
2026-06-16 04:55:46,281 [ERROR] LogOutputStream:75 - [STDERR_REDIRECT] 	at com.st.microxplorer.plugins.pinoutconfig.engine.AbstractGPin.setSignal(AbstractGPin.java:317)
2026-06-16 04:55:46,283 [ERROR] LogOutputStream:75 - [STDERR_REDIRECT] 	at com.st.microxplorer.plugins.pinoutconfig.engine.AbstractPackage.setSignalOnPin(AbstractPackage.java:391)
2026-06-16 04:55:46,285 [ERROR] LogOutputStream:75 - [STDERR_REDIRECT] 	at com.st.microxplorer.plugins.pinoutconfig.gui.PinOutPanel$SignalsList$2.mouseReleased(PinOutPanel.java:2440)
2026-06-16 04:55:46,286 [ERROR] LogOutputStream:75 - [STDERR_REDIRECT] 	at java.desktop/java.awt.AWTEventMulticaster.mouseReleased(AWTEventMulticaster.java:298)
2026-06-16 04:55:46,287 [ERROR] LogOutputStream:75 - [STDERR_REDIRECT] 	at java.desktop/java.awt.Component.processMouseEvent(Component.java:6626)
2026-06-16 04:55:46,288 [ERROR] LogOutputStream:75 - [STDERR_REDIRECT] 	at java.desktop/javax.swing.JComponent.processMouseEvent(JComponent.java:3389)
2026-06-16 04:55:46,289 [ERROR] LogOutputStream:75 - [STDERR_REDIRECT] 	at java.desktop/java.awt.Component.processEvent(Component.java:6391)
2026-06-16 04:55:46,290 [ERROR] LogOutputStream:75 - [STDERR_REDIRECT] 	at java.desktop/java.awt.Container.processEvent(Container.java:2266)
2026-06-16 04:55:46,291 [ERROR] LogOutputStream:75 - [STDERR_REDIRECT] 	at java.desktop/java.awt.Component.dispatchEventImpl(Component.java:5001)
2026-06-16 04:55:46,291 [ERROR] LogOutputStream:75 - [STDERR_REDIRECT] 	at java.desktop/java.awt.Container.dispatchEventImpl(Container.java:2324)
2026-06-16 04:55:46,292 [ERROR] LogOutputStream:75 - [STDERR_REDIRECT] 	at java.desktop/java.awt.Component.dispatchEvent(Component.java:4833)
2026-06-16 04:55:46,293 [ERROR] LogOutputStream:75 - [STDERR_REDIRECT] 	at java.desktop/java.awt.LightweightDispatcher.retargetMouseEvent(Container.java:4948)
2026-06-16 04:55:46,294 [ERROR] LogOutputStream:75 - [STDERR_REDIRECT] 	at java.desktop/java.awt.LightweightDispatcher.processMouseEvent(Container.java:4575)
2026-06-16 04:55:46,295 [ERROR] LogOutputStream:75 - [STDERR_REDIRECT] 	at java.desktop/java.awt.LightweightDispatcher.dispatchEvent(Container.java:4516)
2026-06-16 04:55:46,296 [ERROR] LogOutputStream:75 - [STDERR_REDIRECT] 	at java.desktop/java.awt.Container.dispatchEventImpl(Container.java:2310)
2026-06-16 04:55:46,297 [ERROR] LogOutputStream:75 - [STDERR_REDIRECT] 	at java.desktop/java.awt.Component.dispatchEvent(Component.java:4833)
2026-06-16 04:55:46,299 [ERROR] LogOutputStream:75 - [STDERR_REDIRECT] 	at java.desktop/java.awt.EventQueue.dispatchEventImpl(EventQueue.java:775)
2026-06-16 04:55:46,300 [ERROR] LogOutputStream:75 - [STDERR_REDIRECT] 	at java.desktop/java.awt.EventQueue$4.run(EventQueue.java:720)
2026-06-16 04:55:46,301 [ERROR] LogOutputStream:75 - [STDERR_REDIRECT] 	at java.desktop/java.awt.EventQueue$4.run(EventQueue.java:714)
2026-06-16 04:55:46,302 [ERROR] LogOutputStream:75 - [STDERR_REDIRECT] 	at java.base/java.security.AccessController.doPrivileged(AccessController.java:399)
2026-06-16 04:55:46,304 [ERROR] LogOutputStream:75 - [STDERR_REDIRECT] 	at java.base/java.security.ProtectionDomain$JavaSecurityAccessImpl.doIntersectionPrivilege(ProtectionDomain.java:86)
2026-06-16 04:55:46,305 [ERROR] LogOutputStream:75 - [STDERR_REDIRECT] 	at java.base/java.security.ProtectionDomain$JavaSecurityAccessImpl.doIntersectionPrivilege(ProtectionDomain.java:97)
2026-06-16 04:55:46,307 [ERROR] LogOutputStream:75 - [STDERR_REDIRECT] 	at java.desktop/java.awt.EventQueue$5.run(EventQueue.java:747)
2026-06-16 04:55:46,307 [ERROR] LogOutputStream:75 - [STDERR_REDIRECT] 	at java.desktop/java.awt.EventQueue$5.run(EventQueue.java:745)
2026-06-16 04:55:46,308 [ERROR] LogOutputStream:75 - [STDERR_REDIRECT] 	at java.base/java.security.AccessController.doPrivileged(AccessController.java:399)
2026-06-16 04:55:46,310 [ERROR] LogOutputStream:75 - [STDERR_REDIRECT] 	at java.base/java.security.ProtectionDomain$JavaSecurityAccessImpl.doIntersectionPrivilege(ProtectionDomain.java:86)
2026-06-16 04:55:46,311 [ERROR] LogOutputStream:75 - [STDERR_REDIRECT] 	at java.desktop/java.awt.EventQueue.dispatchEvent(EventQueue.java:744)
2026-06-16 04:55:46,312 [ERROR] LogOutputStream:75 - [STDERR_REDIRECT] 	at java.desktop/java.awt.EventDispatchThread.pumpOneEventForFilters(EventDispatchThread.java:203)
2026-06-16 04:55:46,313 [ERROR] LogOutputStream:75 - [STDERR_REDIRECT] 	at java.desktop/java.awt.EventDispatchThread.pumpEventsForFilter(EventDispatchThread.java:124)
2026-06-16 04:55:46,315 [ERROR] LogOutputStream:75 - [STDERR_REDIRECT] 	at java.desktop/java.awt.EventDispatchThread.pumpEventsForHierarchy(EventDispatchThread.java:113)
2026-06-16 04:55:46,316 [ERROR] LogOutputStream:75 - [STDERR_REDIRECT] 	at java.desktop/java.awt.EventDispatchThread.pumpEvents(EventDispatchThread.java:109)
2026-06-16 04:55:46,317 [ERROR] LogOutputStream:75 - [STDERR_REDIRECT] 	at java.desktop/java.awt.EventDispatchThread.pumpEvents(EventDispatchThread.java:101)
2026-06-16 04:55:46,318 [ERROR] LogOutputStream:75 - [STDERR_REDIRECT] 	at java.desktop/java.awt.EventDispatchThread.run(EventDispatchThread.java:90)
2026-06-16 04:55:46,396 [WARN] IP:2120 - I2C_Coeff_DF not found: check if there is a RefParameter without a condition.
2026-06-16 04:55:46,396 [WARN] IP:2120 - Analog_Filter not found: check if there is a RefParameter without a condition.
2026-06-16 04:55:46,397 [WARN] IP:2120 - I2C_Coeff_DF not found: check if there is a RefParameter without a condition.
2026-06-16 04:55:46,397 [WARN] IP:2120 - Analog_Filter not found: check if there is a RefParameter without a condition.
2026-06-16 04:55:46,445 [WARN] IP:2120 - I2C_Coeff_DF not found: check if there is a RefParameter without a condition.
2026-06-16 04:55:46,446 [WARN] IP:2120 - Analog_Filter not found: check if there is a RefParameter without a condition.
2026-06-16 04:55:46,491 [WARN] IP:2120 - I2C_Coeff_DF not found: check if there is a RefParameter without a condition.
2026-06-16 04:55:46,491 [WARN] IP:2120 - Analog_Filter not found: check if there is a RefParameter without a condition.
2026-06-16 04:55:46,619 [ERROR] LogOutputStream:75 - [STDERR_REDIRECT] java.lang.Error: no ComponentUI class for: com.st.microxplorer.plugins.ip.nvic.CheckBoxHeader[,0,0,0x0,invalid,alignmentX=0.0,alignmentY=0.0,border=,flags=0,maximumSize=,minimumSize=,preferredSize=,defaultIcon=,disabledIcon=,disabledSelectedIcon=,margin=null,paintBorder=true,paintFocus=true,pressedIcon=,rolloverEnabled=false,rolloverIcon=,rolloverSelectedIcon=,selectedIcon=,text=]
2026-06-16 04:55:46,620 [ERROR] LogOutputStream:75 - [STDERR_REDIRECT] 	at java.desktop/javax.swing.UIDefaults.getUIError(UIDefaults.java:763)
2026-06-16 04:55:46,621 [ERROR] LogOutputStream:75 - [STDERR_REDIRECT] 	at java.desktop/javax.swing.MultiUIDefaults.getUIError(MultiUIDefaults.java:144)
2026-06-16 04:55:46,622 [ERROR] LogOutputStream:75 - [STDERR_REDIRECT] 	at java.desktop/javax.swing.UIDefaults.getUI(UIDefaults.java:793)
2026-06-16 04:55:46,623 [ERROR] LogOutputStream:75 - [STDERR_REDIRECT] 	at java.desktop/javax.swing.UIManager.getUI(UIManager.java:1073)
2026-06-16 04:55:46,624 [ERROR] LogOutputStream:75 - [STDERR_REDIRECT] 	at java.desktop/javax.swing.JCheckBox.updateUI(JCheckBox.java:228)
2026-06-16 04:55:46,625 [ERROR] LogOutputStream:75 - [STDERR_REDIRECT] 	at java.desktop/javax.swing.AbstractButton.init(AbstractButton.java:2141)
2026-06-16 04:55:46,626 [ERROR] LogOutputStream:75 - [STDERR_REDIRECT] 	at java.desktop/javax.swing.JToggleButton.<init>(JToggleButton.java:187)
2026-06-16 04:55:46,627 [ERROR] LogOutputStream:75 - [STDERR_REDIRECT] 	at java.desktop/javax.swing.JCheckBox.<init>(JCheckBox.java:176)
2026-06-16 04:55:46,628 [ERROR] LogOutputStream:75 - [STDERR_REDIRECT] 	at java.desktop/javax.swing.JCheckBox.<init>(JCheckBox.java:97)
2026-06-16 04:55:46,629 [ERROR] LogOutputStream:75 - [STDERR_REDIRECT] 	at com.st.microxplorer.plugins.ip.nvic.CheckBoxHeader.<init>(CheckBoxHeader.java:55)
2026-06-16 04:55:46,630 [ERROR] LogOutputStream:75 - [STDERR_REDIRECT] 	at com.st.microxplorer.plugins.ip.nvic.NvicCodeSelectionTable.<init>(NvicCodeSelectionTable.java:75)
2026-06-16 04:55:46,631 [ERROR] LogOutputStream:75 - [STDERR_REDIRECT] 	at com.st.microxplorer.plugins.ip.nvic.NvicCodePanel.initComponents(NvicCodePanel.java:102)
2026-06-16 04:55:46,632 [ERROR] LogOutputStream:75 - [STDERR_REDIRECT] 	at com.st.microxplorer.plugins.ip.nvic.NvicCodePanel.<init>(NvicCodePanel.java:78)
2026-06-16 04:55:46,633 [ERROR] LogOutputStream:75 - [STDERR_REDIRECT] 	at com.st.microxplorer.plugins.ip.nvic.NvicTabbedPanel.<init>(NvicTabbedPanel.java:57)
2026-06-16 04:55:46,634 [ERROR] LogOutputStream:75 - [STDERR_REDIRECT] 	at com.st.microxplorer.plugins.ip.nvic.Nvic.getUI(Nvic.java:73)
2026-06-16 04:55:46,635 [ERROR] LogOutputStream:75 - [STDERR_REDIRECT] 	at com.st.microxplorer.plugins.ipmanager.gui.BlockDiagram.createIpPanel(BlockDiagram.java:422)
2026-06-16 04:55:46,636 [ERROR] LogOutputStream:75 - [STDERR_REDIRECT] 	at com.st.microxplorer.plugins.ipmanager.gui.BlockDiagram.getIPConfigPanel(BlockDiagram.java:560)
2026-06-16 04:55:46,638 [ERROR] LogOutputStream:75 - [STDERR_REDIRECT] 	at com.st.microxplorer.plugins.ipmanager.gui.BlockDiagram.getIPConfigPanel(BlockDiagram.java:466)
2026-06-16 04:55:46,639 [ERROR] LogOutputStream:75 - [STDERR_REDIRECT] 	at com.st.microxplorer.plugins.ipmanager.gui.BlockDiagram.propertyChange(BlockDiagram.java:1344)
2026-06-16 04:55:46,640 [ERROR] LogOutputStream:75 - [STDERR_REDIRECT] 	at java.desktop/java.beans.PropertyChangeSupport.fire(PropertyChangeSupport.java:343)
2026-06-16 04:55:46,641 [ERROR] LogOutputStream:75 - [STDERR_REDIRECT] 	at java.desktop/java.beans.PropertyChangeSupport.firePropertyChange(PropertyChangeSupport.java:335)
2026-06-16 04:55:46,642 [ERROR] LogOutputStream:75 - [STDERR_REDIRECT] 	at com.st.microxplorer.mxsystem.MxSystem.propertyChange(MxSystem.java:474)
2026-06-16 04:55:46,643 [ERROR] LogOutputStream:75 - [STDERR_REDIRECT] 	at java.desktop/java.beans.PropertyChangeSupport.fire(PropertyChangeSupport.java:343)
2026-06-16 04:55:46,644 [ERROR] LogOutputStream:75 - [STDERR_REDIRECT] 	at java.desktop/java.beans.PropertyChangeSupport.firePropertyChange(PropertyChangeSupport.java:335)
2026-06-16 04:55:46,646 [ERROR] LogOutputStream:75 - [STDERR_REDIRECT] 	at java.desktop/java.beans.PropertyChangeSupport.firePropertyChange(PropertyChangeSupport.java:268)
2026-06-16 04:55:46,647 [ERROR] LogOutputStream:75 - [STDERR_REDIRECT] 	at com.st.microxplorer.util.MXPropertyChangeSupport.firePropertyChange(MXPropertyChangeSupport.java:54)
2026-06-16 04:55:46,648 [ERROR] LogOutputStream:75 - [STDERR_REDIRECT] 	at com.st.microxplorer.mcu.Mcu.propertyChange(Mcu.java:1803)
2026-06-16 04:55:46,649 [ERROR] LogOutputStream:75 - [STDERR_REDIRECT] 	at java.desktop/java.beans.PropertyChangeSupport.fire(PropertyChangeSupport.java:343)
2026-06-16 04:55:46,650 [ERROR] LogOutputStream:75 - [STDERR_REDIRECT] 	at java.desktop/java.beans.PropertyChangeSupport.firePropertyChange(PropertyChangeSupport.java:335)
2026-06-16 04:55:46,651 [ERROR] LogOutputStream:75 - [STDERR_REDIRECT] 	at java.desktop/java.beans.PropertyChangeSupport.firePropertyChange(PropertyChangeSupport.java:268)
2026-06-16 04:55:46,652 [ERROR] LogOutputStream:75 - [STDERR_REDIRECT] 	at com.st.microxplorer.util.MXPropertyChangeSupport.firePropertyChange(MXPropertyChangeSupport.java:54)
2026-06-16 04:55:46,653 [ERROR] LogOutputStream:75 - [STDERR_REDIRECT] 	at com.st.microxplorer.mcu.Pin.setSignal(Pin.java:1160)
2026-06-16 04:55:46,654 [ERROR] LogOutputStream:75 - [STDERR_REDIRECT] 	at com.st.microxplorer.mcu.Pin.setSignal(Pin.java:1182)
2026-06-16 04:55:46,655 [ERROR] LogOutputStream:75 - [STDERR_REDIRECT] 	at com.st.microxplorer.plugins.pinoutconfig.engine.AbstractGPin.setSignal(AbstractGPin.java:317)
2026-06-16 04:55:46,657 [ERROR] LogOutputStream:75 - [STDERR_REDIRECT] 	at com.st.microxplorer.plugins.pinoutconfig.engine.AbstractPackage.setSignalOnPin(AbstractPackage.java:391)
2026-06-16 04:55:46,658 [ERROR] LogOutputStream:75 - [STDERR_REDIRECT] 	at com.st.microxplorer.plugins.pinoutconfig.gui.PinOutPanel$SignalsList$2.mouseReleased(PinOutPanel.java:2440)
2026-06-16 04:55:46,659 [ERROR] LogOutputStream:75 - [STDERR_REDIRECT] 	at java.desktop/java.awt.AWTEventMulticaster.mouseReleased(AWTEventMulticaster.java:298)
2026-06-16 04:55:46,660 [ERROR] LogOutputStream:75 - [STDERR_REDIRECT] 	at java.desktop/java.awt.Component.processMouseEvent(Component.java:6626)
2026-06-16 04:55:46,661 [ERROR] LogOutputStream:75 - [STDERR_REDIRECT] 	at java.desktop/javax.swing.JComponent.processMouseEvent(JComponent.java:3389)
2026-06-16 04:55:46,662 [ERROR] LogOutputStream:75 - [STDERR_REDIRECT] 	at java.desktop/java.awt.Component.processEvent(Component.java:6391)
2026-06-16 04:55:46,663 [ERROR] LogOutputStream:75 - [STDERR_REDIRECT] 	at java.desktop/java.awt.Container.processEvent(Container.java:2266)
2026-06-16 04:55:46,664 [ERROR] LogOutputStream:75 - [STDERR_REDIRECT] 	at java.desktop/java.awt.Component.dispatchEventImpl(Component.java:5001)
2026-06-16 04:55:46,665 [ERROR] LogOutputStream:75 - [STDERR_REDIRECT] 	at java.desktop/java.awt.Container.dispatchEventImpl(Container.java:2324)
2026-06-16 04:55:46,666 [ERROR] LogOutputStream:75 - [STDERR_REDIRECT] 	at java.desktop/java.awt.Component.dispatchEvent(Component.java:4833)
2026-06-16 04:55:46,667 [ERROR] LogOutputStream:75 - [STDERR_REDIRECT] 	at java.desktop/java.awt.LightweightDispatcher.retargetMouseEvent(Container.java:4948)
2026-06-16 04:55:46,669 [ERROR] LogOutputStream:75 - [STDERR_REDIRECT] 	at java.desktop/java.awt.LightweightDispatcher.processMouseEvent(Container.java:4575)
2026-06-16 04:55:46,670 [ERROR] LogOutputStream:75 - [STDERR_REDIRECT] 	at java.desktop/java.awt.LightweightDispatcher.dispatchEvent(Container.java:4516)
2026-06-16 04:55:46,671 [ERROR] LogOutputStream:75 - [STDERR_REDIRECT] 	at java.desktop/java.awt.Container.dispatchEventImpl(Container.java:2310)
2026-06-16 04:55:46,673 [ERROR] LogOutputStream:75 - [STDERR_REDIRECT] 	at java.desktop/java.awt.Component.dispatchEvent(Component.java:4833)
2026-06-16 04:55:46,674 [ERROR] LogOutputStream:75 - [STDERR_REDIRECT] 	at java.desktop/java.awt.EventQueue.dispatchEventImpl(EventQueue.java:775)
2026-06-16 04:55:46,675 [ERROR] LogOutputStream:75 - [STDERR_REDIRECT] 	at java.desktop/java.awt.EventQueue$4.run(EventQueue.java:720)
2026-06-16 04:55:46,675 [ERROR] LogOutputStream:75 - [STDERR_REDIRECT] 	at java.desktop/java.awt.EventQueue$4.run(EventQueue.java:714)
2026-06-16 04:55:46,676 [ERROR] LogOutputStream:75 - [STDERR_REDIRECT] 	at java.base/java.security.AccessController.doPrivileged(AccessController.java:399)
2026-06-16 04:55:46,678 [ERROR] LogOutputStream:75 - [STDERR_REDIRECT] 	at java.base/java.security.ProtectionDomain$JavaSecurityAccessImpl.doIntersectionPrivilege(ProtectionDomain.java:86)
2026-06-16 04:55:46,679 [ERROR] LogOutputStream:75 - [STDERR_REDIRECT] 	at java.base/java.security.ProtectionDomain$JavaSecurityAccessImpl.doIntersectionPrivilege(ProtectionDomain.java:97)
2026-06-16 04:55:46,680 [ERROR] LogOutputStream:75 - [STDERR_REDIRECT] 	at java.desktop/java.awt.EventQueue$5.run(EventQueue.java:747)
2026-06-16 04:55:46,681 [ERROR] LogOutputStream:75 - [STDERR_REDIRECT] 	at java.desktop/java.awt.EventQueue$5.run(EventQueue.java:745)
2026-06-16 04:55:46,682 [ERROR] LogOutputStream:75 - [STDERR_REDIRECT] 	at java.base/java.security.AccessController.doPrivileged(AccessController.java:399)
2026-06-16 04:55:46,683 [ERROR] LogOutputStream:75 - [STDERR_REDIRECT] 	at java.base/java.security.ProtectionDomain$JavaSecurityAccessImpl.doIntersectionPrivilege(ProtectionDomain.java:86)
2026-06-16 04:55:46,684 [ERROR] LogOutputStream:75 - [STDERR_REDIRECT] 	at java.desktop/java.awt.EventQueue.dispatchEvent(EventQueue.java:744)
2026-06-16 04:55:46,685 [ERROR] LogOutputStream:75 - [STDERR_REDIRECT] 	at java.desktop/java.awt.EventDispatchThread.pumpOneEventForFilters(EventDispatchThread.java:203)
2026-06-16 04:55:46,687 [ERROR] LogOutputStream:75 - [STDERR_REDIRECT] 	at java.desktop/java.awt.EventDispatchThread.pumpEventsForFilter(EventDispatchThread.java:124)
2026-06-16 04:55:46,688 [ERROR] LogOutputStream:75 - [STDERR_REDIRECT] 	at java.desktop/java.awt.EventDispatchThread.pumpEventsForHierarchy(EventDispatchThread.java:113)
2026-06-16 04:55:46,689 [ERROR] LogOutputStream:75 - [STDERR_REDIRECT] 	at java.desktop/java.awt.EventDispatchThread.pumpEvents(EventDispatchThread.java:109)
2026-06-16 04:55:46,690 [ERROR] LogOutputStream:75 - [STDERR_REDIRECT] 	at java.desktop/java.awt.EventDispatchThread.pumpEvents(EventDispatchThread.java:101)
2026-06-16 04:55:46,691 [ERROR] LogOutputStream:75 - [STDERR_REDIRECT] 	at java.desktop/java.awt.EventDispatchThread.run(EventDispatchThread.java:90)
2026-06-16 04:55:46,696 [ERROR] LogOutputStream:75 - [STDERR_REDIRECT] java.lang.Error: no ComponentUI class for: com.st.microxplorer.plugins.ip.nvic.CheckBoxHeader[,0,0,0x0,invalid,alignmentX=0.0,alignmentY=0.0,border=,flags=0,maximumSize=,minimumSize=,preferredSize=,defaultIcon=,disabledIcon=,disabledSelectedIcon=,margin=null,paintBorder=true,paintFocus=true,pressedIcon=,rolloverEnabled=false,rolloverIcon=,rolloverSelectedIcon=,selectedIcon=,text=]
2026-06-16 04:55:46,697 [ERROR] LogOutputStream:75 - [STDERR_REDIRECT] 	at java.desktop/javax.swing.UIDefaults.getUIError(UIDefaults.java:763)
2026-06-16 04:55:46,698 [ERROR] LogOutputStream:75 - [STDERR_REDIRECT] 	at java.desktop/javax.swing.MultiUIDefaults.getUIError(MultiUIDefaults.java:144)
2026-06-16 04:55:46,699 [ERROR] LogOutputStream:75 - [STDERR_REDIRECT] 	at java.desktop/javax.swing.UIDefaults.getUI(UIDefaults.java:793)
2026-06-16 04:55:46,700 [ERROR] LogOutputStream:75 - [STDERR_REDIRECT] 	at java.desktop/javax.swing.UIManager.getUI(UIManager.java:1073)
2026-06-16 04:55:46,701 [ERROR] LogOutputStream:75 - [STDERR_REDIRECT] 	at java.desktop/javax.swing.JCheckBox.updateUI(JCheckBox.java:228)
2026-06-16 04:55:46,701 [ERROR] LogOutputStream:75 - [STDERR_REDIRECT] 	at java.desktop/javax.swing.AbstractButton.init(AbstractButton.java:2141)
2026-06-16 04:55:46,702 [ERROR] LogOutputStream:75 - [STDERR_REDIRECT] 	at java.desktop/javax.swing.JToggleButton.<init>(JToggleButton.java:187)
2026-06-16 04:55:46,703 [ERROR] LogOutputStream:75 - [STDERR_REDIRECT] 	at java.desktop/javax.swing.JCheckBox.<init>(JCheckBox.java:176)
2026-06-16 04:55:46,704 [ERROR] LogOutputStream:75 - [STDERR_REDIRECT] 	at java.desktop/javax.swing.JCheckBox.<init>(JCheckBox.java:97)
2026-06-16 04:55:46,705 [ERROR] LogOutputStream:75 - [STDERR_REDIRECT] 	at com.st.microxplorer.plugins.ip.nvic.CheckBoxHeader.<init>(CheckBoxHeader.java:55)
2026-06-16 04:55:46,706 [ERROR] LogOutputStream:75 - [STDERR_REDIRECT] 	at com.st.microxplorer.plugins.ip.nvic.NvicCodeSelectionTable.<init>(NvicCodeSelectionTable.java:78)
2026-06-16 04:55:46,707 [ERROR] LogOutputStream:75 - [STDERR_REDIRECT] 	at com.st.microxplorer.plugins.ip.nvic.NvicCodePanel.initComponents(NvicCodePanel.java:102)
2026-06-16 04:55:46,708 [ERROR] LogOutputStream:75 - [STDERR_REDIRECT] 	at com.st.microxplorer.plugins.ip.nvic.NvicCodePanel.<init>(NvicCodePanel.java:78)
2026-06-16 04:55:46,709 [ERROR] LogOutputStream:75 - [STDERR_REDIRECT] 	at com.st.microxplorer.plugins.ip.nvic.NvicTabbedPanel.<init>(NvicTabbedPanel.java:57)
2026-06-16 04:55:46,710 [ERROR] LogOutputStream:75 - [STDERR_REDIRECT] 	at com.st.microxplorer.plugins.ip.nvic.Nvic.getUI(Nvic.java:73)
2026-06-16 04:55:46,711 [ERROR] LogOutputStream:75 - [STDERR_REDIRECT] 	at com.st.microxplorer.plugins.ipmanager.gui.BlockDiagram.createIpPanel(BlockDiagram.java:422)
2026-06-16 04:55:46,713 [ERROR] LogOutputStream:75 - [STDERR_REDIRECT] 	at com.st.microxplorer.plugins.ipmanager.gui.BlockDiagram.getIPConfigPanel(BlockDiagram.java:560)
2026-06-16 04:55:46,714 [ERROR] LogOutputStream:75 - [STDERR_REDIRECT] 	at com.st.microxplorer.plugins.ipmanager.gui.BlockDiagram.getIPConfigPanel(BlockDiagram.java:466)
2026-06-16 04:55:46,715 [ERROR] LogOutputStream:75 - [STDERR_REDIRECT] 	at com.st.microxplorer.plugins.ipmanager.gui.BlockDiagram.propertyChange(BlockDiagram.java:1344)
2026-06-16 04:55:46,716 [ERROR] LogOutputStream:75 - [STDERR_REDIRECT] 	at java.desktop/java.beans.PropertyChangeSupport.fire(PropertyChangeSupport.java:343)
2026-06-16 04:55:46,718 [ERROR] LogOutputStream:75 - [STDERR_REDIRECT] 	at java.desktop/java.beans.PropertyChangeSupport.firePropertyChange(PropertyChangeSupport.java:335)
2026-06-16 04:55:46,719 [ERROR] LogOutputStream:75 - [STDERR_REDIRECT] 	at com.st.microxplorer.mxsystem.MxSystem.propertyChange(MxSystem.java:474)
2026-06-16 04:55:46,720 [ERROR] LogOutputStream:75 - [STDERR_REDIRECT] 	at java.desktop/java.beans.PropertyChangeSupport.fire(PropertyChangeSupport.java:343)
2026-06-16 04:55:46,721 [ERROR] LogOutputStream:75 - [STDERR_REDIRECT] 	at java.desktop/java.beans.PropertyChangeSupport.firePropertyChange(PropertyChangeSupport.java:335)
2026-06-16 04:55:46,721 [ERROR] LogOutputStream:75 - [STDERR_REDIRECT] 	at java.desktop/java.beans.PropertyChangeSupport.firePropertyChange(PropertyChangeSupport.java:268)
2026-06-16 04:55:46,723 [ERROR] LogOutputStream:75 - [STDERR_REDIRECT] 	at com.st.microxplorer.util.MXPropertyChangeSupport.firePropertyChange(MXPropertyChangeSupport.java:54)
2026-06-16 04:55:46,723 [ERROR] LogOutputStream:75 - [STDERR_REDIRECT] 	at com.st.microxplorer.mcu.Mcu.propertyChange(Mcu.java:1803)
2026-06-16 04:55:46,724 [ERROR] LogOutputStream:75 - [STDERR_REDIRECT] 	at java.desktop/java.beans.PropertyChangeSupport.fire(PropertyChangeSupport.java:343)
2026-06-16 04:55:46,726 [ERROR] LogOutputStream:75 - [STDERR_REDIRECT] 	at java.desktop/java.beans.PropertyChangeSupport.firePropertyChange(PropertyChangeSupport.java:335)
2026-06-16 04:55:46,727 [ERROR] LogOutputStream:75 - [STDERR_REDIRECT] 	at java.desktop/java.beans.PropertyChangeSupport.firePropertyChange(PropertyChangeSupport.java:268)
2026-06-16 04:55:46,728 [ERROR] LogOutputStream:75 - [STDERR_REDIRECT] 	at com.st.microxplorer.util.MXPropertyChangeSupport.firePropertyChange(MXPropertyChangeSupport.java:54)
2026-06-16 04:55:46,729 [ERROR] LogOutputStream:75 - [STDERR_REDIRECT] 	at com.st.microxplorer.mcu.Pin.setSignal(Pin.java:1160)
2026-06-16 04:55:46,730 [ERROR] LogOutputStream:75 - [STDERR_REDIRECT] 	at com.st.microxplorer.mcu.Pin.setSignal(Pin.java:1182)
2026-06-16 04:55:46,731 [ERROR] LogOutputStream:75 - [STDERR_REDIRECT] 	at com.st.microxplorer.plugins.pinoutconfig.engine.AbstractGPin.setSignal(AbstractGPin.java:317)
2026-06-16 04:55:46,732 [ERROR] LogOutputStream:75 - [STDERR_REDIRECT] 	at com.st.microxplorer.plugins.pinoutconfig.engine.AbstractPackage.setSignalOnPin(AbstractPackage.java:391)
2026-06-16 04:55:46,735 [ERROR] LogOutputStream:75 - [STDERR_REDIRECT] 	at com.st.microxplorer.plugins.pinoutconfig.gui.PinOutPanel$SignalsList$2.mouseReleased(PinOutPanel.java:2440)
2026-06-16 04:55:46,736 [ERROR] LogOutputStream:75 - [STDERR_REDIRECT] 	at java.desktop/java.awt.AWTEventMulticaster.mouseReleased(AWTEventMulticaster.java:298)
2026-06-16 04:55:46,737 [ERROR] LogOutputStream:75 - [STDERR_REDIRECT] 	at java.desktop/java.awt.Component.processMouseEvent(Component.java:6626)
2026-06-16 04:55:46,738 [ERROR] LogOutputStream:75 - [STDERR_REDIRECT] 	at java.desktop/javax.swing.JComponent.processMouseEvent(JComponent.java:3389)
2026-06-16 04:55:46,739 [ERROR] LogOutputStream:75 - [STDERR_REDIRECT] 	at java.desktop/java.awt.Component.processEvent(Component.java:6391)
2026-06-16 04:55:46,740 [ERROR] LogOutputStream:75 - [STDERR_REDIRECT] 	at java.desktop/java.awt.Container.processEvent(Container.java:2266)
2026-06-16 04:55:46,741 [ERROR] LogOutputStream:75 - [STDERR_REDIRECT] 	at java.desktop/java.awt.Component.dispatchEventImpl(Component.java:5001)
2026-06-16 04:55:46,741 [ERROR] LogOutputStream:75 - [STDERR_REDIRECT] 	at java.desktop/java.awt.Container.dispatchEventImpl(Container.java:2324)
2026-06-16 04:55:46,742 [ERROR] LogOutputStream:75 - [STDERR_REDIRECT] 	at java.desktop/java.awt.Component.dispatchEvent(Component.java:4833)
2026-06-16 04:55:46,743 [ERROR] LogOutputStream:75 - [STDERR_REDIRECT] 	at java.desktop/java.awt.LightweightDispatcher.retargetMouseEvent(Container.java:4948)
2026-06-16 04:55:46,744 [ERROR] LogOutputStream:75 - [STDERR_REDIRECT] 	at java.desktop/java.awt.LightweightDispatcher.processMouseEvent(Container.java:4575)
2026-06-16 04:55:46,745 [ERROR] LogOutputStream:75 - [STDERR_REDIRECT] 	at java.desktop/java.awt.LightweightDispatcher.dispatchEvent(Container.java:4516)
2026-06-16 04:55:46,746 [ERROR] LogOutputStream:75 - [STDERR_REDIRECT] 	at java.desktop/java.awt.Container.dispatchEventImpl(Container.java:2310)
2026-06-16 04:55:46,747 [ERROR] LogOutputStream:75 - [STDERR_REDIRECT] 	at java.desktop/java.awt.Component.dispatchEvent(Component.java:4833)
2026-06-16 04:55:46,748 [ERROR] LogOutputStream:75 - [STDERR_REDIRECT] 	at java.desktop/java.awt.EventQueue.dispatchEventImpl(EventQueue.java:775)
2026-06-16 04:55:46,749 [ERROR] LogOutputStream:75 - [STDERR_REDIRECT] 	at java.desktop/java.awt.EventQueue$4.run(EventQueue.java:720)
2026-06-16 04:55:46,750 [ERROR] LogOutputStream:75 - [STDERR_REDIRECT] 	at java.desktop/java.awt.EventQueue$4.run(EventQueue.java:714)
2026-06-16 04:55:46,751 [ERROR] LogOutputStream:75 - [STDERR_REDIRECT] 	at java.base/java.security.AccessController.doPrivileged(AccessController.java:399)
2026-06-16 04:55:46,752 [ERROR] LogOutputStream:75 - [STDERR_REDIRECT] 	at java.base/java.security.ProtectionDomain$JavaSecurityAccessImpl.doIntersectionPrivilege(ProtectionDomain.java:86)
2026-06-16 04:55:46,755 [ERROR] LogOutputStream:75 - [STDERR_REDIRECT] 	at java.base/java.security.ProtectionDomain$JavaSecurityAccessImpl.doIntersectionPrivilege(ProtectionDomain.java:97)
2026-06-16 04:55:46,756 [ERROR] LogOutputStream:75 - [STDERR_REDIRECT] 	at java.desktop/java.awt.EventQueue$5.run(EventQueue.java:747)
2026-06-16 04:55:46,757 [ERROR] LogOutputStream:75 - [STDERR_REDIRECT] 	at java.desktop/java.awt.EventQueue$5.run(EventQueue.java:745)
2026-06-16 04:55:46,758 [ERROR] LogOutputStream:75 - [STDERR_REDIRECT] 	at java.base/java.security.AccessController.doPrivileged(AccessController.java:399)
2026-06-16 04:55:46,759 [ERROR] LogOutputStream:75 - [STDERR_REDIRECT] 	at java.base/java.security.ProtectionDomain$JavaSecurityAccessImpl.doIntersectionPrivilege(ProtectionDomain.java:86)
2026-06-16 04:55:46,760 [ERROR] LogOutputStream:75 - [STDERR_REDIRECT] 	at java.desktop/java.awt.EventQueue.dispatchEvent(EventQueue.java:744)
2026-06-16 04:55:46,761 [ERROR] LogOutputStream:75 - [STDERR_REDIRECT] 	at java.desktop/java.awt.EventDispatchThread.pumpOneEventForFilters(EventDispatchThread.java:203)
2026-06-16 04:55:46,762 [ERROR] LogOutputStream:75 - [STDERR_REDIRECT] 	at java.desktop/java.awt.EventDispatchThread.pumpEventsForFilter(EventDispatchThread.java:124)
2026-06-16 04:55:46,763 [ERROR] LogOutputStream:75 - [STDERR_REDIRECT] 	at java.desktop/java.awt.EventDispatchThread.pumpEventsForHierarchy(EventDispatchThread.java:113)
2026-06-16 04:55:46,765 [ERROR] LogOutputStream:75 - [STDERR_REDIRECT] 	at java.desktop/java.awt.EventDispatchThread.pumpEvents(EventDispatchThread.java:109)
2026-06-16 04:55:46,766 [ERROR] LogOutputStream:75 - [STDERR_REDIRECT] 	at java.desktop/java.awt.EventDispatchThread.pumpEvents(EventDispatchThread.java:101)
2026-06-16 04:55:46,767 [ERROR] LogOutputStream:75 - [STDERR_REDIRECT] 	at java.desktop/java.awt.EventDispatchThread.run(EventDispatchThread.java:90)
2026-06-16 04:55:48,449 [ERROR] LogOutputStream:75 - [STDERR_REDIRECT] java.lang.Error: no ComponentUI class for: com.st.microxplorer.plugins.ip.nvic.CheckBoxHeader[,0,0,0x0,invalid,alignmentX=0.0,alignmentY=0.0,border=,flags=0,maximumSize=,minimumSize=,preferredSize=,defaultIcon=,disabledIcon=,disabledSelectedIcon=,margin=null,paintBorder=true,paintFocus=true,pressedIcon=,rolloverEnabled=false,rolloverIcon=,rolloverSelectedIcon=,selectedIcon=,text=]
2026-06-16 04:55:48,450 [ERROR] LogOutputStream:75 - [STDERR_REDIRECT] 	at java.desktop/javax.swing.UIDefaults.getUIError(UIDefaults.java:763)
2026-06-16 04:55:48,452 [ERROR] LogOutputStream:75 - [STDERR_REDIRECT] 	at java.desktop/javax.swing.MultiUIDefaults.getUIError(MultiUIDefaults.java:144)
2026-06-16 04:55:48,453 [ERROR] LogOutputStream:75 - [STDERR_REDIRECT] 	at java.desktop/javax.swing.UIDefaults.getUI(UIDefaults.java:793)
2026-06-16 04:55:48,454 [ERROR] LogOutputStream:75 - [STDERR_REDIRECT] 	at java.desktop/javax.swing.UIManager.getUI(UIManager.java:1073)
2026-06-16 04:55:48,455 [ERROR] LogOutputStream:75 - [STDERR_REDIRECT] 	at java.desktop/javax.swing.JCheckBox.updateUI(JCheckBox.java:228)
2026-06-16 04:55:48,456 [ERROR] LogOutputStream:75 - [STDERR_REDIRECT] 	at java.desktop/javax.swing.AbstractButton.init(AbstractButton.java:2141)
2026-06-16 04:55:48,457 [ERROR] LogOutputStream:75 - [STDERR_REDIRECT] 	at java.desktop/javax.swing.JToggleButton.<init>(JToggleButton.java:187)
2026-06-16 04:55:48,458 [ERROR] LogOutputStream:75 - [STDERR_REDIRECT] 	at java.desktop/javax.swing.JCheckBox.<init>(JCheckBox.java:176)
2026-06-16 04:55:48,458 [ERROR] LogOutputStream:75 - [STDERR_REDIRECT] 	at java.desktop/javax.swing.JCheckBox.<init>(JCheckBox.java:97)
2026-06-16 04:55:48,460 [ERROR] LogOutputStream:75 - [STDERR_REDIRECT] 	at com.st.microxplorer.plugins.ip.nvic.CheckBoxHeader.<init>(CheckBoxHeader.java:55)
2026-06-16 04:55:48,461 [ERROR] LogOutputStream:75 - [STDERR_REDIRECT] 	at com.st.microxplorer.plugins.ip.nvic.NvicCodeSelectionTable.<init>(NvicCodeSelectionTable.java:75)
2026-06-16 04:55:48,462 [ERROR] LogOutputStream:75 - [STDERR_REDIRECT] 	at com.st.microxplorer.plugins.ip.nvic.NvicCodePanel.initComponents(NvicCodePanel.java:102)
2026-06-16 04:55:48,463 [ERROR] LogOutputStream:75 - [STDERR_REDIRECT] 	at com.st.microxplorer.plugins.ip.nvic.NvicCodePanel.<init>(NvicCodePanel.java:78)
2026-06-16 04:55:48,464 [ERROR] LogOutputStream:75 - [STDERR_REDIRECT] 	at com.st.microxplorer.plugins.ip.nvic.NvicTabbedPanel.<init>(NvicTabbedPanel.java:57)
2026-06-16 04:55:48,466 [ERROR] LogOutputStream:75 - [STDERR_REDIRECT] 	at com.st.microxplorer.plugins.ip.nvic.Nvic.getUI(Nvic.java:73)
2026-06-16 04:55:48,468 [ERROR] LogOutputStream:75 - [STDERR_REDIRECT] 	at com.st.microxplorer.plugins.ipmanager.gui.BlockDiagram.createIpPanel(BlockDiagram.java:422)
2026-06-16 04:55:48,470 [ERROR] LogOutputStream:75 - [STDERR_REDIRECT] 	at com.st.microxplorer.plugins.ipmanager.gui.BlockDiagram.getIPConfigPanel(BlockDiagram.java:560)
2026-06-16 04:55:48,472 [ERROR] LogOutputStream:75 - [STDERR_REDIRECT] 	at com.st.microxplorer.plugins.ipmanager.gui.BlockDiagram.getIPConfigPanel(BlockDiagram.java:466)
2026-06-16 04:55:48,474 [ERROR] LogOutputStream:75 - [STDERR_REDIRECT] 	at com.st.microxplorer.plugins.ipmanager.gui.BlockDiagram.propertyChange(BlockDiagram.java:1344)
2026-06-16 04:55:48,476 [ERROR] LogOutputStream:75 - [STDERR_REDIRECT] 	at java.desktop/java.beans.PropertyChangeSupport.fire(PropertyChangeSupport.java:343)
2026-06-16 04:55:48,478 [ERROR] LogOutputStream:75 - [STDERR_REDIRECT] 	at java.desktop/java.beans.PropertyChangeSupport.firePropertyChange(PropertyChangeSupport.java:335)
2026-06-16 04:55:48,480 [ERROR] LogOutputStream:75 - [STDERR_REDIRECT] 	at com.st.microxplorer.mxsystem.MxSystem.propertyChange(MxSystem.java:474)
2026-06-16 04:55:48,481 [ERROR] LogOutputStream:75 - [STDERR_REDIRECT] 	at java.desktop/java.beans.PropertyChangeSupport.fire(PropertyChangeSupport.java:343)
2026-06-16 04:55:48,484 [ERROR] LogOutputStream:75 - [STDERR_REDIRECT] 	at java.desktop/java.beans.PropertyChangeSupport.firePropertyChange(PropertyChangeSupport.java:335)
2026-06-16 04:55:48,485 [ERROR] LogOutputStream:75 - [STDERR_REDIRECT] 	at com.st.microxplorer.mcu.Mcu.propertyChange(Mcu.java:1723)
2026-06-16 04:55:48,487 [ERROR] LogOutputStream:75 - [STDERR_REDIRECT] 	at java.desktop/java.beans.PropertyChangeSupport.fire(PropertyChangeSupport.java:343)
2026-06-16 04:55:48,488 [ERROR] LogOutputStream:75 - [STDERR_REDIRECT] 	at java.desktop/java.beans.PropertyChangeSupport.firePropertyChange(PropertyChangeSupport.java:335)
2026-06-16 04:55:48,489 [ERROR] LogOutputStream:75 - [STDERR_REDIRECT] 	at java.desktop/java.beans.PropertyChangeSupport.firePropertyChange(PropertyChangeSupport.java:268)
2026-06-16 04:55:48,491 [ERROR] LogOutputStream:75 - [STDERR_REDIRECT] 	at com.st.microxplorer.util.MXPropertyChangeSupport.firePropertyChange(MXPropertyChangeSupport.java:54)
2026-06-16 04:55:48,492 [ERROR] LogOutputStream:75 - [STDERR_REDIRECT] 	at com.st.microxplorer.mcu.IP.updateListOfCurrentParamValue(IP.java:4727)
2026-06-16 04:55:48,493 [ERROR] LogOutputStream:75 - [STDERR_REDIRECT] 	at com.st.microxplorer.mcu.IP.onPinChange(IP.java:4171)
2026-06-16 04:55:48,494 [ERROR] LogOutputStream:75 - [STDERR_REDIRECT] 	at com.st.microxplorer.mcu.IP.onPinChange(IP.java:4159)
2026-06-16 04:55:48,495 [ERROR] LogOutputStream:75 - [STDERR_REDIRECT] 	at com.st.microxplorer.mcu.IP.propertyChange(IP.java:4285)
2026-06-16 04:55:48,496 [ERROR] LogOutputStream:75 - [STDERR_REDIRECT] 	at java.desktop/java.beans.PropertyChangeSupport.fire(PropertyChangeSupport.java:343)
2026-06-16 04:55:48,498 [ERROR] LogOutputStream:75 - [STDERR_REDIRECT] 	at java.desktop/java.beans.PropertyChangeSupport.firePropertyChange(PropertyChangeSupport.java:335)
2026-06-16 04:55:48,498 [ERROR] LogOutputStream:75 - [STDERR_REDIRECT] 	at com.st.microxplorer.mcu.Mcu.propertyChange(Mcu.java:1802)
2026-06-16 04:55:48,500 [ERROR] LogOutputStream:75 - [STDERR_REDIRECT] 	at java.desktop/java.beans.PropertyChangeSupport.fire(PropertyChangeSupport.java:343)
2026-06-16 04:55:48,503 [ERROR] LogOutputStream:75 - [STDERR_REDIRECT] 	at java.desktop/java.beans.PropertyChangeSupport.firePropertyChange(PropertyChangeSupport.java:335)
2026-06-16 04:55:48,504 [ERROR] LogOutputStream:75 - [STDERR_REDIRECT] 	at java.desktop/java.beans.PropertyChangeSupport.firePropertyChange(PropertyChangeSupport.java:268)
2026-06-16 04:55:48,505 [ERROR] LogOutputStream:75 - [STDERR_REDIRECT] 	at com.st.microxplorer.util.MXPropertyChangeSupport.firePropertyChange(MXPropertyChangeSupport.java:54)
2026-06-16 04:55:48,506 [ERROR] LogOutputStream:75 - [STDERR_REDIRECT] 	at com.st.microxplorer.mcu.Pin.setSignal(Pin.java:1160)
2026-06-16 04:55:48,507 [ERROR] LogOutputStream:75 - [STDERR_REDIRECT] 	at com.st.microxplorer.mcu.Pin.setSignal(Pin.java:1182)
2026-06-16 04:55:48,509 [ERROR] LogOutputStream:75 - [STDERR_REDIRECT] 	at com.st.microxplorer.plugins.pinoutconfig.engine.AbstractGPin.setSignal(AbstractGPin.java:317)
2026-06-16 04:55:48,510 [ERROR] LogOutputStream:75 - [STDERR_REDIRECT] 	at com.st.microxplorer.plugins.pinoutconfig.engine.AbstractPackage.setSignalOnPin(AbstractPackage.java:391)
2026-06-16 04:55:48,511 [ERROR] LogOutputStream:75 - [STDERR_REDIRECT] 	at com.st.microxplorer.plugins.pinoutconfig.gui.PinOutPanel$SignalsList$2.mouseReleased(PinOutPanel.java:2440)
2026-06-16 04:55:48,513 [ERROR] LogOutputStream:75 - [STDERR_REDIRECT] 	at java.desktop/java.awt.AWTEventMulticaster.mouseReleased(AWTEventMulticaster.java:298)
2026-06-16 04:55:48,514 [ERROR] LogOutputStream:75 - [STDERR_REDIRECT] 	at java.desktop/java.awt.Component.processMouseEvent(Component.java:6626)
2026-06-16 04:55:48,515 [ERROR] LogOutputStream:75 - [STDERR_REDIRECT] 	at java.desktop/javax.swing.JComponent.processMouseEvent(JComponent.java:3389)
2026-06-16 04:55:48,517 [ERROR] LogOutputStream:75 - [STDERR_REDIRECT] 	at java.desktop/java.awt.Component.processEvent(Component.java:6391)
2026-06-16 04:55:48,518 [ERROR] LogOutputStream:75 - [STDERR_REDIRECT] 	at java.desktop/java.awt.Container.processEvent(Container.java:2266)
2026-06-16 04:55:48,519 [ERROR] LogOutputStream:75 - [STDERR_REDIRECT] 	at java.desktop/java.awt.Component.dispatchEventImpl(Component.java:5001)
2026-06-16 04:55:48,521 [ERROR] LogOutputStream:75 - [STDERR_REDIRECT] 	at java.desktop/java.awt.Container.dispatchEventImpl(Container.java:2324)
2026-06-16 04:55:48,522 [ERROR] LogOutputStream:75 - [STDERR_REDIRECT] 	at java.desktop/java.awt.Component.dispatchEvent(Component.java:4833)
2026-06-16 04:55:48,524 [ERROR] LogOutputStream:75 - [STDERR_REDIRECT] 	at java.desktop/java.awt.LightweightDispatcher.retargetMouseEvent(Container.java:4948)
2026-06-16 04:55:48,526 [ERROR] LogOutputStream:75 - [STDERR_REDIRECT] 	at java.desktop/java.awt.LightweightDispatcher.processMouseEvent(Container.java:4575)
2026-06-16 04:55:48,527 [ERROR] LogOutputStream:75 - [STDERR_REDIRECT] 	at java.desktop/java.awt.LightweightDispatcher.dispatchEvent(Container.java:4516)
2026-06-16 04:55:48,528 [ERROR] LogOutputStream:75 - [STDERR_REDIRECT] 	at java.desktop/java.awt.Container.dispatchEventImpl(Container.java:2310)
2026-06-16 04:55:48,529 [ERROR] LogOutputStream:75 - [STDERR_REDIRECT] 	at java.desktop/java.awt.Component.dispatchEvent(Component.java:4833)
2026-06-16 04:55:48,530 [ERROR] LogOutputStream:75 - [STDERR_REDIRECT] 	at java.desktop/java.awt.EventQueue.dispatchEventImpl(EventQueue.java:775)
2026-06-16 04:55:48,531 [ERROR] LogOutputStream:75 - [STDERR_REDIRECT] 	at java.desktop/java.awt.EventQueue$4.run(EventQueue.java:720)
2026-06-16 04:55:48,532 [ERROR] LogOutputStream:75 - [STDERR_REDIRECT] 	at java.desktop/java.awt.EventQueue$4.run(EventQueue.java:714)
2026-06-16 04:55:48,534 [ERROR] LogOutputStream:75 - [STDERR_REDIRECT] 	at java.base/java.security.AccessController.doPrivileged(AccessController.java:399)
2026-06-16 04:55:48,535 [ERROR] LogOutputStream:75 - [STDERR_REDIRECT] 	at java.base/java.security.ProtectionDomain$JavaSecurityAccessImpl.doIntersectionPrivilege(ProtectionDomain.java:86)
2026-06-16 04:55:48,537 [ERROR] LogOutputStream:75 - [STDERR_REDIRECT] 	at java.base/java.security.ProtectionDomain$JavaSecurityAccessImpl.doIntersectionPrivilege(ProtectionDomain.java:97)
2026-06-16 04:55:48,538 [ERROR] LogOutputStream:75 - [STDERR_REDIRECT] 	at java.desktop/java.awt.EventQueue$5.run(EventQueue.java:747)
2026-06-16 04:55:48,539 [ERROR] LogOutputStream:75 - [STDERR_REDIRECT] 	at java.desktop/java.awt.EventQueue$5.run(EventQueue.java:745)
2026-06-16 04:55:48,540 [ERROR] LogOutputStream:75 - [STDERR_REDIRECT] 	at java.base/java.security.AccessController.doPrivileged(AccessController.java:399)
2026-06-16 04:55:48,542 [ERROR] LogOutputStream:75 - [STDERR_REDIRECT] 	at java.base/java.security.ProtectionDomain$JavaSecurityAccessImpl.doIntersectionPrivilege(ProtectionDomain.java:86)
2026-06-16 04:55:48,544 [ERROR] LogOutputStream:75 - [STDERR_REDIRECT] 	at java.desktop/java.awt.EventQueue.dispatchEvent(EventQueue.java:744)
2026-06-16 04:55:48,545 [ERROR] LogOutputStream:75 - [STDERR_REDIRECT] 	at java.desktop/java.awt.EventDispatchThread.pumpOneEventForFilters(EventDispatchThread.java:203)
2026-06-16 04:55:48,546 [ERROR] LogOutputStream:75 - [STDERR_REDIRECT] 	at java.desktop/java.awt.EventDispatchThread.pumpEventsForFilter(EventDispatchThread.java:124)
2026-06-16 04:55:48,548 [ERROR] LogOutputStream:75 - [STDERR_REDIRECT] 	at java.desktop/java.awt.EventDispatchThread.pumpEventsForHierarchy(EventDispatchThread.java:113)
2026-06-16 04:55:48,549 [ERROR] LogOutputStream:75 - [STDERR_REDIRECT] 	at java.desktop/java.awt.EventDispatchThread.pumpEvents(EventDispatchThread.java:109)
2026-06-16 04:55:48,551 [ERROR] LogOutputStream:75 - [STDERR_REDIRECT] 	at java.desktop/java.awt.EventDispatchThread.pumpEvents(EventDispatchThread.java:101)
2026-06-16 04:55:48,552 [ERROR] LogOutputStream:75 - [STDERR_REDIRECT] 	at java.desktop/java.awt.EventDispatchThread.run(EventDispatchThread.java:90)
2026-06-16 04:55:48,557 [ERROR] LogOutputStream:75 - [STDERR_REDIRECT] java.lang.Error: no ComponentUI class for: com.st.microxplorer.plugins.ip.nvic.CheckBoxHeader[,0,0,0x0,invalid,alignmentX=0.0,alignmentY=0.0,border=,flags=0,maximumSize=,minimumSize=,preferredSize=,defaultIcon=,disabledIcon=,disabledSelectedIcon=,margin=null,paintBorder=true,paintFocus=true,pressedIcon=,rolloverEnabled=false,rolloverIcon=,rolloverSelectedIcon=,selectedIcon=,text=]
2026-06-16 04:55:48,558 [ERROR] LogOutputStream:75 - [STDERR_REDIRECT] 	at java.desktop/javax.swing.UIDefaults.getUIError(UIDefaults.java:763)
2026-06-16 04:55:48,558 [ERROR] LogOutputStream:75 - [STDERR_REDIRECT] 	at java.desktop/javax.swing.MultiUIDefaults.getUIError(MultiUIDefaults.java:144)
2026-06-16 04:55:48,560 [ERROR] LogOutputStream:75 - [STDERR_REDIRECT] 	at java.desktop/javax.swing.UIDefaults.getUI(UIDefaults.java:793)
2026-06-16 04:55:48,565 [ERROR] LogOutputStream:75 - [STDERR_REDIRECT] 	at java.desktop/javax.swing.UIManager.getUI(UIManager.java:1073)
2026-06-16 04:55:48,565 [ERROR] LogOutputStream:75 - [STDERR_REDIRECT] 	at java.desktop/javax.swing.JCheckBox.updateUI(JCheckBox.java:228)
2026-06-16 04:55:48,567 [ERROR] LogOutputStream:75 - [STDERR_REDIRECT] 	at java.desktop/javax.swing.AbstractButton.init(AbstractButton.java:2141)
2026-06-16 04:55:48,569 [ERROR] LogOutputStream:75 - [STDERR_REDIRECT] 	at java.desktop/javax.swing.JToggleButton.<init>(JToggleButton.java:187)
2026-06-16 04:55:48,570 [ERROR] LogOutputStream:75 - [STDERR_REDIRECT] 	at java.desktop/javax.swing.JCheckBox.<init>(JCheckBox.java:176)
2026-06-16 04:55:48,572 [ERROR] LogOutputStream:75 - [STDERR_REDIRECT] 	at java.desktop/javax.swing.JCheckBox.<init>(JCheckBox.java:97)
2026-06-16 04:55:48,574 [ERROR] LogOutputStream:75 - [STDERR_REDIRECT] 	at com.st.microxplorer.plugins.ip.nvic.CheckBoxHeader.<init>(CheckBoxHeader.java:55)
2026-06-16 04:55:48,575 [ERROR] LogOutputStream:75 - [STDERR_REDIRECT] 	at com.st.microxplorer.plugins.ip.nvic.NvicCodeSelectionTable.<init>(NvicCodeSelectionTable.java:78)
2026-06-16 04:55:48,577 [ERROR] LogOutputStream:75 - [STDERR_REDIRECT] 	at com.st.microxplorer.plugins.ip.nvic.NvicCodePanel.initComponents(NvicCodePanel.java:102)
2026-06-16 04:55:48,578 [ERROR] LogOutputStream:75 - [STDERR_REDIRECT] 	at com.st.microxplorer.plugins.ip.nvic.NvicCodePanel.<init>(NvicCodePanel.java:78)
2026-06-16 04:55:48,580 [ERROR] LogOutputStream:75 - [STDERR_REDIRECT] 	at com.st.microxplorer.plugins.ip.nvic.NvicTabbedPanel.<init>(NvicTabbedPanel.java:57)
2026-06-16 04:55:48,581 [ERROR] LogOutputStream:75 - [STDERR_REDIRECT] 	at com.st.microxplorer.plugins.ip.nvic.Nvic.getUI(Nvic.java:73)
2026-06-16 04:55:48,582 [ERROR] LogOutputStream:75 - [STDERR_REDIRECT] 	at com.st.microxplorer.plugins.ipmanager.gui.BlockDiagram.createIpPanel(BlockDiagram.java:422)
2026-06-16 04:55:48,584 [ERROR] LogOutputStream:75 - [STDERR_REDIRECT] 	at com.st.microxplorer.plugins.ipmanager.gui.BlockDiagram.getIPConfigPanel(BlockDiagram.java:560)
2026-06-16 04:55:48,586 [ERROR] LogOutputStream:75 - [STDERR_REDIRECT] 	at com.st.microxplorer.plugins.ipmanager.gui.BlockDiagram.getIPConfigPanel(BlockDiagram.java:466)
2026-06-16 04:55:48,587 [ERROR] LogOutputStream:75 - [STDERR_REDIRECT] 	at com.st.microxplorer.plugins.ipmanager.gui.BlockDiagram.propertyChange(BlockDiagram.java:1344)
2026-06-16 04:55:48,589 [ERROR] LogOutputStream:75 - [STDERR_REDIRECT] 	at java.desktop/java.beans.PropertyChangeSupport.fire(PropertyChangeSupport.java:343)
2026-06-16 04:55:48,590 [ERROR] LogOutputStream:75 - [STDERR_REDIRECT] 	at java.desktop/java.beans.PropertyChangeSupport.firePropertyChange(PropertyChangeSupport.java:335)
2026-06-16 04:55:48,591 [ERROR] LogOutputStream:75 - [STDERR_REDIRECT] 	at com.st.microxplorer.mxsystem.MxSystem.propertyChange(MxSystem.java:474)
2026-06-16 04:55:48,592 [ERROR] LogOutputStream:75 - [STDERR_REDIRECT] 	at java.desktop/java.beans.PropertyChangeSupport.fire(PropertyChangeSupport.java:343)
2026-06-16 04:55:48,595 [ERROR] LogOutputStream:75 - [STDERR_REDIRECT] 	at java.desktop/java.beans.PropertyChangeSupport.firePropertyChange(PropertyChangeSupport.java:335)
2026-06-16 04:55:48,596 [ERROR] LogOutputStream:75 - [STDERR_REDIRECT] 	at com.st.microxplorer.mcu.Mcu.propertyChange(Mcu.java:1723)
2026-06-16 04:55:48,597 [ERROR] LogOutputStream:75 - [STDERR_REDIRECT] 	at java.desktop/java.beans.PropertyChangeSupport.fire(PropertyChangeSupport.java:343)
2026-06-16 04:55:48,599 [ERROR] LogOutputStream:75 - [STDERR_REDIRECT] 	at java.desktop/java.beans.PropertyChangeSupport.firePropertyChange(PropertyChangeSupport.java:335)
2026-06-16 04:55:48,600 [ERROR] LogOutputStream:75 - [STDERR_REDIRECT] 	at java.desktop/java.beans.PropertyChangeSupport.firePropertyChange(PropertyChangeSupport.java:268)
2026-06-16 04:55:48,602 [ERROR] LogOutputStream:75 - [STDERR_REDIRECT] 	at com.st.microxplorer.util.MXPropertyChangeSupport.firePropertyChange(MXPropertyChangeSupport.java:54)
2026-06-16 04:55:48,603 [ERROR] LogOutputStream:75 - [STDERR_REDIRECT] 	at com.st.microxplorer.mcu.IP.updateListOfCurrentParamValue(IP.java:4727)
2026-06-16 04:55:48,604 [ERROR] LogOutputStream:75 - [STDERR_REDIRECT] 	at com.st.microxplorer.mcu.IP.onPinChange(IP.java:4171)
2026-06-16 04:55:48,604 [ERROR] LogOutputStream:75 - [STDERR_REDIRECT] 	at com.st.microxplorer.mcu.IP.onPinChange(IP.java:4159)
2026-06-16 04:55:48,605 [ERROR] LogOutputStream:75 - [STDERR_REDIRECT] 	at com.st.microxplorer.mcu.IP.propertyChange(IP.java:4285)
2026-06-16 04:55:48,606 [ERROR] LogOutputStream:75 - [STDERR_REDIRECT] 	at java.desktop/java.beans.PropertyChangeSupport.fire(PropertyChangeSupport.java:343)
2026-06-16 04:55:48,608 [ERROR] LogOutputStream:75 - [STDERR_REDIRECT] 	at java.desktop/java.beans.PropertyChangeSupport.firePropertyChange(PropertyChangeSupport.java:335)
2026-06-16 04:55:48,609 [ERROR] LogOutputStream:75 - [STDERR_REDIRECT] 	at com.st.microxplorer.mcu.Mcu.propertyChange(Mcu.java:1802)
2026-06-16 04:55:48,610 [ERROR] LogOutputStream:75 - [STDERR_REDIRECT] 	at java.desktop/java.beans.PropertyChangeSupport.fire(PropertyChangeSupport.java:343)
2026-06-16 04:55:48,611 [ERROR] LogOutputStream:75 - [STDERR_REDIRECT] 	at java.desktop/java.beans.PropertyChangeSupport.firePropertyChange(PropertyChangeSupport.java:335)
2026-06-16 04:55:48,614 [ERROR] LogOutputStream:75 - [STDERR_REDIRECT] 	at java.desktop/java.beans.PropertyChangeSupport.firePropertyChange(PropertyChangeSupport.java:268)
2026-06-16 04:55:48,616 [ERROR] LogOutputStream:75 - [STDERR_REDIRECT] 	at com.st.microxplorer.util.MXPropertyChangeSupport.firePropertyChange(MXPropertyChangeSupport.java:54)
2026-06-16 04:55:48,618 [ERROR] LogOutputStream:75 - [STDERR_REDIRECT] 	at com.st.microxplorer.mcu.Pin.setSignal(Pin.java:1160)
2026-06-16 04:55:48,619 [ERROR] LogOutputStream:75 - [STDERR_REDIRECT] 	at com.st.microxplorer.mcu.Pin.setSignal(Pin.java:1182)
2026-06-16 04:55:48,620 [ERROR] LogOutputStream:75 - [STDERR_REDIRECT] 	at com.st.microxplorer.plugins.pinoutconfig.engine.AbstractGPin.setSignal(AbstractGPin.java:317)
2026-06-16 04:55:48,621 [ERROR] LogOutputStream:75 - [STDERR_REDIRECT] 	at com.st.microxplorer.plugins.pinoutconfig.engine.AbstractPackage.setSignalOnPin(AbstractPackage.java:391)
2026-06-16 04:55:48,622 [ERROR] LogOutputStream:75 - [STDERR_REDIRECT] 	at com.st.microxplorer.plugins.pinoutconfig.gui.PinOutPanel$SignalsList$2.mouseReleased(PinOutPanel.java:2440)
2026-06-16 04:55:48,623 [ERROR] LogOutputStream:75 - [STDERR_REDIRECT] 	at java.desktop/java.awt.AWTEventMulticaster.mouseReleased(AWTEventMulticaster.java:298)
2026-06-16 04:55:48,625 [ERROR] LogOutputStream:75 - [STDERR_REDIRECT] 	at java.desktop/java.awt.Component.processMouseEvent(Component.java:6626)
2026-06-16 04:55:48,626 [ERROR] LogOutputStream:75 - [STDERR_REDIRECT] 	at java.desktop/javax.swing.JComponent.processMouseEvent(JComponent.java:3389)
2026-06-16 04:55:48,626 [ERROR] LogOutputStream:75 - [STDERR_REDIRECT] 	at java.desktop/java.awt.Component.processEvent(Component.java:6391)
2026-06-16 04:55:48,627 [ERROR] LogOutputStream:75 - [STDERR_REDIRECT] 	at java.desktop/java.awt.Container.processEvent(Container.java:2266)
2026-06-16 04:55:48,628 [ERROR] LogOutputStream:75 - [STDERR_REDIRECT] 	at java.desktop/java.awt.Component.dispatchEventImpl(Component.java:5001)
2026-06-16 04:55:48,629 [ERROR] LogOutputStream:75 - [STDERR_REDIRECT] 	at java.desktop/java.awt.Container.dispatchEventImpl(Container.java:2324)
2026-06-16 04:55:48,630 [ERROR] LogOutputStream:75 - [STDERR_REDIRECT] 	at java.desktop/java.awt.Component.dispatchEvent(Component.java:4833)
2026-06-16 04:55:48,632 [ERROR] LogOutputStream:75 - [STDERR_REDIRECT] 	at java.desktop/java.awt.LightweightDispatcher.retargetMouseEvent(Container.java:4948)
2026-06-16 04:55:48,634 [ERROR] LogOutputStream:75 - [STDERR_REDIRECT] 	at java.desktop/java.awt.LightweightDispatcher.processMouseEvent(Container.java:4575)
2026-06-16 04:55:48,635 [ERROR] LogOutputStream:75 - [STDERR_REDIRECT] 	at java.desktop/java.awt.LightweightDispatcher.dispatchEvent(Container.java:4516)
2026-06-16 04:55:48,636 [ERROR] LogOutputStream:75 - [STDERR_REDIRECT] 	at java.desktop/java.awt.Container.dispatchEventImpl(Container.java:2310)
2026-06-16 04:55:48,637 [ERROR] LogOutputStream:75 - [STDERR_REDIRECT] 	at java.desktop/java.awt.Component.dispatchEvent(Component.java:4833)
2026-06-16 04:55:48,638 [ERROR] LogOutputStream:75 - [STDERR_REDIRECT] 	at java.desktop/java.awt.EventQueue.dispatchEventImpl(EventQueue.java:775)
2026-06-16 04:55:48,639 [ERROR] LogOutputStream:75 - [STDERR_REDIRECT] 	at java.desktop/java.awt.EventQueue$4.run(EventQueue.java:720)
2026-06-16 04:55:48,640 [ERROR] LogOutputStream:75 - [STDERR_REDIRECT] 	at java.desktop/java.awt.EventQueue$4.run(EventQueue.java:714)
2026-06-16 04:55:48,641 [ERROR] LogOutputStream:75 - [STDERR_REDIRECT] 	at java.base/java.security.AccessController.doPrivileged(AccessController.java:399)
2026-06-16 04:55:48,642 [ERROR] LogOutputStream:75 - [STDERR_REDIRECT] 	at java.base/java.security.ProtectionDomain$JavaSecurityAccessImpl.doIntersectionPrivilege(ProtectionDomain.java:86)
2026-06-16 04:55:48,643 [ERROR] LogOutputStream:75 - [STDERR_REDIRECT] 	at java.base/java.security.ProtectionDomain$JavaSecurityAccessImpl.doIntersectionPrivilege(ProtectionDomain.java:97)
2026-06-16 04:55:48,644 [ERROR] LogOutputStream:75 - [STDERR_REDIRECT] 	at java.desktop/java.awt.EventQueue$5.run(EventQueue.java:747)
2026-06-16 04:55:48,645 [ERROR] LogOutputStream:75 - [STDERR_REDIRECT] 	at java.desktop/java.awt.EventQueue$5.run(EventQueue.java:745)
2026-06-16 04:55:48,646 [ERROR] LogOutputStream:75 - [STDERR_REDIRECT] 	at java.base/java.security.AccessController.doPrivileged(AccessController.java:399)
2026-06-16 04:55:48,647 [ERROR] LogOutputStream:75 - [STDERR_REDIRECT] 	at java.base/java.security.ProtectionDomain$JavaSecurityAccessImpl.doIntersectionPrivilege(ProtectionDomain.java:86)
2026-06-16 04:55:48,648 [ERROR] LogOutputStream:75 - [STDERR_REDIRECT] 	at java.desktop/java.awt.EventQueue.dispatchEvent(EventQueue.java:744)
2026-06-16 04:55:48,649 [ERROR] LogOutputStream:75 - [STDERR_REDIRECT] 	at java.desktop/java.awt.EventDispatchThread.pumpOneEventForFilters(EventDispatchThread.java:203)
2026-06-16 04:55:48,651 [ERROR] LogOutputStream:75 - [STDERR_REDIRECT] 	at java.desktop/java.awt.EventDispatchThread.pumpEventsForFilter(EventDispatchThread.java:124)
2026-06-16 04:55:48,653 [ERROR] LogOutputStream:75 - [STDERR_REDIRECT] 	at java.desktop/java.awt.EventDispatchThread.pumpEventsForHierarchy(EventDispatchThread.java:113)
2026-06-16 04:55:48,654 [ERROR] LogOutputStream:75 - [STDERR_REDIRECT] 	at java.desktop/java.awt.EventDispatchThread.pumpEvents(EventDispatchThread.java:109)
2026-06-16 04:55:48,655 [ERROR] LogOutputStream:75 - [STDERR_REDIRECT] 	at java.desktop/java.awt.EventDispatchThread.pumpEvents(EventDispatchThread.java:101)
2026-06-16 04:55:48,656 [ERROR] LogOutputStream:75 - [STDERR_REDIRECT] 	at java.desktop/java.awt.EventDispatchThread.run(EventDispatchThread.java:90)
2026-06-16 04:55:48,740 [WARN] IP:2120 - I2C_Coeff_DF not found: check if there is a RefParameter without a condition.
2026-06-16 04:55:48,740 [WARN] IP:2120 - Analog_Filter not found: check if there is a RefParameter without a condition.
2026-06-16 04:55:48,741 [WARN] IP:2120 - I2C_Coeff_DF not found: check if there is a RefParameter without a condition.
2026-06-16 04:55:48,741 [WARN] IP:2120 - Analog_Filter not found: check if there is a RefParameter without a condition.
2026-06-16 04:55:48,787 [WARN] IP:2120 - I2C_Coeff_DF not found: check if there is a RefParameter without a condition.
2026-06-16 04:55:48,787 [WARN] IP:2120 - Analog_Filter not found: check if there is a RefParameter without a condition.
2026-06-16 04:55:48,831 [WARN] IP:2120 - I2C_Coeff_DF not found: check if there is a RefParameter without a condition.
2026-06-16 04:55:48,831 [WARN] IP:2120 - Analog_Filter not found: check if there is a RefParameter without a condition.
2026-06-16 04:55:48,935 [ERROR] LogOutputStream:75 - [STDERR_REDIRECT] java.lang.Error: no ComponentUI class for: com.st.microxplorer.plugins.ip.nvic.CheckBoxHeader[,0,0,0x0,invalid,alignmentX=0.0,alignmentY=0.0,border=,flags=0,maximumSize=,minimumSize=,preferredSize=,defaultIcon=,disabledIcon=,disabledSelectedIcon=,margin=null,paintBorder=true,paintFocus=true,pressedIcon=,rolloverEnabled=false,rolloverIcon=,rolloverSelectedIcon=,selectedIcon=,text=]
2026-06-16 04:55:48,936 [ERROR] LogOutputStream:75 - [STDERR_REDIRECT] 	at java.desktop/javax.swing.UIDefaults.getUIError(UIDefaults.java:763)
2026-06-16 04:55:48,937 [ERROR] LogOutputStream:75 - [STDERR_REDIRECT] 	at java.desktop/javax.swing.MultiUIDefaults.getUIError(MultiUIDefaults.java:144)
2026-06-16 04:55:48,937 [ERROR] LogOutputStream:75 - [STDERR_REDIRECT] 	at java.desktop/javax.swing.UIDefaults.getUI(UIDefaults.java:793)
2026-06-16 04:55:48,938 [ERROR] LogOutputStream:75 - [STDERR_REDIRECT] 	at java.desktop/javax.swing.UIManager.getUI(UIManager.java:1073)
2026-06-16 04:55:48,939 [ERROR] LogOutputStream:75 - [STDERR_REDIRECT] 	at java.desktop/javax.swing.JCheckBox.updateUI(JCheckBox.java:228)
2026-06-16 04:55:48,940 [ERROR] LogOutputStream:75 - [STDERR_REDIRECT] 	at java.desktop/javax.swing.AbstractButton.init(AbstractButton.java:2141)
2026-06-16 04:55:48,941 [ERROR] LogOutputStream:75 - [STDERR_REDIRECT] 	at java.desktop/javax.swing.JToggleButton.<init>(JToggleButton.java:187)
2026-06-16 04:55:48,941 [ERROR] LogOutputStream:75 - [STDERR_REDIRECT] 	at java.desktop/javax.swing.JCheckBox.<init>(JCheckBox.java:176)
2026-06-16 04:55:48,942 [ERROR] LogOutputStream:75 - [STDERR_REDIRECT] 	at java.desktop/javax.swing.JCheckBox.<init>(JCheckBox.java:97)
2026-06-16 04:55:48,944 [ERROR] LogOutputStream:75 - [STDERR_REDIRECT] 	at com.st.microxplorer.plugins.ip.nvic.CheckBoxHeader.<init>(CheckBoxHeader.java:55)
2026-06-16 04:55:48,945 [ERROR] LogOutputStream:75 - [STDERR_REDIRECT] 	at com.st.microxplorer.plugins.ip.nvic.NvicCodeSelectionTable.<init>(NvicCodeSelectionTable.java:75)
2026-06-16 04:55:48,946 [ERROR] LogOutputStream:75 - [STDERR_REDIRECT] 	at com.st.microxplorer.plugins.ip.nvic.NvicCodePanel.initComponents(NvicCodePanel.java:102)
2026-06-16 04:55:48,947 [ERROR] LogOutputStream:75 - [STDERR_REDIRECT] 	at com.st.microxplorer.plugins.ip.nvic.NvicCodePanel.<init>(NvicCodePanel.java:78)
2026-06-16 04:55:48,948 [ERROR] LogOutputStream:75 - [STDERR_REDIRECT] 	at com.st.microxplorer.plugins.ip.nvic.NvicTabbedPanel.<init>(NvicTabbedPanel.java:57)
2026-06-16 04:55:48,949 [ERROR] LogOutputStream:75 - [STDERR_REDIRECT] 	at com.st.microxplorer.plugins.ip.nvic.Nvic.getUI(Nvic.java:73)
2026-06-16 04:55:48,951 [ERROR] LogOutputStream:75 - [STDERR_REDIRECT] 	at com.st.microxplorer.plugins.ipmanager.gui.BlockDiagram.createIpPanel(BlockDiagram.java:422)
2026-06-16 04:55:48,952 [ERROR] LogOutputStream:75 - [STDERR_REDIRECT] 	at com.st.microxplorer.plugins.ipmanager.gui.BlockDiagram.getIPConfigPanel(BlockDiagram.java:560)
2026-06-16 04:55:48,954 [ERROR] LogOutputStream:75 - [STDERR_REDIRECT] 	at com.st.microxplorer.plugins.ipmanager.gui.BlockDiagram.getIPConfigPanel(BlockDiagram.java:466)
2026-06-16 04:55:48,955 [ERROR] LogOutputStream:75 - [STDERR_REDIRECT] 	at com.st.microxplorer.plugins.ipmanager.gui.BlockDiagram.propertyChange(BlockDiagram.java:1344)
2026-06-16 04:55:48,956 [ERROR] LogOutputStream:75 - [STDERR_REDIRECT] 	at java.desktop/java.beans.PropertyChangeSupport.fire(PropertyChangeSupport.java:343)
2026-06-16 04:55:48,957 [ERROR] LogOutputStream:75 - [STDERR_REDIRECT] 	at java.desktop/java.beans.PropertyChangeSupport.firePropertyChange(PropertyChangeSupport.java:335)
2026-06-16 04:55:48,958 [ERROR] LogOutputStream:75 - [STDERR_REDIRECT] 	at com.st.microxplorer.mxsystem.MxSystem.propertyChange(MxSystem.java:474)
2026-06-16 04:55:48,959 [ERROR] LogOutputStream:75 - [STDERR_REDIRECT] 	at java.desktop/java.beans.PropertyChangeSupport.fire(PropertyChangeSupport.java:343)
2026-06-16 04:55:48,961 [ERROR] LogOutputStream:75 - [STDERR_REDIRECT] 	at java.desktop/java.beans.PropertyChangeSupport.firePropertyChange(PropertyChangeSupport.java:335)
2026-06-16 04:55:48,963 [ERROR] LogOutputStream:75 - [STDERR_REDIRECT] 	at java.desktop/java.beans.PropertyChangeSupport.firePropertyChange(PropertyChangeSupport.java:268)
2026-06-16 04:55:48,964 [ERROR] LogOutputStream:75 - [STDERR_REDIRECT] 	at com.st.microxplorer.util.MXPropertyChangeSupport.firePropertyChange(MXPropertyChangeSupport.java:54)
2026-06-16 04:55:48,965 [ERROR] LogOutputStream:75 - [STDERR_REDIRECT] 	at com.st.microxplorer.mcu.Mcu.propertyChange(Mcu.java:1803)
2026-06-16 04:55:48,966 [ERROR] LogOutputStream:75 - [STDERR_REDIRECT] 	at java.desktop/java.beans.PropertyChangeSupport.fire(PropertyChangeSupport.java:343)
2026-06-16 04:55:48,967 [ERROR] LogOutputStream:75 - [STDERR_REDIRECT] 	at java.desktop/java.beans.PropertyChangeSupport.firePropertyChange(PropertyChangeSupport.java:335)
2026-06-16 04:55:48,969 [ERROR] LogOutputStream:75 - [STDERR_REDIRECT] 	at java.desktop/java.beans.PropertyChangeSupport.firePropertyChange(PropertyChangeSupport.java:268)
2026-06-16 04:55:48,970 [ERROR] LogOutputStream:75 - [STDERR_REDIRECT] 	at com.st.microxplorer.util.MXPropertyChangeSupport.firePropertyChange(MXPropertyChangeSupport.java:54)
2026-06-16 04:55:48,971 [ERROR] LogOutputStream:75 - [STDERR_REDIRECT] 	at com.st.microxplorer.mcu.Pin.setSignal(Pin.java:1160)
2026-06-16 04:55:48,972 [ERROR] LogOutputStream:75 - [STDERR_REDIRECT] 	at com.st.microxplorer.mcu.Pin.setSignal(Pin.java:1182)
2026-06-16 04:55:48,974 [ERROR] LogOutputStream:75 - [STDERR_REDIRECT] 	at com.st.microxplorer.plugins.pinoutconfig.engine.AbstractGPin.setSignal(AbstractGPin.java:317)
2026-06-16 04:55:48,975 [ERROR] LogOutputStream:75 - [STDERR_REDIRECT] 	at com.st.microxplorer.plugins.pinoutconfig.engine.AbstractPackage.setSignalOnPin(AbstractPackage.java:391)
2026-06-16 04:55:48,977 [ERROR] LogOutputStream:75 - [STDERR_REDIRECT] 	at com.st.microxplorer.plugins.pinoutconfig.gui.PinOutPanel$SignalsList$2.mouseReleased(PinOutPanel.java:2440)
2026-06-16 04:55:48,978 [ERROR] LogOutputStream:75 - [STDERR_REDIRECT] 	at java.desktop/java.awt.AWTEventMulticaster.mouseReleased(AWTEventMulticaster.java:298)
2026-06-16 04:55:48,979 [ERROR] LogOutputStream:75 - [STDERR_REDIRECT] 	at java.desktop/java.awt.Component.processMouseEvent(Component.java:6626)
2026-06-16 04:55:48,980 [ERROR] LogOutputStream:75 - [STDERR_REDIRECT] 	at java.desktop/javax.swing.JComponent.processMouseEvent(JComponent.java:3389)
2026-06-16 04:55:48,981 [ERROR] LogOutputStream:75 - [STDERR_REDIRECT] 	at java.desktop/java.awt.Component.processEvent(Component.java:6391)
2026-06-16 04:55:48,982 [ERROR] LogOutputStream:75 - [STDERR_REDIRECT] 	at java.desktop/java.awt.Container.processEvent(Container.java:2266)
2026-06-16 04:55:48,983 [ERROR] LogOutputStream:75 - [STDERR_REDIRECT] 	at java.desktop/java.awt.Component.dispatchEventImpl(Component.java:5001)
2026-06-16 04:55:48,984 [ERROR] LogOutputStream:75 - [STDERR_REDIRECT] 	at java.desktop/java.awt.Container.dispatchEventImpl(Container.java:2324)
2026-06-16 04:55:48,986 [ERROR] LogOutputStream:75 - [STDERR_REDIRECT] 	at java.desktop/java.awt.Component.dispatchEvent(Component.java:4833)
2026-06-16 04:55:48,987 [ERROR] LogOutputStream:75 - [STDERR_REDIRECT] 	at java.desktop/java.awt.LightweightDispatcher.retargetMouseEvent(Container.java:4948)
2026-06-16 04:55:48,988 [ERROR] LogOutputStream:75 - [STDERR_REDIRECT] 	at java.desktop/java.awt.LightweightDispatcher.processMouseEvent(Container.java:4575)
2026-06-16 04:55:48,989 [ERROR] LogOutputStream:75 - [STDERR_REDIRECT] 	at java.desktop/java.awt.LightweightDispatcher.dispatchEvent(Container.java:4516)
2026-06-16 04:55:48,990 [ERROR] LogOutputStream:75 - [STDERR_REDIRECT] 	at java.desktop/java.awt.Container.dispatchEventImpl(Container.java:2310)
2026-06-16 04:55:48,991 [ERROR] LogOutputStream:75 - [STDERR_REDIRECT] 	at java.desktop/java.awt.Component.dispatchEvent(Component.java:4833)
2026-06-16 04:55:48,993 [ERROR] LogOutputStream:75 - [STDERR_REDIRECT] 	at java.desktop/java.awt.EventQueue.dispatchEventImpl(EventQueue.java:775)
2026-06-16 04:55:48,994 [ERROR] LogOutputStream:75 - [STDERR_REDIRECT] 	at java.desktop/java.awt.EventQueue$4.run(EventQueue.java:720)
2026-06-16 04:55:48,995 [ERROR] LogOutputStream:75 - [STDERR_REDIRECT] 	at java.desktop/java.awt.EventQueue$4.run(EventQueue.java:714)
2026-06-16 04:55:48,996 [ERROR] LogOutputStream:75 - [STDERR_REDIRECT] 	at java.base/java.security.AccessController.doPrivileged(AccessController.java:399)
2026-06-16 04:55:48,997 [ERROR] LogOutputStream:75 - [STDERR_REDIRECT] 	at java.base/java.security.ProtectionDomain$JavaSecurityAccessImpl.doIntersectionPrivilege(ProtectionDomain.java:86)
2026-06-16 04:55:48,999 [ERROR] LogOutputStream:75 - [STDERR_REDIRECT] 	at java.base/java.security.ProtectionDomain$JavaSecurityAccessImpl.doIntersectionPrivilege(ProtectionDomain.java:97)
2026-06-16 04:55:49,000 [ERROR] LogOutputStream:75 - [STDERR_REDIRECT] 	at java.desktop/java.awt.EventQueue$5.run(EventQueue.java:747)
2026-06-16 04:55:49,001 [ERROR] LogOutputStream:75 - [STDERR_REDIRECT] 	at java.desktop/java.awt.EventQueue$5.run(EventQueue.java:745)
2026-06-16 04:55:49,002 [ERROR] LogOutputStream:75 - [STDERR_REDIRECT] 	at java.base/java.security.AccessController.doPrivileged(AccessController.java:399)
2026-06-16 04:55:49,003 [ERROR] LogOutputStream:75 - [STDERR_REDIRECT] 	at java.base/java.security.ProtectionDomain$JavaSecurityAccessImpl.doIntersectionPrivilege(ProtectionDomain.java:86)
2026-06-16 04:55:49,005 [ERROR] LogOutputStream:75 - [STDERR_REDIRECT] 	at java.desktop/java.awt.EventQueue.dispatchEvent(EventQueue.java:744)
2026-06-16 04:55:49,006 [ERROR] LogOutputStream:75 - [STDERR_REDIRECT] 	at java.desktop/java.awt.EventDispatchThread.pumpOneEventForFilters(EventDispatchThread.java:203)
2026-06-16 04:55:49,007 [ERROR] LogOutputStream:75 - [STDERR_REDIRECT] 	at java.desktop/java.awt.EventDispatchThread.pumpEventsForFilter(EventDispatchThread.java:124)
2026-06-16 04:55:49,009 [ERROR] LogOutputStream:75 - [STDERR_REDIRECT] 	at java.desktop/java.awt.EventDispatchThread.pumpEventsForHierarchy(EventDispatchThread.java:113)
2026-06-16 04:55:49,010 [ERROR] LogOutputStream:75 - [STDERR_REDIRECT] 	at java.desktop/java.awt.EventDispatchThread.pumpEvents(EventDispatchThread.java:109)
2026-06-16 04:55:49,011 [ERROR] LogOutputStream:75 - [STDERR_REDIRECT] 	at java.desktop/java.awt.EventDispatchThread.pumpEvents(EventDispatchThread.java:101)
2026-06-16 04:55:49,012 [ERROR] LogOutputStream:75 - [STDERR_REDIRECT] 	at java.desktop/java.awt.EventDispatchThread.run(EventDispatchThread.java:90)
2026-06-16 04:55:49,017 [ERROR] LogOutputStream:75 - [STDERR_REDIRECT] java.lang.Error: no ComponentUI class for: com.st.microxplorer.plugins.ip.nvic.CheckBoxHeader[,0,0,0x0,invalid,alignmentX=0.0,alignmentY=0.0,border=,flags=0,maximumSize=,minimumSize=,preferredSize=,defaultIcon=,disabledIcon=,disabledSelectedIcon=,margin=null,paintBorder=true,paintFocus=true,pressedIcon=,rolloverEnabled=false,rolloverIcon=,rolloverSelectedIcon=,selectedIcon=,text=]
2026-06-16 04:55:49,019 [ERROR] LogOutputStream:75 - [STDERR_REDIRECT] 	at java.desktop/javax.swing.UIDefaults.getUIError(UIDefaults.java:763)
2026-06-16 04:55:49,020 [ERROR] LogOutputStream:75 - [STDERR_REDIRECT] 	at java.desktop/javax.swing.MultiUIDefaults.getUIError(MultiUIDefaults.java:144)
2026-06-16 04:55:49,021 [ERROR] LogOutputStream:75 - [STDERR_REDIRECT] 	at java.desktop/javax.swing.UIDefaults.getUI(UIDefaults.java:793)
2026-06-16 04:55:49,021 [ERROR] LogOutputStream:75 - [STDERR_REDIRECT] 	at java.desktop/javax.swing.UIManager.getUI(UIManager.java:1073)
2026-06-16 04:55:49,022 [ERROR] LogOutputStream:75 - [STDERR_REDIRECT] 	at java.desktop/javax.swing.JCheckBox.updateUI(JCheckBox.java:228)
2026-06-16 04:55:49,023 [ERROR] LogOutputStream:75 - [STDERR_REDIRECT] 	at java.desktop/javax.swing.AbstractButton.init(AbstractButton.java:2141)
2026-06-16 04:55:49,024 [ERROR] LogOutputStream:75 - [STDERR_REDIRECT] 	at java.desktop/javax.swing.JToggleButton.<init>(JToggleButton.java:187)
2026-06-16 04:55:49,025 [ERROR] LogOutputStream:75 - [STDERR_REDIRECT] 	at java.desktop/javax.swing.JCheckBox.<init>(JCheckBox.java:176)
2026-06-16 04:55:49,026 [ERROR] LogOutputStream:75 - [STDERR_REDIRECT] 	at java.desktop/javax.swing.JCheckBox.<init>(JCheckBox.java:97)
2026-06-16 04:55:49,027 [ERROR] LogOutputStream:75 - [STDERR_REDIRECT] 	at com.st.microxplorer.plugins.ip.nvic.CheckBoxHeader.<init>(CheckBoxHeader.java:55)
2026-06-16 04:55:49,028 [ERROR] LogOutputStream:75 - [STDERR_REDIRECT] 	at com.st.microxplorer.plugins.ip.nvic.NvicCodeSelectionTable.<init>(NvicCodeSelectionTable.java:78)
2026-06-16 04:55:49,029 [ERROR] LogOutputStream:75 - [STDERR_REDIRECT] 	at com.st.microxplorer.plugins.ip.nvic.NvicCodePanel.initComponents(NvicCodePanel.java:102)
2026-06-16 04:55:49,030 [ERROR] LogOutputStream:75 - [STDERR_REDIRECT] 	at com.st.microxplorer.plugins.ip.nvic.NvicCodePanel.<init>(NvicCodePanel.java:78)
2026-06-16 04:55:49,032 [ERROR] LogOutputStream:75 - [STDERR_REDIRECT] 	at com.st.microxplorer.plugins.ip.nvic.NvicTabbedPanel.<init>(NvicTabbedPanel.java:57)
2026-06-16 04:55:49,032 [ERROR] LogOutputStream:75 - [STDERR_REDIRECT] 	at com.st.microxplorer.plugins.ip.nvic.Nvic.getUI(Nvic.java:73)
2026-06-16 04:55:49,035 [ERROR] LogOutputStream:75 - [STDERR_REDIRECT] 	at com.st.microxplorer.plugins.ipmanager.gui.BlockDiagram.createIpPanel(BlockDiagram.java:422)
2026-06-16 04:55:49,036 [ERROR] LogOutputStream:75 - [STDERR_REDIRECT] 	at com.st.microxplorer.plugins.ipmanager.gui.BlockDiagram.getIPConfigPanel(BlockDiagram.java:560)
2026-06-16 04:55:49,037 [ERROR] LogOutputStream:75 - [STDERR_REDIRECT] 	at com.st.microxplorer.plugins.ipmanager.gui.BlockDiagram.getIPConfigPanel(BlockDiagram.java:466)
2026-06-16 04:55:49,038 [ERROR] LogOutputStream:75 - [STDERR_REDIRECT] 	at com.st.microxplorer.plugins.ipmanager.gui.BlockDiagram.propertyChange(BlockDiagram.java:1344)
2026-06-16 04:55:49,039 [ERROR] LogOutputStream:75 - [STDERR_REDIRECT] 	at java.desktop/java.beans.PropertyChangeSupport.fire(PropertyChangeSupport.java:343)
2026-06-16 04:55:49,040 [ERROR] LogOutputStream:75 - [STDERR_REDIRECT] 	at java.desktop/java.beans.PropertyChangeSupport.firePropertyChange(PropertyChangeSupport.java:335)
2026-06-16 04:55:49,041 [ERROR] LogOutputStream:75 - [STDERR_REDIRECT] 	at com.st.microxplorer.mxsystem.MxSystem.propertyChange(MxSystem.java:474)
2026-06-16 04:55:49,042 [ERROR] LogOutputStream:75 - [STDERR_REDIRECT] 	at java.desktop/java.beans.PropertyChangeSupport.fire(PropertyChangeSupport.java:343)
2026-06-16 04:55:49,043 [ERROR] LogOutputStream:75 - [STDERR_REDIRECT] 	at java.desktop/java.beans.PropertyChangeSupport.firePropertyChange(PropertyChangeSupport.java:335)
2026-06-16 04:55:49,044 [ERROR] LogOutputStream:75 - [STDERR_REDIRECT] 	at java.desktop/java.beans.PropertyChangeSupport.firePropertyChange(PropertyChangeSupport.java:268)
2026-06-16 04:55:49,045 [ERROR] LogOutputStream:75 - [STDERR_REDIRECT] 	at com.st.microxplorer.util.MXPropertyChangeSupport.firePropertyChange(MXPropertyChangeSupport.java:54)
2026-06-16 04:55:49,046 [ERROR] LogOutputStream:75 - [STDERR_REDIRECT] 	at com.st.microxplorer.mcu.Mcu.propertyChange(Mcu.java:1803)
2026-06-16 04:55:49,047 [ERROR] LogOutputStream:75 - [STDERR_REDIRECT] 	at java.desktop/java.beans.PropertyChangeSupport.fire(PropertyChangeSupport.java:343)
2026-06-16 04:55:49,048 [ERROR] LogOutputStream:75 - [STDERR_REDIRECT] 	at java.desktop/java.beans.PropertyChangeSupport.firePropertyChange(PropertyChangeSupport.java:335)
2026-06-16 04:55:49,050 [ERROR] LogOutputStream:75 - [STDERR_REDIRECT] 	at java.desktop/java.beans.PropertyChangeSupport.firePropertyChange(PropertyChangeSupport.java:268)
2026-06-16 04:55:49,051 [ERROR] LogOutputStream:75 - [STDERR_REDIRECT] 	at com.st.microxplorer.util.MXPropertyChangeSupport.firePropertyChange(MXPropertyChangeSupport.java:54)
2026-06-16 04:55:49,053 [ERROR] LogOutputStream:75 - [STDERR_REDIRECT] 	at com.st.microxplorer.mcu.Pin.setSignal(Pin.java:1160)
2026-06-16 04:55:49,053 [ERROR] LogOutputStream:75 - [STDERR_REDIRECT] 	at com.st.microxplorer.mcu.Pin.setSignal(Pin.java:1182)
2026-06-16 04:55:49,054 [ERROR] LogOutputStream:75 - [STDERR_REDIRECT] 	at com.st.microxplorer.plugins.pinoutconfig.engine.AbstractGPin.setSignal(AbstractGPin.java:317)
2026-06-16 04:55:49,056 [ERROR] LogOutputStream:75 - [STDERR_REDIRECT] 	at com.st.microxplorer.plugins.pinoutconfig.engine.AbstractPackage.setSignalOnPin(AbstractPackage.java:391)
2026-06-16 04:55:49,057 [ERROR] LogOutputStream:75 - [STDERR_REDIRECT] 	at com.st.microxplorer.plugins.pinoutconfig.gui.PinOutPanel$SignalsList$2.mouseReleased(PinOutPanel.java:2440)
2026-06-16 04:55:49,058 [ERROR] LogOutputStream:75 - [STDERR_REDIRECT] 	at java.desktop/java.awt.AWTEventMulticaster.mouseReleased(AWTEventMulticaster.java:298)
2026-06-16 04:55:49,059 [ERROR] LogOutputStream:75 - [STDERR_REDIRECT] 	at java.desktop/java.awt.Component.processMouseEvent(Component.java:6626)
2026-06-16 04:55:49,060 [ERROR] LogOutputStream:75 - [STDERR_REDIRECT] 	at java.desktop/javax.swing.JComponent.processMouseEvent(JComponent.java:3389)
2026-06-16 04:55:49,061 [ERROR] LogOutputStream:75 - [STDERR_REDIRECT] 	at java.desktop/java.awt.Component.processEvent(Component.java:6391)
2026-06-16 04:55:49,061 [ERROR] LogOutputStream:75 - [STDERR_REDIRECT] 	at java.desktop/java.awt.Container.processEvent(Container.java:2266)
2026-06-16 04:55:49,062 [ERROR] LogOutputStream:75 - [STDERR_REDIRECT] 	at java.desktop/java.awt.Component.dispatchEventImpl(Component.java:5001)
2026-06-16 04:55:49,063 [ERROR] LogOutputStream:75 - [STDERR_REDIRECT] 	at java.desktop/java.awt.Container.dispatchEventImpl(Container.java:2324)
2026-06-16 04:55:49,064 [ERROR] LogOutputStream:75 - [STDERR_REDIRECT] 	at java.desktop/java.awt.Component.dispatchEvent(Component.java:4833)
2026-06-16 04:55:49,065 [ERROR] LogOutputStream:75 - [STDERR_REDIRECT] 	at java.desktop/java.awt.LightweightDispatcher.retargetMouseEvent(Container.java:4948)
2026-06-16 04:55:49,066 [ERROR] LogOutputStream:75 - [STDERR_REDIRECT] 	at java.desktop/java.awt.LightweightDispatcher.processMouseEvent(Container.java:4575)
2026-06-16 04:55:49,066 [ERROR] LogOutputStream:75 - [STDERR_REDIRECT] 	at java.desktop/java.awt.LightweightDispatcher.dispatchEvent(Container.java:4516)
2026-06-16 04:55:49,069 [ERROR] LogOutputStream:75 - [STDERR_REDIRECT] 	at java.desktop/java.awt.Container.dispatchEventImpl(Container.java:2310)
2026-06-16 04:55:49,069 [ERROR] LogOutputStream:75 - [STDERR_REDIRECT] 	at java.desktop/java.awt.Component.dispatchEvent(Component.java:4833)
2026-06-16 04:55:49,070 [ERROR] LogOutputStream:75 - [STDERR_REDIRECT] 	at java.desktop/java.awt.EventQueue.dispatchEventImpl(EventQueue.java:775)
2026-06-16 04:55:49,071 [ERROR] LogOutputStream:75 - [STDERR_REDIRECT] 	at java.desktop/java.awt.EventQueue$4.run(EventQueue.java:720)
2026-06-16 04:55:49,071 [ERROR] LogOutputStream:75 - [STDERR_REDIRECT] 	at java.desktop/java.awt.EventQueue$4.run(EventQueue.java:714)
2026-06-16 04:55:49,073 [ERROR] LogOutputStream:75 - [STDERR_REDIRECT] 	at java.base/java.security.AccessController.doPrivileged(AccessController.java:399)
2026-06-16 04:55:49,074 [ERROR] LogOutputStream:75 - [STDERR_REDIRECT] 	at java.base/java.security.ProtectionDomain$JavaSecurityAccessImpl.doIntersectionPrivilege(ProtectionDomain.java:86)
2026-06-16 04:55:49,076 [ERROR] LogOutputStream:75 - [STDERR_REDIRECT] 	at java.base/java.security.ProtectionDomain$JavaSecurityAccessImpl.doIntersectionPrivilege(ProtectionDomain.java:97)
2026-06-16 04:55:49,076 [ERROR] LogOutputStream:75 - [STDERR_REDIRECT] 	at java.desktop/java.awt.EventQueue$5.run(EventQueue.java:747)
2026-06-16 04:55:49,077 [ERROR] LogOutputStream:75 - [STDERR_REDIRECT] 	at java.desktop/java.awt.EventQueue$5.run(EventQueue.java:745)
2026-06-16 04:55:49,078 [ERROR] LogOutputStream:75 - [STDERR_REDIRECT] 	at java.base/java.security.AccessController.doPrivileged(AccessController.java:399)
2026-06-16 04:55:49,079 [ERROR] LogOutputStream:75 - [STDERR_REDIRECT] 	at java.base/java.security.ProtectionDomain$JavaSecurityAccessImpl.doIntersectionPrivilege(ProtectionDomain.java:86)
2026-06-16 04:55:49,080 [ERROR] LogOutputStream:75 - [STDERR_REDIRECT] 	at java.desktop/java.awt.EventQueue.dispatchEvent(EventQueue.java:744)
2026-06-16 04:55:49,081 [ERROR] LogOutputStream:75 - [STDERR_REDIRECT] 	at java.desktop/java.awt.EventDispatchThread.pumpOneEventForFilters(EventDispatchThread.java:203)
2026-06-16 04:55:49,083 [ERROR] LogOutputStream:75 - [STDERR_REDIRECT] 	at java.desktop/java.awt.EventDispatchThread.pumpEventsForFilter(EventDispatchThread.java:124)
2026-06-16 04:55:49,084 [ERROR] LogOutputStream:75 - [STDERR_REDIRECT] 	at java.desktop/java.awt.EventDispatchThread.pumpEventsForHierarchy(EventDispatchThread.java:113)
2026-06-16 04:55:49,085 [ERROR] LogOutputStream:75 - [STDERR_REDIRECT] 	at java.desktop/java.awt.EventDispatchThread.pumpEvents(EventDispatchThread.java:109)
2026-06-16 04:55:49,086 [ERROR] LogOutputStream:75 - [STDERR_REDIRECT] 	at java.desktop/java.awt.EventDispatchThread.pumpEvents(EventDispatchThread.java:101)
2026-06-16 04:55:49,087 [ERROR] LogOutputStream:75 - [STDERR_REDIRECT] 	at java.desktop/java.awt.EventDispatchThread.run(EventDispatchThread.java:90)
2026-06-16 04:56:51,570 [INFO] Gpio:277 - dependency for GPIO [ADC1, I2C1, RCC, TIM1, TIM2, TIM3, USART1]
2026-06-16 04:58:33,219 [INFO] UtilMem:75 - End SaveConfig() Used Memory: 830503248 Bytes (1073741824)
2026-06-16 04:58:33,308 [INFO] UtilMem:75 - End SaveConfig() Used Memory: 844329592 Bytes (1073741824)
2026-06-16 04:58:37,789 [INFO] UtilMem:75 - End SaveConfig() Used Memory: 843546616 Bytes (1073741824)
2026-06-16 04:58:39,911 [INFO] BlockDiagram:2759 - set Specific Code input for plugin: NVIC
2026-06-16 04:58:39,911 [INFO] BlockDiagram:2759 - set Specific Code input for plugin: FREERTOS
2026-06-16 04:58:39,911 [INFO] BlockDiagram:2759 - set Specific Code input for plugin: USART
2026-06-16 04:58:39,911 [INFO] BlockDiagram:2759 - set Specific Code input for plugin: DMA
2026-06-16 04:58:39,911 [INFO] BlockDiagram:2759 - set Specific Code input for plugin: TIM1_8
2026-06-16 04:58:39,911 [INFO] BlockDiagram:2759 - set Specific Code input for plugin: TIM1_8
2026-06-16 04:58:39,912 [INFO] BlockDiagram:2759 - set Specific Code input for plugin: TIM1_8
2026-06-16 04:58:39,912 [INFO] BlockDiagram:2759 - set Specific Code input for plugin: SYS
2026-06-16 04:58:39,912 [INFO] BlockDiagram:2759 - set Specific Code input for plugin: GPIO
2026-06-16 04:58:39,912 [INFO] BlockDiagram:2759 - set Specific Code input for plugin: ADC
2026-06-16 04:58:39,912 [INFO] BlockDiagram:2759 - set Specific Code input for plugin: RCC
2026-06-16 04:58:39,912 [INFO] BlockDiagram:2759 - set Specific Code input for plugin: I2C
2026-06-16 04:58:39,914 [INFO] CodeGenerator:807 - code generatio: config db path: D:\Documentos\Electronica\Nueva carpeta\STM32CubeIDE_1.15.0\STM32CubeIDE\plugins\com.st.stm32cube.common.mx_6.11.0.202403141607\\db\
2026-06-16 04:58:39,953 [WARN] IP:2120 - I2C_Coeff_DF not found: check if there is a RefParameter without a condition.
2026-06-16 04:58:39,953 [WARN] IP:2120 - Analog_Filter not found: check if there is a RefParameter without a condition.
2026-06-16 04:58:40,375 [INFO] CodeEngine:255 - oldGeneratedFile, C:\git\VehiculoTT\VehiculoTT\MXTmpFiles\license.tmp_save
2026-06-16 04:58:40,953 [INFO] CodeEngine:279 - Generated code: C:\git\VehiculoTT\VehiculoTT\MXTmpFiles\license.tmp
2026-06-16 04:58:41,197 [INFO] CodeEngine:255 - oldGeneratedFile, C:\git\VehiculoTT\VehiculoTT\MXTmpFiles\gpio.tmp_save
2026-06-16 04:58:41,417 [INFO] CodeEngine:279 - Generated code: C:\git\VehiculoTT\VehiculoTT\MXTmpFiles\gpio.tmp
2026-06-16 04:58:42,351 [INFO] Middleware:1439 - No code input for Bsp Dependency
2026-06-16 04:58:42,375 [INFO] CodeEngine:255 - oldGeneratedFile, C:\git\VehiculoTT\VehiculoTT\MXTmpFiles\rtos_inc.tmp_save
2026-06-16 04:58:42,489 [INFO] CodeEngine:279 - Generated code: C:\git\VehiculoTT\VehiculoTT\MXTmpFiles\rtos_inc.tmp
2026-06-16 04:58:42,507 [INFO] CodeEngine:255 - oldGeneratedFile, C:\git\VehiculoTT\VehiculoTT\MXTmpFiles\rtos_kernelInit.tmp_save
2026-06-16 04:58:42,656 [INFO] CodeEngine:279 - Generated code: C:\git\VehiculoTT\VehiculoTT\MXTmpFiles\rtos_kernelInit.tmp
2026-06-16 04:58:42,676 [INFO] CodeEngine:255 - oldGeneratedFile, C:\git\VehiculoTT\VehiculoTT\MXTmpFiles\rtos_kernelStart.tmp_save
2026-06-16 04:58:42,761 [INFO] CodeEngine:279 - Generated code: C:\git\VehiculoTT\VehiculoTT\MXTmpFiles\rtos_kernelStart.tmp
2026-06-16 04:58:42,819 [INFO] CodeEngine:255 - oldGeneratedFile, C:\git\VehiculoTT\VehiculoTT\MXTmpFiles\rtos_typedefs.tmp_save
2026-06-16 04:58:42,890 [INFO] CodeEngine:279 - Generated code: C:\git\VehiculoTT\VehiculoTT\MXTmpFiles\rtos_typedefs.tmp
2026-06-16 04:58:42,924 [INFO] CodeEngine:255 - oldGeneratedFile, C:\git\VehiculoTT\VehiculoTT\MXTmpFiles\rtos_vars.tmp_save
2026-06-16 04:58:43,018 [INFO] CodeEngine:279 - Generated code: C:\git\VehiculoTT\VehiculoTT\MXTmpFiles\rtos_vars.tmp
2026-06-16 04:58:43,052 [INFO] CodeEngine:255 - oldGeneratedFile, C:\git\VehiculoTT\VehiculoTT\MXTmpFiles\rtos_pfp.tmp_save
2026-06-16 04:58:43,123 [INFO] CodeEngine:279 - Generated code: C:\git\VehiculoTT\VehiculoTT\MXTmpFiles\rtos_pfp.tmp
2026-06-16 04:58:43,140 [INFO] CodeEngine:255 - oldGeneratedFile, C:\git\VehiculoTT\VehiculoTT\MXTmpFiles\rtos_obj_creat.tmp_save
2026-06-16 04:58:43,213 [INFO] CodeEngine:279 - Generated code: C:\git\VehiculoTT\VehiculoTT\MXTmpFiles\rtos_obj_creat.tmp
2026-06-16 04:58:43,230 [INFO] CodeEngine:255 - oldGeneratedFile, C:\git\VehiculoTT\VehiculoTT\MXTmpFiles\rtos_default_thread.tmp_save
2026-06-16 04:58:43,304 [INFO] CodeEngine:279 - Generated code: C:\git\VehiculoTT\VehiculoTT\MXTmpFiles\rtos_default_thread.tmp
2026-06-16 04:58:43,320 [INFO] CodeEngine:255 - oldGeneratedFile, C:\git\VehiculoTT\VehiculoTT\MXTmpFiles\rtos_threads.tmp_save
2026-06-16 04:58:43,396 [INFO] CodeEngine:279 - Generated code: C:\git\VehiculoTT\VehiculoTT\MXTmpFiles\rtos_threads.tmp
2026-06-16 04:58:43,409 [INFO] Middleware:1439 - No code input for Bsp Dependency
2026-06-16 04:58:43,423 [INFO] CodeEngine:255 - oldGeneratedFile, C:\git\VehiculoTT\VehiculoTT\MXTmpFiles\rtos_inc.tmp_save
2026-06-16 04:58:43,488 [INFO] CodeEngine:279 - Generated code: C:\git\VehiculoTT\VehiculoTT\MXTmpFiles\rtos_inc.tmp
2026-06-16 04:58:43,496 [INFO] CodeEngine:255 - oldGeneratedFile, C:\git\VehiculoTT\VehiculoTT\MXTmpFiles\rtos_kernelInit.tmp_save
2026-06-16 04:58:43,558 [INFO] CodeEngine:279 - Generated code: C:\git\VehiculoTT\VehiculoTT\MXTmpFiles\rtos_kernelInit.tmp
2026-06-16 04:58:43,567 [INFO] CodeEngine:255 - oldGeneratedFile, C:\git\VehiculoTT\VehiculoTT\MXTmpFiles\rtos_kernelStart.tmp_save
2026-06-16 04:58:43,621 [INFO] CodeEngine:279 - Generated code: C:\git\VehiculoTT\VehiculoTT\MXTmpFiles\rtos_kernelStart.tmp
2026-06-16 04:58:43,631 [INFO] CodeEngine:255 - oldGeneratedFile, C:\git\VehiculoTT\VehiculoTT\MXTmpFiles\rtos_typedefs.tmp_save
2026-06-16 04:58:43,686 [INFO] CodeEngine:279 - Generated code: C:\git\VehiculoTT\VehiculoTT\MXTmpFiles\rtos_typedefs.tmp
2026-06-16 04:58:43,707 [INFO] CodeEngine:255 - oldGeneratedFile, C:\git\VehiculoTT\VehiculoTT\MXTmpFiles\rtos_vars.tmp_save
2026-06-16 04:58:43,767 [INFO] CodeEngine:279 - Generated code: C:\git\VehiculoTT\VehiculoTT\MXTmpFiles\rtos_vars.tmp
2026-06-16 04:58:43,776 [INFO] CodeEngine:255 - oldGeneratedFile, C:\git\VehiculoTT\VehiculoTT\MXTmpFiles\rtos_pfp.tmp_save
2026-06-16 04:58:43,832 [INFO] CodeEngine:279 - Generated code: C:\git\VehiculoTT\VehiculoTT\MXTmpFiles\rtos_pfp.tmp
2026-06-16 04:58:43,847 [INFO] CodeEngine:255 - oldGeneratedFile, C:\git\VehiculoTT\VehiculoTT\MXTmpFiles\rtos_obj_creat.tmp_save
2026-06-16 04:58:43,910 [INFO] CodeEngine:279 - Generated code: C:\git\VehiculoTT\VehiculoTT\MXTmpFiles\rtos_obj_creat.tmp
2026-06-16 04:58:43,919 [INFO] CodeEngine:255 - oldGeneratedFile, C:\git\VehiculoTT\VehiculoTT\MXTmpFiles\rtos_default_thread.tmp_save
2026-06-16 04:58:43,974 [INFO] CodeEngine:279 - Generated code: C:\git\VehiculoTT\VehiculoTT\MXTmpFiles\rtos_default_thread.tmp
2026-06-16 04:58:43,983 [INFO] CodeEngine:255 - oldGeneratedFile, C:\git\VehiculoTT\VehiculoTT\MXTmpFiles\rtos_threads.tmp_save
2026-06-16 04:58:44,038 [INFO] CodeEngine:279 - Generated code: C:\git\VehiculoTT\VehiculoTT\MXTmpFiles\rtos_threads.tmp
2026-06-16 04:58:44,090 [INFO] CodeEngine:255 - oldGeneratedFile, C:\git\VehiculoTT\VehiculoTT\Core\Inc\FreeRTOSConfig.h_save
2026-06-16 04:58:44,195 [INFO] CodeEngine:279 - Generated code: C:\git\VehiculoTT\VehiculoTT\Core\Inc\FreeRTOSConfig.h
2026-06-16 04:58:44,228 [INFO] CodeEngine:255 - oldGeneratedFile, C:\git\VehiculoTT\VehiculoTT\Core\Src\freertos.c_save
2026-06-16 04:58:44,369 [INFO] CodeEngine:279 - Generated code: C:\git\VehiculoTT\VehiculoTT\Core\Src\freertos.c
2026-06-16 04:58:44,452 [INFO] CodeEngine:255 - oldGeneratedFile, C:\git\VehiculoTT\VehiculoTT\MXTmpFiles\dma.tmp_save
2026-06-16 04:58:44,531 [INFO] CodeEngine:279 - Generated code: C:\git\VehiculoTT\VehiculoTT\MXTmpFiles\dma.tmp
2026-06-16 04:58:44,544 [INFO] CodeEngine:255 - oldGeneratedFile, C:\git\VehiculoTT\VehiculoTT\MXTmpFiles\dma_GV.tmp_save
2026-06-16 04:58:44,605 [INFO] CodeEngine:279 - Generated code: C:\git\VehiculoTT\VehiculoTT\MXTmpFiles\dma_GV.tmp
2026-06-16 04:58:44,648 [INFO] CodeEngine:255 - oldGeneratedFile, C:\git\VehiculoTT\VehiculoTT\Core\Src\stm32f4xx_it.c_save
2026-06-16 04:58:44,804 [INFO] CodeEngine:279 - Generated code: C:\git\VehiculoTT\VehiculoTT\Core\Src\stm32f4xx_it.c
2026-06-16 04:58:44,835 [INFO] CodeEngine:255 - oldGeneratedFile, C:\git\VehiculoTT\VehiculoTT\Core\Inc\stm32f4xx_it.h_save
2026-06-16 04:58:44,928 [INFO] CodeEngine:279 - Generated code: C:\git\VehiculoTT\VehiculoTT\Core\Inc\stm32f4xx_it.h
2026-06-16 04:58:45,028 [INFO] CodeEngine:255 - oldGeneratedFile, C:\git\VehiculoTT\VehiculoTT\Core\Src\stm32f4xx_hal_msp.c_save
2026-06-16 04:58:45,249 [INFO] CodeEngine:279 - Generated code: C:\git\VehiculoTT\VehiculoTT\Core\Src\stm32f4xx_hal_msp.c
2026-06-16 04:58:45,271 [INFO] CodeEngine:255 - oldGeneratedFile, C:\git\VehiculoTT\VehiculoTT\MXTmpFiles\system.tmp_save
2026-06-16 04:58:45,341 [INFO] CodeEngine:279 - Generated code: C:\git\VehiculoTT\VehiculoTT\MXTmpFiles\system.tmp
2026-06-16 04:58:45,389 [INFO] CodeEngine:255 - oldGeneratedFile, C:\git\VehiculoTT\VehiculoTT\Core\Src\stm32f4xx_hal_timebase_tim.c_save
2026-06-16 04:58:45,483 [INFO] CodeEngine:279 - Generated code: C:\git\VehiculoTT\VehiculoTT\Core\Src\stm32f4xx_hal_timebase_tim.c
2026-06-16 04:58:45,544 [INFO] CodeEngine:311 - oldGeneratedFile, C:\git\VehiculoTT\VehiculoTT\Core\Inc\stm32f4xx_hal_conf.h_save
2026-06-16 04:58:45,664 [INFO] CodeEngine:335 - Generated code: C:\git\VehiculoTT\VehiculoTT\Core\Inc\stm32f4xx_hal_conf.h
2026-06-16 04:58:45,698 [WARN] IPConfigManager:3513 - IP not found : TIM
2026-06-16 04:58:45,701 [WARN] CodeGenerator:3951 - IP not found : null
2026-06-16 04:58:45,736 [INFO] CodeEngine:255 - oldGeneratedFile, C:\git\VehiculoTT\VehiculoTT\Core\Inc\main.h_save
2026-06-16 04:58:45,847 [INFO] CodeEngine:279 - Generated code: C:\git\VehiculoTT\VehiculoTT\Core\Inc\main.h
2026-06-16 04:58:45,908 [INFO] CodeEngine:255 - oldGeneratedFile, C:\git\VehiculoTT\VehiculoTT\Core\Src\main.c_save
2026-06-16 04:58:46,155 [INFO] CodeEngine:279 - Generated code: C:\git\VehiculoTT\VehiculoTT\Core\Src\main.c
2026-06-16 04:58:47,395 [INFO] ProjectBuilder:3163 - Time for Copy HAL[1] : 981mS.
2026-06-16 04:58:47,410 [INFO] ProjectBuilder:4736 - Project Generator version: 4.3.0-B58
2026-06-16 04:58:47,536 [INFO] ConfigFileManager:1503 - The Die is : DIE431
2026-06-16 04:58:47,584 [INFO] ApiDbMcu:508 - Load IP Config File for FATFS
2026-06-16 04:58:47,609 [INFO] ApiDbMcu:508 - Load IP Config File for LIBJPEG
2026-06-16 04:58:47,633 [INFO] ApiDbMcu:508 - Load IP Config File for MBEDTLS
2026-06-16 04:58:47,676 [INFO] ApiDbMcu:508 - Load IP Config File for USB_DEVICE
2026-06-16 04:58:47,703 [INFO] ApiDbMcu:508 - Load IP Config File for USB_HOST
2026-06-16 04:58:48,695 [INFO] LogOutputStream:77 - [STDOUT_REDIRECT] 
2026-06-16 04:58:52,249 [INFO] ProjectBuilder:5002 - Time for Generating toolchain IDE Files: 4839mS.
2026-06-16 04:58:52,251 [INFO] ProjectBuilder:3034 - Time for Copy CMSIS : 1mS.
2026-06-16 04:58:52,274 [INFO] ProjectBuilder:3034 - Time for Copy CMSIS : 0mS.
2026-06-16 04:59:30,750 [INFO] UtilMem:75 - End SaveConfig() Used Memory: 840798432 Bytes (1073741824)
2026-06-16 04:59:31,048 [INFO] BlockDiagram:2759 - set Specific Code input for plugin: NVIC
2026-06-16 04:59:31,048 [INFO] BlockDiagram:2759 - set Specific Code input for plugin: FREERTOS
2026-06-16 04:59:31,048 [INFO] BlockDiagram:2759 - set Specific Code input for plugin: USART
2026-06-16 04:59:31,048 [INFO] BlockDiagram:2759 - set Specific Code input for plugin: DMA
2026-06-16 04:59:31,048 [INFO] BlockDiagram:2759 - set Specific Code input for plugin: TIM1_8
2026-06-16 04:59:31,048 [INFO] BlockDiagram:2759 - set Specific Code input for plugin: TIM1_8
2026-06-16 04:59:31,048 [INFO] BlockDiagram:2759 - set Specific Code input for plugin: TIM1_8
2026-06-16 04:59:31,048 [INFO] BlockDiagram:2759 - set Specific Code input for plugin: SYS
2026-06-16 04:59:31,048 [INFO] BlockDiagram:2759 - set Specific Code input for plugin: GPIO
2026-06-16 04:59:31,048 [INFO] BlockDiagram:2759 - set Specific Code input for plugin: ADC
2026-06-16 04:59:31,048 [INFO] BlockDiagram:2759 - set Specific Code input for plugin: RCC
2026-06-16 04:59:31,048 [INFO] BlockDiagram:2759 - set Specific Code input for plugin: I2C
2026-06-16 04:59:31,050 [INFO] CodeGenerator:807 - code generatio: config db path: D:\Documentos\Electronica\Nueva carpeta\STM32CubeIDE_1.15.0\STM32CubeIDE\plugins\com.st.stm32cube.common.mx_6.11.0.202403141607\\db\
2026-06-16 04:59:31,054 [INFO] Argument:325 - Argument : hdmavalue: null
2026-06-16 04:59:31,055 [INFO] Argument:327 - 	 sub Args: 
2026-06-16 04:59:31,055 [INFO] Argument:325 - Argument : Instancevalue: DMA2_Stream0
2026-06-16 04:59:31,055 [INFO] Argument:335 - Argument : Instancevalue: DMA2_Stream0
2026-06-16 04:59:31,055 [INFO] Argument:325 - Argument : Initvalue: null
2026-06-16 04:59:31,055 [INFO] Argument:327 - 	 sub Args: 
2026-06-16 04:59:31,055 [INFO] Argument:325 - Argument : Channelvalue: DMA_CHANNEL_0
2026-06-16 04:59:31,055 [INFO] Argument:335 - Argument : Channelvalue: DMA_CHANNEL_0
2026-06-16 04:59:31,055 [INFO] Argument:325 - Argument : Directionvalue: DMA_PERIPH_TO_MEMORY
2026-06-16 04:59:31,055 [INFO] Argument:335 - Argument : Directionvalue: DMA_PERIPH_TO_MEMORY
2026-06-16 04:59:31,055 [INFO] Argument:325 - Argument : PeriphIncvalue: DMA_PINC_DISABLE
2026-06-16 04:59:31,055 [INFO] Argument:335 - Argument : PeriphIncvalue: DMA_PINC_DISABLE
2026-06-16 04:59:31,055 [INFO] Argument:325 - Argument : MemIncvalue: DMA_MINC_ENABLE
2026-06-16 04:59:31,055 [INFO] Argument:335 - Argument : MemIncvalue: DMA_MINC_ENABLE
2026-06-16 04:59:31,055 [INFO] Argument:325 - Argument : PeriphDataAlignmentvalue: DMA_PDATAALIGN_HALFWORD
2026-06-16 04:59:31,055 [INFO] Argument:335 - Argument : PeriphDataAlignmentvalue: DMA_PDATAALIGN_HALFWORD
2026-06-16 04:59:31,055 [INFO] Argument:325 - Argument : MemDataAlignmentvalue: DMA_MDATAALIGN_HALFWORD
2026-06-16 04:59:31,055 [INFO] Argument:335 - Argument : MemDataAlignmentvalue: DMA_MDATAALIGN_HALFWORD
2026-06-16 04:59:31,055 [INFO] Argument:325 - Argument : Modevalue: DMA_CIRCULAR
2026-06-16 04:59:31,055 [INFO] Argument:335 - Argument : Modevalue: DMA_CIRCULAR
2026-06-16 04:59:31,055 [INFO] Argument:325 - Argument : Priorityvalue: DMA_PRIORITY_LOW
2026-06-16 04:59:31,055 [INFO] Argument:335 - Argument : Priorityvalue: DMA_PRIORITY_LOW
2026-06-16 04:59:31,055 [INFO] Argument:325 - Argument : FIFOModevalue: DMA_FIFOMODE_DISABLE
2026-06-16 04:59:31,055 [INFO] Argument:335 - Argument : FIFOModevalue: DMA_FIFOMODE_DISABLE
2026-06-16 04:59:31,055 [INFO] Argument:325 - Argument : FIFOThresholdvalue: null
2026-06-16 04:59:31,055 [INFO] Argument:335 - Argument : FIFOThresholdvalue: null
2026-06-16 04:59:31,055 [INFO] Argument:325 - Argument : MemBurstvalue: null
2026-06-16 04:59:31,055 [INFO] Argument:335 - Argument : MemBurstvalue: null
2026-06-16 04:59:31,055 [INFO] Argument:325 - Argument : PeriphBurstvalue: null
2026-06-16 04:59:31,056 [INFO] Argument:335 - Argument : PeriphBurstvalue: null
2026-06-16 04:59:31,056 [INFO] Argument:325 - Argument : Lockvalue: null
2026-06-16 04:59:31,056 [INFO] Argument:335 - Argument : Lockvalue: null
2026-06-16 04:59:31,056 [INFO] Argument:325 - Argument : Statevalue: null
2026-06-16 04:59:31,056 [INFO] Argument:335 - Argument : Statevalue: null
2026-06-16 04:59:31,056 [INFO] Argument:325 - Argument : Parentvalue: null
2026-06-16 04:59:31,056 [INFO] Argument:335 - Argument : Parentvalue: null
2026-06-16 04:59:31,056 [INFO] Argument:325 - Argument : XferCpltCallbackvalue: null
2026-06-16 04:59:31,056 [INFO] Argument:335 - Argument : XferCpltCallbackvalue: null
2026-06-16 04:59:31,056 [INFO] Argument:325 - Argument : XferHalfCpltCallbackvalue: null
2026-06-16 04:59:31,056 [INFO] Argument:335 - Argument : XferHalfCpltCallbackvalue: null
2026-06-16 04:59:31,056 [INFO] Argument:325 - Argument : XferM1CpltCallbackvalue: null
2026-06-16 04:59:31,056 [INFO] Argument:335 - Argument : XferM1CpltCallbackvalue: null
2026-06-16 04:59:31,056 [INFO] Argument:325 - Argument : XferErrorCallbackvalue: null
2026-06-16 04:59:31,056 [INFO] Argument:335 - Argument : XferErrorCallbackvalue: null
2026-06-16 04:59:31,056 [INFO] Argument:325 - Argument : ErrorCodevalue: null
2026-06-16 04:59:31,056 [INFO] Argument:335 - Argument : ErrorCodevalue: null
2026-06-16 04:59:31,059 [WARN] IP:2120 - I2C_Coeff_DF not found: check if there is a RefParameter without a condition.
2026-06-16 04:59:31,059 [WARN] IP:2120 - Analog_Filter not found: check if there is a RefParameter without a condition.
2026-06-16 04:59:31,075 [INFO] Argument:325 - Argument : hdmavalue: null
2026-06-16 04:59:31,076 [INFO] Argument:327 - 	 sub Args: 
2026-06-16 04:59:31,076 [INFO] Argument:325 - Argument : Instancevalue: DMA2_Stream2
2026-06-16 04:59:31,076 [INFO] Argument:335 - Argument : Instancevalue: DMA2_Stream2
2026-06-16 04:59:31,076 [INFO] Argument:325 - Argument : Initvalue: null
2026-06-16 04:59:31,076 [INFO] Argument:327 - 	 sub Args: 
2026-06-16 04:59:31,076 [INFO] Argument:325 - Argument : Channelvalue: DMA_CHANNEL_4
2026-06-16 04:59:31,076 [INFO] Argument:335 - Argument : Channelvalue: DMA_CHANNEL_4
2026-06-16 04:59:31,076 [INFO] Argument:325 - Argument : Directionvalue: DMA_PERIPH_TO_MEMORY
2026-06-16 04:59:31,076 [INFO] Argument:335 - Argument : Directionvalue: DMA_PERIPH_TO_MEMORY
2026-06-16 04:59:31,076 [INFO] Argument:325 - Argument : PeriphIncvalue: DMA_PINC_DISABLE
2026-06-16 04:59:31,076 [INFO] Argument:335 - Argument : PeriphIncvalue: DMA_PINC_DISABLE
2026-06-16 04:59:31,076 [INFO] Argument:325 - Argument : MemIncvalue: DMA_MINC_ENABLE
2026-06-16 04:59:31,076 [INFO] Argument:335 - Argument : MemIncvalue: DMA_MINC_ENABLE
2026-06-16 04:59:31,076 [INFO] Argument:325 - Argument : PeriphDataAlignmentvalue: DMA_PDATAALIGN_BYTE
2026-06-16 04:59:31,076 [INFO] Argument:335 - Argument : PeriphDataAlignmentvalue: DMA_PDATAALIGN_BYTE
2026-06-16 04:59:31,076 [INFO] Argument:325 - Argument : MemDataAlignmentvalue: DMA_MDATAALIGN_BYTE
2026-06-16 04:59:31,076 [INFO] Argument:335 - Argument : MemDataAlignmentvalue: DMA_MDATAALIGN_BYTE
2026-06-16 04:59:31,076 [INFO] Argument:325 - Argument : Modevalue: DMA_CIRCULAR
2026-06-16 04:59:31,076 [INFO] Argument:335 - Argument : Modevalue: DMA_CIRCULAR
2026-06-16 04:59:31,076 [INFO] Argument:325 - Argument : Priorityvalue: DMA_PRIORITY_HIGH
2026-06-16 04:59:31,076 [INFO] Argument:335 - Argument : Priorityvalue: DMA_PRIORITY_HIGH
2026-06-16 04:59:31,076 [INFO] Argument:325 - Argument : FIFOModevalue: DMA_FIFOMODE_DISABLE
2026-06-16 04:59:31,076 [INFO] Argument:335 - Argument : FIFOModevalue: DMA_FIFOMODE_DISABLE
2026-06-16 04:59:31,076 [INFO] Argument:325 - Argument : FIFOThresholdvalue: null
2026-06-16 04:59:31,076 [INFO] Argument:335 - Argument : FIFOThresholdvalue: null
2026-06-16 04:59:31,076 [INFO] Argument:325 - Argument : MemBurstvalue: null
2026-06-16 04:59:31,076 [INFO] Argument:335 - Argument : MemBurstvalue: null
2026-06-16 04:59:31,076 [INFO] Argument:325 - Argument : PeriphBurstvalue: null
2026-06-16 04:59:31,076 [INFO] Argument:335 - Argument : PeriphBurstvalue: null
2026-06-16 04:59:31,076 [INFO] Argument:325 - Argument : Lockvalue: null
2026-06-16 04:59:31,076 [INFO] Argument:335 - Argument : Lockvalue: null
2026-06-16 04:59:31,076 [INFO] Argument:325 - Argument : Statevalue: null
2026-06-16 04:59:31,076 [INFO] Argument:335 - Argument : Statevalue: null
2026-06-16 04:59:31,076 [INFO] Argument:325 - Argument : Parentvalue: null
2026-06-16 04:59:31,076 [INFO] Argument:335 - Argument : Parentvalue: null
2026-06-16 04:59:31,076 [INFO] Argument:325 - Argument : XferCpltCallbackvalue: null
2026-06-16 04:59:31,076 [INFO] Argument:335 - Argument : XferCpltCallbackvalue: null
2026-06-16 04:59:31,076 [INFO] Argument:325 - Argument : XferHalfCpltCallbackvalue: null
2026-06-16 04:59:31,076 [INFO] Argument:335 - Argument : XferHalfCpltCallbackvalue: null
2026-06-16 04:59:31,076 [INFO] Argument:325 - Argument : XferM1CpltCallbackvalue: null
2026-06-16 04:59:31,076 [INFO] Argument:335 - Argument : XferM1CpltCallbackvalue: null
2026-06-16 04:59:31,076 [INFO] Argument:325 - Argument : XferErrorCallbackvalue: null
2026-06-16 04:59:31,076 [INFO] Argument:335 - Argument : XferErrorCallbackvalue: null
2026-06-16 04:59:31,076 [INFO] Argument:325 - Argument : ErrorCodevalue: null
2026-06-16 04:59:31,076 [INFO] Argument:335 - Argument : ErrorCodevalue: null
2026-06-16 04:59:31,077 [INFO] Argument:325 - Argument : hdmavalue: null
2026-06-16 04:59:31,077 [INFO] Argument:327 - 	 sub Args: 
2026-06-16 04:59:31,077 [INFO] Argument:325 - Argument : Instancevalue: DMA2_Stream7
2026-06-16 04:59:31,077 [INFO] Argument:335 - Argument : Instancevalue: DMA2_Stream7
2026-06-16 04:59:31,077 [INFO] Argument:325 - Argument : Initvalue: null
2026-06-16 04:59:31,077 [INFO] Argument:327 - 	 sub Args: 
2026-06-16 04:59:31,077 [INFO] Argument:325 - Argument : Channelvalue: DMA_CHANNEL_4
2026-06-16 04:59:31,077 [INFO] Argument:335 - Argument : Channelvalue: DMA_CHANNEL_4
2026-06-16 04:59:31,077 [INFO] Argument:325 - Argument : Directionvalue: DMA_MEMORY_TO_PERIPH
2026-06-16 04:59:31,077 [INFO] Argument:335 - Argument : Directionvalue: DMA_MEMORY_TO_PERIPH
2026-06-16 04:59:31,077 [INFO] Argument:325 - Argument : PeriphIncvalue: DMA_PINC_DISABLE
2026-06-16 04:59:31,077 [INFO] Argument:335 - Argument : PeriphIncvalue: DMA_PINC_DISABLE
2026-06-16 04:59:31,077 [INFO] Argument:325 - Argument : MemIncvalue: DMA_MINC_ENABLE
2026-06-16 04:59:31,077 [INFO] Argument:335 - Argument : MemIncvalue: DMA_MINC_ENABLE
2026-06-16 04:59:31,077 [INFO] Argument:325 - Argument : PeriphDataAlignmentvalue: DMA_PDATAALIGN_BYTE
2026-06-16 04:59:31,077 [INFO] Argument:335 - Argument : PeriphDataAlignmentvalue: DMA_PDATAALIGN_BYTE
2026-06-16 04:59:31,077 [INFO] Argument:325 - Argument : MemDataAlignmentvalue: DMA_MDATAALIGN_BYTE
2026-06-16 04:59:31,077 [INFO] Argument:335 - Argument : MemDataAlignmentvalue: DMA_MDATAALIGN_BYTE
2026-06-16 04:59:31,077 [INFO] Argument:325 - Argument : Modevalue: DMA_NORMAL
2026-06-16 04:59:31,077 [INFO] Argument:335 - Argument : Modevalue: DMA_NORMAL
2026-06-16 04:59:31,077 [INFO] Argument:325 - Argument : Priorityvalue: DMA_PRIORITY_MEDIUM
2026-06-16 04:59:31,077 [INFO] Argument:335 - Argument : Priorityvalue: DMA_PRIORITY_MEDIUM
2026-06-16 04:59:31,077 [INFO] Argument:325 - Argument : FIFOModevalue: DMA_FIFOMODE_DISABLE
2026-06-16 04:59:31,077 [INFO] Argument:335 - Argument : FIFOModevalue: DMA_FIFOMODE_DISABLE
2026-06-16 04:59:31,077 [INFO] Argument:325 - Argument : FIFOThresholdvalue: null
2026-06-16 04:59:31,077 [INFO] Argument:335 - Argument : FIFOThresholdvalue: null
2026-06-16 04:59:31,077 [INFO] Argument:325 - Argument : MemBurstvalue: null
2026-06-16 04:59:31,077 [INFO] Argument:335 - Argument : MemBurstvalue: null
2026-06-16 04:59:31,077 [INFO] Argument:325 - Argument : PeriphBurstvalue: null
2026-06-16 04:59:31,077 [INFO] Argument:335 - Argument : PeriphBurstvalue: null
2026-06-16 04:59:31,077 [INFO] Argument:325 - Argument : Lockvalue: null
2026-06-16 04:59:31,077 [INFO] Argument:335 - Argument : Lockvalue: null
2026-06-16 04:59:31,077 [INFO] Argument:325 - Argument : Statevalue: null
2026-06-16 04:59:31,077 [INFO] Argument:335 - Argument : Statevalue: null
2026-06-16 04:59:31,077 [INFO] Argument:325 - Argument : Parentvalue: null
2026-06-16 04:59:31,077 [INFO] Argument:335 - Argument : Parentvalue: null
2026-06-16 04:59:31,079 [INFO] Argument:325 - Argument : XferCpltCallbackvalue: null
2026-06-16 04:59:31,079 [INFO] Argument:335 - Argument : XferCpltCallbackvalue: null
2026-06-16 04:59:31,079 [INFO] Argument:325 - Argument : XferHalfCpltCallbackvalue: null
2026-06-16 04:59:31,079 [INFO] Argument:335 - Argument : XferHalfCpltCallbackvalue: null
2026-06-16 04:59:31,079 [INFO] Argument:325 - Argument : XferM1CpltCallbackvalue: null
2026-06-16 04:59:31,079 [INFO] Argument:335 - Argument : XferM1CpltCallbackvalue: null
2026-06-16 04:59:31,079 [INFO] Argument:325 - Argument : XferErrorCallbackvalue: null
2026-06-16 04:59:31,079 [INFO] Argument:335 - Argument : XferErrorCallbackvalue: null
2026-06-16 04:59:31,079 [INFO] Argument:325 - Argument : ErrorCodevalue: null
2026-06-16 04:59:31,079 [INFO] Argument:335 - Argument : ErrorCodevalue: null
2026-06-16 04:59:31,138 [INFO] CodeEngine:255 - oldGeneratedFile, C:\git\VehiculoTT\VehiculoTT\MXTmpFiles\license.tmp_save
2026-06-16 04:59:31,227 [INFO] CodeEngine:279 - Generated code: C:\git\VehiculoTT\VehiculoTT\MXTmpFiles\license.tmp
2026-06-16 04:59:31,267 [INFO] CodeEngine:255 - oldGeneratedFile, C:\git\VehiculoTT\VehiculoTT\MXTmpFiles\gpio.tmp_save
2026-06-16 04:59:31,344 [INFO] CodeEngine:279 - Generated code: C:\git\VehiculoTT\VehiculoTT\MXTmpFiles\gpio.tmp
2026-06-16 04:59:31,799 [INFO] Middleware:1439 - No code input for Bsp Dependency
2026-06-16 04:59:31,813 [INFO] CodeEngine:255 - oldGeneratedFile, C:\git\VehiculoTT\VehiculoTT\MXTmpFiles\rtos_inc.tmp_save
2026-06-16 04:59:31,900 [INFO] CodeEngine:279 - Generated code: C:\git\VehiculoTT\VehiculoTT\MXTmpFiles\rtos_inc.tmp
2026-06-16 04:59:31,936 [INFO] CodeEngine:255 - oldGeneratedFile, C:\git\VehiculoTT\VehiculoTT\MXTmpFiles\rtos_kernelInit.tmp_save
2026-06-16 04:59:32,006 [INFO] CodeEngine:279 - Generated code: C:\git\VehiculoTT\VehiculoTT\MXTmpFiles\rtos_kernelInit.tmp
2026-06-16 04:59:32,013 [INFO] CodeEngine:255 - oldGeneratedFile, C:\git\VehiculoTT\VehiculoTT\MXTmpFiles\rtos_kernelStart.tmp_save
2026-06-16 04:59:32,074 [INFO] CodeEngine:279 - Generated code: C:\git\VehiculoTT\VehiculoTT\MXTmpFiles\rtos_kernelStart.tmp
2026-06-16 04:59:32,082 [INFO] CodeEngine:255 - oldGeneratedFile, C:\git\VehiculoTT\VehiculoTT\MXTmpFiles\rtos_typedefs.tmp_save
2026-06-16 04:59:32,136 [INFO] CodeEngine:279 - Generated code: C:\git\VehiculoTT\VehiculoTT\MXTmpFiles\rtos_typedefs.tmp
2026-06-16 04:59:32,143 [INFO] CodeEngine:255 - oldGeneratedFile, C:\git\VehiculoTT\VehiculoTT\MXTmpFiles\rtos_vars.tmp_save
2026-06-16 04:59:32,211 [INFO] CodeEngine:279 - Generated code: C:\git\VehiculoTT\VehiculoTT\MXTmpFiles\rtos_vars.tmp
2026-06-16 04:59:32,218 [INFO] CodeEngine:255 - oldGeneratedFile, C:\git\VehiculoTT\VehiculoTT\MXTmpFiles\rtos_pfp.tmp_save
2026-06-16 04:59:32,278 [INFO] CodeEngine:279 - Generated code: C:\git\VehiculoTT\VehiculoTT\MXTmpFiles\rtos_pfp.tmp
2026-06-16 04:59:32,286 [INFO] CodeEngine:255 - oldGeneratedFile, C:\git\VehiculoTT\VehiculoTT\MXTmpFiles\rtos_obj_creat.tmp_save
2026-06-16 04:59:32,349 [INFO] CodeEngine:279 - Generated code: C:\git\VehiculoTT\VehiculoTT\MXTmpFiles\rtos_obj_creat.tmp
2026-06-16 04:59:32,355 [INFO] CodeEngine:255 - oldGeneratedFile, C:\git\VehiculoTT\VehiculoTT\MXTmpFiles\rtos_default_thread.tmp_save
2026-06-16 04:59:32,410 [INFO] CodeEngine:279 - Generated code: C:\git\VehiculoTT\VehiculoTT\MXTmpFiles\rtos_default_thread.tmp
2026-06-16 04:59:32,417 [INFO] CodeEngine:255 - oldGeneratedFile, C:\git\VehiculoTT\VehiculoTT\MXTmpFiles\rtos_threads.tmp_save
2026-06-16 04:59:32,471 [INFO] CodeEngine:279 - Generated code: C:\git\VehiculoTT\VehiculoTT\MXTmpFiles\rtos_threads.tmp
2026-06-16 04:59:32,484 [INFO] Middleware:1439 - No code input for Bsp Dependency
2026-06-16 04:59:32,495 [INFO] CodeEngine:255 - oldGeneratedFile, C:\git\VehiculoTT\VehiculoTT\MXTmpFiles\rtos_inc.tmp_save
2026-06-16 04:59:32,556 [INFO] CodeEngine:279 - Generated code: C:\git\VehiculoTT\VehiculoTT\MXTmpFiles\rtos_inc.tmp
2026-06-16 04:59:32,566 [INFO] CodeEngine:255 - oldGeneratedFile, C:\git\VehiculoTT\VehiculoTT\MXTmpFiles\rtos_kernelInit.tmp_save
2026-06-16 04:59:32,621 [INFO] CodeEngine:279 - Generated code: C:\git\VehiculoTT\VehiculoTT\MXTmpFiles\rtos_kernelInit.tmp
2026-06-16 04:59:32,630 [INFO] CodeEngine:255 - oldGeneratedFile, C:\git\VehiculoTT\VehiculoTT\MXTmpFiles\rtos_kernelStart.tmp_save
2026-06-16 04:59:32,685 [INFO] CodeEngine:279 - Generated code: C:\git\VehiculoTT\VehiculoTT\MXTmpFiles\rtos_kernelStart.tmp
2026-06-16 04:59:32,694 [INFO] CodeEngine:255 - oldGeneratedFile, C:\git\VehiculoTT\VehiculoTT\MXTmpFiles\rtos_typedefs.tmp_save
2026-06-16 04:59:32,748 [INFO] CodeEngine:279 - Generated code: C:\git\VehiculoTT\VehiculoTT\MXTmpFiles\rtos_typedefs.tmp
2026-06-16 04:59:32,769 [INFO] CodeEngine:255 - oldGeneratedFile, C:\git\VehiculoTT\VehiculoTT\MXTmpFiles\rtos_vars.tmp_save
2026-06-16 04:59:32,826 [INFO] CodeEngine:279 - Generated code: C:\git\VehiculoTT\VehiculoTT\MXTmpFiles\rtos_vars.tmp
2026-06-16 04:59:32,836 [INFO] CodeEngine:255 - oldGeneratedFile, C:\git\VehiculoTT\VehiculoTT\MXTmpFiles\rtos_pfp.tmp_save
2026-06-16 04:59:32,891 [INFO] CodeEngine:279 - Generated code: C:\git\VehiculoTT\VehiculoTT\MXTmpFiles\rtos_pfp.tmp
2026-06-16 04:59:32,907 [INFO] CodeEngine:255 - oldGeneratedFile, C:\git\VehiculoTT\VehiculoTT\MXTmpFiles\rtos_obj_creat.tmp_save
2026-06-16 04:59:32,969 [INFO] CodeEngine:279 - Generated code: C:\git\VehiculoTT\VehiculoTT\MXTmpFiles\rtos_obj_creat.tmp
2026-06-16 04:59:32,978 [INFO] CodeEngine:255 - oldGeneratedFile, C:\git\VehiculoTT\VehiculoTT\MXTmpFiles\rtos_default_thread.tmp_save
2026-06-16 04:59:33,035 [INFO] CodeEngine:279 - Generated code: C:\git\VehiculoTT\VehiculoTT\MXTmpFiles\rtos_default_thread.tmp
2026-06-16 04:59:33,044 [INFO] CodeEngine:255 - oldGeneratedFile, C:\git\VehiculoTT\VehiculoTT\MXTmpFiles\rtos_threads.tmp_save
2026-06-16 04:59:33,100 [INFO] CodeEngine:279 - Generated code: C:\git\VehiculoTT\VehiculoTT\MXTmpFiles\rtos_threads.tmp
2026-06-16 04:59:33,118 [INFO] CodeEngine:255 - oldGeneratedFile, C:\git\VehiculoTT\VehiculoTT\Core\Inc\FreeRTOSConfig.h_save
2026-06-16 04:59:33,188 [INFO] CodeEngine:279 - Generated code: C:\git\VehiculoTT\VehiculoTT\Core\Inc\FreeRTOSConfig.h
2026-06-16 04:59:33,206 [INFO] CodeEngine:255 - oldGeneratedFile, C:\git\VehiculoTT\VehiculoTT\Core\Src\freertos.c_save
2026-06-16 04:59:33,275 [INFO] CodeEngine:279 - Generated code: C:\git\VehiculoTT\VehiculoTT\Core\Src\freertos.c
2026-06-16 04:59:33,336 [INFO] CodeEngine:255 - oldGeneratedFile, C:\git\VehiculoTT\VehiculoTT\MXTmpFiles\dma.tmp_save
2026-06-16 04:59:33,403 [INFO] CodeEngine:279 - Generated code: C:\git\VehiculoTT\VehiculoTT\MXTmpFiles\dma.tmp
2026-06-16 04:59:33,409 [INFO] CodeEngine:255 - oldGeneratedFile, C:\git\VehiculoTT\VehiculoTT\MXTmpFiles\dma_GV.tmp_save
2026-06-16 04:59:33,460 [INFO] CodeEngine:279 - Generated code: C:\git\VehiculoTT\VehiculoTT\MXTmpFiles\dma_GV.tmp
2026-06-16 04:59:33,489 [INFO] CodeEngine:255 - oldGeneratedFile, C:\git\VehiculoTT\VehiculoTT\Core\Src\stm32f4xx_it.c_save
2026-06-16 04:59:33,597 [INFO] CodeEngine:279 - Generated code: C:\git\VehiculoTT\VehiculoTT\Core\Src\stm32f4xx_it.c
2026-06-16 04:59:33,612 [INFO] CodeEngine:255 - oldGeneratedFile, C:\git\VehiculoTT\VehiculoTT\Core\Inc\stm32f4xx_it.h_save
2026-06-16 04:59:33,681 [INFO] CodeEngine:279 - Generated code: C:\git\VehiculoTT\VehiculoTT\Core\Inc\stm32f4xx_it.h
2026-06-16 04:59:33,718 [INFO] CodeEngine:255 - oldGeneratedFile, C:\git\VehiculoTT\VehiculoTT\Core\Src\stm32f4xx_hal_msp.c_save
2026-06-16 04:59:33,859 [INFO] CodeEngine:279 - Generated code: C:\git\VehiculoTT\VehiculoTT\Core\Src\stm32f4xx_hal_msp.c
2026-06-16 04:59:33,871 [INFO] CodeEngine:255 - oldGeneratedFile, C:\git\VehiculoTT\VehiculoTT\MXTmpFiles\system.tmp_save
2026-06-16 04:59:33,927 [INFO] CodeEngine:279 - Generated code: C:\git\VehiculoTT\VehiculoTT\MXTmpFiles\system.tmp
2026-06-16 04:59:33,944 [INFO] CodeEngine:255 - oldGeneratedFile, C:\git\VehiculoTT\VehiculoTT\Core\Src\stm32f4xx_hal_timebase_tim.c_save
2026-06-16 04:59:34,012 [INFO] CodeEngine:279 - Generated code: C:\git\VehiculoTT\VehiculoTT\Core\Src\stm32f4xx_hal_timebase_tim.c
2026-06-16 04:59:34,037 [INFO] CodeEngine:311 - oldGeneratedFile, C:\git\VehiculoTT\VehiculoTT\Core\Inc\stm32f4xx_hal_conf.h_save
2026-06-16 04:59:34,123 [INFO] CodeEngine:335 - Generated code: C:\git\VehiculoTT\VehiculoTT\Core\Inc\stm32f4xx_hal_conf.h
2026-06-16 04:59:34,148 [WARN] IPConfigManager:3513 - IP not found : TIM
2026-06-16 04:59:34,149 [WARN] CodeGenerator:3951 - IP not found : null
2026-06-16 04:59:34,168 [INFO] CodeEngine:255 - oldGeneratedFile, C:\git\VehiculoTT\VehiculoTT\Core\Inc\main.h_save
2026-06-16 04:59:34,244 [INFO] CodeEngine:279 - Generated code: C:\git\VehiculoTT\VehiculoTT\Core\Inc\main.h
2026-06-16 04:59:34,262 [INFO] CodeEngine:255 - oldGeneratedFile, C:\git\VehiculoTT\VehiculoTT\Core\Src\main.c_save
2026-06-16 04:59:34,453 [INFO] CodeEngine:279 - Generated code: C:\git\VehiculoTT\VehiculoTT\Core\Src\main.c
2026-06-16 04:59:35,224 [INFO] ProjectBuilder:3163 - Time for Copy HAL[1] : 606mS.
2026-06-16 04:59:35,236 [INFO] ProjectBuilder:4736 - Project Generator version: 4.3.0-B58
2026-06-16 04:59:35,304 [INFO] ConfigFileManager:1503 - The Die is : DIE431
2026-06-16 04:59:37,042 [INFO] ProjectBuilder:5002 - Time for Generating toolchain IDE Files: 1806mS.
2026-06-16 04:59:37,044 [INFO] ProjectBuilder:3034 - Time for Copy CMSIS : 1mS.
2026-06-16 04:59:37,079 [INFO] ProjectBuilder:3034 - Time for Copy CMSIS : 0mS.
2026-06-16 05:34:00,225 [ERROR] RtosPanel:558 - Can not restore the selected Tab for FREERTOS(A reason can be that the tab is no more available.)
2026-06-16 05:34:04,460 [INFO] TasksAndQueuesTab:757 - Dynamic
2026-06-16 05:34:04,461 [WARN] TasksAndQueuesTab:763 - 128 128
2026-06-16 05:34:04,461 [WARN] TasksAndQueuesTab:775 - max value is: 3840.0
2026-06-16 05:34:04,461 [INFO] TasksAndQueuesTab:757 - Dynamic
2026-06-16 05:34:04,461 [WARN] TasksAndQueuesTab:763 - 128 128
2026-06-16 05:34:04,461 [WARN] TasksAndQueuesTab:775 - max value is: 3840.0
2026-06-16 05:34:04,461 [INFO] TasksAndQueuesTab:757 - Dynamic
2026-06-16 05:34:04,461 [WARN] TasksAndQueuesTab:763 - 512 128
2026-06-16 05:34:04,461 [WARN] TasksAndQueuesTab:775 - max value is: 3840.0
2026-06-16 05:34:09,345 [INFO] EditThreadDialog:704 - RAM SIZE (in KB): 128
2026-06-16 05:34:09,346 [INFO] EditThreadDialog:706 - RAM SIZE (in words): 32768
2026-06-16 05:34:40,971 [INFO] TasksAndQueuesTab:757 - Dynamic
2026-06-16 05:34:40,971 [WARN] TasksAndQueuesTab:763 - 128 128
2026-06-16 05:34:40,971 [WARN] TasksAndQueuesTab:775 - max value is: 3840.0
2026-06-16 05:34:40,971 [INFO] TasksAndQueuesTab:757 - Dynamic
2026-06-16 05:34:40,971 [WARN] TasksAndQueuesTab:763 - 128 128
2026-06-16 05:34:40,971 [WARN] TasksAndQueuesTab:775 - max value is: 3840.0
2026-06-16 05:34:40,971 [INFO] TasksAndQueuesTab:757 - Dynamic
2026-06-16 05:34:40,971 [WARN] TasksAndQueuesTab:763 - 512 128
2026-06-16 05:34:40,971 [WARN] TasksAndQueuesTab:775 - max value is: 3840.0
2026-06-16 05:34:40,971 [INFO] TasksAndQueuesTab:757 - Dynamic
2026-06-16 05:34:40,971 [WARN] TasksAndQueuesTab:763 - 512 128
2026-06-16 05:34:40,971 [WARN] TasksAndQueuesTab:775 - max value is: 3840.0
2026-06-16 05:34:42,349 [INFO] EditThreadDialog:704 - RAM SIZE (in KB): 128
2026-06-16 05:34:42,349 [INFO] EditThreadDialog:706 - RAM SIZE (in words): 32768
2026-06-16 05:35:55,822 [INFO] EditThreadDialog:704 - RAM SIZE (in KB): 128
2026-06-16 05:35:55,822 [INFO] EditThreadDialog:706 - RAM SIZE (in words): 32768
2026-06-16 05:36:37,866 [INFO] TasksAndQueuesTab:757 - Dynamic
2026-06-16 05:36:37,866 [WARN] TasksAndQueuesTab:763 - 128 128
2026-06-16 05:36:37,866 [WARN] TasksAndQueuesTab:775 - max value is: 3840.0
2026-06-16 05:36:37,866 [INFO] TasksAndQueuesTab:757 - Dynamic
2026-06-16 05:36:37,866 [WARN] TasksAndQueuesTab:763 - 128 128
2026-06-16 05:36:37,866 [WARN] TasksAndQueuesTab:775 - max value is: 3840.0
2026-06-16 05:36:37,866 [INFO] TasksAndQueuesTab:757 - Dynamic
2026-06-16 05:36:37,866 [WARN] TasksAndQueuesTab:763 - 512 128
2026-06-16 05:36:37,866 [WARN] TasksAndQueuesTab:775 - max value is: 3840.0
2026-06-16 05:36:37,866 [INFO] TasksAndQueuesTab:757 - Dynamic
2026-06-16 05:36:37,866 [WARN] TasksAndQueuesTab:763 - 256 128
2026-06-16 05:36:37,866 [WARN] TasksAndQueuesTab:775 - max value is: 3840.0
2026-06-16 05:39:29,155 [INFO] UtilMem:75 - End SaveConfig() Used Memory: 922940776 Bytes (1073741824)
2026-06-16 05:39:29,985 [INFO] UtilMem:75 - End SaveConfig() Used Memory: 807118424 Bytes (1073741824)
2026-06-16 05:39:30,299 [INFO] BlockDiagram:2759 - set Specific Code input for plugin: NVIC
2026-06-16 05:39:30,299 [INFO] BlockDiagram:2759 - set Specific Code input for plugin: FREERTOS
2026-06-16 05:39:30,299 [INFO] BlockDiagram:2759 - set Specific Code input for plugin: USART
2026-06-16 05:39:30,299 [INFO] BlockDiagram:2759 - set Specific Code input for plugin: DMA
2026-06-16 05:39:30,299 [INFO] BlockDiagram:2759 - set Specific Code input for plugin: TIM1_8
2026-06-16 05:39:30,299 [INFO] BlockDiagram:2759 - set Specific Code input for plugin: TIM1_8
2026-06-16 05:39:30,299 [INFO] BlockDiagram:2759 - set Specific Code input for plugin: TIM1_8
2026-06-16 05:39:30,299 [INFO] BlockDiagram:2759 - set Specific Code input for plugin: SYS
2026-06-16 05:39:30,300 [INFO] BlockDiagram:2759 - set Specific Code input for plugin: GPIO
2026-06-16 05:39:30,300 [INFO] BlockDiagram:2759 - set Specific Code input for plugin: ADC
2026-06-16 05:39:30,300 [INFO] BlockDiagram:2759 - set Specific Code input for plugin: RCC
2026-06-16 05:39:30,300 [INFO] BlockDiagram:2759 - set Specific Code input for plugin: I2C
2026-06-16 05:39:30,302 [INFO] CodeGenerator:807 - code generatio: config db path: D:\Documentos\Electronica\Nueva carpeta\STM32CubeIDE_1.15.0\STM32CubeIDE\plugins\com.st.stm32cube.common.mx_6.11.0.202403141607\\db\
2026-06-16 05:39:30,306 [INFO] Argument:325 - Argument : hdmavalue: null
2026-06-16 05:39:30,306 [INFO] Argument:327 - 	 sub Args: 
2026-06-16 05:39:30,306 [INFO] Argument:325 - Argument : Instancevalue: DMA2_Stream0
2026-06-16 05:39:30,306 [INFO] Argument:335 - Argument : Instancevalue: DMA2_Stream0
2026-06-16 05:39:30,306 [INFO] Argument:325 - Argument : Initvalue: null
2026-06-16 05:39:30,306 [INFO] Argument:327 - 	 sub Args: 
2026-06-16 05:39:30,306 [INFO] Argument:325 - Argument : Channelvalue: DMA_CHANNEL_0
2026-06-16 05:39:30,306 [INFO] Argument:335 - Argument : Channelvalue: DMA_CHANNEL_0
2026-06-16 05:39:30,306 [INFO] Argument:325 - Argument : Directionvalue: DMA_PERIPH_TO_MEMORY
2026-06-16 05:39:30,306 [INFO] Argument:335 - Argument : Directionvalue: DMA_PERIPH_TO_MEMORY
2026-06-16 05:39:30,306 [INFO] Argument:325 - Argument : PeriphIncvalue: DMA_PINC_DISABLE
2026-06-16 05:39:30,306 [INFO] Argument:335 - Argument : PeriphIncvalue: DMA_PINC_DISABLE
2026-06-16 05:39:30,306 [INFO] Argument:325 - Argument : MemIncvalue: DMA_MINC_ENABLE
2026-06-16 05:39:30,306 [INFO] Argument:335 - Argument : MemIncvalue: DMA_MINC_ENABLE
2026-06-16 05:39:30,306 [INFO] Argument:325 - Argument : PeriphDataAlignmentvalue: DMA_PDATAALIGN_HALFWORD
2026-06-16 05:39:30,306 [INFO] Argument:335 - Argument : PeriphDataAlignmentvalue: DMA_PDATAALIGN_HALFWORD
2026-06-16 05:39:30,307 [INFO] Argument:325 - Argument : MemDataAlignmentvalue: DMA_MDATAALIGN_HALFWORD
2026-06-16 05:39:30,307 [INFO] Argument:335 - Argument : MemDataAlignmentvalue: DMA_MDATAALIGN_HALFWORD
2026-06-16 05:39:30,307 [INFO] Argument:325 - Argument : Modevalue: DMA_CIRCULAR
2026-06-16 05:39:30,307 [INFO] Argument:335 - Argument : Modevalue: DMA_CIRCULAR
2026-06-16 05:39:30,307 [INFO] Argument:325 - Argument : Priorityvalue: DMA_PRIORITY_LOW
2026-06-16 05:39:30,307 [INFO] Argument:335 - Argument : Priorityvalue: DMA_PRIORITY_LOW
2026-06-16 05:39:30,307 [INFO] Argument:325 - Argument : FIFOModevalue: DMA_FIFOMODE_DISABLE
2026-06-16 05:39:30,307 [INFO] Argument:335 - Argument : FIFOModevalue: DMA_FIFOMODE_DISABLE
2026-06-16 05:39:30,307 [INFO] Argument:325 - Argument : FIFOThresholdvalue: null
2026-06-16 05:39:30,307 [INFO] Argument:335 - Argument : FIFOThresholdvalue: null
2026-06-16 05:39:30,307 [INFO] Argument:325 - Argument : MemBurstvalue: null
2026-06-16 05:39:30,307 [INFO] Argument:335 - Argument : MemBurstvalue: null
2026-06-16 05:39:30,307 [INFO] Argument:325 - Argument : PeriphBurstvalue: null
2026-06-16 05:39:30,307 [INFO] Argument:335 - Argument : PeriphBurstvalue: null
2026-06-16 05:39:30,307 [INFO] Argument:325 - Argument : Lockvalue: null
2026-06-16 05:39:30,307 [INFO] Argument:335 - Argument : Lockvalue: null
2026-06-16 05:39:30,307 [INFO] Argument:325 - Argument : Statevalue: null
2026-06-16 05:39:30,307 [INFO] Argument:335 - Argument : Statevalue: null
2026-06-16 05:39:30,307 [INFO] Argument:325 - Argument : Parentvalue: null
2026-06-16 05:39:30,307 [INFO] Argument:335 - Argument : Parentvalue: null
2026-06-16 05:39:30,307 [INFO] Argument:325 - Argument : XferCpltCallbackvalue: null
2026-06-16 05:39:30,307 [INFO] Argument:335 - Argument : XferCpltCallbackvalue: null
2026-06-16 05:39:30,307 [INFO] Argument:325 - Argument : XferHalfCpltCallbackvalue: null
2026-06-16 05:39:30,307 [INFO] Argument:335 - Argument : XferHalfCpltCallbackvalue: null
2026-06-16 05:39:30,307 [INFO] Argument:325 - Argument : XferM1CpltCallbackvalue: null
2026-06-16 05:39:30,307 [INFO] Argument:335 - Argument : XferM1CpltCallbackvalue: null
2026-06-16 05:39:30,307 [INFO] Argument:325 - Argument : XferErrorCallbackvalue: null
2026-06-16 05:39:30,307 [INFO] Argument:335 - Argument : XferErrorCallbackvalue: null
2026-06-16 05:39:30,307 [INFO] Argument:325 - Argument : ErrorCodevalue: null
2026-06-16 05:39:30,307 [INFO] Argument:335 - Argument : ErrorCodevalue: null
2026-06-16 05:39:30,310 [WARN] IP:2120 - I2C_Coeff_DF not found: check if there is a RefParameter without a condition.
2026-06-16 05:39:30,310 [WARN] IP:2120 - Analog_Filter not found: check if there is a RefParameter without a condition.
2026-06-16 05:39:30,326 [INFO] Argument:325 - Argument : hdmavalue: null
2026-06-16 05:39:30,326 [INFO] Argument:327 - 	 sub Args: 
2026-06-16 05:39:30,326 [INFO] Argument:325 - Argument : Instancevalue: DMA2_Stream2
2026-06-16 05:39:30,326 [INFO] Argument:335 - Argument : Instancevalue: DMA2_Stream2
2026-06-16 05:39:30,326 [INFO] Argument:325 - Argument : Initvalue: null
2026-06-16 05:39:30,326 [INFO] Argument:327 - 	 sub Args: 
2026-06-16 05:39:30,326 [INFO] Argument:325 - Argument : Channelvalue: DMA_CHANNEL_4
2026-06-16 05:39:30,326 [INFO] Argument:335 - Argument : Channelvalue: DMA_CHANNEL_4
2026-06-16 05:39:30,326 [INFO] Argument:325 - Argument : Directionvalue: DMA_PERIPH_TO_MEMORY
2026-06-16 05:39:30,326 [INFO] Argument:335 - Argument : Directionvalue: DMA_PERIPH_TO_MEMORY
2026-06-16 05:39:30,326 [INFO] Argument:325 - Argument : PeriphIncvalue: DMA_PINC_DISABLE
2026-06-16 05:39:30,326 [INFO] Argument:335 - Argument : PeriphIncvalue: DMA_PINC_DISABLE
2026-06-16 05:39:30,326 [INFO] Argument:325 - Argument : MemIncvalue: DMA_MINC_ENABLE
2026-06-16 05:39:30,326 [INFO] Argument:335 - Argument : MemIncvalue: DMA_MINC_ENABLE
2026-06-16 05:39:30,326 [INFO] Argument:325 - Argument : PeriphDataAlignmentvalue: DMA_PDATAALIGN_BYTE
2026-06-16 05:39:30,326 [INFO] Argument:335 - Argument : PeriphDataAlignmentvalue: DMA_PDATAALIGN_BYTE
2026-06-16 05:39:30,326 [INFO] Argument:325 - Argument : MemDataAlignmentvalue: DMA_MDATAALIGN_BYTE
2026-06-16 05:39:30,326 [INFO] Argument:335 - Argument : MemDataAlignmentvalue: DMA_MDATAALIGN_BYTE
2026-06-16 05:39:30,326 [INFO] Argument:325 - Argument : Modevalue: DMA_CIRCULAR
2026-06-16 05:39:30,326 [INFO] Argument:335 - Argument : Modevalue: DMA_CIRCULAR
2026-06-16 05:39:30,326 [INFO] Argument:325 - Argument : Priorityvalue: DMA_PRIORITY_HIGH
2026-06-16 05:39:30,326 [INFO] Argument:335 - Argument : Priorityvalue: DMA_PRIORITY_HIGH
2026-06-16 05:39:30,326 [INFO] Argument:325 - Argument : FIFOModevalue: DMA_FIFOMODE_DISABLE
2026-06-16 05:39:30,326 [INFO] Argument:335 - Argument : FIFOModevalue: DMA_FIFOMODE_DISABLE
2026-06-16 05:39:30,326 [INFO] Argument:325 - Argument : FIFOThresholdvalue: null
2026-06-16 05:39:30,326 [INFO] Argument:335 - Argument : FIFOThresholdvalue: null
2026-06-16 05:39:30,326 [INFO] Argument:325 - Argument : MemBurstvalue: null
2026-06-16 05:39:30,326 [INFO] Argument:335 - Argument : MemBurstvalue: null
2026-06-16 05:39:30,326 [INFO] Argument:325 - Argument : PeriphBurstvalue: null
2026-06-16 05:39:30,326 [INFO] Argument:335 - Argument : PeriphBurstvalue: null
2026-06-16 05:39:30,326 [INFO] Argument:325 - Argument : Lockvalue: null
2026-06-16 05:39:30,326 [INFO] Argument:335 - Argument : Lockvalue: null
2026-06-16 05:39:30,326 [INFO] Argument:325 - Argument : Statevalue: null
2026-06-16 05:39:30,326 [INFO] Argument:335 - Argument : Statevalue: null
2026-06-16 05:39:30,326 [INFO] Argument:325 - Argument : Parentvalue: null
2026-06-16 05:39:30,326 [INFO] Argument:335 - Argument : Parentvalue: null
2026-06-16 05:39:30,326 [INFO] Argument:325 - Argument : XferCpltCallbackvalue: null
2026-06-16 05:39:30,326 [INFO] Argument:335 - Argument : XferCpltCallbackvalue: null
2026-06-16 05:39:30,326 [INFO] Argument:325 - Argument : XferHalfCpltCallbackvalue: null
2026-06-16 05:39:30,326 [INFO] Argument:335 - Argument : XferHalfCpltCallbackvalue: null
2026-06-16 05:39:30,326 [INFO] Argument:325 - Argument : XferM1CpltCallbackvalue: null
2026-06-16 05:39:30,326 [INFO] Argument:335 - Argument : XferM1CpltCallbackvalue: null
2026-06-16 05:39:30,326 [INFO] Argument:325 - Argument : XferErrorCallbackvalue: null
2026-06-16 05:39:30,326 [INFO] Argument:335 - Argument : XferErrorCallbackvalue: null
2026-06-16 05:39:30,326 [INFO] Argument:325 - Argument : ErrorCodevalue: null
2026-06-16 05:39:30,326 [INFO] Argument:335 - Argument : ErrorCodevalue: null
2026-06-16 05:39:30,327 [INFO] Argument:325 - Argument : hdmavalue: null
2026-06-16 05:39:30,327 [INFO] Argument:327 - 	 sub Args: 
2026-06-16 05:39:30,327 [INFO] Argument:325 - Argument : Instancevalue: DMA2_Stream7
2026-06-16 05:39:30,327 [INFO] Argument:335 - Argument : Instancevalue: DMA2_Stream7
2026-06-16 05:39:30,327 [INFO] Argument:325 - Argument : Initvalue: null
2026-06-16 05:39:30,327 [INFO] Argument:327 - 	 sub Args: 
2026-06-16 05:39:30,327 [INFO] Argument:325 - Argument : Channelvalue: DMA_CHANNEL_4
2026-06-16 05:39:30,327 [INFO] Argument:335 - Argument : Channelvalue: DMA_CHANNEL_4
2026-06-16 05:39:30,327 [INFO] Argument:325 - Argument : Directionvalue: DMA_MEMORY_TO_PERIPH
2026-06-16 05:39:30,327 [INFO] Argument:335 - Argument : Directionvalue: DMA_MEMORY_TO_PERIPH
2026-06-16 05:39:30,327 [INFO] Argument:325 - Argument : PeriphIncvalue: DMA_PINC_DISABLE
2026-06-16 05:39:30,327 [INFO] Argument:335 - Argument : PeriphIncvalue: DMA_PINC_DISABLE
2026-06-16 05:39:30,327 [INFO] Argument:325 - Argument : MemIncvalue: DMA_MINC_ENABLE
2026-06-16 05:39:30,327 [INFO] Argument:335 - Argument : MemIncvalue: DMA_MINC_ENABLE
2026-06-16 05:39:30,327 [INFO] Argument:325 - Argument : PeriphDataAlignmentvalue: DMA_PDATAALIGN_BYTE
2026-06-16 05:39:30,327 [INFO] Argument:335 - Argument : PeriphDataAlignmentvalue: DMA_PDATAALIGN_BYTE
2026-06-16 05:39:30,327 [INFO] Argument:325 - Argument : MemDataAlignmentvalue: DMA_MDATAALIGN_BYTE
2026-06-16 05:39:30,327 [INFO] Argument:335 - Argument : MemDataAlignmentvalue: DMA_MDATAALIGN_BYTE
2026-06-16 05:39:30,327 [INFO] Argument:325 - Argument : Modevalue: DMA_NORMAL
2026-06-16 05:39:30,327 [INFO] Argument:335 - Argument : Modevalue: DMA_NORMAL
2026-06-16 05:39:30,327 [INFO] Argument:325 - Argument : Priorityvalue: DMA_PRIORITY_MEDIUM
2026-06-16 05:39:30,327 [INFO] Argument:335 - Argument : Priorityvalue: DMA_PRIORITY_MEDIUM
2026-06-16 05:39:30,327 [INFO] Argument:325 - Argument : FIFOModevalue: DMA_FIFOMODE_DISABLE
2026-06-16 05:39:30,327 [INFO] Argument:335 - Argument : FIFOModevalue: DMA_FIFOMODE_DISABLE
2026-06-16 05:39:30,327 [INFO] Argument:325 - Argument : FIFOThresholdvalue: null
2026-06-16 05:39:30,327 [INFO] Argument:335 - Argument : FIFOThresholdvalue: null
2026-06-16 05:39:30,327 [INFO] Argument:325 - Argument : MemBurstvalue: null
2026-06-16 05:39:30,327 [INFO] Argument:335 - Argument : MemBurstvalue: null
2026-06-16 05:39:30,327 [INFO] Argument:325 - Argument : PeriphBurstvalue: null
2026-06-16 05:39:30,327 [INFO] Argument:335 - Argument : PeriphBurstvalue: null
2026-06-16 05:39:30,327 [INFO] Argument:325 - Argument : Lockvalue: null
2026-06-16 05:39:30,327 [INFO] Argument:335 - Argument : Lockvalue: null
2026-06-16 05:39:30,327 [INFO] Argument:325 - Argument : Statevalue: null
2026-06-16 05:39:30,327 [INFO] Argument:335 - Argument : Statevalue: null
2026-06-16 05:39:30,327 [INFO] Argument:325 - Argument : Parentvalue: null
2026-06-16 05:39:30,327 [INFO] Argument:335 - Argument : Parentvalue: null
2026-06-16 05:39:30,327 [INFO] Argument:325 - Argument : XferCpltCallbackvalue: null
2026-06-16 05:39:30,327 [INFO] Argument:335 - Argument : XferCpltCallbackvalue: null
2026-06-16 05:39:30,327 [INFO] Argument:325 - Argument : XferHalfCpltCallbackvalue: null
2026-06-16 05:39:30,327 [INFO] Argument:335 - Argument : XferHalfCpltCallbackvalue: null
2026-06-16 05:39:30,327 [INFO] Argument:325 - Argument : XferM1CpltCallbackvalue: null
2026-06-16 05:39:30,327 [INFO] Argument:335 - Argument : XferM1CpltCallbackvalue: null
2026-06-16 05:39:30,327 [INFO] Argument:325 - Argument : XferErrorCallbackvalue: null
2026-06-16 05:39:30,328 [INFO] Argument:335 - Argument : XferErrorCallbackvalue: null
2026-06-16 05:39:30,328 [INFO] Argument:325 - Argument : ErrorCodevalue: null
2026-06-16 05:39:30,328 [INFO] Argument:335 - Argument : ErrorCodevalue: null
2026-06-16 05:39:30,384 [INFO] CodeEngine:255 - oldGeneratedFile, C:\git\VehiculoTT\VehiculoTT\MXTmpFiles\license.tmp_save
2026-06-16 05:39:30,497 [INFO] CodeEngine:279 - Generated code: C:\git\VehiculoTT\VehiculoTT\MXTmpFiles\license.tmp
2026-06-16 05:39:30,532 [INFO] CodeEngine:255 - oldGeneratedFile, C:\git\VehiculoTT\VehiculoTT\MXTmpFiles\gpio.tmp_save
2026-06-16 05:39:30,631 [INFO] CodeEngine:279 - Generated code: C:\git\VehiculoTT\VehiculoTT\MXTmpFiles\gpio.tmp
2026-06-16 05:39:31,049 [INFO] Middleware:1439 - No code input for Bsp Dependency
2026-06-16 05:39:31,063 [INFO] CodeEngine:255 - oldGeneratedFile, C:\git\VehiculoTT\VehiculoTT\MXTmpFiles\rtos_inc.tmp_save
2026-06-16 05:39:31,142 [INFO] CodeEngine:279 - Generated code: C:\git\VehiculoTT\VehiculoTT\MXTmpFiles\rtos_inc.tmp
2026-06-16 05:39:31,148 [INFO] CodeEngine:255 - oldGeneratedFile, C:\git\VehiculoTT\VehiculoTT\MXTmpFiles\rtos_kernelInit.tmp_save
2026-06-16 05:39:31,221 [INFO] CodeEngine:279 - Generated code: C:\git\VehiculoTT\VehiculoTT\MXTmpFiles\rtos_kernelInit.tmp
2026-06-16 05:39:31,228 [INFO] CodeEngine:255 - oldGeneratedFile, C:\git\VehiculoTT\VehiculoTT\MXTmpFiles\rtos_kernelStart.tmp_save
2026-06-16 05:39:31,327 [INFO] CodeEngine:279 - Generated code: C:\git\VehiculoTT\VehiculoTT\MXTmpFiles\rtos_kernelStart.tmp
2026-06-16 05:39:31,333 [INFO] CodeEngine:255 - oldGeneratedFile, C:\git\VehiculoTT\VehiculoTT\MXTmpFiles\rtos_typedefs.tmp_save
2026-06-16 05:39:31,391 [INFO] CodeEngine:279 - Generated code: C:\git\VehiculoTT\VehiculoTT\MXTmpFiles\rtos_typedefs.tmp
2026-06-16 05:39:31,399 [INFO] CodeEngine:255 - oldGeneratedFile, C:\git\VehiculoTT\VehiculoTT\MXTmpFiles\rtos_vars.tmp_save
2026-06-16 05:39:31,479 [INFO] CodeEngine:279 - Generated code: C:\git\VehiculoTT\VehiculoTT\MXTmpFiles\rtos_vars.tmp
2026-06-16 05:39:31,484 [INFO] CodeEngine:255 - oldGeneratedFile, C:\git\VehiculoTT\VehiculoTT\MXTmpFiles\rtos_pfp.tmp_save
2026-06-16 05:39:31,551 [INFO] CodeEngine:279 - Generated code: C:\git\VehiculoTT\VehiculoTT\MXTmpFiles\rtos_pfp.tmp
2026-06-16 05:39:31,558 [INFO] CodeEngine:255 - oldGeneratedFile, C:\git\VehiculoTT\VehiculoTT\MXTmpFiles\rtos_obj_creat.tmp_save
2026-06-16 05:39:31,632 [INFO] CodeEngine:279 - Generated code: C:\git\VehiculoTT\VehiculoTT\MXTmpFiles\rtos_obj_creat.tmp
2026-06-16 05:39:31,640 [INFO] CodeEngine:255 - oldGeneratedFile, C:\git\VehiculoTT\VehiculoTT\MXTmpFiles\rtos_default_thread.tmp_save
2026-06-16 05:39:31,707 [INFO] CodeEngine:279 - Generated code: C:\git\VehiculoTT\VehiculoTT\MXTmpFiles\rtos_default_thread.tmp
2026-06-16 05:39:31,715 [INFO] CodeEngine:255 - oldGeneratedFile, C:\git\VehiculoTT\VehiculoTT\MXTmpFiles\rtos_threads.tmp_save
2026-06-16 05:39:31,782 [INFO] CodeEngine:279 - Generated code: C:\git\VehiculoTT\VehiculoTT\MXTmpFiles\rtos_threads.tmp
2026-06-16 05:39:31,794 [INFO] Middleware:1439 - No code input for Bsp Dependency
2026-06-16 05:39:31,807 [INFO] CodeEngine:255 - oldGeneratedFile, C:\git\VehiculoTT\VehiculoTT\MXTmpFiles\rtos_inc.tmp_save
2026-06-16 05:39:31,867 [INFO] CodeEngine:279 - Generated code: C:\git\VehiculoTT\VehiculoTT\MXTmpFiles\rtos_inc.tmp
2026-06-16 05:39:31,876 [INFO] CodeEngine:255 - oldGeneratedFile, C:\git\VehiculoTT\VehiculoTT\MXTmpFiles\rtos_kernelInit.tmp_save
2026-06-16 05:39:31,931 [INFO] CodeEngine:279 - Generated code: C:\git\VehiculoTT\VehiculoTT\MXTmpFiles\rtos_kernelInit.tmp
2026-06-16 05:39:31,939 [INFO] CodeEngine:255 - oldGeneratedFile, C:\git\VehiculoTT\VehiculoTT\MXTmpFiles\rtos_kernelStart.tmp_save
2026-06-16 05:39:31,996 [INFO] CodeEngine:279 - Generated code: C:\git\VehiculoTT\VehiculoTT\MXTmpFiles\rtos_kernelStart.tmp
2026-06-16 05:39:32,006 [INFO] CodeEngine:255 - oldGeneratedFile, C:\git\VehiculoTT\VehiculoTT\MXTmpFiles\rtos_typedefs.tmp_save
2026-06-16 05:39:32,060 [INFO] CodeEngine:279 - Generated code: C:\git\VehiculoTT\VehiculoTT\MXTmpFiles\rtos_typedefs.tmp
2026-06-16 05:39:32,079 [INFO] CodeEngine:255 - oldGeneratedFile, C:\git\VehiculoTT\VehiculoTT\MXTmpFiles\rtos_vars.tmp_save
2026-06-16 05:39:32,135 [INFO] CodeEngine:279 - Generated code: C:\git\VehiculoTT\VehiculoTT\MXTmpFiles\rtos_vars.tmp
2026-06-16 05:39:32,146 [INFO] CodeEngine:255 - oldGeneratedFile, C:\git\VehiculoTT\VehiculoTT\MXTmpFiles\rtos_pfp.tmp_save
2026-06-16 05:39:32,200 [INFO] CodeEngine:279 - Generated code: C:\git\VehiculoTT\VehiculoTT\MXTmpFiles\rtos_pfp.tmp
2026-06-16 05:39:32,215 [INFO] CodeEngine:255 - oldGeneratedFile, C:\git\VehiculoTT\VehiculoTT\MXTmpFiles\rtos_obj_creat.tmp_save
2026-06-16 05:39:32,271 [INFO] CodeEngine:279 - Generated code: C:\git\VehiculoTT\VehiculoTT\MXTmpFiles\rtos_obj_creat.tmp
2026-06-16 05:39:32,281 [INFO] CodeEngine:255 - oldGeneratedFile, C:\git\VehiculoTT\VehiculoTT\MXTmpFiles\rtos_default_thread.tmp_save
2026-06-16 05:39:32,335 [INFO] CodeEngine:279 - Generated code: C:\git\VehiculoTT\VehiculoTT\MXTmpFiles\rtos_default_thread.tmp
2026-06-16 05:39:32,345 [INFO] CodeEngine:255 - oldGeneratedFile, C:\git\VehiculoTT\VehiculoTT\MXTmpFiles\rtos_threads.tmp_save
2026-06-16 05:39:32,399 [INFO] CodeEngine:279 - Generated code: C:\git\VehiculoTT\VehiculoTT\MXTmpFiles\rtos_threads.tmp
2026-06-16 05:39:32,418 [INFO] CodeEngine:255 - oldGeneratedFile, C:\git\VehiculoTT\VehiculoTT\Core\Inc\FreeRTOSConfig.h_save
2026-06-16 05:39:32,502 [INFO] CodeEngine:279 - Generated code: C:\git\VehiculoTT\VehiculoTT\Core\Inc\FreeRTOSConfig.h
2026-06-16 05:39:32,520 [INFO] CodeEngine:255 - oldGeneratedFile, C:\git\VehiculoTT\VehiculoTT\Core\Src\freertos.c_save
2026-06-16 05:39:32,594 [INFO] CodeEngine:279 - Generated code: C:\git\VehiculoTT\VehiculoTT\Core\Src\freertos.c
2026-06-16 05:39:32,636 [INFO] CodeEngine:255 - oldGeneratedFile, C:\git\VehiculoTT\VehiculoTT\MXTmpFiles\dma.tmp_save
2026-06-16 05:39:32,713 [INFO] CodeEngine:279 - Generated code: C:\git\VehiculoTT\VehiculoTT\MXTmpFiles\dma.tmp
2026-06-16 05:39:32,722 [INFO] CodeEngine:255 - oldGeneratedFile, C:\git\VehiculoTT\VehiculoTT\MXTmpFiles\dma_GV.tmp_save
2026-06-16 05:39:32,778 [INFO] CodeEngine:279 - Generated code: C:\git\VehiculoTT\VehiculoTT\MXTmpFiles\dma_GV.tmp
2026-06-16 05:39:32,805 [INFO] CodeEngine:255 - oldGeneratedFile, C:\git\VehiculoTT\VehiculoTT\Core\Src\stm32f4xx_it.c_save
2026-06-16 05:39:33,000 [INFO] CodeEngine:279 - Generated code: C:\git\VehiculoTT\VehiculoTT\Core\Src\stm32f4xx_it.c
2026-06-16 05:39:33,020 [INFO] CodeEngine:255 - oldGeneratedFile, C:\git\VehiculoTT\VehiculoTT\Core\Inc\stm32f4xx_it.h_save
2026-06-16 05:39:33,099 [INFO] CodeEngine:279 - Generated code: C:\git\VehiculoTT\VehiculoTT\Core\Inc\stm32f4xx_it.h
2026-06-16 05:39:33,127 [INFO] CodeEngine:255 - oldGeneratedFile, C:\git\VehiculoTT\VehiculoTT\Core\Src\stm32f4xx_hal_msp.c_save
2026-06-16 05:39:33,259 [INFO] CodeEngine:279 - Generated code: C:\git\VehiculoTT\VehiculoTT\Core\Src\stm32f4xx_hal_msp.c
2026-06-16 05:39:33,271 [INFO] CodeEngine:255 - oldGeneratedFile, C:\git\VehiculoTT\VehiculoTT\MXTmpFiles\system.tmp_save
2026-06-16 05:39:33,333 [INFO] CodeEngine:279 - Generated code: C:\git\VehiculoTT\VehiculoTT\MXTmpFiles\system.tmp
2026-06-16 05:39:33,349 [INFO] CodeEngine:255 - oldGeneratedFile, C:\git\VehiculoTT\VehiculoTT\Core\Src\stm32f4xx_hal_timebase_tim.c_save
2026-06-16 05:39:33,423 [INFO] CodeEngine:279 - Generated code: C:\git\VehiculoTT\VehiculoTT\Core\Src\stm32f4xx_hal_timebase_tim.c
2026-06-16 05:39:33,449 [INFO] CodeEngine:311 - oldGeneratedFile, C:\git\VehiculoTT\VehiculoTT\Core\Inc\stm32f4xx_hal_conf.h_save
2026-06-16 05:39:33,533 [INFO] CodeEngine:335 - Generated code: C:\git\VehiculoTT\VehiculoTT\Core\Inc\stm32f4xx_hal_conf.h
2026-06-16 05:39:33,556 [WARN] IPConfigManager:3513 - IP not found : TIM
2026-06-16 05:39:33,557 [WARN] CodeGenerator:3951 - IP not found : null
2026-06-16 05:39:33,578 [INFO] CodeEngine:255 - oldGeneratedFile, C:\git\VehiculoTT\VehiculoTT\Core\Inc\main.h_save
2026-06-16 05:39:33,668 [INFO] CodeEngine:279 - Generated code: C:\git\VehiculoTT\VehiculoTT\Core\Inc\main.h
2026-06-16 05:39:33,684 [INFO] CodeEngine:255 - oldGeneratedFile, C:\git\VehiculoTT\VehiculoTT\Core\Src\main.c_save
2026-06-16 05:39:33,869 [INFO] CodeEngine:279 - Generated code: C:\git\VehiculoTT\VehiculoTT\Core\Src\main.c
2026-06-16 05:39:34,665 [INFO] ProjectBuilder:3163 - Time for Copy HAL[1] : 628mS.
2026-06-16 05:39:34,675 [INFO] ProjectBuilder:4736 - Project Generator version: 4.3.0-B58
2026-06-16 05:39:34,740 [INFO] ConfigFileManager:1503 - The Die is : DIE431
2026-06-16 05:39:36,299 [INFO] ProjectBuilder:5002 - Time for Generating toolchain IDE Files: 1624mS.
2026-06-16 05:39:36,301 [INFO] ProjectBuilder:3034 - Time for Copy CMSIS : 1mS.
2026-06-16 05:39:36,322 [INFO] ProjectBuilder:3034 - Time for Copy CMSIS : 0mS.
2026-06-16 06:06:04,046 [ERROR] LogOutputStream:75 - [STDERR_REDIRECT] 
2026-06-16 06:06:04,047 [ERROR] LogOutputStream:75 - [STDERR_REDIRECT] 
2026-06-16 19:55:59,937 [INFO] Activator:176 - 


2026-06-16 19:55:59,940 [INFO] Activator:177 - !SESSION log4j initialized
2026-06-16 19:56:14,783 [INFO] LogOutputStream:77 - [STDOUT_REDIRECT] 
2026-06-16 19:56:22,681 [INFO] ApplicationProperties:184 - Using Application install path: D:\Documentos\Electronica\Nueva carpeta\STM32CubeIDE_1.15.0\STM32CubeIDE\plugins\com.st.stm32cube.common.mx_6.11.0.202403141607
2026-06-16 19:56:22,737 [INFO] DbMcusXml:78 - Set database path to: D:\Documentos\Electronica\Nueva carpeta\STM32CubeIDE_1.15.0\STM32CubeIDE\plugins\com.st.stm32cube.common.mx_6.11.0.202403141607\\db\/mcu/
2026-06-16 19:56:22,738 [INFO] ApiDb:274 - Set plugin database path to: D:\Documentos\Electronica\Nueva carpeta\STM32CubeIDE_1.15.0\STM32CubeIDE\plugins\com.st.stm32cube.common.mx_6.11.0.202403141607\\db\/plugins/boardmanager/
2026-06-16 19:56:22,738 [WARN] ApiDb:259 - Overriding images path with different value:  => D:\Documentos\Electronica\Nueva carpeta\STM32CubeIDE_1.15.0\STM32CubeIDE\plugins\com.st.stm32cube.common.mx_6.11.0.202403141607\\db\/plugins/mcufinder/images/
2026-06-16 19:56:22,831 [INFO] ApiDb:250 - Set database path to: C:\Users\USER\.stmcufinder\plugins\mcufinder//mcu/
2026-06-16 19:56:22,831 [INFO] DbMcusAds:125 - Set database path to: C:\Users\USER\.stmcufinder\plugins\mcufinder//mcu/
2026-06-16 19:56:22,831 [INFO] CrossReferenceDbSqlite:203 - Set database path to: C:\Users\USER\.stmcufinder\plugins\mcufinder//mcu/cs/
2026-06-16 19:56:23,078 [INFO] RulesReader:64 - Compatibility file has been processed (297 Rules)
2026-06-16 19:56:23,403 [INFO] DbMcusXml:78 - Set database path to: D:\Documentos\Electronica\Nueva carpeta\STM32CubeIDE_1.15.0\STM32CubeIDE\plugins\com.st.stm32cube.common.mx_6.11.0.202403141607\\db\/mcu/
2026-06-16 19:56:23,403 [INFO] ApiDb:274 - Set plugin database path to: D:\Documentos\Electronica\Nueva carpeta\STM32CubeIDE_1.15.0\STM32CubeIDE\plugins\com.st.stm32cube.common.mx_6.11.0.202403141607\\db\/plugins/boardmanager/
2026-06-16 19:56:23,403 [INFO] ApiDb:261 - Set plugin images path to: D:\Documentos\Electronica\Nueva carpeta\STM32CubeIDE_1.15.0\STM32CubeIDE\plugins\com.st.stm32cube.common.mx_6.11.0.202403141607\\db\/plugins/mcufinder/images/
2026-06-16 19:56:23,403 [WARN] DbFile:41 - Overriding database path with different value: C:\Users\USER\.stmcufinder\plugins\mcufinder/ => C:\Users\USER\.stmcufinder\plugins\mcufinder
2026-06-16 19:56:23,403 [INFO] ApiDb:250 - Set database path to: C:\Users\USER\.stmcufinder\plugins\mcufinder//mcu/
2026-06-16 19:56:23,403 [WARN] DbFile:41 - Overriding database path with different value: C:\Users\USER\.stmcufinder\plugins\mcufinder/ => C:\Users\USER\.stmcufinder\plugins\mcufinder
2026-06-16 19:56:23,403 [INFO] DbMcusAds:125 - Set database path to: C:\Users\USER\.stmcufinder\plugins\mcufinder//mcu/
2026-06-16 19:56:23,403 [WARN] DbFile:41 - Overriding database path with different value: C:\Users\USER\.stmcufinder\plugins\mcufinder/ => C:\Users\USER\.stmcufinder\plugins\mcufinder
2026-06-16 19:56:23,403 [WARN] DbFile:41 - Overriding database path with different value: C:\Users\USER\.stmcufinder\plugins\mcufinder/ => C:\Users\USER\.stmcufinder\plugins\mcufinder
2026-06-16 19:56:23,403 [INFO] CrossReferenceDbSqlite:203 - Set database path to: C:\Users\USER\.stmcufinder\plugins\mcufinder//mcu/cs/
2026-06-16 19:56:23,790 [INFO] MainPanel:264 - HeapMemory: 268435456
2026-06-16 19:56:24,337 [INFO] DbMcusXml:78 - Set database path to: D:\Documentos\Electronica\Nueva carpeta\STM32CubeIDE_1.15.0\STM32CubeIDE\plugins\com.st.stm32cube.common.mx_6.11.0.202403141607\\db\/mcu/
2026-06-16 19:56:24,337 [INFO] ApiDb:274 - Set plugin database path to: D:\Documentos\Electronica\Nueva carpeta\STM32CubeIDE_1.15.0\STM32CubeIDE\plugins\com.st.stm32cube.common.mx_6.11.0.202403141607\\db\/plugins/boardmanager/
2026-06-16 19:56:24,337 [INFO] ApiDb:261 - Set plugin images path to: D:\Documentos\Electronica\Nueva carpeta\STM32CubeIDE_1.15.0\STM32CubeIDE\plugins\com.st.stm32cube.common.mx_6.11.0.202403141607\\db\/plugins/mcufinder/images/
2026-06-16 19:56:24,337 [WARN] DbFile:41 - Overriding database path with different value: C:\Users\USER\.stmcufinder\plugins\mcufinder/ => C:\Users\USER\.stmcufinder\plugins\mcufinder
2026-06-16 19:56:24,337 [INFO] ApiDb:250 - Set database path to: C:\Users\USER\.stmcufinder\plugins\mcufinder//mcu/
2026-06-16 19:56:24,337 [WARN] DbFile:41 - Overriding database path with different value: C:\Users\USER\.stmcufinder\plugins\mcufinder/ => C:\Users\USER\.stmcufinder\plugins\mcufinder
2026-06-16 19:56:24,338 [INFO] DbMcusAds:125 - Set database path to: C:\Users\USER\.stmcufinder\plugins\mcufinder//mcu/
2026-06-16 19:56:24,338 [WARN] DbFile:41 - Overriding database path with different value: C:\Users\USER\.stmcufinder\plugins\mcufinder/ => C:\Users\USER\.stmcufinder\plugins\mcufinder
2026-06-16 19:56:24,338 [WARN] DbFile:41 - Overriding database path with different value: C:\Users\USER\.stmcufinder\plugins\mcufinder/ => C:\Users\USER\.stmcufinder\plugins\mcufinder
2026-06-16 19:56:24,338 [INFO] CrossReferenceDbSqlite:203 - Set database path to: C:\Users\USER\.stmcufinder\plugins\mcufinder//mcu/cs/
2026-06-16 19:56:24,409 [INFO] ApplicationProperties:184 - Using Application install path: D:\Documentos\Electronica\Nueva carpeta\STM32CubeIDE_1.15.0\STM32CubeIDE\plugins\com.st.stm32cube.common.mx_6.11.0.202403141607
2026-06-16 19:56:24,411 [INFO] PluginManage:196 - Search for loadable plugins [exclusion list=, ]
2026-06-16 19:56:24,421 [INFO] PluginManage:310 - Check plugin analytics
2026-06-16 19:56:24,735 [INFO] AnalyticsPlugin:253 - Accepted Software Licenses: 
2026-06-16 19:56:24,735 [INFO] AnalyticsPlugin:255 - Accepted CMSIS Pack Licenses: STMicroelectronics.X-CUBE-TOUCHGFX.4.26.0,STMicroelectronics.X-CUBE-TOF1.3.4.2
2026-06-16 19:56:24,741 [INFO] AnalyticsPlugin:257 - Accepted Firmware Licenses: FW.F7.1.17.0,FW.H7.1.11.0,FW.F4.1.28.0
2026-06-16 19:56:24,743 [INFO] PluginManage:359 - Loaded plugin analytics (category:tool,tabindex:-1)
2026-06-16 19:56:24,746 [INFO] PluginManage:310 - Check plugin cadmodel
2026-06-16 19:56:24,801 [INFO] CADModel:105 - Init CAD model plugin
2026-06-16 19:56:24,801 [INFO] PluginManage:359 - Loaded plugin cadmodel (category:power,tabindex:5)
2026-06-16 19:56:24,801 [INFO] PluginManage:310 - Check plugin clock
2026-06-16 19:56:24,863 [INFO] PluginManage:359 - Loaded plugin clock (category:base,tabindex:2)
2026-06-16 19:56:24,863 [INFO] PluginManage:310 - Check plugin ddr
2026-06-16 19:56:24,871 [INFO] PluginManage:359 - Loaded plugin ddr (category:tool,tabindex:6)
2026-06-16 19:56:24,871 [INFO] PluginManage:310 - Check plugin filemanager
2026-06-16 19:56:25,233 [INFO] PluginManage:359 - Loaded plugin filemanager (category:base,tabindex:10)
2026-06-16 19:56:25,233 [INFO] PluginManage:310 - Check plugin ipmanager
2026-06-16 19:56:25,280 [INFO] PluginManage:359 - Loaded plugin ipmanager (category:base,tabindex:5)
2026-06-16 19:56:25,280 [INFO] PluginManage:310 - Check plugin lpbam
2026-06-16 19:56:25,341 [INFO] PluginManage:359 - Loaded plugin lpbam (category:base,tabindex:0)
2026-06-16 19:56:25,341 [INFO] PluginManage:310 - Check plugin memorymap
2026-06-16 19:56:25,419 [INFO] PluginManage:359 - Loaded plugin memorymap (category:base,tabindex:4)
2026-06-16 19:56:25,419 [INFO] PluginManage:310 - Check plugin pinoutandconfiguration
2026-06-16 19:56:25,451 [INFO] PluginManage:359 - Loaded plugin pinoutandconfiguration (category:base,tabindex:1)
2026-06-16 19:56:25,451 [INFO] PluginManage:310 - Check plugin pinoutconfig
2026-06-16 19:56:25,646 [WARN] SupportedApi:132 - Cannot load RTOS API schema: s4s-elt-must-match.1: The content of 'definitions' must match (annotation?, (simpleType | complexType)?, (unique | key | keyref)*)). A problem was found starting at: attribute.
2026-06-16 19:56:25,872 [INFO] PluginManage:359 - Loaded plugin pinoutconfig (category:base,tabindex:0)
2026-06-16 19:56:25,872 [INFO] PluginManage:310 - Check plugin power
2026-06-16 19:56:25,950 [INFO] PluginManage:359 - Loaded plugin power (category:power,tabindex:4)
2026-06-16 19:56:25,950 [INFO] PluginManage:310 - Check plugin projectmanager
2026-06-16 19:56:25,989 [INFO] PluginManage:359 - Loaded plugin projectmanager (category:projectmanager,tabindex:3)
2026-06-16 19:56:25,991 [INFO] PluginManage:310 - Check plugin thirdparty
2026-06-16 19:56:26,616 [INFO] PluginManage:359 - Loaded plugin thirdparty (category:base,tabindex:-1)
2026-06-16 19:56:26,615 [WARN] IntegrityCheckThread:84 - waiting for thirdparty lock release [integrity check]
2026-06-16 19:56:26,616 [INFO] PluginManage:310 - Check plugin tools
2026-06-16 19:56:26,616 [INFO] IntegrityCheckThread:86 - entering critical section [integrity check]
2026-06-16 19:56:26,616 [INFO] ThirdPartyUpdaterWithRetryManager:70 - Updater plugin not ready yet. [1/15]
2026-06-16 19:56:26,670 [INFO] PluginManage:359 - Loaded plugin tools (category:base,tabindex:7)
2026-06-16 19:56:26,670 [INFO] PluginManage:310 - Check plugin tutovideos
2026-06-16 19:56:27,026 [INFO] PluginManage:359 - Loaded plugin tutovideos (category:base,tabindex:-1)
2026-06-16 19:56:27,026 [INFO] PluginManage:310 - Check plugin updater
2026-06-16 19:56:27,084 [INFO] PluginManage:359 - Loaded plugin updater (category:base,tabindex:12)
2026-06-16 19:56:27,084 [INFO] PluginManage:310 - Check plugin userauth
2026-06-16 19:56:27,126 [INFO] UserAuth:114 - Init User Auth plugin
2026-06-16 19:56:27,127 [INFO] PluginManage:359 - Loaded plugin userauth (category:base,tabindex:14)
2026-06-16 19:56:27,127 [INFO] PluginManage:283 - PluginManage : Loaded plugins [17]
2026-06-16 19:56:27,924 [INFO] PinOutPanel:1561 - setPackage(No Configuration,No Configuration)
2026-06-16 19:56:28,216 [INFO] CADModel:165 - CPN selected for project level
2026-06-16 19:56:28,216 [INFO] CADModel:114 - Register for checkConnection events
2026-06-16 19:56:28,304 [INFO] IPUIPlugin:80 - create IPUIPlugin
2026-06-16 19:56:28,305 [INFO] PluginManager:220 - loadIPPluginJar : add adc
2026-06-16 19:56:28,363 [INFO] IPUIPlugin:80 - create IPUIPlugin
2026-06-16 19:56:28,363 [INFO] PluginManager:220 - loadIPPluginJar : add aes
2026-06-16 19:56:28,431 [INFO] IPUIPlugin:80 - create IPUIPlugin
2026-06-16 19:56:28,431 [INFO] PluginManager:220 - loadIPPluginJar : add can
2026-06-16 19:56:28,469 [INFO] IPUIPlugin:80 - create IPUIPlugin
2026-06-16 19:56:28,469 [INFO] PluginManager:220 - loadIPPluginJar : add comp
2026-06-16 19:56:28,508 [INFO] IPUIPlugin:80 - create IPUIPlugin
2026-06-16 19:56:28,508 [INFO] PluginManager:220 - loadIPPluginJar : add cryp
2026-06-16 19:56:28,543 [INFO] IPUIPlugin:80 - create IPUIPlugin
2026-06-16 19:56:28,543 [INFO] PluginManager:220 - loadIPPluginJar : add dfsdm
2026-06-16 19:56:28,563 [INFO] IPUIPlugin:80 - create IPUIPlugin
2026-06-16 19:56:28,564 [INFO] PluginManager:220 - loadIPPluginJar : add dma
2026-06-16 19:56:28,615 [INFO] IPUIPlugin:80 - create IPUIPlugin
2026-06-16 19:56:28,615 [INFO] PluginManager:220 - loadIPPluginJar : add dma3
2026-06-16 19:56:28,665 [INFO] IPUIPlugin:80 - create IPUIPlugin
2026-06-16 19:56:28,665 [INFO] PluginManager:220 - loadIPPluginJar : add extmemmanager
2026-06-16 19:56:28,697 [INFO] IPUIPlugin:80 - create IPUIPlugin
2026-06-16 19:56:28,697 [INFO] PluginManager:220 - loadIPPluginJar : add fatfs
2026-06-16 19:56:28,752 [INFO] IPUIPlugin:80 - create IPUIPlugin
2026-06-16 19:56:28,752 [INFO] PluginManager:220 - loadIPPluginJar : add fmc
2026-06-16 19:56:28,780 [INFO] IPUIPlugin:80 - create IPUIPlugin
2026-06-16 19:56:28,781 [INFO] PluginManager:220 - loadIPPluginJar : add freertos
2026-06-16 19:56:28,811 [INFO] IPUIPlugin:80 - create IPUIPlugin
2026-06-16 19:56:28,811 [INFO] PluginManager:220 - loadIPPluginJar : add genericplugin
2026-06-16 19:56:28,931 [INFO] IPUIPlugin:80 - create IPUIPlugin
2026-06-16 19:56:28,931 [INFO] PluginManager:220 - loadIPPluginJar : add gfxmmu
2026-06-16 19:56:29,092 [INFO] IPUIPlugin:80 - create IPUIPlugin
2026-06-16 19:56:29,092 [INFO] PluginManager:220 - loadIPPluginJar : add gic
2026-06-16 19:56:29,171 [INFO] IPUIPlugin:80 - create IPUIPlugin
2026-06-16 19:56:29,171 [INFO] PluginManager:220 - loadIPPluginJar : add gpio
2026-06-16 19:56:29,271 [INFO] IPUIPlugin:80 - create IPUIPlugin
2026-06-16 19:56:29,271 [INFO] PluginManager:220 - loadIPPluginJar : add gtzc
2026-06-16 19:56:29,321 [INFO] IPUIPlugin:80 - create IPUIPlugin
2026-06-16 19:56:29,321 [INFO] PluginManager:220 - loadIPPluginJar : add hash
2026-06-16 19:56:29,384 [INFO] IPUIPlugin:80 - create IPUIPlugin
2026-06-16 19:56:29,384 [INFO] PluginManager:220 - loadIPPluginJar : add i2c
2026-06-16 19:56:29,430 [INFO] IPUIPlugin:80 - create IPUIPlugin
2026-06-16 19:56:29,430 [INFO] PluginManager:220 - loadIPPluginJar : add i2s
2026-06-16 19:56:29,478 [INFO] IPUIPlugin:80 - create IPUIPlugin
2026-06-16 19:56:29,478 [INFO] PluginManager:220 - loadIPPluginJar : add i3c
2026-06-16 19:56:29,591 [INFO] IPUIPlugin:80 - create IPUIPlugin
2026-06-16 19:56:29,591 [INFO] PluginManager:220 - loadIPPluginJar : add ipddr
2026-06-16 19:56:29,632 [INFO] ThirdPartyUpdaterWithRetryManager:70 - Updater plugin not ready yet. [2/15]
2026-06-16 19:56:29,720 [INFO] IPUIPlugin:80 - create IPUIPlugin
2026-06-16 19:56:29,720 [INFO] PluginManager:220 - loadIPPluginJar : add linkedlist
2026-06-16 19:56:29,755 [INFO] IPUIPlugin:80 - create IPUIPlugin
2026-06-16 19:56:29,755 [INFO] PluginManager:220 - loadIPPluginJar : add lorawan
2026-06-16 19:56:29,803 [INFO] IPUIPlugin:80 - create IPUIPlugin
2026-06-16 19:56:29,804 [INFO] PluginManager:220 - loadIPPluginJar : add ltdc
2026-06-16 19:56:29,832 [INFO] IPUIPlugin:80 - create IPUIPlugin
2026-06-16 19:56:29,832 [INFO] PluginManager:220 - loadIPPluginJar : add mdma
2026-06-16 19:56:29,854 [INFO] IPUIPlugin:80 - create IPUIPlugin
2026-06-16 19:56:29,854 [INFO] PluginManager:220 - loadIPPluginJar : add nvic
2026-06-16 19:56:29,891 [INFO] IPUIPlugin:80 - create IPUIPlugin
2026-06-16 19:56:29,891 [INFO] PluginManager:220 - loadIPPluginJar : add opamp
2026-06-16 19:56:29,967 [INFO] IPUIPlugin:80 - create IPUIPlugin
2026-06-16 19:56:29,968 [INFO] PluginManager:220 - loadIPPluginJar : add openamp
2026-06-16 19:56:30,021 [INFO] IPUIPlugin:80 - create IPUIPlugin
2026-06-16 19:56:30,021 [INFO] PluginManager:220 - loadIPPluginJar : add pdm2pcm
2026-06-16 19:56:30,046 [INFO] IPUIPlugin:80 - create IPUIPlugin
2026-06-16 19:56:30,052 [INFO] PluginManager:220 - loadIPPluginJar : add plateformsettings
2026-06-16 19:56:30,086 [INFO] IPUIPlugin:80 - create IPUIPlugin
2026-06-16 19:56:30,086 [INFO] PluginManager:220 - loadIPPluginJar : add quadspi
2026-06-16 19:56:30,110 [INFO] IPUIPlugin:80 - create IPUIPlugin
2026-06-16 19:56:30,110 [INFO] PluginManager:220 - loadIPPluginJar : add resmgrutility
2026-06-16 19:56:30,174 [INFO] IPUIPlugin:80 - create IPUIPlugin
2026-06-16 19:56:30,174 [INFO] PluginManager:220 - loadIPPluginJar : add sai
2026-06-16 19:56:30,219 [INFO] IPUIPlugin:80 - create IPUIPlugin
2026-06-16 19:56:30,219 [INFO] PluginManager:220 - loadIPPluginJar : add spi
2026-06-16 19:56:30,301 [INFO] IPUIPlugin:80 - create IPUIPlugin
2026-06-16 19:56:30,301 [INFO] PluginManager:220 - loadIPPluginJar : add stm32_wpan
2026-06-16 19:56:30,326 [INFO] IPUIPlugin:80 - create IPUIPlugin
2026-06-16 19:56:30,326 [INFO] PluginManager:220 - loadIPPluginJar : add tim
2026-06-16 19:56:30,393 [INFO] IPUIPlugin:80 - create IPUIPlugin
2026-06-16 19:56:30,393 [INFO] PluginManager:220 - loadIPPluginJar : add touchsensing
2026-06-16 19:56:30,427 [INFO] IPUIPlugin:80 - create IPUIPlugin
2026-06-16 19:56:30,427 [INFO] PluginManager:220 - loadIPPluginJar : add tracer_emb
2026-06-16 19:56:30,456 [INFO] IPUIPlugin:80 - create IPUIPlugin
2026-06-16 19:56:30,456 [INFO] PluginManager:220 - loadIPPluginJar : add ts
2026-06-16 19:56:30,480 [INFO] IPUIPlugin:80 - create IPUIPlugin
2026-06-16 19:56:30,480 [INFO] PluginManager:220 - loadIPPluginJar : add tsc
2026-06-16 19:56:30,505 [INFO] IPUIPlugin:80 - create IPUIPlugin
2026-06-16 19:56:30,505 [INFO] PluginManager:220 - loadIPPluginJar : add ucpd
2026-06-16 19:56:30,551 [INFO] IPUIPlugin:80 - create IPUIPlugin
2026-06-16 19:56:30,551 [INFO] PluginManager:220 - loadIPPluginJar : add usart
2026-06-16 19:56:30,601 [INFO] IPUIPlugin:80 - create IPUIPlugin
2026-06-16 19:56:30,601 [INFO] PluginManager:220 - loadIPPluginJar : add usbx
2026-06-16 19:56:30,807 [INFO] CADModel:165 - CPN selected for project level
2026-06-16 19:56:30,810 [INFO] CADModel:114 - Register for checkConnection events
2026-06-16 19:56:30,810 [FATAL] Updater:308 - Updater called before beeing initialized
2026-06-16 19:56:30,810 [ERROR] CADModel:125 - Updater not yet initialized, retry later 
2026-06-16 19:56:31,291 [INFO] CADModel:165 - CPN selected for project level
2026-06-16 19:56:31,291 [INFO] CADModel:114 - Register for checkConnection events
2026-06-16 19:56:31,291 [FATAL] Updater:308 - Updater called before beeing initialized
2026-06-16 19:56:31,291 [ERROR] CADModel:125 - Updater not yet initialized, retry later 
2026-06-16 19:56:31,307 [FATAL] Updater:308 - Updater called before beeing initialized
2026-06-16 19:56:31,500 [FATAL] Updater:308 - Updater called before beeing initialized
2026-06-16 19:56:31,521 [INFO] DbMcusAds:53 - JSON generation date=Wed Feb 18 08:32:49 CST 2026 (1771425169444)
2026-06-16 19:56:31,521 [FATAL] Updater:308 - Updater called before beeing initialized
2026-06-16 19:56:31,725 [WARN] DetailPanel:346 - Failed to get advertising image, set to default
2026-06-16 19:56:31,817 [FATAL] Updater:308 - Updater called before beeing initialized
2026-06-16 19:56:31,835 [FATAL] Updater:308 - Updater called before beeing initialized
2026-06-16 19:56:31,835 [FATAL] Updater:308 - Updater called before beeing initialized
2026-06-16 19:56:31,835 [WARN] DetailPanel:346 - Failed to get advertising image, set to default
2026-06-16 19:56:31,836 [FATAL] Updater:308 - Updater called before beeing initialized
2026-06-16 19:56:32,006 [ERROR] Updater:1120 - MainUpdater not yet initialized. External WinMGr cannot be set.
2026-06-16 19:56:32,039 [INFO] Updater:1056 - Updater Version found : 6.11.0
2026-06-16 19:56:32,089 [INFO] ApplicationProperties:184 - Using Application install path: D:\Documentos\Electronica\Nueva carpeta\STM32CubeIDE_1.15.0\STM32CubeIDE\plugins\com.st.stm32cube.common.mx_6.11.0.202403141607
2026-06-16 19:56:32,635 [INFO] ThirdPartyUpdaterWithRetryManager:70 - Updater plugin not ready yet. [3/15]
2026-06-16 19:56:33,774 [ERROR] LogOutputStream:75 - [STDERR_REDIRECT] Jun 16, 2026 7:56:33 PM java.util.prefs.WindowsPreferences <init>
2026-06-16 19:56:33,775 [ERROR] LogOutputStream:75 - [STDERR_REDIRECT] WARNING: Could not open/create prefs root node Software\JavaSoft\Prefs at root 0xffffffff80000002. Windows RegCreateKeyEx(...) returned error code 5.
2026-06-16 19:56:33,775 [ERROR] LogOutputStream:75 - [STDERR_REDIRECT] 
2026-06-16 19:56:34,607 [INFO] MainUpdater:2873 - connection check result : 10
2026-06-16 19:56:34,609 [INFO] MainUpdater:290 - Updater Check For Update Now.
2026-06-16 19:56:34,609 [INFO] MicroXplorer:498 - Change Database Version : DB.6.0.110
2026-06-16 19:56:34,663 [INFO] McuFinderGlobals:63 - Set McuFinder mode to 2 (CubeIDE integrated)
2026-06-16 19:56:34,702 [INFO] UserAuth:415 - Internet connection configuration mode: 1
2026-06-16 19:56:34,831 [INFO] JxBrowserEngine:152 - Initiate JxBrowser Engine with user profile folder
2026-06-16 19:56:34,878 [INFO] CheckServerUpdateThread:120 - End of CheckServer Thread
2026-06-16 19:56:36,421 [WARN] PackLoader:240 - Cannot read IP mode file for STMicroelectronics.X-CUBE-AZRTOS-H7.3.5.0
2026-06-16 19:56:36,441 [WARN] PackLoader:240 - Cannot read IP mode file for STMicroelectronics.FP-SNS-MOTENVWB1.1.4.0
2026-06-16 19:56:36,467 [WARN] PackLoader:240 - Cannot read IP mode file for STMicroelectronics.FP-ATR-ASTRA1.2.0.2
2026-06-16 19:56:36,482 [WARN] PackLoader:240 - Cannot read IP mode file for STMicroelectronics.FP-ATR-ASTRA1.2.0.1
2026-06-16 19:56:36,519 [ERROR] Engine:466 - C:\Users\USER\.stm32cubemx\thirdparties\pdsc\STMicroelectronics.X-CUBE-SMBUS.2.1.1.pdsc: PDSC version is not supported
2026-06-16 19:56:36,532 [WARN] PackLoader:240 - Cannot read IP mode file for STMicroelectronics.X-CUBE-SMBUS.2.1.0
2026-06-16 19:56:36,541 [WARN] PackLoader:240 - Cannot read IP mode file for STMicroelectronics.X-CUBE-WB05N.1.1.0
2026-06-16 19:56:36,562 [WARN] PackLoader:240 - Cannot read IP mode file for STMicroelectronics.X-CUBE-TOUCHGFX.4.23.2
2026-06-16 19:56:36,591 [WARN] PackLoader:240 - Cannot read IP mode file for STMicroelectronics.X-CUBE-AZRTOS-F7.1.1.0
2026-06-16 19:56:36,673 [WARN] PackLoader:240 - Cannot read IP mode file for STMicroelectronics.X-CUBE-MEMS1.11.0.0
2026-06-16 19:56:37,115 [ERROR] Engine:466 - C:\Users\USER\.stm32cubemx\thirdparties\pdsc\STMicroelectronics.FP-SNS-MOTENV1.5.1.0.pdsc: PDSC version is not supported
2026-06-16 19:56:37,170 [WARN] PackLoader:240 - Cannot read IP mode file for STMicroelectronics.FP-SNS-FLIGHT1.5.0.2
2026-06-16 19:56:37,209 [WARN] PackLoader:240 - Cannot read IP mode file for STMicroelectronics.X-CUBE-AZRTOS-H7.3.4.0
2026-06-16 19:56:37,234 [WARN] PackLoader:240 - Cannot read IP mode file for STMicroelectronics.X-CUBE-DISPLAY.3.0.0
2026-06-16 19:56:37,264 [WARN] PackLoader:240 - Cannot read IP mode file for STMicroelectronics.X-CUBE-GNSS1.7.1.1
2026-06-16 19:56:37,294 [ERROR] Engine:466 - C:\Users\USER\.stm32cubemx\thirdparties\pdsc\STMicroelectronics.FP-SNS-MOTENVWB1.1.5.0.pdsc: PDSC version is not supported
2026-06-16 19:56:37,310 [WARN] PackLoader:240 - Cannot read IP mode file for STMicroelectronics.X-CUBE-BLE1.7.0.0
2026-06-16 19:56:37,333 [WARN] PackLoader:240 - Cannot read IP mode file for STMicroelectronics.X-CUBE-NFC10.1.0.0
2026-06-16 19:56:37,362 [WARN] PackLoader:240 - Cannot read IP mode file for STMicroelectronics.X-CUBE-BLEMGR.4.0.0
2026-06-16 19:56:37,392 [ERROR] Engine:466 - C:\Users\USER\.stm32cubemx\thirdparties\pdsc\STMicroelectronics.X-CUBE-ST60.1.1.0.pdsc: PDSC version is not supported
2026-06-16 19:56:37,449 [WARN] PackLoader:240 - Cannot read IP mode file for emotas.I-CUBE-CANOPEN.1.3.0
2026-06-16 19:56:37,471 [WARN] PackLoader:240 - Cannot read IP mode file for STMicroelectronics.X-CUBE-GNSS1.7.1.0
2026-06-16 19:56:37,502 [WARN] PackLoader:240 - Cannot read IP mode file for STMicroelectronics.X-CUBE-BLEMGR.3.1.0
2026-06-16 19:56:37,526 [WARN] PackLoader:240 - Cannot read IP mode file for STMicroelectronics.X-CUBE-AI.10.0.0
2026-06-16 19:56:37,551 [ERROR] Engine:466 - C:\Users\USER\.stm32cubemx\thirdparties\pdsc\STMicroelectronics.FP-SNS-STBOX1.2.1.0.pdsc: PDSC version is not supported
2026-06-16 19:56:37,561 [WARN] PackLoader:240 - Cannot read IP mode file for STMicroelectronics.FP-SNS-SMARTAG2.1.2.0
2026-06-16 19:56:37,582 [ERROR] Engine:466 - C:\Users\USER\.stm32cubemx\thirdparties\pdsc\STMicroelectronics.FP-SNS-FLIGHT1.5.1.0.pdsc: PDSC version is not supported
2026-06-16 19:56:37,648 [WARN] PackLoader:240 - Cannot read IP mode file for STMicroelectronics.X-CUBE-MEMS1.11.1.0
2026-06-16 19:56:37,761 [INFO] LogOutputStream:77 - [STDOUT_REDIRECT] 1 : Invalid condition id : UX_CORESTACK_Condition cause : null
2026-06-16 19:56:37,761 [INFO] LogOutputStream:77 - [STDOUT_REDIRECT] 1 : Invalid condition id : UX_CORESTACK_Condition cause : null
2026-06-16 19:56:37,761 [INFO] LogOutputStream:77 - [STDOUT_REDIRECT] 1 : Invalid condition id : UX_CORESTACK_Condition cause : null
2026-06-16 19:56:37,771 [INFO] LogOutputStream:77 - [STDOUT_REDIRECT] 1 : Invalid condition id : UX_CORESTACK_Condition cause : null
2026-06-16 19:56:37,771 [INFO] LogOutputStream:77 - [STDOUT_REDIRECT] 1 : Invalid condition id : UX_CORESTACK_Condition cause : null
2026-06-16 19:56:37,776 [WARN] PackLoader:240 - Cannot read IP mode file for STMicroelectronics.X-CUBE-AZRTOS-WL.2.0.0
2026-06-16 19:56:37,791 [WARN] PackLoader:240 - Cannot read IP mode file for STMicroelectronics.FP-SNS-MOTENV1.5.0.0
2026-06-16 19:56:37,842 [WARN] PackLoader:240 - Cannot read IP mode file for STMicroelectronics.X-CUBE-AZRTOS-H7RS.1.2.0
2026-06-16 19:56:37,864 [WARN] PackLoader:240 - Cannot read IP mode file for wolfSSL.I-CUBE-wolfMQTT.1.19.0
2026-06-16 19:56:37,914 [WARN] PackLoader:240 - Cannot read IP mode file for WES.I-CUBE-Cesium.1.3.0
2026-06-16 19:56:37,963 [WARN] PackLoader:240 - Cannot read IP mode file for STMicroelectronics.X-CUBE-BLE2.3.3.0
2026-06-16 19:56:37,979 [ERROR] Engine:466 - C:\Users\USER\.stm32cubemx\thirdparties\pdsc\Avnet-IOTCONNECT.X-CUBE-iotc-st67-sdk.1.0.0.pdsc: PDSC version is not supported
2026-06-16 19:56:38,001 [WARN] PackLoader:240 - Cannot read IP mode file for STMicroelectronics.X-CUBE-NFC9.1.0.0
2026-06-16 19:56:38,021 [WARN] PackLoader:240 - Cannot read IP mode file for STMicroelectronics.X-CUBE-BLE1.7.1.0
2026-06-16 19:56:38,047 [WARN] PackLoader:240 - Cannot read IP mode file for STMicroelectronics.X-CUBE-TCPP.4.1.0
2026-06-16 19:56:38,062 [ERROR] Engine:466 - C:\Users\USER\.stm32cubemx\thirdparties\pdsc\STMicroelectronics.X-CUBE-FREERTOS.1.4.0.pdsc: PDSC version is not supported
2026-06-16 19:56:38,081 [WARN] PackLoader:240 - Cannot read IP mode file for STMicroelectronics.X-CUBE-EEPRMA1.5.2.0
2026-06-16 19:56:38,104 [ERROR] Engine:466 - C:\Users\USER\.stm32cubemx\thirdparties\pdsc\STMicroelectronics.X-CUBE-ST67W61.1.1.0.pdsc: PDSC version is not supported
2026-06-16 19:56:38,111 [INFO] WebApp:161 - Instantiating new browser for Auth
2026-06-16 19:56:38,120 [ERROR] Engine:466 - C:\Users\USER\.stm32cubemx\thirdparties\pdsc\STMicroelectronics.FP-SNS-STAIOTCFT.1.1.0.pdsc: PDSC version is not supported
2026-06-16 19:56:38,185 [WARN] PackLoader:240 - Cannot read IP mode file for STMicroelectronics.X-CUBE-MEMS1.12.0.0
2026-06-16 19:56:38,275 [WARN] PackLoader:240 - Cannot read IP mode file for STMicroelectronics.X-CUBE-ALGOBUILD.1.3.0
2026-06-16 19:56:38,346 [WARN] PackLoader:240 - Cannot read IP mode file for STMicroelectronics.X-CUBE-MEMS1.11.2.0
2026-06-16 19:56:38,456 [WARN] PackLoader:240 - Cannot read IP mode file for STMicroelectronics.X-CUBE-AZRTOS-G0.1.1.0
2026-06-16 19:56:38,482 [WARN] PackLoader:240 - Cannot read IP mode file for STMicroelectronics.X-CUBE-SAFEA1.1.2.2
2026-06-16 19:56:38,503 [WARN] PackLoader:240 - Cannot read IP mode file for STMicroelectronics.X-CUBE-NFC4.3.0.0
2026-06-16 19:56:38,525 [WARN] PackLoader:240 - Cannot read IP mode file for EmbeddedOffice.I-CUBE-FS-RTOS.1.0.1
2026-06-16 19:56:38,525 [ERROR] ConditionMgr:805 - Attr not supported : Dmpu
2026-06-16 19:56:38,525 [ERROR] ConditionMgr:805 - Attr not supported : Dmpu
2026-06-16 19:56:38,525 [ERROR] ConditionMgr:805 - Attr not supported : Dmpu
2026-06-16 19:56:38,525 [ERROR] ConditionMgr:805 - Attr not supported : Dmpu
2026-06-16 19:56:38,525 [ERROR] ConditionMgr:805 - Attr not supported : Dmpu
2026-06-16 19:56:38,525 [ERROR] ConditionMgr:805 - Attr not supported : Dmpu
2026-06-16 19:56:38,525 [ERROR] ConditionMgr:805 - Attr not supported : Dmpu
2026-06-16 19:56:38,525 [ERROR] ConditionMgr:805 - Attr not supported : Dmpu
2026-06-16 19:56:38,525 [ERROR] ConditionMgr:805 - Attr not supported : Dmpu
2026-06-16 19:56:38,525 [ERROR] ConditionMgr:805 - Attr not supported : Dmpu
2026-06-16 19:56:38,525 [ERROR] ConditionMgr:805 - Attr not supported : Dmpu
2026-06-16 19:56:38,525 [ERROR] ConditionMgr:805 - Attr not supported : Dmpu
2026-06-16 19:56:38,525 [ERROR] ConditionMgr:805 - Attr not supported : Dmpu
2026-06-16 19:56:38,525 [ERROR] ConditionMgr:805 - Attr not supported : Dmpu
2026-06-16 19:56:38,525 [ERROR] ConditionMgr:805 - Attr not supported : Dmpu
2026-06-16 19:56:38,525 [ERROR] ConditionMgr:805 - Attr not supported : Dmpu
2026-06-16 19:56:38,525 [ERROR] ConditionMgr:805 - Attr not supported : Dmpu
2026-06-16 19:56:38,525 [ERROR] ConditionMgr:805 - Attr not supported : Dmpu
2026-06-16 19:56:38,525 [ERROR] ConditionMgr:805 - Attr not supported : Dmpu
2026-06-16 19:56:38,525 [ERROR] ConditionMgr:805 - Attr not supported : Dmpu
2026-06-16 19:56:38,525 [ERROR] ConditionMgr:805 - Attr not supported : Dmpu
2026-06-16 19:56:38,525 [ERROR] ConditionMgr:805 - Attr not supported : Dmpu
2026-06-16 19:56:38,525 [ERROR] ConditionMgr:805 - Attr not supported : Dmpu
2026-06-16 19:56:38,525 [ERROR] ConditionMgr:805 - Attr not supported : Dmpu
2026-06-16 19:56:38,525 [ERROR] ConditionMgr:805 - Attr not supported : Dmpu
2026-06-16 19:56:38,525 [ERROR] ConditionMgr:805 - Attr not supported : Dmpu
2026-06-16 19:56:38,525 [ERROR] ConditionMgr:805 - Attr not supported : Dmpu
2026-06-16 19:56:38,532 [ERROR] ConditionMgr:805 - Attr not supported : Dmpu
2026-06-16 19:56:38,532 [ERROR] ConditionMgr:805 - Attr not supported : Dmpu
2026-06-16 19:56:38,532 [ERROR] ConditionMgr:805 - Attr not supported : Dmpu
2026-06-16 19:56:38,532 [ERROR] ConditionMgr:805 - Attr not supported : Dmpu
2026-06-16 19:56:38,532 [ERROR] ConditionMgr:805 - Attr not supported : Dmpu
2026-06-16 19:56:38,532 [ERROR] ConditionMgr:805 - Attr not supported : Dmpu
2026-06-16 19:56:38,532 [ERROR] ConditionMgr:805 - Attr not supported : Dmpu
2026-06-16 19:56:38,532 [ERROR] ConditionMgr:805 - Attr not supported : Dmpu
2026-06-16 19:56:38,532 [ERROR] ConditionMgr:805 - Attr not supported : Dmpu
2026-06-16 19:56:38,532 [ERROR] ConditionMgr:805 - Attr not supported : Dmpu
2026-06-16 19:56:38,532 [ERROR] ConditionMgr:805 - Attr not supported : Dmpu
2026-06-16 19:56:38,532 [ERROR] ConditionMgr:805 - Attr not supported : Dmpu
2026-06-16 19:56:38,532 [ERROR] ConditionMgr:805 - Attr not supported : Dmpu
2026-06-16 19:56:38,532 [ERROR] ConditionMgr:805 - Attr not supported : Dmpu
2026-06-16 19:56:38,532 [ERROR] ConditionMgr:805 - Attr not supported : Dmpu
2026-06-16 19:56:38,532 [ERROR] ConditionMgr:805 - Attr not supported : Dmpu
2026-06-16 19:56:38,532 [ERROR] ConditionMgr:805 - Attr not supported : Dmpu
2026-06-16 19:56:38,532 [ERROR] ConditionMgr:805 - Attr not supported : Dmpu
2026-06-16 19:56:38,532 [ERROR] ConditionMgr:805 - Attr not supported : Dmpu
2026-06-16 19:56:38,532 [ERROR] ConditionMgr:805 - Attr not supported : Dmpu
2026-06-16 19:56:38,532 [ERROR] ConditionMgr:805 - Attr not supported : Dmpu
2026-06-16 19:56:38,532 [ERROR] ConditionMgr:805 - Attr not supported : Dmpu
2026-06-16 19:56:38,532 [ERROR] ConditionMgr:805 - Attr not supported : Dmpu
2026-06-16 19:56:38,532 [ERROR] ConditionMgr:805 - Attr not supported : Dmpu
2026-06-16 19:56:38,532 [ERROR] ConditionMgr:805 - Attr not supported : Dmpu
2026-06-16 19:56:38,532 [ERROR] ConditionMgr:805 - Attr not supported : Dmpu
2026-06-16 19:56:38,532 [ERROR] ConditionMgr:805 - Attr not supported : Dmpu
2026-06-16 19:56:38,532 [ERROR] ConditionMgr:805 - Attr not supported : Dmpu
2026-06-16 19:56:38,532 [ERROR] ConditionMgr:805 - Attr not supported : Dmpu
2026-06-16 19:56:38,532 [ERROR] ConditionMgr:805 - Attr not supported : Dmpu
2026-06-16 19:56:38,532 [ERROR] ConditionMgr:805 - Attr not supported : Dmpu
2026-06-16 19:56:38,532 [ERROR] ConditionMgr:805 - Attr not supported : Dmpu
2026-06-16 19:56:38,532 [ERROR] ConditionMgr:805 - Attr not supported : Dmpu
2026-06-16 19:56:38,532 [ERROR] ConditionMgr:805 - Attr not supported : Dmpu
2026-06-16 19:56:38,532 [ERROR] ConditionMgr:805 - Attr not supported : Dmpu
2026-06-16 19:56:38,532 [ERROR] ConditionMgr:805 - Attr not supported : Dmpu
2026-06-16 19:56:38,532 [ERROR] ConditionMgr:805 - Attr not supported : Dmpu
2026-06-16 19:56:38,552 [WARN] PackLoader:240 - Cannot read IP mode file for STMicroelectronics.X-CUBE-WB05N.2.0.0
2026-06-16 19:56:38,562 [ERROR] Engine:466 - C:\Users\USER\.stm32cubemx\thirdparties\pdsc\STMicroelectronics.X-CUBE-TCPP.4.2.0.pdsc: PDSC version is not supported
2026-06-16 19:56:38,588 [WARN] PackLoader:240 - Cannot read IP mode file for RealThread.X-CUBE-RT-Thread_Nano.4.1.1
2026-06-16 19:56:38,605 [WARN] PackLoader:240 - Cannot read IP mode file for wolfSSL.I-CUBE-wolfSSL.5.7.0
2026-06-16 19:56:38,622 [WARN] PackLoader:240 - Cannot read IP mode file for STMicroelectronics.FP-ATR-SIGFOX1.3.2.0
2026-06-16 19:56:38,642 [WARN] ConditionMgr:438 - getConditionDescription Invalid condition id : Cortex-A Device cause : null
2026-06-16 19:56:38,685 [WARN] ConditionMgr:1039 - genDependencies : Invalid condition id : Cortex-A Device cause : null
2026-06-16 19:56:38,685 [WARN] ConditionMgr:1039 - genDependencies : Invalid condition id : Cortex-A Device cause : null
2026-06-16 19:56:38,685 [WARN] ConditionMgr:1039 - genDependencies : Invalid condition id : Cortex-A Device cause : null
2026-06-16 19:56:38,712 [WARN] PackLoader:240 - Cannot read IP mode file for STMicroelectronics.X-CUBE-EEPRMA1.5.1.0
2026-06-16 19:56:38,722 [ERROR] Engine:466 - C:\Users\USER\.stm32cubemx\thirdparties\pdsc\STMicroelectronics.X-CUBE-FREERTOS.1.5.0.pdsc: PDSC version is not supported
2026-06-16 19:56:38,745 [WARN] PackLoader:240 - Cannot read IP mode file for ITTIA_DB.I-CUBE-ITTIADB.8.9.0
2026-06-16 19:56:38,772 [WARN] PackLoader:240 - Cannot read IP mode file for STMicroelectronics.X-CUBE-NFC6.3.2.0
2026-06-16 19:56:38,797 [WARN] PackLoader:240 - Cannot read IP mode file for STMicroelectronics.X-CUBE-AI.10.2.0
2026-06-16 19:56:38,847 [WARN] PackLoader:240 - Cannot read IP mode file for STMicroelectronics.X-CUBE-MEMS1.12.1.0
2026-06-16 19:56:38,944 [WARN] PackLoader:240 - Cannot read IP mode file for SEGGER.I-CUBE-embOS.1.3.1
2026-06-16 19:56:38,985 [WARN] PackLoader:240 - Cannot read IP mode file for STMicroelectronics.X-CUBE-ALGOBUILD.1.4.0
2026-06-16 19:56:39,001 [WARN] PackLoader:240 - Cannot read IP mode file for STMicroelectronics.X-CUBE-AI.9.1.0
2026-06-16 19:56:39,021 [WARN] PackLoader:240 - Cannot read IP mode file for STMicroelectronics.X-CUBE-NFC13.1.0.0
2026-06-16 19:56:39,042 [WARN] PackLoader:240 - Cannot read IP mode file for STMicroelectronics.X-CUBE-PM33A1.1.0.0
2026-06-16 19:56:39,061 [WARN] PackLoader:240 - Cannot read IP mode file for STMicroelectronics.X-CUBE-GNSS1.6.0.0
2026-06-16 19:56:39,091 [WARN] PackLoader:240 - Cannot read IP mode file for STMicroelectronics.X-CUBE-AZRTOS-F4.1.1.0
2026-06-16 19:56:39,118 [ERROR] Engine:466 - C:\Users\USER\.stm32cubemx\thirdparties\pdsc\Avnet-IotConnect.X-CUBE-IoTC-DA16k-PMOD.1.0.0.pdsc: PDSC version is not supported
2026-06-16 19:56:39,139 [WARN] PackLoader:240 - Cannot read IP mode file for STMicroelectronics.X-CUBE-ISPU.2.1.0
2026-06-16 19:56:39,166 [ERROR] Engine:466 - C:\Users\USER\.stm32cubemx\thirdparties\pdsc\STMicroelectronics.X-CUBE-IPS.3.2.0.pdsc: PDSC version is not supported
2026-06-16 19:56:39,182 [ERROR] Engine:466 - C:\Users\USER\.stm32cubemx\thirdparties\pdsc\STMicroelectronics.eDS-WB_DPC_TT-BIDIR.2.1.1.pdsc: PDSC version is not supported
2026-06-16 19:56:39,218 [WARN] PackLoader:240 - Cannot read IP mode file for STMicroelectronics.X-CUBE-FREERTOS.1.2.0
2026-06-16 19:56:39,232 [WARN] PackLoader:240 - Cannot read IP mode file for STMicroelectronics.X-CUBE-NFC12.1.0.0
2026-06-16 19:56:39,271 [WARN] PackLoader:240 - Cannot read IP mode file for STMicroelectronics.X-CUBE-AZRTOS-L5.2.0.0
2026-06-16 19:56:39,294 [WARN] PackLoader:240 - Cannot read IP mode file for STMicroelectronics.X-CUBE-NFC6.3.1.0
2026-06-16 19:56:39,323 [WARN] PackLoader:240 - Cannot read IP mode file for STMicroelectronics.X-CUBE-ALGOBUILD.1.5.0
2026-06-16 19:56:39,342 [WARN] PackLoader:240 - Cannot read IP mode file for STMicroelectronics.X-CUBE-DPower.1.2.0
2026-06-16 19:56:39,356 [ERROR] Engine:466 - C:\Users\USER\.stm32cubemx\thirdparties\pdsc\STMicroelectronics.eDS-WB_DPC_VIENNA.1.2.0.pdsc: PDSC version is not supported
2026-06-16 19:56:39,370 [ERROR] Engine:466 - C:\Users\USER\.stm32cubemx\thirdparties\pdsc\STMicroelectronics.eDS-WB_DPC_3PH2L-BIDIR.1.1.1.pdsc: PDSC version is not supported
2026-06-16 19:56:39,386 [WARN] PackLoader:240 - Cannot read IP mode file for STMicroelectronics.X-CUBE-AI.9.0.0
2026-06-16 19:56:39,405 [ERROR] Engine:466 - C:\Users\USER\.stm32cubemx\thirdparties\pdsc\STMicroelectronics.X-CUBE-ST67W61.1.3.0.pdsc: PDSC version is not supported
2026-06-16 19:56:39,421 [WARN] PackLoader:240 - Cannot read IP mode file for STMicroelectronics.X-CUBE-FREERTOS.1.3.1
2026-06-16 19:56:39,438 [WARN] PackLoader:240 - Cannot read IP mode file for STMicroelectronics.X-CUBE-FREERTOS.1.3.0
2026-06-16 19:56:39,461 [WARN] PackLoader:240 - Cannot read IP mode file for STMicroelectronics.X-CUBE-NFC7.1.0.1
2026-06-16 19:56:39,494 [WARN] PackLoader:240 - Cannot read IP mode file for STMicroelectronics.X-CUBE-TOUCHGFX.4.26.0
2026-06-16 19:56:39,688 [WARN] PackLoader:240 - Cannot read IP mode file for STMicroelectronics.X-CUBE-TOUCHGFX.4.26.1
2026-06-16 19:56:39,704 [ERROR] Engine:466 - C:\Users\USER\.stm32cubemx\thirdparties\pdsc\STMicroelectronics.FP-SNS-STAIOTCFT.1.0.0.pdsc: PDSC version is not supported
2026-06-16 19:56:39,732 [WARN] PackLoader:240 - Cannot read IP mode file for STMicroelectronics.X-CUBE-DPower.1.3.0
2026-06-16 19:56:39,771 [WARN] ConditionMgr:438 - getConditionDescription Invalid condition id : LAN8742 Phy interface Condition cause : null
2026-06-16 19:56:39,773 [WARN] PackLoader:240 - Cannot read IP mode file for STMicroelectronics.X-CUBE-AZRTOS-L4.2.0.0
2026-06-16 19:56:39,773 [WARN] ConditionMgr:1039 - genDependencies : Invalid condition id : LAN8742 Phy interface Condition cause : null
2026-06-16 19:56:39,773 [WARN] ConditionMgr:1039 - genDependencies : Invalid condition id : LAN8742 Phy interface Condition cause : null
2026-06-16 19:56:39,773 [WARN] ConditionMgr:1039 - genDependencies : Invalid condition id : LAN8742 Phy interface Condition cause : null
2026-06-16 19:56:39,799 [WARN] PackLoader:240 - Cannot read IP mode file for STMicroelectronics.X-CUBE-SFXS2LP1.4.0.0
2026-06-16 19:56:39,819 [WARN] PackLoader:240 - Cannot read IP mode file for STMicroelectronics.X-CUBE-WB05N.2.1.0
2026-06-16 19:56:39,831 [ERROR] Engine:466 - C:\Users\USER\.stm32cubemx\thirdparties\pdsc\STMicroelectronics.X-CUBE-ST67W61.1.2.0.pdsc: PDSC version is not supported
2026-06-16 19:56:39,894 [WARN] PackLoader:240 - Cannot read IP mode file for STMicroelectronics.X-CUBE-AZRTOS-H7.3.3.0
2026-06-16 19:56:39,921 [ERROR] Engine:466 - C:\Users\USER\.stm32cubemx\thirdparties\pdsc\STMicroelectronics.X-CUBE-BLEMGR.4.1.0.pdsc: PDSC version is not supported
2026-06-16 19:56:39,921 [INFO] WebApp:779 - Register for checkConnection events
2026-06-16 19:56:39,932 [INFO] WebApp:414 - Apply proxy settings
2026-06-16 19:56:39,932 [INFO] WebApp:499 - Chromium requires no authentication
2026-06-16 19:56:39,942 [WARN] PackLoader:240 - Cannot read IP mode file for STMicroelectronics.X-CUBE-IPS.3.0.0
2026-06-16 19:56:39,957 [INFO] WebApp:442 - Direct internet connection detected
2026-06-16 19:56:39,972 [WARN] ConditionMgr:438 - getConditionDescription Invalid condition id : UX DEVICE CLASS RTOS Condition cause : null
2026-06-16 19:56:39,972 [WARN] ConditionMgr:438 - getConditionDescription Invalid condition id : UX DEVICE CLASS RTOS Condition cause : null
2026-06-16 19:56:39,979 [WARN] PackLoader:240 - Cannot read IP mode file for STMicroelectronics.X-CUBE-AZRTOS-WB.2.0.0
2026-06-16 19:56:39,979 [WARN] ConditionMgr:1039 - genDependencies : Invalid condition id : UX DEVICE CLASS RTOS Condition cause : null
2026-06-16 19:56:39,979 [WARN] ConditionMgr:1039 - genDependencies : Invalid condition id : UX DEVICE CLASS RTOS Condition cause : null
2026-06-16 19:56:39,979 [WARN] ConditionMgr:1039 - genDependencies : Invalid condition id : UX DEVICE CLASS RTOS Condition cause : null
2026-06-16 19:56:39,979 [WARN] ConditionMgr:1039 - genDependencies : Invalid condition id : UX DEVICE CLASS RTOS Condition cause : null
2026-06-16 19:56:39,979 [WARN] ConditionMgr:1039 - genDependencies : Invalid condition id : UX DEVICE CLASS RTOS Condition cause : null
2026-06-16 19:56:40,002 [WARN] PackLoader:240 - Cannot read IP mode file for STMicroelectronics.X-CUBE-GNSS1.7.0.0
2026-06-16 19:56:40,025 [WARN] PackLoader:240 - Cannot read IP mode file for STMicroelectronics.X-CUBE-GNSS1.7.0.1
2026-06-16 19:56:40,037 [WARN] PackLoader:240 - Cannot read IP mode file for STMicroelectronics.X-CUBE-TOUCHGFX.4.25.0
2026-06-16 19:56:40,061 [WARN] PackLoader:240 - Cannot read IP mode file for STMicroelectronics.FP-SNS-STBOX1.2.0.0
2026-06-16 19:56:40,081 [WARN] PackLoader:240 - Cannot read IP mode file for STMicroelectronics.X-CUBE-STSE01.2.0.0
2026-06-16 19:56:40,116 [WARN] PackLoader:240 - Cannot read IP mode file for STMicroelectronics.X-CUBE-SUBG2.5.0.0
2026-06-16 19:56:40,152 [WARN] PackLoader:240 - Cannot read IP mode file for STMicroelectronics.X-CUBE-AZRTOS-H7RS.1.1.0
2026-06-16 19:56:40,167 [WARN] PackLoader:240 - Cannot read IP mode file for Cesanta.I-CUBE-Mongoose.7.13.0
2026-06-16 19:56:40,199 [WARN] PackLoader:240 - Cannot read IP mode file for STMicroelectronics.X-CUBE-AZRTOS-G4.2.0.0
2026-06-16 19:56:40,235 [WARN] PackLoader:240 - Cannot read IP mode file for STMicroelectronics.X-CUBE-NFC7.2.0.0
2026-06-16 19:56:40,260 [WARN] PackLoader:240 - Cannot read IP mode file for STMicroelectronics.X-CUBE-ISPU.2.0.0
2026-06-16 19:56:40,277 [ERROR] Engine:466 - C:\Users\USER\.stm32cubemx\thirdparties\pdsc\STMicroelectronics.X-CUBE-IPS.3.1.0.pdsc: PDSC version is not supported
2026-06-16 19:56:40,293 [WARN] PackLoader:240 - Cannot read IP mode file for STMicroelectronics.X-CUBE-ALS.1.0.2
2026-06-16 19:56:40,331 [WARN] PackLoader:240 - Cannot read IP mode file for STMicroelectronics.X-CUBE-MEMS1.10.0.0
2026-06-16 19:56:40,419 [WARN] PackLoader:240 - Cannot read IP mode file for STMicroelectronics.X-CUBE-FREERTOS.1.1.0
2026-06-16 19:56:40,436 [WARN] PackLoader:240 - Cannot read IP mode file for STMicroelectronics.X-CUBE-TOUCHGFX.4.24.2
2026-06-16 19:56:40,453 [WARN] PackLoader:240 - Cannot read IP mode file for STMicroelectronics.X-CUBE-TOUCHGFX.4.24.1
2026-06-16 19:56:40,464 [WARN] PackLoader:240 - Cannot read IP mode file for STMicroelectronics.X-CUBE-STSE01.1.0.0
2026-06-16 19:56:40,484 [WARN] PackLoader:240 - Cannot read IP mode file for wolfSSL.I-CUBE-wolfTPM.3.4.0
2026-06-16 19:56:40,511 [WARN] PackLoader:240 - Cannot read IP mode file for portGmbH.I-Cube-SoM-uGOAL.1.1.0
2026-06-16 19:56:40,527 [INFO] WebApp:192 - Starting web application
2026-06-16 19:56:40,527 [WARN] PackLoader:240 - Cannot read IP mode file for STMicroelectronics.X-CUBE-ALS.1.0.1
2026-06-16 19:56:40,527 [INFO] WebApp:544 - Web application path used D:\Documentos\Electronica\Nueva carpeta\STM32CubeIDE_1.15.0\STM32CubeIDE\plugins\com.st.stm32cube.common.mx_6.11.0.202403141607\db\plugins\mcufinder\reactClient1\index.html
2026-06-16 19:56:40,559 [WARN] PackLoader:240 - Cannot read IP mode file for STMicroelectronics.X-CUBE-AZRTOS-H7RS.1.0.0
2026-06-16 19:56:40,595 [WARN] PackLoader:240 - Cannot read IP mode file for STMicroelectronics.FP-ATR-ASTRA1.2.0.0
2026-06-16 19:56:40,642 [WARN] PackLoader:240 - Cannot read IP mode file for STMicroelectronics.X-CUBE-TOF1.3.4.2
2026-06-16 19:56:40,778 [ERROR] Engine:466 - C:\Users\USER\.stm32cubemx\thirdparties\pdsc\STMicroelectronics.X-CUBE-TOF1.3.4.3.pdsc: PDSC version is not supported
2026-06-16 19:56:40,802 [WARN] PackLoader:240 - Cannot read IP mode file for STMicroelectronics.X-CUBE-TOF1.3.4.1
2026-06-16 19:56:40,839 [WARN] PackLoader:240 - Cannot read IP mode file for STMicroelectronics.X-CUBE-AZRTOS-H7.3.2.0
2026-06-16 19:56:40,870 [WARN] PackLoader:240 - Cannot read IP mode file for Infineon.AIROC-Wi-Fi-Bluetooth-STM32.1.6.0
2026-06-16 19:56:40,894 [WARN] PackLoader:240 - Cannot read IP mode file for wolfSSL.I-CUBE-wolfSSH.1.4.17
2026-06-16 19:56:40,895 [INFO] ThirdParty:978 - Integrity check success = true
2026-06-16 19:56:40,895 [INFO] IntegrityCheckThread:100 - exiting critical section [integrity check]
2026-06-16 19:56:40,896 [INFO] IntegrityCheckThread:103 - End integrity checks thread
2026-06-16 20:19:44,784 [INFO] McuFinderGlobals:63 - Set McuFinder mode to 2 (CubeIDE integrated)
2026-06-16 20:19:44,830 [INFO] MainUpdater:2873 - connection check result : 10
2026-06-16 20:19:44,838 [INFO] MainUpdater:2873 - connection check result : 10
2026-06-16 20:19:45,186 [INFO] MicroXplorer:468 - Change Database Path : 
2026-06-16 20:19:45,187 [INFO] MicroXplorer:498 - Change Database Version : DB.6.0.110
2026-06-16 20:19:45,238 [WARN] ThirdParty:871 - waiting for thirdparty lock release [close project]
2026-06-16 20:19:45,238 [INFO] ThirdParty:873 - entering critical section [close project]
2026-06-16 20:19:45,238 [INFO] ThirdParty:883 - exiting critical section [close project]
2026-06-16 20:19:45,238 [INFO] PinOutPanel:1561 - setPackage(No Configuration,No Configuration)
2026-06-16 20:19:45,244 [INFO] UtilMem:75 - Begin LoadConfig() Used Memory: 742717848 Bytes (1073741824)
2026-06-16 20:19:45,246 [INFO] MicroXplorer:468 - Change Database Path : 
2026-06-16 20:19:45,246 [INFO] MicroXplorer:498 - Change Database Version : DB.6.0.110
2026-06-16 20:19:45,246 [INFO] OpenFileManager:312 - Change cursor
2026-06-16 20:19:45,255 [INFO] ThirdPartyDownloadManager:103 - Found SW packSTMicroelectronics.X-CUBE-TOUCHGFX.4.26.0up-to-date on disk
2026-06-16 20:19:45,384 [INFO] Mcu:2021 - Initializing MCU STM32F411C(C-E)Ux STM32F411CEUx STM32F411CEU6
2026-06-16 20:19:47,429 [INFO] Context:663 - Trying to add GPIOservice into a context  which must be forbidden
2026-06-16 20:19:48,018 [INFO] ApiDbMcu:508 - Load IP Config File for STMicroelectronics.X-CUBE-TOUCHGFX.4.26.0
2026-06-16 20:19:48,285 [INFO] RtosManager:555 - Registered RTOS mode: class=CMSIS, group=RTOS, mode=CMSIS_V1, owner=FREERTOS
2026-06-16 20:19:48,294 [INFO] RtosManager:555 - Registered RTOS mode: class=CMSIS, group=RTOS2, mode=CMSIS_V2, owner=FREERTOS
2026-06-16 20:19:48,294 [INFO] RtosManager:555 - Registered RTOS mode: class=RTOS, group=Core, mode=CMSIS_V1, owner=FREERTOS
2026-06-16 20:19:48,294 [INFO] RtosManager:555 - Registered RTOS mode: class=RTOS, group=Core, mode=CMSIS_V2, owner=FREERTOS
2026-06-16 20:19:48,294 [WARN] ModelIntegratedComponent:184 - Missing modes for component STMicroelectronics:FreeRTOS:0.0.1:STMicroelectronics:RTOS:FreeRTOS:Core:::10.2.0:
2026-06-16 20:19:48,300 [WARN] ModelIntegratedComponent:63 - No mode defined for component null
2026-06-16 20:19:48,300 [WARN] ModelIntegratedComponent:63 - No mode defined for component null
2026-06-16 20:19:48,300 [WARN] ModelIntegratedComponent:63 - No mode defined for component null
2026-06-16 20:19:48,300 [WARN] ModelIntegratedComponent:63 - No mode defined for component null
2026-06-16 20:19:48,300 [WARN] ModelIntegratedComponent:63 - No mode defined for component null
2026-06-16 20:19:48,300 [WARN] ModelIntegratedComponent:63 - No mode defined for component null
2026-06-16 20:19:48,300 [WARN] ModelIntegratedComponent:63 - No mode defined for component null
2026-06-16 20:19:48,300 [WARN] ModelIntegratedComponent:63 - No mode defined for component null
2026-06-16 20:19:48,300 [WARN] ModelIntegratedComponent:63 - No mode defined for component null
2026-06-16 20:19:48,300 [WARN] ModelIntegratedComponent:63 - No mode defined for component null
2026-06-16 20:19:48,300 [WARN] ModelIntegratedComponent:63 - No mode defined for component null
2026-06-16 20:19:48,300 [WARN] ModelIntegratedComponent:63 - No mode defined for component null
2026-06-16 20:19:48,300 [WARN] ModelIntegratedComponent:63 - No mode defined for component null
2026-06-16 20:19:48,300 [WARN] ModelIntegratedComponent:63 - No mode defined for component null
2026-06-16 20:19:48,300 [WARN] ModelIntegratedComponent:63 - No mode defined for component null
2026-06-16 20:19:48,300 [WARN] ModelIntegratedComponent:63 - No mode defined for component null
2026-06-16 20:19:48,300 [WARN] ModelIntegratedComponent:63 - No mode defined for component null
2026-06-16 20:19:48,300 [WARN] ModelIntegratedComponent:63 - No mode defined for component null
2026-06-16 20:19:48,300 [WARN] ModelIntegratedComponent:63 - No mode defined for component null
2026-06-16 20:19:48,300 [WARN] ModelIntegratedComponent:63 - No mode defined for component null
2026-06-16 20:19:48,300 [WARN] ModelIntegratedComponent:63 - No mode defined for component null
2026-06-16 20:19:48,300 [WARN] ModelIntegratedComponent:63 - No mode defined for component null
2026-06-16 20:19:48,300 [WARN] ModelIntegratedComponent:63 - No mode defined for component null
2026-06-16 20:19:48,300 [WARN] ModelIntegratedComponent:63 - No mode defined for component null
2026-06-16 20:19:48,300 [WARN] ModelIntegratedComponent:63 - No mode defined for component null
2026-06-16 20:19:48,300 [WARN] ModelIntegratedComponent:63 - No mode defined for component null
2026-06-16 20:19:48,300 [WARN] ModelIntegratedComponent:63 - No mode defined for component null
2026-06-16 20:19:48,300 [WARN] ModelIntegratedComponent:63 - No mode defined for component null
2026-06-16 20:19:48,300 [WARN] ModelIntegratedComponent:63 - No mode defined for component null
2026-06-16 20:19:48,300 [WARN] ModelIntegratedComponent:63 - No mode defined for component null
2026-06-16 20:19:48,300 [WARN] ModelIntegratedComponent:63 - No mode defined for component null
2026-06-16 20:19:48,304 [WARN] ModelIntegratedComponent:63 - No mode defined for component null
2026-06-16 20:19:48,304 [WARN] ModelIntegratedComponent:63 - No mode defined for component null
2026-06-16 20:19:48,304 [WARN] ModelIntegratedComponent:63 - No mode defined for component null
2026-06-16 20:19:48,364 [WARN] ModelIntegratedComponent:182 - Modes not found for component STMicroelectronics:USB_DEVICE:1.0.0:STMicroelectronics:USB::USB Device:Audio HS::1.0:USB_DEVICE_1_0_RESTRICTED_HS
2026-06-16 20:19:48,364 [WARN] ModelIntegratedComponent:188 - Modes not found for component STMicroelectronics:USB_DEVICE:1.0.0:STMicroelectronics:USB::USB Device:Audio HS::1.0:USB_DEVICE_1_0_RESTRICTED_HS
2026-06-16 20:19:48,364 [WARN] ModelIntegratedComponent:182 - Modes not found for component STMicroelectronics:USB_DEVICE:1.0.0:STMicroelectronics:USB::USB Device:CDC HS::1.0:USB_DEVICE_1_0_RESTRICTED_HS
2026-06-16 20:19:48,364 [WARN] ModelIntegratedComponent:188 - Modes not found for component STMicroelectronics:USB_DEVICE:1.0.0:STMicroelectronics:USB::USB Device:CDC HS::1.0:USB_DEVICE_1_0_RESTRICTED_HS
2026-06-16 20:19:48,364 [WARN] ModelIntegratedComponent:182 - Modes not found for component STMicroelectronics:USB_DEVICE:1.0.0:STMicroelectronics:USB::USB Device:DFU HS::1.0:USB_DEVICE_1_0_RESTRICTED_HS
2026-06-16 20:19:48,364 [WARN] ModelIntegratedComponent:188 - Modes not found for component STMicroelectronics:USB_DEVICE:1.0.0:STMicroelectronics:USB::USB Device:DFU HS::1.0:USB_DEVICE_1_0_RESTRICTED_HS
2026-06-16 20:19:48,364 [WARN] ModelIntegratedComponent:182 - Modes not found for component STMicroelectronics:USB_DEVICE:1.0.0:STMicroelectronics:USB::USB Device:HID HS::1.0:USB_DEVICE_1_0_RESTRICTED_HS
2026-06-16 20:19:48,364 [WARN] ModelIntegratedComponent:188 - Modes not found for component STMicroelectronics:USB_DEVICE:1.0.0:STMicroelectronics:USB::USB Device:HID HS::1.0:USB_DEVICE_1_0_RESTRICTED_HS
2026-06-16 20:19:48,364 [WARN] ModelIntegratedComponent:182 - Modes not found for component STMicroelectronics:USB_DEVICE:1.0.0:STMicroelectronics:USB::USB Device:Custom HID HS::1.0:USB_DEVICE_1_0_RESTRICTED_HS
2026-06-16 20:19:48,364 [WARN] ModelIntegratedComponent:188 - Modes not found for component STMicroelectronics:USB_DEVICE:1.0.0:STMicroelectronics:USB::USB Device:Custom HID HS::1.0:USB_DEVICE_1_0_RESTRICTED_HS
2026-06-16 20:19:48,364 [WARN] ModelIntegratedComponent:182 - Modes not found for component STMicroelectronics:USB_DEVICE:1.0.0:STMicroelectronics:USB::USB Device:MSC HS::1.0:USB_DEVICE_1_0_RESTRICTED_HS
2026-06-16 20:19:48,364 [WARN] ModelIntegratedComponent:188 - Modes not found for component STMicroelectronics:USB_DEVICE:1.0.0:STMicroelectronics:USB::USB Device:MSC HS::1.0:USB_DEVICE_1_0_RESTRICTED_HS
2026-06-16 20:19:48,459 [WARN] ModelIntegratedComponent:182 - Modes not found for component STMicroelectronics:USB_HOST:1.0.0:STMicroelectronics:USB::USB Host:Audio HS::1.0:USB_HOST_1_0_RESTRICTED_HS
2026-06-16 20:19:48,459 [WARN] ModelIntegratedComponent:188 - Modes not found for component STMicroelectronics:USB_HOST:1.0.0:STMicroelectronics:USB::USB Host:Audio HS::1.0:USB_HOST_1_0_RESTRICTED_HS
2026-06-16 20:19:48,459 [WARN] ModelIntegratedComponent:182 - Modes not found for component STMicroelectronics:USB_HOST:1.0.0:STMicroelectronics:USB::USB Host:CDC HS::1.0:USB_HOST_1_0_RESTRICTED_HS
2026-06-16 20:19:48,459 [WARN] ModelIntegratedComponent:188 - Modes not found for component STMicroelectronics:USB_HOST:1.0.0:STMicroelectronics:USB::USB Host:CDC HS::1.0:USB_HOST_1_0_RESTRICTED_HS
2026-06-16 20:19:48,459 [WARN] ModelIntegratedComponent:182 - Modes not found for component STMicroelectronics:USB_HOST:1.0.0:STMicroelectronics:USB::USB Host:MSC HS::1.0:USB_HOST_1_0_RESTRICTED_HS
2026-06-16 20:19:48,459 [WARN] ModelIntegratedComponent:188 - Modes not found for component STMicroelectronics:USB_HOST:1.0.0:STMicroelectronics:USB::USB Host:MSC HS::1.0:USB_HOST_1_0_RESTRICTED_HS
2026-06-16 20:19:48,459 [WARN] ModelIntegratedComponent:182 - Modes not found for component STMicroelectronics:USB_HOST:1.0.0:STMicroelectronics:USB::USB Host:HID HS::1.0:USB_HOST_1_0_RESTRICTED_HS
2026-06-16 20:19:48,459 [WARN] ModelIntegratedComponent:188 - Modes not found for component STMicroelectronics:USB_HOST:1.0.0:STMicroelectronics:USB::USB Host:HID HS::1.0:USB_HOST_1_0_RESTRICTED_HS
2026-06-16 20:19:48,459 [WARN] ModelIntegratedComponent:182 - Modes not found for component STMicroelectronics:USB_HOST:1.0.0:STMicroelectronics:USB::USB Host:MTP HS::1.0:USB_HOST_1_0_RESTRICTED_HS
2026-06-16 20:19:48,459 [WARN] ModelIntegratedComponent:188 - Modes not found for component STMicroelectronics:USB_HOST:1.0.0:STMicroelectronics:USB::USB Host:MTP HS::1.0:USB_HOST_1_0_RESTRICTED_HS
2026-06-16 20:19:48,574 [WARN] IP:2120 - tgfx_framebuffer_stride_value_custom not found: check if there is a RefParameter without a condition.
2026-06-16 20:19:48,574 [WARN] IP:2120 - tgfx_framebuffer_stride_value_custom not found: check if there is a RefParameter without a condition.
2026-06-16 20:19:49,374 [INFO] ApiDbMcu:508 - Load IP Config File for FREERTOS
2026-06-16 20:19:49,406 [INFO] ThirdPartyModel:298 - Start build external matchings
2026-06-16 20:19:51,131 [INFO] ThirdPartyModel:316 - End build external matchings
2026-06-16 20:19:51,181 [INFO] RtosManager:919 - Current active RTOS is FREERTOS [Cortex-M4NS]
2026-06-16 20:19:51,217 [INFO] ImportTextPane:194 - (OptionalMessage_ERROR) IP (DMA) : Parameter (Instance) has Id (SPI1_TX) currently not set
2026-06-16 20:19:51,217 [INFO] ImportTextPane:194 - (OptionalMessage_ERROR) IP (DMA) : Parameter (Channel) has Id (SPI1_TX) currently not set
2026-06-16 20:19:51,217 [INFO] ImportTextPane:194 - (OptionalMessage_ERROR) IP (DMA) : Parameter (Direction) has Id (SPI1_TX) currently not set
2026-06-16 20:19:51,218 [INFO] ImportTextPane:194 - (OptionalMessage_ERROR) IP (DMA) : Parameter (PeriphInc) has Id (SPI1_TX) currently not set
2026-06-16 20:19:51,218 [INFO] ImportTextPane:194 - (OptionalMessage_ERROR) IP (DMA) : Parameter (MemInc) has Id (SPI1_TX) currently not set
2026-06-16 20:19:51,218 [INFO] ImportTextPane:194 - (OptionalMessage_ERROR) IP (DMA) : Parameter (PeriphDataAlignment) has Id (SPI1_TX) currently not set
2026-06-16 20:19:51,219 [INFO] ImportTextPane:194 - (OptionalMessage_ERROR) IP (DMA) : Parameter (MemDataAlignment) has Id (SPI1_TX) currently not set
2026-06-16 20:19:51,219 [INFO] ImportTextPane:194 - (OptionalMessage_ERROR) IP (DMA) : Parameter (Mode) has Id (SPI1_TX) currently not set
2026-06-16 20:19:51,219 [INFO] ImportTextPane:194 - (OptionalMessage_ERROR) IP (DMA) : Parameter (Priority) has Id (SPI1_TX) currently not set
2026-06-16 20:19:51,219 [INFO] ImportTextPane:194 - (OptionalMessage_ERROR) IP (DMA) : Parameter (FIFOMode) has Id (SPI1_TX) currently not set
2026-06-16 20:19:51,220 [INFO] ImportTextPane:194 - (OptionalMessage_ERROR) IP (DMA) : Parameter (FIFOThreshold) has Id (SPI1_TX) currently not set
2026-06-16 20:19:51,220 [INFO] ImportTextPane:194 - (OptionalMessage_ERROR) IP (DMA) : Parameter (FIFOThreshold) has invalid value (null)
2026-06-16 20:19:51,220 [INFO] ImportTextPane:194 - (OptionalMessage_ERROR) IP (DMA) : Parameter (MemBurst) has Id (SPI1_TX) currently not set
2026-06-16 20:19:51,220 [INFO] ImportTextPane:194 - (OptionalMessage_ERROR) IP (DMA) : Parameter (MemBurst) has invalid value (null)
2026-06-16 20:19:51,220 [INFO] ImportTextPane:194 - (OptionalMessage_ERROR) IP (DMA) : Parameter (PeriphBurst) has Id (SPI1_TX) currently not set
2026-06-16 20:19:51,221 [INFO] ImportTextPane:194 - (OptionalMessage_ERROR) IP (DMA) : Parameter (PeriphBurst) has invalid value (null)
2026-06-16 20:19:51,221 [INFO] ImportTextPane:194 - (OptionalMessage_ERROR) IP (DMA) : Parameter (Instance) has Id (USART1_RX) currently not set
2026-06-16 20:19:51,221 [INFO] ImportTextPane:194 - (OptionalMessage_ERROR) IP (DMA) : Parameter (Channel) has Id (USART1_RX) currently not set
2026-06-16 20:19:51,221 [INFO] ImportTextPane:194 - (OptionalMessage_ERROR) IP (DMA) : Parameter (Direction) has Id (USART1_RX) currently not set
2026-06-16 20:19:51,222 [INFO] ImportTextPane:194 - (OptionalMessage_ERROR) IP (DMA) : Parameter (PeriphInc) has Id (USART1_RX) currently not set
2026-06-16 20:19:51,222 [INFO] ImportTextPane:194 - (OptionalMessage_ERROR) IP (DMA) : Parameter (MemInc) has Id (USART1_RX) currently not set
2026-06-16 20:19:51,222 [INFO] ImportTextPane:194 - (OptionalMessage_ERROR) IP (DMA) : Parameter (PeriphDataAlignment) has Id (USART1_RX) currently not set
2026-06-16 20:19:51,222 [INFO] ImportTextPane:194 - (OptionalMessage_ERROR) IP (DMA) : Parameter (MemDataAlignment) has Id (USART1_RX) currently not set
2026-06-16 20:19:51,223 [INFO] ImportTextPane:194 - (OptionalMessage_ERROR) IP (DMA) : Parameter (Mode) has Id (USART1_RX) currently not set
2026-06-16 20:19:51,223 [INFO] ImportTextPane:194 - (OptionalMessage_ERROR) IP (DMA) : Parameter (Priority) has Id (USART1_RX) currently not set
2026-06-16 20:19:51,223 [INFO] ImportTextPane:194 - (OptionalMessage_ERROR) IP (DMA) : Parameter (FIFOMode) has Id (USART1_RX) currently not set
2026-06-16 20:19:51,223 [INFO] ImportTextPane:194 - (OptionalMessage_ERROR) IP (DMA) : Parameter (Instance) has Id (USART1_TX) currently not set
2026-06-16 20:19:51,224 [INFO] ImportTextPane:194 - (OptionalMessage_ERROR) IP (DMA) : Parameter (Channel) has Id (USART1_TX) currently not set
2026-06-16 20:19:51,224 [INFO] ImportTextPane:194 - (OptionalMessage_ERROR) IP (DMA) : Parameter (Direction) has Id (USART1_TX) currently not set
2026-06-16 20:19:51,224 [INFO] ImportTextPane:194 - (OptionalMessage_ERROR) IP (DMA) : Parameter (PeriphInc) has Id (USART1_TX) currently not set
2026-06-16 20:19:51,224 [INFO] ImportTextPane:194 - (OptionalMessage_ERROR) IP (DMA) : Parameter (MemInc) has Id (USART1_TX) currently not set
2026-06-16 20:19:51,224 [INFO] ImportTextPane:194 - (OptionalMessage_ERROR) IP (DMA) : Parameter (PeriphDataAlignment) has Id (USART1_TX) currently not set
2026-06-16 20:19:51,225 [INFO] ImportTextPane:194 - (OptionalMessage_ERROR) IP (DMA) : Parameter (MemDataAlignment) has Id (USART1_TX) currently not set
2026-06-16 20:19:51,225 [INFO] ImportTextPane:194 - (OptionalMessage_ERROR) IP (DMA) : Parameter (Mode) has Id (USART1_TX) currently not set
2026-06-16 20:19:51,225 [INFO] ImportTextPane:194 - (OptionalMessage_ERROR) IP (DMA) : Parameter (Priority) has Id (USART1_TX) currently not set
2026-06-16 20:19:51,226 [INFO] ImportTextPane:194 - (OptionalMessage_ERROR) IP (DMA) : Parameter (FIFOMode) has Id (USART1_TX) currently not set
2026-06-16 20:19:51,237 [WARN] IP:2120 - tgfx_framebuffer_stride_value_custom not found: check if there is a RefParameter without a condition.
2026-06-16 20:19:51,240 [INFO] ImportTextPane:194 - (OptionalMessage_ERROR) IP (STMicroelectronics.X-CUBE-TOUCHGFX.4.26.0) : Parameter (ApplicationCcGraphicsJjApplication) has invalid value (TouchGFXOoGenerator)
2026-06-16 20:19:51,805 [INFO] ApiDb:581 - Connected to CubeFinder SQLite database (C:\Users\USER\.stmcufinder\plugins\mcufinder\mcu\cube-finder-db.db)
2026-06-16 20:19:51,951 [INFO] ApiDb:668 - CubeFinder database Data Model version=2.1
2026-06-16 20:19:51,951 [INFO] ApiDb:669 - CubeFinder database Configuration version=3.0.39
2026-06-16 20:19:51,952 [INFO] ApiDb:670 - CubeFinder database generation date=2025-12-22 (1766407740)
2026-06-16 20:19:51,953 [INFO] ApiDb:671 - CubeFinder database FW Pack versions=[FP-ATR-ASTRA1_V2.0.0, FP-SNS-FLIGHT1_V5.1.0, FP-SNS-MOTENV1_V5.1.0, FP-SNS-MOTENVWB1_V1.4.0, FP-SNS-SMARTAG2_V1.2.0, FP-SNS-STBOX1_V2.1.0, STM32Cube_FW_C0_V1.4.0, STM32Cube_FW_F4_V1.28.3, STM32Cube_FW_F7_V1.17.4, STM32Cube_FW_G0_V1.6.2, STM32Cube_FW_G4_V1.6.1, STM32Cube_FW_H5_V1.5.1, STM32Cube_FW_H7RS_V1.3.0, STM32Cube_FW_H7_V1.12.1, STM32Cube_FW_L0_V1.12.2, STM32Cube_FW_L4_V1.18.1, STM32Cube_FW_L5_V1.6.0, STM32Cube_FW_N6_V1.3.0, STM32Cube_FW_U0_V1.3.0, STM32Cube_FW_U3_V1.2.1, STM32Cube_FW_U5_V1.8.0, STM32Cube_FW_WB0_V1.4.0, STM32Cube_FW_WBA_V1.8.0, STM32Cube_FW_WB_V1.24.0, STM32Cube_FW_WL3_V1.3.0, STM32Cube_FW_WL_V1.4.0, X-CUBE-ALGOBUILD_V1.4.0, X-CUBE-ALS_V1.0.2, X-CUBE-AZRTOS-F4_V1.1.0, X-CUBE-AZRTOS-F7_V1.1.0, X-CUBE-AZRTOS-G0_V1.1.0, X-CUBE-AZRTOS-G4_V2.0.0, X-CUBE-AZRTOS-H7RS_V1.1.0, X-CUBE-AZRTOS-H7_V3.4.0, X-CUBE-AZRTOS-L4_V2.0.0, X-CUBE-AZRTOS-L5_V2.0.0, X-CUBE-AZRTOS-WB_V2.0.0, X-CUBE-AZRTOS-WL_V2.0.0, X-CUBE-BLE1_V7.1.0, X-CUBE-BLE2_V3.3.0, X-CUBE-BLEMGR_V4.1.0, X-CUBE-EEPRMA1_V5.2.0, X-CUBE-FREERTOS_V1.3.1, X-CUBE-GNSS1_V6.0.0, X-CUBE-MEMS1_V12.0.0, X-CUBE-NFC4_V3.0.0, X-CUBE-NFC7_V2.0.0, X-CUBE-SFXS2LP1_V4.0.0, X-CUBE-ST67W61_V1.1.0, X-CUBE-SUBG2_V5.0.0, X-CUBE-TOF1_V3.4.3]
2026-06-16 20:19:52,114 [INFO] DbBoardsSqlite:226 - include board P-NUCLEO-WB55-NUCLEO as a kit item of type 'Nucleo-64'
2026-06-16 20:19:52,114 [INFO] DbBoardsSqlite:226 - include board P-NUCLEO-WB55-USBDONGLE as a kit item of type 'Nucleo USB Dongle'
2026-06-16 20:19:52,116 [INFO] DbBoardsSqlite:226 - include board STEVAL-IDP005V1 as a kit item of type 'Evaluation Board'
2026-06-16 20:19:52,116 [INFO] DbBoardsSqlite:226 - include board STEVAL-IDP005V2 as a kit item of type 'Evaluation Board'
2026-06-16 20:19:52,762 [INFO] ApiDb:240 - Found 483 in-development CPN: [B-G473E-ZEST1S, B-WB1M-WPAN1, B-WL5M-SUBG1, NUCLEO-C031C6, NUCLEO-H503RB, NUCLEO-H533RE, NUCLEO-H563ZI, NUCLEO-H7S3L8, NUCLEO-U031R8, NUCLEO-U083RC, NUCLEO-U545RE-Q, NUCLEO-U5A5ZJ-Q, NUCLEO-WBA52CG, NUCLEO-WBA55CG, STEVAL-PROTEUS1, STEVAL-SMARTAG2, STEVAL-STWINBX1, STM320518-EVAL, STM32C0116-DK, STM32C011D6Y3TR, STM32C011D6Y6TR, STM32C011F4P3, STM32C011F4P6, STM32C011F4U3, STM32C011F4U6TR, STM32C011F6P3, STM32C011F6P6, STM32C011F6U3, STM32C011F6U6TR, STM32C011J4M3, STM32C011J4M6, STM32C011J6M3, STM32C011J6M6, STM32C0316-DK, STM32C031C4T3, STM32C031C4T6, STM32C031C4U3, STM32C031C4U6, STM32C031C6T3, STM32C031C6T6, STM32C031C6U3, STM32C031C6U6, STM32C031F4P3, STM32C031F4P6, STM32C031F6P3, STM32C031F6P6, STM32C031G4U3, STM32C031G4U6, STM32C031G6U3, STM32C031G6U6, STM32C031K4T3, STM32C031K4T6, STM32C031K4U3, STM32C031K4U6, STM32C031K6T3, STM32C031K6T6, STM32C031K6U3, STM32C031K6U6, STM32G071K8TXN, STM32G071K8UXN, STM32G081GBU6N, STM32G081KBT6N, STM32G081KBUXN, STM32G0B1CCT6N, STM32G0B1KCT6, STM32G0B1NEY6TR, STM32G0B1RCT6N, STM32G0C1CCT6, STM32G0C1CCT6N, STM32G0C1CCU6N, STM32G0C1CET6N, STM32G0C1CEU6N, STM32G0C1KCT6, STM32G0C1NEY6TR, STM32G0C1RCI6N, STM32G0C1RCT6N, STM32G0C1REI6N, STM32G0C1RET6N, STM32G0C1VCI6, STM32G0C1VEI6, STM32G471CCT6, STM32G471CCU6, STM32G471CET3, STM32G471CET6, STM32G471CEU3, STM32G471CEU6, STM32G471MCT6, STM32G471MET3, STM32G471MET6, STM32G471MEY6TR, STM32G471QCT6, STM32G471QET3, STM32G471RCT6, STM32G471RET3, STM32G471RET6, STM32G471VCH6, STM32G471VCI6, STM32G471VCT6, STM32G471VEH3, STM32G471VEH6, STM32G471VEI3, STM32G471VEI6, STM32G471VET3, STM32G471VET6, STM32G474CCT6, STM32H503CBT6, STM32H503CBU6, STM32H503EBY6TR, STM32H503KBU6, STM32H503RBT6, STM32H523CCT6, STM32H523CCU6, STM32H523CET6, STM32H523CEU6, STM32H523HEY6TR, STM32H523RCT6, STM32H523RET6, STM32H523VCI6, STM32H523VCT6, STM32H523VEI6, STM32H523VET6, STM32H523ZCJ6, STM32H523ZCT6, STM32H523ZEJ6, STM32H523ZET6, STM32H533CET6, STM32H533CEU6, STM32H533HEY6TR, STM32H533RET6, STM32H533VEI6, STM32H533VET6, STM32H533ZEJ6, STM32H533ZET6, STM32H562AGI6, STM32H562AII6, STM32H562IGK6, STM32H562IGT6, STM32H562IIK6, STM32H562IIT6, STM32H562RGT6, STM32H562RGV6, STM32H562RIT6, STM32H562RIV6, STM32H562VGT6, STM32H562VIT6, STM32H562ZGT6, STM32H562ZIT6, STM32H563AGI6, STM32H563AII3Q, STM32H563AII6, STM32H563IGK6, STM32H563IGT6, STM32H563IIK3Q, STM32H563IIK6, STM32H563IIT3Q, STM32H563IIT6, STM32H563MIY3QTR, STM32H563RGT6, STM32H563RGV6, STM32H563RIT6, STM32H563RIV6, STM32H563VGT6, STM32H563VIT3Q, STM32H563VIT6, STM32H563ZGT6, STM32H563ZIT3Q, STM32H563ZIT6, STM32H573AII3Q, STM32H573AII6, STM32H573I-DK, STM32H573IIK3Q, STM32H573IIK6, STM32H573IIT3Q, STM32H573IIT6, STM32H573MIY3QTR, STM32H573RIT6, STM32H573RIV6, STM32H573VIT3Q, STM32H573VIT6, STM32H573ZIT3Q, STM32H573ZIT6, STM32H7R3A8I6, STM32H7R3I8K6, STM32H7R3I8T6, STM32H7R3L8H6, STM32H7R3L8H6H, STM32H7R3R8V6, STM32H7R3V8H6, STM32H7R3V8T6, STM32H7R3V8Y6, STM32H7R3Z8J6, STM32H7R3Z8T6, STM32H7R7A8I6, STM32H7R7I8K6, STM32H7R7I8T6, STM32H7R7L8H6, STM32H7R7L8H6H, STM32H7R7Z8J6, STM32H7S3A8I6, STM32H7S3I8K6, STM32H7S3I8T6, STM32H7S3L8H6, STM32H7S3L8H6H, STM32H7S3R8V6, STM32H7S3V8H6, STM32H7S3V8T6, STM32H7S3V8Y6, STM32H7S3Z8J6, STM32H7S3Z8T6, STM32H7S78-DK, STM32H7S7A8I6, STM32H7S7I8K6, STM32H7S7I8T6, STM32H7S7L8H6, STM32H7S7L8H6H, STM32H7S7Z8J6, STM32L4R5QGI6STR, STM32MP131AAE3, STM32MP131AAF3, STM32MP131AAG3, STM32MP131CAE3, STM32MP131CAF3, STM32MP131CAG3, STM32MP131DAE7, STM32MP131DAF7, STM32MP131DAG7, STM32MP131FAE7, STM32MP131FAF7, STM32MP131FAG7, STM32MP133AAE3, STM32MP133AAF3, STM32MP133AAG3, STM32MP133CAE3, STM32MP133CAF3, STM32MP133CAG3, STM32MP133DAE7, STM32MP133DAF7, STM32MP133DAG7, STM32MP133FAE7, STM32MP133FAF7, STM32MP133FAG7, STM32MP135AAE3, STM32MP135AAF3, STM32MP135AAG3, STM32MP135CAE3, STM32MP135CAF3, STM32MP135CAG3, STM32MP135DAE7, STM32MP135DAF7, STM32MP135DAG7, STM32MP135F-DK, STM32MP135FAE7, STM32MP135FAF7, STM32MP135FAF7T, STM32MP135FAF7U, STM32MP135FAG7, STM32U031C6T6, STM32U031C6U6, STM32U031C8T6, STM32U031C8U6, STM32U031F4P6, STM32U031F6P6, STM32U031F8P6, STM32U031G6Y6TR, STM32U031G8Y6TR, STM32U031K4U6, STM32U031K6U6, STM32U031K8U6, STM32U031R6I6, STM32U031R6T6, STM32U031R8I6, STM32U031R8T6, STM32U073C8T6, STM32U073C8U6, STM32U073CBT6, STM32U073CBU6, STM32U073CCT6, STM32U073CCU6, STM32U073H8Y6TR, STM32U073HBY6TR, STM32U073HCY6TR, STM32U073K8U6, STM32U073KBU6, STM32U073KCU6, STM32U073M8I6, STM32U073M8T6, STM32U073MBI6, STM32U073MBT6, STM32U073MCI6, STM32U073MCT6, STM32U073R8I6, STM32U073R8T6, STM32U073RBI6, STM32U073RBT6, STM32U073RCI6, STM32U073RCT6, STM32U083C-DK, STM32U083CCT6, STM32U083CCU6, STM32U083HCY6TR, STM32U083KCU6, STM32U083MCI6, STM32U083MCT6, STM32U083RCI6, STM32U083RCT6, STM32U535CBT6, STM32U535CBT6Q, STM32U535CBU6, STM32U535CBU6Q, STM32U535CCT6, STM32U535CCT6Q, STM32U535CCU6, STM32U535CCU6Q, STM32U535CET6, STM32U535CET6Q, STM32U535CEU6, STM32U535CEU6Q, STM32U535JEY6QTR, STM32U535NCY6QTR, STM32U535NEY6QTR, STM32U535RBI6, STM32U535RBI6Q, STM32U535RBT6, STM32U535RBT6Q, STM32U535RCI6, STM32U535RCI6Q, STM32U535RCT6, STM32U535RCT6Q, STM32U535REI6, STM32U535REI6Q, STM32U535RET6, STM32U535RET6Q, STM32U535VCI6, STM32U535VCI6Q, STM32U535VCT6, STM32U535VCT6Q, STM32U535VEI6, STM32U535VEI6Q, STM32U535VET6, STM32U535VET6Q, STM32U545CET6, STM32U545CET6Q, STM32U545CEU6, STM32U545CEU6Q, STM32U545JEY6QTR, STM32U545NEY6QTR, STM32U545REI6, STM32U545REI6Q, STM32U545RET6, STM32U545RET6Q, STM32U545VEI6, STM32U545VEI6Q, STM32U545VET6, STM32U545VET6Q, STM32U595AIH6, STM32U595AIH6Q, STM32U595AJH6, STM32U595AJH6Q, STM32U595QII6, STM32U595QII6Q, STM32U595QJI6, STM32U595QJI6Q, STM32U595RIT6, STM32U595RIT6Q, STM32U595RJT6, STM32U595RJT6Q, STM32U595VIT6, STM32U595VIT6Q, STM32U595VJT6, STM32U595VJT6Q, STM32U595ZIT6, STM32U595ZIT6Q, STM32U595ZIY6QTR, STM32U595ZJT6, STM32U595ZJT6Q, STM32U595ZJY6QTR, STM32U599BJY6QTR, STM32U599NIH6Q, STM32U599NJH6Q, STM32U599VIT6Q, STM32U599VJT6, STM32U599VJT6Q, STM32U599ZIT6Q, STM32U599ZIY6QTR, STM32U599ZJT6Q, STM32U599ZJY6QTR, STM32U5A5AJH6, STM32U5A5AJH6Q, STM32U5A5QII3Q , STM32U5A5QJI6, STM32U5A5QJI6Q, STM32U5A5RJT6, STM32U5A5RJT6Q, STM32U5A5VJT6, STM32U5A5VJT6Q, STM32U5A5ZJT6, STM32U5A5ZJT6Q, STM32U5A5ZJY6QTR, STM32U5A9BJY6QTR, STM32U5A9J-DK, STM32U5A9NJH6Q, STM32U5A9VJT6Q, STM32U5A9ZJT6Q, STM32U5A9ZJY6QTR, STM32U5F7VIT6, STM32U5F7VIT6Q, STM32U5F7VJT6, STM32U5F7VJT6Q, STM32U5F9BJY6QTR, STM32U5F9NJH6Q, STM32U5F9VIT6Q, STM32U5F9VJT6Q, STM32U5F9ZIJ6QTR, STM32U5F9ZIT6Q, STM32U5F9ZJJ6QTR, STM32U5F9ZJT6Q, STM32U5G7VJT6, STM32U5G7VJT6Q, STM32U5G9BJY6QTR, STM32U5G9J-DK1, STM32U5G9J-DK2, STM32U5G9NJH6Q, STM32U5G9VJT6Q, STM32U5G9ZJJ6QTR, STM32U5G9ZJT6Q, STM32WB1MMCH6, STM32WBA50KEU6, STM32WBA50KEU6TR, STM32WBA50KGU6, STM32WBA50KGU6TR, STM32WBA52CEU6, STM32WBA52CEU6TR, STM32WBA52CEU7, STM32WBA52CEU7TR, STM32WBA52CGU6, STM32WBA52CGU6TR, STM32WBA52CGU6U, STM32WBA52CGU7, STM32WBA52CGU7TR, STM32WBA52KEU6, STM32WBA52KEU6TR, STM32WBA52KGU6, STM32WBA52KGU6TR, STM32WBA54CEU6, STM32WBA54CEU6TR, STM32WBA54CEU7, STM32WBA54CEU7TR, STM32WBA54CGU6, STM32WBA54CGU6TR, STM32WBA54CGU7, STM32WBA54CGU7TR, STM32WBA54KEU6, STM32WBA54KEU6TR, STM32WBA54KEU7, STM32WBA54KEU7TR, STM32WBA54KGU6, STM32WBA54KGU6TR, STM32WBA54KGU7, STM32WBA54KGU7TR, STM32WBA55CEU6, STM32WBA55CEU6TR, STM32WBA55CEU7, STM32WBA55CEU7TR, STM32WBA55CGU6, STM32WBA55CGU6TR, STM32WBA55CGU6U, STM32WBA55CGU7, STM32WBA55CGU7TR, STM32WBA55G-DK1, STM32WBA55HEF6, STM32WBA55HEF7, STM32WBA55HGF6, STM32WBA55HGF7, STM32WBA55UEI6, STM32WBA55UEI6TR, STM32WBA55UEI7, STM32WBA55UEI7TR, STM32WBA55UGI6, STM32WBA55UGI6TR, STM32WBA55UGI7, STM32WBA55UGI7TR, STM32WL5MOCH6, STM32WL5MOCH6TR]
2026-06-16 20:19:52,766 [INFO] ApiDb:668 - CubeFinder database Data Model version=2.1
2026-06-16 20:19:52,766 [INFO] ApiDb:669 - CubeFinder database Configuration version=3.0.39
2026-06-16 20:19:52,766 [INFO] ApiDb:670 - CubeFinder database generation date=2025-12-22 (1766407740)
2026-06-16 20:19:52,766 [INFO] ApiDb:671 - CubeFinder database FW Pack versions=[FP-ATR-ASTRA1_V2.0.0, FP-SNS-FLIGHT1_V5.1.0, FP-SNS-MOTENV1_V5.1.0, FP-SNS-MOTENVWB1_V1.4.0, FP-SNS-SMARTAG2_V1.2.0, FP-SNS-STBOX1_V2.1.0, STM32Cube_FW_C0_V1.4.0, STM32Cube_FW_F4_V1.28.3, STM32Cube_FW_F7_V1.17.4, STM32Cube_FW_G0_V1.6.2, STM32Cube_FW_G4_V1.6.1, STM32Cube_FW_H5_V1.5.1, STM32Cube_FW_H7RS_V1.3.0, STM32Cube_FW_H7_V1.12.1, STM32Cube_FW_L0_V1.12.2, STM32Cube_FW_L4_V1.18.1, STM32Cube_FW_L5_V1.6.0, STM32Cube_FW_N6_V1.3.0, STM32Cube_FW_U0_V1.3.0, STM32Cube_FW_U3_V1.2.1, STM32Cube_FW_U5_V1.8.0, STM32Cube_FW_WB0_V1.4.0, STM32Cube_FW_WBA_V1.8.0, STM32Cube_FW_WB_V1.24.0, STM32Cube_FW_WL3_V1.3.0, STM32Cube_FW_WL_V1.4.0, X-CUBE-ALGOBUILD_V1.4.0, X-CUBE-ALS_V1.0.2, X-CUBE-AZRTOS-F4_V1.1.0, X-CUBE-AZRTOS-F7_V1.1.0, X-CUBE-AZRTOS-G0_V1.1.0, X-CUBE-AZRTOS-G4_V2.0.0, X-CUBE-AZRTOS-H7RS_V1.1.0, X-CUBE-AZRTOS-H7_V3.4.0, X-CUBE-AZRTOS-L4_V2.0.0, X-CUBE-AZRTOS-L5_V2.0.0, X-CUBE-AZRTOS-WB_V2.0.0, X-CUBE-AZRTOS-WL_V2.0.0, X-CUBE-BLE1_V7.1.0, X-CUBE-BLE2_V3.3.0, X-CUBE-BLEMGR_V4.1.0, X-CUBE-EEPRMA1_V5.2.0, X-CUBE-FREERTOS_V1.3.1, X-CUBE-GNSS1_V6.0.0, X-CUBE-MEMS1_V12.0.0, X-CUBE-NFC4_V3.0.0, X-CUBE-NFC7_V2.0.0, X-CUBE-SFXS2LP1_V4.0.0, X-CUBE-ST67W61_V1.1.0, X-CUBE-SUBG2_V5.0.0, X-CUBE-TOF1_V3.4.3]
2026-06-16 20:19:54,976 [INFO] ApiDb:240 - Found 483 in-development CPN: [B-G473E-ZEST1S, B-WB1M-WPAN1, B-WL5M-SUBG1, NUCLEO-C031C6, NUCLEO-H503RB, NUCLEO-H533RE, NUCLEO-H563ZI, NUCLEO-H7S3L8, NUCLEO-U031R8, NUCLEO-U083RC, NUCLEO-U545RE-Q, NUCLEO-U5A5ZJ-Q, NUCLEO-WBA52CG, NUCLEO-WBA55CG, STEVAL-PROTEUS1, STEVAL-SMARTAG2, STEVAL-STWINBX1, STM320518-EVAL, STM32C0116-DK, STM32C011D6Y3TR, STM32C011D6Y6TR, STM32C011F4P3, STM32C011F4P6, STM32C011F4U3, STM32C011F4U6TR, STM32C011F6P3, STM32C011F6P6, STM32C011F6U3, STM32C011F6U6TR, STM32C011J4M3, STM32C011J4M6, STM32C011J6M3, STM32C011J6M6, STM32C0316-DK, STM32C031C4T3, STM32C031C4T6, STM32C031C4U3, STM32C031C4U6, STM32C031C6T3, STM32C031C6T6, STM32C031C6U3, STM32C031C6U6, STM32C031F4P3, STM32C031F4P6, STM32C031F6P3, STM32C031F6P6, STM32C031G4U3, STM32C031G4U6, STM32C031G6U3, STM32C031G6U6, STM32C031K4T3, STM32C031K4T6, STM32C031K4U3, STM32C031K4U6, STM32C031K6T3, STM32C031K6T6, STM32C031K6U3, STM32C031K6U6, STM32G071K8TXN, STM32G071K8UXN, STM32G081GBU6N, STM32G081KBT6N, STM32G081KBUXN, STM32G0B1CCT6N, STM32G0B1KCT6, STM32G0B1NEY6TR, STM32G0B1RCT6N, STM32G0C1CCT6, STM32G0C1CCT6N, STM32G0C1CCU6N, STM32G0C1CET6N, STM32G0C1CEU6N, STM32G0C1KCT6, STM32G0C1NEY6TR, STM32G0C1RCI6N, STM32G0C1RCT6N, STM32G0C1REI6N, STM32G0C1RET6N, STM32G0C1VCI6, STM32G0C1VEI6, STM32G471CCT6, STM32G471CCU6, STM32G471CET3, STM32G471CET6, STM32G471CEU3, STM32G471CEU6, STM32G471MCT6, STM32G471MET3, STM32G471MET6, STM32G471MEY6TR, STM32G471QCT6, STM32G471QET3, STM32G471RCT6, STM32G471RET3, STM32G471RET6, STM32G471VCH6, STM32G471VCI6, STM32G471VCT6, STM32G471VEH3, STM32G471VEH6, STM32G471VEI3, STM32G471VEI6, STM32G471VET3, STM32G471VET6, STM32G474CCT6, STM32H503CBT6, STM32H503CBU6, STM32H503EBY6TR, STM32H503KBU6, STM32H503RBT6, STM32H523CCT6, STM32H523CCU6, STM32H523CET6, STM32H523CEU6, STM32H523HEY6TR, STM32H523RCT6, STM32H523RET6, STM32H523VCI6, STM32H523VCT6, STM32H523VEI6, STM32H523VET6, STM32H523ZCJ6, STM32H523ZCT6, STM32H523ZEJ6, STM32H523ZET6, STM32H533CET6, STM32H533CEU6, STM32H533HEY6TR, STM32H533RET6, STM32H533VEI6, STM32H533VET6, STM32H533ZEJ6, STM32H533ZET6, STM32H562AGI6, STM32H562AII6, STM32H562IGK6, STM32H562IGT6, STM32H562IIK6, STM32H562IIT6, STM32H562RGT6, STM32H562RGV6, STM32H562RIT6, STM32H562RIV6, STM32H562VGT6, STM32H562VIT6, STM32H562ZGT6, STM32H562ZIT6, STM32H563AGI6, STM32H563AII3Q, STM32H563AII6, STM32H563IGK6, STM32H563IGT6, STM32H563IIK3Q, STM32H563IIK6, STM32H563IIT3Q, STM32H563IIT6, STM32H563MIY3QTR, STM32H563RGT6, STM32H563RGV6, STM32H563RIT6, STM32H563RIV6, STM32H563VGT6, STM32H563VIT3Q, STM32H563VIT6, STM32H563ZGT6, STM32H563ZIT3Q, STM32H563ZIT6, STM32H573AII3Q, STM32H573AII6, STM32H573I-DK, STM32H573IIK3Q, STM32H573IIK6, STM32H573IIT3Q, STM32H573IIT6, STM32H573MIY3QTR, STM32H573RIT6, STM32H573RIV6, STM32H573VIT3Q, STM32H573VIT6, STM32H573ZIT3Q, STM32H573ZIT6, STM32H7R3A8I6, STM32H7R3I8K6, STM32H7R3I8T6, STM32H7R3L8H6, STM32H7R3L8H6H, STM32H7R3R8V6, STM32H7R3V8H6, STM32H7R3V8T6, STM32H7R3V8Y6, STM32H7R3Z8J6, STM32H7R3Z8T6, STM32H7R7A8I6, STM32H7R7I8K6, STM32H7R7I8T6, STM32H7R7L8H6, STM32H7R7L8H6H, STM32H7R7Z8J6, STM32H7S3A8I6, STM32H7S3I8K6, STM32H7S3I8T6, STM32H7S3L8H6, STM32H7S3L8H6H, STM32H7S3R8V6, STM32H7S3V8H6, STM32H7S3V8T6, STM32H7S3V8Y6, STM32H7S3Z8J6, STM32H7S3Z8T6, STM32H7S78-DK, STM32H7S7A8I6, STM32H7S7I8K6, STM32H7S7I8T6, STM32H7S7L8H6, STM32H7S7L8H6H, STM32H7S7Z8J6, STM32L4R5QGI6STR, STM32MP131AAE3, STM32MP131AAF3, STM32MP131AAG3, STM32MP131CAE3, STM32MP131CAF3, STM32MP131CAG3, STM32MP131DAE7, STM32MP131DAF7, STM32MP131DAG7, STM32MP131FAE7, STM32MP131FAF7, STM32MP131FAG7, STM32MP133AAE3, STM32MP133AAF3, STM32MP133AAG3, STM32MP133CAE3, STM32MP133CAF3, STM32MP133CAG3, STM32MP133DAE7, STM32MP133DAF7, STM32MP133DAG7, STM32MP133FAE7, STM32MP133FAF7, STM32MP133FAG7, STM32MP135AAE3, STM32MP135AAF3, STM32MP135AAG3, STM32MP135CAE3, STM32MP135CAF3, STM32MP135CAG3, STM32MP135DAE7, STM32MP135DAF7, STM32MP135DAG7, STM32MP135F-DK, STM32MP135FAE7, STM32MP135FAF7, STM32MP135FAF7T, STM32MP135FAF7U, STM32MP135FAG7, STM32U031C6T6, STM32U031C6U6, STM32U031C8T6, STM32U031C8U6, STM32U031F4P6, STM32U031F6P6, STM32U031F8P6, STM32U031G6Y6TR, STM32U031G8Y6TR, STM32U031K4U6, STM32U031K6U6, STM32U031K8U6, STM32U031R6I6, STM32U031R6T6, STM32U031R8I6, STM32U031R8T6, STM32U073C8T6, STM32U073C8U6, STM32U073CBT6, STM32U073CBU6, STM32U073CCT6, STM32U073CCU6, STM32U073H8Y6TR, STM32U073HBY6TR, STM32U073HCY6TR, STM32U073K8U6, STM32U073KBU6, STM32U073KCU6, STM32U073M8I6, STM32U073M8T6, STM32U073MBI6, STM32U073MBT6, STM32U073MCI6, STM32U073MCT6, STM32U073R8I6, STM32U073R8T6, STM32U073RBI6, STM32U073RBT6, STM32U073RCI6, STM32U073RCT6, STM32U083C-DK, STM32U083CCT6, STM32U083CCU6, STM32U083HCY6TR, STM32U083KCU6, STM32U083MCI6, STM32U083MCT6, STM32U083RCI6, STM32U083RCT6, STM32U535CBT6, STM32U535CBT6Q, STM32U535CBU6, STM32U535CBU6Q, STM32U535CCT6, STM32U535CCT6Q, STM32U535CCU6, STM32U535CCU6Q, STM32U535CET6, STM32U535CET6Q, STM32U535CEU6, STM32U535CEU6Q, STM32U535JEY6QTR, STM32U535NCY6QTR, STM32U535NEY6QTR, STM32U535RBI6, STM32U535RBI6Q, STM32U535RBT6, STM32U535RBT6Q, STM32U535RCI6, STM32U535RCI6Q, STM32U535RCT6, STM32U535RCT6Q, STM32U535REI6, STM32U535REI6Q, STM32U535RET6, STM32U535RET6Q, STM32U535VCI6, STM32U535VCI6Q, STM32U535VCT6, STM32U535VCT6Q, STM32U535VEI6, STM32U535VEI6Q, STM32U535VET6, STM32U535VET6Q, STM32U545CET6, STM32U545CET6Q, STM32U545CEU6, STM32U545CEU6Q, STM32U545JEY6QTR, STM32U545NEY6QTR, STM32U545REI6, STM32U545REI6Q, STM32U545RET6, STM32U545RET6Q, STM32U545VEI6, STM32U545VEI6Q, STM32U545VET6, STM32U545VET6Q, STM32U595AIH6, STM32U595AIH6Q, STM32U595AJH6, STM32U595AJH6Q, STM32U595QII6, STM32U595QII6Q, STM32U595QJI6, STM32U595QJI6Q, STM32U595RIT6, STM32U595RIT6Q, STM32U595RJT6, STM32U595RJT6Q, STM32U595VIT6, STM32U595VIT6Q, STM32U595VJT6, STM32U595VJT6Q, STM32U595ZIT6, STM32U595ZIT6Q, STM32U595ZIY6QTR, STM32U595ZJT6, STM32U595ZJT6Q, STM32U595ZJY6QTR, STM32U599BJY6QTR, STM32U599NIH6Q, STM32U599NJH6Q, STM32U599VIT6Q, STM32U599VJT6, STM32U599VJT6Q, STM32U599ZIT6Q, STM32U599ZIY6QTR, STM32U599ZJT6Q, STM32U599ZJY6QTR, STM32U5A5AJH6, STM32U5A5AJH6Q, STM32U5A5QII3Q , STM32U5A5QJI6, STM32U5A5QJI6Q, STM32U5A5RJT6, STM32U5A5RJT6Q, STM32U5A5VJT6, STM32U5A5VJT6Q, STM32U5A5ZJT6, STM32U5A5ZJT6Q, STM32U5A5ZJY6QTR, STM32U5A9BJY6QTR, STM32U5A9J-DK, STM32U5A9NJH6Q, STM32U5A9VJT6Q, STM32U5A9ZJT6Q, STM32U5A9ZJY6QTR, STM32U5F7VIT6, STM32U5F7VIT6Q, STM32U5F7VJT6, STM32U5F7VJT6Q, STM32U5F9BJY6QTR, STM32U5F9NJH6Q, STM32U5F9VIT6Q, STM32U5F9VJT6Q, STM32U5F9ZIJ6QTR, STM32U5F9ZIT6Q, STM32U5F9ZJJ6QTR, STM32U5F9ZJT6Q, STM32U5G7VJT6, STM32U5G7VJT6Q, STM32U5G9BJY6QTR, STM32U5G9J-DK1, STM32U5G9J-DK2, STM32U5G9NJH6Q, STM32U5G9VJT6Q, STM32U5G9ZJJ6QTR, STM32U5G9ZJT6Q, STM32WB1MMCH6, STM32WBA50KEU6, STM32WBA50KEU6TR, STM32WBA50KGU6, STM32WBA50KGU6TR, STM32WBA52CEU6, STM32WBA52CEU6TR, STM32WBA52CEU7, STM32WBA52CEU7TR, STM32WBA52CGU6, STM32WBA52CGU6TR, STM32WBA52CGU6U, STM32WBA52CGU7, STM32WBA52CGU7TR, STM32WBA52KEU6, STM32WBA52KEU6TR, STM32WBA52KGU6, STM32WBA52KGU6TR, STM32WBA54CEU6, STM32WBA54CEU6TR, STM32WBA54CEU7, STM32WBA54CEU7TR, STM32WBA54CGU6, STM32WBA54CGU6TR, STM32WBA54CGU7, STM32WBA54CGU7TR, STM32WBA54KEU6, STM32WBA54KEU6TR, STM32WBA54KEU7, STM32WBA54KEU7TR, STM32WBA54KGU6, STM32WBA54KGU6TR, STM32WBA54KGU7, STM32WBA54KGU7TR, STM32WBA55CEU6, STM32WBA55CEU6TR, STM32WBA55CEU7, STM32WBA55CEU7TR, STM32WBA55CGU6, STM32WBA55CGU6TR, STM32WBA55CGU6U, STM32WBA55CGU7, STM32WBA55CGU7TR, STM32WBA55G-DK1, STM32WBA55HEF6, STM32WBA55HEF7, STM32WBA55HGF6, STM32WBA55HGF7, STM32WBA55UEI6, STM32WBA55UEI6TR, STM32WBA55UEI7, STM32WBA55UEI7TR, STM32WBA55UGI6, STM32WBA55UGI6TR, STM32WBA55UGI7, STM32WBA55UGI7TR, STM32WL5MOCH6, STM32WL5MOCH6TR]
2026-06-16 20:19:54,982 [INFO] DbMcus:218 - Found 4816 MCUs, 4816 are supported
2026-06-16 20:19:54,983 [INFO] ApiDb:423 - Load user favorites file C:\Users\USER/.stm32cubeide/favorites.mcus.txt: 0 item(s)
2026-06-16 20:19:54,983 [INFO] ApiDb:427 - User favorites MCUs=[]
2026-06-16 20:19:54,984 [INFO] DbMcus:224 - Set 0 / 0 favorites MCUs
2026-06-16 20:19:55,493 [INFO] BoardInfo:889 - No configuration file found for board B-WBA5M-WPAN
2026-06-16 20:19:55,494 [INFO] DbBoards:161 - Board is not supported: B-WBA5M-WPAN
2026-06-16 20:19:55,494 [INFO] BoardInfo:889 - No configuration file found for board NUCLEO-C051C8
2026-06-16 20:19:55,494 [INFO] DbBoards:161 - Board is not supported: NUCLEO-C051C8
2026-06-16 20:19:55,494 [INFO] BoardInfo:889 - No configuration file found for board NUCLEO-C071RB
2026-06-16 20:19:55,494 [INFO] DbBoards:161 - Board is not supported: NUCLEO-C071RB
2026-06-16 20:19:55,494 [INFO] BoardInfo:889 - No configuration file found for board NUCLEO-C092RC
2026-06-16 20:19:55,504 [INFO] DbBoards:161 - Board is not supported: NUCLEO-C092RC
2026-06-16 20:19:55,585 [INFO] BoardInfo:889 - No configuration file found for board NUCLEO-N657X0-Q
2026-06-16 20:19:55,586 [INFO] DbBoards:161 - Board is not supported: NUCLEO-N657X0-Q
2026-06-16 20:19:55,590 [INFO] BoardInfo:889 - No configuration file found for board NUCLEO-U385RG-Q
2026-06-16 20:19:55,590 [INFO] DbBoards:161 - Board is not supported: NUCLEO-U385RG-Q
2026-06-16 20:19:55,594 [INFO] BoardInfo:889 - No configuration file found for board NUCLEO-WB05KZ
2026-06-16 20:19:55,594 [INFO] DbBoards:161 - Board is not supported: NUCLEO-WB05KZ
2026-06-16 20:19:55,594 [INFO] BoardInfo:889 - No configuration file found for board NUCLEO-WB07CC
2026-06-16 20:19:55,594 [INFO] DbBoards:161 - Board is not supported: NUCLEO-WB07CC
2026-06-16 20:19:55,594 [INFO] BoardInfo:889 - No configuration file found for board NUCLEO-WB09KE
2026-06-16 20:19:55,594 [INFO] DbBoards:161 - Board is not supported: NUCLEO-WB09KE
2026-06-16 20:19:55,606 [INFO] BoardInfo:889 - No configuration file found for board NUCLEO-WBA65RI
2026-06-16 20:19:55,606 [INFO] DbBoards:161 - Board is not supported: NUCLEO-WBA65RI
2026-06-16 20:19:55,606 [INFO] BoardInfo:889 - No configuration file found for board NUCLEO-WL33CC1
2026-06-16 20:19:55,608 [INFO] DbBoards:161 - Board is not supported: NUCLEO-WL33CC1
2026-06-16 20:19:55,608 [INFO] BoardInfo:889 - No configuration file found for board NUCLEO-WL33CC2
2026-06-16 20:19:55,610 [INFO] DbBoards:161 - Board is not supported: NUCLEO-WL33CC2
2026-06-16 20:19:55,616 [INFO] BoardInfo:889 - No configuration file found for board P-NUCLEO-WB55
2026-06-16 20:19:55,617 [INFO] DbBoards:161 - Kit is not supported: P-NUCLEO-WB55
2026-06-16 20:19:55,622 [INFO] BoardInfo:889 - No configuration file found for board STEVAL-BFA001V1B
2026-06-16 20:19:55,623 [INFO] DbBoards:161 - Kit is not supported: STEVAL-BFA001V1B
2026-06-16 20:19:55,623 [INFO] BoardInfo:889 - No configuration file found for board STEVAL-BFA001V2B
2026-06-16 20:19:55,624 [INFO] DbBoards:161 - Kit is not supported: STEVAL-BFA001V2B
2026-06-16 20:19:55,748 [INFO] BoardInfo:889 - No configuration file found for board STM32MP257F-DK
2026-06-16 20:19:55,748 [INFO] DbBoards:161 - Board is not supported: STM32MP257F-DK
2026-06-16 20:19:55,750 [INFO] BoardInfo:889 - No configuration file found for board STM32MP257F-EV1
2026-06-16 20:19:55,750 [INFO] DbBoards:161 - Board is not supported: STM32MP257F-EV1
2026-06-16 20:19:55,751 [INFO] BoardInfo:889 - No configuration file found for board STM32N6570-DK
2026-06-16 20:19:55,751 [INFO] DbBoards:161 - Board is not supported: STM32N6570-DK
2026-06-16 20:19:55,763 [INFO] BoardInfo:889 - No configuration file found for board STM32WBA65I-DK1
2026-06-16 20:19:55,763 [INFO] DbBoards:161 - Board is not supported: STM32WBA65I-DK1
2026-06-16 20:19:55,763 [INFO] DbBoards:168 - Found 211 boards, 192 are supported
2026-06-16 20:19:55,763 [INFO] DbBoards:169 - Found 211 boards, 8 of them is supported for  Bsp
2026-06-16 20:19:55,771 [INFO] ApiDb:423 - Load user favorites file C:\Users\USER/.stm32cubeide/favorites.boards.txt: 0 item(s)
2026-06-16 20:19:55,771 [INFO] ApiDb:427 - User favorites Boards=[]
2026-06-16 20:19:55,772 [INFO] DbBoards:198 - Set 0 / 0 favorites Boards
2026-06-16 20:19:55,885 [INFO] UtilMem:75 - End LoadConfig() Used Memory: 843916160 Bytes (1073741824)
2026-06-16 20:19:56,102 [WARN] ThirdParty:833 - waiting for thirdparty lock release [change project]
2026-06-16 20:19:56,102 [INFO] ThirdParty:835 - entering critical section [change project]
2026-06-16 20:19:56,102 [INFO] ThirdParty:1030 - CMSIS Pack Vendor :STMicroelectronics X-CUBE-AZRTOS-H7 3.5.0
2026-06-16 20:19:56,103 [INFO] ThirdParty:1030 - CMSIS Pack Vendor :STMicroelectronics X-CUBE-PM33A1 1.0.0
2026-06-16 20:19:56,103 [INFO] ThirdParty:1030 - CMSIS Pack Vendor :STMicroelectronics USBPD 4.1
2026-06-16 20:19:56,103 [INFO] ThirdParty:1030 - CMSIS Pack Vendor :STMicroelectronics X-CUBE-GNSS1 6.0.0
2026-06-16 20:19:56,103 [INFO] ThirdParty:1030 - CMSIS Pack Vendor :STMicroelectronics USB_HOST 2.0.0
2026-06-16 20:19:56,103 [INFO] ThirdParty:1030 - CMSIS Pack Vendor :STMicroelectronics FP-SNS-MOTENVWB1 1.4.0
2026-06-16 20:19:56,103 [INFO] ThirdParty:1030 - CMSIS Pack Vendor :STMicroelectronics X-CUBE-AZRTOS-F4 1.1.0
2026-06-16 20:19:56,103 [INFO] ThirdParty:1030 - CMSIS Pack Vendor :STMicroelectronics LIBJPEG 8.0.0
2026-06-16 20:19:56,103 [INFO] ThirdParty:1030 - CMSIS Pack Vendor :STMicroelectronics FP-ATR-ASTRA1 2.0.2
2026-06-16 20:19:56,103 [INFO] ThirdParty:1030 - CMSIS Pack Vendor :STMicroelectronics FP-ATR-ASTRA1 2.0.1
2026-06-16 20:19:56,103 [INFO] ThirdParty:1030 - CMSIS Pack Vendor :STMicroelectronics X-CUBE-SMBUS 2.1.0
2026-06-16 20:19:56,103 [INFO] ThirdParty:1030 - CMSIS Pack Vendor :STMicroelectronics X-CUBE-WB05N 1.1.0
2026-06-16 20:19:56,103 [INFO] ThirdParty:1030 - CMSIS Pack Vendor :STMicroelectronics X-CUBE-ISPU 2.1.0
2026-06-16 20:19:56,103 [INFO] ThirdParty:1030 - CMSIS Pack Vendor :STMicroelectronics X-CUBE-FREERTOS 1.2.0
2026-06-16 20:19:56,103 [INFO] ThirdParty:1030 - CMSIS Pack Vendor :STMicroelectronics X-CUBE-NFC12 1.0.0
2026-06-16 20:19:56,103 [INFO] ThirdParty:1030 - CMSIS Pack Vendor :STMicroelectronics X-CUBE-TOUCHGFX 4.23.2
2026-06-16 20:19:56,103 [INFO] ThirdParty:1030 - CMSIS Pack Vendor :STMicroelectronics X-CUBE-AZRTOS-F7 1.1.0
2026-06-16 20:19:56,103 [INFO] ThirdParty:1030 - CMSIS Pack Vendor :STMicroelectronics X-CUBE-AZRTOS-L5 2.0.0
2026-06-16 20:19:56,103 [INFO] ThirdParty:1030 - CMSIS Pack Vendor :STMicroelectronics USB_DEVICE 2.0.0
2026-06-16 20:19:56,103 [INFO] ThirdParty:1030 - CMSIS Pack Vendor :STMicroelectronics X-CUBE-NFC6 3.1.0
2026-06-16 20:19:56,103 [INFO] ThirdParty:1030 - CMSIS Pack Vendor :STMicroelectronics X-CUBE-MEMS1 11.0.0
2026-06-16 20:19:56,103 [INFO] ThirdParty:1030 - CMSIS Pack Vendor :STMicroelectronics X-CUBE-ALGOBUILD 1.5.0
2026-06-16 20:19:56,103 [INFO] ThirdParty:1030 - CMSIS Pack Vendor :STMicroelectronics FreeRTOS 0.0.1
2026-06-16 20:19:56,103 [INFO] ThirdParty:1030 - CMSIS Pack Vendor :STMicroelectronics X-CUBE-DPower 1.2.0
2026-06-16 20:19:56,103 [INFO] ThirdParty:1030 - CMSIS Pack Vendor :STMicroelectronics FP-SNS-FLIGHT1 5.0.2
2026-06-16 20:19:56,103 [INFO] ThirdParty:1030 - CMSIS Pack Vendor :STMicroelectronics X-CUBE-AI 9.0.0
2026-06-16 20:19:56,103 [INFO] ThirdParty:1030 - CMSIS Pack Vendor :STMicroelectronics PDM2PCM 3.3.0
2026-06-16 20:19:56,103 [INFO] ThirdParty:1030 - CMSIS Pack Vendor :STMicroelectronics X-CUBE-AZRTOS-H7 3.4.0
2026-06-16 20:19:56,103 [INFO] ThirdParty:1030 - CMSIS Pack Vendor :STMicroelectronics X-CUBE-DISPLAY 3.0.0
2026-06-16 20:19:56,103 [INFO] ThirdParty:1030 - CMSIS Pack Vendor :STMicroelectronics X-CUBE-GNSS1 7.1.1
2026-06-16 20:19:56,103 [INFO] ThirdParty:1030 - CMSIS Pack Vendor :STMicroelectronics X-CUBE-BLE1 7.0.0
2026-06-16 20:19:56,103 [INFO] ThirdParty:1030 - CMSIS Pack Vendor :STMicroelectronics X-CUBE-NFC10 1.0.0
2026-06-16 20:19:56,103 [INFO] ThirdParty:1030 - CMSIS Pack Vendor :STMicroelectronics X-CUBE-BLEMGR 4.0.0
2026-06-16 20:19:56,103 [INFO] ThirdParty:1030 - CMSIS Pack Vendor :STMicroelectronics X-CUBE-FREERTOS 1.3.1
2026-06-16 20:19:56,103 [INFO] ThirdParty:1030 - CMSIS Pack Vendor :STMicroelectronics HAL Drivers 0.0.0
2026-06-16 20:19:56,103 [INFO] ThirdParty:1030 - CMSIS Pack Vendor :emotas I-CUBE-CANOPEN 1.3.0
2026-06-16 20:19:56,103 [INFO] ThirdParty:1030 - CMSIS Pack Vendor :STMicroelectronics X-CUBE-FREERTOS 1.3.0
2026-06-16 20:19:56,103 [INFO] ThirdParty:1030 - CMSIS Pack Vendor :STMicroelectronics X-CUBE-NFC7 1.0.1
2026-06-16 20:19:56,103 [INFO] ThirdParty:1030 - CMSIS Pack Vendor :STMicroelectronics MBEDTLS 2.14.1
2026-06-16 20:19:56,103 [INFO] ThirdParty:1030 - CMSIS Pack Vendor :STMicroelectronics X-CUBE-GNSS1 7.1.0
2026-06-16 20:19:56,103 [INFO] ThirdParty:1030 - CMSIS Pack Vendor :STMicroelectronics X-CUBE-TOUCHGFX 4.26.0
2026-06-16 20:19:56,103 [INFO] ThirdParty:1030 - CMSIS Pack Vendor :STMicroelectronics X-CUBE-TOUCHGFX 4.26.1
2026-06-16 20:19:56,103 [INFO] ThirdParty:1030 - CMSIS Pack Vendor :STMicroelectronics X-CUBE-BLEMGR 3.1.0
2026-06-16 20:19:56,105 [INFO] ThirdParty:1030 - CMSIS Pack Vendor :STMicroelectronics X-CUBE-AI 10.0.0
2026-06-16 20:19:56,105 [INFO] ThirdParty:1030 - CMSIS Pack Vendor :STMicroelectronics FP-SNS-SMARTAG2 1.2.0
2026-06-16 20:19:56,105 [INFO] ThirdParty:1030 - CMSIS Pack Vendor :STMicroelectronics X-CUBE-MEMS1 11.1.0
2026-06-16 20:19:56,105 [INFO] ThirdParty:1030 - CMSIS Pack Vendor :STMicroelectronics X-CUBE-AZRTOS-WL 2.0.0
2026-06-16 20:19:56,105 [INFO] ThirdParty:1030 - CMSIS Pack Vendor :STMicroelectronics X-CUBE-DPower 1.3.0
2026-06-16 20:19:56,105 [INFO] ThirdParty:1030 - CMSIS Pack Vendor :STMicroelectronics FP-SNS-MOTENV1 5.0.0
2026-06-16 20:19:56,105 [INFO] ThirdParty:1030 - CMSIS Pack Vendor :STMicroelectronics USB_DEVICE 1.0.0
2026-06-16 20:19:56,105 [INFO] ThirdParty:1030 - CMSIS Pack Vendor :STMicroelectronics X-CUBE-AZRTOS-H7RS 1.2.0
2026-06-16 20:19:56,105 [INFO] ThirdParty:1030 - CMSIS Pack Vendor :wolfSSL I-CUBE-wolfMQTT 1.19.0
2026-06-16 20:19:56,105 [INFO] ThirdParty:1030 - CMSIS Pack Vendor :STMicroelectronics X-CUBE-AZRTOS-L4 2.0.0
2026-06-16 20:19:56,105 [INFO] ThirdParty:1030 - CMSIS Pack Vendor :STMicroelectronics ThreadX 0.0.2
2026-06-16 20:19:56,105 [INFO] ThirdParty:1030 - CMSIS Pack Vendor :WES I-CUBE-Cesium 1.3.0
2026-06-16 20:19:56,105 [INFO] ThirdParty:1030 - CMSIS Pack Vendor :STMicroelectronics lwIP 2.1.2
2026-06-16 20:19:56,105 [INFO] ThirdParty:1030 - CMSIS Pack Vendor :STMicroelectronics X-CUBE-SFXS2LP1 4.0.0
2026-06-16 20:19:56,105 [INFO] ThirdParty:1030 - CMSIS Pack Vendor :STMicroelectronics X-CUBE-BLE2 3.3.0
2026-06-16 20:19:56,105 [INFO] ThirdParty:1030 - CMSIS Pack Vendor :STMicroelectronics PDM2PCM 3.2.0
2026-06-16 20:19:56,105 [INFO] ThirdParty:1030 - CMSIS Pack Vendor :STMicroelectronics X-CUBE-WB05N 2.1.0
2026-06-16 20:19:56,105 [INFO] ThirdParty:1030 - CMSIS Pack Vendor :STMicroelectronics X-CUBE-AZRTOS-H7 3.3.0
2026-06-16 20:19:56,105 [INFO] ThirdParty:1030 - CMSIS Pack Vendor :STMicroelectronics X-CUBE-NFC9 1.0.0
2026-06-16 20:19:56,105 [INFO] ThirdParty:1030 - CMSIS Pack Vendor :STMicroelectronics X-CUBE-BLE1 7.1.0
2026-06-16 20:19:56,105 [INFO] ThirdParty:1030 - CMSIS Pack Vendor :STMicroelectronics USB_DEVICE 3.0.0
2026-06-16 20:19:56,105 [INFO] ThirdParty:1030 - CMSIS Pack Vendor :STMicroelectronics X-CUBE-TCPP 4.1.0
2026-06-16 20:19:56,105 [INFO] ThirdParty:1030 - CMSIS Pack Vendor :STMicroelectronics X-CUBE-EEPRMA1 5.2.0
2026-06-16 20:19:56,105 [INFO] ThirdParty:1030 - CMSIS Pack Vendor :STMicroelectronics X-CUBE-IPS 3.0.0
2026-06-16 20:19:56,105 [INFO] ThirdParty:1030 - CMSIS Pack Vendor :STMicroelectronics X-CUBE-AZRTOS-WB 2.0.0
2026-06-16 20:19:56,105 [INFO] ThirdParty:1030 - CMSIS Pack Vendor :STMicroelectronics X-CUBE-GNSS1 7.0.0
2026-06-16 20:19:56,106 [INFO] ThirdParty:1030 - CMSIS Pack Vendor :STMicroelectronics X-CUBE-GNSS1 7.0.1
2026-06-16 20:19:56,106 [INFO] ThirdParty:1030 - CMSIS Pack Vendor :STMicroelectronics X-CUBE-TOUCHGFX 4.25.0
2026-06-16 20:19:56,106 [INFO] ThirdParty:1030 - CMSIS Pack Vendor :STMicroelectronics FP-SNS-STBOX1 2.0.0
2026-06-16 20:19:56,106 [INFO] ThirdParty:1030 - CMSIS Pack Vendor :STMicroelectronics X-CUBE-MEMS1 12.0.0
2026-06-16 20:19:56,106 [INFO] ThirdParty:1030 - CMSIS Pack Vendor :STMicroelectronics X-CUBE-ALGOBUILD 1.3.0
2026-06-16 20:19:56,106 [INFO] ThirdParty:1030 - CMSIS Pack Vendor :STMicroelectronics X-CUBE-STSE01 2.0.0
2026-06-16 20:19:56,106 [INFO] ThirdParty:1030 - CMSIS Pack Vendor :STMicroelectronics X-CUBE-MEMS1 11.2.0
2026-06-16 20:19:56,106 [INFO] ThirdParty:1030 - CMSIS Pack Vendor :STMicroelectronics X-CUBE-AZRTOS-G0 1.1.0
2026-06-16 20:19:56,106 [INFO] ThirdParty:1030 - CMSIS Pack Vendor :STMicroelectronics X-CUBE-SAFEA1 1.2.2
2026-06-16 20:19:56,106 [INFO] ThirdParty:1030 - CMSIS Pack Vendor :STMicroelectronics X-CUBE-NFC4 3.0.0
2026-06-16 20:19:56,106 [INFO] ThirdParty:1030 - CMSIS Pack Vendor :STMicroelectronics X-CUBE-SUBG2 5.0.0
2026-06-16 20:19:56,106 [INFO] ThirdParty:1030 - CMSIS Pack Vendor :STMicroelectronics X-CUBE-AZRTOS-H7RS 1.1.0
2026-06-16 20:19:56,106 [INFO] ThirdParty:1030 - CMSIS Pack Vendor :STMicroelectronics STM32_WPAN 1.0.0
2026-06-16 20:19:56,106 [INFO] ThirdParty:1030 - CMSIS Pack Vendor :EmbeddedOffice I-CUBE-FS-RTOS 1.0.1
2026-06-16 20:19:56,106 [INFO] ThirdParty:1030 - CMSIS Pack Vendor :STMicroelectronics lwIP 2.0.3
2026-06-16 20:19:56,106 [INFO] ThirdParty:1030 - CMSIS Pack Vendor :Cesanta I-CUBE-Mongoose 7.13.0
2026-06-16 20:19:56,106 [INFO] ThirdParty:1030 - CMSIS Pack Vendor :STMicroelectronics USB_HOST 1.0.0
2026-06-16 20:19:56,106 [INFO] ThirdParty:1030 - CMSIS Pack Vendor :STMicroelectronics X-CUBE-AZRTOS-G4 2.0.0
2026-06-16 20:19:56,106 [INFO] ThirdParty:1030 - CMSIS Pack Vendor :STMicroelectronics X-CUBE-WB05N 2.0.0
2026-06-16 20:19:56,106 [INFO] ThirdParty:1030 - CMSIS Pack Vendor :STMicroelectronics PDM2PCM 3.1.0
2026-06-16 20:19:56,106 [INFO] ThirdParty:1030 - CMSIS Pack Vendor :STMicroelectronics X-CUBE-NFC7 2.0.0
2026-06-16 20:19:56,106 [INFO] ThirdParty:1030 - CMSIS Pack Vendor :RealThread X-CUBE-RT-Thread_Nano 4.1.1
2026-06-16 20:19:56,106 [INFO] ThirdParty:1030 - CMSIS Pack Vendor :wolfSSL I-CUBE-wolfSSL 5.7.0
2026-06-16 20:19:56,106 [INFO] ThirdParty:1030 - CMSIS Pack Vendor :STMicroelectronics FP-ATR-SIGFOX1 3.2.0
2026-06-16 20:19:56,106 [INFO] ThirdParty:1030 - CMSIS Pack Vendor :quantropi X-CUBE-qispace-sdk-base 1.9.3
2026-06-16 20:19:56,106 [INFO] ThirdParty:1030 - CMSIS Pack Vendor :STMicroelectronics X-CUBE-ISPU 2.0.0
2026-06-16 20:19:56,106 [INFO] ThirdParty:1030 - CMSIS Pack Vendor :STMicroelectronics X-CUBE-EEPRMA1 5.1.0
2026-06-16 20:19:56,106 [INFO] ThirdParty:1030 - CMSIS Pack Vendor :STMicroelectronics MBEDTLS 2.16.2
2026-06-16 20:19:56,107 [INFO] ThirdParty:1030 - CMSIS Pack Vendor :STMicroelectronics X-CUBE-ALS 1.0.2
2026-06-16 20:19:56,107 [INFO] ThirdParty:1030 - CMSIS Pack Vendor :STMicroelectronics X-CUBE-MEMS1 10.0.0
2026-06-16 20:19:56,107 [INFO] ThirdParty:1030 - CMSIS Pack Vendor :STMicroelectronics X-CUBE-FREERTOS 1.1.0
2026-06-16 20:19:56,107 [INFO] ThirdParty:1030 - CMSIS Pack Vendor :ITTIA_DB I-CUBE-ITTIADB 8.9.0
2026-06-16 20:19:56,107 [INFO] ThirdParty:1030 - CMSIS Pack Vendor :STMicroelectronics X-CUBE-TOUCHGFX 4.24.2
2026-06-16 20:19:56,107 [INFO] ThirdParty:1030 - CMSIS Pack Vendor :STMicroelectronics X-CUBE-TOUCHGFX 4.24.1
2026-06-16 20:19:56,107 [INFO] ThirdParty:1030 - CMSIS Pack Vendor :STMicroelectronics X-CUBE-STSE01 1.0.0
2026-06-16 20:19:56,107 [INFO] ThirdParty:1030 - CMSIS Pack Vendor :wolfSSL I-CUBE-wolfTPM 3.4.0
2026-06-16 20:19:56,107 [INFO] ThirdParty:1030 - CMSIS Pack Vendor :portGmbH I-Cube-SoM-uGOAL 1.1.0
2026-06-16 20:19:56,107 [INFO] ThirdParty:1030 - CMSIS Pack Vendor :STMicroelectronics X-CUBE-ALS 1.0.1
2026-06-16 20:19:56,107 [INFO] ThirdParty:1030 - CMSIS Pack Vendor :STMicroelectronics X-CUBE-NFC6 3.2.0
2026-06-16 20:19:56,107 [INFO] ThirdParty:1030 - CMSIS Pack Vendor :STMicroelectronics X-CUBE-AI 10.2.0
2026-06-16 20:19:56,107 [INFO] ThirdParty:1030 - CMSIS Pack Vendor :STMicroelectronics ThreadX 1.0.0
2026-06-16 20:19:56,107 [INFO] ThirdParty:1030 - CMSIS Pack Vendor :STMicroelectronics X-CUBE-MEMS1 12.1.0
2026-06-16 20:19:56,107 [INFO] ThirdParty:1030 - CMSIS Pack Vendor :SEGGER I-CUBE-embOS 1.3.1
2026-06-16 20:19:56,107 [INFO] ThirdParty:1030 - CMSIS Pack Vendor :STMicroelectronics X-CUBE-ALGOBUILD 1.4.0
2026-06-16 20:19:56,107 [INFO] ThirdParty:1030 - CMSIS Pack Vendor :STMicroelectronics X-CUBE-AZRTOS-H7RS 1.0.0
2026-06-16 20:19:56,107 [INFO] ThirdParty:1030 - CMSIS Pack Vendor :STMicroelectronics FP-ATR-ASTRA1 2.0.0
2026-06-16 20:19:56,107 [INFO] ThirdParty:1030 - CMSIS Pack Vendor :STMicroelectronics X-CUBE-TOF1 3.4.2
2026-06-16 20:19:56,107 [INFO] ThirdParty:1030 - CMSIS Pack Vendor :STMicroelectronics X-CUBE-AI 9.1.0
2026-06-16 20:19:56,107 [INFO] ThirdParty:1030 - CMSIS Pack Vendor :STMicroelectronics X-CUBE-TOF1 3.4.1
2026-06-16 20:19:56,107 [INFO] ThirdParty:1030 - CMSIS Pack Vendor :STMicroelectronics X-CUBE-AZRTOS-H7 3.2.0
2026-06-16 20:19:56,107 [INFO] ThirdParty:1030 - CMSIS Pack Vendor :STMicroelectronics X-CUBE-NFC13 1.0.0
2026-06-16 20:19:56,107 [INFO] ThirdParty:1030 - CMSIS Pack Vendor :Infineon AIROC-Wi-Fi-Bluetooth-STM32 1.6.0
2026-06-16 20:19:56,107 [INFO] ThirdParty:1030 - CMSIS Pack Vendor :wolfSSL I-CUBE-wolfSSH 1.4.17
2026-06-16 20:19:56,108 [INFO] ThirdParty:841 - exiting critical section [change project]
2026-06-16 20:19:56,388 [INFO] PinOutPanel:1561 - setPackage(No Configuration,No Configuration)
2026-06-16 20:19:56,389 [INFO] PinOutPanel:1561 - setPackage(STM32F411CEUx,UFQFPN48)
2026-06-16 20:19:57,143 [INFO] UtilMem:75 - Before build in PCC Used Memory: 738389496 Bytes (1073741824)
2026-06-16 20:19:58,844 [INFO] UtilMem:75 - After build in PCC Used Memory: 777702368 Bytes (1073741824)
2026-06-16 20:19:58,886 [INFO] IPUIPlugin:80 - create IPUIPlugin
2026-06-16 20:19:58,886 [INFO] IPUIPlugin:80 - create IPUIPlugin
2026-06-16 20:19:58,886 [INFO] IPUIPlugin:80 - create IPUIPlugin
2026-06-16 20:19:58,887 [INFO] IPUIPlugin:80 - create IPUIPlugin
2026-06-16 20:19:58,887 [INFO] IPUIPlugin:80 - create IPUIPlugin
2026-06-16 20:19:58,887 [INFO] IPUIPlugin:80 - create IPUIPlugin
2026-06-16 20:19:58,887 [INFO] IPUIPlugin:80 - create IPUIPlugin
2026-06-16 20:19:58,887 [INFO] IPUIPlugin:80 - create IPUIPlugin
2026-06-16 20:19:58,887 [INFO] IPUIPlugin:80 - create IPUIPlugin
2026-06-16 20:19:58,887 [INFO] IPUIPlugin:80 - create IPUIPlugin
2026-06-16 20:19:58,887 [INFO] IPUIPlugin:80 - create IPUIPlugin
2026-06-16 20:19:58,887 [INFO] IPUIPlugin:80 - create IPUIPlugin
2026-06-16 20:19:58,887 [INFO] IPUIPlugin:80 - create IPUIPlugin
2026-06-16 20:19:58,887 [INFO] IPUIPlugin:80 - create IPUIPlugin
2026-06-16 20:19:58,888 [INFO] IPUIPlugin:80 - create IPUIPlugin
2026-06-16 20:19:58,888 [INFO] IPUIPlugin:80 - create IPUIPlugin
2026-06-16 20:19:58,888 [INFO] IPUIPlugin:80 - create IPUIPlugin
2026-06-16 20:19:58,888 [INFO] IPUIPlugin:80 - create IPUIPlugin
2026-06-16 20:19:58,889 [INFO] IPUIPlugin:80 - create IPUIPlugin
2026-06-16 20:19:58,889 [INFO] IPUIPlugin:80 - create IPUIPlugin
2026-06-16 20:19:58,889 [INFO] IPUIPlugin:80 - create IPUIPlugin
2026-06-16 20:19:58,890 [INFO] IPUIPlugin:80 - create IPUIPlugin
2026-06-16 20:19:58,890 [INFO] IPUIPlugin:80 - create IPUIPlugin
2026-06-16 20:19:58,891 [INFO] IPUIPlugin:80 - create IPUIPlugin
2026-06-16 20:19:58,891 [INFO] IPUIPlugin:80 - create IPUIPlugin
2026-06-16 20:19:58,891 [INFO] IPUIPlugin:80 - create IPUIPlugin
2026-06-16 20:19:58,891 [INFO] IPUIPlugin:80 - create IPUIPlugin
2026-06-16 20:19:58,892 [INFO] IPUIPlugin:80 - create IPUIPlugin
2026-06-16 20:19:58,892 [INFO] IPUIPlugin:80 - create IPUIPlugin
2026-06-16 20:19:58,893 [INFO] IPUIPlugin:80 - create IPUIPlugin
2026-06-16 20:19:58,893 [INFO] IPUIPlugin:80 - create IPUIPlugin
2026-06-16 20:19:58,893 [INFO] IPUIPlugin:80 - create IPUIPlugin
2026-06-16 20:19:58,894 [INFO] IPUIPlugin:80 - create IPUIPlugin
2026-06-16 20:19:58,895 [INFO] IPUIPlugin:80 - create IPUIPlugin
2026-06-16 20:19:58,895 [INFO] IPUIPlugin:80 - create IPUIPlugin
2026-06-16 20:19:58,895 [INFO] IPUIPlugin:80 - create IPUIPlugin
2026-06-16 20:19:58,895 [INFO] IPUIPlugin:80 - create IPUIPlugin
2026-06-16 20:19:58,896 [INFO] IPUIPlugin:80 - create IPUIPlugin
2026-06-16 20:19:58,896 [INFO] IPUIPlugin:80 - create IPUIPlugin
2026-06-16 20:19:58,896 [INFO] IPUIPlugin:80 - create IPUIPlugin
2026-06-16 20:19:58,897 [INFO] IPUIPlugin:80 - create IPUIPlugin
2026-06-16 20:19:58,898 [INFO] IPUIPlugin:80 - create IPUIPlugin
2026-06-16 20:19:58,898 [INFO] IPUIPlugin:80 - create IPUIPlugin
2026-06-16 20:19:58,899 [INFO] IPUIPlugin:80 - create IPUIPlugin
2026-06-16 20:19:58,993 [INFO] ApiDbMcu:508 - Load IP Config File for PDM2PCM
2026-06-16 20:19:59,096 [WARN] FreeRTOS:1023 - Null or empty value: should not occur! (nothing added to the table)
2026-06-16 20:19:59,562 [INFO] CADModel:165 - CPN selected for project levelSTM32F411CEU6
2026-06-16 20:19:59,562 [INFO] CADModel:114 - Register for checkConnection events
2026-06-16 20:19:59,564 [INFO] RtosManager:697 - Active RTOS found at IOC load: FREERTOS [Cortex-M4NS]
2026-06-16 20:19:59,617 [INFO] OpenFileManager:343 - Restore cursor
2026-06-16 20:19:59,974 [WARN] IP:2120 - tgfx_framebuffer_stride_value_custom not found: check if there is a RefParameter without a condition.
2026-06-16 20:19:59,980 [WARN] IP:2120 - tgfx_framebuffer_stride_value_custom not found: check if there is a RefParameter without a condition.
2026-06-16 19:02:47,568 [INFO] Gpio:277 - dependency for GPIO [SPI1, SPI2, USART1]
2026-06-16 19:03:45,747 [INFO] UtilMem:75 - End SaveConfig() Used Memory: 744998728 Bytes (1073741824)
2026-06-16 19:03:47,430 [INFO] UtilMem:75 - End SaveConfig() Used Memory: 751133864 Bytes (1073741824)
2026-06-16 19:03:50,508 [INFO] BlockDiagram:2759 - set Specific Code input for plugin: SPI
2026-06-16 19:03:50,510 [INFO] BlockDiagram:2759 - set Specific Code input for plugin: SPI
2026-06-16 19:03:50,510 [INFO] BlockDiagram:2759 - set Specific Code input for plugin: NVIC
2026-06-16 19:03:50,510 [INFO] BlockDiagram:2759 - set Specific Code input for plugin: FREERTOS
2026-06-16 19:03:50,510 [INFO] BlockDiagram:2759 - set Specific Code input for plugin: USART
2026-06-16 19:03:50,510 [INFO] BlockDiagram:2759 - set Specific Code input for plugin: DMA
2026-06-16 19:03:50,510 [INFO] BlockDiagram:2759 - set Specific Code input for plugin: STMicroelectronics.X-CUBE-TOUCHGFX.4.26.0
2026-06-16 19:03:50,510 [INFO] BlockDiagram:2759 - set Specific Code input for plugin: TIM1_8
2026-06-16 19:03:50,510 [INFO] BlockDiagram:2759 - set Specific Code input for plugin: SYS
2026-06-16 19:03:50,510 [INFO] BlockDiagram:2759 - set Specific Code input for plugin: GPIO
2026-06-16 19:03:50,510 [INFO] BlockDiagram:2759 - set Specific Code input for plugin: RCC
2026-06-16 19:03:50,510 [INFO] BlockDiagram:2759 - set Specific Code input for plugin: CRC
2026-06-16 19:03:50,516 [WARN] IP:2120 - tgfx_framebuffer_stride_value_custom not found: check if there is a RefParameter without a condition.
2026-06-16 19:03:50,520 [INFO] CodeGenerator:807 - code generatio: config db path: D:\Documentos\Electronica\Nueva carpeta\STM32CubeIDE_1.15.0\STM32CubeIDE\plugins\com.st.stm32cube.common.mx_6.11.0.202403141607\\db\
2026-06-16 19:03:50,560 [WARN] IP:2120 - tgfx_framebuffer_stride_value_custom not found: check if there is a RefParameter without a condition.
2026-06-16 19:03:50,709 [INFO] IP:3348 - RTE Config file name : RTE_Component
2026-06-16 19:03:50,709 [INFO] IP:3366 - RTE template : RTE_Components.ftl
2026-06-16 19:03:50,906 [INFO] CodeEngine:255 - oldGeneratedFile, C:\git\VehiculoTT\HMITT\MXTmpFiles\license.tmp_save
2026-06-16 19:03:51,756 [INFO] CodeEngine:279 - Generated code: C:\git\VehiculoTT\HMITT\MXTmpFiles\license.tmp
2026-06-16 19:03:52,066 [INFO] CodeEngine:255 - oldGeneratedFile, C:\git\VehiculoTT\HMITT\MXTmpFiles\gpio.tmp_save
2026-06-16 19:03:52,338 [INFO] CodeEngine:279 - Generated code: C:\git\VehiculoTT\HMITT\MXTmpFiles\gpio.tmp
2026-06-16 19:03:53,500 [INFO] Middleware:1439 - No code input for Bsp Dependency
2026-06-16 19:03:53,532 [INFO] CodeEngine:255 - oldGeneratedFile, C:\git\VehiculoTT\HMITT\MXTmpFiles\rtos_inc.tmp_save
2026-06-16 19:03:53,690 [INFO] CodeEngine:279 - Generated code: C:\git\VehiculoTT\HMITT\MXTmpFiles\rtos_inc.tmp
2026-06-16 19:03:53,718 [INFO] CodeEngine:255 - oldGeneratedFile, C:\git\VehiculoTT\HMITT\MXTmpFiles\rtos_kernelInit.tmp_save
2026-06-16 19:03:53,831 [INFO] CodeEngine:279 - Generated code: C:\git\VehiculoTT\HMITT\MXTmpFiles\rtos_kernelInit.tmp
2026-06-16 19:03:53,856 [INFO] CodeEngine:255 - oldGeneratedFile, C:\git\VehiculoTT\HMITT\MXTmpFiles\rtos_kernelStart.tmp_save
2026-06-16 19:03:53,946 [INFO] CodeEngine:279 - Generated code: C:\git\VehiculoTT\HMITT\MXTmpFiles\rtos_kernelStart.tmp
2026-06-16 19:03:53,996 [INFO] CodeEngine:255 - oldGeneratedFile, C:\git\VehiculoTT\HMITT\MXTmpFiles\rtos_typedefs.tmp_save
2026-06-16 19:03:54,070 [INFO] CodeEngine:279 - Generated code: C:\git\VehiculoTT\HMITT\MXTmpFiles\rtos_typedefs.tmp
2026-06-16 19:03:54,125 [INFO] CodeEngine:255 - oldGeneratedFile, C:\git\VehiculoTT\HMITT\MXTmpFiles\rtos_vars.tmp_save
2026-06-16 19:03:54,240 [INFO] CodeEngine:279 - Generated code: C:\git\VehiculoTT\HMITT\MXTmpFiles\rtos_vars.tmp
2026-06-16 19:03:54,274 [INFO] CodeEngine:255 - oldGeneratedFile, C:\git\VehiculoTT\HMITT\MXTmpFiles\rtos_pfp.tmp_save
2026-06-16 19:03:54,361 [INFO] CodeEngine:279 - Generated code: C:\git\VehiculoTT\HMITT\MXTmpFiles\rtos_pfp.tmp
2026-06-16 19:03:54,377 [INFO] CodeEngine:255 - oldGeneratedFile, C:\git\VehiculoTT\HMITT\MXTmpFiles\rtos_obj_creat.tmp_save
2026-06-16 19:03:54,462 [INFO] CodeEngine:279 - Generated code: C:\git\VehiculoTT\HMITT\MXTmpFiles\rtos_obj_creat.tmp
2026-06-16 19:03:54,509 [INFO] CodeEngine:255 - oldGeneratedFile, C:\git\VehiculoTT\HMITT\MXTmpFiles\rtos_default_thread.tmp_save
2026-06-16 19:03:54,589 [INFO] CodeEngine:279 - Generated code: C:\git\VehiculoTT\HMITT\MXTmpFiles\rtos_default_thread.tmp
2026-06-16 19:03:54,606 [INFO] CodeEngine:255 - oldGeneratedFile, C:\git\VehiculoTT\HMITT\MXTmpFiles\rtos_threads.tmp_save
2026-06-16 19:03:54,683 [INFO] CodeEngine:279 - Generated code: C:\git\VehiculoTT\HMITT\MXTmpFiles\rtos_threads.tmp
2026-06-16 19:03:54,698 [INFO] Middleware:1439 - No code input for Bsp Dependency
2026-06-16 19:03:54,699 [INFO] IP:3348 - RTE Config file name : RTE_Component
2026-06-16 19:03:54,699 [INFO] IP:3366 - RTE template : RTE_Components.ftl
2026-06-16 19:03:54,731 [INFO] CodeEngine:255 - oldGeneratedFile, C:\git\VehiculoTT\HMITT\MXTmpFiles\SCB_CleanInvalidateDCache.tmp_save
2026-06-16 19:03:54,804 [INFO] CodeEngine:279 - Generated code: C:\git\VehiculoTT\HMITT\MXTmpFiles\SCB_CleanInvalidateDCache.tmp
2026-06-16 19:03:54,828 [INFO] CodeEngine:255 - oldGeneratedFile, C:\git\VehiculoTT\HMITT\MXTmpFiles\SCB_InvalidateDCache.tmp_save
2026-06-16 19:03:54,898 [INFO] CodeEngine:279 - Generated code: C:\git\VehiculoTT\HMITT\MXTmpFiles\SCB_InvalidateDCache.tmp
2026-06-16 19:03:54,920 [INFO] CodeEngine:255 - oldGeneratedFile, C:\git\VehiculoTT\HMITT\MXTmpFiles\touchgfx_license.tmp_save
2026-06-16 19:03:55,030 [INFO] CodeEngine:279 - Generated code: C:\git\VehiculoTT\HMITT\MXTmpFiles\touchgfx_license.tmp
2026-06-16 19:03:55,046 [INFO] CodeEngine:255 - oldGeneratedFile, C:\git\VehiculoTT\HMITT\MXTmpFiles\touchgfx_gen_license.tmp_save
2026-06-16 19:03:55,126 [INFO] CodeEngine:279 - Generated code: C:\git\VehiculoTT\HMITT\MXTmpFiles\touchgfx_gen_license.tmp
2026-06-16 19:03:55,139 [INFO] CodeEngine:255 - oldGeneratedFile, C:\git\VehiculoTT\HMITT\MXTmpFiles\oswrappers_cmsis.tmp_save
2026-06-16 19:03:55,240 [INFO] CodeEngine:279 - Generated code: C:\git\VehiculoTT\HMITT\MXTmpFiles\oswrappers_cmsis.tmp
2026-06-16 19:03:55,258 [INFO] Middleware:1439 - No code input for Bsp Dependency
2026-06-16 19:03:55,275 [INFO] CodeEngine:255 - oldGeneratedFile, C:\git\VehiculoTT\HMITT\MXTmpFiles\rtos_inc.tmp_save
2026-06-16 19:03:55,354 [INFO] CodeEngine:279 - Generated code: C:\git\VehiculoTT\HMITT\MXTmpFiles\rtos_inc.tmp
2026-06-16 19:03:55,367 [INFO] CodeEngine:255 - oldGeneratedFile, C:\git\VehiculoTT\HMITT\MXTmpFiles\rtos_kernelInit.tmp_save
2026-06-16 19:03:55,433 [INFO] CodeEngine:279 - Generated code: C:\git\VehiculoTT\HMITT\MXTmpFiles\rtos_kernelInit.tmp
2026-06-16 19:03:55,445 [INFO] CodeEngine:255 - oldGeneratedFile, C:\git\VehiculoTT\HMITT\MXTmpFiles\rtos_kernelStart.tmp_save
2026-06-16 19:03:55,509 [INFO] CodeEngine:279 - Generated code: C:\git\VehiculoTT\HMITT\MXTmpFiles\rtos_kernelStart.tmp
2026-06-16 19:03:55,530 [INFO] CodeEngine:255 - oldGeneratedFile, C:\git\VehiculoTT\HMITT\MXTmpFiles\rtos_typedefs.tmp_save
2026-06-16 19:03:55,600 [INFO] CodeEngine:279 - Generated code: C:\git\VehiculoTT\HMITT\MXTmpFiles\rtos_typedefs.tmp
2026-06-16 19:03:55,622 [INFO] CodeEngine:255 - oldGeneratedFile, C:\git\VehiculoTT\HMITT\MXTmpFiles\rtos_vars.tmp_save
2026-06-16 19:03:55,689 [INFO] CodeEngine:279 - Generated code: C:\git\VehiculoTT\HMITT\MXTmpFiles\rtos_vars.tmp
2026-06-16 19:03:55,701 [INFO] CodeEngine:255 - oldGeneratedFile, C:\git\VehiculoTT\HMITT\MXTmpFiles\rtos_pfp.tmp_save
2026-06-16 19:03:55,769 [INFO] CodeEngine:279 - Generated code: C:\git\VehiculoTT\HMITT\MXTmpFiles\rtos_pfp.tmp
2026-06-16 19:03:55,787 [INFO] CodeEngine:255 - oldGeneratedFile, C:\git\VehiculoTT\HMITT\MXTmpFiles\rtos_obj_creat.tmp_save
2026-06-16 19:03:55,858 [INFO] CodeEngine:279 - Generated code: C:\git\VehiculoTT\HMITT\MXTmpFiles\rtos_obj_creat.tmp
2026-06-16 19:03:55,870 [INFO] CodeEngine:255 - oldGeneratedFile, C:\git\VehiculoTT\HMITT\MXTmpFiles\rtos_default_thread.tmp_save
2026-06-16 19:03:55,929 [INFO] CodeEngine:279 - Generated code: C:\git\VehiculoTT\HMITT\MXTmpFiles\rtos_default_thread.tmp
2026-06-16 19:03:55,939 [INFO] CodeEngine:255 - oldGeneratedFile, C:\git\VehiculoTT\HMITT\MXTmpFiles\rtos_threads.tmp_save
2026-06-16 19:03:56,005 [INFO] CodeEngine:279 - Generated code: C:\git\VehiculoTT\HMITT\MXTmpFiles\rtos_threads.tmp
2026-06-16 19:03:56,071 [INFO] CodeEngine:255 - oldGeneratedFile, C:\git\VehiculoTT\HMITT\Core\Inc\FreeRTOSConfig.h_save
2026-06-16 19:03:56,191 [INFO] CodeEngine:279 - Generated code: C:\git\VehiculoTT\HMITT\Core\Inc\FreeRTOSConfig.h
2026-06-16 19:03:56,244 [INFO] CodeEngine:255 - oldGeneratedFile, C:\git\VehiculoTT\HMITT\Core\Src\freertos.c_save
2026-06-16 19:03:56,365 [INFO] CodeEngine:279 - Generated code: C:\git\VehiculoTT\HMITT\Core\Src\freertos.c
2026-06-16 19:03:56,477 [INFO] CodeEngine:255 - oldGeneratedFile, C:\git\VehiculoTT\HMITT\MXTmpFiles\dma.tmp_save
2026-06-16 19:03:56,566 [INFO] CodeEngine:279 - Generated code: C:\git\VehiculoTT\HMITT\MXTmpFiles\dma.tmp
2026-06-16 19:03:56,580 [INFO] CodeEngine:255 - oldGeneratedFile, C:\git\VehiculoTT\HMITT\MXTmpFiles\dma_GV.tmp_save
2026-06-16 19:03:56,643 [INFO] CodeEngine:279 - Generated code: C:\git\VehiculoTT\HMITT\MXTmpFiles\dma_GV.tmp
2026-06-16 19:03:56,657 [INFO] Middleware:1439 - No code input for Bsp Dependency
2026-06-16 19:03:56,657 [INFO] IP:3348 - RTE Config file name : RTE_Component
2026-06-16 19:03:56,657 [INFO] IP:3366 - RTE template : RTE_Components.ftl
2026-06-16 19:03:56,675 [INFO] CodeEngine:255 - oldGeneratedFile, C:\git\VehiculoTT\HMITT\MXTmpFiles\SCB_CleanInvalidateDCache.tmp_save
2026-06-16 19:03:56,740 [INFO] CodeEngine:279 - Generated code: C:\git\VehiculoTT\HMITT\MXTmpFiles\SCB_CleanInvalidateDCache.tmp
2026-06-16 19:03:56,758 [INFO] CodeEngine:255 - oldGeneratedFile, C:\git\VehiculoTT\HMITT\MXTmpFiles\SCB_InvalidateDCache.tmp_save
2026-06-16 19:03:56,832 [INFO] CodeEngine:279 - Generated code: C:\git\VehiculoTT\HMITT\MXTmpFiles\SCB_InvalidateDCache.tmp
2026-06-16 19:03:56,845 [INFO] CodeEngine:255 - oldGeneratedFile, C:\git\VehiculoTT\HMITT\MXTmpFiles\touchgfx_license.tmp_save
2026-06-16 19:03:56,906 [INFO] CodeEngine:279 - Generated code: C:\git\VehiculoTT\HMITT\MXTmpFiles\touchgfx_license.tmp
2026-06-16 19:03:56,922 [INFO] CodeEngine:255 - oldGeneratedFile, C:\git\VehiculoTT\HMITT\MXTmpFiles\touchgfx_gen_license.tmp_save
2026-06-16 19:03:56,980 [INFO] CodeEngine:279 - Generated code: C:\git\VehiculoTT\HMITT\MXTmpFiles\touchgfx_gen_license.tmp
2026-06-16 19:03:57,003 [INFO] CodeEngine:255 - oldGeneratedFile, C:\git\VehiculoTT\HMITT\MXTmpFiles\oswrappers_cmsis.tmp_save
2026-06-16 19:03:57,070 [INFO] CodeEngine:279 - Generated code: C:\git\VehiculoTT\HMITT\MXTmpFiles\oswrappers_cmsis.tmp
2026-06-16 19:03:57,098 [INFO] CodeEngine:255 - oldGeneratedFile, C:\git\VehiculoTT\HMITT\TouchGFX\App\app_touchgfx.h_save
2026-06-16 19:03:57,179 [INFO] CodeEngine:279 - Generated code: C:\git\VehiculoTT\HMITT\TouchGFX\App\app_touchgfx.h
2026-06-16 19:03:57,210 [INFO] CodeEngine:255 - oldGeneratedFile, C:\git\VehiculoTT\HMITT\TouchGFX\ApplicationTemplate.touchgfx.part_save
2026-06-16 19:03:57,306 [INFO] CodeEngine:279 - Generated code: C:\git\VehiculoTT\HMITT\TouchGFX\ApplicationTemplate.touchgfx.part
2026-06-16 19:03:57,339 [INFO] CodeEngine:255 - oldGeneratedFile, C:\git\VehiculoTT\HMITT\TouchGFX\target\generated\TouchGFXConfiguration.cpp_save
2026-06-16 19:03:57,447 [INFO] CodeEngine:279 - Generated code: C:\git\VehiculoTT\HMITT\TouchGFX\target\generated\TouchGFXConfiguration.cpp
2026-06-16 19:03:57,476 [INFO] CodeEngine:255 - oldGeneratedFile, C:\git\VehiculoTT\HMITT\TouchGFX\target\generated\TouchGFXGeneratedHAL.hpp_save
2026-06-16 19:03:57,564 [INFO] CodeEngine:279 - Generated code: C:\git\VehiculoTT\HMITT\TouchGFX\target\generated\TouchGFXGeneratedHAL.hpp
2026-06-16 19:03:57,593 [INFO] CodeEngine:255 - oldGeneratedFile, C:\git\VehiculoTT\HMITT\TouchGFX\target\generated\TouchGFXGeneratedHAL.cpp_save
2026-06-16 19:03:57,710 [INFO] CodeEngine:279 - Generated code: C:\git\VehiculoTT\HMITT\TouchGFX\target\generated\TouchGFXGeneratedHAL.cpp
2026-06-16 19:03:57,743 [INFO] CodeEngine:255 - oldGeneratedFile, C:\git\VehiculoTT\HMITT\TouchGFX\target\TouchGFXHAL.hpp_save
2026-06-16 19:03:57,846 [INFO] CodeEngine:279 - Generated code: C:\git\VehiculoTT\HMITT\TouchGFX\target\TouchGFXHAL.hpp
2026-06-16 19:03:57,876 [INFO] CodeEngine:255 - oldGeneratedFile, C:\git\VehiculoTT\HMITT\TouchGFX\target\TouchGFXHAL.cpp_save
2026-06-16 19:03:57,975 [INFO] CodeEngine:279 - Generated code: C:\git\VehiculoTT\HMITT\TouchGFX\target\TouchGFXHAL.cpp
2026-06-16 19:03:58,007 [INFO] CodeEngine:255 - oldGeneratedFile, C:\git\VehiculoTT\HMITT\TouchGFX\target\STM32TouchController.hpp_save
2026-06-16 19:03:58,079 [INFO] CodeEngine:279 - Generated code: C:\git\VehiculoTT\HMITT\TouchGFX\target\STM32TouchController.hpp
2026-06-16 19:03:58,116 [INFO] CodeEngine:255 - oldGeneratedFile, C:\git\VehiculoTT\HMITT\TouchGFX\target\STM32TouchController.cpp_save
2026-06-16 19:03:58,207 [INFO] CodeEngine:279 - Generated code: C:\git\VehiculoTT\HMITT\TouchGFX\target\STM32TouchController.cpp
2026-06-16 19:03:58,236 [INFO] CodeEngine:255 - oldGeneratedFile, C:\git\VehiculoTT\HMITT\TouchGFX\target\generated\STM32DMA.hpp_save
2026-06-16 19:03:58,310 [INFO] CodeEngine:279 - Generated code: C:\git\VehiculoTT\HMITT\TouchGFX\target\generated\STM32DMA.hpp
2026-06-16 19:03:58,338 [INFO] CodeEngine:255 - oldGeneratedFile, C:\git\VehiculoTT\HMITT\TouchGFX\target\generated\STM32DMA.cpp_save
2026-06-16 19:03:58,410 [INFO] CodeEngine:279 - Generated code: C:\git\VehiculoTT\HMITT\TouchGFX\target\generated\STM32DMA.cpp
2026-06-16 19:03:58,439 [INFO] CodeEngine:255 - oldGeneratedFile, C:\git\VehiculoTT\HMITT\TouchGFX\target\generated\OSWrappers.cpp_save
2026-06-16 19:03:58,528 [INFO] CodeEngine:279 - Generated code: C:\git\VehiculoTT\HMITT\TouchGFX\target\generated\OSWrappers.cpp
2026-06-16 19:03:58,556 [INFO] CodeEngine:255 - oldGeneratedFile, C:\git\VehiculoTT\HMITT\TouchGFX\target\TouchGFXGPIO.cpp_save
2026-06-16 19:03:58,636 [INFO] CodeEngine:279 - Generated code: C:\git\VehiculoTT\HMITT\TouchGFX\target\TouchGFXGPIO.cpp
2026-06-16 19:03:58,663 [INFO] CodeEngine:255 - oldGeneratedFile, C:\git\VehiculoTT\HMITT\TouchGFX\App\app_touchgfx.c_save
2026-06-16 19:03:58,740 [INFO] CodeEngine:279 - Generated code: C:\git\VehiculoTT\HMITT\TouchGFX\App\app_touchgfx.c
2026-06-16 19:03:58,820 [INFO] CodeEngine:255 - oldGeneratedFile, C:\git\VehiculoTT\HMITT\Core\Src\stm32f4xx_it.c_save
2026-06-16 19:03:59,020 [INFO] CodeEngine:279 - Generated code: C:\git\VehiculoTT\HMITT\Core\Src\stm32f4xx_it.c
2026-06-16 19:03:59,080 [INFO] CodeEngine:255 - oldGeneratedFile, C:\git\VehiculoTT\HMITT\Core\Inc\stm32f4xx_it.h_save
2026-06-16 19:03:59,161 [INFO] CodeEngine:279 - Generated code: C:\git\VehiculoTT\HMITT\Core\Inc\stm32f4xx_it.h
2026-06-16 19:03:59,168 [INFO] IP:3348 - RTE Config file name : RTE_Component
2026-06-16 19:03:59,168 [INFO] IP:3366 - RTE template : RTE_Components.ftl
2026-06-16 19:03:59,169 [INFO] CodeGenerator:2119 - Add RTE Code Input 
2026-06-16 19:03:59,244 [INFO] CodeEngine:255 - oldGeneratedFile, C:\git\VehiculoTT\HMITT\Core\Inc\RTE_Components.h_save
2026-06-16 19:03:59,330 [INFO] CodeEngine:279 - Generated code: C:\git\VehiculoTT\HMITT\Core\Inc\RTE_Components.h
2026-06-16 19:03:59,406 [INFO] CodeEngine:255 - oldGeneratedFile, C:\git\VehiculoTT\HMITT\Core\Src\stm32f4xx_hal_msp.c_save
2026-06-16 19:03:59,559 [INFO] CodeEngine:279 - Generated code: C:\git\VehiculoTT\HMITT\Core\Src\stm32f4xx_hal_msp.c
2026-06-16 19:03:59,580 [INFO] CodeEngine:255 - oldGeneratedFile, C:\git\VehiculoTT\HMITT\MXTmpFiles\system.tmp_save
2026-06-16 19:03:59,650 [INFO] CodeEngine:279 - Generated code: C:\git\VehiculoTT\HMITT\MXTmpFiles\system.tmp
2026-06-16 19:03:59,710 [INFO] CodeEngine:255 - oldGeneratedFile, C:\git\VehiculoTT\HMITT\Core\Src\stm32f4xx_hal_timebase_tim.c_save
2026-06-16 19:03:59,807 [INFO] CodeEngine:279 - Generated code: C:\git\VehiculoTT\HMITT\Core\Src\stm32f4xx_hal_timebase_tim.c
2026-06-16 19:03:59,870 [INFO] CodeEngine:311 - oldGeneratedFile, C:\git\VehiculoTT\HMITT\Core\Inc\stm32f4xx_hal_conf.h_save
2026-06-16 19:03:59,986 [INFO] CodeEngine:335 - Generated code: C:\git\VehiculoTT\HMITT\Core\Inc\stm32f4xx_hal_conf.h
2026-06-16 19:04:00,033 [WARN] IPConfigManager:3513 - IP not found : TIM
2026-06-16 19:04:00,035 [WARN] CodeGenerator:3951 - IP not found : null
2026-06-16 19:04:00,075 [INFO] CodeEngine:255 - oldGeneratedFile, C:\git\VehiculoTT\HMITT\Core\Inc\main.h_save
2026-06-16 19:04:00,197 [INFO] CodeEngine:279 - Generated code: C:\git\VehiculoTT\HMITT\Core\Inc\main.h
2026-06-16 19:04:00,250 [INFO] CodeEngine:255 - oldGeneratedFile, C:\git\VehiculoTT\HMITT\Core\Src\main.c_save
2026-06-16 19:04:00,510 [INFO] CodeEngine:279 - Generated code: C:\git\VehiculoTT\HMITT\Core\Src\main.c
2026-06-16 19:04:01,600 [INFO] ProjectBuilder:3163 - Time for Copy HAL[1] : 787mS.
2026-06-16 19:04:01,600 [ERROR] Middleware:2969 - Invalid RefComponent liste
2026-06-16 19:04:01,600 [ERROR] Middleware:2969 - Invalid RefComponent liste
2026-06-16 19:04:01,600 [ERROR] Middleware:2969 - Invalid RefComponent liste
2026-06-16 19:04:01,600 [ERROR] Middleware:2969 - Invalid RefComponent liste
2026-06-16 19:04:01,600 [ERROR] Middleware:2969 - Invalid RefComponent liste
2026-06-16 19:04:01,600 [ERROR] Middleware:2969 - Invalid RefComponent liste
2026-06-16 19:04:01,600 [ERROR] Middleware:2969 - Invalid RefComponent liste
2026-06-16 19:04:01,600 [ERROR] Middleware:2969 - Invalid RefComponent liste
2026-06-16 19:04:01,600 [ERROR] Middleware:2969 - Invalid RefComponent liste
2026-06-16 19:04:01,600 [ERROR] Middleware:2969 - Invalid RefComponent liste
2026-06-16 19:04:01,600 [ERROR] Middleware:2969 - Invalid RefComponent liste
2026-06-16 19:04:01,601 [ERROR] Middleware:2969 - Invalid RefComponent liste
2026-06-16 19:04:01,601 [ERROR] Middleware:2969 - Invalid RefComponent liste
2026-06-16 19:04:01,601 [ERROR] Middleware:2969 - Invalid RefComponent liste
2026-06-16 19:04:01,601 [ERROR] Middleware:2969 - Invalid RefComponent liste
2026-06-16 19:04:01,601 [ERROR] Middleware:2969 - Invalid RefComponent liste
2026-06-16 19:04:01,601 [ERROR] Middleware:2969 - Invalid RefComponent liste
2026-06-16 19:04:01,601 [ERROR] Middleware:2969 - Invalid RefComponent liste
2026-06-16 19:04:01,601 [ERROR] Middleware:2969 - Invalid RefComponent liste
2026-06-16 19:04:01,601 [ERROR] Middleware:2969 - Invalid RefComponent liste
2026-06-16 19:04:01,601 [ERROR] Middleware:2969 - Invalid RefComponent liste
2026-06-16 19:04:01,601 [ERROR] Middleware:2969 - Invalid RefComponent liste
2026-06-16 19:04:01,601 [ERROR] Middleware:2969 - Invalid RefComponent liste
2026-06-16 19:04:01,601 [ERROR] Middleware:2969 - Invalid RefComponent liste
2026-06-16 19:04:01,601 [ERROR] Middleware:2969 - Invalid RefComponent liste
2026-06-16 19:04:01,601 [ERROR] Middleware:2969 - Invalid RefComponent liste
2026-06-16 19:04:01,601 [ERROR] Middleware:2969 - Invalid RefComponent liste
2026-06-16 19:04:01,601 [ERROR] Middleware:2969 - Invalid RefComponent liste
2026-06-16 19:04:01,601 [ERROR] Middleware:2969 - Invalid RefComponent liste
2026-06-16 19:04:01,601 [ERROR] Middleware:2969 - Invalid RefComponent liste
2026-06-16 19:04:01,601 [ERROR] Middleware:2969 - Invalid RefComponent liste
2026-06-16 19:04:01,601 [ERROR] Middleware:2969 - Invalid RefComponent liste
2026-06-16 19:04:01,601 [ERROR] Middleware:2969 - Invalid RefComponent liste
2026-06-16 19:04:01,601 [ERROR] Middleware:2969 - Invalid RefComponent liste
2026-06-16 19:04:01,601 [ERROR] Middleware:2969 - Invalid RefComponent liste
2026-06-16 19:04:01,601 [ERROR] Middleware:2969 - Invalid RefComponent liste
2026-06-16 19:04:01,601 [ERROR] Middleware:2969 - Invalid RefComponent liste
2026-06-16 19:04:01,601 [ERROR] Middleware:2969 - Invalid RefComponent liste
2026-06-16 19:04:01,601 [ERROR] Middleware:2969 - Invalid RefComponent liste
2026-06-16 19:04:01,601 [ERROR] Middleware:2969 - Invalid RefComponent liste
2026-06-16 19:04:01,601 [ERROR] Middleware:2969 - Invalid RefComponent liste
2026-06-16 19:04:01,601 [ERROR] Middleware:2969 - Invalid RefComponent liste
2026-06-16 19:04:01,601 [ERROR] Middleware:2969 - Invalid RefComponent liste
2026-06-16 19:04:01,602 [ERROR] Middleware:2969 - Invalid RefComponent liste
2026-06-16 19:04:01,602 [ERROR] Middleware:2969 - Invalid RefComponent liste
2026-06-16 19:04:01,602 [ERROR] Middleware:2969 - Invalid RefComponent liste
2026-06-16 19:04:01,602 [ERROR] Middleware:2969 - Invalid RefComponent liste
2026-06-16 19:04:01,602 [ERROR] Middleware:2969 - Invalid RefComponent liste
2026-06-16 19:04:01,602 [ERROR] Middleware:2969 - Invalid RefComponent liste
2026-06-16 19:04:01,602 [ERROR] Middleware:2969 - Invalid RefComponent liste
2026-06-16 19:04:01,602 [ERROR] Middleware:2969 - Invalid RefComponent liste
2026-06-16 19:04:01,602 [ERROR] Middleware:2969 - Invalid RefComponent liste
2026-06-16 19:04:01,602 [ERROR] Middleware:2969 - Invalid RefComponent liste
2026-06-16 19:04:01,602 [ERROR] Middleware:2969 - Invalid RefComponent liste
2026-06-16 19:04:01,602 [ERROR] Middleware:2969 - Invalid RefComponent liste
2026-06-16 19:04:01,602 [ERROR] Middleware:2969 - Invalid RefComponent liste
2026-06-16 19:04:01,602 [ERROR] Middleware:2969 - Invalid RefComponent liste
2026-06-16 19:04:01,602 [ERROR] Middleware:2969 - Invalid RefComponent liste
2026-06-16 19:04:01,602 [ERROR] Middleware:2969 - Invalid RefComponent liste
2026-06-16 19:04:01,602 [ERROR] Middleware:2969 - Invalid RefComponent liste
2026-06-16 19:04:01,602 [ERROR] Middleware:2969 - Invalid RefComponent liste
2026-06-16 19:04:01,602 [ERROR] Middleware:2969 - Invalid RefComponent liste
2026-06-16 19:04:01,602 [ERROR] Middleware:2969 - Invalid RefComponent liste
2026-06-16 19:04:01,602 [ERROR] Middleware:2969 - Invalid RefComponent liste
2026-06-16 19:04:01,602 [ERROR] Middleware:2969 - Invalid RefComponent liste
2026-06-16 19:04:01,602 [ERROR] Middleware:2969 - Invalid RefComponent liste
2026-06-16 19:04:01,602 [ERROR] Middleware:2969 - Invalid RefComponent liste
2026-06-16 19:04:01,602 [ERROR] Middleware:2969 - Invalid RefComponent liste
2026-06-16 19:04:01,602 [ERROR] Middleware:2969 - Invalid RefComponent liste
2026-06-16 19:04:01,602 [ERROR] Middleware:2969 - Invalid RefComponent liste
2026-06-16 19:04:01,602 [ERROR] Middleware:2969 - Invalid RefComponent liste
2026-06-16 19:04:01,602 [ERROR] Middleware:2969 - Invalid RefComponent liste
2026-06-16 19:04:01,602 [ERROR] Middleware:2969 - Invalid RefComponent liste
2026-06-16 19:04:01,602 [ERROR] Middleware:2969 - Invalid RefComponent liste
2026-06-16 19:04:01,602 [ERROR] Middleware:2969 - Invalid RefComponent liste
2026-06-16 19:04:01,602 [ERROR] Middleware:2969 - Invalid RefComponent liste
2026-06-16 19:04:01,602 [ERROR] Middleware:2969 - Invalid RefComponent liste
2026-06-16 19:04:01,602 [ERROR] Middleware:2969 - Invalid RefComponent liste
2026-06-16 19:04:01,602 [ERROR] Middleware:2969 - Invalid RefComponent liste
2026-06-16 19:04:01,602 [ERROR] Middleware:2969 - Invalid RefComponent liste
2026-06-16 19:04:01,602 [ERROR] Middleware:2969 - Invalid RefComponent liste
2026-06-16 19:04:01,603 [ERROR] Middleware:2969 - Invalid RefComponent liste
2026-06-16 19:04:01,603 [ERROR] Middleware:2969 - Invalid RefComponent liste
2026-06-16 19:04:01,603 [ERROR] Middleware:2969 - Invalid RefComponent liste
2026-06-16 19:04:01,603 [ERROR] Middleware:2969 - Invalid RefComponent liste
2026-06-16 19:04:01,603 [ERROR] Middleware:2969 - Invalid RefComponent liste
2026-06-16 19:04:01,603 [ERROR] Middleware:2969 - Invalid RefComponent liste
2026-06-16 19:04:01,603 [ERROR] Middleware:2969 - Invalid RefComponent liste
2026-06-16 19:04:01,603 [ERROR] Middleware:2969 - Invalid RefComponent liste
2026-06-16 19:04:01,603 [ERROR] Middleware:2969 - Invalid RefComponent liste
2026-06-16 19:04:01,603 [ERROR] Middleware:2969 - Invalid RefComponent liste
2026-06-16 19:04:01,603 [ERROR] Middleware:2969 - Invalid RefComponent liste
2026-06-16 19:04:01,603 [ERROR] Middleware:2969 - Invalid RefComponent liste
2026-06-16 19:04:01,603 [ERROR] Middleware:2969 - Invalid RefComponent liste
2026-06-16 19:04:01,603 [ERROR] Middleware:2969 - Invalid RefComponent liste
2026-06-16 19:04:01,603 [ERROR] Middleware:2969 - Invalid RefComponent liste
2026-06-16 19:04:01,603 [ERROR] Middleware:2969 - Invalid RefComponent liste
2026-06-16 19:04:01,603 [ERROR] Middleware:2969 - Invalid RefComponent liste
2026-06-16 19:04:01,603 [ERROR] Middleware:2969 - Invalid RefComponent liste
2026-06-16 19:04:01,603 [ERROR] Middleware:2969 - Invalid RefComponent liste
2026-06-16 19:04:01,603 [ERROR] Middleware:2969 - Invalid RefComponent liste
2026-06-16 19:04:01,603 [ERROR] Middleware:2969 - Invalid RefComponent liste
2026-06-16 19:04:01,632 [INFO] ProjectBuilder:4736 - Project Generator version: 4.3.0-B58
2026-06-16 19:04:01,771 [INFO] ConfigFileManager:1503 - The Die is : DIE431
2026-06-16 19:04:01,860 [INFO] ApiDbMcu:508 - Load IP Config File for FATFS
2026-06-16 19:04:01,880 [INFO] ApiDbMcu:508 - Load IP Config File for LIBJPEG
2026-06-16 19:04:01,907 [INFO] ApiDbMcu:508 - Load IP Config File for MBEDTLS
2026-06-16 19:04:01,950 [INFO] ApiDbMcu:508 - Load IP Config File for USB_DEVICE
2026-06-16 19:04:01,968 [INFO] ApiDbMcu:508 - Load IP Config File for USB_HOST
2026-06-16 19:04:03,090 [INFO] LogOutputStream:77 - [STDOUT_REDIRECT] 
2026-06-16 19:04:07,680 [INFO] ProjectBuilder:5002 - Time for Generating toolchain IDE Files: 6049mS.
2026-06-16 19:04:07,682 [INFO] ProjectBuilder:3034 - Time for Copy CMSIS : 2mS.
2026-06-16 19:04:07,850 [INFO] ProjectBuilder:3034 - Time for Copy CMSIS : 0mS.
2026-06-16 19:09:13,748 [INFO] UtilMem:75 - End SaveConfig() Used Memory: 789187424 Bytes (1073741824)
2026-06-16 19:09:14,719 [INFO] UtilMem:75 - End SaveConfig() Used Memory: 891573800 Bytes (1073741824)
2026-06-16 19:09:15,791 [INFO] BlockDiagram:2759 - set Specific Code input for plugin: SPI
2026-06-16 19:09:15,791 [INFO] BlockDiagram:2759 - set Specific Code input for plugin: SPI
2026-06-16 19:09:15,791 [INFO] BlockDiagram:2759 - set Specific Code input for plugin: NVIC
2026-06-16 19:09:15,791 [INFO] BlockDiagram:2759 - set Specific Code input for plugin: FREERTOS
2026-06-16 19:09:15,791 [INFO] BlockDiagram:2759 - set Specific Code input for plugin: USART
2026-06-16 19:09:15,791 [INFO] BlockDiagram:2759 - set Specific Code input for plugin: DMA
2026-06-16 19:09:15,791 [INFO] BlockDiagram:2759 - set Specific Code input for plugin: STMicroelectronics.X-CUBE-TOUCHGFX.4.26.0
2026-06-16 19:09:15,791 [INFO] BlockDiagram:2759 - set Specific Code input for plugin: TIM1_8
2026-06-16 19:09:15,791 [INFO] BlockDiagram:2759 - set Specific Code input for plugin: SYS
2026-06-16 19:09:15,791 [INFO] BlockDiagram:2759 - set Specific Code input for plugin: GPIO
2026-06-16 19:09:15,791 [INFO] BlockDiagram:2759 - set Specific Code input for plugin: RCC
2026-06-16 19:09:15,791 [INFO] BlockDiagram:2759 - set Specific Code input for plugin: CRC
2026-06-16 19:09:15,792 [WARN] IP:2120 - tgfx_framebuffer_stride_value_custom not found: check if there is a RefParameter without a condition.
2026-06-16 19:09:15,797 [INFO] CodeGenerator:807 - code generatio: config db path: D:\Documentos\Electronica\Nueva carpeta\STM32CubeIDE_1.15.0\STM32CubeIDE\plugins\com.st.stm32cube.common.mx_6.11.0.202403141607\\db\
2026-06-16 19:09:15,809 [INFO] Argument:325 - Argument : hdmavalue: null
2026-06-16 19:09:15,809 [INFO] Argument:327 - 	 sub Args: 
2026-06-16 19:09:15,809 [INFO] Argument:325 - Argument : Instancevalue: DMA2_Stream2
2026-06-16 19:09:15,809 [INFO] Argument:335 - Argument : Instancevalue: DMA2_Stream2
2026-06-16 19:09:15,809 [INFO] Argument:325 - Argument : Initvalue: null
2026-06-16 19:09:15,809 [INFO] Argument:327 - 	 sub Args: 
2026-06-16 19:09:15,809 [INFO] Argument:325 - Argument : Channelvalue: DMA_CHANNEL_2
2026-06-16 19:09:15,809 [INFO] Argument:335 - Argument : Channelvalue: DMA_CHANNEL_2
2026-06-16 19:09:15,809 [INFO] Argument:325 - Argument : Directionvalue: DMA_MEMORY_TO_PERIPH
2026-06-16 19:09:15,809 [INFO] Argument:335 - Argument : Directionvalue: DMA_MEMORY_TO_PERIPH
2026-06-16 19:09:15,809 [INFO] Argument:325 - Argument : PeriphIncvalue: DMA_PINC_DISABLE
2026-06-16 19:09:15,809 [INFO] Argument:335 - Argument : PeriphIncvalue: DMA_PINC_DISABLE
2026-06-16 19:09:15,809 [INFO] Argument:325 - Argument : MemIncvalue: DMA_MINC_ENABLE
2026-06-16 19:09:15,809 [INFO] Argument:335 - Argument : MemIncvalue: DMA_MINC_ENABLE
2026-06-16 19:09:15,809 [INFO] Argument:325 - Argument : PeriphDataAlignmentvalue: DMA_PDATAALIGN_BYTE
2026-06-16 19:09:15,809 [INFO] Argument:335 - Argument : PeriphDataAlignmentvalue: DMA_PDATAALIGN_BYTE
2026-06-16 19:09:15,809 [INFO] Argument:325 - Argument : MemDataAlignmentvalue: DMA_MDATAALIGN_BYTE
2026-06-16 19:09:15,809 [INFO] Argument:335 - Argument : MemDataAlignmentvalue: DMA_MDATAALIGN_BYTE
2026-06-16 19:09:15,809 [INFO] Argument:325 - Argument : Modevalue: DMA_NORMAL
2026-06-16 19:09:15,809 [INFO] Argument:335 - Argument : Modevalue: DMA_NORMAL
2026-06-16 19:09:15,809 [INFO] Argument:325 - Argument : Priorityvalue: DMA_PRIORITY_LOW
2026-06-16 19:09:15,809 [INFO] Argument:335 - Argument : Priorityvalue: DMA_PRIORITY_LOW
2026-06-16 19:09:15,809 [INFO] Argument:325 - Argument : FIFOModevalue: DMA_FIFOMODE_ENABLE
2026-06-16 19:09:15,809 [INFO] Argument:335 - Argument : FIFOModevalue: DMA_FIFOMODE_ENABLE
2026-06-16 19:09:15,809 [INFO] Argument:325 - Argument : FIFOThresholdvalue: DMA_FIFO_THRESHOLD_FULL
2026-06-16 19:09:15,809 [INFO] Argument:335 - Argument : FIFOThresholdvalue: DMA_FIFO_THRESHOLD_FULL
2026-06-16 19:09:15,809 [INFO] Argument:325 - Argument : MemBurstvalue: DMA_MBURST_SINGLE
2026-06-16 19:09:15,809 [INFO] Argument:335 - Argument : MemBurstvalue: DMA_MBURST_SINGLE
2026-06-16 19:09:15,809 [INFO] Argument:325 - Argument : PeriphBurstvalue: DMA_PBURST_SINGLE
2026-06-16 19:09:15,809 [INFO] Argument:335 - Argument : PeriphBurstvalue: DMA_PBURST_SINGLE
2026-06-16 19:09:15,809 [INFO] Argument:325 - Argument : Lockvalue: null
2026-06-16 19:09:15,809 [INFO] Argument:335 - Argument : Lockvalue: null
2026-06-16 19:09:15,809 [INFO] Argument:325 - Argument : Statevalue: null
2026-06-16 19:09:15,809 [INFO] Argument:335 - Argument : Statevalue: null
2026-06-16 19:09:15,810 [INFO] Argument:325 - Argument : Parentvalue: null
2026-06-16 19:09:15,810 [INFO] Argument:335 - Argument : Parentvalue: null
2026-06-16 19:09:15,810 [INFO] Argument:325 - Argument : XferCpltCallbackvalue: null
2026-06-16 19:09:15,810 [INFO] Argument:335 - Argument : XferCpltCallbackvalue: null
2026-06-16 19:09:15,810 [INFO] Argument:325 - Argument : XferHalfCpltCallbackvalue: null
2026-06-16 19:09:15,810 [INFO] Argument:335 - Argument : XferHalfCpltCallbackvalue: null
2026-06-16 19:09:15,810 [INFO] Argument:325 - Argument : XferM1CpltCallbackvalue: null
2026-06-16 19:09:15,810 [INFO] Argument:335 - Argument : XferM1CpltCallbackvalue: null
2026-06-16 19:09:15,810 [INFO] Argument:325 - Argument : XferErrorCallbackvalue: null
2026-06-16 19:09:15,810 [INFO] Argument:335 - Argument : XferErrorCallbackvalue: null
2026-06-16 19:09:15,810 [INFO] Argument:325 - Argument : ErrorCodevalue: null
2026-06-16 19:09:15,810 [INFO] Argument:335 - Argument : ErrorCodevalue: null
2026-06-16 19:09:15,813 [WARN] IP:2120 - tgfx_framebuffer_stride_value_custom not found: check if there is a RefParameter without a condition.
2026-06-16 19:09:15,823 [INFO] Argument:325 - Argument : hdmavalue: null
2026-06-16 19:09:15,823 [INFO] Argument:327 - 	 sub Args: 
2026-06-16 19:09:15,823 [INFO] Argument:325 - Argument : Instancevalue: DMA2_Stream5
2026-06-16 19:09:15,823 [INFO] Argument:335 - Argument : Instancevalue: DMA2_Stream5
2026-06-16 19:09:15,823 [INFO] Argument:325 - Argument : Initvalue: null
2026-06-16 19:09:15,823 [INFO] Argument:327 - 	 sub Args: 
2026-06-16 19:09:15,823 [INFO] Argument:325 - Argument : Channelvalue: DMA_CHANNEL_4
2026-06-16 19:09:15,823 [INFO] Argument:335 - Argument : Channelvalue: DMA_CHANNEL_4
2026-06-16 19:09:15,823 [INFO] Argument:325 - Argument : Directionvalue: DMA_PERIPH_TO_MEMORY
2026-06-16 19:09:15,823 [INFO] Argument:335 - Argument : Directionvalue: DMA_PERIPH_TO_MEMORY
2026-06-16 19:09:15,823 [INFO] Argument:325 - Argument : PeriphIncvalue: DMA_PINC_DISABLE
2026-06-16 19:09:15,823 [INFO] Argument:335 - Argument : PeriphIncvalue: DMA_PINC_DISABLE
2026-06-16 19:09:15,823 [INFO] Argument:325 - Argument : MemIncvalue: DMA_MINC_ENABLE
2026-06-16 19:09:15,823 [INFO] Argument:335 - Argument : MemIncvalue: DMA_MINC_ENABLE
2026-06-16 19:09:15,823 [INFO] Argument:325 - Argument : PeriphDataAlignmentvalue: DMA_PDATAALIGN_BYTE
2026-06-16 19:09:15,823 [INFO] Argument:335 - Argument : PeriphDataAlignmentvalue: DMA_PDATAALIGN_BYTE
2026-06-16 19:09:15,823 [INFO] Argument:325 - Argument : MemDataAlignmentvalue: DMA_MDATAALIGN_BYTE
2026-06-16 19:09:15,823 [INFO] Argument:335 - Argument : MemDataAlignmentvalue: DMA_MDATAALIGN_BYTE
2026-06-16 19:09:15,823 [INFO] Argument:325 - Argument : Modevalue: DMA_CIRCULAR
2026-06-16 19:09:15,823 [INFO] Argument:335 - Argument : Modevalue: DMA_CIRCULAR
2026-06-16 19:09:15,823 [INFO] Argument:325 - Argument : Priorityvalue: DMA_PRIORITY_LOW
2026-06-16 19:09:15,823 [INFO] Argument:335 - Argument : Priorityvalue: DMA_PRIORITY_LOW
2026-06-16 19:09:15,823 [INFO] Argument:325 - Argument : FIFOModevalue: DMA_FIFOMODE_DISABLE
2026-06-16 19:09:15,823 [INFO] Argument:335 - Argument : FIFOModevalue: DMA_FIFOMODE_DISABLE
2026-06-16 19:09:15,823 [INFO] Argument:325 - Argument : FIFOThresholdvalue: null
2026-06-16 19:09:15,823 [INFO] Argument:335 - Argument : FIFOThresholdvalue: null
2026-06-16 19:09:15,823 [INFO] Argument:325 - Argument : MemBurstvalue: null
2026-06-16 19:09:15,823 [INFO] Argument:335 - Argument : MemBurstvalue: null
2026-06-16 19:09:15,823 [INFO] Argument:325 - Argument : PeriphBurstvalue: null
2026-06-16 19:09:15,823 [INFO] Argument:335 - Argument : PeriphBurstvalue: null
2026-06-16 19:09:15,823 [INFO] Argument:325 - Argument : Lockvalue: null
2026-06-16 19:09:15,823 [INFO] Argument:335 - Argument : Lockvalue: null
2026-06-16 19:09:15,823 [INFO] Argument:325 - Argument : Statevalue: null
2026-06-16 19:09:15,823 [INFO] Argument:335 - Argument : Statevalue: null
2026-06-16 19:09:15,823 [INFO] Argument:325 - Argument : Parentvalue: null
2026-06-16 19:09:15,824 [INFO] Argument:335 - Argument : Parentvalue: null
2026-06-16 19:09:15,824 [INFO] Argument:325 - Argument : XferCpltCallbackvalue: null
2026-06-16 19:09:15,824 [INFO] Argument:335 - Argument : XferCpltCallbackvalue: null
2026-06-16 19:09:15,824 [INFO] Argument:325 - Argument : XferHalfCpltCallbackvalue: null
2026-06-16 19:09:15,824 [INFO] Argument:335 - Argument : XferHalfCpltCallbackvalue: null
2026-06-16 19:09:15,824 [INFO] Argument:325 - Argument : XferM1CpltCallbackvalue: null
2026-06-16 19:09:15,824 [INFO] Argument:335 - Argument : XferM1CpltCallbackvalue: null
2026-06-16 19:09:15,824 [INFO] Argument:325 - Argument : XferErrorCallbackvalue: null
2026-06-16 19:09:15,824 [INFO] Argument:335 - Argument : XferErrorCallbackvalue: null
2026-06-16 19:09:15,824 [INFO] Argument:325 - Argument : ErrorCodevalue: null
2026-06-16 19:09:15,824 [INFO] Argument:335 - Argument : ErrorCodevalue: null
2026-06-16 19:09:15,824 [INFO] Argument:325 - Argument : hdmavalue: null
2026-06-16 19:09:15,824 [INFO] Argument:327 - 	 sub Args: 
2026-06-16 19:09:15,824 [INFO] Argument:325 - Argument : Instancevalue: DMA2_Stream7
2026-06-16 19:09:15,824 [INFO] Argument:335 - Argument : Instancevalue: DMA2_Stream7
2026-06-16 19:09:15,824 [INFO] Argument:325 - Argument : Initvalue: null
2026-06-16 19:09:15,824 [INFO] Argument:327 - 	 sub Args: 
2026-06-16 19:09:15,824 [INFO] Argument:325 - Argument : Channelvalue: DMA_CHANNEL_4
2026-06-16 19:09:15,824 [INFO] Argument:335 - Argument : Channelvalue: DMA_CHANNEL_4
2026-06-16 19:09:15,824 [INFO] Argument:325 - Argument : Directionvalue: DMA_MEMORY_TO_PERIPH
2026-06-16 19:09:15,824 [INFO] Argument:335 - Argument : Directionvalue: DMA_MEMORY_TO_PERIPH
2026-06-16 19:09:15,824 [INFO] Argument:325 - Argument : PeriphIncvalue: DMA_PINC_DISABLE
2026-06-16 19:09:15,824 [INFO] Argument:335 - Argument : PeriphIncvalue: DMA_PINC_DISABLE
2026-06-16 19:09:15,824 [INFO] Argument:325 - Argument : MemIncvalue: DMA_MINC_ENABLE
2026-06-16 19:09:15,824 [INFO] Argument:335 - Argument : MemIncvalue: DMA_MINC_ENABLE
2026-06-16 19:09:15,824 [INFO] Argument:325 - Argument : PeriphDataAlignmentvalue: DMA_PDATAALIGN_BYTE
2026-06-16 19:09:15,824 [INFO] Argument:335 - Argument : PeriphDataAlignmentvalue: DMA_PDATAALIGN_BYTE
2026-06-16 19:09:15,824 [INFO] Argument:325 - Argument : MemDataAlignmentvalue: DMA_MDATAALIGN_BYTE
2026-06-16 19:09:15,824 [INFO] Argument:335 - Argument : MemDataAlignmentvalue: DMA_MDATAALIGN_BYTE
2026-06-16 19:09:15,824 [INFO] Argument:325 - Argument : Modevalue: DMA_NORMAL
2026-06-16 19:09:15,825 [INFO] Argument:335 - Argument : Modevalue: DMA_NORMAL
2026-06-16 19:09:15,825 [INFO] Argument:325 - Argument : Priorityvalue: DMA_PRIORITY_LOW
2026-06-16 19:09:15,825 [INFO] Argument:335 - Argument : Priorityvalue: DMA_PRIORITY_LOW
2026-06-16 19:09:15,825 [INFO] Argument:325 - Argument : FIFOModevalue: DMA_FIFOMODE_DISABLE
2026-06-16 19:09:15,825 [INFO] Argument:335 - Argument : FIFOModevalue: DMA_FIFOMODE_DISABLE
2026-06-16 19:09:15,825 [INFO] Argument:325 - Argument : FIFOThresholdvalue: null
2026-06-16 19:09:15,825 [INFO] Argument:335 - Argument : FIFOThresholdvalue: null
2026-06-16 19:09:15,825 [INFO] Argument:325 - Argument : MemBurstvalue: null
2026-06-16 19:09:15,825 [INFO] Argument:335 - Argument : MemBurstvalue: null
2026-06-16 19:09:15,825 [INFO] Argument:325 - Argument : PeriphBurstvalue: null
2026-06-16 19:09:15,825 [INFO] Argument:335 - Argument : PeriphBurstvalue: null
2026-06-16 19:09:15,825 [INFO] Argument:325 - Argument : Lockvalue: null
2026-06-16 19:09:15,825 [INFO] Argument:335 - Argument : Lockvalue: null
2026-06-16 19:09:15,825 [INFO] Argument:325 - Argument : Statevalue: null
2026-06-16 19:09:15,825 [INFO] Argument:335 - Argument : Statevalue: null
2026-06-16 19:09:15,825 [INFO] Argument:325 - Argument : Parentvalue: null
2026-06-16 19:09:15,825 [INFO] Argument:335 - Argument : Parentvalue: null
2026-06-16 19:09:15,825 [INFO] Argument:325 - Argument : XferCpltCallbackvalue: null
2026-06-16 19:09:15,825 [INFO] Argument:335 - Argument : XferCpltCallbackvalue: null
2026-06-16 19:09:15,825 [INFO] Argument:325 - Argument : XferHalfCpltCallbackvalue: null
2026-06-16 19:09:15,825 [INFO] Argument:335 - Argument : XferHalfCpltCallbackvalue: null
2026-06-16 19:09:15,825 [INFO] Argument:325 - Argument : XferM1CpltCallbackvalue: null
2026-06-16 19:09:15,825 [INFO] Argument:335 - Argument : XferM1CpltCallbackvalue: null
2026-06-16 19:09:15,825 [INFO] Argument:325 - Argument : XferErrorCallbackvalue: null
2026-06-16 19:09:15,825 [INFO] Argument:335 - Argument : XferErrorCallbackvalue: null
2026-06-16 19:09:15,825 [INFO] Argument:325 - Argument : ErrorCodevalue: null
2026-06-16 19:09:15,825 [INFO] Argument:335 - Argument : ErrorCodevalue: null
2026-06-16 19:09:15,880 [INFO] IP:3348 - RTE Config file name : RTE_Component
2026-06-16 19:09:15,880 [INFO] IP:3366 - RTE template : RTE_Components.ftl
2026-06-16 19:09:15,890 [INFO] CodeEngine:255 - oldGeneratedFile, C:\git\VehiculoTT\HMITT\MXTmpFiles\license.tmp_save
2026-06-16 19:09:16,015 [INFO] CodeEngine:279 - Generated code: C:\git\VehiculoTT\HMITT\MXTmpFiles\license.tmp
2026-06-16 19:09:16,085 [INFO] CodeEngine:255 - oldGeneratedFile, C:\git\VehiculoTT\HMITT\MXTmpFiles\gpio.tmp_save
2026-06-16 19:09:16,231 [INFO] CodeEngine:279 - Generated code: C:\git\VehiculoTT\HMITT\MXTmpFiles\gpio.tmp
2026-06-16 19:09:16,669 [INFO] Middleware:1439 - No code input for Bsp Dependency
2026-06-16 19:09:16,681 [INFO] CodeEngine:255 - oldGeneratedFile, C:\git\VehiculoTT\HMITT\MXTmpFiles\rtos_inc.tmp_save
2026-06-16 19:09:16,759 [INFO] CodeEngine:279 - Generated code: C:\git\VehiculoTT\HMITT\MXTmpFiles\rtos_inc.tmp
2026-06-16 19:09:16,767 [INFO] CodeEngine:255 - oldGeneratedFile, C:\git\VehiculoTT\HMITT\MXTmpFiles\rtos_kernelInit.tmp_save
2026-06-16 19:09:16,825 [INFO] CodeEngine:279 - Generated code: C:\git\VehiculoTT\HMITT\MXTmpFiles\rtos_kernelInit.tmp
2026-06-16 19:09:16,834 [INFO] CodeEngine:255 - oldGeneratedFile, C:\git\VehiculoTT\HMITT\MXTmpFiles\rtos_kernelStart.tmp_save
2026-06-16 19:09:16,892 [INFO] CodeEngine:279 - Generated code: C:\git\VehiculoTT\HMITT\MXTmpFiles\rtos_kernelStart.tmp
2026-06-16 19:09:16,900 [INFO] CodeEngine:255 - oldGeneratedFile, C:\git\VehiculoTT\HMITT\MXTmpFiles\rtos_typedefs.tmp_save
2026-06-16 19:09:16,956 [INFO] CodeEngine:279 - Generated code: C:\git\VehiculoTT\HMITT\MXTmpFiles\rtos_typedefs.tmp
2026-06-16 19:09:16,963 [INFO] CodeEngine:255 - oldGeneratedFile, C:\git\VehiculoTT\HMITT\MXTmpFiles\rtos_vars.tmp_save
2026-06-16 19:09:17,034 [INFO] CodeEngine:279 - Generated code: C:\git\VehiculoTT\HMITT\MXTmpFiles\rtos_vars.tmp
2026-06-16 19:09:17,042 [INFO] CodeEngine:255 - oldGeneratedFile, C:\git\VehiculoTT\HMITT\MXTmpFiles\rtos_pfp.tmp_save
2026-06-16 19:09:17,103 [INFO] CodeEngine:279 - Generated code: C:\git\VehiculoTT\HMITT\MXTmpFiles\rtos_pfp.tmp
2026-06-16 19:09:17,109 [INFO] CodeEngine:255 - oldGeneratedFile, C:\git\VehiculoTT\HMITT\MXTmpFiles\rtos_obj_creat.tmp_save
2026-06-16 19:09:17,172 [INFO] CodeEngine:279 - Generated code: C:\git\VehiculoTT\HMITT\MXTmpFiles\rtos_obj_creat.tmp
2026-06-16 19:09:17,180 [INFO] CodeEngine:255 - oldGeneratedFile, C:\git\VehiculoTT\HMITT\MXTmpFiles\rtos_default_thread.tmp_save
2026-06-16 19:09:17,232 [INFO] CodeEngine:279 - Generated code: C:\git\VehiculoTT\HMITT\MXTmpFiles\rtos_default_thread.tmp
2026-06-16 19:09:17,240 [INFO] CodeEngine:255 - oldGeneratedFile, C:\git\VehiculoTT\HMITT\MXTmpFiles\rtos_threads.tmp_save
2026-06-16 19:09:17,293 [INFO] CodeEngine:279 - Generated code: C:\git\VehiculoTT\HMITT\MXTmpFiles\rtos_threads.tmp
2026-06-16 19:09:17,302 [INFO] Middleware:1439 - No code input for Bsp Dependency
2026-06-16 19:09:17,302 [INFO] IP:3348 - RTE Config file name : RTE_Component
2026-06-16 19:09:17,302 [INFO] IP:3366 - RTE template : RTE_Components.ftl
2026-06-16 19:09:17,314 [INFO] CodeEngine:255 - oldGeneratedFile, C:\git\VehiculoTT\HMITT\MXTmpFiles\SCB_CleanInvalidateDCache.tmp_save
2026-06-16 19:09:17,376 [INFO] CodeEngine:279 - Generated code: C:\git\VehiculoTT\HMITT\MXTmpFiles\SCB_CleanInvalidateDCache.tmp
2026-06-16 19:09:17,384 [INFO] CodeEngine:255 - oldGeneratedFile, C:\git\VehiculoTT\HMITT\MXTmpFiles\SCB_InvalidateDCache.tmp_save
2026-06-16 19:09:17,434 [INFO] CodeEngine:279 - Generated code: C:\git\VehiculoTT\HMITT\MXTmpFiles\SCB_InvalidateDCache.tmp
2026-06-16 19:09:17,442 [INFO] CodeEngine:255 - oldGeneratedFile, C:\git\VehiculoTT\HMITT\MXTmpFiles\touchgfx_license.tmp_save
2026-06-16 19:09:17,498 [INFO] CodeEngine:279 - Generated code: C:\git\VehiculoTT\HMITT\MXTmpFiles\touchgfx_license.tmp
2026-06-16 19:09:17,506 [INFO] CodeEngine:255 - oldGeneratedFile, C:\git\VehiculoTT\HMITT\MXTmpFiles\touchgfx_gen_license.tmp_save
2026-06-16 19:09:17,561 [INFO] CodeEngine:279 - Generated code: C:\git\VehiculoTT\HMITT\MXTmpFiles\touchgfx_gen_license.tmp
2026-06-16 19:09:17,569 [INFO] CodeEngine:255 - oldGeneratedFile, C:\git\VehiculoTT\HMITT\MXTmpFiles\oswrappers_cmsis.tmp_save
2026-06-16 19:09:17,631 [INFO] CodeEngine:279 - Generated code: C:\git\VehiculoTT\HMITT\MXTmpFiles\oswrappers_cmsis.tmp
2026-06-16 19:09:17,642 [INFO] Middleware:1439 - No code input for Bsp Dependency
2026-06-16 19:09:17,655 [INFO] CodeEngine:255 - oldGeneratedFile, C:\git\VehiculoTT\HMITT\MXTmpFiles\rtos_inc.tmp_save
2026-06-16 19:09:17,716 [INFO] CodeEngine:279 - Generated code: C:\git\VehiculoTT\HMITT\MXTmpFiles\rtos_inc.tmp
2026-06-16 19:09:17,725 [INFO] CodeEngine:255 - oldGeneratedFile, C:\git\VehiculoTT\HMITT\MXTmpFiles\rtos_kernelInit.tmp_save
2026-06-16 19:09:17,782 [INFO] CodeEngine:279 - Generated code: C:\git\VehiculoTT\HMITT\MXTmpFiles\rtos_kernelInit.tmp
2026-06-16 19:09:17,792 [INFO] CodeEngine:255 - oldGeneratedFile, C:\git\VehiculoTT\HMITT\MXTmpFiles\rtos_kernelStart.tmp_save
2026-06-16 19:09:17,846 [INFO] CodeEngine:279 - Generated code: C:\git\VehiculoTT\HMITT\MXTmpFiles\rtos_kernelStart.tmp
2026-06-16 19:09:17,857 [INFO] CodeEngine:255 - oldGeneratedFile, C:\git\VehiculoTT\HMITT\MXTmpFiles\rtos_typedefs.tmp_save
2026-06-16 19:09:17,913 [INFO] CodeEngine:279 - Generated code: C:\git\VehiculoTT\HMITT\MXTmpFiles\rtos_typedefs.tmp
2026-06-16 19:09:17,937 [INFO] CodeEngine:255 - oldGeneratedFile, C:\git\VehiculoTT\HMITT\MXTmpFiles\rtos_vars.tmp_save
2026-06-16 19:09:17,994 [INFO] CodeEngine:279 - Generated code: C:\git\VehiculoTT\HMITT\MXTmpFiles\rtos_vars.tmp
2026-06-16 19:09:18,004 [INFO] CodeEngine:255 - oldGeneratedFile, C:\git\VehiculoTT\HMITT\MXTmpFiles\rtos_pfp.tmp_save
2026-06-16 19:09:18,060 [INFO] CodeEngine:279 - Generated code: C:\git\VehiculoTT\HMITT\MXTmpFiles\rtos_pfp.tmp
2026-06-16 19:09:18,077 [INFO] CodeEngine:255 - oldGeneratedFile, C:\git\VehiculoTT\HMITT\MXTmpFiles\rtos_obj_creat.tmp_save
2026-06-16 19:09:18,135 [INFO] CodeEngine:279 - Generated code: C:\git\VehiculoTT\HMITT\MXTmpFiles\rtos_obj_creat.tmp
2026-06-16 19:09:18,145 [INFO] CodeEngine:255 - oldGeneratedFile, C:\git\VehiculoTT\HMITT\MXTmpFiles\rtos_default_thread.tmp_save
2026-06-16 19:09:18,202 [INFO] CodeEngine:279 - Generated code: C:\git\VehiculoTT\HMITT\MXTmpFiles\rtos_default_thread.tmp
2026-06-16 19:09:18,213 [INFO] CodeEngine:255 - oldGeneratedFile, C:\git\VehiculoTT\HMITT\MXTmpFiles\rtos_threads.tmp_save
2026-06-16 19:09:18,268 [INFO] CodeEngine:279 - Generated code: C:\git\VehiculoTT\HMITT\MXTmpFiles\rtos_threads.tmp
2026-06-16 19:09:18,285 [INFO] CodeEngine:255 - oldGeneratedFile, C:\git\VehiculoTT\HMITT\Core\Inc\FreeRTOSConfig.h_save
2026-06-16 19:09:18,359 [INFO] CodeEngine:279 - Generated code: C:\git\VehiculoTT\HMITT\Core\Inc\FreeRTOSConfig.h
2026-06-16 19:09:18,379 [INFO] CodeEngine:255 - oldGeneratedFile, C:\git\VehiculoTT\HMITT\Core\Src\freertos.c_save
2026-06-16 19:09:18,455 [INFO] CodeEngine:279 - Generated code: C:\git\VehiculoTT\HMITT\Core\Src\freertos.c
2026-06-16 19:09:18,510 [INFO] CodeEngine:255 - oldGeneratedFile, C:\git\VehiculoTT\HMITT\MXTmpFiles\dma.tmp_save
2026-06-16 19:09:18,588 [INFO] CodeEngine:279 - Generated code: C:\git\VehiculoTT\HMITT\MXTmpFiles\dma.tmp
2026-06-16 19:09:18,595 [INFO] CodeEngine:255 - oldGeneratedFile, C:\git\VehiculoTT\HMITT\MXTmpFiles\dma_GV.tmp_save
2026-06-16 19:09:18,669 [INFO] CodeEngine:279 - Generated code: C:\git\VehiculoTT\HMITT\MXTmpFiles\dma_GV.tmp
2026-06-16 19:09:18,677 [INFO] Middleware:1439 - No code input for Bsp Dependency
2026-06-16 19:09:18,678 [INFO] IP:3348 - RTE Config file name : RTE_Component
2026-06-16 19:09:18,678 [INFO] IP:3366 - RTE template : RTE_Components.ftl
2026-06-16 19:09:18,695 [INFO] CodeEngine:255 - oldGeneratedFile, C:\git\VehiculoTT\HMITT\MXTmpFiles\SCB_CleanInvalidateDCache.tmp_save
2026-06-16 19:09:18,756 [INFO] CodeEngine:279 - Generated code: C:\git\VehiculoTT\HMITT\MXTmpFiles\SCB_CleanInvalidateDCache.tmp
2026-06-16 19:09:18,768 [INFO] CodeEngine:255 - oldGeneratedFile, C:\git\VehiculoTT\HMITT\MXTmpFiles\SCB_InvalidateDCache.tmp_save
2026-06-16 19:09:18,825 [INFO] CodeEngine:279 - Generated code: C:\git\VehiculoTT\HMITT\MXTmpFiles\SCB_InvalidateDCache.tmp
2026-06-16 19:09:18,835 [INFO] CodeEngine:255 - oldGeneratedFile, C:\git\VehiculoTT\HMITT\MXTmpFiles\touchgfx_license.tmp_save
2026-06-16 19:09:18,893 [INFO] CodeEngine:279 - Generated code: C:\git\VehiculoTT\HMITT\MXTmpFiles\touchgfx_license.tmp
2026-06-16 19:09:18,905 [INFO] CodeEngine:255 - oldGeneratedFile, C:\git\VehiculoTT\HMITT\MXTmpFiles\touchgfx_gen_license.tmp_save
2026-06-16 19:09:18,960 [INFO] CodeEngine:279 - Generated code: C:\git\VehiculoTT\HMITT\MXTmpFiles\touchgfx_gen_license.tmp
2026-06-16 19:09:18,979 [INFO] CodeEngine:255 - oldGeneratedFile, C:\git\VehiculoTT\HMITT\MXTmpFiles\oswrappers_cmsis.tmp_save
2026-06-16 19:09:19,035 [INFO] CodeEngine:279 - Generated code: C:\git\VehiculoTT\HMITT\MXTmpFiles\oswrappers_cmsis.tmp
2026-06-16 19:09:19,046 [INFO] CodeEngine:255 - oldGeneratedFile, C:\git\VehiculoTT\HMITT\TouchGFX\App\app_touchgfx.h_save
2026-06-16 19:09:19,106 [INFO] CodeEngine:279 - Generated code: C:\git\VehiculoTT\HMITT\TouchGFX\App\app_touchgfx.h
2026-06-16 19:09:19,118 [INFO] CodeEngine:255 - oldGeneratedFile, C:\git\VehiculoTT\HMITT\TouchGFX\ApplicationTemplate.touchgfx.part_save
2026-06-16 19:09:19,197 [INFO] CodeEngine:279 - Generated code: C:\git\VehiculoTT\HMITT\TouchGFX\ApplicationTemplate.touchgfx.part
2026-06-16 19:09:19,225 [INFO] CodeEngine:255 - oldGeneratedFile, C:\git\VehiculoTT\HMITT\TouchGFX\target\generated\TouchGFXConfiguration.cpp_save
2026-06-16 19:09:19,296 [INFO] CodeEngine:279 - Generated code: C:\git\VehiculoTT\HMITT\TouchGFX\target\generated\TouchGFXConfiguration.cpp
2026-06-16 19:09:19,314 [INFO] CodeEngine:255 - oldGeneratedFile, C:\git\VehiculoTT\HMITT\TouchGFX\target\generated\TouchGFXGeneratedHAL.hpp_save
2026-06-16 19:09:19,384 [INFO] CodeEngine:279 - Generated code: C:\git\VehiculoTT\HMITT\TouchGFX\target\generated\TouchGFXGeneratedHAL.hpp
2026-06-16 19:09:19,399 [INFO] CodeEngine:255 - oldGeneratedFile, C:\git\VehiculoTT\HMITT\TouchGFX\target\generated\TouchGFXGeneratedHAL.cpp_save
2026-06-16 19:09:19,467 [INFO] CodeEngine:279 - Generated code: C:\git\VehiculoTT\HMITT\TouchGFX\target\generated\TouchGFXGeneratedHAL.cpp
2026-06-16 19:09:19,493 [INFO] CodeEngine:255 - oldGeneratedFile, C:\git\VehiculoTT\HMITT\TouchGFX\target\TouchGFXHAL.hpp_save
2026-06-16 19:09:19,571 [INFO] CodeEngine:279 - Generated code: C:\git\VehiculoTT\HMITT\TouchGFX\target\TouchGFXHAL.hpp
2026-06-16 19:09:19,587 [INFO] CodeEngine:255 - oldGeneratedFile, C:\git\VehiculoTT\HMITT\TouchGFX\target\TouchGFXHAL.cpp_save
2026-06-16 19:09:19,664 [INFO] CodeEngine:279 - Generated code: C:\git\VehiculoTT\HMITT\TouchGFX\target\TouchGFXHAL.cpp
2026-06-16 19:09:19,680 [INFO] CodeEngine:255 - oldGeneratedFile, C:\git\VehiculoTT\HMITT\TouchGFX\target\STM32TouchController.hpp_save
2026-06-16 19:09:19,747 [INFO] CodeEngine:279 - Generated code: C:\git\VehiculoTT\HMITT\TouchGFX\target\STM32TouchController.hpp
2026-06-16 19:09:19,764 [INFO] CodeEngine:255 - oldGeneratedFile, C:\git\VehiculoTT\HMITT\TouchGFX\target\STM32TouchController.cpp_save
2026-06-16 19:09:19,831 [INFO] CodeEngine:279 - Generated code: C:\git\VehiculoTT\HMITT\TouchGFX\target\STM32TouchController.cpp
2026-06-16 19:09:19,843 [INFO] CodeEngine:255 - oldGeneratedFile, C:\git\VehiculoTT\HMITT\TouchGFX\target\generated\STM32DMA.hpp_save
2026-06-16 19:09:19,907 [INFO] CodeEngine:279 - Generated code: C:\git\VehiculoTT\HMITT\TouchGFX\target\generated\STM32DMA.hpp
2026-06-16 19:09:19,924 [INFO] CodeEngine:255 - oldGeneratedFile, C:\git\VehiculoTT\HMITT\TouchGFX\target\generated\STM32DMA.cpp_save
2026-06-16 19:09:19,986 [INFO] CodeEngine:279 - Generated code: C:\git\VehiculoTT\HMITT\TouchGFX\target\generated\STM32DMA.cpp
2026-06-16 19:09:19,998 [INFO] CodeEngine:255 - oldGeneratedFile, C:\git\VehiculoTT\HMITT\TouchGFX\target\generated\OSWrappers.cpp_save
2026-06-16 19:09:20,067 [INFO] CodeEngine:279 - Generated code: C:\git\VehiculoTT\HMITT\TouchGFX\target\generated\OSWrappers.cpp
2026-06-16 19:09:20,079 [INFO] CodeEngine:255 - oldGeneratedFile, C:\git\VehiculoTT\HMITT\TouchGFX\target\TouchGFXGPIO.cpp_save
2026-06-16 19:09:20,147 [INFO] CodeEngine:279 - Generated code: C:\git\VehiculoTT\HMITT\TouchGFX\target\TouchGFXGPIO.cpp
2026-06-16 19:09:20,159 [INFO] CodeEngine:255 - oldGeneratedFile, C:\git\VehiculoTT\HMITT\TouchGFX\App\app_touchgfx.c_save
2026-06-16 19:09:20,225 [INFO] CodeEngine:279 - Generated code: C:\git\VehiculoTT\HMITT\TouchGFX\App\app_touchgfx.c
2026-06-16 19:09:20,263 [INFO] CodeEngine:255 - oldGeneratedFile, C:\git\VehiculoTT\HMITT\Core\Src\stm32f4xx_it.c_save
2026-06-16 19:09:20,467 [INFO] CodeEngine:279 - Generated code: C:\git\VehiculoTT\HMITT\Core\Src\stm32f4xx_it.c
2026-06-16 19:09:20,484 [INFO] CodeEngine:255 - oldGeneratedFile, C:\git\VehiculoTT\HMITT\Core\Inc\stm32f4xx_it.h_save
2026-06-16 19:09:20,565 [INFO] CodeEngine:279 - Generated code: C:\git\VehiculoTT\HMITT\Core\Inc\stm32f4xx_it.h
2026-06-16 19:09:20,567 [INFO] IP:3348 - RTE Config file name : RTE_Component
2026-06-16 19:09:20,567 [INFO] IP:3366 - RTE template : RTE_Components.ftl
2026-06-16 19:09:20,567 [INFO] CodeGenerator:2119 - Add RTE Code Input 
2026-06-16 19:09:20,589 [INFO] CodeEngine:255 - oldGeneratedFile, C:\git\VehiculoTT\HMITT\Core\Inc\RTE_Components.h_save
2026-06-16 19:09:20,665 [INFO] CodeEngine:279 - Generated code: C:\git\VehiculoTT\HMITT\Core\Inc\RTE_Components.h
2026-06-16 19:09:20,698 [INFO] CodeEngine:255 - oldGeneratedFile, C:\git\VehiculoTT\HMITT\Core\Src\stm32f4xx_hal_msp.c_save
2026-06-16 19:09:20,840 [INFO] CodeEngine:279 - Generated code: C:\git\VehiculoTT\HMITT\Core\Src\stm32f4xx_hal_msp.c
2026-06-16 19:09:20,858 [INFO] CodeEngine:255 - oldGeneratedFile, C:\git\VehiculoTT\HMITT\MXTmpFiles\system.tmp_save
2026-06-16 19:09:20,929 [INFO] CodeEngine:279 - Generated code: C:\git\VehiculoTT\HMITT\MXTmpFiles\system.tmp
2026-06-16 19:09:20,951 [INFO] CodeEngine:255 - oldGeneratedFile, C:\git\VehiculoTT\HMITT\Core\Src\stm32f4xx_hal_timebase_tim.c_save
2026-06-16 19:09:21,025 [INFO] CodeEngine:279 - Generated code: C:\git\VehiculoTT\HMITT\Core\Src\stm32f4xx_hal_timebase_tim.c
2026-06-16 19:09:21,062 [INFO] CodeEngine:311 - oldGeneratedFile, C:\git\VehiculoTT\HMITT\Core\Inc\stm32f4xx_hal_conf.h_save
2026-06-16 19:09:21,177 [INFO] CodeEngine:335 - Generated code: C:\git\VehiculoTT\HMITT\Core\Inc\stm32f4xx_hal_conf.h
2026-06-16 19:09:21,207 [WARN] IPConfigManager:3513 - IP not found : TIM
2026-06-16 19:09:21,207 [WARN] CodeGenerator:3951 - IP not found : null
2026-06-16 19:09:21,237 [INFO] CodeEngine:255 - oldGeneratedFile, C:\git\VehiculoTT\HMITT\Core\Inc\main.h_save
2026-06-16 19:09:21,307 [INFO] CodeEngine:279 - Generated code: C:\git\VehiculoTT\HMITT\Core\Inc\main.h
2026-06-16 19:09:21,328 [INFO] CodeEngine:255 - oldGeneratedFile, C:\git\VehiculoTT\HMITT\Core\Src\main.c_save
2026-06-16 19:09:21,499 [INFO] CodeEngine:279 - Generated code: C:\git\VehiculoTT\HMITT\Core\Src\main.c
2026-06-16 19:09:22,495 [INFO] ProjectBuilder:3163 - Time for Copy HAL[1] : 696mS.
2026-06-16 19:09:22,495 [ERROR] Middleware:2969 - Invalid RefComponent liste
2026-06-16 19:09:22,495 [ERROR] Middleware:2969 - Invalid RefComponent liste
2026-06-16 19:09:22,495 [ERROR] Middleware:2969 - Invalid RefComponent liste
2026-06-16 19:09:22,495 [ERROR] Middleware:2969 - Invalid RefComponent liste
2026-06-16 19:09:22,495 [ERROR] Middleware:2969 - Invalid RefComponent liste
2026-06-16 19:09:22,495 [ERROR] Middleware:2969 - Invalid RefComponent liste
2026-06-16 19:09:22,496 [ERROR] Middleware:2969 - Invalid RefComponent liste
2026-06-16 19:09:22,496 [ERROR] Middleware:2969 - Invalid RefComponent liste
2026-06-16 19:09:22,496 [ERROR] Middleware:2969 - Invalid RefComponent liste
2026-06-16 19:09:22,496 [ERROR] Middleware:2969 - Invalid RefComponent liste
2026-06-16 19:09:22,496 [ERROR] Middleware:2969 - Invalid RefComponent liste
2026-06-16 19:09:22,496 [ERROR] Middleware:2969 - Invalid RefComponent liste
2026-06-16 19:09:22,496 [ERROR] Middleware:2969 - Invalid RefComponent liste
2026-06-16 19:09:22,496 [ERROR] Middleware:2969 - Invalid RefComponent liste
2026-06-16 19:09:22,496 [ERROR] Middleware:2969 - Invalid RefComponent liste
2026-06-16 19:09:22,496 [ERROR] Middleware:2969 - Invalid RefComponent liste
2026-06-16 19:09:22,496 [ERROR] Middleware:2969 - Invalid RefComponent liste
2026-06-16 19:09:22,496 [ERROR] Middleware:2969 - Invalid RefComponent liste
2026-06-16 19:09:22,496 [ERROR] Middleware:2969 - Invalid RefComponent liste
2026-06-16 19:09:22,496 [ERROR] Middleware:2969 - Invalid RefComponent liste
2026-06-16 19:09:22,496 [ERROR] Middleware:2969 - Invalid RefComponent liste
2026-06-16 19:09:22,496 [ERROR] Middleware:2969 - Invalid RefComponent liste
2026-06-16 19:09:22,496 [ERROR] Middleware:2969 - Invalid RefComponent liste
2026-06-16 19:09:22,496 [ERROR] Middleware:2969 - Invalid RefComponent liste
2026-06-16 19:09:22,496 [ERROR] Middleware:2969 - Invalid RefComponent liste
2026-06-16 19:09:22,496 [ERROR] Middleware:2969 - Invalid RefComponent liste
2026-06-16 19:09:22,496 [ERROR] Middleware:2969 - Invalid RefComponent liste
2026-06-16 19:09:22,496 [ERROR] Middleware:2969 - Invalid RefComponent liste
2026-06-16 19:09:22,496 [ERROR] Middleware:2969 - Invalid RefComponent liste
2026-06-16 19:09:22,496 [ERROR] Middleware:2969 - Invalid RefComponent liste
2026-06-16 19:09:22,496 [ERROR] Middleware:2969 - Invalid RefComponent liste
2026-06-16 19:09:22,496 [ERROR] Middleware:2969 - Invalid RefComponent liste
2026-06-16 19:09:22,496 [ERROR] Middleware:2969 - Invalid RefComponent liste
2026-06-16 19:09:22,496 [ERROR] Middleware:2969 - Invalid RefComponent liste
2026-06-16 19:09:22,496 [ERROR] Middleware:2969 - Invalid RefComponent liste
2026-06-16 19:09:22,496 [ERROR] Middleware:2969 - Invalid RefComponent liste
2026-06-16 19:09:22,496 [ERROR] Middleware:2969 - Invalid RefComponent liste
2026-06-16 19:09:22,496 [ERROR] Middleware:2969 - Invalid RefComponent liste
2026-06-16 19:09:22,496 [ERROR] Middleware:2969 - Invalid RefComponent liste
2026-06-16 19:09:22,496 [ERROR] Middleware:2969 - Invalid RefComponent liste
2026-06-16 19:09:22,496 [ERROR] Middleware:2969 - Invalid RefComponent liste
2026-06-16 19:09:22,496 [ERROR] Middleware:2969 - Invalid RefComponent liste
2026-06-16 19:09:22,496 [ERROR] Middleware:2969 - Invalid RefComponent liste
2026-06-16 19:09:22,496 [ERROR] Middleware:2969 - Invalid RefComponent liste
2026-06-16 19:09:22,496 [ERROR] Middleware:2969 - Invalid RefComponent liste
2026-06-16 19:09:22,496 [ERROR] Middleware:2969 - Invalid RefComponent liste
2026-06-16 19:09:22,496 [ERROR] Middleware:2969 - Invalid RefComponent liste
2026-06-16 19:09:22,496 [ERROR] Middleware:2969 - Invalid RefComponent liste
2026-06-16 19:09:22,496 [ERROR] Middleware:2969 - Invalid RefComponent liste
2026-06-16 19:09:22,496 [ERROR] Middleware:2969 - Invalid RefComponent liste
2026-06-16 19:09:22,496 [ERROR] Middleware:2969 - Invalid RefComponent liste
2026-06-16 19:09:22,496 [ERROR] Middleware:2969 - Invalid RefComponent liste
2026-06-16 19:09:22,496 [ERROR] Middleware:2969 - Invalid RefComponent liste
2026-06-16 19:09:22,496 [ERROR] Middleware:2969 - Invalid RefComponent liste
2026-06-16 19:09:22,496 [ERROR] Middleware:2969 - Invalid RefComponent liste
2026-06-16 19:09:22,496 [ERROR] Middleware:2969 - Invalid RefComponent liste
2026-06-16 19:09:22,496 [ERROR] Middleware:2969 - Invalid RefComponent liste
2026-06-16 19:09:22,497 [ERROR] Middleware:2969 - Invalid RefComponent liste
2026-06-16 19:09:22,497 [ERROR] Middleware:2969 - Invalid RefComponent liste
2026-06-16 19:09:22,497 [ERROR] Middleware:2969 - Invalid RefComponent liste
2026-06-16 19:09:22,497 [ERROR] Middleware:2969 - Invalid RefComponent liste
2026-06-16 19:09:22,497 [ERROR] Middleware:2969 - Invalid RefComponent liste
2026-06-16 19:09:22,497 [ERROR] Middleware:2969 - Invalid RefComponent liste
2026-06-16 19:09:22,497 [ERROR] Middleware:2969 - Invalid RefComponent liste
2026-06-16 19:09:22,497 [ERROR] Middleware:2969 - Invalid RefComponent liste
2026-06-16 19:09:22,497 [ERROR] Middleware:2969 - Invalid RefComponent liste
2026-06-16 19:09:22,497 [ERROR] Middleware:2969 - Invalid RefComponent liste
2026-06-16 19:09:22,497 [ERROR] Middleware:2969 - Invalid RefComponent liste
2026-06-16 19:09:22,497 [ERROR] Middleware:2969 - Invalid RefComponent liste
2026-06-16 19:09:22,497 [ERROR] Middleware:2969 - Invalid RefComponent liste
2026-06-16 19:09:22,497 [ERROR] Middleware:2969 - Invalid RefComponent liste
2026-06-16 19:09:22,497 [ERROR] Middleware:2969 - Invalid RefComponent liste
2026-06-16 19:09:22,497 [ERROR] Middleware:2969 - Invalid RefComponent liste
2026-06-16 19:09:22,497 [ERROR] Middleware:2969 - Invalid RefComponent liste
2026-06-16 19:09:22,497 [ERROR] Middleware:2969 - Invalid RefComponent liste
2026-06-16 19:09:22,497 [ERROR] Middleware:2969 - Invalid RefComponent liste
2026-06-16 19:09:22,497 [ERROR] Middleware:2969 - Invalid RefComponent liste
2026-06-16 19:09:22,497 [ERROR] Middleware:2969 - Invalid RefComponent liste
2026-06-16 19:09:22,497 [ERROR] Middleware:2969 - Invalid RefComponent liste
2026-06-16 19:09:22,497 [ERROR] Middleware:2969 - Invalid RefComponent liste
2026-06-16 19:09:22,497 [ERROR] Middleware:2969 - Invalid RefComponent liste
2026-06-16 19:09:22,497 [ERROR] Middleware:2969 - Invalid RefComponent liste
2026-06-16 19:09:22,497 [ERROR] Middleware:2969 - Invalid RefComponent liste
2026-06-16 19:09:22,497 [ERROR] Middleware:2969 - Invalid RefComponent liste
2026-06-16 19:09:22,497 [ERROR] Middleware:2969 - Invalid RefComponent liste
2026-06-16 19:09:22,497 [ERROR] Middleware:2969 - Invalid RefComponent liste
2026-06-16 19:09:22,497 [ERROR] Middleware:2969 - Invalid RefComponent liste
2026-06-16 19:09:22,497 [ERROR] Middleware:2969 - Invalid RefComponent liste
2026-06-16 19:09:22,497 [ERROR] Middleware:2969 - Invalid RefComponent liste
2026-06-16 19:09:22,497 [ERROR] Middleware:2969 - Invalid RefComponent liste
2026-06-16 19:09:22,497 [ERROR] Middleware:2969 - Invalid RefComponent liste
2026-06-16 19:09:22,498 [ERROR] Middleware:2969 - Invalid RefComponent liste
2026-06-16 19:09:22,498 [ERROR] Middleware:2969 - Invalid RefComponent liste
2026-06-16 19:09:22,498 [ERROR] Middleware:2969 - Invalid RefComponent liste
2026-06-16 19:09:22,498 [ERROR] Middleware:2969 - Invalid RefComponent liste
2026-06-16 19:09:22,498 [ERROR] Middleware:2969 - Invalid RefComponent liste
2026-06-16 19:09:22,498 [ERROR] Middleware:2969 - Invalid RefComponent liste
2026-06-16 19:09:22,498 [ERROR] Middleware:2969 - Invalid RefComponent liste
2026-06-16 19:09:22,498 [ERROR] Middleware:2969 - Invalid RefComponent liste
2026-06-16 19:09:22,498 [ERROR] Middleware:2969 - Invalid RefComponent liste
2026-06-16 19:09:22,498 [ERROR] Middleware:2969 - Invalid RefComponent liste
2026-06-16 19:09:22,498 [ERROR] Middleware:2969 - Invalid RefComponent liste
2026-06-16 19:09:22,522 [INFO] ProjectBuilder:4736 - Project Generator version: 4.3.0-B58
2026-06-16 19:09:22,605 [INFO] ConfigFileManager:1503 - The Die is : DIE431
2026-06-16 19:09:25,527 [INFO] ProjectBuilder:5002 - Time for Generating toolchain IDE Files: 3005mS.
2026-06-16 19:09:25,529 [INFO] ProjectBuilder:3034 - Time for Copy CMSIS : 1mS.
2026-06-16 19:09:25,686 [INFO] ProjectBuilder:3034 - Time for Copy CMSIS : 0mS.
2026-06-16 20:25:32,706 [INFO] Activator:176 - 


2026-06-16 20:25:32,706 [INFO] Activator:177 - !SESSION log4j initialized
2026-06-16 20:25:39,454 [INFO] LogOutputStream:77 - [STDOUT_REDIRECT] 
2026-06-16 20:25:41,908 [INFO] ApplicationProperties:184 - Using Application install path: D:\Documentos\Electronica\Nueva carpeta\STM32CubeIDE_1.15.0\STM32CubeIDE\plugins\com.st.stm32cube.common.mx_6.11.0.202403141607
2026-06-16 20:25:41,934 [INFO] DbMcusXml:78 - Set database path to: D:\Documentos\Electronica\Nueva carpeta\STM32CubeIDE_1.15.0\STM32CubeIDE\plugins\com.st.stm32cube.common.mx_6.11.0.202403141607\\db\/mcu/
2026-06-16 20:25:41,934 [INFO] ApiDb:274 - Set plugin database path to: D:\Documentos\Electronica\Nueva carpeta\STM32CubeIDE_1.15.0\STM32CubeIDE\plugins\com.st.stm32cube.common.mx_6.11.0.202403141607\\db\/plugins/boardmanager/
2026-06-16 20:25:41,935 [WARN] ApiDb:259 - Overriding images path with different value:  => D:\Documentos\Electronica\Nueva carpeta\STM32CubeIDE_1.15.0\STM32CubeIDE\plugins\com.st.stm32cube.common.mx_6.11.0.202403141607\\db\/plugins/mcufinder/images/
2026-06-16 20:25:41,944 [INFO] ApiDb:250 - Set database path to: C:\Users\USER\.stmcufinder\plugins\mcufinder//mcu/
2026-06-16 20:25:41,944 [INFO] DbMcusAds:125 - Set database path to: C:\Users\USER\.stmcufinder\plugins\mcufinder//mcu/
2026-06-16 20:25:41,949 [INFO] CrossReferenceDbSqlite:203 - Set database path to: C:\Users\USER\.stmcufinder\plugins\mcufinder//mcu/cs/
2026-06-16 20:25:42,069 [INFO] RulesReader:64 - Compatibility file has been processed (297 Rules)
2026-06-16 20:25:42,178 [INFO] DbMcusXml:78 - Set database path to: D:\Documentos\Electronica\Nueva carpeta\STM32CubeIDE_1.15.0\STM32CubeIDE\plugins\com.st.stm32cube.common.mx_6.11.0.202403141607\\db\/mcu/
2026-06-16 20:25:42,178 [INFO] ApiDb:274 - Set plugin database path to: D:\Documentos\Electronica\Nueva carpeta\STM32CubeIDE_1.15.0\STM32CubeIDE\plugins\com.st.stm32cube.common.mx_6.11.0.202403141607\\db\/plugins/boardmanager/
2026-06-16 20:25:42,178 [INFO] ApiDb:261 - Set plugin images path to: D:\Documentos\Electronica\Nueva carpeta\STM32CubeIDE_1.15.0\STM32CubeIDE\plugins\com.st.stm32cube.common.mx_6.11.0.202403141607\\db\/plugins/mcufinder/images/
2026-06-16 20:25:42,178 [WARN] DbFile:41 - Overriding database path with different value: C:\Users\USER\.stmcufinder\plugins\mcufinder/ => C:\Users\USER\.stmcufinder\plugins\mcufinder
2026-06-16 20:25:42,178 [INFO] ApiDb:250 - Set database path to: C:\Users\USER\.stmcufinder\plugins\mcufinder//mcu/
2026-06-16 20:25:42,178 [WARN] DbFile:41 - Overriding database path with different value: C:\Users\USER\.stmcufinder\plugins\mcufinder/ => C:\Users\USER\.stmcufinder\plugins\mcufinder
2026-06-16 20:25:42,178 [INFO] DbMcusAds:125 - Set database path to: C:\Users\USER\.stmcufinder\plugins\mcufinder//mcu/
2026-06-16 20:25:42,178 [WARN] DbFile:41 - Overriding database path with different value: C:\Users\USER\.stmcufinder\plugins\mcufinder/ => C:\Users\USER\.stmcufinder\plugins\mcufinder
2026-06-16 20:25:42,178 [WARN] DbFile:41 - Overriding database path with different value: C:\Users\USER\.stmcufinder\plugins\mcufinder/ => C:\Users\USER\.stmcufinder\plugins\mcufinder
2026-06-16 20:25:42,178 [INFO] CrossReferenceDbSqlite:203 - Set database path to: C:\Users\USER\.stmcufinder\plugins\mcufinder//mcu/cs/
2026-06-16 20:25:42,279 [INFO] MainPanel:264 - HeapMemory: 268435456
2026-06-16 20:25:42,378 [INFO] DbMcusXml:78 - Set database path to: D:\Documentos\Electronica\Nueva carpeta\STM32CubeIDE_1.15.0\STM32CubeIDE\plugins\com.st.stm32cube.common.mx_6.11.0.202403141607\\db\/mcu/
2026-06-16 20:25:42,378 [INFO] ApiDb:274 - Set plugin database path to: D:\Documentos\Electronica\Nueva carpeta\STM32CubeIDE_1.15.0\STM32CubeIDE\plugins\com.st.stm32cube.common.mx_6.11.0.202403141607\\db\/plugins/boardmanager/
2026-06-16 20:25:42,378 [INFO] ApiDb:261 - Set plugin images path to: D:\Documentos\Electronica\Nueva carpeta\STM32CubeIDE_1.15.0\STM32CubeIDE\plugins\com.st.stm32cube.common.mx_6.11.0.202403141607\\db\/plugins/mcufinder/images/
2026-06-16 20:25:42,378 [WARN] DbFile:41 - Overriding database path with different value: C:\Users\USER\.stmcufinder\plugins\mcufinder/ => C:\Users\USER\.stmcufinder\plugins\mcufinder
2026-06-16 20:25:42,378 [INFO] ApiDb:250 - Set database path to: C:\Users\USER\.stmcufinder\plugins\mcufinder//mcu/
2026-06-16 20:25:42,378 [WARN] DbFile:41 - Overriding database path with different value: C:\Users\USER\.stmcufinder\plugins\mcufinder/ => C:\Users\USER\.stmcufinder\plugins\mcufinder
2026-06-16 20:25:42,378 [INFO] DbMcusAds:125 - Set database path to: C:\Users\USER\.stmcufinder\plugins\mcufinder//mcu/
2026-06-16 20:25:42,378 [WARN] DbFile:41 - Overriding database path with different value: C:\Users\USER\.stmcufinder\plugins\mcufinder/ => C:\Users\USER\.stmcufinder\plugins\mcufinder
2026-06-16 20:25:42,378 [WARN] DbFile:41 - Overriding database path with different value: C:\Users\USER\.stmcufinder\plugins\mcufinder/ => C:\Users\USER\.stmcufinder\plugins\mcufinder
2026-06-16 20:25:42,378 [INFO] CrossReferenceDbSqlite:203 - Set database path to: C:\Users\USER\.stmcufinder\plugins\mcufinder//mcu/cs/
2026-06-16 20:25:42,404 [INFO] ApplicationProperties:184 - Using Application install path: D:\Documentos\Electronica\Nueva carpeta\STM32CubeIDE_1.15.0\STM32CubeIDE\plugins\com.st.stm32cube.common.mx_6.11.0.202403141607
2026-06-16 20:25:42,406 [INFO] PluginManage:196 - Search for loadable plugins [exclusion list=, ]
2026-06-16 20:25:42,408 [INFO] PluginManage:310 - Check plugin analytics
2026-06-16 20:25:42,678 [INFO] AnalyticsPlugin:253 - Accepted Software Licenses: 
2026-06-16 20:25:42,678 [INFO] AnalyticsPlugin:255 - Accepted CMSIS Pack Licenses: STMicroelectronics.X-CUBE-TOUCHGFX.4.26.0,STMicroelectronics.X-CUBE-TOF1.3.4.2
2026-06-16 20:25:42,679 [INFO] AnalyticsPlugin:257 - Accepted Firmware Licenses: FW.F7.1.17.0,FW.H7.1.11.0,FW.F4.1.28.0
2026-06-16 20:25:42,680 [INFO] PluginManage:359 - Loaded plugin analytics (category:tool,tabindex:-1)
2026-06-16 20:25:42,684 [INFO] PluginManage:310 - Check plugin cadmodel
2026-06-16 20:25:42,684 [INFO] CADModel:105 - Init CAD model plugin
2026-06-16 20:25:42,684 [INFO] PluginManage:359 - Loaded plugin cadmodel (category:power,tabindex:5)
2026-06-16 20:25:42,684 [INFO] PluginManage:310 - Check plugin clock
2026-06-16 20:25:42,707 [INFO] PluginManage:359 - Loaded plugin clock (category:base,tabindex:2)
2026-06-16 20:25:42,707 [INFO] PluginManage:310 - Check plugin ddr
2026-06-16 20:25:42,711 [INFO] PluginManage:359 - Loaded plugin ddr (category:tool,tabindex:6)
2026-06-16 20:25:42,712 [INFO] PluginManage:310 - Check plugin filemanager
2026-06-16 20:25:42,894 [INFO] PluginManage:359 - Loaded plugin filemanager (category:base,tabindex:10)
2026-06-16 20:25:42,894 [INFO] PluginManage:310 - Check plugin ipmanager
2026-06-16 20:25:42,905 [INFO] PluginManage:359 - Loaded plugin ipmanager (category:base,tabindex:5)
2026-06-16 20:25:42,905 [INFO] PluginManage:310 - Check plugin lpbam
2026-06-16 20:25:42,914 [INFO] PluginManage:359 - Loaded plugin lpbam (category:base,tabindex:0)
2026-06-16 20:25:42,914 [INFO] PluginManage:310 - Check plugin memorymap
2026-06-16 20:25:42,932 [INFO] PluginManage:359 - Loaded plugin memorymap (category:base,tabindex:4)
2026-06-16 20:25:42,932 [INFO] PluginManage:310 - Check plugin pinoutandconfiguration
2026-06-16 20:25:42,941 [INFO] PluginManage:359 - Loaded plugin pinoutandconfiguration (category:base,tabindex:1)
2026-06-16 20:25:42,941 [INFO] PluginManage:310 - Check plugin pinoutconfig
2026-06-16 20:25:43,033 [WARN] SupportedApi:132 - Cannot load RTOS API schema: s4s-elt-must-match.1: The content of 'definitions' must match (annotation?, (simpleType | complexType)?, (unique | key | keyref)*)). A problem was found starting at: attribute.
2026-06-16 20:25:43,162 [INFO] PluginManage:359 - Loaded plugin pinoutconfig (category:base,tabindex:0)
2026-06-16 20:25:43,162 [INFO] PluginManage:310 - Check plugin power
2026-06-16 20:25:43,173 [INFO] PluginManage:359 - Loaded plugin power (category:power,tabindex:4)
2026-06-16 20:25:43,173 [INFO] PluginManage:310 - Check plugin projectmanager
2026-06-16 20:25:43,199 [INFO] PluginManage:359 - Loaded plugin projectmanager (category:projectmanager,tabindex:3)
2026-06-16 20:25:43,200 [INFO] PluginManage:310 - Check plugin thirdparty
2026-06-16 20:25:43,354 [WARN] IntegrityCheckThread:84 - waiting for thirdparty lock release [integrity check]
2026-06-16 20:25:43,354 [INFO] PluginManage:359 - Loaded plugin thirdparty (category:base,tabindex:-1)
2026-06-16 20:25:43,354 [INFO] IntegrityCheckThread:86 - entering critical section [integrity check]
2026-06-16 20:25:43,354 [INFO] PluginManage:310 - Check plugin tools
2026-06-16 20:25:43,354 [INFO] ThirdPartyUpdaterWithRetryManager:70 - Updater plugin not ready yet. [1/15]
2026-06-16 20:25:43,362 [INFO] PluginManage:359 - Loaded plugin tools (category:base,tabindex:7)
2026-06-16 20:25:43,362 [INFO] PluginManage:310 - Check plugin tutovideos
2026-06-16 20:25:43,542 [INFO] PluginManage:359 - Loaded plugin tutovideos (category:base,tabindex:-1)
2026-06-16 20:25:43,542 [INFO] PluginManage:310 - Check plugin updater
2026-06-16 20:25:43,546 [INFO] PluginManage:359 - Loaded plugin updater (category:base,tabindex:12)
2026-06-16 20:25:43,546 [INFO] PluginManage:310 - Check plugin userauth
2026-06-16 20:25:43,554 [INFO] UserAuth:114 - Init User Auth plugin
2026-06-16 20:25:43,554 [INFO] PluginManage:359 - Loaded plugin userauth (category:base,tabindex:14)
2026-06-16 20:25:43,554 [INFO] PluginManage:283 - PluginManage : Loaded plugins [17]
2026-06-16 20:25:43,798 [INFO] PinOutPanel:1561 - setPackage(No Configuration,No Configuration)
2026-06-16 20:25:43,889 [INFO] CADModel:165 - CPN selected for project level
2026-06-16 20:25:43,889 [INFO] CADModel:114 - Register for checkConnection events
2026-06-16 20:25:43,908 [INFO] IPUIPlugin:80 - create IPUIPlugin
2026-06-16 20:25:43,908 [INFO] PluginManager:220 - loadIPPluginJar : add adc
2026-06-16 20:25:43,910 [INFO] IPUIPlugin:80 - create IPUIPlugin
2026-06-16 20:25:43,910 [INFO] PluginManager:220 - loadIPPluginJar : add aes
2026-06-16 20:25:43,913 [INFO] IPUIPlugin:80 - create IPUIPlugin
2026-06-16 20:25:43,914 [INFO] PluginManager:220 - loadIPPluginJar : add can
2026-06-16 20:25:43,914 [INFO] IPUIPlugin:80 - create IPUIPlugin
2026-06-16 20:25:43,914 [INFO] PluginManager:220 - loadIPPluginJar : add comp
2026-06-16 20:25:43,914 [INFO] IPUIPlugin:80 - create IPUIPlugin
2026-06-16 20:25:43,914 [INFO] PluginManager:220 - loadIPPluginJar : add cryp
2026-06-16 20:25:43,914 [INFO] IPUIPlugin:80 - create IPUIPlugin
2026-06-16 20:25:43,914 [INFO] PluginManager:220 - loadIPPluginJar : add dfsdm
2026-06-16 20:25:43,925 [INFO] IPUIPlugin:80 - create IPUIPlugin
2026-06-16 20:25:43,925 [INFO] PluginManager:220 - loadIPPluginJar : add dma
2026-06-16 20:25:43,931 [INFO] IPUIPlugin:80 - create IPUIPlugin
2026-06-16 20:25:43,931 [INFO] PluginManager:220 - loadIPPluginJar : add dma3
2026-06-16 20:25:43,933 [INFO] IPUIPlugin:80 - create IPUIPlugin
2026-06-16 20:25:43,933 [INFO] PluginManager:220 - loadIPPluginJar : add extmemmanager
2026-06-16 20:25:43,934 [INFO] IPUIPlugin:80 - create IPUIPlugin
2026-06-16 20:25:43,934 [INFO] PluginManager:220 - loadIPPluginJar : add fatfs
2026-06-16 20:25:43,938 [INFO] IPUIPlugin:80 - create IPUIPlugin
2026-06-16 20:25:43,938 [INFO] PluginManager:220 - loadIPPluginJar : add fmc
2026-06-16 20:25:43,943 [INFO] IPUIPlugin:80 - create IPUIPlugin
2026-06-16 20:25:43,943 [INFO] PluginManager:220 - loadIPPluginJar : add freertos
2026-06-16 20:25:43,944 [INFO] IPUIPlugin:80 - create IPUIPlugin
2026-06-16 20:25:43,945 [INFO] PluginManager:220 - loadIPPluginJar : add genericplugin
2026-06-16 20:25:43,946 [INFO] IPUIPlugin:80 - create IPUIPlugin
2026-06-16 20:25:43,946 [INFO] PluginManager:220 - loadIPPluginJar : add gfxmmu
2026-06-16 20:25:43,946 [INFO] IPUIPlugin:80 - create IPUIPlugin
2026-06-16 20:25:43,946 [INFO] PluginManager:220 - loadIPPluginJar : add gic
2026-06-16 20:25:43,954 [INFO] IPUIPlugin:80 - create IPUIPlugin
2026-06-16 20:25:43,954 [INFO] PluginManager:220 - loadIPPluginJar : add gpio
2026-06-16 20:25:43,954 [INFO] IPUIPlugin:80 - create IPUIPlugin
2026-06-16 20:25:43,954 [INFO] PluginManager:220 - loadIPPluginJar : add gtzc
2026-06-16 20:25:43,954 [INFO] IPUIPlugin:80 - create IPUIPlugin
2026-06-16 20:25:43,954 [INFO] PluginManager:220 - loadIPPluginJar : add hash
2026-06-16 20:25:43,964 [INFO] IPUIPlugin:80 - create IPUIPlugin
2026-06-16 20:25:43,964 [INFO] PluginManager:220 - loadIPPluginJar : add i2c
2026-06-16 20:25:43,967 [INFO] IPUIPlugin:80 - create IPUIPlugin
2026-06-16 20:25:43,967 [INFO] PluginManager:220 - loadIPPluginJar : add i2s
2026-06-16 20:25:43,971 [INFO] IPUIPlugin:80 - create IPUIPlugin
2026-06-16 20:25:43,971 [INFO] PluginManager:220 - loadIPPluginJar : add i3c
2026-06-16 20:25:43,974 [INFO] IPUIPlugin:80 - create IPUIPlugin
2026-06-16 20:25:43,974 [INFO] PluginManager:220 - loadIPPluginJar : add ipddr
2026-06-16 20:25:43,980 [INFO] IPUIPlugin:80 - create IPUIPlugin
2026-06-16 20:25:43,980 [INFO] PluginManager:220 - loadIPPluginJar : add linkedlist
2026-06-16 20:25:43,984 [INFO] IPUIPlugin:80 - create IPUIPlugin
2026-06-16 20:25:43,984 [INFO] PluginManager:220 - loadIPPluginJar : add lorawan
2026-06-16 20:25:43,988 [INFO] IPUIPlugin:80 - create IPUIPlugin
2026-06-16 20:25:43,988 [INFO] PluginManager:220 - loadIPPluginJar : add ltdc
2026-06-16 20:25:43,994 [INFO] IPUIPlugin:80 - create IPUIPlugin
2026-06-16 20:25:43,994 [INFO] PluginManager:220 - loadIPPluginJar : add mdma
2026-06-16 20:25:43,998 [INFO] IPUIPlugin:80 - create IPUIPlugin
2026-06-16 20:25:43,998 [INFO] PluginManager:220 - loadIPPluginJar : add nvic
2026-06-16 20:25:44,000 [INFO] IPUIPlugin:80 - create IPUIPlugin
2026-06-16 20:25:44,000 [INFO] PluginManager:220 - loadIPPluginJar : add opamp
2026-06-16 20:25:44,005 [INFO] IPUIPlugin:80 - create IPUIPlugin
2026-06-16 20:25:44,005 [INFO] PluginManager:220 - loadIPPluginJar : add openamp
2026-06-16 20:25:44,008 [INFO] IPUIPlugin:80 - create IPUIPlugin
2026-06-16 20:25:44,008 [INFO] PluginManager:220 - loadIPPluginJar : add pdm2pcm
2026-06-16 20:25:44,016 [INFO] IPUIPlugin:80 - create IPUIPlugin
2026-06-16 20:25:44,019 [INFO] PluginManager:220 - loadIPPluginJar : add plateformsettings
2026-06-16 20:25:44,021 [INFO] IPUIPlugin:80 - create IPUIPlugin
2026-06-16 20:25:44,021 [INFO] PluginManager:220 - loadIPPluginJar : add quadspi
2026-06-16 20:25:44,024 [INFO] IPUIPlugin:80 - create IPUIPlugin
2026-06-16 20:25:44,024 [INFO] PluginManager:220 - loadIPPluginJar : add resmgrutility
2026-06-16 20:25:44,026 [INFO] IPUIPlugin:80 - create IPUIPlugin
2026-06-16 20:25:44,026 [INFO] PluginManager:220 - loadIPPluginJar : add sai
2026-06-16 20:25:44,028 [INFO] IPUIPlugin:80 - create IPUIPlugin
2026-06-16 20:25:44,028 [INFO] PluginManager:220 - loadIPPluginJar : add spi
2026-06-16 20:25:44,034 [INFO] IPUIPlugin:80 - create IPUIPlugin
2026-06-16 20:25:44,034 [INFO] PluginManager:220 - loadIPPluginJar : add stm32_wpan
2026-06-16 20:25:44,035 [INFO] IPUIPlugin:80 - create IPUIPlugin
2026-06-16 20:25:44,036 [INFO] PluginManager:220 - loadIPPluginJar : add tim
2026-06-16 20:25:44,038 [INFO] IPUIPlugin:80 - create IPUIPlugin
2026-06-16 20:25:44,038 [INFO] PluginManager:220 - loadIPPluginJar : add touchsensing
2026-06-16 20:25:44,040 [INFO] IPUIPlugin:80 - create IPUIPlugin
2026-06-16 20:25:44,040 [INFO] PluginManager:220 - loadIPPluginJar : add tracer_emb
2026-06-16 20:25:44,041 [INFO] IPUIPlugin:80 - create IPUIPlugin
2026-06-16 20:25:44,041 [INFO] PluginManager:220 - loadIPPluginJar : add ts
2026-06-16 20:25:44,042 [INFO] IPUIPlugin:80 - create IPUIPlugin
2026-06-16 20:25:44,044 [INFO] PluginManager:220 - loadIPPluginJar : add tsc
2026-06-16 20:25:44,045 [INFO] IPUIPlugin:80 - create IPUIPlugin
2026-06-16 20:25:44,045 [INFO] PluginManager:220 - loadIPPluginJar : add ucpd
2026-06-16 20:25:44,048 [INFO] IPUIPlugin:80 - create IPUIPlugin
2026-06-16 20:25:44,048 [INFO] PluginManager:220 - loadIPPluginJar : add usart
2026-06-16 20:25:44,051 [INFO] IPUIPlugin:80 - create IPUIPlugin
2026-06-16 20:25:44,051 [INFO] PluginManager:220 - loadIPPluginJar : add usbx
2026-06-16 20:25:44,180 [INFO] CADModel:165 - CPN selected for project level
2026-06-16 20:25:44,180 [INFO] CADModel:114 - Register for checkConnection events
2026-06-16 20:25:44,180 [FATAL] Updater:308 - Updater called before beeing initialized
2026-06-16 20:25:44,180 [ERROR] CADModel:125 - Updater not yet initialized, retry later 
2026-06-16 20:25:44,326 [INFO] CADModel:165 - CPN selected for project level
2026-06-16 20:25:44,329 [INFO] CADModel:114 - Register for checkConnection events
2026-06-16 20:25:44,329 [FATAL] Updater:308 - Updater called before beeing initialized
2026-06-16 20:25:44,329 [ERROR] CADModel:125 - Updater not yet initialized, retry later 
2026-06-16 20:25:44,332 [FATAL] Updater:308 - Updater called before beeing initialized
2026-06-16 20:25:44,480 [FATAL] Updater:308 - Updater called before beeing initialized
2026-06-16 20:25:44,484 [INFO] DbMcusAds:53 - JSON generation date=Wed Feb 18 08:32:49 CST 2026 (1771425169444)
2026-06-16 20:25:44,484 [FATAL] Updater:308 - Updater called before beeing initialized
2026-06-16 20:25:44,524 [WARN] DetailPanel:346 - Failed to get advertising image, set to default
2026-06-16 20:25:44,612 [FATAL] Updater:308 - Updater called before beeing initialized
2026-06-16 20:25:44,614 [FATAL] Updater:308 - Updater called before beeing initialized
2026-06-16 20:25:44,614 [FATAL] Updater:308 - Updater called before beeing initialized
2026-06-16 20:25:44,614 [WARN] DetailPanel:346 - Failed to get advertising image, set to default
2026-06-16 20:25:44,614 [FATAL] Updater:308 - Updater called before beeing initialized
2026-06-16 20:25:44,664 [ERROR] Updater:1120 - MainUpdater not yet initialized. External WinMGr cannot be set.
2026-06-16 20:25:44,666 [INFO] Updater:1056 - Updater Version found : 6.11.0
2026-06-16 20:25:44,684 [INFO] ApplicationProperties:184 - Using Application install path: D:\Documentos\Electronica\Nueva carpeta\STM32CubeIDE_1.15.0\STM32CubeIDE\plugins\com.st.stm32cube.common.mx_6.11.0.202403141607
2026-06-16 20:25:46,284 [ERROR] LogOutputStream:75 - [STDERR_REDIRECT] Jun 16, 2026 8:25:46 PM java.util.prefs.WindowsPreferences <init>
2026-06-16 20:25:46,284 [ERROR] LogOutputStream:75 - [STDERR_REDIRECT] WARNING: Could not open/create prefs root node Software\JavaSoft\Prefs at root 0xffffffff80000002. Windows RegCreateKeyEx(...) returned error code 5.
2026-06-16 20:25:46,284 [ERROR] LogOutputStream:75 - [STDERR_REDIRECT] 
2026-06-16 20:25:46,364 [INFO] ThirdPartyUpdaterWithRetryManager:70 - Updater plugin not ready yet. [2/15]
2026-06-16 20:25:46,664 [INFO] MainUpdater:2873 - connection check result : 10
2026-06-16 20:25:46,664 [INFO] MainUpdater:290 - Updater Check For Update Now.
2026-06-16 20:25:46,664 [INFO] MicroXplorer:498 - Change Database Version : DB.6.0.110
2026-06-16 20:25:46,676 [INFO] McuFinderGlobals:63 - Set McuFinder mode to 2 (CubeIDE integrated)
2026-06-16 20:25:46,684 [INFO] UserAuth:415 - Internet connection configuration mode: 1
2026-06-16 20:25:46,725 [INFO] JxBrowserEngine:152 - Initiate JxBrowser Engine with user profile folder
2026-06-16 20:25:46,902 [INFO] CheckServerUpdateThread:120 - End of CheckServer Thread
2026-06-16 20:25:47,429 [INFO] WebApp:161 - Instantiating new browser for Auth
2026-06-16 20:25:47,949 [INFO] WebApp:779 - Register for checkConnection events
2026-06-16 20:25:47,950 [INFO] WebApp:414 - Apply proxy settings
2026-06-16 20:25:47,951 [INFO] WebApp:499 - Chromium requires no authentication
2026-06-16 20:25:47,956 [INFO] WebApp:442 - Direct internet connection detected
2026-06-16 20:25:48,092 [INFO] WebApp:192 - Starting web application
2026-06-16 20:25:48,092 [INFO] WebApp:544 - Web application path used D:\Documentos\Electronica\Nueva carpeta\STM32CubeIDE_1.15.0\STM32CubeIDE\plugins\com.st.stm32cube.common.mx_6.11.0.202403141607\db\plugins\mcufinder\reactClient1\index.html
2026-06-16 20:25:49,838 [WARN] PackLoader:240 - Cannot read IP mode file for STMicroelectronics.X-CUBE-AZRTOS-H7.3.5.0
2026-06-16 20:25:49,854 [WARN] PackLoader:240 - Cannot read IP mode file for STMicroelectronics.FP-SNS-MOTENVWB1.1.4.0
2026-06-16 20:25:49,870 [WARN] PackLoader:240 - Cannot read IP mode file for STMicroelectronics.FP-ATR-ASTRA1.2.0.2
2026-06-16 20:25:49,875 [WARN] PackLoader:240 - Cannot read IP mode file for STMicroelectronics.FP-ATR-ASTRA1.2.0.1
2026-06-16 20:25:49,888 [ERROR] Engine:466 - C:\Users\USER\.stm32cubemx\thirdparties\pdsc\STMicroelectronics.X-CUBE-SMBUS.2.1.1.pdsc: PDSC version is not supported
2026-06-16 20:25:49,894 [WARN] PackLoader:240 - Cannot read IP mode file for STMicroelectronics.X-CUBE-SMBUS.2.1.0
2026-06-16 20:25:49,907 [WARN] PackLoader:240 - Cannot read IP mode file for STMicroelectronics.X-CUBE-WB05N.1.1.0
2026-06-16 20:25:49,916 [WARN] PackLoader:240 - Cannot read IP mode file for STMicroelectronics.X-CUBE-TOUCHGFX.4.23.2
2026-06-16 20:25:49,949 [WARN] PackLoader:240 - Cannot read IP mode file for STMicroelectronics.X-CUBE-AZRTOS-F7.1.1.0
2026-06-16 20:25:50,039 [WARN] PackLoader:240 - Cannot read IP mode file for STMicroelectronics.X-CUBE-MEMS1.11.0.0
2026-06-16 20:25:50,194 [ERROR] Engine:466 - C:\Users\USER\.stm32cubemx\thirdparties\pdsc\STMicroelectronics.FP-SNS-MOTENV1.5.1.0.pdsc: PDSC version is not supported
2026-06-16 20:25:50,205 [WARN] PackLoader:240 - Cannot read IP mode file for STMicroelectronics.FP-SNS-FLIGHT1.5.0.2
2026-06-16 20:25:50,226 [WARN] PackLoader:240 - Cannot read IP mode file for STMicroelectronics.X-CUBE-AZRTOS-H7.3.4.0
2026-06-16 20:25:50,244 [WARN] PackLoader:240 - Cannot read IP mode file for STMicroelectronics.X-CUBE-DISPLAY.3.0.0
2026-06-16 20:25:50,254 [WARN] PackLoader:240 - Cannot read IP mode file for STMicroelectronics.X-CUBE-GNSS1.7.1.1
2026-06-16 20:25:50,254 [ERROR] Engine:466 - C:\Users\USER\.stm32cubemx\thirdparties\pdsc\STMicroelectronics.FP-SNS-MOTENVWB1.1.5.0.pdsc: PDSC version is not supported
2026-06-16 20:25:50,264 [WARN] PackLoader:240 - Cannot read IP mode file for STMicroelectronics.X-CUBE-BLE1.7.0.0
2026-06-16 20:25:50,274 [WARN] PackLoader:240 - Cannot read IP mode file for STMicroelectronics.X-CUBE-NFC10.1.0.0
2026-06-16 20:25:50,287 [WARN] PackLoader:240 - Cannot read IP mode file for STMicroelectronics.X-CUBE-BLEMGR.4.0.0
2026-06-16 20:25:50,287 [ERROR] Engine:466 - C:\Users\USER\.stm32cubemx\thirdparties\pdsc\STMicroelectronics.X-CUBE-ST60.1.1.0.pdsc: PDSC version is not supported
2026-06-16 20:25:50,299 [WARN] PackLoader:240 - Cannot read IP mode file for emotas.I-CUBE-CANOPEN.1.3.0
2026-06-16 20:25:50,309 [WARN] PackLoader:240 - Cannot read IP mode file for STMicroelectronics.X-CUBE-GNSS1.7.1.0
2026-06-16 20:25:50,319 [WARN] PackLoader:240 - Cannot read IP mode file for STMicroelectronics.X-CUBE-BLEMGR.3.1.0
2026-06-16 20:25:50,326 [WARN] PackLoader:240 - Cannot read IP mode file for STMicroelectronics.X-CUBE-AI.10.0.0
2026-06-16 20:25:50,326 [ERROR] Engine:466 - C:\Users\USER\.stm32cubemx\thirdparties\pdsc\STMicroelectronics.FP-SNS-STBOX1.2.1.0.pdsc: PDSC version is not supported
2026-06-16 20:25:50,339 [WARN] PackLoader:240 - Cannot read IP mode file for STMicroelectronics.FP-SNS-SMARTAG2.1.2.0
2026-06-16 20:25:50,342 [ERROR] Engine:466 - C:\Users\USER\.stm32cubemx\thirdparties\pdsc\STMicroelectronics.FP-SNS-FLIGHT1.5.1.0.pdsc: PDSC version is not supported
2026-06-16 20:25:50,387 [WARN] PackLoader:240 - Cannot read IP mode file for STMicroelectronics.X-CUBE-MEMS1.11.1.0
2026-06-16 20:25:50,507 [INFO] LogOutputStream:77 - [STDOUT_REDIRECT] 1 : Invalid condition id : UX_CORESTACK_Condition cause : null
2026-06-16 20:25:50,508 [INFO] LogOutputStream:77 - [STDOUT_REDIRECT] 1 : Invalid condition id : UX_CORESTACK_Condition cause : null
2026-06-16 20:25:50,509 [INFO] LogOutputStream:77 - [STDOUT_REDIRECT] 1 : Invalid condition id : UX_CORESTACK_Condition cause : null
2026-06-16 20:25:50,511 [INFO] LogOutputStream:77 - [STDOUT_REDIRECT] 1 : Invalid condition id : UX_CORESTACK_Condition cause : null
2026-06-16 20:25:50,512 [INFO] LogOutputStream:77 - [STDOUT_REDIRECT] 1 : Invalid condition id : UX_CORESTACK_Condition cause : null
2026-06-16 20:25:50,515 [WARN] PackLoader:240 - Cannot read IP mode file for STMicroelectronics.X-CUBE-AZRTOS-WL.2.0.0
2026-06-16 20:25:50,526 [WARN] PackLoader:240 - Cannot read IP mode file for STMicroelectronics.FP-SNS-MOTENV1.5.0.0
2026-06-16 20:25:50,576 [WARN] PackLoader:240 - Cannot read IP mode file for STMicroelectronics.X-CUBE-AZRTOS-H7RS.1.2.0
2026-06-16 20:25:50,590 [WARN] PackLoader:240 - Cannot read IP mode file for wolfSSL.I-CUBE-wolfMQTT.1.19.0
2026-06-16 20:25:50,605 [WARN] PackLoader:240 - Cannot read IP mode file for WES.I-CUBE-Cesium.1.3.0
2026-06-16 20:25:50,613 [WARN] PackLoader:240 - Cannot read IP mode file for STMicroelectronics.X-CUBE-BLE2.3.3.0
2026-06-16 20:25:50,616 [ERROR] Engine:466 - C:\Users\USER\.stm32cubemx\thirdparties\pdsc\Avnet-IOTCONNECT.X-CUBE-iotc-st67-sdk.1.0.0.pdsc: PDSC version is not supported
2026-06-16 20:25:50,624 [WARN] PackLoader:240 - Cannot read IP mode file for STMicroelectronics.X-CUBE-NFC9.1.0.0
2026-06-16 20:25:50,631 [WARN] PackLoader:240 - Cannot read IP mode file for STMicroelectronics.X-CUBE-BLE1.7.1.0
2026-06-16 20:25:50,640 [WARN] PackLoader:240 - Cannot read IP mode file for STMicroelectronics.X-CUBE-TCPP.4.1.0
2026-06-16 20:25:50,645 [ERROR] Engine:466 - C:\Users\USER\.stm32cubemx\thirdparties\pdsc\STMicroelectronics.X-CUBE-FREERTOS.1.4.0.pdsc: PDSC version is not supported
2026-06-16 20:25:50,654 [WARN] PackLoader:240 - Cannot read IP mode file for STMicroelectronics.X-CUBE-EEPRMA1.5.2.0
2026-06-16 20:25:50,660 [ERROR] Engine:466 - C:\Users\USER\.stm32cubemx\thirdparties\pdsc\STMicroelectronics.X-CUBE-ST67W61.1.1.0.pdsc: PDSC version is not supported
2026-06-16 20:25:50,662 [ERROR] Engine:466 - C:\Users\USER\.stm32cubemx\thirdparties\pdsc\STMicroelectronics.FP-SNS-STAIOTCFT.1.1.0.pdsc: PDSC version is not supported
2026-06-16 20:25:50,715 [WARN] PackLoader:240 - Cannot read IP mode file for STMicroelectronics.X-CUBE-MEMS1.12.0.0
2026-06-16 20:25:50,788 [WARN] PackLoader:240 - Cannot read IP mode file for STMicroelectronics.X-CUBE-ALGOBUILD.1.3.0
2026-06-16 20:25:50,830 [WARN] PackLoader:240 - Cannot read IP mode file for STMicroelectronics.X-CUBE-MEMS1.11.2.0
2026-06-16 20:25:50,964 [WARN] PackLoader:240 - Cannot read IP mode file for STMicroelectronics.X-CUBE-AZRTOS-G0.1.1.0
2026-06-16 20:25:50,992 [WARN] PackLoader:240 - Cannot read IP mode file for STMicroelectronics.X-CUBE-SAFEA1.1.2.2
2026-06-16 20:25:51,003 [WARN] PackLoader:240 - Cannot read IP mode file for STMicroelectronics.X-CUBE-NFC4.3.0.0
2026-06-16 20:25:51,019 [WARN] PackLoader:240 - Cannot read IP mode file for EmbeddedOffice.I-CUBE-FS-RTOS.1.0.1
2026-06-16 20:25:51,020 [ERROR] ConditionMgr:805 - Attr not supported : Dmpu
2026-06-16 20:25:51,020 [ERROR] ConditionMgr:805 - Attr not supported : Dmpu
2026-06-16 20:25:51,020 [ERROR] ConditionMgr:805 - Attr not supported : Dmpu
2026-06-16 20:25:51,020 [ERROR] ConditionMgr:805 - Attr not supported : Dmpu
2026-06-16 20:25:51,020 [ERROR] ConditionMgr:805 - Attr not supported : Dmpu
2026-06-16 20:25:51,020 [ERROR] ConditionMgr:805 - Attr not supported : Dmpu
2026-06-16 20:25:51,020 [ERROR] ConditionMgr:805 - Attr not supported : Dmpu
2026-06-16 20:25:51,020 [ERROR] ConditionMgr:805 - Attr not supported : Dmpu
2026-06-16 20:25:51,020 [ERROR] ConditionMgr:805 - Attr not supported : Dmpu
2026-06-16 20:25:51,023 [ERROR] ConditionMgr:805 - Attr not supported : Dmpu
2026-06-16 20:25:51,023 [ERROR] ConditionMgr:805 - Attr not supported : Dmpu
2026-06-16 20:25:51,023 [ERROR] ConditionMgr:805 - Attr not supported : Dmpu
2026-06-16 20:25:51,023 [ERROR] ConditionMgr:805 - Attr not supported : Dmpu
2026-06-16 20:25:51,023 [ERROR] ConditionMgr:805 - Attr not supported : Dmpu
2026-06-16 20:25:51,023 [ERROR] ConditionMgr:805 - Attr not supported : Dmpu
2026-06-16 20:25:51,023 [ERROR] ConditionMgr:805 - Attr not supported : Dmpu
2026-06-16 20:25:51,023 [ERROR] ConditionMgr:805 - Attr not supported : Dmpu
2026-06-16 20:25:51,023 [ERROR] ConditionMgr:805 - Attr not supported : Dmpu
2026-06-16 20:25:51,023 [ERROR] ConditionMgr:805 - Attr not supported : Dmpu
2026-06-16 20:25:51,023 [ERROR] ConditionMgr:805 - Attr not supported : Dmpu
2026-06-16 20:25:51,023 [ERROR] ConditionMgr:805 - Attr not supported : Dmpu
2026-06-16 20:25:51,024 [ERROR] ConditionMgr:805 - Attr not supported : Dmpu
2026-06-16 20:25:51,024 [ERROR] ConditionMgr:805 - Attr not supported : Dmpu
2026-06-16 20:25:51,024 [ERROR] ConditionMgr:805 - Attr not supported : Dmpu
2026-06-16 20:25:51,024 [ERROR] ConditionMgr:805 - Attr not supported : Dmpu
2026-06-16 20:25:51,024 [ERROR] ConditionMgr:805 - Attr not supported : Dmpu
2026-06-16 20:25:51,024 [ERROR] ConditionMgr:805 - Attr not supported : Dmpu
2026-06-16 20:25:51,024 [ERROR] ConditionMgr:805 - Attr not supported : Dmpu
2026-06-16 20:25:51,024 [ERROR] ConditionMgr:805 - Attr not supported : Dmpu
2026-06-16 20:25:51,024 [ERROR] ConditionMgr:805 - Attr not supported : Dmpu
2026-06-16 20:25:51,024 [ERROR] ConditionMgr:805 - Attr not supported : Dmpu
2026-06-16 20:25:51,024 [ERROR] ConditionMgr:805 - Attr not supported : Dmpu
2026-06-16 20:25:51,024 [ERROR] ConditionMgr:805 - Attr not supported : Dmpu
2026-06-16 20:25:51,024 [ERROR] ConditionMgr:805 - Attr not supported : Dmpu
2026-06-16 20:25:51,024 [ERROR] ConditionMgr:805 - Attr not supported : Dmpu
2026-06-16 20:25:51,024 [ERROR] ConditionMgr:805 - Attr not supported : Dmpu
2026-06-16 20:25:51,024 [ERROR] ConditionMgr:805 - Attr not supported : Dmpu
2026-06-16 20:25:51,024 [ERROR] ConditionMgr:805 - Attr not supported : Dmpu
2026-06-16 20:25:51,024 [ERROR] ConditionMgr:805 - Attr not supported : Dmpu
2026-06-16 20:25:51,024 [ERROR] ConditionMgr:805 - Attr not supported : Dmpu
2026-06-16 20:25:51,024 [ERROR] ConditionMgr:805 - Attr not supported : Dmpu
2026-06-16 20:25:51,024 [ERROR] ConditionMgr:805 - Attr not supported : Dmpu
2026-06-16 20:25:51,024 [ERROR] ConditionMgr:805 - Attr not supported : Dmpu
2026-06-16 20:25:51,024 [ERROR] ConditionMgr:805 - Attr not supported : Dmpu
2026-06-16 20:25:51,024 [ERROR] ConditionMgr:805 - Attr not supported : Dmpu
2026-06-16 20:25:51,024 [ERROR] ConditionMgr:805 - Attr not supported : Dmpu
2026-06-16 20:25:51,024 [ERROR] ConditionMgr:805 - Attr not supported : Dmpu
2026-06-16 20:25:51,024 [ERROR] ConditionMgr:805 - Attr not supported : Dmpu
2026-06-16 20:25:51,024 [ERROR] ConditionMgr:805 - Attr not supported : Dmpu
2026-06-16 20:25:51,024 [ERROR] ConditionMgr:805 - Attr not supported : Dmpu
2026-06-16 20:25:51,024 [ERROR] ConditionMgr:805 - Attr not supported : Dmpu
2026-06-16 20:25:51,025 [ERROR] ConditionMgr:805 - Attr not supported : Dmpu
2026-06-16 20:25:51,025 [ERROR] ConditionMgr:805 - Attr not supported : Dmpu
2026-06-16 20:25:51,025 [ERROR] ConditionMgr:805 - Attr not supported : Dmpu
2026-06-16 20:25:51,025 [ERROR] ConditionMgr:805 - Attr not supported : Dmpu
2026-06-16 20:25:51,025 [ERROR] ConditionMgr:805 - Attr not supported : Dmpu
2026-06-16 20:25:51,025 [ERROR] ConditionMgr:805 - Attr not supported : Dmpu
2026-06-16 20:25:51,025 [ERROR] ConditionMgr:805 - Attr not supported : Dmpu
2026-06-16 20:25:51,025 [ERROR] ConditionMgr:805 - Attr not supported : Dmpu
2026-06-16 20:25:51,025 [ERROR] ConditionMgr:805 - Attr not supported : Dmpu
2026-06-16 20:25:51,025 [ERROR] ConditionMgr:805 - Attr not supported : Dmpu
2026-06-16 20:25:51,025 [ERROR] ConditionMgr:805 - Attr not supported : Dmpu
2026-06-16 20:25:51,025 [ERROR] ConditionMgr:805 - Attr not supported : Dmpu
2026-06-16 20:25:51,025 [ERROR] ConditionMgr:805 - Attr not supported : Dmpu
2026-06-16 20:25:51,031 [WARN] PackLoader:240 - Cannot read IP mode file for STMicroelectronics.X-CUBE-WB05N.2.0.0
2026-06-16 20:25:51,036 [ERROR] Engine:466 - C:\Users\USER\.stm32cubemx\thirdparties\pdsc\STMicroelectronics.X-CUBE-TCPP.4.2.0.pdsc: PDSC version is not supported
2026-06-16 20:25:51,045 [WARN] PackLoader:240 - Cannot read IP mode file for RealThread.X-CUBE-RT-Thread_Nano.4.1.1
2026-06-16 20:25:51,053 [WARN] PackLoader:240 - Cannot read IP mode file for wolfSSL.I-CUBE-wolfSSL.5.7.0
2026-06-16 20:25:51,054 [WARN] PackLoader:240 - Cannot read IP mode file for STMicroelectronics.FP-ATR-SIGFOX1.3.2.0
2026-06-16 20:25:51,069 [WARN] ConditionMgr:438 - getConditionDescription Invalid condition id : Cortex-A Device cause : null
2026-06-16 20:25:51,093 [WARN] ConditionMgr:1039 - genDependencies : Invalid condition id : Cortex-A Device cause : null
2026-06-16 20:25:51,093 [WARN] ConditionMgr:1039 - genDependencies : Invalid condition id : Cortex-A Device cause : null
2026-06-16 20:25:51,094 [WARN] ConditionMgr:1039 - genDependencies : Invalid condition id : Cortex-A Device cause : null
2026-06-16 20:25:51,100 [WARN] PackLoader:240 - Cannot read IP mode file for STMicroelectronics.X-CUBE-EEPRMA1.5.1.0
2026-06-16 20:25:51,105 [ERROR] Engine:466 - C:\Users\USER\.stm32cubemx\thirdparties\pdsc\STMicroelectronics.X-CUBE-FREERTOS.1.5.0.pdsc: PDSC version is not supported
2026-06-16 20:25:51,114 [WARN] PackLoader:240 - Cannot read IP mode file for ITTIA_DB.I-CUBE-ITTIADB.8.9.0
2026-06-16 20:25:51,126 [WARN] PackLoader:240 - Cannot read IP mode file for STMicroelectronics.X-CUBE-NFC6.3.2.0
2026-06-16 20:25:51,132 [WARN] PackLoader:240 - Cannot read IP mode file for STMicroelectronics.X-CUBE-AI.10.2.0
2026-06-16 20:25:51,176 [WARN] PackLoader:240 - Cannot read IP mode file for STMicroelectronics.X-CUBE-MEMS1.12.1.0
2026-06-16 20:25:51,281 [WARN] PackLoader:240 - Cannot read IP mode file for SEGGER.I-CUBE-embOS.1.3.1
2026-06-16 20:25:51,316 [WARN] PackLoader:240 - Cannot read IP mode file for STMicroelectronics.X-CUBE-ALGOBUILD.1.4.0
2026-06-16 20:25:51,320 [WARN] PackLoader:240 - Cannot read IP mode file for STMicroelectronics.X-CUBE-AI.9.1.0
2026-06-16 20:25:51,329 [WARN] PackLoader:240 - Cannot read IP mode file for STMicroelectronics.X-CUBE-NFC13.1.0.0
2026-06-16 20:25:51,339 [WARN] PackLoader:240 - Cannot read IP mode file for STMicroelectronics.X-CUBE-PM33A1.1.0.0
2026-06-16 20:25:51,346 [WARN] PackLoader:240 - Cannot read IP mode file for STMicroelectronics.X-CUBE-GNSS1.6.0.0
2026-06-16 20:25:51,354 [WARN] PackLoader:240 - Cannot read IP mode file for STMicroelectronics.X-CUBE-AZRTOS-F4.1.1.0
2026-06-16 20:25:51,364 [ERROR] Engine:466 - C:\Users\USER\.stm32cubemx\thirdparties\pdsc\Avnet-IotConnect.X-CUBE-IoTC-DA16k-PMOD.1.0.0.pdsc: PDSC version is not supported
2026-06-16 20:25:51,373 [WARN] PackLoader:240 - Cannot read IP mode file for STMicroelectronics.X-CUBE-ISPU.2.1.0
2026-06-16 20:25:51,378 [ERROR] Engine:466 - C:\Users\USER\.stm32cubemx\thirdparties\pdsc\STMicroelectronics.X-CUBE-IPS.3.2.0.pdsc: PDSC version is not supported
2026-06-16 20:25:51,380 [ERROR] Engine:466 - C:\Users\USER\.stm32cubemx\thirdparties\pdsc\STMicroelectronics.eDS-WB_DPC_TT-BIDIR.2.1.1.pdsc: PDSC version is not supported
2026-06-16 20:25:51,387 [WARN] PackLoader:240 - Cannot read IP mode file for STMicroelectronics.X-CUBE-FREERTOS.1.2.0
2026-06-16 20:25:51,395 [WARN] PackLoader:240 - Cannot read IP mode file for STMicroelectronics.X-CUBE-NFC12.1.0.0
2026-06-16 20:25:51,417 [WARN] PackLoader:240 - Cannot read IP mode file for STMicroelectronics.X-CUBE-AZRTOS-L5.2.0.0
2026-06-16 20:25:51,426 [WARN] PackLoader:240 - Cannot read IP mode file for STMicroelectronics.X-CUBE-NFC6.3.1.0
2026-06-16 20:25:51,434 [WARN] PackLoader:240 - Cannot read IP mode file for STMicroelectronics.X-CUBE-ALGOBUILD.1.5.0
2026-06-16 20:25:51,444 [WARN] PackLoader:240 - Cannot read IP mode file for STMicroelectronics.X-CUBE-DPower.1.2.0
2026-06-16 20:25:51,447 [ERROR] Engine:466 - C:\Users\USER\.stm32cubemx\thirdparties\pdsc\STMicroelectronics.eDS-WB_DPC_VIENNA.1.2.0.pdsc: PDSC version is not supported
2026-06-16 20:25:51,449 [ERROR] Engine:466 - C:\Users\USER\.stm32cubemx\thirdparties\pdsc\STMicroelectronics.eDS-WB_DPC_3PH2L-BIDIR.1.1.1.pdsc: PDSC version is not supported
2026-06-16 20:25:51,454 [WARN] PackLoader:240 - Cannot read IP mode file for STMicroelectronics.X-CUBE-AI.9.0.0
2026-06-16 20:25:51,454 [ERROR] Engine:466 - C:\Users\USER\.stm32cubemx\thirdparties\pdsc\STMicroelectronics.X-CUBE-ST67W61.1.3.0.pdsc: PDSC version is not supported
2026-06-16 20:25:51,464 [WARN] PackLoader:240 - Cannot read IP mode file for STMicroelectronics.X-CUBE-FREERTOS.1.3.1
2026-06-16 20:25:51,472 [WARN] PackLoader:240 - Cannot read IP mode file for STMicroelectronics.X-CUBE-FREERTOS.1.3.0
2026-06-16 20:25:51,479 [WARN] PackLoader:240 - Cannot read IP mode file for STMicroelectronics.X-CUBE-NFC7.1.0.1
2026-06-16 20:25:51,487 [WARN] PackLoader:240 - Cannot read IP mode file for STMicroelectronics.X-CUBE-TOUCHGFX.4.26.0
2026-06-16 20:25:51,618 [WARN] PackLoader:240 - Cannot read IP mode file for STMicroelectronics.X-CUBE-TOUCHGFX.4.26.1
2026-06-16 20:25:51,620 [ERROR] Engine:466 - C:\Users\USER\.stm32cubemx\thirdparties\pdsc\STMicroelectronics.FP-SNS-STAIOTCFT.1.0.0.pdsc: PDSC version is not supported
2026-06-16 20:25:51,626 [WARN] PackLoader:240 - Cannot read IP mode file for STMicroelectronics.X-CUBE-DPower.1.3.0
2026-06-16 20:25:51,644 [WARN] ConditionMgr:438 - getConditionDescription Invalid condition id : LAN8742 Phy interface Condition cause : null
2026-06-16 20:25:51,645 [WARN] PackLoader:240 - Cannot read IP mode file for STMicroelectronics.X-CUBE-AZRTOS-L4.2.0.0
2026-06-16 20:25:51,645 [WARN] ConditionMgr:1039 - genDependencies : Invalid condition id : LAN8742 Phy interface Condition cause : null
2026-06-16 20:25:51,647 [WARN] ConditionMgr:1039 - genDependencies : Invalid condition id : LAN8742 Phy interface Condition cause : null
2026-06-16 20:25:51,647 [WARN] ConditionMgr:1039 - genDependencies : Invalid condition id : LAN8742 Phy interface Condition cause : null
2026-06-16 20:25:51,656 [WARN] PackLoader:240 - Cannot read IP mode file for STMicroelectronics.X-CUBE-SFXS2LP1.4.0.0
2026-06-16 20:25:51,664 [WARN] PackLoader:240 - Cannot read IP mode file for STMicroelectronics.X-CUBE-WB05N.2.1.0
2026-06-16 20:25:51,669 [ERROR] Engine:466 - C:\Users\USER\.stm32cubemx\thirdparties\pdsc\STMicroelectronics.X-CUBE-ST67W61.1.2.0.pdsc: PDSC version is not supported
2026-06-16 20:25:51,687 [WARN] PackLoader:240 - Cannot read IP mode file for STMicroelectronics.X-CUBE-AZRTOS-H7.3.3.0
2026-06-16 20:25:51,694 [ERROR] Engine:466 - C:\Users\USER\.stm32cubemx\thirdparties\pdsc\STMicroelectronics.X-CUBE-BLEMGR.4.1.0.pdsc: PDSC version is not supported
2026-06-16 20:25:51,711 [WARN] PackLoader:240 - Cannot read IP mode file for STMicroelectronics.X-CUBE-IPS.3.0.0
2026-06-16 20:25:51,726 [WARN] ConditionMgr:438 - getConditionDescription Invalid condition id : UX DEVICE CLASS RTOS Condition cause : null
2026-06-16 20:25:51,726 [WARN] ConditionMgr:438 - getConditionDescription Invalid condition id : UX DEVICE CLASS RTOS Condition cause : null
2026-06-16 20:25:51,726 [WARN] PackLoader:240 - Cannot read IP mode file for STMicroelectronics.X-CUBE-AZRTOS-WB.2.0.0
2026-06-16 20:25:51,726 [WARN] ConditionMgr:1039 - genDependencies : Invalid condition id : UX DEVICE CLASS RTOS Condition cause : null
2026-06-16 20:25:51,726 [WARN] ConditionMgr:1039 - genDependencies : Invalid condition id : UX DEVICE CLASS RTOS Condition cause : null
2026-06-16 20:25:51,726 [WARN] ConditionMgr:1039 - genDependencies : Invalid condition id : UX DEVICE CLASS RTOS Condition cause : null
2026-06-16 20:25:51,726 [WARN] ConditionMgr:1039 - genDependencies : Invalid condition id : UX DEVICE CLASS RTOS Condition cause : null
2026-06-16 20:25:51,726 [WARN] ConditionMgr:1039 - genDependencies : Invalid condition id : UX DEVICE CLASS RTOS Condition cause : null
2026-06-16 20:25:51,736 [WARN] PackLoader:240 - Cannot read IP mode file for STMicroelectronics.X-CUBE-GNSS1.7.0.0
2026-06-16 20:25:51,742 [WARN] PackLoader:240 - Cannot read IP mode file for STMicroelectronics.X-CUBE-GNSS1.7.0.1
2026-06-16 20:25:51,746 [WARN] PackLoader:240 - Cannot read IP mode file for STMicroelectronics.X-CUBE-TOUCHGFX.4.25.0
2026-06-16 20:25:51,754 [WARN] PackLoader:240 - Cannot read IP mode file for STMicroelectronics.FP-SNS-STBOX1.2.0.0
2026-06-16 20:25:51,764 [WARN] PackLoader:240 - Cannot read IP mode file for STMicroelectronics.X-CUBE-STSE01.2.0.0
2026-06-16 20:25:51,776 [WARN] PackLoader:240 - Cannot read IP mode file for STMicroelectronics.X-CUBE-SUBG2.5.0.0
2026-06-16 20:25:51,795 [WARN] PackLoader:240 - Cannot read IP mode file for STMicroelectronics.X-CUBE-AZRTOS-H7RS.1.1.0
2026-06-16 20:25:51,808 [WARN] PackLoader:240 - Cannot read IP mode file for Cesanta.I-CUBE-Mongoose.7.13.0
2026-06-16 20:25:51,821 [WARN] PackLoader:240 - Cannot read IP mode file for STMicroelectronics.X-CUBE-AZRTOS-G4.2.0.0
2026-06-16 20:25:51,825 [WARN] PackLoader:240 - Cannot read IP mode file for STMicroelectronics.X-CUBE-NFC7.2.0.0
2026-06-16 20:25:51,834 [WARN] PackLoader:240 - Cannot read IP mode file for STMicroelectronics.X-CUBE-ISPU.2.0.0
2026-06-16 20:25:51,840 [ERROR] Engine:466 - C:\Users\USER\.stm32cubemx\thirdparties\pdsc\STMicroelectronics.X-CUBE-IPS.3.1.0.pdsc: PDSC version is not supported
2026-06-16 20:25:51,847 [WARN] PackLoader:240 - Cannot read IP mode file for STMicroelectronics.X-CUBE-ALS.1.0.2
2026-06-16 20:25:51,876 [WARN] PackLoader:240 - Cannot read IP mode file for STMicroelectronics.X-CUBE-MEMS1.10.0.0
2026-06-16 20:25:51,971 [WARN] PackLoader:240 - Cannot read IP mode file for STMicroelectronics.X-CUBE-FREERTOS.1.1.0
2026-06-16 20:25:51,977 [WARN] PackLoader:240 - Cannot read IP mode file for STMicroelectronics.X-CUBE-TOUCHGFX.4.24.2
2026-06-16 20:25:51,982 [WARN] PackLoader:240 - Cannot read IP mode file for STMicroelectronics.X-CUBE-TOUCHGFX.4.24.1
2026-06-16 20:25:51,988 [WARN] PackLoader:240 - Cannot read IP mode file for STMicroelectronics.X-CUBE-STSE01.1.0.0
2026-06-16 20:25:51,995 [WARN] PackLoader:240 - Cannot read IP mode file for wolfSSL.I-CUBE-wolfTPM.3.4.0
2026-06-16 20:25:52,005 [WARN] PackLoader:240 - Cannot read IP mode file for portGmbH.I-Cube-SoM-uGOAL.1.1.0
2026-06-16 20:25:52,010 [WARN] PackLoader:240 - Cannot read IP mode file for STMicroelectronics.X-CUBE-ALS.1.0.1
2026-06-16 20:25:52,021 [WARN] PackLoader:240 - Cannot read IP mode file for STMicroelectronics.X-CUBE-AZRTOS-H7RS.1.0.0
2026-06-16 20:25:52,026 [WARN] PackLoader:240 - Cannot read IP mode file for STMicroelectronics.FP-ATR-ASTRA1.2.0.0
2026-06-16 20:25:52,044 [WARN] PackLoader:240 - Cannot read IP mode file for STMicroelectronics.X-CUBE-TOF1.3.4.2
2026-06-16 20:25:52,128 [ERROR] Engine:466 - C:\Users\USER\.stm32cubemx\thirdparties\pdsc\STMicroelectronics.X-CUBE-TOF1.3.4.3.pdsc: PDSC version is not supported
2026-06-16 20:25:52,136 [WARN] PackLoader:240 - Cannot read IP mode file for STMicroelectronics.X-CUBE-TOF1.3.4.1
2026-06-16 20:25:52,154 [WARN] PackLoader:240 - Cannot read IP mode file for STMicroelectronics.X-CUBE-AZRTOS-H7.3.2.0
2026-06-16 20:25:52,177 [WARN] PackLoader:240 - Cannot read IP mode file for Infineon.AIROC-Wi-Fi-Bluetooth-STM32.1.6.0
2026-06-16 20:25:52,186 [WARN] PackLoader:240 - Cannot read IP mode file for wolfSSL.I-CUBE-wolfSSH.1.4.17
2026-06-16 20:25:52,187 [INFO] ThirdParty:978 - Integrity check success = true
2026-06-16 20:25:52,188 [INFO] IntegrityCheckThread:100 - exiting critical section [integrity check]
2026-06-16 20:25:52,188 [INFO] IntegrityCheckThread:103 - End integrity checks thread
2026-06-16 20:40:49,717 [INFO] McuFinderGlobals:63 - Set McuFinder mode to 2 (CubeIDE integrated)
2026-06-16 20:40:49,722 [INFO] MainUpdater:2873 - connection check result : 10
2026-06-16 20:40:49,722 [INFO] MainUpdater:2873 - connection check result : 10
2026-06-16 20:40:49,761 [INFO] MicroXplorer:468 - Change Database Path : 
2026-06-16 20:40:49,761 [INFO] MicroXplorer:498 - Change Database Version : DB.6.0.110
2026-06-16 20:40:49,765 [WARN] ThirdParty:871 - waiting for thirdparty lock release [close project]
2026-06-16 20:40:49,765 [INFO] ThirdParty:873 - entering critical section [close project]
2026-06-16 20:40:49,767 [INFO] ThirdParty:883 - exiting critical section [close project]
2026-06-16 20:40:49,770 [INFO] PinOutPanel:1561 - setPackage(No Configuration,No Configuration)
2026-06-16 20:40:49,774 [INFO] UtilMem:75 - Begin LoadConfig() Used Memory: 762771480 Bytes (1073741824)
2026-06-16 20:40:49,775 [INFO] MicroXplorer:468 - Change Database Path : 
2026-06-16 20:40:49,775 [INFO] MicroXplorer:498 - Change Database Version : DB.6.0.110
2026-06-16 20:40:49,775 [INFO] OpenFileManager:312 - Change cursor
2026-06-16 20:40:49,793 [INFO] ThirdPartyDownloadManager:103 - Found SW packSTMicroelectronics.X-CUBE-TOUCHGFX.4.26.0up-to-date on disk
2026-06-16 20:40:49,822 [INFO] Mcu:2021 - Initializing MCU STM32F411C(C-E)Ux STM32F411CEUx STM32F411CEU6
2026-06-16 20:40:51,338 [INFO] Context:663 - Trying to add GPIOservice into a context  which must be forbidden
2026-06-16 20:40:51,804 [INFO] ApiDbMcu:508 - Load IP Config File for STMicroelectronics.X-CUBE-TOUCHGFX.4.26.0
2026-06-16 20:40:52,090 [INFO] RtosManager:555 - Registered RTOS mode: class=CMSIS, group=RTOS, mode=CMSIS_V1, owner=FREERTOS
2026-06-16 20:40:52,090 [INFO] RtosManager:555 - Registered RTOS mode: class=CMSIS, group=RTOS2, mode=CMSIS_V2, owner=FREERTOS
2026-06-16 20:40:52,090 [INFO] RtosManager:555 - Registered RTOS mode: class=RTOS, group=Core, mode=CMSIS_V1, owner=FREERTOS
2026-06-16 20:40:52,090 [INFO] RtosManager:555 - Registered RTOS mode: class=RTOS, group=Core, mode=CMSIS_V2, owner=FREERTOS
2026-06-16 20:40:52,091 [WARN] ModelIntegratedComponent:184 - Missing modes for component STMicroelectronics:FreeRTOS:0.0.1:STMicroelectronics:RTOS:FreeRTOS:Core:::10.2.0:
2026-06-16 20:40:52,104 [WARN] ModelIntegratedComponent:63 - No mode defined for component null
2026-06-16 20:40:52,104 [WARN] ModelIntegratedComponent:63 - No mode defined for component null
2026-06-16 20:40:52,104 [WARN] ModelIntegratedComponent:63 - No mode defined for component null
2026-06-16 20:40:52,104 [WARN] ModelIntegratedComponent:63 - No mode defined for component null
2026-06-16 20:40:52,104 [WARN] ModelIntegratedComponent:63 - No mode defined for component null
2026-06-16 20:40:52,104 [WARN] ModelIntegratedComponent:63 - No mode defined for component null
2026-06-16 20:40:52,104 [WARN] ModelIntegratedComponent:63 - No mode defined for component null
2026-06-16 20:40:52,104 [WARN] ModelIntegratedComponent:63 - No mode defined for component null
2026-06-16 20:40:52,104 [WARN] ModelIntegratedComponent:63 - No mode defined for component null
2026-06-16 20:40:52,104 [WARN] ModelIntegratedComponent:63 - No mode defined for component null
2026-06-16 20:40:52,104 [WARN] ModelIntegratedComponent:63 - No mode defined for component null
2026-06-16 20:40:52,104 [WARN] ModelIntegratedComponent:63 - No mode defined for component null
2026-06-16 20:40:52,105 [WARN] ModelIntegratedComponent:63 - No mode defined for component null
2026-06-16 20:40:52,105 [WARN] ModelIntegratedComponent:63 - No mode defined for component null
2026-06-16 20:40:52,105 [WARN] ModelIntegratedComponent:63 - No mode defined for component null
2026-06-16 20:40:52,105 [WARN] ModelIntegratedComponent:63 - No mode defined for component null
2026-06-16 20:40:52,105 [WARN] ModelIntegratedComponent:63 - No mode defined for component null
2026-06-16 20:40:52,105 [WARN] ModelIntegratedComponent:63 - No mode defined for component null
2026-06-16 20:40:52,105 [WARN] ModelIntegratedComponent:63 - No mode defined for component null
2026-06-16 20:40:52,105 [WARN] ModelIntegratedComponent:63 - No mode defined for component null
2026-06-16 20:40:52,105 [WARN] ModelIntegratedComponent:63 - No mode defined for component null
2026-06-16 20:40:52,105 [WARN] ModelIntegratedComponent:63 - No mode defined for component null
2026-06-16 20:40:52,105 [WARN] ModelIntegratedComponent:63 - No mode defined for component null
2026-06-16 20:40:52,105 [WARN] ModelIntegratedComponent:63 - No mode defined for component null
2026-06-16 20:40:52,105 [WARN] ModelIntegratedComponent:63 - No mode defined for component null
2026-06-16 20:40:52,105 [WARN] ModelIntegratedComponent:63 - No mode defined for component null
2026-06-16 20:40:52,105 [WARN] ModelIntegratedComponent:63 - No mode defined for component null
2026-06-16 20:40:52,105 [WARN] ModelIntegratedComponent:63 - No mode defined for component null
2026-06-16 20:40:52,105 [WARN] ModelIntegratedComponent:63 - No mode defined for component null
2026-06-16 20:40:52,105 [WARN] ModelIntegratedComponent:63 - No mode defined for component null
2026-06-16 20:40:52,105 [WARN] ModelIntegratedComponent:63 - No mode defined for component null
2026-06-16 20:40:52,105 [WARN] ModelIntegratedComponent:63 - No mode defined for component null
2026-06-16 20:40:52,105 [WARN] ModelIntegratedComponent:63 - No mode defined for component null
2026-06-16 20:40:52,105 [WARN] ModelIntegratedComponent:63 - No mode defined for component null
2026-06-16 20:40:52,161 [WARN] ModelIntegratedComponent:182 - Modes not found for component STMicroelectronics:USB_DEVICE:1.0.0:STMicroelectronics:USB::USB Device:Audio HS::1.0:USB_DEVICE_1_0_RESTRICTED_HS
2026-06-16 20:40:52,162 [WARN] ModelIntegratedComponent:188 - Modes not found for component STMicroelectronics:USB_DEVICE:1.0.0:STMicroelectronics:USB::USB Device:Audio HS::1.0:USB_DEVICE_1_0_RESTRICTED_HS
2026-06-16 20:40:52,162 [WARN] ModelIntegratedComponent:182 - Modes not found for component STMicroelectronics:USB_DEVICE:1.0.0:STMicroelectronics:USB::USB Device:CDC HS::1.0:USB_DEVICE_1_0_RESTRICTED_HS
2026-06-16 20:40:52,162 [WARN] ModelIntegratedComponent:188 - Modes not found for component STMicroelectronics:USB_DEVICE:1.0.0:STMicroelectronics:USB::USB Device:CDC HS::1.0:USB_DEVICE_1_0_RESTRICTED_HS
2026-06-16 20:40:52,162 [WARN] ModelIntegratedComponent:182 - Modes not found for component STMicroelectronics:USB_DEVICE:1.0.0:STMicroelectronics:USB::USB Device:DFU HS::1.0:USB_DEVICE_1_0_RESTRICTED_HS
2026-06-16 20:40:52,162 [WARN] ModelIntegratedComponent:188 - Modes not found for component STMicroelectronics:USB_DEVICE:1.0.0:STMicroelectronics:USB::USB Device:DFU HS::1.0:USB_DEVICE_1_0_RESTRICTED_HS
2026-06-16 20:40:52,162 [WARN] ModelIntegratedComponent:182 - Modes not found for component STMicroelectronics:USB_DEVICE:1.0.0:STMicroelectronics:USB::USB Device:HID HS::1.0:USB_DEVICE_1_0_RESTRICTED_HS
2026-06-16 20:40:52,162 [WARN] ModelIntegratedComponent:188 - Modes not found for component STMicroelectronics:USB_DEVICE:1.0.0:STMicroelectronics:USB::USB Device:HID HS::1.0:USB_DEVICE_1_0_RESTRICTED_HS
2026-06-16 20:40:52,162 [WARN] ModelIntegratedComponent:182 - Modes not found for component STMicroelectronics:USB_DEVICE:1.0.0:STMicroelectronics:USB::USB Device:Custom HID HS::1.0:USB_DEVICE_1_0_RESTRICTED_HS
2026-06-16 20:40:52,162 [WARN] ModelIntegratedComponent:188 - Modes not found for component STMicroelectronics:USB_DEVICE:1.0.0:STMicroelectronics:USB::USB Device:Custom HID HS::1.0:USB_DEVICE_1_0_RESTRICTED_HS
2026-06-16 20:40:52,162 [WARN] ModelIntegratedComponent:182 - Modes not found for component STMicroelectronics:USB_DEVICE:1.0.0:STMicroelectronics:USB::USB Device:MSC HS::1.0:USB_DEVICE_1_0_RESTRICTED_HS
2026-06-16 20:40:52,162 [WARN] ModelIntegratedComponent:188 - Modes not found for component STMicroelectronics:USB_DEVICE:1.0.0:STMicroelectronics:USB::USB Device:MSC HS::1.0:USB_DEVICE_1_0_RESTRICTED_HS
2026-06-16 20:40:52,265 [WARN] ModelIntegratedComponent:182 - Modes not found for component STMicroelectronics:USB_HOST:1.0.0:STMicroelectronics:USB::USB Host:Audio HS::1.0:USB_HOST_1_0_RESTRICTED_HS
2026-06-16 20:40:52,266 [WARN] ModelIntegratedComponent:188 - Modes not found for component STMicroelectronics:USB_HOST:1.0.0:STMicroelectronics:USB::USB Host:Audio HS::1.0:USB_HOST_1_0_RESTRICTED_HS
2026-06-16 20:40:52,266 [WARN] ModelIntegratedComponent:182 - Modes not found for component STMicroelectronics:USB_HOST:1.0.0:STMicroelectronics:USB::USB Host:CDC HS::1.0:USB_HOST_1_0_RESTRICTED_HS
2026-06-16 20:40:52,266 [WARN] ModelIntegratedComponent:188 - Modes not found for component STMicroelectronics:USB_HOST:1.0.0:STMicroelectronics:USB::USB Host:CDC HS::1.0:USB_HOST_1_0_RESTRICTED_HS
2026-06-16 20:40:52,266 [WARN] ModelIntegratedComponent:182 - Modes not found for component STMicroelectronics:USB_HOST:1.0.0:STMicroelectronics:USB::USB Host:MSC HS::1.0:USB_HOST_1_0_RESTRICTED_HS
2026-06-16 20:40:52,266 [WARN] ModelIntegratedComponent:188 - Modes not found for component STMicroelectronics:USB_HOST:1.0.0:STMicroelectronics:USB::USB Host:MSC HS::1.0:USB_HOST_1_0_RESTRICTED_HS
2026-06-16 20:40:52,266 [WARN] ModelIntegratedComponent:182 - Modes not found for component STMicroelectronics:USB_HOST:1.0.0:STMicroelectronics:USB::USB Host:HID HS::1.0:USB_HOST_1_0_RESTRICTED_HS
2026-06-16 20:40:52,266 [WARN] ModelIntegratedComponent:188 - Modes not found for component STMicroelectronics:USB_HOST:1.0.0:STMicroelectronics:USB::USB Host:HID HS::1.0:USB_HOST_1_0_RESTRICTED_HS
2026-06-16 20:40:52,266 [WARN] ModelIntegratedComponent:182 - Modes not found for component STMicroelectronics:USB_HOST:1.0.0:STMicroelectronics:USB::USB Host:MTP HS::1.0:USB_HOST_1_0_RESTRICTED_HS
2026-06-16 20:40:52,266 [WARN] ModelIntegratedComponent:188 - Modes not found for component STMicroelectronics:USB_HOST:1.0.0:STMicroelectronics:USB::USB Host:MTP HS::1.0:USB_HOST_1_0_RESTRICTED_HS
2026-06-16 20:40:52,382 [WARN] IP:2120 - tgfx_framebuffer_stride_value_custom not found: check if there is a RefParameter without a condition.
2026-06-16 20:40:52,392 [WARN] IP:2120 - tgfx_framebuffer_stride_value_custom not found: check if there is a RefParameter without a condition.
2026-06-16 20:40:52,968 [INFO] ApiDbMcu:508 - Load IP Config File for FREERTOS
2026-06-16 20:40:53,003 [INFO] ThirdPartyModel:298 - Start build external matchings
2026-06-16 20:40:54,815 [INFO] ThirdPartyModel:316 - End build external matchings
2026-06-16 20:40:54,862 [INFO] RtosManager:919 - Current active RTOS is FREERTOS [Cortex-M4NS]
2026-06-16 20:40:54,880 [INFO] ImportTextPane:194 - (OptionalMessage_ERROR) IP (DMA) : Parameter (Instance) has Id (SPI1_TX) currently not set
2026-06-16 20:40:54,880 [INFO] ImportTextPane:194 - (OptionalMessage_ERROR) IP (DMA) : Parameter (Channel) has Id (SPI1_TX) currently not set
2026-06-16 20:40:54,880 [INFO] ImportTextPane:194 - (OptionalMessage_ERROR) IP (DMA) : Parameter (Direction) has Id (SPI1_TX) currently not set
2026-06-16 20:40:54,880 [INFO] ImportTextPane:194 - (OptionalMessage_ERROR) IP (DMA) : Parameter (PeriphInc) has Id (SPI1_TX) currently not set
2026-06-16 20:40:54,881 [INFO] ImportTextPane:194 - (OptionalMessage_ERROR) IP (DMA) : Parameter (MemInc) has Id (SPI1_TX) currently not set
2026-06-16 20:40:54,881 [INFO] ImportTextPane:194 - (OptionalMessage_ERROR) IP (DMA) : Parameter (PeriphDataAlignment) has Id (SPI1_TX) currently not set
2026-06-16 20:40:54,881 [INFO] ImportTextPane:194 - (OptionalMessage_ERROR) IP (DMA) : Parameter (MemDataAlignment) has Id (SPI1_TX) currently not set
2026-06-16 20:40:54,881 [INFO] ImportTextPane:194 - (OptionalMessage_ERROR) IP (DMA) : Parameter (Mode) has Id (SPI1_TX) currently not set
2026-06-16 20:40:54,881 [INFO] ImportTextPane:194 - (OptionalMessage_ERROR) IP (DMA) : Parameter (Priority) has Id (SPI1_TX) currently not set
2026-06-16 20:40:54,881 [INFO] ImportTextPane:194 - (OptionalMessage_ERROR) IP (DMA) : Parameter (FIFOMode) has Id (SPI1_TX) currently not set
2026-06-16 20:40:54,881 [INFO] ImportTextPane:194 - (OptionalMessage_ERROR) IP (DMA) : Parameter (FIFOThreshold) has Id (SPI1_TX) currently not set
2026-06-16 20:40:54,881 [INFO] ImportTextPane:194 - (OptionalMessage_ERROR) IP (DMA) : Parameter (FIFOThreshold) has invalid value (null)
2026-06-16 20:40:54,881 [INFO] ImportTextPane:194 - (OptionalMessage_ERROR) IP (DMA) : Parameter (MemBurst) has Id (SPI1_TX) currently not set
2026-06-16 20:40:54,881 [INFO] ImportTextPane:194 - (OptionalMessage_ERROR) IP (DMA) : Parameter (MemBurst) has invalid value (null)
2026-06-16 20:40:54,881 [INFO] ImportTextPane:194 - (OptionalMessage_ERROR) IP (DMA) : Parameter (PeriphBurst) has Id (SPI1_TX) currently not set
2026-06-16 20:40:54,881 [INFO] ImportTextPane:194 - (OptionalMessage_ERROR) IP (DMA) : Parameter (PeriphBurst) has invalid value (null)
2026-06-16 20:40:54,881 [INFO] ImportTextPane:194 - (OptionalMessage_ERROR) IP (DMA) : Parameter (Instance) has Id (USART1_RX) currently not set
2026-06-16 20:40:54,881 [INFO] ImportTextPane:194 - (OptionalMessage_ERROR) IP (DMA) : Parameter (Channel) has Id (USART1_RX) currently not set
2026-06-16 20:40:54,881 [INFO] ImportTextPane:194 - (OptionalMessage_ERROR) IP (DMA) : Parameter (Direction) has Id (USART1_RX) currently not set
2026-06-16 20:40:54,882 [INFO] ImportTextPane:194 - (OptionalMessage_ERROR) IP (DMA) : Parameter (PeriphInc) has Id (USART1_RX) currently not set
2026-06-16 20:40:54,882 [INFO] ImportTextPane:194 - (OptionalMessage_ERROR) IP (DMA) : Parameter (MemInc) has Id (USART1_RX) currently not set
2026-06-16 20:40:54,882 [INFO] ImportTextPane:194 - (OptionalMessage_ERROR) IP (DMA) : Parameter (PeriphDataAlignment) has Id (USART1_RX) currently not set
2026-06-16 20:40:54,882 [INFO] ImportTextPane:194 - (OptionalMessage_ERROR) IP (DMA) : Parameter (MemDataAlignment) has Id (USART1_RX) currently not set
2026-06-16 20:40:54,882 [INFO] ImportTextPane:194 - (OptionalMessage_ERROR) IP (DMA) : Parameter (Mode) has Id (USART1_RX) currently not set
2026-06-16 20:40:54,882 [INFO] ImportTextPane:194 - (OptionalMessage_ERROR) IP (DMA) : Parameter (Priority) has Id (USART1_RX) currently not set
2026-06-16 20:40:54,882 [INFO] ImportTextPane:194 - (OptionalMessage_ERROR) IP (DMA) : Parameter (FIFOMode) has Id (USART1_RX) currently not set
2026-06-16 20:40:54,882 [INFO] ImportTextPane:194 - (OptionalMessage_ERROR) IP (DMA) : Parameter (Instance) has Id (USART1_TX) currently not set
2026-06-16 20:40:54,882 [INFO] ImportTextPane:194 - (OptionalMessage_ERROR) IP (DMA) : Parameter (Channel) has Id (USART1_TX) currently not set
2026-06-16 20:40:54,882 [INFO] ImportTextPane:194 - (OptionalMessage_ERROR) IP (DMA) : Parameter (Direction) has Id (USART1_TX) currently not set
2026-06-16 20:40:54,882 [INFO] ImportTextPane:194 - (OptionalMessage_ERROR) IP (DMA) : Parameter (PeriphInc) has Id (USART1_TX) currently not set
2026-06-16 20:40:54,882 [INFO] ImportTextPane:194 - (OptionalMessage_ERROR) IP (DMA) : Parameter (MemInc) has Id (USART1_TX) currently not set
2026-06-16 20:40:54,882 [INFO] ImportTextPane:194 - (OptionalMessage_ERROR) IP (DMA) : Parameter (PeriphDataAlignment) has Id (USART1_TX) currently not set
2026-06-16 20:40:54,882 [INFO] ImportTextPane:194 - (OptionalMessage_ERROR) IP (DMA) : Parameter (MemDataAlignment) has Id (USART1_TX) currently not set
2026-06-16 20:40:54,882 [INFO] ImportTextPane:194 - (OptionalMessage_ERROR) IP (DMA) : Parameter (Mode) has Id (USART1_TX) currently not set
2026-06-16 20:40:54,882 [INFO] ImportTextPane:194 - (OptionalMessage_ERROR) IP (DMA) : Parameter (Priority) has Id (USART1_TX) currently not set
2026-06-16 20:40:54,882 [INFO] ImportTextPane:194 - (OptionalMessage_ERROR) IP (DMA) : Parameter (FIFOMode) has Id (USART1_TX) currently not set
2026-06-16 20:40:54,887 [WARN] IP:2120 - tgfx_framebuffer_stride_value_custom not found: check if there is a RefParameter without a condition.
2026-06-16 20:40:54,889 [INFO] ImportTextPane:194 - (OptionalMessage_ERROR) IP (STMicroelectronics.X-CUBE-TOUCHGFX.4.26.0) : Parameter (ApplicationCcGraphicsJjApplication) has invalid value (TouchGFXOoGenerator)
2026-06-16 20:40:55,328 [INFO] ApiDb:581 - Connected to CubeFinder SQLite database (C:\Users\USER\.stmcufinder\plugins\mcufinder\mcu\cube-finder-db.db)
2026-06-16 20:40:55,411 [INFO] ApiDb:668 - CubeFinder database Data Model version=2.1
2026-06-16 20:40:55,411 [INFO] ApiDb:669 - CubeFinder database Configuration version=3.0.39
2026-06-16 20:40:55,412 [INFO] ApiDb:670 - CubeFinder database generation date=2025-12-22 (1766407740)
2026-06-16 20:40:55,412 [INFO] ApiDb:671 - CubeFinder database FW Pack versions=[FP-ATR-ASTRA1_V2.0.0, FP-SNS-FLIGHT1_V5.1.0, FP-SNS-MOTENV1_V5.1.0, FP-SNS-MOTENVWB1_V1.4.0, FP-SNS-SMARTAG2_V1.2.0, FP-SNS-STBOX1_V2.1.0, STM32Cube_FW_C0_V1.4.0, STM32Cube_FW_F4_V1.28.3, STM32Cube_FW_F7_V1.17.4, STM32Cube_FW_G0_V1.6.2, STM32Cube_FW_G4_V1.6.1, STM32Cube_FW_H5_V1.5.1, STM32Cube_FW_H7RS_V1.3.0, STM32Cube_FW_H7_V1.12.1, STM32Cube_FW_L0_V1.12.2, STM32Cube_FW_L4_V1.18.1, STM32Cube_FW_L5_V1.6.0, STM32Cube_FW_N6_V1.3.0, STM32Cube_FW_U0_V1.3.0, STM32Cube_FW_U3_V1.2.1, STM32Cube_FW_U5_V1.8.0, STM32Cube_FW_WB0_V1.4.0, STM32Cube_FW_WBA_V1.8.0, STM32Cube_FW_WB_V1.24.0, STM32Cube_FW_WL3_V1.3.0, STM32Cube_FW_WL_V1.4.0, X-CUBE-ALGOBUILD_V1.4.0, X-CUBE-ALS_V1.0.2, X-CUBE-AZRTOS-F4_V1.1.0, X-CUBE-AZRTOS-F7_V1.1.0, X-CUBE-AZRTOS-G0_V1.1.0, X-CUBE-AZRTOS-G4_V2.0.0, X-CUBE-AZRTOS-H7RS_V1.1.0, X-CUBE-AZRTOS-H7_V3.4.0, X-CUBE-AZRTOS-L4_V2.0.0, X-CUBE-AZRTOS-L5_V2.0.0, X-CUBE-AZRTOS-WB_V2.0.0, X-CUBE-AZRTOS-WL_V2.0.0, X-CUBE-BLE1_V7.1.0, X-CUBE-BLE2_V3.3.0, X-CUBE-BLEMGR_V4.1.0, X-CUBE-EEPRMA1_V5.2.0, X-CUBE-FREERTOS_V1.3.1, X-CUBE-GNSS1_V6.0.0, X-CUBE-MEMS1_V12.0.0, X-CUBE-NFC4_V3.0.0, X-CUBE-NFC7_V2.0.0, X-CUBE-SFXS2LP1_V4.0.0, X-CUBE-ST67W61_V1.1.0, X-CUBE-SUBG2_V5.0.0, X-CUBE-TOF1_V3.4.3]
2026-06-16 20:40:55,476 [INFO] DbBoardsSqlite:226 - include board P-NUCLEO-WB55-NUCLEO as a kit item of type 'Nucleo-64'
2026-06-16 20:40:55,476 [INFO] DbBoardsSqlite:226 - include board P-NUCLEO-WB55-USBDONGLE as a kit item of type 'Nucleo USB Dongle'
2026-06-16 20:40:55,478 [INFO] DbBoardsSqlite:226 - include board STEVAL-IDP005V1 as a kit item of type 'Evaluation Board'
2026-06-16 20:40:55,478 [INFO] DbBoardsSqlite:226 - include board STEVAL-IDP005V2 as a kit item of type 'Evaluation Board'
2026-06-16 20:40:55,548 [INFO] ApiDb:240 - Found 483 in-development CPN: [B-G473E-ZEST1S, B-WB1M-WPAN1, B-WL5M-SUBG1, NUCLEO-C031C6, NUCLEO-H503RB, NUCLEO-H533RE, NUCLEO-H563ZI, NUCLEO-H7S3L8, NUCLEO-U031R8, NUCLEO-U083RC, NUCLEO-U545RE-Q, NUCLEO-U5A5ZJ-Q, NUCLEO-WBA52CG, NUCLEO-WBA55CG, STEVAL-PROTEUS1, STEVAL-SMARTAG2, STEVAL-STWINBX1, STM320518-EVAL, STM32C0116-DK, STM32C011D6Y3TR, STM32C011D6Y6TR, STM32C011F4P3, STM32C011F4P6, STM32C011F4U3, STM32C011F4U6TR, STM32C011F6P3, STM32C011F6P6, STM32C011F6U3, STM32C011F6U6TR, STM32C011J4M3, STM32C011J4M6, STM32C011J6M3, STM32C011J6M6, STM32C0316-DK, STM32C031C4T3, STM32C031C4T6, STM32C031C4U3, STM32C031C4U6, STM32C031C6T3, STM32C031C6T6, STM32C031C6U3, STM32C031C6U6, STM32C031F4P3, STM32C031F4P6, STM32C031F6P3, STM32C031F6P6, STM32C031G4U3, STM32C031G4U6, STM32C031G6U3, STM32C031G6U6, STM32C031K4T3, STM32C031K4T6, STM32C031K4U3, STM32C031K4U6, STM32C031K6T3, STM32C031K6T6, STM32C031K6U3, STM32C031K6U6, STM32G071K8TXN, STM32G071K8UXN, STM32G081GBU6N, STM32G081KBT6N, STM32G081KBUXN, STM32G0B1CCT6N, STM32G0B1KCT6, STM32G0B1NEY6TR, STM32G0B1RCT6N, STM32G0C1CCT6, STM32G0C1CCT6N, STM32G0C1CCU6N, STM32G0C1CET6N, STM32G0C1CEU6N, STM32G0C1KCT6, STM32G0C1NEY6TR, STM32G0C1RCI6N, STM32G0C1RCT6N, STM32G0C1REI6N, STM32G0C1RET6N, STM32G0C1VCI6, STM32G0C1VEI6, STM32G471CCT6, STM32G471CCU6, STM32G471CET3, STM32G471CET6, STM32G471CEU3, STM32G471CEU6, STM32G471MCT6, STM32G471MET3, STM32G471MET6, STM32G471MEY6TR, STM32G471QCT6, STM32G471QET3, STM32G471RCT6, STM32G471RET3, STM32G471RET6, STM32G471VCH6, STM32G471VCI6, STM32G471VCT6, STM32G471VEH3, STM32G471VEH6, STM32G471VEI3, STM32G471VEI6, STM32G471VET3, STM32G471VET6, STM32G474CCT6, STM32H503CBT6, STM32H503CBU6, STM32H503EBY6TR, STM32H503KBU6, STM32H503RBT6, STM32H523CCT6, STM32H523CCU6, STM32H523CET6, STM32H523CEU6, STM32H523HEY6TR, STM32H523RCT6, STM32H523RET6, STM32H523VCI6, STM32H523VCT6, STM32H523VEI6, STM32H523VET6, STM32H523ZCJ6, STM32H523ZCT6, STM32H523ZEJ6, STM32H523ZET6, STM32H533CET6, STM32H533CEU6, STM32H533HEY6TR, STM32H533RET6, STM32H533VEI6, STM32H533VET6, STM32H533ZEJ6, STM32H533ZET6, STM32H562AGI6, STM32H562AII6, STM32H562IGK6, STM32H562IGT6, STM32H562IIK6, STM32H562IIT6, STM32H562RGT6, STM32H562RGV6, STM32H562RIT6, STM32H562RIV6, STM32H562VGT6, STM32H562VIT6, STM32H562ZGT6, STM32H562ZIT6, STM32H563AGI6, STM32H563AII3Q, STM32H563AII6, STM32H563IGK6, STM32H563IGT6, STM32H563IIK3Q, STM32H563IIK6, STM32H563IIT3Q, STM32H563IIT6, STM32H563MIY3QTR, STM32H563RGT6, STM32H563RGV6, STM32H563RIT6, STM32H563RIV6, STM32H563VGT6, STM32H563VIT3Q, STM32H563VIT6, STM32H563ZGT6, STM32H563ZIT3Q, STM32H563ZIT6, STM32H573AII3Q, STM32H573AII6, STM32H573I-DK, STM32H573IIK3Q, STM32H573IIK6, STM32H573IIT3Q, STM32H573IIT6, STM32H573MIY3QTR, STM32H573RIT6, STM32H573RIV6, STM32H573VIT3Q, STM32H573VIT6, STM32H573ZIT3Q, STM32H573ZIT6, STM32H7R3A8I6, STM32H7R3I8K6, STM32H7R3I8T6, STM32H7R3L8H6, STM32H7R3L8H6H, STM32H7R3R8V6, STM32H7R3V8H6, STM32H7R3V8T6, STM32H7R3V8Y6, STM32H7R3Z8J6, STM32H7R3Z8T6, STM32H7R7A8I6, STM32H7R7I8K6, STM32H7R7I8T6, STM32H7R7L8H6, STM32H7R7L8H6H, STM32H7R7Z8J6, STM32H7S3A8I6, STM32H7S3I8K6, STM32H7S3I8T6, STM32H7S3L8H6, STM32H7S3L8H6H, STM32H7S3R8V6, STM32H7S3V8H6, STM32H7S3V8T6, STM32H7S3V8Y6, STM32H7S3Z8J6, STM32H7S3Z8T6, STM32H7S78-DK, STM32H7S7A8I6, STM32H7S7I8K6, STM32H7S7I8T6, STM32H7S7L8H6, STM32H7S7L8H6H, STM32H7S7Z8J6, STM32L4R5QGI6STR, STM32MP131AAE3, STM32MP131AAF3, STM32MP131AAG3, STM32MP131CAE3, STM32MP131CAF3, STM32MP131CAG3, STM32MP131DAE7, STM32MP131DAF7, STM32MP131DAG7, STM32MP131FAE7, STM32MP131FAF7, STM32MP131FAG7, STM32MP133AAE3, STM32MP133AAF3, STM32MP133AAG3, STM32MP133CAE3, STM32MP133CAF3, STM32MP133CAG3, STM32MP133DAE7, STM32MP133DAF7, STM32MP133DAG7, STM32MP133FAE7, STM32MP133FAF7, STM32MP133FAG7, STM32MP135AAE3, STM32MP135AAF3, STM32MP135AAG3, STM32MP135CAE3, STM32MP135CAF3, STM32MP135CAG3, STM32MP135DAE7, STM32MP135DAF7, STM32MP135DAG7, STM32MP135F-DK, STM32MP135FAE7, STM32MP135FAF7, STM32MP135FAF7T, STM32MP135FAF7U, STM32MP135FAG7, STM32U031C6T6, STM32U031C6U6, STM32U031C8T6, STM32U031C8U6, STM32U031F4P6, STM32U031F6P6, STM32U031F8P6, STM32U031G6Y6TR, STM32U031G8Y6TR, STM32U031K4U6, STM32U031K6U6, STM32U031K8U6, STM32U031R6I6, STM32U031R6T6, STM32U031R8I6, STM32U031R8T6, STM32U073C8T6, STM32U073C8U6, STM32U073CBT6, STM32U073CBU6, STM32U073CCT6, STM32U073CCU6, STM32U073H8Y6TR, STM32U073HBY6TR, STM32U073HCY6TR, STM32U073K8U6, STM32U073KBU6, STM32U073KCU6, STM32U073M8I6, STM32U073M8T6, STM32U073MBI6, STM32U073MBT6, STM32U073MCI6, STM32U073MCT6, STM32U073R8I6, STM32U073R8T6, STM32U073RBI6, STM32U073RBT6, STM32U073RCI6, STM32U073RCT6, STM32U083C-DK, STM32U083CCT6, STM32U083CCU6, STM32U083HCY6TR, STM32U083KCU6, STM32U083MCI6, STM32U083MCT6, STM32U083RCI6, STM32U083RCT6, STM32U535CBT6, STM32U535CBT6Q, STM32U535CBU6, STM32U535CBU6Q, STM32U535CCT6, STM32U535CCT6Q, STM32U535CCU6, STM32U535CCU6Q, STM32U535CET6, STM32U535CET6Q, STM32U535CEU6, STM32U535CEU6Q, STM32U535JEY6QTR, STM32U535NCY6QTR, STM32U535NEY6QTR, STM32U535RBI6, STM32U535RBI6Q, STM32U535RBT6, STM32U535RBT6Q, STM32U535RCI6, STM32U535RCI6Q, STM32U535RCT6, STM32U535RCT6Q, STM32U535REI6, STM32U535REI6Q, STM32U535RET6, STM32U535RET6Q, STM32U535VCI6, STM32U535VCI6Q, STM32U535VCT6, STM32U535VCT6Q, STM32U535VEI6, STM32U535VEI6Q, STM32U535VET6, STM32U535VET6Q, STM32U545CET6, STM32U545CET6Q, STM32U545CEU6, STM32U545CEU6Q, STM32U545JEY6QTR, STM32U545NEY6QTR, STM32U545REI6, STM32U545REI6Q, STM32U545RET6, STM32U545RET6Q, STM32U545VEI6, STM32U545VEI6Q, STM32U545VET6, STM32U545VET6Q, STM32U595AIH6, STM32U595AIH6Q, STM32U595AJH6, STM32U595AJH6Q, STM32U595QII6, STM32U595QII6Q, STM32U595QJI6, STM32U595QJI6Q, STM32U595RIT6, STM32U595RIT6Q, STM32U595RJT6, STM32U595RJT6Q, STM32U595VIT6, STM32U595VIT6Q, STM32U595VJT6, STM32U595VJT6Q, STM32U595ZIT6, STM32U595ZIT6Q, STM32U595ZIY6QTR, STM32U595ZJT6, STM32U595ZJT6Q, STM32U595ZJY6QTR, STM32U599BJY6QTR, STM32U599NIH6Q, STM32U599NJH6Q, STM32U599VIT6Q, STM32U599VJT6, STM32U599VJT6Q, STM32U599ZIT6Q, STM32U599ZIY6QTR, STM32U599ZJT6Q, STM32U599ZJY6QTR, STM32U5A5AJH6, STM32U5A5AJH6Q, STM32U5A5QII3Q , STM32U5A5QJI6, STM32U5A5QJI6Q, STM32U5A5RJT6, STM32U5A5RJT6Q, STM32U5A5VJT6, STM32U5A5VJT6Q, STM32U5A5ZJT6, STM32U5A5ZJT6Q, STM32U5A5ZJY6QTR, STM32U5A9BJY6QTR, STM32U5A9J-DK, STM32U5A9NJH6Q, STM32U5A9VJT6Q, STM32U5A9ZJT6Q, STM32U5A9ZJY6QTR, STM32U5F7VIT6, STM32U5F7VIT6Q, STM32U5F7VJT6, STM32U5F7VJT6Q, STM32U5F9BJY6QTR, STM32U5F9NJH6Q, STM32U5F9VIT6Q, STM32U5F9VJT6Q, STM32U5F9ZIJ6QTR, STM32U5F9ZIT6Q, STM32U5F9ZJJ6QTR, STM32U5F9ZJT6Q, STM32U5G7VJT6, STM32U5G7VJT6Q, STM32U5G9BJY6QTR, STM32U5G9J-DK1, STM32U5G9J-DK2, STM32U5G9NJH6Q, STM32U5G9VJT6Q, STM32U5G9ZJJ6QTR, STM32U5G9ZJT6Q, STM32WB1MMCH6, STM32WBA50KEU6, STM32WBA50KEU6TR, STM32WBA50KGU6, STM32WBA50KGU6TR, STM32WBA52CEU6, STM32WBA52CEU6TR, STM32WBA52CEU7, STM32WBA52CEU7TR, STM32WBA52CGU6, STM32WBA52CGU6TR, STM32WBA52CGU6U, STM32WBA52CGU7, STM32WBA52CGU7TR, STM32WBA52KEU6, STM32WBA52KEU6TR, STM32WBA52KGU6, STM32WBA52KGU6TR, STM32WBA54CEU6, STM32WBA54CEU6TR, STM32WBA54CEU7, STM32WBA54CEU7TR, STM32WBA54CGU6, STM32WBA54CGU6TR, STM32WBA54CGU7, STM32WBA54CGU7TR, STM32WBA54KEU6, STM32WBA54KEU6TR, STM32WBA54KEU7, STM32WBA54KEU7TR, STM32WBA54KGU6, STM32WBA54KGU6TR, STM32WBA54KGU7, STM32WBA54KGU7TR, STM32WBA55CEU6, STM32WBA55CEU6TR, STM32WBA55CEU7, STM32WBA55CEU7TR, STM32WBA55CGU6, STM32WBA55CGU6TR, STM32WBA55CGU6U, STM32WBA55CGU7, STM32WBA55CGU7TR, STM32WBA55G-DK1, STM32WBA55HEF6, STM32WBA55HEF7, STM32WBA55HGF6, STM32WBA55HGF7, STM32WBA55UEI6, STM32WBA55UEI6TR, STM32WBA55UEI7, STM32WBA55UEI7TR, STM32WBA55UGI6, STM32WBA55UGI6TR, STM32WBA55UGI7, STM32WBA55UGI7TR, STM32WL5MOCH6, STM32WL5MOCH6TR]
2026-06-16 20:40:55,552 [INFO] ApiDb:668 - CubeFinder database Data Model version=2.1
2026-06-16 20:40:55,552 [INFO] ApiDb:669 - CubeFinder database Configuration version=3.0.39
2026-06-16 20:40:55,552 [INFO] ApiDb:670 - CubeFinder database generation date=2025-12-22 (1766407740)
2026-06-16 20:40:55,553 [INFO] ApiDb:671 - CubeFinder database FW Pack versions=[FP-ATR-ASTRA1_V2.0.0, FP-SNS-FLIGHT1_V5.1.0, FP-SNS-MOTENV1_V5.1.0, FP-SNS-MOTENVWB1_V1.4.0, FP-SNS-SMARTAG2_V1.2.0, FP-SNS-STBOX1_V2.1.0, STM32Cube_FW_C0_V1.4.0, STM32Cube_FW_F4_V1.28.3, STM32Cube_FW_F7_V1.17.4, STM32Cube_FW_G0_V1.6.2, STM32Cube_FW_G4_V1.6.1, STM32Cube_FW_H5_V1.5.1, STM32Cube_FW_H7RS_V1.3.0, STM32Cube_FW_H7_V1.12.1, STM32Cube_FW_L0_V1.12.2, STM32Cube_FW_L4_V1.18.1, STM32Cube_FW_L5_V1.6.0, STM32Cube_FW_N6_V1.3.0, STM32Cube_FW_U0_V1.3.0, STM32Cube_FW_U3_V1.2.1, STM32Cube_FW_U5_V1.8.0, STM32Cube_FW_WB0_V1.4.0, STM32Cube_FW_WBA_V1.8.0, STM32Cube_FW_WB_V1.24.0, STM32Cube_FW_WL3_V1.3.0, STM32Cube_FW_WL_V1.4.0, X-CUBE-ALGOBUILD_V1.4.0, X-CUBE-ALS_V1.0.2, X-CUBE-AZRTOS-F4_V1.1.0, X-CUBE-AZRTOS-F7_V1.1.0, X-CUBE-AZRTOS-G0_V1.1.0, X-CUBE-AZRTOS-G4_V2.0.0, X-CUBE-AZRTOS-H7RS_V1.1.0, X-CUBE-AZRTOS-H7_V3.4.0, X-CUBE-AZRTOS-L4_V2.0.0, X-CUBE-AZRTOS-L5_V2.0.0, X-CUBE-AZRTOS-WB_V2.0.0, X-CUBE-AZRTOS-WL_V2.0.0, X-CUBE-BLE1_V7.1.0, X-CUBE-BLE2_V3.3.0, X-CUBE-BLEMGR_V4.1.0, X-CUBE-EEPRMA1_V5.2.0, X-CUBE-FREERTOS_V1.3.1, X-CUBE-GNSS1_V6.0.0, X-CUBE-MEMS1_V12.0.0, X-CUBE-NFC4_V3.0.0, X-CUBE-NFC7_V2.0.0, X-CUBE-SFXS2LP1_V4.0.0, X-CUBE-ST67W61_V1.1.0, X-CUBE-SUBG2_V5.0.0, X-CUBE-TOF1_V3.4.3]
2026-06-16 20:40:57,426 [INFO] ApiDb:240 - Found 483 in-development CPN: [B-G473E-ZEST1S, B-WB1M-WPAN1, B-WL5M-SUBG1, NUCLEO-C031C6, NUCLEO-H503RB, NUCLEO-H533RE, NUCLEO-H563ZI, NUCLEO-H7S3L8, NUCLEO-U031R8, NUCLEO-U083RC, NUCLEO-U545RE-Q, NUCLEO-U5A5ZJ-Q, NUCLEO-WBA52CG, NUCLEO-WBA55CG, STEVAL-PROTEUS1, STEVAL-SMARTAG2, STEVAL-STWINBX1, STM320518-EVAL, STM32C0116-DK, STM32C011D6Y3TR, STM32C011D6Y6TR, STM32C011F4P3, STM32C011F4P6, STM32C011F4U3, STM32C011F4U6TR, STM32C011F6P3, STM32C011F6P6, STM32C011F6U3, STM32C011F6U6TR, STM32C011J4M3, STM32C011J4M6, STM32C011J6M3, STM32C011J6M6, STM32C0316-DK, STM32C031C4T3, STM32C031C4T6, STM32C031C4U3, STM32C031C4U6, STM32C031C6T3, STM32C031C6T6, STM32C031C6U3, STM32C031C6U6, STM32C031F4P3, STM32C031F4P6, STM32C031F6P3, STM32C031F6P6, STM32C031G4U3, STM32C031G4U6, STM32C031G6U3, STM32C031G6U6, STM32C031K4T3, STM32C031K4T6, STM32C031K4U3, STM32C031K4U6, STM32C031K6T3, STM32C031K6T6, STM32C031K6U3, STM32C031K6U6, STM32G071K8TXN, STM32G071K8UXN, STM32G081GBU6N, STM32G081KBT6N, STM32G081KBUXN, STM32G0B1CCT6N, STM32G0B1KCT6, STM32G0B1NEY6TR, STM32G0B1RCT6N, STM32G0C1CCT6, STM32G0C1CCT6N, STM32G0C1CCU6N, STM32G0C1CET6N, STM32G0C1CEU6N, STM32G0C1KCT6, STM32G0C1NEY6TR, STM32G0C1RCI6N, STM32G0C1RCT6N, STM32G0C1REI6N, STM32G0C1RET6N, STM32G0C1VCI6, STM32G0C1VEI6, STM32G471CCT6, STM32G471CCU6, STM32G471CET3, STM32G471CET6, STM32G471CEU3, STM32G471CEU6, STM32G471MCT6, STM32G471MET3, STM32G471MET6, STM32G471MEY6TR, STM32G471QCT6, STM32G471QET3, STM32G471RCT6, STM32G471RET3, STM32G471RET6, STM32G471VCH6, STM32G471VCI6, STM32G471VCT6, STM32G471VEH3, STM32G471VEH6, STM32G471VEI3, STM32G471VEI6, STM32G471VET3, STM32G471VET6, STM32G474CCT6, STM32H503CBT6, STM32H503CBU6, STM32H503EBY6TR, STM32H503KBU6, STM32H503RBT6, STM32H523CCT6, STM32H523CCU6, STM32H523CET6, STM32H523CEU6, STM32H523HEY6TR, STM32H523RCT6, STM32H523RET6, STM32H523VCI6, STM32H523VCT6, STM32H523VEI6, STM32H523VET6, STM32H523ZCJ6, STM32H523ZCT6, STM32H523ZEJ6, STM32H523ZET6, STM32H533CET6, STM32H533CEU6, STM32H533HEY6TR, STM32H533RET6, STM32H533VEI6, STM32H533VET6, STM32H533ZEJ6, STM32H533ZET6, STM32H562AGI6, STM32H562AII6, STM32H562IGK6, STM32H562IGT6, STM32H562IIK6, STM32H562IIT6, STM32H562RGT6, STM32H562RGV6, STM32H562RIT6, STM32H562RIV6, STM32H562VGT6, STM32H562VIT6, STM32H562ZGT6, STM32H562ZIT6, STM32H563AGI6, STM32H563AII3Q, STM32H563AII6, STM32H563IGK6, STM32H563IGT6, STM32H563IIK3Q, STM32H563IIK6, STM32H563IIT3Q, STM32H563IIT6, STM32H563MIY3QTR, STM32H563RGT6, STM32H563RGV6, STM32H563RIT6, STM32H563RIV6, STM32H563VGT6, STM32H563VIT3Q, STM32H563VIT6, STM32H563ZGT6, STM32H563ZIT3Q, STM32H563ZIT6, STM32H573AII3Q, STM32H573AII6, STM32H573I-DK, STM32H573IIK3Q, STM32H573IIK6, STM32H573IIT3Q, STM32H573IIT6, STM32H573MIY3QTR, STM32H573RIT6, STM32H573RIV6, STM32H573VIT3Q, STM32H573VIT6, STM32H573ZIT3Q, STM32H573ZIT6, STM32H7R3A8I6, STM32H7R3I8K6, STM32H7R3I8T6, STM32H7R3L8H6, STM32H7R3L8H6H, STM32H7R3R8V6, STM32H7R3V8H6, STM32H7R3V8T6, STM32H7R3V8Y6, STM32H7R3Z8J6, STM32H7R3Z8T6, STM32H7R7A8I6, STM32H7R7I8K6, STM32H7R7I8T6, STM32H7R7L8H6, STM32H7R7L8H6H, STM32H7R7Z8J6, STM32H7S3A8I6, STM32H7S3I8K6, STM32H7S3I8T6, STM32H7S3L8H6, STM32H7S3L8H6H, STM32H7S3R8V6, STM32H7S3V8H6, STM32H7S3V8T6, STM32H7S3V8Y6, STM32H7S3Z8J6, STM32H7S3Z8T6, STM32H7S78-DK, STM32H7S7A8I6, STM32H7S7I8K6, STM32H7S7I8T6, STM32H7S7L8H6, STM32H7S7L8H6H, STM32H7S7Z8J6, STM32L4R5QGI6STR, STM32MP131AAE3, STM32MP131AAF3, STM32MP131AAG3, STM32MP131CAE3, STM32MP131CAF3, STM32MP131CAG3, STM32MP131DAE7, STM32MP131DAF7, STM32MP131DAG7, STM32MP131FAE7, STM32MP131FAF7, STM32MP131FAG7, STM32MP133AAE3, STM32MP133AAF3, STM32MP133AAG3, STM32MP133CAE3, STM32MP133CAF3, STM32MP133CAG3, STM32MP133DAE7, STM32MP133DAF7, STM32MP133DAG7, STM32MP133FAE7, STM32MP133FAF7, STM32MP133FAG7, STM32MP135AAE3, STM32MP135AAF3, STM32MP135AAG3, STM32MP135CAE3, STM32MP135CAF3, STM32MP135CAG3, STM32MP135DAE7, STM32MP135DAF7, STM32MP135DAG7, STM32MP135F-DK, STM32MP135FAE7, STM32MP135FAF7, STM32MP135FAF7T, STM32MP135FAF7U, STM32MP135FAG7, STM32U031C6T6, STM32U031C6U6, STM32U031C8T6, STM32U031C8U6, STM32U031F4P6, STM32U031F6P6, STM32U031F8P6, STM32U031G6Y6TR, STM32U031G8Y6TR, STM32U031K4U6, STM32U031K6U6, STM32U031K8U6, STM32U031R6I6, STM32U031R6T6, STM32U031R8I6, STM32U031R8T6, STM32U073C8T6, STM32U073C8U6, STM32U073CBT6, STM32U073CBU6, STM32U073CCT6, STM32U073CCU6, STM32U073H8Y6TR, STM32U073HBY6TR, STM32U073HCY6TR, STM32U073K8U6, STM32U073KBU6, STM32U073KCU6, STM32U073M8I6, STM32U073M8T6, STM32U073MBI6, STM32U073MBT6, STM32U073MCI6, STM32U073MCT6, STM32U073R8I6, STM32U073R8T6, STM32U073RBI6, STM32U073RBT6, STM32U073RCI6, STM32U073RCT6, STM32U083C-DK, STM32U083CCT6, STM32U083CCU6, STM32U083HCY6TR, STM32U083KCU6, STM32U083MCI6, STM32U083MCT6, STM32U083RCI6, STM32U083RCT6, STM32U535CBT6, STM32U535CBT6Q, STM32U535CBU6, STM32U535CBU6Q, STM32U535CCT6, STM32U535CCT6Q, STM32U535CCU6, STM32U535CCU6Q, STM32U535CET6, STM32U535CET6Q, STM32U535CEU6, STM32U535CEU6Q, STM32U535JEY6QTR, STM32U535NCY6QTR, STM32U535NEY6QTR, STM32U535RBI6, STM32U535RBI6Q, STM32U535RBT6, STM32U535RBT6Q, STM32U535RCI6, STM32U535RCI6Q, STM32U535RCT6, STM32U535RCT6Q, STM32U535REI6, STM32U535REI6Q, STM32U535RET6, STM32U535RET6Q, STM32U535VCI6, STM32U535VCI6Q, STM32U535VCT6, STM32U535VCT6Q, STM32U535VEI6, STM32U535VEI6Q, STM32U535VET6, STM32U535VET6Q, STM32U545CET6, STM32U545CET6Q, STM32U545CEU6, STM32U545CEU6Q, STM32U545JEY6QTR, STM32U545NEY6QTR, STM32U545REI6, STM32U545REI6Q, STM32U545RET6, STM32U545RET6Q, STM32U545VEI6, STM32U545VEI6Q, STM32U545VET6, STM32U545VET6Q, STM32U595AIH6, STM32U595AIH6Q, STM32U595AJH6, STM32U595AJH6Q, STM32U595QII6, STM32U595QII6Q, STM32U595QJI6, STM32U595QJI6Q, STM32U595RIT6, STM32U595RIT6Q, STM32U595RJT6, STM32U595RJT6Q, STM32U595VIT6, STM32U595VIT6Q, STM32U595VJT6, STM32U595VJT6Q, STM32U595ZIT6, STM32U595ZIT6Q, STM32U595ZIY6QTR, STM32U595ZJT6, STM32U595ZJT6Q, STM32U595ZJY6QTR, STM32U599BJY6QTR, STM32U599NIH6Q, STM32U599NJH6Q, STM32U599VIT6Q, STM32U599VJT6, STM32U599VJT6Q, STM32U599ZIT6Q, STM32U599ZIY6QTR, STM32U599ZJT6Q, STM32U599ZJY6QTR, STM32U5A5AJH6, STM32U5A5AJH6Q, STM32U5A5QII3Q , STM32U5A5QJI6, STM32U5A5QJI6Q, STM32U5A5RJT6, STM32U5A5RJT6Q, STM32U5A5VJT6, STM32U5A5VJT6Q, STM32U5A5ZJT6, STM32U5A5ZJT6Q, STM32U5A5ZJY6QTR, STM32U5A9BJY6QTR, STM32U5A9J-DK, STM32U5A9NJH6Q, STM32U5A9VJT6Q, STM32U5A9ZJT6Q, STM32U5A9ZJY6QTR, STM32U5F7VIT6, STM32U5F7VIT6Q, STM32U5F7VJT6, STM32U5F7VJT6Q, STM32U5F9BJY6QTR, STM32U5F9NJH6Q, STM32U5F9VIT6Q, STM32U5F9VJT6Q, STM32U5F9ZIJ6QTR, STM32U5F9ZIT6Q, STM32U5F9ZJJ6QTR, STM32U5F9ZJT6Q, STM32U5G7VJT6, STM32U5G7VJT6Q, STM32U5G9BJY6QTR, STM32U5G9J-DK1, STM32U5G9J-DK2, STM32U5G9NJH6Q, STM32U5G9VJT6Q, STM32U5G9ZJJ6QTR, STM32U5G9ZJT6Q, STM32WB1MMCH6, STM32WBA50KEU6, STM32WBA50KEU6TR, STM32WBA50KGU6, STM32WBA50KGU6TR, STM32WBA52CEU6, STM32WBA52CEU6TR, STM32WBA52CEU7, STM32WBA52CEU7TR, STM32WBA52CGU6, STM32WBA52CGU6TR, STM32WBA52CGU6U, STM32WBA52CGU7, STM32WBA52CGU7TR, STM32WBA52KEU6, STM32WBA52KEU6TR, STM32WBA52KGU6, STM32WBA52KGU6TR, STM32WBA54CEU6, STM32WBA54CEU6TR, STM32WBA54CEU7, STM32WBA54CEU7TR, STM32WBA54CGU6, STM32WBA54CGU6TR, STM32WBA54CGU7, STM32WBA54CGU7TR, STM32WBA54KEU6, STM32WBA54KEU6TR, STM32WBA54KEU7, STM32WBA54KEU7TR, STM32WBA54KGU6, STM32WBA54KGU6TR, STM32WBA54KGU7, STM32WBA54KGU7TR, STM32WBA55CEU6, STM32WBA55CEU6TR, STM32WBA55CEU7, STM32WBA55CEU7TR, STM32WBA55CGU6, STM32WBA55CGU6TR, STM32WBA55CGU6U, STM32WBA55CGU7, STM32WBA55CGU7TR, STM32WBA55G-DK1, STM32WBA55HEF6, STM32WBA55HEF7, STM32WBA55HGF6, STM32WBA55HGF7, STM32WBA55UEI6, STM32WBA55UEI6TR, STM32WBA55UEI7, STM32WBA55UEI7TR, STM32WBA55UGI6, STM32WBA55UGI6TR, STM32WBA55UGI7, STM32WBA55UGI7TR, STM32WL5MOCH6, STM32WL5MOCH6TR]
2026-06-16 20:40:57,429 [INFO] DbMcus:218 - Found 4816 MCUs, 4816 are supported
2026-06-16 20:40:57,430 [INFO] ApiDb:423 - Load user favorites file C:\Users\USER/.stm32cubeide/favorites.mcus.txt: 0 item(s)
2026-06-16 20:40:57,430 [INFO] ApiDb:427 - User favorites MCUs=[]
2026-06-16 20:40:57,430 [INFO] DbMcus:224 - Set 0 / 0 favorites MCUs
2026-06-16 20:40:57,763 [INFO] BoardInfo:889 - No configuration file found for board B-WBA5M-WPAN
2026-06-16 20:40:57,764 [INFO] DbBoards:161 - Board is not supported: B-WBA5M-WPAN
2026-06-16 20:40:57,767 [INFO] BoardInfo:889 - No configuration file found for board NUCLEO-C051C8
2026-06-16 20:40:57,768 [INFO] DbBoards:161 - Board is not supported: NUCLEO-C051C8
2026-06-16 20:40:57,769 [INFO] BoardInfo:889 - No configuration file found for board NUCLEO-C071RB
2026-06-16 20:40:57,769 [INFO] DbBoards:161 - Board is not supported: NUCLEO-C071RB
2026-06-16 20:40:57,770 [INFO] BoardInfo:889 - No configuration file found for board NUCLEO-C092RC
2026-06-16 20:40:57,770 [INFO] DbBoards:161 - Board is not supported: NUCLEO-C092RC
2026-06-16 20:40:57,833 [INFO] BoardInfo:889 - No configuration file found for board NUCLEO-N657X0-Q
2026-06-16 20:40:57,833 [INFO] DbBoards:161 - Board is not supported: NUCLEO-N657X0-Q
2026-06-16 20:40:57,835 [INFO] BoardInfo:889 - No configuration file found for board NUCLEO-U385RG-Q
2026-06-16 20:40:57,835 [INFO] DbBoards:161 - Board is not supported: NUCLEO-U385RG-Q
2026-06-16 20:40:57,839 [INFO] BoardInfo:889 - No configuration file found for board NUCLEO-WB05KZ
2026-06-16 20:40:57,840 [INFO] DbBoards:161 - Board is not supported: NUCLEO-WB05KZ
2026-06-16 20:40:57,846 [INFO] BoardInfo:889 - No configuration file found for board NUCLEO-WB07CC
2026-06-16 20:40:57,846 [INFO] DbBoards:161 - Board is not supported: NUCLEO-WB07CC
2026-06-16 20:40:57,848 [INFO] BoardInfo:889 - No configuration file found for board NUCLEO-WB09KE
2026-06-16 20:40:57,848 [INFO] DbBoards:161 - Board is not supported: NUCLEO-WB09KE
2026-06-16 20:40:57,853 [INFO] BoardInfo:889 - No configuration file found for board NUCLEO-WBA65RI
2026-06-16 20:40:57,854 [INFO] DbBoards:161 - Board is not supported: NUCLEO-WBA65RI
2026-06-16 20:40:57,855 [INFO] BoardInfo:889 - No configuration file found for board NUCLEO-WL33CC1
2026-06-16 20:40:57,856 [INFO] DbBoards:161 - Board is not supported: NUCLEO-WL33CC1
2026-06-16 20:40:57,857 [INFO] BoardInfo:889 - No configuration file found for board NUCLEO-WL33CC2
2026-06-16 20:40:57,857 [INFO] DbBoards:161 - Board is not supported: NUCLEO-WL33CC2
2026-06-16 20:40:57,863 [INFO] BoardInfo:889 - No configuration file found for board P-NUCLEO-WB55
2026-06-16 20:40:57,863 [INFO] DbBoards:161 - Kit is not supported: P-NUCLEO-WB55
2026-06-16 20:40:57,867 [INFO] BoardInfo:889 - No configuration file found for board STEVAL-BFA001V1B
2026-06-16 20:40:57,867 [INFO] DbBoards:161 - Kit is not supported: STEVAL-BFA001V1B
2026-06-16 20:40:57,868 [INFO] BoardInfo:889 - No configuration file found for board STEVAL-BFA001V2B
2026-06-16 20:40:57,868 [INFO] DbBoards:161 - Kit is not supported: STEVAL-BFA001V2B
2026-06-16 20:40:57,971 [INFO] BoardInfo:889 - No configuration file found for board STM32MP257F-DK
2026-06-16 20:40:57,971 [INFO] DbBoards:161 - Board is not supported: STM32MP257F-DK
2026-06-16 20:40:57,972 [INFO] BoardInfo:889 - No configuration file found for board STM32MP257F-EV1
2026-06-16 20:40:57,973 [INFO] DbBoards:161 - Board is not supported: STM32MP257F-EV1
2026-06-16 20:40:57,974 [INFO] BoardInfo:889 - No configuration file found for board STM32N6570-DK
2026-06-16 20:40:57,974 [INFO] DbBoards:161 - Board is not supported: STM32N6570-DK
2026-06-16 20:40:57,982 [INFO] BoardInfo:889 - No configuration file found for board STM32WBA65I-DK1
2026-06-16 20:40:57,982 [INFO] DbBoards:161 - Board is not supported: STM32WBA65I-DK1
2026-06-16 20:40:57,982 [INFO] DbBoards:168 - Found 211 boards, 192 are supported
2026-06-16 20:40:57,983 [INFO] DbBoards:169 - Found 211 boards, 8 of them is supported for  Bsp
2026-06-16 20:40:57,986 [INFO] ApiDb:423 - Load user favorites file C:\Users\USER/.stm32cubeide/favorites.boards.txt: 0 item(s)
2026-06-16 20:40:57,986 [INFO] ApiDb:427 - User favorites Boards=[]
2026-06-16 20:40:57,986 [INFO] DbBoards:198 - Set 0 / 0 favorites Boards
2026-06-16 20:40:58,047 [INFO] UtilMem:75 - End LoadConfig() Used Memory: 825737560 Bytes (1073741824)
2026-06-16 20:40:58,182 [WARN] ThirdParty:833 - waiting for thirdparty lock release [change project]
2026-06-16 20:40:58,183 [INFO] ThirdParty:835 - entering critical section [change project]
2026-06-16 20:40:58,183 [INFO] ThirdParty:1030 - CMSIS Pack Vendor :STMicroelectronics X-CUBE-AZRTOS-H7 3.5.0
2026-06-16 20:40:58,183 [INFO] ThirdParty:1030 - CMSIS Pack Vendor :STMicroelectronics X-CUBE-PM33A1 1.0.0
2026-06-16 20:40:58,183 [INFO] ThirdParty:1030 - CMSIS Pack Vendor :STMicroelectronics USBPD 4.1
2026-06-16 20:40:58,183 [INFO] ThirdParty:1030 - CMSIS Pack Vendor :STMicroelectronics X-CUBE-GNSS1 6.0.0
2026-06-16 20:40:58,183 [INFO] ThirdParty:1030 - CMSIS Pack Vendor :STMicroelectronics USB_HOST 2.0.0
2026-06-16 20:40:58,183 [INFO] ThirdParty:1030 - CMSIS Pack Vendor :STMicroelectronics FP-SNS-MOTENVWB1 1.4.0
2026-06-16 20:40:58,183 [INFO] ThirdParty:1030 - CMSIS Pack Vendor :STMicroelectronics X-CUBE-AZRTOS-F4 1.1.0
2026-06-16 20:40:58,183 [INFO] ThirdParty:1030 - CMSIS Pack Vendor :STMicroelectronics LIBJPEG 8.0.0
2026-06-16 20:40:58,183 [INFO] ThirdParty:1030 - CMSIS Pack Vendor :STMicroelectronics FP-ATR-ASTRA1 2.0.2
2026-06-16 20:40:58,183 [INFO] ThirdParty:1030 - CMSIS Pack Vendor :STMicroelectronics FP-ATR-ASTRA1 2.0.1
2026-06-16 20:40:58,183 [INFO] ThirdParty:1030 - CMSIS Pack Vendor :STMicroelectronics X-CUBE-SMBUS 2.1.0
2026-06-16 20:40:58,183 [INFO] ThirdParty:1030 - CMSIS Pack Vendor :STMicroelectronics X-CUBE-WB05N 1.1.0
2026-06-16 20:40:58,183 [INFO] ThirdParty:1030 - CMSIS Pack Vendor :STMicroelectronics X-CUBE-ISPU 2.1.0
2026-06-16 20:40:58,183 [INFO] ThirdParty:1030 - CMSIS Pack Vendor :STMicroelectronics X-CUBE-FREERTOS 1.2.0
2026-06-16 20:40:58,183 [INFO] ThirdParty:1030 - CMSIS Pack Vendor :STMicroelectronics X-CUBE-NFC12 1.0.0
2026-06-16 20:40:58,183 [INFO] ThirdParty:1030 - CMSIS Pack Vendor :STMicroelectronics X-CUBE-TOUCHGFX 4.23.2
2026-06-16 20:40:58,183 [INFO] ThirdParty:1030 - CMSIS Pack Vendor :STMicroelectronics X-CUBE-AZRTOS-F7 1.1.0
2026-06-16 20:40:58,183 [INFO] ThirdParty:1030 - CMSIS Pack Vendor :STMicroelectronics X-CUBE-AZRTOS-L5 2.0.0
2026-06-16 20:40:58,183 [INFO] ThirdParty:1030 - CMSIS Pack Vendor :STMicroelectronics USB_DEVICE 2.0.0
2026-06-16 20:40:58,183 [INFO] ThirdParty:1030 - CMSIS Pack Vendor :STMicroelectronics X-CUBE-NFC6 3.1.0
2026-06-16 20:40:58,183 [INFO] ThirdParty:1030 - CMSIS Pack Vendor :STMicroelectronics X-CUBE-MEMS1 11.0.0
2026-06-16 20:40:58,183 [INFO] ThirdParty:1030 - CMSIS Pack Vendor :STMicroelectronics X-CUBE-ALGOBUILD 1.5.0
2026-06-16 20:40:58,183 [INFO] ThirdParty:1030 - CMSIS Pack Vendor :STMicroelectronics FreeRTOS 0.0.1
2026-06-16 20:40:58,183 [INFO] ThirdParty:1030 - CMSIS Pack Vendor :STMicroelectronics X-CUBE-DPower 1.2.0
2026-06-16 20:40:58,183 [INFO] ThirdParty:1030 - CMSIS Pack Vendor :STMicroelectronics FP-SNS-FLIGHT1 5.0.2
2026-06-16 20:40:58,183 [INFO] ThirdParty:1030 - CMSIS Pack Vendor :STMicroelectronics X-CUBE-AI 9.0.0
2026-06-16 20:40:58,183 [INFO] ThirdParty:1030 - CMSIS Pack Vendor :STMicroelectronics PDM2PCM 3.3.0
2026-06-16 20:40:58,183 [INFO] ThirdParty:1030 - CMSIS Pack Vendor :STMicroelectronics X-CUBE-AZRTOS-H7 3.4.0
2026-06-16 20:40:58,183 [INFO] ThirdParty:1030 - CMSIS Pack Vendor :STMicroelectronics X-CUBE-DISPLAY 3.0.0
2026-06-16 20:40:58,183 [INFO] ThirdParty:1030 - CMSIS Pack Vendor :STMicroelectronics X-CUBE-GNSS1 7.1.1
2026-06-16 20:40:58,183 [INFO] ThirdParty:1030 - CMSIS Pack Vendor :STMicroelectronics X-CUBE-BLE1 7.0.0
2026-06-16 20:40:58,183 [INFO] ThirdParty:1030 - CMSIS Pack Vendor :STMicroelectronics X-CUBE-NFC10 1.0.0
2026-06-16 20:40:58,183 [INFO] ThirdParty:1030 - CMSIS Pack Vendor :STMicroelectronics X-CUBE-BLEMGR 4.0.0
2026-06-16 20:40:58,183 [INFO] ThirdParty:1030 - CMSIS Pack Vendor :STMicroelectronics X-CUBE-FREERTOS 1.3.1
2026-06-16 20:40:58,183 [INFO] ThirdParty:1030 - CMSIS Pack Vendor :STMicroelectronics HAL Drivers 0.0.0
2026-06-16 20:40:58,183 [INFO] ThirdParty:1030 - CMSIS Pack Vendor :emotas I-CUBE-CANOPEN 1.3.0
2026-06-16 20:40:58,183 [INFO] ThirdParty:1030 - CMSIS Pack Vendor :STMicroelectronics X-CUBE-FREERTOS 1.3.0
2026-06-16 20:40:58,183 [INFO] ThirdParty:1030 - CMSIS Pack Vendor :STMicroelectronics X-CUBE-NFC7 1.0.1
2026-06-16 20:40:58,184 [INFO] ThirdParty:1030 - CMSIS Pack Vendor :STMicroelectronics MBEDTLS 2.14.1
2026-06-16 20:40:58,184 [INFO] ThirdParty:1030 - CMSIS Pack Vendor :STMicroelectronics X-CUBE-GNSS1 7.1.0
2026-06-16 20:40:58,184 [INFO] ThirdParty:1030 - CMSIS Pack Vendor :STMicroelectronics X-CUBE-TOUCHGFX 4.26.0
2026-06-16 20:40:58,184 [INFO] ThirdParty:1030 - CMSIS Pack Vendor :STMicroelectronics X-CUBE-TOUCHGFX 4.26.1
2026-06-16 20:40:58,184 [INFO] ThirdParty:1030 - CMSIS Pack Vendor :STMicroelectronics X-CUBE-BLEMGR 3.1.0
2026-06-16 20:40:58,184 [INFO] ThirdParty:1030 - CMSIS Pack Vendor :STMicroelectronics X-CUBE-AI 10.0.0
2026-06-16 20:40:58,184 [INFO] ThirdParty:1030 - CMSIS Pack Vendor :STMicroelectronics FP-SNS-SMARTAG2 1.2.0
2026-06-16 20:40:58,184 [INFO] ThirdParty:1030 - CMSIS Pack Vendor :STMicroelectronics X-CUBE-MEMS1 11.1.0
2026-06-16 20:40:58,184 [INFO] ThirdParty:1030 - CMSIS Pack Vendor :STMicroelectronics X-CUBE-AZRTOS-WL 2.0.0
2026-06-16 20:40:58,184 [INFO] ThirdParty:1030 - CMSIS Pack Vendor :STMicroelectronics X-CUBE-DPower 1.3.0
2026-06-16 20:40:58,184 [INFO] ThirdParty:1030 - CMSIS Pack Vendor :STMicroelectronics FP-SNS-MOTENV1 5.0.0
2026-06-16 20:40:58,184 [INFO] ThirdParty:1030 - CMSIS Pack Vendor :STMicroelectronics USB_DEVICE 1.0.0
2026-06-16 20:40:58,184 [INFO] ThirdParty:1030 - CMSIS Pack Vendor :STMicroelectronics X-CUBE-AZRTOS-H7RS 1.2.0
2026-06-16 20:40:58,184 [INFO] ThirdParty:1030 - CMSIS Pack Vendor :wolfSSL I-CUBE-wolfMQTT 1.19.0
2026-06-16 20:40:58,184 [INFO] ThirdParty:1030 - CMSIS Pack Vendor :STMicroelectronics X-CUBE-AZRTOS-L4 2.0.0
2026-06-16 20:40:58,184 [INFO] ThirdParty:1030 - CMSIS Pack Vendor :STMicroelectronics ThreadX 0.0.2
2026-06-16 20:40:58,184 [INFO] ThirdParty:1030 - CMSIS Pack Vendor :WES I-CUBE-Cesium 1.3.0
2026-06-16 20:40:58,184 [INFO] ThirdParty:1030 - CMSIS Pack Vendor :STMicroelectronics lwIP 2.1.2
2026-06-16 20:40:58,184 [INFO] ThirdParty:1030 - CMSIS Pack Vendor :STMicroelectronics X-CUBE-SFXS2LP1 4.0.0
2026-06-16 20:40:58,184 [INFO] ThirdParty:1030 - CMSIS Pack Vendor :STMicroelectronics X-CUBE-BLE2 3.3.0
2026-06-16 20:40:58,184 [INFO] ThirdParty:1030 - CMSIS Pack Vendor :STMicroelectronics PDM2PCM 3.2.0
2026-06-16 20:40:58,184 [INFO] ThirdParty:1030 - CMSIS Pack Vendor :STMicroelectronics X-CUBE-WB05N 2.1.0
2026-06-16 20:40:58,184 [INFO] ThirdParty:1030 - CMSIS Pack Vendor :STMicroelectronics X-CUBE-AZRTOS-H7 3.3.0
2026-06-16 20:40:58,184 [INFO] ThirdParty:1030 - CMSIS Pack Vendor :STMicroelectronics X-CUBE-NFC9 1.0.0
2026-06-16 20:40:58,184 [INFO] ThirdParty:1030 - CMSIS Pack Vendor :STMicroelectronics X-CUBE-BLE1 7.1.0
2026-06-16 20:40:58,184 [INFO] ThirdParty:1030 - CMSIS Pack Vendor :STMicroelectronics USB_DEVICE 3.0.0
2026-06-16 20:40:58,184 [INFO] ThirdParty:1030 - CMSIS Pack Vendor :STMicroelectronics X-CUBE-TCPP 4.1.0
2026-06-16 20:40:58,184 [INFO] ThirdParty:1030 - CMSIS Pack Vendor :STMicroelectronics X-CUBE-EEPRMA1 5.2.0
2026-06-16 20:40:58,184 [INFO] ThirdParty:1030 - CMSIS Pack Vendor :STMicroelectronics X-CUBE-IPS 3.0.0
2026-06-16 20:40:58,184 [INFO] ThirdParty:1030 - CMSIS Pack Vendor :STMicroelectronics X-CUBE-AZRTOS-WB 2.0.0
2026-06-16 20:40:58,184 [INFO] ThirdParty:1030 - CMSIS Pack Vendor :STMicroelectronics X-CUBE-GNSS1 7.0.0
2026-06-16 20:40:58,184 [INFO] ThirdParty:1030 - CMSIS Pack Vendor :STMicroelectronics X-CUBE-GNSS1 7.0.1
2026-06-16 20:40:58,184 [INFO] ThirdParty:1030 - CMSIS Pack Vendor :STMicroelectronics X-CUBE-TOUCHGFX 4.25.0
2026-06-16 20:40:58,184 [INFO] ThirdParty:1030 - CMSIS Pack Vendor :STMicroelectronics FP-SNS-STBOX1 2.0.0
2026-06-16 20:40:58,184 [INFO] ThirdParty:1030 - CMSIS Pack Vendor :STMicroelectronics X-CUBE-MEMS1 12.0.0
2026-06-16 20:40:58,184 [INFO] ThirdParty:1030 - CMSIS Pack Vendor :STMicroelectronics X-CUBE-ALGOBUILD 1.3.0
2026-06-16 20:40:58,184 [INFO] ThirdParty:1030 - CMSIS Pack Vendor :STMicroelectronics X-CUBE-STSE01 2.0.0
2026-06-16 20:40:58,184 [INFO] ThirdParty:1030 - CMSIS Pack Vendor :STMicroelectronics X-CUBE-MEMS1 11.2.0
2026-06-16 20:40:58,184 [INFO] ThirdParty:1030 - CMSIS Pack Vendor :STMicroelectronics X-CUBE-AZRTOS-G0 1.1.0
2026-06-16 20:40:58,184 [INFO] ThirdParty:1030 - CMSIS Pack Vendor :STMicroelectronics X-CUBE-SAFEA1 1.2.2
2026-06-16 20:40:58,184 [INFO] ThirdParty:1030 - CMSIS Pack Vendor :STMicroelectronics X-CUBE-NFC4 3.0.0
2026-06-16 20:40:58,184 [INFO] ThirdParty:1030 - CMSIS Pack Vendor :STMicroelectronics X-CUBE-SUBG2 5.0.0
2026-06-16 20:40:58,184 [INFO] ThirdParty:1030 - CMSIS Pack Vendor :STMicroelectronics X-CUBE-AZRTOS-H7RS 1.1.0
2026-06-16 20:40:58,185 [INFO] ThirdParty:1030 - CMSIS Pack Vendor :STMicroelectronics STM32_WPAN 1.0.0
2026-06-16 20:40:58,185 [INFO] ThirdParty:1030 - CMSIS Pack Vendor :EmbeddedOffice I-CUBE-FS-RTOS 1.0.1
2026-06-16 20:40:58,185 [INFO] ThirdParty:1030 - CMSIS Pack Vendor :STMicroelectronics lwIP 2.0.3
2026-06-16 20:40:58,185 [INFO] ThirdParty:1030 - CMSIS Pack Vendor :Cesanta I-CUBE-Mongoose 7.13.0
2026-06-16 20:40:58,185 [INFO] ThirdParty:1030 - CMSIS Pack Vendor :STMicroelectronics USB_HOST 1.0.0
2026-06-16 20:40:58,185 [INFO] ThirdParty:1030 - CMSIS Pack Vendor :STMicroelectronics X-CUBE-AZRTOS-G4 2.0.0
2026-06-16 20:40:58,185 [INFO] ThirdParty:1030 - CMSIS Pack Vendor :STMicroelectronics X-CUBE-WB05N 2.0.0
2026-06-16 20:40:58,185 [INFO] ThirdParty:1030 - CMSIS Pack Vendor :STMicroelectronics PDM2PCM 3.1.0
2026-06-16 20:40:58,185 [INFO] ThirdParty:1030 - CMSIS Pack Vendor :STMicroelectronics X-CUBE-NFC7 2.0.0
2026-06-16 20:40:58,185 [INFO] ThirdParty:1030 - CMSIS Pack Vendor :RealThread X-CUBE-RT-Thread_Nano 4.1.1
2026-06-16 20:40:58,185 [INFO] ThirdParty:1030 - CMSIS Pack Vendor :wolfSSL I-CUBE-wolfSSL 5.7.0
2026-06-16 20:40:58,185 [INFO] ThirdParty:1030 - CMSIS Pack Vendor :STMicroelectronics FP-ATR-SIGFOX1 3.2.0
2026-06-16 20:40:58,185 [INFO] ThirdParty:1030 - CMSIS Pack Vendor :quantropi X-CUBE-qispace-sdk-base 1.9.3
2026-06-16 20:40:58,185 [INFO] ThirdParty:1030 - CMSIS Pack Vendor :STMicroelectronics X-CUBE-ISPU 2.0.0
2026-06-16 20:40:58,185 [INFO] ThirdParty:1030 - CMSIS Pack Vendor :STMicroelectronics X-CUBE-EEPRMA1 5.1.0
2026-06-16 20:40:58,185 [INFO] ThirdParty:1030 - CMSIS Pack Vendor :STMicroelectronics MBEDTLS 2.16.2
2026-06-16 20:40:58,185 [INFO] ThirdParty:1030 - CMSIS Pack Vendor :STMicroelectronics X-CUBE-ALS 1.0.2
2026-06-16 20:40:58,185 [INFO] ThirdParty:1030 - CMSIS Pack Vendor :STMicroelectronics X-CUBE-MEMS1 10.0.0
2026-06-16 20:40:58,185 [INFO] ThirdParty:1030 - CMSIS Pack Vendor :STMicroelectronics X-CUBE-FREERTOS 1.1.0
2026-06-16 20:40:58,185 [INFO] ThirdParty:1030 - CMSIS Pack Vendor :ITTIA_DB I-CUBE-ITTIADB 8.9.0
2026-06-16 20:40:58,185 [INFO] ThirdParty:1030 - CMSIS Pack Vendor :STMicroelectronics X-CUBE-TOUCHGFX 4.24.2
2026-06-16 20:40:58,185 [INFO] ThirdParty:1030 - CMSIS Pack Vendor :STMicroelectronics X-CUBE-TOUCHGFX 4.24.1
2026-06-16 20:40:58,185 [INFO] ThirdParty:1030 - CMSIS Pack Vendor :STMicroelectronics X-CUBE-STSE01 1.0.0
2026-06-16 20:40:58,185 [INFO] ThirdParty:1030 - CMSIS Pack Vendor :wolfSSL I-CUBE-wolfTPM 3.4.0
2026-06-16 20:40:58,186 [INFO] ThirdParty:1030 - CMSIS Pack Vendor :portGmbH I-Cube-SoM-uGOAL 1.1.0
2026-06-16 20:40:58,186 [INFO] ThirdParty:1030 - CMSIS Pack Vendor :STMicroelectronics X-CUBE-ALS 1.0.1
2026-06-16 20:40:58,186 [INFO] ThirdParty:1030 - CMSIS Pack Vendor :STMicroelectronics X-CUBE-NFC6 3.2.0
2026-06-16 20:40:58,186 [INFO] ThirdParty:1030 - CMSIS Pack Vendor :STMicroelectronics X-CUBE-AI 10.2.0
2026-06-16 20:40:58,186 [INFO] ThirdParty:1030 - CMSIS Pack Vendor :STMicroelectronics ThreadX 1.0.0
2026-06-16 20:40:58,186 [INFO] ThirdParty:1030 - CMSIS Pack Vendor :STMicroelectronics X-CUBE-MEMS1 12.1.0
2026-06-16 20:40:58,186 [INFO] ThirdParty:1030 - CMSIS Pack Vendor :SEGGER I-CUBE-embOS 1.3.1
2026-06-16 20:40:58,186 [INFO] ThirdParty:1030 - CMSIS Pack Vendor :STMicroelectronics X-CUBE-ALGOBUILD 1.4.0
2026-06-16 20:40:58,186 [INFO] ThirdParty:1030 - CMSIS Pack Vendor :STMicroelectronics X-CUBE-AZRTOS-H7RS 1.0.0
2026-06-16 20:40:58,186 [INFO] ThirdParty:1030 - CMSIS Pack Vendor :STMicroelectronics FP-ATR-ASTRA1 2.0.0
2026-06-16 20:40:58,186 [INFO] ThirdParty:1030 - CMSIS Pack Vendor :STMicroelectronics X-CUBE-TOF1 3.4.2
2026-06-16 20:40:58,186 [INFO] ThirdParty:1030 - CMSIS Pack Vendor :STMicroelectronics X-CUBE-AI 9.1.0
2026-06-16 20:40:58,186 [INFO] ThirdParty:1030 - CMSIS Pack Vendor :STMicroelectronics X-CUBE-TOF1 3.4.1
2026-06-16 20:40:58,186 [INFO] ThirdParty:1030 - CMSIS Pack Vendor :STMicroelectronics X-CUBE-AZRTOS-H7 3.2.0
2026-06-16 20:40:58,186 [INFO] ThirdParty:1030 - CMSIS Pack Vendor :STMicroelectronics X-CUBE-NFC13 1.0.0
2026-06-16 20:40:58,186 [INFO] ThirdParty:1030 - CMSIS Pack Vendor :Infineon AIROC-Wi-Fi-Bluetooth-STM32 1.6.0
2026-06-16 20:40:58,186 [INFO] ThirdParty:1030 - CMSIS Pack Vendor :wolfSSL I-CUBE-wolfSSH 1.4.17
2026-06-16 20:40:58,186 [INFO] ThirdParty:841 - exiting critical section [change project]
2026-06-16 20:40:58,498 [INFO] PinOutPanel:1561 - setPackage(No Configuration,No Configuration)
2026-06-16 20:40:58,501 [INFO] PinOutPanel:1561 - setPackage(STM32F411CEUx,UFQFPN48)
2026-06-16 20:40:59,047 [INFO] UtilMem:75 - Before build in PCC Used Memory: 756856408 Bytes (1073741824)
2026-06-16 20:41:00,419 [INFO] UtilMem:75 - After build in PCC Used Memory: 768213984 Bytes (1073741824)
2026-06-16 20:41:00,455 [INFO] IPUIPlugin:80 - create IPUIPlugin
2026-06-16 20:41:00,456 [INFO] IPUIPlugin:80 - create IPUIPlugin
2026-06-16 20:41:00,456 [INFO] IPUIPlugin:80 - create IPUIPlugin
2026-06-16 20:41:00,456 [INFO] IPUIPlugin:80 - create IPUIPlugin
2026-06-16 20:41:00,456 [INFO] IPUIPlugin:80 - create IPUIPlugin
2026-06-16 20:41:00,456 [INFO] IPUIPlugin:80 - create IPUIPlugin
2026-06-16 20:41:00,456 [INFO] IPUIPlugin:80 - create IPUIPlugin
2026-06-16 20:41:00,457 [INFO] IPUIPlugin:80 - create IPUIPlugin
2026-06-16 20:41:00,457 [INFO] IPUIPlugin:80 - create IPUIPlugin
2026-06-16 20:41:00,457 [INFO] IPUIPlugin:80 - create IPUIPlugin
2026-06-16 20:41:00,457 [INFO] IPUIPlugin:80 - create IPUIPlugin
2026-06-16 20:41:00,457 [INFO] IPUIPlugin:80 - create IPUIPlugin
2026-06-16 20:41:00,457 [INFO] IPUIPlugin:80 - create IPUIPlugin
2026-06-16 20:41:00,457 [INFO] IPUIPlugin:80 - create IPUIPlugin
2026-06-16 20:41:00,458 [INFO] IPUIPlugin:80 - create IPUIPlugin
2026-06-16 20:41:00,458 [INFO] IPUIPlugin:80 - create IPUIPlugin
2026-06-16 20:41:00,458 [INFO] IPUIPlugin:80 - create IPUIPlugin
2026-06-16 20:41:00,458 [INFO] IPUIPlugin:80 - create IPUIPlugin
2026-06-16 20:41:00,459 [INFO] IPUIPlugin:80 - create IPUIPlugin
2026-06-16 20:41:00,459 [INFO] IPUIPlugin:80 - create IPUIPlugin
2026-06-16 20:41:00,459 [INFO] IPUIPlugin:80 - create IPUIPlugin
2026-06-16 20:41:00,460 [INFO] IPUIPlugin:80 - create IPUIPlugin
2026-06-16 20:41:00,460 [INFO] IPUIPlugin:80 - create IPUIPlugin
2026-06-16 20:41:00,460 [INFO] IPUIPlugin:80 - create IPUIPlugin
2026-06-16 20:41:00,460 [INFO] IPUIPlugin:80 - create IPUIPlugin
2026-06-16 20:41:00,461 [INFO] IPUIPlugin:80 - create IPUIPlugin
2026-06-16 20:41:00,461 [INFO] IPUIPlugin:80 - create IPUIPlugin
2026-06-16 20:41:00,461 [INFO] IPUIPlugin:80 - create IPUIPlugin
2026-06-16 20:41:00,461 [INFO] IPUIPlugin:80 - create IPUIPlugin
2026-06-16 20:41:00,462 [INFO] IPUIPlugin:80 - create IPUIPlugin
2026-06-16 20:41:00,462 [INFO] IPUIPlugin:80 - create IPUIPlugin
2026-06-16 20:41:00,462 [INFO] IPUIPlugin:80 - create IPUIPlugin
2026-06-16 20:41:00,462 [INFO] IPUIPlugin:80 - create IPUIPlugin
2026-06-16 20:41:00,463 [INFO] IPUIPlugin:80 - create IPUIPlugin
2026-06-16 20:41:00,463 [INFO] IPUIPlugin:80 - create IPUIPlugin
2026-06-16 20:41:00,463 [INFO] IPUIPlugin:80 - create IPUIPlugin
2026-06-16 20:41:00,463 [INFO] IPUIPlugin:80 - create IPUIPlugin
2026-06-16 20:41:00,464 [INFO] IPUIPlugin:80 - create IPUIPlugin
2026-06-16 20:41:00,464 [INFO] IPUIPlugin:80 - create IPUIPlugin
2026-06-16 20:41:00,464 [INFO] IPUIPlugin:80 - create IPUIPlugin
2026-06-16 20:41:00,464 [INFO] IPUIPlugin:80 - create IPUIPlugin
2026-06-16 20:41:00,466 [INFO] IPUIPlugin:80 - create IPUIPlugin
2026-06-16 20:41:00,466 [INFO] IPUIPlugin:80 - create IPUIPlugin
2026-06-16 20:41:00,467 [INFO] IPUIPlugin:80 - create IPUIPlugin
2026-06-16 20:41:00,494 [INFO] ApiDbMcu:508 - Load IP Config File for PDM2PCM
2026-06-16 20:41:00,578 [WARN] FreeRTOS:1023 - Null or empty value: should not occur! (nothing added to the table)
2026-06-16 20:41:00,965 [INFO] CADModel:165 - CPN selected for project levelSTM32F411CEU6
2026-06-16 20:41:00,965 [INFO] CADModel:114 - Register for checkConnection events
2026-06-16 20:41:00,968 [INFO] RtosManager:697 - Active RTOS found at IOC load: FREERTOS [Cortex-M4NS]
2026-06-16 20:41:01,008 [INFO] OpenFileManager:343 - Restore cursor
2026-06-16 20:41:01,207 [WARN] IP:2120 - tgfx_framebuffer_stride_value_custom not found: check if there is a RefParameter without a condition.
2026-06-16 20:41:01,215 [WARN] IP:2120 - tgfx_framebuffer_stride_value_custom not found: check if there is a RefParameter without a condition.
2026-06-16 20:41:55,481 [INFO] Gpio:277 - dependency for GPIO [SPI1, SPI2, USART1]
2026-06-16 21:06:07,541 [INFO] UtilMem:75 - End SaveConfig() Used Memory: 783462864 Bytes (1073741824)
2026-06-16 21:06:09,358 [INFO] BlockDiagram:2759 - set Specific Code input for plugin: SPI
2026-06-16 21:06:09,358 [INFO] BlockDiagram:2759 - set Specific Code input for plugin: SPI
2026-06-16 21:06:09,358 [INFO] BlockDiagram:2759 - set Specific Code input for plugin: NVIC
2026-06-16 21:06:09,358 [INFO] BlockDiagram:2759 - set Specific Code input for plugin: FREERTOS
2026-06-16 21:06:09,358 [INFO] BlockDiagram:2759 - set Specific Code input for plugin: USART
2026-06-16 21:06:09,358 [INFO] BlockDiagram:2759 - set Specific Code input for plugin: DMA
2026-06-16 21:06:09,358 [INFO] BlockDiagram:2759 - set Specific Code input for plugin: STMicroelectronics.X-CUBE-TOUCHGFX.4.26.0
2026-06-16 21:06:09,358 [INFO] BlockDiagram:2759 - set Specific Code input for plugin: TIM1_8
2026-06-16 21:06:09,358 [INFO] BlockDiagram:2759 - set Specific Code input for plugin: SYS
2026-06-16 21:06:09,359 [INFO] BlockDiagram:2759 - set Specific Code input for plugin: GPIO
2026-06-16 21:06:09,359 [INFO] BlockDiagram:2759 - set Specific Code input for plugin: RCC
2026-06-16 21:06:09,359 [INFO] BlockDiagram:2759 - set Specific Code input for plugin: CRC
2026-06-16 21:06:09,366 [WARN] IP:2120 - tgfx_framebuffer_stride_value_custom not found: check if there is a RefParameter without a condition.
2026-06-16 21:06:09,371 [INFO] CodeGenerator:807 - code generatio: config db path: D:\Documentos\Electronica\Nueva carpeta\STM32CubeIDE_1.15.0\STM32CubeIDE\plugins\com.st.stm32cube.common.mx_6.11.0.202403141607\\db\
2026-06-16 21:06:09,387 [WARN] IP:2120 - tgfx_framebuffer_stride_value_custom not found: check if there is a RefParameter without a condition.
2026-06-16 21:06:09,468 [INFO] IP:3348 - RTE Config file name : RTE_Component
2026-06-16 21:06:09,468 [INFO] IP:3366 - RTE template : RTE_Components.ftl
2026-06-16 21:06:09,489 [INFO] CodeEngine:255 - oldGeneratedFile, C:\git\VehiculoTT\HMITT\MXTmpFiles\license.tmp_save
2026-06-16 21:06:09,872 [INFO] CodeEngine:279 - Generated code: C:\git\VehiculoTT\HMITT\MXTmpFiles\license.tmp
2026-06-16 21:06:09,995 [INFO] CodeEngine:255 - oldGeneratedFile, C:\git\VehiculoTT\HMITT\MXTmpFiles\gpio.tmp_save
2026-06-16 21:06:10,185 [INFO] CodeEngine:279 - Generated code: C:\git\VehiculoTT\HMITT\MXTmpFiles\gpio.tmp
2026-06-16 21:06:10,909 [INFO] Middleware:1439 - No code input for Bsp Dependency
2026-06-16 21:06:10,930 [INFO] CodeEngine:255 - oldGeneratedFile, C:\git\VehiculoTT\HMITT\MXTmpFiles\rtos_inc.tmp_save
2026-06-16 21:06:11,071 [INFO] CodeEngine:279 - Generated code: C:\git\VehiculoTT\HMITT\MXTmpFiles\rtos_inc.tmp
2026-06-16 21:06:11,081 [INFO] CodeEngine:255 - oldGeneratedFile, C:\git\VehiculoTT\HMITT\MXTmpFiles\rtos_kernelInit.tmp_save
2026-06-16 21:06:11,177 [INFO] CodeEngine:279 - Generated code: C:\git\VehiculoTT\HMITT\MXTmpFiles\rtos_kernelInit.tmp
2026-06-16 21:06:11,186 [INFO] CodeEngine:255 - oldGeneratedFile, C:\git\VehiculoTT\HMITT\MXTmpFiles\rtos_kernelStart.tmp_save
2026-06-16 21:06:11,261 [INFO] CodeEngine:279 - Generated code: C:\git\VehiculoTT\HMITT\MXTmpFiles\rtos_kernelStart.tmp
2026-06-16 21:06:11,270 [INFO] CodeEngine:255 - oldGeneratedFile, C:\git\VehiculoTT\HMITT\MXTmpFiles\rtos_typedefs.tmp_save
2026-06-16 21:06:11,345 [INFO] CodeEngine:279 - Generated code: C:\git\VehiculoTT\HMITT\MXTmpFiles\rtos_typedefs.tmp
2026-06-16 21:06:11,356 [INFO] CodeEngine:255 - oldGeneratedFile, C:\git\VehiculoTT\HMITT\MXTmpFiles\rtos_vars.tmp_save
2026-06-16 21:06:11,468 [INFO] CodeEngine:279 - Generated code: C:\git\VehiculoTT\HMITT\MXTmpFiles\rtos_vars.tmp
2026-06-16 21:06:11,475 [INFO] CodeEngine:255 - oldGeneratedFile, C:\git\VehiculoTT\HMITT\MXTmpFiles\rtos_pfp.tmp_save
2026-06-16 21:06:11,550 [INFO] CodeEngine:279 - Generated code: C:\git\VehiculoTT\HMITT\MXTmpFiles\rtos_pfp.tmp
2026-06-16 21:06:11,560 [INFO] CodeEngine:255 - oldGeneratedFile, C:\git\VehiculoTT\HMITT\MXTmpFiles\rtos_obj_creat.tmp_save
2026-06-16 21:06:11,640 [INFO] CodeEngine:279 - Generated code: C:\git\VehiculoTT\HMITT\MXTmpFiles\rtos_obj_creat.tmp
2026-06-16 21:06:11,646 [INFO] CodeEngine:255 - oldGeneratedFile, C:\git\VehiculoTT\HMITT\MXTmpFiles\rtos_default_thread.tmp_save
2026-06-16 21:06:11,727 [INFO] CodeEngine:279 - Generated code: C:\git\VehiculoTT\HMITT\MXTmpFiles\rtos_default_thread.tmp
2026-06-16 21:06:11,733 [INFO] CodeEngine:255 - oldGeneratedFile, C:\git\VehiculoTT\HMITT\MXTmpFiles\rtos_threads.tmp_save
2026-06-16 21:06:11,801 [INFO] CodeEngine:279 - Generated code: C:\git\VehiculoTT\HMITT\MXTmpFiles\rtos_threads.tmp
2026-06-16 21:06:11,811 [INFO] Middleware:1439 - No code input for Bsp Dependency
2026-06-16 21:06:11,812 [INFO] IP:3348 - RTE Config file name : RTE_Component
2026-06-16 21:06:11,812 [INFO] IP:3366 - RTE template : RTE_Components.ftl
2026-06-16 21:06:11,823 [INFO] CodeEngine:255 - oldGeneratedFile, C:\git\VehiculoTT\HMITT\MXTmpFiles\SCB_CleanInvalidateDCache.tmp_save
2026-06-16 21:06:11,886 [INFO] CodeEngine:279 - Generated code: C:\git\VehiculoTT\HMITT\MXTmpFiles\SCB_CleanInvalidateDCache.tmp
2026-06-16 21:06:11,893 [INFO] CodeEngine:255 - oldGeneratedFile, C:\git\VehiculoTT\HMITT\MXTmpFiles\SCB_InvalidateDCache.tmp_save
2026-06-16 21:06:11,946 [INFO] CodeEngine:279 - Generated code: C:\git\VehiculoTT\HMITT\MXTmpFiles\SCB_InvalidateDCache.tmp
2026-06-16 21:06:11,954 [INFO] CodeEngine:255 - oldGeneratedFile, C:\git\VehiculoTT\HMITT\MXTmpFiles\touchgfx_license.tmp_save
2026-06-16 21:06:12,024 [INFO] CodeEngine:279 - Generated code: C:\git\VehiculoTT\HMITT\MXTmpFiles\touchgfx_license.tmp
2026-06-16 21:06:12,031 [INFO] CodeEngine:255 - oldGeneratedFile, C:\git\VehiculoTT\HMITT\MXTmpFiles\touchgfx_gen_license.tmp_save
2026-06-16 21:06:12,092 [INFO] CodeEngine:279 - Generated code: C:\git\VehiculoTT\HMITT\MXTmpFiles\touchgfx_gen_license.tmp
2026-06-16 21:06:12,100 [INFO] CodeEngine:255 - oldGeneratedFile, C:\git\VehiculoTT\HMITT\MXTmpFiles\oswrappers_cmsis.tmp_save
2026-06-16 21:06:12,173 [INFO] CodeEngine:279 - Generated code: C:\git\VehiculoTT\HMITT\MXTmpFiles\oswrappers_cmsis.tmp
2026-06-16 21:06:12,187 [INFO] Middleware:1439 - No code input for Bsp Dependency
2026-06-16 21:06:12,201 [INFO] CodeEngine:255 - oldGeneratedFile, C:\git\VehiculoTT\HMITT\MXTmpFiles\rtos_inc.tmp_save
2026-06-16 21:06:12,262 [INFO] CodeEngine:279 - Generated code: C:\git\VehiculoTT\HMITT\MXTmpFiles\rtos_inc.tmp
2026-06-16 21:06:12,273 [INFO] CodeEngine:255 - oldGeneratedFile, C:\git\VehiculoTT\HMITT\MXTmpFiles\rtos_kernelInit.tmp_save
2026-06-16 21:06:12,329 [INFO] CodeEngine:279 - Generated code: C:\git\VehiculoTT\HMITT\MXTmpFiles\rtos_kernelInit.tmp
2026-06-16 21:06:12,340 [INFO] CodeEngine:255 - oldGeneratedFile, C:\git\VehiculoTT\HMITT\MXTmpFiles\rtos_kernelStart.tmp_save
2026-06-16 21:06:12,395 [INFO] CodeEngine:279 - Generated code: C:\git\VehiculoTT\HMITT\MXTmpFiles\rtos_kernelStart.tmp
2026-06-16 21:06:12,405 [INFO] CodeEngine:255 - oldGeneratedFile, C:\git\VehiculoTT\HMITT\MXTmpFiles\rtos_typedefs.tmp_save
2026-06-16 21:06:12,463 [INFO] CodeEngine:279 - Generated code: C:\git\VehiculoTT\HMITT\MXTmpFiles\rtos_typedefs.tmp
2026-06-16 21:06:12,488 [INFO] CodeEngine:255 - oldGeneratedFile, C:\git\VehiculoTT\HMITT\MXTmpFiles\rtos_vars.tmp_save
2026-06-16 21:06:12,546 [INFO] CodeEngine:279 - Generated code: C:\git\VehiculoTT\HMITT\MXTmpFiles\rtos_vars.tmp
2026-06-16 21:06:12,556 [INFO] CodeEngine:255 - oldGeneratedFile, C:\git\VehiculoTT\HMITT\MXTmpFiles\rtos_pfp.tmp_save
2026-06-16 21:06:12,611 [INFO] CodeEngine:279 - Generated code: C:\git\VehiculoTT\HMITT\MXTmpFiles\rtos_pfp.tmp
2026-06-16 21:06:12,628 [INFO] CodeEngine:255 - oldGeneratedFile, C:\git\VehiculoTT\HMITT\MXTmpFiles\rtos_obj_creat.tmp_save
2026-06-16 21:06:12,685 [INFO] CodeEngine:279 - Generated code: C:\git\VehiculoTT\HMITT\MXTmpFiles\rtos_obj_creat.tmp
2026-06-16 21:06:12,698 [INFO] CodeEngine:255 - oldGeneratedFile, C:\git\VehiculoTT\HMITT\MXTmpFiles\rtos_default_thread.tmp_save
2026-06-16 21:06:12,753 [INFO] CodeEngine:279 - Generated code: C:\git\VehiculoTT\HMITT\MXTmpFiles\rtos_default_thread.tmp
2026-06-16 21:06:12,764 [INFO] CodeEngine:255 - oldGeneratedFile, C:\git\VehiculoTT\HMITT\MXTmpFiles\rtos_threads.tmp_save
2026-06-16 21:06:12,824 [INFO] CodeEngine:279 - Generated code: C:\git\VehiculoTT\HMITT\MXTmpFiles\rtos_threads.tmp
2026-06-16 21:06:12,846 [INFO] CodeEngine:255 - oldGeneratedFile, C:\git\VehiculoTT\HMITT\Core\Inc\FreeRTOSConfig.h_save
2026-06-16 21:06:12,943 [INFO] CodeEngine:279 - Generated code: C:\git\VehiculoTT\HMITT\Core\Inc\FreeRTOSConfig.h
2026-06-16 21:06:12,963 [INFO] CodeEngine:255 - oldGeneratedFile, C:\git\VehiculoTT\HMITT\Core\Src\freertos.c_save
2026-06-16 21:06:13,045 [INFO] CodeEngine:279 - Generated code: C:\git\VehiculoTT\HMITT\Core\Src\freertos.c
2026-06-16 21:06:13,110 [INFO] CodeEngine:255 - oldGeneratedFile, C:\git\VehiculoTT\HMITT\MXTmpFiles\dma.tmp_save
2026-06-16 21:06:13,195 [INFO] CodeEngine:279 - Generated code: C:\git\VehiculoTT\HMITT\MXTmpFiles\dma.tmp
2026-06-16 21:06:13,203 [INFO] CodeEngine:255 - oldGeneratedFile, C:\git\VehiculoTT\HMITT\MXTmpFiles\dma_GV.tmp_save
2026-06-16 21:06:13,259 [INFO] CodeEngine:279 - Generated code: C:\git\VehiculoTT\HMITT\MXTmpFiles\dma_GV.tmp
2026-06-16 21:06:13,269 [INFO] Middleware:1439 - No code input for Bsp Dependency
2026-06-16 21:06:13,269 [INFO] IP:3348 - RTE Config file name : RTE_Component
2026-06-16 21:06:13,270 [INFO] IP:3366 - RTE template : RTE_Components.ftl
2026-06-16 21:06:13,287 [INFO] CodeEngine:255 - oldGeneratedFile, C:\git\VehiculoTT\HMITT\MXTmpFiles\SCB_CleanInvalidateDCache.tmp_save
2026-06-16 21:06:13,350 [INFO] CodeEngine:279 - Generated code: C:\git\VehiculoTT\HMITT\MXTmpFiles\SCB_CleanInvalidateDCache.tmp
2026-06-16 21:06:13,363 [INFO] CodeEngine:255 - oldGeneratedFile, C:\git\VehiculoTT\HMITT\MXTmpFiles\SCB_InvalidateDCache.tmp_save
2026-06-16 21:06:13,419 [INFO] CodeEngine:279 - Generated code: C:\git\VehiculoTT\HMITT\MXTmpFiles\SCB_InvalidateDCache.tmp
2026-06-16 21:06:13,431 [INFO] CodeEngine:255 - oldGeneratedFile, C:\git\VehiculoTT\HMITT\MXTmpFiles\touchgfx_license.tmp_save
2026-06-16 21:06:13,494 [INFO] CodeEngine:279 - Generated code: C:\git\VehiculoTT\HMITT\MXTmpFiles\touchgfx_license.tmp
2026-06-16 21:06:13,506 [INFO] CodeEngine:255 - oldGeneratedFile, C:\git\VehiculoTT\HMITT\MXTmpFiles\touchgfx_gen_license.tmp_save
2026-06-16 21:06:13,562 [INFO] CodeEngine:279 - Generated code: C:\git\VehiculoTT\HMITT\MXTmpFiles\touchgfx_gen_license.tmp
2026-06-16 21:06:13,580 [INFO] CodeEngine:255 - oldGeneratedFile, C:\git\VehiculoTT\HMITT\MXTmpFiles\oswrappers_cmsis.tmp_save
2026-06-16 21:06:13,639 [INFO] CodeEngine:279 - Generated code: C:\git\VehiculoTT\HMITT\MXTmpFiles\oswrappers_cmsis.tmp
2026-06-16 21:06:13,651 [INFO] CodeEngine:255 - oldGeneratedFile, C:\git\VehiculoTT\HMITT\TouchGFX\App\app_touchgfx.h_save
2026-06-16 21:06:13,711 [INFO] CodeEngine:279 - Generated code: C:\git\VehiculoTT\HMITT\TouchGFX\App\app_touchgfx.h
2026-06-16 21:06:13,729 [INFO] CodeEngine:255 - oldGeneratedFile, C:\git\VehiculoTT\HMITT\TouchGFX\ApplicationTemplate.touchgfx.part_save
2026-06-16 21:06:13,804 [INFO] CodeEngine:279 - Generated code: C:\git\VehiculoTT\HMITT\TouchGFX\ApplicationTemplate.touchgfx.part
2026-06-16 21:06:13,823 [INFO] CodeEngine:255 - oldGeneratedFile, C:\git\VehiculoTT\HMITT\TouchGFX\target\generated\TouchGFXConfiguration.cpp_save
2026-06-16 21:06:13,895 [INFO] CodeEngine:279 - Generated code: C:\git\VehiculoTT\HMITT\TouchGFX\target\generated\TouchGFXConfiguration.cpp
2026-06-16 21:06:13,914 [INFO] CodeEngine:255 - oldGeneratedFile, C:\git\VehiculoTT\HMITT\TouchGFX\target\generated\TouchGFXGeneratedHAL.hpp_save
2026-06-16 21:06:13,984 [INFO] CodeEngine:279 - Generated code: C:\git\VehiculoTT\HMITT\TouchGFX\target\generated\TouchGFXGeneratedHAL.hpp
2026-06-16 21:06:14,004 [INFO] CodeEngine:255 - oldGeneratedFile, C:\git\VehiculoTT\HMITT\TouchGFX\target\generated\TouchGFXGeneratedHAL.cpp_save
2026-06-16 21:06:14,092 [INFO] CodeEngine:279 - Generated code: C:\git\VehiculoTT\HMITT\TouchGFX\target\generated\TouchGFXGeneratedHAL.cpp
2026-06-16 21:06:14,104 [INFO] CodeEngine:255 - oldGeneratedFile, C:\git\VehiculoTT\HMITT\TouchGFX\target\TouchGFXHAL.hpp_save
2026-06-16 21:06:14,193 [INFO] CodeEngine:279 - Generated code: C:\git\VehiculoTT\HMITT\TouchGFX\target\TouchGFXHAL.hpp
2026-06-16 21:06:14,204 [INFO] CodeEngine:255 - oldGeneratedFile, C:\git\VehiculoTT\HMITT\TouchGFX\target\TouchGFXHAL.cpp_save
2026-06-16 21:06:14,292 [INFO] CodeEngine:279 - Generated code: C:\git\VehiculoTT\HMITT\TouchGFX\target\TouchGFXHAL.cpp
2026-06-16 21:06:14,309 [INFO] CodeEngine:255 - oldGeneratedFile, C:\git\VehiculoTT\HMITT\TouchGFX\target\STM32TouchController.hpp_save
2026-06-16 21:06:14,377 [INFO] CodeEngine:279 - Generated code: C:\git\VehiculoTT\HMITT\TouchGFX\target\STM32TouchController.hpp
2026-06-16 21:06:14,395 [INFO] CodeEngine:255 - oldGeneratedFile, C:\git\VehiculoTT\HMITT\TouchGFX\target\STM32TouchController.cpp_save
2026-06-16 21:06:14,464 [INFO] CodeEngine:279 - Generated code: C:\git\VehiculoTT\HMITT\TouchGFX\target\STM32TouchController.cpp
2026-06-16 21:06:14,475 [INFO] CodeEngine:255 - oldGeneratedFile, C:\git\VehiculoTT\HMITT\TouchGFX\target\generated\STM32DMA.hpp_save
2026-06-16 21:06:14,535 [INFO] CodeEngine:279 - Generated code: C:\git\VehiculoTT\HMITT\TouchGFX\target\generated\STM32DMA.hpp
2026-06-16 21:06:14,546 [INFO] CodeEngine:255 - oldGeneratedFile, C:\git\VehiculoTT\HMITT\TouchGFX\target\generated\STM32DMA.cpp_save
2026-06-16 21:06:14,611 [INFO] CodeEngine:279 - Generated code: C:\git\VehiculoTT\HMITT\TouchGFX\target\generated\STM32DMA.cpp
2026-06-16 21:06:14,628 [INFO] CodeEngine:255 - oldGeneratedFile, C:\git\VehiculoTT\HMITT\TouchGFX\target\generated\OSWrappers.cpp_save
2026-06-16 21:06:14,705 [INFO] CodeEngine:279 - Generated code: C:\git\VehiculoTT\HMITT\TouchGFX\target\generated\OSWrappers.cpp
2026-06-16 21:06:14,716 [INFO] CodeEngine:255 - oldGeneratedFile, C:\git\VehiculoTT\HMITT\TouchGFX\target\TouchGFXGPIO.cpp_save
2026-06-16 21:06:14,776 [INFO] CodeEngine:279 - Generated code: C:\git\VehiculoTT\HMITT\TouchGFX\target\TouchGFXGPIO.cpp
2026-06-16 21:06:14,794 [INFO] CodeEngine:255 - oldGeneratedFile, C:\git\VehiculoTT\HMITT\TouchGFX\App\app_touchgfx.c_save
2026-06-16 21:06:14,858 [INFO] CodeEngine:279 - Generated code: C:\git\VehiculoTT\HMITT\TouchGFX\App\app_touchgfx.c
2026-06-16 21:06:14,896 [INFO] CodeEngine:255 - oldGeneratedFile, C:\git\VehiculoTT\HMITT\Core\Src\stm32f4xx_it.c_save
2026-06-16 21:06:15,068 [INFO] CodeEngine:279 - Generated code: C:\git\VehiculoTT\HMITT\Core\Src\stm32f4xx_it.c
2026-06-16 21:06:15,089 [INFO] CodeEngine:255 - oldGeneratedFile, C:\git\VehiculoTT\HMITT\Core\Inc\stm32f4xx_it.h_save
2026-06-16 21:06:15,152 [INFO] CodeEngine:279 - Generated code: C:\git\VehiculoTT\HMITT\Core\Inc\stm32f4xx_it.h
2026-06-16 21:06:15,160 [INFO] IP:3348 - RTE Config file name : RTE_Component
2026-06-16 21:06:15,160 [INFO] IP:3366 - RTE template : RTE_Components.ftl
2026-06-16 21:06:15,160 [INFO] CodeGenerator:2119 - Add RTE Code Input 
2026-06-16 21:06:15,174 [INFO] CodeEngine:255 - oldGeneratedFile, C:\git\VehiculoTT\HMITT\Core\Inc\RTE_Components.h_save
2026-06-16 21:06:15,247 [INFO] CodeEngine:279 - Generated code: C:\git\VehiculoTT\HMITT\Core\Inc\RTE_Components.h
2026-06-16 21:06:15,280 [INFO] CodeEngine:255 - oldGeneratedFile, C:\git\VehiculoTT\HMITT\Core\Src\stm32f4xx_hal_msp.c_save
2026-06-16 21:06:15,417 [INFO] CodeEngine:279 - Generated code: C:\git\VehiculoTT\HMITT\Core\Src\stm32f4xx_hal_msp.c
2026-06-16 21:06:15,428 [INFO] CodeEngine:255 - oldGeneratedFile, C:\git\VehiculoTT\HMITT\MXTmpFiles\system.tmp_save
2026-06-16 21:06:15,497 [INFO] CodeEngine:279 - Generated code: C:\git\VehiculoTT\HMITT\MXTmpFiles\system.tmp
2026-06-16 21:06:15,514 [INFO] CodeEngine:255 - oldGeneratedFile, C:\git\VehiculoTT\HMITT\Core\Src\stm32f4xx_hal_timebase_tim.c_save
2026-06-16 21:06:15,601 [INFO] CodeEngine:279 - Generated code: C:\git\VehiculoTT\HMITT\Core\Src\stm32f4xx_hal_timebase_tim.c
2026-06-16 21:06:15,631 [INFO] CodeEngine:311 - oldGeneratedFile, C:\git\VehiculoTT\HMITT\Core\Inc\stm32f4xx_hal_conf.h_save
2026-06-16 21:06:15,732 [INFO] CodeEngine:335 - Generated code: C:\git\VehiculoTT\HMITT\Core\Inc\stm32f4xx_hal_conf.h
2026-06-16 21:06:15,768 [WARN] IPConfigManager:3513 - IP not found : TIM
2026-06-16 21:06:15,769 [WARN] CodeGenerator:3951 - IP not found : null
2026-06-16 21:06:15,791 [INFO] CodeEngine:255 - oldGeneratedFile, C:\git\VehiculoTT\HMITT\Core\Inc\main.h_save
2026-06-16 21:06:15,879 [INFO] CodeEngine:279 - Generated code: C:\git\VehiculoTT\HMITT\Core\Inc\main.h
2026-06-16 21:06:15,899 [INFO] CodeEngine:255 - oldGeneratedFile, C:\git\VehiculoTT\HMITT\Core\Src\main.c_save
2026-06-16 21:06:16,120 [INFO] CodeEngine:279 - Generated code: C:\git\VehiculoTT\HMITT\Core\Src\main.c
2026-06-16 21:06:16,934 [INFO] ProjectBuilder:3163 - Time for Copy HAL[1] : 557mS.
2026-06-16 21:06:16,934 [ERROR] Middleware:2969 - Invalid RefComponent liste
2026-06-16 21:06:16,934 [ERROR] Middleware:2969 - Invalid RefComponent liste
2026-06-16 21:06:16,934 [ERROR] Middleware:2969 - Invalid RefComponent liste
2026-06-16 21:06:16,934 [ERROR] Middleware:2969 - Invalid RefComponent liste
2026-06-16 21:06:16,934 [ERROR] Middleware:2969 - Invalid RefComponent liste
2026-06-16 21:06:16,934 [ERROR] Middleware:2969 - Invalid RefComponent liste
2026-06-16 21:06:16,934 [ERROR] Middleware:2969 - Invalid RefComponent liste
2026-06-16 21:06:16,934 [ERROR] Middleware:2969 - Invalid RefComponent liste
2026-06-16 21:06:16,934 [ERROR] Middleware:2969 - Invalid RefComponent liste
2026-06-16 21:06:16,934 [ERROR] Middleware:2969 - Invalid RefComponent liste
2026-06-16 21:06:16,934 [ERROR] Middleware:2969 - Invalid RefComponent liste
2026-06-16 21:06:16,934 [ERROR] Middleware:2969 - Invalid RefComponent liste
2026-06-16 21:06:16,934 [ERROR] Middleware:2969 - Invalid RefComponent liste
2026-06-16 21:06:16,935 [ERROR] Middleware:2969 - Invalid RefComponent liste
2026-06-16 21:06:16,935 [ERROR] Middleware:2969 - Invalid RefComponent liste
2026-06-16 21:06:16,935 [ERROR] Middleware:2969 - Invalid RefComponent liste
2026-06-16 21:06:16,935 [ERROR] Middleware:2969 - Invalid RefComponent liste
2026-06-16 21:06:16,935 [ERROR] Middleware:2969 - Invalid RefComponent liste
2026-06-16 21:06:16,935 [ERROR] Middleware:2969 - Invalid RefComponent liste
2026-06-16 21:06:16,935 [ERROR] Middleware:2969 - Invalid RefComponent liste
2026-06-16 21:06:16,935 [ERROR] Middleware:2969 - Invalid RefComponent liste
2026-06-16 21:06:16,935 [ERROR] Middleware:2969 - Invalid RefComponent liste
2026-06-16 21:06:16,935 [ERROR] Middleware:2969 - Invalid RefComponent liste
2026-06-16 21:06:16,935 [ERROR] Middleware:2969 - Invalid RefComponent liste
2026-06-16 21:06:16,935 [ERROR] Middleware:2969 - Invalid RefComponent liste
2026-06-16 21:06:16,935 [ERROR] Middleware:2969 - Invalid RefComponent liste
2026-06-16 21:06:16,935 [ERROR] Middleware:2969 - Invalid RefComponent liste
2026-06-16 21:06:16,935 [ERROR] Middleware:2969 - Invalid RefComponent liste
2026-06-16 21:06:16,935 [ERROR] Middleware:2969 - Invalid RefComponent liste
2026-06-16 21:06:16,935 [ERROR] Middleware:2969 - Invalid RefComponent liste
2026-06-16 21:06:16,935 [ERROR] Middleware:2969 - Invalid RefComponent liste
2026-06-16 21:06:16,935 [ERROR] Middleware:2969 - Invalid RefComponent liste
2026-06-16 21:06:16,935 [ERROR] Middleware:2969 - Invalid RefComponent liste
2026-06-16 21:06:16,935 [ERROR] Middleware:2969 - Invalid RefComponent liste
2026-06-16 21:06:16,935 [ERROR] Middleware:2969 - Invalid RefComponent liste
2026-06-16 21:06:16,935 [ERROR] Middleware:2969 - Invalid RefComponent liste
2026-06-16 21:06:16,935 [ERROR] Middleware:2969 - Invalid RefComponent liste
2026-06-16 21:06:16,935 [ERROR] Middleware:2969 - Invalid RefComponent liste
2026-06-16 21:06:16,935 [ERROR] Middleware:2969 - Invalid RefComponent liste
2026-06-16 21:06:16,935 [ERROR] Middleware:2969 - Invalid RefComponent liste
2026-06-16 21:06:16,935 [ERROR] Middleware:2969 - Invalid RefComponent liste
2026-06-16 21:06:16,935 [ERROR] Middleware:2969 - Invalid RefComponent liste
2026-06-16 21:06:16,935 [ERROR] Middleware:2969 - Invalid RefComponent liste
2026-06-16 21:06:16,935 [ERROR] Middleware:2969 - Invalid RefComponent liste
2026-06-16 21:06:16,935 [ERROR] Middleware:2969 - Invalid RefComponent liste
2026-06-16 21:06:16,935 [ERROR] Middleware:2969 - Invalid RefComponent liste
2026-06-16 21:06:16,936 [ERROR] Middleware:2969 - Invalid RefComponent liste
2026-06-16 21:06:16,936 [ERROR] Middleware:2969 - Invalid RefComponent liste
2026-06-16 21:06:16,936 [ERROR] Middleware:2969 - Invalid RefComponent liste
2026-06-16 21:06:16,936 [ERROR] Middleware:2969 - Invalid RefComponent liste
2026-06-16 21:06:16,936 [ERROR] Middleware:2969 - Invalid RefComponent liste
2026-06-16 21:06:16,936 [ERROR] Middleware:2969 - Invalid RefComponent liste
2026-06-16 21:06:16,940 [ERROR] Middleware:2969 - Invalid RefComponent liste
2026-06-16 21:06:16,940 [ERROR] Middleware:2969 - Invalid RefComponent liste
2026-06-16 21:06:16,940 [ERROR] Middleware:2969 - Invalid RefComponent liste
2026-06-16 21:06:16,940 [ERROR] Middleware:2969 - Invalid RefComponent liste
2026-06-16 21:06:16,940 [ERROR] Middleware:2969 - Invalid RefComponent liste
2026-06-16 21:06:16,940 [ERROR] Middleware:2969 - Invalid RefComponent liste
2026-06-16 21:06:16,940 [ERROR] Middleware:2969 - Invalid RefComponent liste
2026-06-16 21:06:16,940 [ERROR] Middleware:2969 - Invalid RefComponent liste
2026-06-16 21:06:16,940 [ERROR] Middleware:2969 - Invalid RefComponent liste
2026-06-16 21:06:16,940 [ERROR] Middleware:2969 - Invalid RefComponent liste
2026-06-16 21:06:16,940 [ERROR] Middleware:2969 - Invalid RefComponent liste
2026-06-16 21:06:16,940 [ERROR] Middleware:2969 - Invalid RefComponent liste
2026-06-16 21:06:16,940 [ERROR] Middleware:2969 - Invalid RefComponent liste
2026-06-16 21:06:16,940 [ERROR] Middleware:2969 - Invalid RefComponent liste
2026-06-16 21:06:16,940 [ERROR] Middleware:2969 - Invalid RefComponent liste
2026-06-16 21:06:16,940 [ERROR] Middleware:2969 - Invalid RefComponent liste
2026-06-16 21:06:16,940 [ERROR] Middleware:2969 - Invalid RefComponent liste
2026-06-16 21:06:16,940 [ERROR] Middleware:2969 - Invalid RefComponent liste
2026-06-16 21:06:16,940 [ERROR] Middleware:2969 - Invalid RefComponent liste
2026-06-16 21:06:16,940 [ERROR] Middleware:2969 - Invalid RefComponent liste
2026-06-16 21:06:16,940 [ERROR] Middleware:2969 - Invalid RefComponent liste
2026-06-16 21:06:16,940 [ERROR] Middleware:2969 - Invalid RefComponent liste
2026-06-16 21:06:16,940 [ERROR] Middleware:2969 - Invalid RefComponent liste
2026-06-16 21:06:16,940 [ERROR] Middleware:2969 - Invalid RefComponent liste
2026-06-16 21:06:16,940 [ERROR] Middleware:2969 - Invalid RefComponent liste
2026-06-16 21:06:16,940 [ERROR] Middleware:2969 - Invalid RefComponent liste
2026-06-16 21:06:16,941 [ERROR] Middleware:2969 - Invalid RefComponent liste
2026-06-16 21:06:16,941 [ERROR] Middleware:2969 - Invalid RefComponent liste
2026-06-16 21:06:16,941 [ERROR] Middleware:2969 - Invalid RefComponent liste
2026-06-16 21:06:16,941 [ERROR] Middleware:2969 - Invalid RefComponent liste
2026-06-16 21:06:16,941 [ERROR] Middleware:2969 - Invalid RefComponent liste
2026-06-16 21:06:16,941 [ERROR] Middleware:2969 - Invalid RefComponent liste
2026-06-16 21:06:16,941 [ERROR] Middleware:2969 - Invalid RefComponent liste
2026-06-16 21:06:16,941 [ERROR] Middleware:2969 - Invalid RefComponent liste
2026-06-16 21:06:16,941 [ERROR] Middleware:2969 - Invalid RefComponent liste
2026-06-16 21:06:16,941 [ERROR] Middleware:2969 - Invalid RefComponent liste
2026-06-16 21:06:16,941 [ERROR] Middleware:2969 - Invalid RefComponent liste
2026-06-16 21:06:16,941 [ERROR] Middleware:2969 - Invalid RefComponent liste
2026-06-16 21:06:16,941 [ERROR] Middleware:2969 - Invalid RefComponent liste
2026-06-16 21:06:16,941 [ERROR] Middleware:2969 - Invalid RefComponent liste
2026-06-16 21:06:16,941 [ERROR] Middleware:2969 - Invalid RefComponent liste
2026-06-16 21:06:16,941 [ERROR] Middleware:2969 - Invalid RefComponent liste
2026-06-16 21:06:16,941 [ERROR] Middleware:2969 - Invalid RefComponent liste
2026-06-16 21:06:16,941 [ERROR] Middleware:2969 - Invalid RefComponent liste
2026-06-16 21:06:16,941 [ERROR] Middleware:2969 - Invalid RefComponent liste
2026-06-16 21:06:16,941 [ERROR] Middleware:2969 - Invalid RefComponent liste
2026-06-16 21:06:16,941 [ERROR] Middleware:2969 - Invalid RefComponent liste
2026-06-16 21:06:16,941 [ERROR] Middleware:2969 - Invalid RefComponent liste
2026-06-16 21:06:16,941 [ERROR] Middleware:2969 - Invalid RefComponent liste
2026-06-16 21:06:16,941 [ERROR] Middleware:2969 - Invalid RefComponent liste
2026-06-16 21:06:16,963 [INFO] ProjectBuilder:4736 - Project Generator version: 4.3.0-B58
2026-06-16 21:06:17,044 [INFO] ConfigFileManager:1503 - The Die is : DIE431
2026-06-16 21:06:17,048 [INFO] ApiDbMcu:508 - Load IP Config File for FATFS
2026-06-16 21:06:17,050 [INFO] ApiDbMcu:508 - Load IP Config File for LIBJPEG
2026-06-16 21:06:17,056 [INFO] ApiDbMcu:508 - Load IP Config File for MBEDTLS
2026-06-16 21:06:17,061 [INFO] ApiDbMcu:508 - Load IP Config File for USB_DEVICE
2026-06-16 21:06:17,065 [INFO] ApiDbMcu:508 - Load IP Config File for USB_HOST
2026-06-16 21:06:17,479 [INFO] LogOutputStream:77 - [STDOUT_REDIRECT] 
2026-06-16 21:06:20,109 [INFO] ProjectBuilder:5002 - Time for Generating toolchain IDE Files: 3146mS.
2026-06-16 21:06:20,113 [INFO] ProjectBuilder:3034 - Time for Copy CMSIS : 2mS.
2026-06-16 21:06:20,245 [INFO] ProjectBuilder:3034 - Time for Copy CMSIS : 0mS.
2026-06-16 21:47:33,532 [ERROR] LogOutputStream:75 - [STDERR_REDIRECT] 
