2026-07-02 18:11:28,939 [INFO] Activator:176 - 


2026-07-02 18:11:28,951 [INFO] Activator:177 - !SESSION log4j initialized
2026-07-02 18:11:48,345 [INFO] LogOutputStream:77 - [STDOUT_REDIRECT] 
2026-07-02 18:11:57,553 [INFO] ApplicationProperties:184 - Using Application install path: D:\Documentos\Electronica\Nueva carpeta\STM32CubeIDE_1.15.0\STM32CubeIDE\plugins\com.st.stm32cube.common.mx_6.11.0.202403141607
2026-07-02 18:11:57,629 [INFO] DbMcusXml:78 - Set database path to: D:\Documentos\Electronica\Nueva carpeta\STM32CubeIDE_1.15.0\STM32CubeIDE\plugins\com.st.stm32cube.common.mx_6.11.0.202403141607\\db\/mcu/
2026-07-02 18:11:57,629 [INFO] ApiDb:274 - Set plugin database path to: D:\Documentos\Electronica\Nueva carpeta\STM32CubeIDE_1.15.0\STM32CubeIDE\plugins\com.st.stm32cube.common.mx_6.11.0.202403141607\\db\/plugins/boardmanager/
2026-07-02 18:11:57,631 [WARN] ApiDb:259 - Overriding images path with different value:  => D:\Documentos\Electronica\Nueva carpeta\STM32CubeIDE_1.15.0\STM32CubeIDE\plugins\com.st.stm32cube.common.mx_6.11.0.202403141607\\db\/plugins/mcufinder/images/
2026-07-02 18:11:57,745 [INFO] ApiDb:250 - Set database path to: C:\Users\USER\.stmcufinder\plugins\mcufinder//mcu/
2026-07-02 18:11:57,759 [INFO] DbMcusAds:125 - Set database path to: C:\Users\USER\.stmcufinder\plugins\mcufinder//mcu/
2026-07-02 18:11:57,760 [INFO] CrossReferenceDbSqlite:203 - Set database path to: C:\Users\USER\.stmcufinder\plugins\mcufinder//mcu/cs/
2026-07-02 18:11:58,121 [INFO] RulesReader:64 - Compatibility file has been processed (297 Rules)
2026-07-02 18:11:58,527 [INFO] DbMcusXml:78 - Set database path to: D:\Documentos\Electronica\Nueva carpeta\STM32CubeIDE_1.15.0\STM32CubeIDE\plugins\com.st.stm32cube.common.mx_6.11.0.202403141607\\db\/mcu/
2026-07-02 18:11:58,528 [INFO] ApiDb:274 - Set plugin database path to: D:\Documentos\Electronica\Nueva carpeta\STM32CubeIDE_1.15.0\STM32CubeIDE\plugins\com.st.stm32cube.common.mx_6.11.0.202403141607\\db\/plugins/boardmanager/
2026-07-02 18:11:58,528 [INFO] ApiDb:261 - Set plugin images path to: D:\Documentos\Electronica\Nueva carpeta\STM32CubeIDE_1.15.0\STM32CubeIDE\plugins\com.st.stm32cube.common.mx_6.11.0.202403141607\\db\/plugins/mcufinder/images/
2026-07-02 18:11:58,528 [WARN] DbFile:41 - Overriding database path with different value: C:\Users\USER\.stmcufinder\plugins\mcufinder/ => C:\Users\USER\.stmcufinder\plugins\mcufinder
2026-07-02 18:11:58,528 [INFO] ApiDb:250 - Set database path to: C:\Users\USER\.stmcufinder\plugins\mcufinder//mcu/
2026-07-02 18:11:58,528 [WARN] DbFile:41 - Overriding database path with different value: C:\Users\USER\.stmcufinder\plugins\mcufinder/ => C:\Users\USER\.stmcufinder\plugins\mcufinder
2026-07-02 18:11:58,528 [INFO] DbMcusAds:125 - Set database path to: C:\Users\USER\.stmcufinder\plugins\mcufinder//mcu/
2026-07-02 18:11:58,528 [WARN] DbFile:41 - Overriding database path with different value: C:\Users\USER\.stmcufinder\plugins\mcufinder/ => C:\Users\USER\.stmcufinder\plugins\mcufinder
2026-07-02 18:11:58,529 [WARN] DbFile:41 - Overriding database path with different value: C:\Users\USER\.stmcufinder\plugins\mcufinder/ => C:\Users\USER\.stmcufinder\plugins\mcufinder
2026-07-02 18:11:58,529 [INFO] CrossReferenceDbSqlite:203 - Set database path to: C:\Users\USER\.stmcufinder\plugins\mcufinder//mcu/cs/
2026-07-02 18:11:59,014 [INFO] MainPanel:264 - HeapMemory: 268435456
2026-07-02 18:11:59,848 [INFO] DbMcusXml:78 - Set database path to: D:\Documentos\Electronica\Nueva carpeta\STM32CubeIDE_1.15.0\STM32CubeIDE\plugins\com.st.stm32cube.common.mx_6.11.0.202403141607\\db\/mcu/
2026-07-02 18:11:59,848 [INFO] ApiDb:274 - Set plugin database path to: D:\Documentos\Electronica\Nueva carpeta\STM32CubeIDE_1.15.0\STM32CubeIDE\plugins\com.st.stm32cube.common.mx_6.11.0.202403141607\\db\/plugins/boardmanager/
2026-07-02 18:11:59,848 [INFO] ApiDb:261 - Set plugin images path to: D:\Documentos\Electronica\Nueva carpeta\STM32CubeIDE_1.15.0\STM32CubeIDE\plugins\com.st.stm32cube.common.mx_6.11.0.202403141607\\db\/plugins/mcufinder/images/
2026-07-02 18:11:59,848 [WARN] DbFile:41 - Overriding database path with different value: C:\Users\USER\.stmcufinder\plugins\mcufinder/ => C:\Users\USER\.stmcufinder\plugins\mcufinder
2026-07-02 18:11:59,848 [INFO] ApiDb:250 - Set database path to: C:\Users\USER\.stmcufinder\plugins\mcufinder//mcu/
2026-07-02 18:11:59,848 [WARN] DbFile:41 - Overriding database path with different value: C:\Users\USER\.stmcufinder\plugins\mcufinder/ => C:\Users\USER\.stmcufinder\plugins\mcufinder
2026-07-02 18:11:59,848 [INFO] DbMcusAds:125 - Set database path to: C:\Users\USER\.stmcufinder\plugins\mcufinder//mcu/
2026-07-02 18:11:59,848 [WARN] DbFile:41 - Overriding database path with different value: C:\Users\USER\.stmcufinder\plugins\mcufinder/ => C:\Users\USER\.stmcufinder\plugins\mcufinder
2026-07-02 18:11:59,848 [WARN] DbFile:41 - Overriding database path with different value: C:\Users\USER\.stmcufinder\plugins\mcufinder/ => C:\Users\USER\.stmcufinder\plugins\mcufinder
2026-07-02 18:11:59,896 [INFO] CrossReferenceDbSqlite:203 - Set database path to: C:\Users\USER\.stmcufinder\plugins\mcufinder//mcu/cs/
2026-07-02 18:11:59,996 [INFO] ApplicationProperties:184 - Using Application install path: D:\Documentos\Electronica\Nueva carpeta\STM32CubeIDE_1.15.0\STM32CubeIDE\plugins\com.st.stm32cube.common.mx_6.11.0.202403141607
2026-07-02 18:12:00,097 [INFO] PluginManage:196 - Search for loadable plugins [exclusion list=, ]
2026-07-02 18:12:00,097 [INFO] PluginManage:310 - Check plugin analytics
2026-07-02 18:12:00,563 [INFO] AnalyticsPlugin:253 - Accepted Software Licenses: 
2026-07-02 18:12:00,563 [INFO] AnalyticsPlugin:255 - Accepted CMSIS Pack Licenses: STMicroelectronics.X-CUBE-TOUCHGFX.4.26.0,STMicroelectronics.X-CUBE-TOF1.3.4.2
2026-07-02 18:12:00,563 [INFO] AnalyticsPlugin:257 - Accepted Firmware Licenses: FW.F7.1.17.0,FW.H7.1.11.0,FW.F4.1.28.0
2026-07-02 18:12:00,566 [INFO] PluginManage:359 - Loaded plugin analytics (category:tool,tabindex:-1)
2026-07-02 18:12:00,567 [INFO] PluginManage:310 - Check plugin cadmodel
2026-07-02 18:12:00,639 [INFO] CADModel:105 - Init CAD model plugin
2026-07-02 18:12:00,640 [INFO] PluginManage:359 - Loaded plugin cadmodel (category:power,tabindex:5)
2026-07-02 18:12:00,640 [INFO] PluginManage:310 - Check plugin clock
2026-07-02 18:12:00,713 [INFO] PluginManage:359 - Loaded plugin clock (category:base,tabindex:2)
2026-07-02 18:12:00,713 [INFO] PluginManage:310 - Check plugin ddr
2026-07-02 18:12:00,729 [INFO] PluginManage:359 - Loaded plugin ddr (category:tool,tabindex:6)
2026-07-02 18:12:00,729 [INFO] PluginManage:310 - Check plugin filemanager
2026-07-02 18:12:01,343 [INFO] PluginManage:359 - Loaded plugin filemanager (category:base,tabindex:10)
2026-07-02 18:12:01,344 [INFO] PluginManage:310 - Check plugin ipmanager
2026-07-02 18:12:01,413 [INFO] PluginManage:359 - Loaded plugin ipmanager (category:base,tabindex:5)
2026-07-02 18:12:01,413 [INFO] PluginManage:310 - Check plugin lpbam
2026-07-02 18:12:01,497 [INFO] PluginManage:359 - Loaded plugin lpbam (category:base,tabindex:0)
2026-07-02 18:12:01,497 [INFO] PluginManage:310 - Check plugin memorymap
2026-07-02 18:12:01,580 [INFO] PluginManage:359 - Loaded plugin memorymap (category:base,tabindex:4)
2026-07-02 18:12:01,580 [INFO] PluginManage:310 - Check plugin pinoutandconfiguration
2026-07-02 18:12:01,631 [INFO] PluginManage:359 - Loaded plugin pinoutandconfiguration (category:base,tabindex:1)
2026-07-02 18:12:01,632 [INFO] PluginManage:310 - Check plugin pinoutconfig
2026-07-02 18:12:01,864 [WARN] SupportedApi:132 - Cannot load RTOS API schema: s4s-elt-must-match.1: The content of 'definitions' must match (annotation?, (simpleType | complexType)?, (unique | key | keyref)*)). A problem was found starting at: attribute.
2026-07-02 18:12:02,351 [INFO] PluginManage:359 - Loaded plugin pinoutconfig (category:base,tabindex:0)
2026-07-02 18:12:02,363 [INFO] PluginManage:310 - Check plugin power
2026-07-02 18:12:02,481 [INFO] PluginManage:359 - Loaded plugin power (category:power,tabindex:4)
2026-07-02 18:12:02,481 [INFO] PluginManage:310 - Check plugin projectmanager
2026-07-02 18:12:02,547 [INFO] PluginManage:359 - Loaded plugin projectmanager (category:projectmanager,tabindex:3)
2026-07-02 18:12:02,548 [INFO] PluginManage:310 - Check plugin thirdparty
2026-07-02 18:12:03,401 [INFO] PluginManage:359 - Loaded plugin thirdparty (category:base,tabindex:-1)
2026-07-02 18:12:03,401 [WARN] IntegrityCheckThread:84 - waiting for thirdparty lock release [integrity check]
2026-07-02 18:12:03,401 [INFO] PluginManage:310 - Check plugin tools
2026-07-02 18:12:03,401 [INFO] IntegrityCheckThread:86 - entering critical section [integrity check]
2026-07-02 18:12:03,401 [INFO] ThirdPartyUpdaterWithRetryManager:70 - Updater plugin not ready yet. [1/15]
2026-07-02 18:12:03,470 [INFO] PluginManage:359 - Loaded plugin tools (category:base,tabindex:7)
2026-07-02 18:12:03,471 [INFO] PluginManage:310 - Check plugin tutovideos
2026-07-02 18:12:04,212 [INFO] PluginManage:359 - Loaded plugin tutovideos (category:base,tabindex:-1)
2026-07-02 18:12:04,213 [INFO] PluginManage:310 - Check plugin updater
2026-07-02 18:12:04,265 [INFO] PluginManage:359 - Loaded plugin updater (category:base,tabindex:12)
2026-07-02 18:12:04,265 [INFO] PluginManage:310 - Check plugin userauth
2026-07-02 18:12:04,329 [INFO] UserAuth:114 - Init User Auth plugin
2026-07-02 18:12:04,329 [INFO] PluginManage:359 - Loaded plugin userauth (category:base,tabindex:14)
2026-07-02 18:12:04,330 [INFO] PluginManage:283 - PluginManage : Loaded plugins [17]
2026-07-02 18:12:05,656 [INFO] PinOutPanel:1561 - setPackage(No Configuration,No Configuration)
2026-07-02 18:12:06,019 [INFO] CADModel:165 - CPN selected for project level
2026-07-02 18:12:06,019 [INFO] CADModel:114 - Register for checkConnection events
2026-07-02 18:12:06,112 [INFO] IPUIPlugin:80 - create IPUIPlugin
2026-07-02 18:12:06,112 [INFO] PluginManager:220 - loadIPPluginJar : add adc
2026-07-02 18:12:06,171 [INFO] IPUIPlugin:80 - create IPUIPlugin
2026-07-02 18:12:06,171 [INFO] PluginManager:220 - loadIPPluginJar : add aes
2026-07-02 18:12:06,248 [INFO] IPUIPlugin:80 - create IPUIPlugin
2026-07-02 18:12:06,248 [INFO] PluginManager:220 - loadIPPluginJar : add can
2026-07-02 18:12:06,378 [INFO] IPUIPlugin:80 - create IPUIPlugin
2026-07-02 18:12:06,378 [INFO] PluginManager:220 - loadIPPluginJar : add comp
2026-07-02 18:12:06,418 [INFO] ThirdPartyUpdaterWithRetryManager:70 - Updater plugin not ready yet. [2/15]
2026-07-02 18:12:06,435 [INFO] IPUIPlugin:80 - create IPUIPlugin
2026-07-02 18:12:06,435 [INFO] PluginManager:220 - loadIPPluginJar : add cryp
2026-07-02 18:12:06,504 [INFO] IPUIPlugin:80 - create IPUIPlugin
2026-07-02 18:12:06,504 [INFO] PluginManager:220 - loadIPPluginJar : add dfsdm
2026-07-02 18:12:06,537 [INFO] IPUIPlugin:80 - create IPUIPlugin
2026-07-02 18:12:06,537 [INFO] PluginManager:220 - loadIPPluginJar : add dma
2026-07-02 18:12:06,617 [INFO] IPUIPlugin:80 - create IPUIPlugin
2026-07-02 18:12:06,617 [INFO] PluginManager:220 - loadIPPluginJar : add dma3
2026-07-02 18:12:06,701 [INFO] IPUIPlugin:80 - create IPUIPlugin
2026-07-02 18:12:06,701 [INFO] PluginManager:220 - loadIPPluginJar : add extmemmanager
2026-07-02 18:12:06,743 [INFO] IPUIPlugin:80 - create IPUIPlugin
2026-07-02 18:12:06,744 [INFO] PluginManager:220 - loadIPPluginJar : add fatfs
2026-07-02 18:12:06,847 [INFO] IPUIPlugin:80 - create IPUIPlugin
2026-07-02 18:12:06,847 [INFO] PluginManager:220 - loadIPPluginJar : add fmc
2026-07-02 18:12:06,886 [INFO] IPUIPlugin:80 - create IPUIPlugin
2026-07-02 18:12:06,886 [INFO] PluginManager:220 - loadIPPluginJar : add freertos
2026-07-02 18:12:06,934 [INFO] IPUIPlugin:80 - create IPUIPlugin
2026-07-02 18:12:06,934 [INFO] PluginManager:220 - loadIPPluginJar : add genericplugin
2026-07-02 18:12:07,069 [INFO] IPUIPlugin:80 - create IPUIPlugin
2026-07-02 18:12:07,069 [INFO] PluginManager:220 - loadIPPluginJar : add gfxmmu
2026-07-02 18:12:07,301 [INFO] IPUIPlugin:80 - create IPUIPlugin
2026-07-02 18:12:07,301 [INFO] PluginManager:220 - loadIPPluginJar : add gic
2026-07-02 18:12:07,330 [INFO] IPUIPlugin:80 - create IPUIPlugin
2026-07-02 18:12:07,330 [INFO] PluginManager:220 - loadIPPluginJar : add gpio
2026-07-02 18:12:07,489 [INFO] IPUIPlugin:80 - create IPUIPlugin
2026-07-02 18:12:07,489 [INFO] PluginManager:220 - loadIPPluginJar : add gtzc
2026-07-02 18:12:07,565 [INFO] IPUIPlugin:80 - create IPUIPlugin
2026-07-02 18:12:07,565 [INFO] PluginManager:220 - loadIPPluginJar : add hash
2026-07-02 18:12:07,672 [INFO] IPUIPlugin:80 - create IPUIPlugin
2026-07-02 18:12:07,672 [INFO] PluginManager:220 - loadIPPluginJar : add i2c
2026-07-02 18:12:07,786 [INFO] IPUIPlugin:80 - create IPUIPlugin
2026-07-02 18:12:07,786 [INFO] PluginManager:220 - loadIPPluginJar : add i2s
2026-07-02 18:12:07,836 [INFO] IPUIPlugin:80 - create IPUIPlugin
2026-07-02 18:12:07,836 [INFO] PluginManager:220 - loadIPPluginJar : add i3c
2026-07-02 18:12:08,006 [INFO] IPUIPlugin:80 - create IPUIPlugin
2026-07-02 18:12:08,006 [INFO] PluginManager:220 - loadIPPluginJar : add ipddr
2026-07-02 18:12:08,199 [INFO] IPUIPlugin:80 - create IPUIPlugin
2026-07-02 18:12:08,199 [INFO] PluginManager:220 - loadIPPluginJar : add linkedlist
2026-07-02 18:12:08,284 [INFO] IPUIPlugin:80 - create IPUIPlugin
2026-07-02 18:12:08,284 [INFO] PluginManager:220 - loadIPPluginJar : add lorawan
2026-07-02 18:12:08,326 [INFO] IPUIPlugin:80 - create IPUIPlugin
2026-07-02 18:12:08,326 [INFO] PluginManager:220 - loadIPPluginJar : add ltdc
2026-07-02 18:12:08,358 [INFO] IPUIPlugin:80 - create IPUIPlugin
2026-07-02 18:12:08,358 [INFO] PluginManager:220 - loadIPPluginJar : add mdma
2026-07-02 18:12:08,392 [INFO] IPUIPlugin:80 - create IPUIPlugin
2026-07-02 18:12:08,392 [INFO] PluginManager:220 - loadIPPluginJar : add nvic
2026-07-02 18:12:08,459 [INFO] IPUIPlugin:80 - create IPUIPlugin
2026-07-02 18:12:08,459 [INFO] PluginManager:220 - loadIPPluginJar : add opamp
2026-07-02 18:12:08,563 [INFO] IPUIPlugin:80 - create IPUIPlugin
2026-07-02 18:12:08,564 [INFO] PluginManager:220 - loadIPPluginJar : add openamp
2026-07-02 18:12:08,662 [INFO] IPUIPlugin:80 - create IPUIPlugin
2026-07-02 18:12:08,662 [INFO] PluginManager:220 - loadIPPluginJar : add pdm2pcm
2026-07-02 18:12:08,703 [INFO] IPUIPlugin:80 - create IPUIPlugin
2026-07-02 18:12:08,706 [INFO] PluginManager:220 - loadIPPluginJar : add plateformsettings
2026-07-02 18:12:08,773 [INFO] IPUIPlugin:80 - create IPUIPlugin
2026-07-02 18:12:08,773 [INFO] PluginManager:220 - loadIPPluginJar : add quadspi
2026-07-02 18:12:08,804 [INFO] IPUIPlugin:80 - create IPUIPlugin
2026-07-02 18:12:08,804 [INFO] PluginManager:220 - loadIPPluginJar : add resmgrutility
2026-07-02 18:12:08,893 [INFO] IPUIPlugin:80 - create IPUIPlugin
2026-07-02 18:12:08,893 [INFO] PluginManager:220 - loadIPPluginJar : add sai
2026-07-02 18:12:08,978 [INFO] IPUIPlugin:80 - create IPUIPlugin
2026-07-02 18:12:08,978 [INFO] PluginManager:220 - loadIPPluginJar : add spi
2026-07-02 18:12:09,191 [INFO] IPUIPlugin:80 - create IPUIPlugin
2026-07-02 18:12:09,192 [INFO] PluginManager:220 - loadIPPluginJar : add stm32_wpan
2026-07-02 18:12:09,224 [INFO] IPUIPlugin:80 - create IPUIPlugin
2026-07-02 18:12:09,224 [INFO] PluginManager:220 - loadIPPluginJar : add tim
2026-07-02 18:12:09,364 [INFO] IPUIPlugin:80 - create IPUIPlugin
2026-07-02 18:12:09,364 [INFO] PluginManager:220 - loadIPPluginJar : add touchsensing
2026-07-02 18:12:09,431 [INFO] ThirdPartyUpdaterWithRetryManager:70 - Updater plugin not ready yet. [3/15]
2026-07-02 18:12:09,435 [INFO] IPUIPlugin:80 - create IPUIPlugin
2026-07-02 18:12:09,435 [INFO] PluginManager:220 - loadIPPluginJar : add tracer_emb
2026-07-02 18:12:09,471 [INFO] IPUIPlugin:80 - create IPUIPlugin
2026-07-02 18:12:09,471 [INFO] PluginManager:220 - loadIPPluginJar : add ts
2026-07-02 18:12:09,499 [INFO] IPUIPlugin:80 - create IPUIPlugin
2026-07-02 18:12:09,499 [INFO] PluginManager:220 - loadIPPluginJar : add tsc
2026-07-02 18:12:09,535 [INFO] IPUIPlugin:80 - create IPUIPlugin
2026-07-02 18:12:09,536 [INFO] PluginManager:220 - loadIPPluginJar : add ucpd
2026-07-02 18:12:09,608 [INFO] IPUIPlugin:80 - create IPUIPlugin
2026-07-02 18:12:09,608 [INFO] PluginManager:220 - loadIPPluginJar : add usart
2026-07-02 18:12:09,679 [INFO] IPUIPlugin:80 - create IPUIPlugin
2026-07-02 18:12:09,679 [INFO] PluginManager:220 - loadIPPluginJar : add usbx
2026-07-02 18:12:09,914 [INFO] CADModel:165 - CPN selected for project level
2026-07-02 18:12:09,915 [INFO] CADModel:114 - Register for checkConnection events
2026-07-02 18:12:09,915 [FATAL] Updater:308 - Updater called before beeing initialized
2026-07-02 18:12:09,915 [ERROR] CADModel:125 - Updater not yet initialized, retry later 
2026-07-02 18:12:10,744 [INFO] CADModel:165 - CPN selected for project level
2026-07-02 18:12:10,745 [INFO] CADModel:114 - Register for checkConnection events
2026-07-02 18:12:10,745 [FATAL] Updater:308 - Updater called before beeing initialized
2026-07-02 18:12:10,745 [ERROR] CADModel:125 - Updater not yet initialized, retry later 
2026-07-02 18:12:10,756 [FATAL] Updater:308 - Updater called before beeing initialized
2026-07-02 18:12:10,968 [FATAL] Updater:308 - Updater called before beeing initialized
2026-07-02 18:12:10,992 [INFO] DbMcusAds:53 - JSON generation date=Wed Feb 18 08:32:49 CST 2026 (1771425169444)
2026-07-02 18:12:10,992 [FATAL] Updater:308 - Updater called before beeing initialized
2026-07-02 18:12:11,196 [WARN] DetailPanel:346 - Failed to get advertising image, set to default
2026-07-02 18:12:11,320 [FATAL] Updater:308 - Updater called before beeing initialized
2026-07-02 18:12:11,348 [FATAL] Updater:308 - Updater called before beeing initialized
2026-07-02 18:12:11,348 [FATAL] Updater:308 - Updater called before beeing initialized
2026-07-02 18:12:11,348 [WARN] DetailPanel:346 - Failed to get advertising image, set to default
2026-07-02 18:12:11,349 [FATAL] Updater:308 - Updater called before beeing initialized
2026-07-02 18:12:11,559 [ERROR] Updater:1120 - MainUpdater not yet initialized. External WinMGr cannot be set.
2026-07-02 18:12:11,587 [INFO] Updater:1056 - Updater Version found : 6.11.0
2026-07-02 18:12:11,642 [INFO] ApplicationProperties:184 - Using Application install path: D:\Documentos\Electronica\Nueva carpeta\STM32CubeIDE_1.15.0\STM32CubeIDE\plugins\com.st.stm32cube.common.mx_6.11.0.202403141607
2026-07-02 18:12:12,443 [INFO] ThirdPartyUpdaterWithRetryManager:70 - Updater plugin not ready yet. [4/15]
2026-07-02 18:12:13,277 [ERROR] LogOutputStream:75 - [STDERR_REDIRECT] Jul 02, 2026 6:12:13 PM java.util.prefs.WindowsPreferences <init>
2026-07-02 18:12:13,278 [ERROR] LogOutputStream:75 - [STDERR_REDIRECT] WARNING: Could not open/create prefs root node Software\JavaSoft\Prefs at root 0xffffffff80000002. Windows RegCreateKeyEx(...) returned error code 5.
2026-07-02 18:12:13,279 [ERROR] LogOutputStream:75 - [STDERR_REDIRECT] 
2026-07-02 18:12:14,185 [INFO] MainUpdater:2873 - connection check result : 10
2026-07-02 18:12:14,187 [INFO] MainUpdater:290 - Updater Check For Update Now.
2026-07-02 18:12:14,187 [INFO] MicroXplorer:498 - Change Database Version : DB.6.0.110
2026-07-02 18:12:14,253 [INFO] McuFinderGlobals:63 - Set McuFinder mode to 2 (CubeIDE integrated)
2026-07-02 18:12:14,307 [INFO] UserAuth:415 - Internet connection configuration mode: 1
2026-07-02 18:12:14,529 [INFO] CheckServerUpdateThread:120 - End of CheckServer Thread
2026-07-02 18:12:14,562 [INFO] JxBrowserEngine:152 - Initiate JxBrowser Engine with user profile folder
2026-07-02 18:12:16,369 [WARN] PackLoader:240 - Cannot read IP mode file for STMicroelectronics.X-CUBE-AZRTOS-H7.3.5.0
2026-07-02 18:12:16,401 [WARN] PackLoader:240 - Cannot read IP mode file for STMicroelectronics.FP-SNS-MOTENVWB1.1.4.0
2026-07-02 18:12:16,411 [WARN] PackLoader:240 - Cannot read IP mode file for STMicroelectronics.FP-ATR-ASTRA1.2.0.2
2026-07-02 18:12:16,442 [WARN] PackLoader:240 - Cannot read IP mode file for STMicroelectronics.FP-ATR-ASTRA1.2.0.1
2026-07-02 18:12:16,462 [ERROR] Engine:466 - C:\Users\USER\.stm32cubemx\thirdparties\pdsc\STMicroelectronics.X-CUBE-SMBUS.2.1.1.pdsc: PDSC version is not supported
2026-07-02 18:12:16,480 [WARN] PackLoader:240 - Cannot read IP mode file for STMicroelectronics.X-CUBE-SMBUS.2.1.0
2026-07-02 18:12:16,503 [WARN] PackLoader:240 - Cannot read IP mode file for STMicroelectronics.X-CUBE-WB05N.1.1.0
2026-07-02 18:12:16,566 [WARN] PackLoader:240 - Cannot read IP mode file for STMicroelectronics.X-CUBE-TOUCHGFX.4.23.2
2026-07-02 18:12:16,602 [WARN] PackLoader:240 - Cannot read IP mode file for STMicroelectronics.X-CUBE-AZRTOS-F7.1.1.0
2026-07-02 18:12:16,624 [ERROR] Engine:466 - C:\Users\USER\.stm32cubemx\thirdparties\pdsc\STMicroelectronics.X-CUBE-FREERTOS.1.6.0.pdsc: PDSC version is not supported
2026-07-02 18:12:16,691 [WARN] PackLoader:240 - Cannot read IP mode file for STMicroelectronics.X-CUBE-MEMS1.11.0.0
2026-07-02 18:12:16,980 [ERROR] Engine:466 - C:\Users\USER\.stm32cubemx\thirdparties\pdsc\STMicroelectronics.FP-SNS-MOTENV1.5.1.0.pdsc: PDSC version is not supported
2026-07-02 18:12:17,021 [WARN] PackLoader:240 - Cannot read IP mode file for STMicroelectronics.X-CUBE-AZRTOS-H7RS.1.3.0
2026-07-02 18:12:17,045 [WARN] PackLoader:240 - Cannot read IP mode file for STMicroelectronics.FP-SNS-FLIGHT1.5.0.2
2026-07-02 18:12:17,551 [WARN] PackLoader:240 - Cannot read IP mode file for STMicroelectronics.X-CUBE-AZRTOS-H7.3.4.0
2026-07-02 18:12:17,575 [WARN] PackLoader:240 - Cannot read IP mode file for STMicroelectronics.X-CUBE-DISPLAY.3.0.0
2026-07-02 18:12:17,602 [WARN] PackLoader:240 - Cannot read IP mode file for STMicroelectronics.X-CUBE-GNSS1.7.1.1
2026-07-02 18:12:17,620 [ERROR] Engine:466 - C:\Users\USER\.stm32cubemx\thirdparties\pdsc\STMicroelectronics.FP-SNS-MOTENVWB1.1.5.0.pdsc: PDSC version is not supported
2026-07-02 18:12:17,636 [WARN] PackLoader:240 - Cannot read IP mode file for STMicroelectronics.X-CUBE-BLE1.7.0.0
2026-07-02 18:12:17,660 [WARN] PackLoader:240 - Cannot read IP mode file for STMicroelectronics.X-CUBE-NFC10.1.0.0
2026-07-02 18:12:17,686 [WARN] PackLoader:240 - Cannot read IP mode file for STMicroelectronics.X-CUBE-BLEMGR.4.0.0
2026-07-02 18:12:17,725 [ERROR] Engine:466 - C:\Users\USER\.stm32cubemx\thirdparties\pdsc\STMicroelectronics.X-CUBE-ST60.1.1.0.pdsc: PDSC version is not supported
2026-07-02 18:12:17,787 [WARN] PackLoader:240 - Cannot read IP mode file for emotas.I-CUBE-CANOPEN.1.3.0
2026-07-02 18:12:17,817 [ERROR] Engine:466 - C:\Users\USER\.stm32cubemx\thirdparties\pdsc\STMicroelectronics.X-CUBE-WBA.1.1.0.pdsc: PDSC version is not supported
2026-07-02 18:12:17,864 [WARN] PackLoader:240 - Cannot read IP mode file for STMicroelectronics.X-CUBE-GNSS1.7.1.0
2026-07-02 18:12:17,908 [WARN] PackLoader:240 - Cannot read IP mode file for STMicroelectronics.X-CUBE-BLEMGR.3.1.0
2026-07-02 18:12:17,934 [WARN] PackLoader:240 - Cannot read IP mode file for STMicroelectronics.X-CUBE-AI.10.0.0
2026-07-02 18:12:17,952 [ERROR] Engine:466 - C:\Users\USER\.stm32cubemx\thirdparties\pdsc\STMicroelectronics.FP-SNS-STBOX1.2.1.0.pdsc: PDSC version is not supported
2026-07-02 18:12:17,979 [WARN] PackLoader:240 - Cannot read IP mode file for STMicroelectronics.FP-SNS-SMARTAG2.1.2.0
2026-07-02 18:12:18,006 [ERROR] Engine:466 - C:\Users\USER\.stm32cubemx\thirdparties\pdsc\STMicroelectronics.FP-SNS-FLIGHT1.5.1.0.pdsc: PDSC version is not supported
2026-07-02 18:12:18,072 [WARN] PackLoader:240 - Cannot read IP mode file for STMicroelectronics.X-CUBE-MEMS1.11.1.0
2026-07-02 18:12:18,197 [INFO] LogOutputStream:77 - [STDOUT_REDIRECT] 1 : Invalid condition id : UX_CORESTACK_Condition cause : null
2026-07-02 18:12:18,197 [INFO] LogOutputStream:77 - [STDOUT_REDIRECT] 1 : Invalid condition id : UX_CORESTACK_Condition cause : null
2026-07-02 18:12:18,197 [INFO] LogOutputStream:77 - [STDOUT_REDIRECT] 1 : Invalid condition id : UX_CORESTACK_Condition cause : null
2026-07-02 18:12:18,197 [INFO] LogOutputStream:77 - [STDOUT_REDIRECT] 1 : Invalid condition id : UX_CORESTACK_Condition cause : null
2026-07-02 18:12:18,197 [INFO] LogOutputStream:77 - [STDOUT_REDIRECT] 1 : Invalid condition id : UX_CORESTACK_Condition cause : null
2026-07-02 18:12:18,212 [WARN] PackLoader:240 - Cannot read IP mode file for STMicroelectronics.X-CUBE-AZRTOS-WL.2.0.0
2026-07-02 18:12:18,235 [WARN] PackLoader:240 - Cannot read IP mode file for STMicroelectronics.FP-SNS-MOTENV1.5.0.0
2026-07-02 18:12:18,263 [WARN] PackLoader:240 - Cannot read IP mode file for STMicroelectronics.X-CUBE-AZRTOS-H7RS.1.2.0
2026-07-02 18:12:18,287 [WARN] PackLoader:240 - Cannot read IP mode file for wolfSSL.I-CUBE-wolfMQTT.1.19.0
2026-07-02 18:12:18,334 [WARN] PackLoader:240 - Cannot read IP mode file for WES.I-CUBE-Cesium.1.3.0
2026-07-02 18:12:18,347 [WARN] PackLoader:240 - Cannot read IP mode file for STMicroelectronics.X-CUBE-BLE2.3.3.0
2026-07-02 18:12:18,363 [ERROR] Engine:466 - C:\Users\USER\.stm32cubemx\thirdparties\pdsc\Avnet-IOTCONNECT.X-CUBE-iotc-st67-sdk.1.0.0.pdsc: PDSC version is not supported
2026-07-02 18:12:18,380 [WARN] PackLoader:240 - Cannot read IP mode file for STMicroelectronics.X-CUBE-NFC9.1.0.0
2026-07-02 18:12:18,397 [WARN] PackLoader:240 - Cannot read IP mode file for STMicroelectronics.X-CUBE-BLE1.7.1.0
2026-07-02 18:12:18,420 [WARN] PackLoader:240 - Cannot read IP mode file for STMicroelectronics.X-CUBE-TCPP.4.1.0
2026-07-02 18:12:18,443 [ERROR] Engine:466 - C:\Users\USER\.stm32cubemx\thirdparties\pdsc\STMicroelectronics.X-CUBE-FREERTOS.1.4.0.pdsc: PDSC version is not supported
2026-07-02 18:12:18,463 [WARN] PackLoader:240 - Cannot read IP mode file for STMicroelectronics.X-CUBE-EEPRMA1.5.2.0
2026-07-02 18:12:18,480 [ERROR] Engine:466 - C:\Users\USER\.stm32cubemx\thirdparties\pdsc\STMicroelectronics.X-CUBE-ST67W61.1.1.0.pdsc: PDSC version is not supported
2026-07-02 18:12:18,500 [ERROR] Engine:466 - C:\Users\USER\.stm32cubemx\thirdparties\pdsc\STMicroelectronics.FP-SNS-STAIOTCFT.1.1.0.pdsc: PDSC version is not supported
2026-07-02 18:12:18,565 [WARN] PackLoader:240 - Cannot read IP mode file for STMicroelectronics.X-CUBE-MEMS1.12.0.0
2026-07-02 18:12:18,670 [WARN] PackLoader:240 - Cannot read IP mode file for STMicroelectronics.X-CUBE-ALGOBUILD.1.3.0
2026-07-02 18:12:18,740 [WARN] PackLoader:240 - Cannot read IP mode file for STMicroelectronics.X-CUBE-MEMS1.11.2.0
2026-07-02 18:12:18,754 [INFO] WebApp:161 - Instantiating new browser for Auth
2026-07-02 18:12:18,885 [WARN] PackLoader:240 - Cannot read IP mode file for STMicroelectronics.X-CUBE-AZRTOS-G0.1.1.0
2026-07-02 18:12:18,931 [WARN] PackLoader:240 - Cannot read IP mode file for STMicroelectronics.X-CUBE-SAFEA1.1.2.2
2026-07-02 18:12:18,964 [WARN] PackLoader:240 - Cannot read IP mode file for STMicroelectronics.X-CUBE-NFC4.3.0.0
2026-07-02 18:12:18,981 [WARN] PackLoader:240 - Cannot read IP mode file for EmbeddedOffice.I-CUBE-FS-RTOS.1.0.1
2026-07-02 18:12:18,981 [ERROR] ConditionMgr:805 - Attr not supported : Dmpu
2026-07-02 18:12:18,981 [ERROR] ConditionMgr:805 - Attr not supported : Dmpu
2026-07-02 18:12:18,981 [ERROR] ConditionMgr:805 - Attr not supported : Dmpu
2026-07-02 18:12:18,981 [ERROR] ConditionMgr:805 - Attr not supported : Dmpu
2026-07-02 18:12:18,981 [ERROR] ConditionMgr:805 - Attr not supported : Dmpu
2026-07-02 18:12:18,981 [ERROR] ConditionMgr:805 - Attr not supported : Dmpu
2026-07-02 18:12:18,981 [ERROR] ConditionMgr:805 - Attr not supported : Dmpu
2026-07-02 18:12:18,981 [ERROR] ConditionMgr:805 - Attr not supported : Dmpu
2026-07-02 18:12:18,981 [ERROR] ConditionMgr:805 - Attr not supported : Dmpu
2026-07-02 18:12:18,981 [ERROR] ConditionMgr:805 - Attr not supported : Dmpu
2026-07-02 18:12:18,981 [ERROR] ConditionMgr:805 - Attr not supported : Dmpu
2026-07-02 18:12:18,981 [ERROR] ConditionMgr:805 - Attr not supported : Dmpu
2026-07-02 18:12:18,981 [ERROR] ConditionMgr:805 - Attr not supported : Dmpu
2026-07-02 18:12:18,981 [ERROR] ConditionMgr:805 - Attr not supported : Dmpu
2026-07-02 18:12:18,981 [ERROR] ConditionMgr:805 - Attr not supported : Dmpu
2026-07-02 18:12:18,981 [ERROR] ConditionMgr:805 - Attr not supported : Dmpu
2026-07-02 18:12:18,981 [ERROR] ConditionMgr:805 - Attr not supported : Dmpu
2026-07-02 18:12:18,981 [ERROR] ConditionMgr:805 - Attr not supported : Dmpu
2026-07-02 18:12:18,981 [ERROR] ConditionMgr:805 - Attr not supported : Dmpu
2026-07-02 18:12:18,981 [ERROR] ConditionMgr:805 - Attr not supported : Dmpu
2026-07-02 18:12:18,981 [ERROR] ConditionMgr:805 - Attr not supported : Dmpu
2026-07-02 18:12:18,981 [ERROR] ConditionMgr:805 - Attr not supported : Dmpu
2026-07-02 18:12:18,996 [ERROR] ConditionMgr:805 - Attr not supported : Dmpu
2026-07-02 18:12:18,996 [ERROR] ConditionMgr:805 - Attr not supported : Dmpu
2026-07-02 18:12:18,996 [ERROR] ConditionMgr:805 - Attr not supported : Dmpu
2026-07-02 18:12:18,997 [ERROR] ConditionMgr:805 - Attr not supported : Dmpu
2026-07-02 18:12:18,997 [ERROR] ConditionMgr:805 - Attr not supported : Dmpu
2026-07-02 18:12:18,997 [ERROR] ConditionMgr:805 - Attr not supported : Dmpu
2026-07-02 18:12:18,997 [ERROR] ConditionMgr:805 - Attr not supported : Dmpu
2026-07-02 18:12:18,997 [ERROR] ConditionMgr:805 - Attr not supported : Dmpu
2026-07-02 18:12:18,997 [ERROR] ConditionMgr:805 - Attr not supported : Dmpu
2026-07-02 18:12:18,997 [ERROR] ConditionMgr:805 - Attr not supported : Dmpu
2026-07-02 18:12:18,997 [ERROR] ConditionMgr:805 - Attr not supported : Dmpu
2026-07-02 18:12:18,997 [ERROR] ConditionMgr:805 - Attr not supported : Dmpu
2026-07-02 18:12:18,997 [ERROR] ConditionMgr:805 - Attr not supported : Dmpu
2026-07-02 18:12:18,997 [ERROR] ConditionMgr:805 - Attr not supported : Dmpu
2026-07-02 18:12:18,997 [ERROR] ConditionMgr:805 - Attr not supported : Dmpu
2026-07-02 18:12:18,997 [ERROR] ConditionMgr:805 - Attr not supported : Dmpu
2026-07-02 18:12:18,997 [ERROR] ConditionMgr:805 - Attr not supported : Dmpu
2026-07-02 18:12:18,997 [ERROR] ConditionMgr:805 - Attr not supported : Dmpu
2026-07-02 18:12:18,997 [ERROR] ConditionMgr:805 - Attr not supported : Dmpu
2026-07-02 18:12:18,997 [ERROR] ConditionMgr:805 - Attr not supported : Dmpu
2026-07-02 18:12:18,997 [ERROR] ConditionMgr:805 - Attr not supported : Dmpu
2026-07-02 18:12:18,997 [ERROR] ConditionMgr:805 - Attr not supported : Dmpu
2026-07-02 18:12:18,997 [ERROR] ConditionMgr:805 - Attr not supported : Dmpu
2026-07-02 18:12:18,997 [ERROR] ConditionMgr:805 - Attr not supported : Dmpu
2026-07-02 18:12:18,997 [ERROR] ConditionMgr:805 - Attr not supported : Dmpu
2026-07-02 18:12:18,997 [ERROR] ConditionMgr:805 - Attr not supported : Dmpu
2026-07-02 18:12:18,997 [ERROR] ConditionMgr:805 - Attr not supported : Dmpu
2026-07-02 18:12:18,997 [ERROR] ConditionMgr:805 - Attr not supported : Dmpu
2026-07-02 18:12:18,997 [ERROR] ConditionMgr:805 - Attr not supported : Dmpu
2026-07-02 18:12:18,997 [ERROR] ConditionMgr:805 - Attr not supported : Dmpu
2026-07-02 18:12:18,997 [ERROR] ConditionMgr:805 - Attr not supported : Dmpu
2026-07-02 18:12:18,997 [ERROR] ConditionMgr:805 - Attr not supported : Dmpu
2026-07-02 18:12:18,997 [ERROR] ConditionMgr:805 - Attr not supported : Dmpu
2026-07-02 18:12:18,997 [ERROR] ConditionMgr:805 - Attr not supported : Dmpu
2026-07-02 18:12:18,997 [ERROR] ConditionMgr:805 - Attr not supported : Dmpu
2026-07-02 18:12:18,997 [ERROR] ConditionMgr:805 - Attr not supported : Dmpu
2026-07-02 18:12:18,997 [ERROR] ConditionMgr:805 - Attr not supported : Dmpu
2026-07-02 18:12:18,997 [ERROR] ConditionMgr:805 - Attr not supported : Dmpu
2026-07-02 18:12:18,997 [ERROR] ConditionMgr:805 - Attr not supported : Dmpu
2026-07-02 18:12:18,997 [ERROR] ConditionMgr:805 - Attr not supported : Dmpu
2026-07-02 18:12:18,997 [ERROR] ConditionMgr:805 - Attr not supported : Dmpu
2026-07-02 18:12:18,997 [ERROR] ConditionMgr:805 - Attr not supported : Dmpu
2026-07-02 18:12:19,031 [WARN] PackLoader:240 - Cannot read IP mode file for STMicroelectronics.X-CUBE-WB05N.2.0.0
2026-07-02 18:12:19,057 [ERROR] Engine:466 - C:\Users\USER\.stm32cubemx\thirdparties\pdsc\STMicroelectronics.X-CUBE-TCPP.4.2.0.pdsc: PDSC version is not supported
2026-07-02 18:12:19,082 [WARN] PackLoader:240 - Cannot read IP mode file for RealThread.X-CUBE-RT-Thread_Nano.4.1.1
2026-07-02 18:12:19,102 [WARN] PackLoader:240 - Cannot read IP mode file for wolfSSL.I-CUBE-wolfSSL.5.7.0
2026-07-02 18:12:19,113 [WARN] PackLoader:240 - Cannot read IP mode file for STMicroelectronics.FP-ATR-SIGFOX1.3.2.0
2026-07-02 18:12:19,144 [WARN] ConditionMgr:438 - getConditionDescription Invalid condition id : Cortex-A Device cause : null
2026-07-02 18:12:19,197 [WARN] ConditionMgr:1039 - genDependencies : Invalid condition id : Cortex-A Device cause : null
2026-07-02 18:12:19,197 [WARN] ConditionMgr:1039 - genDependencies : Invalid condition id : Cortex-A Device cause : null
2026-07-02 18:12:19,197 [WARN] ConditionMgr:1039 - genDependencies : Invalid condition id : Cortex-A Device cause : null
2026-07-02 18:12:19,216 [WARN] PackLoader:240 - Cannot read IP mode file for STMicroelectronics.X-CUBE-EEPRMA1.5.1.0
2026-07-02 18:12:19,231 [ERROR] Engine:466 - C:\Users\USER\.stm32cubemx\thirdparties\pdsc\STMicroelectronics.X-CUBE-FREERTOS.1.5.0.pdsc: PDSC version is not supported
2026-07-02 18:12:19,253 [WARN] PackLoader:240 - Cannot read IP mode file for ITTIA_DB.I-CUBE-ITTIADB.8.9.0
2026-07-02 18:12:19,297 [WARN] PackLoader:240 - Cannot read IP mode file for STMicroelectronics.X-CUBE-NFC6.3.2.0
2026-07-02 18:12:19,331 [WARN] PackLoader:240 - Cannot read IP mode file for STMicroelectronics.X-CUBE-AI.10.2.1
2026-07-02 18:12:19,348 [WARN] PackLoader:240 - Cannot read IP mode file for STMicroelectronics.X-CUBE-AI.10.2.0
2026-07-02 18:12:19,414 [WARN] PackLoader:240 - Cannot read IP mode file for STMicroelectronics.X-CUBE-MEMS1.12.1.0
2026-07-02 18:12:19,531 [WARN] PackLoader:240 - Cannot read IP mode file for SEGGER.I-CUBE-embOS.1.3.1
2026-07-02 18:12:19,597 [WARN] PackLoader:240 - Cannot read IP mode file for STMicroelectronics.X-CUBE-ALGOBUILD.1.4.0
2026-07-02 18:12:19,612 [WARN] PackLoader:240 - Cannot read IP mode file for STMicroelectronics.X-CUBE-AI.9.1.0
2026-07-02 18:12:19,644 [WARN] PackLoader:240 - Cannot read IP mode file for STMicroelectronics.X-CUBE-NFC13.1.0.0
2026-07-02 18:12:19,659 [WARN] PackLoader:240 - Cannot read IP mode file for STMicroelectronics.X-CUBE-PM33A1.1.0.0
2026-07-02 18:12:19,711 [WARN] PackLoader:240 - Cannot read IP mode file for STMicroelectronics.X-CUBE-GNSS1.6.0.0
2026-07-02 18:12:19,742 [WARN] PackLoader:240 - Cannot read IP mode file for STMicroelectronics.X-CUBE-AZRTOS-F4.1.1.0
2026-07-02 18:12:19,760 [ERROR] Engine:466 - C:\Users\USER\.stm32cubemx\thirdparties\pdsc\Avnet-IotConnect.X-CUBE-IoTC-DA16k-PMOD.1.0.0.pdsc: PDSC version is not supported
2026-07-02 18:12:19,781 [WARN] PackLoader:240 - Cannot read IP mode file for STMicroelectronics.X-CUBE-ISPU.2.1.0
2026-07-02 18:12:19,798 [ERROR] Engine:466 - C:\Users\USER\.stm32cubemx\thirdparties\pdsc\STMicroelectronics.X-CUBE-IPS.3.2.0.pdsc: PDSC version is not supported
2026-07-02 18:12:19,862 [ERROR] Engine:466 - C:\Users\USER\.stm32cubemx\thirdparties\pdsc\STMicroelectronics.eDS-WB_DPC_TT-BIDIR.2.1.1.pdsc: PDSC version is not supported
2026-07-02 18:12:19,989 [WARN] PackLoader:240 - Cannot read IP mode file for STMicroelectronics.X-CUBE-FREERTOS.1.2.0
2026-07-02 18:12:20,030 [WARN] PackLoader:240 - Cannot read IP mode file for STMicroelectronics.X-CUBE-NFC12.1.0.0
2026-07-02 18:12:20,080 [WARN] PackLoader:240 - Cannot read IP mode file for STMicroelectronics.X-CUBE-AZRTOS-L5.2.0.0
2026-07-02 18:12:20,100 [WARN] PackLoader:240 - Cannot read IP mode file for STMicroelectronics.X-CUBE-NFC6.3.1.0
2026-07-02 18:12:20,118 [WARN] PackLoader:240 - Cannot read IP mode file for STMicroelectronics.X-CUBE-ALGOBUILD.1.5.0
2026-07-02 18:12:20,138 [WARN] PackLoader:240 - Cannot read IP mode file for STMicroelectronics.X-CUBE-DPower.1.2.0
2026-07-02 18:12:20,157 [ERROR] Engine:466 - C:\Users\USER\.stm32cubemx\thirdparties\pdsc\STMicroelectronics.eDS-WB_DPC_VIENNA.1.2.0.pdsc: PDSC version is not supported
2026-07-02 18:12:20,178 [ERROR] Engine:466 - C:\Users\USER\.stm32cubemx\thirdparties\pdsc\STMicroelectronics.eDS-WB_DPC_3PH2L-BIDIR.1.1.1.pdsc: PDSC version is not supported
2026-07-02 18:12:20,207 [WARN] PackLoader:240 - Cannot read IP mode file for STMicroelectronics.X-CUBE-AI.9.0.0
2026-07-02 18:12:20,232 [ERROR] Engine:466 - C:\Users\USER\.stm32cubemx\thirdparties\pdsc\STMicroelectronics.X-CUBE-ST67W61.1.3.0.pdsc: PDSC version is not supported
2026-07-02 18:12:20,331 [WARN] PackLoader:240 - Cannot read IP mode file for STMicroelectronics.X-CUBE-FREERTOS.1.3.1
2026-07-02 18:12:20,359 [WARN] PackLoader:240 - Cannot read IP mode file for STMicroelectronics.X-CUBE-FREERTOS.1.3.0
2026-07-02 18:12:20,385 [WARN] PackLoader:240 - Cannot read IP mode file for STMicroelectronics.X-CUBE-NFC7.1.0.1
2026-07-02 18:12:20,420 [WARN] PackLoader:240 - Cannot read IP mode file for STMicroelectronics.X-CUBE-TOUCHGFX.4.26.0
2026-07-02 18:12:20,682 [WARN] PackLoader:240 - Cannot read IP mode file for STMicroelectronics.X-CUBE-TOUCHGFX.4.26.1
2026-07-02 18:12:20,717 [ERROR] Engine:466 - C:\Users\USER\.stm32cubemx\thirdparties\pdsc\STMicroelectronics.FP-SNS-STAIOTCFT.1.0.0.pdsc: PDSC version is not supported
2026-07-02 18:12:20,735 [WARN] PackLoader:240 - Cannot read IP mode file for STMicroelectronics.X-CUBE-DPower.1.3.0
2026-07-02 18:12:20,765 [WARN] ConditionMgr:438 - getConditionDescription Invalid condition id : LAN8742 Phy interface Condition cause : null
2026-07-02 18:12:20,765 [WARN] PackLoader:240 - Cannot read IP mode file for STMicroelectronics.X-CUBE-AZRTOS-L4.2.0.0
2026-07-02 18:12:20,765 [WARN] ConditionMgr:1039 - genDependencies : Invalid condition id : LAN8742 Phy interface Condition cause : null
2026-07-02 18:12:20,765 [WARN] ConditionMgr:1039 - genDependencies : Invalid condition id : LAN8742 Phy interface Condition cause : null
2026-07-02 18:12:20,765 [WARN] ConditionMgr:1039 - genDependencies : Invalid condition id : LAN8742 Phy interface Condition cause : null
2026-07-02 18:12:20,794 [WARN] PackLoader:240 - Cannot read IP mode file for STMicroelectronics.X-CUBE-SFXS2LP1.4.0.0
2026-07-02 18:12:20,820 [WARN] PackLoader:240 - Cannot read IP mode file for STMicroelectronics.X-CUBE-WB05N.2.1.0
2026-07-02 18:12:20,839 [ERROR] Engine:466 - C:\Users\USER\.stm32cubemx\thirdparties\pdsc\STMicroelectronics.X-CUBE-ST67W61.1.2.0.pdsc: PDSC version is not supported
2026-07-02 18:12:20,870 [WARN] PackLoader:240 - Cannot read IP mode file for STMicroelectronics.X-CUBE-AZRTOS-H7.3.3.0
2026-07-02 18:12:20,891 [ERROR] Engine:466 - C:\Users\USER\.stm32cubemx\thirdparties\pdsc\STMicroelectronics.X-CUBE-BLEMGR.4.1.0.pdsc: PDSC version is not supported
2026-07-02 18:12:20,948 [WARN] PackLoader:240 - Cannot read IP mode file for STMicroelectronics.X-CUBE-IPS.3.0.0
2026-07-02 18:12:20,977 [WARN] ConditionMgr:438 - getConditionDescription Invalid condition id : UX DEVICE CLASS RTOS Condition cause : null
2026-07-02 18:12:20,978 [WARN] ConditionMgr:438 - getConditionDescription Invalid condition id : UX DEVICE CLASS RTOS Condition cause : null
2026-07-02 18:12:20,979 [WARN] PackLoader:240 - Cannot read IP mode file for STMicroelectronics.X-CUBE-AZRTOS-WB.2.0.0
2026-07-02 18:12:20,980 [WARN] ConditionMgr:1039 - genDependencies : Invalid condition id : UX DEVICE CLASS RTOS Condition cause : null
2026-07-02 18:12:20,980 [WARN] ConditionMgr:1039 - genDependencies : Invalid condition id : UX DEVICE CLASS RTOS Condition cause : null
2026-07-02 18:12:20,981 [WARN] ConditionMgr:1039 - genDependencies : Invalid condition id : UX DEVICE CLASS RTOS Condition cause : null
2026-07-02 18:12:20,981 [WARN] ConditionMgr:1039 - genDependencies : Invalid condition id : UX DEVICE CLASS RTOS Condition cause : null
2026-07-02 18:12:20,981 [WARN] ConditionMgr:1039 - genDependencies : Invalid condition id : UX DEVICE CLASS RTOS Condition cause : null
2026-07-02 18:12:21,083 [WARN] PackLoader:240 - Cannot read IP mode file for STMicroelectronics.X-CUBE-GNSS1.7.0.0
2026-07-02 18:12:21,108 [WARN] PackLoader:240 - Cannot read IP mode file for STMicroelectronics.X-CUBE-GNSS1.7.0.1
2026-07-02 18:12:21,137 [WARN] PackLoader:240 - Cannot read IP mode file for STMicroelectronics.X-CUBE-TOUCHGFX.4.25.0
2026-07-02 18:12:21,155 [WARN] PackLoader:240 - Cannot read IP mode file for STMicroelectronics.FP-SNS-STBOX1.2.0.0
2026-07-02 18:12:21,195 [WARN] PackLoader:240 - Cannot read IP mode file for STMicroelectronics.X-CUBE-STSE01.2.0.0
2026-07-02 18:12:21,221 [WARN] PackLoader:240 - Cannot read IP mode file for STMicroelectronics.X-CUBE-SUBG2.5.0.0
2026-07-02 18:12:21,381 [WARN] PackLoader:240 - Cannot read IP mode file for STMicroelectronics.X-CUBE-AZRTOS-H7RS.1.1.0
2026-07-02 18:12:21,405 [WARN] PackLoader:240 - Cannot read IP mode file for Cesanta.I-CUBE-Mongoose.7.13.0
2026-07-02 18:12:21,440 [WARN] PackLoader:240 - Cannot read IP mode file for STMicroelectronics.X-CUBE-AZRTOS-G4.2.0.0
2026-07-02 18:12:21,472 [WARN] PackLoader:240 - Cannot read IP mode file for STMicroelectronics.X-CUBE-NFC7.2.0.0
2026-07-02 18:12:21,493 [WARN] PackLoader:240 - Cannot read IP mode file for STMicroelectronics.X-CUBE-ISPU.2.0.0
2026-07-02 18:12:21,515 [ERROR] Engine:466 - C:\Users\USER\.stm32cubemx\thirdparties\pdsc\STMicroelectronics.X-CUBE-IPS.3.1.0.pdsc: PDSC version is not supported
2026-07-02 18:12:21,536 [WARN] PackLoader:240 - Cannot read IP mode file for STMicroelectronics.X-CUBE-ALS.1.0.2
2026-07-02 18:12:21,583 [WARN] PackLoader:240 - Cannot read IP mode file for STMicroelectronics.X-CUBE-MEMS1.10.0.0
2026-07-02 18:12:21,682 [WARN] PackLoader:240 - Cannot read IP mode file for STMicroelectronics.X-CUBE-FREERTOS.1.1.0
2026-07-02 18:12:21,697 [WARN] PackLoader:240 - Cannot read IP mode file for STMicroelectronics.X-CUBE-TOUCHGFX.4.24.2
2026-07-02 18:12:21,714 [WARN] PackLoader:240 - Cannot read IP mode file for STMicroelectronics.X-CUBE-TOUCHGFX.4.24.1
2026-07-02 18:12:21,761 [WARN] PackLoader:240 - Cannot read IP mode file for STMicroelectronics.X-CUBE-STSE01.1.0.0
2026-07-02 18:12:21,779 [WARN] PackLoader:240 - Cannot read IP mode file for wolfSSL.I-CUBE-wolfTPM.3.4.0
2026-07-02 18:12:21,785 [INFO] WebApp:779 - Register for checkConnection events
2026-07-02 18:12:21,785 [INFO] WebApp:414 - Apply proxy settings
2026-07-02 18:12:21,785 [INFO] WebApp:499 - Chromium requires no authentication
2026-07-02 18:12:21,791 [INFO] WebApp:442 - Direct internet connection detected
2026-07-02 18:12:21,799 [WARN] PackLoader:240 - Cannot read IP mode file for portGmbH.I-Cube-SoM-uGOAL.1.1.0
2026-07-02 18:12:21,829 [WARN] PackLoader:240 - Cannot read IP mode file for STMicroelectronics.X-CUBE-ALS.1.0.1
2026-07-02 18:12:21,850 [WARN] PackLoader:240 - Cannot read IP mode file for STMicroelectronics.X-CUBE-AZRTOS-H7RS.1.0.0
2026-07-02 18:12:21,875 [WARN] PackLoader:240 - Cannot read IP mode file for STMicroelectronics.FP-ATR-ASTRA1.2.0.0
2026-07-02 18:12:21,918 [WARN] PackLoader:240 - Cannot read IP mode file for STMicroelectronics.X-CUBE-TOF1.3.4.2
2026-07-02 18:12:22,066 [ERROR] Engine:466 - C:\Users\USER\.stm32cubemx\thirdparties\pdsc\STMicroelectronics.X-CUBE-TOF1.3.4.3.pdsc: PDSC version is not supported
2026-07-02 18:12:22,093 [WARN] PackLoader:240 - Cannot read IP mode file for STMicroelectronics.X-CUBE-TOF1.3.4.1
2026-07-02 18:12:22,131 [WARN] PackLoader:240 - Cannot read IP mode file for STMicroelectronics.X-CUBE-AZRTOS-H7.3.2.0
2026-07-02 18:12:22,177 [WARN] PackLoader:240 - Cannot read IP mode file for Infineon.AIROC-Wi-Fi-Bluetooth-STM32.1.6.0
2026-07-02 18:12:22,194 [WARN] PackLoader:240 - Cannot read IP mode file for wolfSSL.I-CUBE-wolfSSH.1.4.17
2026-07-02 18:12:22,194 [INFO] ThirdParty:978 - Integrity check success = true
2026-07-02 18:12:22,194 [INFO] IntegrityCheckThread:100 - exiting critical section [integrity check]
2026-07-02 18:12:22,194 [INFO] IntegrityCheckThread:103 - End integrity checks thread
2026-07-02 18:12:22,694 [INFO] WebApp:192 - Starting web application
2026-07-02 18:12:22,694 [INFO] WebApp:544 - Web application path used D:\Documentos\Electronica\Nueva carpeta\STM32CubeIDE_1.15.0\STM32CubeIDE\plugins\com.st.stm32cube.common.mx_6.11.0.202403141607\db\plugins\mcufinder\reactClient1\index.html
2026-07-02 18:14:20,595 [INFO] McuFinderGlobals:63 - Set McuFinder mode to 2 (CubeIDE integrated)
2026-07-02 18:14:20,652 [INFO] MainUpdater:2873 - connection check result : 10
2026-07-02 18:14:20,671 [INFO] MainUpdater:2873 - connection check result : 10
2026-07-02 18:14:21,095 [INFO] MicroXplorer:468 - Change Database Path : 
2026-07-02 18:14:21,095 [INFO] MicroXplorer:498 - Change Database Version : DB.6.0.110
2026-07-02 18:14:21,143 [WARN] ThirdParty:871 - waiting for thirdparty lock release [close project]
2026-07-02 18:14:21,143 [INFO] ThirdParty:873 - entering critical section [close project]
2026-07-02 18:14:21,145 [INFO] ThirdParty:883 - exiting critical section [close project]
2026-07-02 18:14:21,149 [INFO] PinOutPanel:1561 - setPackage(No Configuration,No Configuration)
2026-07-02 18:14:21,154 [INFO] UtilMem:75 - Begin LoadConfig() Used Memory: 780483296 Bytes (1073741824)
2026-07-02 18:14:21,155 [INFO] MicroXplorer:468 - Change Database Path : 
2026-07-02 18:14:21,156 [INFO] MicroXplorer:498 - Change Database Version : DB.6.0.110
2026-07-02 18:14:21,156 [INFO] OpenFileManager:312 - Change cursor
2026-07-02 18:14:21,411 [INFO] Mcu:2021 - Initializing MCU STM32F411C(C-E)Ux STM32F411CEUx STM32F411CEU6
2026-07-02 18:14:24,162 [INFO] Context:663 - Trying to add GPIOservice into a context  which must be forbidden
2026-07-02 18:14:25,049 [INFO] RtosManager:555 - Registered RTOS mode: class=CMSIS, group=RTOS, mode=CMSIS_V1, owner=FREERTOS
2026-07-02 18:14:25,049 [INFO] RtosManager:555 - Registered RTOS mode: class=CMSIS, group=RTOS2, mode=CMSIS_V2, owner=FREERTOS
2026-07-02 18:14:25,049 [INFO] RtosManager:555 - Registered RTOS mode: class=RTOS, group=Core, mode=CMSIS_V1, owner=FREERTOS
2026-07-02 18:14:25,050 [INFO] RtosManager:555 - Registered RTOS mode: class=RTOS, group=Core, mode=CMSIS_V2, owner=FREERTOS
2026-07-02 18:14:25,051 [WARN] ModelIntegratedComponent:184 - Missing modes for component STMicroelectronics:FreeRTOS:0.0.1:STMicroelectronics:RTOS:FreeRTOS:Core:::10.2.0:
2026-07-02 18:14:25,067 [WARN] ModelIntegratedComponent:63 - No mode defined for component null
2026-07-02 18:14:25,068 [WARN] ModelIntegratedComponent:63 - No mode defined for component null
2026-07-02 18:14:25,068 [WARN] ModelIntegratedComponent:63 - No mode defined for component null
2026-07-02 18:14:25,068 [WARN] ModelIntegratedComponent:63 - No mode defined for component null
2026-07-02 18:14:25,068 [WARN] ModelIntegratedComponent:63 - No mode defined for component null
2026-07-02 18:14:25,068 [WARN] ModelIntegratedComponent:63 - No mode defined for component null
2026-07-02 18:14:25,068 [WARN] ModelIntegratedComponent:63 - No mode defined for component null
2026-07-02 18:14:25,068 [WARN] ModelIntegratedComponent:63 - No mode defined for component null
2026-07-02 18:14:25,068 [WARN] ModelIntegratedComponent:63 - No mode defined for component null
2026-07-02 18:14:25,068 [WARN] ModelIntegratedComponent:63 - No mode defined for component null
2026-07-02 18:14:25,068 [WARN] ModelIntegratedComponent:63 - No mode defined for component null
2026-07-02 18:14:25,068 [WARN] ModelIntegratedComponent:63 - No mode defined for component null
2026-07-02 18:14:25,068 [WARN] ModelIntegratedComponent:63 - No mode defined for component null
2026-07-02 18:14:25,069 [WARN] ModelIntegratedComponent:63 - No mode defined for component null
2026-07-02 18:14:25,069 [WARN] ModelIntegratedComponent:63 - No mode defined for component null
2026-07-02 18:14:25,069 [WARN] ModelIntegratedComponent:63 - No mode defined for component null
2026-07-02 18:14:25,069 [WARN] ModelIntegratedComponent:63 - No mode defined for component null
2026-07-02 18:14:25,069 [WARN] ModelIntegratedComponent:63 - No mode defined for component null
2026-07-02 18:14:25,069 [WARN] ModelIntegratedComponent:63 - No mode defined for component null
2026-07-02 18:14:25,069 [WARN] ModelIntegratedComponent:63 - No mode defined for component null
2026-07-02 18:14:25,069 [WARN] ModelIntegratedComponent:63 - No mode defined for component null
2026-07-02 18:14:25,069 [WARN] ModelIntegratedComponent:63 - No mode defined for component null
2026-07-02 18:14:25,069 [WARN] ModelIntegratedComponent:63 - No mode defined for component null
2026-07-02 18:14:25,069 [WARN] ModelIntegratedComponent:63 - No mode defined for component null
2026-07-02 18:14:25,069 [WARN] ModelIntegratedComponent:63 - No mode defined for component null
2026-07-02 18:14:25,069 [WARN] ModelIntegratedComponent:63 - No mode defined for component null
2026-07-02 18:14:25,069 [WARN] ModelIntegratedComponent:63 - No mode defined for component null
2026-07-02 18:14:25,070 [WARN] ModelIntegratedComponent:63 - No mode defined for component null
2026-07-02 18:14:25,070 [WARN] ModelIntegratedComponent:63 - No mode defined for component null
2026-07-02 18:14:25,070 [WARN] ModelIntegratedComponent:63 - No mode defined for component null
2026-07-02 18:14:25,070 [WARN] ModelIntegratedComponent:63 - No mode defined for component null
2026-07-02 18:14:25,070 [WARN] ModelIntegratedComponent:63 - No mode defined for component null
2026-07-02 18:14:25,070 [WARN] ModelIntegratedComponent:63 - No mode defined for component null
2026-07-02 18:14:25,070 [WARN] ModelIntegratedComponent:63 - No mode defined for component null
2026-07-02 18:14:25,154 [WARN] ModelIntegratedComponent:182 - Modes not found for component STMicroelectronics:USB_DEVICE:1.0.0:STMicroelectronics:USB::USB Device:Audio HS::1.0:USB_DEVICE_1_0_RESTRICTED_HS
2026-07-02 18:14:25,154 [WARN] ModelIntegratedComponent:188 - Modes not found for component STMicroelectronics:USB_DEVICE:1.0.0:STMicroelectronics:USB::USB Device:Audio HS::1.0:USB_DEVICE_1_0_RESTRICTED_HS
2026-07-02 18:14:25,154 [WARN] ModelIntegratedComponent:182 - Modes not found for component STMicroelectronics:USB_DEVICE:1.0.0:STMicroelectronics:USB::USB Device:CDC HS::1.0:USB_DEVICE_1_0_RESTRICTED_HS
2026-07-02 18:14:25,154 [WARN] ModelIntegratedComponent:188 - Modes not found for component STMicroelectronics:USB_DEVICE:1.0.0:STMicroelectronics:USB::USB Device:CDC HS::1.0:USB_DEVICE_1_0_RESTRICTED_HS
2026-07-02 18:14:25,154 [WARN] ModelIntegratedComponent:182 - Modes not found for component STMicroelectronics:USB_DEVICE:1.0.0:STMicroelectronics:USB::USB Device:DFU HS::1.0:USB_DEVICE_1_0_RESTRICTED_HS
2026-07-02 18:14:25,154 [WARN] ModelIntegratedComponent:188 - Modes not found for component STMicroelectronics:USB_DEVICE:1.0.0:STMicroelectronics:USB::USB Device:DFU HS::1.0:USB_DEVICE_1_0_RESTRICTED_HS
2026-07-02 18:14:25,154 [WARN] ModelIntegratedComponent:182 - Modes not found for component STMicroelectronics:USB_DEVICE:1.0.0:STMicroelectronics:USB::USB Device:HID HS::1.0:USB_DEVICE_1_0_RESTRICTED_HS
2026-07-02 18:14:25,154 [WARN] ModelIntegratedComponent:188 - Modes not found for component STMicroelectronics:USB_DEVICE:1.0.0:STMicroelectronics:USB::USB Device:HID HS::1.0:USB_DEVICE_1_0_RESTRICTED_HS
2026-07-02 18:14:25,154 [WARN] ModelIntegratedComponent:182 - Modes not found for component STMicroelectronics:USB_DEVICE:1.0.0:STMicroelectronics:USB::USB Device:Custom HID HS::1.0:USB_DEVICE_1_0_RESTRICTED_HS
2026-07-02 18:14:25,154 [WARN] ModelIntegratedComponent:188 - Modes not found for component STMicroelectronics:USB_DEVICE:1.0.0:STMicroelectronics:USB::USB Device:Custom HID HS::1.0:USB_DEVICE_1_0_RESTRICTED_HS
2026-07-02 18:14:25,155 [WARN] ModelIntegratedComponent:182 - Modes not found for component STMicroelectronics:USB_DEVICE:1.0.0:STMicroelectronics:USB::USB Device:MSC HS::1.0:USB_DEVICE_1_0_RESTRICTED_HS
2026-07-02 18:14:25,155 [WARN] ModelIntegratedComponent:188 - Modes not found for component STMicroelectronics:USB_DEVICE:1.0.0:STMicroelectronics:USB::USB Device:MSC HS::1.0:USB_DEVICE_1_0_RESTRICTED_HS
2026-07-02 18:14:25,258 [WARN] ModelIntegratedComponent:182 - Modes not found for component STMicroelectronics:USB_HOST:1.0.0:STMicroelectronics:USB::USB Host:Audio HS::1.0:USB_HOST_1_0_RESTRICTED_HS
2026-07-02 18:14:25,258 [WARN] ModelIntegratedComponent:188 - Modes not found for component STMicroelectronics:USB_HOST:1.0.0:STMicroelectronics:USB::USB Host:Audio HS::1.0:USB_HOST_1_0_RESTRICTED_HS
2026-07-02 18:14:25,258 [WARN] ModelIntegratedComponent:182 - Modes not found for component STMicroelectronics:USB_HOST:1.0.0:STMicroelectronics:USB::USB Host:CDC HS::1.0:USB_HOST_1_0_RESTRICTED_HS
2026-07-02 18:14:25,258 [WARN] ModelIntegratedComponent:188 - Modes not found for component STMicroelectronics:USB_HOST:1.0.0:STMicroelectronics:USB::USB Host:CDC HS::1.0:USB_HOST_1_0_RESTRICTED_HS
2026-07-02 18:14:25,258 [WARN] ModelIntegratedComponent:182 - Modes not found for component STMicroelectronics:USB_HOST:1.0.0:STMicroelectronics:USB::USB Host:MSC HS::1.0:USB_HOST_1_0_RESTRICTED_HS
2026-07-02 18:14:25,258 [WARN] ModelIntegratedComponent:188 - Modes not found for component STMicroelectronics:USB_HOST:1.0.0:STMicroelectronics:USB::USB Host:MSC HS::1.0:USB_HOST_1_0_RESTRICTED_HS
2026-07-02 18:14:25,258 [WARN] ModelIntegratedComponent:182 - Modes not found for component STMicroelectronics:USB_HOST:1.0.0:STMicroelectronics:USB::USB Host:HID HS::1.0:USB_HOST_1_0_RESTRICTED_HS
2026-07-02 18:14:25,258 [WARN] ModelIntegratedComponent:188 - Modes not found for component STMicroelectronics:USB_HOST:1.0.0:STMicroelectronics:USB::USB Host:HID HS::1.0:USB_HOST_1_0_RESTRICTED_HS
2026-07-02 18:14:25,258 [WARN] ModelIntegratedComponent:182 - Modes not found for component STMicroelectronics:USB_HOST:1.0.0:STMicroelectronics:USB::USB Host:MTP HS::1.0:USB_HOST_1_0_RESTRICTED_HS
2026-07-02 18:14:25,258 [WARN] ModelIntegratedComponent:188 - Modes not found for component STMicroelectronics:USB_HOST:1.0.0:STMicroelectronics:USB::USB Host:MTP HS::1.0:USB_HOST_1_0_RESTRICTED_HS
2026-07-02 18:14:25,406 [INFO] ThirdPartyModel:298 - Start build external matchings
2026-07-02 18:14:27,391 [INFO] ThirdPartyModel:316 - End build external matchings
2026-07-02 18:14:27,444 [INFO] RtosManager:919 - Current active RTOS is FREERTOS [Cortex-M4NS]
2026-07-02 18:14:27,456 [INFO] ImportTextPane:194 - (OptionalMessage_ERROR) IP (DMA) : Parameter (Instance) has Id (USART1_RX) currently not set
2026-07-02 18:14:27,457 [INFO] ImportTextPane:194 - (OptionalMessage_ERROR) IP (DMA) : Parameter (Channel) has Id (USART1_RX) currently not set
2026-07-02 18:14:27,457 [INFO] ImportTextPane:194 - (OptionalMessage_ERROR) IP (DMA) : Parameter (Direction) has Id (USART1_RX) currently not set
2026-07-02 18:14:27,457 [INFO] ImportTextPane:194 - (OptionalMessage_ERROR) IP (DMA) : Parameter (PeriphInc) has Id (USART1_RX) currently not set
2026-07-02 18:14:27,457 [INFO] ImportTextPane:194 - (OptionalMessage_ERROR) IP (DMA) : Parameter (MemInc) has Id (USART1_RX) currently not set
2026-07-02 18:14:27,457 [INFO] ImportTextPane:194 - (OptionalMessage_ERROR) IP (DMA) : Parameter (PeriphDataAlignment) has Id (USART1_RX) currently not set
2026-07-02 18:14:27,457 [INFO] ImportTextPane:194 - (OptionalMessage_ERROR) IP (DMA) : Parameter (MemDataAlignment) has Id (USART1_RX) currently not set
2026-07-02 18:14:27,457 [INFO] ImportTextPane:194 - (OptionalMessage_ERROR) IP (DMA) : Parameter (Mode) has Id (USART1_RX) currently not set
2026-07-02 18:14:27,457 [INFO] ImportTextPane:194 - (OptionalMessage_ERROR) IP (DMA) : Parameter (Priority) has Id (USART1_RX) currently not set
2026-07-02 18:14:27,457 [INFO] ImportTextPane:194 - (OptionalMessage_ERROR) IP (DMA) : Parameter (FIFOMode) has Id (USART1_RX) currently not set
2026-07-02 18:14:27,457 [INFO] ImportTextPane:194 - (OptionalMessage_ERROR) IP (DMA) : Parameter (Instance) has Id (USART1_TX) currently not set
2026-07-02 18:14:27,457 [INFO] ImportTextPane:194 - (OptionalMessage_ERROR) IP (DMA) : Parameter (Channel) has Id (USART1_TX) currently not set
2026-07-02 18:14:27,457 [INFO] ImportTextPane:194 - (OptionalMessage_ERROR) IP (DMA) : Parameter (Direction) has Id (USART1_TX) currently not set
2026-07-02 18:14:27,457 [INFO] ImportTextPane:194 - (OptionalMessage_ERROR) IP (DMA) : Parameter (PeriphInc) has Id (USART1_TX) currently not set
2026-07-02 18:14:27,457 [INFO] ImportTextPane:194 - (OptionalMessage_ERROR) IP (DMA) : Parameter (MemInc) has Id (USART1_TX) currently not set
2026-07-02 18:14:27,458 [INFO] ImportTextPane:194 - (OptionalMessage_ERROR) IP (DMA) : Parameter (PeriphDataAlignment) has Id (USART1_TX) currently not set
2026-07-02 18:14:27,458 [INFO] ImportTextPane:194 - (OptionalMessage_ERROR) IP (DMA) : Parameter (MemDataAlignment) has Id (USART1_TX) currently not set
2026-07-02 18:14:27,458 [INFO] ImportTextPane:194 - (OptionalMessage_ERROR) IP (DMA) : Parameter (Mode) has Id (USART1_TX) currently not set
2026-07-02 18:14:27,459 [INFO] ImportTextPane:194 - (OptionalMessage_ERROR) IP (DMA) : Parameter (Priority) has Id (USART1_TX) currently not set
2026-07-02 18:14:27,459 [INFO] ImportTextPane:194 - (OptionalMessage_ERROR) IP (DMA) : Parameter (FIFOMode) has Id (USART1_TX) currently not set
2026-07-02 18:14:27,459 [INFO] ImportTextPane:194 - (OptionalMessage_ERROR) IP (DMA) : Parameter (Instance) has Id (ADC1) currently not set
2026-07-02 18:14:27,459 [INFO] ImportTextPane:194 - (OptionalMessage_ERROR) IP (DMA) : Parameter (Channel) has Id (ADC1) currently not set
2026-07-02 18:14:27,459 [INFO] ImportTextPane:194 - (OptionalMessage_ERROR) IP (DMA) : Parameter (Direction) has Id (ADC1) currently not set
2026-07-02 18:14:27,459 [INFO] ImportTextPane:194 - (OptionalMessage_ERROR) IP (DMA) : Parameter (PeriphInc) has Id (ADC1) currently not set
2026-07-02 18:14:27,459 [INFO] ImportTextPane:194 - (OptionalMessage_ERROR) IP (DMA) : Parameter (MemInc) has Id (ADC1) currently not set
2026-07-02 18:14:27,459 [INFO] ImportTextPane:194 - (OptionalMessage_ERROR) IP (DMA) : Parameter (PeriphDataAlignment) has Id (ADC1) currently not set
2026-07-02 18:14:27,459 [INFO] ImportTextPane:194 - (OptionalMessage_ERROR) IP (DMA) : Parameter (MemDataAlignment) has Id (ADC1) currently not set
2026-07-02 18:14:27,459 [INFO] ImportTextPane:194 - (OptionalMessage_ERROR) IP (DMA) : Parameter (Mode) has Id (ADC1) currently not set
2026-07-02 18:14:27,459 [INFO] ImportTextPane:194 - (OptionalMessage_ERROR) IP (DMA) : Parameter (Priority) has Id (ADC1) currently not set
2026-07-02 18:14:27,459 [INFO] ImportTextPane:194 - (OptionalMessage_ERROR) IP (DMA) : Parameter (FIFOMode) has Id (ADC1) currently not set
2026-07-02 18:14:27,464 [INFO] ImportTextPane:194 - (OptionalMessage_ERROR) IP (FREERTOS) : Invalid parameter (Events01)
2026-07-02 18:14:27,466 [INFO] ImportTextPane:194 - (OptionalMessage_ERROR) IP (RCC) : Parameter (RTCHSEDivFreq_Value) has invalid value (12500000)
2026-07-02 18:14:28,202 [INFO] ApiDb:581 - Connected to CubeFinder SQLite database (C:\Users\USER\.stmcufinder\plugins\mcufinder\mcu\cube-finder-db.db)
2026-07-02 18:14:28,349 [INFO] ApiDb:668 - CubeFinder database Data Model version=2.1
2026-07-02 18:14:28,349 [INFO] ApiDb:669 - CubeFinder database Configuration version=3.0.39
2026-07-02 18:14:28,351 [INFO] ApiDb:670 - CubeFinder database generation date=2025-12-22 (1766407740)
2026-07-02 18:14:28,351 [INFO] ApiDb:671 - CubeFinder database FW Pack versions=[FP-ATR-ASTRA1_V2.0.0, FP-SNS-FLIGHT1_V5.1.0, FP-SNS-MOTENV1_V5.1.0, FP-SNS-MOTENVWB1_V1.4.0, FP-SNS-SMARTAG2_V1.2.0, FP-SNS-STBOX1_V2.1.0, STM32Cube_FW_C0_V1.4.0, STM32Cube_FW_F4_V1.28.3, STM32Cube_FW_F7_V1.17.4, STM32Cube_FW_G0_V1.6.2, STM32Cube_FW_G4_V1.6.1, STM32Cube_FW_H5_V1.5.1, STM32Cube_FW_H7RS_V1.3.0, STM32Cube_FW_H7_V1.12.1, STM32Cube_FW_L0_V1.12.2, STM32Cube_FW_L4_V1.18.1, STM32Cube_FW_L5_V1.6.0, STM32Cube_FW_N6_V1.3.0, STM32Cube_FW_U0_V1.3.0, STM32Cube_FW_U3_V1.2.1, STM32Cube_FW_U5_V1.8.0, STM32Cube_FW_WB0_V1.4.0, STM32Cube_FW_WBA_V1.8.0, STM32Cube_FW_WB_V1.24.0, STM32Cube_FW_WL3_V1.3.0, STM32Cube_FW_WL_V1.4.0, X-CUBE-ALGOBUILD_V1.4.0, X-CUBE-ALS_V1.0.2, X-CUBE-AZRTOS-F4_V1.1.0, X-CUBE-AZRTOS-F7_V1.1.0, X-CUBE-AZRTOS-G0_V1.1.0, X-CUBE-AZRTOS-G4_V2.0.0, X-CUBE-AZRTOS-H7RS_V1.1.0, X-CUBE-AZRTOS-H7_V3.4.0, X-CUBE-AZRTOS-L4_V2.0.0, X-CUBE-AZRTOS-L5_V2.0.0, X-CUBE-AZRTOS-WB_V2.0.0, X-CUBE-AZRTOS-WL_V2.0.0, X-CUBE-BLE1_V7.1.0, X-CUBE-BLE2_V3.3.0, X-CUBE-BLEMGR_V4.1.0, X-CUBE-EEPRMA1_V5.2.0, X-CUBE-FREERTOS_V1.3.1, X-CUBE-GNSS1_V6.0.0, X-CUBE-MEMS1_V12.0.0, X-CUBE-NFC4_V3.0.0, X-CUBE-NFC7_V2.0.0, X-CUBE-SFXS2LP1_V4.0.0, X-CUBE-ST67W61_V1.1.0, X-CUBE-SUBG2_V5.0.0, X-CUBE-TOF1_V3.4.3]
2026-07-02 18:14:28,504 [INFO] DbBoardsSqlite:226 - include board P-NUCLEO-WB55-NUCLEO as a kit item of type 'Nucleo-64'
2026-07-02 18:14:28,504 [INFO] DbBoardsSqlite:226 - include board P-NUCLEO-WB55-USBDONGLE as a kit item of type 'Nucleo USB Dongle'
2026-07-02 18:14:28,507 [INFO] DbBoardsSqlite:226 - include board STEVAL-IDP005V1 as a kit item of type 'Evaluation Board'
2026-07-02 18:14:28,508 [INFO] DbBoardsSqlite:226 - include board STEVAL-IDP005V2 as a kit item of type 'Evaluation Board'
2026-07-02 18:14:29,178 [INFO] ApiDb:240 - Found 483 in-development CPN: [B-G473E-ZEST1S, B-WB1M-WPAN1, B-WL5M-SUBG1, NUCLEO-C031C6, NUCLEO-H503RB, NUCLEO-H533RE, NUCLEO-H563ZI, NUCLEO-H7S3L8, NUCLEO-U031R8, NUCLEO-U083RC, NUCLEO-U545RE-Q, NUCLEO-U5A5ZJ-Q, NUCLEO-WBA52CG, NUCLEO-WBA55CG, STEVAL-PROTEUS1, STEVAL-SMARTAG2, STEVAL-STWINBX1, STM320518-EVAL, STM32C0116-DK, STM32C011D6Y3TR, STM32C011D6Y6TR, STM32C011F4P3, STM32C011F4P6, STM32C011F4U3, STM32C011F4U6TR, STM32C011F6P3, STM32C011F6P6, STM32C011F6U3, STM32C011F6U6TR, STM32C011J4M3, STM32C011J4M6, STM32C011J6M3, STM32C011J6M6, STM32C0316-DK, STM32C031C4T3, STM32C031C4T6, STM32C031C4U3, STM32C031C4U6, STM32C031C6T3, STM32C031C6T6, STM32C031C6U3, STM32C031C6U6, STM32C031F4P3, STM32C031F4P6, STM32C031F6P3, STM32C031F6P6, STM32C031G4U3, STM32C031G4U6, STM32C031G6U3, STM32C031G6U6, STM32C031K4T3, STM32C031K4T6, STM32C031K4U3, STM32C031K4U6, STM32C031K6T3, STM32C031K6T6, STM32C031K6U3, STM32C031K6U6, STM32G071K8TXN, STM32G071K8UXN, STM32G081GBU6N, STM32G081KBT6N, STM32G081KBUXN, STM32G0B1CCT6N, STM32G0B1KCT6, STM32G0B1NEY6TR, STM32G0B1RCT6N, STM32G0C1CCT6, STM32G0C1CCT6N, STM32G0C1CCU6N, STM32G0C1CET6N, STM32G0C1CEU6N, STM32G0C1KCT6, STM32G0C1NEY6TR, STM32G0C1RCI6N, STM32G0C1RCT6N, STM32G0C1REI6N, STM32G0C1RET6N, STM32G0C1VCI6, STM32G0C1VEI6, STM32G471CCT6, STM32G471CCU6, STM32G471CET3, STM32G471CET6, STM32G471CEU3, STM32G471CEU6, STM32G471MCT6, STM32G471MET3, STM32G471MET6, STM32G471MEY6TR, STM32G471QCT6, STM32G471QET3, STM32G471RCT6, STM32G471RET3, STM32G471RET6, STM32G471VCH6, STM32G471VCI6, STM32G471VCT6, STM32G471VEH3, STM32G471VEH6, STM32G471VEI3, STM32G471VEI6, STM32G471VET3, STM32G471VET6, STM32G474CCT6, STM32H503CBT6, STM32H503CBU6, STM32H503EBY6TR, STM32H503KBU6, STM32H503RBT6, STM32H523CCT6, STM32H523CCU6, STM32H523CET6, STM32H523CEU6, STM32H523HEY6TR, STM32H523RCT6, STM32H523RET6, STM32H523VCI6, STM32H523VCT6, STM32H523VEI6, STM32H523VET6, STM32H523ZCJ6, STM32H523ZCT6, STM32H523ZEJ6, STM32H523ZET6, STM32H533CET6, STM32H533CEU6, STM32H533HEY6TR, STM32H533RET6, STM32H533VEI6, STM32H533VET6, STM32H533ZEJ6, STM32H533ZET6, STM32H562AGI6, STM32H562AII6, STM32H562IGK6, STM32H562IGT6, STM32H562IIK6, STM32H562IIT6, STM32H562RGT6, STM32H562RGV6, STM32H562RIT6, STM32H562RIV6, STM32H562VGT6, STM32H562VIT6, STM32H562ZGT6, STM32H562ZIT6, STM32H563AGI6, STM32H563AII3Q, STM32H563AII6, STM32H563IGK6, STM32H563IGT6, STM32H563IIK3Q, STM32H563IIK6, STM32H563IIT3Q, STM32H563IIT6, STM32H563MIY3QTR, STM32H563RGT6, STM32H563RGV6, STM32H563RIT6, STM32H563RIV6, STM32H563VGT6, STM32H563VIT3Q, STM32H563VIT6, STM32H563ZGT6, STM32H563ZIT3Q, STM32H563ZIT6, STM32H573AII3Q, STM32H573AII6, STM32H573I-DK, STM32H573IIK3Q, STM32H573IIK6, STM32H573IIT3Q, STM32H573IIT6, STM32H573MIY3QTR, STM32H573RIT6, STM32H573RIV6, STM32H573VIT3Q, STM32H573VIT6, STM32H573ZIT3Q, STM32H573ZIT6, STM32H7R3A8I6, STM32H7R3I8K6, STM32H7R3I8T6, STM32H7R3L8H6, STM32H7R3L8H6H, STM32H7R3R8V6, STM32H7R3V8H6, STM32H7R3V8T6, STM32H7R3V8Y6, STM32H7R3Z8J6, STM32H7R3Z8T6, STM32H7R7A8I6, STM32H7R7I8K6, STM32H7R7I8T6, STM32H7R7L8H6, STM32H7R7L8H6H, STM32H7R7Z8J6, STM32H7S3A8I6, STM32H7S3I8K6, STM32H7S3I8T6, STM32H7S3L8H6, STM32H7S3L8H6H, STM32H7S3R8V6, STM32H7S3V8H6, STM32H7S3V8T6, STM32H7S3V8Y6, STM32H7S3Z8J6, STM32H7S3Z8T6, STM32H7S78-DK, STM32H7S7A8I6, STM32H7S7I8K6, STM32H7S7I8T6, STM32H7S7L8H6, STM32H7S7L8H6H, STM32H7S7Z8J6, STM32L4R5QGI6STR, STM32MP131AAE3, STM32MP131AAF3, STM32MP131AAG3, STM32MP131CAE3, STM32MP131CAF3, STM32MP131CAG3, STM32MP131DAE7, STM32MP131DAF7, STM32MP131DAG7, STM32MP131FAE7, STM32MP131FAF7, STM32MP131FAG7, STM32MP133AAE3, STM32MP133AAF3, STM32MP133AAG3, STM32MP133CAE3, STM32MP133CAF3, STM32MP133CAG3, STM32MP133DAE7, STM32MP133DAF7, STM32MP133DAG7, STM32MP133FAE7, STM32MP133FAF7, STM32MP133FAG7, STM32MP135AAE3, STM32MP135AAF3, STM32MP135AAG3, STM32MP135CAE3, STM32MP135CAF3, STM32MP135CAG3, STM32MP135DAE7, STM32MP135DAF7, STM32MP135DAG7, STM32MP135F-DK, STM32MP135FAE7, STM32MP135FAF7, STM32MP135FAF7T, STM32MP135FAF7U, STM32MP135FAG7, STM32U031C6T6, STM32U031C6U6, STM32U031C8T6, STM32U031C8U6, STM32U031F4P6, STM32U031F6P6, STM32U031F8P6, STM32U031G6Y6TR, STM32U031G8Y6TR, STM32U031K4U6, STM32U031K6U6, STM32U031K8U6, STM32U031R6I6, STM32U031R6T6, STM32U031R8I6, STM32U031R8T6, STM32U073C8T6, STM32U073C8U6, STM32U073CBT6, STM32U073CBU6, STM32U073CCT6, STM32U073CCU6, STM32U073H8Y6TR, STM32U073HBY6TR, STM32U073HCY6TR, STM32U073K8U6, STM32U073KBU6, STM32U073KCU6, STM32U073M8I6, STM32U073M8T6, STM32U073MBI6, STM32U073MBT6, STM32U073MCI6, STM32U073MCT6, STM32U073R8I6, STM32U073R8T6, STM32U073RBI6, STM32U073RBT6, STM32U073RCI6, STM32U073RCT6, STM32U083C-DK, STM32U083CCT6, STM32U083CCU6, STM32U083HCY6TR, STM32U083KCU6, STM32U083MCI6, STM32U083MCT6, STM32U083RCI6, STM32U083RCT6, STM32U535CBT6, STM32U535CBT6Q, STM32U535CBU6, STM32U535CBU6Q, STM32U535CCT6, STM32U535CCT6Q, STM32U535CCU6, STM32U535CCU6Q, STM32U535CET6, STM32U535CET6Q, STM32U535CEU6, STM32U535CEU6Q, STM32U535JEY6QTR, STM32U535NCY6QTR, STM32U535NEY6QTR, STM32U535RBI6, STM32U535RBI6Q, STM32U535RBT6, STM32U535RBT6Q, STM32U535RCI6, STM32U535RCI6Q, STM32U535RCT6, STM32U535RCT6Q, STM32U535REI6, STM32U535REI6Q, STM32U535RET6, STM32U535RET6Q, STM32U535VCI6, STM32U535VCI6Q, STM32U535VCT6, STM32U535VCT6Q, STM32U535VEI6, STM32U535VEI6Q, STM32U535VET6, STM32U535VET6Q, STM32U545CET6, STM32U545CET6Q, STM32U545CEU6, STM32U545CEU6Q, STM32U545JEY6QTR, STM32U545NEY6QTR, STM32U545REI6, STM32U545REI6Q, STM32U545RET6, STM32U545RET6Q, STM32U545VEI6, STM32U545VEI6Q, STM32U545VET6, STM32U545VET6Q, STM32U595AIH6, STM32U595AIH6Q, STM32U595AJH6, STM32U595AJH6Q, STM32U595QII6, STM32U595QII6Q, STM32U595QJI6, STM32U595QJI6Q, STM32U595RIT6, STM32U595RIT6Q, STM32U595RJT6, STM32U595RJT6Q, STM32U595VIT6, STM32U595VIT6Q, STM32U595VJT6, STM32U595VJT6Q, STM32U595ZIT6, STM32U595ZIT6Q, STM32U595ZIY6QTR, STM32U595ZJT6, STM32U595ZJT6Q, STM32U595ZJY6QTR, STM32U599BJY6QTR, STM32U599NIH6Q, STM32U599NJH6Q, STM32U599VIT6Q, STM32U599VJT6, STM32U599VJT6Q, STM32U599ZIT6Q, STM32U599ZIY6QTR, STM32U599ZJT6Q, STM32U599ZJY6QTR, STM32U5A5AJH6, STM32U5A5AJH6Q, STM32U5A5QII3Q , STM32U5A5QJI6, STM32U5A5QJI6Q, STM32U5A5RJT6, STM32U5A5RJT6Q, STM32U5A5VJT6, STM32U5A5VJT6Q, STM32U5A5ZJT6, STM32U5A5ZJT6Q, STM32U5A5ZJY6QTR, STM32U5A9BJY6QTR, STM32U5A9J-DK, STM32U5A9NJH6Q, STM32U5A9VJT6Q, STM32U5A9ZJT6Q, STM32U5A9ZJY6QTR, STM32U5F7VIT6, STM32U5F7VIT6Q, STM32U5F7VJT6, STM32U5F7VJT6Q, STM32U5F9BJY6QTR, STM32U5F9NJH6Q, STM32U5F9VIT6Q, STM32U5F9VJT6Q, STM32U5F9ZIJ6QTR, STM32U5F9ZIT6Q, STM32U5F9ZJJ6QTR, STM32U5F9ZJT6Q, STM32U5G7VJT6, STM32U5G7VJT6Q, STM32U5G9BJY6QTR, STM32U5G9J-DK1, STM32U5G9J-DK2, STM32U5G9NJH6Q, STM32U5G9VJT6Q, STM32U5G9ZJJ6QTR, STM32U5G9ZJT6Q, STM32WB1MMCH6, STM32WBA50KEU6, STM32WBA50KEU6TR, STM32WBA50KGU6, STM32WBA50KGU6TR, STM32WBA52CEU6, STM32WBA52CEU6TR, STM32WBA52CEU7, STM32WBA52CEU7TR, STM32WBA52CGU6, STM32WBA52CGU6TR, STM32WBA52CGU6U, STM32WBA52CGU7, STM32WBA52CGU7TR, STM32WBA52KEU6, STM32WBA52KEU6TR, STM32WBA52KGU6, STM32WBA52KGU6TR, STM32WBA54CEU6, STM32WBA54CEU6TR, STM32WBA54CEU7, STM32WBA54CEU7TR, STM32WBA54CGU6, STM32WBA54CGU6TR, STM32WBA54CGU7, STM32WBA54CGU7TR, STM32WBA54KEU6, STM32WBA54KEU6TR, STM32WBA54KEU7, STM32WBA54KEU7TR, STM32WBA54KGU6, STM32WBA54KGU6TR, STM32WBA54KGU7, STM32WBA54KGU7TR, STM32WBA55CEU6, STM32WBA55CEU6TR, STM32WBA55CEU7, STM32WBA55CEU7TR, STM32WBA55CGU6, STM32WBA55CGU6TR, STM32WBA55CGU6U, STM32WBA55CGU7, STM32WBA55CGU7TR, STM32WBA55G-DK1, STM32WBA55HEF6, STM32WBA55HEF7, STM32WBA55HGF6, STM32WBA55HGF7, STM32WBA55UEI6, STM32WBA55UEI6TR, STM32WBA55UEI7, STM32WBA55UEI7TR, STM32WBA55UGI6, STM32WBA55UGI6TR, STM32WBA55UGI7, STM32WBA55UGI7TR, STM32WL5MOCH6, STM32WL5MOCH6TR]
2026-07-02 18:14:29,181 [INFO] ApiDb:668 - CubeFinder database Data Model version=2.1
2026-07-02 18:14:29,181 [INFO] ApiDb:669 - CubeFinder database Configuration version=3.0.39
2026-07-02 18:14:29,181 [INFO] ApiDb:670 - CubeFinder database generation date=2025-12-22 (1766407740)
2026-07-02 18:14:29,182 [INFO] ApiDb:671 - CubeFinder database FW Pack versions=[FP-ATR-ASTRA1_V2.0.0, FP-SNS-FLIGHT1_V5.1.0, FP-SNS-MOTENV1_V5.1.0, FP-SNS-MOTENVWB1_V1.4.0, FP-SNS-SMARTAG2_V1.2.0, FP-SNS-STBOX1_V2.1.0, STM32Cube_FW_C0_V1.4.0, STM32Cube_FW_F4_V1.28.3, STM32Cube_FW_F7_V1.17.4, STM32Cube_FW_G0_V1.6.2, STM32Cube_FW_G4_V1.6.1, STM32Cube_FW_H5_V1.5.1, STM32Cube_FW_H7RS_V1.3.0, STM32Cube_FW_H7_V1.12.1, STM32Cube_FW_L0_V1.12.2, STM32Cube_FW_L4_V1.18.1, STM32Cube_FW_L5_V1.6.0, STM32Cube_FW_N6_V1.3.0, STM32Cube_FW_U0_V1.3.0, STM32Cube_FW_U3_V1.2.1, STM32Cube_FW_U5_V1.8.0, STM32Cube_FW_WB0_V1.4.0, STM32Cube_FW_WBA_V1.8.0, STM32Cube_FW_WB_V1.24.0, STM32Cube_FW_WL3_V1.3.0, STM32Cube_FW_WL_V1.4.0, X-CUBE-ALGOBUILD_V1.4.0, X-CUBE-ALS_V1.0.2, X-CUBE-AZRTOS-F4_V1.1.0, X-CUBE-AZRTOS-F7_V1.1.0, X-CUBE-AZRTOS-G0_V1.1.0, X-CUBE-AZRTOS-G4_V2.0.0, X-CUBE-AZRTOS-H7RS_V1.1.0, X-CUBE-AZRTOS-H7_V3.4.0, X-CUBE-AZRTOS-L4_V2.0.0, X-CUBE-AZRTOS-L5_V2.0.0, X-CUBE-AZRTOS-WB_V2.0.0, X-CUBE-AZRTOS-WL_V2.0.0, X-CUBE-BLE1_V7.1.0, X-CUBE-BLE2_V3.3.0, X-CUBE-BLEMGR_V4.1.0, X-CUBE-EEPRMA1_V5.2.0, X-CUBE-FREERTOS_V1.3.1, X-CUBE-GNSS1_V6.0.0, X-CUBE-MEMS1_V12.0.0, X-CUBE-NFC4_V3.0.0, X-CUBE-NFC7_V2.0.0, X-CUBE-SFXS2LP1_V4.0.0, X-CUBE-ST67W61_V1.1.0, X-CUBE-SUBG2_V5.0.0, X-CUBE-TOF1_V3.4.3]
2026-07-02 18:14:31,319 [INFO] ApiDb:240 - Found 483 in-development CPN: [B-G473E-ZEST1S, B-WB1M-WPAN1, B-WL5M-SUBG1, NUCLEO-C031C6, NUCLEO-H503RB, NUCLEO-H533RE, NUCLEO-H563ZI, NUCLEO-H7S3L8, NUCLEO-U031R8, NUCLEO-U083RC, NUCLEO-U545RE-Q, NUCLEO-U5A5ZJ-Q, NUCLEO-WBA52CG, NUCLEO-WBA55CG, STEVAL-PROTEUS1, STEVAL-SMARTAG2, STEVAL-STWINBX1, STM320518-EVAL, STM32C0116-DK, STM32C011D6Y3TR, STM32C011D6Y6TR, STM32C011F4P3, STM32C011F4P6, STM32C011F4U3, STM32C011F4U6TR, STM32C011F6P3, STM32C011F6P6, STM32C011F6U3, STM32C011F6U6TR, STM32C011J4M3, STM32C011J4M6, STM32C011J6M3, STM32C011J6M6, STM32C0316-DK, STM32C031C4T3, STM32C031C4T6, STM32C031C4U3, STM32C031C4U6, STM32C031C6T3, STM32C031C6T6, STM32C031C6U3, STM32C031C6U6, STM32C031F4P3, STM32C031F4P6, STM32C031F6P3, STM32C031F6P6, STM32C031G4U3, STM32C031G4U6, STM32C031G6U3, STM32C031G6U6, STM32C031K4T3, STM32C031K4T6, STM32C031K4U3, STM32C031K4U6, STM32C031K6T3, STM32C031K6T6, STM32C031K6U3, STM32C031K6U6, STM32G071K8TXN, STM32G071K8UXN, STM32G081GBU6N, STM32G081KBT6N, STM32G081KBUXN, STM32G0B1CCT6N, STM32G0B1KCT6, STM32G0B1NEY6TR, STM32G0B1RCT6N, STM32G0C1CCT6, STM32G0C1CCT6N, STM32G0C1CCU6N, STM32G0C1CET6N, STM32G0C1CEU6N, STM32G0C1KCT6, STM32G0C1NEY6TR, STM32G0C1RCI6N, STM32G0C1RCT6N, STM32G0C1REI6N, STM32G0C1RET6N, STM32G0C1VCI6, STM32G0C1VEI6, STM32G471CCT6, STM32G471CCU6, STM32G471CET3, STM32G471CET6, STM32G471CEU3, STM32G471CEU6, STM32G471MCT6, STM32G471MET3, STM32G471MET6, STM32G471MEY6TR, STM32G471QCT6, STM32G471QET3, STM32G471RCT6, STM32G471RET3, STM32G471RET6, STM32G471VCH6, STM32G471VCI6, STM32G471VCT6, STM32G471VEH3, STM32G471VEH6, STM32G471VEI3, STM32G471VEI6, STM32G471VET3, STM32G471VET6, STM32G474CCT6, STM32H503CBT6, STM32H503CBU6, STM32H503EBY6TR, STM32H503KBU6, STM32H503RBT6, STM32H523CCT6, STM32H523CCU6, STM32H523CET6, STM32H523CEU6, STM32H523HEY6TR, STM32H523RCT6, STM32H523RET6, STM32H523VCI6, STM32H523VCT6, STM32H523VEI6, STM32H523VET6, STM32H523ZCJ6, STM32H523ZCT6, STM32H523ZEJ6, STM32H523ZET6, STM32H533CET6, STM32H533CEU6, STM32H533HEY6TR, STM32H533RET6, STM32H533VEI6, STM32H533VET6, STM32H533ZEJ6, STM32H533ZET6, STM32H562AGI6, STM32H562AII6, STM32H562IGK6, STM32H562IGT6, STM32H562IIK6, STM32H562IIT6, STM32H562RGT6, STM32H562RGV6, STM32H562RIT6, STM32H562RIV6, STM32H562VGT6, STM32H562VIT6, STM32H562ZGT6, STM32H562ZIT6, STM32H563AGI6, STM32H563AII3Q, STM32H563AII6, STM32H563IGK6, STM32H563IGT6, STM32H563IIK3Q, STM32H563IIK6, STM32H563IIT3Q, STM32H563IIT6, STM32H563MIY3QTR, STM32H563RGT6, STM32H563RGV6, STM32H563RIT6, STM32H563RIV6, STM32H563VGT6, STM32H563VIT3Q, STM32H563VIT6, STM32H563ZGT6, STM32H563ZIT3Q, STM32H563ZIT6, STM32H573AII3Q, STM32H573AII6, STM32H573I-DK, STM32H573IIK3Q, STM32H573IIK6, STM32H573IIT3Q, STM32H573IIT6, STM32H573MIY3QTR, STM32H573RIT6, STM32H573RIV6, STM32H573VIT3Q, STM32H573VIT6, STM32H573ZIT3Q, STM32H573ZIT6, STM32H7R3A8I6, STM32H7R3I8K6, STM32H7R3I8T6, STM32H7R3L8H6, STM32H7R3L8H6H, STM32H7R3R8V6, STM32H7R3V8H6, STM32H7R3V8T6, STM32H7R3V8Y6, STM32H7R3Z8J6, STM32H7R3Z8T6, STM32H7R7A8I6, STM32H7R7I8K6, STM32H7R7I8T6, STM32H7R7L8H6, STM32H7R7L8H6H, STM32H7R7Z8J6, STM32H7S3A8I6, STM32H7S3I8K6, STM32H7S3I8T6, STM32H7S3L8H6, STM32H7S3L8H6H, STM32H7S3R8V6, STM32H7S3V8H6, STM32H7S3V8T6, STM32H7S3V8Y6, STM32H7S3Z8J6, STM32H7S3Z8T6, STM32H7S78-DK, STM32H7S7A8I6, STM32H7S7I8K6, STM32H7S7I8T6, STM32H7S7L8H6, STM32H7S7L8H6H, STM32H7S7Z8J6, STM32L4R5QGI6STR, STM32MP131AAE3, STM32MP131AAF3, STM32MP131AAG3, STM32MP131CAE3, STM32MP131CAF3, STM32MP131CAG3, STM32MP131DAE7, STM32MP131DAF7, STM32MP131DAG7, STM32MP131FAE7, STM32MP131FAF7, STM32MP131FAG7, STM32MP133AAE3, STM32MP133AAF3, STM32MP133AAG3, STM32MP133CAE3, STM32MP133CAF3, STM32MP133CAG3, STM32MP133DAE7, STM32MP133DAF7, STM32MP133DAG7, STM32MP133FAE7, STM32MP133FAF7, STM32MP133FAG7, STM32MP135AAE3, STM32MP135AAF3, STM32MP135AAG3, STM32MP135CAE3, STM32MP135CAF3, STM32MP135CAG3, STM32MP135DAE7, STM32MP135DAF7, STM32MP135DAG7, STM32MP135F-DK, STM32MP135FAE7, STM32MP135FAF7, STM32MP135FAF7T, STM32MP135FAF7U, STM32MP135FAG7, STM32U031C6T6, STM32U031C6U6, STM32U031C8T6, STM32U031C8U6, STM32U031F4P6, STM32U031F6P6, STM32U031F8P6, STM32U031G6Y6TR, STM32U031G8Y6TR, STM32U031K4U6, STM32U031K6U6, STM32U031K8U6, STM32U031R6I6, STM32U031R6T6, STM32U031R8I6, STM32U031R8T6, STM32U073C8T6, STM32U073C8U6, STM32U073CBT6, STM32U073CBU6, STM32U073CCT6, STM32U073CCU6, STM32U073H8Y6TR, STM32U073HBY6TR, STM32U073HCY6TR, STM32U073K8U6, STM32U073KBU6, STM32U073KCU6, STM32U073M8I6, STM32U073M8T6, STM32U073MBI6, STM32U073MBT6, STM32U073MCI6, STM32U073MCT6, STM32U073R8I6, STM32U073R8T6, STM32U073RBI6, STM32U073RBT6, STM32U073RCI6, STM32U073RCT6, STM32U083C-DK, STM32U083CCT6, STM32U083CCU6, STM32U083HCY6TR, STM32U083KCU6, STM32U083MCI6, STM32U083MCT6, STM32U083RCI6, STM32U083RCT6, STM32U535CBT6, STM32U535CBT6Q, STM32U535CBU6, STM32U535CBU6Q, STM32U535CCT6, STM32U535CCT6Q, STM32U535CCU6, STM32U535CCU6Q, STM32U535CET6, STM32U535CET6Q, STM32U535CEU6, STM32U535CEU6Q, STM32U535JEY6QTR, STM32U535NCY6QTR, STM32U535NEY6QTR, STM32U535RBI6, STM32U535RBI6Q, STM32U535RBT6, STM32U535RBT6Q, STM32U535RCI6, STM32U535RCI6Q, STM32U535RCT6, STM32U535RCT6Q, STM32U535REI6, STM32U535REI6Q, STM32U535RET6, STM32U535RET6Q, STM32U535VCI6, STM32U535VCI6Q, STM32U535VCT6, STM32U535VCT6Q, STM32U535VEI6, STM32U535VEI6Q, STM32U535VET6, STM32U535VET6Q, STM32U545CET6, STM32U545CET6Q, STM32U545CEU6, STM32U545CEU6Q, STM32U545JEY6QTR, STM32U545NEY6QTR, STM32U545REI6, STM32U545REI6Q, STM32U545RET6, STM32U545RET6Q, STM32U545VEI6, STM32U545VEI6Q, STM32U545VET6, STM32U545VET6Q, STM32U595AIH6, STM32U595AIH6Q, STM32U595AJH6, STM32U595AJH6Q, STM32U595QII6, STM32U595QII6Q, STM32U595QJI6, STM32U595QJI6Q, STM32U595RIT6, STM32U595RIT6Q, STM32U595RJT6, STM32U595RJT6Q, STM32U595VIT6, STM32U595VIT6Q, STM32U595VJT6, STM32U595VJT6Q, STM32U595ZIT6, STM32U595ZIT6Q, STM32U595ZIY6QTR, STM32U595ZJT6, STM32U595ZJT6Q, STM32U595ZJY6QTR, STM32U599BJY6QTR, STM32U599NIH6Q, STM32U599NJH6Q, STM32U599VIT6Q, STM32U599VJT6, STM32U599VJT6Q, STM32U599ZIT6Q, STM32U599ZIY6QTR, STM32U599ZJT6Q, STM32U599ZJY6QTR, STM32U5A5AJH6, STM32U5A5AJH6Q, STM32U5A5QII3Q , STM32U5A5QJI6, STM32U5A5QJI6Q, STM32U5A5RJT6, STM32U5A5RJT6Q, STM32U5A5VJT6, STM32U5A5VJT6Q, STM32U5A5ZJT6, STM32U5A5ZJT6Q, STM32U5A5ZJY6QTR, STM32U5A9BJY6QTR, STM32U5A9J-DK, STM32U5A9NJH6Q, STM32U5A9VJT6Q, STM32U5A9ZJT6Q, STM32U5A9ZJY6QTR, STM32U5F7VIT6, STM32U5F7VIT6Q, STM32U5F7VJT6, STM32U5F7VJT6Q, STM32U5F9BJY6QTR, STM32U5F9NJH6Q, STM32U5F9VIT6Q, STM32U5F9VJT6Q, STM32U5F9ZIJ6QTR, STM32U5F9ZIT6Q, STM32U5F9ZJJ6QTR, STM32U5F9ZJT6Q, STM32U5G7VJT6, STM32U5G7VJT6Q, STM32U5G9BJY6QTR, STM32U5G9J-DK1, STM32U5G9J-DK2, STM32U5G9NJH6Q, STM32U5G9VJT6Q, STM32U5G9ZJJ6QTR, STM32U5G9ZJT6Q, STM32WB1MMCH6, STM32WBA50KEU6, STM32WBA50KEU6TR, STM32WBA50KGU6, STM32WBA50KGU6TR, STM32WBA52CEU6, STM32WBA52CEU6TR, STM32WBA52CEU7, STM32WBA52CEU7TR, STM32WBA52CGU6, STM32WBA52CGU6TR, STM32WBA52CGU6U, STM32WBA52CGU7, STM32WBA52CGU7TR, STM32WBA52KEU6, STM32WBA52KEU6TR, STM32WBA52KGU6, STM32WBA52KGU6TR, STM32WBA54CEU6, STM32WBA54CEU6TR, STM32WBA54CEU7, STM32WBA54CEU7TR, STM32WBA54CGU6, STM32WBA54CGU6TR, STM32WBA54CGU7, STM32WBA54CGU7TR, STM32WBA54KEU6, STM32WBA54KEU6TR, STM32WBA54KEU7, STM32WBA54KEU7TR, STM32WBA54KGU6, STM32WBA54KGU6TR, STM32WBA54KGU7, STM32WBA54KGU7TR, STM32WBA55CEU6, STM32WBA55CEU6TR, STM32WBA55CEU7, STM32WBA55CEU7TR, STM32WBA55CGU6, STM32WBA55CGU6TR, STM32WBA55CGU6U, STM32WBA55CGU7, STM32WBA55CGU7TR, STM32WBA55G-DK1, STM32WBA55HEF6, STM32WBA55HEF7, STM32WBA55HGF6, STM32WBA55HGF7, STM32WBA55UEI6, STM32WBA55UEI6TR, STM32WBA55UEI7, STM32WBA55UEI7TR, STM32WBA55UGI6, STM32WBA55UGI6TR, STM32WBA55UGI7, STM32WBA55UGI7TR, STM32WL5MOCH6, STM32WL5MOCH6TR]
2026-07-02 18:14:31,325 [INFO] DbMcus:218 - Found 4816 MCUs, 4816 are supported
2026-07-02 18:14:31,326 [INFO] ApiDb:423 - Load user favorites file C:\Users\USER/.stm32cubeide/favorites.mcus.txt: 0 item(s)
2026-07-02 18:14:31,326 [INFO] ApiDb:427 - User favorites MCUs=[]
2026-07-02 18:14:31,327 [INFO] DbMcus:224 - Set 0 / 0 favorites MCUs
2026-07-02 18:14:31,854 [INFO] BoardInfo:889 - No configuration file found for board B-WBA5M-WPAN
2026-07-02 18:14:31,855 [INFO] DbBoards:161 - Board is not supported: B-WBA5M-WPAN
2026-07-02 18:14:31,859 [INFO] BoardInfo:889 - No configuration file found for board NUCLEO-C051C8
2026-07-02 18:14:31,859 [INFO] DbBoards:161 - Board is not supported: NUCLEO-C051C8
2026-07-02 18:14:31,860 [INFO] BoardInfo:889 - No configuration file found for board NUCLEO-C071RB
2026-07-02 18:14:31,861 [INFO] DbBoards:161 - Board is not supported: NUCLEO-C071RB
2026-07-02 18:14:31,862 [INFO] BoardInfo:889 - No configuration file found for board NUCLEO-C092RC
2026-07-02 18:14:31,863 [INFO] DbBoards:161 - Board is not supported: NUCLEO-C092RC
2026-07-02 18:14:31,939 [INFO] BoardInfo:889 - No configuration file found for board NUCLEO-N657X0-Q
2026-07-02 18:14:31,940 [INFO] DbBoards:161 - Board is not supported: NUCLEO-N657X0-Q
2026-07-02 18:14:31,943 [INFO] BoardInfo:889 - No configuration file found for board NUCLEO-U385RG-Q
2026-07-02 18:14:31,944 [INFO] DbBoards:161 - Board is not supported: NUCLEO-U385RG-Q
2026-07-02 18:14:31,948 [INFO] BoardInfo:889 - No configuration file found for board NUCLEO-WB05KZ
2026-07-02 18:14:31,948 [INFO] DbBoards:161 - Board is not supported: NUCLEO-WB05KZ
2026-07-02 18:14:31,949 [INFO] BoardInfo:889 - No configuration file found for board NUCLEO-WB07CC
2026-07-02 18:14:31,949 [INFO] DbBoards:161 - Board is not supported: NUCLEO-WB07CC
2026-07-02 18:14:31,950 [INFO] BoardInfo:889 - No configuration file found for board NUCLEO-WB09KE
2026-07-02 18:14:31,950 [INFO] DbBoards:161 - Board is not supported: NUCLEO-WB09KE
2026-07-02 18:14:31,955 [INFO] BoardInfo:889 - No configuration file found for board NUCLEO-WBA65RI
2026-07-02 18:14:31,955 [INFO] DbBoards:161 - Board is not supported: NUCLEO-WBA65RI
2026-07-02 18:14:31,956 [INFO] BoardInfo:889 - No configuration file found for board NUCLEO-WL33CC1
2026-07-02 18:14:31,957 [INFO] DbBoards:161 - Board is not supported: NUCLEO-WL33CC1
2026-07-02 18:14:31,958 [INFO] BoardInfo:889 - No configuration file found for board NUCLEO-WL33CC2
2026-07-02 18:14:31,958 [INFO] DbBoards:161 - Board is not supported: NUCLEO-WL33CC2
2026-07-02 18:14:31,964 [INFO] BoardInfo:889 - No configuration file found for board P-NUCLEO-WB55
2026-07-02 18:14:31,964 [INFO] DbBoards:161 - Kit is not supported: P-NUCLEO-WB55
2026-07-02 18:14:31,967 [INFO] BoardInfo:889 - No configuration file found for board STEVAL-BFA001V1B
2026-07-02 18:14:31,968 [INFO] DbBoards:161 - Kit is not supported: STEVAL-BFA001V1B
2026-07-02 18:14:31,969 [INFO] BoardInfo:889 - No configuration file found for board STEVAL-BFA001V2B
2026-07-02 18:14:31,969 [INFO] DbBoards:161 - Kit is not supported: STEVAL-BFA001V2B
2026-07-02 18:14:32,070 [INFO] BoardInfo:889 - No configuration file found for board STM32MP257F-DK
2026-07-02 18:14:32,070 [INFO] DbBoards:161 - Board is not supported: STM32MP257F-DK
2026-07-02 18:14:32,071 [INFO] BoardInfo:889 - No configuration file found for board STM32MP257F-EV1
2026-07-02 18:14:32,071 [INFO] DbBoards:161 - Board is not supported: STM32MP257F-EV1
2026-07-02 18:14:32,073 [INFO] BoardInfo:889 - No configuration file found for board STM32N6570-DK
2026-07-02 18:14:32,073 [INFO] DbBoards:161 - Board is not supported: STM32N6570-DK
2026-07-02 18:14:32,083 [INFO] BoardInfo:889 - No configuration file found for board STM32WBA65I-DK1
2026-07-02 18:14:32,083 [INFO] DbBoards:161 - Board is not supported: STM32WBA65I-DK1
2026-07-02 18:14:32,083 [INFO] DbBoards:168 - Found 211 boards, 192 are supported
2026-07-02 18:14:32,083 [INFO] DbBoards:169 - Found 211 boards, 8 of them is supported for  Bsp
2026-07-02 18:14:32,086 [INFO] ApiDb:423 - Load user favorites file C:\Users\USER/.stm32cubeide/favorites.boards.txt: 0 item(s)
2026-07-02 18:14:32,087 [INFO] ApiDb:427 - User favorites Boards=[]
2026-07-02 18:14:32,087 [INFO] DbBoards:198 - Set 0 / 0 favorites Boards
2026-07-02 18:14:32,180 [INFO] UtilMem:75 - End LoadConfig() Used Memory: 894354600 Bytes (1073741824)
2026-07-02 18:14:32,399 [WARN] ThirdParty:833 - waiting for thirdparty lock release [change project]
2026-07-02 18:14:32,400 [INFO] ThirdParty:835 - entering critical section [change project]
2026-07-02 18:14:32,400 [INFO] ThirdParty:1030 - CMSIS Pack Vendor :STMicroelectronics X-CUBE-AZRTOS-H7 3.5.0
2026-07-02 18:14:32,400 [INFO] ThirdParty:1030 - CMSIS Pack Vendor :STMicroelectronics X-CUBE-PM33A1 1.0.0
2026-07-02 18:14:32,400 [INFO] ThirdParty:1030 - CMSIS Pack Vendor :STMicroelectronics USBPD 4.1
2026-07-02 18:14:32,400 [INFO] ThirdParty:1030 - CMSIS Pack Vendor :STMicroelectronics X-CUBE-GNSS1 6.0.0
2026-07-02 18:14:32,400 [INFO] ThirdParty:1030 - CMSIS Pack Vendor :STMicroelectronics USB_HOST 2.0.0
2026-07-02 18:14:32,400 [INFO] ThirdParty:1030 - CMSIS Pack Vendor :STMicroelectronics FP-SNS-MOTENVWB1 1.4.0
2026-07-02 18:14:32,400 [INFO] ThirdParty:1030 - CMSIS Pack Vendor :STMicroelectronics X-CUBE-AZRTOS-F4 1.1.0
2026-07-02 18:14:32,400 [INFO] ThirdParty:1030 - CMSIS Pack Vendor :STMicroelectronics LIBJPEG 8.0.0
2026-07-02 18:14:32,400 [INFO] ThirdParty:1030 - CMSIS Pack Vendor :STMicroelectronics FP-ATR-ASTRA1 2.0.2
2026-07-02 18:14:32,400 [INFO] ThirdParty:1030 - CMSIS Pack Vendor :STMicroelectronics FP-ATR-ASTRA1 2.0.1
2026-07-02 18:14:32,400 [INFO] ThirdParty:1030 - CMSIS Pack Vendor :STMicroelectronics X-CUBE-SMBUS 2.1.0
2026-07-02 18:14:32,400 [INFO] ThirdParty:1030 - CMSIS Pack Vendor :STMicroelectronics X-CUBE-WB05N 1.1.0
2026-07-02 18:14:32,400 [INFO] ThirdParty:1030 - CMSIS Pack Vendor :STMicroelectronics X-CUBE-ISPU 2.1.0
2026-07-02 18:14:32,400 [INFO] ThirdParty:1030 - CMSIS Pack Vendor :STMicroelectronics X-CUBE-FREERTOS 1.2.0
2026-07-02 18:14:32,400 [INFO] ThirdParty:1030 - CMSIS Pack Vendor :STMicroelectronics X-CUBE-NFC12 1.0.0
2026-07-02 18:14:32,400 [INFO] ThirdParty:1030 - CMSIS Pack Vendor :STMicroelectronics X-CUBE-TOUCHGFX 4.23.2
2026-07-02 18:14:32,400 [INFO] ThirdParty:1030 - CMSIS Pack Vendor :STMicroelectronics X-CUBE-AZRTOS-F7 1.1.0
2026-07-02 18:14:32,400 [INFO] ThirdParty:1030 - CMSIS Pack Vendor :STMicroelectronics X-CUBE-AZRTOS-L5 2.0.0
2026-07-02 18:14:32,400 [INFO] ThirdParty:1030 - CMSIS Pack Vendor :STMicroelectronics USB_DEVICE 2.0.0
2026-07-02 18:14:32,400 [INFO] ThirdParty:1030 - CMSIS Pack Vendor :STMicroelectronics X-CUBE-NFC6 3.1.0
2026-07-02 18:14:32,400 [INFO] ThirdParty:1030 - CMSIS Pack Vendor :STMicroelectronics X-CUBE-MEMS1 11.0.0
2026-07-02 18:14:32,400 [INFO] ThirdParty:1030 - CMSIS Pack Vendor :STMicroelectronics X-CUBE-ALGOBUILD 1.5.0
2026-07-02 18:14:32,400 [INFO] ThirdParty:1030 - CMSIS Pack Vendor :STMicroelectronics FreeRTOS 0.0.1
2026-07-02 18:14:32,400 [INFO] ThirdParty:1030 - CMSIS Pack Vendor :STMicroelectronics X-CUBE-AZRTOS-H7RS 1.3.0
2026-07-02 18:14:32,400 [INFO] ThirdParty:1030 - CMSIS Pack Vendor :STMicroelectronics X-CUBE-DPower 1.2.0
2026-07-02 18:14:32,400 [INFO] ThirdParty:1030 - CMSIS Pack Vendor :STMicroelectronics FP-SNS-FLIGHT1 5.0.2
2026-07-02 18:14:32,400 [INFO] ThirdParty:1030 - CMSIS Pack Vendor :STMicroelectronics X-CUBE-AI 9.0.0
2026-07-02 18:14:32,400 [INFO] ThirdParty:1030 - CMSIS Pack Vendor :STMicroelectronics PDM2PCM 3.3.0
2026-07-02 18:14:32,400 [INFO] ThirdParty:1030 - CMSIS Pack Vendor :STMicroelectronics X-CUBE-AZRTOS-H7 3.4.0
2026-07-02 18:14:32,400 [INFO] ThirdParty:1030 - CMSIS Pack Vendor :STMicroelectronics X-CUBE-DISPLAY 3.0.0
2026-07-02 18:14:32,400 [INFO] ThirdParty:1030 - CMSIS Pack Vendor :STMicroelectronics X-CUBE-GNSS1 7.1.1
2026-07-02 18:14:32,400 [INFO] ThirdParty:1030 - CMSIS Pack Vendor :STMicroelectronics X-CUBE-BLE1 7.0.0
2026-07-02 18:14:32,400 [INFO] ThirdParty:1030 - CMSIS Pack Vendor :STMicroelectronics X-CUBE-NFC10 1.0.0
2026-07-02 18:14:32,400 [INFO] ThirdParty:1030 - CMSIS Pack Vendor :STMicroelectronics X-CUBE-BLEMGR 4.0.0
2026-07-02 18:14:32,400 [INFO] ThirdParty:1030 - CMSIS Pack Vendor :STMicroelectronics X-CUBE-FREERTOS 1.3.1
2026-07-02 18:14:32,400 [INFO] ThirdParty:1030 - CMSIS Pack Vendor :STMicroelectronics HAL Drivers 0.0.0
2026-07-02 18:14:32,400 [INFO] ThirdParty:1030 - CMSIS Pack Vendor :emotas I-CUBE-CANOPEN 1.3.0
2026-07-02 18:14:32,400 [INFO] ThirdParty:1030 - CMSIS Pack Vendor :STMicroelectronics X-CUBE-FREERTOS 1.3.0
2026-07-02 18:14:32,400 [INFO] ThirdParty:1030 - CMSIS Pack Vendor :STMicroelectronics X-CUBE-NFC7 1.0.1
2026-07-02 18:14:32,400 [INFO] ThirdParty:1030 - CMSIS Pack Vendor :STMicroelectronics MBEDTLS 2.14.1
2026-07-02 18:14:32,400 [INFO] ThirdParty:1030 - CMSIS Pack Vendor :STMicroelectronics X-CUBE-GNSS1 7.1.0
2026-07-02 18:14:32,401 [INFO] ThirdParty:1030 - CMSIS Pack Vendor :STMicroelectronics X-CUBE-TOUCHGFX 4.26.0
2026-07-02 18:14:32,401 [INFO] ThirdParty:1030 - CMSIS Pack Vendor :STMicroelectronics X-CUBE-TOUCHGFX 4.26.1
2026-07-02 18:14:32,401 [INFO] ThirdParty:1030 - CMSIS Pack Vendor :STMicroelectronics X-CUBE-BLEMGR 3.1.0
2026-07-02 18:14:32,401 [INFO] ThirdParty:1030 - CMSIS Pack Vendor :STMicroelectronics X-CUBE-AI 10.0.0
2026-07-02 18:14:32,401 [INFO] ThirdParty:1030 - CMSIS Pack Vendor :STMicroelectronics FP-SNS-SMARTAG2 1.2.0
2026-07-02 18:14:32,401 [INFO] ThirdParty:1030 - CMSIS Pack Vendor :STMicroelectronics X-CUBE-MEMS1 11.1.0
2026-07-02 18:14:32,401 [INFO] ThirdParty:1030 - CMSIS Pack Vendor :STMicroelectronics X-CUBE-AZRTOS-WL 2.0.0
2026-07-02 18:14:32,401 [INFO] ThirdParty:1030 - CMSIS Pack Vendor :STMicroelectronics X-CUBE-DPower 1.3.0
2026-07-02 18:14:32,401 [INFO] ThirdParty:1030 - CMSIS Pack Vendor :STMicroelectronics FP-SNS-MOTENV1 5.0.0
2026-07-02 18:14:32,401 [INFO] ThirdParty:1030 - CMSIS Pack Vendor :STMicroelectronics USB_DEVICE 1.0.0
2026-07-02 18:14:32,401 [INFO] ThirdParty:1030 - CMSIS Pack Vendor :STMicroelectronics X-CUBE-AZRTOS-H7RS 1.2.0
2026-07-02 18:14:32,401 [INFO] ThirdParty:1030 - CMSIS Pack Vendor :wolfSSL I-CUBE-wolfMQTT 1.19.0
2026-07-02 18:14:32,401 [INFO] ThirdParty:1030 - CMSIS Pack Vendor :STMicroelectronics X-CUBE-AZRTOS-L4 2.0.0
2026-07-02 18:14:32,401 [INFO] ThirdParty:1030 - CMSIS Pack Vendor :STMicroelectronics ThreadX 0.0.2
2026-07-02 18:14:32,401 [INFO] ThirdParty:1030 - CMSIS Pack Vendor :WES I-CUBE-Cesium 1.3.0
2026-07-02 18:14:32,401 [INFO] ThirdParty:1030 - CMSIS Pack Vendor :STMicroelectronics lwIP 2.1.2
2026-07-02 18:14:32,401 [INFO] ThirdParty:1030 - CMSIS Pack Vendor :STMicroelectronics X-CUBE-SFXS2LP1 4.0.0
2026-07-02 18:14:32,401 [INFO] ThirdParty:1030 - CMSIS Pack Vendor :STMicroelectronics X-CUBE-BLE2 3.3.0
2026-07-02 18:14:32,401 [INFO] ThirdParty:1030 - CMSIS Pack Vendor :STMicroelectronics PDM2PCM 3.2.0
2026-07-02 18:14:32,401 [INFO] ThirdParty:1030 - CMSIS Pack Vendor :STMicroelectronics X-CUBE-WB05N 2.1.0
2026-07-02 18:14:32,401 [INFO] ThirdParty:1030 - CMSIS Pack Vendor :STMicroelectronics X-CUBE-AZRTOS-H7 3.3.0
2026-07-02 18:14:32,401 [INFO] ThirdParty:1030 - CMSIS Pack Vendor :STMicroelectronics X-CUBE-NFC9 1.0.0
2026-07-02 18:14:32,401 [INFO] ThirdParty:1030 - CMSIS Pack Vendor :STMicroelectronics X-CUBE-BLE1 7.1.0
2026-07-02 18:14:32,401 [INFO] ThirdParty:1030 - CMSIS Pack Vendor :STMicroelectronics USB_DEVICE 3.0.0
2026-07-02 18:14:32,401 [INFO] ThirdParty:1030 - CMSIS Pack Vendor :STMicroelectronics X-CUBE-TCPP 4.1.0
2026-07-02 18:14:32,401 [INFO] ThirdParty:1030 - CMSIS Pack Vendor :STMicroelectronics X-CUBE-EEPRMA1 5.2.0
2026-07-02 18:14:32,401 [INFO] ThirdParty:1030 - CMSIS Pack Vendor :STMicroelectronics X-CUBE-IPS 3.0.0
2026-07-02 18:14:32,401 [INFO] ThirdParty:1030 - CMSIS Pack Vendor :STMicroelectronics X-CUBE-AZRTOS-WB 2.0.0
2026-07-02 18:14:32,401 [INFO] ThirdParty:1030 - CMSIS Pack Vendor :STMicroelectronics X-CUBE-GNSS1 7.0.0
2026-07-02 18:14:32,401 [INFO] ThirdParty:1030 - CMSIS Pack Vendor :STMicroelectronics X-CUBE-GNSS1 7.0.1
2026-07-02 18:14:32,401 [INFO] ThirdParty:1030 - CMSIS Pack Vendor :STMicroelectronics X-CUBE-TOUCHGFX 4.25.0
2026-07-02 18:14:32,401 [INFO] ThirdParty:1030 - CMSIS Pack Vendor :STMicroelectronics FP-SNS-STBOX1 2.0.0
2026-07-02 18:14:32,402 [INFO] ThirdParty:1030 - CMSIS Pack Vendor :STMicroelectronics X-CUBE-MEMS1 12.0.0
2026-07-02 18:14:32,402 [INFO] ThirdParty:1030 - CMSIS Pack Vendor :STMicroelectronics X-CUBE-ALGOBUILD 1.3.0
2026-07-02 18:14:32,402 [INFO] ThirdParty:1030 - CMSIS Pack Vendor :STMicroelectronics X-CUBE-STSE01 2.0.0
2026-07-02 18:14:32,402 [INFO] ThirdParty:1030 - CMSIS Pack Vendor :STMicroelectronics X-CUBE-MEMS1 11.2.0
2026-07-02 18:14:32,402 [INFO] ThirdParty:1030 - CMSIS Pack Vendor :STMicroelectronics X-CUBE-AZRTOS-G0 1.1.0
2026-07-02 18:14:32,402 [INFO] ThirdParty:1030 - CMSIS Pack Vendor :STMicroelectronics X-CUBE-SAFEA1 1.2.2
2026-07-02 18:14:32,402 [INFO] ThirdParty:1030 - CMSIS Pack Vendor :STMicroelectronics X-CUBE-NFC4 3.0.0
2026-07-02 18:14:32,402 [INFO] ThirdParty:1030 - CMSIS Pack Vendor :STMicroelectronics X-CUBE-SUBG2 5.0.0
2026-07-02 18:14:32,402 [INFO] ThirdParty:1030 - CMSIS Pack Vendor :STMicroelectronics X-CUBE-AZRTOS-H7RS 1.1.0
2026-07-02 18:14:32,402 [INFO] ThirdParty:1030 - CMSIS Pack Vendor :STMicroelectronics STM32_WPAN 1.0.0
2026-07-02 18:14:32,402 [INFO] ThirdParty:1030 - CMSIS Pack Vendor :EmbeddedOffice I-CUBE-FS-RTOS 1.0.1
2026-07-02 18:14:32,402 [INFO] ThirdParty:1030 - CMSIS Pack Vendor :STMicroelectronics lwIP 2.0.3
2026-07-02 18:14:32,402 [INFO] ThirdParty:1030 - CMSIS Pack Vendor :Cesanta I-CUBE-Mongoose 7.13.0
2026-07-02 18:14:32,402 [INFO] ThirdParty:1030 - CMSIS Pack Vendor :STMicroelectronics USB_HOST 1.0.0
2026-07-02 18:14:32,402 [INFO] ThirdParty:1030 - CMSIS Pack Vendor :STMicroelectronics X-CUBE-AZRTOS-G4 2.0.0
2026-07-02 18:14:32,402 [INFO] ThirdParty:1030 - CMSIS Pack Vendor :STMicroelectronics X-CUBE-WB05N 2.0.0
2026-07-02 18:14:32,402 [INFO] ThirdParty:1030 - CMSIS Pack Vendor :STMicroelectronics PDM2PCM 3.1.0
2026-07-02 18:14:32,402 [INFO] ThirdParty:1030 - CMSIS Pack Vendor :STMicroelectronics X-CUBE-NFC7 2.0.0
2026-07-02 18:14:32,402 [INFO] ThirdParty:1030 - CMSIS Pack Vendor :RealThread X-CUBE-RT-Thread_Nano 4.1.1
2026-07-02 18:14:32,402 [INFO] ThirdParty:1030 - CMSIS Pack Vendor :wolfSSL I-CUBE-wolfSSL 5.7.0
2026-07-02 18:14:32,402 [INFO] ThirdParty:1030 - CMSIS Pack Vendor :STMicroelectronics FP-ATR-SIGFOX1 3.2.0
2026-07-02 18:14:32,402 [INFO] ThirdParty:1030 - CMSIS Pack Vendor :quantropi X-CUBE-qispace-sdk-base 1.9.3
2026-07-02 18:14:32,402 [INFO] ThirdParty:1030 - CMSIS Pack Vendor :STMicroelectronics X-CUBE-ISPU 2.0.0
2026-07-02 18:14:32,402 [INFO] ThirdParty:1030 - CMSIS Pack Vendor :STMicroelectronics X-CUBE-EEPRMA1 5.1.0
2026-07-02 18:14:32,402 [INFO] ThirdParty:1030 - CMSIS Pack Vendor :STMicroelectronics MBEDTLS 2.16.2
2026-07-02 18:14:32,402 [INFO] ThirdParty:1030 - CMSIS Pack Vendor :STMicroelectronics X-CUBE-ALS 1.0.2
2026-07-02 18:14:32,402 [INFO] ThirdParty:1030 - CMSIS Pack Vendor :STMicroelectronics X-CUBE-MEMS1 10.0.0
2026-07-02 18:14:32,402 [INFO] ThirdParty:1030 - CMSIS Pack Vendor :STMicroelectronics X-CUBE-FREERTOS 1.1.0
2026-07-02 18:14:32,402 [INFO] ThirdParty:1030 - CMSIS Pack Vendor :ITTIA_DB I-CUBE-ITTIADB 8.9.0
2026-07-02 18:14:32,402 [INFO] ThirdParty:1030 - CMSIS Pack Vendor :STMicroelectronics X-CUBE-TOUCHGFX 4.24.2
2026-07-02 18:14:32,402 [INFO] ThirdParty:1030 - CMSIS Pack Vendor :STMicroelectronics X-CUBE-TOUCHGFX 4.24.1
2026-07-02 18:14:32,402 [INFO] ThirdParty:1030 - CMSIS Pack Vendor :STMicroelectronics X-CUBE-STSE01 1.0.0
2026-07-02 18:14:32,402 [INFO] ThirdParty:1030 - CMSIS Pack Vendor :wolfSSL I-CUBE-wolfTPM 3.4.0
2026-07-02 18:14:32,403 [INFO] ThirdParty:1030 - CMSIS Pack Vendor :portGmbH I-Cube-SoM-uGOAL 1.1.0
2026-07-02 18:14:32,403 [INFO] ThirdParty:1030 - CMSIS Pack Vendor :STMicroelectronics X-CUBE-ALS 1.0.1
2026-07-02 18:14:32,403 [INFO] ThirdParty:1030 - CMSIS Pack Vendor :STMicroelectronics X-CUBE-NFC6 3.2.0
2026-07-02 18:14:32,403 [INFO] ThirdParty:1030 - CMSIS Pack Vendor :STMicroelectronics X-CUBE-AI 10.2.1
2026-07-02 18:14:32,403 [INFO] ThirdParty:1030 - CMSIS Pack Vendor :STMicroelectronics X-CUBE-AI 10.2.0
2026-07-02 18:14:32,403 [INFO] ThirdParty:1030 - CMSIS Pack Vendor :STMicroelectronics ThreadX 1.0.0
2026-07-02 18:14:32,403 [INFO] ThirdParty:1030 - CMSIS Pack Vendor :STMicroelectronics X-CUBE-MEMS1 12.1.0
2026-07-02 18:14:32,403 [INFO] ThirdParty:1030 - CMSIS Pack Vendor :SEGGER I-CUBE-embOS 1.3.1
2026-07-02 18:14:32,403 [INFO] ThirdParty:1030 - CMSIS Pack Vendor :STMicroelectronics X-CUBE-ALGOBUILD 1.4.0
2026-07-02 18:14:32,403 [INFO] ThirdParty:1030 - CMSIS Pack Vendor :STMicroelectronics X-CUBE-AZRTOS-H7RS 1.0.0
2026-07-02 18:14:32,403 [INFO] ThirdParty:1030 - CMSIS Pack Vendor :STMicroelectronics FP-ATR-ASTRA1 2.0.0
2026-07-02 18:14:32,403 [INFO] ThirdParty:1030 - CMSIS Pack Vendor :STMicroelectronics X-CUBE-TOF1 3.4.2
2026-07-02 18:14:32,403 [INFO] ThirdParty:1030 - CMSIS Pack Vendor :STMicroelectronics X-CUBE-AI 9.1.0
2026-07-02 18:14:32,403 [INFO] ThirdParty:1030 - CMSIS Pack Vendor :STMicroelectronics X-CUBE-TOF1 3.4.1
2026-07-02 18:14:32,403 [INFO] ThirdParty:1030 - CMSIS Pack Vendor :STMicroelectronics X-CUBE-AZRTOS-H7 3.2.0
2026-07-02 18:14:32,403 [INFO] ThirdParty:1030 - CMSIS Pack Vendor :STMicroelectronics X-CUBE-NFC13 1.0.0
2026-07-02 18:14:32,403 [INFO] ThirdParty:1030 - CMSIS Pack Vendor :Infineon AIROC-Wi-Fi-Bluetooth-STM32 1.6.0
2026-07-02 18:14:32,403 [INFO] ThirdParty:1030 - CMSIS Pack Vendor :wolfSSL I-CUBE-wolfSSH 1.4.17
2026-07-02 18:14:32,403 [INFO] ThirdParty:841 - exiting critical section [change project]
2026-07-02 18:14:32,932 [INFO] PinOutPanel:1561 - setPackage(No Configuration,No Configuration)
2026-07-02 18:14:32,933 [INFO] PinOutPanel:1561 - setPackage(STM32F411CEUx,UFQFPN48)
2026-07-02 18:14:33,710 [INFO] UtilMem:75 - Before build in PCC Used Memory: 856125960 Bytes (1073741824)
2026-07-02 18:14:35,542 [INFO] UtilMem:75 - After build in PCC Used Memory: 783395080 Bytes (1073741824)
2026-07-02 18:14:35,913 [INFO] ApiDbMcu:508 - Load IP Config File for FREERTOS
2026-07-02 18:14:35,945 [INFO] IPUIPlugin:80 - create IPUIPlugin
2026-07-02 18:14:35,945 [INFO] IPUIPlugin:80 - create IPUIPlugin
2026-07-02 18:14:35,945 [INFO] IPUIPlugin:80 - create IPUIPlugin
2026-07-02 18:14:35,945 [INFO] IPUIPlugin:80 - create IPUIPlugin
2026-07-02 18:14:35,945 [INFO] IPUIPlugin:80 - create IPUIPlugin
2026-07-02 18:14:35,946 [INFO] IPUIPlugin:80 - create IPUIPlugin
2026-07-02 18:14:35,946 [INFO] IPUIPlugin:80 - create IPUIPlugin
2026-07-02 18:14:35,946 [INFO] IPUIPlugin:80 - create IPUIPlugin
2026-07-02 18:14:35,946 [INFO] IPUIPlugin:80 - create IPUIPlugin
2026-07-02 18:14:35,946 [INFO] IPUIPlugin:80 - create IPUIPlugin
2026-07-02 18:14:35,946 [INFO] IPUIPlugin:80 - create IPUIPlugin
2026-07-02 18:14:35,946 [INFO] IPUIPlugin:80 - create IPUIPlugin
2026-07-02 18:14:35,946 [INFO] IPUIPlugin:80 - create IPUIPlugin
2026-07-02 18:14:35,946 [INFO] IPUIPlugin:80 - create IPUIPlugin
2026-07-02 18:14:35,946 [INFO] IPUIPlugin:80 - create IPUIPlugin
2026-07-02 18:14:35,946 [INFO] IPUIPlugin:80 - create IPUIPlugin
2026-07-02 18:14:35,946 [INFO] IPUIPlugin:80 - create IPUIPlugin
2026-07-02 18:14:35,947 [INFO] IPUIPlugin:80 - create IPUIPlugin
2026-07-02 18:14:35,947 [INFO] IPUIPlugin:80 - create IPUIPlugin
2026-07-02 18:14:35,947 [INFO] IPUIPlugin:80 - create IPUIPlugin
2026-07-02 18:14:35,947 [INFO] IPUIPlugin:80 - create IPUIPlugin
2026-07-02 18:14:35,947 [INFO] IPUIPlugin:80 - create IPUIPlugin
2026-07-02 18:14:35,947 [INFO] IPUIPlugin:80 - create IPUIPlugin
2026-07-02 18:14:35,947 [INFO] IPUIPlugin:80 - create IPUIPlugin
2026-07-02 18:14:35,948 [INFO] IPUIPlugin:80 - create IPUIPlugin
2026-07-02 18:14:35,948 [INFO] IPUIPlugin:80 - create IPUIPlugin
2026-07-02 18:14:35,948 [INFO] IPUIPlugin:80 - create IPUIPlugin
2026-07-02 18:14:35,948 [INFO] IPUIPlugin:80 - create IPUIPlugin
2026-07-02 18:14:35,948 [INFO] IPUIPlugin:80 - create IPUIPlugin
2026-07-02 18:14:35,948 [INFO] IPUIPlugin:80 - create IPUIPlugin
2026-07-02 18:14:35,948 [INFO] IPUIPlugin:80 - create IPUIPlugin
2026-07-02 18:14:35,949 [INFO] IPUIPlugin:80 - create IPUIPlugin
2026-07-02 18:14:35,949 [INFO] IPUIPlugin:80 - create IPUIPlugin
2026-07-02 18:14:35,949 [INFO] IPUIPlugin:80 - create IPUIPlugin
2026-07-02 18:14:35,949 [INFO] IPUIPlugin:80 - create IPUIPlugin
2026-07-02 18:14:35,949 [INFO] IPUIPlugin:80 - create IPUIPlugin
2026-07-02 18:14:35,949 [INFO] IPUIPlugin:80 - create IPUIPlugin
2026-07-02 18:14:35,950 [INFO] IPUIPlugin:80 - create IPUIPlugin
2026-07-02 18:14:35,950 [INFO] IPUIPlugin:80 - create IPUIPlugin
2026-07-02 18:14:35,950 [INFO] IPUIPlugin:80 - create IPUIPlugin
2026-07-02 18:14:35,950 [INFO] IPUIPlugin:80 - create IPUIPlugin
2026-07-02 18:14:35,950 [INFO] IPUIPlugin:80 - create IPUIPlugin
2026-07-02 18:14:35,951 [INFO] IPUIPlugin:80 - create IPUIPlugin
2026-07-02 18:14:36,031 [INFO] ApiDbMcu:508 - Load IP Config File for PDM2PCM
2026-07-02 18:14:36,050 [WARN] IP:2120 - I2C_Coeff_DF not found: check if there is a RefParameter without a condition.
2026-07-02 18:14:36,050 [WARN] IP:2120 - Analog_Filter not found: check if there is a RefParameter without a condition.
2026-07-02 18:14:36,107 [WARN] FreeRTOS:1023 - Null or empty value: should not occur! (nothing added to the table)
2026-07-02 18:14:36,569 [INFO] CADModel:165 - CPN selected for project levelSTM32F411CEU6
2026-07-02 18:14:36,569 [INFO] CADModel:114 - Register for checkConnection events
2026-07-02 18:14:36,571 [INFO] RtosManager:697 - Active RTOS found at IOC load: FREERTOS [Cortex-M4NS]
2026-07-02 18:14:36,631 [INFO] OpenFileManager:343 - Restore cursor
2026-07-02 18:14:37,042 [WARN] IP:2120 - I2C_Coeff_DF not found: check if there is a RefParameter without a condition.
2026-07-02 18:14:37,042 [WARN] IP:2120 - Analog_Filter not found: check if there is a RefParameter without a condition.
2026-07-02 18:14:37,042 [WARN] IP:2120 - I2C_Coeff_DF not found: check if there is a RefParameter without a condition.
2026-07-02 18:14:37,042 [WARN] IP:2120 - Analog_Filter not found: check if there is a RefParameter without a condition.
2026-07-02 19:13:50,703 [INFO] WebApp:354 - JxBrowser engine has been closed 
