2026-03-23 00:12:08,277 [INFO] LogOutputStream:77 - [STDOUT_REDIRECT] 1 : Invalid condition id : UX_CORESTACK_Condition cause : null
2026-03-23 00:12:08,314 [INFO] LogOutputStream:77 - [STDOUT_REDIRECT] 1 : Invalid condition id : UX_CORESTACK_Condition cause : null
2026-03-23 00:12:08,315 [INFO] LogOutputStream:77 - [STDOUT_REDIRECT] 1 : Invalid condition id : UX_CORESTACK_Condition cause : null
2026-03-23 00:12:08,316 [INFO] LogOutputStream:77 - [STDOUT_REDIRECT] 1 : Invalid condition id : UX_CORESTACK_Condition cause : null
2026-03-23 00:12:08,317 [INFO] LogOutputStream:77 - [STDOUT_REDIRECT] 1 : Invalid condition id : UX_CORESTACK_Condition cause : null
2026-03-23 00:12:08,319 [WARN] PackLoader:240 - Cannot read IP mode file for STMicroelectronics.X-CUBE-AZRTOS-WL.2.0.0
2026-03-23 00:12:08,341 [WARN] PackLoader:240 - Cannot read IP mode file for STMicroelectronics.FP-SNS-MOTENV1.5.0.0
2026-03-23 00:12:08,374 [WARN] PackLoader:240 - Cannot read IP mode file for STMicroelectronics.X-CUBE-AZRTOS-H7RS.1.2.0
2026-03-23 00:12:08,393 [WARN] PackLoader:240 - Cannot read IP mode file for wolfSSL.I-CUBE-wolfMQTT.1.19.0
2026-03-23 00:12:08,416 [WARN] PackLoader:240 - Cannot read IP mode file for WES.I-CUBE-Cesium.1.3.0
2026-03-23 00:12:08,435 [WARN] PackLoader:240 - Cannot read IP mode file for STMicroelectronics.X-CUBE-BLE2.3.3.0
2026-03-23 00:12:08,449 [ERROR] Engine:466 - C:\Users\USER\.stm32cubemx\thirdparties\pdsc\Avnet-IOTCONNECT.X-CUBE-iotc-st67-sdk.1.0.0.pdsc: PDSC version is not supported
2026-03-23 00:12:08,467 [WARN] PackLoader:240 - Cannot read IP mode file for STMicroelectronics.X-CUBE-NFC9.1.0.0
2026-03-23 00:12:08,486 [WARN] PackLoader:240 - Cannot read IP mode file for STMicroelectronics.X-CUBE-BLE1.7.1.0
2026-03-23 00:12:08,504 [WARN] PackLoader:240 - Cannot read IP mode file for STMicroelectronics.X-CUBE-TCPP.4.1.0
2026-03-23 00:12:08,518 [ERROR] Engine:466 - C:\Users\USER\.stm32cubemx\thirdparties\pdsc\STMicroelectronics.X-CUBE-FREERTOS.1.4.0.pdsc: PDSC version is not supported
2026-03-23 00:12:08,535 [WARN] PackLoader:240 - Cannot read IP mode file for STMicroelectronics.X-CUBE-EEPRMA1.5.2.0
2026-03-23 00:12:08,552 [ERROR] Engine:466 - C:\Users\USER\.stm32cubemx\thirdparties\pdsc\STMicroelectronics.X-CUBE-ST67W61.1.1.0.pdsc: PDSC version is not supported
2026-03-23 00:12:08,598 [WARN] PackLoader:240 - Cannot read IP mode file for STMicroelectronics.X-CUBE-MEMS1.12.0.0
2026-03-23 00:12:08,668 [WARN] PackLoader:240 - Cannot read IP mode file for STMicroelectronics.X-CUBE-ALGOBUILD.1.3.0
2026-03-23 00:12:08,720 [WARN] PackLoader:240 - Cannot read IP mode file for STMicroelectronics.X-CUBE-MEMS1.11.2.0
2026-03-23 00:12:08,812 [WARN] PackLoader:240 - Cannot read IP mode file for STMicroelectronics.X-CUBE-AZRTOS-G0.1.1.0
2026-03-23 00:12:08,831 [WARN] PackLoader:240 - Cannot read IP mode file for STMicroelectronics.X-CUBE-SAFEA1.1.2.2
2026-03-23 00:12:08,848 [WARN] PackLoader:240 - Cannot read IP mode file for STMicroelectronics.X-CUBE-NFC4.3.0.0
2026-03-23 00:12:08,869 [WARN] PackLoader:240 - Cannot read IP mode file for EmbeddedOffice.I-CUBE-FS-RTOS.1.0.1
2026-03-23 00:12:08,869 [ERROR] ConditionMgr:805 - Attr not supported : Dmpu
2026-03-23 00:12:08,869 [ERROR] ConditionMgr:805 - Attr not supported : Dmpu
2026-03-23 00:12:08,869 [ERROR] ConditionMgr:805 - Attr not supported : Dmpu
2026-03-23 00:12:08,869 [ERROR] ConditionMgr:805 - Attr not supported : Dmpu
2026-03-23 00:12:08,869 [ERROR] ConditionMgr:805 - Attr not supported : Dmpu
2026-03-23 00:12:08,869 [ERROR] ConditionMgr:805 - Attr not supported : Dmpu
2026-03-23 00:12:08,869 [ERROR] ConditionMgr:805 - Attr not supported : Dmpu
2026-03-23 00:12:08,869 [ERROR] ConditionMgr:805 - Attr not supported : Dmpu
2026-03-23 00:12:08,869 [ERROR] ConditionMgr:805 - Attr not supported : Dmpu
2026-03-23 00:12:08,870 [ERROR] ConditionMgr:805 - Attr not supported : Dmpu
2026-03-23 00:12:08,870 [ERROR] ConditionMgr:805 - Attr not supported : Dmpu
2026-03-23 00:12:08,870 [ERROR] ConditionMgr:805 - Attr not supported : Dmpu
2026-03-23 00:12:08,870 [ERROR] ConditionMgr:805 - Attr not supported : Dmpu
2026-03-23 00:12:08,870 [ERROR] ConditionMgr:805 - Attr not supported : Dmpu
2026-03-23 00:12:08,870 [ERROR] ConditionMgr:805 - Attr not supported : Dmpu
2026-03-23 00:12:08,870 [ERROR] ConditionMgr:805 - Attr not supported : Dmpu
2026-03-23 00:12:08,870 [ERROR] ConditionMgr:805 - Attr not supported : Dmpu
2026-03-23 00:12:08,870 [ERROR] ConditionMgr:805 - Attr not supported : Dmpu
2026-03-23 00:12:08,870 [ERROR] ConditionMgr:805 - Attr not supported : Dmpu
2026-03-23 00:12:08,870 [ERROR] ConditionMgr:805 - Attr not supported : Dmpu
2026-03-23 00:12:08,870 [ERROR] ConditionMgr:805 - Attr not supported : Dmpu
2026-03-23 00:12:08,870 [ERROR] ConditionMgr:805 - Attr not supported : Dmpu
2026-03-23 00:12:08,870 [ERROR] ConditionMgr:805 - Attr not supported : Dmpu
2026-03-23 00:12:08,870 [ERROR] ConditionMgr:805 - Attr not supported : Dmpu
2026-03-23 00:12:08,870 [ERROR] ConditionMgr:805 - Attr not supported : Dmpu
2026-03-23 00:12:08,870 [ERROR] ConditionMgr:805 - Attr not supported : Dmpu
2026-03-23 00:12:08,870 [ERROR] ConditionMgr:805 - Attr not supported : Dmpu
2026-03-23 00:12:08,870 [ERROR] ConditionMgr:805 - Attr not supported : Dmpu
2026-03-23 00:12:08,870 [ERROR] ConditionMgr:805 - Attr not supported : Dmpu
2026-03-23 00:12:08,870 [ERROR] ConditionMgr:805 - Attr not supported : Dmpu
2026-03-23 00:12:08,870 [ERROR] ConditionMgr:805 - Attr not supported : Dmpu
2026-03-23 00:12:08,870 [ERROR] ConditionMgr:805 - Attr not supported : Dmpu
2026-03-23 00:12:08,870 [ERROR] ConditionMgr:805 - Attr not supported : Dmpu
2026-03-23 00:12:08,870 [ERROR] ConditionMgr:805 - Attr not supported : Dmpu
2026-03-23 00:12:08,870 [ERROR] ConditionMgr:805 - Attr not supported : Dmpu
2026-03-23 00:12:08,870 [ERROR] ConditionMgr:805 - Attr not supported : Dmpu
2026-03-23 00:12:08,870 [ERROR] ConditionMgr:805 - Attr not supported : Dmpu
2026-03-23 00:12:08,870 [ERROR] ConditionMgr:805 - Attr not supported : Dmpu
2026-03-23 00:12:08,870 [ERROR] ConditionMgr:805 - Attr not supported : Dmpu
2026-03-23 00:12:08,870 [ERROR] ConditionMgr:805 - Attr not supported : Dmpu
2026-03-23 00:12:08,870 [ERROR] ConditionMgr:805 - Attr not supported : Dmpu
2026-03-23 00:12:08,870 [ERROR] ConditionMgr:805 - Attr not supported : Dmpu
2026-03-23 00:12:08,871 [ERROR] ConditionMgr:805 - Attr not supported : Dmpu
2026-03-23 00:12:08,871 [ERROR] ConditionMgr:805 - Attr not supported : Dmpu
2026-03-23 00:12:08,871 [ERROR] ConditionMgr:805 - Attr not supported : Dmpu
2026-03-23 00:12:08,871 [ERROR] ConditionMgr:805 - Attr not supported : Dmpu
2026-03-23 00:12:08,871 [ERROR] ConditionMgr:805 - Attr not supported : Dmpu
2026-03-23 00:12:08,871 [ERROR] ConditionMgr:805 - Attr not supported : Dmpu
2026-03-23 00:12:08,871 [ERROR] ConditionMgr:805 - Attr not supported : Dmpu
2026-03-23 00:12:08,871 [ERROR] ConditionMgr:805 - Attr not supported : Dmpu
2026-03-23 00:12:08,871 [ERROR] ConditionMgr:805 - Attr not supported : Dmpu
2026-03-23 00:12:08,871 [ERROR] ConditionMgr:805 - Attr not supported : Dmpu
2026-03-23 00:12:08,871 [ERROR] ConditionMgr:805 - Attr not supported : Dmpu
2026-03-23 00:12:08,871 [ERROR] ConditionMgr:805 - Attr not supported : Dmpu
2026-03-23 00:12:08,872 [ERROR] ConditionMgr:805 - Attr not supported : Dmpu
2026-03-23 00:12:08,872 [ERROR] ConditionMgr:805 - Attr not supported : Dmpu
2026-03-23 00:12:08,872 [ERROR] ConditionMgr:805 - Attr not supported : Dmpu
2026-03-23 00:12:08,872 [ERROR] ConditionMgr:805 - Attr not supported : Dmpu
2026-03-23 00:12:08,872 [ERROR] ConditionMgr:805 - Attr not supported : Dmpu
2026-03-23 00:12:08,872 [ERROR] ConditionMgr:805 - Attr not supported : Dmpu
2026-03-23 00:12:08,872 [ERROR] ConditionMgr:805 - Attr not supported : Dmpu
2026-03-23 00:12:08,872 [ERROR] ConditionMgr:805 - Attr not supported : Dmpu
2026-03-23 00:12:08,872 [ERROR] ConditionMgr:805 - Attr not supported : Dmpu
2026-03-23 00:12:08,872 [ERROR] ConditionMgr:805 - Attr not supported : Dmpu
2026-03-23 00:12:08,890 [WARN] PackLoader:240 - Cannot read IP mode file for STMicroelectronics.X-CUBE-WB05N.2.0.0
2026-03-23 00:12:08,903 [ERROR] Engine:466 - C:\Users\USER\.stm32cubemx\thirdparties\pdsc\STMicroelectronics.X-CUBE-TCPP.4.2.0.pdsc: PDSC version is not supported
2026-03-23 00:12:08,920 [WARN] PackLoader:240 - Cannot read IP mode file for RealThread.X-CUBE-RT-Thread_Nano.4.1.1
2026-03-23 00:12:08,934 [WARN] PackLoader:240 - Cannot read IP mode file for wolfSSL.I-CUBE-wolfSSL.5.7.0
2026-03-23 00:12:08,950 [WARN] PackLoader:240 - Cannot read IP mode file for STMicroelectronics.FP-ATR-SIGFOX1.3.2.0
2026-03-23 00:12:08,964 [WARN] ConditionMgr:438 - getConditionDescription Invalid condition id : Cortex-A Device cause : null
2026-03-23 00:12:08,985 [WARN] ConditionMgr:1039 - genDependencies : Invalid condition id : Cortex-A Device cause : null
2026-03-23 00:12:08,987 [WARN] ConditionMgr:1039 - genDependencies : Invalid condition id : Cortex-A Device cause : null
2026-03-23 00:12:08,987 [WARN] ConditionMgr:1039 - genDependencies : Invalid condition id : Cortex-A Device cause : null
2026-03-23 00:12:09,001 [WARN] PackLoader:240 - Cannot read IP mode file for STMicroelectronics.X-CUBE-EEPRMA1.5.1.0
2026-03-23 00:12:09,013 [ERROR] Engine:466 - C:\Users\USER\.stm32cubemx\thirdparties\pdsc\STMicroelectronics.X-CUBE-FREERTOS.1.5.0.pdsc: PDSC version is not supported
2026-03-23 00:12:09,030 [WARN] PackLoader:240 - Cannot read IP mode file for ITTIA_DB.I-CUBE-ITTIADB.8.9.0
2026-03-23 00:12:09,045 [WARN] PackLoader:240 - Cannot read IP mode file for STMicroelectronics.X-CUBE-NFC6.3.2.0
2026-03-23 00:12:09,059 [WARN] PackLoader:240 - Cannot read IP mode file for STMicroelectronics.X-CUBE-AI.10.2.0
2026-03-23 00:12:09,090 [WARN] PackLoader:240 - Cannot read IP mode file for SEGGER.I-CUBE-embOS.1.3.1
2026-03-23 00:12:09,126 [WARN] PackLoader:240 - Cannot read IP mode file for STMicroelectronics.X-CUBE-ALGOBUILD.1.4.0
2026-03-23 00:12:09,141 [WARN] PackLoader:240 - Cannot read IP mode file for STMicroelectronics.X-CUBE-AI.9.1.0
2026-03-23 00:12:09,158 [WARN] PackLoader:240 - Cannot read IP mode file for STMicroelectronics.X-CUBE-PM33A1.1.0.0
2026-03-23 00:12:09,173 [WARN] PackLoader:240 - Cannot read IP mode file for STMicroelectronics.X-CUBE-GNSS1.6.0.0
2026-03-23 00:12:09,201 [WARN] PackLoader:240 - Cannot read IP mode file for STMicroelectronics.X-CUBE-AZRTOS-F4.1.1.0
2026-03-23 00:12:09,218 [ERROR] Engine:466 - C:\Users\USER\.stm32cubemx\thirdparties\pdsc\Avnet-IotConnect.X-CUBE-IoTC-DA16k-PMOD.1.0.0.pdsc: PDSC version is not supported
2026-03-23 00:12:09,233 [WARN] PackLoader:240 - Cannot read IP mode file for STMicroelectronics.X-CUBE-ISPU.2.1.0
2026-03-23 00:12:09,250 [ERROR] Engine:466 - C:\Users\USER\.stm32cubemx\thirdparties\pdsc\STMicroelectronics.X-CUBE-IPS.3.2.0.pdsc: PDSC version is not supported
2026-03-23 00:12:09,264 [WARN] PackLoader:240 - Cannot read IP mode file for STMicroelectronics.X-CUBE-FREERTOS.1.2.0
2026-03-23 00:12:09,281 [WARN] PackLoader:240 - Cannot read IP mode file for STMicroelectronics.X-CUBE-NFC12.1.0.0
2026-03-23 00:12:09,308 [WARN] PackLoader:240 - Cannot read IP mode file for STMicroelectronics.X-CUBE-AZRTOS-L5.2.0.0
2026-03-23 00:12:09,324 [WARN] PackLoader:240 - Cannot read IP mode file for STMicroelectronics.X-CUBE-NFC6.3.1.0
2026-03-23 00:12:09,342 [WARN] PackLoader:240 - Cannot read IP mode file for STMicroelectronics.X-CUBE-DPower.1.2.0
2026-03-23 00:12:09,358 [WARN] PackLoader:240 - Cannot read IP mode file for STMicroelectronics.X-CUBE-AI.9.0.0
2026-03-23 00:12:09,374 [WARN] PackLoader:240 - Cannot read IP mode file for STMicroelectronics.X-CUBE-FREERTOS.1.3.1
2026-03-23 00:12:09,389 [WARN] PackLoader:240 - Cannot read IP mode file for STMicroelectronics.X-CUBE-FREERTOS.1.3.0
2026-03-23 00:12:09,409 [WARN] PackLoader:240 - Cannot read IP mode file for STMicroelectronics.X-CUBE-NFC7.1.0.1
2026-03-23 00:12:09,441 [WARN] PackLoader:240 - Cannot read IP mode file for STMicroelectronics.X-CUBE-TOUCHGFX.4.26.0
2026-03-23 00:12:09,621 [WARN] PackLoader:240 - Cannot read IP mode file for STMicroelectronics.X-CUBE-TOUCHGFX.4.26.1
2026-03-23 00:12:09,638 [ERROR] Engine:466 - C:\Users\USER\.stm32cubemx\thirdparties\pdsc\STMicroelectronics.FP-SNS-STAIOTCFT.1.0.0.pdsc: PDSC version is not supported
2026-03-23 00:12:09,654 [WARN] PackLoader:240 - Cannot read IP mode file for STMicroelectronics.X-CUBE-DPower.1.3.0
2026-03-23 00:12:09,685 [WARN] ConditionMgr:438 - getConditionDescription Invalid condition id : LAN8742 Phy interface Condition cause : null
2026-03-23 00:12:09,686 [WARN] PackLoader:240 - Cannot read IP mode file for STMicroelectronics.X-CUBE-AZRTOS-L4.2.0.0
2026-03-23 00:12:09,687 [WARN] ConditionMgr:1039 - genDependencies : Invalid condition id : LAN8742 Phy interface Condition cause : null
2026-03-23 00:12:09,687 [WARN] ConditionMgr:1039 - genDependencies : Invalid condition id : LAN8742 Phy interface Condition cause : null
2026-03-23 00:12:09,688 [WARN] ConditionMgr:1039 - genDependencies : Invalid condition id : LAN8742 Phy interface Condition cause : null
2026-03-23 00:12:09,708 [WARN] PackLoader:240 - Cannot read IP mode file for STMicroelectronics.X-CUBE-SFXS2LP1.4.0.0
2026-03-23 00:12:09,725 [ERROR] Engine:466 - C:\Users\USER\.stm32cubemx\thirdparties\pdsc\STMicroelectronics.X-CUBE-ST67W61.1.2.0.pdsc: PDSC version is not supported
2026-03-23 00:12:09,756 [WARN] PackLoader:240 - Cannot read IP mode file for STMicroelectronics.X-CUBE-AZRTOS-H7.3.3.0
2026-03-23 00:12:09,774 [ERROR] Engine:466 - C:\Users\USER\.stm32cubemx\thirdparties\pdsc\STMicroelectronics.X-CUBE-BLEMGR.4.1.0.pdsc: PDSC version is not supported
2026-03-23 00:12:09,793 [WARN] PackLoader:240 - Cannot read IP mode file for STMicroelectronics.X-CUBE-IPS.3.0.0
2026-03-23 00:12:09,820 [WARN] ConditionMgr:438 - getConditionDescription Invalid condition id : UX DEVICE CLASS RTOS Condition cause : null
2026-03-23 00:12:09,820 [WARN] ConditionMgr:438 - getConditionDescription Invalid condition id : UX DEVICE CLASS RTOS Condition cause : null
2026-03-23 00:12:09,822 [WARN] PackLoader:240 - Cannot read IP mode file for STMicroelectronics.X-CUBE-AZRTOS-WB.2.0.0
2026-03-23 00:12:09,822 [WARN] ConditionMgr:1039 - genDependencies : Invalid condition id : UX DEVICE CLASS RTOS Condition cause : null
2026-03-23 00:12:09,822 [WARN] ConditionMgr:1039 - genDependencies : Invalid condition id : UX DEVICE CLASS RTOS Condition cause : null
2026-03-23 00:12:09,823 [WARN] ConditionMgr:1039 - genDependencies : Invalid condition id : UX DEVICE CLASS RTOS Condition cause : null
2026-03-23 00:12:09,823 [WARN] ConditionMgr:1039 - genDependencies : Invalid condition id : UX DEVICE CLASS RTOS Condition cause : null
2026-03-23 00:12:09,823 [WARN] ConditionMgr:1039 - genDependencies : Invalid condition id : UX DEVICE CLASS RTOS Condition cause : null
2026-03-23 00:12:09,839 [WARN] PackLoader:240 - Cannot read IP mode file for STMicroelectronics.X-CUBE-GNSS1.7.0.0
2026-03-23 00:12:09,854 [WARN] PackLoader:240 - Cannot read IP mode file for STMicroelectronics.X-CUBE-GNSS1.7.0.1
2026-03-23 00:12:09,869 [WARN] PackLoader:240 - Cannot read IP mode file for STMicroelectronics.X-CUBE-TOUCHGFX.4.25.0
2026-03-23 00:12:09,887 [WARN] PackLoader:240 - Cannot read IP mode file for STMicroelectronics.FP-SNS-STBOX1.2.0.0
2026-03-23 00:12:09,905 [WARN] PackLoader:240 - Cannot read IP mode file for STMicroelectronics.X-CUBE-STSE01.2.0.0
2026-03-23 00:12:09,926 [WARN] PackLoader:240 - Cannot read IP mode file for STMicroelectronics.X-CUBE-SUBG2.5.0.0
2026-03-23 00:12:09,958 [WARN] PackLoader:240 - Cannot read IP mode file for STMicroelectronics.X-CUBE-AZRTOS-H7RS.1.1.0
2026-03-23 00:12:09,974 [WARN] PackLoader:240 - Cannot read IP mode file for Cesanta.I-CUBE-Mongoose.7.13.0
2026-03-23 00:12:10,006 [WARN] PackLoader:240 - Cannot read IP mode file for STMicroelectronics.X-CUBE-AZRTOS-G4.2.0.0
2026-03-23 00:12:10,024 [WARN] PackLoader:240 - Cannot read IP mode file for STMicroelectronics.X-CUBE-NFC7.2.0.0
2026-03-23 00:12:10,041 [WARN] PackLoader:240 - Cannot read IP mode file for STMicroelectronics.X-CUBE-ISPU.2.0.0
2026-03-23 00:12:10,059 [ERROR] Engine:466 - C:\Users\USER\.stm32cubemx\thirdparties\pdsc\STMicroelectronics.X-CUBE-IPS.3.1.0.pdsc: PDSC version is not supported
2026-03-23 00:12:10,075 [WARN] PackLoader:240 - Cannot read IP mode file for STMicroelectronics.X-CUBE-ALS.1.0.2
2026-03-23 00:12:10,116 [WARN] PackLoader:240 - Cannot read IP mode file for STMicroelectronics.X-CUBE-MEMS1.10.0.0
2026-03-23 00:12:10,198 [WARN] PackLoader:240 - Cannot read IP mode file for STMicroelectronics.X-CUBE-FREERTOS.1.1.0
2026-03-23 00:12:10,214 [WARN] PackLoader:240 - Cannot read IP mode file for STMicroelectronics.X-CUBE-TOUCHGFX.4.24.2
2026-03-23 00:12:10,230 [WARN] PackLoader:240 - Cannot read IP mode file for STMicroelectronics.X-CUBE-TOUCHGFX.4.24.1
2026-03-23 00:12:10,250 [WARN] PackLoader:240 - Cannot read IP mode file for STMicroelectronics.X-CUBE-STSE01.1.0.0
2026-03-23 00:12:10,266 [WARN] PackLoader:240 - Cannot read IP mode file for wolfSSL.I-CUBE-wolfTPM.3.4.0
2026-03-23 00:12:10,297 [WARN] PackLoader:240 - Cannot read IP mode file for portGmbH.I-Cube-SoM-uGOAL.1.1.0
2026-03-23 00:12:10,314 [WARN] PackLoader:240 - Cannot read IP mode file for STMicroelectronics.X-CUBE-ALS.1.0.1
2026-03-23 00:12:10,350 [WARN] PackLoader:240 - Cannot read IP mode file for STMicroelectronics.X-CUBE-AZRTOS-H7RS.1.0.0
2026-03-23 00:12:10,369 [WARN] PackLoader:240 - Cannot read IP mode file for STMicroelectronics.FP-ATR-ASTRA1.2.0.0
2026-03-23 00:12:10,400 [WARN] PackLoader:240 - Cannot read IP mode file for STMicroelectronics.X-CUBE-TOF1.3.4.2
2026-03-23 00:12:10,516 [ERROR] Engine:466 - C:\Users\USER\.stm32cubemx\thirdparties\pdsc\STMicroelectronics.X-CUBE-TOF1.3.4.3.pdsc: PDSC version is not supported
2026-03-23 00:12:10,539 [WARN] PackLoader:240 - Cannot read IP mode file for STMicroelectronics.X-CUBE-TOF1.3.4.1
2026-03-23 00:12:10,577 [WARN] PackLoader:240 - Cannot read IP mode file for STMicroelectronics.X-CUBE-AZRTOS-H7.3.2.0
2026-03-23 00:12:10,610 [WARN] PackLoader:240 - Cannot read IP mode file for Infineon.AIROC-Wi-Fi-Bluetooth-STM32.1.6.0
2026-03-23 00:12:10,630 [WARN] PackLoader:240 - Cannot read IP mode file for wolfSSL.I-CUBE-wolfSSH.1.4.17
2026-03-23 00:12:10,631 [INFO] ThirdParty:978 - Integrity check success = true
2026-03-23 00:12:10,631 [INFO] IntegrityCheckThread:100 - exiting critical section [integrity check]
2026-03-23 00:12:10,631 [INFO] IntegrityCheckThread:103 - End integrity checks thread
2026-03-23 00:12:10,762 [INFO] Mcu:2021 - Initializing MCU STM32F411C(C-E)Ux STM32F411CEUx STM32F411CEU6
2026-03-23 00:12:12,612 [INFO] Context:663 - Trying to add GPIOservice into a context  which must be forbidden
2026-03-23 00:12:13,207 [INFO] ApiDbMcu:508 - Load IP Config File for STMicroelectronics.X-CUBE-TOUCHGFX.4.26.0
2026-03-23 00:12:13,522 [INFO] RtosManager:555 - Registered RTOS mode: class=CMSIS, group=RTOS, mode=CMSIS_V1, owner=FREERTOS
2026-03-23 00:12:13,523 [INFO] RtosManager:555 - Registered RTOS mode: class=CMSIS, group=RTOS2, mode=CMSIS_V2, owner=FREERTOS
2026-03-23 00:12:13,523 [INFO] RtosManager:555 - Registered RTOS mode: class=RTOS, group=Core, mode=CMSIS_V1, owner=FREERTOS
2026-03-23 00:12:13,523 [INFO] RtosManager:555 - Registered RTOS mode: class=RTOS, group=Core, mode=CMSIS_V2, owner=FREERTOS
2026-03-23 00:12:13,523 [WARN] ModelIntegratedComponent:184 - Missing modes for component STMicroelectronics:FreeRTOS:0.0.1:STMicroelectronics:RTOS:FreeRTOS:Core:::10.2.0:
2026-03-23 00:12:13,532 [WARN] ModelIntegratedComponent:63 - No mode defined for component null
2026-03-23 00:12:13,533 [WARN] ModelIntegratedComponent:63 - No mode defined for component null
2026-03-23 00:12:13,533 [WARN] ModelIntegratedComponent:63 - No mode defined for component null
2026-03-23 00:12:13,533 [WARN] ModelIntegratedComponent:63 - No mode defined for component null
2026-03-23 00:12:13,533 [WARN] ModelIntegratedComponent:63 - No mode defined for component null
2026-03-23 00:12:13,533 [WARN] ModelIntegratedComponent:63 - No mode defined for component null
2026-03-23 00:12:13,533 [WARN] ModelIntegratedComponent:63 - No mode defined for component null
2026-03-23 00:12:13,533 [WARN] ModelIntegratedComponent:63 - No mode defined for component null
2026-03-23 00:12:13,533 [WARN] ModelIntegratedComponent:63 - No mode defined for component null
2026-03-23 00:12:13,533 [WARN] ModelIntegratedComponent:63 - No mode defined for component null
2026-03-23 00:12:13,533 [WARN] ModelIntegratedComponent:63 - No mode defined for component null
2026-03-23 00:12:13,533 [WARN] ModelIntegratedComponent:63 - No mode defined for component null
2026-03-23 00:12:13,533 [WARN] ModelIntegratedComponent:63 - No mode defined for component null
2026-03-23 00:12:13,533 [WARN] ModelIntegratedComponent:63 - No mode defined for component null
2026-03-23 00:12:13,533 [WARN] ModelIntegratedComponent:63 - No mode defined for component null
2026-03-23 00:12:13,533 [WARN] ModelIntegratedComponent:63 - No mode defined for component null
2026-03-23 00:12:13,533 [WARN] ModelIntegratedComponent:63 - No mode defined for component null
2026-03-23 00:12:13,533 [WARN] ModelIntegratedComponent:63 - No mode defined for component null
2026-03-23 00:12:13,533 [WARN] ModelIntegratedComponent:63 - No mode defined for component null
2026-03-23 00:12:13,533 [WARN] ModelIntegratedComponent:63 - No mode defined for component null
2026-03-23 00:12:13,533 [WARN] ModelIntegratedComponent:63 - No mode defined for component null
2026-03-23 00:12:13,533 [WARN] ModelIntegratedComponent:63 - No mode defined for component null
2026-03-23 00:12:13,533 [WARN] ModelIntegratedComponent:63 - No mode defined for component null
2026-03-23 00:12:13,533 [WARN] ModelIntegratedComponent:63 - No mode defined for component null
2026-03-23 00:12:13,533 [WARN] ModelIntegratedComponent:63 - No mode defined for component null
2026-03-23 00:12:13,534 [WARN] ModelIntegratedComponent:63 - No mode defined for component null
2026-03-23 00:12:13,534 [WARN] ModelIntegratedComponent:63 - No mode defined for component null
2026-03-23 00:12:13,534 [WARN] ModelIntegratedComponent:63 - No mode defined for component null
2026-03-23 00:12:13,534 [WARN] ModelIntegratedComponent:63 - No mode defined for component null
2026-03-23 00:12:13,534 [WARN] ModelIntegratedComponent:63 - No mode defined for component null
2026-03-23 00:12:13,534 [WARN] ModelIntegratedComponent:63 - No mode defined for component null
2026-03-23 00:12:13,534 [WARN] ModelIntegratedComponent:63 - No mode defined for component null
2026-03-23 00:12:13,534 [WARN] ModelIntegratedComponent:63 - No mode defined for component null
2026-03-23 00:12:13,534 [WARN] ModelIntegratedComponent:63 - No mode defined for component null
2026-03-23 00:12:13,612 [WARN] ModelIntegratedComponent:182 - Modes not found for component STMicroelectronics:USB_DEVICE:1.0.0:STMicroelectronics:USB::USB Device:Audio HS::1.0:USB_DEVICE_1_0_RESTRICTED_HS
2026-03-23 00:12:13,612 [WARN] ModelIntegratedComponent:188 - Modes not found for component STMicroelectronics:USB_DEVICE:1.0.0:STMicroelectronics:USB::USB Device:Audio HS::1.0:USB_DEVICE_1_0_RESTRICTED_HS
2026-03-23 00:12:13,613 [WARN] ModelIntegratedComponent:182 - Modes not found for component STMicroelectronics:USB_DEVICE:1.0.0:STMicroelectronics:USB::USB Device:CDC HS::1.0:USB_DEVICE_1_0_RESTRICTED_HS
2026-03-23 00:12:13,613 [WARN] ModelIntegratedComponent:188 - Modes not found for component STMicroelectronics:USB_DEVICE:1.0.0:STMicroelectronics:USB::USB Device:CDC HS::1.0:USB_DEVICE_1_0_RESTRICTED_HS
2026-03-23 00:12:13,613 [WARN] ModelIntegratedComponent:182 - Modes not found for component STMicroelectronics:USB_DEVICE:1.0.0:STMicroelectronics:USB::USB Device:DFU HS::1.0:USB_DEVICE_1_0_RESTRICTED_HS
2026-03-23 00:12:13,613 [WARN] ModelIntegratedComponent:188 - Modes not found for component STMicroelectronics:USB_DEVICE:1.0.0:STMicroelectronics:USB::USB Device:DFU HS::1.0:USB_DEVICE_1_0_RESTRICTED_HS
2026-03-23 00:12:13,613 [WARN] ModelIntegratedComponent:182 - Modes not found for component STMicroelectronics:USB_DEVICE:1.0.0:STMicroelectronics:USB::USB Device:HID HS::1.0:USB_DEVICE_1_0_RESTRICTED_HS
2026-03-23 00:12:13,613 [WARN] ModelIntegratedComponent:188 - Modes not found for component STMicroelectronics:USB_DEVICE:1.0.0:STMicroelectronics:USB::USB Device:HID HS::1.0:USB_DEVICE_1_0_RESTRICTED_HS
2026-03-23 00:12:13,613 [WARN] ModelIntegratedComponent:182 - Modes not found for component STMicroelectronics:USB_DEVICE:1.0.0:STMicroelectronics:USB::USB Device:Custom HID HS::1.0:USB_DEVICE_1_0_RESTRICTED_HS
2026-03-23 00:12:13,613 [WARN] ModelIntegratedComponent:188 - Modes not found for component STMicroelectronics:USB_DEVICE:1.0.0:STMicroelectronics:USB::USB Device:Custom HID HS::1.0:USB_DEVICE_1_0_RESTRICTED_HS
2026-03-23 00:12:13,613 [WARN] ModelIntegratedComponent:182 - Modes not found for component STMicroelectronics:USB_DEVICE:1.0.0:STMicroelectronics:USB::USB Device:MSC HS::1.0:USB_DEVICE_1_0_RESTRICTED_HS
2026-03-23 00:12:13,613 [WARN] ModelIntegratedComponent:188 - Modes not found for component STMicroelectronics:USB_DEVICE:1.0.0:STMicroelectronics:USB::USB Device:MSC HS::1.0:USB_DEVICE_1_0_RESTRICTED_HS
2026-03-23 00:12:13,719 [WARN] ModelIntegratedComponent:182 - Modes not found for component STMicroelectronics:USB_HOST:1.0.0:STMicroelectronics:USB::USB Host:Audio HS::1.0:USB_HOST_1_0_RESTRICTED_HS
2026-03-23 00:12:13,720 [WARN] ModelIntegratedComponent:188 - Modes not found for component STMicroelectronics:USB_HOST:1.0.0:STMicroelectronics:USB::USB Host:Audio HS::1.0:USB_HOST_1_0_RESTRICTED_HS
2026-03-23 00:12:13,720 [WARN] ModelIntegratedComponent:182 - Modes not found for component STMicroelectronics:USB_HOST:1.0.0:STMicroelectronics:USB::USB Host:CDC HS::1.0:USB_HOST_1_0_RESTRICTED_HS
2026-03-23 00:12:13,720 [WARN] ModelIntegratedComponent:188 - Modes not found for component STMicroelectronics:USB_HOST:1.0.0:STMicroelectronics:USB::USB Host:CDC HS::1.0:USB_HOST_1_0_RESTRICTED_HS
2026-03-23 00:12:13,720 [WARN] ModelIntegratedComponent:182 - Modes not found for component STMicroelectronics:USB_HOST:1.0.0:STMicroelectronics:USB::USB Host:MSC HS::1.0:USB_HOST_1_0_RESTRICTED_HS
2026-03-23 00:12:13,720 [WARN] ModelIntegratedComponent:188 - Modes not found for component STMicroelectronics:USB_HOST:1.0.0:STMicroelectronics:USB::USB Host:MSC HS::1.0:USB_HOST_1_0_RESTRICTED_HS
2026-03-23 00:12:13,720 [WARN] ModelIntegratedComponent:182 - Modes not found for component STMicroelectronics:USB_HOST:1.0.0:STMicroelectronics:USB::USB Host:HID HS::1.0:USB_HOST_1_0_RESTRICTED_HS
2026-03-23 00:12:13,720 [WARN] ModelIntegratedComponent:188 - Modes not found for component STMicroelectronics:USB_HOST:1.0.0:STMicroelectronics:USB::USB Host:HID HS::1.0:USB_HOST_1_0_RESTRICTED_HS
2026-03-23 00:12:13,720 [WARN] ModelIntegratedComponent:182 - Modes not found for component STMicroelectronics:USB_HOST:1.0.0:STMicroelectronics:USB::USB Host:MTP HS::1.0:USB_HOST_1_0_RESTRICTED_HS
2026-03-23 00:12:13,720 [WARN] ModelIntegratedComponent:188 - Modes not found for component STMicroelectronics:USB_HOST:1.0.0:STMicroelectronics:USB::USB Host:MTP HS::1.0:USB_HOST_1_0_RESTRICTED_HS
2026-03-23 00:12:13,801 [WARN] IP:2120 - tgfx_framebuffer_stride_value_custom not found: check if there is a RefParameter without a condition.
2026-03-23 00:12:13,811 [WARN] IP:2120 - tgfx_framebuffer_stride_value_custom not found: check if there is a RefParameter without a condition.
2026-03-23 00:12:14,547 [INFO] ApiDbMcu:508 - Load IP Config File for FREERTOS
2026-03-23 00:12:14,577 [INFO] ThirdPartyModel:298 - Start build external matchings
2026-03-23 00:12:16,047 [INFO] ThirdPartyModel:316 - End build external matchings
2026-03-23 00:12:16,089 [INFO] RtosManager:919 - Current active RTOS is FREERTOS [Cortex-M4NS]
2026-03-23 00:12:16,099 [INFO] ImportTextPane:194 - (OptionalMessage_ERROR) IP (DMA) : Parameter (Instance) has Id (SPI1_TX) currently not set
2026-03-23 00:12:16,099 [INFO] ImportTextPane:194 - (OptionalMessage_ERROR) IP (DMA) : Parameter (Channel) has Id (SPI1_TX) currently not set
2026-03-23 00:12:16,099 [INFO] ImportTextPane:194 - (OptionalMessage_ERROR) IP (DMA) : Parameter (Direction) has Id (SPI1_TX) currently not set
2026-03-23 00:12:16,099 [INFO] ImportTextPane:194 - (OptionalMessage_ERROR) IP (DMA) : Parameter (PeriphInc) has Id (SPI1_TX) currently not set
2026-03-23 00:12:16,099 [INFO] ImportTextPane:194 - (OptionalMessage_ERROR) IP (DMA) : Parameter (MemInc) has Id (SPI1_TX) currently not set
2026-03-23 00:12:16,099 [INFO] ImportTextPane:194 - (OptionalMessage_ERROR) IP (DMA) : Parameter (PeriphDataAlignment) has Id (SPI1_TX) currently not set
2026-03-23 00:12:16,099 [INFO] ImportTextPane:194 - (OptionalMessage_ERROR) IP (DMA) : Parameter (MemDataAlignment) has Id (SPI1_TX) currently not set
2026-03-23 00:12:16,099 [INFO] ImportTextPane:194 - (OptionalMessage_ERROR) IP (DMA) : Parameter (Mode) has Id (SPI1_TX) currently not set
2026-03-23 00:12:16,099 [INFO] ImportTextPane:194 - (OptionalMessage_ERROR) IP (DMA) : Parameter (Priority) has Id (SPI1_TX) currently not set
2026-03-23 00:12:16,099 [INFO] ImportTextPane:194 - (OptionalMessage_ERROR) IP (DMA) : Parameter (FIFOMode) has Id (SPI1_TX) currently not set
2026-03-23 00:12:16,099 [INFO] ImportTextPane:194 - (OptionalMessage_ERROR) IP (DMA) : Parameter (FIFOThreshold) has Id (SPI1_TX) currently not set
2026-03-23 00:12:16,100 [INFO] ImportTextPane:194 - (OptionalMessage_ERROR) IP (DMA) : Parameter (FIFOThreshold) has invalid value (null)
2026-03-23 00:12:16,100 [INFO] ImportTextPane:194 - (OptionalMessage_ERROR) IP (DMA) : Parameter (MemBurst) has Id (SPI1_TX) currently not set
2026-03-23 00:12:16,100 [INFO] ImportTextPane:194 - (OptionalMessage_ERROR) IP (DMA) : Parameter (MemBurst) has invalid value (null)
2026-03-23 00:12:16,100 [INFO] ImportTextPane:194 - (OptionalMessage_ERROR) IP (DMA) : Parameter (PeriphBurst) has Id (SPI1_TX) currently not set
2026-03-23 00:12:16,100 [INFO] ImportTextPane:194 - (OptionalMessage_ERROR) IP (DMA) : Parameter (PeriphBurst) has invalid value (null)
2026-03-23 00:12:16,100 [INFO] ImportTextPane:194 - (OptionalMessage_ERROR) IP (DMA) : Parameter (Instance) has Id (USART1_RX) currently not set
2026-03-23 00:12:16,100 [INFO] ImportTextPane:194 - (OptionalMessage_ERROR) IP (DMA) : Parameter (Channel) has Id (USART1_RX) currently not set
2026-03-23 00:12:16,100 [INFO] ImportTextPane:194 - (OptionalMessage_ERROR) IP (DMA) : Parameter (Direction) has Id (USART1_RX) currently not set
2026-03-23 00:12:16,100 [INFO] ImportTextPane:194 - (OptionalMessage_ERROR) IP (DMA) : Parameter (PeriphInc) has Id (USART1_RX) currently not set
2026-03-23 00:12:16,100 [INFO] ImportTextPane:194 - (OptionalMessage_ERROR) IP (DMA) : Parameter (MemInc) has Id (USART1_RX) currently not set
2026-03-23 00:12:16,100 [INFO] ImportTextPane:194 - (OptionalMessage_ERROR) IP (DMA) : Parameter (PeriphDataAlignment) has Id (USART1_RX) currently not set
2026-03-23 00:12:16,100 [INFO] ImportTextPane:194 - (OptionalMessage_ERROR) IP (DMA) : Parameter (MemDataAlignment) has Id (USART1_RX) currently not set
2026-03-23 00:12:16,100 [INFO] ImportTextPane:194 - (OptionalMessage_ERROR) IP (DMA) : Parameter (Mode) has Id (USART1_RX) currently not set
2026-03-23 00:12:16,100 [INFO] ImportTextPane:194 - (OptionalMessage_ERROR) IP (DMA) : Parameter (Priority) has Id (USART1_RX) currently not set
2026-03-23 00:12:16,100 [INFO] ImportTextPane:194 - (OptionalMessage_ERROR) IP (DMA) : Parameter (FIFOMode) has Id (USART1_RX) currently not set
2026-03-23 00:12:16,100 [INFO] ImportTextPane:194 - (OptionalMessage_ERROR) IP (DMA) : Parameter (Instance) has Id (USART1_TX) currently not set
2026-03-23 00:12:16,100 [INFO] ImportTextPane:194 - (OptionalMessage_ERROR) IP (DMA) : Parameter (Channel) has Id (USART1_TX) currently not set
2026-03-23 00:12:16,100 [INFO] ImportTextPane:194 - (OptionalMessage_ERROR) IP (DMA) : Parameter (Direction) has Id (USART1_TX) currently not set
2026-03-23 00:12:16,101 [INFO] ImportTextPane:194 - (OptionalMessage_ERROR) IP (DMA) : Parameter (PeriphInc) has Id (USART1_TX) currently not set
2026-03-23 00:12:16,101 [INFO] ImportTextPane:194 - (OptionalMessage_ERROR) IP (DMA) : Parameter (MemInc) has Id (USART1_TX) currently not set
2026-03-23 00:12:16,101 [INFO] ImportTextPane:194 - (OptionalMessage_ERROR) IP (DMA) : Parameter (PeriphDataAlignment) has Id (USART1_TX) currently not set
2026-03-23 00:12:16,101 [INFO] ImportTextPane:194 - (OptionalMessage_ERROR) IP (DMA) : Parameter (MemDataAlignment) has Id (USART1_TX) currently not set
2026-03-23 00:12:16,101 [INFO] ImportTextPane:194 - (OptionalMessage_ERROR) IP (DMA) : Parameter (Mode) has Id (USART1_TX) currently not set
2026-03-23 00:12:16,101 [INFO] ImportTextPane:194 - (OptionalMessage_ERROR) IP (DMA) : Parameter (Priority) has Id (USART1_TX) currently not set
2026-03-23 00:12:16,101 [INFO] ImportTextPane:194 - (OptionalMessage_ERROR) IP (DMA) : Parameter (FIFOMode) has Id (USART1_TX) currently not set
2026-03-23 00:12:16,109 [WARN] IP:2120 - tgfx_framebuffer_stride_value_custom not found: check if there is a RefParameter without a condition.
2026-03-23 00:12:16,112 [INFO] ImportTextPane:194 - (OptionalMessage_ERROR) IP (STMicroelectronics.X-CUBE-TOUCHGFX.4.26.0) : Parameter (ApplicationCcGraphicsJjApplication) has invalid value (TouchGFXOoGenerator)
2026-03-23 00:12:16,553 [INFO] ApiDb:581 - Connected to CubeFinder SQLite database (C:\Users\USER\.stmcufinder\plugins\mcufinder\mcu\cube-finder-db.db)
2026-03-23 00:12:16,660 [INFO] ApiDb:668 - CubeFinder database Data Model version=2.1
2026-03-23 00:12:16,660 [INFO] ApiDb:669 - CubeFinder database Configuration version=3.0.39
2026-03-23 00:12:16,661 [INFO] ApiDb:670 - CubeFinder database generation date=2025-12-22 (1766407740)
2026-03-23 00:12:16,661 [INFO] ApiDb:671 - CubeFinder database FW Pack versions=[FP-ATR-ASTRA1_V2.0.0, FP-SNS-FLIGHT1_V5.1.0, FP-SNS-MOTENV1_V5.1.0, FP-SNS-MOTENVWB1_V1.4.0, FP-SNS-SMARTAG2_V1.2.0, FP-SNS-STBOX1_V2.1.0, STM32Cube_FW_C0_V1.4.0, STM32Cube_FW_F4_V1.28.3, STM32Cube_FW_F7_V1.17.4, STM32Cube_FW_G0_V1.6.2, STM32Cube_FW_G4_V1.6.1, STM32Cube_FW_H5_V1.5.1, STM32Cube_FW_H7RS_V1.3.0, STM32Cube_FW_H7_V1.12.1, STM32Cube_FW_L0_V1.12.2, STM32Cube_FW_L4_V1.18.1, STM32Cube_FW_L5_V1.6.0, STM32Cube_FW_N6_V1.3.0, STM32Cube_FW_U0_V1.3.0, STM32Cube_FW_U3_V1.2.1, STM32Cube_FW_U5_V1.8.0, STM32Cube_FW_WB0_V1.4.0, STM32Cube_FW_WBA_V1.8.0, STM32Cube_FW_WB_V1.24.0, STM32Cube_FW_WL3_V1.3.0, STM32Cube_FW_WL_V1.4.0, X-CUBE-ALGOBUILD_V1.4.0, X-CUBE-ALS_V1.0.2, X-CUBE-AZRTOS-F4_V1.1.0, X-CUBE-AZRTOS-F7_V1.1.0, X-CUBE-AZRTOS-G0_V1.1.0, X-CUBE-AZRTOS-G4_V2.0.0, X-CUBE-AZRTOS-H7RS_V1.1.0, X-CUBE-AZRTOS-H7_V3.4.0, X-CUBE-AZRTOS-L4_V2.0.0, X-CUBE-AZRTOS-L5_V2.0.0, X-CUBE-AZRTOS-WB_V2.0.0, X-CUBE-AZRTOS-WL_V2.0.0, X-CUBE-BLE1_V7.1.0, X-CUBE-BLE2_V3.3.0, X-CUBE-BLEMGR_V4.1.0, X-CUBE-EEPRMA1_V5.2.0, X-CUBE-FREERTOS_V1.3.1, X-CUBE-GNSS1_V6.0.0, X-CUBE-MEMS1_V12.0.0, X-CUBE-NFC4_V3.0.0, X-CUBE-NFC7_V2.0.0, X-CUBE-SFXS2LP1_V4.0.0, X-CUBE-ST67W61_V1.1.0, X-CUBE-SUBG2_V5.0.0, X-CUBE-TOF1_V3.4.3]
2026-03-23 00:12:16,796 [INFO] DbBoardsSqlite:226 - include board P-NUCLEO-WB55-NUCLEO as a kit item of type 'Nucleo-64'
2026-03-23 00:12:16,797 [INFO] DbBoardsSqlite:226 - include board P-NUCLEO-WB55-USBDONGLE as a kit item of type 'Nucleo USB Dongle'
2026-03-23 00:12:16,798 [INFO] DbBoardsSqlite:226 - include board STEVAL-IDP005V1 as a kit item of type 'Evaluation Board'
2026-03-23 00:12:16,798 [INFO] DbBoardsSqlite:226 - include board STEVAL-IDP005V2 as a kit item of type 'Evaluation Board'
2026-03-23 00:12:17,332 [INFO] ApiDb:240 - Found 483 in-development CPN: [B-G473E-ZEST1S, B-WB1M-WPAN1, B-WL5M-SUBG1, NUCLEO-C031C6, NUCLEO-H503RB, NUCLEO-H533RE, NUCLEO-H563ZI, NUCLEO-H7S3L8, NUCLEO-U031R8, NUCLEO-U083RC, NUCLEO-U545RE-Q, NUCLEO-U5A5ZJ-Q, NUCLEO-WBA52CG, NUCLEO-WBA55CG, STEVAL-PROTEUS1, STEVAL-SMARTAG2, STEVAL-STWINBX1, STM320518-EVAL, STM32C0116-DK, STM32C011D6Y3TR, STM32C011D6Y6TR, STM32C011F4P3, STM32C011F4P6, STM32C011F4U3, STM32C011F4U6TR, STM32C011F6P3, STM32C011F6P6, STM32C011F6U3, STM32C011F6U6TR, STM32C011J4M3, STM32C011J4M6, STM32C011J6M3, STM32C011J6M6, STM32C0316-DK, STM32C031C4T3, STM32C031C4T6, STM32C031C4U3, STM32C031C4U6, STM32C031C6T3, STM32C031C6T6, STM32C031C6U3, STM32C031C6U6, STM32C031F4P3, STM32C031F4P6, STM32C031F6P3, STM32C031F6P6, STM32C031G4U3, STM32C031G4U6, STM32C031G6U3, STM32C031G6U6, STM32C031K4T3, STM32C031K4T6, STM32C031K4U3, STM32C031K4U6, STM32C031K6T3, STM32C031K6T6, STM32C031K6U3, STM32C031K6U6, STM32G071K8TXN, STM32G071K8UXN, STM32G081GBU6N, STM32G081KBT6N, STM32G081KBUXN, STM32G0B1CCT6N, STM32G0B1KCT6, STM32G0B1NEY6TR, STM32G0B1RCT6N, STM32G0C1CCT6, STM32G0C1CCT6N, STM32G0C1CCU6N, STM32G0C1CET6N, STM32G0C1CEU6N, STM32G0C1KCT6, STM32G0C1NEY6TR, STM32G0C1RCI6N, STM32G0C1RCT6N, STM32G0C1REI6N, STM32G0C1RET6N, STM32G0C1VCI6, STM32G0C1VEI6, STM32G471CCT6, STM32G471CCU6, STM32G471CET3, STM32G471CET6, STM32G471CEU3, STM32G471CEU6, STM32G471MCT6, STM32G471MET3, STM32G471MET6, STM32G471MEY6TR, STM32G471QCT6, STM32G471QET3, STM32G471RCT6, STM32G471RET3, STM32G471RET6, STM32G471VCH6, STM32G471VCI6, STM32G471VCT6, STM32G471VEH3, STM32G471VEH6, STM32G471VEI3, STM32G471VEI6, STM32G471VET3, STM32G471VET6, STM32G474CCT6, STM32H503CBT6, STM32H503CBU6, STM32H503EBY6TR, STM32H503KBU6, STM32H503RBT6, STM32H523CCT6, STM32H523CCU6, STM32H523CET6, STM32H523CEU6, STM32H523HEY6TR, STM32H523RCT6, STM32H523RET6, STM32H523VCI6, STM32H523VCT6, STM32H523VEI6, STM32H523VET6, STM32H523ZCJ6, STM32H523ZCT6, STM32H523ZEJ6, STM32H523ZET6, STM32H533CET6, STM32H533CEU6, STM32H533HEY6TR, STM32H533RET6, STM32H533VEI6, STM32H533VET6, STM32H533ZEJ6, STM32H533ZET6, STM32H562AGI6, STM32H562AII6, STM32H562IGK6, STM32H562IGT6, STM32H562IIK6, STM32H562IIT6, STM32H562RGT6, STM32H562RGV6, STM32H562RIT6, STM32H562RIV6, STM32H562VGT6, STM32H562VIT6, STM32H562ZGT6, STM32H562ZIT6, STM32H563AGI6, STM32H563AII3Q, STM32H563AII6, STM32H563IGK6, STM32H563IGT6, STM32H563IIK3Q, STM32H563IIK6, STM32H563IIT3Q, STM32H563IIT6, STM32H563MIY3QTR, STM32H563RGT6, STM32H563RGV6, STM32H563RIT6, STM32H563RIV6, STM32H563VGT6, STM32H563VIT3Q, STM32H563VIT6, STM32H563ZGT6, STM32H563ZIT3Q, STM32H563ZIT6, STM32H573AII3Q, STM32H573AII6, STM32H573I-DK, STM32H573IIK3Q, STM32H573IIK6, STM32H573IIT3Q, STM32H573IIT6, STM32H573MIY3QTR, STM32H573RIT6, STM32H573RIV6, STM32H573VIT3Q, STM32H573VIT6, STM32H573ZIT3Q, STM32H573ZIT6, STM32H7R3A8I6, STM32H7R3I8K6, STM32H7R3I8T6, STM32H7R3L8H6, STM32H7R3L8H6H, STM32H7R3R8V6, STM32H7R3V8H6, STM32H7R3V8T6, STM32H7R3V8Y6, STM32H7R3Z8J6, STM32H7R3Z8T6, STM32H7R7A8I6, STM32H7R7I8K6, STM32H7R7I8T6, STM32H7R7L8H6, STM32H7R7L8H6H, STM32H7R7Z8J6, STM32H7S3A8I6, STM32H7S3I8K6, STM32H7S3I8T6, STM32H7S3L8H6, STM32H7S3L8H6H, STM32H7S3R8V6, STM32H7S3V8H6, STM32H7S3V8T6, STM32H7S3V8Y6, STM32H7S3Z8J6, STM32H7S3Z8T6, STM32H7S78-DK, STM32H7S7A8I6, STM32H7S7I8K6, STM32H7S7I8T6, STM32H7S7L8H6, STM32H7S7L8H6H, STM32H7S7Z8J6, STM32L4R5QGI6STR, STM32MP131AAE3, STM32MP131AAF3, STM32MP131AAG3, STM32MP131CAE3, STM32MP131CAF3, STM32MP131CAG3, STM32MP131DAE7, STM32MP131DAF7, STM32MP131DAG7, STM32MP131FAE7, STM32MP131FAF7, STM32MP131FAG7, STM32MP133AAE3, STM32MP133AAF3, STM32MP133AAG3, STM32MP133CAE3, STM32MP133CAF3, STM32MP133CAG3, STM32MP133DAE7, STM32MP133DAF7, STM32MP133DAG7, STM32MP133FAE7, STM32MP133FAF7, STM32MP133FAG7, STM32MP135AAE3, STM32MP135AAF3, STM32MP135AAG3, STM32MP135CAE3, STM32MP135CAF3, STM32MP135CAG3, STM32MP135DAE7, STM32MP135DAF7, STM32MP135DAG7, STM32MP135F-DK, STM32MP135FAE7, STM32MP135FAF7, STM32MP135FAF7T, STM32MP135FAF7U, STM32MP135FAG7, STM32U031C6T6, STM32U031C6U6, STM32U031C8T6, STM32U031C8U6, STM32U031F4P6, STM32U031F6P6, STM32U031F8P6, STM32U031G6Y6TR, STM32U031G8Y6TR, STM32U031K4U6, STM32U031K6U6, STM32U031K8U6, STM32U031R6I6, STM32U031R6T6, STM32U031R8I6, STM32U031R8T6, STM32U073C8T6, STM32U073C8U6, STM32U073CBT6, STM32U073CBU6, STM32U073CCT6, STM32U073CCU6, STM32U073H8Y6TR, STM32U073HBY6TR, STM32U073HCY6TR, STM32U073K8U6, STM32U073KBU6, STM32U073KCU6, STM32U073M8I6, STM32U073M8T6, STM32U073MBI6, STM32U073MBT6, STM32U073MCI6, STM32U073MCT6, STM32U073R8I6, STM32U073R8T6, STM32U073RBI6, STM32U073RBT6, STM32U073RCI6, STM32U073RCT6, STM32U083C-DK, STM32U083CCT6, STM32U083CCU6, STM32U083HCY6TR, STM32U083KCU6, STM32U083MCI6, STM32U083MCT6, STM32U083RCI6, STM32U083RCT6, STM32U535CBT6, STM32U535CBT6Q, STM32U535CBU6, STM32U535CBU6Q, STM32U535CCT6, STM32U535CCT6Q, STM32U535CCU6, STM32U535CCU6Q, STM32U535CET6, STM32U535CET6Q, STM32U535CEU6, STM32U535CEU6Q, STM32U535JEY6QTR, STM32U535NCY6QTR, STM32U535NEY6QTR, STM32U535RBI6, STM32U535RBI6Q, STM32U535RBT6, STM32U535RBT6Q, STM32U535RCI6, STM32U535RCI6Q, STM32U535RCT6, STM32U535RCT6Q, STM32U535REI6, STM32U535REI6Q, STM32U535RET6, STM32U535RET6Q, STM32U535VCI6, STM32U535VCI6Q, STM32U535VCT6, STM32U535VCT6Q, STM32U535VEI6, STM32U535VEI6Q, STM32U535VET6, STM32U535VET6Q, STM32U545CET6, STM32U545CET6Q, STM32U545CEU6, STM32U545CEU6Q, STM32U545JEY6QTR, STM32U545NEY6QTR, STM32U545REI6, STM32U545REI6Q, STM32U545RET6, STM32U545RET6Q, STM32U545VEI6, STM32U545VEI6Q, STM32U545VET6, STM32U545VET6Q, STM32U595AIH6, STM32U595AIH6Q, STM32U595AJH6, STM32U595AJH6Q, STM32U595QII6, STM32U595QII6Q, STM32U595QJI6, STM32U595QJI6Q, STM32U595RIT6, STM32U595RIT6Q, STM32U595RJT6, STM32U595RJT6Q, STM32U595VIT6, STM32U595VIT6Q, STM32U595VJT6, STM32U595VJT6Q, STM32U595ZIT6, STM32U595ZIT6Q, STM32U595ZIY6QTR, STM32U595ZJT6, STM32U595ZJT6Q, STM32U595ZJY6QTR, STM32U599BJY6QTR, STM32U599NIH6Q, STM32U599NJH6Q, STM32U599VIT6Q, STM32U599VJT6, STM32U599VJT6Q, STM32U599ZIT6Q, STM32U599ZIY6QTR, STM32U599ZJT6Q, STM32U599ZJY6QTR, STM32U5A5AJH6, STM32U5A5AJH6Q, STM32U5A5QII3Q , STM32U5A5QJI6, STM32U5A5QJI6Q, STM32U5A5RJT6, STM32U5A5RJT6Q, STM32U5A5VJT6, STM32U5A5VJT6Q, STM32U5A5ZJT6, STM32U5A5ZJT6Q, STM32U5A5ZJY6QTR, STM32U5A9BJY6QTR, STM32U5A9J-DK, STM32U5A9NJH6Q, STM32U5A9VJT6Q, STM32U5A9ZJT6Q, STM32U5A9ZJY6QTR, STM32U5F7VIT6, STM32U5F7VIT6Q, STM32U5F7VJT6, STM32U5F7VJT6Q, STM32U5F9BJY6QTR, STM32U5F9NJH6Q, STM32U5F9VIT6Q, STM32U5F9VJT6Q, STM32U5F9ZIJ6QTR, STM32U5F9ZIT6Q, STM32U5F9ZJJ6QTR, STM32U5F9ZJT6Q, STM32U5G7VJT6, STM32U5G7VJT6Q, STM32U5G9BJY6QTR, STM32U5G9J-DK1, STM32U5G9J-DK2, STM32U5G9NJH6Q, STM32U5G9VJT6Q, STM32U5G9ZJJ6QTR, STM32U5G9ZJT6Q, STM32WB1MMCH6, STM32WBA50KEU6, STM32WBA50KEU6TR, STM32WBA50KGU6, STM32WBA50KGU6TR, STM32WBA52CEU6, STM32WBA52CEU6TR, STM32WBA52CEU7, STM32WBA52CEU7TR, STM32WBA52CGU6, STM32WBA52CGU6TR, STM32WBA52CGU6U, STM32WBA52CGU7, STM32WBA52CGU7TR, STM32WBA52KEU6, STM32WBA52KEU6TR, STM32WBA52KGU6, STM32WBA52KGU6TR, STM32WBA54CEU6, STM32WBA54CEU6TR, STM32WBA54CEU7, STM32WBA54CEU7TR, STM32WBA54CGU6, STM32WBA54CGU6TR, STM32WBA54CGU7, STM32WBA54CGU7TR, STM32WBA54KEU6, STM32WBA54KEU6TR, STM32WBA54KEU7, STM32WBA54KEU7TR, STM32WBA54KGU6, STM32WBA54KGU6TR, STM32WBA54KGU7, STM32WBA54KGU7TR, STM32WBA55CEU6, STM32WBA55CEU6TR, STM32WBA55CEU7, STM32WBA55CEU7TR, STM32WBA55CGU6, STM32WBA55CGU6TR, STM32WBA55CGU6U, STM32WBA55CGU7, STM32WBA55CGU7TR, STM32WBA55G-DK1, STM32WBA55HEF6, STM32WBA55HEF7, STM32WBA55HGF6, STM32WBA55HGF7, STM32WBA55UEI6, STM32WBA55UEI6TR, STM32WBA55UEI7, STM32WBA55UEI7TR, STM32WBA55UGI6, STM32WBA55UGI6TR, STM32WBA55UGI7, STM32WBA55UGI7TR, STM32WL5MOCH6, STM32WL5MOCH6TR]
2026-03-23 00:12:17,335 [INFO] ApiDb:668 - CubeFinder database Data Model version=2.1
2026-03-23 00:12:17,335 [INFO] ApiDb:669 - CubeFinder database Configuration version=3.0.39
2026-03-23 00:12:17,335 [INFO] ApiDb:670 - CubeFinder database generation date=2025-12-22 (1766407740)
2026-03-23 00:12:17,335 [INFO] ApiDb:671 - CubeFinder database FW Pack versions=[FP-ATR-ASTRA1_V2.0.0, FP-SNS-FLIGHT1_V5.1.0, FP-SNS-MOTENV1_V5.1.0, FP-SNS-MOTENVWB1_V1.4.0, FP-SNS-SMARTAG2_V1.2.0, FP-SNS-STBOX1_V2.1.0, STM32Cube_FW_C0_V1.4.0, STM32Cube_FW_F4_V1.28.3, STM32Cube_FW_F7_V1.17.4, STM32Cube_FW_G0_V1.6.2, STM32Cube_FW_G4_V1.6.1, STM32Cube_FW_H5_V1.5.1, STM32Cube_FW_H7RS_V1.3.0, STM32Cube_FW_H7_V1.12.1, STM32Cube_FW_L0_V1.12.2, STM32Cube_FW_L4_V1.18.1, STM32Cube_FW_L5_V1.6.0, STM32Cube_FW_N6_V1.3.0, STM32Cube_FW_U0_V1.3.0, STM32Cube_FW_U3_V1.2.1, STM32Cube_FW_U5_V1.8.0, STM32Cube_FW_WB0_V1.4.0, STM32Cube_FW_WBA_V1.8.0, STM32Cube_FW_WB_V1.24.0, STM32Cube_FW_WL3_V1.3.0, STM32Cube_FW_WL_V1.4.0, X-CUBE-ALGOBUILD_V1.4.0, X-CUBE-ALS_V1.0.2, X-CUBE-AZRTOS-F4_V1.1.0, X-CUBE-AZRTOS-F7_V1.1.0, X-CUBE-AZRTOS-G0_V1.1.0, X-CUBE-AZRTOS-G4_V2.0.0, X-CUBE-AZRTOS-H7RS_V1.1.0, X-CUBE-AZRTOS-H7_V3.4.0, X-CUBE-AZRTOS-L4_V2.0.0, X-CUBE-AZRTOS-L5_V2.0.0, X-CUBE-AZRTOS-WB_V2.0.0, X-CUBE-AZRTOS-WL_V2.0.0, X-CUBE-BLE1_V7.1.0, X-CUBE-BLE2_V3.3.0, X-CUBE-BLEMGR_V4.1.0, X-CUBE-EEPRMA1_V5.2.0, X-CUBE-FREERTOS_V1.3.1, X-CUBE-GNSS1_V6.0.0, X-CUBE-MEMS1_V12.0.0, X-CUBE-NFC4_V3.0.0, X-CUBE-NFC7_V2.0.0, X-CUBE-SFXS2LP1_V4.0.0, X-CUBE-ST67W61_V1.1.0, X-CUBE-SUBG2_V5.0.0, X-CUBE-TOF1_V3.4.3]
2026-03-23 00:12:19,535 [INFO] ApiDb:240 - Found 483 in-development CPN: [B-G473E-ZEST1S, B-WB1M-WPAN1, B-WL5M-SUBG1, NUCLEO-C031C6, NUCLEO-H503RB, NUCLEO-H533RE, NUCLEO-H563ZI, NUCLEO-H7S3L8, NUCLEO-U031R8, NUCLEO-U083RC, NUCLEO-U545RE-Q, NUCLEO-U5A5ZJ-Q, NUCLEO-WBA52CG, NUCLEO-WBA55CG, STEVAL-PROTEUS1, STEVAL-SMARTAG2, STEVAL-STWINBX1, STM320518-EVAL, STM32C0116-DK, STM32C011D6Y3TR, STM32C011D6Y6TR, STM32C011F4P3, STM32C011F4P6, STM32C011F4U3, STM32C011F4U6TR, STM32C011F6P3, STM32C011F6P6, STM32C011F6U3, STM32C011F6U6TR, STM32C011J4M3, STM32C011J4M6, STM32C011J6M3, STM32C011J6M6, STM32C0316-DK, STM32C031C4T3, STM32C031C4T6, STM32C031C4U3, STM32C031C4U6, STM32C031C6T3, STM32C031C6T6, STM32C031C6U3, STM32C031C6U6, STM32C031F4P3, STM32C031F4P6, STM32C031F6P3, STM32C031F6P6, STM32C031G4U3, STM32C031G4U6, STM32C031G6U3, STM32C031G6U6, STM32C031K4T3, STM32C031K4T6, STM32C031K4U3, STM32C031K4U6, STM32C031K6T3, STM32C031K6T6, STM32C031K6U3, STM32C031K6U6, STM32G071K8TXN, STM32G071K8UXN, STM32G081GBU6N, STM32G081KBT6N, STM32G081KBUXN, STM32G0B1CCT6N, STM32G0B1KCT6, STM32G0B1NEY6TR, STM32G0B1RCT6N, STM32G0C1CCT6, STM32G0C1CCT6N, STM32G0C1CCU6N, STM32G0C1CET6N, STM32G0C1CEU6N, STM32G0C1KCT6, STM32G0C1NEY6TR, STM32G0C1RCI6N, STM32G0C1RCT6N, STM32G0C1REI6N, STM32G0C1RET6N, STM32G0C1VCI6, STM32G0C1VEI6, STM32G471CCT6, STM32G471CCU6, STM32G471CET3, STM32G471CET6, STM32G471CEU3, STM32G471CEU6, STM32G471MCT6, STM32G471MET3, STM32G471MET6, STM32G471MEY6TR, STM32G471QCT6, STM32G471QET3, STM32G471RCT6, STM32G471RET3, STM32G471RET6, STM32G471VCH6, STM32G471VCI6, STM32G471VCT6, STM32G471VEH3, STM32G471VEH6, STM32G471VEI3, STM32G471VEI6, STM32G471VET3, STM32G471VET6, STM32G474CCT6, STM32H503CBT6, STM32H503CBU6, STM32H503EBY6TR, STM32H503KBU6, STM32H503RBT6, STM32H523CCT6, STM32H523CCU6, STM32H523CET6, STM32H523CEU6, STM32H523HEY6TR, STM32H523RCT6, STM32H523RET6, STM32H523VCI6, STM32H523VCT6, STM32H523VEI6, STM32H523VET6, STM32H523ZCJ6, STM32H523ZCT6, STM32H523ZEJ6, STM32H523ZET6, STM32H533CET6, STM32H533CEU6, STM32H533HEY6TR, STM32H533RET6, STM32H533VEI6, STM32H533VET6, STM32H533ZEJ6, STM32H533ZET6, STM32H562AGI6, STM32H562AII6, STM32H562IGK6, STM32H562IGT6, STM32H562IIK6, STM32H562IIT6, STM32H562RGT6, STM32H562RGV6, STM32H562RIT6, STM32H562RIV6, STM32H562VGT6, STM32H562VIT6, STM32H562ZGT6, STM32H562ZIT6, STM32H563AGI6, STM32H563AII3Q, STM32H563AII6, STM32H563IGK6, STM32H563IGT6, STM32H563IIK3Q, STM32H563IIK6, STM32H563IIT3Q, STM32H563IIT6, STM32H563MIY3QTR, STM32H563RGT6, STM32H563RGV6, STM32H563RIT6, STM32H563RIV6, STM32H563VGT6, STM32H563VIT3Q, STM32H563VIT6, STM32H563ZGT6, STM32H563ZIT3Q, STM32H563ZIT6, STM32H573AII3Q, STM32H573AII6, STM32H573I-DK, STM32H573IIK3Q, STM32H573IIK6, STM32H573IIT3Q, STM32H573IIT6, STM32H573MIY3QTR, STM32H573RIT6, STM32H573RIV6, STM32H573VIT3Q, STM32H573VIT6, STM32H573ZIT3Q, STM32H573ZIT6, STM32H7R3A8I6, STM32H7R3I8K6, STM32H7R3I8T6, STM32H7R3L8H6, STM32H7R3L8H6H, STM32H7R3R8V6, STM32H7R3V8H6, STM32H7R3V8T6, STM32H7R3V8Y6, STM32H7R3Z8J6, STM32H7R3Z8T6, STM32H7R7A8I6, STM32H7R7I8K6, STM32H7R7I8T6, STM32H7R7L8H6, STM32H7R7L8H6H, STM32H7R7Z8J6, STM32H7S3A8I6, STM32H7S3I8K6, STM32H7S3I8T6, STM32H7S3L8H6, STM32H7S3L8H6H, STM32H7S3R8V6, STM32H7S3V8H6, STM32H7S3V8T6, STM32H7S3V8Y6, STM32H7S3Z8J6, STM32H7S3Z8T6, STM32H7S78-DK, STM32H7S7A8I6, STM32H7S7I8K6, STM32H7S7I8T6, STM32H7S7L8H6, STM32H7S7L8H6H, STM32H7S7Z8J6, STM32L4R5QGI6STR, STM32MP131AAE3, STM32MP131AAF3, STM32MP131AAG3, STM32MP131CAE3, STM32MP131CAF3, STM32MP131CAG3, STM32MP131DAE7, STM32MP131DAF7, STM32MP131DAG7, STM32MP131FAE7, STM32MP131FAF7, STM32MP131FAG7, STM32MP133AAE3, STM32MP133AAF3, STM32MP133AAG3, STM32MP133CAE3, STM32MP133CAF3, STM32MP133CAG3, STM32MP133DAE7, STM32MP133DAF7, STM32MP133DAG7, STM32MP133FAE7, STM32MP133FAF7, STM32MP133FAG7, STM32MP135AAE3, STM32MP135AAF3, STM32MP135AAG3, STM32MP135CAE3, STM32MP135CAF3, STM32MP135CAG3, STM32MP135DAE7, STM32MP135DAF7, STM32MP135DAG7, STM32MP135F-DK, STM32MP135FAE7, STM32MP135FAF7, STM32MP135FAF7T, STM32MP135FAF7U, STM32MP135FAG7, STM32U031C6T6, STM32U031C6U6, STM32U031C8T6, STM32U031C8U6, STM32U031F4P6, STM32U031F6P6, STM32U031F8P6, STM32U031G6Y6TR, STM32U031G8Y6TR, STM32U031K4U6, STM32U031K6U6, STM32U031K8U6, STM32U031R6I6, STM32U031R6T6, STM32U031R8I6, STM32U031R8T6, STM32U073C8T6, STM32U073C8U6, STM32U073CBT6, STM32U073CBU6, STM32U073CCT6, STM32U073CCU6, STM32U073H8Y6TR, STM32U073HBY6TR, STM32U073HCY6TR, STM32U073K8U6, STM32U073KBU6, STM32U073KCU6, STM32U073M8I6, STM32U073M8T6, STM32U073MBI6, STM32U073MBT6, STM32U073MCI6, STM32U073MCT6, STM32U073R8I6, STM32U073R8T6, STM32U073RBI6, STM32U073RBT6, STM32U073RCI6, STM32U073RCT6, STM32U083C-DK, STM32U083CCT6, STM32U083CCU6, STM32U083HCY6TR, STM32U083KCU6, STM32U083MCI6, STM32U083MCT6, STM32U083RCI6, STM32U083RCT6, STM32U535CBT6, STM32U535CBT6Q, STM32U535CBU6, STM32U535CBU6Q, STM32U535CCT6, STM32U535CCT6Q, STM32U535CCU6, STM32U535CCU6Q, STM32U535CET6, STM32U535CET6Q, STM32U535CEU6, STM32U535CEU6Q, STM32U535JEY6QTR, STM32U535NCY6QTR, STM32U535NEY6QTR, STM32U535RBI6, STM32U535RBI6Q, STM32U535RBT6, STM32U535RBT6Q, STM32U535RCI6, STM32U535RCI6Q, STM32U535RCT6, STM32U535RCT6Q, STM32U535REI6, STM32U535REI6Q, STM32U535RET6, STM32U535RET6Q, STM32U535VCI6, STM32U535VCI6Q, STM32U535VCT6, STM32U535VCT6Q, STM32U535VEI6, STM32U535VEI6Q, STM32U535VET6, STM32U535VET6Q, STM32U545CET6, STM32U545CET6Q, STM32U545CEU6, STM32U545CEU6Q, STM32U545JEY6QTR, STM32U545NEY6QTR, STM32U545REI6, STM32U545REI6Q, STM32U545RET6, STM32U545RET6Q, STM32U545VEI6, STM32U545VEI6Q, STM32U545VET6, STM32U545VET6Q, STM32U595AIH6, STM32U595AIH6Q, STM32U595AJH6, STM32U595AJH6Q, STM32U595QII6, STM32U595QII6Q, STM32U595QJI6, STM32U595QJI6Q, STM32U595RIT6, STM32U595RIT6Q, STM32U595RJT6, STM32U595RJT6Q, STM32U595VIT6, STM32U595VIT6Q, STM32U595VJT6, STM32U595VJT6Q, STM32U595ZIT6, STM32U595ZIT6Q, STM32U595ZIY6QTR, STM32U595ZJT6, STM32U595ZJT6Q, STM32U595ZJY6QTR, STM32U599BJY6QTR, STM32U599NIH6Q, STM32U599NJH6Q, STM32U599VIT6Q, STM32U599VJT6, STM32U599VJT6Q, STM32U599ZIT6Q, STM32U599ZIY6QTR, STM32U599ZJT6Q, STM32U599ZJY6QTR, STM32U5A5AJH6, STM32U5A5AJH6Q, STM32U5A5QII3Q , STM32U5A5QJI6, STM32U5A5QJI6Q, STM32U5A5RJT6, STM32U5A5RJT6Q, STM32U5A5VJT6, STM32U5A5VJT6Q, STM32U5A5ZJT6, STM32U5A5ZJT6Q, STM32U5A5ZJY6QTR, STM32U5A9BJY6QTR, STM32U5A9J-DK, STM32U5A9NJH6Q, STM32U5A9VJT6Q, STM32U5A9ZJT6Q, STM32U5A9ZJY6QTR, STM32U5F7VIT6, STM32U5F7VIT6Q, STM32U5F7VJT6, STM32U5F7VJT6Q, STM32U5F9BJY6QTR, STM32U5F9NJH6Q, STM32U5F9VIT6Q, STM32U5F9VJT6Q, STM32U5F9ZIJ6QTR, STM32U5F9ZIT6Q, STM32U5F9ZJJ6QTR, STM32U5F9ZJT6Q, STM32U5G7VJT6, STM32U5G7VJT6Q, STM32U5G9BJY6QTR, STM32U5G9J-DK1, STM32U5G9J-DK2, STM32U5G9NJH6Q, STM32U5G9VJT6Q, STM32U5G9ZJJ6QTR, STM32U5G9ZJT6Q, STM32WB1MMCH6, STM32WBA50KEU6, STM32WBA50KEU6TR, STM32WBA50KGU6, STM32WBA50KGU6TR, STM32WBA52CEU6, STM32WBA52CEU6TR, STM32WBA52CEU7, STM32WBA52CEU7TR, STM32WBA52CGU6, STM32WBA52CGU6TR, STM32WBA52CGU6U, STM32WBA52CGU7, STM32WBA52CGU7TR, STM32WBA52KEU6, STM32WBA52KEU6TR, STM32WBA52KGU6, STM32WBA52KGU6TR, STM32WBA54CEU6, STM32WBA54CEU6TR, STM32WBA54CEU7, STM32WBA54CEU7TR, STM32WBA54CGU6, STM32WBA54CGU6TR, STM32WBA54CGU7, STM32WBA54CGU7TR, STM32WBA54KEU6, STM32WBA54KEU6TR, STM32WBA54KEU7, STM32WBA54KEU7TR, STM32WBA54KGU6, STM32WBA54KGU6TR, STM32WBA54KGU7, STM32WBA54KGU7TR, STM32WBA55CEU6, STM32WBA55CEU6TR, STM32WBA55CEU7, STM32WBA55CEU7TR, STM32WBA55CGU6, STM32WBA55CGU6TR, STM32WBA55CGU6U, STM32WBA55CGU7, STM32WBA55CGU7TR, STM32WBA55G-DK1, STM32WBA55HEF6, STM32WBA55HEF7, STM32WBA55HGF6, STM32WBA55HGF7, STM32WBA55UEI6, STM32WBA55UEI6TR, STM32WBA55UEI7, STM32WBA55UEI7TR, STM32WBA55UGI6, STM32WBA55UGI6TR, STM32WBA55UGI7, STM32WBA55UGI7TR, STM32WL5MOCH6, STM32WL5MOCH6TR]
2026-03-23 00:12:19,538 [INFO] DbMcus:218 - Found 4816 MCUs, 4816 are supported
2026-03-23 00:12:19,540 [INFO] ApiDb:423 - Load user favorites file C:\Users\USER/.stm32cubeide/favorites.mcus.txt: 0 item(s)
2026-03-23 00:12:19,541 [INFO] ApiDb:427 - User favorites MCUs=[]
2026-03-23 00:12:19,541 [INFO] DbMcus:224 - Set 0 / 0 favorites MCUs
2026-03-23 00:12:19,970 [INFO] BoardInfo:889 - No configuration file found for board B-WBA5M-WPAN
2026-03-23 00:12:19,971 [INFO] DbBoards:161 - Board is not supported: B-WBA5M-WPAN
2026-03-23 00:12:19,973 [INFO] BoardInfo:889 - No configuration file found for board NUCLEO-C051C8
2026-03-23 00:12:19,975 [INFO] DbBoards:161 - Board is not supported: NUCLEO-C051C8
2026-03-23 00:12:19,976 [INFO] BoardInfo:889 - No configuration file found for board NUCLEO-C071RB
2026-03-23 00:12:19,976 [INFO] DbBoards:161 - Board is not supported: NUCLEO-C071RB
2026-03-23 00:12:19,977 [INFO] BoardInfo:889 - No configuration file found for board NUCLEO-C092RC
2026-03-23 00:12:19,978 [INFO] DbBoards:161 - Board is not supported: NUCLEO-C092RC
2026-03-23 00:12:20,064 [INFO] BoardInfo:889 - No configuration file found for board NUCLEO-N657X0-Q
2026-03-23 00:12:20,065 [INFO] DbBoards:161 - Board is not supported: NUCLEO-N657X0-Q
2026-03-23 00:12:20,069 [INFO] BoardInfo:889 - No configuration file found for board NUCLEO-U385RG-Q
2026-03-23 00:12:20,069 [INFO] DbBoards:161 - Board is not supported: NUCLEO-U385RG-Q
2026-03-23 00:12:20,073 [INFO] BoardInfo:889 - No configuration file found for board NUCLEO-WB05KZ
2026-03-23 00:12:20,073 [INFO] DbBoards:161 - Board is not supported: NUCLEO-WB05KZ
2026-03-23 00:12:20,073 [INFO] BoardInfo:889 - No configuration file found for board NUCLEO-WB07CC
2026-03-23 00:12:20,074 [INFO] DbBoards:161 - Board is not supported: NUCLEO-WB07CC
2026-03-23 00:12:20,075 [INFO] BoardInfo:889 - No configuration file found for board NUCLEO-WB09KE
2026-03-23 00:12:20,075 [INFO] DbBoards:161 - Board is not supported: NUCLEO-WB09KE
2026-03-23 00:12:20,081 [INFO] BoardInfo:889 - No configuration file found for board NUCLEO-WBA65RI
2026-03-23 00:12:20,081 [INFO] DbBoards:161 - Board is not supported: NUCLEO-WBA65RI
2026-03-23 00:12:20,082 [INFO] BoardInfo:889 - No configuration file found for board NUCLEO-WL33CC1
2026-03-23 00:12:20,082 [INFO] DbBoards:161 - Board is not supported: NUCLEO-WL33CC1
2026-03-23 00:12:20,084 [INFO] BoardInfo:889 - No configuration file found for board NUCLEO-WL33CC2
2026-03-23 00:12:20,084 [INFO] DbBoards:161 - Board is not supported: NUCLEO-WL33CC2
2026-03-23 00:12:20,090 [INFO] BoardInfo:889 - No configuration file found for board P-NUCLEO-WB55
2026-03-23 00:12:20,091 [INFO] DbBoards:161 - Kit is not supported: P-NUCLEO-WB55
2026-03-23 00:12:20,095 [INFO] BoardInfo:889 - No configuration file found for board STEVAL-BFA001V1B
2026-03-23 00:12:20,096 [INFO] DbBoards:161 - Kit is not supported: STEVAL-BFA001V1B
2026-03-23 00:12:20,097 [INFO] BoardInfo:889 - No configuration file found for board STEVAL-BFA001V2B
2026-03-23 00:12:20,098 [INFO] DbBoards:161 - Kit is not supported: STEVAL-BFA001V2B
2026-03-23 00:12:20,204 [INFO] BoardInfo:889 - No configuration file found for board STM32MP257F-DK
2026-03-23 00:12:20,204 [INFO] DbBoards:161 - Board is not supported: STM32MP257F-DK
2026-03-23 00:12:20,205 [INFO] BoardInfo:889 - No configuration file found for board STM32MP257F-EV1
2026-03-23 00:12:20,205 [INFO] DbBoards:161 - Board is not supported: STM32MP257F-EV1
2026-03-23 00:12:20,207 [INFO] BoardInfo:889 - No configuration file found for board STM32N6570-DK
2026-03-23 00:12:20,207 [INFO] DbBoards:161 - Board is not supported: STM32N6570-DK
2026-03-23 00:12:20,216 [INFO] BoardInfo:889 - No configuration file found for board STM32WBA65I-DK1
2026-03-23 00:12:20,217 [INFO] DbBoards:161 - Board is not supported: STM32WBA65I-DK1
2026-03-23 00:12:20,217 [INFO] DbBoards:168 - Found 211 boards, 192 are supported
2026-03-23 00:12:20,217 [INFO] DbBoards:169 - Found 211 boards, 8 of them is supported for  Bsp
2026-03-23 00:12:20,220 [INFO] ApiDb:423 - Load user favorites file C:\Users\USER/.stm32cubeide/favorites.boards.txt: 0 item(s)
2026-03-23 00:12:20,220 [INFO] ApiDb:427 - User favorites Boards=[]
2026-03-23 00:12:20,220 [INFO] DbBoards:198 - Set 0 / 0 favorites Boards
2026-03-23 00:12:20,297 [INFO] UtilMem:75 - End LoadConfig() Used Memory: 804782984 Bytes (1073741824)
2026-03-23 00:12:20,561 [WARN] ThirdParty:833 - waiting for thirdparty lock release [change project]
2026-03-23 00:12:20,562 [INFO] ThirdParty:835 - entering critical section [change project]
2026-03-23 00:12:20,562 [INFO] ThirdParty:1030 - CMSIS Pack Vendor :STMicroelectronics X-CUBE-AZRTOS-H7 3.5.0
2026-03-23 00:12:20,562 [INFO] ThirdParty:1030 - CMSIS Pack Vendor :STMicroelectronics X-CUBE-PM33A1 1.0.0
2026-03-23 00:12:20,562 [INFO] ThirdParty:1030 - CMSIS Pack Vendor :STMicroelectronics USBPD 4.1
2026-03-23 00:12:20,562 [INFO] ThirdParty:1030 - CMSIS Pack Vendor :STMicroelectronics X-CUBE-GNSS1 6.0.0
2026-03-23 00:12:20,562 [INFO] ThirdParty:1030 - CMSIS Pack Vendor :STMicroelectronics USB_HOST 2.0.0
2026-03-23 00:12:20,562 [INFO] ThirdParty:1030 - CMSIS Pack Vendor :STMicroelectronics FP-SNS-MOTENVWB1 1.4.0
2026-03-23 00:12:20,562 [INFO] ThirdParty:1030 - CMSIS Pack Vendor :STMicroelectronics X-CUBE-AZRTOS-F4 1.1.0
2026-03-23 00:12:20,562 [INFO] ThirdParty:1030 - CMSIS Pack Vendor :STMicroelectronics LIBJPEG 8.0.0
2026-03-23 00:12:20,562 [INFO] ThirdParty:1030 - CMSIS Pack Vendor :STMicroelectronics FP-ATR-ASTRA1 2.0.2
2026-03-23 00:12:20,562 [INFO] ThirdParty:1030 - CMSIS Pack Vendor :STMicroelectronics FP-ATR-ASTRA1 2.0.1
2026-03-23 00:12:20,562 [INFO] ThirdParty:1030 - CMSIS Pack Vendor :STMicroelectronics X-CUBE-SMBUS 2.1.0
2026-03-23 00:12:20,562 [INFO] ThirdParty:1030 - CMSIS Pack Vendor :STMicroelectronics X-CUBE-WB05N 1.1.0
2026-03-23 00:12:20,562 [INFO] ThirdParty:1030 - CMSIS Pack Vendor :STMicroelectronics X-CUBE-ISPU 2.1.0
2026-03-23 00:12:20,562 [INFO] ThirdParty:1030 - CMSIS Pack Vendor :STMicroelectronics X-CUBE-FREERTOS 1.2.0
2026-03-23 00:12:20,562 [INFO] ThirdParty:1030 - CMSIS Pack Vendor :STMicroelectronics X-CUBE-NFC12 1.0.0
2026-03-23 00:12:20,562 [INFO] ThirdParty:1030 - CMSIS Pack Vendor :STMicroelectronics X-CUBE-TOUCHGFX 4.23.2
2026-03-23 00:12:20,562 [INFO] ThirdParty:1030 - CMSIS Pack Vendor :STMicroelectronics X-CUBE-AZRTOS-F7 1.1.0
2026-03-23 00:12:20,562 [INFO] ThirdParty:1030 - CMSIS Pack Vendor :STMicroelectronics X-CUBE-AZRTOS-L5 2.0.0
2026-03-23 00:12:20,563 [INFO] ThirdParty:1030 - CMSIS Pack Vendor :STMicroelectronics USB_DEVICE 2.0.0
2026-03-23 00:12:20,563 [INFO] ThirdParty:1030 - CMSIS Pack Vendor :STMicroelectronics X-CUBE-NFC6 3.1.0
2026-03-23 00:12:20,563 [INFO] ThirdParty:1030 - CMSIS Pack Vendor :STMicroelectronics X-CUBE-MEMS1 11.0.0
2026-03-23 00:12:20,563 [INFO] ThirdParty:1030 - CMSIS Pack Vendor :STMicroelectronics FreeRTOS 0.0.1
2026-03-23 00:12:20,563 [INFO] ThirdParty:1030 - CMSIS Pack Vendor :STMicroelectronics X-CUBE-DPower 1.2.0
2026-03-23 00:12:20,563 [INFO] ThirdParty:1030 - CMSIS Pack Vendor :STMicroelectronics FP-SNS-FLIGHT1 5.0.2
2026-03-23 00:12:20,563 [INFO] ThirdParty:1030 - CMSIS Pack Vendor :STMicroelectronics X-CUBE-AI 9.0.0
2026-03-23 00:12:20,563 [INFO] ThirdParty:1030 - CMSIS Pack Vendor :STMicroelectronics PDM2PCM 3.3.0
2026-03-23 00:12:20,563 [INFO] ThirdParty:1030 - CMSIS Pack Vendor :STMicroelectronics X-CUBE-AZRTOS-H7 3.4.0
2026-03-23 00:12:20,563 [INFO] ThirdParty:1030 - CMSIS Pack Vendor :STMicroelectronics X-CUBE-DISPLAY 3.0.0
2026-03-23 00:12:20,563 [INFO] ThirdParty:1030 - CMSIS Pack Vendor :STMicroelectronics X-CUBE-BLE1 7.0.0
2026-03-23 00:12:20,563 [INFO] ThirdParty:1030 - CMSIS Pack Vendor :STMicroelectronics X-CUBE-NFC10 1.0.0
2026-03-23 00:12:20,563 [INFO] ThirdParty:1030 - CMSIS Pack Vendor :STMicroelectronics X-CUBE-BLEMGR 4.0.0
2026-03-23 00:12:20,563 [INFO] ThirdParty:1030 - CMSIS Pack Vendor :STMicroelectronics X-CUBE-FREERTOS 1.3.1
2026-03-23 00:12:20,563 [INFO] ThirdParty:1030 - CMSIS Pack Vendor :STMicroelectronics HAL Drivers 0.0.0
2026-03-23 00:12:20,563 [INFO] ThirdParty:1030 - CMSIS Pack Vendor :emotas I-CUBE-CANOPEN 1.3.0
2026-03-23 00:12:20,563 [INFO] ThirdParty:1030 - CMSIS Pack Vendor :STMicroelectronics X-CUBE-FREERTOS 1.3.0
2026-03-23 00:12:20,563 [INFO] ThirdParty:1030 - CMSIS Pack Vendor :STMicroelectronics X-CUBE-NFC7 1.0.1
2026-03-23 00:12:20,563 [INFO] ThirdParty:1030 - CMSIS Pack Vendor :STMicroelectronics MBEDTLS 2.14.1
2026-03-23 00:12:20,563 [INFO] ThirdParty:1030 - CMSIS Pack Vendor :STMicroelectronics X-CUBE-GNSS1 7.1.0
2026-03-23 00:12:20,563 [INFO] ThirdParty:1030 - CMSIS Pack Vendor :STMicroelectronics X-CUBE-TOUCHGFX 4.26.0
2026-03-23 00:12:20,563 [INFO] ThirdParty:1030 - CMSIS Pack Vendor :STMicroelectronics X-CUBE-TOUCHGFX 4.26.1
2026-03-23 00:12:20,563 [INFO] ThirdParty:1030 - CMSIS Pack Vendor :STMicroelectronics X-CUBE-BLEMGR 3.1.0
2026-03-23 00:12:20,563 [INFO] ThirdParty:1030 - CMSIS Pack Vendor :STMicroelectronics X-CUBE-AI 10.0.0
2026-03-23 00:12:20,563 [INFO] ThirdParty:1030 - CMSIS Pack Vendor :STMicroelectronics FP-SNS-SMARTAG2 1.2.0
2026-03-23 00:12:20,563 [INFO] ThirdParty:1030 - CMSIS Pack Vendor :STMicroelectronics X-CUBE-MEMS1 11.1.0
2026-03-23 00:12:20,563 [INFO] ThirdParty:1030 - CMSIS Pack Vendor :STMicroelectronics X-CUBE-AZRTOS-WL 2.0.0
2026-03-23 00:12:20,563 [INFO] ThirdParty:1030 - CMSIS Pack Vendor :STMicroelectronics X-CUBE-DPower 1.3.0
2026-03-23 00:12:20,563 [INFO] ThirdParty:1030 - CMSIS Pack Vendor :STMicroelectronics FP-SNS-MOTENV1 5.0.0
2026-03-23 00:12:20,563 [INFO] ThirdParty:1030 - CMSIS Pack Vendor :STMicroelectronics USB_DEVICE 1.0.0
2026-03-23 00:12:20,563 [INFO] ThirdParty:1030 - CMSIS Pack Vendor :STMicroelectronics X-CUBE-AZRTOS-H7RS 1.2.0
2026-03-23 00:12:20,563 [INFO] ThirdParty:1030 - CMSIS Pack Vendor :wolfSSL I-CUBE-wolfMQTT 1.19.0
2026-03-23 00:12:20,563 [INFO] ThirdParty:1030 - CMSIS Pack Vendor :STMicroelectronics X-CUBE-AZRTOS-L4 2.0.0
2026-03-23 00:12:20,563 [INFO] ThirdParty:1030 - CMSIS Pack Vendor :STMicroelectronics ThreadX 0.0.2
2026-03-23 00:12:20,563 [INFO] ThirdParty:1030 - CMSIS Pack Vendor :WES I-CUBE-Cesium 1.3.0
2026-03-23 00:12:20,563 [INFO] ThirdParty:1030 - CMSIS Pack Vendor :STMicroelectronics lwIP 2.1.2
2026-03-23 00:12:20,563 [INFO] ThirdParty:1030 - CMSIS Pack Vendor :STMicroelectronics X-CUBE-SFXS2LP1 4.0.0
2026-03-23 00:12:20,563 [INFO] ThirdParty:1030 - CMSIS Pack Vendor :STMicroelectronics X-CUBE-BLE2 3.3.0
2026-03-23 00:12:20,563 [INFO] ThirdParty:1030 - CMSIS Pack Vendor :STMicroelectronics PDM2PCM 3.2.0
2026-03-23 00:12:20,563 [INFO] ThirdParty:1030 - CMSIS Pack Vendor :STMicroelectronics X-CUBE-AZRTOS-H7 3.3.0
2026-03-23 00:12:20,563 [INFO] ThirdParty:1030 - CMSIS Pack Vendor :STMicroelectronics X-CUBE-NFC9 1.0.0
2026-03-23 00:12:20,563 [INFO] ThirdParty:1030 - CMSIS Pack Vendor :STMicroelectronics X-CUBE-BLE1 7.1.0
2026-03-23 00:12:20,564 [INFO] ThirdParty:1030 - CMSIS Pack Vendor :STMicroelectronics USB_DEVICE 3.0.0
2026-03-23 00:12:20,564 [INFO] ThirdParty:1030 - CMSIS Pack Vendor :STMicroelectronics X-CUBE-TCPP 4.1.0
2026-03-23 00:12:20,564 [INFO] ThirdParty:1030 - CMSIS Pack Vendor :STMicroelectronics X-CUBE-EEPRMA1 5.2.0
2026-03-23 00:12:20,564 [INFO] ThirdParty:1030 - CMSIS Pack Vendor :STMicroelectronics X-CUBE-IPS 3.0.0
2026-03-23 00:12:20,564 [INFO] ThirdParty:1030 - CMSIS Pack Vendor :STMicroelectronics X-CUBE-AZRTOS-WB 2.0.0
2026-03-23 00:12:20,564 [INFO] ThirdParty:1030 - CMSIS Pack Vendor :STMicroelectronics X-CUBE-GNSS1 7.0.0
2026-03-23 00:12:20,564 [INFO] ThirdParty:1030 - CMSIS Pack Vendor :STMicroelectronics X-CUBE-GNSS1 7.0.1
2026-03-23 00:12:20,564 [INFO] ThirdParty:1030 - CMSIS Pack Vendor :STMicroelectronics X-CUBE-TOUCHGFX 4.25.0
2026-03-23 00:12:20,564 [INFO] ThirdParty:1030 - CMSIS Pack Vendor :STMicroelectronics FP-SNS-STBOX1 2.0.0
2026-03-23 00:12:20,564 [INFO] ThirdParty:1030 - CMSIS Pack Vendor :STMicroelectronics X-CUBE-MEMS1 12.0.0
2026-03-23 00:12:20,564 [INFO] ThirdParty:1030 - CMSIS Pack Vendor :STMicroelectronics X-CUBE-ALGOBUILD 1.3.0
2026-03-23 00:12:20,564 [INFO] ThirdParty:1030 - CMSIS Pack Vendor :STMicroelectronics X-CUBE-STSE01 2.0.0
2026-03-23 00:12:20,564 [INFO] ThirdParty:1030 - CMSIS Pack Vendor :STMicroelectronics X-CUBE-MEMS1 11.2.0
2026-03-23 00:12:20,564 [INFO] ThirdParty:1030 - CMSIS Pack Vendor :STMicroelectronics X-CUBE-AZRTOS-G0 1.1.0
2026-03-23 00:12:20,564 [INFO] ThirdParty:1030 - CMSIS Pack Vendor :STMicroelectronics X-CUBE-SAFEA1 1.2.2
2026-03-23 00:12:20,564 [INFO] ThirdParty:1030 - CMSIS Pack Vendor :STMicroelectronics X-CUBE-NFC4 3.0.0
2026-03-23 00:12:20,564 [INFO] ThirdParty:1030 - CMSIS Pack Vendor :STMicroelectronics X-CUBE-SUBG2 5.0.0
2026-03-23 00:12:20,564 [INFO] ThirdParty:1030 - CMSIS Pack Vendor :STMicroelectronics X-CUBE-AZRTOS-H7RS 1.1.0
2026-03-23 00:12:20,564 [INFO] ThirdParty:1030 - CMSIS Pack Vendor :STMicroelectronics STM32_WPAN 1.0.0
2026-03-23 00:12:20,564 [INFO] ThirdParty:1030 - CMSIS Pack Vendor :EmbeddedOffice I-CUBE-FS-RTOS 1.0.1
2026-03-23 00:12:20,564 [INFO] ThirdParty:1030 - CMSIS Pack Vendor :STMicroelectronics lwIP 2.0.3
2026-03-23 00:12:20,564 [INFO] ThirdParty:1030 - CMSIS Pack Vendor :Cesanta I-CUBE-Mongoose 7.13.0
2026-03-23 00:12:20,564 [INFO] ThirdParty:1030 - CMSIS Pack Vendor :STMicroelectronics USB_HOST 1.0.0
2026-03-23 00:12:20,564 [INFO] ThirdParty:1030 - CMSIS Pack Vendor :STMicroelectronics X-CUBE-AZRTOS-G4 2.0.0
2026-03-23 00:12:20,564 [INFO] ThirdParty:1030 - CMSIS Pack Vendor :STMicroelectronics X-CUBE-WB05N 2.0.0
2026-03-23 00:12:20,564 [INFO] ThirdParty:1030 - CMSIS Pack Vendor :STMicroelectronics PDM2PCM 3.1.0
2026-03-23 00:12:20,564 [INFO] ThirdParty:1030 - CMSIS Pack Vendor :STMicroelectronics X-CUBE-NFC7 2.0.0
2026-03-23 00:12:20,564 [INFO] ThirdParty:1030 - CMSIS Pack Vendor :RealThread X-CUBE-RT-Thread_Nano 4.1.1
2026-03-23 00:12:20,564 [INFO] ThirdParty:1030 - CMSIS Pack Vendor :wolfSSL I-CUBE-wolfSSL 5.7.0
2026-03-23 00:12:20,564 [INFO] ThirdParty:1030 - CMSIS Pack Vendor :STMicroelectronics FP-ATR-SIGFOX1 3.2.0
2026-03-23 00:12:20,564 [INFO] ThirdParty:1030 - CMSIS Pack Vendor :quantropi X-CUBE-qispace-sdk-base 1.9.3
2026-03-23 00:12:20,564 [INFO] ThirdParty:1030 - CMSIS Pack Vendor :STMicroelectronics X-CUBE-ISPU 2.0.0
2026-03-23 00:12:20,564 [INFO] ThirdParty:1030 - CMSIS Pack Vendor :STMicroelectronics X-CUBE-EEPRMA1 5.1.0
2026-03-23 00:12:20,564 [INFO] ThirdParty:1030 - CMSIS Pack Vendor :STMicroelectronics MBEDTLS 2.16.2
2026-03-23 00:12:20,564 [INFO] ThirdParty:1030 - CMSIS Pack Vendor :STMicroelectronics X-CUBE-ALS 1.0.2
2026-03-23 00:12:20,564 [INFO] ThirdParty:1030 - CMSIS Pack Vendor :STMicroelectronics X-CUBE-MEMS1 10.0.0
2026-03-23 00:12:20,564 [INFO] ThirdParty:1030 - CMSIS Pack Vendor :STMicroelectronics X-CUBE-FREERTOS 1.1.0
2026-03-23 00:12:20,564 [INFO] ThirdParty:1030 - CMSIS Pack Vendor :ITTIA_DB I-CUBE-ITTIADB 8.9.0
2026-03-23 00:12:20,564 [INFO] ThirdParty:1030 - CMSIS Pack Vendor :STMicroelectronics X-CUBE-TOUCHGFX 4.24.2
2026-03-23 00:12:20,564 [INFO] ThirdParty:1030 - CMSIS Pack Vendor :STMicroelectronics X-CUBE-TOUCHGFX 4.24.1
2026-03-23 00:12:20,564 [INFO] ThirdParty:1030 - CMSIS Pack Vendor :STMicroelectronics X-CUBE-STSE01 1.0.0
2026-03-23 00:12:20,564 [INFO] ThirdParty:1030 - CMSIS Pack Vendor :wolfSSL I-CUBE-wolfTPM 3.4.0
2026-03-23 00:12:20,564 [INFO] ThirdParty:1030 - CMSIS Pack Vendor :portGmbH I-Cube-SoM-uGOAL 1.1.0
2026-03-23 00:12:20,564 [INFO] ThirdParty:1030 - CMSIS Pack Vendor :STMicroelectronics X-CUBE-ALS 1.0.1
2026-03-23 00:12:20,564 [INFO] ThirdParty:1030 - CMSIS Pack Vendor :STMicroelectronics X-CUBE-NFC6 3.2.0
2026-03-23 00:12:20,564 [INFO] ThirdParty:1030 - CMSIS Pack Vendor :STMicroelectronics X-CUBE-AI 10.2.0
2026-03-23 00:12:20,564 [INFO] ThirdParty:1030 - CMSIS Pack Vendor :STMicroelectronics ThreadX 1.0.0
2026-03-23 00:12:20,564 [INFO] ThirdParty:1030 - CMSIS Pack Vendor :SEGGER I-CUBE-embOS 1.3.1
2026-03-23 00:12:20,564 [INFO] ThirdParty:1030 - CMSIS Pack Vendor :STMicroelectronics X-CUBE-ALGOBUILD 1.4.0
2026-03-23 00:12:20,564 [INFO] ThirdParty:1030 - CMSIS Pack Vendor :STMicroelectronics X-CUBE-AZRTOS-H7RS 1.0.0
2026-03-23 00:12:20,564 [INFO] ThirdParty:1030 - CMSIS Pack Vendor :STMicroelectronics FP-ATR-ASTRA1 2.0.0
2026-03-23 00:12:20,564 [INFO] ThirdParty:1030 - CMSIS Pack Vendor :STMicroelectronics X-CUBE-TOF1 3.4.2
2026-03-23 00:12:20,564 [INFO] ThirdParty:1030 - CMSIS Pack Vendor :STMicroelectronics X-CUBE-AI 9.1.0
2026-03-23 00:12:20,564 [INFO] ThirdParty:1030 - CMSIS Pack Vendor :STMicroelectronics X-CUBE-TOF1 3.4.1
2026-03-23 00:12:20,564 [INFO] ThirdParty:1030 - CMSIS Pack Vendor :STMicroelectronics X-CUBE-AZRTOS-H7 3.2.0
2026-03-23 00:12:20,564 [INFO] ThirdParty:1030 - CMSIS Pack Vendor :Infineon AIROC-Wi-Fi-Bluetooth-STM32 1.6.0
2026-03-23 00:12:20,564 [INFO] ThirdParty:1030 - CMSIS Pack Vendor :wolfSSL I-CUBE-wolfSSH 1.4.17
2026-03-23 00:12:20,564 [INFO] ThirdParty:841 - exiting critical section [change project]
2026-03-23 00:12:20,836 [INFO] PinOutPanel:1561 - setPackage(No Configuration,No Configuration)
2026-03-23 00:12:20,837 [INFO] PinOutPanel:1561 - setPackage(STM32F411CEUx,UFQFPN48)
2026-03-23 00:12:21,523 [INFO] UtilMem:75 - Before build in PCC Used Memory: 727689680 Bytes (1073741824)
2026-03-23 00:12:23,201 [INFO] UtilMem:75 - After build in PCC Used Memory: 816497104 Bytes (1073741824)
2026-03-23 00:12:23,237 [INFO] IPUIPlugin:80 - create IPUIPlugin
2026-03-23 00:12:23,237 [INFO] IPUIPlugin:80 - create IPUIPlugin
2026-03-23 00:12:23,237 [INFO] IPUIPlugin:80 - create IPUIPlugin
2026-03-23 00:12:23,237 [INFO] IPUIPlugin:80 - create IPUIPlugin
2026-03-23 00:12:23,237 [INFO] IPUIPlugin:80 - create IPUIPlugin
2026-03-23 00:12:23,238 [INFO] IPUIPlugin:80 - create IPUIPlugin
2026-03-23 00:12:23,238 [INFO] IPUIPlugin:80 - create IPUIPlugin
2026-03-23 00:12:23,238 [INFO] IPUIPlugin:80 - create IPUIPlugin
2026-03-23 00:12:23,238 [INFO] IPUIPlugin:80 - create IPUIPlugin
2026-03-23 00:12:23,238 [INFO] IPUIPlugin:80 - create IPUIPlugin
2026-03-23 00:12:23,238 [INFO] IPUIPlugin:80 - create IPUIPlugin
2026-03-23 00:12:23,238 [INFO] IPUIPlugin:80 - create IPUIPlugin
2026-03-23 00:12:23,239 [INFO] IPUIPlugin:80 - create IPUIPlugin
2026-03-23 00:12:23,239 [INFO] IPUIPlugin:80 - create IPUIPlugin
2026-03-23 00:12:23,239 [INFO] IPUIPlugin:80 - create IPUIPlugin
2026-03-23 00:12:23,239 [INFO] IPUIPlugin:80 - create IPUIPlugin
2026-03-23 00:12:23,240 [INFO] IPUIPlugin:80 - create IPUIPlugin
2026-03-23 00:12:23,240 [INFO] IPUIPlugin:80 - create IPUIPlugin
2026-03-23 00:12:23,240 [INFO] IPUIPlugin:80 - create IPUIPlugin
2026-03-23 00:12:23,240 [INFO] IPUIPlugin:80 - create IPUIPlugin
2026-03-23 00:12:23,241 [INFO] IPUIPlugin:80 - create IPUIPlugin
2026-03-23 00:12:23,241 [INFO] IPUIPlugin:80 - create IPUIPlugin
2026-03-23 00:12:23,241 [INFO] IPUIPlugin:80 - create IPUIPlugin
2026-03-23 00:12:23,241 [INFO] IPUIPlugin:80 - create IPUIPlugin
2026-03-23 00:12:23,242 [INFO] IPUIPlugin:80 - create IPUIPlugin
2026-03-23 00:12:23,242 [INFO] IPUIPlugin:80 - create IPUIPlugin
2026-03-23 00:12:23,242 [INFO] IPUIPlugin:80 - create IPUIPlugin
2026-03-23 00:12:23,243 [INFO] IPUIPlugin:80 - create IPUIPlugin
2026-03-23 00:12:23,243 [INFO] IPUIPlugin:80 - create IPUIPlugin
2026-03-23 00:12:23,243 [INFO] IPUIPlugin:80 - create IPUIPlugin
2026-03-23 00:12:23,244 [INFO] IPUIPlugin:80 - create IPUIPlugin
2026-03-23 00:12:23,244 [INFO] IPUIPlugin:80 - create IPUIPlugin
2026-03-23 00:12:23,244 [INFO] IPUIPlugin:80 - create IPUIPlugin
2026-03-23 00:12:23,244 [INFO] IPUIPlugin:80 - create IPUIPlugin
2026-03-23 00:12:23,245 [INFO] IPUIPlugin:80 - create IPUIPlugin
2026-03-23 00:12:23,245 [INFO] IPUIPlugin:80 - create IPUIPlugin
2026-03-23 00:12:23,245 [INFO] IPUIPlugin:80 - create IPUIPlugin
2026-03-23 00:12:23,246 [INFO] IPUIPlugin:80 - create IPUIPlugin
2026-03-23 00:12:23,247 [INFO] IPUIPlugin:80 - create IPUIPlugin
2026-03-23 00:12:23,247 [INFO] IPUIPlugin:80 - create IPUIPlugin
2026-03-23 00:12:23,247 [INFO] IPUIPlugin:80 - create IPUIPlugin
2026-03-23 00:12:23,248 [INFO] IPUIPlugin:80 - create IPUIPlugin
2026-03-23 00:12:23,248 [INFO] IPUIPlugin:80 - create IPUIPlugin
2026-03-23 00:12:23,249 [INFO] IPUIPlugin:80 - create IPUIPlugin
2026-03-23 00:12:23,346 [INFO] ApiDbMcu:508 - Load IP Config File for PDM2PCM
2026-03-23 00:12:23,444 [WARN] FreeRTOS:1023 - Null or empty value: should not occur! (nothing added to the table)
2026-03-23 00:12:23,900 [INFO] CADModel:165 - CPN selected for project levelSTM32F411CEU6
2026-03-23 00:12:23,900 [INFO] CADModel:114 - Register for checkConnection events
2026-03-23 00:12:23,903 [INFO] RtosManager:697 - Active RTOS found at IOC load: FREERTOS [Cortex-M4NS]
2026-03-23 00:12:23,943 [INFO] OpenFileManager:343 - Restore cursor
2026-03-23 00:12:24,233 [WARN] IP:2120 - tgfx_framebuffer_stride_value_custom not found: check if there is a RefParameter without a condition.
2026-03-23 00:12:24,237 [WARN] IP:2120 - tgfx_framebuffer_stride_value_custom not found: check if there is a RefParameter without a condition.
2026-03-23 00:12:38,954 [INFO] NvicIntPanel:101 - NVIC parent = com.st.microxplorer.plugins.ip.nvic.MultiNvicIntPanel[,0,0,518x222,layout=javax.swing.BoxLayout,alignmentX=0.0,alignmentY=0.0,border=,flags=9,maximumSize=,minimumSize=,preferredSize=]
2026-03-23 00:12:50,673 [INFO] UtilMem:75 - End SaveConfig() Used Memory: 894691752 Bytes (1073741824)
2026-03-23 00:12:53,363 [INFO] BlockDiagram:2759 - set Specific Code input for plugin: SPI
2026-03-23 00:12:53,363 [INFO] BlockDiagram:2759 - set Specific Code input for plugin: SPI
2026-03-23 00:12:53,364 [INFO] BlockDiagram:2759 - set Specific Code input for plugin: NVIC
2026-03-23 00:12:53,364 [INFO] BlockDiagram:2759 - set Specific Code input for plugin: FREERTOS
2026-03-23 00:12:53,364 [INFO] BlockDiagram:2759 - set Specific Code input for plugin: USART
2026-03-23 00:12:53,364 [INFO] BlockDiagram:2759 - set Specific Code input for plugin: DMA
2026-03-23 00:12:53,364 [INFO] BlockDiagram:2759 - set Specific Code input for plugin: STMicroelectronics.X-CUBE-TOUCHGFX.4.26.0
2026-03-23 00:12:53,364 [INFO] BlockDiagram:2759 - set Specific Code input for plugin: TIM1_8
2026-03-23 00:12:53,364 [INFO] BlockDiagram:2759 - set Specific Code input for plugin: SYS
2026-03-23 00:12:53,365 [INFO] BlockDiagram:2759 - set Specific Code input for plugin: GPIO
2026-03-23 00:12:53,365 [INFO] BlockDiagram:2759 - set Specific Code input for plugin: RCC
2026-03-23 00:12:53,365 [INFO] BlockDiagram:2759 - set Specific Code input for plugin: CRC
2026-03-23 00:12:53,370 [WARN] IP:2120 - tgfx_framebuffer_stride_value_custom not found: check if there is a RefParameter without a condition.
2026-03-23 00:12:53,375 [INFO] CodeGenerator:807 - code generatio: config db path: D:\Documentos\Electronica\Nueva carpeta\STM32CubeIDE_1.15.0\STM32CubeIDE\plugins\com.st.stm32cube.common.mx_6.11.0.202403141607\\db\
2026-03-23 00:12:53,418 [WARN] IP:2120 - tgfx_framebuffer_stride_value_custom not found: check if there is a RefParameter without a condition.
2026-03-23 00:12:53,583 [INFO] IP:3348 - RTE Config file name : RTE_Component
2026-03-23 00:12:53,583 [INFO] IP:3366 - RTE template : RTE_Components.ftl
2026-03-23 00:12:53,770 [INFO] CodeEngine:255 - oldGeneratedFile, C:\git\VehiculoTT\HMITT\MXTmpFiles\license.tmp_save
2026-03-23 00:12:54,452 [INFO] CodeEngine:279 - Generated code: C:\git\VehiculoTT\HMITT\MXTmpFiles\license.tmp
2026-03-23 00:12:54,683 [INFO] CodeEngine:255 - oldGeneratedFile, C:\git\VehiculoTT\HMITT\MXTmpFiles\gpio.tmp_save
2026-03-23 00:12:54,906 [INFO] CodeEngine:279 - Generated code: C:\git\VehiculoTT\HMITT\MXTmpFiles\gpio.tmp
2026-03-23 00:12:55,880 [INFO] Middleware:1439 - No code input for Bsp Dependency
2026-03-23 00:12:55,915 [INFO] CodeEngine:255 - oldGeneratedFile, C:\git\VehiculoTT\HMITT\MXTmpFiles\rtos_inc.tmp_save
2026-03-23 00:12:56,057 [INFO] CodeEngine:279 - Generated code: C:\git\VehiculoTT\HMITT\MXTmpFiles\rtos_inc.tmp
2026-03-23 00:12:56,084 [INFO] CodeEngine:255 - oldGeneratedFile, C:\git\VehiculoTT\HMITT\MXTmpFiles\rtos_kernelInit.tmp_save
2026-03-23 00:12:56,193 [INFO] CodeEngine:279 - Generated code: C:\git\VehiculoTT\HMITT\MXTmpFiles\rtos_kernelInit.tmp
2026-03-23 00:12:56,213 [INFO] CodeEngine:255 - oldGeneratedFile, C:\git\VehiculoTT\HMITT\MXTmpFiles\rtos_kernelStart.tmp_save
2026-03-23 00:12:56,305 [INFO] CodeEngine:279 - Generated code: C:\git\VehiculoTT\HMITT\MXTmpFiles\rtos_kernelStart.tmp
2026-03-23 00:12:56,349 [INFO] CodeEngine:255 - oldGeneratedFile, C:\git\VehiculoTT\HMITT\MXTmpFiles\rtos_typedefs.tmp_save
2026-03-23 00:12:56,419 [INFO] CodeEngine:279 - Generated code: C:\git\VehiculoTT\HMITT\MXTmpFiles\rtos_typedefs.tmp
2026-03-23 00:12:56,457 [INFO] CodeEngine:255 - oldGeneratedFile, C:\git\VehiculoTT\HMITT\MXTmpFiles\rtos_vars.tmp_save
2026-03-23 00:12:56,591 [INFO] CodeEngine:279 - Generated code: C:\git\VehiculoTT\HMITT\MXTmpFiles\rtos_vars.tmp
2026-03-23 00:12:56,643 [INFO] CodeEngine:255 - oldGeneratedFile, C:\git\VehiculoTT\HMITT\MXTmpFiles\rtos_pfp.tmp_save
2026-03-23 00:12:56,759 [INFO] CodeEngine:279 - Generated code: C:\git\VehiculoTT\HMITT\MXTmpFiles\rtos_pfp.tmp
2026-03-23 00:12:56,780 [INFO] CodeEngine:255 - oldGeneratedFile, C:\git\VehiculoTT\HMITT\MXTmpFiles\rtos_obj_creat.tmp_save
2026-03-23 00:12:56,884 [INFO] CodeEngine:279 - Generated code: C:\git\VehiculoTT\HMITT\MXTmpFiles\rtos_obj_creat.tmp
2026-03-23 00:12:56,942 [INFO] CodeEngine:255 - oldGeneratedFile, C:\git\VehiculoTT\HMITT\MXTmpFiles\rtos_default_thread.tmp_save
2026-03-23 00:12:57,056 [INFO] CodeEngine:279 - Generated code: C:\git\VehiculoTT\HMITT\MXTmpFiles\rtos_default_thread.tmp
2026-03-23 00:12:57,075 [INFO] CodeEngine:255 - oldGeneratedFile, C:\git\VehiculoTT\HMITT\MXTmpFiles\rtos_threads.tmp_save
2026-03-23 00:12:57,162 [INFO] CodeEngine:279 - Generated code: C:\git\VehiculoTT\HMITT\MXTmpFiles\rtos_threads.tmp
2026-03-23 00:12:57,171 [INFO] Middleware:1439 - No code input for Bsp Dependency
2026-03-23 00:12:57,172 [INFO] IP:3348 - RTE Config file name : RTE_Component
2026-03-23 00:12:57,173 [INFO] IP:3366 - RTE template : RTE_Components.ftl
2026-03-23 00:12:57,197 [INFO] CodeEngine:255 - oldGeneratedFile, C:\git\VehiculoTT\HMITT\MXTmpFiles\SCB_CleanInvalidateDCache.tmp_save
2026-03-23 00:12:57,262 [INFO] CodeEngine:279 - Generated code: C:\git\VehiculoTT\HMITT\MXTmpFiles\SCB_CleanInvalidateDCache.tmp
2026-03-23 00:12:57,280 [INFO] CodeEngine:255 - oldGeneratedFile, C:\git\VehiculoTT\HMITT\MXTmpFiles\SCB_InvalidateDCache.tmp_save
2026-03-23 00:12:57,344 [INFO] CodeEngine:279 - Generated code: C:\git\VehiculoTT\HMITT\MXTmpFiles\SCB_InvalidateDCache.tmp
2026-03-23 00:12:57,360 [INFO] CodeEngine:255 - oldGeneratedFile, C:\git\VehiculoTT\HMITT\MXTmpFiles\touchgfx_license.tmp_save
2026-03-23 00:12:57,459 [INFO] CodeEngine:279 - Generated code: C:\git\VehiculoTT\HMITT\MXTmpFiles\touchgfx_license.tmp
2026-03-23 00:12:57,474 [INFO] CodeEngine:255 - oldGeneratedFile, C:\git\VehiculoTT\HMITT\MXTmpFiles\touchgfx_gen_license.tmp_save
2026-03-23 00:12:57,546 [INFO] CodeEngine:279 - Generated code: C:\git\VehiculoTT\HMITT\MXTmpFiles\touchgfx_gen_license.tmp
2026-03-23 00:12:57,565 [INFO] CodeEngine:255 - oldGeneratedFile, C:\git\VehiculoTT\HMITT\MXTmpFiles\oswrappers_cmsis.tmp_save
2026-03-23 00:12:57,654 [INFO] CodeEngine:279 - Generated code: C:\git\VehiculoTT\HMITT\MXTmpFiles\oswrappers_cmsis.tmp
2026-03-23 00:12:57,667 [INFO] Middleware:1439 - No code input for Bsp Dependency
2026-03-23 00:12:57,682 [INFO] CodeEngine:255 - oldGeneratedFile, C:\git\VehiculoTT\HMITT\MXTmpFiles\rtos_inc.tmp_save
2026-03-23 00:12:57,752 [INFO] CodeEngine:279 - Generated code: C:\git\VehiculoTT\HMITT\MXTmpFiles\rtos_inc.tmp
2026-03-23 00:12:57,764 [INFO] CodeEngine:255 - oldGeneratedFile, C:\git\VehiculoTT\HMITT\MXTmpFiles\rtos_kernelInit.tmp_save
2026-03-23 00:12:57,824 [INFO] CodeEngine:279 - Generated code: C:\git\VehiculoTT\HMITT\MXTmpFiles\rtos_kernelInit.tmp
2026-03-23 00:12:57,834 [INFO] CodeEngine:255 - oldGeneratedFile, C:\git\VehiculoTT\HMITT\MXTmpFiles\rtos_kernelStart.tmp_save
2026-03-23 00:12:57,892 [INFO] CodeEngine:279 - Generated code: C:\git\VehiculoTT\HMITT\MXTmpFiles\rtos_kernelStart.tmp
2026-03-23 00:12:57,905 [INFO] CodeEngine:255 - oldGeneratedFile, C:\git\VehiculoTT\HMITT\MXTmpFiles\rtos_typedefs.tmp_save
2026-03-23 00:12:57,967 [INFO] CodeEngine:279 - Generated code: C:\git\VehiculoTT\HMITT\MXTmpFiles\rtos_typedefs.tmp
2026-03-23 00:12:57,985 [INFO] CodeEngine:255 - oldGeneratedFile, C:\git\VehiculoTT\HMITT\MXTmpFiles\rtos_vars.tmp_save
2026-03-23 00:12:58,046 [INFO] CodeEngine:279 - Generated code: C:\git\VehiculoTT\HMITT\MXTmpFiles\rtos_vars.tmp
2026-03-23 00:12:58,056 [INFO] CodeEngine:255 - oldGeneratedFile, C:\git\VehiculoTT\HMITT\MXTmpFiles\rtos_pfp.tmp_save
2026-03-23 00:12:58,113 [INFO] CodeEngine:279 - Generated code: C:\git\VehiculoTT\HMITT\MXTmpFiles\rtos_pfp.tmp
2026-03-23 00:12:58,133 [INFO] CodeEngine:255 - oldGeneratedFile, C:\git\VehiculoTT\HMITT\MXTmpFiles\rtos_obj_creat.tmp_save
2026-03-23 00:12:58,193 [INFO] CodeEngine:279 - Generated code: C:\git\VehiculoTT\HMITT\MXTmpFiles\rtos_obj_creat.tmp
2026-03-23 00:12:58,204 [INFO] CodeEngine:255 - oldGeneratedFile, C:\git\VehiculoTT\HMITT\MXTmpFiles\rtos_default_thread.tmp_save
2026-03-23 00:12:58,679 [INFO] CodeEngine:279 - Generated code: C:\git\VehiculoTT\HMITT\MXTmpFiles\rtos_default_thread.tmp
2026-03-23 00:12:58,864 [INFO] CodeEngine:255 - oldGeneratedFile, C:\git\VehiculoTT\HMITT\MXTmpFiles\rtos_threads.tmp_save
2026-03-23 00:12:59,587 [INFO] CodeEngine:279 - Generated code: C:\git\VehiculoTT\HMITT\MXTmpFiles\rtos_threads.tmp
2026-03-23 00:12:59,862 [INFO] CodeEngine:255 - oldGeneratedFile, C:\git\VehiculoTT\HMITT\Core\Inc\FreeRTOSConfig.h_save
2026-03-23 00:13:00,009 [INFO] CodeEngine:279 - Generated code: C:\git\VehiculoTT\HMITT\Core\Inc\FreeRTOSConfig.h
2026-03-23 00:13:00,085 [INFO] CodeEngine:255 - oldGeneratedFile, C:\git\VehiculoTT\HMITT\Core\Src\freertos.c_save
2026-03-23 00:13:00,191 [INFO] CodeEngine:279 - Generated code: C:\git\VehiculoTT\HMITT\Core\Src\freertos.c
2026-03-23 00:13:00,290 [INFO] CodeEngine:255 - oldGeneratedFile, C:\git\VehiculoTT\HMITT\MXTmpFiles\dma.tmp_save
2026-03-23 00:13:00,395 [INFO] CodeEngine:279 - Generated code: C:\git\VehiculoTT\HMITT\MXTmpFiles\dma.tmp
2026-03-23 00:13:00,414 [INFO] CodeEngine:255 - oldGeneratedFile, C:\git\VehiculoTT\HMITT\MXTmpFiles\dma_GV.tmp_save
2026-03-23 00:13:00,495 [INFO] CodeEngine:279 - Generated code: C:\git\VehiculoTT\HMITT\MXTmpFiles\dma_GV.tmp
2026-03-23 00:13:00,507 [INFO] Middleware:1439 - No code input for Bsp Dependency
2026-03-23 00:13:00,508 [INFO] IP:3348 - RTE Config file name : RTE_Component
2026-03-23 00:13:00,508 [INFO] IP:3366 - RTE template : RTE_Components.ftl
2026-03-23 00:13:00,526 [INFO] CodeEngine:255 - oldGeneratedFile, C:\git\VehiculoTT\HMITT\MXTmpFiles\SCB_CleanInvalidateDCache.tmp_save
2026-03-23 00:13:00,600 [INFO] CodeEngine:279 - Generated code: C:\git\VehiculoTT\HMITT\MXTmpFiles\SCB_CleanInvalidateDCache.tmp
2026-03-23 00:13:00,614 [INFO] CodeEngine:255 - oldGeneratedFile, C:\git\VehiculoTT\HMITT\MXTmpFiles\SCB_InvalidateDCache.tmp_save
2026-03-23 00:13:00,676 [INFO] CodeEngine:279 - Generated code: C:\git\VehiculoTT\HMITT\MXTmpFiles\SCB_InvalidateDCache.tmp
2026-03-23 00:13:00,690 [INFO] CodeEngine:255 - oldGeneratedFile, C:\git\VehiculoTT\HMITT\MXTmpFiles\touchgfx_license.tmp_save
2026-03-23 00:13:00,756 [INFO] CodeEngine:279 - Generated code: C:\git\VehiculoTT\HMITT\MXTmpFiles\touchgfx_license.tmp
2026-03-23 00:13:00,768 [INFO] CodeEngine:255 - oldGeneratedFile, C:\git\VehiculoTT\HMITT\MXTmpFiles\touchgfx_gen_license.tmp_save
2026-03-23 00:13:00,839 [INFO] CodeEngine:279 - Generated code: C:\git\VehiculoTT\HMITT\MXTmpFiles\touchgfx_gen_license.tmp
2026-03-23 00:13:00,866 [INFO] CodeEngine:255 - oldGeneratedFile, C:\git\VehiculoTT\HMITT\MXTmpFiles\oswrappers_cmsis.tmp_save
2026-03-23 00:13:00,927 [INFO] CodeEngine:279 - Generated code: C:\git\VehiculoTT\HMITT\MXTmpFiles\oswrappers_cmsis.tmp
2026-03-23 00:13:00,955 [INFO] CodeEngine:255 - oldGeneratedFile, C:\git\VehiculoTT\HMITT\TouchGFX\App\app_touchgfx.h_save
2026-03-23 00:13:01,030 [INFO] CodeEngine:279 - Generated code: C:\git\VehiculoTT\HMITT\TouchGFX\App\app_touchgfx.h
2026-03-23 00:13:01,059 [INFO] CodeEngine:255 - oldGeneratedFile, C:\git\VehiculoTT\HMITT\TouchGFX\ApplicationTemplate.touchgfx.part_save
2026-03-23 00:13:01,152 [INFO] CodeEngine:279 - Generated code: C:\git\VehiculoTT\HMITT\TouchGFX\ApplicationTemplate.touchgfx.part
2026-03-23 00:13:01,194 [INFO] CodeEngine:255 - oldGeneratedFile, C:\git\VehiculoTT\HMITT\TouchGFX\target\generated\TouchGFXConfiguration.cpp_save
2026-03-23 00:13:01,313 [INFO] CodeEngine:279 - Generated code: C:\git\VehiculoTT\HMITT\TouchGFX\target\generated\TouchGFXConfiguration.cpp
2026-03-23 00:13:01,345 [INFO] CodeEngine:255 - oldGeneratedFile, C:\git\VehiculoTT\HMITT\TouchGFX\target\generated\TouchGFXGeneratedHAL.hpp_save
2026-03-23 00:13:01,438 [INFO] CodeEngine:279 - Generated code: C:\git\VehiculoTT\HMITT\TouchGFX\target\generated\TouchGFXGeneratedHAL.hpp
2026-03-23 00:13:01,466 [INFO] CodeEngine:255 - oldGeneratedFile, C:\git\VehiculoTT\HMITT\TouchGFX\target\generated\TouchGFXGeneratedHAL.cpp_save
2026-03-23 00:13:01,571 [INFO] CodeEngine:279 - Generated code: C:\git\VehiculoTT\HMITT\TouchGFX\target\generated\TouchGFXGeneratedHAL.cpp
2026-03-23 00:13:01,602 [INFO] CodeEngine:255 - oldGeneratedFile, C:\git\VehiculoTT\HMITT\TouchGFX\target\TouchGFXHAL.hpp_save
2026-03-23 00:13:01,695 [INFO] CodeEngine:279 - Generated code: C:\git\VehiculoTT\HMITT\TouchGFX\target\TouchGFXHAL.hpp
2026-03-23 00:13:01,723 [INFO] CodeEngine:255 - oldGeneratedFile, C:\git\VehiculoTT\HMITT\TouchGFX\target\TouchGFXHAL.cpp_save
2026-03-23 00:13:01,830 [INFO] CodeEngine:279 - Generated code: C:\git\VehiculoTT\HMITT\TouchGFX\target\TouchGFXHAL.cpp
2026-03-23 00:13:01,856 [INFO] CodeEngine:255 - oldGeneratedFile, C:\git\VehiculoTT\HMITT\TouchGFX\target\STM32TouchController.hpp_save
2026-03-23 00:13:01,968 [INFO] CodeEngine:279 - Generated code: C:\git\VehiculoTT\HMITT\TouchGFX\target\STM32TouchController.hpp
2026-03-23 00:13:01,994 [INFO] CodeEngine:255 - oldGeneratedFile, C:\git\VehiculoTT\HMITT\TouchGFX\target\STM32TouchController.cpp_save
2026-03-23 00:13:02,083 [INFO] CodeEngine:279 - Generated code: C:\git\VehiculoTT\HMITT\TouchGFX\target\STM32TouchController.cpp
2026-03-23 00:13:02,111 [INFO] CodeEngine:255 - oldGeneratedFile, C:\git\VehiculoTT\HMITT\TouchGFX\target\generated\STM32DMA.hpp_save
2026-03-23 00:13:02,193 [INFO] CodeEngine:279 - Generated code: C:\git\VehiculoTT\HMITT\TouchGFX\target\generated\STM32DMA.hpp
2026-03-23 00:13:02,218 [INFO] CodeEngine:255 - oldGeneratedFile, C:\git\VehiculoTT\HMITT\TouchGFX\target\generated\STM32DMA.cpp_save
2026-03-23 00:13:02,302 [INFO] CodeEngine:279 - Generated code: C:\git\VehiculoTT\HMITT\TouchGFX\target\generated\STM32DMA.cpp
2026-03-23 00:13:02,326 [INFO] CodeEngine:255 - oldGeneratedFile, C:\git\VehiculoTT\HMITT\TouchGFX\target\generated\OSWrappers.cpp_save
2026-03-23 00:13:02,425 [INFO] CodeEngine:279 - Generated code: C:\git\VehiculoTT\HMITT\TouchGFX\target\generated\OSWrappers.cpp
2026-03-23 00:13:02,453 [INFO] CodeEngine:255 - oldGeneratedFile, C:\git\VehiculoTT\HMITT\TouchGFX\target\TouchGFXGPIO.cpp_save
2026-03-23 00:13:02,543 [INFO] CodeEngine:279 - Generated code: C:\git\VehiculoTT\HMITT\TouchGFX\target\TouchGFXGPIO.cpp
2026-03-23 00:13:02,571 [INFO] CodeEngine:255 - oldGeneratedFile, C:\git\VehiculoTT\HMITT\TouchGFX\App\app_touchgfx.c_save
2026-03-23 00:13:02,653 [INFO] CodeEngine:279 - Generated code: C:\git\VehiculoTT\HMITT\TouchGFX\App\app_touchgfx.c
2026-03-23 00:13:02,730 [INFO] CodeEngine:255 - oldGeneratedFile, C:\git\VehiculoTT\HMITT\Core\Src\stm32f4xx_it.c_save
2026-03-23 00:13:02,872 [INFO] CodeEngine:279 - Generated code: C:\git\VehiculoTT\HMITT\Core\Src\stm32f4xx_it.c
2026-03-23 00:13:02,939 [INFO] CodeEngine:255 - oldGeneratedFile, C:\git\VehiculoTT\HMITT\Core\Inc\stm32f4xx_it.h_save
2026-03-23 00:13:03,018 [INFO] CodeEngine:279 - Generated code: C:\git\VehiculoTT\HMITT\Core\Inc\stm32f4xx_it.h
2026-03-23 00:13:03,026 [INFO] IP:3348 - RTE Config file name : RTE_Component
2026-03-23 00:13:03,026 [INFO] IP:3366 - RTE template : RTE_Components.ftl
2026-03-23 00:13:03,026 [INFO] CodeGenerator:2119 - Add RTE Code Input 
2026-03-23 00:13:03,075 [INFO] CodeEngine:255 - oldGeneratedFile, C:\git\VehiculoTT\HMITT\Core\Inc\RTE_Components.h_save
2026-03-23 00:13:03,156 [INFO] CodeEngine:279 - Generated code: C:\git\VehiculoTT\HMITT\Core\Inc\RTE_Components.h
2026-03-23 00:13:03,235 [INFO] CodeEngine:255 - oldGeneratedFile, C:\git\VehiculoTT\HMITT\Core\Src\stm32f4xx_hal_msp.c_save
2026-03-23 00:13:03,374 [INFO] CodeEngine:279 - Generated code: C:\git\VehiculoTT\HMITT\Core\Src\stm32f4xx_hal_msp.c
2026-03-23 00:13:03,393 [INFO] CodeEngine:255 - oldGeneratedFile, C:\git\VehiculoTT\HMITT\MXTmpFiles\system.tmp_save
2026-03-23 00:13:03,464 [INFO] CodeEngine:279 - Generated code: C:\git\VehiculoTT\HMITT\MXTmpFiles\system.tmp
2026-03-23 00:13:03,518 [INFO] CodeEngine:255 - oldGeneratedFile, C:\git\VehiculoTT\HMITT\Core\Src\stm32f4xx_hal_timebase_tim.c_save
2026-03-23 00:13:03,601 [INFO] CodeEngine:279 - Generated code: C:\git\VehiculoTT\HMITT\Core\Src\stm32f4xx_hal_timebase_tim.c
2026-03-23 00:13:03,672 [INFO] CodeEngine:311 - oldGeneratedFile, C:\git\VehiculoTT\HMITT\Core\Inc\stm32f4xx_hal_conf.h_save
2026-03-23 00:13:03,759 [INFO] CodeEngine:335 - Generated code: C:\git\VehiculoTT\HMITT\Core\Inc\stm32f4xx_hal_conf.h
2026-03-23 00:13:03,796 [WARN] IPConfigManager:3513 - IP not found : TIM
2026-03-23 00:13:03,796 [WARN] CodeGenerator:3951 - IP not found : null
2026-03-23 00:13:03,829 [INFO] CodeEngine:255 - oldGeneratedFile, C:\git\VehiculoTT\HMITT\Core\Inc\main.h_save
2026-03-23 00:13:03,932 [INFO] CodeEngine:279 - Generated code: C:\git\VehiculoTT\HMITT\Core\Inc\main.h
2026-03-23 00:13:03,984 [INFO] CodeEngine:255 - oldGeneratedFile, C:\git\VehiculoTT\HMITT\Core\Src\main.c_save
2026-03-23 00:13:04,237 [INFO] CodeEngine:279 - Generated code: C:\git\VehiculoTT\HMITT\Core\Src\main.c
2026-03-23 00:13:05,281 [INFO] ProjectBuilder:3163 - Time for Copy HAL[1] : 711mS.
2026-03-23 00:13:05,282 [ERROR] Middleware:2969 - Invalid RefComponent liste
2026-03-23 00:13:05,282 [ERROR] Middleware:2969 - Invalid RefComponent liste
2026-03-23 00:13:05,282 [ERROR] Middleware:2969 - Invalid RefComponent liste
2026-03-23 00:13:05,282 [ERROR] Middleware:2969 - Invalid RefComponent liste
2026-03-23 00:13:05,282 [ERROR] Middleware:2969 - Invalid RefComponent liste
2026-03-23 00:13:05,282 [ERROR] Middleware:2969 - Invalid RefComponent liste
2026-03-23 00:13:05,282 [ERROR] Middleware:2969 - Invalid RefComponent liste
2026-03-23 00:13:05,282 [ERROR] Middleware:2969 - Invalid RefComponent liste
2026-03-23 00:13:05,282 [ERROR] Middleware:2969 - Invalid RefComponent liste
2026-03-23 00:13:05,282 [ERROR] Middleware:2969 - Invalid RefComponent liste
2026-03-23 00:13:05,282 [ERROR] Middleware:2969 - Invalid RefComponent liste
2026-03-23 00:13:05,282 [ERROR] Middleware:2969 - Invalid RefComponent liste
2026-03-23 00:13:05,282 [ERROR] Middleware:2969 - Invalid RefComponent liste
2026-03-23 00:13:05,282 [ERROR] Middleware:2969 - Invalid RefComponent liste
2026-03-23 00:13:05,282 [ERROR] Middleware:2969 - Invalid RefComponent liste
2026-03-23 00:13:05,282 [ERROR] Middleware:2969 - Invalid RefComponent liste
2026-03-23 00:13:05,282 [ERROR] Middleware:2969 - Invalid RefComponent liste
2026-03-23 00:13:05,282 [ERROR] Middleware:2969 - Invalid RefComponent liste
2026-03-23 00:13:05,282 [ERROR] Middleware:2969 - Invalid RefComponent liste
2026-03-23 00:13:05,282 [ERROR] Middleware:2969 - Invalid RefComponent liste
2026-03-23 00:13:05,282 [ERROR] Middleware:2969 - Invalid RefComponent liste
2026-03-23 00:13:05,282 [ERROR] Middleware:2969 - Invalid RefComponent liste
2026-03-23 00:13:05,282 [ERROR] Middleware:2969 - Invalid RefComponent liste
2026-03-23 00:13:05,282 [ERROR] Middleware:2969 - Invalid RefComponent liste
2026-03-23 00:13:05,282 [ERROR] Middleware:2969 - Invalid RefComponent liste
2026-03-23 00:13:05,282 [ERROR] Middleware:2969 - Invalid RefComponent liste
2026-03-23 00:13:05,282 [ERROR] Middleware:2969 - Invalid RefComponent liste
2026-03-23 00:13:05,282 [ERROR] Middleware:2969 - Invalid RefComponent liste
2026-03-23 00:13:05,282 [ERROR] Middleware:2969 - Invalid RefComponent liste
2026-03-23 00:13:05,282 [ERROR] Middleware:2969 - Invalid RefComponent liste
2026-03-23 00:13:05,282 [ERROR] Middleware:2969 - Invalid RefComponent liste
2026-03-23 00:13:05,282 [ERROR] Middleware:2969 - Invalid RefComponent liste
2026-03-23 00:13:05,283 [ERROR] Middleware:2969 - Invalid RefComponent liste
2026-03-23 00:13:05,283 [ERROR] Middleware:2969 - Invalid RefComponent liste
2026-03-23 00:13:05,283 [ERROR] Middleware:2969 - Invalid RefComponent liste
2026-03-23 00:13:05,283 [ERROR] Middleware:2969 - Invalid RefComponent liste
2026-03-23 00:13:05,283 [ERROR] Middleware:2969 - Invalid RefComponent liste
2026-03-23 00:13:05,283 [ERROR] Middleware:2969 - Invalid RefComponent liste
2026-03-23 00:13:05,283 [ERROR] Middleware:2969 - Invalid RefComponent liste
2026-03-23 00:13:05,283 [ERROR] Middleware:2969 - Invalid RefComponent liste
2026-03-23 00:13:05,283 [ERROR] Middleware:2969 - Invalid RefComponent liste
2026-03-23 00:13:05,283 [ERROR] Middleware:2969 - Invalid RefComponent liste
2026-03-23 00:13:05,283 [ERROR] Middleware:2969 - Invalid RefComponent liste
2026-03-23 00:13:05,283 [ERROR] Middleware:2969 - Invalid RefComponent liste
2026-03-23 00:13:05,283 [ERROR] Middleware:2969 - Invalid RefComponent liste
2026-03-23 00:13:05,283 [ERROR] Middleware:2969 - Invalid RefComponent liste
2026-03-23 00:13:05,283 [ERROR] Middleware:2969 - Invalid RefComponent liste
2026-03-23 00:13:05,283 [ERROR] Middleware:2969 - Invalid RefComponent liste
2026-03-23 00:13:05,283 [ERROR] Middleware:2969 - Invalid RefComponent liste
2026-03-23 00:13:05,283 [ERROR] Middleware:2969 - Invalid RefComponent liste
2026-03-23 00:13:05,283 [ERROR] Middleware:2969 - Invalid RefComponent liste
2026-03-23 00:13:05,283 [ERROR] Middleware:2969 - Invalid RefComponent liste
2026-03-23 00:13:05,283 [ERROR] Middleware:2969 - Invalid RefComponent liste
2026-03-23 00:13:05,283 [ERROR] Middleware:2969 - Invalid RefComponent liste
2026-03-23 00:13:05,283 [ERROR] Middleware:2969 - Invalid RefComponent liste
2026-03-23 00:13:05,283 [ERROR] Middleware:2969 - Invalid RefComponent liste
2026-03-23 00:13:05,283 [ERROR] Middleware:2969 - Invalid RefComponent liste
2026-03-23 00:13:05,283 [ERROR] Middleware:2969 - Invalid RefComponent liste
2026-03-23 00:13:05,283 [ERROR] Middleware:2969 - Invalid RefComponent liste
2026-03-23 00:13:05,283 [ERROR] Middleware:2969 - Invalid RefComponent liste
2026-03-23 00:13:05,283 [ERROR] Middleware:2969 - Invalid RefComponent liste
2026-03-23 00:13:05,283 [ERROR] Middleware:2969 - Invalid RefComponent liste
2026-03-23 00:13:05,283 [ERROR] Middleware:2969 - Invalid RefComponent liste
2026-03-23 00:13:05,283 [ERROR] Middleware:2969 - Invalid RefComponent liste
2026-03-23 00:13:05,283 [ERROR] Middleware:2969 - Invalid RefComponent liste
2026-03-23 00:13:05,283 [ERROR] Middleware:2969 - Invalid RefComponent liste
2026-03-23 00:13:05,284 [ERROR] Middleware:2969 - Invalid RefComponent liste
2026-03-23 00:13:05,284 [ERROR] Middleware:2969 - Invalid RefComponent liste
2026-03-23 00:13:05,284 [ERROR] Middleware:2969 - Invalid RefComponent liste
2026-03-23 00:13:05,284 [ERROR] Middleware:2969 - Invalid RefComponent liste
2026-03-23 00:13:05,284 [ERROR] Middleware:2969 - Invalid RefComponent liste
2026-03-23 00:13:05,284 [ERROR] Middleware:2969 - Invalid RefComponent liste
2026-03-23 00:13:05,284 [ERROR] Middleware:2969 - Invalid RefComponent liste
2026-03-23 00:13:05,284 [ERROR] Middleware:2969 - Invalid RefComponent liste
2026-03-23 00:13:05,284 [ERROR] Middleware:2969 - Invalid RefComponent liste
2026-03-23 00:13:05,284 [ERROR] Middleware:2969 - Invalid RefComponent liste
2026-03-23 00:13:05,284 [ERROR] Middleware:2969 - Invalid RefComponent liste
2026-03-23 00:13:05,284 [ERROR] Middleware:2969 - Invalid RefComponent liste
2026-03-23 00:13:05,284 [ERROR] Middleware:2969 - Invalid RefComponent liste
2026-03-23 00:13:05,284 [ERROR] Middleware:2969 - Invalid RefComponent liste
2026-03-23 00:13:05,284 [ERROR] Middleware:2969 - Invalid RefComponent liste
2026-03-23 00:13:05,284 [ERROR] Middleware:2969 - Invalid RefComponent liste
2026-03-23 00:13:05,284 [ERROR] Middleware:2969 - Invalid RefComponent liste
2026-03-23 00:13:05,284 [ERROR] Middleware:2969 - Invalid RefComponent liste
2026-03-23 00:13:05,284 [ERROR] Middleware:2969 - Invalid RefComponent liste
2026-03-23 00:13:05,284 [ERROR] Middleware:2969 - Invalid RefComponent liste
2026-03-23 00:13:05,284 [ERROR] Middleware:2969 - Invalid RefComponent liste
2026-03-23 00:13:05,284 [ERROR] Middleware:2969 - Invalid RefComponent liste
2026-03-23 00:13:05,284 [ERROR] Middleware:2969 - Invalid RefComponent liste
2026-03-23 00:13:05,284 [ERROR] Middleware:2969 - Invalid RefComponent liste
2026-03-23 00:13:05,284 [ERROR] Middleware:2969 - Invalid RefComponent liste
2026-03-23 00:13:05,284 [ERROR] Middleware:2969 - Invalid RefComponent liste
2026-03-23 00:13:05,284 [ERROR] Middleware:2969 - Invalid RefComponent liste
2026-03-23 00:13:05,284 [ERROR] Middleware:2969 - Invalid RefComponent liste
2026-03-23 00:13:05,284 [ERROR] Middleware:2969 - Invalid RefComponent liste
2026-03-23 00:13:05,284 [ERROR] Middleware:2969 - Invalid RefComponent liste
2026-03-23 00:13:05,284 [ERROR] Middleware:2969 - Invalid RefComponent liste
2026-03-23 00:13:05,284 [ERROR] Middleware:2969 - Invalid RefComponent liste
2026-03-23 00:13:05,284 [ERROR] Middleware:2969 - Invalid RefComponent liste
2026-03-23 00:13:05,284 [ERROR] Middleware:2969 - Invalid RefComponent liste
2026-03-23 00:13:05,284 [ERROR] Middleware:2969 - Invalid RefComponent liste
2026-03-23 00:13:05,284 [ERROR] Middleware:2969 - Invalid RefComponent liste
2026-03-23 00:13:05,306 [INFO] ProjectBuilder:4736 - Project Generator version: 4.3.0-B58
2026-03-23 00:13:05,425 [INFO] ConfigFileManager:1503 - The Die is : DIE431
2026-03-23 00:13:05,480 [INFO] ApiDbMcu:508 - Load IP Config File for FATFS
2026-03-23 00:13:05,504 [INFO] ApiDbMcu:508 - Load IP Config File for LIBJPEG
2026-03-23 00:13:05,530 [INFO] ApiDbMcu:508 - Load IP Config File for MBEDTLS
2026-03-23 00:13:05,580 [INFO] ApiDbMcu:508 - Load IP Config File for USB_DEVICE
2026-03-23 00:13:05,599 [INFO] ApiDbMcu:508 - Load IP Config File for USB_HOST
2026-03-23 00:13:06,532 [INFO] LogOutputStream:77 - [STDOUT_REDIRECT] 
2026-03-23 00:13:13,570 [INFO] ProjectBuilder:5002 - Time for Generating toolchain IDE Files: 8264mS.
2026-03-23 00:13:13,573 [INFO] ProjectBuilder:3034 - Time for Copy CMSIS : 1mS.
2026-03-23 00:13:13,733 [INFO] ProjectBuilder:3034 - Time for Copy CMSIS : 0mS.
2026-03-23 00:13:37,047 [INFO] NvicIntPanel:101 - NVIC parent = com.st.microxplorer.plugins.ip.nvic.MultiNvicIntPanel[,0,0,0x0,invalid,layout=javax.swing.BoxLayout,alignmentX=0.0,alignmentY=0.0,border=,flags=9,maximumSize=,minimumSize=,preferredSize=]
2026-03-23 00:13:37,116 [WARN] IP:2120 - tgfx_framebuffer_stride_value_custom not found: check if there is a RefParameter without a condition.
2026-03-23 00:13:37,119 [WARN] IP:2120 - tgfx_framebuffer_stride_value_custom not found: check if there is a RefParameter without a condition.
2026-03-23 00:14:08,506 [INFO] UtilMem:75 - End SaveConfig() Used Memory: 898641904 Bytes (1073741824)
2026-03-23 00:16:27,813 [INFO] UtilMem:75 - End SaveConfig() Used Memory: 829343328 Bytes (1073741824)
2026-03-23 00:16:29,203 [INFO] BlockDiagram:2759 - set Specific Code input for plugin: SPI
2026-03-23 00:16:29,203 [INFO] BlockDiagram:2759 - set Specific Code input for plugin: SPI
2026-03-23 00:16:29,203 [INFO] BlockDiagram:2759 - set Specific Code input for plugin: NVIC
2026-03-23 00:16:29,203 [INFO] BlockDiagram:2759 - set Specific Code input for plugin: FREERTOS
2026-03-23 00:16:29,203 [INFO] BlockDiagram:2759 - set Specific Code input for plugin: USART
2026-03-23 00:16:29,203 [INFO] BlockDiagram:2759 - set Specific Code input for plugin: DMA
2026-03-23 00:16:29,203 [INFO] BlockDiagram:2759 - set Specific Code input for plugin: STMicroelectronics.X-CUBE-TOUCHGFX.4.26.0
2026-03-23 00:16:29,203 [INFO] BlockDiagram:2759 - set Specific Code input for plugin: TIM1_8
2026-03-23 00:16:29,203 [INFO] BlockDiagram:2759 - set Specific Code input for plugin: SYS
2026-03-23 00:16:29,204 [INFO] BlockDiagram:2759 - set Specific Code input for plugin: GPIO
2026-03-23 00:16:29,204 [INFO] BlockDiagram:2759 - set Specific Code input for plugin: RCC
2026-03-23 00:16:29,204 [INFO] BlockDiagram:2759 - set Specific Code input for plugin: CRC
2026-03-23 00:16:29,205 [WARN] IP:2120 - tgfx_framebuffer_stride_value_custom not found: check if there is a RefParameter without a condition.
2026-03-23 00:16:29,208 [INFO] CodeGenerator:807 - code generatio: config db path: D:\Documentos\Electronica\Nueva carpeta\STM32CubeIDE_1.15.0\STM32CubeIDE\plugins\com.st.stm32cube.common.mx_6.11.0.202403141607\\db\
2026-03-23 00:16:29,218 [INFO] Argument:325 - Argument : hdmavalue: null
2026-03-23 00:16:29,218 [INFO] Argument:327 - 	 sub Args: 
2026-03-23 00:16:29,218 [INFO] Argument:325 - Argument : Instancevalue: DMA2_Stream2
2026-03-23 00:16:29,218 [INFO] Argument:335 - Argument : Instancevalue: DMA2_Stream2
2026-03-23 00:16:29,218 [INFO] Argument:325 - Argument : Initvalue: null
2026-03-23 00:16:29,218 [INFO] Argument:327 - 	 sub Args: 
2026-03-23 00:16:29,218 [INFO] Argument:325 - Argument : Channelvalue: DMA_CHANNEL_2
2026-03-23 00:16:29,218 [INFO] Argument:335 - Argument : Channelvalue: DMA_CHANNEL_2
2026-03-23 00:16:29,218 [INFO] Argument:325 - Argument : Directionvalue: DMA_MEMORY_TO_PERIPH
2026-03-23 00:16:29,218 [INFO] Argument:335 - Argument : Directionvalue: DMA_MEMORY_TO_PERIPH
2026-03-23 00:16:29,218 [INFO] Argument:325 - Argument : PeriphIncvalue: DMA_PINC_DISABLE
2026-03-23 00:16:29,218 [INFO] Argument:335 - Argument : PeriphIncvalue: DMA_PINC_DISABLE
2026-03-23 00:16:29,219 [INFO] Argument:325 - Argument : MemIncvalue: DMA_MINC_ENABLE
2026-03-23 00:16:29,219 [INFO] Argument:335 - Argument : MemIncvalue: DMA_MINC_ENABLE
2026-03-23 00:16:29,219 [INFO] Argument:325 - Argument : PeriphDataAlignmentvalue: DMA_PDATAALIGN_BYTE
2026-03-23 00:16:29,219 [INFO] Argument:335 - Argument : PeriphDataAlignmentvalue: DMA_PDATAALIGN_BYTE
2026-03-23 00:16:29,219 [INFO] Argument:325 - Argument : MemDataAlignmentvalue: DMA_MDATAALIGN_BYTE
2026-03-23 00:16:29,219 [INFO] Argument:335 - Argument : MemDataAlignmentvalue: DMA_MDATAALIGN_BYTE
2026-03-23 00:16:29,219 [INFO] Argument:325 - Argument : Modevalue: DMA_NORMAL
2026-03-23 00:16:29,219 [INFO] Argument:335 - Argument : Modevalue: DMA_NORMAL
2026-03-23 00:16:29,219 [INFO] Argument:325 - Argument : Priorityvalue: DMA_PRIORITY_LOW
2026-03-23 00:16:29,219 [INFO] Argument:335 - Argument : Priorityvalue: DMA_PRIORITY_LOW
2026-03-23 00:16:29,219 [INFO] Argument:325 - Argument : FIFOModevalue: DMA_FIFOMODE_ENABLE
2026-03-23 00:16:29,219 [INFO] Argument:335 - Argument : FIFOModevalue: DMA_FIFOMODE_ENABLE
2026-03-23 00:16:29,219 [INFO] Argument:325 - Argument : FIFOThresholdvalue: DMA_FIFO_THRESHOLD_FULL
2026-03-23 00:16:29,219 [INFO] Argument:335 - Argument : FIFOThresholdvalue: DMA_FIFO_THRESHOLD_FULL
2026-03-23 00:16:29,219 [INFO] Argument:325 - Argument : MemBurstvalue: DMA_MBURST_SINGLE
2026-03-23 00:16:29,219 [INFO] Argument:335 - Argument : MemBurstvalue: DMA_MBURST_SINGLE
2026-03-23 00:16:29,219 [INFO] Argument:325 - Argument : PeriphBurstvalue: DMA_PBURST_SINGLE
2026-03-23 00:16:29,219 [INFO] Argument:335 - Argument : PeriphBurstvalue: DMA_PBURST_SINGLE
2026-03-23 00:16:29,219 [INFO] Argument:325 - Argument : Lockvalue: null
2026-03-23 00:16:29,219 [INFO] Argument:335 - Argument : Lockvalue: null
2026-03-23 00:16:29,219 [INFO] Argument:325 - Argument : Statevalue: null
2026-03-23 00:16:29,219 [INFO] Argument:335 - Argument : Statevalue: null
2026-03-23 00:16:29,219 [INFO] Argument:325 - Argument : Parentvalue: null
2026-03-23 00:16:29,219 [INFO] Argument:335 - Argument : Parentvalue: null
2026-03-23 00:16:29,219 [INFO] Argument:325 - Argument : XferCpltCallbackvalue: null
2026-03-23 00:16:29,219 [INFO] Argument:335 - Argument : XferCpltCallbackvalue: null
2026-03-23 00:16:29,219 [INFO] Argument:325 - Argument : XferHalfCpltCallbackvalue: null
2026-03-23 00:16:29,219 [INFO] Argument:335 - Argument : XferHalfCpltCallbackvalue: null
2026-03-23 00:16:29,219 [INFO] Argument:325 - Argument : XferM1CpltCallbackvalue: null
2026-03-23 00:16:29,219 [INFO] Argument:335 - Argument : XferM1CpltCallbackvalue: null
2026-03-23 00:16:29,219 [INFO] Argument:325 - Argument : XferErrorCallbackvalue: null
2026-03-23 00:16:29,219 [INFO] Argument:335 - Argument : XferErrorCallbackvalue: null
2026-03-23 00:16:29,219 [INFO] Argument:325 - Argument : ErrorCodevalue: null
2026-03-23 00:16:29,219 [INFO] Argument:335 - Argument : ErrorCodevalue: null
2026-03-23 00:16:29,222 [WARN] IP:2120 - tgfx_framebuffer_stride_value_custom not found: check if there is a RefParameter without a condition.
2026-03-23 00:16:29,225 [INFO] Argument:325 - Argument : hdmavalue: null
2026-03-23 00:16:29,225 [INFO] Argument:327 - 	 sub Args: 
2026-03-23 00:16:29,225 [INFO] Argument:325 - Argument : Instancevalue: DMA2_Stream5
2026-03-23 00:16:29,225 [INFO] Argument:335 - Argument : Instancevalue: DMA2_Stream5
2026-03-23 00:16:29,225 [INFO] Argument:325 - Argument : Initvalue: null
2026-03-23 00:16:29,225 [INFO] Argument:327 - 	 sub Args: 
2026-03-23 00:16:29,225 [INFO] Argument:325 - Argument : Channelvalue: DMA_CHANNEL_4
2026-03-23 00:16:29,225 [INFO] Argument:335 - Argument : Channelvalue: DMA_CHANNEL_4
2026-03-23 00:16:29,225 [INFO] Argument:325 - Argument : Directionvalue: DMA_PERIPH_TO_MEMORY
2026-03-23 00:16:29,225 [INFO] Argument:335 - Argument : Directionvalue: DMA_PERIPH_TO_MEMORY
2026-03-23 00:16:29,225 [INFO] Argument:325 - Argument : PeriphIncvalue: DMA_PINC_DISABLE
2026-03-23 00:16:29,225 [INFO] Argument:335 - Argument : PeriphIncvalue: DMA_PINC_DISABLE
2026-03-23 00:16:29,225 [INFO] Argument:325 - Argument : MemIncvalue: DMA_MINC_ENABLE
2026-03-23 00:16:29,225 [INFO] Argument:335 - Argument : MemIncvalue: DMA_MINC_ENABLE
2026-03-23 00:16:29,225 [INFO] Argument:325 - Argument : PeriphDataAlignmentvalue: DMA_PDATAALIGN_BYTE
2026-03-23 00:16:29,225 [INFO] Argument:335 - Argument : PeriphDataAlignmentvalue: DMA_PDATAALIGN_BYTE
2026-03-23 00:16:29,225 [INFO] Argument:325 - Argument : MemDataAlignmentvalue: DMA_MDATAALIGN_BYTE
2026-03-23 00:16:29,225 [INFO] Argument:335 - Argument : MemDataAlignmentvalue: DMA_MDATAALIGN_BYTE
2026-03-23 00:16:29,225 [INFO] Argument:325 - Argument : Modevalue: DMA_CIRCULAR
2026-03-23 00:16:29,225 [INFO] Argument:335 - Argument : Modevalue: DMA_CIRCULAR
2026-03-23 00:16:29,225 [INFO] Argument:325 - Argument : Priorityvalue: DMA_PRIORITY_LOW
2026-03-23 00:16:29,225 [INFO] Argument:335 - Argument : Priorityvalue: DMA_PRIORITY_LOW
2026-03-23 00:16:29,225 [INFO] Argument:325 - Argument : FIFOModevalue: DMA_FIFOMODE_DISABLE
2026-03-23 00:16:29,225 [INFO] Argument:335 - Argument : FIFOModevalue: DMA_FIFOMODE_DISABLE
2026-03-23 00:16:29,225 [INFO] Argument:325 - Argument : FIFOThresholdvalue: null
2026-03-23 00:16:29,225 [INFO] Argument:335 - Argument : FIFOThresholdvalue: null
2026-03-23 00:16:29,225 [INFO] Argument:325 - Argument : MemBurstvalue: null
2026-03-23 00:16:29,225 [INFO] Argument:335 - Argument : MemBurstvalue: null
2026-03-23 00:16:29,225 [INFO] Argument:325 - Argument : PeriphBurstvalue: null
2026-03-23 00:16:29,225 [INFO] Argument:335 - Argument : PeriphBurstvalue: null
2026-03-23 00:16:29,225 [INFO] Argument:325 - Argument : Lockvalue: null
2026-03-23 00:16:29,225 [INFO] Argument:335 - Argument : Lockvalue: null
2026-03-23 00:16:29,225 [INFO] Argument:325 - Argument : Statevalue: null
2026-03-23 00:16:29,225 [INFO] Argument:335 - Argument : Statevalue: null
2026-03-23 00:16:29,225 [INFO] Argument:325 - Argument : Parentvalue: null
2026-03-23 00:16:29,225 [INFO] Argument:335 - Argument : Parentvalue: null
2026-03-23 00:16:29,225 [INFO] Argument:325 - Argument : XferCpltCallbackvalue: null
2026-03-23 00:16:29,225 [INFO] Argument:335 - Argument : XferCpltCallbackvalue: null
2026-03-23 00:16:29,225 [INFO] Argument:325 - Argument : XferHalfCpltCallbackvalue: null
2026-03-23 00:16:29,225 [INFO] Argument:335 - Argument : XferHalfCpltCallbackvalue: null
2026-03-23 00:16:29,225 [INFO] Argument:325 - Argument : XferM1CpltCallbackvalue: null
2026-03-23 00:16:29,225 [INFO] Argument:335 - Argument : XferM1CpltCallbackvalue: null
2026-03-23 00:16:29,225 [INFO] Argument:325 - Argument : XferErrorCallbackvalue: null
2026-03-23 00:16:29,225 [INFO] Argument:335 - Argument : XferErrorCallbackvalue: null
2026-03-23 00:16:29,225 [INFO] Argument:325 - Argument : ErrorCodevalue: null
2026-03-23 00:16:29,225 [INFO] Argument:335 - Argument : ErrorCodevalue: null
2026-03-23 00:16:29,226 [INFO] Argument:325 - Argument : hdmavalue: null
2026-03-23 00:16:29,226 [INFO] Argument:327 - 	 sub Args: 
2026-03-23 00:16:29,226 [INFO] Argument:325 - Argument : Instancevalue: DMA2_Stream7
2026-03-23 00:16:29,226 [INFO] Argument:335 - Argument : Instancevalue: DMA2_Stream7
2026-03-23 00:16:29,226 [INFO] Argument:325 - Argument : Initvalue: null
2026-03-23 00:16:29,226 [INFO] Argument:327 - 	 sub Args: 
2026-03-23 00:16:29,226 [INFO] Argument:325 - Argument : Channelvalue: DMA_CHANNEL_4
2026-03-23 00:16:29,226 [INFO] Argument:335 - Argument : Channelvalue: DMA_CHANNEL_4
2026-03-23 00:16:29,226 [INFO] Argument:325 - Argument : Directionvalue: DMA_MEMORY_TO_PERIPH
2026-03-23 00:16:29,226 [INFO] Argument:335 - Argument : Directionvalue: DMA_MEMORY_TO_PERIPH
2026-03-23 00:16:29,226 [INFO] Argument:325 - Argument : PeriphIncvalue: DMA_PINC_DISABLE
2026-03-23 00:16:29,226 [INFO] Argument:335 - Argument : PeriphIncvalue: DMA_PINC_DISABLE
2026-03-23 00:16:29,226 [INFO] Argument:325 - Argument : MemIncvalue: DMA_MINC_ENABLE
2026-03-23 00:16:29,226 [INFO] Argument:335 - Argument : MemIncvalue: DMA_MINC_ENABLE
2026-03-23 00:16:29,226 [INFO] Argument:325 - Argument : PeriphDataAlignmentvalue: DMA_PDATAALIGN_BYTE
2026-03-23 00:16:29,226 [INFO] Argument:335 - Argument : PeriphDataAlignmentvalue: DMA_PDATAALIGN_BYTE
2026-03-23 00:16:29,226 [INFO] Argument:325 - Argument : MemDataAlignmentvalue: DMA_MDATAALIGN_BYTE
2026-03-23 00:16:29,226 [INFO] Argument:335 - Argument : MemDataAlignmentvalue: DMA_MDATAALIGN_BYTE
2026-03-23 00:16:29,226 [INFO] Argument:325 - Argument : Modevalue: DMA_NORMAL
2026-03-23 00:16:29,226 [INFO] Argument:335 - Argument : Modevalue: DMA_NORMAL
2026-03-23 00:16:29,226 [INFO] Argument:325 - Argument : Priorityvalue: DMA_PRIORITY_LOW
2026-03-23 00:16:29,226 [INFO] Argument:335 - Argument : Priorityvalue: DMA_PRIORITY_LOW
2026-03-23 00:16:29,226 [INFO] Argument:325 - Argument : FIFOModevalue: DMA_FIFOMODE_DISABLE
2026-03-23 00:16:29,226 [INFO] Argument:335 - Argument : FIFOModevalue: DMA_FIFOMODE_DISABLE
2026-03-23 00:16:29,226 [INFO] Argument:325 - Argument : FIFOThresholdvalue: null
2026-03-23 00:16:29,226 [INFO] Argument:335 - Argument : FIFOThresholdvalue: null
2026-03-23 00:16:29,226 [INFO] Argument:325 - Argument : MemBurstvalue: null
2026-03-23 00:16:29,226 [INFO] Argument:335 - Argument : MemBurstvalue: null
2026-03-23 00:16:29,227 [INFO] Argument:325 - Argument : PeriphBurstvalue: null
2026-03-23 00:16:29,227 [INFO] Argument:335 - Argument : PeriphBurstvalue: null
2026-03-23 00:16:29,227 [INFO] Argument:325 - Argument : Lockvalue: null
2026-03-23 00:16:29,227 [INFO] Argument:335 - Argument : Lockvalue: null
2026-03-23 00:16:29,227 [INFO] Argument:325 - Argument : Statevalue: null
2026-03-23 00:16:29,227 [INFO] Argument:335 - Argument : Statevalue: null
2026-03-23 00:16:29,227 [INFO] Argument:325 - Argument : Parentvalue: null
2026-03-23 00:16:29,227 [INFO] Argument:335 - Argument : Parentvalue: null
2026-03-23 00:16:29,227 [INFO] Argument:325 - Argument : XferCpltCallbackvalue: null
2026-03-23 00:16:29,227 [INFO] Argument:335 - Argument : XferCpltCallbackvalue: null
2026-03-23 00:16:29,227 [INFO] Argument:325 - Argument : XferHalfCpltCallbackvalue: null
2026-03-23 00:16:29,227 [INFO] Argument:335 - Argument : XferHalfCpltCallbackvalue: null
2026-03-23 00:16:29,227 [INFO] Argument:325 - Argument : XferM1CpltCallbackvalue: null
2026-03-23 00:16:29,227 [INFO] Argument:335 - Argument : XferM1CpltCallbackvalue: null
2026-03-23 00:16:29,227 [INFO] Argument:325 - Argument : XferErrorCallbackvalue: null
2026-03-23 00:16:29,227 [INFO] Argument:335 - Argument : XferErrorCallbackvalue: null
2026-03-23 00:16:29,227 [INFO] Argument:325 - Argument : ErrorCodevalue: null
2026-03-23 00:16:29,227 [INFO] Argument:335 - Argument : ErrorCodevalue: null
2026-03-23 00:16:29,271 [INFO] IP:3348 - RTE Config file name : RTE_Component
2026-03-23 00:16:29,271 [INFO] IP:3366 - RTE template : RTE_Components.ftl
2026-03-23 00:16:29,281 [INFO] CodeEngine:255 - oldGeneratedFile, C:\git\VehiculoTT\HMITT\MXTmpFiles\license.tmp_save
2026-03-23 00:16:29,356 [INFO] CodeEngine:279 - Generated code: C:\git\VehiculoTT\HMITT\MXTmpFiles\license.tmp
2026-03-23 00:16:29,380 [INFO] CodeEngine:255 - oldGeneratedFile, C:\git\VehiculoTT\HMITT\MXTmpFiles\gpio.tmp_save
2026-03-23 00:16:29,454 [INFO] CodeEngine:279 - Generated code: C:\git\VehiculoTT\HMITT\MXTmpFiles\gpio.tmp
2026-03-23 00:16:29,724 [INFO] Middleware:1439 - No code input for Bsp Dependency
2026-03-23 00:16:29,735 [INFO] CodeEngine:255 - oldGeneratedFile, C:\git\VehiculoTT\HMITT\MXTmpFiles\rtos_inc.tmp_save
2026-03-23 00:16:29,806 [INFO] CodeEngine:279 - Generated code: C:\git\VehiculoTT\HMITT\MXTmpFiles\rtos_inc.tmp
2026-03-23 00:16:29,812 [INFO] CodeEngine:255 - oldGeneratedFile, C:\git\VehiculoTT\HMITT\MXTmpFiles\rtos_kernelInit.tmp_save
2026-03-23 00:16:29,875 [INFO] CodeEngine:279 - Generated code: C:\git\VehiculoTT\HMITT\MXTmpFiles\rtos_kernelInit.tmp
2026-03-23 00:16:29,881 [INFO] CodeEngine:255 - oldGeneratedFile, C:\git\VehiculoTT\HMITT\MXTmpFiles\rtos_kernelStart.tmp_save
2026-03-23 00:16:29,936 [INFO] CodeEngine:279 - Generated code: C:\git\VehiculoTT\HMITT\MXTmpFiles\rtos_kernelStart.tmp
2026-03-23 00:16:29,942 [INFO] CodeEngine:255 - oldGeneratedFile, C:\git\VehiculoTT\HMITT\MXTmpFiles\rtos_typedefs.tmp_save
2026-03-23 00:16:29,995 [INFO] CodeEngine:279 - Generated code: C:\git\VehiculoTT\HMITT\MXTmpFiles\rtos_typedefs.tmp
2026-03-23 00:16:30,001 [INFO] CodeEngine:255 - oldGeneratedFile, C:\git\VehiculoTT\HMITT\MXTmpFiles\rtos_vars.tmp_save
2026-03-23 00:16:30,064 [INFO] CodeEngine:279 - Generated code: C:\git\VehiculoTT\HMITT\MXTmpFiles\rtos_vars.tmp
2026-03-23 00:16:30,070 [INFO] CodeEngine:255 - oldGeneratedFile, C:\git\VehiculoTT\HMITT\MXTmpFiles\rtos_pfp.tmp_save
2026-03-23 00:16:30,124 [INFO] CodeEngine:279 - Generated code: C:\git\VehiculoTT\HMITT\MXTmpFiles\rtos_pfp.tmp
2026-03-23 00:16:30,130 [INFO] CodeEngine:255 - oldGeneratedFile, C:\git\VehiculoTT\HMITT\MXTmpFiles\rtos_obj_creat.tmp_save
2026-03-23 00:16:30,191 [INFO] CodeEngine:279 - Generated code: C:\git\VehiculoTT\HMITT\MXTmpFiles\rtos_obj_creat.tmp
2026-03-23 00:16:30,197 [INFO] CodeEngine:255 - oldGeneratedFile, C:\git\VehiculoTT\HMITT\MXTmpFiles\rtos_default_thread.tmp_save
2026-03-23 00:16:30,252 [INFO] CodeEngine:279 - Generated code: C:\git\VehiculoTT\HMITT\MXTmpFiles\rtos_default_thread.tmp
2026-03-23 00:16:30,258 [INFO] CodeEngine:255 - oldGeneratedFile, C:\git\VehiculoTT\HMITT\MXTmpFiles\rtos_threads.tmp_save
2026-03-23 00:16:30,317 [INFO] CodeEngine:279 - Generated code: C:\git\VehiculoTT\HMITT\MXTmpFiles\rtos_threads.tmp
2026-03-23 00:16:30,324 [INFO] Middleware:1439 - No code input for Bsp Dependency
2026-03-23 00:16:30,325 [INFO] IP:3348 - RTE Config file name : RTE_Component
2026-03-23 00:16:30,325 [INFO] IP:3366 - RTE template : RTE_Components.ftl
2026-03-23 00:16:30,335 [INFO] CodeEngine:255 - oldGeneratedFile, C:\git\VehiculoTT\HMITT\MXTmpFiles\SCB_CleanInvalidateDCache.tmp_save
2026-03-23 00:16:30,399 [INFO] CodeEngine:279 - Generated code: C:\git\VehiculoTT\HMITT\MXTmpFiles\SCB_CleanInvalidateDCache.tmp
2026-03-23 00:16:30,406 [INFO] CodeEngine:255 - oldGeneratedFile, C:\git\VehiculoTT\HMITT\MXTmpFiles\SCB_InvalidateDCache.tmp_save
2026-03-23 00:16:30,463 [INFO] CodeEngine:279 - Generated code: C:\git\VehiculoTT\HMITT\MXTmpFiles\SCB_InvalidateDCache.tmp
2026-03-23 00:16:30,471 [INFO] CodeEngine:255 - oldGeneratedFile, C:\git\VehiculoTT\HMITT\MXTmpFiles\touchgfx_license.tmp_save
2026-03-23 00:16:30,532 [INFO] CodeEngine:279 - Generated code: C:\git\VehiculoTT\HMITT\MXTmpFiles\touchgfx_license.tmp
2026-03-23 00:16:30,540 [INFO] CodeEngine:255 - oldGeneratedFile, C:\git\VehiculoTT\HMITT\MXTmpFiles\touchgfx_gen_license.tmp_save
2026-03-23 00:16:30,598 [INFO] CodeEngine:279 - Generated code: C:\git\VehiculoTT\HMITT\MXTmpFiles\touchgfx_gen_license.tmp
2026-03-23 00:16:30,605 [INFO] CodeEngine:255 - oldGeneratedFile, C:\git\VehiculoTT\HMITT\MXTmpFiles\oswrappers_cmsis.tmp_save
2026-03-23 00:16:30,670 [INFO] CodeEngine:279 - Generated code: C:\git\VehiculoTT\HMITT\MXTmpFiles\oswrappers_cmsis.tmp
2026-03-23 00:16:30,682 [INFO] Middleware:1439 - No code input for Bsp Dependency
2026-03-23 00:16:30,694 [INFO] CodeEngine:255 - oldGeneratedFile, C:\git\VehiculoTT\HMITT\MXTmpFiles\rtos_inc.tmp_save
2026-03-23 00:16:30,773 [INFO] CodeEngine:279 - Generated code: C:\git\VehiculoTT\HMITT\MXTmpFiles\rtos_inc.tmp
2026-03-23 00:16:30,782 [INFO] CodeEngine:255 - oldGeneratedFile, C:\git\VehiculoTT\HMITT\MXTmpFiles\rtos_kernelInit.tmp_save
2026-03-23 00:16:30,838 [INFO] CodeEngine:279 - Generated code: C:\git\VehiculoTT\HMITT\MXTmpFiles\rtos_kernelInit.tmp
2026-03-23 00:16:30,847 [INFO] CodeEngine:255 - oldGeneratedFile, C:\git\VehiculoTT\HMITT\MXTmpFiles\rtos_kernelStart.tmp_save
2026-03-23 00:16:30,903 [INFO] CodeEngine:279 - Generated code: C:\git\VehiculoTT\HMITT\MXTmpFiles\rtos_kernelStart.tmp
2026-03-23 00:16:30,912 [INFO] CodeEngine:255 - oldGeneratedFile, C:\git\VehiculoTT\HMITT\MXTmpFiles\rtos_typedefs.tmp_save
2026-03-23 00:16:30,968 [INFO] CodeEngine:279 - Generated code: C:\git\VehiculoTT\HMITT\MXTmpFiles\rtos_typedefs.tmp
2026-03-23 00:16:30,986 [INFO] CodeEngine:255 - oldGeneratedFile, C:\git\VehiculoTT\HMITT\MXTmpFiles\rtos_vars.tmp_save
2026-03-23 00:16:31,042 [INFO] CodeEngine:279 - Generated code: C:\git\VehiculoTT\HMITT\MXTmpFiles\rtos_vars.tmp
2026-03-23 00:16:31,050 [INFO] CodeEngine:255 - oldGeneratedFile, C:\git\VehiculoTT\HMITT\MXTmpFiles\rtos_pfp.tmp_save
2026-03-23 00:16:31,106 [INFO] CodeEngine:279 - Generated code: C:\git\VehiculoTT\HMITT\MXTmpFiles\rtos_pfp.tmp
2026-03-23 00:16:31,123 [INFO] CodeEngine:255 - oldGeneratedFile, C:\git\VehiculoTT\HMITT\MXTmpFiles\rtos_obj_creat.tmp_save
2026-03-23 00:16:31,178 [INFO] CodeEngine:279 - Generated code: C:\git\VehiculoTT\HMITT\MXTmpFiles\rtos_obj_creat.tmp
2026-03-23 00:16:31,187 [INFO] CodeEngine:255 - oldGeneratedFile, C:\git\VehiculoTT\HMITT\MXTmpFiles\rtos_default_thread.tmp_save
2026-03-23 00:16:31,242 [INFO] CodeEngine:279 - Generated code: C:\git\VehiculoTT\HMITT\MXTmpFiles\rtos_default_thread.tmp
2026-03-23 00:16:31,252 [INFO] CodeEngine:255 - oldGeneratedFile, C:\git\VehiculoTT\HMITT\MXTmpFiles\rtos_threads.tmp_save
2026-03-23 00:16:31,306 [INFO] CodeEngine:279 - Generated code: C:\git\VehiculoTT\HMITT\MXTmpFiles\rtos_threads.tmp
2026-03-23 00:16:31,325 [INFO] CodeEngine:255 - oldGeneratedFile, C:\git\VehiculoTT\HMITT\Core\Inc\FreeRTOSConfig.h_save
2026-03-23 00:16:31,404 [INFO] CodeEngine:279 - Generated code: C:\git\VehiculoTT\HMITT\Core\Inc\FreeRTOSConfig.h
2026-03-23 00:16:31,422 [INFO] CodeEngine:255 - oldGeneratedFile, C:\git\VehiculoTT\HMITT\Core\Src\freertos.c_save
2026-03-23 00:16:31,482 [INFO] CodeEngine:279 - Generated code: C:\git\VehiculoTT\HMITT\Core\Src\freertos.c
2026-03-23 00:16:31,523 [INFO] CodeEngine:255 - oldGeneratedFile, C:\git\VehiculoTT\HMITT\MXTmpFiles\dma.tmp_save
2026-03-23 00:16:31,593 [INFO] CodeEngine:279 - Generated code: C:\git\VehiculoTT\HMITT\MXTmpFiles\dma.tmp
2026-03-23 00:16:31,600 [INFO] CodeEngine:255 - oldGeneratedFile, C:\git\VehiculoTT\HMITT\MXTmpFiles\dma_GV.tmp_save
2026-03-23 00:16:31,658 [INFO] CodeEngine:279 - Generated code: C:\git\VehiculoTT\HMITT\MXTmpFiles\dma_GV.tmp
2026-03-23 00:16:31,666 [INFO] Middleware:1439 - No code input for Bsp Dependency
2026-03-23 00:16:31,666 [INFO] IP:3348 - RTE Config file name : RTE_Component
2026-03-23 00:16:31,666 [INFO] IP:3366 - RTE template : RTE_Components.ftl
2026-03-23 00:16:31,678 [INFO] CodeEngine:255 - oldGeneratedFile, C:\git\VehiculoTT\HMITT\MXTmpFiles\SCB_CleanInvalidateDCache.tmp_save
2026-03-23 00:16:31,739 [INFO] CodeEngine:279 - Generated code: C:\git\VehiculoTT\HMITT\MXTmpFiles\SCB_CleanInvalidateDCache.tmp
2026-03-23 00:16:31,750 [INFO] CodeEngine:255 - oldGeneratedFile, C:\git\VehiculoTT\HMITT\MXTmpFiles\SCB_InvalidateDCache.tmp_save
2026-03-23 00:16:31,801 [INFO] CodeEngine:279 - Generated code: C:\git\VehiculoTT\HMITT\MXTmpFiles\SCB_InvalidateDCache.tmp
2026-03-23 00:16:31,811 [INFO] CodeEngine:255 - oldGeneratedFile, C:\git\VehiculoTT\HMITT\MXTmpFiles\touchgfx_license.tmp_save
2026-03-23 00:16:31,870 [INFO] CodeEngine:279 - Generated code: C:\git\VehiculoTT\HMITT\MXTmpFiles\touchgfx_license.tmp
2026-03-23 00:16:31,881 [INFO] CodeEngine:255 - oldGeneratedFile, C:\git\VehiculoTT\HMITT\MXTmpFiles\touchgfx_gen_license.tmp_save
2026-03-23 00:16:31,936 [INFO] CodeEngine:279 - Generated code: C:\git\VehiculoTT\HMITT\MXTmpFiles\touchgfx_gen_license.tmp
2026-03-23 00:16:31,955 [INFO] CodeEngine:255 - oldGeneratedFile, C:\git\VehiculoTT\HMITT\MXTmpFiles\oswrappers_cmsis.tmp_save
2026-03-23 00:16:32,016 [INFO] CodeEngine:279 - Generated code: C:\git\VehiculoTT\HMITT\MXTmpFiles\oswrappers_cmsis.tmp
2026-03-23 00:16:32,026 [INFO] CodeEngine:255 - oldGeneratedFile, C:\git\VehiculoTT\HMITT\TouchGFX\App\app_touchgfx.h_save
2026-03-23 00:16:32,085 [INFO] CodeEngine:279 - Generated code: C:\git\VehiculoTT\HMITT\TouchGFX\App\app_touchgfx.h
2026-03-23 00:16:32,103 [INFO] CodeEngine:255 - oldGeneratedFile, C:\git\VehiculoTT\HMITT\TouchGFX\ApplicationTemplate.touchgfx.part_save
2026-03-23 00:16:32,163 [INFO] CodeEngine:279 - Generated code: C:\git\VehiculoTT\HMITT\TouchGFX\ApplicationTemplate.touchgfx.part
2026-03-23 00:16:32,180 [INFO] CodeEngine:255 - oldGeneratedFile, C:\git\VehiculoTT\HMITT\TouchGFX\target\generated\TouchGFXConfiguration.cpp_save
2026-03-23 00:16:32,243 [INFO] CodeEngine:279 - Generated code: C:\git\VehiculoTT\HMITT\TouchGFX\target\generated\TouchGFXConfiguration.cpp
2026-03-23 00:16:32,261 [INFO] CodeEngine:255 - oldGeneratedFile, C:\git\VehiculoTT\HMITT\TouchGFX\target\generated\TouchGFXGeneratedHAL.hpp_save
2026-03-23 00:16:32,329 [INFO] CodeEngine:279 - Generated code: C:\git\VehiculoTT\HMITT\TouchGFX\target\generated\TouchGFXGeneratedHAL.hpp
2026-03-23 00:16:32,347 [INFO] CodeEngine:255 - oldGeneratedFile, C:\git\VehiculoTT\HMITT\TouchGFX\target\generated\TouchGFXGeneratedHAL.cpp_save
2026-03-23 00:16:32,412 [INFO] CodeEngine:279 - Generated code: C:\git\VehiculoTT\HMITT\TouchGFX\target\generated\TouchGFXGeneratedHAL.cpp
2026-03-23 00:16:32,423 [INFO] CodeEngine:255 - oldGeneratedFile, C:\git\VehiculoTT\HMITT\TouchGFX\target\TouchGFXHAL.hpp_save
2026-03-23 00:16:32,491 [INFO] CodeEngine:279 - Generated code: C:\git\VehiculoTT\HMITT\TouchGFX\target\TouchGFXHAL.hpp
2026-03-23 00:16:32,500 [INFO] CodeEngine:255 - oldGeneratedFile, C:\git\VehiculoTT\HMITT\TouchGFX\target\TouchGFXHAL.cpp_save
2026-03-23 00:16:32,577 [INFO] CodeEngine:279 - Generated code: C:\git\VehiculoTT\HMITT\TouchGFX\target\TouchGFXHAL.cpp
2026-03-23 00:16:32,594 [INFO] CodeEngine:255 - oldGeneratedFile, C:\git\VehiculoTT\HMITT\TouchGFX\target\STM32TouchController.hpp_save
2026-03-23 00:16:32,652 [INFO] CodeEngine:279 - Generated code: C:\git\VehiculoTT\HMITT\TouchGFX\target\STM32TouchController.hpp
2026-03-23 00:16:32,662 [INFO] CodeEngine:255 - oldGeneratedFile, C:\git\VehiculoTT\HMITT\TouchGFX\target\STM32TouchController.cpp_save
2026-03-23 00:16:32,730 [INFO] CodeEngine:279 - Generated code: C:\git\VehiculoTT\HMITT\TouchGFX\target\STM32TouchController.cpp
2026-03-23 00:16:32,740 [INFO] CodeEngine:255 - oldGeneratedFile, C:\git\VehiculoTT\HMITT\TouchGFX\target\generated\STM32DMA.hpp_save
2026-03-23 00:16:32,807 [INFO] CodeEngine:279 - Generated code: C:\git\VehiculoTT\HMITT\TouchGFX\target\generated\STM32DMA.hpp
2026-03-23 00:16:32,818 [INFO] CodeEngine:255 - oldGeneratedFile, C:\git\VehiculoTT\HMITT\TouchGFX\target\generated\STM32DMA.cpp_save
2026-03-23 00:16:32,875 [INFO] CodeEngine:279 - Generated code: C:\git\VehiculoTT\HMITT\TouchGFX\target\generated\STM32DMA.cpp
2026-03-23 00:16:32,885 [INFO] CodeEngine:255 - oldGeneratedFile, C:\git\VehiculoTT\HMITT\TouchGFX\target\generated\OSWrappers.cpp_save
2026-03-23 00:16:32,954 [INFO] CodeEngine:279 - Generated code: C:\git\VehiculoTT\HMITT\TouchGFX\target\generated\OSWrappers.cpp
2026-03-23 00:16:32,963 [INFO] CodeEngine:255 - oldGeneratedFile, C:\git\VehiculoTT\HMITT\TouchGFX\target\TouchGFXGPIO.cpp_save
2026-03-23 00:16:33,027 [INFO] CodeEngine:279 - Generated code: C:\git\VehiculoTT\HMITT\TouchGFX\target\TouchGFXGPIO.cpp
2026-03-23 00:16:33,037 [INFO] CodeEngine:255 - oldGeneratedFile, C:\git\VehiculoTT\HMITT\TouchGFX\App\app_touchgfx.c_save
2026-03-23 00:16:33,105 [INFO] CodeEngine:279 - Generated code: C:\git\VehiculoTT\HMITT\TouchGFX\App\app_touchgfx.c
2026-03-23 00:16:33,137 [INFO] CodeEngine:255 - oldGeneratedFile, C:\git\VehiculoTT\HMITT\Core\Src\stm32f4xx_it.c_save
2026-03-23 00:16:33,245 [INFO] CodeEngine:279 - Generated code: C:\git\VehiculoTT\HMITT\Core\Src\stm32f4xx_it.c
2026-03-23 00:16:33,261 [INFO] CodeEngine:255 - oldGeneratedFile, C:\git\VehiculoTT\HMITT\Core\Inc\stm32f4xx_it.h_save
2026-03-23 00:16:33,321 [INFO] CodeEngine:279 - Generated code: C:\git\VehiculoTT\HMITT\Core\Inc\stm32f4xx_it.h
2026-03-23 00:16:33,327 [INFO] IP:3348 - RTE Config file name : RTE_Component
2026-03-23 00:16:33,327 [INFO] IP:3366 - RTE template : RTE_Components.ftl
2026-03-23 00:16:33,327 [INFO] CodeGenerator:2119 - Add RTE Code Input 
2026-03-23 00:16:33,340 [INFO] CodeEngine:255 - oldGeneratedFile, C:\git\VehiculoTT\HMITT\Core\Inc\RTE_Components.h_save
2026-03-23 00:16:33,407 [INFO] CodeEngine:279 - Generated code: C:\git\VehiculoTT\HMITT\Core\Inc\RTE_Components.h
2026-03-23 00:16:33,437 [INFO] CodeEngine:255 - oldGeneratedFile, C:\git\VehiculoTT\HMITT\Core\Src\stm32f4xx_hal_msp.c_save
2026-03-23 00:16:33,554 [INFO] CodeEngine:279 - Generated code: C:\git\VehiculoTT\HMITT\Core\Src\stm32f4xx_hal_msp.c
2026-03-23 00:16:33,562 [INFO] CodeEngine:255 - oldGeneratedFile, C:\git\VehiculoTT\HMITT\MXTmpFiles\system.tmp_save
2026-03-23 00:16:33,619 [INFO] CodeEngine:279 - Generated code: C:\git\VehiculoTT\HMITT\MXTmpFiles\system.tmp
2026-03-23 00:16:33,635 [INFO] CodeEngine:255 - oldGeneratedFile, C:\git\VehiculoTT\HMITT\Core\Src\stm32f4xx_hal_timebase_tim.c_save
2026-03-23 00:16:33,703 [INFO] CodeEngine:279 - Generated code: C:\git\VehiculoTT\HMITT\Core\Src\stm32f4xx_hal_timebase_tim.c
2026-03-23 00:16:33,731 [INFO] CodeEngine:311 - oldGeneratedFile, C:\git\VehiculoTT\HMITT\Core\Inc\stm32f4xx_hal_conf.h_save
2026-03-23 00:16:33,841 [INFO] CodeEngine:335 - Generated code: C:\git\VehiculoTT\HMITT\Core\Inc\stm32f4xx_hal_conf.h
2026-03-23 00:16:33,867 [WARN] IPConfigManager:3513 - IP not found : TIM
2026-03-23 00:16:33,867 [WARN] CodeGenerator:3951 - IP not found : null
2026-03-23 00:16:33,888 [INFO] CodeEngine:255 - oldGeneratedFile, C:\git\VehiculoTT\HMITT\Core\Inc\main.h_save
2026-03-23 00:16:33,960 [INFO] CodeEngine:279 - Generated code: C:\git\VehiculoTT\HMITT\Core\Inc\main.h
2026-03-23 00:16:33,983 [INFO] CodeEngine:255 - oldGeneratedFile, C:\git\VehiculoTT\HMITT\Core\Src\main.c_save
2026-03-23 00:16:34,150 [INFO] CodeEngine:279 - Generated code: C:\git\VehiculoTT\HMITT\Core\Src\main.c
2026-03-23 00:16:34,968 [INFO] ProjectBuilder:3163 - Time for Copy HAL[1] : 523mS.
2026-03-23 00:16:34,968 [ERROR] Middleware:2969 - Invalid RefComponent liste
2026-03-23 00:16:34,968 [ERROR] Middleware:2969 - Invalid RefComponent liste
2026-03-23 00:16:34,968 [ERROR] Middleware:2969 - Invalid RefComponent liste
2026-03-23 00:16:34,968 [ERROR] Middleware:2969 - Invalid RefComponent liste
2026-03-23 00:16:34,968 [ERROR] Middleware:2969 - Invalid RefComponent liste
2026-03-23 00:16:34,969 [ERROR] Middleware:2969 - Invalid RefComponent liste
2026-03-23 00:16:34,969 [ERROR] Middleware:2969 - Invalid RefComponent liste
2026-03-23 00:16:34,969 [ERROR] Middleware:2969 - Invalid RefComponent liste
2026-03-23 00:16:34,969 [ERROR] Middleware:2969 - Invalid RefComponent liste
2026-03-23 00:16:34,969 [ERROR] Middleware:2969 - Invalid RefComponent liste
2026-03-23 00:16:34,969 [ERROR] Middleware:2969 - Invalid RefComponent liste
2026-03-23 00:16:34,969 [ERROR] Middleware:2969 - Invalid RefComponent liste
2026-03-23 00:16:34,969 [ERROR] Middleware:2969 - Invalid RefComponent liste
2026-03-23 00:16:34,969 [ERROR] Middleware:2969 - Invalid RefComponent liste
2026-03-23 00:16:34,969 [ERROR] Middleware:2969 - Invalid RefComponent liste
2026-03-23 00:16:34,969 [ERROR] Middleware:2969 - Invalid RefComponent liste
2026-03-23 00:16:34,969 [ERROR] Middleware:2969 - Invalid RefComponent liste
2026-03-23 00:16:34,969 [ERROR] Middleware:2969 - Invalid RefComponent liste
2026-03-23 00:16:34,969 [ERROR] Middleware:2969 - Invalid RefComponent liste
2026-03-23 00:16:34,969 [ERROR] Middleware:2969 - Invalid RefComponent liste
2026-03-23 00:16:34,969 [ERROR] Middleware:2969 - Invalid RefComponent liste
2026-03-23 00:16:34,969 [ERROR] Middleware:2969 - Invalid RefComponent liste
2026-03-23 00:16:34,969 [ERROR] Middleware:2969 - Invalid RefComponent liste
2026-03-23 00:16:34,969 [ERROR] Middleware:2969 - Invalid RefComponent liste
2026-03-23 00:16:34,969 [ERROR] Middleware:2969 - Invalid RefComponent liste
2026-03-23 00:16:34,969 [ERROR] Middleware:2969 - Invalid RefComponent liste
2026-03-23 00:16:34,969 [ERROR] Middleware:2969 - Invalid RefComponent liste
2026-03-23 00:16:34,969 [ERROR] Middleware:2969 - Invalid RefComponent liste
2026-03-23 00:16:34,969 [ERROR] Middleware:2969 - Invalid RefComponent liste
2026-03-23 00:16:34,969 [ERROR] Middleware:2969 - Invalid RefComponent liste
2026-03-23 00:16:34,969 [ERROR] Middleware:2969 - Invalid RefComponent liste
2026-03-23 00:16:34,969 [ERROR] Middleware:2969 - Invalid RefComponent liste
2026-03-23 00:16:34,969 [ERROR] Middleware:2969 - Invalid RefComponent liste
2026-03-23 00:16:34,969 [ERROR] Middleware:2969 - Invalid RefComponent liste
2026-03-23 00:16:34,969 [ERROR] Middleware:2969 - Invalid RefComponent liste
2026-03-23 00:16:34,970 [ERROR] Middleware:2969 - Invalid RefComponent liste
2026-03-23 00:16:34,970 [ERROR] Middleware:2969 - Invalid RefComponent liste
2026-03-23 00:16:34,970 [ERROR] Middleware:2969 - Invalid RefComponent liste
2026-03-23 00:16:34,970 [ERROR] Middleware:2969 - Invalid RefComponent liste
2026-03-23 00:16:34,970 [ERROR] Middleware:2969 - Invalid RefComponent liste
2026-03-23 00:16:34,970 [ERROR] Middleware:2969 - Invalid RefComponent liste
2026-03-23 00:16:34,970 [ERROR] Middleware:2969 - Invalid RefComponent liste
2026-03-23 00:16:34,970 [ERROR] Middleware:2969 - Invalid RefComponent liste
2026-03-23 00:16:34,970 [ERROR] Middleware:2969 - Invalid RefComponent liste
2026-03-23 00:16:34,970 [ERROR] Middleware:2969 - Invalid RefComponent liste
2026-03-23 00:16:34,970 [ERROR] Middleware:2969 - Invalid RefComponent liste
2026-03-23 00:16:34,970 [ERROR] Middleware:2969 - Invalid RefComponent liste
2026-03-23 00:16:34,970 [ERROR] Middleware:2969 - Invalid RefComponent liste
2026-03-23 00:16:34,970 [ERROR] Middleware:2969 - Invalid RefComponent liste
2026-03-23 00:16:34,970 [ERROR] Middleware:2969 - Invalid RefComponent liste
2026-03-23 00:16:34,970 [ERROR] Middleware:2969 - Invalid RefComponent liste
2026-03-23 00:16:34,970 [ERROR] Middleware:2969 - Invalid RefComponent liste
2026-03-23 00:16:34,970 [ERROR] Middleware:2969 - Invalid RefComponent liste
2026-03-23 00:16:34,970 [ERROR] Middleware:2969 - Invalid RefComponent liste
2026-03-23 00:16:34,970 [ERROR] Middleware:2969 - Invalid RefComponent liste
2026-03-23 00:16:34,970 [ERROR] Middleware:2969 - Invalid RefComponent liste
2026-03-23 00:16:34,970 [ERROR] Middleware:2969 - Invalid RefComponent liste
2026-03-23 00:16:34,970 [ERROR] Middleware:2969 - Invalid RefComponent liste
2026-03-23 00:16:34,970 [ERROR] Middleware:2969 - Invalid RefComponent liste
2026-03-23 00:16:34,970 [ERROR] Middleware:2969 - Invalid RefComponent liste
2026-03-23 00:16:34,970 [ERROR] Middleware:2969 - Invalid RefComponent liste
2026-03-23 00:16:34,970 [ERROR] Middleware:2969 - Invalid RefComponent liste
2026-03-23 00:16:34,970 [ERROR] Middleware:2969 - Invalid RefComponent liste
2026-03-23 00:16:34,970 [ERROR] Middleware:2969 - Invalid RefComponent liste
2026-03-23 00:16:34,970 [ERROR] Middleware:2969 - Invalid RefComponent liste
2026-03-23 00:16:34,970 [ERROR] Middleware:2969 - Invalid RefComponent liste
2026-03-23 00:16:34,970 [ERROR] Middleware:2969 - Invalid RefComponent liste
2026-03-23 00:16:34,970 [ERROR] Middleware:2969 - Invalid RefComponent liste
2026-03-23 00:16:34,970 [ERROR] Middleware:2969 - Invalid RefComponent liste
2026-03-23 00:16:34,970 [ERROR] Middleware:2969 - Invalid RefComponent liste
2026-03-23 00:16:34,970 [ERROR] Middleware:2969 - Invalid RefComponent liste
2026-03-23 00:16:34,970 [ERROR] Middleware:2969 - Invalid RefComponent liste
2026-03-23 00:16:34,970 [ERROR] Middleware:2969 - Invalid RefComponent liste
2026-03-23 00:16:34,970 [ERROR] Middleware:2969 - Invalid RefComponent liste
2026-03-23 00:16:34,970 [ERROR] Middleware:2969 - Invalid RefComponent liste
2026-03-23 00:16:34,970 [ERROR] Middleware:2969 - Invalid RefComponent liste
2026-03-23 00:16:34,970 [ERROR] Middleware:2969 - Invalid RefComponent liste
2026-03-23 00:16:34,970 [ERROR] Middleware:2969 - Invalid RefComponent liste
2026-03-23 00:16:34,970 [ERROR] Middleware:2969 - Invalid RefComponent liste
2026-03-23 00:16:34,970 [ERROR] Middleware:2969 - Invalid RefComponent liste
2026-03-23 00:16:34,970 [ERROR] Middleware:2969 - Invalid RefComponent liste
2026-03-23 00:16:34,970 [ERROR] Middleware:2969 - Invalid RefComponent liste
2026-03-23 00:16:34,970 [ERROR] Middleware:2969 - Invalid RefComponent liste
2026-03-23 00:16:34,970 [ERROR] Middleware:2969 - Invalid RefComponent liste
2026-03-23 00:16:34,970 [ERROR] Middleware:2969 - Invalid RefComponent liste
2026-03-23 00:16:34,970 [ERROR] Middleware:2969 - Invalid RefComponent liste
2026-03-23 00:16:34,970 [ERROR] Middleware:2969 - Invalid RefComponent liste
2026-03-23 00:16:34,970 [ERROR] Middleware:2969 - Invalid RefComponent liste
2026-03-23 00:16:34,970 [ERROR] Middleware:2969 - Invalid RefComponent liste
2026-03-23 00:16:34,970 [ERROR] Middleware:2969 - Invalid RefComponent liste
2026-03-23 00:16:34,970 [ERROR] Middleware:2969 - Invalid RefComponent liste
2026-03-23 00:16:34,970 [ERROR] Middleware:2969 - Invalid RefComponent liste
2026-03-23 00:16:34,970 [ERROR] Middleware:2969 - Invalid RefComponent liste
2026-03-23 00:16:34,970 [ERROR] Middleware:2969 - Invalid RefComponent liste
2026-03-23 00:16:34,971 [ERROR] Middleware:2969 - Invalid RefComponent liste
2026-03-23 00:16:34,971 [ERROR] Middleware:2969 - Invalid RefComponent liste
2026-03-23 00:16:34,971 [ERROR] Middleware:2969 - Invalid RefComponent liste
2026-03-23 00:16:34,971 [ERROR] Middleware:2969 - Invalid RefComponent liste
2026-03-23 00:16:34,971 [ERROR] Middleware:2969 - Invalid RefComponent liste
2026-03-23 00:16:34,971 [ERROR] Middleware:2969 - Invalid RefComponent liste
2026-03-23 00:16:34,971 [ERROR] Middleware:2969 - Invalid RefComponent liste
2026-03-23 00:16:34,971 [ERROR] Middleware:2969 - Invalid RefComponent liste
2026-03-23 00:16:34,989 [INFO] ProjectBuilder:4736 - Project Generator version: 4.3.0-B58
2026-03-23 00:16:35,054 [INFO] ConfigFileManager:1503 - The Die is : DIE431
2026-03-23 00:16:37,717 [INFO] ProjectBuilder:5002 - Time for Generating toolchain IDE Files: 2728mS.
2026-03-23 00:16:37,719 [INFO] ProjectBuilder:3034 - Time for Copy CMSIS : 1mS.
2026-03-23 00:16:37,858 [INFO] ProjectBuilder:3034 - Time for Copy CMSIS : 0mS.
2026-03-23 00:22:07,699 [INFO] MainUpdater:2873 - connection check result : 10
2026-03-23 00:22:07,700 [INFO] MainUpdater:2873 - connection check result : 10
2026-03-23 00:22:07,752 [INFO] MicroXplorer:468 - Change Database Path : 
2026-03-23 00:22:07,752 [INFO] MicroXplorer:498 - Change Database Version : DB.6.0.110
2026-03-23 00:22:07,759 [ERROR] ProjectManagerView:394 - 
java.lang.NullPointerException: Cannot invoke "javax.swing.JTextField.getText()" because the return value of "java.util.List.get(int)" is null
	at com.st.microxplorer.plugins.projectmanager.gui.ProjectChoiceTab$10.caretUpdate(ProjectChoiceTab.java:2504) ~[filemanager.jar:?]
	at javax.swing.text.JTextComponent.fireCaretUpdate(JTextComponent.java:412) ~[?:?]
	at javax.swing.text.JTextComponent$MutableCaretEvent.fire(JTextComponent.java:4491) ~[?:?]
	at javax.swing.text.JTextComponent$MutableCaretEvent.stateChanged(JTextComponent.java:4513) ~[?:?]
	at javax.swing.text.DefaultCaret.fireStateChanged(DefaultCaret.java:842) ~[?:?]
	at javax.swing.text.DefaultCaret.changeCaretPosition(DefaultCaret.java:1313) ~[?:?]
	at javax.swing.text.DefaultCaret.handleSetDot(DefaultCaret.java:1212) ~[?:?]
	at javax.swing.text.DefaultCaret.setDot(DefaultCaret.java:1193) ~[?:?]
	at javax.swing.text.DefaultCaret$Handler.insertUpdate(DefaultCaret.java:1789) ~[?:?]
	at javax.swing.text.AbstractDocument.fireInsertUpdate(AbstractDocument.java:226) ~[?:?]
	at javax.swing.text.AbstractDocument.handleInsertString(AbstractDocument.java:780) ~[?:?]
	at javax.swing.text.AbstractDocument.insertString(AbstractDocument.java:739) ~[?:?]
	at javax.swing.text.PlainDocument.insertString(PlainDocument.java:131) ~[?:?]
	at javax.swing.text.AbstractDocument.replace(AbstractDocument.java:698) ~[?:?]
	at javax.swing.text.JTextComponent.setText(JTextComponent.java:1729) ~[?:?]
	at com.st.microxplorer.plugins.projectmanager.gui.ProjectChoiceTab.createHeapStackFields(ProjectChoiceTab.java:944) ~[filemanager.jar:?]
	at com.st.microxplorer.plugins.projectmanager.gui.ProjectChoiceTab.buildLinkSettingsPanel(ProjectChoiceTab.java:3475) ~[filemanager.jar:?]
	at com.st.microxplorer.plugins.projectmanager.gui.ProjectChoiceTab.defineWindowsFields(ProjectChoiceTab.java:1816) ~[filemanager.jar:?]
	at com.st.microxplorer.plugins.projectmanager.gui.ProjectChoiceTab.updateSettings(ProjectChoiceTab.java:544) ~[filemanager.jar:?]
	at com.st.microxplorer.plugins.projectmanager.gui.ProjectSettingsPanel.UpdateDialog(ProjectSettingsPanel.java:245) ~[filemanager.jar:?]
	at com.st.microxplorer.plugins.projectmanager.ProjectManagerView.propertyChange(ProjectManagerView.java:391) ~[filemanager.jar:?]
	at java.beans.PropertyChangeSupport.fire(PropertyChangeSupport.java:343) ~[?:?]
	at java.beans.PropertyChangeSupport.firePropertyChange(PropertyChangeSupport.java:335) ~[?:?]
	at java.beans.PropertyChangeSupport.firePropertyChange(PropertyChangeSupport.java:268) ~[?:?]
	at com.st.microxplorer.util.MXPropertyChangeSupport.firePropertyChange(MXPropertyChangeSupport.java:54) ~[STM32CubeMX.jar:?]
	at com.st.microxplorer.mxsystem.MxSystem.closeConfig(MxSystem.java:900) ~[STM32CubeMX.jar:?]
	at com.st.microxplorer.maingui.MainPanel.closeConfig(MainPanel.java:776) ~[STM32CubeMX.jar:?]
	at com.st.microxplorer.plugins.filemanager.engine.OpenFileManager.loadConfigurationFile(OpenFileManager.java:245) ~[filemanager.jar:?]
	at com.st.microxplorer.plugins.filemanager.engine.MainFileManager.userLoadConfig(MainFileManager.java:315) ~[filemanager.jar:?]
	at com.st.microxplorer.plugins.filemanager.engine.MainFileManager.userLoadConfig(MainFileManager.java:293) ~[filemanager.jar:?]
	at com.st.microxplorer.plugins.filemanager.FileManagerView.getSpecificTask(FileManagerView.java:247) ~[filemanager.jar:?]
	at com.st.stm32cube.common.mx.editor.CubeMxEditor.getMxTabbedPaneInstance(CubeMxEditor.java:1198) ~[com.st.stm32cube.common.mx_6.11.0.202403141607/:?]
	at com.st.stm32cube.common.mx.editor.CubeMxEditor$12$1.createSwingComponent(CubeMxEditor.java:1068) ~[com.st.stm32cube.common.mx_6.11.0.202403141607/:?]
	at com.st.stm32cube.common.mx.oss.core.awtswtbridge.EmbeddedSwingComposite.doComponentCreation(EmbeddedSwingComposite.java:492) ~[com.st.stm32cube.common.mx.oss_6.11.0.202403141607/:?]
	at com.st.stm32cube.common.mx.oss.core.awtswtbridge.EmbeddedSwingComposite$4.run(EmbeddedSwingComposite.java:291) ~[com.st.stm32cube.common.mx.oss_6.11.0.202403141607/:?]
	at com.st.stm32cube.common.mx.oss.core.awtswtbridge.AwtEnvironment$2.run(AwtEnvironment.java:166) ~[com.st.stm32cube.common.mx.oss_6.11.0.202403141607/:?]
	at java.awt.event.InvocationEvent.dispatch(InvocationEvent.java:318) ~[?:?]
	at java.awt.EventQueue.dispatchEventImpl(EventQueue.java:773) ~[?:?]
	at java.awt.EventQueue$4.run(EventQueue.java:720) ~[?:?]
	at java.awt.EventQueue$4.run(EventQueue.java:714) ~[?:?]
	at java.security.AccessController.doPrivileged(AccessController.java:399) ~[?:?]
	at java.security.ProtectionDomain$JavaSecurityAccessImpl.doIntersectionPrivilege(ProtectionDomain.java:86) ~[?:?]
	at java.awt.EventQueue.dispatchEvent(EventQueue.java:742) ~[?:?]
	at java.awt.EventDispatchThread.pumpOneEventForFilters(EventDispatchThread.java:203) ~[?:?]
	at java.awt.EventDispatchThread.pumpEventsForFilter(EventDispatchThread.java:124) ~[?:?]
	at java.awt.EventDispatchThread.pumpEventsForHierarchy(EventDispatchThread.java:113) ~[?:?]
	at java.awt.EventDispatchThread.pumpEvents(EventDispatchThread.java:109) ~[?:?]
	at java.awt.EventDispatchThread.pumpEvents(EventDispatchThread.java:101) ~[?:?]
	at java.awt.EventDispatchThread.run(EventDispatchThread.java:90) ~[?:?]
2026-03-23 00:22:07,834 [WARN] ThirdParty:871 - waiting for thirdparty lock release [close project]
2026-03-23 00:22:07,834 [INFO] ThirdParty:873 - entering critical section [close project]
2026-03-23 00:22:07,834 [INFO] ThirdParty:883 - exiting critical section [close project]
2026-03-23 00:22:07,835 [INFO] PinOutPanel:1561 - setPackage(No Configuration,No Configuration)
2026-03-23 00:22:07,841 [WARN] IpParametersView:151 - Warning: This peripheral hasn't parameters
2026-03-23 00:22:07,846 [WARN] MainPanel:272 - <html><b><center>Warning: This peripheral has no parameters to be configured<br></b></html>
2026-03-23 00:22:07,853 [INFO] UtilMem:75 - Begin LoadConfig() Used Memory: 788922584 Bytes (1073741824)
2026-03-23 00:22:07,854 [INFO] MicroXplorer:468 - Change Database Path : 
2026-03-23 00:22:07,854 [INFO] MicroXplorer:498 - Change Database Version : DB.6.0.110
2026-03-23 00:22:07,854 [INFO] OpenFileManager:312 - Change cursor
2026-03-23 00:22:07,875 [INFO] RulesReader:64 - Compatibility file has been processed (297 Rules)
2026-03-23 00:22:07,878 [INFO] Mcu:2021 - Initializing MCU STM32F411C(C-E)Ux STM32F411CEUx STM32F411CEU6
2026-03-23 00:22:08,569 [INFO] Context:663 - Trying to add GPIOservice into a context  which must be forbidden
2026-03-23 00:22:08,942 [INFO] RtosManager:555 - Registered RTOS mode: class=CMSIS, group=RTOS, mode=CMSIS_V1, owner=FREERTOS
2026-03-23 00:22:08,942 [INFO] RtosManager:555 - Registered RTOS mode: class=CMSIS, group=RTOS2, mode=CMSIS_V2, owner=FREERTOS
2026-03-23 00:22:08,942 [INFO] RtosManager:555 - Registered RTOS mode: class=RTOS, group=Core, mode=CMSIS_V1, owner=FREERTOS
2026-03-23 00:22:08,942 [INFO] RtosManager:555 - Registered RTOS mode: class=RTOS, group=Core, mode=CMSIS_V2, owner=FREERTOS
2026-03-23 00:22:08,943 [WARN] ModelIntegratedComponent:184 - Missing modes for component STMicroelectronics:FreeRTOS:0.0.1:STMicroelectronics:RTOS:FreeRTOS:Core:::10.2.0:
2026-03-23 00:22:08,946 [WARN] ModelIntegratedComponent:63 - No mode defined for component null
2026-03-23 00:22:08,946 [WARN] ModelIntegratedComponent:63 - No mode defined for component null
2026-03-23 00:22:08,946 [WARN] ModelIntegratedComponent:63 - No mode defined for component null
2026-03-23 00:22:08,946 [WARN] ModelIntegratedComponent:63 - No mode defined for component null
2026-03-23 00:22:08,946 [WARN] ModelIntegratedComponent:63 - No mode defined for component null
2026-03-23 00:22:08,946 [WARN] ModelIntegratedComponent:63 - No mode defined for component null
2026-03-23 00:22:08,946 [WARN] ModelIntegratedComponent:63 - No mode defined for component null
2026-03-23 00:22:08,946 [WARN] ModelIntegratedComponent:63 - No mode defined for component null
2026-03-23 00:22:08,946 [WARN] ModelIntegratedComponent:63 - No mode defined for component null
2026-03-23 00:22:08,946 [WARN] ModelIntegratedComponent:63 - No mode defined for component null
2026-03-23 00:22:08,946 [WARN] ModelIntegratedComponent:63 - No mode defined for component null
2026-03-23 00:22:08,946 [WARN] ModelIntegratedComponent:63 - No mode defined for component null
2026-03-23 00:22:08,946 [WARN] ModelIntegratedComponent:63 - No mode defined for component null
2026-03-23 00:22:08,946 [WARN] ModelIntegratedComponent:63 - No mode defined for component null
2026-03-23 00:22:08,946 [WARN] ModelIntegratedComponent:63 - No mode defined for component null
2026-03-23 00:22:08,946 [WARN] ModelIntegratedComponent:63 - No mode defined for component null
2026-03-23 00:22:08,946 [WARN] ModelIntegratedComponent:63 - No mode defined for component null
2026-03-23 00:22:08,946 [WARN] ModelIntegratedComponent:63 - No mode defined for component null
2026-03-23 00:22:08,946 [WARN] ModelIntegratedComponent:63 - No mode defined for component null
2026-03-23 00:22:08,946 [WARN] ModelIntegratedComponent:63 - No mode defined for component null
2026-03-23 00:22:08,946 [WARN] ModelIntegratedComponent:63 - No mode defined for component null
2026-03-23 00:22:08,946 [WARN] ModelIntegratedComponent:63 - No mode defined for component null
2026-03-23 00:22:08,946 [WARN] ModelIntegratedComponent:63 - No mode defined for component null
2026-03-23 00:22:08,946 [WARN] ModelIntegratedComponent:63 - No mode defined for component null
2026-03-23 00:22:08,946 [WARN] ModelIntegratedComponent:63 - No mode defined for component null
2026-03-23 00:22:08,946 [WARN] ModelIntegratedComponent:63 - No mode defined for component null
2026-03-23 00:22:08,946 [WARN] ModelIntegratedComponent:63 - No mode defined for component null
2026-03-23 00:22:08,946 [WARN] ModelIntegratedComponent:63 - No mode defined for component null
2026-03-23 00:22:08,946 [WARN] ModelIntegratedComponent:63 - No mode defined for component null
2026-03-23 00:22:08,946 [WARN] ModelIntegratedComponent:63 - No mode defined for component null
2026-03-23 00:22:08,946 [WARN] ModelIntegratedComponent:63 - No mode defined for component null
2026-03-23 00:22:08,946 [WARN] ModelIntegratedComponent:63 - No mode defined for component null
2026-03-23 00:22:08,946 [WARN] ModelIntegratedComponent:63 - No mode defined for component null
2026-03-23 00:22:08,946 [WARN] ModelIntegratedComponent:63 - No mode defined for component null
2026-03-23 00:22:08,994 [WARN] ModelIntegratedComponent:182 - Modes not found for component STMicroelectronics:USB_DEVICE:1.0.0:STMicroelectronics:USB::USB Device:Audio HS::1.0:USB_DEVICE_1_0_RESTRICTED_HS
2026-03-23 00:22:08,994 [WARN] ModelIntegratedComponent:188 - Modes not found for component STMicroelectronics:USB_DEVICE:1.0.0:STMicroelectronics:USB::USB Device:Audio HS::1.0:USB_DEVICE_1_0_RESTRICTED_HS
2026-03-23 00:22:08,994 [WARN] ModelIntegratedComponent:182 - Modes not found for component STMicroelectronics:USB_DEVICE:1.0.0:STMicroelectronics:USB::USB Device:CDC HS::1.0:USB_DEVICE_1_0_RESTRICTED_HS
2026-03-23 00:22:08,994 [WARN] ModelIntegratedComponent:188 - Modes not found for component STMicroelectronics:USB_DEVICE:1.0.0:STMicroelectronics:USB::USB Device:CDC HS::1.0:USB_DEVICE_1_0_RESTRICTED_HS
2026-03-23 00:22:08,994 [WARN] ModelIntegratedComponent:182 - Modes not found for component STMicroelectronics:USB_DEVICE:1.0.0:STMicroelectronics:USB::USB Device:DFU HS::1.0:USB_DEVICE_1_0_RESTRICTED_HS
2026-03-23 00:22:08,994 [WARN] ModelIntegratedComponent:188 - Modes not found for component STMicroelectronics:USB_DEVICE:1.0.0:STMicroelectronics:USB::USB Device:DFU HS::1.0:USB_DEVICE_1_0_RESTRICTED_HS
2026-03-23 00:22:08,994 [WARN] ModelIntegratedComponent:182 - Modes not found for component STMicroelectronics:USB_DEVICE:1.0.0:STMicroelectronics:USB::USB Device:HID HS::1.0:USB_DEVICE_1_0_RESTRICTED_HS
2026-03-23 00:22:08,994 [WARN] ModelIntegratedComponent:188 - Modes not found for component STMicroelectronics:USB_DEVICE:1.0.0:STMicroelectronics:USB::USB Device:HID HS::1.0:USB_DEVICE_1_0_RESTRICTED_HS
2026-03-23 00:22:08,994 [WARN] ModelIntegratedComponent:182 - Modes not found for component STMicroelectronics:USB_DEVICE:1.0.0:STMicroelectronics:USB::USB Device:Custom HID HS::1.0:USB_DEVICE_1_0_RESTRICTED_HS
2026-03-23 00:22:08,994 [WARN] ModelIntegratedComponent:188 - Modes not found for component STMicroelectronics:USB_DEVICE:1.0.0:STMicroelectronics:USB::USB Device:Custom HID HS::1.0:USB_DEVICE_1_0_RESTRICTED_HS
2026-03-23 00:22:08,994 [WARN] ModelIntegratedComponent:182 - Modes not found for component STMicroelectronics:USB_DEVICE:1.0.0:STMicroelectronics:USB::USB Device:MSC HS::1.0:USB_DEVICE_1_0_RESTRICTED_HS
2026-03-23 00:22:08,994 [WARN] ModelIntegratedComponent:188 - Modes not found for component STMicroelectronics:USB_DEVICE:1.0.0:STMicroelectronics:USB::USB Device:MSC HS::1.0:USB_DEVICE_1_0_RESTRICTED_HS
2026-03-23 00:22:09,081 [WARN] ModelIntegratedComponent:182 - Modes not found for component STMicroelectronics:USB_HOST:1.0.0:STMicroelectronics:USB::USB Host:Audio HS::1.0:USB_HOST_1_0_RESTRICTED_HS
2026-03-23 00:22:09,081 [WARN] ModelIntegratedComponent:188 - Modes not found for component STMicroelectronics:USB_HOST:1.0.0:STMicroelectronics:USB::USB Host:Audio HS::1.0:USB_HOST_1_0_RESTRICTED_HS
2026-03-23 00:22:09,081 [WARN] ModelIntegratedComponent:182 - Modes not found for component STMicroelectronics:USB_HOST:1.0.0:STMicroelectronics:USB::USB Host:CDC HS::1.0:USB_HOST_1_0_RESTRICTED_HS
2026-03-23 00:22:09,081 [WARN] ModelIntegratedComponent:188 - Modes not found for component STMicroelectronics:USB_HOST:1.0.0:STMicroelectronics:USB::USB Host:CDC HS::1.0:USB_HOST_1_0_RESTRICTED_HS
2026-03-23 00:22:09,081 [WARN] ModelIntegratedComponent:182 - Modes not found for component STMicroelectronics:USB_HOST:1.0.0:STMicroelectronics:USB::USB Host:MSC HS::1.0:USB_HOST_1_0_RESTRICTED_HS
2026-03-23 00:22:09,081 [WARN] ModelIntegratedComponent:188 - Modes not found for component STMicroelectronics:USB_HOST:1.0.0:STMicroelectronics:USB::USB Host:MSC HS::1.0:USB_HOST_1_0_RESTRICTED_HS
2026-03-23 00:22:09,081 [WARN] ModelIntegratedComponent:182 - Modes not found for component STMicroelectronics:USB_HOST:1.0.0:STMicroelectronics:USB::USB Host:HID HS::1.0:USB_HOST_1_0_RESTRICTED_HS
2026-03-23 00:22:09,081 [WARN] ModelIntegratedComponent:188 - Modes not found for component STMicroelectronics:USB_HOST:1.0.0:STMicroelectronics:USB::USB Host:HID HS::1.0:USB_HOST_1_0_RESTRICTED_HS
2026-03-23 00:22:09,081 [WARN] ModelIntegratedComponent:182 - Modes not found for component STMicroelectronics:USB_HOST:1.0.0:STMicroelectronics:USB::USB Host:MTP HS::1.0:USB_HOST_1_0_RESTRICTED_HS
2026-03-23 00:22:09,081 [WARN] ModelIntegratedComponent:188 - Modes not found for component STMicroelectronics:USB_HOST:1.0.0:STMicroelectronics:USB::USB Host:MTP HS::1.0:USB_HOST_1_0_RESTRICTED_HS
2026-03-23 00:22:09,154 [INFO] ThirdPartyModel:298 - Start build external matchings
2026-03-23 00:22:10,568 [INFO] ThirdPartyModel:316 - End build external matchings
2026-03-23 00:22:10,599 [INFO] RtosManager:919 - Current active RTOS is FREERTOS [Cortex-M4NS]
2026-03-23 00:22:10,600 [INFO] ImportTextPane:194 - (OptionalMessage_ERROR) IP (DMA) : Parameter (Instance) has Id (USART1_RX) currently not set
2026-03-23 00:22:10,601 [INFO] ImportTextPane:194 - (OptionalMessage_ERROR) IP (DMA) : Parameter (Channel) has Id (USART1_RX) currently not set
2026-03-23 00:22:10,601 [INFO] ImportTextPane:194 - (OptionalMessage_ERROR) IP (DMA) : Parameter (Direction) has Id (USART1_RX) currently not set
2026-03-23 00:22:10,601 [INFO] ImportTextPane:194 - (OptionalMessage_ERROR) IP (DMA) : Parameter (PeriphInc) has Id (USART1_RX) currently not set
2026-03-23 00:22:10,601 [INFO] ImportTextPane:194 - (OptionalMessage_ERROR) IP (DMA) : Parameter (MemInc) has Id (USART1_RX) currently not set
2026-03-23 00:22:10,601 [INFO] ImportTextPane:194 - (OptionalMessage_ERROR) IP (DMA) : Parameter (PeriphDataAlignment) has Id (USART1_RX) currently not set
2026-03-23 00:22:10,601 [INFO] ImportTextPane:194 - (OptionalMessage_ERROR) IP (DMA) : Parameter (MemDataAlignment) has Id (USART1_RX) currently not set
2026-03-23 00:22:10,601 [INFO] ImportTextPane:194 - (OptionalMessage_ERROR) IP (DMA) : Parameter (Mode) has Id (USART1_RX) currently not set
2026-03-23 00:22:10,601 [INFO] ImportTextPane:194 - (OptionalMessage_ERROR) IP (DMA) : Parameter (Priority) has Id (USART1_RX) currently not set
2026-03-23 00:22:10,601 [INFO] ImportTextPane:194 - (OptionalMessage_ERROR) IP (DMA) : Parameter (FIFOMode) has Id (USART1_RX) currently not set
2026-03-23 00:22:10,601 [INFO] ImportTextPane:194 - (OptionalMessage_ERROR) IP (DMA) : Parameter (Instance) has Id (USART1_TX) currently not set
2026-03-23 00:22:10,601 [INFO] ImportTextPane:194 - (OptionalMessage_ERROR) IP (DMA) : Parameter (Channel) has Id (USART1_TX) currently not set
2026-03-23 00:22:10,601 [INFO] ImportTextPane:194 - (OptionalMessage_ERROR) IP (DMA) : Parameter (Direction) has Id (USART1_TX) currently not set
2026-03-23 00:22:10,601 [INFO] ImportTextPane:194 - (OptionalMessage_ERROR) IP (DMA) : Parameter (PeriphInc) has Id (USART1_TX) currently not set
2026-03-23 00:22:10,601 [INFO] ImportTextPane:194 - (OptionalMessage_ERROR) IP (DMA) : Parameter (MemInc) has Id (USART1_TX) currently not set
2026-03-23 00:22:10,601 [INFO] ImportTextPane:194 - (OptionalMessage_ERROR) IP (DMA) : Parameter (PeriphDataAlignment) has Id (USART1_TX) currently not set
2026-03-23 00:22:10,601 [INFO] ImportTextPane:194 - (OptionalMessage_ERROR) IP (DMA) : Parameter (MemDataAlignment) has Id (USART1_TX) currently not set
2026-03-23 00:22:10,601 [INFO] ImportTextPane:194 - (OptionalMessage_ERROR) IP (DMA) : Parameter (Mode) has Id (USART1_TX) currently not set
2026-03-23 00:22:10,601 [INFO] ImportTextPane:194 - (OptionalMessage_ERROR) IP (DMA) : Parameter (Priority) has Id (USART1_TX) currently not set
2026-03-23 00:22:10,601 [INFO] ImportTextPane:194 - (OptionalMessage_ERROR) IP (DMA) : Parameter (FIFOMode) has Id (USART1_TX) currently not set
2026-03-23 00:22:10,603 [INFO] ImportTextPane:194 - (OptionalMessage_ERROR) IP (RCC) : Parameter (RTCHSEDivFreq_Value) has invalid value (12500000)
2026-03-23 00:22:10,872 [INFO] UtilMem:75 - End LoadConfig() Used Memory: 828900504 Bytes (1073741824)
2026-03-23 00:22:10,921 [WARN] ThirdParty:833 - waiting for thirdparty lock release [change project]
2026-03-23 00:22:10,922 [INFO] ThirdParty:835 - entering critical section [change project]
2026-03-23 00:22:10,922 [INFO] ThirdParty:1030 - CMSIS Pack Vendor :STMicroelectronics X-CUBE-AZRTOS-H7 3.5.0
2026-03-23 00:22:10,922 [INFO] ThirdParty:1030 - CMSIS Pack Vendor :STMicroelectronics X-CUBE-PM33A1 1.0.0
2026-03-23 00:22:10,922 [INFO] ThirdParty:1030 - CMSIS Pack Vendor :STMicroelectronics USBPD 4.1
2026-03-23 00:22:10,922 [INFO] ThirdParty:1030 - CMSIS Pack Vendor :STMicroelectronics X-CUBE-GNSS1 6.0.0
2026-03-23 00:22:10,922 [INFO] ThirdParty:1030 - CMSIS Pack Vendor :STMicroelectronics USB_HOST 2.0.0
2026-03-23 00:22:10,922 [INFO] ThirdParty:1030 - CMSIS Pack Vendor :STMicroelectronics FP-SNS-MOTENVWB1 1.4.0
2026-03-23 00:22:10,922 [INFO] ThirdParty:1030 - CMSIS Pack Vendor :STMicroelectronics X-CUBE-AZRTOS-F4 1.1.0
2026-03-23 00:22:10,922 [INFO] ThirdParty:1030 - CMSIS Pack Vendor :STMicroelectronics LIBJPEG 8.0.0
2026-03-23 00:22:10,922 [INFO] ThirdParty:1030 - CMSIS Pack Vendor :STMicroelectronics FP-ATR-ASTRA1 2.0.2
2026-03-23 00:22:10,922 [INFO] ThirdParty:1030 - CMSIS Pack Vendor :STMicroelectronics FP-ATR-ASTRA1 2.0.1
2026-03-23 00:22:10,922 [INFO] ThirdParty:1030 - CMSIS Pack Vendor :STMicroelectronics X-CUBE-SMBUS 2.1.0
2026-03-23 00:22:10,922 [INFO] ThirdParty:1030 - CMSIS Pack Vendor :STMicroelectronics X-CUBE-WB05N 1.1.0
2026-03-23 00:22:10,922 [INFO] ThirdParty:1030 - CMSIS Pack Vendor :STMicroelectronics X-CUBE-ISPU 2.1.0
2026-03-23 00:22:10,922 [INFO] ThirdParty:1030 - CMSIS Pack Vendor :STMicroelectronics X-CUBE-FREERTOS 1.2.0
2026-03-23 00:22:10,922 [INFO] ThirdParty:1030 - CMSIS Pack Vendor :STMicroelectronics X-CUBE-NFC12 1.0.0
2026-03-23 00:22:10,922 [INFO] ThirdParty:1030 - CMSIS Pack Vendor :STMicroelectronics X-CUBE-TOUCHGFX 4.23.2
2026-03-23 00:22:10,922 [INFO] ThirdParty:1030 - CMSIS Pack Vendor :STMicroelectronics X-CUBE-AZRTOS-F7 1.1.0
2026-03-23 00:22:10,922 [INFO] ThirdParty:1030 - CMSIS Pack Vendor :STMicroelectronics X-CUBE-AZRTOS-L5 2.0.0
2026-03-23 00:22:10,922 [INFO] ThirdParty:1030 - CMSIS Pack Vendor :STMicroelectronics USB_DEVICE 2.0.0
2026-03-23 00:22:10,922 [INFO] ThirdParty:1030 - CMSIS Pack Vendor :STMicroelectronics X-CUBE-NFC6 3.1.0
2026-03-23 00:22:10,922 [INFO] ThirdParty:1030 - CMSIS Pack Vendor :STMicroelectronics X-CUBE-MEMS1 11.0.0
2026-03-23 00:22:10,922 [INFO] ThirdParty:1030 - CMSIS Pack Vendor :STMicroelectronics FreeRTOS 0.0.1
2026-03-23 00:22:10,922 [INFO] ThirdParty:1030 - CMSIS Pack Vendor :STMicroelectronics X-CUBE-DPower 1.2.0
2026-03-23 00:22:10,922 [INFO] ThirdParty:1030 - CMSIS Pack Vendor :STMicroelectronics FP-SNS-FLIGHT1 5.0.2
2026-03-23 00:22:10,922 [INFO] ThirdParty:1030 - CMSIS Pack Vendor :STMicroelectronics X-CUBE-AI 9.0.0
2026-03-23 00:22:10,922 [INFO] ThirdParty:1030 - CMSIS Pack Vendor :STMicroelectronics PDM2PCM 3.3.0
2026-03-23 00:22:10,922 [INFO] ThirdParty:1030 - CMSIS Pack Vendor :STMicroelectronics X-CUBE-AZRTOS-H7 3.4.0
2026-03-23 00:22:10,922 [INFO] ThirdParty:1030 - CMSIS Pack Vendor :STMicroelectronics X-CUBE-DISPLAY 3.0.0
2026-03-23 00:22:10,922 [INFO] ThirdParty:1030 - CMSIS Pack Vendor :STMicroelectronics X-CUBE-BLE1 7.0.0
2026-03-23 00:22:10,922 [INFO] ThirdParty:1030 - CMSIS Pack Vendor :STMicroelectronics X-CUBE-NFC10 1.0.0
2026-03-23 00:22:10,922 [INFO] ThirdParty:1030 - CMSIS Pack Vendor :STMicroelectronics X-CUBE-BLEMGR 4.0.0
2026-03-23 00:22:10,922 [INFO] ThirdParty:1030 - CMSIS Pack Vendor :STMicroelectronics X-CUBE-FREERTOS 1.3.1
2026-03-23 00:22:10,922 [INFO] ThirdParty:1030 - CMSIS Pack Vendor :STMicroelectronics HAL Drivers 0.0.0
2026-03-23 00:22:10,922 [INFO] ThirdParty:1030 - CMSIS Pack Vendor :emotas I-CUBE-CANOPEN 1.3.0
2026-03-23 00:22:10,922 [INFO] ThirdParty:1030 - CMSIS Pack Vendor :STMicroelectronics X-CUBE-FREERTOS 1.3.0
2026-03-23 00:22:10,922 [INFO] ThirdParty:1030 - CMSIS Pack Vendor :STMicroelectronics X-CUBE-NFC7 1.0.1
2026-03-23 00:22:10,922 [INFO] ThirdParty:1030 - CMSIS Pack Vendor :STMicroelectronics MBEDTLS 2.14.1
2026-03-23 00:22:10,922 [INFO] ThirdParty:1030 - CMSIS Pack Vendor :STMicroelectronics X-CUBE-GNSS1 7.1.0
2026-03-23 00:22:10,922 [INFO] ThirdParty:1030 - CMSIS Pack Vendor :STMicroelectronics X-CUBE-TOUCHGFX 4.26.0
2026-03-23 00:22:10,922 [INFO] ThirdParty:1030 - CMSIS Pack Vendor :STMicroelectronics X-CUBE-TOUCHGFX 4.26.1
2026-03-23 00:22:10,923 [INFO] ThirdParty:1030 - CMSIS Pack Vendor :STMicroelectronics X-CUBE-BLEMGR 3.1.0
2026-03-23 00:22:10,923 [INFO] ThirdParty:1030 - CMSIS Pack Vendor :STMicroelectronics X-CUBE-AI 10.0.0
2026-03-23 00:22:10,923 [INFO] ThirdParty:1030 - CMSIS Pack Vendor :STMicroelectronics FP-SNS-SMARTAG2 1.2.0
2026-03-23 00:22:10,923 [INFO] ThirdParty:1030 - CMSIS Pack Vendor :STMicroelectronics X-CUBE-MEMS1 11.1.0
2026-03-23 00:22:10,923 [INFO] ThirdParty:1030 - CMSIS Pack Vendor :STMicroelectronics X-CUBE-AZRTOS-WL 2.0.0
2026-03-23 00:22:10,923 [INFO] ThirdParty:1030 - CMSIS Pack Vendor :STMicroelectronics X-CUBE-DPower 1.3.0
2026-03-23 00:22:10,923 [INFO] ThirdParty:1030 - CMSIS Pack Vendor :STMicroelectronics FP-SNS-MOTENV1 5.0.0
2026-03-23 00:22:10,923 [INFO] ThirdParty:1030 - CMSIS Pack Vendor :STMicroelectronics USB_DEVICE 1.0.0
2026-03-23 00:22:10,923 [INFO] ThirdParty:1030 - CMSIS Pack Vendor :STMicroelectronics X-CUBE-AZRTOS-H7RS 1.2.0
2026-03-23 00:22:10,923 [INFO] ThirdParty:1030 - CMSIS Pack Vendor :wolfSSL I-CUBE-wolfMQTT 1.19.0
2026-03-23 00:22:10,923 [INFO] ThirdParty:1030 - CMSIS Pack Vendor :STMicroelectronics X-CUBE-AZRTOS-L4 2.0.0
2026-03-23 00:22:10,923 [INFO] ThirdParty:1030 - CMSIS Pack Vendor :STMicroelectronics ThreadX 0.0.2
2026-03-23 00:22:10,923 [INFO] ThirdParty:1030 - CMSIS Pack Vendor :WES I-CUBE-Cesium 1.3.0
2026-03-23 00:22:10,923 [INFO] ThirdParty:1030 - CMSIS Pack Vendor :STMicroelectronics lwIP 2.1.2
2026-03-23 00:22:10,923 [INFO] ThirdParty:1030 - CMSIS Pack Vendor :STMicroelectronics X-CUBE-SFXS2LP1 4.0.0
2026-03-23 00:22:10,923 [INFO] ThirdParty:1030 - CMSIS Pack Vendor :STMicroelectronics X-CUBE-BLE2 3.3.0
2026-03-23 00:22:10,923 [INFO] ThirdParty:1030 - CMSIS Pack Vendor :STMicroelectronics PDM2PCM 3.2.0
2026-03-23 00:22:10,923 [INFO] ThirdParty:1030 - CMSIS Pack Vendor :STMicroelectronics X-CUBE-AZRTOS-H7 3.3.0
2026-03-23 00:22:10,923 [INFO] ThirdParty:1030 - CMSIS Pack Vendor :STMicroelectronics X-CUBE-NFC9 1.0.0
2026-03-23 00:22:10,923 [INFO] ThirdParty:1030 - CMSIS Pack Vendor :STMicroelectronics X-CUBE-BLE1 7.1.0
2026-03-23 00:22:10,923 [INFO] ThirdParty:1030 - CMSIS Pack Vendor :STMicroelectronics USB_DEVICE 3.0.0
2026-03-23 00:22:10,923 [INFO] ThirdParty:1030 - CMSIS Pack Vendor :STMicroelectronics X-CUBE-TCPP 4.1.0
2026-03-23 00:22:10,923 [INFO] ThirdParty:1030 - CMSIS Pack Vendor :STMicroelectronics X-CUBE-EEPRMA1 5.2.0
2026-03-23 00:22:10,923 [INFO] ThirdParty:1030 - CMSIS Pack Vendor :STMicroelectronics X-CUBE-IPS 3.0.0
2026-03-23 00:22:10,923 [INFO] ThirdParty:1030 - CMSIS Pack Vendor :STMicroelectronics X-CUBE-AZRTOS-WB 2.0.0
2026-03-23 00:22:10,923 [INFO] ThirdParty:1030 - CMSIS Pack Vendor :STMicroelectronics X-CUBE-GNSS1 7.0.0
2026-03-23 00:22:10,923 [INFO] ThirdParty:1030 - CMSIS Pack Vendor :STMicroelectronics X-CUBE-GNSS1 7.0.1
2026-03-23 00:22:10,923 [INFO] ThirdParty:1030 - CMSIS Pack Vendor :STMicroelectronics X-CUBE-TOUCHGFX 4.25.0
2026-03-23 00:22:10,923 [INFO] ThirdParty:1030 - CMSIS Pack Vendor :STMicroelectronics FP-SNS-STBOX1 2.0.0
2026-03-23 00:22:10,923 [INFO] ThirdParty:1030 - CMSIS Pack Vendor :STMicroelectronics X-CUBE-MEMS1 12.0.0
2026-03-23 00:22:10,923 [INFO] ThirdParty:1030 - CMSIS Pack Vendor :STMicroelectronics X-CUBE-ALGOBUILD 1.3.0
2026-03-23 00:22:10,923 [INFO] ThirdParty:1030 - CMSIS Pack Vendor :STMicroelectronics X-CUBE-STSE01 2.0.0
2026-03-23 00:22:10,923 [INFO] ThirdParty:1030 - CMSIS Pack Vendor :STMicroelectronics X-CUBE-MEMS1 11.2.0
2026-03-23 00:22:10,923 [INFO] ThirdParty:1030 - CMSIS Pack Vendor :STMicroelectronics X-CUBE-AZRTOS-G0 1.1.0
2026-03-23 00:22:10,923 [INFO] ThirdParty:1030 - CMSIS Pack Vendor :STMicroelectronics X-CUBE-SAFEA1 1.2.2
2026-03-23 00:22:10,923 [INFO] ThirdParty:1030 - CMSIS Pack Vendor :STMicroelectronics X-CUBE-NFC4 3.0.0
2026-03-23 00:22:10,923 [INFO] ThirdParty:1030 - CMSIS Pack Vendor :STMicroelectronics X-CUBE-SUBG2 5.0.0
2026-03-23 00:22:10,923 [INFO] ThirdParty:1030 - CMSIS Pack Vendor :STMicroelectronics X-CUBE-AZRTOS-H7RS 1.1.0
2026-03-23 00:22:10,923 [INFO] ThirdParty:1030 - CMSIS Pack Vendor :STMicroelectronics STM32_WPAN 1.0.0
2026-03-23 00:22:10,923 [INFO] ThirdParty:1030 - CMSIS Pack Vendor :EmbeddedOffice I-CUBE-FS-RTOS 1.0.1
2026-03-23 00:22:10,923 [INFO] ThirdParty:1030 - CMSIS Pack Vendor :STMicroelectronics lwIP 2.0.3
2026-03-23 00:22:10,923 [INFO] ThirdParty:1030 - CMSIS Pack Vendor :Cesanta I-CUBE-Mongoose 7.13.0
2026-03-23 00:22:10,923 [INFO] ThirdParty:1030 - CMSIS Pack Vendor :STMicroelectronics USB_HOST 1.0.0
2026-03-23 00:22:10,923 [INFO] ThirdParty:1030 - CMSIS Pack Vendor :STMicroelectronics X-CUBE-AZRTOS-G4 2.0.0
2026-03-23 00:22:10,923 [INFO] ThirdParty:1030 - CMSIS Pack Vendor :STMicroelectronics X-CUBE-WB05N 2.0.0
2026-03-23 00:22:10,923 [INFO] ThirdParty:1030 - CMSIS Pack Vendor :STMicroelectronics PDM2PCM 3.1.0
2026-03-23 00:22:10,923 [INFO] ThirdParty:1030 - CMSIS Pack Vendor :STMicroelectronics X-CUBE-NFC7 2.0.0
2026-03-23 00:22:10,923 [INFO] ThirdParty:1030 - CMSIS Pack Vendor :RealThread X-CUBE-RT-Thread_Nano 4.1.1
2026-03-23 00:22:10,923 [INFO] ThirdParty:1030 - CMSIS Pack Vendor :wolfSSL I-CUBE-wolfSSL 5.7.0
2026-03-23 00:22:10,923 [INFO] ThirdParty:1030 - CMSIS Pack Vendor :STMicroelectronics FP-ATR-SIGFOX1 3.2.0
2026-03-23 00:22:10,923 [INFO] ThirdParty:1030 - CMSIS Pack Vendor :quantropi X-CUBE-qispace-sdk-base 1.9.3
2026-03-23 00:22:10,923 [INFO] ThirdParty:1030 - CMSIS Pack Vendor :STMicroelectronics X-CUBE-ISPU 2.0.0
2026-03-23 00:22:10,923 [INFO] ThirdParty:1030 - CMSIS Pack Vendor :STMicroelectronics X-CUBE-EEPRMA1 5.1.0
2026-03-23 00:22:10,923 [INFO] ThirdParty:1030 - CMSIS Pack Vendor :STMicroelectronics MBEDTLS 2.16.2
2026-03-23 00:22:10,923 [INFO] ThirdParty:1030 - CMSIS Pack Vendor :STMicroelectronics X-CUBE-ALS 1.0.2
2026-03-23 00:22:10,924 [INFO] ThirdParty:1030 - CMSIS Pack Vendor :STMicroelectronics X-CUBE-MEMS1 10.0.0
2026-03-23 00:22:10,924 [INFO] ThirdParty:1030 - CMSIS Pack Vendor :STMicroelectronics X-CUBE-FREERTOS 1.1.0
2026-03-23 00:22:10,924 [INFO] ThirdParty:1030 - CMSIS Pack Vendor :ITTIA_DB I-CUBE-ITTIADB 8.9.0
2026-03-23 00:22:10,924 [INFO] ThirdParty:1030 - CMSIS Pack Vendor :STMicroelectronics X-CUBE-TOUCHGFX 4.24.2
2026-03-23 00:22:10,924 [INFO] ThirdParty:1030 - CMSIS Pack Vendor :STMicroelectronics X-CUBE-TOUCHGFX 4.24.1
2026-03-23 00:22:10,924 [INFO] ThirdParty:1030 - CMSIS Pack Vendor :STMicroelectronics X-CUBE-STSE01 1.0.0
2026-03-23 00:22:10,924 [INFO] ThirdParty:1030 - CMSIS Pack Vendor :wolfSSL I-CUBE-wolfTPM 3.4.0
2026-03-23 00:22:10,924 [INFO] ThirdParty:1030 - CMSIS Pack Vendor :portGmbH I-Cube-SoM-uGOAL 1.1.0
2026-03-23 00:22:10,924 [INFO] ThirdParty:1030 - CMSIS Pack Vendor :STMicroelectronics X-CUBE-ALS 1.0.1
2026-03-23 00:22:10,924 [INFO] ThirdParty:1030 - CMSIS Pack Vendor :STMicroelectronics X-CUBE-NFC6 3.2.0
2026-03-23 00:22:10,924 [INFO] ThirdParty:1030 - CMSIS Pack Vendor :STMicroelectronics X-CUBE-AI 10.2.0
2026-03-23 00:22:10,924 [INFO] ThirdParty:1030 - CMSIS Pack Vendor :STMicroelectronics ThreadX 1.0.0
2026-03-23 00:22:10,924 [INFO] ThirdParty:1030 - CMSIS Pack Vendor :SEGGER I-CUBE-embOS 1.3.1
2026-03-23 00:22:10,924 [INFO] ThirdParty:1030 - CMSIS Pack Vendor :STMicroelectronics X-CUBE-ALGOBUILD 1.4.0
2026-03-23 00:22:10,924 [INFO] ThirdParty:1030 - CMSIS Pack Vendor :STMicroelectronics X-CUBE-AZRTOS-H7RS 1.0.0
2026-03-23 00:22:10,924 [INFO] ThirdParty:1030 - CMSIS Pack Vendor :STMicroelectronics FP-ATR-ASTRA1 2.0.0
2026-03-23 00:22:10,924 [INFO] ThirdParty:1030 - CMSIS Pack Vendor :STMicroelectronics X-CUBE-TOF1 3.4.2
2026-03-23 00:22:10,924 [INFO] ThirdParty:1030 - CMSIS Pack Vendor :STMicroelectronics X-CUBE-AI 9.1.0
2026-03-23 00:22:10,924 [INFO] ThirdParty:1030 - CMSIS Pack Vendor :STMicroelectronics X-CUBE-TOF1 3.4.1
2026-03-23 00:22:10,924 [INFO] ThirdParty:1030 - CMSIS Pack Vendor :STMicroelectronics X-CUBE-AZRTOS-H7 3.2.0
2026-03-23 00:22:10,924 [INFO] ThirdParty:1030 - CMSIS Pack Vendor :Infineon AIROC-Wi-Fi-Bluetooth-STM32 1.6.0
2026-03-23 00:22:10,924 [INFO] ThirdParty:1030 - CMSIS Pack Vendor :wolfSSL I-CUBE-wolfSSH 1.4.17
2026-03-23 00:22:10,924 [INFO] ThirdParty:841 - exiting critical section [change project]
2026-03-23 00:22:11,088 [INFO] PinOutPanel:1561 - setPackage(No Configuration,No Configuration)
2026-03-23 00:22:11,088 [INFO] PinOutPanel:1561 - setPackage(STM32F411CEUx,UFQFPN48)
2026-03-23 00:22:11,287 [INFO] UtilMem:75 - Before build in PCC Used Memory: 821863432 Bytes (1073741824)
2026-03-23 00:22:11,474 [INFO] UtilMem:75 - After build in PCC Used Memory: 864332808 Bytes (1073741824)
2026-03-23 00:22:11,477 [INFO] ApiDbMcu:508 - Load IP Config File for FREERTOS
2026-03-23 00:22:11,491 [INFO] IPUIPlugin:80 - create IPUIPlugin
2026-03-23 00:22:11,491 [INFO] IPUIPlugin:80 - create IPUIPlugin
2026-03-23 00:22:11,491 [INFO] IPUIPlugin:80 - create IPUIPlugin
2026-03-23 00:22:11,491 [INFO] IPUIPlugin:80 - create IPUIPlugin
2026-03-23 00:22:11,491 [INFO] IPUIPlugin:80 - create IPUIPlugin
2026-03-23 00:22:11,491 [INFO] IPUIPlugin:80 - create IPUIPlugin
2026-03-23 00:22:11,492 [INFO] IPUIPlugin:80 - create IPUIPlugin
2026-03-23 00:22:11,492 [INFO] IPUIPlugin:80 - create IPUIPlugin
2026-03-23 00:22:11,492 [INFO] IPUIPlugin:80 - create IPUIPlugin
2026-03-23 00:22:11,492 [INFO] IPUIPlugin:80 - create IPUIPlugin
2026-03-23 00:22:11,492 [INFO] IPUIPlugin:80 - create IPUIPlugin
2026-03-23 00:22:11,492 [INFO] IPUIPlugin:80 - create IPUIPlugin
2026-03-23 00:22:11,492 [INFO] IPUIPlugin:80 - create IPUIPlugin
2026-03-23 00:22:11,492 [INFO] IPUIPlugin:80 - create IPUIPlugin
2026-03-23 00:22:11,492 [INFO] IPUIPlugin:80 - create IPUIPlugin
2026-03-23 00:22:11,492 [INFO] IPUIPlugin:80 - create IPUIPlugin
2026-03-23 00:22:11,492 [INFO] IPUIPlugin:80 - create IPUIPlugin
2026-03-23 00:22:11,492 [INFO] IPUIPlugin:80 - create IPUIPlugin
2026-03-23 00:22:11,492 [INFO] IPUIPlugin:80 - create IPUIPlugin
2026-03-23 00:22:11,492 [INFO] IPUIPlugin:80 - create IPUIPlugin
2026-03-23 00:22:11,493 [INFO] IPUIPlugin:80 - create IPUIPlugin
2026-03-23 00:22:11,493 [INFO] IPUIPlugin:80 - create IPUIPlugin
2026-03-23 00:22:11,493 [INFO] IPUIPlugin:80 - create IPUIPlugin
2026-03-23 00:22:11,493 [INFO] IPUIPlugin:80 - create IPUIPlugin
2026-03-23 00:22:11,493 [INFO] IPUIPlugin:80 - create IPUIPlugin
2026-03-23 00:22:11,493 [INFO] IPUIPlugin:80 - create IPUIPlugin
2026-03-23 00:22:11,493 [INFO] IPUIPlugin:80 - create IPUIPlugin
2026-03-23 00:22:11,493 [INFO] IPUIPlugin:80 - create IPUIPlugin
2026-03-23 00:22:11,494 [INFO] IPUIPlugin:80 - create IPUIPlugin
2026-03-23 00:22:11,494 [INFO] IPUIPlugin:80 - create IPUIPlugin
2026-03-23 00:22:11,494 [INFO] IPUIPlugin:80 - create IPUIPlugin
2026-03-23 00:22:11,494 [INFO] IPUIPlugin:80 - create IPUIPlugin
2026-03-23 00:22:11,494 [INFO] IPUIPlugin:80 - create IPUIPlugin
2026-03-23 00:22:11,494 [INFO] IPUIPlugin:80 - create IPUIPlugin
2026-03-23 00:22:11,494 [INFO] IPUIPlugin:80 - create IPUIPlugin
2026-03-23 00:22:11,494 [INFO] IPUIPlugin:80 - create IPUIPlugin
2026-03-23 00:22:11,495 [INFO] IPUIPlugin:80 - create IPUIPlugin
2026-03-23 00:22:11,495 [INFO] IPUIPlugin:80 - create IPUIPlugin
2026-03-23 00:22:11,495 [INFO] IPUIPlugin:80 - create IPUIPlugin
2026-03-23 00:22:11,495 [INFO] IPUIPlugin:80 - create IPUIPlugin
2026-03-23 00:22:11,496 [INFO] IPUIPlugin:80 - create IPUIPlugin
2026-03-23 00:22:11,496 [INFO] IPUIPlugin:80 - create IPUIPlugin
2026-03-23 00:22:11,496 [INFO] IPUIPlugin:80 - create IPUIPlugin
2026-03-23 00:22:11,502 [INFO] ApiDbMcu:508 - Load IP Config File for PDM2PCM
2026-03-23 00:22:11,504 [WARN] IP:2120 - I2C_Coeff_DF not found: check if there is a RefParameter without a condition.
2026-03-23 00:22:11,504 [WARN] IP:2120 - Analog_Filter not found: check if there is a RefParameter without a condition.
2026-03-23 00:22:11,510 [WARN] FreeRTOS:1023 - Null or empty value: should not occur! (nothing added to the table)
2026-03-23 00:22:11,569 [INFO] CADModel:165 - CPN selected for project levelSTM32F411CEU6
2026-03-23 00:22:11,569 [INFO] CADModel:114 - Register for checkConnection events
2026-03-23 00:22:11,571 [INFO] RtosManager:697 - Active RTOS found at IOC load: FREERTOS [Cortex-M4NS]
2026-03-23 00:22:11,623 [INFO] OpenFileManager:343 - Restore cursor
2026-03-23 00:22:11,818 [WARN] IP:2120 - I2C_Coeff_DF not found: check if there is a RefParameter without a condition.
2026-03-23 00:22:11,819 [WARN] IP:2120 - Analog_Filter not found: check if there is a RefParameter without a condition.
2026-03-23 00:22:11,819 [WARN] IP:2120 - I2C_Coeff_DF not found: check if there is a RefParameter without a condition.
2026-03-23 00:22:11,819 [WARN] IP:2120 - Analog_Filter not found: check if there is a RefParameter without a condition.
2026-03-23 00:24:47,464 [ERROR] LogOutputStream:75 - [STDERR_REDIRECT] 
